{"type":"FeatureCollection","features":[{"type":"Feature","geometry":{"type":"Polygon","coordinates":[[[95.91,5.402],[95.9045,5.406],[95.9035,5.4065],[95.9035,5.406],[95.903,5.406],[95.903,5.4055],[95.902,5.4045],[95.9025,5.404],[95.9065,5.4015],[95.9075,5.4],[95.9085,5.399],[95.909,5.398],[95.91,5.402]]]},"properties":{"code":"11.07.03.2001","name":"Dayah Tuha"}},{"type":"Feature","geometry":{"type":"Polygon","coordinates":[[[95.9125,5.4035],[95.9125,5.404],[95.913,5.4045],[95.913,5.4055],[95.9035,5.408],[95.903,5.407],[95.9035,5.407],[95.903,5.406],[95.9035,5.406],[95.9035,5.4065],[95.9045,5.406],[95.91,5.402],[95.9115,5.4035],[95.9125,5.4035]]]},"properties":{"code":"11.07.03.2002","name":"Dayah Baroh"}},{"type":"Feature","geometry":{"type":"Polygon","coordinates":[[[95.9115,5.4155],[95.9105,5.416],[95.909,5.416],[95.9085,5.416],[95.9065,5.4145],[95.905,5.4155],[95.9045,5.4155],[95.904,5.416],[95.903,5.4145],[95.905,5.4135],[95.9035,5.4075],[95.9035,5.408],[95.913,5.4055],[95.913,5.4045],[95.9125,5.404],[95.9125,5.4035],[95.914,5.405],[95.9145,5.406],[95.915,5.4075],[95.9155,5.41],[95.9105,5.4105],[95.9105,5.413],[95.911,5.414],[95.9115,5.4155]]]},"properties":{"code":"11.07.03.2003","name":"Bintang Hu"}},{"type":"Feature","geometry":{"type":"Polygon","coordinates":[[[95.9225,5.396],[95.9225,5.397],[95.914,5.405],[95.913,5.404],[95.9115,5.4035],[95.91,5.402],[95.909,5.398],[95.9135,5.3955],[95.9145,5.3955],[95.916,5.3945],[95.9175,5.394],[95.92,5.3945],[95.9215,5.3955],[95.9225,5.396]]]},"properties":{"code":"11.07.03.2004","name":"Pulo Tukok"}},{"type":"Feature","geometry":{"type":"Polygon","coordinates":[[[95.914,5.4285],[95.9065,5.4305],[95.9005,5.427],[95.903,5.4165],[95.9045,5.4155],[95.905,5.4155],[95.9065,5.4145],[95.9085,5.416],[95.909,5.416],[95.9105,5.416],[95.912,5.4155],[95.9125,5.4145],[95.9185,5.4195],[95.917,5.4215],[95.914,5.4285]]]},"properties":{"code":"11.07.03.2005","name":"Pulo Bungong"}},{"type":"Feature","geometry":{"type":"Polygon","coordinates":[[[95.9155,5.428],[95.914,5.4285],[95.917,5.4215],[95.918,5.4205],[95.9205,5.422],[95.9155,5.428]]]},"properties":{"code":"11.07.03.2006","name":"Geunteng Barat"}},{"type":"Feature","geometry":{"type":"Polygon","coordinates":[[[95.9325,5.4105],[95.9205,5.422],[95.918,5.4205],[95.9185,5.4195],[95.9125,5.4145],[95.9275,5.411],[95.9295,5.4125],[95.9325,5.4105]]]},"properties":{"code":"11.07.03.2007","name":"Geunteng Timur"}},{"type":"Feature","geometry":{"type":"Polygon","coordinates":[[[95.9005,5.397],[95.8965,5.394],[95.894,5.394],[95.8955,5.4],[95.895,5.401],[95.8935,5.402],[95.89,5.3995],[95.8855,5.3925],[95.8865,5.389],[95.888,5.388],[95.8895,5.3855],[95.8915,5.3825],[95.895,5.3835],[95.896,5.383],[95.8985,5.384],[95.8985,5.385],[95.899,5.3865],[95.9005,5.388],[95.9025,5.3955],[95.9015,5.3975],[95.9005,5.397]]]},"properties":{"code":"11.07.03.2008","name":"Calong Cut"}},{"type":"Feature","geometry":{"type":"Polygon","coordinates":[[[95.9125,5.4145],[95.9115,5.4155],[95.911,5.414],[95.9105,5.413],[95.9105,5.4105],[95.9155,5.41],[95.915,5.4075],[95.9145,5.406],[95.914,5.405],[95.9225,5.397],[95.923,5.3955],[95.925,5.398],[95.9255,5.399],[95.929,5.4035],[95.9335,5.4055],[95.935,5.4045],[95.9325,5.4105],[95.9295,5.4125],[95.9275,5.411],[95.9125,5.4145]]]},"properties":{"code":"11.07.03.2009","name":"Glumpang Lhee"}},{"type":"Feature","geometry":{"type":"Polygon","coordinates":[[[95.9005,5.427],[95.8995,5.4285],[95.898,5.4275],[95.898,5.426],[95.8965,5.423],[95.8955,5.415],[95.8955,5.414],[95.896,5.413],[95.903,5.414],[95.903,5.4145],[95.904,5.416],[95.903,5.4165],[95.9005,5.427]]]},"properties":{"code":"11.07.03.2010","name":"Aron"}},{"type":"Feature","geometry":{"type":"Polygon","coordinates":[[[95.8955,5.415],[95.893,5.415],[95.892,5.4155],[95.888,5.412],[95.8865,5.4115],[95.8825,5.414],[95.882,5.413],[95.882,5.4105],[95.8805,5.409],[95.875,5.4035],[95.873,5.4035],[95.8745,5.4015],[95.885,5.3965],[95.8945,5.409],[95.894,5.411],[95.8935,5.4125],[95.894,5.413],[95.8945,5.413],[95.897,5.412],[95.8955,5.414],[95.8955,5.415]]]},"properties":{"code":"11.07.03.2011","name":"Tuha"}},{"type":"Feature","geometry":{"type":"Polygon","coordinates":[[[95.902,5.4045],[95.8965,5.408],[95.893,5.404],[95.894,5.403],[95.894,5.4025],[95.8935,5.402],[95.895,5.401],[95.8955,5.4],[95.894,5.394],[95.8965,5.394],[95.9005,5.397],[95.9025,5.404],[95.902,5.4045]]]},"properties":{"code":"11.07.03.2012","name":"Dayah"}},{"type":"Feature","geometry":{"type":"Polygon","coordinates":[[[95.9035,5.4075],[95.905,5.4135],[95.903,5.414],[95.8975,5.41],[95.8965,5.408],[95.902,5.4045],[95.903,5.4055],[95.9035,5.407],[95.903,5.407],[95.9035,5.4075]]]},"properties":{"code":"11.07.03.2013","name":"Mesjid"}},{"type":"Feature","geometry":{"type":"Polygon","coordinates":[[[95.903,5.414],[95.896,5.413],[95.897,5.412],[95.8945,5.413],[95.8935,5.4125],[95.896,5.411],[95.8975,5.41],[95.903,5.414]]]},"properties":{"code":"11.07.03.2014","name":"Meucat"}},{"type":"Feature","geometry":{"type":"Polygon","coordinates":[[[95.8975,5.41],[95.896,5.411],[95.8935,5.4125],[95.894,5.411],[95.8945,5.409],[95.885,5.3965],[95.8855,5.3945],[95.8855,5.3925],[95.89,5.3995],[95.894,5.4025],[95.894,5.403],[95.893,5.404],[95.8965,5.408],[95.8975,5.41]]]},"properties":{"code":"11.07.03.2015","name":"Teupin Raya"}},{"type":"Feature","geometry":{"type":"Polygon","coordinates":[[[95.896,5.436],[95.8945,5.4445],[95.891,5.443],[95.8905,5.4435],[95.888,5.4415],[95.883,5.436],[95.8935,5.4335],[95.8955,5.435],[95.896,5.436]]]},"properties":{"code":"11.07.03.2016","name":"Rungkom"}},{"type":"Feature","geometry":{"type":"Polygon","coordinates":[[[95.882,5.432],[95.8715,5.4285],[95.8695,5.428],[95.8675,5.422],[95.864,5.421],[95.8625,5.4215],[95.8615,5.421],[95.8605,5.421],[95.859,5.42],[95.86,5.4195],[95.862,5.418],[95.8655,5.4135],[95.868,5.416],[95.87,5.4165],[95.8815,5.4185],[95.8815,5.4195],[95.882,5.4205],[95.8835,5.42],[95.885,5.421],[95.8855,5.422],[95.887,5.424],[95.8875,5.4245],[95.8865,5.426],[95.883,5.4305],[95.882,5.432]]]},"properties":{"code":"11.07.03.2017","name":"Mee"}},{"type":"Feature","geometry":{"type":"Polygon","coordinates":[[[95.883,5.436],[95.871,5.4345],[95.87,5.435],[95.87,5.434],[95.863,5.43],[95.8585,5.4205],[95.859,5.42],[95.8605,5.421],[95.8615,5.421],[95.8625,5.4215],[95.864,5.421],[95.8675,5.422],[95.8695,5.428],[95.8715,5.4285],[95.882,5.432],[95.882,5.433],[95.883,5.436]]]},"properties":{"code":"11.07.03.2018","name":"Pulo Pande"}},{"type":"Feature","geometry":{"type":"Polygon","coordinates":[[[95.898,5.427],[95.8975,5.427],[95.897,5.4275],[95.8955,5.4255],[95.895,5.425],[95.8945,5.425],[95.894,5.426],[95.892,5.4255],[95.8895,5.4235],[95.8855,5.4145],[95.882,5.4145],[95.8825,5.414],[95.8865,5.4115],[95.888,5.412],[95.892,5.4155],[95.891,5.416],[95.8965,5.423],[95.898,5.426],[95.898,5.427]]]},"properties":{"code":"11.07.03.2019","name":"Seulatan"}},{"type":"Feature","geometry":{"type":"Polygon","coordinates":[[[95.8895,5.4235],[95.889,5.424],[95.8895,5.4255],[95.8875,5.425],[95.8875,5.4245],[95.887,5.424],[95.8855,5.422],[95.885,5.421],[95.8835,5.42],[95.882,5.4205],[95.8815,5.4195],[95.8815,5.4185],[95.87,5.4165],[95.868,5.416],[95.8655,5.4135],[95.864,5.4115],[95.861,5.409],[95.86,5.407],[95.8585,5.4045],[95.857,5.4035],[95.8705,5.404],[95.872,5.4035],[95.875,5.4035],[95.8805,5.409],[95.882,5.4105],[95.882,5.413],[95.882,5.4145],[95.8855,5.4145],[95.8895,5.4235]]]},"properties":{"code":"11.07.03.2020","name":"Alue Lada"}},{"type":"Feature","geometry":{"type":"Polygon","coordinates":[[[95.8955,5.415],[95.8965,5.423],[95.891,5.416],[95.893,5.415],[95.8955,5.415]]]},"properties":{"code":"11.07.03.2021","name":"Teupin Jeue"}},{"type":"Feature","geometry":{"type":"Polygon","coordinates":[[[95.9065,5.4305],[95.908,5.4315],[95.8985,5.436],[95.8955,5.435],[95.8935,5.4335],[95.896,5.4285],[95.897,5.4275],[95.8975,5.427],[95.898,5.427],[95.898,5.4275],[95.8995,5.4285],[95.9005,5.427],[95.9065,5.4305]]]},"properties":{"code":"11.07.03.2022","name":"Neuheun"}},{"type":"Feature","geometry":{"type":"Polygon","coordinates":[[[95.8935,5.4335],[95.883,5.436],[95.882,5.433],[95.883,5.4305],[95.8865,5.426],[95.8875,5.425],[95.8895,5.4255],[95.889,5.424],[95.892,5.4255],[95.894,5.426],[95.8945,5.425],[95.895,5.425],[95.896,5.426],[95.897,5.4275],[95.896,5.4285],[95.8935,5.4335]]]},"properties":{"code":"11.07.03.2023","name":"Crueng"}},{"type":"Feature","geometry":{"type":"Polygon","coordinates":[[[95.887,5.4495],[95.886,5.4495],[95.8725,5.4475],[95.8555,5.4565],[95.855,5.4565],[95.8545,5.4555],[95.85,5.4505],[95.85,5.448],[95.851,5.448],[95.8515,5.4475],[95.856,5.4465],[95.876,5.441],[95.881,5.4425],[95.885,5.446],[95.8855,5.446],[95.887,5.4465],[95.888,5.447],[95.887,5.4485],[95.887,5.4495]]]},"properties":{"code":"11.07.03.2024","name":"Kareung"}},{"type":"Feature","geometry":{"type":"Polygon","coordinates":[[[95.891,5.4625],[95.875,5.4675],[95.863,5.4655],[95.862,5.465],[95.8595,5.465],[95.8565,5.4625],[95.8555,5.4605],[95.8555,5.458],[95.855,5.4565],[95.8555,5.4565],[95.8725,5.4475],[95.886,5.4495],[95.8895,5.4515],[95.895,5.455],[95.891,5.4625]]]},"properties":{"code":"11.07.03.2025","name":"Kulee"}},{"type":"Feature","geometry":{"type":"Polygon","coordinates":[[[95.8995,5.4475],[95.895,5.455],[95.8895,5.4515],[95.887,5.4495],[95.887,5.4485],[95.888,5.447],[95.891,5.443],[95.8965,5.446],[95.8995,5.4475]]]},"properties":{"code":"11.07.03.2026","name":"Kulam"}},{"type":"Feature","geometry":{"type":"Polygon","coordinates":[[[95.8905,5.4435],[95.888,5.447],[95.887,5.4465],[95.8855,5.446],[95.885,5.446],[95.881,5.4425],[95.876,5.441],[95.856,5.4465],[95.854,5.4465],[95.854,5.446],[95.8525,5.4425],[95.8515,5.436],[95.8515,5.4345],[95.863,5.43],[95.87,5.434],[95.87,5.435],[95.871,5.4345],[95.883,5.436],[95.888,5.4415],[95.8905,5.4435]]]},"properties":{"code":"11.07.03.2027","name":"Awe"}},{"type":"Feature","geometry":{"type":"Polygon","coordinates":[[[95.9155,5.428],[95.8995,5.4475],[95.8965,5.446],[95.8945,5.4445],[95.896,5.436],[95.8985,5.436],[95.908,5.4315],[95.914,5.4285],[95.9155,5.428]]]},"properties":{"code":"11.07.03.2028","name":"Pasi Beurandeh"}},{"type":"Feature","geometry":{"type":"Polygon","coordinates":[[[95.8995,5.3355],[95.879,5.334],[95.8775,5.3325],[95.8785,5.3305],[95.881,5.329],[95.8825,5.3285],[95.8845,5.329],[95.89,5.3325],[95.9065,5.33],[95.903,5.3335],[95.9005,5.334],[95.8995,5.3355]]]},"properties":{"code":"11.07.04.2001","name":"Tunong"}},{"type":"Feature","geometry":{"type":"Polygon","coordinates":[[[95.909,5.3375],[95.9085,5.3375],[95.9065,5.3375],[95.8995,5.3375],[95.8995,5.3365],[95.9005,5.334],[95.903,5.3335],[95.909,5.3365],[95.909,5.3375]]]},"properties":{"code":"11.07.04.2002","name":"Raya"}},{"type":"Feature","geometry":{"type":"Polygon","coordinates":[[[95.9035,5.342],[95.9005,5.3425],[95.9005,5.342],[95.8995,5.342],[95.898,5.3425],[95.9,5.338],[95.9065,5.3375],[95.9085,5.3375],[95.909,5.3375],[95.909,5.338],[95.9095,5.3395],[95.9095,5.341],[95.9035,5.342]]]},"properties":{"code":"11.07.04.2003","name":"Daboh"}},{"type":"Feature","geometry":{"type":"Polygon","coordinates":[[[95.898,5.3425],[95.8965,5.3425],[95.896,5.3415],[95.8955,5.3415],[95.892,5.342],[95.889,5.3425],[95.8885,5.3415],[95.889,5.3405],[95.885,5.341],[95.8785,5.3385],[95.8785,5.335],[95.8775,5.334],[95.879,5.334],[95.8995,5.3355],[95.8995,5.3365],[95.8995,5.3375],[95.9,5.338],[95.898,5.3425]]]},"properties":{"code":"11.07.04.2004","name":"Cut"}},{"type":"Feature","geometry":{"type":"Polygon","coordinates":[[[95.903,5.345],[95.899,5.3455],[95.896,5.346],[95.8955,5.345],[95.898,5.3435],[95.898,5.3425],[95.8995,5.342],[95.9005,5.342],[95.9005,5.3425],[95.9035,5.342],[95.903,5.345]]]},"properties":{"code":"11.07.04.2005","name":"Mesjid Reubee"}},{"type":"Feature","geometry":{"type":"Polygon","coordinates":[[[95.8955,5.345],[95.895,5.345],[95.894,5.343],[95.8935,5.3415],[95.8955,5.3415],[95.896,5.342],[95.8965,5.3425],[95.898,5.3425],[95.898,5.3435],[95.8955,5.345]]]},"properties":{"code":"11.07.04.2006","name":"Tanjong"}},{"type":"Feature","geometry":{"type":"Polygon","coordinates":[[[95.903,5.3475],[95.8965,5.348],[95.896,5.3465],[95.899,5.3455],[95.903,5.345],[95.903,5.346],[95.903,5.3475]]]},"properties":{"code":"11.07.04.2007","name":"Geudong"}},{"type":"Feature","geometry":{"type":"Polygon","coordinates":[[[95.905,5.35],[95.9005,5.351],[95.8975,5.352],[95.8975,5.351],[95.8965,5.351],[95.8965,5.349],[95.8965,5.348],[95.903,5.3475],[95.905,5.35]]]},"properties":{"code":"11.07.04.2008","name":"Reuntoh"}},{"type":"Feature","geometry":{"type":"Polygon","coordinates":[[[95.8945,5.3555],[95.892,5.3575],[95.8915,5.3565],[95.8945,5.352],[95.8945,5.3515],[95.8965,5.351],[95.8975,5.351],[95.897,5.353],[95.896,5.354],[95.8945,5.3545],[95.895,5.3555],[95.8945,5.3555]]]},"properties":{"code":"11.07.04.2009","name":"Reuba"}},{"type":"Feature","geometry":{"type":"Polygon","coordinates":[[[95.8965,5.351],[95.8945,5.3515],[95.8945,5.351],[95.894,5.35],[95.8925,5.3505],[95.8925,5.3495],[95.892,5.349],[95.896,5.347],[95.8965,5.349],[95.8965,5.351]]]},"properties":{"code":"11.07.04.2010","name":"Krueng Reubee"}},{"type":"Feature","geometry":{"type":"Polygon","coordinates":[[[95.892,5.349],[95.889,5.3465],[95.889,5.3425],[95.8935,5.3415],[95.894,5.343],[95.895,5.345],[95.8955,5.345],[95.896,5.346],[95.896,5.3465],[95.896,5.347],[95.892,5.349]]]},"properties":{"code":"11.07.04.2011","name":"Neulop"}},{"type":"Feature","geometry":{"type":"Polygon","coordinates":[[[95.9005,5.359],[95.9,5.3585],[95.899,5.3575],[95.8955,5.3555],[95.895,5.3555],[95.8945,5.3545],[95.896,5.354],[95.8985,5.3555],[95.9,5.357],[95.9005,5.359]]]},"properties":{"code":"11.07.04.2012","name":"Glee"}},{"type":"Feature","geometry":{"type":"Polygon","coordinates":[[[95.8925,5.364],[95.884,5.3645],[95.883,5.3605],[95.8825,5.3555],[95.887,5.3525],[95.8915,5.3505],[95.894,5.35],[95.8945,5.351],[95.8945,5.352],[95.8915,5.3565],[95.8925,5.359],[95.892,5.3605],[95.8925,5.364]]]},"properties":{"code":"11.07.04.2013","name":"Kumbang"}},{"type":"Feature","geometry":{"type":"Polygon","coordinates":[[[95.8905,5.3485],[95.888,5.3495],[95.8875,5.348],[95.877,5.347],[95.878,5.344],[95.878,5.34],[95.8785,5.3385],[95.885,5.341],[95.889,5.3405],[95.8885,5.3415],[95.889,5.3465],[95.8905,5.3485]]]},"properties":{"code":"11.07.04.2014","name":"Buloh"}},{"type":"Feature","geometry":{"type":"Polygon","coordinates":[[[95.8925,5.3505],[95.8915,5.3505],[95.889,5.352],[95.888,5.3495],[95.8905,5.3485],[95.892,5.349],[95.8925,5.3495],[95.8925,5.3505]]]},"properties":{"code":"11.07.04.2015","name":"Bungo"}},{"type":"Feature","geometry":{"type":"Polygon","coordinates":[[[95.8825,5.3555],[95.878,5.3565],[95.877,5.3545],[95.876,5.352],[95.8745,5.349],[95.877,5.347],[95.8875,5.348],[95.889,5.352],[95.887,5.3525],[95.8825,5.3555]]]},"properties":{"code":"11.07.04.2016","name":"Dayah Reubee"}},{"type":"Feature","geometry":{"type":"Polygon","coordinates":[[[95.906,5.3525],[95.9,5.3545],[95.8985,5.3555],[95.896,5.354],[95.897,5.353],[95.8975,5.352],[95.9005,5.351],[95.905,5.35],[95.906,5.3525]]]},"properties":{"code":"11.07.04.2017","name":"Jambee"}},{"type":"Feature","geometry":{"type":"Polygon","coordinates":[[[95.9215,5.3315],[95.9205,5.3315],[95.9205,5.331],[95.9195,5.33],[95.919,5.3275],[95.913,5.325],[95.912,5.324],[95.912,5.323],[95.9115,5.3225],[95.9115,5.3215],[95.9115,5.321],[95.9115,5.3205],[95.9115,5.319],[95.9115,5.3165],[95.9135,5.317],[95.914,5.318],[95.917,5.319],[95.918,5.32],[95.92,5.3215],[95.92,5.3245],[95.9215,5.3285],[95.9205,5.33],[95.9215,5.3305],[95.9215,5.3315]]]},"properties":{"code":"11.07.04.2018","name":"Dayah Baro"}},{"type":"Feature","geometry":{"type":"Polygon","coordinates":[[[95.917,5.335],[95.9095,5.334],[95.91,5.3285],[95.9125,5.325],[95.913,5.325],[95.919,5.3275],[95.9195,5.33],[95.9205,5.331],[95.9205,5.3315],[95.9175,5.3325],[95.917,5.335]]]},"properties":{"code":"11.07.04.2019","name":"Puuk Aree"}},{"type":"Feature","geometry":{"type":"Polygon","coordinates":[[[95.917,5.3375],[95.9165,5.338],[95.911,5.3395],[95.9105,5.338],[95.9095,5.339],[95.909,5.338],[95.909,5.337],[95.909,5.3365],[95.9095,5.334],[95.917,5.335],[95.917,5.3375]]]},"properties":{"code":"11.07.04.2020","name":"Lhee Meunasah"}},{"type":"Feature","geometry":{"type":"Polygon","coordinates":[[[95.921,5.338],[95.9185,5.3395],[95.9185,5.338],[95.9175,5.3375],[95.917,5.3375],[95.917,5.335],[95.9175,5.3325],[95.9215,5.3315],[95.9225,5.334],[95.9235,5.336],[95.924,5.3375],[95.922,5.3375],[95.921,5.338]]]},"properties":{"code":"11.07.04.2021","name":"Ulee Tutue Raya"}},{"type":"Feature","geometry":{"type":"Polygon","coordinates":[[[95.9245,5.3405],[95.923,5.3415],[95.9225,5.3405],[95.9215,5.341],[95.921,5.34],[95.9225,5.3395],[95.922,5.3385],[95.921,5.338],[95.922,5.3375],[95.924,5.3375],[95.924,5.3395],[95.9245,5.3405]]]},"properties":{"code":"11.07.04.2022","name":"Mesjid Aree"}},{"type":"Feature","geometry":{"type":"Polygon","coordinates":[[[95.925,5.345],[95.9245,5.3455],[95.9235,5.346],[95.9225,5.342],[95.9215,5.341],[95.9225,5.3405],[95.923,5.3415],[95.9245,5.3405],[95.926,5.344],[95.925,5.345]]]},"properties":{"code":"11.07.04.2023","name":"Keutapang Aree"}},{"type":"Feature","geometry":{"type":"Polygon","coordinates":[[[95.925,5.357],[95.9245,5.3575],[95.9195,5.3605],[95.919,5.3595],[95.9185,5.354],[95.9195,5.346],[95.923,5.3445],[95.9235,5.346],[95.9245,5.3455],[95.925,5.349],[95.923,5.3515],[95.923,5.3545],[95.925,5.357]]]},"properties":{"code":"11.07.04.2024","name":"Pantee Aree"}},{"type":"Feature","geometry":{"type":"Polygon","coordinates":[[[95.9195,5.341],[95.9185,5.3415],[95.917,5.3415],[95.9155,5.342],[95.9145,5.3405],[95.9095,5.341],[95.9095,5.339],[95.9105,5.338],[95.911,5.3395],[95.9165,5.338],[95.9175,5.3375],[95.9185,5.338],[95.9185,5.3395],[95.9195,5.341]]]},"properties":{"code":"11.07.04.2025","name":"Pulo Tunong"}},{"type":"Feature","geometry":{"type":"Polygon","coordinates":[[[95.9195,5.346],[95.9155,5.3425],[95.9155,5.342],[95.917,5.3415],[95.9185,5.3415],[95.9195,5.341],[95.9205,5.3455],[95.9195,5.346]]]},"properties":{"code":"11.07.04.2026","name":"Pulo Baroh Aree"}},{"type":"Feature","geometry":{"type":"Polygon","coordinates":[[[95.923,5.3445],[95.9205,5.3455],[95.9195,5.341],[95.9185,5.3395],[95.921,5.338],[95.922,5.3385],[95.9225,5.3395],[95.921,5.34],[95.9225,5.342],[95.923,5.3445]]]},"properties":{"code":"11.07.04.2027","name":"Keurumbok"}},{"type":"Feature","geometry":{"type":"Polygon","coordinates":[[[95.9185,5.354],[95.9165,5.3545],[95.9135,5.3455],[95.9125,5.341],[95.9145,5.3405],[95.9155,5.3425],[95.9195,5.346],[95.9185,5.354]]]},"properties":{"code":"11.07.04.2028","name":"Ceurih Blang Mee"}},{"type":"Feature","geometry":{"type":"Polygon","coordinates":[[[95.912,5.349],[95.905,5.35],[95.903,5.3475],[95.903,5.346],[95.9035,5.342],[95.9125,5.341],[95.9135,5.3455],[95.912,5.349]]]},"properties":{"code":"11.07.04.2029","name":"Ceurih Kupula"}},{"type":"Feature","geometry":{"type":"Polygon","coordinates":[[[95.9105,5.358],[95.9085,5.3585],[95.9075,5.3555],[95.9075,5.3525],[95.906,5.3525],[95.905,5.35],[95.912,5.349],[95.914,5.3545],[95.914,5.3555],[95.9125,5.356],[95.913,5.3575],[95.9105,5.358]]]},"properties":{"code":"11.07.04.2030","name":"Ceurih Alue"}},{"type":"Feature","geometry":{"type":"Polygon","coordinates":[[[95.9165,5.3545],[95.914,5.355],[95.914,5.3545],[95.912,5.349],[95.9135,5.3455],[95.9165,5.3545]]]},"properties":{"code":"11.07.04.2031","name":"Ceurih Cot"}},{"type":"Feature","geometry":{"type":"Polygon","coordinates":[[[95.9065,5.33],[95.89,5.3325],[95.8845,5.329],[95.8835,5.3275],[95.8855,5.326],[95.9065,5.33]]]},"properties":{"code":"11.07.04.2032","name":"Seupeung"}},{"type":"Feature","geometry":{"type":"Polygon","coordinates":[[[95.91,5.3285],[95.9065,5.33],[95.9045,5.3275],[95.906,5.3255],[95.911,5.324],[95.912,5.324],[95.913,5.325],[95.9125,5.325],[95.91,5.3285]]]},"properties":{"code":"11.07.04.2033","name":"Sukon Lhong"}},{"type":"Feature","geometry":{"type":"Polygon","coordinates":[[[95.911,5.324],[95.906,5.3255],[95.8855,5.3245],[95.8835,5.3235],[95.9045,5.3195],[95.9115,5.3215],[95.9115,5.3225],[95.912,5.323],[95.911,5.324]]]},"properties":{"code":"11.07.04.2034","name":"Dayah Beuah"}},{"type":"Feature","geometry":{"type":"Polygon","coordinates":[[[95.9115,5.3215],[95.9045,5.3195],[95.8835,5.3235],[95.882,5.3225],[95.877,5.314],[95.876,5.31],[95.877,5.3075],[95.8875,5.3175],[95.905,5.315],[95.9105,5.3165],[95.9115,5.3165],[95.9115,5.319],[95.9115,5.3205],[95.9115,5.321],[95.9115,5.3215]]]},"properties":{"code":"11.07.04.2035","name":"Krueng Cot"}},{"type":"Feature","geometry":{"type":"Polygon","coordinates":[[[95.906,5.3255],[95.9045,5.3275],[95.9065,5.33],[95.8855,5.326],[95.8845,5.3245],[95.8855,5.3245],[95.906,5.3255]]]},"properties":{"code":"11.07.04.2036","name":"Mesjid Beuah"}},{"type":"Feature","geometry":{"type":"Polygon","coordinates":[[[95.9125,5.365],[95.911,5.3655],[95.9105,5.365],[95.9105,5.358],[95.913,5.3575],[95.9135,5.3585],[95.913,5.361],[95.915,5.362],[95.9125,5.365]]]},"properties":{"code":"11.07.04.2037","name":"Lueng Dama"}},{"type":"Feature","geometry":{"type":"Polygon","coordinates":[[[95.919,5.3595],[95.918,5.3595],[95.915,5.362],[95.913,5.361],[95.9135,5.3585],[95.9125,5.356],[95.914,5.3555],[95.914,5.355],[95.9165,5.3545],[95.9185,5.354],[95.919,5.3595]]]},"properties":{"code":"11.07.04.2038","name":"Mesjid Bambong"}},{"type":"Feature","geometry":{"type":"Polygon","coordinates":[[[95.92,5.361],[95.9155,5.363],[95.915,5.362],[95.918,5.3595],[95.92,5.361]]]},"properties":{"code":"11.07.04.2039","name":"Ruseb"}},{"type":"Feature","geometry":{"type":"Polygon","coordinates":[[[95.9215,5.3635],[95.9185,5.363],[95.916,5.3645],[95.913,5.366],[95.9125,5.365],[95.915,5.362],[95.9155,5.363],[95.92,5.361],[95.9215,5.3635]]]},"properties":{"code":"11.07.04.2040","name":"Sagoe"}},{"type":"Feature","geometry":{"type":"Polygon","coordinates":[[[95.916,5.3675],[95.9145,5.368],[95.9135,5.368],[95.913,5.366],[95.916,5.3645],[95.9185,5.363],[95.9215,5.3635],[95.923,5.3645],[95.921,5.365],[95.9215,5.3655],[95.9185,5.366],[95.916,5.3675]]]},"properties":{"code":"11.07.04.2041","name":"Seukeum"}},{"type":"Feature","geometry":{"type":"Polygon","coordinates":[[[95.9075,5.361],[95.9065,5.361],[95.904,5.3595],[95.902,5.3585],[95.9035,5.3565],[95.9075,5.3555],[95.9085,5.3585],[95.9075,5.361]]]},"properties":{"code":"11.07.04.2042","name":"Pangoe"}},{"type":"Feature","geometry":{"type":"Polygon","coordinates":[[[95.902,5.3585],[95.901,5.359],[95.9,5.357],[95.8985,5.3555],[95.9,5.3545],[95.9075,5.3525],[95.9035,5.3565],[95.902,5.3585]]]},"properties":{"code":"11.07.04.2043","name":"Keutapang Bambong"}},{"type":"Feature","geometry":{"type":"Polygon","coordinates":[[[95.9105,5.358],[95.9105,5.365],[95.909,5.3645],[95.906,5.364],[95.9085,5.3585],[95.9105,5.358]]]},"properties":{"code":"11.07.04.2044","name":"Metareum"}},{"type":"Feature","geometry":{"type":"Polygon","coordinates":[[[96.128,4.844],[96.1185,4.854],[96.1175,4.853],[96.1165,4.852],[96.1165,4.8515],[96.117,4.8495],[96.1215,4.8445],[96.1245,4.843],[96.1145,4.823],[96.1045,4.8185],[96.0985,4.7875],[96.101,4.7735],[96.116,4.762],[96.1165,4.7585],[96.118,4.744],[96.118,4.742],[96.1115,4.727],[96.104,4.7265],[96.103,4.723],[96.108,4.715],[96.1115,4.6895],[96.1045,4.675],[96.1335,4.6755],[96.1375,4.692],[96.145,4.704],[96.1585,4.7105],[96.1595,4.7345],[96.1675,4.75],[96.2435,4.7125],[96.2605,4.7125],[96.262,4.7345],[96.2735,4.7465],[96.2785,4.774],[96.28,4.777],[96.267,4.7835],[96.246,4.78],[96.2265,4.773],[96.218,4.778],[96.178,4.7745],[96.1665,4.792],[96.1525,4.804],[96.146,4.819],[96.1295,4.836],[96.127,4.836],[96.1265,4.8365],[96.128,4.844]]]},"properties":{"code":"11.07.05.2001","name":"Bangkeh"}},{"type":"Feature","geometry":{"type":"Polygon","coordinates":[[[96.3585,4.9435],[96.349,4.9435],[96.3465,4.944],[96.3445,4.9425],[96.3405,4.9385],[96.3365,4.931],[96.3255,4.917],[96.299,4.9115],[96.294,4.9105],[96.2935,4.91],[96.293,4.9075],[96.2905,4.9045],[96.2815,4.8945],[96.2585,4.897],[96.19,4.871],[96.188,4.871],[96.1685,4.881],[96.1665,4.8815],[96.167,4.875],[96.1665,4.8715],[96.1605,4.8625],[96.151,4.8635],[96.1395,4.8555],[96.1365,4.8475],[96.136,4.8435],[96.163,4.8375],[96.2205,4.8135],[96.2495,4.856],[96.269,4.862],[96.3085,4.859],[96.329,4.8775],[96.3375,4.8765],[96.36,4.8545],[96.374,4.8505],[96.4105,4.826],[96.433,4.833],[96.4545,4.8505],[96.457,4.836],[96.471,4.8355],[96.4755,4.8375],[96.4755,4.838],[96.4575,4.863],[96.466,4.8685],[96.469,4.893],[96.4705,4.895],[96.464,4.914],[96.4555,4.9215],[96.4305,4.938],[96.4245,4.9405],[96.399,4.94],[96.3855,4.933],[96.3795,4.9305],[96.3585,4.9435]]]},"properties":{"code":"11.07.05.2002","name":"Pucok"}},{"type":"Feature","geometry":{"type":"Polygon","coordinates":[[[96.1665,4.8815],[96.1655,4.8815],[96.1465,4.8775],[96.1435,4.8745],[96.138,4.8745],[96.136,4.8725],[96.1345,4.8725],[96.133,4.868],[96.123,4.86],[96.1225,4.859],[96.1195,4.855],[96.1185,4.854],[96.128,4.844],[96.1315,4.8445],[96.135,4.846],[96.136,4.8465],[96.1365,4.846],[96.1365,4.8475],[96.1395,4.8555],[96.151,4.8635],[96.1605,4.8625],[96.1665,4.8715],[96.167,4.875],[96.1665,4.8815]]]},"properties":{"code":"11.07.05.2004","name":"Leupu"}},{"type":"Feature","geometry":{"type":"Polygon","coordinates":[[[96.4755,4.838],[96.4755,4.8375],[96.471,4.8355],[96.457,4.836],[96.4545,4.8505],[96.433,4.833],[96.4105,4.826],[96.374,4.8505],[96.36,4.8545],[96.3375,4.8765],[96.329,4.8775],[96.3085,4.859],[96.269,4.862],[96.2495,4.856],[96.2205,4.8135],[96.163,4.8375],[96.136,4.8435],[96.1365,4.846],[96.136,4.8465],[96.135,4.846],[96.1315,4.8445],[96.128,4.844],[96.1265,4.8365],[96.127,4.836],[96.1295,4.836],[96.146,4.819],[96.1525,4.804],[96.1665,4.792],[96.178,4.7745],[96.218,4.778],[96.2265,4.773],[96.246,4.78],[96.267,4.7835],[96.28,4.777],[96.282,4.78],[96.307,4.7635],[96.3275,4.769],[96.399,4.76],[96.4395,4.7645],[96.447,4.765],[96.459,4.7635],[96.4695,4.7615],[96.4715,4.763],[96.472,4.7665],[96.4755,4.775],[96.477,4.8025],[96.474,4.809],[96.473,4.8145],[96.4735,4.82],[96.4745,4.8285],[96.4755,4.838]]]},"properties":{"code":"11.07.05.2005","name":"Pulo Lhoih"}},{"type":"Feature","geometry":{"type":"Polygon","coordinates":[[[96.1115,4.8525],[96.1035,4.8465],[96.1,4.8305],[96.1045,4.8185],[96.1145,4.823],[96.1245,4.843],[96.1215,4.8445],[96.117,4.8495],[96.1165,4.8515],[96.1165,4.852],[96.1155,4.852],[96.1115,4.8525]]]},"properties":{"code":"11.07.05.2006","name":"Keune"}},{"type":"Feature","geometry":{"type":"Polygon","coordinates":[[[96.049,5.248],[96.046,5.2495],[96.043,5.2495],[96.042,5.25],[96.0415,5.249],[96.041,5.248],[96.041,5.246],[96.0485,5.247],[96.049,5.248]]]},"properties":{"code":"11.07.06.2001","name":"Simpang"}},{"type":"Feature","geometry":{"type":"Polygon","coordinates":[[[96.038,5.2415],[96.04,5.246],[96.0335,5.2455],[96.032,5.243],[96.0315,5.2425],[96.0305,5.239],[96.038,5.2395],[96.0385,5.241],[96.038,5.2415]]]},"properties":{"code":"11.07.06.2002","name":"Krueng Jangko"}},{"type":"Feature","geometry":{"type":"Polygon","coordinates":[[[96.038,5.2395],[96.0305,5.239],[96.0275,5.2365],[96.03,5.235],[96.032,5.2345],[96.032,5.2355],[96.036,5.236],[96.038,5.2395]]]},"properties":{"code":"11.07.06.2003","name":"Krueng Nyong"}},{"type":"Feature","geometry":{"type":"Polygon","coordinates":[[[96.039,5.235],[96.036,5.236],[96.032,5.2355],[96.032,5.2345],[96.03,5.235],[96.0295,5.2335],[96.032,5.232],[96.033,5.232],[96.033,5.2285],[96.039,5.222],[96.04,5.209],[96.054,5.202],[96.056,5.202],[96.051,5.209],[96.0505,5.2105],[96.05,5.2105],[96.0495,5.21],[96.049,5.2105],[96.049,5.2115],[96.039,5.235]]]},"properties":{"code":"11.07.06.2004","name":"Cot Baroh"}},{"type":"Feature","geometry":{"type":"Polygon","coordinates":[[[96.054,5.202],[96.04,5.209],[96.039,5.222],[96.033,5.2285],[96.033,5.232],[96.032,5.232],[96.0295,5.2335],[96.0295,5.233],[96.0275,5.206],[96.0265,5.2055],[96.03,5.198],[96.031,5.1975],[96.038,5.195],[96.039,5.1915],[96.0355,5.1885],[96.0345,5.187],[96.033,5.1855],[96.0325,5.185],[96.0475,5.1765],[96.0495,5.1785],[96.052,5.1825],[96.052,5.1835],[96.05,5.193],[96.049,5.1945],[96.048,5.1985],[96.0515,5.2005],[96.054,5.202]]]},"properties":{"code":"11.07.06.2005","name":"Cot Tunong"}},{"type":"Feature","geometry":{"type":"Polygon","coordinates":[[[96.028,5.253],[96.0255,5.253],[96.0225,5.2495],[96.025,5.248],[96.026,5.2465],[96.0285,5.244],[96.0315,5.243],[96.032,5.243],[96.0335,5.2455],[96.028,5.253]]]},"properties":{"code":"11.07.06.2006","name":"Bili"}},{"type":"Feature","geometry":{"type":"Polygon","coordinates":[[[96.0315,5.243],[96.0285,5.244],[96.0275,5.2455],[96.0235,5.244],[96.022,5.24],[96.0275,5.2365],[96.0305,5.239],[96.0315,5.2425],[96.0315,5.243]]]},"properties":{"code":"11.07.06.2007","name":"Panjoe"}},{"type":"Feature","geometry":{"type":"Polygon","coordinates":[[[96.0265,5.2055],[96.0255,5.2075],[96.0225,5.2185],[96.0275,5.2335],[96.019,5.2385],[96.015,5.2175],[96.015,5.2165],[96.0225,5.207],[96.015,5.1955],[96.033,5.1855],[96.0345,5.187],[96.0355,5.1885],[96.039,5.1915],[96.038,5.195],[96.031,5.1975],[96.03,5.198],[96.0265,5.2055]]]},"properties":{"code":"11.07.06.2008","name":"Amud Mesjid"}},{"type":"Feature","geometry":{"type":"Polygon","coordinates":[[[96.0275,5.2365],[96.022,5.24],[96.019,5.2385],[96.0275,5.2335],[96.0225,5.2185],[96.0255,5.2075],[96.0275,5.206],[96.0295,5.233],[96.0295,5.2335],[96.03,5.235],[96.0275,5.2365]]]},"properties":{"code":"11.07.06.2009","name":"Reudeup Meulayu"}},{"type":"Feature","geometry":{"type":"Polygon","coordinates":[[[96.042,5.2495],[96.028,5.253],[96.0335,5.2455],[96.04,5.246],[96.041,5.248],[96.0415,5.249],[96.042,5.2495]]]},"properties":{"code":"11.07.06.2010","name":"Dayah Tanoh"}},{"type":"Feature","geometry":{"type":"Polygon","coordinates":[[[96.042,5.258],[96.033,5.2635],[96.0315,5.2625],[96.03,5.2585],[96.0405,5.2545],[96.0415,5.255],[96.042,5.258]]]},"properties":{"code":"11.07.06.2011","name":"Mamplam"}},{"type":"Feature","geometry":{"type":"Polygon","coordinates":[[[96.0445,5.2605],[96.0415,5.261],[96.038,5.2635],[96.0355,5.2645],[96.035,5.2635],[96.0335,5.2645],[96.033,5.2635],[96.042,5.258],[96.0445,5.2605]]]},"properties":{"code":"11.07.06.2012","name":"Balee"}},{"type":"Feature","geometry":{"type":"Polygon","coordinates":[[[96.0375,5.2695],[96.037,5.2695],[96.0355,5.2645],[96.038,5.2635],[96.0415,5.261],[96.0445,5.2605],[96.0465,5.2615],[96.0375,5.2695]]]},"properties":{"code":"11.07.06.2013","name":"Kupula"}},{"type":"Feature","geometry":{"type":"Polygon","coordinates":[[[96.046,5.27],[96.046,5.2695],[96.043,5.27],[96.0405,5.2705],[96.0395,5.2685],[96.0375,5.2695],[96.0465,5.2615],[96.0495,5.2625],[96.0515,5.264],[96.051,5.2645],[96.0485,5.2645],[96.048,5.265],[96.0465,5.2655],[96.0455,5.267],[96.0455,5.268],[96.046,5.2695],[96.046,5.27]]]},"properties":{"code":"11.07.06.2014","name":"Pulo Lueng Teuga"}},{"type":"Feature","geometry":{"type":"Polygon","coordinates":[[[96.0405,5.2545],[96.03,5.2585],[96.028,5.253],[96.042,5.2495],[96.043,5.251],[96.0435,5.2525],[96.0405,5.2545]]]},"properties":{"code":"11.07.06.2015","name":"Sukon Mesjid"}},{"type":"Feature","geometry":{"type":"Polygon","coordinates":[[[96.0555,5.256],[96.053,5.2605],[96.049,5.258],[96.05,5.254],[96.0505,5.2495],[96.049,5.248],[96.05,5.248],[96.0505,5.2485],[96.0515,5.249],[96.052,5.25],[96.0545,5.2525],[96.0545,5.254],[96.0555,5.256]]]},"properties":{"code":"11.07.06.2016","name":"Sukon Baroh"}},{"type":"Feature","geometry":{"type":"Polygon","coordinates":[[[96.0495,5.256],[96.047,5.255],[96.0435,5.256],[96.0415,5.255],[96.0405,5.2545],[96.0435,5.2525],[96.05,5.2545],[96.0495,5.256]]]},"properties":{"code":"11.07.06.2017","name":"Kruet Teumpeun"}},{"type":"Feature","geometry":{"type":"Polygon","coordinates":[[[96.049,5.258],[96.0445,5.2605],[96.042,5.258],[96.0415,5.255],[96.0435,5.256],[96.047,5.255],[96.0495,5.256],[96.049,5.258]]]},"properties":{"code":"11.07.06.2018","name":"Blang Drang"}},{"type":"Feature","geometry":{"type":"Polygon","coordinates":[[[96.053,5.2605],[96.0515,5.263],[96.0495,5.2625],[96.0465,5.2615],[96.0445,5.2605],[96.049,5.258],[96.053,5.2605]]]},"properties":{"code":"11.07.06.2019","name":"Ude Gampong"}},{"type":"Feature","geometry":{"type":"Polygon","coordinates":[[[96.049,5.248],[96.0505,5.2495],[96.05,5.254],[96.05,5.2545],[96.0435,5.2525],[96.043,5.251],[96.042,5.25],[96.043,5.2495],[96.046,5.2495],[96.049,5.248]]]},"properties":{"code":"11.07.06.2020","name":"Kayee Jatoe"}},{"type":"Feature","geometry":{"type":"MultiPolygon","coordinates":[[[[96.0205,5.2505],[96.015,5.2505],[96.012,5.247],[96.0135,5.246],[96.013,5.244],[96.0155,5.2425],[96.0235,5.244],[96.0275,5.2455],[96.026,5.2465],[96.025,5.248],[96.0205,5.2505]]],[[[96.01,5.25],[96.0105,5.254],[96.0105,5.256],[96.01,5.257],[96.0095,5.2555],[96.0075,5.255],[96.0065,5.2525],[96.008,5.2505],[96.01,5.25]]]]},"properties":{"code":"11.07.06.2021","name":"Kampong Jeumpa"}},{"type":"Feature","geometry":{"type":"Polygon","coordinates":[[[96.012,5.247],[96.01,5.248],[96.006,5.2485],[96.0065,5.2475],[96.0065,5.247],[96.006,5.2465],[96.0065,5.245],[96.0135,5.246],[96.012,5.247]]]},"properties":{"code":"11.07.06.2022","name":"Pulo Lon / Pulo Dayah"}},{"type":"Feature","geometry":{"type":"Polygon","coordinates":[[[96.004,5.2505],[96.0045,5.2515],[96.003,5.257],[96.0035,5.2585],[96.003,5.2585],[95.996,5.2555],[95.9975,5.252],[96.004,5.2505]]]},"properties":{"code":"11.07.06.2023","name":"Jurong Pande"}},{"type":"Feature","geometry":{"type":"Polygon","coordinates":[[[96.0235,5.244],[96.0155,5.2425],[96.014,5.243],[96.015,5.2415],[96.0155,5.24],[96.016,5.239],[96.0175,5.24],[96.019,5.2385],[96.022,5.24],[96.0235,5.244]]]},"properties":{"code":"11.07.06.2024","name":"Pulo Gajah Mate"}},{"type":"Feature","geometry":{"type":"Polygon","coordinates":[[[96.019,5.2385],[96.0185,5.2395],[96.017,5.2365],[96.0175,5.236],[96.016,5.233],[96.015,5.2275],[96.009,5.2205],[96.0115,5.218],[96.0125,5.2175],[96.015,5.2175],[96.019,5.2385]]]},"properties":{"code":"11.07.06.2025","name":"Tufah Jeulatang"}},{"type":"Feature","geometry":{"type":"Polygon","coordinates":[[[96.013,5.2385],[96.0115,5.239],[96.0025,5.235],[96.001,5.2345],[96.001,5.232],[96.001,5.229],[96.005,5.2215],[96.012,5.228],[96.013,5.2385]]]},"properties":{"code":"11.07.06.2026","name":"Kumbang Keupula"}},{"type":"Feature","geometry":{"type":"Polygon","coordinates":[[[96.0185,5.256],[96.0145,5.258],[96.013,5.254],[96.015,5.2505],[96.0205,5.2505],[96.0225,5.2495],[96.0255,5.253],[96.0215,5.2535],[96.0185,5.256]]]},"properties":{"code":"11.07.06.2027","name":"Pulo Batee"}},{"type":"Feature","geometry":{"type":"Polygon","coordinates":[[[96.014,5.243],[96.013,5.244],[96.0135,5.246],[96.0065,5.245],[96.006,5.246],[96,5.2375],[95.9995,5.2375],[95.9985,5.2355],[96.0025,5.235],[96.0115,5.239],[96.014,5.2385],[96.016,5.239],[96.0155,5.24],[96.015,5.2415],[96.014,5.243]]]},"properties":{"code":"11.07.06.2028","name":"Meunjee"}},{"type":"Feature","geometry":{"type":"Polygon","coordinates":[[[96.0185,5.2395],[96.0175,5.24],[96.014,5.2385],[96.013,5.2385],[96.012,5.228],[96.005,5.2215],[96.0065,5.2215],[96.0075,5.2195],[96.009,5.2205],[96.015,5.2275],[96.016,5.233],[96.0175,5.236],[96.017,5.2365],[96.0185,5.2395]]]},"properties":{"code":"11.07.06.2029","name":"Keutapang Mesjid"}},{"type":"Feature","geometry":{"type":"Polygon","coordinates":[[[96.0315,5.2625],[96.02,5.266],[96.0185,5.262],[96.0205,5.262],[96.0205,5.261],[96.03,5.2585],[96.0315,5.2625]]]},"properties":{"code":"11.07.06.2030","name":"Dayah Kp. Pisang"}},{"type":"Feature","geometry":{"type":"Polygon","coordinates":[[[96.03,5.2585],[96.0205,5.261],[96.0205,5.26],[96.0185,5.256],[96.0215,5.2535],[96.028,5.253],[96.03,5.2585]]]},"properties":{"code":"11.07.06.2031","name":"Blang Tunong"}},{"type":"Feature","geometry":{"type":"Polygon","coordinates":[[[96.0185,5.262],[96.0155,5.263],[96.015,5.263],[96.014,5.258],[96.0145,5.258],[96.0185,5.256],[96.0205,5.26],[96.0205,5.262],[96.0185,5.262]]]},"properties":{"code":"11.07.06.2032","name":"Blang Pueb"}},{"type":"Feature","geometry":{"type":"Polygon","coordinates":[[[96.0155,5.263],[96.0115,5.2645],[96.0105,5.2655],[96.007,5.2645],[96.006,5.2635],[96.004,5.2605],[96.0095,5.2575],[96.01,5.2575],[96.0105,5.256],[96.0105,5.254],[96.011,5.2545],[96.0115,5.255],[96.013,5.254],[96.0145,5.258],[96.014,5.258],[96.015,5.263],[96.0155,5.263]]]},"properties":{"code":"11.07.06.2033","name":"Lambaro"}},{"type":"Feature","geometry":{"type":"MultiPolygon","coordinates":[[[[96.015,5.2505],[96.013,5.254],[96.0115,5.255],[96.011,5.2545],[96.0105,5.254],[96.01,5.25],[96.008,5.2505],[96.006,5.2505],[96.0055,5.2495],[96.006,5.2485],[96.01,5.248],[96.012,5.247],[96.015,5.2505]]],[[[96.004,5.2505],[96.0055,5.2505],[96.0065,5.2525],[96.0075,5.255],[96.0095,5.2555],[96.01,5.257],[96.0095,5.2575],[96.004,5.2605],[96.0035,5.26],[96.0035,5.2585],[96.003,5.257],[96.0045,5.2515],[96.004,5.2505]]]]},"properties":{"code":"11.07.06.2034","name":"Neurok"}},{"type":"Feature","geometry":{"type":"Polygon","coordinates":[[[95.9555,5.319],[95.95,5.3205],[95.95,5.318],[95.951,5.3175],[95.9515,5.316],[95.9525,5.315],[95.9515,5.313],[95.9535,5.313],[95.955,5.3175],[95.9555,5.319]]]},"properties":{"code":"11.07.07.2001","name":"Tampieng Tunong"}},{"type":"Feature","geometry":{"type":"Polygon","coordinates":[[[95.9575,5.32],[95.9565,5.3205],[95.9555,5.319],[95.955,5.3175],[95.954,5.313],[95.9545,5.3135],[95.956,5.313],[95.9575,5.3155],[95.958,5.317],[95.958,5.3195],[95.9575,5.32]]]},"properties":{"code":"11.07.07.2002","name":"Tampieng Baroh"}},{"type":"Feature","geometry":{"type":"Polygon","coordinates":[[[95.9585,5.3215],[95.958,5.32],[95.958,5.3195],[95.958,5.317],[95.9575,5.316],[95.958,5.3155],[95.9585,5.315],[95.9605,5.3135],[95.961,5.313],[95.962,5.312],[95.9625,5.312],[95.963,5.311],[95.964,5.3145],[95.9645,5.3155],[95.9635,5.318],[95.964,5.3185],[95.9625,5.319],[95.9585,5.3215]]]},"properties":{"code":"11.07.07.2003","name":"Dayah Caleue"}},{"type":"Feature","geometry":{"type":"Polygon","coordinates":[[[95.963,5.311],[95.9625,5.312],[95.9575,5.31],[95.957,5.308],[95.9575,5.308],[95.9585,5.3085],[95.959,5.308],[95.9625,5.3085],[95.963,5.311]]]},"properties":{"code":"11.07.07.2004","name":"Jurong"}},{"type":"Feature","geometry":{"type":"Polygon","coordinates":[[[95.9625,5.312],[95.962,5.312],[95.961,5.313],[95.9605,5.3135],[95.9585,5.315],[95.958,5.3155],[95.9575,5.316],[95.9575,5.3155],[95.956,5.313],[95.9555,5.3135],[95.9535,5.3115],[95.9525,5.311],[95.9575,5.3095],[95.9575,5.31],[95.9625,5.312]]]},"properties":{"code":"11.07.07.2005","name":"Keutapang"}},{"type":"Feature","geometry":{"type":"Polygon","coordinates":[[[95.945,5.3375],[95.941,5.339],[95.9385,5.339],[95.9365,5.3385],[95.9345,5.3345],[95.934,5.335],[95.9335,5.3325],[95.937,5.332],[95.9395,5.3325],[95.945,5.3375]]]},"properties":{"code":"11.07.07.2006","name":"Dayah Keurako"}},{"type":"Feature","geometry":{"type":"Polygon","coordinates":[[[95.947,5.337],[95.945,5.3375],[95.9395,5.3325],[95.938,5.3315],[95.938,5.33],[95.9405,5.3295],[95.941,5.33],[95.943,5.3305],[95.946,5.3315],[95.949,5.331],[95.9495,5.3325],[95.949,5.3325],[95.948,5.3345],[95.9475,5.336],[95.947,5.337]]]},"properties":{"code":"11.07.07.2007","name":"Mesjid Lam Ujong"}},{"type":"Feature","geometry":{"type":"Polygon","coordinates":[[[95.949,5.3315],[95.946,5.3315],[95.943,5.3305],[95.941,5.33],[95.9405,5.3295],[95.9475,5.3265],[95.948,5.3285],[95.949,5.3315]]]},"properties":{"code":"11.07.07.2008","name":"Baro Jruek"}},{"type":"Feature","geometry":{"type":"Polygon","coordinates":[[[95.948,5.349],[95.9445,5.3465],[95.941,5.3425],[95.94,5.3425],[95.9375,5.3425],[95.9375,5.341],[95.937,5.339],[95.9385,5.339],[95.941,5.339],[95.947,5.337],[95.947,5.338],[95.95,5.3465],[95.948,5.349]]]},"properties":{"code":"11.07.07.2009","name":"Yub Mee"}},{"type":"Feature","geometry":{"type":"Polygon","coordinates":[[[95.936,5.3505],[95.936,5.3455],[95.936,5.3445],[95.936,5.3425],[95.9375,5.3425],[95.94,5.3425],[95.941,5.3425],[95.9445,5.3465],[95.9395,5.35],[95.936,5.3505]]]},"properties":{"code":"11.07.07.2010","name":"Raya Lhok Kaju"}},{"type":"Feature","geometry":{"type":"Polygon","coordinates":[[[95.9375,5.3425],[95.936,5.3425],[95.936,5.3445],[95.9345,5.343],[95.934,5.343],[95.932,5.343],[95.9315,5.341],[95.9305,5.3405],[95.9295,5.341],[95.929,5.339],[95.9285,5.336],[95.9345,5.3345],[95.9365,5.3385],[95.937,5.339],[95.9375,5.341],[95.9375,5.3425]]]},"properties":{"code":"11.07.07.2011","name":"Pulo Gampong U"}},{"type":"Feature","geometry":{"type":"Polygon","coordinates":[[[95.936,5.3455],[95.9325,5.3505],[95.929,5.347],[95.931,5.3435],[95.934,5.343],[95.9345,5.343],[95.936,5.3445],[95.936,5.3455]]]},"properties":{"code":"11.07.07.2012","name":"Pante Lhok Kaju"}},{"type":"Feature","geometry":{"type":"Polygon","coordinates":[[[95.928,5.324],[95.9255,5.325],[95.9255,5.324],[95.924,5.323],[95.9235,5.315],[95.9265,5.3145],[95.929,5.316],[95.932,5.32],[95.931,5.3205],[95.928,5.324]]]},"properties":{"code":"11.07.07.2014","name":"Sukon Tungkop"}},{"type":"Feature","geometry":{"type":"Polygon","coordinates":[[[95.9315,5.326],[95.929,5.327],[95.928,5.325],[95.9285,5.3245],[95.9305,5.324],[95.9305,5.3245],[95.933,5.3225],[95.936,5.3215],[95.937,5.324],[95.935,5.3245],[95.9345,5.325],[95.9315,5.326]]]},"properties":{"code":"11.07.07.2015","name":"Rawa Tungkop"}},{"type":"Feature","geometry":{"type":"Polygon","coordinates":[[[95.936,5.3215],[95.933,5.3225],[95.9305,5.3245],[95.9305,5.324],[95.9285,5.3245],[95.928,5.325],[95.928,5.324],[95.931,5.3205],[95.935,5.3185],[95.936,5.3205],[95.9355,5.321],[95.936,5.3215]]]},"properties":{"code":"11.07.07.2016","name":"Mesjid Tungkop"}},{"type":"Feature","geometry":{"type":"Polygon","coordinates":[[[95.9285,5.336],[95.925,5.337],[95.925,5.3375],[95.924,5.338],[95.9235,5.336],[95.922,5.333],[95.9255,5.3325],[95.9295,5.332],[95.9335,5.3315],[95.934,5.335],[95.9285,5.336]]]},"properties":{"code":"11.07.07.2017","name":"Dayah Muara Garot"}},{"type":"Feature","geometry":{"type":"Polygon","coordinates":[[[95.929,5.347],[95.925,5.3465],[95.925,5.345],[95.926,5.344],[95.9255,5.342],[95.928,5.341],[95.9295,5.341],[95.9305,5.3405],[95.9315,5.341],[95.932,5.343],[95.931,5.3435],[95.929,5.347]]]},"properties":{"code":"11.07.07.2018","name":"Pante Garot"}},{"type":"Feature","geometry":{"type":"Polygon","coordinates":[[[95.9335,5.3315],[95.9295,5.332],[95.9255,5.3325],[95.9245,5.3325],[95.9245,5.332],[95.9245,5.3315],[95.9245,5.3305],[95.925,5.3285],[95.925,5.327],[95.9255,5.3255],[95.9255,5.325],[95.928,5.324],[95.929,5.327],[95.9315,5.326],[95.9335,5.3315]]]},"properties":{"code":"11.07.07.2019","name":"Garot Cut"}},{"type":"Feature","geometry":{"type":"Polygon","coordinates":[[[95.9245,5.3325],[95.922,5.333],[95.9215,5.3305],[95.9205,5.33],[95.9215,5.3285],[95.92,5.3245],[95.924,5.323],[95.9255,5.324],[95.9255,5.3255],[95.925,5.327],[95.925,5.3285],[95.9245,5.3305],[95.9245,5.3315],[95.9245,5.332],[95.9245,5.3325]]]},"properties":{"code":"11.07.07.2020","name":"Keubang"}},{"type":"Feature","geometry":{"type":"Polygon","coordinates":[[[95.9295,5.341],[95.928,5.341],[95.9255,5.342],[95.9245,5.34],[95.924,5.338],[95.925,5.3375],[95.925,5.337],[95.9285,5.336],[95.929,5.339],[95.9295,5.341]]]},"properties":{"code":"11.07.07.2021","name":"Blang Garot"}},{"type":"Feature","geometry":{"type":"Polygon","coordinates":[[[95.924,5.323],[95.92,5.3215],[95.918,5.32],[95.917,5.319],[95.9215,5.315],[95.922,5.3155],[95.9235,5.315],[95.924,5.323]]]},"properties":{"code":"11.07.07.2022","name":"Meulayu"}},{"type":"Feature","geometry":{"type":"Polygon","coordinates":[[[95.938,5.3315],[95.937,5.332],[95.9335,5.3325],[95.9315,5.326],[95.9345,5.325],[95.935,5.3245],[95.937,5.324],[95.9385,5.33],[95.938,5.33],[95.938,5.3315]]]},"properties":{"code":"11.07.07.2023","name":"Tungkop Cut"}},{"type":"Feature","geometry":{"type":"Polygon","coordinates":[[[95.941,5.309],[95.9375,5.3105],[95.937,5.31],[95.9365,5.3075],[95.9355,5.3065],[95.9355,5.3055],[95.9375,5.3045],[95.939,5.304],[95.9395,5.3055],[95.9405,5.307],[95.941,5.309]]]},"properties":{"code":"11.07.07.2024","name":"Guci"}},{"type":"Feature","geometry":{"type":"Polygon","coordinates":[[[95.9375,5.3105],[95.9285,5.3135],[95.927,5.311],[95.927,5.3095],[95.9285,5.309],[95.9365,5.308],[95.937,5.31],[95.9375,5.3105]]]},"properties":{"code":"11.07.07.2025","name":"Teungoh Blang"}},{"type":"Feature","geometry":{"type":"Polygon","coordinates":[[[95.9365,5.308],[95.9285,5.309],[95.927,5.3095],[95.9265,5.309],[95.926,5.308],[95.926,5.307],[95.935,5.305],[95.9355,5.3065],[95.9365,5.3075],[95.9365,5.308]]]},"properties":{"code":"11.07.07.2026","name":"Mesjid Dijiem"}},{"type":"Feature","geometry":{"type":"Polygon","coordinates":[[[95.947,5.299],[95.944,5.301],[95.943,5.3],[95.9405,5.301],[95.9395,5.2985],[95.9395,5.2975],[95.945,5.297],[95.9465,5.2975],[95.946,5.2975],[95.947,5.299]]]},"properties":{"code":"11.07.07.2027","name":"Sukon Ulee Gampong"}},{"type":"Feature","geometry":{"type":"Polygon","coordinates":[[[95.9455,5.314],[95.9415,5.315],[95.9415,5.3145],[95.94,5.315],[95.939,5.3125],[95.9375,5.3105],[95.941,5.309],[95.943,5.309],[95.943,5.31],[95.9445,5.3115],[95.9455,5.3125],[95.9455,5.3135],[95.9455,5.314]]]},"properties":{"code":"11.07.07.2028","name":"Lamkabu"}},{"type":"Feature","geometry":{"type":"Polygon","coordinates":[[[95.9455,5.322],[95.9435,5.3225],[95.942,5.3155],[95.945,5.3175],[95.9495,5.32],[95.9455,5.322]]]},"properties":{"code":"11.07.07.2029","name":"Ulee Birah"}},{"type":"Feature","geometry":{"type":"Polygon","coordinates":[[[95.9515,5.3135],[95.9525,5.315],[95.9515,5.316],[95.951,5.3175],[95.95,5.318],[95.945,5.3175],[95.942,5.3155],[95.9415,5.315],[95.9455,5.314],[95.946,5.3145],[95.947,5.3145],[95.949,5.315],[95.9515,5.3135]]]},"properties":{"code":"11.07.07.2030","name":"Mesjid Baro"}},{"type":"Feature","geometry":{"type":"Polygon","coordinates":[[[95.942,5.3155],[95.9435,5.3225],[95.9385,5.3215],[95.937,5.3205],[95.936,5.318],[95.9385,5.315],[95.9415,5.3145],[95.942,5.3155]]]},"properties":{"code":"11.07.07.2031","name":"Lamreuneung"}},{"type":"Feature","geometry":{"type":"Polygon","coordinates":[[[95.9515,5.3135],[95.949,5.315],[95.947,5.3145],[95.946,5.3145],[95.9455,5.3135],[95.9455,5.313],[95.952,5.31],[95.9525,5.311],[95.9535,5.3115],[95.9555,5.3135],[95.9545,5.3135],[95.954,5.313],[95.9535,5.313],[95.9515,5.313],[95.9515,5.3135]]]},"properties":{"code":"11.07.07.2032","name":"Cot Seukee"}},{"type":"Feature","geometry":{"type":"Polygon","coordinates":[[[95.952,5.31],[95.9455,5.313],[95.9455,5.3125],[95.9445,5.3115],[95.944,5.311],[95.9465,5.31],[95.9495,5.3095],[95.951,5.3085],[95.952,5.31]]]},"properties":{"code":"11.07.07.2033","name":"Drien"}},{"type":"Feature","geometry":{"type":"Polygon","coordinates":[[[95.951,5.3085],[95.9495,5.3095],[95.9465,5.31],[95.944,5.311],[95.943,5.31],[95.944,5.309],[95.945,5.3075],[95.946,5.307],[95.9495,5.306],[95.95,5.307],[95.951,5.3075],[95.951,5.3085]]]},"properties":{"code":"11.07.07.2034","name":"Rumia"}},{"type":"Feature","geometry":{"type":"Polygon","coordinates":[[[95.944,5.3085],[95.944,5.309],[95.943,5.31],[95.943,5.309],[95.941,5.309],[95.9405,5.307],[95.9395,5.306],[95.939,5.3045],[95.94,5.304],[95.942,5.3055],[95.9425,5.3075],[95.944,5.3085]]]},"properties":{"code":"11.07.07.2035","name":"Wakheuh"}},{"type":"Feature","geometry":{"type":"Polygon","coordinates":[[[95.9495,5.306],[95.946,5.307],[95.945,5.3075],[95.944,5.3085],[95.9425,5.3075],[95.942,5.306],[95.944,5.3055],[95.9445,5.3055],[95.9485,5.3045],[95.9495,5.3055],[95.9495,5.306]]]},"properties":{"code":"11.07.07.2036","name":"Baro Bluek"}},{"type":"Feature","geometry":{"type":"Polygon","coordinates":[[[95.9485,5.302],[95.9425,5.3035],[95.9415,5.303],[95.941,5.3025],[95.9405,5.301],[95.943,5.3],[95.944,5.301],[95.947,5.299],[95.9485,5.302]]]},"properties":{"code":"11.07.07.2037","name":"Mesjid Ulee Gampong"}},{"type":"Feature","geometry":{"type":"Polygon","coordinates":[[[95.9485,5.3045],[95.9445,5.3055],[95.944,5.3055],[95.942,5.306],[95.942,5.3055],[95.94,5.304],[95.942,5.3035],[95.9425,5.3035],[95.9485,5.302],[95.949,5.303],[95.9485,5.3045]]]},"properties":{"code":"11.07.07.2038","name":"Dayah Bie"}},{"type":"Feature","geometry":{"type":"Polygon","coordinates":[[[95.9365,5.3205],[95.936,5.3205],[95.935,5.3185],[95.932,5.32],[95.929,5.316],[95.9285,5.3135],[95.9375,5.3105],[95.939,5.3125],[95.94,5.315],[95.9385,5.315],[95.936,5.318],[95.9365,5.3205]]]},"properties":{"code":"11.07.07.2039","name":"Balee Baroh Bluek"}},{"type":"Feature","geometry":{"type":"Polygon","coordinates":[[[95.933,5.292],[95.9215,5.292],[95.9205,5.2925],[95.9185,5.2935],[95.9175,5.2935],[95.918,5.291],[95.9185,5.2905],[95.92,5.2905],[95.9205,5.2905],[95.923,5.289],[95.9235,5.287],[95.9205,5.2855],[95.9215,5.2815],[95.928,5.2875],[95.934,5.2915],[95.933,5.292]]]},"properties":{"code":"11.07.07.2040","name":"Peutoe"}},{"type":"Feature","geometry":{"type":"Polygon","coordinates":[[[95.9395,5.2975],[95.935,5.298],[95.934,5.2965],[95.933,5.292],[95.934,5.2915],[95.939,5.292],[95.942,5.2905],[95.943,5.2905],[95.9435,5.2915],[95.945,5.297],[95.9395,5.2975]]]},"properties":{"code":"11.07.07.2041","name":"Blang Rapai"}},{"type":"Feature","geometry":{"type":"Polygon","coordinates":[[[95.9375,5.3045],[95.9355,5.3055],[95.934,5.304],[95.9335,5.3025],[95.9325,5.2985],[95.9345,5.298],[95.935,5.2995],[95.9375,5.3045]]]},"properties":{"code":"11.07.07.2042","name":"Neulop II"}},{"type":"Feature","geometry":{"type":"Polygon","coordinates":[[[95.935,5.305],[95.926,5.307],[95.9255,5.3065],[95.9245,5.305],[95.923,5.304],[95.924,5.3035],[95.9325,5.2985],[95.9335,5.3025],[95.934,5.304],[95.935,5.305]]]},"properties":{"code":"11.07.07.2043","name":"Baro Gapui"}},{"type":"Feature","geometry":{"type":"Polygon","coordinates":[[[95.939,5.3045],[95.939,5.304],[95.9375,5.3045],[95.935,5.2995],[95.935,5.298],[95.9395,5.2975],[95.9395,5.2985],[95.941,5.3025],[95.9415,5.303],[95.942,5.3035],[95.939,5.3045]]]},"properties":{"code":"11.07.07.2044","name":"Balee Baroh Gapui"}},{"type":"Feature","geometry":{"type":"Polygon","coordinates":[[[95.9325,5.2985],[95.924,5.3035],[95.919,5.299],[95.917,5.2965],[95.9175,5.2955],[95.9175,5.2935],[95.9185,5.293],[95.9215,5.292],[95.933,5.292],[95.934,5.2965],[95.9345,5.298],[95.9325,5.2985]]]},"properties":{"code":"11.07.07.2045","name":"Glee Gapui"}},{"type":"Feature","geometry":{"type":"Polygon","coordinates":[[[95.9295,5.281],[95.927,5.286],[95.9215,5.2815],[95.919,5.279],[95.918,5.2785],[95.921,5.2775],[95.9295,5.281]]]},"properties":{"code":"11.07.07.2046","name":"Teungoh Suwiek"}},{"type":"Feature","geometry":{"type":"Polygon","coordinates":[[[95.9295,5.281],[95.921,5.2775],[95.92,5.2775],[95.921,5.276],[95.9235,5.275],[95.924,5.275],[95.926,5.2765],[95.929,5.2755],[95.9305,5.278],[95.932,5.279],[95.9325,5.2805],[95.932,5.2805],[95.9295,5.281]]]},"properties":{"code":"11.07.07.2047","name":"Mesjid Suwiek"}},{"type":"Feature","geometry":{"type":"Polygon","coordinates":[[[95.9295,5.2755],[95.929,5.2755],[95.926,5.2765],[95.924,5.275],[95.925,5.2735],[95.926,5.2735],[95.9275,5.273],[95.9275,5.2745],[95.9325,5.2725],[95.934,5.2745],[95.9325,5.275],[95.9295,5.2755]]]},"properties":{"code":"11.07.07.2048","name":"Tuha Suwiek"}},{"type":"Feature","geometry":{"type":"Polygon","coordinates":[[[95.943,5.2905],[95.942,5.2905],[95.939,5.292],[95.934,5.2915],[95.928,5.2875],[95.927,5.286],[95.9295,5.281],[95.932,5.2805],[95.9325,5.2805],[95.9335,5.28],[95.936,5.282],[95.9385,5.282],[95.9395,5.2815],[95.941,5.284],[95.9415,5.285],[95.9425,5.289],[95.943,5.2905]]]},"properties":{"code":"11.07.07.2049","name":"Beureudep"}},{"type":"Feature","geometry":{"type":"Polygon","coordinates":[[[95.9405,5.3295],[95.9385,5.33],[95.937,5.324],[95.936,5.3215],[95.9355,5.321],[95.9365,5.3205],[95.937,5.3205],[95.9385,5.3215],[95.9435,5.3225],[95.9455,5.322],[95.9475,5.3265],[95.9405,5.3295]]]},"properties":{"code":"11.07.07.2050","name":"Blang Lhok Kaju"}},{"type":"Feature","geometry":{"type":"Polygon","coordinates":[[[96.014,5.3025],[96.0125,5.3025],[96.011,5.3025],[96.012,5.3015],[96.012,5.301],[96.0115,5.3005],[96.0095,5.2995],[96.0175,5.2985],[96.019,5.3],[96.0175,5.3005],[96.014,5.3025]]]},"properties":{"code":"11.07.08.2001","name":"Jurong Balee"}},{"type":"Feature","geometry":{"type":"Polygon","coordinates":[[[96.019,5.3055],[96.015,5.3065],[96.015,5.3025],[96.014,5.3025],[96.0175,5.3005],[96.0205,5.2995],[96.02,5.302],[96.02,5.3055],[96.019,5.3055]]]},"properties":{"code":"11.07.08.2002","name":"Aron Asan Kumbang"}},{"type":"Feature","geometry":{"type":"Polygon","coordinates":[[[96.0195,5.3085],[96.0145,5.311],[96.013,5.308],[96.011,5.306],[96.012,5.3055],[96.0125,5.3055],[96.014,5.3075],[96.015,5.307],[96.015,5.3065],[96.019,5.3055],[96.019,5.307],[96.0195,5.3085]]]},"properties":{"code":"11.07.08.2003","name":"Cebrek"}},{"type":"Feature","geometry":{"type":"Polygon","coordinates":[[[96.0265,5.312],[96.024,5.31],[96.016,5.313],[96.016,5.3115],[96.0145,5.311],[96.025,5.306],[96.0275,5.3115],[96.0265,5.312]]]},"properties":{"code":"11.07.08.2004","name":"Jurong Mesjid"}},{"type":"Feature","geometry":{"type":"Polygon","coordinates":[[[96.021,5.318],[96.0205,5.3195],[96.0195,5.319],[96.02,5.3165],[96.0185,5.316],[96.0155,5.315],[96.0145,5.314],[96.0155,5.3135],[96.016,5.313],[96.024,5.31],[96.027,5.313],[96.023,5.3165],[96.021,5.318]]]},"properties":{"code":"11.07.08.2005","name":"Meunasah Gantung"}},{"type":"Feature","geometry":{"type":"Polygon","coordinates":[[[96.0305,5.319],[96.0285,5.3175],[96.0265,5.3175],[96.024,5.316],[96.023,5.3165],[96.027,5.313],[96.0265,5.312],[96.0275,5.3115],[96.0285,5.3145],[96.029,5.315],[96.031,5.318],[96.0305,5.319]]]},"properties":{"code":"11.07.08.2006","name":"Babah Jurong"}},{"type":"Feature","geometry":{"type":"Polygon","coordinates":[[[96.0285,5.3175],[96.03,5.319],[96.027,5.3235],[96.026,5.323],[96.0245,5.3205],[96.0265,5.3175],[96.0285,5.3175]]]},"properties":{"code":"11.07.08.2007","name":"Keupula"}},{"type":"Feature","geometry":{"type":"Polygon","coordinates":[[[96.029,5.324],[96.028,5.324],[96.027,5.3235],[96.03,5.319],[96.0305,5.319],[96.032,5.32],[96.032,5.321],[96.031,5.3215],[96.029,5.324]]]},"properties":{"code":"11.07.08.2008","name":"Meunasah Jareng"}},{"type":"Feature","geometry":{"type":"Polygon","coordinates":[[[96.0355,5.316],[96.035,5.3165],[96.0365,5.318],[96.0345,5.3215],[96.034,5.3195],[96.033,5.3195],[96.032,5.32],[96.0305,5.319],[96.031,5.318],[96.03,5.3165],[96.0315,5.316],[96.0355,5.316]]]},"properties":{"code":"11.07.08.2009","name":"Arusan"}},{"type":"Feature","geometry":{"type":"Polygon","coordinates":[[[96.0415,5.3135],[96.044,5.3185],[96.0445,5.319],[96.0475,5.3225],[96.0475,5.324],[96.046,5.3255],[96.0465,5.326],[96.0455,5.326],[96.0395,5.3245],[96.038,5.3225],[96.036,5.3225],[96.034,5.323],[96.0345,5.322],[96.0345,5.3215],[96.0365,5.318],[96.035,5.3165],[96.037,5.315],[96.0415,5.3135]]]},"properties":{"code":"11.07.08.2010","name":"Tanjong Krueng"}},{"type":"Feature","geometry":{"type":"Polygon","coordinates":[[[96.063,5.3075],[96.049,5.3265],[96.0485,5.326],[96.0465,5.326],[96.046,5.3255],[96.0475,5.324],[96.0475,5.3225],[96.0445,5.319],[96.044,5.3185],[96.0415,5.3135],[96.0425,5.3125],[96.0455,5.31],[96.047,5.308],[96.053,5.3085],[96.0555,5.3065],[96.057,5.3035],[96.063,5.3075]]]},"properties":{"code":"11.07.08.2011","name":"Lancang"}},{"type":"Feature","geometry":{"type":"Polygon","coordinates":[[[96.0685,5.3005],[96.063,5.3075],[96.057,5.3035],[96.0605,5.299],[96.0655,5.2965],[96.0685,5.3005]]]},"properties":{"code":"11.07.08.2012","name":"Pasi Lhok"}},{"type":"Feature","geometry":{"type":"Polygon","coordinates":[[[96.079,5.2925],[96.0685,5.3005],[96.0655,5.2965],[96.0685,5.294],[96.071,5.2935],[96.078,5.2915],[96.0785,5.291],[96.079,5.2925]]]},"properties":{"code":"11.07.08.2013","name":"Jeumeurang"}},{"type":"Feature","geometry":{"type":"Polygon","coordinates":[[[96.105,5.2845],[96.103,5.288],[96.079,5.2925],[96.0785,5.2905],[96.081,5.29],[96.0825,5.2895],[96.0955,5.2855],[96.098,5.286],[96.104,5.2825],[96.105,5.2845]]]},"properties":{"code":"11.07.08.2014","name":"Pusong"}},{"type":"Feature","geometry":{"type":"Polygon","coordinates":[[[96.0355,5.316],[96.0315,5.316],[96.03,5.3165],[96.029,5.315],[96.0285,5.3145],[96.0265,5.3095],[96.0355,5.305],[96.0385,5.304],[96.042,5.3035],[96.0465,5.3085],[96.0455,5.31],[96.0425,5.3125],[96.0415,5.3135],[96.037,5.315],[96.0355,5.316]]]},"properties":{"code":"11.07.08.2015","name":"Meuraksa"}},{"type":"Feature","geometry":{"type":"Polygon","coordinates":[[[96.042,5.3035],[96.0385,5.304],[96.0355,5.305],[96.0265,5.3095],[96.025,5.306],[96.0225,5.302],[96.0285,5.2995],[96.028,5.2985],[96.031,5.3015],[96.035,5.3005],[96.035,5.2995],[96.039,5.3005],[96.042,5.3035]]]},"properties":{"code":"11.07.08.2016","name":"Kayee Panyang"}},{"type":"Feature","geometry":{"type":"Polygon","coordinates":[[[96.049,5.3075],[96.047,5.308],[96.0465,5.3085],[96.039,5.3005],[96.035,5.2995],[96.032,5.293],[96.037,5.2915],[96.049,5.3075]]]},"properties":{"code":"11.07.08.2017","name":"Panjoe"}},{"type":"Feature","geometry":{"type":"Polygon","coordinates":[[[96.035,5.2995],[96.035,5.3005],[96.031,5.3015],[96.028,5.2985],[96.027,5.2965],[96.0255,5.294],[96.03,5.2935],[96.032,5.293],[96.035,5.2995]]]},"properties":{"code":"11.07.08.2018","name":"Asan"}},{"type":"Feature","geometry":{"type":"Polygon","coordinates":[[[96.024,5.3015],[96.0225,5.302],[96.0205,5.3015],[96.02,5.302],[96.0205,5.2995],[96.019,5.3],[96.0175,5.2985],[96.016,5.2945],[96.0195,5.2935],[96.0205,5.2985],[96.024,5.3015]]]},"properties":{"code":"11.07.08.2019","name":"Meunasah Mesjid"}},{"type":"Feature","geometry":{"type":"Polygon","coordinates":[[[96.025,5.306],[96.0195,5.3085],[96.019,5.307],[96.019,5.3055],[96.02,5.3055],[96.02,5.302],[96.0205,5.3015],[96.0225,5.302],[96.025,5.306]]]},"properties":{"code":"11.07.08.2020","name":"Meunasah Mee"}},{"type":"Feature","geometry":{"type":"Polygon","coordinates":[[[96.028,5.2985],[96.0285,5.2995],[96.024,5.3015],[96.0205,5.2985],[96.0215,5.295],[96.025,5.2935],[96.027,5.2965],[96.028,5.2985]]]},"properties":{"code":"11.07.08.2021","name":"Meunasah Teungoh"}},{"type":"Feature","geometry":{"type":"Polygon","coordinates":[[[96.049,5.3265],[96.022,5.344],[96.021,5.3435],[96.021,5.343],[96.026,5.338],[96.025,5.335],[96.029,5.3315],[96.0305,5.33],[96.031,5.3305],[96.0335,5.328],[96.0345,5.3285],[96.0365,5.326],[96.039,5.324],[96.0395,5.3245],[96.0455,5.326],[96.0485,5.326],[96.049,5.3265]]]},"properties":{"code":"11.07.08.2022","name":"Pasi Ie Leubeue"}},{"type":"Feature","geometry":{"type":"Polygon","coordinates":[[[96.039,5.324],[96.0365,5.326],[96.0355,5.3235],[96.036,5.3225],[96.038,5.3225],[96.039,5.324]]]},"properties":{"code":"11.07.08.2023","name":"Keude Ie Leubeue"}},{"type":"Feature","geometry":{"type":"Polygon","coordinates":[[[96.025,5.335],[96.0245,5.334],[96.022,5.3315],[96.021,5.3295],[96.0205,5.3295],[96.02,5.329],[96.0215,5.3285],[96.023,5.3275],[96.027,5.3235],[96.028,5.324],[96.029,5.324],[96.0285,5.327],[96.0305,5.33],[96.029,5.3315],[96.025,5.335]]]},"properties":{"code":"11.07.08.2024","name":"Meunasah Sukon"}},{"type":"Feature","geometry":{"type":"Polygon","coordinates":[[[96.0335,5.328],[96.031,5.3305],[96.0285,5.327],[96.029,5.324],[96.031,5.3215],[96.0335,5.328]]]},"properties":{"code":"11.07.08.2025","name":"Meunasah Ara"}},{"type":"Feature","geometry":{"type":"Polygon","coordinates":[[[96.0245,5.3205],[96.021,5.321],[96.0225,5.32],[96.021,5.318],[96.024,5.316],[96.0245,5.3205]]]},"properties":{"code":"11.07.08.2026","name":"Meunasah Krueng"}},{"type":"Feature","geometry":{"type":"Polygon","coordinates":[[[96.0365,5.326],[96.0345,5.3285],[96.0335,5.328],[96.031,5.3215],[96.032,5.321],[96.033,5.3195],[96.034,5.3195],[96.0345,5.3195],[96.0345,5.322],[96.034,5.323],[96.0355,5.3235],[96.0365,5.326]]]},"properties":{"code":"11.07.08.2027","name":"Krueng Dhoe"}},{"type":"Feature","geometry":{"type":"Polygon","coordinates":[[[96.027,5.3235],[96.023,5.3275],[96.0215,5.3285],[96.02,5.329],[96.02,5.3285],[96.0165,5.328],[96.016,5.3285],[96.0155,5.3275],[96.016,5.327],[96.015,5.3245],[96.0185,5.322],[96.021,5.321],[96.0245,5.3205],[96.026,5.323],[96.027,5.3235]]]},"properties":{"code":"11.07.08.2028","name":"Meunasah Baro"}},{"type":"Feature","geometry":{"type":"Polygon","coordinates":[[[96.0015,5.307],[95.998,5.308],[95.997,5.307],[95.9965,5.3075],[95.996,5.3075],[95.9905,5.299],[95.99,5.299],[95.996,5.298],[95.999,5.299],[96,5.299],[96.002,5.3015],[96.0025,5.3045],[96.0015,5.307]]]},"properties":{"code":"11.07.08.2029","name":"Bentayan"}},{"type":"Feature","geometry":{"type":"Polygon","coordinates":[[[96.008,5.3035],[96.0015,5.307],[96.0025,5.3045],[96.002,5.3015],[96,5.299],[96.003,5.299],[96.005,5.2985],[96.006,5.3],[96.0055,5.3015],[96.008,5.3035]]]},"properties":{"code":"11.07.08.2030","name":"Meunasah Kandang"}},{"type":"Feature","geometry":{"type":"Polygon","coordinates":[[[96.009,5.308],[96.0085,5.308],[96.008,5.307],[96.0075,5.308],[96.0055,5.3085],[96.0045,5.308],[96.001,5.31],[95.998,5.308],[96.0015,5.307],[96.008,5.3035],[96.0095,5.3045],[96.01,5.3065],[96.009,5.307],[96.009,5.308]]]},"properties":{"code":"11.07.08.2031","name":"Lamkawe"}},{"type":"Feature","geometry":{"type":"Polygon","coordinates":[[[96.0115,5.302],[96.0105,5.3025],[96.0085,5.303],[96.008,5.3035],[96.0055,5.3015],[96.006,5.3],[96.005,5.2985],[96.008,5.299],[96.0095,5.2995],[96.0115,5.3005],[96.012,5.301],[96.012,5.3015],[96.0115,5.302]]]},"properties":{"code":"11.07.08.2032","name":"Puuk"}},{"type":"Feature","geometry":{"type":"Polygon","coordinates":[[[96.015,5.3065],[96.015,5.307],[96.014,5.3075],[96.0125,5.3055],[96.012,5.3055],[96.011,5.306],[96.011,5.3065],[96.0105,5.307],[96.0095,5.3045],[96.008,5.3035],[96.0085,5.303],[96.011,5.302],[96.0115,5.302],[96.011,5.3025],[96.0125,5.3025],[96.014,5.3025],[96.015,5.3025],[96.015,5.3065]]]},"properties":{"code":"11.07.08.2033","name":"Tanjong"}},{"type":"Feature","geometry":{"type":"Polygon","coordinates":[[[96.0095,5.313],[96.007,5.309],[96.009,5.308],[96.009,5.307],[96.01,5.3065],[96.0105,5.307],[96.011,5.3065],[96.013,5.308],[96.0145,5.311],[96.0095,5.313]]]},"properties":{"code":"11.07.08.2034","name":"Dayah Blang"}},{"type":"Feature","geometry":{"type":"Polygon","coordinates":[[[96.011,5.315],[96.0095,5.313],[96.0145,5.311],[96.016,5.3115],[96.0155,5.3135],[96.0145,5.314],[96.014,5.3145],[96.011,5.315]]]},"properties":{"code":"11.07.08.2035","name":"Dayah Mon Ara"}},{"type":"Feature","geometry":{"type":"Polygon","coordinates":[[[96.0195,5.319],[96.0175,5.3185],[96.0175,5.319],[96.015,5.3205],[96.014,5.321],[96.0125,5.322],[96.0115,5.319],[96.0125,5.3185],[96.0165,5.3155],[96.0185,5.316],[96.02,5.3165],[96.0195,5.319]]]},"properties":{"code":"11.07.08.2036","name":"Keureumbok"}},{"type":"Feature","geometry":{"type":"Polygon","coordinates":[[[96.016,5.3285],[96.0145,5.3285],[96.014,5.3285],[96.011,5.3255],[96.0105,5.325],[96.01,5.3245],[96.0105,5.323],[96.014,5.321],[96.015,5.3205],[96.0175,5.319],[96.0175,5.3185],[96.0205,5.3195],[96.021,5.318],[96.0225,5.32],[96.0185,5.322],[96.015,5.3245],[96.016,5.327],[96.0155,5.3275],[96.016,5.3285]]]},"properties":{"code":"11.07.08.2037","name":"Meunasah Manyang"}},{"type":"Feature","geometry":{"type":"Polygon","coordinates":[[[96.0165,5.3155],[96.0125,5.3185],[96.0115,5.319],[96.011,5.318],[96.011,5.315],[96.014,5.3145],[96.0145,5.314],[96.0155,5.315],[96.0165,5.3155]]]},"properties":{"code":"11.07.08.2038","name":"Matang Kuli"}},{"type":"Feature","geometry":{"type":"Polygon","coordinates":[[[96.0125,5.322],[96.0105,5.323],[96.01,5.3245],[96.0095,5.324],[96.006,5.3215],[96.0025,5.3155],[96.004,5.313],[96.0035,5.3125],[96.005,5.312],[96.006,5.31],[96.007,5.309],[96.0095,5.313],[96.011,5.315],[96.011,5.318],[96.0125,5.322]]]},"properties":{"code":"11.07.08.2039","name":"Reung-Reung"}},{"type":"Feature","geometry":{"type":"Polygon","coordinates":[[[96.007,5.309],[96.006,5.31],[96.005,5.312],[96.0035,5.3125],[96.0035,5.313],[96.001,5.31],[96.0045,5.308],[96.0055,5.3085],[96.0075,5.308],[96.008,5.307],[96.0085,5.308],[96.009,5.308],[96.007,5.309]]]},"properties":{"code":"11.07.08.2040","name":"Teumpeun"}},{"type":"Feature","geometry":{"type":"Polygon","coordinates":[[[96.0035,5.313],[96.004,5.313],[96.0025,5.3155],[96.001,5.3145],[95.998,5.309],[95.9965,5.3075],[95.997,5.307],[96.0035,5.313]]]},"properties":{"code":"11.07.08.2041","name":"Blang Cut"}},{"type":"Feature","geometry":{"type":"Polygon","coordinates":[[[96.004,5.3195],[96.003,5.3195],[96.0025,5.3195],[95.999,5.319],[95.9985,5.3185],[95.9965,5.3155],[95.9955,5.316],[95.994,5.3115],[95.993,5.3105],[95.9925,5.3095],[95.995,5.306],[95.996,5.3075],[95.998,5.309],[96.001,5.3145],[96.004,5.3195]]]},"properties":{"code":"11.07.08.2042","name":"Geuleumpang"}},{"type":"Feature","geometry":{"type":"Polygon","coordinates":[[[96.0015,5.3225],[95.998,5.3195],[95.999,5.319],[96.0025,5.3195],[96.002,5.321],[96.0015,5.3225]]]},"properties":{"code":"11.07.08.2043","name":"Aron Kuta Baro"}},{"type":"Feature","geometry":{"type":"Polygon","coordinates":[[[96.0015,5.3225],[96.0015,5.3245],[95.9995,5.3245],[95.997,5.3245],[95.9955,5.322],[95.9955,5.321],[95.996,5.321],[95.9965,5.32],[95.998,5.3195],[96.0015,5.3225]]]},"properties":{"code":"11.07.08.2044","name":"Barat"}},{"type":"Feature","geometry":{"type":"Polygon","coordinates":[[[95.9925,5.3225],[95.9915,5.323],[95.989,5.3205],[95.993,5.3165],[95.995,5.316],[95.9965,5.3155],[95.9985,5.3185],[95.9965,5.32],[95.996,5.321],[95.9925,5.3225]]]},"properties":{"code":"11.07.08.2045","name":"Araih"}},{"type":"Feature","geometry":{"type":"Polygon","coordinates":[[[95.974,5.38],[95.9665,5.3825],[95.963,5.3765],[95.964,5.375],[95.966,5.371],[95.9815,5.3735],[95.974,5.38]]]},"properties":{"code":"11.07.09.2001","name":"Blang Paseh"}},{"type":"Feature","geometry":{"type":"Polygon","coordinates":[[[95.974,5.38],[95.9695,5.388],[95.965,5.387],[95.9645,5.386],[95.964,5.3845],[95.9665,5.3825],[95.974,5.38]]]},"properties":{"code":"11.07.09.2002","name":"Benteng"}},{"type":"Feature","geometry":{"type":"Polygon","coordinates":[[[95.965,5.387],[95.964,5.3875],[95.963,5.3875],[95.962,5.386],[95.9605,5.385],[95.962,5.384],[95.963,5.383],[95.9635,5.383],[95.9645,5.3845],[95.9645,5.386],[95.965,5.387]]]},"properties":{"code":"11.07.09.2003","name":"Blok Bengkel"}},{"type":"Feature","geometry":{"type":"Polygon","coordinates":[[[95.9665,5.3825],[95.964,5.3845],[95.963,5.382],[95.961,5.382],[95.9605,5.382],[95.961,5.377],[95.963,5.376],[95.963,5.3765],[95.9665,5.3825]]]},"properties":{"code":"11.07.09.2004","name":"Pante Teungoh"}},{"type":"Feature","geometry":{"type":"Polygon","coordinates":[[[95.9695,5.388],[95.9605,5.3915],[95.959,5.3905],[95.959,5.3895],[95.961,5.388],[95.9625,5.3865],[95.963,5.3875],[95.964,5.3875],[95.965,5.387],[95.9695,5.388]]]},"properties":{"code":"11.07.09.2005","name":"Kuala Pidie"}},{"type":"Feature","geometry":{"type":"Polygon","coordinates":[[[95.959,5.3905],[95.9555,5.392],[95.9545,5.3905],[95.9565,5.384],[95.959,5.3835],[95.959,5.384],[95.9625,5.3865],[95.961,5.388],[95.959,5.3895],[95.959,5.3905]]]},"properties":{"code":"11.07.09.2006","name":"Kramat Luar"}},{"type":"Feature","geometry":{"type":"Polygon","coordinates":[[[95.9635,5.383],[95.963,5.383],[95.962,5.384],[95.9605,5.385],[95.959,5.384],[95.959,5.3835],[95.961,5.382],[95.963,5.382],[95.9635,5.383]]]},"properties":{"code":"11.07.09.2007","name":"Kramat Dalam"}},{"type":"Feature","geometry":{"type":"Polygon","coordinates":[[[95.9605,5.382],[95.959,5.3835],[95.9585,5.3825],[95.9585,5.374],[95.959,5.374],[95.9605,5.375],[95.9635,5.3755],[95.963,5.376],[95.961,5.377],[95.9605,5.382]]]},"properties":{"code":"11.07.09.2008","name":"Blok Sawah"}},{"type":"Feature","geometry":{"type":"Polygon","coordinates":[[[95.959,5.3835],[95.9545,5.383],[95.9515,5.3805],[95.9515,5.3795],[95.9515,5.379],[95.9515,5.3775],[95.9525,5.3775],[95.956,5.377],[95.9575,5.3755],[95.9585,5.375],[95.9585,5.3825],[95.959,5.3835]]]},"properties":{"code":"11.07.09.2009","name":"Blang Asan"}},{"type":"Feature","geometry":{"type":"Polygon","coordinates":[[[95.9565,5.384],[95.9545,5.3905],[95.9525,5.3885],[95.9525,5.388],[95.952,5.388],[95.9505,5.386],[95.949,5.38],[95.951,5.38],[95.9515,5.3805],[95.9545,5.383],[95.9565,5.384]]]},"properties":{"code":"11.07.09.2010","name":"Lampoh Krueng"}},{"type":"Feature","geometry":{"type":"Polygon","coordinates":[[[95.9585,5.375],[95.9575,5.3755],[95.956,5.377],[95.9525,5.3775],[95.952,5.3775],[95.952,5.3765],[95.9525,5.3765],[95.952,5.376],[95.953,5.375],[95.9545,5.3735],[95.956,5.3735],[95.9585,5.374],[95.9585,5.375]]]},"properties":{"code":"11.07.09.2011","name":"Kampong Asan"}},{"type":"Feature","geometry":{"type":"Polygon","coordinates":[[[95.949,5.38],[95.946,5.381],[95.944,5.382],[95.9435,5.3785],[95.948,5.3785],[95.9495,5.379],[95.9515,5.3795],[95.9515,5.3805],[95.951,5.38],[95.949,5.38]]]},"properties":{"code":"11.07.09.2012","name":"Meunasah Peukan"}},{"type":"Feature","geometry":{"type":"Polygon","coordinates":[[[95.9605,5.3915],[95.9445,5.4015],[95.9405,5.399],[95.948,5.3935],[95.954,5.3905],[95.9555,5.392],[95.959,5.3905],[95.9605,5.3915]]]},"properties":{"code":"11.07.09.2013","name":"Pasi Rawa"}},{"type":"Feature","geometry":{"type":"Polygon","coordinates":[[[95.9445,5.4015],[95.935,5.4045],[95.9335,5.4055],[95.9325,5.405],[95.9335,5.404],[95.935,5.403],[95.936,5.402],[95.9405,5.399],[95.9445,5.4015]]]},"properties":{"code":"11.07.09.2014","name":"Pasi Peukan Baro"}},{"type":"Feature","geometry":{"type":"Polygon","coordinates":[[[95.943,5.383],[95.9395,5.3785],[95.9435,5.3785],[95.944,5.382],[95.9435,5.3825],[95.943,5.383]]]},"properties":{"code":"11.07.09.2015","name":"Tanjong Krueng"}},{"type":"Feature","geometry":{"type":"Polygon","coordinates":[[[95.915,5.3125],[95.909,5.312],[95.9095,5.3105],[95.907,5.308],[95.908,5.3055],[95.9115,5.3045],[95.9115,5.3025],[95.9145,5.3015],[95.9145,5.302],[95.9145,5.3025],[95.913,5.3035],[95.915,5.3055],[95.917,5.309],[95.915,5.309],[95.915,5.3125]]]},"properties":{"code":"11.07.11.2001","name":"Blang"}},{"type":"Feature","geometry":{"type":"Polygon","coordinates":[[[95.912,5.302],[95.9115,5.3025],[95.9115,5.3045],[95.908,5.3055],[95.9065,5.303],[95.9055,5.301],[95.907,5.299],[95.907,5.298],[95.91,5.2985],[95.9115,5.3005],[95.912,5.302]]]},"properties":{"code":"11.07.11.2002","name":"Teumeucet"}},{"type":"Feature","geometry":{"type":"Polygon","coordinates":[[[95.907,5.308],[95.899,5.308],[95.894,5.3095],[95.8885,5.31],[95.884,5.314],[95.877,5.3075],[95.9045,5.2995],[95.9055,5.301],[95.9065,5.303],[95.907,5.308]]]},"properties":{"code":"11.07.11.2003","name":"Blang Cut"}},{"type":"Feature","geometry":{"type":"Polygon","coordinates":[[[95.905,5.313],[95.905,5.315],[95.8875,5.3175],[95.884,5.314],[95.8885,5.31],[95.894,5.3095],[95.899,5.308],[95.907,5.308],[95.9095,5.3105],[95.907,5.3125],[95.905,5.313]]]},"properties":{"code":"11.07.11.2004","name":"Kumbang"}},{"type":"Feature","geometry":{"type":"Polygon","coordinates":[[[95.9145,5.3015],[95.912,5.302],[95.9115,5.3005],[95.91,5.2985],[95.911,5.298],[95.915,5.297],[95.9155,5.2985],[95.915,5.299],[95.9145,5.2995],[95.913,5.2995],[95.913,5.3005],[95.9145,5.3015]]]},"properties":{"code":"11.07.11.2005","name":"Pulo Tanjong"}},{"type":"Feature","geometry":{"type":"Polygon","coordinates":[[[95.917,5.3175],[95.914,5.318],[95.9135,5.317],[95.9105,5.3165],[95.905,5.313],[95.907,5.3125],[95.909,5.312],[95.915,5.3125],[95.9155,5.3135],[95.917,5.3175]]]},"properties":{"code":"11.07.11.2006","name":"Ara Bungkok"}},{"type":"Feature","geometry":{"type":"Polygon","coordinates":[[[95.919,5.3085],[95.917,5.309],[95.915,5.3055],[95.913,5.3035],[95.9145,5.3025],[95.9145,5.302],[95.9145,5.3015],[95.913,5.3005],[95.913,5.2995],[95.9145,5.299],[95.915,5.2985],[95.9155,5.2975],[95.915,5.2945],[95.9175,5.2945],[95.917,5.2965],[95.919,5.299],[95.919,5.3085]]]},"properties":{"code":"11.07.11.2007","name":"Lagang"}},{"type":"Feature","geometry":{"type":"Polygon","coordinates":[[[95.917,5.319],[95.917,5.3175],[95.9155,5.3135],[95.915,5.309],[95.919,5.3085],[95.9215,5.315],[95.917,5.319]]]},"properties":{"code":"11.07.11.2008","name":"Mesjid Ilot"}},{"type":"Feature","geometry":{"type":"Polygon","coordinates":[[[95.929,5.316],[95.9265,5.3145],[95.9245,5.315],[95.923,5.31],[95.9265,5.3085],[95.9265,5.309],[95.927,5.311],[95.9285,5.3135],[95.929,5.316]]]},"properties":{"code":"11.07.11.2009","name":"Baroh Ilot"}},{"type":"Feature","geometry":{"type":"Polygon","coordinates":[[[95.9235,5.315],[95.922,5.3155],[95.919,5.3085],[95.921,5.305],[95.9245,5.315],[95.9235,5.315]]]},"properties":{"code":"11.07.11.2010","name":"Tunong Ilot"}},{"type":"Feature","geometry":{"type":"Polygon","coordinates":[[[95.9265,5.3085],[95.923,5.31],[95.921,5.305],[95.923,5.304],[95.9245,5.305],[95.9255,5.3065],[95.926,5.308],[95.9265,5.3085]]]},"properties":{"code":"11.07.11.2011","name":"Teungoh Ilot"}},{"type":"Feature","geometry":{"type":"Polygon","coordinates":[[[95.9045,5.2995],[95.877,5.3075],[95.8755,5.3025],[95.875,5.3],[95.8775,5.298],[95.881,5.295],[95.8865,5.2925],[95.887,5.2915],[95.888,5.291],[95.888,5.292],[95.888,5.296],[95.889,5.2995],[95.893,5.297],[95.899,5.2945],[95.906,5.2955],[95.907,5.299],[95.9045,5.2995]]]},"properties":{"code":"11.07.11.2012","name":"Dayah Andeue"}},{"type":"Feature","geometry":{"type":"Polygon","coordinates":[[[95.915,5.297],[95.911,5.298],[95.91,5.2985],[95.907,5.298],[95.906,5.2955],[95.9025,5.288],[95.9055,5.287],[95.906,5.289],[95.907,5.2905],[95.9125,5.292],[95.914,5.2945],[95.915,5.2945],[95.915,5.297]]]},"properties":{"code":"11.07.11.2013","name":"Dayah Sinthop"}},{"type":"Feature","geometry":{"type":"Polygon","coordinates":[[[95.9175,5.2945],[95.914,5.2945],[95.9125,5.292],[95.907,5.2905],[95.906,5.289],[95.905,5.285],[95.909,5.2855],[95.9125,5.2845],[95.9145,5.284],[95.9235,5.287],[95.923,5.289],[95.9205,5.2905],[95.919,5.2905],[95.9185,5.2905],[95.918,5.2915],[95.9175,5.2945]]]},"properties":{"code":"11.07.11.2014","name":"Kulu"}},{"type":"Feature","geometry":{"type":"Polygon","coordinates":[[[95.901,5.2875],[95.899,5.2945],[95.893,5.297],[95.889,5.2995],[95.888,5.296],[95.888,5.292],[95.888,5.291],[95.8885,5.2905],[95.899,5.287],[95.901,5.2875]]]},"properties":{"code":"11.07.11.2015","name":"Mesjid Andeue"}},{"type":"Feature","geometry":{"type":"Polygon","coordinates":[[[95.9035,5.2815],[95.8985,5.282],[95.8995,5.2765],[95.8995,5.272],[95.8995,5.27],[95.8975,5.265],[95.897,5.2645],[95.893,5.2695],[95.8905,5.265],[95.8985,5.264],[95.902,5.269],[95.9025,5.274],[95.9025,5.277],[95.9025,5.278],[95.9035,5.2815]]]},"properties":{"code":"11.07.11.2016","name":"Meuyub Lala"}},{"type":"Feature","geometry":{"type":"Polygon","coordinates":[[[95.897,5.281],[95.895,5.2825],[95.882,5.286],[95.859,5.282],[95.8545,5.282],[95.851,5.2835],[95.849,5.283],[95.848,5.2785],[95.8545,5.2675],[95.855,5.267],[95.854,5.26],[95.8565,5.259],[95.8575,5.258],[95.8575,5.257],[95.8565,5.255],[95.8575,5.2545],[95.858,5.2515],[95.859,5.252],[95.8635,5.251],[95.8675,5.2495],[95.8715,5.249],[95.872,5.25],[95.8715,5.254],[95.874,5.2575],[95.8755,5.2605],[95.879,5.264],[95.8815,5.265],[95.884,5.2655],[95.8855,5.2665],[95.8875,5.267],[95.89,5.2665],[95.893,5.2695],[95.893,5.2705],[95.8955,5.2775],[95.897,5.281]]]},"properties":{"code":"11.07.11.2017","name":"Tuha Lala"}},{"type":"Feature","geometry":{"type":"Polygon","coordinates":[[[95.9055,5.287],[95.9025,5.288],[95.9025,5.2875],[95.902,5.2875],[95.901,5.2875],[95.899,5.287],[95.8975,5.2825],[95.8985,5.282],[95.9035,5.2815],[95.904,5.2835],[95.9045,5.2845],[95.9055,5.287]]]},"properties":{"code":"11.07.11.2018","name":"Lhok Lubu"}},{"type":"Feature","geometry":{"type":"Polygon","coordinates":[[[95.875,5.3],[95.8685,5.2955],[95.8665,5.2945],[95.863,5.2925],[95.856,5.293],[95.855,5.2925],[95.8505,5.29],[95.8495,5.285],[95.849,5.284],[95.851,5.2835],[95.8545,5.282],[95.859,5.282],[95.882,5.286],[95.895,5.2825],[95.8975,5.281],[95.8975,5.2845],[95.899,5.287],[95.8885,5.2905],[95.8875,5.291],[95.887,5.2915],[95.8865,5.2925],[95.881,5.295],[95.8775,5.298],[95.875,5.3]]]},"properties":{"code":"11.07.11.2019","name":"Babah Jurong"}},{"type":"Feature","geometry":{"type":"Polygon","coordinates":[[[95.8985,5.282],[95.8975,5.2825],[95.8975,5.281],[95.897,5.281],[95.8955,5.2775],[95.893,5.2705],[95.893,5.2695],[95.897,5.2645],[95.8975,5.265],[95.8995,5.27],[95.8995,5.272],[95.8995,5.2765],[95.8985,5.282]]]},"properties":{"code":"11.07.11.2020","name":"Krueng Lala"}},{"type":"Feature","geometry":{"type":"Polygon","coordinates":[[[95.891,5.4625],[95.8935,5.483],[95.8885,5.5025],[95.869,5.514],[95.859,5.487],[95.857,5.4865],[95.856,5.4845],[95.8545,5.484],[95.854,5.481],[95.863,5.4655],[95.875,5.4675],[95.891,5.4625]]]},"properties":{"code":"11.07.12.2001","name":"Cot"}},{"type":"Feature","geometry":{"type":"Polygon","coordinates":[[[95.869,5.514],[95.862,5.516],[95.8585,5.503],[95.8595,5.499],[95.859,5.496],[95.858,5.492],[95.857,5.4865],[95.859,5.487],[95.869,5.514]]]},"properties":{"code":"11.07.12.2002","name":"Tgk Dilaweueng"}},{"type":"Feature","geometry":{"type":"Polygon","coordinates":[[[95.862,5.516],[95.853,5.52],[95.8515,5.5185],[95.8515,5.518],[95.8525,5.518],[95.855,5.5175],[95.8585,5.5155],[95.855,5.511],[95.855,5.508],[95.8575,5.5045],[95.857,5.5005],[95.8595,5.4985],[95.8585,5.503],[95.862,5.516]]]},"properties":{"code":"11.07.12.2003","name":"Mesjid"}},{"type":"Feature","geometry":{"type":"Polygon","coordinates":[[[95.858,5.492],[95.8485,5.4905],[95.8455,5.492],[95.8435,5.4845],[95.843,5.484],[95.836,5.475],[95.836,5.4745],[95.8355,5.474],[95.8365,5.473],[95.834,5.469],[95.835,5.4675],[95.836,5.467],[95.8355,5.4655],[95.833,5.46],[95.832,5.459],[95.829,5.455],[95.829,5.454],[95.83,5.453],[95.832,5.453],[95.8355,5.452],[95.836,5.451],[95.837,5.4495],[95.838,5.4475],[95.839,5.4465],[95.8405,5.4455],[95.844,5.445],[95.846,5.445],[95.8485,5.447],[95.85,5.448],[95.85,5.4505],[95.8545,5.4555],[95.8555,5.458],[95.8555,5.4605],[95.8565,5.4625],[95.8595,5.465],[95.862,5.465],[95.863,5.4655],[95.854,5.481],[95.8545,5.484],[95.856,5.4845],[95.857,5.4865],[95.858,5.492]]]},"properties":{"code":"11.07.12.2004","name":"Keupula"}},{"type":"Feature","geometry":{"type":"Polygon","coordinates":[[[95.8595,5.4985],[95.857,5.5005],[95.8575,5.5045],[95.855,5.508],[95.855,5.511],[95.8585,5.5155],[95.855,5.5175],[95.8525,5.518],[95.8515,5.518],[95.851,5.5145],[95.845,5.4925],[95.8485,5.4905],[95.858,5.492],[95.859,5.496],[95.8595,5.4985]]]},"properties":{"code":"11.07.12.2005","name":"Suka Jaya"}},{"type":"Feature","geometry":{"type":"Polygon","coordinates":[[[95.8395,5.502],[95.8195,5.4825],[95.8165,5.4725],[95.818,5.473],[95.835,5.4675],[95.834,5.469],[95.8365,5.473],[95.8355,5.474],[95.836,5.4745],[95.836,5.475],[95.843,5.484],[95.8435,5.4845],[95.8455,5.492],[95.8445,5.494],[95.843,5.4945],[95.8395,5.502]]]},"properties":{"code":"11.07.12.2006","name":"Pawod"}},{"type":"Feature","geometry":{"type":"Polygon","coordinates":[[[95.837,5.511],[95.8355,5.5125],[95.835,5.5125],[95.8315,5.515],[95.831,5.5145],[95.8215,5.497],[95.82,5.495],[95.815,5.489],[95.796,5.4805],[95.787,5.4665],[95.7895,5.467],[95.8155,5.4665],[95.816,5.4675],[95.816,5.4715],[95.8195,5.4825],[95.8395,5.502],[95.841,5.502],[95.8415,5.5035],[95.84,5.505],[95.8395,5.5045],[95.838,5.505],[95.8405,5.5085],[95.841,5.5095],[95.8405,5.511],[95.8375,5.5095],[95.837,5.511]]]},"properties":{"code":"11.07.12.2007","name":"Deyah"}},{"type":"Feature","geometry":{"type":"Polygon","coordinates":[[[95.853,5.52],[95.85,5.5215],[95.842,5.5125],[95.8405,5.5125],[95.841,5.514],[95.841,5.515],[95.8385,5.5155],[95.837,5.5135],[95.8385,5.5135],[95.8385,5.5115],[95.837,5.511],[95.8375,5.5095],[95.8405,5.511],[95.841,5.5095],[95.8405,5.5085],[95.838,5.505],[95.8395,5.5045],[95.84,5.505],[95.8415,5.5035],[95.841,5.502],[95.8395,5.502],[95.843,5.4945],[95.8445,5.494],[95.845,5.4925],[95.851,5.5145],[95.8515,5.5185],[95.853,5.52]]]},"properties":{"code":"11.07.12.2008","name":"Krueng"}},{"type":"Feature","geometry":{"type":"Polygon","coordinates":[[[95.834,5.518],[95.83,5.5195],[95.827,5.516],[95.82,5.5065],[95.817,5.5025],[95.817,5.4995],[95.821,5.496],[95.8215,5.497],[95.831,5.5145],[95.8315,5.515],[95.835,5.5125],[95.8355,5.5125],[95.837,5.511],[95.8385,5.5115],[95.8385,5.5135],[95.837,5.5135],[95.8385,5.5155],[95.834,5.518]]]},"properties":{"code":"11.07.12.2009","name":"Gle Cut"}},{"type":"Feature","geometry":{"type":"Polygon","coordinates":[[[95.85,5.5215],[95.842,5.526],[95.834,5.518],[95.8385,5.5155],[95.841,5.515],[95.841,5.514],[95.8405,5.5125],[95.842,5.5125],[95.85,5.5215]]]},"properties":{"code":"11.07.12.2010","name":"Ie Masen"}},{"type":"Feature","geometry":{"type":"Polygon","coordinates":[[[95.842,5.526],[95.836,5.53],[95.8145,5.508],[95.8145,5.507],[95.814,5.507],[95.8115,5.5055],[95.799,5.4985],[95.7775,5.478],[95.7715,5.455],[95.773,5.455],[95.7765,5.454],[95.777,5.4515],[95.778,5.4475],[95.7785,5.4475],[95.779,5.447],[95.7805,5.449],[95.784,5.45],[95.7875,5.4505],[95.791,5.451],[95.799,5.4515],[95.8035,5.4525],[95.805,5.4525],[95.8065,5.4525],[95.803,5.4535],[95.804,5.4545],[95.8155,5.4655],[95.8155,5.4665],[95.7895,5.467],[95.787,5.4665],[95.796,5.4805],[95.815,5.489],[95.82,5.495],[95.821,5.496],[95.817,5.4995],[95.817,5.5025],[95.82,5.5065],[95.827,5.516],[95.83,5.5195],[95.834,5.518],[95.842,5.526]]]},"properties":{"code":"11.07.12.2011","name":"Sagoe"}},{"type":"Feature","geometry":{"type":"Polygon","coordinates":[[[95.836,5.53],[95.83,5.534],[95.8285,5.529],[95.8255,5.524],[95.8245,5.5225],[95.814,5.51],[95.8145,5.508],[95.836,5.53]]]},"properties":{"code":"11.07.12.2012","name":"Ujong Pie"}},{"type":"Feature","geometry":{"type":"Polygon","coordinates":[[[95.83,5.534],[95.815,5.537],[95.809,5.5295],[95.8045,5.531],[95.806,5.511],[95.8115,5.5055],[95.814,5.507],[95.8145,5.507],[95.8145,5.508],[95.814,5.51],[95.8245,5.5225],[95.8255,5.524],[95.8285,5.529],[95.83,5.534]]]},"properties":{"code":"11.07.12.2013","name":"Blang Raya"}},{"type":"Feature","geometry":{"type":"Polygon","coordinates":[[[95.815,5.537],[95.799,5.543],[95.7925,5.5325],[95.7995,5.5325],[95.809,5.5295],[95.815,5.537]]]},"properties":{"code":"11.07.12.2014","name":"Batee"}},{"type":"Feature","geometry":{"type":"Polygon","coordinates":[[[95.8045,5.531],[95.7995,5.5325],[95.7925,5.5325],[95.789,5.532],[95.785,5.52],[95.76,5.502],[95.7585,5.5005],[95.7505,5.491],[95.747,5.482],[95.745,5.483],[95.7445,5.4815],[95.744,5.481],[95.7435,5.4805],[95.744,5.4805],[95.754,5.4785],[95.756,5.4765],[95.764,5.4675],[95.7595,5.461],[95.77,5.4535],[95.772,5.4535],[95.7715,5.455],[95.7775,5.478],[95.799,5.4985],[95.8115,5.5055],[95.806,5.511],[95.8045,5.531]]]},"properties":{"code":"11.07.12.2015","name":"Ingin Jaya"}},{"type":"Feature","geometry":{"type":"Polygon","coordinates":[[[95.789,5.532],[95.7815,5.5425],[95.7715,5.538],[95.7285,5.5405],[95.7275,5.5315],[95.7255,5.5235],[95.737,5.516],[95.7375,5.5125],[95.728,5.505],[95.727,5.5025],[95.729,5.492],[95.7405,5.4825],[95.7435,5.4805],[95.744,5.481],[95.7445,5.4815],[95.745,5.483],[95.747,5.482],[95.7505,5.491],[95.7585,5.5005],[95.76,5.502],[95.785,5.52],[95.789,5.532]]]},"properties":{"code":"11.07.12.2016","name":"Papeun"}},{"type":"Feature","geometry":{"type":"Polygon","coordinates":[[[95.799,5.543],[95.78,5.5505],[95.7695,5.5585],[95.7445,5.5695],[95.731,5.545],[95.7285,5.542],[95.7285,5.5405],[95.7715,5.538],[95.7815,5.5425],[95.789,5.532],[95.7925,5.5325],[95.799,5.543]]]},"properties":{"code":"11.07.12.2017","name":"Tuha Biheue"}},{"type":"Feature","geometry":{"type":"Polygon","coordinates":[[[95.835,5.4675],[95.818,5.473],[95.8165,5.4725],[95.816,5.4715],[95.816,5.4675],[95.8155,5.4655],[95.804,5.4545],[95.803,5.4535],[95.806,5.4525],[95.8085,5.4515],[95.8235,5.4525],[95.8255,5.4525],[95.827,5.4535],[95.8275,5.4545],[95.8285,5.4545],[95.829,5.455],[95.832,5.459],[95.833,5.46],[95.8355,5.4655],[95.836,5.467],[95.835,5.4675]]]},"properties":{"code":"11.07.12.2018","name":"Simpang Beutong"}},{"type":"Feature","geometry":{"type":"Polygon","coordinates":[[[95.9815,5.2805],[95.98,5.2845],[95.979,5.2815],[95.9775,5.281],[95.9775,5.2805],[95.976,5.28],[95.9755,5.2775],[95.9775,5.277],[95.9815,5.2805]]]},"properties":{"code":"11.07.13.2001","name":"Mesjid Yaman"}},{"type":"Feature","geometry":{"type":"Polygon","coordinates":[[[95.9815,5.2805],[95.9775,5.277],[95.976,5.2775],[95.975,5.2755],[95.976,5.275],[95.9795,5.2745],[95.982,5.276],[95.9855,5.277],[95.9815,5.2805]]]},"properties":{"code":"11.07.13.2002","name":"Baro Yaman"}},{"type":"Feature","geometry":{"type":"Polygon","coordinates":[[[95.9775,5.281],[95.97,5.286],[95.9685,5.283],[95.968,5.283],[95.966,5.28],[95.965,5.2785],[95.967,5.277],[95.968,5.278],[95.9735,5.2765],[95.9735,5.276],[95.975,5.2755],[95.976,5.2775],[95.9755,5.2775],[95.976,5.28],[95.9775,5.2805],[95.9775,5.281]]]},"properties":{"code":"11.07.13.2003","name":"Mee Teungoh"}},{"type":"Feature","geometry":{"type":"Polygon","coordinates":[[[95.988,5.2805],[95.9835,5.2875],[95.982,5.286],[95.981,5.2865],[95.98,5.2845],[95.9815,5.2805],[95.9855,5.277],[95.987,5.2785],[95.988,5.2805]]]},"properties":{"code":"11.07.13.2004","name":"Sentosa"}},{"type":"Feature","geometry":{"type":"Polygon","coordinates":[[[95.981,5.2865],[95.9785,5.2875],[95.972,5.2915],[95.9715,5.2895],[95.9705,5.287],[95.97,5.286],[95.9775,5.281],[95.979,5.2815],[95.981,5.2865]]]},"properties":{"code":"11.07.13.2005","name":"Baroh Barat Yaman"}},{"type":"Feature","geometry":{"type":"Polygon","coordinates":[[[95.995,5.306],[95.9925,5.3095],[95.992,5.308],[95.989,5.307],[95.988,5.3065],[95.9875,5.306],[95.9875,5.3055],[95.985,5.3045],[95.9875,5.3035],[95.9895,5.303],[95.992,5.3015],[95.995,5.306]]]},"properties":{"code":"11.07.13.2006","name":"Tuha Gampong Gajah"}},{"type":"Feature","geometry":{"type":"Polygon","coordinates":[[[95.992,5.3015],[95.988,5.3035],[95.9875,5.303],[95.9865,5.302],[95.9855,5.301],[95.99,5.299],[95.9905,5.299],[95.992,5.3015]]]},"properties":{"code":"11.07.13.2007","name":"Jadan"}},{"type":"Feature","geometry":{"type":"Polygon","coordinates":[[[95.9825,5.288],[95.9755,5.2915],[95.972,5.2915],[95.9785,5.2875],[95.982,5.286],[95.9835,5.2875],[95.9825,5.288]]]},"properties":{"code":"11.07.13.2008","name":"Bale Baro Keumangan"}},{"type":"Feature","geometry":{"type":"Polygon","coordinates":[[[95.99,5.299],[95.9855,5.301],[95.982,5.299],[95.9815,5.299],[95.9795,5.295],[95.985,5.2925],[95.988,5.2985],[95.99,5.299]]]},"properties":{"code":"11.07.13.2009","name":"Blang Tidiek"}},{"type":"Feature","geometry":{"type":"Polygon","coordinates":[[[95.9725,5.293],[95.969,5.2955],[95.968,5.295],[95.9645,5.2905],[95.9635,5.289],[95.9625,5.288],[95.968,5.283],[95.9685,5.283],[95.9705,5.287],[95.9715,5.2895],[95.9725,5.293]]]},"properties":{"code":"11.07.13.2010","name":"Blang Lileue"}},{"type":"Feature","geometry":{"type":"Polygon","coordinates":[[[95.978,5.3005],[95.9735,5.302],[95.973,5.3015],[95.971,5.299],[95.9795,5.295],[95.9815,5.299],[95.98,5.2985],[95.9775,5.2995],[95.978,5.3005]]]},"properties":{"code":"11.07.13.2011","name":"Keumangan Cut"}},{"type":"Feature","geometry":{"type":"Polygon","coordinates":[[[95.9795,5.295],[95.971,5.299],[95.9695,5.2965],[95.968,5.295],[95.969,5.2955],[95.9725,5.293],[95.9755,5.2915],[95.9825,5.288],[95.9845,5.2905],[95.985,5.2925],[95.9795,5.295]]]},"properties":{"code":"11.07.13.2012","name":"Mesjid Keumangan"}},{"type":"Feature","geometry":{"type":"Polygon","coordinates":[[[95.988,5.3035],[95.9875,5.3035],[95.985,5.3045],[95.9835,5.3045],[95.9815,5.3035],[95.979,5.303],[95.9775,5.2995],[95.98,5.2985],[95.982,5.299],[95.9855,5.301],[95.9865,5.302],[95.987,5.303],[95.988,5.3035]]]},"properties":{"code":"11.07.13.2013","name":"Dayah Tidiek"}},{"type":"Feature","geometry":{"type":"Polygon","coordinates":[[[95.9935,5.288],[95.993,5.2885],[95.987,5.292],[95.985,5.2925],[95.9845,5.2905],[95.9825,5.288],[95.9835,5.2875],[95.988,5.2805],[95.9895,5.283],[95.992,5.284],[95.9925,5.284],[95.993,5.286],[95.9935,5.288]]]},"properties":{"code":"11.07.13.2014","name":"Lueng Sagoe"}},{"type":"Feature","geometry":{"type":"Polygon","coordinates":[[[95.9975,5.286],[95.9955,5.2875],[95.9935,5.288],[95.993,5.286],[95.9925,5.284],[95.996,5.2825],[95.998,5.2835],[95.9995,5.284],[95.9975,5.2855],[95.997,5.2855],[95.9975,5.286]]]},"properties":{"code":"11.07.13.2015","name":"Blang Beureueh"}},{"type":"Feature","geometry":{"type":"Polygon","coordinates":[[[95.9995,5.291],[95.9985,5.2925],[95.9875,5.2975],[95.985,5.2925],[95.987,5.292],[95.993,5.2885],[95.9955,5.2875],[95.9975,5.286],[95.998,5.287],[95.9995,5.287],[96,5.2875],[96,5.2885],[95.999,5.2905],[95.9995,5.291]]]},"properties":{"code":"11.07.13.2016","name":"Dayah Beureueh"}},{"type":"Feature","geometry":{"type":"Polygon","coordinates":[[[96.0025,5.286],[95.9995,5.287],[95.998,5.287],[95.997,5.2855],[95.9975,5.2855],[95.9995,5.284],[96.0005,5.2845],[96.0025,5.286]]]},"properties":{"code":"11.07.13.2017","name":"Pante Beureueh"}},{"type":"Feature","geometry":{"type":"Polygon","coordinates":[[[95.9735,5.276],[95.9735,5.2765],[95.968,5.278],[95.967,5.277],[95.967,5.2755],[95.9655,5.2745],[95.9665,5.27],[95.9715,5.271],[95.972,5.2735],[95.9735,5.276]]]},"properties":{"code":"11.07.13.2018","name":"Rapana"}},{"type":"Feature","geometry":{"type":"Polygon","coordinates":[[[95.9655,5.2795],[95.963,5.281],[95.962,5.279],[95.9605,5.2745],[95.964,5.2725],[95.967,5.2755],[95.967,5.277],[95.965,5.2785],[95.9655,5.2795]]]},"properties":{"code":"11.07.13.2019","name":"Paya Tiba"}},{"type":"Feature","geometry":{"type":"Polygon","coordinates":[[[96.01,5.297],[96.0095,5.2995],[96.008,5.299],[96.0055,5.2985],[96.003,5.299],[96,5.299],[95.999,5.299],[95.996,5.298],[96.0045,5.2945],[96.005,5.2945],[96.0085,5.2945],[96.01,5.297]]]},"properties":{"code":"11.07.13.2020","name":"Paloh Kambuek"}},{"type":"Feature","geometry":{"type":"Polygon","coordinates":[[[95.996,5.298],[95.99,5.299],[95.9875,5.2975],[95.9985,5.2925],[95.9995,5.291],[96.0015,5.291],[96.004,5.289],[96.005,5.289],[96.0055,5.289],[96.0065,5.289],[96.007,5.291],[96.0045,5.2945],[95.996,5.298]]]},"properties":{"code":"11.07.13.2021","name":"Lampoh Sirong"}},{"type":"Feature","geometry":{"type":"Polygon","coordinates":[[[95.9575,5.2925],[95.9565,5.292],[95.9505,5.291],[95.946,5.292],[95.945,5.2935],[95.9435,5.2915],[95.9425,5.289],[95.9425,5.2875],[95.948,5.2845],[95.949,5.285],[95.957,5.2895],[95.9565,5.2895],[95.9575,5.2905],[95.9575,5.2925]]]},"properties":{"code":"11.07.13.2022","name":"Mee Panyang"}},{"type":"Feature","geometry":{"type":"Polygon","coordinates":[[[95.9535,5.2765],[95.952,5.277],[95.951,5.2775],[95.952,5.28],[95.95,5.2815],[95.947,5.278],[95.946,5.2775],[95.9515,5.272],[95.9535,5.2765]]]},"properties":{"code":"11.07.13.2023","name":"Reului"}},{"type":"Feature","geometry":{"type":"Polygon","coordinates":[[[95.946,5.2775],[95.9435,5.2765],[95.94,5.275],[95.941,5.2745],[95.943,5.2725],[95.942,5.27],[95.941,5.2685],[95.9465,5.265],[95.9495,5.2685],[95.9515,5.272],[95.946,5.2775]]]},"properties":{"code":"11.07.13.2024","name":"Dayah Syarif"}},{"type":"Feature","geometry":{"type":"Polygon","coordinates":[[[95.948,5.2845],[95.9425,5.2875],[95.9415,5.285],[95.941,5.284],[95.9405,5.283],[95.9485,5.281],[95.95,5.2835],[95.948,5.2845]]]},"properties":{"code":"11.07.13.2025","name":"Peureulak"}},{"type":"Feature","geometry":{"type":"Polygon","coordinates":[[[95.9485,5.281],[95.9405,5.283],[95.939,5.279],[95.938,5.278],[95.9395,5.2775],[95.9405,5.277],[95.9415,5.2775],[95.9435,5.2765],[95.946,5.2775],[95.947,5.278],[95.949,5.2805],[95.9485,5.281]]]},"properties":{"code":"11.07.13.2026","name":"Ribeun"}},{"type":"Feature","geometry":{"type":"Polygon","coordinates":[[[95.9625,5.288],[95.9585,5.2885],[95.9575,5.289],[95.958,5.2825],[95.9625,5.2805],[95.963,5.281],[95.9655,5.2795],[95.966,5.28],[95.968,5.283],[95.9625,5.288]]]},"properties":{"code":"11.07.13.2027","name":"Balee Busu"}},{"type":"Feature","geometry":{"type":"Polygon","coordinates":[[[95.9575,5.289],[95.957,5.2895],[95.949,5.285],[95.948,5.2845],[95.95,5.2835],[95.9485,5.281],[95.949,5.2805],[95.95,5.2815],[95.952,5.28],[95.951,5.2775],[95.952,5.277],[95.9535,5.2765],[95.954,5.277],[95.9545,5.277],[95.9595,5.2815],[95.958,5.2825],[95.9575,5.289]]]},"properties":{"code":"11.07.13.2028","name":"Lingkok"}},{"type":"Feature","geometry":{"type":"Polygon","coordinates":[[[95.9645,5.2905],[95.962,5.292],[95.961,5.292],[95.96,5.2925],[95.96,5.292],[95.9575,5.2925],[95.9575,5.2905],[95.9565,5.2895],[95.9585,5.2885],[95.9625,5.288],[95.9635,5.289],[95.9645,5.2905]]]},"properties":{"code":"11.07.13.2029","name":"Kumbang"}},{"type":"Feature","geometry":{"type":"Polygon","coordinates":[[[95.861,5.3345],[95.8605,5.335],[95.862,5.3385],[95.85,5.3335],[95.849,5.333],[95.8475,5.3295],[95.834,5.3085],[95.832,5.307],[95.8385,5.308],[95.842,5.308],[95.8525,5.323],[95.853,5.3255],[95.853,5.3265],[95.8545,5.3285],[95.855,5.3295],[95.861,5.3325],[95.861,5.3345]]]},"properties":{"code":"11.07.14.2001","name":"Mesjid Kunyet"}},{"type":"Feature","geometry":{"type":"Polygon","coordinates":[[[95.8745,5.349],[95.874,5.3485],[95.8625,5.351],[95.8605,5.346],[95.862,5.3385],[95.8605,5.335],[95.861,5.3345],[95.8665,5.3365],[95.8765,5.3445],[95.877,5.347],[95.8745,5.349]]]},"properties":{"code":"11.07.14.2002","name":"Piala Kunyet"}},{"type":"Feature","geometry":{"type":"Polygon","coordinates":[[[95.8765,5.3445],[95.8665,5.3365],[95.8725,5.332],[95.8785,5.3295],[95.8785,5.3305],[95.8775,5.3325],[95.8775,5.334],[95.8785,5.335],[95.878,5.34],[95.878,5.344],[95.8765,5.3445]]]},"properties":{"code":"11.07.14.2003","name":"Hagu Kunyet"}},{"type":"Feature","geometry":{"type":"Polygon","coordinates":[[[95.8725,5.332],[95.8665,5.3365],[95.861,5.3345],[95.861,5.333],[95.865,5.3315],[95.8675,5.331],[95.8695,5.332],[95.871,5.3315],[95.8725,5.332]]]},"properties":{"code":"11.07.14.2004","name":"Baro Kunyet"}},{"type":"Feature","geometry":{"type":"Polygon","coordinates":[[[95.869,5.3305],[95.8675,5.331],[95.865,5.3315],[95.861,5.333],[95.861,5.3325],[95.855,5.3295],[95.8545,5.3285],[95.853,5.3265],[95.853,5.3255],[95.8525,5.323],[95.842,5.308],[95.8415,5.307],[95.8465,5.3065],[95.854,5.312],[95.856,5.314],[95.8555,5.3155],[95.857,5.323],[95.8605,5.325],[95.863,5.329],[95.865,5.328],[95.867,5.328],[95.8675,5.3285],[95.8695,5.3285],[95.869,5.3305]]]},"properties":{"code":"11.07.14.2005","name":"Dayah Tanoh Kunyet"}},{"type":"Feature","geometry":{"type":"Polygon","coordinates":[[[95.8695,5.3285],[95.8675,5.3285],[95.867,5.328],[95.865,5.328],[95.863,5.329],[95.8605,5.325],[95.857,5.323],[95.8555,5.3155],[95.856,5.314],[95.8555,5.3135],[95.856,5.313],[95.857,5.3135],[95.8625,5.317],[95.864,5.32],[95.869,5.32],[95.8695,5.327],[95.8695,5.3285]]]},"properties":{"code":"11.07.14.2006","name":"Kambuek Nicah Kunyet"}},{"type":"Feature","geometry":{"type":"Polygon","coordinates":[[[95.881,5.329],[95.8785,5.3295],[95.871,5.3315],[95.8695,5.332],[95.869,5.3305],[95.8695,5.327],[95.869,5.32],[95.873,5.313],[95.8745,5.3125],[95.8765,5.311],[95.877,5.314],[95.882,5.3225],[95.8845,5.3245],[95.8855,5.326],[95.8835,5.3275],[95.8825,5.3285],[95.881,5.329]]]},"properties":{"code":"11.07.14.2007","name":"Kambuek Payapi Kunyet"}},{"type":"Feature","geometry":{"type":"Polygon","coordinates":[[[95.869,5.32],[95.864,5.32],[95.863,5.318],[95.864,5.305],[95.8645,5.303],[95.8595,5.302],[95.8585,5.3005],[95.8565,5.2935],[95.863,5.2925],[95.8665,5.2945],[95.8685,5.2955],[95.875,5.3],[95.8755,5.3025],[95.877,5.3075],[95.876,5.31],[95.8765,5.311],[95.8745,5.3125],[95.873,5.313],[95.869,5.32]]]},"properties":{"code":"11.07.14.2008","name":"Seunadeu Kunyet"}},{"type":"Feature","geometry":{"type":"Polygon","coordinates":[[[95.8565,5.2935],[95.8585,5.3005],[95.8595,5.302],[95.8645,5.303],[95.864,5.305],[95.863,5.318],[95.8625,5.317],[95.857,5.3135],[95.856,5.313],[95.8555,5.3135],[95.854,5.312],[95.8465,5.3065],[95.8415,5.307],[95.8385,5.308],[95.832,5.307],[95.831,5.307],[95.829,5.304],[95.8295,5.3005],[95.8225,5.301],[95.804,5.283],[95.802,5.2815],[95.8005,5.2815],[95.7965,5.2815],[95.7925,5.2815],[95.791,5.2805],[95.788,5.268],[95.788,5.2675],[95.7905,5.2675],[95.793,5.266],[95.794,5.2605],[95.807,5.2505],[95.8155,5.2415],[95.8215,5.241],[95.822,5.241],[95.8245,5.242],[95.834,5.2465],[95.838,5.2475],[95.855,5.257],[95.8565,5.2585],[95.8565,5.259],[95.8545,5.259],[95.854,5.26],[95.855,5.267],[95.8545,5.2675],[95.848,5.2785],[95.849,5.283],[95.849,5.284],[95.8495,5.285],[95.8505,5.29],[95.855,5.2925],[95.856,5.293],[95.8565,5.2935]]]},"properties":{"code":"11.07.14.2009","name":"Blang Gunci Kunyet"}},{"type":"Feature","geometry":{"type":"Polygon","coordinates":[[[95.862,5.3385],[95.8605,5.346],[95.8575,5.342],[95.854,5.337],[95.85,5.3335],[95.862,5.3385]]]},"properties":{"code":"11.07.14.2010","name":"Dayah Baroh Kunyet"}},{"type":"Feature","geometry":{"type":"Polygon","coordinates":[[[95.8575,5.342],[95.857,5.343],[95.8495,5.349],[95.841,5.3385],[95.8225,5.327],[95.8145,5.3095],[95.8,5.3135],[95.791,5.3035],[95.7895,5.303],[95.771,5.3025],[95.7665,5.298],[95.765,5.293],[95.7645,5.2915],[95.7635,5.291],[95.765,5.29],[95.772,5.286],[95.791,5.2805],[95.7925,5.2815],[95.7965,5.2815],[95.8005,5.2815],[95.802,5.2815],[95.804,5.283],[95.8225,5.301],[95.8295,5.3005],[95.829,5.304],[95.831,5.307],[95.834,5.3085],[95.8475,5.3295],[95.849,5.333],[95.854,5.337],[95.8575,5.342]]]},"properties":{"code":"11.07.14.2011","name":"Blang Geuleudieng"}},{"type":"Feature","geometry":{"type":"Polygon","coordinates":[[[95.838,5.3515],[95.836,5.3505],[95.8335,5.3505],[95.831,5.3505],[95.818,5.3445],[95.813,5.341],[95.812,5.341],[95.811,5.3415],[95.8095,5.341],[95.8095,5.338],[95.807,5.337],[95.8035,5.3375],[95.806,5.3395],[95.8035,5.3385],[95.803,5.338],[95.8015,5.338],[95.8,5.3425],[95.7985,5.3415],[95.7975,5.341],[95.796,5.342],[95.7945,5.3385],[95.7925,5.336],[95.7915,5.3365],[95.79,5.3335],[95.7885,5.3325],[95.785,5.3295],[95.7835,5.3285],[95.777,5.328],[95.776,5.3295],[95.7745,5.3305],[95.7735,5.3295],[95.7695,5.3325],[95.754,5.3265],[95.7525,5.322],[95.7515,5.321],[95.7495,5.32],[95.7485,5.3195],[95.749,5.317],[95.762,5.3145],[95.758,5.3025],[95.7625,5.293],[95.7635,5.291],[95.7645,5.2915],[95.765,5.293],[95.7665,5.298],[95.771,5.3025],[95.7895,5.303],[95.791,5.3035],[95.8,5.3135],[95.8145,5.3095],[95.8225,5.327],[95.841,5.3385],[95.8495,5.349],[95.8465,5.3525],[95.842,5.35],[95.838,5.3515]]]},"properties":{"code":"11.07.14.2012","name":"Geulumpang Geuleudieng"}},{"type":"Feature","geometry":{"type":"Polygon","coordinates":[[[95.862,5.3535],[95.8515,5.3525],[95.8475,5.353],[95.8465,5.3525],[95.8495,5.349],[95.857,5.343],[95.8605,5.346],[95.862,5.352],[95.862,5.3535]]]},"properties":{"code":"11.07.14.2013","name":"Mesjid Geuleudieng"}},{"type":"Feature","geometry":{"type":"Polygon","coordinates":[[[95.858,5.366],[95.858,5.3665],[95.856,5.3675],[95.855,5.3675],[95.855,5.3665],[95.853,5.3655],[95.851,5.3655],[95.85,5.365],[95.8545,5.3625],[95.858,5.3625],[95.858,5.366]]]},"properties":{"code":"11.07.14.2014","name":"Sukon Peudaya"}},{"type":"Feature","geometry":{"type":"Polygon","coordinates":[[[95.858,5.3625],[95.8545,5.3625],[95.8605,5.3585],[95.876,5.352],[95.877,5.3545],[95.875,5.3555],[95.865,5.3595],[95.858,5.3625]]]},"properties":{"code":"11.07.14.2015","name":"Mesjid Peudaya"}},{"type":"Feature","geometry":{"type":"Polygon","coordinates":[[[95.862,5.363],[95.858,5.366],[95.858,5.3625],[95.865,5.3595],[95.875,5.3555],[95.877,5.3545],[95.878,5.3565],[95.8765,5.358],[95.875,5.358],[95.862,5.363]]]},"properties":{"code":"11.07.14.2016","name":"Cut Peudaya"}},{"type":"Feature","geometry":{"type":"Polygon","coordinates":[[[95.8615,5.358],[95.8605,5.3585],[95.859,5.3595],[95.859,5.3575],[95.861,5.357],[95.8615,5.358]]]},"properties":{"code":"11.07.14.2017","name":"Buloh Peudaya"}},{"type":"Feature","geometry":{"type":"Polygon","coordinates":[[[95.859,5.3575],[95.859,5.357],[95.854,5.36],[95.8535,5.359],[95.8515,5.3525],[95.862,5.3535],[95.8605,5.3565],[95.861,5.357],[95.859,5.3575]]]},"properties":{"code":"11.07.14.2018","name":"Perlak Peudaya"}},{"type":"Feature","geometry":{"type":"Polygon","coordinates":[[[95.8485,5.362],[95.847,5.362],[95.8455,5.358],[95.8525,5.3555],[95.8535,5.359],[95.854,5.3605],[95.8485,5.362]]]},"properties":{"code":"11.07.14.2019","name":"Dayah Peudaya"}},{"type":"Feature","geometry":{"type":"Polygon","coordinates":[[[95.847,5.362],[95.846,5.362],[95.846,5.364],[95.8445,5.3665],[95.843,5.363],[95.841,5.3595],[95.845,5.3585],[95.8455,5.358],[95.847,5.362]]]},"properties":{"code":"11.07.14.2020","name":"Teungoh Peudaya"}},{"type":"Feature","geometry":{"type":"Polygon","coordinates":[[[95.859,5.3595],[95.8545,5.3625],[95.854,5.36],[95.859,5.357],[95.859,5.3595]]]},"properties":{"code":"11.07.14.2021","name":"Tuha Peudaya"}},{"type":"Feature","geometry":{"type":"Polygon","coordinates":[[[95.8625,5.371],[95.86,5.3695],[95.862,5.363],[95.875,5.358],[95.8765,5.358],[95.878,5.3565],[95.8825,5.3555],[95.883,5.3605],[95.8815,5.362],[95.874,5.3645],[95.8745,5.3655],[95.8625,5.371]]]},"properties":{"code":"11.07.14.2022","name":"Tunong Peudaya"}},{"type":"Feature","geometry":{"type":"Polygon","coordinates":[[[95.876,5.352],[95.8615,5.358],[95.8605,5.3565],[95.862,5.3535],[95.862,5.352],[95.8625,5.351],[95.874,5.3485],[95.876,5.352]]]},"properties":{"code":"11.07.14.2023","name":"Buni Reulieng Peudaya"}},{"type":"Feature","geometry":{"type":"Polygon","coordinates":[[[95.8425,5.375],[95.84,5.376],[95.8395,5.376],[95.838,5.379],[95.8355,5.3775],[95.8335,5.378],[95.8325,5.3755],[95.833,5.3735],[95.8335,5.373],[95.8395,5.372],[95.8395,5.3715],[95.838,5.37],[95.841,5.3695],[95.8425,5.3705],[95.842,5.373],[95.8425,5.375]]]},"properties":{"code":"11.07.14.2024","name":"Trieng Paloh"}},{"type":"Feature","geometry":{"type":"Polygon","coordinates":[[[95.85,5.379],[95.844,5.3805],[95.8385,5.383],[95.8385,5.382],[95.8395,5.381],[95.839,5.3795],[95.838,5.379],[95.8395,5.376],[95.84,5.376],[95.843,5.3745],[95.8455,5.3735],[95.848,5.3755],[95.85,5.376],[95.85,5.379]]]},"properties":{"code":"11.07.14.2025","name":"Leuhob Paloh"}},{"type":"Feature","geometry":{"type":"Polygon","coordinates":[[[95.8545,5.3625],[95.85,5.365],[95.8485,5.362],[95.854,5.3605],[95.8545,5.3625]]]},"properties":{"code":"11.07.14.2026","name":"Jurong Gampong Cot Paloh"}},{"type":"Feature","geometry":{"type":"Polygon","coordinates":[[[95.8385,5.367],[95.827,5.3635],[95.8355,5.3635],[95.8375,5.3645],[95.837,5.3645],[95.8375,5.365],[95.8385,5.365],[95.8395,5.3655],[95.8385,5.3665],[95.8385,5.367]]]},"properties":{"code":"11.07.14.2027","name":"Suyo Paloh"}},{"type":"Feature","geometry":{"type":"Polygon","coordinates":[[[95.827,5.3635],[95.826,5.364],[95.819,5.364],[95.817,5.3645],[95.8035,5.3595],[95.7985,5.3585],[95.7905,5.346],[95.7875,5.344],[95.7685,5.3465],[95.7515,5.3455],[95.7515,5.344],[95.748,5.3235],[95.7485,5.3195],[95.7495,5.32],[95.7515,5.321],[95.7525,5.322],[95.754,5.3265],[95.7695,5.3325],[95.7735,5.3295],[95.7745,5.3305],[95.776,5.3295],[95.777,5.328],[95.7835,5.3285],[95.785,5.3295],[95.7885,5.3325],[95.79,5.3335],[95.7915,5.3365],[95.7925,5.336],[95.7945,5.3385],[95.796,5.342],[95.7975,5.341],[95.7985,5.3415],[95.8,5.3425],[95.8015,5.338],[95.803,5.338],[95.8035,5.3385],[95.806,5.3395],[95.8035,5.3375],[95.807,5.337],[95.8095,5.338],[95.8095,5.341],[95.811,5.3415],[95.812,5.341],[95.8135,5.341],[95.8135,5.342],[95.8125,5.3445],[95.817,5.347],[95.817,5.3495],[95.819,5.35],[95.8195,5.3505],[95.8215,5.351],[95.822,5.3515],[95.8235,5.354],[95.8245,5.3545],[95.825,5.3565],[95.825,5.358],[95.826,5.359],[95.8305,5.3575],[95.8345,5.358],[95.8355,5.3595],[95.8355,5.3635],[95.827,5.3635]]]},"properties":{"code":"11.07.14.2028","name":"Kreet Paloh"}},{"type":"Feature","geometry":{"type":"Polygon","coordinates":[[[95.841,5.3595],[95.835,5.3585],[95.8345,5.358],[95.834,5.3575],[95.8365,5.3555],[95.839,5.356],[95.841,5.3595]]]},"properties":{"code":"11.07.14.2029","name":"Capa Paloh"}},{"type":"Feature","geometry":{"type":"Polygon","coordinates":[[[95.8435,5.359],[95.841,5.3595],[95.839,5.356],[95.8365,5.3555],[95.834,5.3575],[95.8305,5.3575],[95.826,5.359],[95.825,5.358],[95.825,5.3565],[95.8245,5.3545],[95.8235,5.354],[95.822,5.3515],[95.8215,5.351],[95.8195,5.3505],[95.819,5.35],[95.817,5.3495],[95.817,5.347],[95.8125,5.3445],[95.8135,5.342],[95.8135,5.341],[95.818,5.3445],[95.831,5.3505],[95.8335,5.3505],[95.836,5.3505],[95.8385,5.352],[95.8435,5.359]]]},"properties":{"code":"11.07.14.2030","name":"Jurong Anoe Paloh"}},{"type":"Feature","geometry":{"type":"Polygon","coordinates":[[[95.843,5.3635],[95.84,5.365],[95.8395,5.365],[95.8385,5.365],[95.8375,5.365],[95.837,5.3645],[95.8375,5.3645],[95.8355,5.3635],[95.8355,5.3595],[95.835,5.3585],[95.841,5.3595],[95.843,5.363],[95.843,5.3635]]]},"properties":{"code":"11.07.14.2031","name":"Balee Paloh"}},{"type":"Feature","geometry":{"type":"Polygon","coordinates":[[[95.841,5.3695],[95.838,5.37],[95.8385,5.368],[95.8385,5.3675],[95.8385,5.3665],[95.8395,5.3655],[95.8395,5.365],[95.84,5.365],[95.843,5.3635],[95.8445,5.3665],[95.8445,5.3685],[95.841,5.3695]]]},"properties":{"code":"11.07.14.2032","name":"Siron Paloh"}},{"type":"Feature","geometry":{"type":"Polygon","coordinates":[[[95.8465,5.3685],[95.8465,5.368],[95.845,5.368],[95.8445,5.3685],[95.846,5.364],[95.846,5.362],[95.8485,5.362],[95.85,5.365],[95.8465,5.3685]]]},"properties":{"code":"11.07.14.2033","name":"Gampong Cut Paloh"}},{"type":"Feature","geometry":{"type":"Polygon","coordinates":[[[95.85,5.372],[95.847,5.369],[95.8465,5.3685],[95.85,5.365],[95.8515,5.3695],[95.852,5.3715],[95.85,5.372]]]},"properties":{"code":"11.07.14.2034","name":"Pante Cermen Paloh"}},{"type":"Feature","geometry":{"type":"Polygon","coordinates":[[[95.85,5.372],[95.851,5.3745],[95.8505,5.375],[95.851,5.376],[95.8485,5.3755],[95.848,5.3755],[95.8455,5.3735],[95.843,5.3745],[95.8425,5.375],[95.842,5.373],[95.8425,5.3705],[95.841,5.3695],[95.845,5.368],[95.8465,5.368],[95.847,5.369],[95.85,5.372]]]},"properties":{"code":"11.07.14.2035","name":"Pasar Paloh"}},{"type":"Feature","geometry":{"type":"Polygon","coordinates":[[[95.8455,5.358],[95.845,5.3585],[95.8435,5.359],[95.8385,5.352],[95.838,5.3515],[95.842,5.35],[95.8475,5.353],[95.8515,5.3525],[95.8525,5.3555],[95.8455,5.358]]]},"properties":{"code":"11.07.14.2036","name":"Cot Kunyet"}},{"type":"Feature","geometry":{"type":"Polygon","coordinates":[[[95.885,5.3965],[95.8815,5.394],[95.8765,5.391],[95.875,5.392],[95.873,5.3915],[95.873,5.3925],[95.8725,5.392],[95.872,5.391],[95.872,5.3895],[95.8705,5.387],[95.8705,5.386],[95.8745,5.383],[95.8795,5.387],[95.885,5.3945],[95.8855,5.3955],[95.885,5.3965]]]},"properties":{"code":"11.07.14.2037","name":"Meuke Beurabo"}},{"type":"Feature","geometry":{"type":"Polygon","coordinates":[[[95.8745,5.383],[95.8705,5.386],[95.8695,5.384],[95.8665,5.379],[95.867,5.375],[95.8665,5.374],[95.8715,5.3725],[95.8725,5.376],[95.874,5.379],[95.8745,5.3805],[95.8745,5.381],[95.874,5.3825],[95.8745,5.383]]]},"properties":{"code":"11.07.14.2038","name":"Mesjid Beurabo"}},{"type":"Feature","geometry":{"type":"Polygon","coordinates":[[[95.873,5.3925],[95.8715,5.3925],[95.8685,5.3895],[95.868,5.388],[95.8675,5.388],[95.865,5.389],[95.865,5.39],[95.864,5.39],[95.862,5.387],[95.86,5.3805],[95.8615,5.38],[95.861,5.3785],[95.863,5.3775],[95.8665,5.379],[95.8695,5.384],[95.8705,5.387],[95.872,5.3895],[95.872,5.391],[95.8725,5.392],[95.873,5.3925]]]},"properties":{"code":"11.07.14.2039","name":"Seukeumbrok Beurabo"}},{"type":"Feature","geometry":{"type":"Polygon","coordinates":[[[95.872,5.3965],[95.866,5.392],[95.8655,5.3905],[95.866,5.3895],[95.8675,5.388],[95.868,5.388],[95.8685,5.3895],[95.8715,5.3925],[95.8725,5.3925],[95.873,5.3925],[95.873,5.3915],[95.875,5.392],[95.8765,5.391],[95.879,5.394],[95.8785,5.3945],[95.873,5.3965],[95.872,5.3965]]]},"properties":{"code":"11.07.14.2040","name":"Baro Beurabo"}},{"type":"Feature","geometry":{"type":"Polygon","coordinates":[[[95.8855,5.3925],[95.8855,5.3945],[95.8855,5.3955],[95.885,5.3945],[95.8795,5.387],[95.8745,5.383],[95.874,5.3825],[95.8745,5.381],[95.8745,5.3805],[95.874,5.379],[95.8735,5.3785],[95.8785,5.3775],[95.881,5.3755],[95.881,5.3765],[95.882,5.377],[95.886,5.378],[95.886,5.379],[95.889,5.381],[95.8895,5.3855],[95.888,5.388],[95.8865,5.389],[95.8855,5.3925]]]},"properties":{"code":"11.07.14.2041","name":"Adang Beurabo"}},{"type":"Feature","geometry":{"type":"Polygon","coordinates":[[[95.886,5.378],[95.882,5.377],[95.881,5.3765],[95.881,5.3755],[95.884,5.3725],[95.8885,5.3755],[95.8885,5.3765],[95.886,5.378]]]},"properties":{"code":"11.07.14.2042","name":"Paloh Jeurat Beurabo"}},{"type":"Feature","geometry":{"type":"Polygon","coordinates":[[[95.885,5.3965],[95.8745,5.4015],[95.872,5.3965],[95.873,5.3965],[95.8785,5.3945],[95.879,5.394],[95.8815,5.394],[95.885,5.3965]]]},"properties":{"code":"11.07.14.2043","name":"Seuleunggieng Beurabo"}},{"type":"Feature","geometry":{"type":"Polygon","coordinates":[[[95.8565,5.372],[95.8535,5.376],[95.851,5.376],[95.8505,5.375],[95.851,5.3745],[95.85,5.372],[95.8515,5.3715],[95.853,5.3705],[95.854,5.371],[95.858,5.3705],[95.8565,5.372]]]},"properties":{"code":"11.07.14.2044","name":"Teungoh Drien Gogo"}},{"type":"Feature","geometry":{"type":"Polygon","coordinates":[[[95.8715,5.3725],[95.8665,5.374],[95.866,5.373],[95.8655,5.3725],[95.864,5.373],[95.8625,5.371],[95.8745,5.3655],[95.8755,5.3675],[95.8735,5.368],[95.8735,5.371],[95.873,5.371],[95.8735,5.3725],[95.8715,5.3725]]]},"properties":{"code":"11.07.14.2045","name":"Kumbang Gogo"}},{"type":"Feature","geometry":{"type":"Polygon","coordinates":[[[95.8665,5.379],[95.863,5.3775],[95.8605,5.3785],[95.8595,5.379],[95.859,5.378],[95.8595,5.375],[95.859,5.3745],[95.863,5.373],[95.864,5.373],[95.8655,5.3725],[95.866,5.373],[95.867,5.375],[95.8665,5.379]]]},"properties":{"code":"11.07.14.2046","name":"Mesjid Gogos"}},{"type":"Feature","geometry":{"type":"Polygon","coordinates":[[[95.885,5.37],[95.883,5.3705],[95.883,5.37],[95.881,5.37],[95.8785,5.3715],[95.8735,5.3725],[95.873,5.371],[95.8735,5.371],[95.8735,5.368],[95.8755,5.3675],[95.874,5.3645],[95.8815,5.362],[95.885,5.367],[95.885,5.37]]]},"properties":{"code":"11.07.14.2047","name":"Tuha Gogo"}},{"type":"Feature","geometry":{"type":"Polygon","coordinates":[[[95.881,5.3755],[95.8785,5.3775],[95.8735,5.3785],[95.8725,5.376],[95.8715,5.3725],[95.8785,5.3715],[95.881,5.37],[95.883,5.37],[95.883,5.3705],[95.885,5.37],[95.8845,5.372],[95.884,5.3725],[95.881,5.3755]]]},"properties":{"code":"11.07.14.2048","name":"Glee Gogo"}},{"type":"Feature","geometry":{"type":"Polygon","coordinates":[[[95.854,5.371],[95.853,5.3705],[95.852,5.3715],[95.8515,5.3695],[95.851,5.3655],[95.853,5.3655],[95.855,5.3665],[95.855,5.3675],[95.8545,5.3675],[95.8545,5.3695],[95.854,5.371]]]},"properties":{"code":"11.07.14.2049","name":"Meuke Gogo"}},{"type":"Feature","geometry":{"type":"Polygon","coordinates":[[[95.858,5.3705],[95.854,5.371],[95.8545,5.3695],[95.8545,5.3675],[95.857,5.367],[95.858,5.3665],[95.858,5.366],[95.862,5.363],[95.86,5.3695],[95.8585,5.3705],[95.858,5.3705]]]},"properties":{"code":"11.07.14.2050","name":"Raya Gogo"}},{"type":"Feature","geometry":{"type":"Polygon","coordinates":[[[95.862,5.387],[95.861,5.3875],[95.86,5.3875],[95.8595,5.388],[95.8585,5.3875],[95.855,5.3855],[95.854,5.3845],[95.852,5.3835],[95.851,5.3805],[95.8585,5.379],[95.861,5.3785],[95.8615,5.38],[95.86,5.3805],[95.862,5.387]]]},"properties":{"code":"11.07.14.2051","name":"Grong-Grong Gogo"}},{"type":"Feature","geometry":{"type":"Polygon","coordinates":[[[95.8595,5.379],[95.8585,5.379],[95.851,5.3805],[95.85,5.379],[95.85,5.376],[95.8535,5.376],[95.8565,5.372],[95.859,5.3735],[95.8595,5.375],[95.859,5.378],[95.8595,5.379]]]},"properties":{"code":"11.07.14.2052","name":"Aron Bunot Gogo"}},{"type":"Feature","geometry":{"type":"Polygon","coordinates":[[[95.864,5.373],[95.863,5.373],[95.859,5.3745],[95.859,5.3735],[95.8565,5.372],[95.8585,5.3705],[95.86,5.3695],[95.8625,5.371],[95.864,5.373]]]},"properties":{"code":"11.07.14.2053","name":"Buloh Gogo"}},{"type":"Feature","geometry":{"type":"Polygon","coordinates":[[[95.829,5.454],[95.8285,5.4545],[95.8275,5.4545],[95.827,5.4535],[95.8255,5.4525],[95.8235,5.4525],[95.8085,5.4515],[95.8065,5.4525],[95.805,5.4525],[95.8035,5.4525],[95.799,5.4515],[95.791,5.451],[95.7875,5.4505],[95.784,5.45],[95.7805,5.449],[95.779,5.447],[95.7795,5.447],[95.7765,5.435],[95.7735,5.4325],[95.759,5.431],[95.753,5.416],[95.767,5.404],[95.7865,5.4025],[95.79,5.4025],[95.79,5.403],[95.7915,5.404],[95.7965,5.4045],[95.795,5.406],[95.8,5.4095],[95.7995,5.414],[95.801,5.4175],[95.8145,5.424],[95.818,5.424],[95.8155,5.426],[95.8255,5.433],[95.8475,5.434],[95.85,5.4335],[95.8515,5.436],[95.8525,5.4425],[95.854,5.446],[95.854,5.4465],[95.8515,5.4475],[95.851,5.448],[95.8485,5.447],[95.846,5.445],[95.844,5.445],[95.8405,5.4455],[95.839,5.4465],[95.838,5.4475],[95.837,5.4495],[95.836,5.451],[95.8355,5.452],[95.832,5.453],[95.83,5.453],[95.829,5.454]]]},"properties":{"code":"11.07.14.2054","name":"Tunong Tanjong"}},{"type":"Feature","geometry":{"type":"Polygon","coordinates":[[[95.8655,5.4135],[95.8615,5.4185],[95.8595,5.418],[95.8515,5.4165],[95.8365,5.4095],[95.835,5.4095],[95.823,5.4115],[95.8225,5.41],[95.82,5.408],[95.8245,5.404],[95.8265,5.4035],[95.828,5.4035],[95.8485,5.397],[95.85,5.397],[95.852,5.3975],[95.8545,5.401],[95.8565,5.4035],[95.8585,5.4045],[95.86,5.407],[95.861,5.409],[95.864,5.4115],[95.8655,5.4135]]]},"properties":{"code":"11.07.14.2055","name":"Keupula Tanjong"}},{"type":"Feature","geometry":{"type":"Polygon","coordinates":[[[95.8515,5.4345],[95.85,5.4335],[95.8475,5.434],[95.8255,5.433],[95.8155,5.426],[95.818,5.424],[95.8145,5.424],[95.801,5.4175],[95.7995,5.414],[95.8,5.4095],[95.795,5.406],[95.7965,5.4045],[95.7965,5.404],[95.8015,5.403],[95.82,5.408],[95.8225,5.41],[95.823,5.4115],[95.835,5.4095],[95.8365,5.4095],[95.8515,5.4165],[95.8595,5.418],[95.8615,5.4185],[95.86,5.4195],[95.8585,5.4205],[95.863,5.43],[95.8515,5.4345]]]},"properties":{"code":"11.07.14.2056","name":"Jok Tanjong"}},{"type":"Feature","geometry":{"type":"Polygon","coordinates":[[[95.852,5.3975],[95.85,5.397],[95.8485,5.397],[95.828,5.4035],[95.8265,5.4035],[95.8245,5.404],[95.822,5.406],[95.8215,5.3995],[95.8375,5.392],[95.8395,5.3865],[95.8545,5.385],[95.855,5.3855],[95.8585,5.3875],[95.8595,5.388],[95.858,5.39],[95.8575,5.3905],[95.8565,5.3905],[95.8555,5.392],[95.852,5.3975]]]},"properties":{"code":"11.07.14.2057","name":"Leun Tanjong"}},{"type":"Feature","geometry":{"type":"Polygon","coordinates":[[[95.8545,5.385],[95.8395,5.3865],[95.838,5.383],[95.844,5.3805],[95.85,5.379],[95.851,5.3805],[95.852,5.3835],[95.854,5.3845],[95.8545,5.385]]]},"properties":{"code":"11.07.14.2058","name":"Pante Crueng Tanjong"}},{"type":"Feature","geometry":{"type":"MultiPolygon","coordinates":[[[[95.8395,5.372],[95.8335,5.373],[95.833,5.3735],[95.8275,5.3735],[95.821,5.3695],[95.8175,5.3705],[95.817,5.3655],[95.819,5.364],[95.826,5.364],[95.827,5.3635],[95.8385,5.367],[95.8385,5.3675],[95.8385,5.368],[95.838,5.37],[95.8395,5.3715],[95.8395,5.372]]],[[[95.8355,5.3775],[95.836,5.379],[95.839,5.3795],[95.8395,5.381],[95.8385,5.382],[95.8385,5.383],[95.838,5.383],[95.8395,5.3865],[95.8375,5.392],[95.83,5.384],[95.8315,5.3795],[95.8325,5.378],[95.833,5.3775],[95.8335,5.378],[95.8355,5.3775]]]]},"properties":{"code":"11.07.14.2059","name":"Cot Keutapang Tanjong"}},{"type":"Feature","geometry":{"type":"Polygon","coordinates":[[[95.815,5.3795],[95.814,5.3795],[95.81,5.3805],[95.808,5.378],[95.7815,5.3845],[95.764,5.395],[95.764,5.394],[95.7565,5.3775],[95.761,5.3685],[95.7495,5.359],[95.749,5.3575],[95.7515,5.346],[95.7515,5.3455],[95.7685,5.3465],[95.7875,5.344],[95.7905,5.346],[95.7985,5.3585],[95.8035,5.3595],[95.817,5.3645],[95.817,5.3655],[95.8175,5.3705],[95.822,5.374],[95.814,5.378],[95.815,5.3795]]]},"properties":{"code":"11.07.14.2060","name":"Siron Tanjong"}},{"type":"Feature","geometry":{"type":"Polygon","coordinates":[[[95.82,5.408],[95.8015,5.403],[95.7965,5.404],[95.7915,5.404],[95.79,5.403],[95.79,5.4025],[95.7865,5.4025],[95.767,5.404],[95.767,5.402],[95.7645,5.3975],[95.764,5.395],[95.7815,5.3845],[95.808,5.378],[95.81,5.3805],[95.814,5.3795],[95.815,5.3795],[95.816,5.3815],[95.83,5.384],[95.8375,5.392],[95.8215,5.3995],[95.822,5.406],[95.82,5.408]]]},"properties":{"code":"11.07.14.2061","name":"Mesjid Tanjong"}},{"type":"Feature","geometry":{"type":"Polygon","coordinates":[[[95.872,5.4035],[95.8705,5.404],[95.857,5.4035],[95.8565,5.4035],[95.8545,5.401],[95.852,5.3975],[95.8555,5.392],[95.8565,5.3905],[95.8575,5.3905],[95.8595,5.3895],[95.8705,5.402],[95.871,5.4035],[95.872,5.4035]]]},"properties":{"code":"11.07.14.2062","name":"Khang Tanjong"}},{"type":"Feature","geometry":{"type":"Polygon","coordinates":[[[95.873,5.4035],[95.872,5.4035],[95.8715,5.4035],[95.871,5.403],[95.8705,5.402],[95.8595,5.3895],[95.858,5.39],[95.8595,5.388],[95.86,5.3875],[95.861,5.3875],[95.862,5.387],[95.864,5.39],[95.865,5.39],[95.865,5.389],[95.866,5.3895],[95.8655,5.3905],[95.866,5.392],[95.872,5.3965],[95.8745,5.4015],[95.873,5.4035]]]},"properties":{"code":"11.07.14.2063","name":"Meuriya Tanjong"}},{"type":"Feature","geometry":{"type":"Polygon","coordinates":[[[95.83,5.384],[95.816,5.3815],[95.8155,5.38],[95.814,5.378],[95.822,5.374],[95.821,5.3695],[95.8275,5.3735],[95.833,5.3735],[95.8325,5.3755],[95.833,5.3775],[95.8325,5.378],[95.8315,5.3795],[95.83,5.384]]]},"properties":{"code":"11.07.14.2064","name":"Pulo Hagu Tanjong"}},{"type":"Feature","geometry":{"type":"Polygon","coordinates":[[[95.9675,5.311],[95.9635,5.308],[95.9635,5.307],[95.964,5.307],[95.964,5.306],[95.974,5.3025],[95.9755,5.305],[95.9705,5.3095],[95.9705,5.311],[95.9675,5.311]]]},"properties":{"code":"11.07.15.2001","name":"Dua Paya"}},{"type":"Feature","geometry":{"type":"Polygon","coordinates":[[[95.9745,5.315],[95.9725,5.3155],[95.9715,5.314],[95.971,5.314],[95.9705,5.3095],[95.9755,5.305],[95.976,5.3055],[95.9805,5.311],[95.9795,5.312],[95.9765,5.314],[95.9755,5.3145],[95.9745,5.315]]]},"properties":{"code":"11.07.15.2002","name":"Cot Mulu"}},{"type":"Feature","geometry":{"type":"Polygon","coordinates":[[[95.974,5.3025],[95.964,5.306],[95.964,5.307],[95.9635,5.307],[95.9625,5.3055],[95.9605,5.302],[95.9615,5.3015],[95.962,5.302],[95.9645,5.3025],[95.966,5.3025],[95.9675,5.3015],[95.9715,5.2995],[95.973,5.3015],[95.9735,5.302],[95.974,5.3025]]]},"properties":{"code":"11.07.15.2003","name":"Dayah Bubue"}},{"type":"Feature","geometry":{"type":"Polygon","coordinates":[[[95.9615,5.3075],[95.959,5.308],[95.9585,5.3065],[95.957,5.3035],[95.9605,5.302],[95.9625,5.3055],[95.963,5.3065],[95.9625,5.307],[95.9615,5.3075]]]},"properties":{"code":"11.07.15.2004","name":"Tanjong Hagu"}},{"type":"Feature","geometry":{"type":"Polygon","coordinates":[[[95.9605,5.302],[95.96,5.3025],[95.958,5.297],[95.9565,5.294],[95.9575,5.2925],[95.96,5.292],[95.96,5.2925],[95.9615,5.301],[95.9615,5.3015],[95.9605,5.302]]]},"properties":{"code":"11.07.15.2005","name":"Sumboe Buga"}},{"type":"Feature","geometry":{"type":"Polygon","coordinates":[[[95.967,5.2935],[95.9645,5.3025],[95.962,5.302],[95.9615,5.301],[95.96,5.2925],[95.962,5.292],[95.9645,5.2905],[95.967,5.2935]]]},"properties":{"code":"11.07.15.2006","name":"Rambayan Kupula"}},{"type":"Feature","geometry":{"type":"Polygon","coordinates":[[[95.9715,5.2995],[95.9675,5.3015],[95.966,5.3025],[95.9645,5.3025],[95.967,5.2935],[95.9695,5.2965],[95.9715,5.2995]]]},"properties":{"code":"11.07.15.2007","name":"Rambayan Lueng"}},{"type":"Feature","geometry":{"type":"Polygon","coordinates":[[[95.9705,5.3335],[95.97,5.332],[95.967,5.3335],[95.963,5.332],[95.963,5.331],[95.9615,5.329],[95.966,5.3275],[95.9705,5.327],[95.971,5.3295],[95.972,5.329],[95.9725,5.33],[95.971,5.3325],[95.9705,5.3335]]]},"properties":{"code":"11.07.15.2008","name":"Cempala Kuneng"}},{"type":"Feature","geometry":{"type":"Polygon","coordinates":[[[95.9705,5.327],[95.966,5.3275],[95.964,5.3235],[95.968,5.3215],[95.9705,5.3235],[95.9705,5.3245],[95.97,5.326],[95.9705,5.327]]]},"properties":{"code":"11.07.15.2009","name":"Peunayong"}},{"type":"Feature","geometry":{"type":"Polygon","coordinates":[[[95.966,5.3275],[95.9615,5.329],[95.961,5.328],[95.9605,5.3265],[95.964,5.3235],[95.966,5.3275]]]},"properties":{"code":"11.07.15.2010","name":"Leuhop"}},{"type":"Feature","geometry":{"type":"Polygon","coordinates":[[[95.9875,5.3125],[95.9825,5.315],[95.981,5.316],[95.976,5.3145],[95.9765,5.314],[95.9795,5.312],[95.9815,5.31],[95.9815,5.3105],[95.983,5.3095],[95.9835,5.3095],[95.9845,5.3095],[95.987,5.311],[95.9875,5.3115],[95.987,5.3125],[95.9875,5.3125]]]},"properties":{"code":"11.07.15.2011","name":"Kumbang Waido"}},{"type":"Feature","geometry":{"type":"Polygon","coordinates":[[[95.9845,5.3175],[95.9755,5.319],[95.9755,5.318],[95.975,5.3155],[95.9745,5.315],[95.9755,5.3145],[95.976,5.3145],[95.981,5.316],[95.9825,5.315],[95.9875,5.3125],[95.988,5.315],[95.9845,5.3175]]]},"properties":{"code":"11.07.15.2012","name":"Gampong Waido"}},{"type":"Feature","geometry":{"type":"Polygon","coordinates":[[[95.986,5.32],[95.9795,5.3225],[95.974,5.321],[95.9755,5.319],[95.9845,5.3175],[95.986,5.32]]]},"properties":{"code":"11.07.15.2013","name":"Mee Krukon"}},{"type":"Feature","geometry":{"type":"Polygon","coordinates":[[[95.9675,5.311],[95.968,5.3125],[95.9635,5.3135],[95.963,5.311],[95.9625,5.3085],[95.9615,5.3075],[95.9625,5.307],[95.963,5.3065],[95.9635,5.308],[95.9675,5.311]]]},"properties":{"code":"11.07.15.2014","name":"Mee Lampoih Saka"}},{"type":"Feature","geometry":{"type":"Polygon","coordinates":[[[95.9725,5.3155],[95.9695,5.3165],[95.968,5.317],[95.964,5.319],[95.9635,5.318],[95.9645,5.3155],[95.9635,5.3135],[95.968,5.3125],[95.9675,5.311],[95.9705,5.311],[95.971,5.314],[95.9715,5.314],[95.9725,5.3155]]]},"properties":{"code":"11.07.15.2015","name":"Lueng Guci Rumpong"}},{"type":"Feature","geometry":{"type":"Polygon","coordinates":[[[95.968,5.3215],[95.9655,5.323],[95.9645,5.3205],[95.964,5.319],[95.968,5.317],[95.9695,5.3165],[95.9745,5.315],[95.975,5.3155],[95.975,5.3165],[95.969,5.3185],[95.968,5.3215]]]},"properties":{"code":"11.07.15.2016","name":"Dayah Seumideun"}},{"type":"Feature","geometry":{"type":"Polygon","coordinates":[[[95.974,5.3225],[95.9705,5.3235],[95.968,5.3215],[95.969,5.3185],[95.975,5.3165],[95.9755,5.318],[95.9755,5.319],[95.974,5.321],[95.974,5.3225]]]},"properties":{"code":"11.07.15.2017","name":"Mesjid Guci Rumpong"}},{"type":"Feature","geometry":{"type":"Polygon","coordinates":[[[95.979,5.323],[95.974,5.3225],[95.974,5.321],[95.9795,5.3225],[95.979,5.323]]]},"properties":{"code":"11.07.15.2018","name":"Reuba Waido"}},{"type":"Feature","geometry":{"type":"Polygon","coordinates":[[[95.97,5.3385],[95.968,5.34],[95.9675,5.3385],[95.967,5.3335],[95.97,5.332],[95.9705,5.3335],[95.97,5.335],[95.97,5.3385]]]},"properties":{"code":"11.07.15.2019","name":"Dayah Teungku"}},{"type":"Feature","geometry":{"type":"Polygon","coordinates":[[[95.975,5.3365],[95.97,5.3385],[95.97,5.335],[95.971,5.3325],[95.9725,5.33],[95.9725,5.3295],[95.9745,5.3285],[95.9755,5.331],[95.975,5.3335],[95.976,5.3355],[95.976,5.336],[95.975,5.3365]]]},"properties":{"code":"11.07.15.2020","name":"Jurong Raya"}},{"type":"Feature","geometry":{"type":"Polygon","coordinates":[[[95.976,5.3415],[95.9725,5.3425],[95.97,5.344],[95.969,5.343],[95.968,5.34],[95.97,5.3385],[95.975,5.3365],[95.975,5.337],[95.9755,5.3385],[95.9755,5.34],[95.976,5.3415]]]},"properties":{"code":"11.07.15.2021","name":"Balee Rastong"}},{"type":"Feature","geometry":{"type":"Polygon","coordinates":[[[95.9655,5.3445],[95.959,5.347],[95.9575,5.344],[95.9675,5.3395],[95.968,5.342],[95.969,5.343],[95.9655,5.3445]]]},"properties":{"code":"11.07.15.2022","name":"Lueng Mesjid"}},{"type":"Feature","geometry":{"type":"Polygon","coordinates":[[[95.968,5.351],[95.96,5.35],[95.959,5.347],[95.9655,5.3445],[95.9665,5.3455],[95.967,5.3495],[95.968,5.351]]]},"properties":{"code":"11.07.15.2023","name":"Teungoh Baroh"}},{"type":"Feature","geometry":{"type":"Polygon","coordinates":[[[95.9755,5.344],[95.9705,5.346],[95.971,5.3465],[95.9685,5.3475],[95.9665,5.348],[95.9665,5.3455],[95.9655,5.3445],[95.969,5.343],[95.97,5.344],[95.9725,5.3425],[95.976,5.3415],[95.976,5.343],[95.9755,5.344]]]},"properties":{"code":"11.07.15.2024","name":"Mee Hagu"}},{"type":"Feature","geometry":{"type":"Polygon","coordinates":[[[95.969,5.35],[95.968,5.351],[95.967,5.3495],[95.9665,5.348],[95.9685,5.3475],[95.971,5.3465],[95.9705,5.346],[95.9755,5.344],[95.976,5.3465],[95.969,5.35]]]},"properties":{"code":"11.07.15.2025","name":"Dayah Sukon"}},{"type":"Feature","geometry":{"type":"Polygon","coordinates":[[[95.9575,5.344],[95.957,5.341],[95.9575,5.3385],[95.9565,5.3355],[95.963,5.332],[95.967,5.3335],[95.9675,5.3385],[95.9675,5.3395],[95.9575,5.344]]]},"properties":{"code":"11.07.15.2026","name":"Blang Raya"}},{"type":"Feature","geometry":{"type":"Polygon","coordinates":[[[95.9525,5.311],[95.951,5.3075],[95.954,5.3035],[95.955,5.304],[95.957,5.3035],[95.9585,5.3065],[95.9585,5.3085],[95.9575,5.308],[95.957,5.308],[95.9575,5.3095],[95.9525,5.311]]]},"properties":{"code":"11.07.15.2027","name":"Balee Pineung"}},{"type":"Feature","geometry":{"type":"Polygon","coordinates":[[[95.957,5.3035],[95.955,5.304],[95.9535,5.3005],[95.953,5.299],[95.9575,5.296],[95.958,5.297],[95.96,5.3025],[95.957,5.3035]]]},"properties":{"code":"11.07.15.2028","name":"Menjee Mesjid"}},{"type":"Feature","geometry":{"type":"Polygon","coordinates":[[[95.953,5.302],[95.9505,5.304],[95.949,5.3035],[95.949,5.303],[95.947,5.299],[95.9495,5.2955],[95.9495,5.296],[95.9525,5.298],[95.9535,5.3005],[95.953,5.302]]]},"properties":{"code":"11.07.15.2029","name":"Mee Tanoh"}},{"type":"Feature","geometry":{"type":"Polygon","coordinates":[[[95.9575,5.296],[95.953,5.299],[95.9525,5.298],[95.9495,5.296],[95.9485,5.2935],[95.949,5.2915],[95.9505,5.291],[95.9565,5.292],[95.9575,5.2925],[95.9565,5.294],[95.9575,5.296]]]},"properties":{"code":"11.07.15.2030","name":"Sialet-Alet"}},{"type":"Feature","geometry":{"type":"Polygon","coordinates":[[[95.9495,5.2955],[95.947,5.299],[95.946,5.2975],[95.9465,5.2975],[95.945,5.2935],[95.946,5.292],[95.949,5.2915],[95.9485,5.2935],[95.9495,5.2955]]]},"properties":{"code":"11.07.15.2031","name":"Bluek Arab"}},{"type":"Feature","geometry":{"type":"Polygon","coordinates":[[[95.951,5.3075],[95.95,5.307],[95.9495,5.3055],[95.9485,5.3045],[95.949,5.303],[95.949,5.3035],[95.9505,5.304],[95.953,5.302],[95.954,5.3035],[95.951,5.3075]]]},"properties":{"code":"11.07.15.2032","name":"Puuk"}},{"type":"Feature","geometry":{"type":"Polygon","coordinates":[[[95.958,5.326],[95.9555,5.3265],[95.9555,5.326],[95.9555,5.325],[95.956,5.325],[95.954,5.3235],[95.953,5.322],[95.9505,5.322],[95.95,5.3205],[95.9565,5.3205],[95.9575,5.32],[95.958,5.32],[95.9585,5.3215],[95.9585,5.323],[95.959,5.324],[95.959,5.325],[95.958,5.3255],[95.958,5.326]]]},"properties":{"code":"11.07.15.2033","name":"Dayah Muara"}},{"type":"Feature","geometry":{"type":"Polygon","coordinates":[[[95.955,5.3305],[95.954,5.3305],[95.954,5.33],[95.9535,5.3295],[95.954,5.3275],[95.954,5.3265],[95.9545,5.3255],[95.9555,5.325],[95.9555,5.326],[95.9555,5.3265],[95.958,5.326],[95.9585,5.329],[95.955,5.3305]]]},"properties":{"code":"11.07.15.2034","name":"Sawiet"}},{"type":"Feature","geometry":{"type":"Polygon","coordinates":[[[95.954,5.3305],[95.951,5.332],[95.9495,5.3325],[95.949,5.331],[95.949,5.3315],[95.948,5.3285],[95.9525,5.3275],[95.9525,5.327],[95.9535,5.3265],[95.954,5.3265],[95.954,5.3275],[95.9535,5.3295],[95.954,5.33],[95.954,5.3305]]]},"properties":{"code":"11.07.15.2035","name":"Ulee Tutue"}},{"type":"Feature","geometry":{"type":"Polygon","coordinates":[[[95.954,5.3265],[95.9535,5.3265],[95.9525,5.327],[95.9525,5.3275],[95.951,5.328],[95.9535,5.323],[95.954,5.3235],[95.956,5.325],[95.9545,5.3255],[95.954,5.3265]]]},"properties":{"code":"11.07.15.2036","name":"Jim"}},{"type":"Feature","geometry":{"type":"Polygon","coordinates":[[[95.9495,5.334],[95.948,5.3345],[95.949,5.3325],[95.951,5.332],[95.954,5.3305],[95.955,5.3305],[95.9555,5.333],[95.951,5.334],[95.951,5.3335],[95.9495,5.334]]]},"properties":{"code":"11.07.15.2037","name":"Keutapang"}},{"type":"Feature","geometry":{"type":"Polygon","coordinates":[[[95.951,5.328],[95.948,5.3285],[95.9455,5.322],[95.9495,5.32],[95.9505,5.322],[95.953,5.322],[95.9535,5.323],[95.951,5.328]]]},"properties":{"code":"11.07.15.2038","name":"Meuleuweuk"}},{"type":"Feature","geometry":{"type":"Polygon","coordinates":[[[95.9565,5.3355],[95.955,5.336],[95.953,5.336],[95.952,5.336],[95.9515,5.335],[95.951,5.335],[95.951,5.334],[95.9555,5.333],[95.9565,5.3355]]]},"properties":{"code":"11.07.15.2039","name":"Jurong"}},{"type":"Feature","geometry":{"type":"Polygon","coordinates":[[[95.957,5.341],[95.9535,5.342],[95.953,5.3415],[95.953,5.34],[95.951,5.337],[95.952,5.3365],[95.952,5.336],[95.953,5.336],[95.955,5.336],[95.9565,5.3355],[95.9575,5.3385],[95.957,5.341]]]},"properties":{"code":"11.07.15.2040","name":"Raya Krueng Seumideun"}},{"type":"Feature","geometry":{"type":"Polygon","coordinates":[[[95.953,5.341],[95.952,5.341],[95.949,5.342],[95.9475,5.339],[95.95,5.3375],[95.951,5.337],[95.953,5.34],[95.953,5.341]]]},"properties":{"code":"11.07.15.2041","name":"Sukon Krueng Seumideun"}},{"type":"Feature","geometry":{"type":"Polygon","coordinates":[[[95.951,5.337],[95.95,5.3375],[95.95,5.3365],[95.949,5.335],[95.9495,5.334],[95.951,5.3335],[95.951,5.335],[95.9515,5.335],[95.952,5.3365],[95.951,5.337]]]},"properties":{"code":"11.07.15.2042","name":"Mee Krueng Seumideun"}},{"type":"Feature","geometry":{"type":"Polygon","coordinates":[[[95.95,5.3375],[95.9475,5.339],[95.947,5.338],[95.9475,5.336],[95.949,5.335],[95.95,5.3365],[95.95,5.3375]]]},"properties":{"code":"11.07.15.2043","name":"Blang Krueng Seumideun"}},{"type":"Feature","geometry":{"type":"Polygon","coordinates":[[[95.959,5.347],[95.955,5.348],[95.954,5.347],[95.954,5.3435],[95.9535,5.342],[95.957,5.341],[95.9575,5.344],[95.959,5.347]]]},"properties":{"code":"11.07.15.2044","name":"Keureumbok"}},{"type":"Feature","geometry":{"type":"Polygon","coordinates":[[[95.963,5.332],[95.9565,5.3355],[95.955,5.3305],[95.9585,5.329],[95.96,5.3305],[95.962,5.3295],[95.963,5.331],[95.963,5.332]]]},"properties":{"code":"11.07.15.2045","name":"Ulee Cot Seupeng"}},{"type":"Feature","geometry":{"type":"Polygon","coordinates":[[[95.962,5.3295],[95.96,5.3305],[95.9585,5.329],[95.958,5.326],[95.958,5.3255],[95.9595,5.325],[95.961,5.328],[95.962,5.3295]]]},"properties":{"code":"11.07.15.2046","name":"Kabat"}},{"type":"Feature","geometry":{"type":"Polygon","coordinates":[[[95.964,5.3235],[95.9605,5.3265],[95.9595,5.325],[95.959,5.325],[95.959,5.324],[95.9585,5.323],[95.9585,5.3215],[95.9625,5.319],[95.964,5.3185],[95.9645,5.3205],[95.9655,5.323],[95.964,5.3235]]]},"properties":{"code":"11.07.15.2049","name":"Blang Seupeng"}},{"type":"Feature","geometry":{"type":"Polygon","coordinates":[[[95.9535,5.347],[95.948,5.349],[95.95,5.3465],[95.949,5.342],[95.952,5.341],[95.953,5.341],[95.953,5.3415],[95.954,5.3435],[95.954,5.347],[95.9535,5.347]]]},"properties":{"code":"11.07.15.2050","name":"Gampong Krueng Seumideun"}},{"type":"Feature","geometry":{"type":"Polygon","coordinates":[[[95.96,5.362],[95.959,5.3655],[95.9555,5.3605],[95.9525,5.362],[95.9505,5.355],[95.952,5.3545],[95.9555,5.3555],[95.9595,5.359],[95.9605,5.36],[95.96,5.362]]]},"properties":{"code":"11.07.16.2001","name":"Tijue"}},{"type":"Feature","geometry":{"type":"Polygon","coordinates":[[[95.9685,5.366],[95.9685,5.3675],[95.966,5.366],[95.965,5.3655],[95.96,5.362],[95.9605,5.36],[95.9635,5.36],[95.9665,5.3625],[95.9685,5.366]]]},"properties":{"code":"11.07.16.2002","name":"Lampeudeu Tunong"}},{"type":"Feature","geometry":{"type":"Polygon","coordinates":[[[95.974,5.3625],[95.974,5.3645],[95.974,5.365],[95.973,5.364],[95.972,5.364],[95.9715,5.3645],[95.97,5.364],[95.9685,5.361],[95.968,5.3615],[95.966,5.3575],[95.9705,5.355],[95.9735,5.36],[95.974,5.3625]]]},"properties":{"code":"11.07.16.2003","name":"Puuk"}},{"type":"Feature","geometry":{"type":"Polygon","coordinates":[[[95.966,5.371],[95.964,5.375],[95.9635,5.3755],[95.9605,5.375],[95.959,5.374],[95.9585,5.374],[95.96,5.362],[95.965,5.3655],[95.966,5.366],[95.9685,5.3675],[95.967,5.37],[95.966,5.371]]]},"properties":{"code":"11.07.16.2004","name":"Lampeudue Baroh"}},{"type":"Feature","geometry":{"type":"Polygon","coordinates":[[[95.9635,5.36],[95.9595,5.359],[95.9555,5.3555],[95.959,5.3535],[95.962,5.3565],[95.9635,5.36]]]},"properties":{"code":"11.07.16.2005","name":"Paya"}},{"type":"Feature","geometry":{"type":"Polygon","coordinates":[[[95.965,5.357],[95.9635,5.3575],[95.963,5.358],[95.962,5.3565],[95.959,5.3535],[95.96,5.3525],[95.961,5.352],[95.965,5.357]]]},"properties":{"code":"11.07.16.2006","name":"Mesjid Runtoh"}},{"type":"Feature","geometry":{"type":"Polygon","coordinates":[[[95.9705,5.355],[95.966,5.3575],[95.965,5.357],[95.961,5.352],[95.96,5.35],[95.968,5.351],[95.969,5.35],[95.969,5.353],[95.9705,5.355]]]},"properties":{"code":"11.07.16.2007","name":"Dayah Teungoh"}},{"type":"Feature","geometry":{"type":"Polygon","coordinates":[[[95.9715,5.3665],[95.9685,5.3655],[95.9685,5.366],[95.9665,5.3625],[95.9635,5.36],[95.963,5.358],[95.9635,5.3575],[95.968,5.3615],[95.9685,5.361],[95.97,5.364],[95.9715,5.3645],[95.9715,5.3665]]]},"properties":{"code":"11.07.16.2008","name":"Baroh"}},{"type":"Feature","geometry":{"type":"Polygon","coordinates":[[[95.931,5.3575],[95.9265,5.3595],[95.926,5.357],[95.933,5.356],[95.931,5.3575]]]},"properties":{"code":"11.07.16.2009","name":"Dayah Tanoh"}},{"type":"Feature","geometry":{"type":"Polygon","coordinates":[[[95.941,5.3575],[95.935,5.3595],[95.9325,5.359],[95.931,5.3575],[95.933,5.356],[95.9335,5.354],[95.934,5.353],[95.9335,5.353],[95.9325,5.3505],[95.936,5.3505],[95.941,5.3575]]]},"properties":{"code":"11.07.16.2010","name":"Cot Geunduek"}},{"type":"Feature","geometry":{"type":"Polygon","coordinates":[[[95.926,5.357],[95.925,5.357],[95.923,5.3545],[95.923,5.3515],[95.925,5.349],[95.9245,5.3545],[95.926,5.3555],[95.926,5.357]]]},"properties":{"code":"11.07.16.2011","name":"Tumpok Laweung"}},{"type":"Feature","geometry":{"type":"Polygon","coordinates":[[[95.9325,5.3505],[95.9335,5.352],[95.9305,5.352],[95.925,5.3505],[95.925,5.3465],[95.929,5.347],[95.9325,5.3505]]]},"properties":{"code":"11.07.16.2012","name":"Ulee Ceue Keulibeut"}},{"type":"Feature","geometry":{"type":"Polygon","coordinates":[[[95.9335,5.354],[95.931,5.3535],[95.926,5.3545],[95.9245,5.3545],[95.925,5.3505],[95.9305,5.352],[95.9335,5.352],[95.934,5.353],[95.9335,5.354]]]},"properties":{"code":"11.07.16.2013","name":"Keudee"}},{"type":"Feature","geometry":{"type":"Polygon","coordinates":[[[95.9335,5.354],[95.926,5.357],[95.926,5.3555],[95.926,5.3545],[95.931,5.3535],[95.9335,5.354]]]},"properties":{"code":"11.07.16.2014","name":"Ulee Tutue"}},{"type":"Feature","geometry":{"type":"Polygon","coordinates":[[[95.936,5.3615],[95.9285,5.363],[95.9265,5.3595],[95.931,5.3575],[95.9325,5.359],[95.935,5.3595],[95.936,5.3615]]]},"properties":{"code":"11.07.16.2015","name":"Dayah Tutong"}},{"type":"Feature","geometry":{"type":"Polygon","coordinates":[[[95.952,5.3775],[95.9515,5.3775],[95.9515,5.379],[95.9495,5.379],[95.948,5.3785],[95.947,5.3785],[95.9475,5.3765],[95.9515,5.376],[95.952,5.3755],[95.9525,5.3755],[95.952,5.376],[95.9525,5.3765],[95.952,5.3765],[95.952,5.3775]]]},"properties":{"code":"11.07.16.2016","name":"Lampoh Lada"}},{"type":"Feature","geometry":{"type":"Polygon","coordinates":[[[95.9475,5.3765],[95.9445,5.375],[95.946,5.374],[95.953,5.3715],[95.9545,5.3735],[95.9545,5.374],[95.953,5.3755],[95.9525,5.3755],[95.952,5.3755],[95.9515,5.376],[95.9475,5.3765]]]},"properties":{"code":"11.07.16.2017","name":"Keuniree"}},{"type":"Feature","geometry":{"type":"Polygon","coordinates":[[[95.946,5.373],[95.945,5.3735],[95.9445,5.3735],[95.94,5.3695],[95.941,5.367],[95.9415,5.3665],[95.9415,5.366],[95.9425,5.365],[95.943,5.364],[95.944,5.3635],[95.946,5.367],[95.947,5.3685],[95.9455,5.3705],[95.9455,5.371],[95.946,5.373]]]},"properties":{"code":"11.07.16.2018","name":"Tumpok 40"}},{"type":"Feature","geometry":{"type":"Polygon","coordinates":[[[95.9585,5.374],[95.956,5.3735],[95.9525,5.371],[95.9465,5.366],[95.952,5.3625],[95.9555,5.3605],[95.959,5.3655],[95.9585,5.374]]]},"properties":{"code":"11.07.16.2019","name":"Cot Teungoh"}},{"type":"Feature","geometry":{"type":"Polygon","coordinates":[[[95.953,5.3715],[95.946,5.374],[95.946,5.3715],[95.9455,5.3705],[95.947,5.3685],[95.946,5.3665],[95.9465,5.366],[95.9525,5.371],[95.953,5.3715]]]},"properties":{"code":"11.07.16.2020","name":"Cot Rheng"}},{"type":"Feature","geometry":{"type":"Polygon","coordinates":[[[95.944,5.3635],[95.943,5.364],[95.9415,5.3655],[95.9415,5.3665],[95.941,5.367],[95.94,5.3655],[95.9395,5.3645],[95.9385,5.3635],[95.9365,5.3635],[95.9365,5.3625],[95.9385,5.3605],[95.941,5.3595],[95.9435,5.358],[95.944,5.3585],[95.9435,5.3625],[95.944,5.3635]]]},"properties":{"code":"11.07.16.2021","name":"Labui"}},{"type":"Feature","geometry":{"type":"Polygon","coordinates":[[[95.9435,5.358],[95.941,5.3595],[95.9385,5.3605],[95.9365,5.3625],[95.936,5.3615],[95.935,5.3595],[95.944,5.357],[95.943,5.3575],[95.9435,5.358]]]},"properties":{"code":"11.07.16.2022","name":"Gampong"}},{"type":"Feature","geometry":{"type":"Polygon","coordinates":[[[95.9435,5.3785],[95.9395,5.3785],[95.939,5.3745],[95.9445,5.375],[95.9475,5.3765],[95.947,5.3785],[95.9435,5.3785]]]},"properties":{"code":"11.07.16.2023","name":"Pulo Pisang"}},{"type":"Feature","geometry":{"type":"Polygon","coordinates":[[[95.9375,5.373],[95.937,5.3745],[95.936,5.374],[95.934,5.3745],[95.9335,5.374],[95.9315,5.375],[95.9315,5.3745],[95.93,5.37],[95.933,5.3685],[95.9345,5.3695],[95.936,5.3715],[95.9375,5.373]]]},"properties":{"code":"11.07.16.2024","name":"Lamkuta"}},{"type":"Feature","geometry":{"type":"Polygon","coordinates":[[[95.94,5.37],[95.938,5.3715],[95.937,5.372],[95.9365,5.372],[95.936,5.3715],[95.9345,5.3695],[95.934,5.369],[95.933,5.3685],[95.9325,5.368],[95.9365,5.3635],[95.9385,5.3635],[95.9395,5.3645],[95.94,5.3655],[95.941,5.367],[95.94,5.3695],[95.94,5.37]]]},"properties":{"code":"11.07.16.2025","name":"Kampong Pukat"}},{"type":"Feature","geometry":{"type":"Polygon","coordinates":[[[95.9365,5.3635],[95.9325,5.368],[95.9315,5.367],[95.9305,5.3665],[95.93,5.364],[95.9285,5.363],[95.936,5.3615],[95.9365,5.3625],[95.9365,5.3635]]]},"properties":{"code":"11.07.16.2026","name":"Kampong Barat"}},{"type":"Feature","geometry":{"type":"Polygon","coordinates":[[[95.9445,5.375],[95.939,5.3745],[95.9365,5.372],[95.937,5.372],[95.938,5.3715],[95.94,5.37],[95.9445,5.3735],[95.945,5.3735],[95.946,5.373],[95.946,5.374],[95.9445,5.375]]]},"properties":{"code":"11.07.16.2027","name":"Paloh"}},{"type":"Feature","geometry":{"type":"Polygon","coordinates":[[[95.936,5.3885],[95.934,5.3885],[95.932,5.3805],[95.933,5.3795],[95.933,5.378],[95.9395,5.3785],[95.943,5.383],[95.942,5.386],[95.941,5.3865],[95.936,5.3885]]]},"properties":{"code":"11.07.16.2028","name":"Kampong Baro"}},{"type":"Feature","geometry":{"type":"Polygon","coordinates":[[[95.9335,5.4045],[95.9325,5.405],[95.929,5.4035],[95.9255,5.399],[95.925,5.398],[95.9275,5.3955],[95.9275,5.3945],[95.929,5.3925],[95.934,5.3885],[95.936,5.3885],[95.939,5.391],[95.94,5.3935],[95.941,5.394],[95.9375,5.396],[95.9345,5.3975],[95.9335,5.3995],[95.9335,5.4045]]]},"properties":{"code":"11.07.16.2029","name":"Pulo Bubee"}},{"type":"Feature","geometry":{"type":"Polygon","coordinates":[[[95.932,5.3805],[95.93,5.3795],[95.9255,5.379],[95.9235,5.3785],[95.9245,5.378],[95.925,5.377],[95.929,5.373],[95.93,5.374],[95.9315,5.3735],[95.9315,5.3745],[95.9315,5.376],[95.933,5.378],[95.933,5.3795],[95.932,5.3805]]]},"properties":{"code":"11.07.16.2030","name":"Tibang"}},{"type":"Feature","geometry":{"type":"Polygon","coordinates":[[[95.948,5.3935],[95.9455,5.393],[95.94,5.3935],[95.939,5.391],[95.936,5.3885],[95.941,5.3865],[95.946,5.389],[95.949,5.3875],[95.9495,5.3885],[95.951,5.3895],[95.9525,5.388],[95.954,5.3905],[95.948,5.3935]]]},"properties":{"code":"11.07.16.2031","name":"Rawa"}},{"type":"Feature","geometry":{"type":"Polygon","coordinates":[[[95.9405,5.399],[95.9385,5.401],[95.938,5.4015],[95.935,5.4025],[95.9335,5.4045],[95.9335,5.3995],[95.9345,5.3975],[95.9375,5.396],[95.941,5.394],[95.9455,5.393],[95.948,5.3935],[95.9405,5.399]]]},"properties":{"code":"11.07.16.2032","name":"Peukan Baro"}},{"type":"Feature","geometry":{"type":"Polygon","coordinates":[[[95.934,5.3885],[95.929,5.3925],[95.9265,5.384],[95.93,5.3795],[95.932,5.3805],[95.934,5.3885]]]},"properties":{"code":"11.07.16.2033","name":"Mancang"}},{"type":"Feature","geometry":{"type":"Polygon","coordinates":[[[95.9525,5.388],[95.951,5.3895],[95.9495,5.3885],[95.949,5.3875],[95.946,5.389],[95.941,5.3865],[95.942,5.386],[95.943,5.383],[95.9435,5.3825],[95.946,5.381],[95.949,5.38],[95.9505,5.384],[95.9505,5.386],[95.952,5.388],[95.9525,5.388]]]},"properties":{"code":"11.07.16.2034","name":"Gajah Ayee"}},{"type":"Feature","geometry":{"type":"Polygon","coordinates":[[[95.939,5.3745],[95.9395,5.3785],[95.933,5.378],[95.9315,5.375],[95.9335,5.374],[95.934,5.3745],[95.936,5.374],[95.937,5.3745],[95.9375,5.373],[95.939,5.3745]]]},"properties":{"code":"11.07.16.2035","name":"Lhok Keutapang"}},{"type":"Feature","geometry":{"type":"Polygon","coordinates":[[[95.944,5.357],[95.941,5.3575],[95.936,5.3505],[95.9395,5.35],[95.948,5.349],[95.948,5.35],[95.949,5.3525],[95.949,5.3545],[95.946,5.3565],[95.9455,5.356],[95.944,5.357]]]},"properties":{"code":"11.07.16.2036","name":"Dalueng"}},{"type":"Feature","geometry":{"type":"Polygon","coordinates":[[[95.961,5.352],[95.96,5.3525],[95.957,5.3505],[95.955,5.3515],[95.9545,5.349],[95.9535,5.347],[95.954,5.347],[95.955,5.348],[95.959,5.347],[95.961,5.352]]]},"properties":{"code":"11.07.16.2037","name":"Ulee Ceue Teubeng"}},{"type":"Feature","geometry":{"type":"Polygon","coordinates":[[[95.9555,5.3555],[95.952,5.3545],[95.9535,5.3525],[95.954,5.3515],[95.955,5.3515],[95.957,5.3505],[95.96,5.3525],[95.959,5.3535],[95.9555,5.3555]]]},"properties":{"code":"11.07.16.2038","name":"Meucat Teubeng"}},{"type":"Feature","geometry":{"type":"Polygon","coordinates":[[[95.952,5.3625],[95.95,5.3635],[95.9475,5.36],[95.946,5.3565],[95.949,5.3545],[95.949,5.356],[95.9505,5.3585],[95.9505,5.3605],[95.952,5.3625]]]},"properties":{"code":"11.07.16.2039","name":"Dayah Teubeng"}},{"type":"Feature","geometry":{"type":"Polygon","coordinates":[[[95.9465,5.366],[95.946,5.3665],[95.9435,5.3625],[95.944,5.3585],[95.943,5.3575],[95.9455,5.356],[95.9475,5.36],[95.95,5.3635],[95.9465,5.366]]]},"properties":{"code":"11.07.16.2040","name":"Tanjong Teubeng"}},{"type":"Feature","geometry":{"type":"Polygon","coordinates":[[[95.9505,5.355],[95.95,5.3555],[95.949,5.3555],[95.949,5.3545],[95.949,5.3525],[95.948,5.351],[95.9525,5.351],[95.9525,5.354],[95.952,5.3545],[95.9505,5.355]]]},"properties":{"code":"11.07.16.2041","name":"Jawa Teubeng"}},{"type":"Feature","geometry":{"type":"Polygon","coordinates":[[[95.9525,5.362],[95.952,5.3625],[95.9505,5.3605],[95.9505,5.3585],[95.9495,5.357],[95.949,5.3555],[95.95,5.3555],[95.9505,5.355],[95.9525,5.362]]]},"properties":{"code":"11.07.16.2042","name":"Bayu Teubeng"}},{"type":"Feature","geometry":{"type":"Polygon","coordinates":[[[95.955,5.3515],[95.954,5.3515],[95.9535,5.3525],[95.9525,5.354],[95.9525,5.351],[95.948,5.351],[95.9475,5.35],[95.948,5.349],[95.9535,5.347],[95.9545,5.349],[95.955,5.3515]]]},"properties":{"code":"11.07.16.2043","name":"Abo Teubeng"}},{"type":"Feature","geometry":{"type":"Polygon","coordinates":[[[95.933,5.3685],[95.93,5.37],[95.928,5.3675],[95.927,5.365],[95.9285,5.364],[95.93,5.364],[95.93,5.3645],[95.9305,5.3665],[95.932,5.367],[95.933,5.3685]]]},"properties":{"code":"11.07.16.2044","name":"Keutapang Sanggeue"}},{"type":"Feature","geometry":{"type":"Polygon","coordinates":[[[95.9315,5.3735],[95.93,5.374],[95.929,5.373],[95.928,5.373],[95.9235,5.3685],[95.926,5.367],[95.9275,5.3665],[95.928,5.3675],[95.93,5.37],[95.9315,5.3735]]]},"properties":{"code":"11.07.16.2045","name":"Krueng Dhoe"}},{"type":"Feature","geometry":{"type":"Polygon","coordinates":[[[95.9235,5.3685],[95.9225,5.369],[95.921,5.368],[95.9195,5.368],[95.9185,5.3665],[95.9215,5.3655],[95.921,5.365],[95.923,5.3645],[95.9245,5.365],[95.926,5.367],[95.9235,5.3685]]]},"properties":{"code":"11.07.16.2046","name":"Sirong"}},{"type":"Feature","geometry":{"type":"Polygon","coordinates":[[[95.928,5.373],[95.9265,5.3755],[95.922,5.3705],[95.9195,5.368],[95.921,5.368],[95.9225,5.369],[95.9235,5.3685],[95.928,5.373]]]},"properties":{"code":"11.07.16.2047","name":"Keutumbu"}},{"type":"Feature","geometry":{"type":"Polygon","coordinates":[[[95.9235,5.3785],[95.923,5.379],[95.92,5.3805],[95.918,5.3775],[95.9175,5.377],[95.9165,5.375],[95.9145,5.371],[95.9135,5.368],[95.9145,5.368],[95.916,5.3675],[95.9245,5.378],[95.9235,5.3785]]]},"properties":{"code":"11.07.16.2048","name":"Jeumpa"}},{"type":"Feature","geometry":{"type":"Polygon","coordinates":[[[95.9275,5.3665],[95.926,5.367],[95.9245,5.365],[95.923,5.3645],[95.9195,5.3605],[95.9245,5.3575],[95.926,5.357],[95.9265,5.3595],[95.9285,5.363],[95.93,5.364],[95.9285,5.364],[95.927,5.365],[95.9275,5.3665]]]},"properties":{"code":"11.07.16.2049","name":"Raya Sanggeue"}},{"type":"Feature","geometry":{"type":"Polygon","coordinates":[[[95.9265,5.3755],[95.925,5.377],[95.9245,5.378],[95.916,5.3675],[95.9185,5.3665],[95.9195,5.368],[95.922,5.3705],[95.9265,5.3755]]]},"properties":{"code":"11.07.16.2050","name":"Jeuleupee"}},{"type":"Feature","geometry":{"type":"Polygon","coordinates":[[[95.919,5.381],[95.915,5.381],[95.917,5.3765],[95.918,5.3775],[95.92,5.3805],[95.919,5.381]]]},"properties":{"code":"11.07.16.2051","name":"Ujong Langgo"}},{"type":"Feature","geometry":{"type":"Polygon","coordinates":[[[95.921,5.3825],[95.917,5.39],[95.915,5.3885],[95.91,5.388],[95.909,5.385],[95.915,5.381],[95.919,5.381],[95.921,5.3825]]]},"properties":{"code":"11.07.16.2052","name":"Cot Glumpang"}},{"type":"Feature","geometry":{"type":"Polygon","coordinates":[[[95.927,5.3945],[95.9275,5.3955],[95.925,5.398],[95.923,5.3955],[95.9225,5.396],[95.9215,5.3955],[95.92,5.3945],[95.919,5.393],[95.918,5.3915],[95.921,5.3875],[95.924,5.3855],[95.9235,5.389],[95.9245,5.39],[95.927,5.3945]]]},"properties":{"code":"11.07.16.2053","name":"Seuriweuk"}},{"type":"Feature","geometry":{"type":"Polygon","coordinates":[[[95.919,5.393],[95.9175,5.394],[95.916,5.3945],[95.915,5.3885],[95.917,5.39],[95.918,5.3915],[95.919,5.393]]]},"properties":{"code":"11.07.16.2054","name":"Mesjid Utue"}},{"type":"Feature","geometry":{"type":"Polygon","coordinates":[[[95.924,5.3855],[95.923,5.386],[95.921,5.3825],[95.919,5.381],[95.923,5.379],[95.9235,5.3785],[95.9255,5.379],[95.924,5.3855]]]},"properties":{"code":"11.07.16.2055","name":"Leubue"}},{"type":"Feature","geometry":{"type":"Polygon","coordinates":[[[95.9055,5.392],[95.9035,5.3925],[95.9005,5.388],[95.899,5.3865],[95.899,5.3855],[95.9005,5.386],[95.902,5.3865],[95.905,5.3865],[95.9045,5.3875],[95.904,5.388],[95.9055,5.392]]]},"properties":{"code":"11.07.16.2056","name":"Batee"}},{"type":"Feature","geometry":{"type":"Polygon","coordinates":[[[95.929,5.3925],[95.9275,5.3945],[95.927,5.3945],[95.9245,5.39],[95.9235,5.389],[95.924,5.3855],[95.9265,5.384],[95.929,5.3925]]]},"properties":{"code":"11.07.16.2057","name":"Raya Uteu"}},{"type":"Feature","geometry":{"type":"Polygon","coordinates":[[[95.923,5.386],[95.921,5.3875],[95.918,5.3915],[95.917,5.39],[95.921,5.3825],[95.923,5.386]]]},"properties":{"code":"11.07.16.2058","name":"Seukeumbrok"}},{"type":"Feature","geometry":{"type":"Polygon","coordinates":[[[95.908,5.391],[95.9055,5.392],[95.904,5.388],[95.9045,5.3875],[95.9055,5.385],[95.906,5.384],[95.906,5.3855],[95.909,5.385],[95.9095,5.387],[95.909,5.3885],[95.908,5.391]]]},"properties":{"code":"11.07.16.2059","name":"Bie"}},{"type":"Feature","geometry":{"type":"Polygon","coordinates":[[[95.9065,5.397],[95.906,5.3965],[95.9055,5.396],[95.9015,5.398],[95.9015,5.3975],[95.9025,5.3955],[95.9035,5.3925],[95.9055,5.392],[95.908,5.391],[95.9065,5.397]]]},"properties":{"code":"11.07.16.2060","name":"Blang Kula"}},{"type":"Feature","geometry":{"type":"Polygon","coordinates":[[[95.905,5.4025],[95.9025,5.404],[95.9005,5.397],[95.9015,5.3975],[95.9025,5.399],[95.905,5.4025]]]},"properties":{"code":"11.07.16.2061","name":"Alue"}},{"type":"Feature","geometry":{"type":"Polygon","coordinates":[[[95.909,5.398],[95.9085,5.399],[95.9065,5.3975],[95.9065,5.397],[95.909,5.3885],[95.9095,5.387],[95.9105,5.3905],[95.9125,5.3935],[95.9135,5.3955],[95.909,5.398]]]},"properties":{"code":"11.07.16.2062","name":"Seukee"}},{"type":"Feature","geometry":{"type":"Polygon","coordinates":[[[95.9085,5.399],[95.9075,5.4],[95.905,5.4025],[95.9025,5.399],[95.9015,5.398],[95.905,5.3965],[95.9055,5.396],[95.9065,5.3965],[95.9065,5.3975],[95.9085,5.399]]]},"properties":{"code":"11.07.16.2063","name":"Paya Linteung"}},{"type":"Feature","geometry":{"type":"Polygon","coordinates":[[[95.916,5.3945],[95.9145,5.3955],[95.9125,5.3935],[95.9105,5.3905],[95.91,5.388],[95.915,5.3885],[95.916,5.3945]]]},"properties":{"code":"11.07.16.2064","name":"Puli"}},{"type":"Feature","geometry":{"type":"Polygon","coordinates":[[[95.913,5.274],[95.904,5.27],[95.9035,5.2675],[95.912,5.26],[95.916,5.2655],[95.9165,5.2715],[95.9165,5.2725],[95.914,5.2735],[95.913,5.274]]]},"properties":{"code":"11.07.17.2001","name":"Balue Tanoh"}},{"type":"Feature","geometry":{"type":"Polygon","coordinates":[[[95.92,5.2775],[95.918,5.2785],[95.9175,5.278],[95.915,5.2765],[95.9145,5.2755],[95.915,5.275],[95.914,5.2735],[95.9165,5.2725],[95.9165,5.2715],[95.923,5.275],[95.921,5.276],[95.92,5.2775]]]},"properties":{"code":"11.07.17.2002","name":"Balue Kulu"}},{"type":"Feature","geometry":{"type":"Polygon","coordinates":[[[95.91,5.285],[95.909,5.2855],[95.905,5.285],[95.904,5.283],[95.9035,5.2815],[95.903,5.279],[95.907,5.277],[95.9095,5.2765],[95.91,5.2785],[95.912,5.2815],[95.908,5.2835],[95.9095,5.284],[95.91,5.285]]]},"properties":{"code":"11.07.17.2003","name":"Lhok Empeh"}},{"type":"Feature","geometry":{"type":"Polygon","coordinates":[[[95.9095,5.278],[95.9095,5.2765],[95.907,5.277],[95.903,5.279],[95.9025,5.278],[95.9025,5.277],[95.9025,5.274],[95.902,5.269],[95.9035,5.2675],[95.904,5.27],[95.913,5.274],[95.9135,5.277],[95.9095,5.278]]]},"properties":{"code":"11.07.17.2004","name":"Cot Sukon"}},{"type":"Feature","geometry":{"type":"Polygon","coordinates":[[[95.9215,5.2815],[95.9205,5.2855],[95.9145,5.284],[95.9125,5.2845],[95.91,5.285],[95.9095,5.284],[95.908,5.2835],[95.912,5.2815],[95.91,5.2785],[95.9095,5.278],[95.9135,5.277],[95.913,5.274],[95.914,5.2735],[95.915,5.275],[95.9145,5.2755],[95.915,5.2765],[95.9175,5.278],[95.919,5.279],[95.9215,5.2815]]]},"properties":{"code":"11.07.17.2005","name":"Dayah Tuha"}},{"type":"Feature","geometry":{"type":"Polygon","coordinates":[[[95.9175,5.2495],[95.9135,5.252],[95.912,5.247],[95.91,5.2465],[95.9125,5.246],[95.915,5.243],[95.914,5.24],[95.9185,5.2425],[95.916,5.244],[95.9175,5.2495]]]},"properties":{"code":"11.07.17.2006","name":"Kampong Cot"}},{"type":"Feature","geometry":{"type":"Polygon","coordinates":[[[95.914,5.24],[95.915,5.243],[95.9125,5.246],[95.91,5.2465],[95.9075,5.2455],[95.905,5.2425],[95.9055,5.2415],[95.908,5.239],[95.9125,5.2375],[95.914,5.24]]]},"properties":{"code":"11.07.17.2007","name":"Paloh Jeureula"}},{"type":"Feature","geometry":{"type":"Polygon","coordinates":[[[95.9085,5.251],[95.9085,5.2525],[95.894,5.254],[95.8715,5.254],[95.872,5.25],[95.8715,5.249],[95.8715,5.248],[95.8735,5.2475],[95.8735,5.247],[95.878,5.2475],[95.8815,5.25],[95.8845,5.252],[95.886,5.2515],[95.889,5.252],[95.891,5.252],[95.902,5.2495],[95.9035,5.249],[95.9075,5.25],[95.9085,5.251]]]},"properties":{"code":"11.07.17.2008","name":"Barieh"}},{"type":"Feature","geometry":{"type":"Polygon","coordinates":[[[95.9115,5.2525],[95.9095,5.2525],[95.9085,5.251],[95.9075,5.25],[95.9035,5.249],[95.903,5.249],[95.9015,5.2435],[95.9035,5.244],[95.905,5.2425],[95.9075,5.2455],[95.9085,5.2465],[95.912,5.247],[95.9135,5.252],[95.9115,5.2525]]]},"properties":{"code":"11.07.17.2009","name":"Kandang"}},{"type":"Feature","geometry":{"type":"Polygon","coordinates":[[[95.9035,5.2675],[95.902,5.269],[95.8985,5.264],[95.8905,5.265],[95.89,5.2665],[95.8875,5.267],[95.8855,5.2665],[95.884,5.2655],[95.8815,5.265],[95.879,5.264],[95.8755,5.2605],[95.874,5.2575],[95.8715,5.254],[95.894,5.254],[95.9085,5.2525],[95.9085,5.251],[95.9095,5.2525],[95.9115,5.2525],[95.9135,5.2585],[95.912,5.26],[95.9035,5.2675]]]},"properties":{"code":"11.07.17.2010","name":"Riweuek"}},{"type":"Feature","geometry":{"type":"Polygon","coordinates":[[[95.919,5.2645],[95.9175,5.265],[95.916,5.2655],[95.9135,5.2585],[95.918,5.259],[95.919,5.2645]]]},"properties":{"code":"11.07.17.2011","name":"Mancang"}},{"type":"Feature","geometry":{"type":"Polygon","coordinates":[[[95.918,5.259],[95.9135,5.2585],[95.9115,5.2525],[95.9135,5.252],[95.918,5.2505],[95.921,5.254],[95.9225,5.2575],[95.918,5.259]]]},"properties":{"code":"11.07.17.2012","name":"Kampong Pisang Bucue"}},{"type":"Feature","geometry":{"type":"Polygon","coordinates":[[[95.93,5.265],[95.927,5.268],[95.9255,5.268],[95.9245,5.2675],[95.924,5.2665],[95.92,5.2635],[95.919,5.2645],[95.918,5.259],[95.9215,5.258],[95.9255,5.2565],[95.926,5.2565],[95.9275,5.2595],[95.9285,5.2625],[95.933,5.2635],[95.93,5.265]]]},"properties":{"code":"11.07.17.2013","name":"Bucue"}},{"type":"Feature","geometry":{"type":"Polygon","coordinates":[[[95.932,5.2175],[95.929,5.219],[95.925,5.208],[95.926,5.2025],[95.9295,5.206],[95.931,5.208],[95.932,5.2085],[95.933,5.209],[95.9365,5.2095],[95.937,5.21],[95.939,5.213],[95.9355,5.216],[95.933,5.218],[95.932,5.2175]]]},"properties":{"code":"11.07.17.2014","name":"Lhok Panah"}},{"type":"Feature","geometry":{"type":"Polygon","coordinates":[[[95.944,5.233],[95.9385,5.2335],[95.938,5.233],[95.936,5.2325],[95.939,5.23],[95.9385,5.227],[95.942,5.224],[95.947,5.225],[95.9475,5.2255],[95.9475,5.2275],[95.948,5.231],[95.944,5.233]]]},"properties":{"code":"11.07.17.2015","name":"Murong Cot"}},{"type":"Feature","geometry":{"type":"Polygon","coordinates":[[[95.945,5.2375],[95.939,5.241],[95.9385,5.2405],[95.9375,5.236],[95.9385,5.234],[95.9385,5.2335],[95.944,5.233],[95.945,5.2375]]]},"properties":{"code":"11.07.17.2016","name":"Cumbok Lie"}},{"type":"Feature","geometry":{"type":"Polygon","coordinates":[[[95.959,5.239],[95.956,5.2395],[95.945,5.2375],[95.944,5.233],[95.95,5.23],[95.9535,5.2265],[95.955,5.2305],[95.959,5.239]]]},"properties":{"code":"11.07.17.2017","name":"Lam Ujong"}},{"type":"Feature","geometry":{"type":"Polygon","coordinates":[[[95.942,5.224],[95.9385,5.227],[95.939,5.23],[95.936,5.2325],[95.934,5.23],[95.9335,5.2305],[95.933,5.2285],[95.9395,5.2235],[95.94,5.223],[95.942,5.224]]]},"properties":{"code":"11.07.17.2018","name":"Murong Lhok"}},{"type":"Feature","geometry":{"type":"Polygon","coordinates":[[[95.94,5.223],[95.9365,5.226],[95.9345,5.2235],[95.932,5.2175],[95.933,5.218],[95.9355,5.216],[95.939,5.213],[95.9395,5.214],[95.941,5.2155],[95.943,5.217],[95.944,5.2185],[95.94,5.223]]]},"properties":{"code":"11.07.17.2019","name":"Blang Cot"}},{"type":"Feature","geometry":{"type":"Polygon","coordinates":[[[95.9335,5.2305],[95.93,5.233],[95.929,5.231],[95.928,5.231],[95.9265,5.229],[95.927,5.2245],[95.9265,5.2235],[95.9255,5.2225],[95.925,5.2225],[95.927,5.221],[95.9285,5.221],[95.929,5.219],[95.932,5.2175],[95.9345,5.2235],[95.9365,5.226],[95.933,5.2285],[95.9335,5.2305]]]},"properties":{"code":"11.07.17.2020","name":"Cot Cantek"}},{"type":"Feature","geometry":{"type":"Polygon","coordinates":[[[95.9535,5.2265],[95.95,5.23],[95.948,5.231],[95.9475,5.2275],[95.9475,5.2255],[95.947,5.225],[95.9485,5.2235],[95.948,5.223],[95.9515,5.222],[95.9525,5.2225],[95.9525,5.223],[95.9535,5.2265]]]},"properties":{"code":"11.07.17.2021","name":"Blang Kumot Baroh"}},{"type":"Feature","geometry":{"type":"Polygon","coordinates":[[[95.9525,5.2225],[95.9515,5.222],[95.948,5.223],[95.9485,5.2235],[95.947,5.225],[95.942,5.224],[95.94,5.223],[95.944,5.2185],[95.945,5.219],[95.946,5.219],[95.951,5.22],[95.9525,5.2205],[95.9525,5.2225]]]},"properties":{"code":"11.07.17.2022","name":"Blang Kumot Tunong"}},{"type":"Feature","geometry":{"type":"Polygon","coordinates":[[[95.947,5.2465],[95.9435,5.245],[95.942,5.246],[95.941,5.244],[95.9385,5.2435],[95.938,5.2435],[95.939,5.2415],[95.939,5.241],[95.945,5.2375],[95.956,5.2395],[95.947,5.2465]]]},"properties":{"code":"11.07.17.2023","name":"Cumbok Niwa"}},{"type":"Feature","geometry":{"type":"Polygon","coordinates":[[[95.939,5.2545],[95.932,5.258],[95.929,5.2555],[95.9285,5.252],[95.9375,5.251],[95.939,5.2545]]]},"properties":{"code":"11.07.17.2024","name":"Leupeuem Mesjid"}},{"type":"Feature","geometry":{"type":"Polygon","coordinates":[[[95.941,5.2685],[95.9375,5.2685],[95.9365,5.2685],[95.935,5.2645],[95.944,5.261],[95.9455,5.2635],[95.9465,5.265],[95.941,5.2685]]]},"properties":{"code":"11.07.17.2025","name":"Pulo Jeumpa"}},{"type":"Feature","geometry":{"type":"Polygon","coordinates":[[[95.932,5.258],[95.9325,5.261],[95.933,5.2635],[95.9285,5.2625],[95.9275,5.2595],[95.926,5.257],[95.929,5.2555],[95.932,5.258]]]},"properties":{"code":"11.07.17.2026","name":"Beutong Pocut"}},{"type":"Feature","geometry":{"type":"Polygon","coordinates":[[[95.926,5.257],[95.926,5.2565],[95.9255,5.2565],[95.9225,5.2575],[95.921,5.254],[95.918,5.2505],[95.9175,5.2495],[95.916,5.244],[95.918,5.243],[95.9185,5.2435],[95.9185,5.2445],[95.9195,5.2455],[95.92,5.246],[95.921,5.247],[95.9265,5.2485],[95.9285,5.252],[95.929,5.2555],[95.926,5.257]]]},"properties":{"code":"11.07.17.2027","name":"Beutong Perlak"}},{"type":"Feature","geometry":{"type":"Polygon","coordinates":[[[95.935,5.2645],[95.933,5.2635],[95.933,5.263],[95.9325,5.261],[95.932,5.258],[95.939,5.2545],[95.94,5.256],[95.944,5.261],[95.935,5.2645]]]},"properties":{"code":"11.07.17.2028","name":"Kampong Jeumpa"}},{"type":"Feature","geometry":{"type":"Polygon","coordinates":[[[95.9365,5.2685],[95.9345,5.2695],[95.93,5.265],[95.933,5.2635],[95.935,5.2645],[95.9365,5.2685]]]},"properties":{"code":"11.07.17.2029","name":"Pante Krueng"}},{"type":"Feature","geometry":{"type":"Polygon","coordinates":[[[95.9375,5.251],[95.9285,5.252],[95.9265,5.2485],[95.93,5.2455],[95.9305,5.245],[95.9305,5.2445],[95.931,5.244],[95.932,5.245],[95.9345,5.247],[95.9375,5.251]]]},"properties":{"code":"11.07.17.2030","name":"Jurong Pante"}},{"type":"Feature","geometry":{"type":"Polygon","coordinates":[[[95.9605,5.2605],[95.9555,5.263],[95.955,5.263],[95.954,5.2625],[95.9525,5.2615],[95.9515,5.261],[95.9595,5.258],[95.9605,5.2605]]]},"properties":{"code":"11.07.17.2032","name":"Mali Lamkuta"}},{"type":"Feature","geometry":{"type":"Polygon","coordinates":[[[95.955,5.263],[95.954,5.2635],[95.951,5.265],[95.9545,5.2625],[95.955,5.263]]]},"properties":{"code":"11.07.17.2033","name":"Mali Uke"}},{"type":"Feature","geometry":{"type":"Polygon","coordinates":[[[95.9565,5.27],[95.9515,5.272],[95.9495,5.2685],[95.948,5.267],[95.951,5.265],[95.954,5.2635],[95.9555,5.263],[95.9605,5.2605],[95.9615,5.262],[95.963,5.2655],[95.9565,5.27]]]},"properties":{"code":"11.07.17.2034","name":"Mali Mesjid"}},{"type":"Feature","geometry":{"type":"Polygon","coordinates":[[[95.9605,5.2745],[95.9605,5.274],[95.959,5.2745],[95.9565,5.27],[95.963,5.2655],[95.9665,5.27],[95.9655,5.2745],[95.964,5.2725],[95.9605,5.2745]]]},"properties":{"code":"11.07.17.2035","name":"Mali Cot"}},{"type":"Feature","geometry":{"type":"Polygon","coordinates":[[[95.9625,5.2805],[95.9595,5.2815],[95.9545,5.277],[95.954,5.277],[95.953,5.2745],[95.9515,5.272],[95.9565,5.27],[95.959,5.2745],[95.9605,5.274],[95.9605,5.2745],[95.962,5.279],[95.9625,5.2805]]]},"properties":{"code":"11.07.17.2036","name":"Tangkueng"}},{"type":"Feature","geometry":{"type":"Polygon","coordinates":[[[95.924,5.275],[95.9235,5.275],[95.923,5.275],[95.9165,5.2715],[95.916,5.2655],[95.9175,5.265],[95.919,5.2645],[95.92,5.2635],[95.924,5.2665],[95.9255,5.272],[95.927,5.273],[95.9275,5.273],[95.926,5.2735],[95.925,5.2735],[95.924,5.275]]]},"properties":{"code":"11.07.17.2037","name":"Lhok Mee"}},{"type":"Feature","geometry":{"type":"Polygon","coordinates":[[[95.9345,5.2695],[95.9375,5.2725],[95.934,5.2745],[95.9325,5.2725],[95.9275,5.2745],[95.927,5.273],[95.9255,5.272],[95.9245,5.2675],[95.9255,5.268],[95.927,5.268],[95.93,5.265],[95.9345,5.2695]]]},"properties":{"code":"11.07.17.2038","name":"Lameue Mns. Raya"}},{"type":"Feature","geometry":{"type":"Polygon","coordinates":[[[95.9335,5.28],[95.932,5.279],[95.9305,5.278],[95.9295,5.2755],[95.9325,5.275],[95.9335,5.2745],[95.9375,5.2725],[95.9345,5.2695],[95.9375,5.2685],[95.942,5.27],[95.943,5.2725],[95.941,5.2745],[95.94,5.275],[95.9415,5.2775],[95.9405,5.277],[95.9395,5.2775],[95.938,5.278],[95.9375,5.277],[95.9335,5.28]]]},"properties":{"code":"11.07.17.2039","name":"Lameue Mns. Baro"}},{"type":"Feature","geometry":{"type":"Polygon","coordinates":[[[95.9395,5.2815],[95.9385,5.282],[95.936,5.282],[95.9335,5.28],[95.9375,5.277],[95.938,5.278],[95.939,5.279],[95.9395,5.2815]]]},"properties":{"code":"11.07.17.2040","name":"Lameue Mns. Lueng"}},{"type":"Feature","geometry":{"type":"Polygon","coordinates":[[[95.9525,5.259],[95.948,5.2605],[95.9525,5.2555],[95.953,5.2575],[95.953,5.2585],[95.9525,5.259]]]},"properties":{"code":"11.07.17.2041","name":"Pulo Keureumbok"}},{"type":"Feature","geometry":{"type":"Polygon","coordinates":[[[95.9485,5.2485],[95.9455,5.25],[95.9415,5.25],[95.9395,5.2485],[95.941,5.244],[95.942,5.246],[95.9435,5.245],[95.947,5.2465],[95.948,5.247],[95.9485,5.2485]]]},"properties":{"code":"11.07.17.2042","name":"Dayah Kp Pisang"}},{"type":"Feature","geometry":{"type":"Polygon","coordinates":[[[95.948,5.2525],[95.944,5.2545],[95.942,5.254],[95.944,5.253],[95.9435,5.251],[95.9455,5.25],[95.9485,5.2485],[95.948,5.2525]]]},"properties":{"code":"11.07.17.2043","name":"Mns Blang Sakti"}},{"type":"Feature","geometry":{"type":"Polygon","coordinates":[[[95.9595,5.258],[95.953,5.2605],[95.9525,5.259],[95.953,5.2585],[95.953,5.2575],[95.952,5.2545],[95.9585,5.251],[95.9625,5.2535],[95.9605,5.255],[95.962,5.2565],[95.964,5.2585],[95.9635,5.2595],[95.962,5.259],[95.9595,5.258]]]},"properties":{"code":"11.07.17.2044","name":"Perlak Baroh"}},{"type":"Feature","geometry":{"type":"Polygon","coordinates":[[[95.9435,5.252],[95.9375,5.251],[95.9345,5.247],[95.9335,5.246],[95.9355,5.2455],[95.937,5.2435],[95.9385,5.2435],[95.941,5.244],[95.9395,5.2485],[95.9415,5.25],[95.9455,5.25],[95.9435,5.251],[95.9435,5.252]]]},"properties":{"code":"11.07.17.2045","name":"Lingkok"}},{"type":"Feature","geometry":{"type":"Polygon","coordinates":[[[95.942,5.254],[95.94,5.256],[95.9375,5.251],[95.9435,5.252],[95.944,5.253],[95.942,5.254]]]},"properties":{"code":"11.07.17.2046","name":"Pasar Kota Bakti"}},{"type":"Feature","geometry":{"type":"Polygon","coordinates":[[[95.948,5.2605],[95.944,5.261],[95.94,5.256],[95.942,5.254],[95.944,5.2545],[95.948,5.2525],[95.952,5.2545],[95.9525,5.2555],[95.948,5.2605]]]},"properties":{"code":"11.07.17.2047","name":"Mns Balee"}},{"type":"Feature","geometry":{"type":"Polygon","coordinates":[[[95.952,5.2545],[95.948,5.2525],[95.9485,5.2485],[95.948,5.247],[95.951,5.2455],[95.953,5.246],[95.956,5.247],[95.956,5.248],[95.961,5.25],[95.9625,5.251],[95.9625,5.2535],[95.9585,5.251],[95.952,5.2545]]]},"properties":{"code":"11.07.17.2048","name":"Perlak Asan"}},{"type":"Feature","geometry":{"type":"Polygon","coordinates":[[[95.958,5.242],[95.9565,5.2465],[95.956,5.247],[95.953,5.246],[95.951,5.2455],[95.947,5.2465],[95.956,5.2395],[95.959,5.239],[95.958,5.242]]]},"properties":{"code":"11.07.17.2049","name":"Kampong Baro"}},{"type":"Feature","geometry":{"type":"Polygon","coordinates":[[[95.951,5.265],[95.948,5.267],[95.9455,5.2635],[95.944,5.261],[95.948,5.2605],[95.9525,5.259],[95.953,5.2605],[95.9515,5.261],[95.9525,5.2615],[95.9545,5.2625],[95.951,5.265]]]},"properties":{"code":"11.07.17.2050","name":"Mali Guyui"}},{"type":"Feature","geometry":{"type":"Polygon","coordinates":[[[95.9825,5.31],[95.9815,5.3105],[95.9815,5.31],[95.9805,5.311],[95.976,5.3055],[95.9755,5.305],[95.9735,5.302],[95.978,5.3005],[95.979,5.303],[95.98,5.3035],[95.9805,5.305],[95.9815,5.3055],[95.9815,5.3065],[95.9825,5.31]]]},"properties":{"code":"11.07.18.2001","name":"Raya Paya"}},{"type":"Feature","geometry":{"type":"Polygon","coordinates":[[[95.984,5.3095],[95.9835,5.3095],[95.983,5.3095],[95.9825,5.31],[95.9815,5.3065],[95.9815,5.3055],[95.9805,5.305],[95.98,5.3035],[95.9865,5.305],[95.9845,5.3065],[95.984,5.307],[95.984,5.3095]]]},"properties":{"code":"11.07.18.2002","name":"Mesjid Bungie"}},{"type":"Feature","geometry":{"type":"Polygon","coordinates":[[[95.989,5.307],[95.987,5.31],[95.9875,5.311],[95.987,5.3115],[95.987,5.311],[95.9845,5.3095],[95.984,5.3095],[95.984,5.307],[95.9845,5.3065],[95.9865,5.305],[95.9875,5.3055],[95.9875,5.306],[95.988,5.3065],[95.989,5.307]]]},"properties":{"code":"11.07.18.2003","name":"Liliep"}},{"type":"Feature","geometry":{"type":"Polygon","coordinates":[[[95.9895,5.321],[95.987,5.3225],[95.9855,5.319],[95.9845,5.3175],[95.988,5.315],[95.9875,5.3135],[95.987,5.3125],[95.9875,5.3115],[95.987,5.3115],[95.9875,5.311],[95.987,5.31],[95.989,5.307],[95.992,5.308],[95.993,5.3105],[95.994,5.3115],[95.9955,5.316],[95.993,5.3165],[95.989,5.3205],[95.9895,5.321]]]},"properties":{"code":"11.07.18.2004","name":"Ujong Baroh"}},{"type":"Feature","geometry":{"type":"Polygon","coordinates":[[[95.9815,5.3735],[95.966,5.371],[95.967,5.37],[95.969,5.369],[95.9685,5.3655],[95.9715,5.3665],[95.985,5.371],[95.9815,5.3735]]]},"properties":{"code":"11.07.18.2005","name":"Peukan Sot"}},{"type":"Feature","geometry":{"type":"Polygon","coordinates":[[[95.986,5.363],[95.9755,5.365],[95.974,5.3625],[95.9735,5.36],[95.9715,5.3565],[95.9775,5.359],[95.978,5.359],[95.9835,5.357],[95.9875,5.3565],[95.991,5.355],[95.9915,5.3565],[95.9925,5.3585],[95.986,5.363]]]},"properties":{"code":"11.07.18.2006","name":"Sukon"}},{"type":"Feature","geometry":{"type":"Polygon","coordinates":[[[95.9865,5.3565],[95.9835,5.357],[95.9795,5.3585],[95.9795,5.356],[95.978,5.3525],[95.9845,5.3515],[95.985,5.3535],[95.9865,5.3565]]]},"properties":{"code":"11.07.18.2007","name":"Raya Paleue"}},{"type":"Feature","geometry":{"type":"Polygon","coordinates":[[[95.9795,5.3585],[95.978,5.359],[95.9775,5.359],[95.9745,5.351],[95.976,5.3505],[95.978,5.3525],[95.9795,5.356],[95.9795,5.3585]]]},"properties":{"code":"11.07.18.2008","name":"Lambideng"}},{"type":"Feature","geometry":{"type":"Polygon","coordinates":[[[95.978,5.3525],[95.976,5.3505],[95.9735,5.3515],[95.9695,5.352],[95.969,5.35],[95.976,5.3465],[95.9785,5.346],[95.982,5.345],[95.9825,5.3465],[95.9825,5.3485],[95.9845,5.3515],[95.978,5.3525]]]},"properties":{"code":"11.07.18.2009","name":"Cot Paleue"}},{"type":"Feature","geometry":{"type":"Polygon","coordinates":[[[95.9775,5.359],[95.9715,5.3565],[95.969,5.353],[95.9695,5.352],[95.9735,5.3515],[95.9745,5.351],[95.9775,5.359]]]},"properties":{"code":"11.07.18.2010","name":"Seukee"}},{"type":"Feature","geometry":{"type":"Polygon","coordinates":[[[95.985,5.371],[95.9715,5.3665],[95.972,5.364],[95.973,5.364],[95.974,5.365],[95.974,5.3645],[95.9755,5.365],[95.986,5.363],[95.9895,5.3665],[95.9915,5.3645],[95.992,5.3655],[95.985,5.371]]]},"properties":{"code":"11.07.18.2011","name":"Cebrek"}},{"type":"Feature","geometry":{"type":"Polygon","coordinates":[[[96.0135,5.328],[96.0115,5.3295],[96.01,5.33],[96.0085,5.3295],[96.0075,5.3285],[96.006,5.329],[96.0055,5.3295],[96.0045,5.3295],[96.001,5.3265],[96.0015,5.3245],[96.002,5.321],[96.0025,5.3195],[96.003,5.3195],[96.004,5.3195],[96.006,5.3215],[96.0095,5.324],[96.0105,5.325],[96.011,5.3255],[96.0135,5.328]]]},"properties":{"code":"11.07.18.2012","name":"Linggong Sagoe"}},{"type":"Feature","geometry":{"type":"Polygon","coordinates":[[[95.996,5.33],[95.994,5.33],[95.9935,5.3275],[95.993,5.325],[95.9925,5.3225],[95.9955,5.321],[95.9955,5.322],[95.997,5.3245],[95.9995,5.3245],[96.0005,5.328],[95.996,5.33]]]},"properties":{"code":"11.07.18.2013","name":"Kulam Baro"}},{"type":"Feature","geometry":{"type":"Polygon","coordinates":[[[96.003,5.332],[95.999,5.334],[95.996,5.33],[96.0005,5.328],[96.003,5.332]]]},"properties":{"code":"11.07.18.2014","name":"Empeh"}},{"type":"Feature","geometry":{"type":"Polygon","coordinates":[[[95.994,5.337],[95.993,5.3375],[95.9915,5.3375],[95.9905,5.3355],[95.987,5.337],[95.9865,5.335],[95.9865,5.334],[95.986,5.3325],[95.988,5.3305],[95.992,5.3285],[95.994,5.33],[95.996,5.33],[95.999,5.334],[95.9995,5.3355],[95.9935,5.3365],[95.994,5.337]]]},"properties":{"code":"11.07.18.2015","name":"Nien"}},{"type":"Feature","geometry":{"type":"Polygon","coordinates":[[[95.999,5.34],[95.9965,5.3395],[95.994,5.3375],[95.9935,5.3365],[95.9995,5.3355],[96.0005,5.339],[95.999,5.34]]]},"properties":{"code":"11.07.18.2016","name":"Ceureucok Timur"}},{"type":"Feature","geometry":{"type":"Polygon","coordinates":[[[95.996,5.342],[95.993,5.3425],[95.9925,5.341],[95.989,5.341],[95.987,5.337],[95.9905,5.3355],[95.9915,5.3375],[95.993,5.3375],[95.994,5.337],[95.994,5.3375],[95.9965,5.3395],[95.9955,5.341],[95.996,5.342]]]},"properties":{"code":"11.07.18.2017","name":"Ceureukcok Barat"}},{"type":"Feature","geometry":{"type":"Polygon","coordinates":[[[96.008,5.34],[96.0085,5.3455],[96.008,5.3445],[96.0065,5.344],[96.0045,5.344],[96.005,5.343],[96.008,5.34]]]},"properties":{"code":"11.07.18.2018","name":"Jaja Baroh"}},{"type":"Feature","geometry":{"type":"Polygon","coordinates":[[[96.005,5.3435],[96.004,5.344],[96.0025,5.34],[96.002,5.3395],[96.004,5.338],[96.004,5.3375],[96.009,5.3355],[96.0115,5.335],[96.013,5.336],[96.0115,5.338],[96.0115,5.339],[96.008,5.34],[96.005,5.343],[96.005,5.3435]]]},"properties":{"code":"11.07.18.2019","name":"Jaja Tunong"}},{"type":"Feature","geometry":{"type":"Polygon","coordinates":[[[96.015,5.351],[96.0065,5.3545],[96.003,5.3495],[96.0025,5.349],[96.0065,5.347],[96.015,5.351]]]},"properties":{"code":"11.07.18.2020","name":"Mesjid Gigieng"}},{"type":"Feature","geometry":{"type":"Polygon","coordinates":[[[96.0065,5.347],[96.0025,5.349],[96.0035,5.346],[96.0045,5.344],[96.0065,5.344],[96.008,5.3445],[96.0085,5.3455],[96.007,5.3465],[96.0065,5.347]]]},"properties":{"code":"11.07.18.2021","name":"Gong"}},{"type":"Feature","geometry":{"type":"Polygon","coordinates":[[[96.004,5.344],[96.0015,5.345],[96.001,5.3445],[96,5.3445],[95.999,5.3445],[95.9995,5.344],[95.999,5.34],[96.0015,5.3385],[96.0025,5.34],[96.004,5.344]]]},"properties":{"code":"11.07.18.2022","name":"Pulo Raya"}},{"type":"Feature","geometry":{"type":"Polygon","coordinates":[[[95.9985,5.346],[95.9965,5.347],[95.9945,5.345],[95.994,5.3445],[95.9955,5.343],[95.996,5.342],[95.996,5.3415],[95.9955,5.341],[95.9965,5.3395],[95.999,5.34],[95.9995,5.344],[95.999,5.3445],[95.9995,5.345],[95.9985,5.346]]]},"properties":{"code":"11.07.18.2023","name":"Pulo Blang"}},{"type":"Feature","geometry":{"type":"Polygon","coordinates":[[[95.991,5.355],[95.9875,5.3565],[95.9865,5.3565],[95.985,5.3535],[95.9845,5.3515],[95.9885,5.351],[95.991,5.3505],[95.996,5.3495],[95.9965,5.3495],[95.996,5.3515],[95.997,5.352],[95.997,5.3525],[95.995,5.3535],[95.9905,5.3535],[95.991,5.355]]]},"properties":{"code":"11.07.18.2024","name":"Mamplam"}},{"type":"Feature","geometry":{"type":"Polygon","coordinates":[[[95.9945,5.358],[95.9915,5.357],[95.9915,5.3565],[95.9905,5.3535],[95.995,5.3535],[95.995,5.3545],[95.995,5.357],[95.9945,5.358]]]},"properties":{"code":"11.07.18.2025","name":"Meunasah Lhee"}},{"type":"Feature","geometry":{"type":"Polygon","coordinates":[[[95.996,5.3495],[95.991,5.3505],[95.9915,5.345],[95.9905,5.3435],[95.992,5.3435],[95.9935,5.3445],[95.9945,5.345],[95.9965,5.347],[95.996,5.3495]]]},"properties":{"code":"11.07.18.2026","name":"Pante"}},{"type":"Feature","geometry":{"type":"Polygon","coordinates":[[[95.992,5.3655],[95.9915,5.3645],[95.9895,5.3665],[95.986,5.363],[95.9925,5.3585],[95.9915,5.357],[95.9945,5.358],[95.997,5.362],[95.992,5.3655]]]},"properties":{"code":"11.07.18.2027","name":"Kupula"}},{"type":"Feature","geometry":{"type":"Polygon","coordinates":[[[96.001,5.3585],[95.9985,5.3605],[95.995,5.3535],[95.997,5.3525],[95.9985,5.355],[96.001,5.3585]]]},"properties":{"code":"11.07.18.2028","name":"Mantak Raya"}},{"type":"Feature","geometry":{"type":"Polygon","coordinates":[[[96.0025,5.349],[96.0005,5.348],[95.9985,5.346],[95.9995,5.345],[95.999,5.3445],[96,5.3445],[96.001,5.3445],[96.0015,5.345],[96.004,5.344],[96.005,5.3435],[96.0035,5.346],[96.0025,5.349]]]},"properties":{"code":"11.07.18.2029","name":"Peukan Tuha"}},{"type":"Feature","geometry":{"type":"Polygon","coordinates":[[[95.9985,5.3605],[95.997,5.362],[95.9945,5.358],[95.995,5.357],[95.995,5.3545],[95.995,5.3535],[95.9985,5.3605]]]},"properties":{"code":"11.07.18.2030","name":"Dayah Lampoh Awe"}},{"type":"Feature","geometry":{"type":"Polygon","coordinates":[[[96.0005,5.348],[96.0005,5.35],[95.998,5.354],[95.997,5.352],[95.996,5.3515],[95.9965,5.3495],[95.996,5.3495],[95.9965,5.347],[95.9985,5.346],[96.0005,5.348]]]},"properties":{"code":"11.07.18.2031","name":"Meunasah Blang"}},{"type":"Feature","geometry":{"type":"Polygon","coordinates":[[[96.0065,5.3545],[96.001,5.3585],[95.9985,5.355],[95.998,5.354],[96.0005,5.35],[96.003,5.3495],[96.0065,5.3545]]]},"properties":{"code":"11.07.18.2032","name":"Pulo Gajah Mate"}},{"type":"Feature","geometry":{"type":"Polygon","coordinates":[[[95.9845,5.3235],[95.9815,5.3235],[95.9795,5.324],[95.979,5.323],[95.9795,5.3225],[95.986,5.32],[95.987,5.3225],[95.9845,5.3235]]]},"properties":{"code":"11.07.18.2033","name":"Seuk Ceukok"}},{"type":"Feature","geometry":{"type":"Polygon","coordinates":[[[95.98,5.3285],[95.9755,5.3305],[95.9745,5.3285],[95.9725,5.3295],[95.972,5.329],[95.971,5.3295],[95.97,5.326],[95.9705,5.3245],[95.9705,5.3235],[95.974,5.3225],[95.979,5.323],[95.9805,5.326],[95.981,5.3265],[95.98,5.3285]]]},"properties":{"code":"11.07.18.2034","name":"Pulo Tu"}},{"type":"Feature","geometry":{"type":"Polygon","coordinates":[[[95.9845,5.3235],[95.9835,5.324],[95.981,5.3265],[95.9805,5.326],[95.9795,5.324],[95.9815,5.3235],[95.9845,5.3235]]]},"properties":{"code":"11.07.18.2035","name":"Meunasah Jurong"}},{"type":"Feature","geometry":{"type":"Polygon","coordinates":[[[95.983,5.329],[95.982,5.3295],[95.98,5.3285],[95.981,5.3265],[95.9835,5.324],[95.985,5.3235],[95.987,5.3225],[95.9895,5.321],[95.9915,5.323],[95.9925,5.3225],[95.993,5.324],[95.9885,5.326],[95.9875,5.3265],[95.985,5.3275],[95.983,5.329]]]},"properties":{"code":"11.07.18.2036","name":"Kampong Blang"}},{"type":"Feature","geometry":{"type":"Polygon","coordinates":[[[95.986,5.333],[95.9845,5.334],[95.983,5.329],[95.985,5.3275],[95.9875,5.3265],[95.9885,5.326],[95.993,5.324],[95.993,5.325],[95.9935,5.3275],[95.994,5.33],[95.992,5.3285],[95.988,5.3305],[95.986,5.3325],[95.986,5.333]]]},"properties":{"code":"11.07.18.2037","name":"Padang"}},{"type":"Feature","geometry":{"type":"Polygon","coordinates":[[[95.989,5.3405],[95.9875,5.3405],[95.9855,5.3385],[95.984,5.334],[95.986,5.333],[95.9865,5.3345],[95.9865,5.335],[95.989,5.3405]]]},"properties":{"code":"11.07.18.2038","name":"Cot Ara"}},{"type":"Feature","geometry":{"type":"Polygon","coordinates":[[[95.9855,5.3385],[95.9835,5.3395],[95.983,5.34],[95.9815,5.337],[95.9805,5.3345],[95.9805,5.3325],[95.982,5.3335],[95.983,5.3345],[95.984,5.334],[95.9855,5.3385]]]},"properties":{"code":"11.07.18.2039","name":"Dayah Blang Cut"}},{"type":"Feature","geometry":{"type":"Polygon","coordinates":[[[95.981,5.3355],[95.9775,5.3365],[95.975,5.337],[95.975,5.3365],[95.976,5.336],[95.9755,5.335],[95.9775,5.335],[95.9805,5.3345],[95.981,5.3355]]]},"properties":{"code":"11.07.18.2040","name":"Teungoh Mangki"}},{"type":"Feature","geometry":{"type":"Polygon","coordinates":[[[95.982,5.345],[95.9785,5.346],[95.976,5.3465],[95.9755,5.344],[95.976,5.343],[95.976,5.3415],[95.9755,5.34],[95.9755,5.3385],[95.975,5.337],[95.9775,5.3365],[95.981,5.3355],[95.9815,5.337],[95.983,5.34],[95.979,5.3415],[95.9805,5.343],[95.982,5.345]]]},"properties":{"code":"11.07.18.2041","name":"Dayah Blang"}},{"type":"Feature","geometry":{"type":"Polygon","coordinates":[[[95.989,5.3445],[95.9825,5.3455],[95.9805,5.343],[95.979,5.3415],[95.9835,5.3395],[95.9855,5.3385],[95.9875,5.3405],[95.989,5.3445]]]},"properties":{"code":"11.07.18.2042","name":"Madika"}},{"type":"Feature","geometry":{"type":"Polygon","coordinates":[[[95.991,5.344],[95.989,5.3445],[95.9875,5.3405],[95.989,5.3405],[95.991,5.344]]]},"properties":{"code":"11.07.18.2043","name":"Sagoe"}},{"type":"Feature","geometry":{"type":"Polygon","coordinates":[[[95.996,5.342],[95.9955,5.343],[95.994,5.3445],[95.9935,5.3445],[95.992,5.3435],[95.9905,5.3435],[95.989,5.341],[95.9925,5.341],[95.993,5.3425],[95.996,5.342]]]},"properties":{"code":"11.07.18.2044","name":"Ceureucok Sagoe"}},{"type":"Feature","geometry":{"type":"Polygon","coordinates":[[[95.991,5.3505],[95.9885,5.351],[95.9845,5.3515],[95.9825,5.3485],[95.9825,5.3465],[95.9825,5.3455],[95.989,5.3445],[95.991,5.344],[95.9915,5.345],[95.991,5.3505]]]},"properties":{"code":"11.07.18.2045","name":"Bunien"}},{"type":"Feature","geometry":{"type":"Polygon","coordinates":[[[95.9805,5.3345],[95.9775,5.335],[95.9755,5.335],[95.975,5.3335],[95.9755,5.331],[95.9755,5.3305],[95.98,5.3285],[95.982,5.3295],[95.983,5.329],[95.9845,5.334],[95.983,5.3345],[95.982,5.3335],[95.9805,5.3325],[95.9805,5.3345]]]},"properties":{"code":"11.07.18.2046","name":"Paloh Tok Due"}},{"type":"Feature","geometry":{"type":"Polygon","coordinates":[[[96.0115,5.335],[96.009,5.3355],[96.007,5.3325],[96.0095,5.332],[96.0115,5.335]]]},"properties":{"code":"11.07.18.2047","name":"Mesjid Tungoe"}},{"type":"Feature","geometry":{"type":"Polygon","coordinates":[[[96.007,5.3325],[96.003,5.332],[96.0005,5.328],[96.001,5.3265],[96.0045,5.3295],[96.0055,5.3295],[96.006,5.329],[96.0075,5.3285],[96.0085,5.3295],[96.0095,5.332],[96.007,5.3325]]]},"properties":{"code":"11.07.18.2048","name":"Blang Leuen"}},{"type":"Feature","geometry":{"type":"Polygon","coordinates":[[[96.0215,5.33],[96.0135,5.3335],[96.013,5.336],[96.0095,5.332],[96.0085,5.3295],[96.01,5.33],[96.0115,5.3295],[96.0135,5.328],[96.014,5.3285],[96.016,5.3285],[96.0165,5.328],[96.02,5.3285],[96.0205,5.3295],[96.021,5.3295],[96.0215,5.33]]]},"properties":{"code":"11.07.18.2049","name":"Ujong Gampong"}},{"type":"Feature","geometry":{"type":"Polygon","coordinates":[[[96.017,5.347],[96.015,5.351],[96.0065,5.347],[96.007,5.3465],[96.0085,5.3455],[96.008,5.34],[96.0115,5.339],[96.0115,5.3395],[96.017,5.347]]]},"properties":{"code":"11.07.18.2050","name":"Cot Jaja"}},{"type":"Feature","geometry":{"type":"Polygon","coordinates":[[[96.022,5.344],[96.017,5.347],[96.0115,5.3395],[96.0115,5.338],[96.013,5.336],[96.0135,5.3335],[96.0215,5.33],[96.022,5.3315],[96.0245,5.334],[96.026,5.338],[96.021,5.343],[96.021,5.3435],[96.022,5.344]]]},"properties":{"code":"11.07.18.2051","name":"Lheue"}},{"type":"Feature","geometry":{"type":"Polygon","coordinates":[[[96.009,5.3355],[96.004,5.3375],[96.004,5.338],[96.002,5.3395],[96.0015,5.3385],[96.0005,5.339],[95.9995,5.3355],[95.999,5.334],[96.003,5.332],[96.007,5.3325],[96.009,5.3355]]]},"properties":{"code":"11.07.18.2052","name":"Ulee Barat"}},{"type":"Feature","geometry":{"type":"Polygon","coordinates":[[[95.919,5.014],[95.918,5.016],[95.9155,5.0185],[95.914,5.019],[95.913,5.0195],[95.9115,5.0195],[95.911,5.0195],[95.911,5.0165],[95.904,4.9985],[95.9025,4.997],[95.8945,4.985],[95.8935,4.971],[95.904,4.957],[95.905,4.9355],[95.8965,4.923],[95.894,4.92],[95.894,4.9195],[95.8955,4.9155],[95.9035,4.9105],[95.895,4.9],[95.9045,4.893],[95.8965,4.881],[95.8905,4.8855],[95.8935,4.8805],[95.9015,4.868],[95.927,4.8475],[95.9495,4.8365],[95.952,4.835],[95.945,4.855],[95.945,4.8565],[95.951,4.87],[95.9425,4.888],[95.9355,4.927],[95.928,4.936],[95.919,4.9575],[95.925,4.965],[95.9165,4.9765],[95.9235,4.985],[95.9165,4.9985],[95.919,5.013],[95.919,5.014]]]},"properties":{"code":"11.07.19.2001","name":"Keude Tangse"}},{"type":"Feature","geometry":{"type":"Polygon","coordinates":[[[95.925,5.031],[95.924,5.0315],[95.92,5.0335],[95.9155,5.033],[95.912,5.03],[95.9115,5.029],[95.911,5.022],[95.911,5.0195],[95.9115,5.0195],[95.914,5.0195],[95.9225,5.0305],[95.925,5.031]]]},"properties":{"code":"11.07.19.2002","name":"Pulo Mesjid I"}},{"type":"Feature","geometry":{"type":"Polygon","coordinates":[[[95.926,5.031],[95.925,5.031],[95.9225,5.0305],[95.914,5.0195],[95.913,5.0195],[95.914,5.019],[95.9155,5.0185],[95.918,5.016],[95.919,5.014],[95.923,5.0145],[95.923,5.0165],[95.9235,5.0185],[95.9275,5.026],[95.927,5.0275],[95.9255,5.03],[95.926,5.031]]]},"properties":{"code":"11.07.19.2003","name":"Pulo Mesjid Ii"}},{"type":"Feature","geometry":{"type":"Polygon","coordinates":[[[95.9115,5.029],[95.909,5.0295],[95.907,5.028],[95.9055,5.0255],[95.9015,5.0155],[95.879,4.993],[95.886,4.974],[95.886,4.9645],[95.8695,4.966],[95.867,4.9645],[95.854,4.958],[95.8535,4.955],[95.8535,4.9545],[95.8515,4.9555],[95.8475,4.956],[95.846,4.955],[95.847,4.9545],[95.855,4.93],[95.882,4.915],[95.887,4.891],[95.8905,4.8855],[95.8965,4.881],[95.9045,4.893],[95.895,4.9],[95.9035,4.9105],[95.8955,4.9155],[95.894,4.9195],[95.894,4.92],[95.8965,4.923],[95.905,4.9355],[95.904,4.957],[95.8935,4.971],[95.8945,4.985],[95.9025,4.997],[95.904,4.9985],[95.911,5.0165],[95.911,5.0205],[95.911,5.022],[95.9115,5.029]]]},"properties":{"code":"11.07.19.2004","name":"Pulo Sejahtera"}},{"type":"Feature","geometry":{"type":"Polygon","coordinates":[[[95.9065,5.0275],[95.903,5.0305],[95.9005,5.032],[95.862,5.0135],[95.855,5],[95.8415,4.992],[95.8385,4.969],[95.8335,4.9645],[95.835,4.9625],[95.841,4.957],[95.8425,4.956],[95.846,4.955],[95.8475,4.956],[95.8515,4.9555],[95.8535,4.9545],[95.8535,4.955],[95.854,4.958],[95.867,4.9645],[95.8695,4.966],[95.886,4.9645],[95.886,4.974],[95.879,4.993],[95.9015,5.0155],[95.9055,5.0255],[95.9065,5.0275]]]},"properties":{"code":"11.07.19.2005","name":"Pulo Kawa"}},{"type":"Feature","geometry":{"type":"Polygon","coordinates":[[[95.9095,5.0785],[95.856,5.078],[95.853,5.0475],[95.876,5.0475],[95.881,5.0385],[95.9,5.0335],[95.903,5.0305],[95.9065,5.0275],[95.907,5.028],[95.909,5.0295],[95.912,5.03],[95.9155,5.033],[95.9175,5.0335],[95.9145,5.041],[95.928,5.0495],[95.924,5.0565],[95.903,5.066],[95.914,5.071],[95.911,5.076],[95.9105,5.0765],[95.9095,5.0785]]]},"properties":{"code":"11.07.19.2006","name":"Pulo Seunong"}},{"type":"Feature","geometry":{"type":"Polygon","coordinates":[[[95.853,5.0475],[95.8385,5.0625],[95.823,5.065],[95.8205,5.066],[95.82,5.0655],[95.819,5.0635],[95.8065,5.055],[95.803,5.034],[95.7805,5.033],[95.7755,5.0245],[95.7835,5.009],[95.798,4.9925],[95.815,4.9805],[95.8245,4.9735],[95.8335,4.9645],[95.8385,4.969],[95.8415,4.992],[95.855,5],[95.862,5.0135],[95.9005,5.032],[95.9,5.0335],[95.881,5.0385],[95.876,5.0475],[95.853,5.0475]]]},"properties":{"code":"11.07.19.2007","name":"Nubok Badeuk"}},{"type":"Feature","geometry":{"type":"Polygon","coordinates":[[[95.939,5.0195],[95.9275,5.026],[95.9235,5.0185],[95.923,5.017],[95.926,5.014],[95.927,5.0125],[95.928,5.012],[95.929,5.0095],[95.933,5.0105],[95.936,5.012],[95.939,5.014],[95.939,5.0195]]]},"properties":{"code":"11.07.19.2008","name":"Blang Jeurat"}},{"type":"Feature","geometry":{"type":"Polygon","coordinates":[[[95.933,5.0105],[95.929,5.0095],[95.928,5.012],[95.927,5.0125],[95.926,5.014],[95.923,5.017],[95.923,5.0165],[95.923,5.0145],[95.919,5.013],[95.9165,4.9985],[95.9285,5.001],[95.9335,5.0055],[95.933,5.0105]]]},"properties":{"code":"11.07.19.2009","name":"Pulo Baro"}},{"type":"Feature","geometry":{"type":"Polygon","coordinates":[[[95.9395,5.006],[95.933,5.0105],[95.9335,5.0055],[95.9285,5.001],[95.9385,4.9955],[95.938,4.996],[95.9395,5.006]]]},"properties":{"code":"11.07.19.2010","name":"Layan"}},{"type":"Feature","geometry":{"type":"Polygon","coordinates":[[[95.97,5.025],[95.956,5.033],[95.955,5.034],[95.954,5.033],[95.9515,5.028],[95.939,5.0195],[95.939,5.014],[95.936,5.012],[95.933,5.0105],[95.9395,5.006],[95.9525,5.008],[95.969,5.0175],[95.97,5.025]]]},"properties":{"code":"11.07.19.2011","name":"Blang Dalam"}},{"type":"Feature","geometry":{"type":"Polygon","coordinates":[[[95.9815,5.022],[95.9805,5.0225],[95.9785,5.023],[95.97,5.025],[95.969,5.0175],[95.9525,5.008],[95.9395,5.006],[95.938,4.996],[95.9385,4.9955],[95.94,4.996],[95.942,4.9965],[95.9515,5.0055],[95.9685,5.006],[95.9795,5.0125],[95.9815,5.0205],[95.9815,5.022]]]},"properties":{"code":"11.07.19.2012","name":"Peunalom I"}},{"type":"Feature","geometry":{"type":"Polygon","coordinates":[[[96.053,4.9675],[96.022,4.9885],[96.004,5.0065],[95.981,5.0185],[95.9795,5.0125],[95.9685,5.006],[95.9515,5.0055],[95.942,4.9965],[95.941,4.9965],[95.9445,4.9915],[95.9475,4.9895],[95.9545,4.979],[95.9695,4.968],[95.9715,4.962],[95.9875,4.946],[95.9905,4.9425],[95.9995,4.9335],[96.001,4.9345],[96.013,4.9345],[96.0215,4.9465],[96.0325,4.9485],[96.035,4.949],[96.0415,4.956],[96.0415,4.9585],[96.0515,4.9665],[96.053,4.967],[96.053,4.9675]]]},"properties":{"code":"11.07.19.2013","name":"Peunalom II"}},{"type":"Feature","geometry":{"type":"Polygon","coordinates":[[[95.9385,4.9955],[95.9285,5.001],[95.9165,4.9985],[95.9235,4.985],[95.9165,4.9765],[95.925,4.965],[95.919,4.9575],[95.928,4.936],[95.9355,4.927],[95.9425,4.888],[95.951,4.87],[95.945,4.8565],[95.945,4.855],[95.952,4.835],[95.954,4.8325],[95.963,4.8195],[95.9715,4.8135],[95.9795,4.7965],[95.98,4.796],[95.9905,4.804],[96.0145,4.808],[96.0145,4.8175],[96.011,4.82],[96.0095,4.8195],[96.0075,4.8195],[96.0035,4.8215],[96.002,4.824],[96.0025,4.8275],[96.004,4.838],[95.9985,4.846],[95.997,4.8585],[95.9895,4.8635],[95.985,4.878],[95.983,4.9035],[95.986,4.922],[95.9915,4.931],[95.99,4.9335],[95.9905,4.935],[95.9955,4.934],[95.9975,4.932],[95.9995,4.9335],[95.9905,4.9425],[95.9875,4.946],[95.9715,4.962],[95.9695,4.968],[95.9545,4.979],[95.9475,4.9895],[95.9445,4.9915],[95.941,4.9965],[95.94,4.996],[95.9385,4.9955]]]},"properties":{"code":"11.07.19.2014","name":"Krueng Meuriam"}},{"type":"Feature","geometry":{"type":"Polygon","coordinates":[[[95.9515,5.028],[95.9375,5.0305],[95.9365,5.0295],[95.9335,5.0295],[95.929,5.031],[95.927,5.031],[95.9255,5.03],[95.927,5.0275],[95.9275,5.026],[95.939,5.0195],[95.9515,5.028]]]},"properties":{"code":"11.07.19.2015","name":"Blang Teungoh"}},{"type":"Feature","geometry":{"type":"Polygon","coordinates":[[[95.9975,5.0655],[95.995,5.068],[95.9895,5.079],[95.976,5.073],[95.9575,5.06],[95.951,5.0635],[95.9325,5.052],[95.9315,5.0515],[95.931,5.0505],[95.93,5.047],[95.945,5.0415],[95.9485,5.0465],[95.9665,5.052],[95.9795,5.0525],[95.987,5.0575],[95.9935,5.064],[95.995,5.0645],[95.9975,5.0655]]]},"properties":{"code":"11.07.19.2016","name":"Blang Dhot"}},{"type":"Feature","geometry":{"type":"Polygon","coordinates":[[[95.928,5.0495],[95.9145,5.041],[95.9175,5.0335],[95.92,5.0335],[95.924,5.0315],[95.926,5.031],[95.927,5.031],[95.929,5.031],[95.9335,5.0295],[95.9365,5.0295],[95.9375,5.0305],[95.9515,5.028],[95.954,5.033],[95.955,5.034],[95.9515,5.0365],[95.9505,5.037],[95.945,5.0415],[95.93,5.047],[95.93,5.0485],[95.928,5.0495]]]},"properties":{"code":"11.07.19.2017","name":"Blang Bungong"}},{"type":"Feature","geometry":{"type":"Polygon","coordinates":[[[95.9755,5.081],[95.975,5.082],[95.964,5.092],[95.962,5.094],[95.914,5.071],[95.903,5.066],[95.924,5.0565],[95.958,5.074],[95.9755,5.081]]]},"properties":{"code":"11.07.19.2018","name":"Ulee Gunong"}},{"type":"Feature","geometry":{"type":"Polygon","coordinates":[[[95.962,5.094],[95.9605,5.096],[95.9575,5.1015],[95.9565,5.103],[95.954,5.0985],[95.9505,5.099],[95.9095,5.0785],[95.9105,5.0765],[95.911,5.076],[95.914,5.071],[95.962,5.094]]]},"properties":{"code":"11.07.19.2019","name":"Keubon Nilam"}},{"type":"Feature","geometry":{"type":"Polygon","coordinates":[[[95.9895,5.079],[95.977,5.0795],[95.9755,5.081],[95.958,5.074],[95.924,5.0565],[95.928,5.0495],[95.93,5.0485],[95.931,5.0505],[95.9315,5.0515],[95.9325,5.052],[95.951,5.0635],[95.9575,5.06],[95.976,5.073],[95.9895,5.079]]]},"properties":{"code":"11.07.19.2020","name":"Paya Guci"}},{"type":"Feature","geometry":{"type":"Polygon","coordinates":[[[96.0155,5.0465],[96.015,5.0485],[95.999,5.0645],[95.9975,5.0655],[95.995,5.0645],[95.9935,5.064],[95.987,5.0575],[95.9795,5.0525],[95.9665,5.052],[95.9485,5.0465],[95.945,5.0415],[95.9505,5.037],[95.9515,5.0365],[95.953,5.0355],[95.955,5.034],[95.956,5.033],[95.97,5.025],[95.9785,5.023],[95.9805,5.0225],[95.9815,5.022],[95.985,5.021],[95.9865,5.0195],[95.988,5.0195],[95.989,5.0285],[95.9935,5.0315],[96.0035,5.0425],[96.0055,5.0435],[96.0155,5.0465]]]},"properties":{"code":"11.07.19.2021","name":"Ranto Panyang"}},{"type":"Feature","geometry":{"type":"Polygon","coordinates":[[[95.9495,5.113],[95.947,5.113],[95.945,5.113],[95.942,5.113],[95.929,5.1105],[95.9235,5.1065],[95.9165,5.1105],[95.8385,5.096],[95.835,5.1025],[95.83,5.104],[95.8285,5.107],[95.8245,5.0935],[95.822,5.087],[95.8205,5.0855],[95.8015,5.08],[95.799,5.0795],[95.796,5.081],[95.7925,5.081],[95.7635,5.065],[95.7445,5.0625],[95.745,5.0605],[95.762,5.0555],[95.766,5.038],[95.7755,5.0245],[95.7805,5.033],[95.803,5.034],[95.8065,5.055],[95.819,5.0635],[95.82,5.0655],[95.8205,5.066],[95.823,5.065],[95.8385,5.0625],[95.853,5.0475],[95.856,5.078],[95.9095,5.0785],[95.9505,5.099],[95.954,5.0985],[95.9565,5.103],[95.953,5.107],[95.9495,5.113]]]},"properties":{"code":"11.07.19.2022","name":"Blang Malo"}},{"type":"Feature","geometry":{"type":"Polygon","coordinates":[[[95.9495,5.113],[95.9465,5.117],[95.9425,5.1175],[95.941,5.122],[95.939,5.121],[95.9335,5.121],[95.9285,5.1165],[95.916,5.1205],[95.898,5.1195],[95.866,5.107],[95.8475,5.1075],[95.839,5.113],[95.8325,5.1125],[95.831,5.115],[95.83,5.1115],[95.8285,5.107],[95.83,5.104],[95.835,5.1025],[95.8385,5.096],[95.9165,5.1105],[95.9235,5.1065],[95.929,5.1105],[95.942,5.113],[95.945,5.113],[95.947,5.113],[95.9495,5.113]]]},"properties":{"code":"11.07.19.2023","name":"Krueng Seukeuek"}},{"type":"Feature","geometry":{"type":"Polygon","coordinates":[[[95.941,5.122],[95.9405,5.123],[95.9395,5.1235],[95.9345,5.125],[95.918,5.133],[95.9115,5.1435],[95.911,5.1455],[95.8865,5.1415],[95.875,5.1265],[95.8655,5.12],[95.8425,5.1145],[95.836,5.1175],[95.831,5.116],[95.831,5.115],[95.8325,5.1125],[95.839,5.113],[95.8475,5.1075],[95.866,5.107],[95.898,5.1195],[95.916,5.1205],[95.9285,5.1165],[95.9335,5.121],[95.939,5.121],[95.941,5.122]]]},"properties":{"code":"11.07.19.2024","name":"Beungga"}},{"type":"Feature","geometry":{"type":"Polygon","coordinates":[[[95.91,5.156],[95.876,5.1555],[95.875,5.1625],[95.8725,5.1585],[95.8725,5.157],[95.873,5.155],[95.874,5.1535],[95.87,5.155],[95.861,5.159],[95.8585,5.1595],[95.857,5.159],[95.855,5.158],[95.855,5.1565],[95.856,5.154],[95.8565,5.1515],[95.8565,5.151],[95.8685,5.1465],[95.8705,5.1455],[95.871,5.1465],[95.8725,5.1465],[95.888,5.1475],[95.8895,5.1475],[95.8915,5.1485],[95.899,5.1495],[95.905,5.15],[95.9055,5.1495],[95.9075,5.1485],[95.9105,5.15],[95.9105,5.1505],[95.911,5.151],[95.91,5.156]]]},"properties":{"code":"11.07.19.2025","name":"Alue Calong"}},{"type":"Feature","geometry":{"type":"Polygon","coordinates":[[[95.9105,5.1505],[95.9105,5.15],[95.9075,5.1485],[95.9055,5.1495],[95.905,5.15],[95.899,5.1495],[95.8915,5.1485],[95.8895,5.1475],[95.888,5.1475],[95.8725,5.1465],[95.871,5.1465],[95.8705,5.1455],[95.8685,5.1465],[95.8565,5.151],[95.8555,5.1505],[95.847,5.1475],[95.845,5.1455],[95.8425,5.146],[95.842,5.1435],[95.84,5.141],[95.8405,5.139],[95.8335,5.122],[95.831,5.116],[95.836,5.1175],[95.8425,5.1145],[95.8655,5.12],[95.875,5.1265],[95.8865,5.1415],[95.911,5.1455],[95.9105,5.1465],[95.9115,5.1495],[95.911,5.1505],[95.9105,5.1505]]]},"properties":{"code":"11.07.19.2026","name":"Pulo Ie"}},{"type":"Feature","geometry":{"type":"Polygon","coordinates":[[[95.8185,5.2415],[95.8155,5.2415],[95.807,5.2505],[95.794,5.2605],[95.793,5.266],[95.7905,5.2675],[95.788,5.2675],[95.788,5.2665],[95.787,5.2625],[95.7835,5.2585],[95.7775,5.258],[95.775,5.2565],[95.775,5.253],[95.782,5.2445],[95.786,5.2275],[95.789,5.217],[95.8215,5.1805],[95.8325,5.1645],[95.839,5.1445],[95.84,5.141],[95.842,5.1435],[95.8425,5.146],[95.845,5.1455],[95.847,5.1475],[95.8555,5.1505],[95.8565,5.1515],[95.856,5.154],[95.855,5.1565],[95.855,5.158],[95.857,5.159],[95.8585,5.1595],[95.861,5.159],[95.87,5.155],[95.874,5.1535],[95.873,5.155],[95.8725,5.157],[95.8725,5.1585],[95.875,5.1625],[95.876,5.1555],[95.91,5.156],[95.911,5.1585],[95.908,5.161],[95.899,5.163],[95.8965,5.1655],[95.8875,5.167],[95.8835,5.1705],[95.8755,5.186],[95.868,5.1915],[95.866,5.196],[95.861,5.197],[95.86,5.1955],[95.8535,5.1905],[95.848,5.1925],[95.8415,5.2025],[95.839,5.2065],[95.825,5.2195],[95.824,5.2275],[95.824,5.2305],[95.8215,5.232],[95.8185,5.2415]]]},"properties":{"code":"11.07.19.2027","name":"Lhok Keutapang"}},{"type":"Feature","geometry":{"type":"Polygon","coordinates":[[[96.1315,5.0765],[96.105,5.0905],[96.1,5.0895],[96.0975,5.09],[96.0845,5.0945],[96.071,5.1065],[96.0575,5.1085],[96.0555,5.1105],[96.057,5.101],[96.049,5.086],[96.048,5.084],[96.0455,5.083],[96.051,5.073],[96.036,5.054],[96.0325,5.053],[96.022,5.0415],[96.016,5.0445],[96.0155,5.0465],[96.0055,5.0435],[96.0035,5.0425],[95.9935,5.0315],[95.989,5.0285],[95.988,5.0195],[95.9865,5.0195],[95.985,5.021],[95.9815,5.022],[95.9815,5.0205],[95.981,5.0185],[96.004,5.0065],[96.022,4.9885],[96.053,4.9675],[96.054,4.9685],[96.0685,4.986],[96.079,4.9905],[96.089,4.988],[96.0895,4.9895],[96.088,4.9965],[96.088,4.997],[96.0885,4.9985],[96.0965,5.0065],[96.108,5.045],[96.1295,5.0595],[96.1315,5.0765]]]},"properties":{"code":"11.07.19.2028","name":"Blang Pandak"}},{"type":"Feature","geometry":{"type":"Polygon","coordinates":[[[95.967,5.2295],[95.9655,5.23],[95.9645,5.2295],[95.959,5.2215],[95.9605,5.2205],[95.963,5.22],[95.9655,5.22],[95.9685,5.224],[95.973,5.225],[95.9745,5.227],[95.9745,5.228],[95.967,5.2295]]]},"properties":{"code":"11.07.21.2001","name":"Rabo"}},{"type":"Feature","geometry":{"type":"Polygon","coordinates":[[[95.963,5.22],[95.9605,5.2205],[95.9565,5.213],[95.957,5.2125],[95.956,5.211],[95.959,5.2115],[95.963,5.22]]]},"properties":{"code":"11.07.21.2002","name":"Pulo Siblah"}},{"type":"Feature","geometry":{"type":"Polygon","coordinates":[[[95.959,5.2215],[95.9645,5.2295],[95.9575,5.228],[95.9545,5.2285],[95.9535,5.2265],[95.9525,5.223],[95.954,5.2195],[95.959,5.2215]]]},"properties":{"code":"11.07.21.2003","name":"Lhok Igeuh"}},{"type":"Feature","geometry":{"type":"Polygon","coordinates":[[[95.9565,5.213],[95.9505,5.2135],[95.947,5.2165],[95.944,5.218],[95.943,5.217],[95.9415,5.216],[95.944,5.214],[95.9475,5.21],[95.9455,5.208],[95.95,5.205],[95.956,5.211],[95.957,5.2125],[95.9565,5.213]]]},"properties":{"code":"11.07.21.2004","name":"Pulo Glumpang"}},{"type":"Feature","geometry":{"type":"Polygon","coordinates":[[[95.959,5.2215],[95.954,5.2195],[95.9525,5.2205],[95.951,5.22],[95.946,5.219],[95.9445,5.2185],[95.944,5.218],[95.947,5.2165],[95.9505,5.2135],[95.9565,5.213],[95.9605,5.2205],[95.959,5.2215]]]},"properties":{"code":"11.07.21.2005","name":"Meunasah Mancang"}},{"type":"Feature","geometry":{"type":"Polygon","coordinates":[[[95.9455,5.208],[95.9475,5.21],[95.944,5.214],[95.9415,5.216],[95.941,5.2155],[95.9395,5.214],[95.937,5.21],[95.9365,5.2095],[95.9335,5.209],[95.94,5.2035],[95.9455,5.208]]]},"properties":{"code":"11.07.21.2006","name":"Pulo Tambo"}},{"type":"Feature","geometry":{"type":"Polygon","coordinates":[[[95.95,5.205],[95.9455,5.208],[95.94,5.2035],[95.9385,5.201],[95.937,5.1995],[95.936,5.199],[95.937,5.1995],[95.948,5.197],[95.95,5.205]]]},"properties":{"code":"11.07.21.2007","name":"Pulo Keunari"}},{"type":"Feature","geometry":{"type":"Polygon","coordinates":[[[95.959,5.2115],[95.956,5.211],[95.95,5.205],[95.948,5.197],[95.965,5.1955],[95.9725,5.189],[95.9715,5.183],[95.997,5.158],[96.0075,5.1565],[96.017,5.1715],[95.998,5.1815],[95.987,5.1805],[95.981,5.191],[95.966,5.202],[95.959,5.2115]]]},"properties":{"code":"11.07.21.2008","name":"Peunadok"}},{"type":"Feature","geometry":{"type":"Polygon","coordinates":[[[95.9785,5.2055],[95.9775,5.205],[95.9685,5.224],[95.9655,5.22],[95.966,5.202],[95.981,5.191],[95.987,5.1805],[95.998,5.1815],[95.994,5.1925],[95.985,5.2005],[95.9845,5.202],[95.9785,5.2055]]]},"properties":{"code":"11.07.21.2009","name":"Pulo Mesjid"}},{"type":"Feature","geometry":{"type":"Polygon","coordinates":[[[95.966,5.202],[95.9655,5.22],[95.963,5.22],[95.959,5.2115],[95.966,5.202]]]},"properties":{"code":"11.07.21.2010","name":"Meunasah Panah"}},{"type":"Feature","geometry":{"type":"Polygon","coordinates":[[[95.981,5.227],[95.9745,5.228],[95.9745,5.227],[95.974,5.2265],[95.9815,5.215],[96,5.2045],[95.9955,5.2245],[95.9945,5.2255],[95.986,5.226],[95.981,5.227]]]},"properties":{"code":"11.07.21.2011","name":"Trieng Cudo Baroh"}},{"type":"Feature","geometry":{"type":"Polygon","coordinates":[[[95.9815,5.215],[95.974,5.2265],[95.973,5.225],[95.9685,5.224],[95.9775,5.205],[95.979,5.2065],[95.9825,5.2095],[95.9815,5.215]]]},"properties":{"code":"11.07.21.2012","name":"Trieng Cudo Tunong"}},{"type":"Feature","geometry":{"type":"Polygon","coordinates":[[[96,5.2045],[95.9815,5.215],[95.9825,5.2095],[95.979,5.2065],[95.9785,5.2055],[95.9845,5.202],[95.985,5.2005],[95.994,5.1925],[95.998,5.1815],[96.017,5.1715],[96.0075,5.1565],[96.0125,5.151],[96.0195,5.1465],[96.0205,5.146],[96.021,5.1465],[96.034,5.174],[96.046,5.1745],[96.0475,5.1765],[96,5.2045]]]},"properties":{"code":"11.07.21.2013","name":"Mampree"}},{"type":"Feature","geometry":{"type":"Polygon","coordinates":[[[95.94,5.2035],[95.9335,5.209],[95.933,5.209],[95.932,5.2085],[95.93,5.2065],[95.9335,5.205],[95.935,5.204],[95.934,5.202],[95.9355,5.2015],[95.9375,5.2005],[95.9385,5.201],[95.94,5.2035]]]},"properties":{"code":"11.07.21.2014","name":"Daya Baroh"}},{"type":"Feature","geometry":{"type":"Polygon","coordinates":[[[95.9375,5.2005],[95.9355,5.2015],[95.934,5.202],[95.935,5.204],[95.9335,5.205],[95.93,5.2065],[95.9295,5.206],[95.926,5.2025],[95.9255,5.2015],[95.936,5.199],[95.937,5.1995],[95.9375,5.2005]]]},"properties":{"code":"11.07.21.2015","name":"Daya Teungoh"}},{"type":"Feature","geometry":{"type":"Polygon","coordinates":[[[95.936,5.199],[95.9255,5.2015],[95.917,5.1885],[95.927,5.185],[95.9355,5.1985],[95.936,5.199]]]},"properties":{"code":"11.07.21.2016","name":"Daya Kampong Baro"}},{"type":"Feature","geometry":{"type":"Polygon","coordinates":[[[95.948,5.197],[95.937,5.1995],[95.9355,5.1985],[95.927,5.185],[95.9315,5.1875],[95.961,5.182],[95.9705,5.175],[95.9705,5.1615],[95.996,5.148],[96.0075,5.131],[96.0245,5.1225],[96.0365,5.111],[96.053,5.1135],[96.0485,5.1175],[96.041,5.132],[96.0205,5.146],[96.0195,5.1465],[96.0125,5.151],[96.0075,5.1565],[95.997,5.158],[95.9715,5.183],[95.9725,5.189],[95.965,5.1955],[95.948,5.197]]]},"properties":{"code":"11.07.21.2017","name":"Daya Cot"}},{"type":"Feature","geometry":{"type":"Polygon","coordinates":[[[95.927,5.185],[95.917,5.1885],[95.914,5.1715],[95.908,5.161],[95.911,5.1585],[95.916,5.1605],[95.9305,5.172],[95.943,5.1745],[95.9535,5.1705],[95.9625,5.1535],[95.9695,5.1485],[95.9675,5.136],[95.9715,5.1245],[95.993,5.1135],[95.9935,5.109],[96.011,5.1],[96.032,5.0945],[96.035,5.09],[96.036,5.0885],[96.0445,5.0835],[96.0455,5.083],[96.048,5.084],[96.049,5.086],[96.057,5.101],[96.0555,5.1105],[96.053,5.1135],[96.0365,5.111],[96.0245,5.1225],[96.0075,5.131],[95.996,5.148],[95.9705,5.1615],[95.9705,5.175],[95.961,5.182],[95.9315,5.1875],[95.927,5.185]]]},"properties":{"code":"11.07.21.2018","name":"Blang Rikui"}},{"type":"Feature","geometry":{"type":"Polygon","coordinates":[[[96.0455,5.083],[96.0445,5.0835],[96.036,5.0885],[96.035,5.09],[96.032,5.0945],[96.011,5.1],[95.9935,5.109],[95.993,5.1135],[95.9715,5.1245],[95.9675,5.136],[95.9695,5.1485],[95.9625,5.1535],[95.9535,5.1705],[95.943,5.1745],[95.9305,5.172],[95.916,5.1605],[95.91,5.156],[95.911,5.151],[95.9105,5.1505],[95.911,5.1505],[95.9115,5.1495],[95.9105,5.1465],[95.9115,5.1435],[95.918,5.133],[95.9345,5.125],[95.9395,5.1235],[95.9405,5.123],[95.941,5.122],[95.9425,5.1175],[95.9465,5.117],[95.953,5.107],[95.9575,5.1015],[95.9605,5.096],[95.964,5.092],[95.975,5.082],[95.977,5.0795],[95.9895,5.079],[95.995,5.068],[95.999,5.0645],[96.015,5.0485],[96.016,5.0445],[96.022,5.0415],[96.0325,5.053],[96.036,5.054],[96.051,5.073],[96.0455,5.083]]]},"properties":{"code":"11.07.21.2019","name":"Panton Beunot"}},{"type":"Feature","geometry":{"type":"Polygon","coordinates":[[[95.87,5.2245],[95.8695,5.2225],[95.867,5.2205],[95.865,5.22],[95.859,5.224],[95.856,5.221],[95.863,5.216],[95.871,5.2095],[95.872,5.2095],[95.874,5.2135],[95.877,5.2195],[95.8735,5.2205],[95.874,5.222],[95.8725,5.223],[95.8715,5.2235],[95.87,5.2245]]]},"properties":{"code":"11.07.22.2001","name":"U Gadeng"}},{"type":"Feature","geometry":{"type":"Polygon","coordinates":[[[95.881,5.223],[95.8765,5.2265],[95.869,5.2285],[95.867,5.2255],[95.8715,5.2235],[95.8725,5.223],[95.874,5.222],[95.8735,5.2205],[95.88,5.2185],[95.881,5.223]]]},"properties":{"code":"11.07.22.2002","name":"Kumbang"}},{"type":"Feature","geometry":{"type":"Polygon","coordinates":[[[95.8865,5.2265],[95.8775,5.23],[95.8725,5.234],[95.871,5.2315],[95.8695,5.23],[95.869,5.2285],[95.8765,5.2265],[95.881,5.223],[95.8825,5.2225],[95.8835,5.224],[95.885,5.224],[95.8885,5.2265],[95.8885,5.228],[95.8865,5.2265]]]},"properties":{"code":"11.07.22.2003","name":"Sagoe"}},{"type":"Feature","geometry":{"type":"Polygon","coordinates":[[[95.8865,5.2265],[95.878,5.2365],[95.875,5.238],[95.874,5.238],[95.8705,5.2355],[95.8775,5.23],[95.8865,5.2265]]]},"properties":{"code":"11.07.22.2004","name":"Dayah Keumala"}},{"type":"Feature","geometry":{"type":"Polygon","coordinates":[[[95.8895,5.237],[95.883,5.235],[95.8895,5.2285],[95.89,5.2295],[95.8945,5.2325],[95.895,5.233],[95.8935,5.2345],[95.8895,5.237]]]},"properties":{"code":"11.07.22.2005","name":"Jijiem"}},{"type":"Feature","geometry":{"type":"Polygon","coordinates":[[[95.883,5.235],[95.876,5.2415],[95.874,5.238],[95.875,5.238],[95.878,5.2365],[95.8865,5.2265],[95.8885,5.228],[95.8895,5.2285],[95.883,5.235]]]},"properties":{"code":"11.07.22.2006","name":"Rheng"}},{"type":"Feature","geometry":{"type":"Polygon","coordinates":[[[95.897,5.237],[95.892,5.2395],[95.8895,5.237],[95.8935,5.2345],[95.897,5.237]]]},"properties":{"code":"11.07.22.2007","name":"Cot Nuran"}},{"type":"Feature","geometry":{"type":"Polygon","coordinates":[[[95.903,5.249],[95.902,5.2495],[95.891,5.252],[95.8895,5.2515],[95.8885,5.25],[95.892,5.2395],[95.897,5.237],[95.9005,5.243],[95.9015,5.2435],[95.903,5.249]]]},"properties":{"code":"11.07.22.2008","name":"Pulo Pante"}},{"type":"Feature","geometry":{"type":"Polygon","coordinates":[[[95.905,5.2425],[95.9035,5.244],[95.9005,5.243],[95.897,5.237],[95.8935,5.2345],[95.895,5.233],[95.9,5.2325],[95.9025,5.233],[95.9035,5.2335],[95.906,5.2375],[95.906,5.2395],[95.9055,5.2415],[95.905,5.2425]]]},"properties":{"code":"11.07.22.2009","name":"Paloh Teungoh"}},{"type":"Feature","geometry":{"type":"Polygon","coordinates":[[[95.9025,5.233],[95.9,5.2325],[95.895,5.233],[95.8945,5.2325],[95.89,5.2295],[95.8895,5.2285],[95.8885,5.228],[95.8885,5.2265],[95.8925,5.2225],[95.899,5.2205],[95.9005,5.22],[95.9015,5.2235],[95.9025,5.2245],[95.9035,5.225],[95.908,5.2295],[95.904,5.2315],[95.9025,5.233]]]},"properties":{"code":"11.07.22.2010","name":"Asan Nicah"}},{"type":"Feature","geometry":{"type":"Polygon","coordinates":[[[95.8845,5.224],[95.8835,5.224],[95.8825,5.2225],[95.88,5.2185],[95.877,5.2195],[95.874,5.2135],[95.8715,5.209],[95.8675,5.198],[95.867,5.1955],[95.868,5.1915],[95.8755,5.186],[95.88,5.206],[95.881,5.21],[95.886,5.215],[95.886,5.2175],[95.8885,5.221],[95.888,5.221],[95.8845,5.224]]]},"properties":{"code":"11.07.22.2011","name":"Papeun Nicah"}},{"type":"Feature","geometry":{"type":"Polygon","coordinates":[[[95.892,5.2185],[95.8885,5.221],[95.886,5.2175],[95.886,5.215],[95.881,5.21],[95.88,5.206],[95.8755,5.186],[95.8835,5.1705],[95.885,5.1755],[95.881,5.184],[95.883,5.1895],[95.883,5.194],[95.8845,5.1995],[95.892,5.2185]]]},"properties":{"code":"11.07.22.2012","name":"Pulo Seupeng"}},{"type":"Feature","geometry":{"type":"Polygon","coordinates":[[[95.8885,5.2265],[95.885,5.224],[95.8845,5.224],[95.888,5.221],[95.892,5.2185],[95.894,5.2175],[95.8955,5.2155],[95.8955,5.2165],[95.8975,5.22],[95.898,5.22],[95.8995,5.2205],[95.8925,5.2225],[95.8885,5.2265]]]},"properties":{"code":"11.07.22.2013","name":"Mesjid Nicah"}},{"type":"Feature","geometry":{"type":"Polygon","coordinates":[[[95.8675,5.198],[95.8615,5.2075],[95.8595,5.208],[95.8425,5.2145],[95.8295,5.2275],[95.824,5.2275],[95.825,5.2195],[95.839,5.2065],[95.8415,5.2025],[95.848,5.1925],[95.8535,5.1905],[95.86,5.1955],[95.861,5.197],[95.866,5.196],[95.867,5.1955],[95.8675,5.198]]]},"properties":{"code":"11.07.22.2014","name":"Tunong"}},{"type":"Feature","geometry":{"type":"Polygon","coordinates":[[[95.856,5.2225],[95.8525,5.2225],[95.8495,5.2235],[95.849,5.2245],[95.842,5.227],[95.841,5.2295],[95.837,5.231],[95.8335,5.235],[95.832,5.2355],[95.8275,5.239],[95.8265,5.2405],[95.825,5.2415],[95.8245,5.242],[95.822,5.241],[95.8215,5.241],[95.8185,5.2415],[95.8215,5.232],[95.824,5.2305],[95.8295,5.2275],[95.8425,5.2145],[95.8595,5.208],[95.8615,5.2075],[95.8675,5.198],[95.8715,5.209],[95.872,5.2095],[95.871,5.2095],[95.863,5.216],[95.856,5.221],[95.856,5.2225]]]},"properties":{"code":"11.07.22.2015","name":"Pako"}},{"type":"Feature","geometry":{"type":"Polygon","coordinates":[[[95.891,5.252],[95.889,5.252],[95.886,5.2515],[95.8845,5.252],[95.8815,5.25],[95.878,5.2475],[95.8735,5.247],[95.8735,5.2475],[95.8735,5.247],[95.8735,5.2455],[95.874,5.2445],[95.8895,5.237],[95.892,5.2395],[95.8885,5.25],[95.8895,5.2515],[95.891,5.252]]]},"properties":{"code":"11.07.22.2016","name":"Pulo Baro"}},{"type":"Feature","geometry":{"type":"Polygon","coordinates":[[[95.8715,5.249],[95.8675,5.2495],[95.8635,5.251],[95.859,5.252],[95.858,5.2515],[95.8575,5.2545],[95.8565,5.255],[95.8575,5.2575],[95.8575,5.258],[95.8565,5.259],[95.8565,5.2585],[95.855,5.257],[95.838,5.2475],[95.834,5.2465],[95.8245,5.242],[95.825,5.2415],[95.8265,5.2405],[95.8275,5.239],[95.832,5.2355],[95.8335,5.235],[95.837,5.231],[95.841,5.2295],[95.842,5.227],[95.849,5.2245],[95.8495,5.2235],[95.8525,5.2225],[95.856,5.2225],[95.859,5.224],[95.865,5.22],[95.867,5.2205],[95.8695,5.2225],[95.87,5.2245],[95.867,5.2255],[95.869,5.2285],[95.8695,5.23],[95.871,5.2315],[95.8725,5.234],[95.8705,5.2355],[95.874,5.238],[95.876,5.2415],[95.883,5.235],[95.8895,5.237],[95.874,5.2445],[95.8735,5.2455],[95.8735,5.247],[95.8715,5.248],[95.8715,5.249]]]},"properties":{"code":"11.07.22.2017","name":"Cot Kreh"}},{"type":"Feature","geometry":{"type":"Polygon","coordinates":[[[95.8955,5.2155],[95.894,5.2175],[95.892,5.2185],[95.8845,5.1995],[95.883,5.194],[95.883,5.1895],[95.881,5.184],[95.885,5.1755],[95.89,5.1945],[95.8915,5.1975],[95.893,5.199],[95.8945,5.2135],[95.8955,5.2155]]]},"properties":{"code":"11.07.22.2031","name":"Pulo Cahi"}},{"type":"Feature","geometry":{"type":"Polygon","coordinates":[[[95.988,5.2425],[95.989,5.251],[95.9845,5.249],[95.9795,5.244],[95.9815,5.2425],[95.984,5.242],[95.9855,5.2415],[95.988,5.2425]]]},"properties":{"code":"11.07.24.2001","name":"Baroh Ujong Rimba"}},{"type":"Feature","geometry":{"type":"Polygon","coordinates":[[[95.9875,5.275],[95.987,5.278],[95.9855,5.277],[95.982,5.276],[95.9795,5.2745],[95.976,5.275],[95.978,5.2725],[95.9775,5.271],[95.9805,5.2695],[95.9815,5.2715],[95.9875,5.275]]]},"properties":{"code":"11.07.24.2002","name":"Jojo"}},{"type":"Feature","geometry":{"type":"Polygon","coordinates":[[[95.9805,5.2695],[95.9775,5.271],[95.977,5.27],[95.975,5.269],[95.9685,5.2585],[95.971,5.257],[95.971,5.2575],[95.9735,5.2565],[95.977,5.2625],[95.9805,5.2695]]]},"properties":{"code":"11.07.24.2003","name":"Gampong Cot Usi"}},{"type":"Feature","geometry":{"type":"Polygon","coordinates":[[[95.987,5.254],[95.985,5.2605],[95.9815,5.2595],[95.9815,5.258],[95.9835,5.256],[95.987,5.254]]]},"properties":{"code":"11.07.24.2004","name":"Dayah Usi"}},{"type":"Feature","geometry":{"type":"Polygon","coordinates":[[[95.9815,5.258],[95.9805,5.2585],[95.9795,5.2565],[95.979,5.2555],[95.9775,5.2535],[95.9865,5.251],[95.988,5.2535],[95.9835,5.256],[95.9815,5.258]]]},"properties":{"code":"11.07.24.2005","name":"Paloh Lhok Usi"}},{"type":"Feature","geometry":{"type":"Polygon","coordinates":[[[95.9815,5.2595],[95.977,5.2625],[95.9765,5.2615],[95.976,5.2605],[95.9735,5.2565],[95.9745,5.256],[95.976,5.2575],[95.9775,5.2565],[95.979,5.257],[95.98,5.257],[95.9805,5.2585],[95.9815,5.258],[95.9815,5.2595]]]},"properties":{"code":"11.07.24.2006","name":"Campli Usi"}},{"type":"Feature","geometry":{"type":"Polygon","coordinates":[[[95.99,5.2645],[95.9895,5.2655],[95.9885,5.265],[95.988,5.264],[95.9885,5.2635],[95.985,5.2605],[95.987,5.254],[95.988,5.2535],[95.9865,5.251],[95.9875,5.2505],[95.989,5.251],[95.991,5.2525],[95.9905,5.254],[95.991,5.255],[95.9925,5.258],[95.9935,5.261],[95.992,5.263],[95.9905,5.2645],[95.99,5.2645]]]},"properties":{"code":"11.07.24.2007","name":"Mee Tanjong Usi"}},{"type":"Feature","geometry":{"type":"Polygon","coordinates":[[[95.9895,5.2655],[95.98,5.268],[95.977,5.2625],[95.9815,5.2595],[95.985,5.2605],[95.9885,5.2635],[95.988,5.264],[95.9885,5.265],[95.9895,5.2655]]]},"properties":{"code":"11.07.24.2008","name":"Mesjid Usi"}},{"type":"Feature","geometry":{"type":"Polygon","coordinates":[[[95.9955,5.253],[95.9975,5.2485],[96.0015,5.2445],[96.0035,5.2455],[96.0055,5.247],[96.0055,5.248],[96.006,5.248],[96.0055,5.2495],[96.006,5.2505],[95.9975,5.252],[95.9955,5.253]]]},"properties":{"code":"11.07.24.2009","name":"Paloh Raya"}},{"type":"Feature","geometry":{"type":"Polygon","coordinates":[[[95.9955,5.253],[95.9935,5.2555],[95.992,5.2575],[95.991,5.2525],[95.9905,5.252],[95.9965,5.243],[95.998,5.2455],[95.999,5.2465],[95.9975,5.2485],[95.9955,5.253]]]},"properties":{"code":"11.07.24.2010","name":"Nibong"}},{"type":"Feature","geometry":{"type":"Polygon","coordinates":[[[95.9965,5.243],[95.9905,5.252],[95.989,5.251],[95.988,5.2425],[95.995,5.2405],[95.9955,5.242],[95.9965,5.243]]]},"properties":{"code":"11.07.24.2011","name":"Baro Ujong Rimba"}},{"type":"Feature","geometry":{"type":"Polygon","coordinates":[[[96.005,5.2215],[96.001,5.229],[95.9995,5.229],[95.9965,5.228],[95.9945,5.225],[95.9955,5.2245],[96,5.2045],[96.015,5.1955],[96.0225,5.207],[96.015,5.2165],[96.015,5.2175],[96.0125,5.2175],[96.0115,5.218],[96.009,5.2205],[96.0075,5.2195],[96.0065,5.2215],[96.005,5.2215]]]},"properties":{"code":"11.07.24.2012","name":"Rinti"}},{"type":"Feature","geometry":{"type":"Polygon","coordinates":[[[95.997,5.2355],[95.986,5.2355],[95.9875,5.2265],[95.9945,5.2255],[95.9945,5.225],[95.9965,5.228],[95.9995,5.229],[96.001,5.232],[96.001,5.2345],[95.997,5.2355]]]},"properties":{"code":"11.07.24.2013","name":"Didoh"}},{"type":"Feature","geometry":{"type":"Polygon","coordinates":[[[95.995,5.2405],[95.988,5.2425],[95.9855,5.2415],[95.983,5.242],[95.9825,5.24],[95.982,5.2395],[95.983,5.236],[95.984,5.2355],[95.986,5.2355],[95.997,5.2355],[95.995,5.2405]]]},"properties":{"code":"11.07.24.2014","name":"Meugit"}},{"type":"Feature","geometry":{"type":"Polygon","coordinates":[[[95.9795,5.244],[95.976,5.2435],[95.9715,5.234],[95.9765,5.2325],[95.977,5.2335],[95.9805,5.237],[95.983,5.236],[95.982,5.2395],[95.9825,5.24],[95.983,5.242],[95.9815,5.2425],[95.9795,5.244]]]},"properties":{"code":"11.07.24.2015","name":"Empeh"}},{"type":"Feature","geometry":{"type":"Polygon","coordinates":[[[96.006,5.246],[96.006,5.2465],[96.0065,5.247],[96.006,5.248],[96.0055,5.248],[96.0055,5.247],[96.0035,5.2455],[96.0015,5.2445],[95.999,5.2465],[95.998,5.2455],[95.9965,5.243],[95.997,5.242],[95.997,5.24],[95.9985,5.2375],[96,5.2375],[96.006,5.246]]]},"properties":{"code":"11.07.24.2016","name":"Blang Riek"}},{"type":"Feature","geometry":{"type":"Polygon","coordinates":[[[95.9995,5.2375],[95.9985,5.2375],[95.997,5.24],[95.997,5.242],[95.9955,5.242],[95.995,5.2405],[95.997,5.2355],[95.9985,5.2355],[95.9995,5.2375]]]},"properties":{"code":"11.07.24.2017","name":"Balee Ujong Rimba"}},{"type":"Feature","geometry":{"type":"Polygon","coordinates":[[[95.9865,5.251],[95.9775,5.2535],[95.9765,5.252],[95.976,5.248],[95.975,5.248],[95.973,5.2445],[95.976,5.2435],[95.9795,5.244],[95.9845,5.249],[95.9875,5.2505],[95.9865,5.251]]]},"properties":{"code":"11.07.24.2018","name":"Mon Ara"}},{"type":"Feature","geometry":{"type":"Polygon","coordinates":[[[95.986,5.2355],[95.984,5.2355],[95.983,5.236],[95.982,5.2345],[95.981,5.227],[95.986,5.226],[95.9875,5.2265],[95.986,5.2355]]]},"properties":{"code":"11.07.24.2019","name":"Kulam Ara"}},{"type":"Feature","geometry":{"type":"Polygon","coordinates":[[[95.983,5.236],[95.9805,5.237],[95.977,5.2335],[95.9755,5.23],[95.9745,5.228],[95.981,5.227],[95.982,5.2345],[95.983,5.236]]]},"properties":{"code":"11.07.24.2020","name":"Blangong Basah"}},{"type":"Feature","geometry":{"type":"Polygon","coordinates":[[[95.9955,5.2685],[95.995,5.2685],[95.994,5.27],[95.9935,5.2685],[95.99,5.2645],[95.9905,5.2645],[95.992,5.263],[95.9945,5.2625],[95.995,5.264],[95.995,5.265],[95.9955,5.2685]]]},"properties":{"code":"11.07.24.2021","name":"Rambong"}},{"type":"Feature","geometry":{"type":"Polygon","coordinates":[[[95.9875,5.275],[95.9815,5.2715],[95.98,5.268],[95.9895,5.2655],[95.99,5.2645],[95.9935,5.2685],[95.9945,5.271],[95.9935,5.271],[95.9925,5.2715],[95.9875,5.275]]]},"properties":{"code":"11.07.24.2022","name":"Gampong Lada"}},{"type":"Feature","geometry":{"type":"Polygon","coordinates":[[[95.9995,5.2675],[95.9955,5.2685],[95.995,5.265],[95.995,5.264],[95.995,5.2635],[95.9985,5.2655],[95.999,5.2665],[95.9995,5.2675]]]},"properties":{"code":"11.07.24.2023","name":"Dayah Kumba"}},{"type":"Feature","geometry":{"type":"Polygon","coordinates":[[[96,5.268],[96,5.2735],[95.998,5.2725],[95.996,5.2735],[95.9955,5.2735],[95.9945,5.2715],[95.994,5.27],[95.995,5.2685],[95.9955,5.2685],[95.9995,5.2675],[96,5.268]]]},"properties":{"code":"11.07.24.2024","name":"Cot Kuthang"}},{"type":"Feature","geometry":{"type":"Polygon","coordinates":[[[96.0035,5.2775],[96.0025,5.278],[96.0005,5.279],[95.9995,5.28],[95.9985,5.281],[95.9965,5.277],[95.9955,5.2735],[95.996,5.2735],[95.998,5.2725],[96,5.2735],[96,5.268],[96.0085,5.265],[96.0075,5.2685],[96.0055,5.269],[96.0035,5.2765],[96.0035,5.2775]]]},"properties":{"code":"11.07.24.2025","name":"Dayah Tanoh"}},{"type":"Feature","geometry":{"type":"Polygon","coordinates":[[[96.0025,5.2855],[96.0025,5.286],[96.0005,5.2845],[95.998,5.2835],[95.9965,5.283],[95.9975,5.2815],[95.999,5.2805],[95.9995,5.28],[96.0005,5.279],[96.0025,5.278],[96.0035,5.2775],[96.004,5.281],[96.0055,5.2835],[96.0025,5.2855]]]},"properties":{"code":"11.07.24.2026","name":"Ulee Tutue"}},{"type":"Feature","geometry":{"type":"Polygon","coordinates":[[[95.9925,5.284],[95.992,5.284],[95.9895,5.283],[95.989,5.282],[95.994,5.279],[95.997,5.2775],[95.9985,5.281],[95.9975,5.2815],[95.9965,5.283],[95.996,5.2825],[95.9925,5.284]]]},"properties":{"code":"11.07.24.2027","name":"Beureueh Ii"}},{"type":"Feature","geometry":{"type":"Polygon","coordinates":[[[96.0085,5.265],[96,5.268],[95.999,5.2665],[95.9985,5.266],[96,5.265],[96.0015,5.261],[96.003,5.2605],[96.0045,5.2605],[96.006,5.2635],[96.007,5.2645],[96.0085,5.265]]]},"properties":{"code":"11.07.24.2028","name":"Mesjid Jeurat Manyang"}},{"type":"Feature","geometry":{"type":"Polygon","coordinates":[[[96.0045,5.2605],[96.003,5.2605],[96.0015,5.261],[96,5.265],[95.9985,5.266],[95.9985,5.2655],[95.995,5.2635],[95.9945,5.2625],[95.9935,5.261],[95.9925,5.258],[95.992,5.2575],[95.9935,5.2555],[95.9955,5.253],[95.996,5.2555],[96.003,5.2585],[96.0035,5.26],[96.0045,5.2605]]]},"properties":{"code":"11.07.24.2029","name":"Paloh Tinggi"}},{"type":"Feature","geometry":{"type":"Polygon","coordinates":[[[96.012,5.278],[96.008,5.28],[96.009,5.2835],[96.008,5.2845],[96.007,5.2855],[96.0065,5.2845],[96.0055,5.2835],[96.004,5.281],[96.0035,5.2765],[96.0055,5.276],[96.009,5.2765],[96.012,5.276],[96.012,5.278]]]},"properties":{"code":"11.07.24.2030","name":"Karieng"}},{"type":"Feature","geometry":{"type":"Polygon","coordinates":[[[96.012,5.276],[96.009,5.2765],[96.0055,5.276],[96.0035,5.2765],[96.0055,5.269],[96.012,5.268],[96.013,5.2705],[96.013,5.271],[96.013,5.272],[96.0115,5.273],[96.0115,5.2745],[96.012,5.276]]]},"properties":{"code":"11.07.24.2031","name":"Sagoe Teumpeun"}},{"type":"Feature","geometry":{"type":"Polygon","coordinates":[[[95.958,5.242],[95.959,5.239],[95.955,5.2305],[95.9545,5.2285],[95.9575,5.228],[95.9615,5.229],[95.962,5.2305],[95.9645,5.236],[95.9655,5.237],[95.963,5.238],[95.9605,5.2415],[95.958,5.242]]]},"properties":{"code":"11.07.24.2032","name":"Tong Peria"}},{"type":"Feature","geometry":{"type":"Polygon","coordinates":[[[95.973,5.2445],[95.9715,5.2455],[95.9675,5.238],[95.9665,5.2365],[95.9655,5.237],[95.9645,5.236],[95.962,5.2305],[95.9615,5.229],[95.9655,5.23],[95.967,5.2305],[95.9715,5.234],[95.976,5.2435],[95.973,5.2445]]]},"properties":{"code":"11.07.24.2033","name":"Tong Weng"}},{"type":"Feature","geometry":{"type":"Polygon","coordinates":[[[95.961,5.25],[95.956,5.248],[95.9565,5.2465],[95.958,5.242],[95.9605,5.2415],[95.966,5.246],[95.965,5.2465],[95.961,5.25]]]},"properties":{"code":"11.07.24.2034","name":"Pulo Drien"}},{"type":"Feature","geometry":{"type":"Polygon","coordinates":[[[95.9715,5.2455],[95.97,5.246],[95.9665,5.246],[95.966,5.246],[95.9605,5.2415],[95.963,5.238],[95.9665,5.2365],[95.9675,5.238],[95.9715,5.2455]]]},"properties":{"code":"11.07.24.2035","name":"Mesjid Gumpueng"}},{"type":"Feature","geometry":{"type":"Polygon","coordinates":[[[95.98,5.257],[95.979,5.257],[95.9775,5.2565],[95.976,5.2575],[95.9745,5.256],[95.971,5.2575],[95.9685,5.249],[95.9745,5.2475],[95.976,5.248],[95.9765,5.252],[95.979,5.2555],[95.9795,5.2565],[95.98,5.257]]]},"properties":{"code":"11.07.24.2036","name":"Ulee Gampong"}},{"type":"Feature","geometry":{"type":"Polygon","coordinates":[[[95.9765,5.2325],[95.9715,5.234],[95.967,5.2305],[95.967,5.2295],[95.9745,5.228],[95.9755,5.23],[95.9765,5.2325]]]},"properties":{"code":"11.07.24.2037","name":"Barieh"}},{"type":"Feature","geometry":{"type":"Polygon","coordinates":[[[96.0175,5.2985],[96.0095,5.2995],[96.01,5.297],[96.016,5.2945],[96.0175,5.2985]]]},"properties":{"code":"11.07.24.2038","name":"Jumphoih Adan"}},{"type":"Feature","geometry":{"type":"Polygon","coordinates":[[[96.016,5.2945],[96.01,5.297],[96.0085,5.2945],[96.0075,5.294],[96.012,5.2915],[96.017,5.29],[96.019,5.292],[96.0195,5.2935],[96.016,5.2945]]]},"properties":{"code":"11.07.24.2039","name":"Mee Adan"}},{"type":"Feature","geometry":{"type":"Polygon","coordinates":[[[96.0075,5.294],[96.005,5.2945],[96.0045,5.2945],[96.0065,5.2915],[96.0125,5.289],[96.016,5.2875],[96.0175,5.288],[96.0185,5.2895],[96.012,5.2915],[96.0075,5.294]]]},"properties":{"code":"11.07.24.2040","name":"Dayah Adan"}},{"type":"Feature","geometry":{"type":"Polygon","coordinates":[[[96.0175,5.288],[96.016,5.2875],[96.0115,5.2895],[96.0115,5.289],[96.0105,5.287],[96.008,5.287],[96.007,5.2855],[96.008,5.2845],[96.009,5.2835],[96.008,5.28],[96.013,5.278],[96.014,5.2795],[96.015,5.282],[96.017,5.284],[96.0165,5.286],[96.017,5.287],[96.0175,5.287],[96.0175,5.288]]]},"properties":{"code":"11.07.24.2041","name":"Alue Adan"}},{"type":"Feature","geometry":{"type":"Polygon","coordinates":[[[96.0115,5.2895],[96.0065,5.2915],[96.007,5.291],[96.0065,5.289],[96.0055,5.289],[96.006,5.288],[96.0045,5.288],[96.0025,5.2855],[96.0055,5.2835],[96.0065,5.2845],[96.0075,5.286],[96.008,5.287],[96.0105,5.287],[96.0115,5.289],[96.0115,5.2895]]]},"properties":{"code":"11.07.24.2042","name":"Rambot Adan"}},{"type":"Feature","geometry":{"type":"Polygon","coordinates":[[[96.0055,5.289],[96.004,5.289],[96.0015,5.291],[95.999,5.2905],[96,5.2885],[96,5.2875],[95.9995,5.287],[96.0025,5.286],[96.0025,5.2855],[96.0045,5.288],[96.006,5.288],[96.0055,5.289]]]},"properties":{"code":"11.07.24.2043","name":"Meucat Adan"}},{"type":"Feature","geometry":{"type":"Polygon","coordinates":[[[95.975,5.2755],[95.9735,5.276],[95.972,5.2735],[95.9715,5.271],[95.971,5.2705],[95.972,5.2695],[95.9745,5.268],[95.975,5.269],[95.977,5.27],[95.978,5.2725],[95.976,5.275],[95.975,5.2755]]]},"properties":{"code":"11.07.24.2044","name":"Tiba Mesjid"}},{"type":"Feature","geometry":{"type":"Polygon","coordinates":[[[95.9745,5.268],[95.972,5.2695],[95.971,5.2705],[95.9665,5.27],[95.963,5.2655],[95.971,5.2625],[95.9745,5.268]]]},"properties":{"code":"11.07.24.2045","name":"Tiba Raya"}},{"type":"Feature","geometry":{"type":"Polygon","coordinates":[[[95.971,5.2625],[95.963,5.2655],[95.9615,5.262],[95.9595,5.258],[95.962,5.259],[95.9635,5.2595],[95.964,5.2585],[95.9635,5.258],[95.9705,5.2555],[95.971,5.257],[95.9685,5.2585],[95.971,5.2625]]]},"properties":{"code":"11.07.24.2046","name":"Reubat"}},{"type":"Feature","geometry":{"type":"Polygon","coordinates":[[[95.9705,5.2555],[95.9635,5.258],[95.962,5.2565],[95.9605,5.255],[95.9625,5.2535],[95.9625,5.251],[95.961,5.25],[95.965,5.2465],[95.9665,5.246],[95.97,5.246],[95.973,5.2445],[95.975,5.248],[95.9745,5.2475],[95.9685,5.249],[95.9705,5.2555]]]},"properties":{"code":"11.07.24.2047","name":"Simbe"}},{"type":"Feature","geometry":{"type":"Polygon","coordinates":[[[95.997,5.2775],[95.994,5.279],[95.989,5.282],[95.988,5.2805],[95.987,5.2785],[95.987,5.278],[95.9875,5.275],[95.9925,5.2715],[95.9935,5.271],[95.9945,5.271],[95.997,5.2775]]]},"properties":{"code":"11.07.24.2048","name":"Jiem"}},{"type":"Feature","geometry":{"type":"Polygon","coordinates":[[[95.896,5.3835],[95.895,5.3835],[95.8915,5.3825],[95.889,5.381],[95.886,5.379],[95.886,5.378],[95.8885,5.3765],[95.8885,5.3755],[95.884,5.3725],[95.8845,5.372],[95.885,5.3715],[95.885,5.3685],[95.885,5.367],[95.884,5.3645],[95.8925,5.364],[95.895,5.369],[95.8945,5.3705],[95.896,5.372],[95.896,5.373],[95.897,5.374],[95.893,5.3785],[95.896,5.38],[95.896,5.382],[95.8955,5.383],[95.896,5.3835]]]},"properties":{"code":"11.07.25.2001","name":"Gintong"}},{"type":"Feature","geometry":{"type":"Polygon","coordinates":[[[95.9025,5.374],[95.902,5.374],[95.9015,5.3745],[95.9005,5.3725],[95.8995,5.372],[95.8985,5.37],[95.8985,5.3685],[95.8985,5.368],[95.8995,5.368],[95.9,5.3675],[95.9005,5.368],[95.9005,5.3695],[95.9005,5.37],[95.9015,5.371],[95.902,5.3725],[95.9025,5.374]]]},"properties":{"code":"11.07.25.2002","name":"Mesjid Beureuleung"}},{"type":"Feature","geometry":{"type":"Polygon","coordinates":[[[95.8985,5.3685],[95.898,5.368],[95.8965,5.3685],[95.895,5.369],[95.892,5.3605],[95.8925,5.359],[95.892,5.3575],[95.8945,5.3555],[95.9,5.365],[95.9005,5.3665],[95.9005,5.367],[95.8995,5.368],[95.8985,5.368],[95.8985,5.3685]]]},"properties":{"code":"11.07.25.2003","name":"Beureuleung"}},{"type":"Feature","geometry":{"type":"Polygon","coordinates":[[[95.9065,5.376],[95.9045,5.378],[95.902,5.378],[95.9015,5.3745],[95.902,5.374],[95.904,5.373],[95.9055,5.372],[95.9065,5.375],[95.9065,5.376]]]},"properties":{"code":"11.07.25.2004","name":"Baroh"}},{"type":"Feature","geometry":{"type":"Polygon","coordinates":[[[95.8975,5.3835],[95.896,5.383],[95.896,5.3835],[95.8955,5.383],[95.896,5.382],[95.896,5.38],[95.893,5.3785],[95.897,5.374],[95.896,5.373],[95.898,5.372],[95.899,5.372],[95.9005,5.3725],[95.9015,5.3745],[95.901,5.378],[95.8975,5.3835]]]},"properties":{"code":"11.07.25.2005","name":"Mee"}},{"type":"Feature","geometry":{"type":"Polygon","coordinates":[[[95.8995,5.372],[95.899,5.372],[95.898,5.372],[95.896,5.373],[95.896,5.372],[95.8945,5.3705],[95.8965,5.3685],[95.898,5.368],[95.8985,5.37],[95.8995,5.372]]]},"properties":{"code":"11.07.25.2006","name":"Paya"}},{"type":"Feature","geometry":{"type":"Polygon","coordinates":[[[95.9055,5.372],[95.904,5.373],[95.9025,5.374],[95.902,5.3725],[95.9015,5.371],[95.9005,5.37],[95.9005,5.369],[95.9,5.3675],[95.9005,5.367],[95.9005,5.3665],[95.9005,5.366],[95.9015,5.365],[95.902,5.3655],[95.9055,5.3655],[95.9055,5.372]]]},"properties":{"code":"11.07.25.2007","name":"Teungoh"}},{"type":"Feature","geometry":{"type":"Polygon","coordinates":[[[95.905,5.365],[95.902,5.3655],[95.9015,5.365],[95.9005,5.366],[95.9,5.365],[95.8945,5.3555],[95.8955,5.3555],[95.899,5.3575],[95.9,5.3585],[95.9005,5.359],[95.901,5.359],[95.902,5.3585],[95.904,5.3595],[95.9065,5.361],[95.9075,5.361],[95.906,5.364],[95.905,5.365]]]},"properties":{"code":"11.07.25.2008","name":"Pangge Pilok"}},{"type":"Feature","geometry":{"type":"Polygon","coordinates":[[[95.902,5.386],[95.9005,5.386],[95.899,5.3855],[95.8985,5.385],[95.8985,5.384],[95.8975,5.3835],[95.901,5.378],[95.902,5.378],[95.9045,5.378],[95.9075,5.378],[95.9075,5.3805],[95.902,5.386]]]},"properties":{"code":"11.07.25.2009","name":"Karieng"}},{"type":"Feature","geometry":{"type":"Polygon","coordinates":[[[95.905,5.3865],[95.902,5.3865],[95.902,5.386],[95.9075,5.3805],[95.9075,5.378],[95.9095,5.378],[95.91,5.3805],[95.915,5.381],[95.906,5.3855],[95.906,5.384],[95.9055,5.385],[95.905,5.3865]]]},"properties":{"code":"11.07.25.2010","name":"Grong-Grong"}},{"type":"Feature","geometry":{"type":"Polygon","coordinates":[[[95.91,5.372],[95.906,5.3735],[95.9055,5.372],[95.9055,5.3655],[95.905,5.365],[95.906,5.364],[95.909,5.3645],[95.911,5.3655],[95.9125,5.365],[95.914,5.3705],[95.91,5.372]]]},"properties":{"code":"11.07.25.2011","name":"Nicah"}},{"type":"Feature","geometry":{"type":"Polygon","coordinates":[[[95.916,5.3745],[95.9125,5.3775],[95.9125,5.3785],[95.912,5.3785],[95.912,5.378],[95.911,5.378],[95.91,5.3735],[95.91,5.372],[95.914,5.3705],[95.916,5.3745]]]},"properties":{"code":"11.07.25.2012","name":"Mesjid Memeuaneuk"}},{"type":"Feature","geometry":{"type":"Polygon","coordinates":[[[95.9075,5.378],[95.9065,5.376],[95.9065,5.375],[95.906,5.3735],[95.91,5.372],[95.91,5.3735],[95.911,5.377],[95.9095,5.378],[95.9075,5.378]]]},"properties":{"code":"11.07.25.2013","name":"Daka"}},{"type":"Feature","geometry":{"type":"Polygon","coordinates":[[[95.917,5.3765],[95.915,5.381],[95.913,5.3805],[95.912,5.3785],[95.9125,5.3785],[95.9125,5.3775],[95.916,5.3745],[95.917,5.3765]]]},"properties":{"code":"11.07.25.2014","name":"Sentosa"}},{"type":"Feature","geometry":{"type":"Polygon","coordinates":[[[95.912,5.3785],[95.913,5.3805],[95.91,5.3805],[95.9095,5.378],[95.911,5.377],[95.911,5.378],[95.912,5.378],[95.912,5.3785]]]},"properties":{"code":"11.07.25.2015","name":"Sukon"}},{"type":"Feature","geometry":{"type":"Polygon","coordinates":[[[96.1535,5.0775],[96.1315,5.0765],[96.1295,5.0595],[96.108,5.045],[96.0965,5.0065],[96.0885,4.9985],[96.088,4.997],[96.088,4.9965],[96.0895,4.9895],[96.089,4.987],[96.091,4.986],[96.091,4.9825],[96.101,4.955],[96.097,4.9325],[96.0975,4.903],[96.0915,4.892],[96.0955,4.8805],[96.0965,4.8795],[96.099,4.879],[96.098,4.876],[96.0995,4.8755],[96.103,4.8755],[96.1155,4.8745],[96.1215,4.8815],[96.1155,4.9],[96.1155,4.9105],[96.1325,4.9275],[96.1325,4.932],[96.147,4.9515],[96.1655,5.0295],[96.175,5.0455],[96.187,5.0585],[96.1935,5.0765],[96.1905,5.0765],[96.188,5.0715],[96.1865,5.07],[96.167,5.0685],[96.1535,5.0775]]]},"properties":{"code":"11.07.27.2001","name":"Lutueng"}},{"type":"Feature","geometry":{"type":"Polygon","coordinates":[[[96.294,4.9105],[96.289,4.9095],[96.2635,4.914],[96.2535,4.9225],[96.248,4.9365],[96.2265,4.948],[96.2115,4.959],[96.201,4.984],[96.19,5],[96.2005,5.014],[96.2065,5.04],[96.194,5.064],[96.1945,5.071],[96.1935,5.0765],[96.187,5.0585],[96.175,5.0455],[96.1655,5.0295],[96.147,4.9515],[96.1325,4.932],[96.1325,4.9275],[96.1155,4.9105],[96.1155,4.9],[96.1215,4.8815],[96.1155,4.8745],[96.103,4.8755],[96.1105,4.8695],[96.113,4.8655],[96.1115,4.8525],[96.1155,4.852],[96.1175,4.853],[96.1195,4.855],[96.1225,4.859],[96.123,4.86],[96.133,4.868],[96.1345,4.8725],[96.136,4.8725],[96.138,4.8745],[96.1435,4.8745],[96.1465,4.8775],[96.1655,4.8815],[96.167,4.8815],[96.1685,4.881],[96.188,4.871],[96.19,4.871],[96.2585,4.897],[96.2815,4.8945],[96.2905,4.9045],[96.293,4.9075],[96.2935,4.91],[96.294,4.9105]]]},"properties":{"code":"11.07.27.2002","name":"Blang Dalam"}},{"type":"Feature","geometry":{"type":"Polygon","coordinates":[[[96.089,4.988],[96.079,4.9905],[96.0685,4.986],[96.054,4.9685],[96.053,4.967],[96.0515,4.9665],[96.0415,4.9585],[96.0415,4.956],[96.035,4.949],[96.0325,4.9485],[96.0215,4.9465],[96.013,4.9345],[96.001,4.9345],[96,4.9335],[95.9975,4.932],[95.9955,4.934],[95.9905,4.935],[95.99,4.9335],[95.9915,4.931],[95.986,4.922],[95.983,4.9035],[95.985,4.878],[95.9895,4.8635],[95.997,4.8585],[95.9985,4.846],[96.004,4.838],[96.0025,4.8275],[96.002,4.824],[96.0035,4.8215],[96.0075,4.8195],[96.0095,4.8195],[96.011,4.82],[96.012,4.8195],[96.019,4.827],[96.049,4.8445],[96.092,4.867],[96.0955,4.88],[96.0955,4.8805],[96.0915,4.892],[96.0975,4.903],[96.097,4.9325],[96.101,4.955],[96.091,4.9825],[96.091,4.986],[96.089,4.987],[96.089,4.988]]]},"properties":{"code":"11.07.27.2003","name":"Mane"}},{"type":"Feature","geometry":{"type":"Polygon","coordinates":[[[96.103,4.8755],[96.0995,4.8755],[96.098,4.876],[96.099,4.879],[96.0965,4.8795],[96.0955,4.88],[96.092,4.867],[96.049,4.8445],[96.019,4.827],[96.012,4.8195],[96.0145,4.8175],[96.0145,4.808],[95.9905,4.804],[95.98,4.796],[95.982,4.7945],[95.992,4.786],[95.9945,4.7555],[96,4.7495],[96.107,4.7495],[96.1055,4.73],[96.104,4.7265],[96.1115,4.727],[96.118,4.742],[96.118,4.744],[96.1165,4.7585],[96.116,4.762],[96.101,4.7735],[96.0985,4.7875],[96.1045,4.8185],[96.1,4.8305],[96.1035,4.8465],[96.1115,4.8525],[96.113,4.8655],[96.1105,4.8695],[96.103,4.8755]]]},"properties":{"code":"11.07.27.2004","name":"Turue Cut"}},{"type":"Feature","geometry":{"type":"Polygon","coordinates":[[[96.019,5.292],[96.017,5.29],[96.0185,5.2895],[96.0175,5.288],[96.0175,5.287],[96.017,5.2865],[96.028,5.282],[96.029,5.283],[96.031,5.288],[96.019,5.292]]]},"properties":{"code":"11.07.29.2001","name":"U. Bungkok"}},{"type":"Feature","geometry":{"type":"Polygon","coordinates":[[[96.026,5.283],[96.0255,5.283],[96.017,5.2865],[96.0165,5.2855],[96.017,5.284],[96.015,5.282],[96.0145,5.2815],[96.0165,5.281],[96.0235,5.2795],[96.0245,5.2785],[96.026,5.283]]]},"properties":{"code":"11.07.29.2002","name":"Mee Teumpeun"}},{"type":"Feature","geometry":{"type":"Polygon","coordinates":[[[96.0255,5.294],[96.025,5.2935],[96.0215,5.295],[96.019,5.292],[96.031,5.288],[96.0305,5.29],[96.031,5.292],[96.032,5.2915],[96.0325,5.293],[96.03,5.2935],[96.0255,5.294]]]},"properties":{"code":"11.07.29.2003","name":"Kumbang Unoe"}},{"type":"Feature","geometry":{"type":"Polygon","coordinates":[[[96.0335,5.2645],[96.0285,5.2665],[96.0275,5.2705],[96.026,5.27],[96.0235,5.2695],[96.021,5.2685],[96.019,5.269],[96.0185,5.267],[96.017,5.2665],[96.02,5.266],[96.0315,5.2625],[96.033,5.2635],[96.0335,5.2645]]]},"properties":{"code":"11.07.29.2004","name":"Sagoe"}},{"type":"Feature","geometry":{"type":"Polygon","coordinates":[[[96.013,5.278],[96.012,5.278],[96.0115,5.2745],[96.0115,5.273],[96.014,5.2715],[96.0155,5.271],[96.018,5.27],[96.019,5.272],[96.019,5.273],[96.013,5.278]]]},"properties":{"code":"11.07.29.2005","name":"Geunteng"}},{"type":"Feature","geometry":{"type":"Polygon","coordinates":[[[96.0265,5.27],[96.0235,5.275],[96.0235,5.276],[96.0225,5.2755],[96.022,5.275],[96.021,5.275],[96.0205,5.274],[96.019,5.273],[96.019,5.272],[96.018,5.2695],[96.021,5.2685],[96.0235,5.2695],[96.026,5.27],[96.0265,5.27]]]},"properties":{"code":"11.07.29.2006","name":"Jurong Baro"}},{"type":"Feature","geometry":{"type":"Polygon","coordinates":[[[96.0245,5.2785],[96.0235,5.2795],[96.0165,5.281],[96.0145,5.2815],[96.014,5.2795],[96.013,5.278],[96.019,5.273],[96.0205,5.274],[96.021,5.275],[96.022,5.275],[96.0225,5.2755],[96.0235,5.276],[96.0235,5.277],[96.0245,5.2785]]]},"properties":{"code":"11.07.29.2007","name":"Sukon Paku"}},{"type":"Feature","geometry":{"type":"Polygon","coordinates":[[[96.0355,5.2705],[96.03,5.2725],[96.0295,5.2725],[96.0265,5.27],[96.0275,5.2705],[96.0285,5.2665],[96.0335,5.2645],[96.035,5.2635],[96.036,5.2675],[96.037,5.2695],[96.037,5.27],[96.0355,5.2705]]]},"properties":{"code":"11.07.29.2008","name":"Pulo Iboih"}},{"type":"Feature","geometry":{"type":"Polygon","coordinates":[[[96.036,5.2775],[96.032,5.2785],[96.0295,5.279],[96.0275,5.2745],[96.03,5.2725],[96.0355,5.2705],[96.036,5.2775]]]},"properties":{"code":"11.07.29.2009","name":"Sangget"}},{"type":"Feature","geometry":{"type":"Polygon","coordinates":[[[96.028,5.282],[96.026,5.283],[96.0235,5.277],[96.0235,5.275],[96.0265,5.27],[96.0295,5.2725],[96.0275,5.2745],[96.0295,5.279],[96.027,5.28],[96.028,5.282]]]},"properties":{"code":"11.07.29.2010","name":"Blang Baroh"}},{"type":"Feature","geometry":{"type":"Polygon","coordinates":[[[96.018,5.27],[96.0155,5.271],[96.013,5.272],[96.013,5.271],[96.013,5.2705],[96.012,5.268],[96.0075,5.2685],[96.0085,5.265],[96.0105,5.2655],[96.0115,5.2645],[96.0185,5.262],[96.017,5.2665],[96.0185,5.267],[96.019,5.269],[96.018,5.2695],[96.018,5.27]]]},"properties":{"code":"11.07.29.2011","name":"Manyang"}},{"type":"Feature","geometry":{"type":"Polygon","coordinates":[[[96.0435,5.279],[96.04,5.2805],[96.0385,5.2775],[96.036,5.2775],[96.0355,5.2705],[96.037,5.27],[96.0375,5.2695],[96.0395,5.2685],[96.04,5.2705],[96.0395,5.2705],[96.0435,5.279]]]},"properties":{"code":"11.07.29.2012","name":"Pulo Panjoe"}},{"type":"Feature","geometry":{"type":"Polygon","coordinates":[[[96.036,5.2915],[96.0325,5.293],[96.032,5.2915],[96.031,5.292],[96.0305,5.29],[96.031,5.288],[96.029,5.283],[96.0295,5.283],[96.0335,5.2835],[96.035,5.286],[96.036,5.29],[96.036,5.291],[96.036,5.2915]]]},"properties":{"code":"11.07.29.2013","name":"Balee Gantung"}},{"type":"Feature","geometry":{"type":"Polygon","coordinates":[[[96.0405,5.284],[96.0345,5.2855],[96.0335,5.2835],[96.0395,5.28],[96.0405,5.282],[96.0445,5.281],[96.045,5.283],[96.0405,5.284]]]},"properties":{"code":"11.07.29.2014","name":"Daboih"}},{"type":"Feature","geometry":{"type":"Polygon","coordinates":[[[96.0335,5.2835],[96.0295,5.283],[96.028,5.282],[96.027,5.28],[96.0295,5.279],[96.032,5.2785],[96.036,5.2775],[96.0385,5.2775],[96.0395,5.28],[96.0335,5.2835]]]},"properties":{"code":"11.07.29.2015","name":"Seureukui Cebrek"}},{"type":"Feature","geometry":{"type":"Polygon","coordinates":[[[96.0415,5.288],[96.0385,5.29],[96.036,5.29],[96.035,5.286],[96.0345,5.2855],[96.0405,5.284],[96.0415,5.288]]]},"properties":{"code":"11.07.29.2016","name":"Glumpang Bungkok"}},{"type":"Feature","geometry":{"type":"Polygon","coordinates":[[[96.045,5.283],[96.0455,5.2925],[96.045,5.292],[96.0425,5.29],[96.0415,5.288],[96.0405,5.284],[96.045,5.283]]]},"properties":{"code":"11.07.29.2017","name":"Ukee"}},{"type":"Feature","geometry":{"type":"Polygon","coordinates":[[[96.0565,5.3045],[96.0555,5.3065],[96.053,5.3085],[96.049,5.3075],[96.037,5.2915],[96.036,5.2915],[96.036,5.291],[96.036,5.29],[96.0385,5.29],[96.0425,5.29],[96.045,5.292],[96.0465,5.293],[96.0565,5.3045]]]},"properties":{"code":"11.07.29.2018","name":"Kumbang Trueng Campli"}},{"type":"Feature","geometry":{"type":"Polygon","coordinates":[[[96.057,5.3035],[96.0565,5.3045],[96.0465,5.293],[96.0455,5.2925],[96.045,5.283],[96.0445,5.281],[96.0505,5.28],[96.051,5.28],[96.0525,5.28],[96.054,5.281],[96.055,5.283],[96.0545,5.285],[96.0545,5.2885],[96.055,5.289],[96.0565,5.2895],[96.062,5.294],[96.0635,5.2955],[96.064,5.296],[96.0605,5.299],[96.057,5.3035]]]},"properties":{"code":"11.07.29.2019","name":"Palong"}},{"type":"Feature","geometry":{"type":"Polygon","coordinates":[[[96.0445,5.281],[96.0405,5.282],[96.04,5.2805],[96.0465,5.2775],[96.046,5.2765],[96.0495,5.275],[96.0495,5.276],[96.0505,5.278],[96.0445,5.281]]]},"properties":{"code":"11.07.29.2020","name":"Seukee"}},{"type":"Feature","geometry":{"type":"Polygon","coordinates":[[[96.0495,5.275],[96.046,5.2765],[96.0465,5.2775],[96.0435,5.279],[96.0395,5.2705],[96.04,5.2705],[96.0405,5.2705],[96.043,5.27],[96.046,5.2695],[96.0465,5.272],[96.0465,5.273],[96.047,5.273],[96.0475,5.2735],[96.0485,5.273],[96.0495,5.275]]]},"properties":{"code":"11.07.29.2021","name":"Bungong"}},{"type":"Feature","geometry":{"type":"Polygon","coordinates":[[[95.938,5.2435],[95.937,5.2435],[95.9355,5.2455],[95.9345,5.2455],[95.9335,5.244],[95.933,5.2425],[95.932,5.2405],[95.9375,5.236],[95.9385,5.2405],[95.939,5.2415],[95.938,5.2435]]]},"properties":{"code":"11.07.31.2001","name":"Lingkok"}},{"type":"Feature","geometry":{"type":"Polygon","coordinates":[[[95.929,5.2435],[95.9285,5.244],[95.925,5.2405],[95.936,5.233],[95.938,5.233],[95.9385,5.2335],[95.9385,5.234],[95.9375,5.236],[95.932,5.2405],[95.9325,5.2415],[95.9295,5.243],[95.929,5.2435]]]},"properties":{"code":"11.07.31.2002","name":"Pante Kulu"}},{"type":"Feature","geometry":{"type":"Polygon","coordinates":[[[95.925,5.2405],[95.9245,5.241],[95.923,5.2405],[95.9265,5.235],[95.9305,5.2325],[95.934,5.23],[95.9355,5.232],[95.936,5.233],[95.925,5.2405]]]},"properties":{"code":"11.07.31.2003","name":"Uke"}},{"type":"Feature","geometry":{"type":"MultiPolygon","coordinates":[[[[95.923,5.2405],[95.917,5.24],[95.9155,5.239],[95.9145,5.2395],[95.914,5.2385],[95.9135,5.2385],[95.916,5.2365],[95.92,5.234],[95.9255,5.23],[95.926,5.23],[95.927,5.2295],[95.928,5.231],[95.929,5.231],[95.93,5.233],[95.9265,5.235],[95.923,5.2405]]],[[[95.933,5.2425],[95.9335,5.244],[95.9345,5.2455],[95.9335,5.246],[95.932,5.245],[95.93,5.243],[95.9295,5.243],[95.929,5.2435],[95.9295,5.243],[95.9325,5.2415],[95.933,5.2425]]]]},"properties":{"code":"11.07.31.2004","name":"Pante Siren"}},{"type":"Feature","geometry":{"type":"Polygon","coordinates":[[[95.927,5.2295],[95.926,5.23],[95.9255,5.23],[95.92,5.234],[95.916,5.2365],[95.9135,5.2365],[95.9095,5.2315],[95.924,5.222],[95.9255,5.2225],[95.9265,5.2235],[95.927,5.2245],[95.9265,5.229],[95.927,5.2295]]]},"properties":{"code":"11.07.31.2005","name":"Pulo Raya"}},{"type":"Feature","geometry":{"type":"Polygon","coordinates":[[[95.9265,5.2485],[95.921,5.247],[95.92,5.2465],[95.9215,5.245],[95.9235,5.2435],[95.9215,5.243],[95.925,5.2405],[95.9285,5.244],[95.9295,5.243],[95.93,5.243],[95.931,5.244],[95.9305,5.2445],[95.9305,5.245],[95.93,5.2455],[95.9265,5.2485]]]},"properties":{"code":"11.07.31.2006","name":"Cut"}},{"type":"Feature","geometry":{"type":"Polygon","coordinates":[[[95.9245,5.241],[95.9215,5.243],[95.9235,5.2435],[95.9215,5.245],[95.92,5.2465],[95.9195,5.2455],[95.9185,5.2445],[95.9185,5.2435],[95.918,5.243],[95.9185,5.2425],[95.914,5.24],[95.9135,5.2385],[95.914,5.2385],[95.9145,5.2395],[95.9155,5.239],[95.917,5.24],[95.923,5.2405],[95.9245,5.241]]]},"properties":{"code":"11.07.31.2007","name":"Dayah Meunara"}},{"type":"Feature","geometry":{"type":"Polygon","coordinates":[[[95.9135,5.2385],[95.9125,5.2375],[95.908,5.239],[95.906,5.2395],[95.906,5.2375],[95.9035,5.2335],[95.9025,5.233],[95.904,5.2315],[95.908,5.2295],[95.9095,5.2315],[95.9135,5.2365],[95.9135,5.2385]]]},"properties":{"code":"11.07.31.2008","name":"Paloh Naleueng"}},{"type":"Feature","geometry":{"type":"Polygon","coordinates":[[[95.925,5.2225],[95.924,5.222],[95.9095,5.2315],[95.908,5.2295],[95.907,5.2285],[95.91,5.227],[95.911,5.227],[95.9205,5.2185],[95.9185,5.2185],[95.925,5.208],[95.929,5.219],[95.9285,5.221],[95.927,5.221],[95.925,5.2225]]]},"properties":{"code":"11.07.31.2009","name":"Pulo Lhoih"}},{"type":"Feature","geometry":{"type":"Polygon","coordinates":[[[95.925,5.208],[95.9185,5.2185],[95.9205,5.2185],[95.911,5.227],[95.91,5.227],[95.907,5.2285],[95.9035,5.225],[95.9025,5.2245],[95.902,5.2245],[95.903,5.2235],[95.907,5.221],[95.907,5.2205],[95.908,5.2205],[95.9145,5.207],[95.9145,5.2],[95.9045,5.188],[95.909,5.179],[95.899,5.163],[95.908,5.161],[95.914,5.1715],[95.917,5.1885],[95.9255,5.2015],[95.926,5.2025],[95.925,5.208]]]},"properties":{"code":"11.07.31.2010","name":"Mesjid Tongpudeng"}},{"type":"Feature","geometry":{"type":"Polygon","coordinates":[[[95.899,5.163],[95.909,5.179],[95.9045,5.188],[95.9145,5.2],[95.9145,5.207],[95.908,5.2205],[95.907,5.2205],[95.909,5.214],[95.9075,5.2125],[95.898,5.187],[95.897,5.172],[95.898,5.169],[95.8965,5.1655],[95.899,5.163]]]},"properties":{"code":"11.07.31.2011","name":"Blang Tho"}},{"type":"Feature","geometry":{"type":"Polygon","coordinates":[[[95.907,5.2205],[95.907,5.221],[95.903,5.2235],[95.902,5.2245],[95.9015,5.2235],[95.9005,5.22],[95.8995,5.2205],[95.898,5.22],[95.9075,5.213],[95.909,5.214],[95.907,5.2205]]]},"properties":{"code":"11.07.31.2012","name":"Asan Tongpudeng"}},{"type":"Feature","geometry":{"type":"Polygon","coordinates":[[[95.9075,5.213],[95.898,5.22],[95.8975,5.22],[95.8955,5.2165],[95.8945,5.2135],[95.893,5.199],[95.8915,5.1975],[95.89,5.1945],[95.8835,5.1705],[95.8875,5.167],[95.8965,5.1655],[95.898,5.169],[95.897,5.172],[95.898,5.187],[95.9075,5.2125],[95.9075,5.213]]]},"properties":{"code":"11.07.31.2013","name":"Alue"}}]}