{"type":"FeatureCollection","features":[{"type":"Feature","geometry":{"type":"Polygon","coordinates":[[[97.407,5.1325],[97.4105,5.1345],[97.41,5.1355],[97.406,5.133],[97.407,5.1325]]]},"properties":{"code":"11.08.01.2001","name":"Keude Alue Ie Puteh","latitude":5.133731335118693,"longitude":97.40835713590107}},{"type":"Feature","geometry":{"type":"Polygon","coordinates":[[[97.415,5.1335],[97.4135,5.136],[97.4135,5.1375],[97.403,5.1345],[97.398,5.132],[97.3985,5.1315],[97.4,5.128],[97.4015,5.126],[97.4105,5.133],[97.411,5.1335],[97.413,5.132],[97.415,5.1335]],[[97.407,5.1325],[97.406,5.133],[97.41,5.1355],[97.4105,5.1345],[97.407,5.1325]]]},"properties":{"code":"11.08.01.2002","name":"Meunasah Alue Ie Puteh","latitude":5.132285050942298,"longitude":97.40631671145186}},{"type":"Feature","geometry":{"type":"Polygon","coordinates":[[[97.4145,5.1315],[97.413,5.132],[97.411,5.1335],[97.4105,5.133],[97.4015,5.126],[97.403,5.121],[97.41,5.119],[97.416,5.121],[97.4145,5.1315]]]},"properties":{"code":"11.08.01.2003","name":"Pucok Alue","latitude":5.125688484293217,"longitude":97.40968870260618}},{"type":"Feature","geometry":{"type":"Polygon","coordinates":[[[97.4225,5.1485],[97.4165,5.1535],[97.4165,5.1525],[97.4075,5.152],[97.4075,5.151],[97.4095,5.1415],[97.416,5.1435],[97.4225,5.1485]]]},"properties":{"code":"11.08.01.2004","name":"Alue Anoe Timu","latitude":5.147976707055914,"longitude":97.41530360008666}},{"type":"Feature","geometry":{"type":"Polygon","coordinates":[[[97.406,5.1565],[97.405,5.157],[97.3985,5.154],[97.3945,5.1545],[97.3955,5.148],[97.397,5.1385],[97.4095,5.1415],[97.4075,5.151],[97.4075,5.154],[97.406,5.1565]]]},"properties":{"code":"11.08.01.2005","name":"Alue Anoe Barat","latitude":5.147409689303632,"longitude":97.40193846955229}},{"type":"Feature","geometry":{"type":"Polygon","coordinates":[[[97.4155,5.1565],[97.4085,5.156],[97.406,5.1565],[97.4075,5.154],[97.4075,5.152],[97.4165,5.1525],[97.416,5.1565],[97.4155,5.1565]]]},"properties":{"code":"11.08.01.2006","name":"Pulo Seukee","latitude":5.154400158377768,"longitude":97.4114672546396}},{"type":"Feature","geometry":{"type":"Polygon","coordinates":[[[97.3785,5.157],[97.3705,5.1555],[97.3695,5.1545],[97.3645,5.153],[97.364,5.152],[97.365,5.1505],[97.368,5.148],[97.37,5.1455],[97.3715,5.1425],[97.373,5.1375],[97.374,5.1375],[97.375,5.1385],[97.3765,5.1395],[97.38,5.14],[97.383,5.1415],[97.385,5.141],[97.388,5.1415],[97.391,5.1385],[97.3925,5.137],[97.395,5.1385],[97.3955,5.148],[97.3945,5.1545],[97.3785,5.157]]]},"properties":{"code":"11.08.01.2007","name":"Alue Serdang","latitude":5.147933477773873,"longitude":97.38190616239977}},{"type":"Feature","geometry":{"type":"Polygon","coordinates":[[[97.3925,5.137],[97.391,5.1385],[97.388,5.1415],[97.385,5.141],[97.383,5.1415],[97.38,5.14],[97.3765,5.1395],[97.376,5.1385],[97.379,5.1355],[97.3815,5.1305],[97.385,5.1375],[97.3985,5.1305],[97.3985,5.1315],[97.3975,5.1325],[97.397,5.1345],[97.3925,5.137]]]},"properties":{"code":"11.08.01.2008","name":"Cot Mane","latitude":5.136226668756555,"longitude":97.38642994330534}},{"type":"Feature","geometry":{"type":"Polygon","coordinates":[[[97.4135,5.1375],[97.414,5.139],[97.416,5.1435],[97.397,5.1385],[97.395,5.1385],[97.3925,5.137],[97.397,5.1345],[97.398,5.132],[97.403,5.1345],[97.4135,5.1375]]]},"properties":{"code":"11.08.01.2009","name":"Cot Kumbang","latitude":5.137795379688244,"longitude":97.40443395278682}},{"type":"Feature","geometry":{"type":"Polygon","coordinates":[[[97.3985,5.1305],[97.385,5.1375],[97.3815,5.1305],[97.382,5.1285],[97.382,5.1275],[97.3805,5.1265],[97.3775,5.1155],[97.3885,5.1145],[97.3905,5.115],[97.3915,5.116],[97.3935,5.117],[97.3925,5.12],[97.4025,5.123],[97.4,5.128],[97.3985,5.1305]]]},"properties":{"code":"11.08.01.2010","name":"Matang Kumbang","latitude":5.124984003357484,"longitude":97.38925235508218}},{"type":"Feature","geometry":{"type":"Polygon","coordinates":[[[97.403,5.121],[97.4025,5.123],[97.3925,5.12],[97.394,5.1155],[97.395,5.112],[97.395,5.1095],[97.3995,5.111],[97.4055,5.112],[97.4055,5.114],[97.404,5.116],[97.403,5.121]]]},"properties":{"code":"11.08.01.2011","name":"Matang Kareung","latitude":5.1163032881937465,"longitude":97.39900496527092}},{"type":"Feature","geometry":{"type":"Polygon","coordinates":[[[97.3935,5.117],[97.3915,5.116],[97.3905,5.115],[97.3885,5.1145],[97.3775,5.1155],[97.3785,5.113],[97.38,5.1105],[97.3805,5.1075],[97.391,5.1085],[97.395,5.1095],[97.395,5.112],[97.3935,5.117]]]},"properties":{"code":"11.08.01.2012","name":"Cot Ulaya","latitude":5.111860208081094,"longitude":97.38669889077191}},{"type":"Feature","geometry":{"type":"Polygon","coordinates":[[[97.416,5.157],[97.4165,5.167],[97.4085,5.1705],[97.4095,5.1685],[97.4085,5.1685],[97.4045,5.1635],[97.403,5.161],[97.405,5.157],[97.4085,5.156],[97.4155,5.1565],[97.416,5.157]]]},"properties":{"code":"11.08.01.2013","name":"Alue Geudong","latitude":5.162466396319439,"longitude":97.41047420979828}},{"type":"Feature","geometry":{"type":"Polygon","coordinates":[[[97.3535,5.1805],[97.345,5.1835],[97.346,5.1825],[97.348,5.1795],[97.3525,5.177],[97.3545,5.1775],[97.3545,5.174],[97.354,5.1725],[97.358,5.1715],[97.3605,5.172],[97.3635,5.176],[97.3675,5.179],[97.366,5.1805],[97.3535,5.1805]]]},"properties":{"code":"11.08.01.2014","name":"Tanjong Glumpang","latitude":5.177556773295994,"longitude":97.35668497676211}},{"type":"Feature","geometry":{"type":"Polygon","coordinates":[[[97.3945,5.1545],[97.392,5.1675],[97.39,5.167],[97.376,5.1655],[97.3785,5.157],[97.3945,5.1545]]]},"properties":{"code":"11.08.01.2015","name":"Matang Raya Timu","latitude":5.161110150206893,"longitude":97.38591765924733}},{"type":"Feature","geometry":{"type":"Polygon","coordinates":[[[97.372,5.172],[97.365,5.1765],[97.3635,5.176],[97.3605,5.172],[97.366,5.169],[97.365,5.1645],[97.3645,5.161],[97.362,5.1595],[97.362,5.159],[97.366,5.1565],[97.3665,5.1565],[97.3705,5.1555],[97.3785,5.157],[97.376,5.1655],[97.372,5.172]]]},"properties":{"code":"11.08.01.2016","name":"Matang Raya Barat","latitude":5.165331894529327,"longitude":97.3694116887095}},{"type":"Feature","geometry":{"type":"Polygon","coordinates":[[[97.406,5.1745],[97.398,5.1735],[97.398,5.171],[97.392,5.1675],[97.3945,5.1545],[97.3985,5.154],[97.405,5.157],[97.403,5.161],[97.4045,5.1635],[97.4085,5.1685],[97.409,5.1685],[97.4095,5.1685],[97.4085,5.1705],[97.4075,5.171],[97.4065,5.173],[97.406,5.1745]]]},"properties":{"code":"11.08.01.2017","name":"Matang Kelayu","latitude":5.1642144833552655,"longitude":97.39994407571898}},{"type":"Feature","geometry":{"type":"Polygon","coordinates":[[[97.396,5.1735],[97.394,5.1755],[97.392,5.1765],[97.372,5.172],[97.376,5.1655],[97.39,5.167],[97.398,5.171],[97.398,5.1735],[97.3975,5.1745],[97.396,5.1735]]]},"properties":{"code":"11.08.01.2018","name":"Alue Buya","latitude":5.1696868652861365,"longitude":97.38539185161275}},{"type":"Feature","geometry":{"type":"Polygon","coordinates":[[[97.371,5.178],[97.37,5.1785],[97.3675,5.179],[97.365,5.1765],[97.372,5.172],[97.392,5.1765],[97.3895,5.176],[97.371,5.178]]]},"properties":{"code":"11.08.01.2019","name":"Matang Cut","latitude":5.1744944772153145,"longitude":97.37910132090576}},{"type":"Feature","geometry":{"type":"Polygon","coordinates":[[[97.4455,5.13],[97.444,5.131],[97.44,5.1285],[97.44,5.1275],[97.443,5.1255],[97.4435,5.126],[97.4455,5.13]]]},"properties":{"code":"11.08.01.2020","name":"Keude Panteu Breuh","latitude":5.128793606447537,"longitude":97.44305570260912}},{"type":"Feature","geometry":{"type":"Polygon","coordinates":[[[97.456,5.1365],[97.4555,5.1365],[97.4545,5.1365],[97.4505,5.1365],[97.4455,5.13],[97.4435,5.126],[97.448,5.1255],[97.4525,5.1295],[97.4535,5.1285],[97.454,5.1305],[97.456,5.1365]]]},"properties":{"code":"11.08.01.2021","name":"Meudang Ara","latitude":5.130803224073428,"longitude":97.44989225131508}},{"type":"Feature","geometry":{"type":"Polygon","coordinates":[[[97.4505,5.1365],[97.4475,5.137],[97.443,5.136],[97.442,5.1365],[97.438,5.1345],[97.443,5.1305],[97.444,5.131],[97.4455,5.13],[97.4505,5.1365]]]},"properties":{"code":"11.08.01.2022","name":"Meunasah Bujok","latitude":5.134180460300098,"longitude":97.4449838230099}},{"type":"Feature","geometry":{"type":"Polygon","coordinates":[[[97.44,5.1285],[97.439,5.1295],[97.4375,5.13],[97.4365,5.1295],[97.435,5.1285],[97.4275,5.129],[97.4265,5.123],[97.4265,5.122],[97.433,5.121],[97.433,5.122],[97.435,5.1235],[97.4365,5.123],[97.4385,5.123],[97.439,5.125],[97.4395,5.1265],[97.44,5.1285]]]},"properties":{"code":"11.08.01.2023","name":"Alue Dama","latitude":5.125626944346312,"longitude":97.43292342834144}},{"type":"Feature","geometry":{"type":"Polygon","coordinates":[[[97.4385,5.123],[97.4365,5.123],[97.435,5.1235],[97.433,5.122],[97.4325,5.116],[97.432,5.1125],[97.4355,5.113],[97.4355,5.1145],[97.438,5.114],[97.4405,5.117],[97.441,5.1195],[97.4385,5.1225],[97.4385,5.123]]]},"properties":{"code":"11.08.01.2024","name":"Cot Ara","latitude":5.117965468558103,"longitude":97.43594624648911}},{"type":"Feature","geometry":{"type":"Polygon","coordinates":[[[97.443,5.1255],[97.44,5.1275],[97.4395,5.1265],[97.439,5.125],[97.4385,5.1225],[97.441,5.1195],[97.4405,5.117],[97.439,5.1125],[97.4445,5.11],[97.445,5.11],[97.445,5.1115],[97.4435,5.1135],[97.444,5.118],[97.444,5.121],[97.443,5.1245],[97.443,5.1255]]]},"properties":{"code":"11.08.01.2025","name":"Rambong Dalam","latitude":5.11866317539434,"longitude":97.44137841686472}},{"type":"Feature","geometry":{"type":"Polygon","coordinates":[[[97.4545,5.143],[97.4375,5.1545],[97.4375,5.1535],[97.4375,5.1525],[97.437,5.15],[97.4375,5.149],[97.4395,5.1495],[97.4405,5.149],[97.4385,5.1475],[97.4405,5.147],[97.441,5.1465],[97.441,5.146],[97.4385,5.145],[97.439,5.142],[97.439,5.141],[97.4415,5.1415],[97.444,5.1415],[97.4435,5.1425],[97.4545,5.1425],[97.4545,5.143]]]},"properties":{"code":"11.08.01.2026","name":"Meunasah Geudong","latitude":5.147384911869377,"longitude":97.44437657896088}},{"type":"Feature","geometry":{"type":"Polygon","coordinates":[[[97.456,5.1365],[97.4545,5.139],[97.4545,5.1425],[97.4435,5.1425],[97.444,5.1415],[97.4415,5.1415],[97.439,5.141],[97.439,5.1405],[97.442,5.1365],[97.443,5.136],[97.4475,5.137],[97.4545,5.1365],[97.4555,5.1365],[97.456,5.1365]]]},"properties":{"code":"11.08.01.2027","name":"Alue Keutapang","latitude":5.1395209925032574,"longitude":97.44793351747411}},{"type":"Feature","geometry":{"type":"Polygon","coordinates":[[[97.4165,5.167],[97.416,5.157],[97.4155,5.1565],[97.416,5.1565],[97.4165,5.1535],[97.4225,5.1485],[97.4275,5.147],[97.4315,5.1535],[97.4345,5.152],[97.4375,5.152],[97.4375,5.1535],[97.4375,5.1545],[97.4165,5.167]]]},"properties":{"code":"11.08.01.2028","name":"Krueng Lingka Barat","latitude":5.156271166861688,"longitude":97.42442479748041}},{"type":"Feature","geometry":{"type":"Polygon","coordinates":[[[97.4375,5.152],[97.4345,5.152],[97.4315,5.1535],[97.4275,5.147],[97.4385,5.145],[97.441,5.146],[97.441,5.1465],[97.4405,5.147],[97.4385,5.1475],[97.4405,5.149],[97.4395,5.1495],[97.4375,5.149],[97.437,5.15],[97.4375,5.152]]]},"properties":{"code":"11.08.01.2029","name":"Krueng Lingka Timu","latitude":5.149215128059804,"longitude":97.43396416271217}},{"type":"Feature","geometry":{"type":"Polygon","coordinates":[[[97.4385,5.145],[97.4275,5.147],[97.4265,5.139],[97.427,5.1375],[97.438,5.1345],[97.442,5.1365],[97.439,5.1405],[97.439,5.1415],[97.439,5.142],[97.4385,5.145]]]},"properties":{"code":"11.08.01.2030","name":"Alue Jamok","latitude":5.1410758210317455,"longitude":97.4341377153532}},{"type":"Feature","geometry":{"type":"Polygon","coordinates":[[[97.418,5.1335],[97.417,5.1335],[97.416,5.132],[97.4145,5.1315],[97.416,5.121],[97.4265,5.12],[97.4265,5.123],[97.4275,5.129],[97.42,5.1295],[97.419,5.13],[97.418,5.1335]]]},"properties":{"code":"11.08.01.2031","name":"Alue Bili Geulumpang","latitude":5.125895039155656,"longitude":97.42070404909191}},{"type":"Feature","geometry":{"type":"Polygon","coordinates":[[[97.4275,5.147],[97.4225,5.1485],[97.416,5.1435],[97.414,5.139],[97.4135,5.136],[97.415,5.1335],[97.416,5.132],[97.417,5.1335],[97.418,5.1335],[97.427,5.136],[97.4265,5.139],[97.4275,5.147]]]},"properties":{"code":"11.08.01.2032","name":"Lhok Seutuy","latitude":5.140386441958786,"longitude":97.42147465387949}},{"type":"Feature","geometry":{"type":"Polygon","coordinates":[[[97.438,5.1345],[97.427,5.1375],[97.427,5.136],[97.418,5.1335],[97.419,5.13],[97.42,5.1295],[97.4275,5.129],[97.435,5.1285],[97.4365,5.1295],[97.4375,5.13],[97.439,5.1295],[97.44,5.1285],[97.443,5.1305],[97.438,5.1345]]]},"properties":{"code":"11.08.01.2033","name":"Alue Bili Rayeuk","latitude":5.132498327641182,"longitude":97.42990555338172}},{"type":"Feature","geometry":{"type":"Polygon","coordinates":[[[97.4175,5.0995],[97.4165,5.0995],[97.416,5.0995],[97.415,5.1],[97.415,5.0985],[97.4145,5.097],[97.416,5.097],[97.4165,5.0975],[97.417,5.0985],[97.4175,5.0995]]]},"properties":{"code":"11.08.01.2034","name":"Keude Menjee Iv","latitude":5.098439654742466,"longitude":97.41589928356}},{"type":"Feature","geometry":{"type":"Polygon","coordinates":[[[97.413,5.1055],[97.4115,5.1055],[97.4105,5.1055],[97.4085,5.104],[97.4105,5.0965],[97.411,5.0965],[97.4145,5.097],[97.415,5.0985],[97.415,5.1],[97.413,5.1045],[97.413,5.1055]]]},"properties":{"code":"11.08.01.2035","name":"Glumpang Bungkok","latitude":5.101200512782253,"longitude":97.41183851352855}},{"type":"Feature","geometry":{"type":"Polygon","coordinates":[[[97.41,5.119],[97.403,5.121],[97.404,5.116],[97.4055,5.114],[97.408,5.1095],[97.4105,5.1095],[97.416,5.112],[97.41,5.119]]]},"properties":{"code":"11.08.01.2036","name":"Matang Rawa","latitude":5.115526973039002,"longitude":97.40844512128015}},{"type":"Feature","geometry":{"type":"Polygon","coordinates":[[[97.433,5.121],[97.4265,5.122],[97.4265,5.12],[97.416,5.121],[97.41,5.119],[97.416,5.112],[97.421,5.108],[97.4245,5.107],[97.425,5.1075],[97.428,5.1095],[97.432,5.1115],[97.4325,5.116],[97.433,5.121]]]},"properties":{"code":"11.08.01.2037","name":"Glumpang Samlakoe","latitude":5.114970059131235,"longitude":97.42261685791033}},{"type":"Feature","geometry":{"type":"Polygon","coordinates":[[[97.423,5.1075],[97.421,5.108],[97.416,5.112],[97.4105,5.1095],[97.4125,5.108],[97.4125,5.1065],[97.413,5.105],[97.413,5.1045],[97.415,5.1],[97.416,5.0995],[97.4165,5.0995],[97.419,5.099],[97.4205,5.097],[97.4235,5.092],[97.427,5.093],[97.423,5.1075]]]},"properties":{"code":"11.08.01.2038","name":"Arongan Lise","latitude":5.102015323565673,"longitude":97.41942525541963}},{"type":"Feature","geometry":{"type":"Polygon","coordinates":[[[97.418,5.087],[97.415,5.09],[97.414,5.0915],[97.409,5.09],[97.405,5.085],[97.411,5.0835],[97.4105,5.0825],[97.412,5.0815],[97.4135,5.083],[97.4145,5.083],[97.415,5.083],[97.4155,5.0835],[97.418,5.087]]]},"properties":{"code":"11.08.01.2039","name":"Matang Reudeup","latitude":5.086724385044848,"longitude":97.4118382636571}},{"type":"Feature","geometry":{"type":"Polygon","coordinates":[[[97.4235,5.092],[97.4205,5.097],[97.419,5.099],[97.4175,5.0995],[97.417,5.0985],[97.4165,5.0975],[97.416,5.096],[97.415,5.0945],[97.414,5.092],[97.415,5.09],[97.418,5.087],[97.4225,5.0885],[97.4225,5.0895],[97.4235,5.091],[97.4235,5.092]]]},"properties":{"code":"11.08.01.2040","name":"Matang Manyam","latitude":5.092531793372396,"longitude":97.41863369229011}},{"type":"Feature","geometry":{"type":"Polygon","coordinates":[[[97.409,5.09],[97.4105,5.0965],[97.4015,5.0965],[97.4015,5.095],[97.394,5.095],[97.3935,5.0815],[97.399,5.0805],[97.4005,5.078],[97.4025,5.081],[97.403,5.0825],[97.4045,5.0845],[97.405,5.085],[97.409,5.09]]]},"properties":{"code":"11.08.01.2041","name":"Matang Ulim","latitude":5.0890933187806535,"longitude":97.40116637264337}},{"type":"Feature","geometry":{"type":"Polygon","coordinates":[[[97.4065,5.0735],[97.4135,5.074],[97.415,5.0825],[97.415,5.083],[97.4145,5.083],[97.4135,5.083],[97.412,5.0815],[97.4105,5.0825],[97.4085,5.082],[97.407,5.0765],[97.4065,5.0735]]]},"properties":{"code":"11.08.01.2042","name":"Matang Beuringen","latitude":5.077589860454943,"longitude":97.41084511261163}},{"type":"Feature","geometry":{"type":"Polygon","coordinates":[[[97.416,5.097],[97.4145,5.097],[97.411,5.0965],[97.4105,5.0965],[97.409,5.09],[97.414,5.0915],[97.414,5.092],[97.415,5.0945],[97.416,5.097]]]},"properties":{"code":"11.08.01.2043","name":"Cot Manyang","latitude":5.094000560203508,"longitude":97.4122243867361}},{"type":"Feature","geometry":{"type":"Polygon","coordinates":[[[97.4105,5.1095],[97.408,5.1095],[97.406,5.1115],[97.403,5.104],[97.403,5.1035],[97.4075,5.106],[97.409,5.105],[97.4105,5.1055],[97.4115,5.1055],[97.413,5.1055],[97.4105,5.1095]]]},"properties":{"code":"11.08.01.2044","name":"Alue Ie Tarek","latitude":5.107459288246563,"longitude":97.40749301979811}},{"type":"Feature","geometry":{"type":"Polygon","coordinates":[[[97.4355,5.104],[97.4355,5.113],[97.432,5.1125],[97.432,5.1115],[97.428,5.1095],[97.4255,5.108],[97.43,5.108],[97.4315,5.1075],[97.4355,5.104]]]},"properties":{"code":"11.08.01.2045","name":"Alue Rambong","latitude":5.108311011755252,"longitude":97.43353776074605}},{"type":"Feature","geometry":{"type":"Polygon","coordinates":[[[97.409,5.105],[97.4075,5.106],[97.403,5.1035],[97.4015,5.0965],[97.4105,5.0965],[97.4085,5.104],[97.409,5.105]]]},"properties":{"code":"11.08.01.2046","name":"Matang Linya","latitude":5.100293209141797,"longitude":97.40594889888395}},{"type":"Feature","geometry":{"type":"Polygon","coordinates":[[[97.406,5.1115],[97.4055,5.112],[97.3995,5.111],[97.391,5.1085],[97.3805,5.1075],[97.384,5.1045],[97.3875,5.1025],[97.3875,5.1005],[97.389,5.0955],[97.4015,5.095],[97.402,5.101],[97.403,5.104],[97.406,5.1115]]]},"properties":{"code":"11.08.01.2047","name":"Matang Lawang","latitude":5.103249154205617,"longitude":97.39490946961773}},{"type":"Feature","geometry":{"type":"Polygon","coordinates":[[[97.4355,5.104],[97.4315,5.1075],[97.43,5.108],[97.4255,5.108],[97.4245,5.107],[97.423,5.1075],[97.427,5.093],[97.438,5.094],[97.438,5.0965],[97.4355,5.104]]]},"properties":{"code":"11.08.01.2048","name":"Glumpang Payong","latitude":5.100209653001671,"longitude":97.43029719544865}},{"type":"Feature","geometry":{"type":"Polygon","coordinates":[[[97.4275,5.0795],[97.423,5.085],[97.4225,5.0885],[97.418,5.087],[97.4155,5.0835],[97.415,5.0825],[97.4135,5.074],[97.4145,5.072],[97.4275,5.0795]]]},"properties":{"code":"11.08.01.2049","name":"Mon Sukon","latitude":5.080140125515095,"longitude":97.41918812499779}},{"type":"Feature","geometry":{"type":"Polygon","coordinates":[[[97.4315,5.0855],[97.4265,5.088],[97.4235,5.091],[97.4225,5.0895],[97.423,5.085],[97.4275,5.0795],[97.431,5.078],[97.4315,5.0855]]]},"properties":{"code":"11.08.01.2050","name":"Lueng Bata","latitude":5.08429860235304,"longitude":97.42665143019634}},{"type":"Feature","geometry":{"type":"Polygon","coordinates":[[[97.4105,5.0825],[97.411,5.0835],[97.4045,5.0845],[97.403,5.0825],[97.4025,5.081],[97.4005,5.078],[97.401,5.077],[97.4065,5.0765],[97.407,5.0765],[97.4085,5.082],[97.4105,5.0825]]]},"properties":{"code":"11.08.01.2051","name":"Ceumpeudak","latitude":5.0810153864280645,"longitude":97.40524258167804}},{"type":"Feature","geometry":{"type":"Polygon","coordinates":[[[97.431,5.078],[97.4275,5.0795],[97.4145,5.072],[97.4175,5.068],[97.42,5.0625],[97.429,5.06],[97.435,5.0595],[97.438,5.0615],[97.439,5.0625],[97.4385,5.063],[97.4395,5.072],[97.438,5.072],[97.438,5.073],[97.431,5.078]]]},"properties":{"code":"11.08.01.2052","name":"Buket Dara Baro","latitude":5.068665044658,"longitude":97.42796434869466}},{"type":"Feature","geometry":{"type":"Polygon","coordinates":[[[97.394,5.095],[97.389,5.0955],[97.389,5.0925],[97.387,5.092],[97.387,5.089],[97.3875,5.082],[97.3865,5.082],[97.3865,5.0815],[97.3935,5.0815],[97.394,5.095]]]},"properties":{"code":"11.08.01.2053","name":"Matang Pineung","latitude":5.08800845195033,"longitude":97.39084471541936}},{"type":"Feature","geometry":{"type":"Polygon","coordinates":[[[97.3935,5.0815],[97.3865,5.0815],[97.387,5.076],[97.3815,5.0745],[97.3825,5.072],[97.3965,5.0575],[97.3975,5.057],[97.4045,5.063],[97.4175,5.068],[97.4145,5.072],[97.4065,5.0735],[97.407,5.0765],[97.4065,5.0765],[97.401,5.077],[97.399,5.0805],[97.3935,5.0815]]]},"properties":{"code":"11.08.01.2054","name":"Matang Baro","latitude":5.070978380944178,"longitude":97.39735943583469}},{"type":"Feature","geometry":{"type":"Polygon","coordinates":[[[97.4425,5.055],[97.442,5.056],[97.4395,5.058],[97.439,5.0625],[97.438,5.0615],[97.435,5.0595],[97.429,5.06],[97.4245,5.061],[97.423,5.058],[97.424,5.055],[97.424,5.0545],[97.4285,5.052],[97.429,5.0505],[97.4275,5.048],[97.429,5.047],[97.43,5.048],[97.433,5.0475],[97.434,5.05],[97.436,5.0525],[97.4385,5.0525],[97.441,5.053],[97.4415,5.0545],[97.4425,5.055]]]},"properties":{"code":"11.08.01.2055","name":"Ujong Dama","latitude":5.055162377471888,"longitude":97.43252608870819}},{"type":"Feature","geometry":{"type":"Polygon","coordinates":[[[97.4435,5.053],[97.4425,5.055],[97.4415,5.0545],[97.441,5.053],[97.4385,5.0525],[97.436,5.0525],[97.434,5.05],[97.433,5.0475],[97.43,5.048],[97.429,5.047],[97.4295,5.0465],[97.429,5.044],[97.4295,5.0395],[97.433,5.018],[97.4275,5.0005],[97.4285,5],[97.43,4.998],[97.4345,4.989],[97.435,4.9865],[97.4445,4.9715],[97.44,4.968],[97.4405,4.967],[97.4425,4.9675],[97.443,4.968],[97.444,4.968],[97.445,4.9685],[97.4455,4.978],[97.4555,4.972],[97.456,4.9705],[97.4615,4.9595],[97.464,4.9615],[97.4675,4.9635],[97.4685,4.9645],[97.4675,4.966],[97.4665,4.9745],[97.458,4.9845],[97.455,5.0035],[97.4535,5.006],[97.4465,5.011],[97.444,5.026],[97.444,5.029],[97.442,5.034],[97.4415,5.0355],[97.44,5.04],[97.4395,5.042],[97.4435,5.053]]]},"properties":{"code":"11.08.01.2056","name":"Babussalam","latitude":5.004157585185693,"longitude":97.44351535697199}},{"type":"Feature","geometry":{"type":"Polygon","coordinates":[[[97.4245,5.061],[97.42,5.0625],[97.4175,5.068],[97.4045,5.063],[97.3975,5.057],[97.3955,5.055],[97.398,5.0535],[97.399,5.053],[97.4,5.0505],[97.4025,5.0365],[97.412,5.0145],[97.4125,5.0125],[97.4115,5.0105],[97.412,5.009],[97.4135,5.0085],[97.4275,5.0005],[97.433,5.018],[97.4295,5.0395],[97.429,5.044],[97.4295,5.0465],[97.4275,5.048],[97.429,5.0505],[97.4285,5.052],[97.424,5.0545],[97.424,5.055],[97.423,5.058],[97.4245,5.061]]]},"properties":{"code":"11.08.01.2057","name":"Cinta Makmur","latitude":5.036135817027067,"longitude":97.41631367207185}},{"type":"Feature","geometry":{"type":"Polygon","coordinates":[[[97.031,5.243],[97.02,5.248],[97.018,5.242],[97.023,5.2395],[97.025,5.239],[97.031,5.243]]]},"properties":{"code":"11.08.02.2001","name":"Keude Krueng Geukueh","latitude":5.24613315988791,"longitude":97.0251099991652}},{"type":"Feature","geometry":{"type":"Polygon","coordinates":[[[97.046,5.242],[97.031,5.243],[97.025,5.239],[97.024,5.239],[97.0245,5.2335],[97.0365,5.2275],[97.046,5.242]]]},"properties":{"code":"11.08.02.2002","name":"Tambon Baroh","latitude":5.23633586275946,"longitude":97.03404179803246}},{"type":"Feature","geometry":{"type":"Polygon","coordinates":[[[97.0365,5.2275],[97.0245,5.2335],[97.025,5.226],[97.0245,5.223],[97.025,5.2215],[97.027,5.2205],[97.0325,5.221],[97.0345,5.221],[97.035,5.2205],[97.036,5.221],[97.0365,5.2275]]]},"properties":{"code":"11.08.02.2003","name":"Tambon Tunong","latitude":5.22595125073072,"longitude":97.03023552066558}},{"type":"Feature","geometry":{"type":"Polygon","coordinates":[[[97.0245,5.223],[97.0185,5.2135],[97.0265,5.209],[97.0275,5.2105],[97.0295,5.211],[97.035,5.212],[97.0375,5.215],[97.036,5.2175],[97.035,5.2205],[97.0345,5.221],[97.0325,5.221],[97.027,5.2205],[97.025,5.2215],[97.0245,5.223]]]},"properties":{"code":"11.08.02.2004","name":"Paloh Gadeng","latitude":5.217150874709654,"longitude":97.02622322364407}},{"type":"Feature","geometry":{"type":"Polygon","coordinates":[[[97.023,5.237],[97.0055,5.242],[97.004,5.238],[97.0045,5.237],[97.004,5.2115],[97.003,5.2095],[97.004,5.206],[97.003,5.2055],[97.0055,5.203],[97.008,5.205],[97.0185,5.2135],[97.0245,5.223],[97.025,5.226],[97.023,5.237]]]},"properties":{"code":"11.08.02.2005","name":"Paloh Lada","latitude":5.2241095765552625,"longitude":97.01291189797276}},{"type":"Feature","geometry":{"type":"Polygon","coordinates":[[[97.0185,5.2445],[97.008,5.2475],[97.006,5.2435],[97.0055,5.242],[97.023,5.237],[97.024,5.239],[97.023,5.2395],[97.018,5.242],[97.0185,5.2445]]]},"properties":{"code":"11.08.02.2006","name":"Uteun Geulinggang","latitude":5.241927814372262,"longitude":97.0142150992871}},{"type":"Feature","geometry":{"type":"Polygon","coordinates":[[[97.004,5.238],[97.002,5.239],[97.0005,5.24],[97,5.24],[96.9985,5.236],[96.9985,5.234],[96.9955,5.2325],[96.9965,5.229],[96.9965,5.2205],[96.997,5.2175],[96.998,5.215],[97.001,5.211],[97.0035,5.2105],[97.004,5.2115],[97.0045,5.237],[97.004,5.238]]]},"properties":{"code":"11.08.02.2007","name":"Pulo Rungkom","latitude":5.226470663578424,"longitude":97.00224091650259}},{"type":"Feature","geometry":{"type":"Polygon","coordinates":[[[96.9955,5.2405],[96.9885,5.233],[96.9885,5.2315],[96.986,5.2295],[96.9855,5.229],[96.9845,5.226],[96.988,5.225],[96.9905,5.2225],[96.991,5.2215],[96.992,5.2185],[96.993,5.217],[96.9965,5.2195],[96.9965,5.2205],[96.9965,5.229],[96.9955,5.2325],[96.9985,5.234],[96.9985,5.236],[97,5.24],[96.9975,5.2405],[96.9955,5.2405]]]},"properties":{"code":"11.08.02.2008","name":"Paloh Igeuh","latitude":5.2286754171894145,"longitude":96.99311800054305}},{"type":"Feature","geometry":{"type":"Polygon","coordinates":[[[97.02,5.248],[97.011,5.256],[97.008,5.2475],[97.0185,5.2445],[97.02,5.248]]]},"properties":{"code":"11.08.02.2009","name":"Bangka Jaya","latitude":5.250501606688794,"longitude":97.01510678873404}},{"type":"Feature","geometry":{"type":"Polygon","coordinates":[[[97.008,5.2475],[96.9985,5.249],[96.9955,5.2405],[96.9975,5.2405],[97,5.24],[97.002,5.239],[97.004,5.238],[97.006,5.2435],[97.008,5.2475]]]},"properties":{"code":"11.08.02.2010","name":"Ulee Pulo","latitude":5.2444691584484655,"longitude":97.00187005744662}},{"type":"Feature","geometry":{"type":"Polygon","coordinates":[[[96.9985,5.249],[96.9915,5.249],[96.99,5.2475],[96.9905,5.2475],[96.9905,5.246],[96.9915,5.2455],[96.9915,5.2425],[96.993,5.241],[96.9955,5.2405],[96.9985,5.249]]]},"properties":{"code":"11.08.02.2011","name":"Ulee Reuleung","latitude":5.245499594337904,"longitude":96.99430242815386}},{"type":"Feature","geometry":{"type":"Polygon","coordinates":[[[96.9955,5.26],[96.991,5.261],[96.9905,5.2575],[96.989,5.248],[96.99,5.2475],[96.9915,5.249],[96.9985,5.249],[97.008,5.2475],[97.009,5.2495],[97,5.2525],[96.9945,5.2555],[96.9955,5.26]]]},"properties":{"code":"11.08.02.2012","name":"Geulumpang Sulu Timu","latitude":5.252993197112518,"longitude":96.99607294118002}},{"type":"Feature","geometry":{"type":"Polygon","coordinates":[[[96.9905,5.2575],[96.987,5.2445],[96.9875,5.2445],[96.9895,5.2425],[96.9905,5.2475],[96.989,5.248],[96.9905,5.2575]]]},"properties":{"code":"11.08.02.2013","name":"Geulumpang Sulu Barat","latitude":5.250648855263341,"longitude":96.98802892168864}},{"type":"Feature","geometry":{"type":"Polygon","coordinates":[[[97.011,5.256],[96.9955,5.26],[96.9945,5.2555],[97,5.2525],[97.009,5.2495],[97.011,5.256]]]},"properties":{"code":"11.08.02.2014","name":"Bluka Teubai","latitude":5.25525052610771,"longitude":97.00296355786469}},{"type":"Feature","geometry":{"type":"Polygon","coordinates":[[[96.991,5.261],[96.978,5.262],[96.9745,5.256],[96.973,5.2545],[96.971,5.2555],[96.967,5.2545],[96.9675,5.2535],[96.973,5.248],[96.9815,5.2455],[96.987,5.2445],[96.9905,5.2575],[96.991,5.261]]]},"properties":{"code":"11.08.02.2015","name":"Lancang Barat","latitude":5.253843885147526,"longitude":96.98000675023054}},{"type":"Feature","geometry":{"type":"Polygon","coordinates":[[[97.085,5.1095],[97.0785,5.1105],[97.077,5.11],[97.072,5.1045],[97.0795,5.1015],[97.082,5.103],[97.0835,5.108],[97.085,5.1095]]]},"properties":{"code":"11.08.03.2001","name":"Meunasah Blang Ara","latitude":5.106245115407087,"longitude":97.07827084464485}},{"type":"Feature","geometry":{"type":"Polygon","coordinates":[[[97.0795,5.1015],[97.072,5.1045],[97.0695,5.103],[97.069,5.104],[97.067,5.1035],[97.0635,5.093],[97.063,5.0925],[97.0535,5.0875],[97.053,5.0855],[97.0525,5.0855],[97.0635,5.0755],[97.072,5.0765],[97.067,5.0795],[97.0795,5.1015]]]},"properties":{"code":"11.08.03.2002","name":"Meunasah Buket","latitude":5.089902629558656,"longitude":97.06669165824434}},{"type":"Feature","geometry":{"type":"Polygon","coordinates":[[[97.0715,5.1145],[97.0555,5.1195],[97.053,5.1125],[97.047,5.0985],[97.0395,5.1],[97.026,5.0895],[97.048,5.0825],[97.05,5.0845],[97.0525,5.0855],[97.053,5.0855],[97.0535,5.0875],[97.063,5.0925],[97.0635,5.093],[97.067,5.1035],[97.069,5.104],[97.0695,5.103],[97.072,5.1045],[97.077,5.11],[97.077,5.1105],[97.0785,5.114],[97.0715,5.1145]]]},"properties":{"code":"11.08.03.2003","name":"Blang Talon","latitude":5.099488769296136,"longitude":97.0534442462016}},{"type":"Feature","geometry":{"type":"Polygon","coordinates":[[[97.0695,5.1295],[97.067,5.1305],[97.062,5.131],[97.057,5.1275],[97.0545,5.126],[97.056,5.121],[97.0555,5.1195],[97.0715,5.1145],[97.0675,5.123],[97.0695,5.1295]]]},"properties":{"code":"11.08.03.2004","name":"Cot Rheu","latitude":5.122451748801179,"longitude":97.06317359945115}},{"type":"Feature","geometry":{"type":"Polygon","coordinates":[[[97.0785,5.114],[97.077,5.1105],[97.0785,5.1105],[97.085,5.1095],[97.0915,5.1085],[97.092,5.1115],[97.0895,5.112],[97.09,5.113],[97.083,5.114],[97.0785,5.114]],[[97.082,5.1105],[97.082,5.111],[97.0835,5.1105],[97.083,5.11],[97.082,5.1105]]]},"properties":{"code":"11.08.03.2005","name":"Krueng Manyang","latitude":5.111341718827596,"longitude":97.08471880681525}},{"type":"Feature","geometry":{"type":"Polygon","coordinates":[[[97.0995,5.1165],[97.079,5.121],[97.078,5.1165],[97.0785,5.114],[97.083,5.114],[97.09,5.113],[97.0905,5.113],[97.0955,5.112],[97.0965,5.112],[97.0975,5.114],[97.0995,5.1165]]]},"properties":{"code":"11.08.03.2006","name":"Bayu","latitude":5.116561499333181,"longitude":97.0887769061689}},{"type":"Feature","geometry":{"type":"Polygon","coordinates":[[[97.101,5.1145],[97.105,5.1145],[97.108,5.1275],[97.105,5.132],[97.0955,5.122],[97.08,5.1255],[97.079,5.121],[97.0995,5.1165],[97.101,5.1145]]]},"properties":{"code":"11.08.03.2007","name":"Blang Ado","latitude":5.122144533467534,"longitude":97.0980034746323}},{"type":"Feature","geometry":{"type":"Polygon","coordinates":[[[97.079,5.121],[97.0675,5.123],[97.0715,5.1145],[97.0785,5.114],[97.078,5.1165],[97.079,5.121]]]},"properties":{"code":"11.08.03.2008","name":"Dayah Meunara","latitude":5.118672447508874,"longitude":97.0738786235847}},{"type":"Feature","geometry":{"type":"Polygon","coordinates":[[[97.0735,5.1285],[97.0695,5.1295],[97.0675,5.123],[97.079,5.121],[97.08,5.125],[97.074,5.128],[97.0735,5.1285]]]},"properties":{"code":"11.08.03.2009","name":"Meunasah Kumbang","latitude":5.124971485119313,"longitude":97.07351209816102}},{"type":"Feature","geometry":{"type":"Polygon","coordinates":[[[97.0535,5.0545],[97.051,5.054],[97.0455,5.0555],[97.039,5.056],[97.039,5.059],[97.039,5.0615],[97.0385,5.0625],[97.038,5.062],[97.0355,5.047],[97.0305,5.0425],[97.035,5.0275],[97.0355,5.028],[97.037,5.0275],[97.051,5.0295],[97.0515,5.0305],[97.052,5.0455],[97.053,5.048],[97.0525,5.052],[97.0535,5.0545]]]},"properties":{"code":"11.08.03.2010","name":"Meunye Cut Bahagia","latitude":5.042057781172002,"longitude":97.04242933851887}},{"type":"Feature","geometry":{"type":"Polygon","coordinates":[[[97.0865,5.1005],[97.087,5.1025],[97.0825,5.1045],[97.082,5.103],[97.0795,5.1015],[97.067,5.0795],[97.073,5.076],[97.0765,5.0775],[97.0905,5.093],[97.0865,5.1005]]]},"properties":{"code":"11.08.03.2011","name":"Lhok Jok","latitude":5.090079430482215,"longitude":97.07967673979213}},{"type":"Feature","geometry":{"type":"Polygon","coordinates":[[[97.0855,5.0715],[97.0765,5.0775],[97.073,5.076],[97.072,5.0765],[97.0635,5.0755],[97.0625,5.0745],[97.063,5.0735],[97.0625,5.072],[97.058,5.066],[97.054,5.059],[97.054,5.057],[97.0535,5.0535],[97.0525,5.052],[97.053,5.048],[97.052,5.0455],[97.0515,5.0305],[97.051,5.03],[97.0525,5.0305],[97.052,5.032],[97.063,5.038],[97.069,5.0505],[97.068,5.0515],[97.068,5.053],[97.0715,5.056],[97.073,5.057],[97.0765,5.06],[97.0835,5.0635],[97.0855,5.0715]]]},"properties":{"code":"11.08.03.2012","name":"Alue Rambee","latitude":5.0581580196101825,"longitude":97.06562434982641}},{"type":"Feature","geometry":{"type":"Polygon","coordinates":[[[97.101,5.1145],[97.0995,5.1165],[97.0975,5.114],[97.0965,5.112],[97.0955,5.112],[97.091,5.113],[97.09,5.113],[97.0895,5.112],[97.092,5.1115],[97.0915,5.1085],[97.085,5.1095],[97.0835,5.108],[97.0825,5.1045],[97.087,5.1025],[97.0865,5.1005],[97.089,5.102],[97.09,5.1025],[97.1005,5.108],[97.101,5.1095],[97.101,5.113],[97.101,5.1135],[97.101,5.114],[97.101,5.1145]]]},"properties":{"code":"11.08.03.2013","name":"Blang Riek","latitude":5.1081449884366465,"longitude":97.09259897619927}},{"type":"Feature","geometry":{"type":"Polygon","coordinates":[[[97.095,5.091],[97.1005,5.108],[97.09,5.1025],[97.089,5.102],[97.0865,5.1005],[97.0905,5.093],[97.095,5.091]]]},"properties":{"code":"11.08.03.2014","name":"Cempeudak","latitude":5.099715390208439,"longitude":97.09420057822713}},{"type":"Feature","geometry":{"type":"Polygon","coordinates":[[[97.095,5.091],[97.0905,5.093],[97.0765,5.0775],[97.0855,5.0715],[97.1035,5.0845],[97.1,5.0865],[97.0965,5.09],[97.095,5.091]]]},"properties":{"code":"11.08.03.2015","name":"Seuneubok Drien","latitude":5.082423983614239,"longitude":97.08949663332727}},{"type":"Feature","geometry":{"type":"Polygon","coordinates":[[[97.0525,5.0855],[97.05,5.0845],[97.047,5.081],[97.046,5.081],[97.045,5.08],[97.045,5.0785],[97.044,5.0785],[97.0435,5.077],[97.0395,5.067],[97.0385,5.065],[97.038,5.064],[97.0385,5.0625],[97.039,5.0615],[97.039,5.059],[97.039,5.056],[97.0455,5.0555],[97.051,5.054],[97.0535,5.0545],[97.054,5.059],[97.058,5.066],[97.0625,5.072],[97.063,5.0735],[97.0625,5.0745],[97.0635,5.0755],[97.0525,5.0855]]]},"properties":{"code":"11.08.03.2016","name":"Cot Merbo","latitude":5.069020497008007,"longitude":97.04991795782973}},{"type":"Feature","geometry":{"type":"Polygon","coordinates":[[[97.082,5.1105],[97.083,5.11],[97.0835,5.1105],[97.082,5.111],[97.082,5.1105]]]},"properties":{"code":"11.08.03.2017","name":"Keude Blang Ara","latitude":5.11050887834109,"longitude":97.08256310669995}},{"type":"Feature","geometry":{"type":"Polygon","coordinates":[[[97.0745,5.1465],[97.0735,5.1465],[97.073,5.1475],[97.0695,5.141],[97.0735,5.1395],[97.0775,5.1385],[97.0795,5.1405],[97.079,5.141],[97.0765,5.1445],[97.0745,5.1465]]]},"properties":{"code":"11.08.03.2018","name":"Keude Krueng","latitude":5.142323839358833,"longitude":97.0745372292875}},{"type":"Feature","geometry":{"type":"Polygon","coordinates":[[[97.087,5.157],[97.0815,5.158],[97.0805,5.154],[97.077,5.1515],[97.0745,5.1465],[97.0765,5.1445],[97.079,5.141],[97.0835,5.1365],[97.084,5.1365],[97.0855,5.135],[97.0895,5.137],[97.091,5.139],[97.0905,5.1395],[97.0845,5.145],[97.085,5.149],[97.084,5.153],[97.086,5.1535],[97.086,5.155],[97.087,5.156],[97.087,5.157]]]},"properties":{"code":"11.08.03.2019","name":"Krueng Seunong","latitude":5.145935743346386,"longitude":97.0823945166942}},{"type":"Feature","geometry":{"type":"Polygon","coordinates":[[[97.087,5.157],[97.087,5.1615],[97.089,5.163],[97.0895,5.165],[97.0895,5.166],[97.09,5.1675],[97.0895,5.168],[97.088,5.1695],[97.088,5.17],[97.0885,5.1705],[97.0865,5.171],[97.0815,5.1735],[97.0665,5.163],[97.0655,5.1625],[97.066,5.161],[97.0655,5.16],[97.069,5.1485],[97.0725,5.147],[97.073,5.1475],[97.0735,5.1465],[97.0745,5.1465],[97.077,5.1515],[97.0805,5.154],[97.0815,5.158],[97.087,5.157]]]},"properties":{"code":"11.08.03.2020","name":"Pulo Iboih","latitude":5.160600490593219,"longitude":97.07702224746312}},{"type":"Feature","geometry":{"type":"Polygon","coordinates":[[[97.084,5.1365],[97.0835,5.1365],[97.0795,5.1405],[97.0775,5.1385],[97.0755,5.1305],[97.0795,5.13],[97.0805,5.1295],[97.084,5.1365]]]},"properties":{"code":"11.08.03.2021","name":"Blang Gurah","latitude":5.1345866924145565,"longitude":97.07984098234961}},{"type":"Feature","geometry":{"type":"Polygon","coordinates":[[[97.1035,5.1315],[97.1025,5.1345],[97.091,5.1385],[97.091,5.139],[97.0895,5.137],[97.0855,5.135],[97.084,5.1365],[97.0805,5.1295],[97.0815,5.1295],[97.092,5.127],[97.1035,5.1315]]]},"properties":{"code":"11.08.03.2022","name":"Guha Uleu","latitude":5.132488025779738,"longitude":97.09180034552624}},{"type":"Feature","geometry":{"type":"Polygon","coordinates":[[[97.105,5.132],[97.1035,5.1315],[97.092,5.127],[97.0815,5.1295],[97.0795,5.13],[97.0755,5.1305],[97.074,5.131],[97.0735,5.1295],[97.074,5.128],[97.08,5.125],[97.08,5.1255],[97.0955,5.122],[97.105,5.132]]]},"properties":{"code":"11.08.03.2023","name":"Ceumeucet","latitude":5.126894553296078,"longitude":97.08899858289713}},{"type":"Feature","geometry":{"type":"Polygon","coordinates":[[[97.0735,5.1395],[97.0695,5.141],[97.067,5.135],[97.062,5.131],[97.067,5.1305],[97.0695,5.1295],[97.0735,5.1285],[97.0735,5.1295],[97.0735,5.1345],[97.0735,5.1395]]]},"properties":{"code":"11.08.03.2024","name":"Pulo Barat","latitude":5.13406525579187,"longitude":97.06950308610263}},{"type":"Feature","geometry":{"type":"Polygon","coordinates":[[[97.0775,5.1385],[97.0735,5.1395],[97.0735,5.1345],[97.074,5.131],[97.0755,5.1305],[97.0775,5.1385]]]},"properties":{"code":"11.08.03.2025","name":"Pulo Rayeuk","latitude":5.135524905620126,"longitude":97.07497478496452}},{"type":"Feature","geometry":{"type":"Polygon","coordinates":[[[97.0625,5.1435],[97.061,5.144],[97.059,5.145],[97.058,5.1435],[97.057,5.142],[97.0555,5.14],[97.0535,5.136],[97.0515,5.1345],[97.0525,5.133],[97.054,5.1335],[97.055,5.134],[97.056,5.1345],[97.057,5.1355],[97.0625,5.1435]]]},"properties":{"code":"11.08.03.2026","name":"Cot Seutui","latitude":5.138855271217904,"longitude":97.0568704545935}},{"type":"Feature","geometry":{"type":"Polygon","coordinates":[[[97.052,5.141],[97.0485,5.143],[97.0435,5.1415],[97.04,5.138],[97.0425,5.135],[97.0455,5.133],[97.048,5.1345],[97.0495,5.134],[97.0505,5.135],[97.052,5.141]]]},"properties":{"code":"11.08.03.2027","name":"Langkuta","latitude":5.138384201530148,"longitude":97.04686020877526}},{"type":"Feature","geometry":{"type":"Polygon","coordinates":[[[97.0495,5.134],[97.048,5.1345],[97.0455,5.133],[97.0425,5.135],[97.0405,5.1375],[97.037,5.127],[97.034,5.1225],[97.0295,5.1185],[97.028,5.116],[97.0375,5.1195],[97.038,5.1205],[97.041,5.122],[97.046,5.126],[97.047,5.128],[97.0475,5.132],[97.0495,5.134]]]},"properties":{"code":"11.08.03.2028","name":"Saweuk","latitude":5.125479133046111,"longitude":97.03920921445723}},{"type":"Feature","geometry":{"type":"Polygon","coordinates":[[[97.0575,5.146],[97.0555,5.145],[97.052,5.141],[97.0505,5.135],[97.0485,5.1325],[97.0475,5.132],[97.047,5.128],[97.0515,5.1295],[97.0535,5.132],[97.056,5.1345],[97.055,5.134],[97.054,5.1335],[97.0525,5.133],[97.0515,5.1345],[97.0535,5.136],[97.0555,5.14],[97.057,5.142],[97.058,5.1435],[97.059,5.145],[97.0575,5.146]]]},"properties":{"code":"11.08.03.2029","name":"Meuria","latitude":5.136401202655132,"longitude":97.05256208836175}},{"type":"Feature","geometry":{"type":"Polygon","coordinates":[[[97.0515,5.1585],[97.051,5.1585],[97.05,5.158],[97.0455,5.1555],[97.0425,5.1545],[97.041,5.1545],[97.0395,5.1535],[97.0415,5.154],[97.05,5.152],[97.0555,5.145],[97.0575,5.146],[97.059,5.1475],[97.06,5.1485],[97.0515,5.1585]]]},"properties":{"code":"11.08.03.2030","name":"Meunasah Kulam","latitude":5.152884776138705,"longitude":97.05164700523818}},{"type":"Feature","geometry":{"type":"Polygon","coordinates":[[[97.0555,5.145],[97.05,5.152],[97.045,5.153],[97.043,5.1415],[97.0435,5.1415],[97.0485,5.143],[97.052,5.141],[97.0555,5.145]]]},"properties":{"code":"11.08.03.2031","name":"Cot Seumiyong","latitude":5.146560844414238,"longitude":97.04864486979557}},{"type":"Feature","geometry":{"type":"Polygon","coordinates":[[[97.0655,5.1625],[97.0655,5.162],[97.0645,5.1705],[97.057,5.17],[97.056,5.1685],[97.063,5.1605],[97.0615,5.1495],[97.059,5.1475],[97.0575,5.146],[97.061,5.144],[97.064,5.1435],[97.065,5.146],[97.067,5.145],[97.0675,5.146],[97.069,5.1485],[97.0655,5.16],[97.066,5.161],[97.0655,5.1625]]]},"properties":{"code":"11.08.03.2032","name":"Keureusek","latitude":5.157472463824055,"longitude":97.06299403536646}},{"type":"Feature","geometry":{"type":"Polygon","coordinates":[[[97.06,5.1485],[97.0615,5.1495],[97.063,5.1605],[97.056,5.1685],[97.0515,5.1585],[97.06,5.1485]]]},"properties":{"code":"11.08.03.2033","name":"Krueng Seupeng","latitude":5.157426618278738,"longitude":97.05796945777075}},{"type":"Feature","geometry":{"type":"Polygon","coordinates":[[[97.067,5.145],[97.065,5.146],[97.064,5.1435],[97.0625,5.1435],[97.057,5.1355],[97.0535,5.132],[97.0515,5.1295],[97.0525,5.129],[97.056,5.128],[97.0635,5.139],[97.067,5.145]]]},"properties":{"code":"11.08.03.2034","name":"Muling Manyang","latitude":5.136078725001563,"longitude":97.05927645532253}},{"type":"Feature","geometry":{"type":"Polygon","coordinates":[[[97.0725,5.147],[97.069,5.1485],[97.0675,5.146],[97.0635,5.139],[97.056,5.128],[97.057,5.1275],[97.062,5.131],[97.067,5.135],[97.0725,5.147]]]},"properties":{"code":"11.08.03.2035","name":"Muling Meucat","latitude":5.138224619281497,"longitude":97.0651561434994}},{"type":"Feature","geometry":{"type":"Polygon","coordinates":[[[97.056,5.128],[97.0545,5.1285],[97.039,5.1065],[97.0395,5.1],[97.047,5.0985],[97.053,5.1125],[97.056,5.121],[97.0545,5.126],[97.056,5.128]]]},"properties":{"code":"11.08.03.2036","name":"Babah Lueng","latitude":5.111190774580957,"longitude":97.04737674055463}},{"type":"Feature","geometry":{"type":"Polygon","coordinates":[[[97.039,5.1065],[97.0285,5.113],[97.026,5.111],[97.0235,5.1085],[97.0165,5.1035],[97.0135,5.1025],[97.013,5.099],[97.0125,5.0985],[97.012,5.096],[97.0125,5.0925],[97.013,5.091],[97.0135,5.09],[97.0235,5.0865],[97.025,5.0875],[97.0255,5.089],[97.0395,5.1],[97.039,5.1065]]]},"properties":{"code":"11.08.03.2037","name":"Panton Rayeuk I","latitude":5.099511718181513,"longitude":97.025354124014}},{"type":"Feature","geometry":{"type":"Polygon","coordinates":[[[97.0515,5.1295],[97.047,5.128],[97.046,5.126],[97.041,5.122],[97.038,5.1205],[97.0375,5.1195],[97.028,5.116],[97.0285,5.113],[97.039,5.1065],[97.0545,5.1285],[97.0525,5.129],[97.0515,5.1295]]]},"properties":{"code":"11.08.03.2038","name":"Panton Rayeuk Ii","latitude":5.118043743637742,"longitude":97.04136390241914}},{"type":"Feature","geometry":{"type":"Polygon","coordinates":[[[97.026,5.0895],[97.0255,5.089],[97.025,5.0875],[97.0235,5.0865],[97.0135,5.09],[97.0135,5.091],[97.013,5.092],[97.012,5.091],[97.011,5.0915],[97.01,5.0905],[97.008,5.0845],[97.0075,5.084],[97.0065,5.0845],[97.005,5.0835],[96.9935,5.061],[96.9915,5.059],[96.9895,5.057],[96.9885,5.055],[96.9915,5.042],[96.978,5.032],[96.9775,5.026],[96.975,5.0245],[96.976,5.0235],[96.9735,5.0095],[96.9785,5.002],[96.9715,4.991],[96.972,4.979],[96.9735,4.98],[96.9945,4.9895],[96.9945,4.996],[96.9965,4.997],[97.016,5.0025],[97.018,5.0135],[97.0185,5.0105],[97.023,5.0125],[97.0245,5.0145],[97.035,5.0275],[97.0305,5.0425],[97.0355,5.047],[97.038,5.062],[97.038,5.064],[97.0385,5.065],[97.0395,5.067],[97.0435,5.077],[97.044,5.0785],[97.045,5.0785],[97.045,5.08],[97.046,5.081],[97.047,5.081],[97.048,5.0825],[97.026,5.0895]]]},"properties":{"code":"11.08.03.2039","name":"Sido Muliyo","latitude":5.038979363985941,"longitude":97.00772172371074}},{"type":"Feature","geometry":{"type":"Polygon","coordinates":[[[97.3235,5.0375],[97.3255,5.0415],[97.3195,5.0415],[97.3195,5.04],[97.3205,5.0385],[97.3205,5.037],[97.3235,5.0375]]]},"properties":{"code":"11.08.04.2001","name":"Kuta Lhoksukon","latitude":5.0395683672309035,"longitude":97.32222770318137}},{"type":"Feature","geometry":{"type":"Polygon","coordinates":[[[97.3745,5.066],[97.3735,5.0725],[97.373,5.076],[97.354,5.084],[97.354,5.079],[97.3595,5.0745],[97.36,5.069],[97.3725,5.067],[97.3745,5.066]]]},"properties":{"code":"11.08.04.2002","name":"Cot U Sibak","latitude":5.0747771877454975,"longitude":97.36427375542354}},{"type":"Feature","geometry":{"type":"Polygon","coordinates":[[[97.355,5.091],[97.3505,5.095],[97.3455,5.0975],[97.3425,5.105],[97.34,5.0805],[97.354,5.079],[97.354,5.084],[97.355,5.09],[97.355,5.091]]]},"properties":{"code":"11.08.04.2003","name":"Bintang Hu","latitude":5.088386581614491,"longitude":97.34694305165098}},{"type":"Feature","geometry":{"type":"Polygon","coordinates":[[[97.3965,5.0575],[97.3825,5.072],[97.3775,5.068],[97.374,5.066],[97.3725,5.067],[97.368,5.0675],[97.3665,5.059],[97.3665,5.0565],[97.37,5.056],[97.376,5.055],[97.3795,5.053],[97.3855,5.0325],[97.4025,5.0365],[97.4,5.0505],[97.399,5.053],[97.398,5.0535],[97.3955,5.055],[97.3965,5.0575]]]},"properties":{"code":"11.08.04.2004","name":"Blang Aman","latitude":5.05251172458152,"longitude":97.38607890888396}},{"type":"Feature","geometry":{"type":"Polygon","coordinates":[[[97.3425,5.105],[97.3425,5.1065],[97.335,5.099],[97.3305,5.096],[97.317,5.0865],[97.318,5.084],[97.3245,5.084],[97.332,5.083],[97.34,5.0805],[97.3425,5.105]]]},"properties":{"code":"11.08.04.2005","name":"Cot Ara","latitude":5.090821766308205,"longitude":97.33304667984594}},{"type":"Feature","geometry":{"type":"Polygon","coordinates":[[[97.3855,5.0325],[97.375,5.04],[97.364,5.038],[97.3615,5.0385],[97.3515,5.031],[97.35,5.0255],[97.364,5.024],[97.372,5.0175],[97.38,5.013],[97.386,5.013],[97.3875,5.0165],[97.388,5.017],[97.4055,5.0175],[97.408,5.013],[97.4125,5.0125],[97.412,5.0145],[97.4025,5.0365],[97.3855,5.0325]]]},"properties":{"code":"11.08.04.2006","name":"Blang Rubek","latitude":5.026297139410667,"longitude":97.38276138638992}},{"type":"Feature","geometry":{"type":"Polygon","coordinates":[[[97.34,5.0805],[97.332,5.083],[97.3245,5.084],[97.318,5.084],[97.319,5.082],[97.3255,5.075],[97.327,5.0735],[97.3305,5.0675],[97.33,5.0655],[97.36,5.066],[97.3595,5.0745],[97.354,5.079],[97.34,5.0805]]]},"properties":{"code":"11.08.04.2007","name":"Nga Matang Ubi","latitude":5.073932101978462,"longitude":97.34055227470864}},{"type":"Feature","geometry":{"type":"Polygon","coordinates":[[[97.368,5.0675],[97.36,5.069],[97.36,5.066],[97.33,5.0655],[97.336,5.0595],[97.3545,5.0495],[97.3575,5.049],[97.3665,5.0525],[97.3665,5.057],[97.3665,5.059],[97.368,5.0675]]]},"properties":{"code":"11.08.04.2008","name":"Meunasah Reudeup","latitude":5.059528191694489,"longitude":97.35257722053491}},{"type":"Feature","geometry":{"type":"Polygon","coordinates":[[[97.3545,5.0495],[97.336,5.0595],[97.3355,5.054],[97.3325,5.052],[97.3345,5.049],[97.337,5.048],[97.3405,5.046],[97.3545,5.04],[97.3545,5.0495]]]},"properties":{"code":"11.08.04.2009","name":"Alue Buket","latitude":5.049385951188325,"longitude":97.34449683829574}},{"type":"Feature","geometry":{"type":"Polygon","coordinates":[[[97.3545,5.04],[97.3405,5.046],[97.337,5.048],[97.3345,5.049],[97.3305,5.046],[97.3295,5.0375],[97.351,5.029],[97.3515,5.031],[97.3615,5.0385],[97.3635,5.04],[97.3545,5.04]]]},"properties":{"code":"11.08.04.2010","name":"Meunye Matang Ubi","latitude":5.038116205058033,"longitude":97.34459571998181}},{"type":"Feature","geometry":{"type":"Polygon","coordinates":[[[97.3295,5.0375],[97.3305,5.046],[97.328,5.0435],[97.3275,5.039],[97.3295,5.0375]]]},"properties":{"code":"11.08.04.2011","name":"Trieng Matang Ubi","latitude":5.040811204920229,"longitude":97.33045496280418}},{"type":"Feature","geometry":{"type":"Polygon","coordinates":[[[97.3275,5.039],[97.328,5.0435],[97.3255,5.0415],[97.3235,5.0375],[97.3245,5.0375],[97.327,5.038],[97.3275,5.039]]]},"properties":{"code":"11.08.04.2012","name":"Ceubrek","latitude":5.040017708721835,"longitude":97.32625800276409}},{"type":"Feature","geometry":{"type":"Polygon","coordinates":[[[97.3295,5.0375],[97.3275,5.039],[97.327,5.038],[97.3265,5.038],[97.3335,5.0285],[97.35,5.0255],[97.351,5.029],[97.3295,5.0375]]]},"properties":{"code":"11.08.04.2013","name":"Meunasah Blang","latitude":5.030672226887081,"longitude":97.33871226637126}},{"type":"Feature","geometry":{"type":"Polygon","coordinates":[[[97.3855,5.0325],[97.3795,5.053],[97.376,5.055],[97.37,5.056],[97.3665,5.0565],[97.3665,5.0525],[97.3575,5.049],[97.3545,5.0495],[97.3545,5.04],[97.3635,5.04],[97.364,5.038],[97.375,5.04],[97.3855,5.0325]]]},"properties":{"code":"11.08.04.2014","name":"Buket Seuntang","latitude":5.045064888570308,"longitude":97.37012742117832}},{"type":"Feature","geometry":{"type":"Polygon","coordinates":[[[97.308,5.1135],[97.2995,5.11],[97.2975,5.1095],[97.3055,5.0945],[97.314,5.097],[97.314,5.099],[97.312,5.103],[97.3115,5.106],[97.308,5.1135]]]},"properties":{"code":"11.08.04.2015","name":"Meunasah Arongan AB","latitude":5.104273197474868,"longitude":97.30639977985082}},{"type":"Feature","geometry":{"type":"Polygon","coordinates":[[[97.2975,5.1095],[97.297,5.1095],[97.2915,5.107],[97.2945,5.1],[97.2945,5.0975],[97.298,5.0965],[97.3005,5.093],[97.3055,5.0945],[97.2975,5.1095]]]},"properties":{"code":"11.08.04.2016","name":"Trieng Pantang","latitude":5.100954295447648,"longitude":97.29823484739218}},{"type":"Feature","geometry":{"type":"Polygon","coordinates":[[[97.317,5.0875],[97.316,5.0905],[97.3085,5.0875],[97.3055,5.087],[97.306,5.084],[97.3075,5.086],[97.317,5.0875]]]},"properties":{"code":"11.08.04.2017","name":"Meunasah Leubok AB","latitude":5.087624846060406,"longitude":97.3112330175635}},{"type":"Feature","geometry":{"type":"Polygon","coordinates":[[[97.316,5.0905],[97.314,5.097],[97.3005,5.093],[97.301,5.0905],[97.301,5.0885],[97.304,5.087],[97.3085,5.0875],[97.316,5.0905]]]},"properties":{"code":"11.08.04.2018","name":"Cot Glumpang AB","latitude":5.0917306881465265,"longitude":97.30808015966191}},{"type":"Feature","geometry":{"type":"Polygon","coordinates":[[[97.317,5.0865],[97.317,5.0875],[97.3075,5.086],[97.308,5.084],[97.311,5.077],[97.316,5.078],[97.3155,5.0795],[97.3205,5.0805],[97.319,5.082],[97.317,5.0855],[97.317,5.0865]]]},"properties":{"code":"11.08.04.2019","name":"Abeuk Leupon","latitude":5.082545050316497,"longitude":97.31334398789272}},{"type":"Feature","geometry":{"type":"Polygon","coordinates":[[[97.3305,5.0675],[97.327,5.0735],[97.3245,5.0765],[97.322,5.0745],[97.32,5.0735],[97.312,5.072],[97.311,5.0715],[97.309,5.0715],[97.3115,5.0675],[97.312,5.0665],[97.3125,5.0645],[97.3125,5.0635],[97.3135,5.062],[97.319,5.063],[97.3215,5.0635],[97.3305,5.0675]]]},"properties":{"code":"11.08.04.2020","name":"Ara AB","latitude":5.069052823400457,"longitude":97.3196107723231}},{"type":"Feature","geometry":{"type":"Polygon","coordinates":[[[97.308,5.084],[97.306,5.084],[97.3105,5.074],[97.311,5.0725],[97.3115,5.0715],[97.312,5.072],[97.32,5.0735],[97.322,5.0745],[97.3245,5.0765],[97.3205,5.0805],[97.3155,5.0795],[97.316,5.078],[97.311,5.077],[97.308,5.084]]]},"properties":{"code":"11.08.04.2021","name":"Mancang","latitude":5.076785948942806,"longitude":97.31490636621405}},{"type":"Feature","geometry":{"type":"Polygon","coordinates":[[[97.3305,5.0675],[97.3215,5.0635],[97.3225,5.062],[97.323,5.061],[97.324,5.0595],[97.3255,5.0565],[97.327,5.0495],[97.332,5.051],[97.333,5.052],[97.3355,5.054],[97.336,5.0595],[97.33,5.0655],[97.3305,5.0675]]]},"properties":{"code":"11.08.04.2022","name":"Matang Pupanji AB","latitude":5.0591866719829,"longitude":97.3289158639096}},{"type":"Feature","geometry":{"type":"Polygon","coordinates":[[[97.327,5.0495],[97.3255,5.0565],[97.316,5.0555],[97.3165,5.052],[97.318,5.0475],[97.3255,5.0415],[97.328,5.0435],[97.327,5.0495]]]},"properties":{"code":"11.08.04.2023","name":"Meunasah Asan AB","latitude":5.050710072541301,"longitude":97.32243794539261}},{"type":"Feature","geometry":{"type":"Polygon","coordinates":[[[97.3345,5.049],[97.3325,5.052],[97.332,5.051],[97.327,5.0495],[97.328,5.0435],[97.3305,5.046],[97.3345,5.049]]]},"properties":{"code":"11.08.04.2024","name":"Matang Teungoh Ab","latitude":5.048113204931164,"longitude":97.33016585922138}},{"type":"Feature","geometry":{"type":"Polygon","coordinates":[[[97.3255,5.0415],[97.318,5.0475],[97.3195,5.0415],[97.3255,5.0415]]]},"properties":{"code":"11.08.04.2025","name":"Pante","latitude":5.044582003914344,"longitude":97.32170447074402}},{"type":"Feature","geometry":{"type":"Polygon","coordinates":[[[97.3255,5.0565],[97.324,5.0595],[97.323,5.061],[97.3225,5.062],[97.3215,5.0635],[97.319,5.063],[97.3135,5.062],[97.314,5.061],[97.316,5.0585],[97.316,5.057],[97.316,5.0555],[97.3255,5.0565]]]},"properties":{"code":"11.08.04.2026","name":"Rambot","latitude":5.059359153992072,"longitude":97.31950006300113}},{"type":"Feature","geometry":{"type":"Polygon","coordinates":[[[97.306,5.084],[97.3055,5.087],[97.304,5.087],[97.3025,5.079],[97.3035,5.078],[97.306,5.0765],[97.309,5.0715],[97.3115,5.0715],[97.311,5.0725],[97.3105,5.074],[97.306,5.084]]]},"properties":{"code":"11.08.04.2027","name":"Meunasah Alue Drien LB","latitude":5.078963109269866,"longitude":97.30623377504826}},{"type":"Feature","geometry":{"type":"Polygon","coordinates":[[[97.309,5.0715],[97.306,5.0765],[97.3035,5.078],[97.3025,5.079],[97.302,5.079],[97.3055,5.0745],[97.308,5.072],[97.308,5.0695],[97.3095,5.0675],[97.311,5.065],[97.3115,5.0655],[97.3125,5.0655],[97.3115,5.0675],[97.309,5.0715]]]},"properties":{"code":"11.08.04.2028","name":"Alue Mudem","latitude":5.0725347882388245,"longitude":97.30761671922288}},{"type":"Feature","geometry":{"type":"Polygon","coordinates":[[[97.314,5.046],[97.305,5.0495],[97.3075,5.0445],[97.3115,5.0415],[97.3125,5.0385],[97.3135,5.0395],[97.314,5.0405],[97.314,5.046]]]},"properties":{"code":"11.08.04.2029","name":"Meunasah Geulinggang","latitude":5.045087679246368,"longitude":97.3103291877057}},{"type":"Feature","geometry":{"type":"Polygon","coordinates":[[[97.31,5.033],[97.3035,5.0335],[97.304,5.0245],[97.3075,5.0245],[97.3115,5.025],[97.31,5.033]]]},"properties":{"code":"11.08.04.2030","name":"Meunasah Asan LB","latitude":5.029029908650455,"longitude":97.3073532361584}},{"type":"Feature","geometry":{"type":"Polygon","coordinates":[[[97.3335,5.0285],[97.3265,5.038],[97.3245,5.0375],[97.3235,5.0375],[97.319,5.037],[97.3205,5.03],[97.3205,5.0305],[97.3335,5.0285]]]},"properties":{"code":"11.08.04.2031","name":"Beringin LB","latitude":5.033159412722007,"longitude":97.32522807209257}},{"type":"Feature","geometry":{"type":"Polygon","coordinates":[[[97.3125,5.0385],[97.3115,5.0415],[97.3075,5.0445],[97.3095,5.0375],[97.3115,5.038],[97.3125,5.0385]]]},"properties":{"code":"11.08.04.2032","name":"Meunasah Teungoh LB","latitude":5.040458318076919,"longitude":97.30998402264706}},{"type":"Feature","geometry":{"type":"Polygon","coordinates":[[[97.3205,5.0265],[97.315,5.0255],[97.3145,5.025],[97.3125,5.0245],[97.312,5.024],[97.312,5.0235],[97.3115,5.023],[97.312,5.023],[97.3125,5.023],[97.314,5.023],[97.3145,5.0235],[97.318,5.0205],[97.3185,5.021],[97.3205,5.0265]]]},"properties":{"code":"11.08.04.2033","name":"Meunasah Rayeuk LB","latitude":5.025159382327653,"longitude":97.31695089202294}},{"type":"Feature","geometry":{"type":"Polygon","coordinates":[[[97.3075,5.0445],[97.305,5.0495],[97.3035,5.0465],[97.303,5.047],[97.304,5.041],[97.3035,5.041],[97.3045,5.0375],[97.3095,5.0375],[97.3075,5.0445]]]},"properties":{"code":"11.08.04.2034","name":"Meunasah Ulee Barat","latitude":5.042010806623025,"longitude":97.30594524514014}},{"type":"Feature","geometry":{"type":"Polygon","coordinates":[[[97.3135,5.062],[97.3125,5.0635],[97.3125,5.0655],[97.3115,5.0655],[97.311,5.065],[97.313,5.0595],[97.315,5.06],[97.314,5.061],[97.3135,5.062]]]},"properties":{"code":"11.08.04.2035","name":"Meunasah Ranto","latitude":5.062376845851893,"longitude":97.31258552555715}},{"type":"Feature","geometry":{"type":"Polygon","coordinates":[[[97.313,5.0595],[97.3035,5.06],[97.3045,5.057],[97.316,5.055],[97.316,5.058],[97.315,5.0595],[97.315,5.06],[97.313,5.0595]]]},"properties":{"code":"11.08.04.2036","name":"Meunasah Tutong","latitude":5.057431252715536,"longitude":97.3105397393548}},{"type":"Feature","geometry":{"type":"Polygon","coordinates":[[[97.319,5.037],[97.3145,5.041],[97.3135,5.0395],[97.313,5.0385],[97.3115,5.038],[97.3095,5.0375],[97.31,5.033],[97.3115,5.025],[97.3125,5.0245],[97.3145,5.025],[97.315,5.0255],[97.3205,5.0265],[97.3215,5.0275],[97.3205,5.0285],[97.3205,5.029],[97.3215,5.029],[97.3215,5.0295],[97.3205,5.03],[97.319,5.037]]]},"properties":{"code":"11.08.04.2037","name":"Meunasah Nga LB","latitude":5.033211584701926,"longitude":97.31503323362908}},{"type":"Feature","geometry":{"type":"Polygon","coordinates":[[[97.302,5.079],[97.3005,5.0775],[97.3005,5.075],[97.299,5.074],[97.3005,5.0735],[97.299,5.0705],[97.305,5.069],[97.3085,5.069],[97.308,5.0695],[97.308,5.072],[97.3055,5.0745],[97.302,5.079]]]},"properties":{"code":"11.08.04.2038","name":"Keutapang","latitude":5.073199843126771,"longitude":97.30346276154609}},{"type":"Feature","geometry":{"type":"Polygon","coordinates":[[[97.3045,5.0375],[97.303,5.038],[97.303,5.036],[97.3035,5.0335],[97.31,5.033],[97.3095,5.0375],[97.3045,5.0375]]]},"properties":{"code":"11.08.04.2039","name":"Matang Munjee","latitude":5.035442903403151,"longitude":97.30620769224917}},{"type":"Feature","geometry":{"type":"Polygon","coordinates":[[[97.3085,5.069],[97.305,5.069],[97.3035,5.06],[97.313,5.0595],[97.3095,5.0675],[97.3085,5.069]]]},"properties":{"code":"11.08.04.2040","name":"Pulo Dulang","latitude":5.063443309873888,"longitude":97.30775453204721}},{"type":"Feature","geometry":{"type":"Polygon","coordinates":[[[97.3195,5.0415],[97.318,5.0475],[97.314,5.046],[97.314,5.0405],[97.3145,5.041],[97.319,5.037],[97.3205,5.037],[97.3205,5.0385],[97.3195,5.04],[97.3195,5.0415]]]},"properties":{"code":"11.08.04.2041","name":"Dayah Lb","latitude":5.042712621352389,"longitude":97.31723887729186}},{"type":"Feature","geometry":{"type":"Polygon","coordinates":[[[97.316,5.055],[97.3045,5.057],[97.3045,5.056],[97.3055,5.0555],[97.306,5.0545],[97.305,5.0495],[97.314,5.046],[97.318,5.0475],[97.3165,5.052],[97.316,5.055]]]},"properties":{"code":"11.08.04.2042","name":"Meunasah Geumata","latitude":5.051435302229304,"longitude":97.31163280601163}},{"type":"Feature","geometry":{"type":"Polygon","coordinates":[[[97.352,5.012],[97.342,5.014],[97.338,5.0145],[97.338,5.014],[97.336,5.014],[97.336,5.013],[97.337,5.0105],[97.332,5.0065],[97.334,5.0025],[97.335,5.0025],[97.3365,5.0015],[97.337,5.0015],[97.3385,5],[97.341,4.9975],[97.3485,4.999],[97.3515,5.004],[97.3525,5.0075],[97.352,5.012]]]},"properties":{"code":"11.08.04.2043","name":"Meunasah Meureubo","latitude":5.006221394211035,"longitude":97.34333988524116}},{"type":"Feature","geometry":{"type":"Polygon","coordinates":[[[97.341,4.9975],[97.3385,5],[97.337,5.0015],[97.3365,5.0015],[97.3345,5.0025],[97.329,5.0025],[97.329,5.0015],[97.3295,4.999],[97.33,4.9965],[97.331,4.9945],[97.3305,4.993],[97.333,4.9925],[97.333,4.993],[97.338,4.9925],[97.3385,4.991],[97.3405,4.9925],[97.3405,4.9935],[97.341,4.9975]]]},"properties":{"code":"11.08.04.2044","name":"Meunasah Dayah LT","latitude":4.9972430165513835,"longitude":97.33502515828103}},{"type":"Feature","geometry":{"type":"Polygon","coordinates":[[[97.361,5.002],[97.356,5.0025],[97.3555,4.9985],[97.3535,4.9985],[97.3575,4.9915],[97.359,4.991],[97.3605,4.9915],[97.3605,4.991],[97.362,4.992],[97.3625,4.9965],[97.361,4.999],[97.361,5.002]]]},"properties":{"code":"11.08.04.2045","name":"Arongan Lt","latitude":4.996602457917667,"longitude":97.35858786432502}},{"type":"Feature","geometry":{"type":"Polygon","coordinates":[[[97.329,5.008],[97.329,5.0085],[97.3115,5.0075],[97.3065,5.007],[97.307,5.006],[97.3075,5.0045],[97.307,5.004],[97.3155,5.003],[97.316,4.9935],[97.319,4.9945],[97.323,4.998],[97.3295,4.998],[97.3295,4.999],[97.329,5.0015],[97.329,5.003],[97.329,5.005],[97.328,5.0075],[97.329,5.008]]]},"properties":{"code":"11.08.04.2046","name":"Meunasah Tuha","latitude":5.002380824293038,"longitude":97.31982048375167}},{"type":"Feature","geometry":{"type":"Polygon","coordinates":[[[97.332,5.0065],[97.331,5.0075],[97.3305,5.008],[97.329,5.008],[97.328,5.0075],[97.329,5.005],[97.329,5.0025],[97.334,5.0025],[97.332,5.0065]]]},"properties":{"code":"11.08.04.2047","name":"Meunasah Krueng Lt","latitude":5.004866529426574,"longitude":97.33078157345122}},{"type":"Feature","geometry":{"type":"Polygon","coordinates":[[[97.332,5.0065],[97.337,5.0105],[97.3365,5.011],[97.329,5.0085],[97.329,5.008],[97.3305,5.008],[97.331,5.0075],[97.332,5.0065]]]},"properties":{"code":"11.08.04.2048","name":"Babah Geudeubang","latitude":5.008913119063776,"longitude":97.33510362210569}},{"type":"Feature","geometry":{"type":"Polygon","coordinates":[[[97.3665,4.987],[97.366,4.988],[97.365,4.9885],[97.36,4.9885],[97.3585,4.9885],[97.357,4.9875],[97.3555,4.986],[97.3555,4.9855],[97.356,4.982],[97.3625,4.9845],[97.3655,4.9835],[97.365,4.986],[97.3665,4.987]]]},"properties":{"code":"11.08.04.2049","name":"Grong-Grong","latitude":4.985781862382691,"longitude":97.3607541448142}},{"type":"Feature","geometry":{"type":"Polygon","coordinates":[[[97.3605,4.991],[97.3605,4.9915],[97.359,4.991],[97.3575,4.9915],[97.3565,4.993],[97.352,4.9915],[97.3535,4.99],[97.3555,4.986],[97.357,4.9875],[97.3585,4.9885],[97.36,4.9885],[97.3605,4.9885],[97.3605,4.991]]]},"properties":{"code":"11.08.04.2050","name":"Alue Itam Reudeup","latitude":4.989971040505484,"longitude":97.35566849663007}},{"type":"Feature","geometry":{"type":"Polygon","coordinates":[[[97.37,5.0025],[97.3675,4.9995],[97.3655,4.999],[97.363,4.998],[97.3615,4.998],[97.3625,4.9965],[97.362,4.992],[97.3605,4.991],[97.3605,4.9885],[97.365,4.9885],[97.366,4.988],[97.3675,4.986],[97.3705,4.982],[97.383,4.985],[97.393,4.9775],[97.394,4.9785],[97.396,4.9785],[97.395,4.9795],[97.3845,4.994],[97.3735,5.0005],[97.37,5.0025]]]},"properties":{"code":"11.08.04.2051","name":"Teupin Keubeu","latitude":4.991614470939184,"longitude":97.37618412372761}},{"type":"Feature","geometry":{"type":"Polygon","coordinates":[[[97.336,5.014],[97.334,5.014],[97.336,5.017],[97.335,5.02],[97.3265,5.0185],[97.329,5.0085],[97.3365,5.011],[97.336,5.013],[97.336,5.014]]]},"properties":{"code":"11.08.04.2052","name":"Meunasah Nga Lt","latitude":5.0144342365872525,"longitude":97.33166539802124}},{"type":"Feature","geometry":{"type":"Polygon","coordinates":[[[97.3505,4.995],[97.3485,4.999],[97.341,4.9975],[97.3405,4.9935],[97.3425,4.992],[97.347,4.994],[97.3505,4.995]]]},"properties":{"code":"11.08.04.2053","name":"Meunasah Meuria","latitude":4.995536579789649,"longitude":97.34490951354394}},{"type":"Feature","geometry":{"type":"Polygon","coordinates":[[[97.3405,4.9925],[97.3385,4.991],[97.338,4.9925],[97.333,4.993],[97.333,4.9925],[97.3305,4.993],[97.3305,4.992],[97.3315,4.9905],[97.3315,4.9875],[97.333,4.985],[97.334,4.9835],[97.335,4.9825],[97.337,4.9825],[97.3455,4.986],[97.3455,4.9865],[97.3445,4.9895],[97.3405,4.9925]]]},"properties":{"code":"11.08.04.2054","name":"Kumbang Lt","latitude":4.9880573656429545,"longitude":97.33787379153979}},{"type":"Feature","geometry":{"type":"Polygon","coordinates":[[[97.386,5.013],[97.38,5.013],[97.378,5.01],[97.377,5.0095],[97.376,5.0085],[97.376,5.006],[97.376,5.0035],[97.3735,5.0005],[97.3845,4.994],[97.3865,4.992],[97.392,4.9935],[97.386,5.013]]]},"properties":{"code":"11.08.04.2055","name":"Seuneubok Dalam","latitude":5.0031752221409045,"longitude":97.3844644924514}},{"type":"Feature","geometry":{"type":"Polygon","coordinates":[[[97.351,4.9845],[97.351,4.9855],[97.346,4.987],[97.3455,4.9865],[97.3455,4.986],[97.344,4.985],[97.3445,4.9795],[97.3465,4.972],[97.35,4.973],[97.3525,4.9765],[97.353,4.9775],[97.3505,4.979],[97.35,4.9805],[97.3495,4.982],[97.351,4.9845]]]},"properties":{"code":"11.08.04.2056","name":"Alue Eumpok","latitude":4.979780900725934,"longitude":97.34790636970551}},{"type":"Feature","geometry":{"type":"Polygon","coordinates":[[[97.3335,5.0245],[97.3255,5.027],[97.324,5.027],[97.321,5.029],[97.3205,5.029],[97.3205,5.0285],[97.321,5.028],[97.3215,5.0275],[97.3215,5.027],[97.3255,5.0215],[97.325,5.0195],[97.325,5.019],[97.326,5.0195],[97.3265,5.0185],[97.335,5.02],[97.3335,5.0245]]]},"properties":{"code":"11.08.04.2057","name":"Meunasah Jok","latitude":5.023060680008265,"longitude":97.32812721523557}},{"type":"Feature","geometry":{"type":"Polygon","coordinates":[[[97.3335,5.0285],[97.3205,5.0305],[97.3215,5.0295],[97.3215,5.029],[97.321,5.029],[97.324,5.027],[97.3255,5.027],[97.3335,5.0245],[97.334,5.027],[97.3335,5.0285]]]},"properties":{"code":"11.08.04.2058","name":"Manyang","latitude":5.028218530925597,"longitude":97.3274369894661}},{"type":"Feature","geometry":{"type":"Polygon","coordinates":[[[97.393,4.9775],[97.383,4.985],[97.3705,4.982],[97.3575,4.9765],[97.357,4.9765],[97.3605,4.9715],[97.362,4.971],[97.365,4.968],[97.384,4.9765],[97.3885,4.9735],[97.39,4.976],[97.3905,4.976],[97.393,4.977],[97.393,4.9775]]]},"properties":{"code":"11.08.04.2059","name":"Lhok Kareung","latitude":4.977760898919047,"longitude":97.37464541332102}},{"type":"Feature","geometry":{"type":"Polygon","coordinates":[[[97.388,4.9735],[97.384,4.9765],[97.365,4.968],[97.3685,4.961],[97.3695,4.9605],[97.37,4.9605],[97.371,4.96],[97.372,4.9605],[97.3725,4.9635],[97.3735,4.9655],[97.3735,4.9675],[97.387,4.9725],[97.388,4.973],[97.388,4.9735]]]},"properties":{"code":"11.08.04.2060","name":"Cot Asan","latitude":4.969639563221854,"longitude":97.37542436088718}},{"type":"Feature","geometry":{"type":"Polygon","coordinates":[[[97.3705,4.982],[97.3675,4.986],[97.3665,4.987],[97.365,4.986],[97.3655,4.9835],[97.3625,4.9845],[97.356,4.982],[97.351,4.9845],[97.3495,4.982],[97.35,4.9805],[97.3505,4.979],[97.353,4.9775],[97.353,4.977],[97.354,4.977],[97.3575,4.9765],[97.3705,4.982]]]},"properties":{"code":"11.08.04.2061","name":"Alue Abee","latitude":4.980734879189944,"longitude":97.35975342718248}},{"type":"Feature","geometry":{"type":"Polygon","coordinates":[[[97.353,4.9645],[97.349,4.973],[97.3465,4.972],[97.3465,4.9725],[97.3405,4.97],[97.3425,4.9665],[97.344,4.965],[97.3455,4.9625],[97.3465,4.9615],[97.346,4.963],[97.353,4.9645]]]},"properties":{"code":"11.08.04.2062","name":"Buloh Lt","latitude":4.967688727354256,"longitude":97.34706039296096}},{"type":"Feature","geometry":{"type":"Polygon","coordinates":[[[97.356,4.965],[97.3555,4.9655],[97.346,4.963],[97.3465,4.9615],[97.348,4.9595],[97.3495,4.957],[97.35,4.9545],[97.3505,4.9525],[97.3565,4.9565],[97.357,4.9575],[97.355,4.964],[97.356,4.965]]]},"properties":{"code":"11.08.04.2063","name":"Geulumpang","latitude":4.959010983886946,"longitude":97.35223260055628}},{"type":"Feature","geometry":{"type":"Polygon","coordinates":[[[97.3465,4.9725],[97.3445,4.9795],[97.344,4.985],[97.337,4.9825],[97.335,4.9825],[97.3355,4.9805],[97.3375,4.9755],[97.3395,4.9715],[97.3395,4.971],[97.3405,4.97],[97.3465,4.9725]]]},"properties":{"code":"11.08.04.2064","name":"Meunasah Teungoh Lt","latitude":4.977635462621849,"longitude":97.34115210081517}},{"type":"Feature","geometry":{"type":"Polygon","coordinates":[[[97.38,5.013],[97.372,5.0175],[97.3715,5.011],[97.373,5.0105],[97.3755,5.0095],[97.378,5.01],[97.38,5.013]]]},"properties":{"code":"11.08.04.2065","name":"Mata U","latitude":5.013253537628752,"longitude":97.3755115716514}},{"type":"Feature","geometry":{"type":"Polygon","coordinates":[[[97.325,5.019],[97.325,5.0195],[97.3255,5.0215],[97.3215,5.027],[97.3215,5.0275],[97.3205,5.0265],[97.3185,5.021],[97.318,5.0205],[97.316,5.0175],[97.3155,5.0165],[97.32,5.0165],[97.3235,5.0185],[97.325,5.019]]]},"properties":{"code":"11.08.04.2066","name":"Meucat","latitude":5.020794541333866,"longitude":97.32114231118194}},{"type":"Feature","geometry":{"type":"Polygon","coordinates":[[[97.346,4.987],[97.347,4.994],[97.3425,4.992],[97.3445,4.9895],[97.346,4.987]]]},"properties":{"code":"11.08.04.2067","name":"Buket Mee Lt","latitude":4.990788249498278,"longitude":97.34624312834215}},{"type":"Feature","geometry":{"type":"Polygon","coordinates":[[[97.35,5.0255],[97.3335,5.0285],[97.334,5.027],[97.336,5.017],[97.334,5.014],[97.338,5.014],[97.338,5.0145],[97.342,5.014],[97.352,5.012],[97.35,5.0255]]]},"properties":{"code":"11.08.04.2068","name":"Ulee Tanoh","latitude":5.0200641517682705,"longitude":97.34250596337299}},{"type":"Feature","geometry":{"type":"Polygon","coordinates":[[[97.352,4.9915],[97.3505,4.995],[97.347,4.994],[97.346,4.987],[97.351,4.9855],[97.351,4.9845],[97.356,4.982],[97.3555,4.9855],[97.355,4.986],[97.3535,4.99],[97.352,4.9915]]]},"properties":{"code":"11.08.04.2069","name":"Buket Krueng","latitude":4.988163140698354,"longitude":97.35124101212156}},{"type":"Feature","geometry":{"type":"Polygon","coordinates":[[[97.364,5.024],[97.35,5.0255],[97.352,5.012],[97.3525,5.0075],[97.3515,5.004],[97.3485,4.999],[97.35,4.999],[97.3555,4.9985],[97.356,5.0025],[97.364,5.0015],[97.364,5.024]]]},"properties":{"code":"11.08.04.2070","name":"Ulee Gunong","latitude":5.012661334686275,"longitude":97.35759389540281}},{"type":"Feature","geometry":{"type":"Polygon","coordinates":[[[97.372,5.0175],[97.364,5.024],[97.364,5.0015],[97.361,5.002],[97.361,4.999],[97.3615,4.998],[97.363,4.998],[97.3655,4.999],[97.3675,4.9995],[97.37,5.0025],[97.371,5.0105],[97.3715,5.011],[97.372,5.0175]]]},"properties":{"code":"11.08.04.2071","name":"Lhok Seuntang","latitude":5.010623171739274,"longitude":97.36715173941607}},{"type":"Feature","geometry":{"type":"Polygon","coordinates":[[[97.3535,4.9985],[97.35,4.999],[97.3485,4.999],[97.3515,4.9935],[97.352,4.9915],[97.3565,4.993],[97.3535,4.9985]]]},"properties":{"code":"11.08.04.2072","name":"Alue Itam Baroh","latitude":4.995632150597506,"longitude":97.35253863133723}},{"type":"Feature","geometry":{"type":"Polygon","coordinates":[[[97.377,5.0095],[97.3755,5.0095],[97.373,5.0105],[97.371,5.0105],[97.37,5.0025],[97.3735,5.0005],[97.376,5.0035],[97.376,5.006],[97.376,5.0085],[97.377,5.0095]]]},"properties":{"code":"11.08.04.2073","name":"Mata Ie","latitude":5.006198485375296,"longitude":97.3729051659233}},{"type":"Feature","geometry":{"type":"Polygon","coordinates":[[[97.3265,5.0185],[97.326,5.0195],[97.3235,5.0185],[97.32,5.0165],[97.3155,5.0165],[97.3145,5.0155],[97.3115,5.0075],[97.329,5.0085],[97.3265,5.0185]]]},"properties":{"code":"11.08.04.2074","name":"Rawa","latitude":5.012262080184104,"longitude":97.32084475440867}},{"type":"Feature","geometry":{"type":"Polygon","coordinates":[[[97.4125,5.0125],[97.408,5.013],[97.4055,5.0175],[97.388,5.017],[97.3875,5.0165],[97.386,5.013],[97.392,4.9935],[97.3865,4.992],[97.395,4.9795],[97.396,4.9785],[97.3995,4.9775],[97.4025,4.9775],[97.403,4.975],[97.4035,4.9725],[97.4065,4.9715],[97.408,4.969],[97.413,4.967],[97.4185,4.9655],[97.419,4.965],[97.423,4.964],[97.424,4.964],[97.4285,4.9565],[97.4425,4.9605],[97.442,4.9635],[97.44,4.968],[97.4445,4.9715],[97.435,4.9865],[97.4345,4.989],[97.43,4.998],[97.4285,5],[97.4275,5.0005],[97.4135,5.0085],[97.412,5.009],[97.4115,5.0105],[97.4125,5.0125]]]},"properties":{"code":"11.08.04.2075","name":"Buket Hagu","latitude":4.987351671087547,"longitude":97.41423745840991}},{"type":"Feature","geometry":{"type":"Polygon","coordinates":[[[97.2795,5.035],[97.277,5.037],[97.2775,5.035],[97.2795,5.035]]]},"properties":{"code":"11.08.05.2001","name":"Keude Matangkuli","latitude":5.035996013136111,"longitude":97.2779958442781}},{"type":"Feature","geometry":{"type":"Polygon","coordinates":[[[97.2835,5.0375],[97.2825,5.0445],[97.2775,5.0435],[97.277,5.037],[97.2795,5.035],[97.284,5.035],[97.2835,5.0375]]]},"properties":{"code":"11.08.05.2002","name":"Ude","latitude":5.039409562443042,"longitude":97.28065001286446}},{"type":"Feature","geometry":{"type":"Polygon","coordinates":[[[97.28,5.031],[97.2775,5.035],[97.277,5.037],[97.2775,5.0435],[97.2755,5.0435],[97.275,5.0355],[97.275,5.034],[97.275,5.032],[97.2785,5.0315],[97.28,5.031]]]},"properties":{"code":"11.08.05.2003","name":"Blang Matangkuli","latitude":5.036683418527286,"longitude":97.27679017545753}},{"type":"Feature","geometry":{"type":"Polygon","coordinates":[[[97.2845,5.0335],[97.2885,5.034],[97.29,5.0355],[97.289,5.0375],[97.2855,5.0475],[97.2825,5.0445],[97.2835,5.0375],[97.2845,5.0335]]]},"properties":{"code":"11.08.05.2004","name":"Rayeuk Matangkuli","latitude":5.03930685253643,"longitude":97.28584175893512}},{"type":"Feature","geometry":{"type":"Polygon","coordinates":[[[97.2975,5.038],[97.2965,5.04],[97.2945,5.0425],[97.293,5.042],[97.289,5.0375],[97.29,5.0355],[97.289,5.0345],[97.2915,5.0355],[97.2975,5.038]]]},"properties":{"code":"11.08.05.2005","name":"Tumpok Perlak","latitude":5.0387837112998115,"longitude":97.29327820933608}},{"type":"Feature","geometry":{"type":"Polygon","coordinates":[[[97.296,5.0445],[97.289,5.052],[97.2885,5.0505],[97.2855,5.0475],[97.289,5.0375],[97.293,5.042],[97.296,5.0445]]]},"properties":{"code":"11.08.05.2006","name":"Ujong Kulam","latitude":5.044202792905599,"longitude":97.28989834353074}},{"type":"Feature","geometry":{"type":"Polygon","coordinates":[[[97.275,5.0325],[97.274,5.0325],[97.2735,5.0325],[97.273,5.0305],[97.273,5.03],[97.2745,5.0255],[97.275,5.026],[97.276,5.0285],[97.2775,5.029],[97.2785,5.0305],[97.279,5.0315],[97.2785,5.0315],[97.275,5.032],[97.275,5.0325]]]},"properties":{"code":"11.08.05.2007","name":"Tanjong Teungku Ali","latitude":5.02926197449113,"longitude":97.27468615824883}},{"type":"Feature","geometry":{"type":"Polygon","coordinates":[[[97.303,5.047],[97.301,5.0475],[97.3,5.047],[97.298,5.048],[97.296,5.0445],[97.2955,5.043],[97.297,5.0405],[97.304,5.041],[97.303,5.047]]]},"properties":{"code":"11.08.05.2008","name":"Rayeuk Glang Glong","latitude":5.043889507071874,"longitude":97.2998984990553}},{"type":"Feature","geometry":{"type":"Polygon","coordinates":[[[97.305,5.0495],[97.292,5.054],[97.291,5.0505],[97.297,5.0485],[97.3,5.047],[97.301,5.0475],[97.3035,5.0465],[97.305,5.0495]]]},"properties":{"code":"11.08.05.2009","name":"Punti Geulumpang Vii","latitude":5.050314860972943,"longitude":97.29787028619494}},{"type":"Feature","geometry":{"type":"Polygon","coordinates":[[[97.306,5.0545],[97.3055,5.0555],[97.2915,5.0585],[97.2895,5.0535],[97.2915,5.0525],[97.292,5.054],[97.305,5.0495],[97.306,5.0545]]]},"properties":{"code":"11.08.05.2010","name":"Geulumpang Vii","latitude":5.054272813401331,"longitude":97.29871494327337}},{"type":"Feature","geometry":{"type":"Polygon","coordinates":[[[97.3035,5.06],[97.297,5.0615],[97.2945,5.061],[97.294,5.0595],[97.2935,5.059],[97.2935,5.058],[97.3045,5.056],[97.3035,5.06]]]},"properties":{"code":"11.08.05.2011","name":"Teungoh Glumpang Vii","latitude":5.058774924706305,"longitude":97.29909936377153}},{"type":"Feature","geometry":{"type":"Polygon","coordinates":[[[97.305,5.069],[97.299,5.0705],[97.297,5.0655],[97.2965,5.065],[97.296,5.062],[97.2955,5.061],[97.297,5.0615],[97.3035,5.06],[97.305,5.069]]]},"properties":{"code":"11.08.05.2012","name":"Aron Geulumpang Vii","latitude":5.065312106223326,"longitude":97.30073171657534}},{"type":"Feature","geometry":{"type":"Polygon","coordinates":[[[97.299,5.074],[97.297,5.073],[97.297,5.0675],[97.2915,5.0585],[97.2935,5.058],[97.2935,5.059],[97.294,5.0595],[97.2945,5.061],[97.2955,5.061],[97.296,5.0615],[97.2965,5.065],[97.297,5.0655],[97.3005,5.0735],[97.299,5.074]]]},"properties":{"code":"11.08.05.2013","name":"Matang Munye","latitude":5.065676961230002,"longitude":97.29570087447652}},{"type":"Feature","geometry":{"type":"Polygon","coordinates":[[[97.266,5.042],[97.265,5.0425],[97.261,5.043],[97.261,5.0425],[97.2645,5.0355],[97.266,5.0365],[97.267,5.0355],[97.266,5.042]]]},"properties":{"code":"11.08.05.2014","name":"Parang Sikureung","latitude":5.0394890588016485,"longitude":97.26476414766798}},{"type":"Feature","geometry":{"type":"Polygon","coordinates":[[[97.273,5.0385],[97.266,5.042],[97.267,5.0355],[97.269,5.035],[97.2705,5.0345],[97.271,5.0335],[97.273,5.0385]]]},"properties":{"code":"11.08.05.2015","name":"Baro","latitude":5.0380013193631985,"longitude":97.26946329832879}},{"type":"Feature","geometry":{"type":"Polygon","coordinates":[[[97.275,5.0355],[97.2755,5.039],[97.2755,5.0435],[97.2675,5.042],[97.273,5.0385],[97.271,5.0335],[97.2715,5.032],[97.273,5.0305],[97.2735,5.0325],[97.274,5.0325],[97.275,5.0325],[97.275,5.034],[97.275,5.0355]]]},"properties":{"code":"11.08.05.2016","name":"Mee","latitude":5.038073832155002,"longitude":97.27294086478818}},{"type":"Feature","geometry":{"type":"Polygon","coordinates":[[[97.2865,5.03],[97.2785,5.0305],[97.284,5.023],[97.287,5.022],[97.2925,5.0215],[97.294,5.0235],[97.293,5.0285],[97.2865,5.03]]]},"properties":{"code":"11.08.05.2017","name":"Tanjong Babah Krueng","latitude":5.025897031603751,"longitude":97.28760825897736}},{"type":"Feature","geometry":{"type":"Polygon","coordinates":[[[97.2865,5.03],[97.2915,5.0355],[97.289,5.0345],[97.2885,5.034],[97.2845,5.0335],[97.284,5.035],[97.2795,5.035],[97.2775,5.035],[97.28,5.031],[97.279,5.0315],[97.2785,5.0305],[97.2865,5.03]]]},"properties":{"code":"11.08.05.2018","name":"Punti Matangkuli","latitude":5.0326410147927865,"longitude":97.28371359860823}},{"type":"Feature","geometry":{"type":"Polygon","coordinates":[[[97.3,5.027],[97.2995,5.033],[97.2985,5.036],[97.2975,5.038],[97.2915,5.0355],[97.2865,5.03],[97.293,5.0285],[97.3,5.027]]]},"properties":{"code":"11.08.05.2019","name":"Teupin Keubeu","latitude":5.032028059496891,"longitude":97.29443098610176}},{"type":"Feature","geometry":{"type":"Polygon","coordinates":[[[97.3,5.027],[97.293,5.0285],[97.294,5.0235],[97.2945,5.0235],[97.297,5.022],[97.299,5.026],[97.3,5.025],[97.3005,5.0245],[97.3025,5.024],[97.304,5.0245],[97.3035,5.027],[97.3,5.027]]]},"properties":{"code":"11.08.05.2020","name":"Trieng Teupin Keubeu","latitude":5.025525841933368,"longitude":97.29760423668047}},{"type":"Feature","geometry":{"type":"Polygon","coordinates":[[[97.3035,5.041],[97.297,5.0405],[97.2955,5.043],[97.2945,5.0425],[97.2965,5.04],[97.2985,5.036],[97.2995,5.033],[97.3,5.027],[97.3035,5.027],[97.303,5.036],[97.303,5.038],[97.3045,5.0375],[97.3035,5.041]]]},"properties":{"code":"11.08.05.2021","name":"Matang Mee","latitude":5.03509029563118,"longitude":97.300839172172}},{"type":"Feature","geometry":{"type":"Polygon","coordinates":[[[97.2915,5.0525],[97.2895,5.0535],[97.289,5.052],[97.296,5.0445],[97.298,5.048],[97.297,5.0485],[97.291,5.0505],[97.2915,5.0525]]]},"properties":{"code":"11.08.05.2022","name":"Jeumpa Geulumpang Vii","latitude":5.048645630891238,"longitude":97.29315434410226}},{"type":"Feature","geometry":{"type":"Polygon","coordinates":[[[97.266,5.0365],[97.2645,5.0355],[97.261,5.0425],[97.2605,5.0415],[97.26,5.04],[97.257,5.0365],[97.255,5.0335],[97.256,5.0315],[97.2585,5.0335],[97.2595,5.031],[97.2665,5.0345],[97.267,5.0355],[97.266,5.0365]]]},"properties":{"code":"11.08.05.2034","name":"Tumpok Barat","latitude":5.035821277390226,"longitude":97.26051219348517}},{"type":"Feature","geometry":{"type":"Polygon","coordinates":[[[97.271,5.0335],[97.2705,5.0345],[97.269,5.035],[97.267,5.0355],[97.2665,5.0345],[97.265,5.0335],[97.268,5.032],[97.2685,5.0295],[97.269,5.029],[97.273,5.03],[97.2715,5.032],[97.271,5.0335]]]},"properties":{"code":"11.08.05.2035","name":"Meuria Matangkuli","latitude":5.032305929887327,"longitude":97.26944377184586}},{"type":"Feature","geometry":{"type":"Polygon","coordinates":[[[97.272,5.027],[97.269,5.029],[97.2685,5.0295],[97.268,5.032],[97.265,5.0335],[97.2595,5.031],[97.26,5.03],[97.263,5.023],[97.266,5.0235],[97.2705,5.0265],[97.272,5.027]]]},"properties":{"code":"11.08.05.2036","name":"Hagu","latitude":5.028389552787977,"longitude":97.26528698256917}},{"type":"Feature","geometry":{"type":"Polygon","coordinates":[[[97.2715,5.024],[97.2705,5.0265],[97.266,5.0235],[97.2675,5.021],[97.2695,5.0215],[97.271,5.023],[97.2715,5.024]]]},"properties":{"code":"11.08.05.2037","name":"Alue Tho","latitude":5.023566208689184,"longitude":97.2687536213685}},{"type":"Feature","geometry":{"type":"Polygon","coordinates":[[[97.2745,5.023],[97.2725,5.0245],[97.271,5.023],[97.2695,5.0215],[97.267,5.02],[97.2635,5.019],[97.265,5.017],[97.2685,5.0185],[97.273,5.022],[97.273,5.0215],[97.2745,5.023]]]},"properties":{"code":"11.08.05.2039","name":"Ceubrek Pirak","latitude":5.02064010860848,"longitude":97.26920849758288}},{"type":"Feature","geometry":{"type":"Polygon","coordinates":[[[97.2635,5.019],[97.261,5.0225],[97.2575,5.017],[97.257,5.015],[97.256,5.0135],[97.26,5.011],[97.2615,5.012],[97.261,5.013],[97.2655,5.0165],[97.265,5.017],[97.2635,5.019]]]},"properties":{"code":"11.08.05.2040","name":"Rayeuk Pirak","latitude":5.016508398644101,"longitude":97.26041420974367}},{"type":"Feature","geometry":{"type":"Polygon","coordinates":[[[97.26,5.011],[97.256,5.0135],[97.255,5.0125],[97.25,5.0065],[97.2505,5.006],[97.2505,5.0055],[97.252,5.0035],[97.26,5.011]]]},"properties":{"code":"11.08.05.2041","name":"Aron Pirak","latitude":5.008689749734646,"longitude":97.2547342495027}},{"type":"Feature","geometry":{"type":"Polygon","coordinates":[[[97.278,5.0255],[97.2785,5.0305],[97.2775,5.029],[97.276,5.0285],[97.275,5.026],[97.2745,5.0255],[97.272,5.027],[97.2705,5.0265],[97.2715,5.024],[97.2725,5.0245],[97.2745,5.023],[97.277,5.021],[97.278,5.022],[97.278,5.0255]]]},"properties":{"code":"11.08.05.2042","name":"Lawang","latitude":5.025740219988554,"longitude":97.27525487520978}},{"type":"Feature","geometry":{"type":"Polygon","coordinates":[[[97.284,5.023],[97.2785,5.0305],[97.278,5.0255],[97.2785,5.022],[97.277,5.021],[97.276,5.02],[97.278,5.019],[97.2805,5.0175],[97.2815,5.0175],[97.284,5.023]]]},"properties":{"code":"11.08.05.2043","name":"Tanjong Haji Muda","latitude":5.023514728290396,"longitude":97.28121955908885}},{"type":"Feature","geometry":{"type":"Polygon","coordinates":[[[97.278,5.0255],[97.278,5.022],[97.2785,5.022],[97.278,5.0255]]]},"properties":{"code":"11.08.05.2044","name":"Siren","latitude":5.024119566991177,"longitude":97.27723153689197}},{"type":"Feature","geometry":{"type":"Polygon","coordinates":[[[97.277,5.021],[97.2745,5.023],[97.273,5.0215],[97.276,5.02],[97.277,5.021]]]},"properties":{"code":"11.08.05.2045","name":"Meunye Pirak","latitude":5.021294325967652,"longitude":97.27508958430856}},{"type":"Feature","geometry":{"type":"Polygon","coordinates":[[[97.273,5.0215],[97.273,5.022],[97.2695,5.019],[97.274,5.0155],[97.277,5.0195],[97.2755,5.02],[97.273,5.0215]]]},"properties":{"code":"11.08.05.2046","name":"Beuringen Pirak","latitude":5.018865097158704,"longitude":97.27317600184668}},{"type":"Feature","geometry":{"type":"Polygon","coordinates":[[[97.274,5.0155],[97.2695,5.019],[97.2685,5.0185],[97.265,5.017],[97.2695,5.0135],[97.2715,5.012],[97.273,5.014],[97.274,5.0155]]]},"properties":{"code":"11.08.05.2047","name":"Teungoh Pirak","latitude":5.015780566295382,"longitude":97.26982920546459}},{"type":"Feature","geometry":{"type":"Polygon","coordinates":[[[97.2715,5.012],[97.2695,5.0135],[97.2655,5.0165],[97.261,5.013],[97.2635,5.011],[97.268,5.0075],[97.2695,5.0095],[97.2715,5.012]]]},"properties":{"code":"11.08.05.2048","name":"Mesjid Pirak","latitude":5.0124834733128605,"longitude":97.26629843787417}},{"type":"Feature","geometry":{"type":"Polygon","coordinates":[[[97.268,5.0075],[97.2635,5.011],[97.2615,5.012],[97.26,5.011],[97.252,5.0035],[97.252,5.003],[97.2615,5.002],[97.2685,5.007],[97.268,5.0075]]]},"properties":{"code":"11.08.05.2049","name":"Matang Peusangan","latitude":5.0065696007259,"longitude":97.26070907765235}},{"type":"Feature","geometry":{"type":"Polygon","coordinates":[[[97.2805,5.0175],[97.278,5.019],[97.277,5.0195],[97.2755,5.0175],[97.273,5.014],[97.2695,5.0095],[97.268,5.0075],[97.2715,5.0045],[97.275,5.005],[97.275,5.0065],[97.276,5.007],[97.2785,5.007],[97.279,5.0075],[97.2785,5.0085],[97.2795,5.013],[97.2795,5.0165],[97.28,5.017],[97.2805,5.0175]]]},"properties":{"code":"11.08.05.2050","name":"Pante Pirak","latitude":5.011174862489976,"longitude":97.27470415086306}},{"type":"Feature","geometry":{"type":"Polygon","coordinates":[[[97.2715,5.0045],[97.2685,5.007],[97.2615,5.002],[97.253,5.0005],[97.253,4.9985],[97.261,4.9955],[97.261,4.996],[97.2625,4.996],[97.2625,4.9985],[97.265,4.9995],[97.271,5.0035],[97.2715,5.0045]]]},"properties":{"code":"11.08.05.2052","name":"Leubok Pirak","latitude":5.000823595236772,"longitude":97.26337868135427}},{"type":"Feature","geometry":{"type":"Polygon","coordinates":[[[97.261,4.9955],[97.253,4.9985],[97.253,4.9965],[97.254,4.995],[97.254,4.9935],[97.2555,4.993],[97.256,4.9925],[97.259,4.9915],[97.26,4.9905],[97.2615,4.99],[97.2625,4.993],[97.261,4.994],[97.261,4.9955]]]},"properties":{"code":"11.08.05.2053","name":"Blang Kuta","latitude":4.994263136066542,"longitude":97.25774872924458}},{"type":"Feature","geometry":{"type":"MultiPolygon","coordinates":[[[[97.2515,5.001],[97.252,5.001],[97.251,5.002],[97.2435,4.998],[97.2385,4.993],[97.2375,4.9915],[97.234,4.9915],[97.23,4.9905],[97.23,4.99],[97.2305,4.9895],[97.2345,4.9855],[97.2415,4.99],[97.2405,4.9905],[97.2515,5.001]]],[[[97.254,4.9935],[97.254,4.995],[97.253,4.9965],[97.2525,4.996],[97.253,4.994],[97.254,4.9935]]]]},"properties":{"code":"11.08.05.2054","name":"Blang Supeng","latitude":4.993150541394728,"longitude":97.24053633040006}},{"type":"Feature","geometry":{"type":"Polygon","coordinates":[[[97.2615,5.002],[97.252,5.003],[97.252,5.001],[97.2515,5.001],[97.2525,4.996],[97.253,4.9965],[97.253,5.0005],[97.2615,5.002]]]},"properties":{"code":"11.08.05.2055","name":"Beurancan Pirak","latitude":5.000671302225076,"longitude":97.25566252538954}},{"type":"Feature","geometry":{"type":"Polygon","coordinates":[[[97.2505,5.0345],[97.2475,5.0315],[97.247,5.0315],[97.2465,5.0305],[97.251,5.026],[97.253,5.0265],[97.2545,5.0265],[97.253,5.029],[97.256,5.0315],[97.255,5.0335],[97.2525,5.032],[97.252,5.0325],[97.2515,5.034],[97.2505,5.0345]]]},"properties":{"code":"11.08.05.2066","name":"Alue Entok","latitude":5.030383121008724,"longitude":97.2511875544205}},{"type":"Feature","geometry":{"type":"Polygon","coordinates":[[[97.247,5.0315],[97.247,5.0345],[97.2465,5.0345],[97.2445,5.0335],[97.241,5.029],[97.249,5.0245],[97.2505,5.0255],[97.251,5.026],[97.2465,5.0305],[97.247,5.0315]]]},"properties":{"code":"11.08.05.2067","name":"Tanjong Teungku Kari","latitude":5.029441880387345,"longitude":97.24565871468552}},{"type":"Feature","geometry":{"type":"Polygon","coordinates":[[[97.249,5.0245],[97.241,5.029],[97.24,5.026],[97.238,5.025],[97.243,5.022],[97.245,5.0215],[97.2455,5.022],[97.2495,5.0205],[97.25,5.0215],[97.2505,5.022],[97.249,5.0245]]]},"properties":{"code":"11.08.05.2068","name":"Teungoh Seuleumak","latitude":5.024544499257671,"longitude":97.24434090243544}},{"type":"Feature","geometry":{"type":"Polygon","coordinates":[[[97.255,5.026],[97.2545,5.0265],[97.253,5.0265],[97.2505,5.0255],[97.249,5.0245],[97.2505,5.022],[97.2495,5.021],[97.2525,5.018],[97.253,5.0185],[97.2565,5.024],[97.255,5.026]]]},"properties":{"code":"11.08.05.2069","name":"Seuriweuk","latitude":5.022963120686815,"longitude":97.25268426107739}},{"type":"Feature","geometry":{"type":"Polygon","coordinates":[[[97.2595,5.031],[97.2585,5.0335],[97.253,5.029],[97.2545,5.0265],[97.255,5.026],[97.261,5.0275],[97.26,5.03],[97.2595,5.031]]]},"properties":{"code":"11.08.05.2070","name":"Dayah Baro","latitude":5.029062939059563,"longitude":97.25707989122338}},{"type":"Feature","geometry":{"type":"Polygon","coordinates":[[[97.261,5.0225],[97.2565,5.024],[97.253,5.0185],[97.252,5.0175],[97.255,5.016],[97.257,5.016],[97.2575,5.017],[97.261,5.0225]]]},"properties":{"code":"11.08.05.2071","name":"Kunyet Mulee","latitude":5.019945503387298,"longitude":97.25633121193246}},{"type":"Feature","geometry":{"type":"Polygon","coordinates":[[[97.266,5.0235],[97.263,5.023],[97.261,5.0275],[97.255,5.026],[97.2565,5.024],[97.261,5.0225],[97.2635,5.019],[97.267,5.02],[97.2675,5.021],[97.266,5.0235]]]},"properties":{"code":"11.08.05.2072","name":"Tutong","latitude":5.023426255018326,"longitude":97.2617650448387}},{"type":"Feature","geometry":{"type":"Polygon","coordinates":[[[96.918,5.2475],[96.9165,5.2475],[96.9145,5.247],[96.913,5.2465],[96.913,5.243],[96.914,5.241],[96.914,5.2415],[96.9165,5.241],[96.918,5.246],[96.918,5.2475]]]},"properties":{"code":"11.08.06.2001","name":"Keude Mane","latitude":5.244475727127309,"longitude":96.91552713705812}},{"type":"Feature","geometry":{"type":"Polygon","coordinates":[[[96.9395,5.2435],[96.9395,5.257],[96.932,5.255],[96.934,5.2435],[96.9395,5.2435]]]},"properties":{"code":"11.08.06.2002","name":"Meunasah Drang","latitude":5.250137683044827,"longitude":96.93656229412966}},{"type":"Feature","geometry":{"type":"Polygon","coordinates":[[[96.934,5.2435],[96.932,5.255],[96.927,5.2535],[96.929,5.2415],[96.934,5.2435]]]},"properties":{"code":"11.08.06.2003","name":"Meunasah Baro","latitude":5.2477492709344356,"longitude":96.93091300456678}},{"type":"Feature","geometry":{"type":"Polygon","coordinates":[[[96.929,5.2415],[96.927,5.2535],[96.9245,5.253],[96.9255,5.2415],[96.929,5.2415]]]},"properties":{"code":"11.08.06.2004","name":"Meunasah Lhok","latitude":5.247223981402182,"longitude":96.92694997858}},{"type":"Feature","geometry":{"type":"Polygon","coordinates":[[[96.922,5.241],[96.921,5.252],[96.9175,5.2515],[96.918,5.246],[96.9165,5.241],[96.922,5.241]]]},"properties":{"code":"11.08.06.2005","name":"Cot Seurani","latitude":5.24612135885363,"longitude":96.91962918568353}},{"type":"Feature","geometry":{"type":"Polygon","coordinates":[[[96.9165,5.241],[96.914,5.2415],[96.914,5.241],[96.9135,5.2415],[96.9135,5.2405],[96.909,5.24],[96.9085,5.238],[96.908,5.2365],[96.9085,5.2355],[96.909,5.235],[96.9115,5.2345],[96.9115,5.2335],[96.912,5.2335],[96.9125,5.2325],[96.913,5.232],[96.914,5.2305],[96.9155,5.2315],[96.9225,5.2375],[96.922,5.241],[96.9165,5.241]]]},"properties":{"code":"11.08.06.2006","name":"Mane Tunong","latitude":5.237052531368852,"longitude":96.91554430481239}},{"type":"Feature","geometry":{"type":"Polygon","coordinates":[[[96.9255,5.2415],[96.9245,5.253],[96.921,5.252],[96.9225,5.2375],[96.9155,5.2315],[96.919,5.2315],[96.92,5.2295],[96.9205,5.229],[96.921,5.2285],[96.921,5.2295],[96.922,5.2295],[96.9215,5.231],[96.9215,5.2315],[96.9215,5.2325],[96.9225,5.233],[96.9255,5.234],[96.9255,5.2415]]]},"properties":{"code":"11.08.06.2007","name":"Kuala Dua","latitude":5.240949142008586,"longitude":96.92280860958894}},{"type":"Feature","geometry":{"type":"Polygon","coordinates":[[[96.9395,5.2435],[96.934,5.2435],[96.929,5.2415],[96.9255,5.2415],[96.9255,5.234],[96.936,5.2315],[96.937,5.235],[96.9395,5.2435]]]},"properties":{"code":"11.08.06.2008","name":"Meunasah Pinto","latitude":5.237918263756443,"longitude":96.93251747500365}},{"type":"Feature","geometry":{"type":"Polygon","coordinates":[[[96.978,5.262],[96.9675,5.262],[96.965,5.2545],[96.967,5.2545],[96.971,5.2555],[96.973,5.2545],[96.9745,5.256],[96.978,5.262]]]},"properties":{"code":"11.08.06.2009","name":"Keude Bungkaih","latitude":5.25865520223998,"longitude":96.9712134488507}},{"type":"Feature","geometry":{"type":"Polygon","coordinates":[[[96.967,5.2545],[96.965,5.2545],[96.9625,5.2475],[96.97,5.2455],[96.9715,5.2435],[96.972,5.2455],[96.973,5.248],[96.9675,5.2535],[96.967,5.2545]]]},"properties":{"code":"11.08.06.2010","name":"Kambam","latitude":5.249392648018385,"longitude":96.96741547886877}},{"type":"Feature","geometry":{"type":"Polygon","coordinates":[[[96.9565,5.237],[96.9605,5.261],[96.952,5.26],[96.9495,5.238],[96.9565,5.237]]]},"properties":{"code":"11.08.06.2011","name":"Meunasah Aron","latitude":5.249341312983354,"longitude":96.95543892150808}},{"type":"Feature","geometry":{"type":"Polygon","coordinates":[[[96.9495,5.238],[96.952,5.26],[96.947,5.259],[96.9455,5.2345],[96.949,5.235],[96.9495,5.238]]]},"properties":{"code":"11.08.06.2012","name":"Cot Trueng","latitude":5.2476600771478905,"longitude":96.9489536648433}},{"type":"Feature","geometry":{"type":"Polygon","coordinates":[[[96.9455,5.2345],[96.947,5.259],[96.9435,5.258],[96.9415,5.2425],[96.941,5.235],[96.9455,5.2345]]]},"properties":{"code":"11.08.06.2013","name":"Dakuta","latitude":5.246038036927135,"longitude":96.94450863028493}},{"type":"Feature","geometry":{"type":"Polygon","coordinates":[[[96.9715,5.2435],[96.97,5.2455],[96.9625,5.2475],[96.9605,5.2365],[96.9605,5.2355],[96.9645,5.231],[96.966,5.23],[96.9665,5.23],[96.9675,5.2305],[96.971,5.2305],[96.9785,5.232],[96.9755,5.2345],[96.9695,5.243],[96.9715,5.2435]]]},"properties":{"code":"11.08.06.2014","name":"Paloh Awe","latitude":5.237590507081467,"longitude":96.96716638311534}},{"type":"Feature","geometry":{"type":"Polygon","coordinates":[[[96.9175,5.2515],[96.9075,5.251],[96.911,5.2485],[96.912,5.247],[96.9115,5.246],[96.912,5.246],[96.913,5.246],[96.913,5.2465],[96.9145,5.247],[96.9165,5.2475],[96.918,5.2475],[96.9175,5.2515]]]},"properties":{"code":"11.08.06.2015","name":"Tanoh Anoe","latitude":5.249283497401639,"longitude":96.91328496053373}},{"type":"Feature","geometry":{"type":"Polygon","coordinates":[[[96.914,5.241],[96.913,5.243],[96.913,5.246],[96.912,5.246],[96.911,5.2455],[96.908,5.246],[96.9065,5.2445],[96.9065,5.243],[96.91,5.243],[96.91,5.242],[96.909,5.24],[96.9135,5.2405],[96.9135,5.2415],[96.914,5.241]]]},"properties":{"code":"11.08.06.2016","name":"Pante Gurah","latitude":5.243493025378805,"longitude":96.91031789246097}},{"type":"Feature","geometry":{"type":"Polygon","coordinates":[[[96.936,5.2315],[96.9255,5.234],[96.9225,5.233],[96.9215,5.2325],[96.9215,5.2315],[96.9215,5.232],[96.9225,5.232],[96.925,5.2315],[96.927,5.2315],[96.93,5.2315],[96.9285,5.228],[96.933,5.222],[96.936,5.2225],[96.9375,5.2215],[96.9365,5.22],[96.9365,5.218],[96.937,5.217],[96.9415,5.22],[96.9385,5.2265],[96.936,5.2315]]]},"properties":{"code":"11.08.06.2017","name":"Teupin Banja","latitude":5.227081936930237,"longitude":96.93349524372672}},{"type":"Feature","geometry":{"type":"Polygon","coordinates":[[[96.941,5.235],[96.9415,5.2425],[96.9435,5.258],[96.9395,5.257],[96.9395,5.2435],[96.937,5.235],[96.939,5.235],[96.941,5.235]]]},"properties":{"code":"11.08.06.2018","name":"Teumpok Beurandang","latitude":5.246619836579714,"longitude":96.94080909216211}},{"type":"Feature","geometry":{"type":"Polygon","coordinates":[[[96.937,5.235],[96.936,5.2315],[96.9385,5.2265],[96.9415,5.22],[96.9415,5.2195],[96.9415,5.219],[96.942,5.2175],[96.9425,5.2165],[96.9435,5.2175],[96.9445,5.218],[96.945,5.2185],[96.9455,5.218],[96.947,5.2185],[96.942,5.233],[96.9425,5.2345],[96.9425,5.235],[96.9415,5.235],[96.939,5.235],[96.937,5.235]]]},"properties":{"code":"11.08.06.2019","name":"Paloh Raya","latitude":5.226769902909213,"longitude":96.94136577867195}},{"type":"Feature","geometry":{"type":"Polygon","coordinates":[[[96.9455,5.2345],[96.9425,5.235],[96.9425,5.2345],[96.942,5.233],[96.947,5.2185],[96.9505,5.2205],[96.9525,5.219],[96.953,5.2195],[96.95,5.227],[96.948,5.2345],[96.9455,5.2345]]]},"properties":{"code":"11.08.06.2020","name":"Panigah","latitude":5.22708659874575,"longitude":96.9471815802428}},{"type":"Feature","geometry":{"type":"Polygon","coordinates":[[[96.965,5.2545],[96.9675,5.262],[96.9605,5.261],[96.9565,5.237],[96.958,5.2365],[96.9605,5.2365],[96.963,5.25],[96.965,5.2545]]]},"properties":{"code":"11.08.06.2021","name":"Ulee Madon","latitude":5.25027730717285,"longitude":96.96159161393382}},{"type":"Feature","geometry":{"type":"Polygon","coordinates":[[[96.9955,5.2405],[96.993,5.241],[96.9915,5.2425],[96.9915,5.2455],[96.9905,5.246],[96.9895,5.2425],[96.9875,5.2445],[96.986,5.2445],[96.986,5.2385],[96.986,5.2295],[96.9885,5.2315],[96.9885,5.233],[96.9955,5.2405]]]},"properties":{"code":"11.08.06.2022","name":"Reuleut Timu","latitude":5.237978321145801,"longitude":96.98943383479661}},{"type":"Feature","geometry":{"type":"Polygon","coordinates":[[[96.986,5.2445],[96.9815,5.2455],[96.973,5.248],[96.972,5.2455],[96.971,5.243],[96.9695,5.243],[96.9755,5.2345],[96.979,5.232],[96.986,5.2325],[96.986,5.2385],[96.986,5.2445]]]},"properties":{"code":"11.08.06.2023","name":"Reuleut Barat","latitude":5.239979788789642,"longitude":96.97862361582335}},{"type":"Feature","geometry":{"type":"Polygon","coordinates":[[[96.9565,5.237],[96.9495,5.238],[96.949,5.235],[96.948,5.2345],[96.95,5.227],[96.9525,5.221],[96.953,5.222],[96.958,5.2265],[96.9645,5.231],[96.9605,5.2355],[96.9605,5.2365],[96.958,5.2365],[96.9565,5.237]]]},"properties":{"code":"11.08.06.2024","name":"Pinto Makmur","latitude":5.230920230104305,"longitude":96.95524534310057}},{"type":"Feature","geometry":{"type":"Polygon","coordinates":[[[97.2015,5.106],[97.1985,5.1065],[97.1985,5.105],[97.198,5.105],[97.1975,5.104],[97.198,5.1035],[97.1995,5.099],[97.203,5.099],[97.203,5.1025],[97.2015,5.104],[97.2015,5.105],[97.2015,5.106]]]},"properties":{"code":"11.08.07.2001","name":"Dayah Bluek","latitude":5.102758787260531,"longitude":97.20053926397156}},{"type":"Feature","geometry":{"type":"Polygon","coordinates":[[[97.211,5.1045],[97.2015,5.105],[97.2015,5.104],[97.2035,5.102],[97.207,5.1005],[97.2155,5.103],[97.211,5.1045]]]},"properties":{"code":"11.08.07.2002","name":"Mesjid Bluek","latitude":5.102692214296999,"longitude":97.20822848855246}},{"type":"Feature","geometry":{"type":"Polygon","coordinates":[[[97.2165,5.101],[97.2155,5.103],[97.207,5.1005],[97.2065,5.099],[97.211,5.0985],[97.216,5.0975],[97.2165,5.101]]]},"properties":{"code":"11.08.07.2003","name":"Meuria Bluek","latitude":5.0998791431649435,"longitude":97.2125054783192}},{"type":"Feature","geometry":{"type":"Polygon","coordinates":[[[97.209,5.1105],[97.2075,5.1105],[97.203,5.111],[97.2025,5.1105],[97.202,5.1095],[97.2015,5.105],[97.211,5.1045],[97.2095,5.1065],[97.209,5.1075],[97.209,5.1105]]]},"properties":{"code":"11.08.07.2004","name":"Rheng Bluek","latitude":5.107477215888558,"longitude":97.20577897570064}},{"type":"Feature","geometry":{"type":"Polygon","coordinates":[[[97.198,5.1035],[97.196,5.103],[97.195,5.0995],[97.195,5.094],[97.1965,5.094],[97.1995,5.0935],[97.1995,5.099],[97.198,5.1035]]]},"properties":{"code":"11.08.07.2005","name":"Pulo Bluek","latitude":5.098496060647199,"longitude":97.19712819512506}},{"type":"Feature","geometry":{"type":"Polygon","coordinates":[[[97.206,5.0935],[97.201,5.0935],[97.1965,5.094],[97.195,5.094],[97.195,5.0935],[97.193,5.0935],[97.193,5.089],[97.1995,5.089],[97.2015,5.088],[97.205,5.088],[97.2055,5.0915],[97.206,5.0935]]]},"properties":{"code":"11.08.07.2006","name":"Rangkileh","latitude":5.09118570407749,"longitude":97.19951361464395}},{"type":"Feature","geometry":{"type":"Polygon","coordinates":[[[97.215,5.098],[97.211,5.0985],[97.2065,5.099],[97.2065,5.0955],[97.207,5.094],[97.2085,5.0935],[97.213,5.093],[97.213,5.0935],[97.215,5.095],[97.215,5.098]]]},"properties":{"code":"11.08.07.2007","name":"Rayeuk Matang","latitude":5.0960506124495195,"longitude":97.21063293340666}},{"type":"Feature","geometry":{"type":"Polygon","coordinates":[[[97.2235,5.0965],[97.2235,5.096],[97.2225,5.096],[97.2185,5.0975],[97.217,5.098],[97.216,5.0985],[97.216,5.0975],[97.215,5.098],[97.215,5.095],[97.213,5.0935],[97.213,5.0925],[97.213,5.0905],[97.213,5.0895],[97.2135,5.0895],[97.214,5.0905],[97.226,5.089],[97.227,5.091],[97.2265,5.0945],[97.2255,5.096],[97.225,5.096],[97.2235,5.0965]]]},"properties":{"code":"11.08.07.2008","name":"Ulee Meuria","latitude":5.093129349094302,"longitude":97.22001778585741}},{"type":"Feature","geometry":{"type":"Polygon","coordinates":[[[97.213,5.093],[97.2085,5.0935],[97.207,5.0935],[97.206,5.0935],[97.2055,5.0895],[97.2065,5.0895],[97.2085,5.09],[97.2095,5.0895],[97.212,5.0895],[97.212,5.09],[97.213,5.09],[97.213,5.0905],[97.213,5.0925],[97.213,5.093]]]},"properties":{"code":"11.08.07.2009","name":"Tanjong","latitude":5.091554900310799,"longitude":97.2092607062315}},{"type":"Feature","geometry":{"type":"Polygon","coordinates":[[[97.2065,5.096],[97.2055,5.096],[97.2055,5.0955],[97.206,5.0935],[97.207,5.0935],[97.207,5.094],[97.2065,5.0955],[97.2065,5.096]]]},"properties":{"code":"11.08.07.2010","name":"Keude Karieng","latitude":5.094626208621177,"longitude":97.20627666925262}},{"type":"Feature","geometry":{"type":"Polygon","coordinates":[[[97.226,5.089],[97.214,5.0905],[97.2135,5.088],[97.2155,5.0875],[97.2165,5.087],[97.2265,5.0845],[97.2265,5.086],[97.226,5.089]]]},"properties":{"code":"11.08.07.2011","name":"Manyang","latitude":5.087740709148219,"longitude":97.22060165028394}},{"type":"Feature","geometry":{"type":"Polygon","coordinates":[[[97.207,5.1005],[97.2035,5.102],[97.203,5.1025],[97.203,5.099],[97.2065,5.099],[97.207,5.1005]]]},"properties":{"code":"11.08.07.2012","name":"Ulee Ceubrek","latitude":5.100123506255421,"longitude":97.20457127364911}},{"type":"Feature","geometry":{"type":"Polygon","coordinates":[[[97.212,5.0895],[97.2095,5.0895],[97.2085,5.09],[97.2065,5.0895],[97.2055,5.0895],[97.205,5.088],[97.202,5.088],[97.2025,5.086],[97.211,5.086],[97.212,5.0865],[97.212,5.0895]]]},"properties":{"code":"11.08.07.2013","name":"Teumpok Teungku","latitude":5.087787984508163,"longitude":97.20757751195639}},{"type":"Feature","geometry":{"type":"Polygon","coordinates":[[[97.213,5.09],[97.212,5.09],[97.212,5.0825],[97.2205,5.0795],[97.2235,5.079],[97.225,5.0785],[97.2255,5.0815],[97.2155,5.0835],[97.2145,5.085],[97.215,5.087],[97.215,5.0875],[97.2135,5.088],[97.2135,5.0895],[97.213,5.0895],[97.213,5.09]]]},"properties":{"code":"11.08.07.2014","name":"Geulumpang","latitude":5.083396724148626,"longitude":97.217248911128}},{"type":"Feature","geometry":{"type":"Polygon","coordinates":[[[97.203,5.099],[97.1995,5.099],[97.1995,5.0935],[97.201,5.0935],[97.206,5.0935],[97.2055,5.0955],[97.2055,5.096],[97.2065,5.096],[97.2065,5.099],[97.203,5.099]]]},"properties":{"code":"11.08.07.2015","name":"Reudeup","latitude":5.096494004840845,"longitude":97.2027576614809}},{"type":"Feature","geometry":{"type":"Polygon","coordinates":[[[97.2015,5.088],[97.1995,5.089],[97.196,5.089],[97.1955,5.0845],[97.195,5.0825],[97.1945,5.077],[97.201,5.074],[97.202,5.08],[97.2025,5.08],[97.202,5.084],[97.2015,5.088]]]},"properties":{"code":"11.08.07.2016","name":"Barat Paya Itek","latitude":5.081901263189083,"longitude":97.19866738815622}},{"type":"Feature","geometry":{"type":"Polygon","coordinates":[[[97.201,5.074],[97.1955,5.077],[97.193,5.0745],[97.192,5.069],[97.195,5.0655],[97.1955,5.0645],[97.204,5.0635],[97.204,5.0625],[97.205,5.0625],[97.206,5.0705],[97.205,5.0725],[97.201,5.074]]]},"properties":{"code":"11.08.07.2017","name":"Paya Kambuk","latitude":5.069492858951222,"longitude":97.19902435776795}},{"type":"Feature","geometry":{"type":"Polygon","coordinates":[[[97.214,5.0645],[97.209,5.066],[97.2055,5.0665],[97.2045,5.0615],[97.213,5.06],[97.214,5.0645]]]},"properties":{"code":"11.08.07.2018","name":"Paya Bili","latitude":5.063287286203831,"longitude":97.20934539151258}},{"type":"Feature","geometry":{"type":"Polygon","coordinates":[[[97.208,5.0765],[97.2065,5.0765],[97.2065,5.0755],[97.206,5.0725],[97.2085,5.073],[97.213,5.073],[97.208,5.0765]]]},"properties":{"code":"11.08.07.2019","name":"Meunasah Mee","latitude":5.074542131869533,"longitude":97.20942232324006}},{"type":"Feature","geometry":{"type":"Polygon","coordinates":[[[97.2155,5.0685],[97.213,5.073],[97.2085,5.073],[97.2065,5.0725],[97.205,5.0725],[97.206,5.0705],[97.2055,5.0665],[97.209,5.066],[97.215,5.0645],[97.2155,5.0685]]]},"properties":{"code":"11.08.07.2020","name":"Meunasah Nga","latitude":5.068966757818935,"longitude":97.21006213780821}},{"type":"Feature","geometry":{"type":"Polygon","coordinates":[[[97.208,5.0775],[97.2065,5.0775],[97.206,5.0805],[97.202,5.08],[97.201,5.074],[97.205,5.0725],[97.206,5.0725],[97.2065,5.0755],[97.2065,5.0765],[97.208,5.0765],[97.208,5.0775]]]},"properties":{"code":"11.08.07.2021","name":"Ubit Paya Itek","latitude":5.0765592510092645,"longitude":97.20421706735229}},{"type":"Feature","geometry":{"type":"Polygon","coordinates":[[[97.202,5.088],[97.2015,5.088],[97.202,5.084],[97.2025,5.08],[97.208,5.081],[97.2075,5.0815],[97.206,5.0815],[97.2055,5.082],[97.2075,5.0825],[97.2075,5.0835],[97.206,5.0855],[97.206,5.086],[97.2025,5.086],[97.202,5.088]]]},"properties":{"code":"11.08.07.2022","name":"Rayeuk Paya Itek","latitude":5.0834755972818435,"longitude":97.20430298259673}},{"type":"Feature","geometry":{"type":"Polygon","coordinates":[[[97.2205,5.0795],[97.212,5.0825],[97.212,5.0865],[97.211,5.086],[97.206,5.086],[97.206,5.0855],[97.2075,5.0835],[97.2075,5.0825],[97.2055,5.082],[97.206,5.0815],[97.2075,5.0815],[97.208,5.081],[97.2085,5.081],[97.211,5.0805],[97.2135,5.08],[97.2205,5.0795]]]},"properties":{"code":"11.08.07.2023","name":"Blang Cut","latitude":5.0826777285758595,"longitude":97.21149028259944}},{"type":"Feature","geometry":{"type":"Polygon","coordinates":[[[97.2265,5.0845],[97.215,5.0875],[97.215,5.087],[97.2145,5.085],[97.2155,5.0835],[97.2255,5.0815],[97.2265,5.0845]]]},"properties":{"code":"11.08.07.2024","name":"Keeh","latitude":5.0843141224153365,"longitude":97.22038080080436}},{"type":"Feature","geometry":{"type":"Polygon","coordinates":[[[97.2205,5.0795],[97.2135,5.08],[97.2125,5.0805],[97.2125,5.0795],[97.219,5.078],[97.2185,5.073],[97.22,5.073],[97.2215,5.073],[97.224,5.072],[97.224,5.073],[97.225,5.0785],[97.2235,5.079],[97.2205,5.0795]]]},"properties":{"code":"11.08.07.2025","name":"Kumbang","latitude":5.076654716526141,"longitude":97.22058259235172}},{"type":"Feature","geometry":{"type":"Polygon","coordinates":[[[97.211,5.0805],[97.2085,5.081],[97.206,5.0805],[97.2065,5.0775],[97.211,5.0775],[97.211,5.0805]]]},"properties":{"code":"11.08.07.2026","name":"Pri Keutapang","latitude":5.079131192300525,"longitude":97.20855463412788}},{"type":"Feature","geometry":{"type":"Polygon","coordinates":[[[97.2125,5.0805],[97.211,5.0805],[97.211,5.0775],[97.208,5.0775],[97.208,5.0765],[97.213,5.073],[97.2155,5.0685],[97.216,5.0725],[97.2185,5.072],[97.219,5.073],[97.2185,5.073],[97.219,5.078],[97.2125,5.0795],[97.2125,5.0805]]]},"properties":{"code":"11.08.07.2027","name":"Mesjid","latitude":5.075255382921463,"longitude":97.2146585991218}},{"type":"Feature","geometry":{"type":"Polygon","coordinates":[[[97.217,5.0725],[97.216,5.0725],[97.2155,5.0685],[97.215,5.0645],[97.217,5.064],[97.2185,5.0625],[97.2215,5.0615],[97.222,5.063],[97.226,5.062],[97.228,5.069],[97.217,5.0725]]]},"properties":{"code":"11.08.07.2028","name":"Teungoh Reuba","latitude":5.066448450626443,"longitude":97.22116323474248}},{"type":"Feature","geometry":{"type":"Polygon","coordinates":[[[97.2145,5.0335],[97.211,5.0345],[97.211,5.034],[97.211,5.031],[97.209,5.029],[97.21,5.028],[97.2105,5.0275],[97.2115,5.0275],[97.2135,5.028],[97.216,5.029],[97.2165,5.03],[97.2145,5.033],[97.2145,5.0335]]]},"properties":{"code":"11.08.07.2029","name":"Blang Reuma","latitude":5.030810105079571,"longitude":97.2126588802621}},{"type":"Feature","geometry":{"type":"Polygon","coordinates":[[[97.215,5.0645],[97.214,5.0645],[97.213,5.06],[97.22,5.0575],[97.2215,5.0615],[97.2185,5.0625],[97.217,5.064],[97.215,5.0645]]]},"properties":{"code":"11.08.07.2030","name":"Drien Puntong","latitude":5.0611976610666884,"longitude":97.21703637914003}},{"type":"Feature","geometry":{"type":"Polygon","coordinates":[[[97.226,5.062],[97.222,5.063],[97.22,5.0575],[97.225,5.0555],[97.2255,5.057],[97.226,5.062]]]},"properties":{"code":"11.08.07.2031","name":"Pulo Kitou","latitude":5.0594993481099575,"longitude":97.22345563242231}},{"type":"Feature","geometry":{"type":"Polygon","coordinates":[[[97.22,5.0575],[97.213,5.06],[97.209,5.0525],[97.2145,5.05],[97.221,5.045],[97.225,5.0555],[97.22,5.0575]]]},"properties":{"code":"11.08.07.2032","name":"Ceubrek","latitude":5.053326472242589,"longitude":97.21753237390143}},{"type":"Feature","geometry":{"type":"Polygon","coordinates":[[[97.221,5.045],[97.2145,5.05],[97.212,5.051],[97.2115,5.051],[97.21,5.0495],[97.2085,5.0465],[97.2065,5.0375],[97.2055,5.036],[97.203,5.032],[97.209,5.029],[97.211,5.031],[97.211,5.034],[97.2125,5.037],[97.2145,5.04],[97.215,5.0405],[97.219,5.0405],[97.222,5.044],[97.221,5.045]]]},"properties":{"code":"11.08.07.2033","name":"Meunye Peut","latitude":5.040921800174637,"longitude":97.21217231178372}},{"type":"Feature","geometry":{"type":"Polygon","coordinates":[[[97.2015,5.0405],[97.198,5.0395],[97.1965,5.036],[97.1965,5.0345],[97.196,5.033],[97.2015,5.03],[97.203,5.032],[97.2055,5.036],[97.2065,5.0375],[97.2015,5.038],[97.2005,5.0385],[97.2015,5.0405]]]},"properties":{"code":"11.08.07.2034","name":"Beuringen","latitude":5.035427238368776,"longitude":97.20065572428388}},{"type":"Feature","geometry":{"type":"Polygon","coordinates":[[[97.205,5.0625],[97.204,5.0625],[97.204,5.0635],[97.1955,5.0645],[97.2,5.0565],[97.2025,5.0555],[97.2035,5.0575],[97.2045,5.059],[97.205,5.0625]]]},"properties":{"code":"11.08.07.2035","name":"Nibong","latitude":5.0606367404417005,"longitude":97.20073080678692}},{"type":"Feature","geometry":{"type":"Polygon","coordinates":[[[97.1815,5.0245],[97.18,5.0235],[97.1775,5.025],[97.176,5.0255],[97.1755,5.0245],[97.175,5.0205],[97.1775,5.016],[97.1765,5.0145],[97.178,5.015],[97.186,5.0175],[97.1875,5.021],[97.1875,5.0215],[97.1845,5.02],[97.182,5.019],[97.184,5.0205],[97.1825,5.0225],[97.182,5.0225],[97.1815,5.0235],[97.1815,5.0245]]]},"properties":{"code":"11.08.07.2036","name":"Tualang","latitude":5.019962304584109,"longitude":97.18037752989429}},{"type":"Feature","geometry":{"type":"Polygon","coordinates":[[[97.1955,5.0645],[97.195,5.0655],[97.1935,5.0655],[97.193,5.0575],[97.2,5.0565],[97.1955,5.0645]]]},"properties":{"code":"11.08.07.2037","name":"Pulo Drien Beukah","latitude":5.06026386302967,"longitude":97.19563847934175}},{"type":"Feature","geometry":{"type":"Polygon","coordinates":[[[97.206,5.047],[97.193,5.053],[97.19,5.0465],[97.2015,5.041],[97.2065,5.046],[97.206,5.047]]]},"properties":{"code":"11.08.07.2038","name":"Teungoh Kuta Batee","latitude":5.047492282573252,"longitude":97.19841203216922}},{"type":"Feature","geometry":{"type":"Polygon","coordinates":[[[97.2015,5.041],[97.19,5.0465],[97.191,5.0375],[97.192,5.0365],[97.1925,5.0365],[97.194,5.037],[97.197,5.0375],[97.198,5.0395],[97.2015,5.0405],[97.2015,5.041]]]},"properties":{"code":"11.08.07.2039","name":"Ujung Kuta Batee","latitude":5.041897874828882,"longitude":97.19508331536821}},{"type":"Feature","geometry":{"type":"Polygon","coordinates":[[[97.197,5.0375],[97.194,5.037],[97.1915,5.036],[97.1905,5.036],[97.189,5.035],[97.1845,5.033],[97.183,5.032],[97.182,5.029],[97.1835,5.0285],[97.183,5.025],[97.182,5.0245],[97.1815,5.0245],[97.1815,5.0235],[97.182,5.0225],[97.1825,5.0225],[97.184,5.0205],[97.182,5.019],[97.1845,5.02],[97.1875,5.0215],[97.1875,5.021],[97.187,5.019],[97.186,5.017],[97.188,5.0175],[97.189,5.0195],[97.19,5.021],[97.193,5.0265],[97.1935,5.028],[97.194,5.03],[97.195,5.032],[97.1965,5.0345],[97.1965,5.036],[97.197,5.0375]]]},"properties":{"code":"11.08.07.2040","name":"Pulo Blang","latitude":5.028332244129351,"longitude":97.18870269131665}},{"type":"Feature","geometry":{"type":"Polygon","coordinates":[[[97.2015,5.03],[97.196,5.033],[97.194,5.03],[97.1935,5.028],[97.193,5.0265],[97.19,5.021],[97.189,5.0195],[97.1895,5.016],[97.192,5.0175],[97.1915,5.02],[97.1925,5.021],[97.1935,5.021],[97.1995,5.026],[97.2025,5.0295],[97.2015,5.03]]]},"properties":{"code":"11.08.07.2041","name":"Leubok Tuwe","latitude":5.025557394676943,"longitude":97.19531009408456}},{"type":"Feature","geometry":{"type":"Polygon","coordinates":[[[97.2,5.0565],[97.193,5.0575],[97.193,5.053],[97.206,5.047],[97.2025,5.0555],[97.2,5.0565]]]},"properties":{"code":"11.08.07.2042","name":"Baroh Kuta Batee","latitude":5.0531048876235545,"longitude":97.19892536035435}},{"type":"Feature","geometry":{"type":"Polygon","coordinates":[[[97.213,5.06],[97.2045,5.0615],[97.2045,5.0595],[97.2075,5.0585],[97.2065,5.055],[97.2025,5.056],[97.2025,5.0555],[97.2075,5.045],[97.21,5.0495],[97.2115,5.051],[97.212,5.051],[97.209,5.0525],[97.213,5.06]]]},"properties":{"code":"11.08.07.2043","name":"Gampong Teungoh","latitude":5.054142949810501,"longitude":97.20778949035704}},{"type":"Feature","geometry":{"type":"Polygon","coordinates":[[[97.2235,5.0435],[97.222,5.0445],[97.222,5.044],[97.219,5.0405],[97.215,5.0405],[97.213,5.038],[97.211,5.0345],[97.2145,5.0335],[97.2155,5.036],[97.2185,5.037],[97.2205,5.0365],[97.2225,5.0405],[97.2235,5.0435]]]},"properties":{"code":"11.08.07.2044","name":"Ranto","latitude":5.038675641900937,"longitude":97.21764995154344}},{"type":"Feature","geometry":{"type":"Polygon","coordinates":[[[97.2065,5.0375],[97.2085,5.0465],[97.2075,5.045],[97.2065,5.046],[97.2015,5.041],[97.2005,5.0385],[97.2015,5.038],[97.2065,5.0375]]]},"properties":{"code":"11.08.07.2045","name":"Meunye Payong","latitude":5.042097706485341,"longitude":97.20576583040932}},{"type":"Feature","geometry":{"type":"Polygon","coordinates":[[[97.224,5.072],[97.2215,5.073],[97.219,5.073],[97.2185,5.072],[97.217,5.0725],[97.228,5.069],[97.224,5.072]]]},"properties":{"code":"11.08.07.2046","name":"Ujong Reuba","latitude":5.071039579803098,"longitude":97.22249143963944}},{"type":"Feature","geometry":{"type":"Polygon","coordinates":[[[97.1755,5.0275],[97.1735,5.0275],[97.1725,5.0265],[97.1735,5.025],[97.17,5.023],[97.1685,5.0185],[97.166,5.006],[97.1645,4.998],[97.165,4.9975],[97.171,4.9895],[97.1705,4.9905],[97.172,4.992],[97.172,4.993],[97.1735,4.9935],[97.176,5.002],[97.1765,5.004],[97.176,5.0035],[97.1745,5.002],[97.176,5.014],[97.1775,5.016],[97.175,5.0205],[97.1755,5.0245],[97.176,5.0255],[97.176,5.026],[97.1755,5.0275]]]},"properties":{"code":"11.08.07.2047","name":"Paya Sutra","latitude":5.007485972263697,"longitude":97.17106603788065}},{"type":"Feature","geometry":{"type":"Polygon","coordinates":[[[97.1675,5.0265],[97.1675,5.026],[97.167,5.026],[97.1665,5.0265],[97.166,5.0285],[97.1615,5.029],[97.1595,5.027],[97.1585,5.023],[97.159,5.0215],[97.153,5.019],[97.1515,5.0165],[97.1535,5.015],[97.1535,5.0125],[97.1535,5.011],[97.153,5.0035],[97.1515,5.0035],[97.1515,5.002],[97.159,5.001],[97.161,5.001],[97.163,4.9995],[97.1645,4.998],[97.166,5.006],[97.1685,5.0185],[97.17,5.023],[97.1685,5.0245],[97.1705,5.0245],[97.1705,5.026],[97.1685,5.0285],[97.1675,5.0255],[97.1675,5.0265]]]},"properties":{"code":"11.08.07.2048","name":"Baree Blang","latitude":5.0144233876484465,"longitude":97.16132544576654}},{"type":"Feature","geometry":{"type":"Polygon","coordinates":[[[97.2025,5.056],[97.2065,5.055],[97.2075,5.0585],[97.2045,5.0595],[97.2045,5.059],[97.2035,5.0575],[97.2025,5.056]]]},"properties":{"code":"11.08.07.2049","name":"Keude Jungka Gajah","latitude":5.0572002204113495,"longitude":97.2054770821301}},{"type":"Feature","geometry":{"type":"Polygon","coordinates":[[[97.209,5.029],[97.203,5.032],[97.2015,5.03],[97.2025,5.0295],[97.203,5.0265],[97.205,5.026],[97.2055,5.024],[97.2055,5.023],[97.207,5.023],[97.2105,5.025],[97.2115,5.0255],[97.2105,5.027],[97.21,5.028],[97.209,5.029]]]},"properties":{"code":"11.08.07.2050","name":"Saramaba","latitude":5.027655101436884,"longitude":97.20598252952709}},{"type":"Feature","geometry":{"type":"Polygon","coordinates":[[[97.214,5.1295],[97.2125,5.1295],[97.206,5.132],[97.2035,5.1305],[97.202,5.1295],[97.198,5.127],[97.1985,5.1265],[97.199,5.124],[97.2025,5.124],[97.203,5.124],[97.205,5.124],[97.2045,5.125],[97.213,5.126],[97.213,5.127],[97.2135,5.1275],[97.214,5.128],[97.214,5.1285],[97.214,5.1295]]]},"properties":{"code":"11.08.08.2001","name":"Pie","latitude":5.127711949879553,"longitude":97.20462495201552}},{"type":"Feature","geometry":{"type":"Polygon","coordinates":[[[97.2125,5.1235],[97.206,5.123],[97.205,5.124],[97.203,5.124],[97.203,5.119],[97.2075,5.12],[97.2105,5.12],[97.211,5.121],[97.2115,5.1205],[97.213,5.1205],[97.214,5.121],[97.215,5.123],[97.2135,5.124],[97.2125,5.1235]]]},"properties":{"code":"11.08.08.2002","name":"Asan","latitude":5.121676989449941,"longitude":97.20838648768236}},{"type":"Feature","geometry":{"type":"Polygon","coordinates":[[[97.213,5.126],[97.2045,5.125],[97.206,5.123],[97.2125,5.1235],[97.213,5.126]]]},"properties":{"code":"11.08.08.2003","name":"Murong","latitude":5.1258391080970505,"longitude":97.20910795518563}},{"type":"Feature","geometry":{"type":"Polygon","coordinates":[[[97.2185,5.1245],[97.2175,5.125],[97.213,5.1265],[97.2125,5.1235],[97.2135,5.124],[97.215,5.123],[97.214,5.121],[97.2235,5.12],[97.2235,5.1235],[97.2185,5.1245]]]},"properties":{"code":"11.08.08.2004","name":"Blang Kabu","latitude":5.122777337640774,"longitude":97.21819064256763}},{"type":"Feature","geometry":{"type":"Polygon","coordinates":[[[97.214,5.121],[97.213,5.1205],[97.2115,5.1205],[97.211,5.121],[97.2095,5.1175],[97.2125,5.1155],[97.222,5.1165],[97.2235,5.1165],[97.2235,5.12],[97.214,5.121]]]},"properties":{"code":"11.08.08.2005","name":"Mancang","latitude":5.118171233426633,"longitude":97.21617892693537}},{"type":"Feature","geometry":{"type":"Polygon","coordinates":[[[97.2125,5.1155],[97.2095,5.1175],[97.2105,5.12],[97.2075,5.12],[97.2045,5.119],[97.205,5.118],[97.2085,5.115],[97.209,5.1115],[97.209,5.1105],[97.209,5.1075],[97.2095,5.107],[97.2095,5.1065],[97.2105,5.109],[97.2125,5.1115],[97.2125,5.1125],[97.2125,5.1155]]]},"properties":{"code":"11.08.08.2006","name":"Keude Geudong","latitude":5.114271976067463,"longitude":97.20950097131477}},{"type":"Feature","geometry":{"type":"Polygon","coordinates":[[[97.2025,5.124],[97.198,5.124],[97.1975,5.121],[97.1985,5.1205],[97.1995,5.115],[97.2015,5.113],[97.2025,5.112],[97.203,5.112],[97.203,5.111],[97.2075,5.1105],[97.209,5.1105],[97.209,5.1115],[97.2085,5.115],[97.205,5.118],[97.2045,5.119],[97.203,5.119],[97.203,5.124],[97.2025,5.124]]]},"properties":{"code":"11.08.08.2007","name":"Blang Peuria","latitude":5.116853307832746,"longitude":97.20314960557067}},{"type":"Feature","geometry":{"type":"Polygon","coordinates":[[[97.216,5.11],[97.222,5.1165],[97.2125,5.1155],[97.2125,5.1125],[97.2145,5.111],[97.216,5.11]]]},"properties":{"code":"11.08.08.2008","name":"Teupin Ara","latitude":5.113510535256296,"longitude":97.21650535215757}},{"type":"Feature","geometry":{"type":"Polygon","coordinates":[[[97.2235,5.1165],[97.222,5.1165],[97.216,5.11],[97.2165,5.108],[97.2235,5.115],[97.2235,5.1165]]]},"properties":{"code":"11.08.08.2009","name":"Teupin Beulangan","latitude":5.11152161661802,"longitude":97.22024445890085}},{"type":"Feature","geometry":{"type":"Polygon","coordinates":[[[97.2275,5.1135],[97.226,5.113],[97.2235,5.115],[97.2165,5.108],[97.2155,5.103],[97.2165,5.101],[97.222,5.1025],[97.2215,5.0995],[97.223,5.0985],[97.2255,5.1],[97.226,5.101],[97.2255,5.106],[97.2265,5.1065],[97.2275,5.108],[97.228,5.1085],[97.2275,5.1135]]]},"properties":{"code":"11.08.08.2010","name":"Krueng Baro Langgahan","latitude":5.10630125222137,"longitude":97.22220379749756}},{"type":"Feature","geometry":{"type":"Polygon","coordinates":[[[97.2295,5.1185],[97.2295,5.1225],[97.2235,5.122],[97.2235,5.115],[97.226,5.113],[97.228,5.1135],[97.2295,5.1185]]]},"properties":{"code":"11.08.08.2011","name":"Pusong","latitude":5.118236605256022,"longitude":97.22662292460346}},{"type":"Feature","geometry":{"type":"Polygon","coordinates":[[[97.216,5.11],[97.2145,5.111],[97.2125,5.1115],[97.2105,5.109],[97.2095,5.1065],[97.211,5.1045],[97.2155,5.103],[97.2165,5.108],[97.216,5.11]]]},"properties":{"code":"11.08.08.2012","name":"Tanjong Kleng","latitude":5.107317507964191,"longitude":97.21324751341632}},{"type":"Feature","geometry":{"type":"Polygon","coordinates":[[[97.224,5.0985],[97.223,5.0985],[97.2215,5.0995],[97.222,5.1025],[97.2165,5.101],[97.216,5.0985],[97.217,5.098],[97.2185,5.0975],[97.2225,5.096],[97.2235,5.096],[97.224,5.0985]]]},"properties":{"code":"11.08.08.2013","name":"Gampong Baro","latitude":5.098864641884194,"longitude":97.22013303708701}},{"type":"Feature","geometry":{"type":"Polygon","coordinates":[[[97.2025,5.1415],[97.198,5.1425],[97.198,5.141],[97.197,5.14],[97.1965,5.139],[97.1995,5.137],[97.2015,5.136],[97.202,5.1355],[97.2015,5.135],[97.2,5.135],[97.1995,5.1335],[97.2035,5.1305],[97.206,5.132],[97.2025,5.1415]]]},"properties":{"code":"11.08.08.2014","name":"Beuringen","latitude":5.137211908527662,"longitude":97.20247077920013}},{"type":"Feature","geometry":{"type":"Polygon","coordinates":[[[97.2185,5.1365],[97.216,5.147],[97.2025,5.1415],[97.206,5.132],[97.2125,5.1295],[97.214,5.1295],[97.213,5.1305],[97.218,5.1355],[97.2185,5.1365]]]},"properties":{"code":"11.08.08.2015","name":"Kuta Krueng","latitude":5.13859704634834,"longitude":97.21131385467862}},{"type":"Feature","geometry":{"type":"Polygon","coordinates":[[[97.2275,5.151],[97.216,5.147],[97.2185,5.1365],[97.2195,5.137],[97.2225,5.138],[97.223,5.138],[97.2235,5.1405],[97.224,5.1485],[97.2275,5.151]]]},"properties":{"code":"11.08.08.2016","name":"Kuta Glumpang","latitude":5.144050336660369,"longitude":97.22101071901812}},{"type":"Feature","geometry":{"type":"Polygon","coordinates":[[[97.23,5.139],[97.2295,5.1395],[97.2285,5.1405],[97.2285,5.142],[97.2295,5.144],[97.224,5.1485],[97.2235,5.1405],[97.2235,5.1395],[97.2245,5.1375],[97.23,5.139]]]},"properties":{"code":"11.08.08.2017","name":"Meucat","latitude":5.1434265670716,"longitude":97.22456034681471}},{"type":"Feature","geometry":{"type":"Polygon","coordinates":[[[97.219,5.1305],[97.22,5.1325],[97.2195,5.137],[97.2185,5.136],[97.218,5.1355],[97.213,5.1305],[97.214,5.1295],[97.214,5.1285],[97.219,5.1305]]]},"properties":{"code":"11.08.08.2018","name":"Krueng Baro Blang Mee","latitude":5.132497971792505,"longitude":97.21649513573905}},{"type":"Feature","geometry":{"type":"Polygon","coordinates":[[[97.2185,5.1295],[97.219,5.1305],[97.214,5.1285],[97.214,5.128],[97.2135,5.127],[97.213,5.1265],[97.2175,5.125],[97.2185,5.1245],[97.2185,5.1295]]]},"properties":{"code":"11.08.08.2019","name":"Ujong","latitude":5.127609900731317,"longitude":97.21643719042028}},{"type":"Feature","geometry":{"type":"Polygon","coordinates":[[[97.224,5.129],[97.222,5.1295],[97.2185,5.1295],[97.2185,5.1245],[97.2235,5.1235],[97.224,5.129]]]},"properties":{"code":"11.08.08.2020","name":"Mesjid","latitude":5.126611626458105,"longitude":97.22115226338393}},{"type":"Feature","geometry":{"type":"Polygon","coordinates":[[[97.2265,5.1375],[97.2245,5.1375],[97.2235,5.1395],[97.223,5.138],[97.2225,5.138],[97.2195,5.137],[97.22,5.1325],[97.2185,5.1295],[97.222,5.1295],[97.225,5.129],[97.225,5.133],[97.2265,5.1375]]]},"properties":{"code":"11.08.08.2021","name":"Teungoh","latitude":5.133641037065203,"longitude":97.22257634985873}},{"type":"Feature","geometry":{"type":"Polygon","coordinates":[[[97.2355,5.1235],[97.235,5.1235],[97.2325,5.1225],[97.2295,5.1225],[97.2295,5.1185],[97.2365,5.121],[97.2355,5.1235]]]},"properties":{"code":"11.08.08.2022","name":"Keude Blang Mee Pulo Klat","latitude":5.120972074962726,"longitude":97.23285068879548}},{"type":"Feature","geometry":{"type":"Polygon","coordinates":[[[97.236,5.1415],[97.233,5.1535],[97.2275,5.151],[97.224,5.1485],[97.2295,5.144],[97.2285,5.142],[97.2285,5.1405],[97.2295,5.1395],[97.231,5.1365],[97.2355,5.141],[97.236,5.1415]]]},"properties":{"code":"11.08.08.2023","name":"Puuk","latitude":5.145723075913709,"longitude":97.23094829503337}},{"type":"Feature","geometry":{"type":"Polygon","coordinates":[[[97.239,5.1365],[97.239,5.143],[97.2355,5.141],[97.231,5.1365],[97.2325,5.134],[97.2375,5.136],[97.239,5.1365]]]},"properties":{"code":"11.08.08.2024","name":"Lancang","latitude":5.138247982050662,"longitude":97.23579104769915}},{"type":"Feature","geometry":{"type":"Polygon","coordinates":[[[97.255,5.1495],[97.2415,5.144],[97.239,5.143],[97.239,5.1365],[97.239,5.136],[97.2415,5.13],[97.242,5.13],[97.2465,5.1385],[97.251,5.141],[97.256,5.1445],[97.255,5.146],[97.256,5.1465],[97.2555,5.147],[97.2555,5.148],[97.255,5.1495]]]},"properties":{"code":"11.08.08.2025","name":"Matang Ulim","latitude":5.141957764248937,"longitude":97.24645598743525}},{"type":"Feature","geometry":{"type":"Polygon","coordinates":[[[97.255,5.1495],[97.2535,5.153],[97.251,5.1585],[97.233,5.1535],[97.236,5.1415],[97.2415,5.144],[97.255,5.1495]]]},"properties":{"code":"11.08.08.2026","name":"Sawang","latitude":5.150356762965312,"longitude":97.24331815464315}},{"type":"Feature","geometry":{"type":"Polygon","coordinates":[[[97.231,5.1365],[97.23,5.139],[97.229,5.1385],[97.229,5.1375],[97.2295,5.1375],[97.23,5.133],[97.229,5.1325],[97.23,5.126],[97.232,5.1265],[97.2325,5.1265],[97.2345,5.127],[97.2335,5.13],[97.2325,5.134],[97.231,5.1365]]]},"properties":{"code":"11.08.08.2027","name":"Laga Baro","latitude":5.131210113722248,"longitude":97.23125498766456}},{"type":"Feature","geometry":{"type":"Polygon","coordinates":[[[97.23,5.126],[97.229,5.1325],[97.23,5.133],[97.2295,5.1375],[97.229,5.1375],[97.229,5.1385],[97.2265,5.1375],[97.225,5.133],[97.225,5.129],[97.224,5.129],[97.2235,5.1235],[97.2275,5.1255],[97.23,5.126]]]},"properties":{"code":"11.08.08.2028","name":"Pulo","latitude":5.130921380341568,"longitude":97.22703978946919}},{"type":"Feature","geometry":{"type":"Polygon","coordinates":[[[97.2355,5.1235],[97.235,5.124],[97.235,5.1255],[97.2345,5.127],[97.2325,5.1265],[97.232,5.1265],[97.2275,5.1255],[97.2235,5.1235],[97.2235,5.122],[97.2295,5.1225],[97.2325,5.1225],[97.235,5.1235],[97.2355,5.1235]]]},"properties":{"code":"11.08.08.2029","name":"Matang Tunong","latitude":5.124193030534864,"longitude":97.22974403408656}},{"type":"Feature","geometry":{"type":"Polygon","coordinates":[[[97.242,5.13],[97.2415,5.13],[97.239,5.1365],[97.2375,5.136],[97.2325,5.134],[97.2335,5.13],[97.235,5.1255],[97.235,5.124],[97.2355,5.1235],[97.243,5.1265],[97.2425,5.1275],[97.2435,5.128],[97.243,5.1285],[97.2425,5.1285],[97.242,5.13]]]},"properties":{"code":"11.08.08.2030","name":"Matang Puntong","latitude":5.129818958042719,"longitude":97.23758886202762}},{"type":"Feature","geometry":{"type":"Polygon","coordinates":[[[97.2655,5.1655],[97.251,5.1585],[97.2535,5.153],[97.2555,5.148],[97.2555,5.147],[97.256,5.1465],[97.2565,5.1465],[97.266,5.154],[97.268,5.164],[97.268,5.166],[97.2655,5.1655]]]},"properties":{"code":"11.08.08.2031","name":"Blang Nibong","latitude":5.156986160740776,"longitude":97.26013458036475}},{"type":"Feature","geometry":{"type":"Polygon","coordinates":[[[97.2295,5.1075],[97.229,5.108],[97.2275,5.108],[97.2265,5.1065],[97.2255,5.106],[97.226,5.101],[97.2255,5.1],[97.224,5.0985],[97.2235,5.0965],[97.225,5.096],[97.231,5.1015],[97.2305,5.104],[97.2295,5.105],[97.2295,5.1075]]]},"properties":{"code":"11.08.08.2032","name":"Tanjong Baroh","latitude":5.102413811401263,"longitude":97.22731890434585}},{"type":"Feature","geometry":{"type":"Polygon","coordinates":[[[97.237,5.0915],[97.237,5.093],[97.227,5.0925],[97.227,5.091],[97.226,5.089],[97.232,5.0885],[97.233,5.09],[97.237,5.0915]]]},"properties":{"code":"11.08.08.2033","name":"Tanjong Hagu","latitude":5.090828547073195,"longitude":97.2312662804903}},{"type":"Feature","geometry":{"type":"Polygon","coordinates":[[[97.237,5.0905],[97.237,5.0915],[97.233,5.09],[97.232,5.0885],[97.226,5.089],[97.2265,5.086],[97.227,5.085],[97.226,5.083],[97.2255,5.081],[97.23,5.081],[97.23,5.082],[97.2315,5.0825],[97.232,5.083],[97.2325,5.083],[97.233,5.0815],[97.235,5.083],[97.2385,5.084],[97.2395,5.0855],[97.239,5.086],[97.237,5.0905]]]},"properties":{"code":"11.08.08.2034","name":"Tanjong Reungkam","latitude":5.085724798898302,"longitude":97.23204721825198}},{"type":"Feature","geometry":{"type":"Polygon","coordinates":[[[97.2345,5.076],[97.2245,5.0775],[97.224,5.073],[97.224,5.072],[97.228,5.069],[97.2325,5.0685],[97.233,5.071],[97.235,5.0725],[97.2345,5.074],[97.234,5.076],[97.2345,5.076]]]},"properties":{"code":"11.08.08.2035","name":"Tanjong Mesjid","latitude":5.073454631224043,"longitude":97.22940244902219}},{"type":"Feature","geometry":{"type":"Polygon","coordinates":[[[97.2325,5.0685],[97.228,5.069],[97.226,5.062],[97.2255,5.057],[97.228,5.0575],[97.2295,5.0575],[97.2335,5.0565],[97.236,5.061],[97.2345,5.0615],[97.2325,5.06],[97.234,5.064],[97.235,5.0645],[97.2355,5.0665],[97.2325,5.0685]]]},"properties":{"code":"11.08.08.2036","name":"Paya Terbang","latitude":5.062420341814057,"longitude":97.23050866717968}},{"type":"Feature","geometry":{"type":"Polygon","coordinates":[[[97.2335,5.099],[97.2315,5.0995],[97.231,5.1015],[97.225,5.096],[97.2255,5.096],[97.2265,5.0945],[97.227,5.0925],[97.237,5.093],[97.237,5.094],[97.2375,5.0955],[97.2335,5.099]]]},"properties":{"code":"11.08.08.2037","name":"Madan","latitude":5.095868993158852,"longitude":97.2312205848992}},{"type":"Feature","geometry":{"type":"Polygon","coordinates":[[[97.233,5.0815],[97.2325,5.083],[97.232,5.083],[97.2315,5.0825],[97.23,5.082],[97.23,5.081],[97.2255,5.081],[97.2245,5.0775],[97.2345,5.076],[97.2365,5.077],[97.237,5.077],[97.239,5.077],[97.2345,5.08],[97.233,5.0815]]]},"properties":{"code":"11.08.08.2038","name":"Tanjong Awe","latitude":5.078901534796374,"longitude":97.23169282254956}},{"type":"Feature","geometry":{"type":"Polygon","coordinates":[[[97.2335,5.0565],[97.2295,5.0575],[97.228,5.0575],[97.2255,5.057],[97.221,5.045],[97.222,5.044],[97.222,5.0445],[97.226,5.0445],[97.2285,5.049],[97.23,5.0505],[97.232,5.055],[97.2335,5.0565]]]},"properties":{"code":"11.08.08.2039","name":"Kitou","latitude":5.051017513564174,"longitude":97.22638135779788}},{"type":"Feature","geometry":{"type":"Polygon","coordinates":[[[97.2015,5.136],[97.1995,5.137],[97.1965,5.139],[97.196,5.1385],[97.194,5.137],[97.193,5.1345],[97.193,5.1335],[97.199,5.1315],[97.1985,5.1285],[97.202,5.1295],[97.2035,5.1305],[97.1995,5.1335],[97.2,5.135],[97.2015,5.135],[97.202,5.1355],[97.2015,5.136]]]},"properties":{"code":"11.08.08.2040","name":"Krueng Matee","latitude":5.133987023129027,"longitude":97.19786505317578}},{"type":"Feature","geometry":{"type":"Polygon","coordinates":[[[97.442,5.172],[97.4355,5.1725],[97.4265,5.172],[97.4245,5.1685],[97.4225,5.1665],[97.4265,5.1665],[97.4305,5.167],[97.432,5.167],[97.442,5.172]]]},"properties":{"code":"11.08.09.2001","name":"Tanjong Pineung","latitude":5.169655750246891,"longitude":97.43192474767794}},{"type":"Feature","geometry":{"type":"Polygon","coordinates":[[[97.4545,5.143],[97.4545,5.1545],[97.4545,5.1575],[97.4545,5.161],[97.4555,5.164],[97.4485,5.163],[97.436,5.158],[97.4365,5.1575],[97.4375,5.1545],[97.4545,5.143]]]},"properties":{"code":"11.08.09.2002","name":"Meurubo Puntong","latitude":5.156082076176664,"longitude":97.44810999267547}},{"type":"Feature","geometry":{"type":"Polygon","coordinates":[[[97.4485,5.163],[97.4485,5.1695],[97.4485,5.1715],[97.4485,5.173],[97.442,5.172],[97.432,5.167],[97.4315,5.1655],[97.4305,5.1645],[97.4305,5.163],[97.434,5.159],[97.436,5.158],[97.4485,5.163]]]},"properties":{"code":"11.08.09.2003","name":"Mane Kawan","latitude":5.165540465855965,"longitude":97.44011546455997}},{"type":"Feature","geometry":{"type":"Polygon","coordinates":[[[97.434,5.176],[97.426,5.1795],[97.427,5.177],[97.4255,5.175],[97.4255,5.1735],[97.4265,5.172],[97.4355,5.1725],[97.434,5.176]]]},"properties":{"code":"11.08.09.2004","name":"Alue Barueh","latitude":5.174662391330135,"longitude":97.430060021334}},{"type":"Feature","geometry":{"type":"Polygon","coordinates":[[[97.4485,5.173],[97.449,5.178],[97.442,5.1775],[97.434,5.176],[97.4355,5.1725],[97.442,5.172],[97.4485,5.173]]]},"properties":{"code":"11.08.09.2005","name":"Keude Simpang Jalan","latitude":5.175177830490784,"longitude":97.44263273264464}},{"type":"Feature","geometry":{"type":"Polygon","coordinates":[[[97.426,5.1795],[97.419,5.1825],[97.4135,5.1815],[97.4135,5.177],[97.424,5.178],[97.427,5.177],[97.426,5.1795]]]},"properties":{"code":"11.08.09.2006","name":"Blang Pha","latitude":5.179520082291524,"longitude":97.41945588741686}},{"type":"Feature","geometry":{"type":"Polygon","coordinates":[[[97.4225,5.1665],[97.4245,5.1685],[97.4255,5.1735],[97.4255,5.175],[97.424,5.178],[97.4135,5.177],[97.4135,5.1765],[97.4065,5.1735],[97.4065,5.173],[97.4075,5.171],[97.4165,5.167],[97.4205,5.167],[97.4225,5.1665]]]},"properties":{"code":"11.08.09.2007","name":"Alue Kiran","latitude":5.172657681091449,"longitude":97.41778202520875}},{"type":"Feature","geometry":{"type":"Polygon","coordinates":[[[97.4205,5.167],[97.4165,5.167],[97.4375,5.1545],[97.4365,5.1575],[97.434,5.159],[97.4305,5.163],[97.4305,5.1645],[97.4315,5.1655],[97.4305,5.167],[97.4265,5.1665],[97.4225,5.1665],[97.4205,5.167]]]},"properties":{"code":"11.08.09.2008","name":"Blang Tue","latitude":5.1621142316204445,"longitude":97.42791819498308}},{"type":"Feature","geometry":{"type":"Polygon","coordinates":[[[97.4615,5.178],[97.461,5.1795],[97.4435,5.181],[97.443,5.1805],[97.442,5.1775],[97.449,5.178],[97.4485,5.1715],[97.4485,5.1695],[97.4485,5.163],[97.4555,5.164],[97.461,5.1685],[97.462,5.1745],[97.4635,5.1765],[97.4635,5.177],[97.4615,5.178]]]},"properties":{"code":"11.08.09.2009","name":"Cot Kafiraton","latitude":5.174226429592455,"longitude":97.45399527043254}},{"type":"Feature","geometry":{"type":"Polygon","coordinates":[[[97.4395,5.1835],[97.4385,5.1835],[97.433,5.1805],[97.432,5.1795],[97.4335,5.179],[97.434,5.176],[97.442,5.1775],[97.443,5.1805],[97.4425,5.1815],[97.4395,5.1835]]]},"properties":{"code":"11.08.09.2010","name":"Tanjong Dama","latitude":5.179523682709029,"longitude":97.43750082954476}},{"type":"Feature","geometry":{"type":"Polygon","coordinates":[[[97.4385,5.1895],[97.4325,5.1925],[97.432,5.192],[97.431,5.185],[97.433,5.1805],[97.4385,5.1835],[97.4395,5.1835],[97.439,5.184],[97.4405,5.186],[97.4385,5.1895]]]},"properties":{"code":"11.08.09.2011","name":"Paya Dua Uram","latitude":5.186738111299307,"longitude":97.43483185556325}},{"type":"Feature","geometry":{"type":"Polygon","coordinates":[[[97.4655,5.186],[97.456,5.189],[97.451,5.1885],[97.4505,5.188],[97.448,5.187],[97.4405,5.186],[97.439,5.184],[97.4395,5.184],[97.4395,5.1835],[97.4425,5.1815],[97.4435,5.181],[97.461,5.1795],[97.4655,5.186]]]},"properties":{"code":"11.08.09.2012","name":"Paya Dua Ujong","latitude":5.1843229215868485,"longitude":97.45267869580692}},{"type":"Feature","geometry":{"type":"Polygon","coordinates":[[[97.403,5.1985],[97.396,5.195],[97.4015,5.1885],[97.402,5.1875],[97.4025,5.1865],[97.4025,5.1845],[97.4135,5.1855],[97.4135,5.1815],[97.419,5.1825],[97.422,5.1935],[97.403,5.1985]]]},"properties":{"code":"11.08.09.2013","name":"Alue Capli","latitude":5.190660512904788,"longitude":97.40991968975312}},{"type":"Feature","geometry":{"type":"Polygon","coordinates":[[[97.4325,5.1925],[97.4315,5.196],[97.4285,5.197],[97.424,5.196],[97.423,5.1935],[97.422,5.1935],[97.419,5.1825],[97.426,5.1795],[97.434,5.176],[97.4335,5.179],[97.432,5.1795],[97.433,5.1805],[97.431,5.185],[97.432,5.192],[97.4325,5.1925]]]},"properties":{"code":"11.08.09.2014","name":"Simpang Peut","latitude":5.187080684011674,"longitude":97.42634950463518}},{"type":"Feature","geometry":{"type":"Polygon","coordinates":[[[97.364,5.1915],[97.358,5.1915],[97.357,5.197],[97.3275,5.1895],[97.3275,5.1875],[97.328,5.1855],[97.329,5.185],[97.3375,5.1805],[97.34,5.1795],[97.341,5.1845],[97.344,5.184],[97.3535,5.1805],[97.366,5.1805],[97.37,5.1785],[97.371,5.178],[97.369,5.1855],[97.364,5.1915]]]},"properties":{"code":"11.08.09.2015","name":"Meunasah Sagoe","latitude":5.186970355693177,"longitude":97.34988232194148}},{"type":"Feature","geometry":{"type":"Polygon","coordinates":[[[97.3735,5.196],[97.372,5.2025],[97.357,5.197],[97.358,5.1915],[97.368,5.1915],[97.3735,5.196]]]},"properties":{"code":"11.08.09.2016","name":"Matang Puntong","latitude":5.195931237627838,"longitude":97.3654027497883}},{"type":"Feature","geometry":{"type":"Polygon","coordinates":[[[97.3845,5.195],[97.3835,5.1955],[97.3735,5.196],[97.368,5.1915],[97.364,5.1915],[97.369,5.1855],[97.3845,5.1855],[97.3845,5.1875],[97.3835,5.19],[97.3835,5.1925],[97.3845,5.193],[97.3845,5.195]]]},"properties":{"code":"11.08.09.2017","name":"Matang Panyang","latitude":5.1898901356285005,"longitude":97.37484029862485}},{"type":"Feature","geometry":{"type":"Polygon","coordinates":[[[97.396,5.195],[97.391,5.195],[97.39,5.195],[97.387,5.196],[97.3865,5.197],[97.3845,5.195],[97.3845,5.193],[97.3835,5.1925],[97.3835,5.19],[97.3845,5.1875],[97.3845,5.185],[97.388,5.186],[97.3925,5.1855],[97.4025,5.184],[97.4025,5.1865],[97.402,5.1875],[97.4015,5.1885],[97.396,5.195]]]},"properties":{"code":"11.08.09.2018","name":"Cot Patisah","latitude":5.190009997381779,"longitude":97.39255486880744}},{"type":"Feature","geometry":{"type":"Polygon","coordinates":[[[97.3845,5.1855],[97.369,5.1855],[97.371,5.178],[97.3895,5.176],[97.3925,5.1765],[97.392,5.185],[97.388,5.186],[97.3845,5.185],[97.3845,5.1855]]]},"properties":{"code":"11.08.09.2019","name":"Cot Trueng","latitude":5.180972210232505,"longitude":97.38184398490957}},{"type":"Feature","geometry":{"type":"Polygon","coordinates":[[[97.4025,5.184],[97.3925,5.1855],[97.392,5.185],[97.3925,5.1765],[97.394,5.1755],[97.396,5.1735],[97.3975,5.1745],[97.398,5.1735],[97.402,5.177],[97.4025,5.184]]]},"properties":{"code":"11.08.09.2020","name":"Darul Aman","latitude":5.1799099137279665,"longitude":97.39741991276327}},{"type":"Feature","geometry":{"type":"Polygon","coordinates":[[[97.4135,5.1815],[97.4135,5.1855],[97.4025,5.1845],[97.4025,5.1835],[97.402,5.177],[97.398,5.1735],[97.406,5.1745],[97.4065,5.1735],[97.4135,5.1765],[97.4135,5.1815]]]},"properties":{"code":"11.08.09.2021","name":"Matang Jeulikat","latitude":5.179307058521201,"longitude":97.40693654281606}},{"type":"Feature","geometry":{"type":"Polygon","coordinates":[[[97.403,5.1985],[97.4,5.214],[97.372,5.2025],[97.3735,5.196],[97.3835,5.1955],[97.3865,5.197],[97.387,5.196],[97.39,5.195],[97.391,5.195],[97.396,5.195],[97.403,5.1985]]]},"properties":{"code":"11.08.09.2022","name":"Lhok Puuk","latitude":5.202559414741107,"longitude":97.38875447092697}},{"type":"Feature","geometry":{"type":"Polygon","coordinates":[[[97.415,5.2135],[97.4135,5.219],[97.4,5.214],[97.403,5.1985],[97.415,5.2],[97.417,5.2055],[97.417,5.208],[97.4165,5.208],[97.415,5.2135]]]},"properties":{"code":"11.08.09.2023","name":"Ulee Rubek Barat","latitude":5.208342339057197,"longitude":97.40871365959944}},{"type":"Feature","geometry":{"type":"Polygon","coordinates":[[[97.432,5.222],[97.4235,5.2225],[97.4135,5.219],[97.415,5.2135],[97.4285,5.2175],[97.433,5.218],[97.4325,5.22],[97.432,5.222]]]},"properties":{"code":"11.08.09.2024","name":"Ulee Rubek Timu","latitude":5.2181613065332595,"longitude":97.42244770422636}},{"type":"Feature","geometry":{"type":"Polygon","coordinates":[[[97.432,5.222],[97.4365,5.223],[97.452,5.229],[97.4685,5.232],[97.479,5.243],[97.441,5.2275],[97.4235,5.2225],[97.432,5.222]]]},"properties":{"code":"11.08.09.2025","name":"Bantayan","latitude":5.231034031345638,"longitude":97.45438174140938}},{"type":"Feature","geometry":{"type":"Polygon","coordinates":[[[97.4835,5.243],[97.479,5.243],[97.4685,5.232],[97.452,5.229],[97.4365,5.223],[97.4325,5.22],[97.433,5.218],[97.4365,5.2185],[97.4365,5.216],[97.45,5.217],[97.458,5.223],[97.4605,5.2245],[97.477,5.224],[97.479,5.2245],[97.4795,5.2245],[97.4795,5.2255],[97.4785,5.2265],[97.477,5.231],[97.478,5.235],[97.483,5.2335],[97.484,5.2335],[97.4855,5.2345],[97.486,5.2345],[97.4855,5.235],[97.4835,5.242],[97.4835,5.243]]]},"properties":{"code":"11.08.09.2026","name":"Teupin Kuyuen","latitude":5.22716551739957,"longitude":97.46018741058147}},{"type":"Feature","geometry":{"type":"Polygon","coordinates":[[[97.4365,5.216],[97.4365,5.2185],[97.432,5.2175],[97.4285,5.2175],[97.415,5.2135],[97.4165,5.208],[97.419,5.2075],[97.4245,5.2065],[97.435,5.195],[97.4355,5.1965],[97.437,5.202],[97.436,5.202],[97.436,5.2025],[97.4365,5.216]]]},"properties":{"code":"11.08.09.2027","name":"Matang Lada","latitude":5.208999712395344,"longitude":97.42886270550414}},{"type":"Feature","geometry":{"type":"Polygon","coordinates":[[[97.477,5.224],[97.4605,5.2245],[97.458,5.223],[97.45,5.217],[97.4365,5.216],[97.4365,5.206],[97.4405,5.205],[97.4425,5.204],[97.4685,5.2045],[97.4675,5.214],[97.468,5.2155],[97.4735,5.215],[97.472,5.217],[97.47,5.2175],[97.4705,5.2195],[97.4725,5.219],[97.4765,5.2225],[97.477,5.224]]]},"properties":{"code":"11.08.09.2028","name":"Ulee Matang","latitude":5.213398741705628,"longitude":97.45553460589414}},{"type":"Feature","geometry":{"type":"Polygon","coordinates":[[[97.4685,5.2045],[97.4425,5.204],[97.4405,5.205],[97.4365,5.206],[97.436,5.202],[97.437,5.202],[97.439,5.2],[97.4605,5.2025],[97.462,5.2025],[97.4625,5.2015],[97.469,5.2035],[97.4685,5.2045]]]},"properties":{"code":"11.08.09.2029","name":"Matang Karieng","latitude":5.20246100525566,"longitude":97.4511060108089}},{"type":"Feature","geometry":{"type":"Polygon","coordinates":[[[97.4645,5.2005],[97.4625,5.2015],[97.462,5.2025],[97.4605,5.2025],[97.439,5.2],[97.4355,5.1965],[97.435,5.195],[97.4455,5.1925],[97.4605,5.196],[97.4615,5.1965],[97.463,5.1975],[97.4645,5.2005]]]},"properties":{"code":"11.08.09.2030","name":"Lhok Rambideng","latitude":5.196654603573507,"longitude":97.44974697356788}},{"type":"Feature","geometry":{"type":"Polygon","coordinates":[[[97.481,5.1925],[97.4795,5.194],[97.476,5.206],[97.4805,5.224],[97.4795,5.2255],[97.479,5.2245],[97.477,5.224],[97.4765,5.2225],[97.4725,5.219],[97.4705,5.2195],[97.47,5.2175],[97.472,5.217],[97.4735,5.215],[97.468,5.2155],[97.4675,5.214],[97.4685,5.2045],[97.469,5.2035],[97.4645,5.2005],[97.463,5.1975],[97.4615,5.1965],[97.4605,5.196],[97.4455,5.1925],[97.4425,5.193],[97.4435,5.1915],[97.4505,5.1895],[97.4505,5.188],[97.451,5.1885],[97.456,5.189],[97.4655,5.186],[97.466,5.187],[97.467,5.1875],[97.468,5.188],[97.475,5.192],[97.481,5.1925]]]},"properties":{"code":"11.08.09.2031","name":"Matang Anoe","latitude":5.200855752777988,"longitude":97.46930401024416}},{"type":"Feature","geometry":{"type":"Polygon","coordinates":[[[97.4425,5.193],[97.441,5.193],[97.4385,5.1895],[97.4405,5.186],[97.448,5.187],[97.4505,5.1895],[97.4435,5.1915],[97.4425,5.193]]]},"properties":{"code":"11.08.09.2032","name":"Lhok Geulituet","latitude":5.1889238974650365,"longitude":97.44396149072861}},{"type":"Feature","geometry":{"type":"Polygon","coordinates":[[[97.435,5.195],[97.4245,5.2065],[97.4215,5.207],[97.4175,5.208],[97.417,5.208],[97.417,5.2055],[97.415,5.2],[97.403,5.1985],[97.422,5.1935],[97.423,5.1935],[97.424,5.196],[97.4285,5.197],[97.4315,5.196],[97.4325,5.1925],[97.4385,5.1895],[97.441,5.193],[97.435,5.195]]]},"properties":{"code":"11.08.09.2033","name":"Ulee Titi","latitude":5.198961096624,"longitude":97.42158727050776}},{"type":"Feature","geometry":{"type":"Polygon","coordinates":[[[97.252,5.096],[97.25,5.096],[97.2505,5.093],[97.2515,5.093],[97.252,5.095],[97.252,5.096]]]},"properties":{"code":"11.08.10.2001","name":"Keude Aron","latitude":5.094630871347038,"longitude":97.25098414209884}},{"type":"Feature","geometry":{"type":"Polygon","coordinates":[[[97.25,5.096],[97.249,5.0975],[97.2455,5.096],[97.2455,5.095],[97.2455,5.0945],[97.246,5.095],[97.247,5.092],[97.25,5.0935],[97.2505,5.0915],[97.254,5.09],[97.255,5.092],[97.256,5.095],[97.254,5.095],[97.252,5.096],[97.252,5.095],[97.2515,5.093],[97.2505,5.093],[97.25,5.096]]]},"properties":{"code":"11.08.10.2002","name":"Dayah Aron","latitude":5.094027086339715,"longitude":97.25054536391255}},{"type":"Feature","geometry":{"type":"Polygon","coordinates":[[[97.25,5.1005],[97.2475,5.099],[97.2465,5.1015],[97.246,5.101],[97.2425,5.095],[97.249,5.0975],[97.25,5.096],[97.2525,5.0955],[97.254,5.095],[97.256,5.095],[97.257,5.098],[97.2535,5.099],[97.254,5.098],[97.2515,5.0995],[97.2505,5.1],[97.25,5.1005]]]},"properties":{"code":"11.08.10.2003","name":"Moncrang","latitude":5.097756149774705,"longitude":97.24852708347586}},{"type":"Feature","geometry":{"type":"Polygon","coordinates":[[[97.2615,5.097],[97.2585,5.098],[97.257,5.098],[97.2555,5.094],[97.26,5.0925],[97.2615,5.097]]]},"properties":{"code":"11.08.10.2004","name":"Kanot","latitude":5.095570572388358,"longitude":97.2585859628587}},{"type":"Feature","geometry":{"type":"Polygon","coordinates":[[[97.26,5.0925],[97.2555,5.094],[97.255,5.092],[97.254,5.09],[97.256,5.09],[97.2595,5.089],[97.26,5.0895],[97.26,5.0925]]]},"properties":{"code":"11.08.10.2005","name":"Meuria Aron","latitude":5.091528078026618,"longitude":97.25723101416175}},{"type":"Feature","geometry":{"type":"Polygon","coordinates":[[[97.254,5.09],[97.2505,5.0915],[97.25,5.0935],[97.2445,5.091],[97.2435,5.088],[97.2585,5.0855],[97.259,5.089],[97.256,5.09],[97.254,5.09]]]},"properties":{"code":"11.08.10.2006","name":"Mee Aron","latitude":5.089207727423602,"longitude":97.25118711520184}},{"type":"Feature","geometry":{"type":"Polygon","coordinates":[[[97.2585,5.0855],[97.2435,5.088],[97.2465,5.081],[97.2585,5.0825],[97.2585,5.0855]]]},"properties":{"code":"11.08.10.2007","name":"Glok","latitude":5.085103566680181,"longitude":97.25015578197663}},{"type":"Feature","geometry":{"type":"Polygon","coordinates":[[[97.259,5.1095],[97.253,5.11],[97.251,5.11],[97.2455,5.11],[97.2455,5.1055],[97.2455,5.1035],[97.2485,5.1015],[97.2505,5.1],[97.2515,5.0995],[97.2525,5.1035],[97.252,5.1035],[97.254,5.107],[97.2545,5.107],[97.259,5.1065],[97.259,5.1095]]]},"properties":{"code":"11.08.10.2008","name":"Cibrek Baroh","latitude":5.10620144278124,"longitude":97.25072624090122}},{"type":"Feature","geometry":{"type":"Polygon","coordinates":[[[97.2455,5.11],[97.243,5.11],[97.2415,5.1095],[97.24,5.1095],[97.2405,5.1075],[97.2405,5.105],[97.2455,5.102],[97.2465,5.101],[97.2475,5.099],[97.25,5.1005],[97.2485,5.1015],[97.2455,5.1035],[97.2455,5.1055],[97.2455,5.11]]]},"properties":{"code":"11.08.10.2009","name":"Cibrek Tunong","latitude":5.105568735069911,"longitude":97.24409880388276}},{"type":"Feature","geometry":{"type":"Polygon","coordinates":[[[97.2465,5.081],[97.244,5.084],[97.243,5.084],[97.2435,5.0775],[97.2435,5.075],[97.2435,5.0725],[97.2425,5.071],[97.245,5.07],[97.248,5.071],[97.25,5.0745],[97.248,5.0785],[97.2465,5.081]]]},"properties":{"code":"11.08.10.2010","name":"Matang Munye","latitude":5.076394175581299,"longitude":97.24569939772397}},{"type":"Feature","geometry":{"type":"Polygon","coordinates":[[[97.238,5.117],[97.237,5.12],[97.2315,5.111],[97.2295,5.1075],[97.2295,5.105],[97.2305,5.104],[97.2315,5.1045],[97.235,5.109],[97.238,5.117]]]},"properties":{"code":"11.08.10.2011","name":"Pante","latitude":5.111269873772817,"longitude":97.23373478837766}},{"type":"Feature","geometry":{"type":"Polygon","coordinates":[[[97.2295,5.1075],[97.2315,5.111],[97.237,5.12],[97.2295,5.1185],[97.228,5.1135],[97.2275,5.1135],[97.228,5.1085],[97.229,5.108],[97.2295,5.1075]],[[97.231,5.1125],[97.229,5.112],[97.229,5.113],[97.231,5.1125]]]},"properties":{"code":"11.08.10.2012","name":"Keutapang","latitude":5.114401609751118,"longitude":97.23121329495842}},{"type":"Feature","geometry":{"type":"Polygon","coordinates":[[[97.2445,5.091],[97.24,5.091],[97.238,5.0905],[97.237,5.0905],[97.239,5.086],[97.2395,5.0855],[97.239,5.0845],[97.244,5.084],[97.2435,5.088],[97.2445,5.091]]]},"properties":{"code":"11.08.10.2013","name":"Blang","latitude":5.087921680894498,"longitude":97.24080969652361}},{"type":"Feature","geometry":{"type":"Polygon","coordinates":[[[97.247,5.092],[97.246,5.095],[97.243,5.094],[97.237,5.094],[97.237,5.0925],[97.237,5.0905],[97.238,5.0905],[97.24,5.091],[97.2445,5.091],[97.247,5.092]]]},"properties":{"code":"11.08.10.2014","name":"Teungoh","latitude":5.092601521573624,"longitude":97.24186915197933}},{"type":"Feature","geometry":{"type":"Polygon","coordinates":[[[97.243,5.084],[97.239,5.0845],[97.2385,5.084],[97.235,5.083],[97.2345,5.08],[97.239,5.077],[97.243,5.077],[97.2435,5.0775],[97.243,5.084]]]},"properties":{"code":"11.08.10.2015","name":"Tanjong Krueng Pase","latitude":5.080912725117283,"longitude":97.23922177596037}},{"type":"Feature","geometry":{"type":"Polygon","coordinates":[[[97.24,5.1095],[97.2395,5.1125],[97.238,5.117],[97.235,5.109],[97.2315,5.1045],[97.2315,5.0995],[97.2335,5.099],[97.2405,5.105],[97.2405,5.1075],[97.24,5.1095]]]},"properties":{"code":"11.08.10.2016","name":"Mesjid","latitude":5.10645953947363,"longitude":97.23605086357651}},{"type":"Feature","geometry":{"type":"Polygon","coordinates":[[[97.231,5.1125],[97.229,5.113],[97.229,5.112],[97.231,5.1125]]]},"properties":{"code":"11.08.10.2017","name":"Keude Teupin Punti","latitude":5.112349038241764,"longitude":97.22991233637894}},{"type":"Feature","geometry":{"type":"Polygon","coordinates":[[[97.2465,5.1015],[97.2455,5.102],[97.2405,5.105],[97.2335,5.099],[97.2375,5.0955],[97.237,5.094],[97.243,5.094],[97.2455,5.0945],[97.2455,5.096],[97.2425,5.095],[97.241,5.0985],[97.246,5.101],[97.2465,5.1015]]]},"properties":{"code":"11.08.10.2018","name":"Kumbang","latitude":5.0992713232920535,"longitude":97.23989008245391}},{"type":"Feature","geometry":{"type":"Polygon","coordinates":[[[97.2785,5.0885],[97.2765,5.0895],[97.2755,5.09],[97.27,5.0945],[97.268,5.096],[97.2615,5.0975],[97.26,5.0925],[97.2735,5.0865],[97.2775,5.085],[97.2785,5.0885]]]},"properties":{"code":"11.08.10.2019","name":"Gampong U","latitude":5.09177917852045,"longitude":97.26887389482641}},{"type":"Feature","geometry":{"type":"Polygon","coordinates":[[[97.272,5.097],[97.271,5.099],[97.2675,5.101],[97.266,5.102],[97.2625,5.1015],[97.2615,5.0975],[97.268,5.096],[97.27,5.0945],[97.2755,5.09],[97.2775,5.0885],[97.2785,5.0885],[97.2785,5.089],[97.28,5.0895],[97.272,5.097]]]},"properties":{"code":"11.08.10.2020","name":"Calong","latitude":5.0963082951802665,"longitude":97.2697780484455}},{"type":"Feature","geometry":{"type":"Polygon","coordinates":[[[97.2695,5.1125],[97.2585,5.113],[97.259,5.1065],[97.2545,5.107],[97.2545,5.1055],[97.2555,5.1045],[97.266,5.102],[97.2675,5.101],[97.271,5.099],[97.272,5.097],[97.2755,5.0985],[97.2755,5.0995],[97.277,5.106],[97.2695,5.1125]]]},"properties":{"code":"11.08.10.2021","name":"Manyang Baroh","latitude":5.105789787315416,"longitude":97.26649758978739}},{"type":"Feature","geometry":{"type":"Polygon","coordinates":[[[97.2775,5.1055],[97.273,5.113],[97.2695,5.1125],[97.277,5.106],[97.2775,5.1055]]]},"properties":{"code":"11.08.10.2022","name":"Peurupok","latitude":5.108598938094833,"longitude":97.27236016793346}},{"type":"Feature","geometry":{"type":"Polygon","coordinates":[[[97.285,5.106],[97.2845,5.108],[97.28,5.112],[97.279,5.114],[97.273,5.113],[97.2775,5.1055],[97.2795,5.1055],[97.285,5.106]]]},"properties":{"code":"11.08.10.2023","name":"Alue Gunto","latitude":5.109112128326255,"longitude":97.27914635630272}},{"type":"Feature","geometry":{"type":"Polygon","coordinates":[[[97.2865,5.104],[97.285,5.106],[97.2795,5.1055],[97.277,5.106],[97.2755,5.0995],[97.2755,5.0985],[97.272,5.097],[97.28,5.0895],[97.2815,5.09],[97.287,5.093],[97.2865,5.104]]]},"properties":{"code":"11.08.10.2024","name":"Pulo","latitude":5.098109863228869,"longitude":97.28060774868763}},{"type":"Feature","geometry":{"type":"Polygon","coordinates":[[[97.271,5.128],[97.27,5.13],[97.2695,5.1305],[97.269,5.1305],[97.267,5.129],[97.2575,5.124],[97.2545,5.1305],[97.2505,5.128],[97.248,5.127],[97.2465,5.126],[97.2435,5.124],[97.244,5.1225],[97.261,5.123],[97.265,5.125],[97.27,5.1275],[97.2705,5.1275],[97.271,5.128]]]},"properties":{"code":"11.08.10.2025","name":"Kulam","latitude":5.125579809060258,"longitude":97.25563032787767}},{"type":"Feature","geometry":{"type":"Polygon","coordinates":[[[97.2735,5.123],[97.2715,5.126],[97.265,5.122],[97.244,5.12],[97.244,5.1175],[97.2525,5.117],[97.2585,5.1175],[97.269,5.1205],[97.2735,5.123]]]},"properties":{"code":"11.08.10.2026","name":"Ampeh","latitude":5.120123553676369,"longitude":97.25955625322761}},{"type":"Feature","geometry":{"type":"Polygon","coordinates":[[[97.2715,5.126],[97.2715,5.127],[97.271,5.127],[97.271,5.1275],[97.271,5.128],[97.2705,5.1275],[97.27,5.1275],[97.265,5.125],[97.261,5.123],[97.244,5.1225],[97.2445,5.121],[97.2435,5.121],[97.244,5.12],[97.265,5.122],[97.2715,5.126]]]},"properties":{"code":"11.08.10.2027","name":"Dayah Meuria","latitude":5.122672176404575,"longitude":97.2581480791303}},{"type":"Feature","geometry":{"type":"Polygon","coordinates":[[[97.2805,5.1185],[97.2775,5.1255],[97.272,5.1215],[97.269,5.1205],[97.2585,5.1175],[97.2525,5.117],[97.244,5.1175],[97.243,5.1175],[97.246,5.1155],[97.257,5.1155],[97.274,5.1165],[97.278,5.117],[97.2775,5.117],[97.2775,5.1175],[97.2805,5.1185]]]},"properties":{"code":"11.08.10.2028","name":"Mampree","latitude":5.118533187647266,"longitude":97.26710411796135}},{"type":"Feature","geometry":{"type":"Polygon","coordinates":[[[97.2625,5.1015],[97.2575,5.1025],[97.2555,5.103],[97.2555,5.1035],[97.255,5.103],[97.2525,5.1035],[97.2515,5.0995],[97.254,5.098],[97.2535,5.099],[97.2585,5.098],[97.2615,5.097],[97.2625,5.101],[97.2625,5.1015]]]},"properties":{"code":"11.08.10.2029","name":"Meucat","latitude":5.100370176009237,"longitude":97.25710220752912}},{"type":"Feature","geometry":{"type":"Polygon","coordinates":[[[97.279,5.114],[97.2785,5.115],[97.2775,5.1165],[97.278,5.117],[97.274,5.1165],[97.257,5.1155],[97.246,5.1155],[97.2435,5.1135],[97.2585,5.113],[97.2695,5.1125],[97.279,5.114]]]},"properties":{"code":"11.08.10.2030","name":"Ara","latitude":5.114351908348957,"longitude":97.2624475682286}},{"type":"Feature","geometry":{"type":"Polygon","coordinates":[[[97.2585,5.113],[97.2435,5.1135],[97.2435,5.1115],[97.2585,5.113]]]},"properties":{"code":"11.08.10.2031","name":"Hagu","latitude":5.112366814915436,"longitude":97.250685644741}},{"type":"Feature","geometry":{"type":"Polygon","coordinates":[[[97.259,5.1095],[97.2435,5.1115],[97.243,5.111],[97.243,5.11],[97.2505,5.11],[97.253,5.11],[97.259,5.1095]]]},"properties":{"code":"11.08.10.2032","name":"Awe","latitude":5.110684469280958,"longitude":97.25143839915296}},{"type":"Feature","geometry":{"type":"Polygon","coordinates":[[[97.2545,5.107],[97.254,5.107],[97.252,5.1035],[97.255,5.103],[97.2555,5.1035],[97.2555,5.1045],[97.2545,5.1055],[97.2545,5.107]]]},"properties":{"code":"11.08.10.2033","name":"Tanjong Mulieng","latitude":5.10469205950314,"longitude":97.25393079038754}},{"type":"Feature","geometry":{"type":"Polygon","coordinates":[[[97.266,5.102],[97.2555,5.1045],[97.2555,5.104],[97.2555,5.103],[97.2575,5.1025],[97.2625,5.1015],[97.266,5.102]]]},"properties":{"code":"11.08.10.2034","name":"Dayah Teungku","latitude":5.10311804408892,"longitude":97.26182244141594}},{"type":"Feature","geometry":{"type":"Polygon","coordinates":[[[97.1995,5.1095],[97.197,5.11],[97.195,5.1055],[97.1985,5.1055],[97.1985,5.1065],[97.2015,5.106],[97.202,5.1095],[97.1995,5.1095]]]},"properties":{"code":"11.08.11.2001","name":"Bale","latitude":5.107600031814771,"longitude":97.1984961192006}},{"type":"Feature","geometry":{"type":"Polygon","coordinates":[[[97.197,5.11],[97.1965,5.1105],[97.1925,5.112],[97.19,5.105],[97.1905,5.1045],[97.195,5.1055],[97.197,5.11]]]},"properties":{"code":"11.08.11.2002","name":"Bie","latitude":5.108295794444775,"longitude":97.19346012367185}},{"type":"Feature","geometry":{"type":"Polygon","coordinates":[[[97.1975,5.1175],[97.192,5.117],[97.192,5.1135],[97.196,5.114],[97.1975,5.1175]]]},"properties":{"code":"11.08.11.2003","name":"Beurandang","latitude":5.115549814142571,"longitude":97.19493852983851}},{"type":"Feature","geometry":{"type":"Polygon","coordinates":[[[97.1995,5.1095],[97.1985,5.112],[97.199,5.1175],[97.1975,5.1175],[97.196,5.114],[97.193,5.114],[97.1925,5.112],[97.1965,5.1105],[97.1995,5.1095]]]},"properties":{"code":"11.08.11.2004","name":"Baro Kulam Gajah","latitude":5.112619887893911,"longitude":97.19684355253115}},{"type":"Feature","geometry":{"type":"Polygon","coordinates":[[[97.193,5.114],[97.192,5.1135],[97.192,5.1155],[97.1835,5.111],[97.1825,5.106],[97.19,5.105],[97.1925,5.112],[97.193,5.114]]]},"properties":{"code":"11.08.11.2005","name":"Glong","latitude":5.110105059257845,"longitude":97.1879638022478}},{"type":"Feature","geometry":{"type":"Polygon","coordinates":[[[97.2025,5.112],[97.2015,5.113],[97.1995,5.115],[97.199,5.1175],[97.1985,5.112],[97.1995,5.1095],[97.202,5.1095],[97.2025,5.1105],[97.203,5.112],[97.2025,5.112]]]},"properties":{"code":"11.08.11.2006","name":"Nibong","latitude":5.11212539676841,"longitude":97.20048466100103}},{"type":"Feature","geometry":{"type":"Polygon","coordinates":[[[97.185,5.12],[97.182,5.1205],[97.1805,5.1205],[97.1785,5.12],[97.1765,5.12],[97.1755,5.1175],[97.1765,5.1175],[97.1765,5.117],[97.1765,5.1155],[97.177,5.1155],[97.183,5.1165],[97.185,5.12]]]},"properties":{"code":"11.08.11.2007","name":"Langa","latitude":5.118448986038414,"longitude":97.18003860964517}},{"type":"Feature","geometry":{"type":"Polygon","coordinates":[[[97.1885,5.121],[97.186,5.1215],[97.183,5.1165],[97.177,5.1155],[97.176,5.1155],[97.1755,5.1095],[97.1795,5.1085],[97.183,5.1075],[97.1835,5.111],[97.192,5.1155],[97.192,5.117],[97.188,5.117],[97.1885,5.1185],[97.189,5.119],[97.189,5.1205],[97.1885,5.121]]]},"properties":{"code":"11.08.11.2008","name":"Beunot","latitude":5.1141685689611895,"longitude":97.1827495048938}},{"type":"Feature","geometry":{"type":"Polygon","coordinates":[[[97.192,5.117],[97.19,5.119],[97.189,5.1205],[97.189,5.119],[97.1885,5.1185],[97.188,5.117],[97.192,5.117]]]},"properties":{"code":"11.08.11.2009","name":"Keude Bayu","latitude":5.118040331036707,"longitude":97.1898460686332}},{"type":"Feature","geometry":{"type":"Polygon","coordinates":[[[97.19,5.1225],[97.1885,5.121],[97.19,5.119],[97.192,5.117],[97.1975,5.1175],[97.1985,5.1205],[97.1975,5.121],[97.19,5.1225]]]},"properties":{"code":"11.08.11.2010","name":"Blang Bayu","latitude":5.119551837473986,"longitude":97.19366055322786}},{"type":"Feature","geometry":{"type":"Polygon","coordinates":[[[97.1975,5.121],[97.194,5.1285],[97.193,5.128],[97.1905,5.124],[97.19,5.1225],[97.1975,5.121]]]},"properties":{"code":"11.08.11.2011","name":"Dayah Tuha","latitude":5.124061672612737,"longitude":97.19375945705836}},{"type":"Feature","geometry":{"type":"Polygon","coordinates":[[[97.199,5.1315],[97.193,5.1335],[97.193,5.1345],[97.193,5.1355],[97.1925,5.1335],[97.192,5.1315],[97.194,5.1285],[97.1975,5.121],[97.198,5.124],[97.199,5.124],[97.1985,5.1265],[97.198,5.127],[97.1985,5.1285],[97.199,5.1315]]]},"properties":{"code":"11.08.11.2012","name":"Dayah Baro","latitude":5.128400600964282,"longitude":97.19594877416789}},{"type":"Feature","geometry":{"type":"Polygon","coordinates":[[[97.198,5.141],[97.198,5.1425],[97.1765,5.142],[97.177,5.1325],[97.18,5.136],[97.1835,5.1375],[97.187,5.138],[97.193,5.1355],[97.194,5.137],[97.196,5.1385],[97.197,5.14],[97.198,5.141]]]},"properties":{"code":"11.08.11.2013","name":"Lancok","latitude":5.138831296114463,"longitude":97.18607234235114}},{"type":"Feature","geometry":{"type":"Polygon","coordinates":[[[97.1815,5.128],[97.179,5.1305],[97.185,5.1355],[97.1855,5.1375],[97.18,5.136],[97.177,5.1325],[97.1765,5.1295],[97.177,5.1245],[97.1765,5.12],[97.1785,5.12],[97.1805,5.1205],[97.182,5.1205],[97.185,5.12],[97.1855,5.121],[97.186,5.122],[97.186,5.124],[97.1815,5.128]]]},"properties":{"code":"11.08.11.2014","name":"Punti","latitude":5.12704670808186,"longitude":97.18043412790946}},{"type":"Feature","geometry":{"type":"Polygon","coordinates":[[[97.1905,5.124],[97.1815,5.128],[97.186,5.124],[97.186,5.1215],[97.1885,5.121],[97.19,5.1225],[97.1905,5.124]]]},"properties":{"code":"11.08.11.2015","name":"Bungong","latitude":5.126001076699048,"longitude":97.18663358091692}},{"type":"Feature","geometry":{"type":"Polygon","coordinates":[[[97.193,5.1355],[97.187,5.138],[97.1855,5.1375],[97.185,5.1355],[97.179,5.1305],[97.1815,5.128],[97.1905,5.124],[97.193,5.128],[97.192,5.1315],[97.1925,5.1335],[97.193,5.1355]]]},"properties":{"code":"11.08.11.2016","name":"Baroh Blang Rimueng","latitude":5.131679916292259,"longitude":97.18763099339645}},{"type":"Feature","geometry":{"type":"Polygon","coordinates":[[[97.1865,5.091],[97.1825,5.0915],[97.177,5.091],[97.178,5.088],[97.177,5.085],[97.177,5.084],[97.185,5.0835],[97.1855,5.088],[97.1865,5.091]]]},"properties":{"code":"11.08.11.2017","name":"Ulee Meuria","latitude":5.087623640847253,"longitude":97.1818169096989}},{"type":"Feature","geometry":{"type":"Polygon","coordinates":[[[97.193,5.089],[97.186,5.089],[97.1855,5.088],[97.185,5.0835],[97.187,5.082],[97.187,5.0795],[97.1915,5.0785],[97.1945,5.077],[97.195,5.0825],[97.1955,5.0845],[97.196,5.089],[97.193,5.089]]]},"properties":{"code":"11.08.11.2018","name":"Kayee Panyang","latitude":5.084047325847742,"longitude":97.1908871120794}},{"type":"Feature","geometry":{"type":"Polygon","coordinates":[[[97.193,5.089],[97.193,5.0935],[97.1865,5.093],[97.1865,5.091],[97.186,5.089],[97.193,5.089]]]},"properties":{"code":"11.08.11.2019","name":"Rheng","latitude":5.091055911479222,"longitude":97.18967038057444}},{"type":"Feature","geometry":{"type":"Polygon","coordinates":[[[97.1905,5.0995],[97.1875,5.1],[97.1845,5.0995],[97.1845,5.099],[97.185,5.0975],[97.1855,5.096],[97.1855,5.093],[97.195,5.0935],[97.195,5.098],[97.1905,5.098],[97.1905,5.0995]]]},"properties":{"code":"11.08.11.2020","name":"Trieng Meudurou","latitude":5.096165088997703,"longitude":97.18961212958123}},{"type":"Feature","geometry":{"type":"Polygon","coordinates":[[[97.1985,5.1055],[97.195,5.1055],[97.1905,5.1045],[97.1915,5.1015],[97.1905,5.098],[97.195,5.098],[97.195,5.0995],[97.196,5.103],[97.198,5.1035],[97.1975,5.104],[97.198,5.105],[97.1985,5.105],[97.1985,5.1055]]]},"properties":{"code":"11.08.11.2021","name":"Ulee Gampong","latitude":5.102003720628222,"longitude":97.1935342801905}},{"type":"Feature","geometry":{"type":"Polygon","coordinates":[[[97.19,5.105],[97.187,5.1055],[97.187,5.1005],[97.186,5.1005],[97.1865,5.1005],[97.1865,5.1],[97.1875,5.1],[97.1905,5.0995],[97.1915,5.1015],[97.1905,5.1045],[97.19,5.105]]]},"properties":{"code":"11.08.11.2022","name":"Garut","latitude":5.10218186161704,"longitude":97.18892599217337}},{"type":"Feature","geometry":{"type":"Polygon","coordinates":[[[97.1755,5.1095],[97.1745,5.105],[97.1735,5.1055],[97.1735,5.105],[97.173,5.1],[97.1845,5.0995],[97.181,5.103],[97.1825,5.1075],[97.1795,5.1085],[97.1755,5.1095]]]},"properties":{"code":"11.08.11.2023","name":"Blang Awe","latitude":5.103854115694776,"longitude":97.17801516598679}},{"type":"Feature","geometry":{"type":"Polygon","coordinates":[[[97.183,5.1075],[97.1825,5.1075],[97.181,5.103],[97.1845,5.0995],[97.1865,5.1],[97.1865,5.1005],[97.186,5.1005],[97.187,5.1005],[97.187,5.1055],[97.1825,5.106],[97.183,5.1075]]]},"properties":{"code":"11.08.11.2024","name":"Pulo Blang Mangat","latitude":5.103313841391327,"longitude":97.1843370926514}},{"type":"Feature","geometry":{"type":"Polygon","coordinates":[[[97.1845,5.0995],[97.173,5.1],[97.175,5.0945],[97.1795,5.095],[97.1795,5.093],[97.1825,5.093],[97.1825,5.095],[97.1855,5.095],[97.1855,5.096],[97.185,5.0975],[97.1845,5.099],[97.1845,5.0995]]]},"properties":{"code":"11.08.11.2025","name":"Cibrek","latitude":5.0970560127459565,"longitude":97.17940550839866}},{"type":"Feature","geometry":{"type":"Polygon","coordinates":[[[97.1865,5.093],[97.1855,5.093],[97.1855,5.095],[97.1825,5.095],[97.1825,5.093],[97.1795,5.093],[97.1795,5.095],[97.175,5.0945],[97.177,5.091],[97.1825,5.0915],[97.1865,5.091],[97.1865,5.093]]]},"properties":{"code":"11.08.11.2026","name":"Pulo Blang Trieng","latitude":5.092872232069563,"longitude":97.18127265918739}},{"type":"Feature","geometry":{"type":"Polygon","coordinates":[[[97.181,5.0545],[97.1755,5.0555],[97.1715,5.0385],[97.1695,5.038],[97.169,5.0375],[97.1695,5.034],[97.168,5.0285],[97.1675,5.0255],[97.1685,5.0285],[97.1705,5.026],[97.1705,5.0245],[97.1685,5.0245],[97.17,5.023],[97.1735,5.025],[97.1725,5.0265],[97.1735,5.0275],[97.1755,5.0275],[97.176,5.026],[97.1775,5.025],[97.18,5.0235],[97.182,5.0245],[97.183,5.025],[97.1835,5.0285],[97.182,5.029],[97.183,5.032],[97.1845,5.033],[97.189,5.035],[97.1905,5.036],[97.1915,5.036],[97.1925,5.0365],[97.192,5.0365],[97.191,5.0375],[97.19,5.0465],[97.181,5.0545]]]},"properties":{"code":"11.08.11.2027","name":"Meudang Ara","latitude":5.037895065589929,"longitude":97.17900124865119}},{"type":"Feature","geometry":{"type":"Polygon","coordinates":[[[97.1905,5.053],[97.187,5.0535],[97.181,5.0545],[97.19,5.0465],[97.193,5.053],[97.1905,5.053]]]},"properties":{"code":"11.08.11.2028","name":"Cot Neuheun","latitude":5.0505717068226526,"longitude":97.18586680594969}},{"type":"Feature","geometry":{"type":"Polygon","coordinates":[[[97.193,5.0575],[97.193,5.059],[97.1915,5.0585],[97.1895,5.0585],[97.1905,5.053],[97.193,5.053],[97.193,5.0575]]]},"properties":{"code":"11.08.11.2029","name":"Tumpeun","latitude":5.056052837957824,"longitude":97.19174082633573}},{"type":"Feature","geometry":{"type":"Polygon","coordinates":[[[97.1935,5.0655],[97.192,5.0655],[97.188,5.0665],[97.1875,5.0645],[97.181,5.065],[97.1805,5.0585],[97.1855,5.058],[97.1915,5.0585],[97.193,5.059],[97.1935,5.0655]]]},"properties":{"code":"11.08.11.2030","name":"Alen","latitude":5.061831931474279,"longitude":97.18731315759818}},{"type":"Feature","geometry":{"type":"Polygon","coordinates":[[[97.195,5.0655],[97.192,5.069],[97.192,5.0715],[97.188,5.0715],[97.188,5.0665],[97.192,5.0655],[97.195,5.0655]]]},"properties":{"code":"11.08.11.2031","name":"Dayah Blang Seureukuy","latitude":5.068344508841995,"longitude":97.19066500171722}},{"type":"Feature","geometry":{"type":"Polygon","coordinates":[[[97.187,5.073],[97.1825,5.073],[97.1815,5.0695],[97.181,5.065],[97.1875,5.0645],[97.188,5.0715],[97.1865,5.0715],[97.187,5.073]]]},"properties":{"code":"11.08.11.2032","name":"Blang Patra","latitude":5.068608810001113,"longitude":97.18474615286051}},{"type":"Feature","geometry":{"type":"Polygon","coordinates":[[[97.185,5.0835],[97.183,5.084],[97.1835,5.0825],[97.1825,5.079],[97.1825,5.073],[97.187,5.073],[97.187,5.082],[97.185,5.0835]]]},"properties":{"code":"11.08.11.2033","name":"Blang Majron","latitude":5.07802454454479,"longitude":97.18472711788257}},{"type":"Feature","geometry":{"type":"Polygon","coordinates":[[[97.177,5.083],[97.176,5.0825],[97.176,5.082],[97.174,5.082],[97.158,5.084],[97.1575,5.0855],[97.154,5.0805],[97.1525,5.0805],[97.1525,5.0755],[97.172,5.076],[97.1765,5.0765],[97.177,5.083]]]},"properties":{"code":"11.08.11.2034","name":"Seuneubok Baro","latitude":5.0796104808507945,"longitude":97.16471449875971}},{"type":"Feature","geometry":{"type":"Polygon","coordinates":[[[97.174,5.063],[97.176,5.075],[97.1765,5.0765],[97.172,5.076],[97.1525,5.0755],[97.153,5.068],[97.1525,5.062],[97.1515,5.059],[97.16,5.061],[97.163,5.063],[97.174,5.063]]]},"properties":{"code":"11.08.11.2035","name":"Buket Glumpang","latitude":5.0690881374846475,"longitude":97.16331845979018}},{"type":"Feature","geometry":{"type":"Polygon","coordinates":[[[97.183,5.084],[97.1795,5.084],[97.178,5.084],[97.1775,5.0835],[97.177,5.083],[97.1765,5.076],[97.176,5.075],[97.174,5.063],[97.176,5.06],[97.176,5.0595],[97.1805,5.0585],[97.1815,5.0695],[97.1825,5.073],[97.1825,5.079],[97.1835,5.0825],[97.183,5.084]]]},"properties":{"code":"11.08.11.2037","name":"Alue Majron","latitude":5.071524518115697,"longitude":97.17891133300837}},{"type":"Feature","geometry":{"type":"Polygon","coordinates":[[[97.1805,5.0585],[97.176,5.0595],[97.176,5.0585],[97.1755,5.0555],[97.187,5.0535],[97.1905,5.053],[97.1895,5.0585],[97.1855,5.058],[97.1805,5.0585]]]},"properties":{"code":"11.08.11.2038","name":"Siren Tujoh","latitude":5.0563065795091795,"longitude":97.18323324143157}},{"type":"Feature","geometry":{"type":"Polygon","coordinates":[[[97.1945,5.077],[97.1915,5.0785],[97.187,5.0795],[97.1865,5.0715],[97.192,5.0715],[97.193,5.0745],[97.1955,5.077],[97.1945,5.077]]]},"properties":{"code":"11.08.11.2047","name":"Blang Seureukuy","latitude":5.07527529357834,"longitude":97.19036317879514}},{"type":"Feature","geometry":{"type":"Polygon","coordinates":[[[97.2945,5.085],[97.2895,5.085],[97.2845,5.0815],[97.283,5.073],[97.2885,5.0715],[97.29,5.082],[97.2935,5.0815],[97.2945,5.085]]]},"properties":{"code":"11.08.12.2001","name":"Pulo Blang","latitude":5.0785450456549786,"longitude":97.28786623079147}},{"type":"Feature","geometry":{"type":"Polygon","coordinates":[[[97.291,5.0815],[97.29,5.082],[97.2885,5.0715],[97.2855,5.072],[97.285,5.0675],[97.2845,5.067],[97.287,5.066],[97.287,5.0665],[97.292,5.0685],[97.2935,5.071],[97.294,5.074],[97.293,5.0765],[97.2935,5.0785],[97.291,5.079],[97.291,5.0815]]]},"properties":{"code":"11.08.12.2002","name":"Matang Ben","latitude":5.072704377010377,"longitude":97.28981225044684}},{"type":"Feature","geometry":{"type":"Polygon","coordinates":[[[97.297,5.071],[97.2935,5.071],[97.292,5.0685],[97.287,5.0665],[97.285,5.0595],[97.2915,5.0585],[97.297,5.0675],[97.297,5.071]]]},"properties":{"code":"11.08.12.2003","name":"Matang Cibrek","latitude":5.064785337329562,"longitude":97.29099705133027}},{"type":"Feature","geometry":{"type":"Polygon","coordinates":[[[97.2935,5.0815],[97.291,5.0815],[97.291,5.079],[97.2935,5.0785],[97.2935,5.0765],[97.298,5.0765],[97.3005,5.0775],[97.3,5.079],[97.2995,5.0805],[97.2935,5.0815]]]},"properties":{"code":"11.08.12.2004","name":"Deng","latitude":5.079035189072759,"longitude":97.2957213098609}},{"type":"Feature","geometry":{"type":"Polygon","coordinates":[[[97.2915,5.0585],[97.285,5.0595],[97.2825,5.056],[97.2895,5.0535],[97.2915,5.0585]]]},"properties":{"code":"11.08.12.2005","name":"Rawa","latitude":5.056606988415301,"longitude":97.28751855676903}},{"type":"Feature","geometry":{"type":"Polygon","coordinates":[[[97.285,5.0595],[97.2765,5.0555],[97.276,5.0525],[97.2755,5.0515],[97.2775,5.0435],[97.2885,5.0505],[97.289,5.052],[97.282,5.0555],[97.285,5.0595]]]},"properties":{"code":"11.08.12.2006","name":"Punti Pulo Agam","latitude":5.05132479810419,"longitude":97.28104275814492}},{"type":"Feature","geometry":{"type":"Polygon","coordinates":[[[97.2995,5.0805],[97.3,5.0855],[97.3,5.087],[97.2995,5.088],[97.2995,5.089],[97.295,5.0885],[97.295,5.0865],[97.2935,5.0815],[97.2995,5.0805]]]},"properties":{"code":"11.08.12.2007","name":"Alue Pangkat","latitude":5.084556122071544,"longitude":97.29715732739054}},{"type":"Feature","geometry":{"type":"Polygon","coordinates":[[[97.2895,5.0535],[97.2825,5.056],[97.282,5.0555],[97.289,5.052],[97.2895,5.0535]]]},"properties":{"code":"11.08.12.2008","name":"Teungoh Pulo Agam","latitude":5.0537559074389256,"longitude":97.28523099739182}},{"type":"Feature","geometry":{"type":"Polygon","coordinates":[[[97.3005,5.075],[97.3005,5.0775],[97.298,5.0765],[97.2935,5.0765],[97.294,5.074],[97.2935,5.071],[97.297,5.071],[97.297,5.073],[97.3005,5.075]]]},"properties":{"code":"11.08.12.2009","name":"Hueng","latitude":5.0745341981691,"longitude":97.29670173303772}},{"type":"Feature","geometry":{"type":"Polygon","coordinates":[[[97.3005,5.093],[97.2985,5.095],[97.287,5.0935],[97.287,5.093],[97.2815,5.09],[97.281,5.087],[97.301,5.089],[97.301,5.0905],[97.3005,5.093]]]},"properties":{"code":"11.08.12.2010","name":"Pulo U","latitude":5.090618989283338,"longitude":97.29139741136876}},{"type":"Feature","geometry":{"type":"Polygon","coordinates":[[[97.2985,5.095],[97.298,5.0965],[97.2945,5.0975],[97.2945,5.0995],[97.294,5.101],[97.292,5.1005],[97.291,5.0995],[97.288,5.095],[97.287,5.0935],[97.2985,5.095]]]},"properties":{"code":"11.08.12.2011","name":"Alue Keujruen","latitude":5.096178678651871,"longitude":97.29267963666064}},{"type":"Feature","geometry":{"type":"Polygon","coordinates":[[[97.304,5.087],[97.301,5.0885],[97.301,5.089],[97.2995,5.089],[97.2995,5.088],[97.3,5.087],[97.3,5.0855],[97.3,5.079],[97.3025,5.079],[97.304,5.087]]]},"properties":{"code":"11.08.12.2012","name":"Paya Beurandang","latitude":5.083875652943044,"longitude":97.30177302645484}},{"type":"Feature","geometry":{"type":"Polygon","coordinates":[[[97.2735,5.0865],[97.26,5.0925],[97.26,5.0895],[97.271,5.085],[97.2735,5.0865]]]},"properties":{"code":"11.08.12.2013","name":"Manyang Tunong","latitude":5.088841823578427,"longitude":97.26640397336875}},{"type":"Feature","geometry":{"type":"Polygon","coordinates":[[[97.271,5.085],[97.26,5.0895],[97.2595,5.089],[97.259,5.089],[97.2585,5.0825],[97.264,5.079],[97.267,5.0775],[97.27,5.0815],[97.271,5.085]]]},"properties":{"code":"11.08.12.2014","name":"Meunasah Tutong","latitude":5.08389485786432,"longitude":97.26455620017647}},{"type":"Feature","geometry":{"type":"Polygon","coordinates":[[[97.267,5.0775],[97.264,5.079],[97.264,5.0765],[97.263,5.074],[97.259,5.074],[97.2565,5.0735],[97.2575,5.071],[97.254,5.0695],[97.2535,5.069],[97.256,5.0635],[97.255,5.062],[97.2555,5.06],[97.259,5.0605],[97.262,5.065],[97.264,5.0675],[97.263,5.072],[97.2645,5.0745],[97.267,5.0775]]]},"properties":{"code":"11.08.12.2015","name":"Ampeh","latitude":5.068389548865191,"longitude":97.25941078527832}},{"type":"Feature","geometry":{"type":"Polygon","coordinates":[[[97.281,5.087],[97.2815,5.09],[97.2785,5.089],[97.2775,5.085],[97.2735,5.0865],[97.271,5.085],[97.27,5.0815],[97.266,5.076],[97.2675,5.075],[97.2685,5.0765],[97.2765,5.0715],[97.277,5.0725],[97.2775,5.073],[97.2805,5.087],[97.281,5.087]]]},"properties":{"code":"11.08.12.2016","name":"Alue","latitude":5.0803298795831715,"longitude":97.27470491967719}},{"type":"Feature","geometry":{"type":"Polygon","coordinates":[[[97.2735,5.069],[97.2725,5.07],[97.269,5.073],[97.2655,5.0755],[97.263,5.072],[97.264,5.0675],[97.267,5.0655],[97.2675,5.066],[97.268,5.0655],[97.2705,5.066],[97.2715,5.0675],[97.2735,5.069]]]},"properties":{"code":"11.08.12.2017","name":"Teungku Dibalee","latitude":5.069743274878871,"longitude":97.26715903815055}},{"type":"Feature","geometry":{"type":"Polygon","coordinates":[[[97.264,5.067],[97.264,5.0675],[97.262,5.065],[97.264,5.067]]]},"properties":{"code":"11.08.12.2018","name":"Keude Blang Jruen","latitude":5.065716974139623,"longitude":97.26329003624427}},{"type":"Feature","geometry":{"type":"Polygon","coordinates":[[[97.267,5.0655],[97.264,5.067],[97.262,5.065],[97.261,5.0635],[97.264,5.061],[97.268,5.0595],[97.269,5.0615],[97.267,5.065],[97.267,5.0655]]]},"properties":{"code":"11.08.12.2019","name":"Blang Jruen","latitude":5.0629478533038155,"longitude":97.26511908273649}},{"type":"Feature","geometry":{"type":"Polygon","coordinates":[[[97.2945,5.085],[97.295,5.0865],[97.295,5.0885],[97.2805,5.087],[97.2775,5.073],[97.2785,5.0735],[97.283,5.073],[97.2845,5.0815],[97.2895,5.085],[97.2945,5.085]]]},"properties":{"code":"11.08.12.2020","name":"Ujong Baroh Berghang","latitude":5.08147937191066,"longitude":97.2841598885867}},{"type":"Feature","geometry":{"type":"Polygon","coordinates":[[[97.2765,5.0715],[97.2685,5.0765],[97.2675,5.075],[97.266,5.076],[97.2655,5.0755],[97.269,5.073],[97.2725,5.07],[97.279,5.0645],[97.284,5.067],[97.2765,5.0715]]]},"properties":{"code":"11.08.12.2021","name":"Jeumpa Berghang","latitude":5.070362408674489,"longitude":97.27501006159565}},{"type":"Feature","geometry":{"type":"Polygon","coordinates":[[[97.283,5.073],[97.2785,5.0735],[97.277,5.0725],[97.2765,5.0715],[97.284,5.067],[97.285,5.0675],[97.2855,5.072],[97.283,5.073]]]},"properties":{"code":"11.08.12.2022","name":"Teungoh Berghang","latitude":5.0704994834906145,"longitude":97.28160148595275}},{"type":"Feature","geometry":{"type":"Polygon","coordinates":[[[97.279,5.0645],[97.2735,5.069],[97.2715,5.0675],[97.2715,5.067],[97.273,5.066],[97.2765,5.063],[97.279,5.0645]]]},"properties":{"code":"11.08.12.2023","name":"Pante Berghang","latitude":5.06613122418777,"longitude":97.27497232438517}},{"type":"Feature","geometry":{"type":"Polygon","coordinates":[[[97.2765,5.063],[97.273,5.066],[97.2715,5.067],[97.2705,5.066],[97.268,5.0655],[97.2675,5.066],[97.267,5.065],[97.269,5.0615],[97.268,5.059],[97.267,5.0575],[97.267,5.056],[97.2695,5.057],[97.2765,5.063]]]},"properties":{"code":"11.08.12.2024","name":"Serba Jaman","latitude":5.062243089489605,"longitude":97.27086467798225}},{"type":"Feature","geometry":{"type":"Polygon","coordinates":[[[97.287,5.066],[97.2845,5.067],[97.2695,5.057],[97.2765,5.0555],[97.285,5.0595],[97.287,5.066]]]},"properties":{"code":"11.08.12.2025","name":"Rayeuk Naleung","latitude":5.06104215249002,"longitude":97.27914593654664}},{"type":"Feature","geometry":{"type":"Polygon","coordinates":[[[97.2765,5.0555],[97.2695,5.057],[97.265,5.055],[97.262,5.0545],[97.2595,5.057],[97.259,5.056],[97.263,5.0525],[97.2695,5.052],[97.2755,5.0515],[97.276,5.0525],[97.2765,5.0555]]]},"properties":{"code":"11.08.12.2026","name":"Rangkaya","latitude":5.054250233067895,"longitude":97.26919601233564}},{"type":"Feature","geometry":{"type":"Polygon","coordinates":[[[97.2695,5.052],[97.263,5.0525],[97.2615,5.054],[97.2635,5.05],[97.2655,5.049],[97.2685,5.049],[97.2695,5.049],[97.2695,5.05],[97.2695,5.052]]]},"properties":{"code":"11.08.12.2027","name":"Paya","latitude":5.050847547241065,"longitude":97.26610508991389}},{"type":"Feature","geometry":{"type":"Polygon","coordinates":[[[97.2755,5.0515],[97.2695,5.052],[97.2695,5.05],[97.269,5.048],[97.2715,5.043],[97.2775,5.0435],[97.2755,5.0515]]]},"properties":{"code":"11.08.12.2028","name":"Blang Bidok","latitude":5.047642215055427,"longitude":97.2729205733151}},{"type":"Feature","geometry":{"type":"Polygon","coordinates":[[[97.2695,5.049],[97.2685,5.049],[97.264,5.0485],[97.26,5.047],[97.261,5.043],[97.265,5.0425],[97.2715,5.043],[97.269,5.048],[97.2695,5.049]]]},"properties":{"code":"11.08.12.2029","name":"Rayeuk Kuta","latitude":5.045431824430998,"longitude":97.26565777986077}},{"type":"Feature","geometry":{"type":"Polygon","coordinates":[[[97.268,5.0595],[97.264,5.061],[97.261,5.0635],[97.259,5.0605],[97.258,5.06],[97.2595,5.057],[97.262,5.0545],[97.267,5.056],[97.267,5.0575],[97.268,5.0595]]]},"properties":{"code":"11.08.12.2030","name":"Rayeuk Meunye","latitude":5.058452053746104,"longitude":97.26293910972568}},{"type":"Feature","geometry":{"type":"Polygon","coordinates":[[[97.2595,5.057],[97.258,5.06],[97.253,5.0595],[97.2515,5.058],[97.256,5.0505],[97.257,5.052],[97.2615,5.054],[97.259,5.056],[97.2595,5.057]]]},"properties":{"code":"11.08.12.2031","name":"Ujong Baroh Sb","latitude":5.055851752309015,"longitude":97.25641604590685}},{"type":"Feature","geometry":{"type":"Polygon","coordinates":[[[97.2615,5.054],[97.257,5.052],[97.256,5.0505],[97.2515,5.058],[97.248,5.054],[97.253,5.049],[97.257,5.046],[97.2575,5.047],[97.26,5.047],[97.264,5.0485],[97.2655,5.049],[97.2635,5.05],[97.2615,5.054]]]},"properties":{"code":"11.08.12.2032","name":"Trieng","latitude":5.051236493875268,"longitude":97.25587258313888}},{"type":"Feature","geometry":{"type":"Polygon","coordinates":[[[97.257,5.046],[97.253,5.049],[97.248,5.054],[97.246,5.052],[97.2555,5.0435],[97.2555,5.044],[97.257,5.046]]]},"properties":{"code":"11.08.12.2033","name":"Manyang Sb","latitude":5.048676840529749,"longitude":97.25126713789663}},{"type":"Feature","geometry":{"type":"Polygon","coordinates":[[[97.2555,5.0435],[97.246,5.052],[97.245,5.0515],[97.2455,5.051],[97.2445,5.05],[97.245,5.05],[97.2495,5.045],[97.251,5.043],[97.254,5.04],[97.2565,5.041],[97.2555,5.0435]]]},"properties":{"code":"11.08.12.2034","name":"Cibrek","latitude":5.045442189189615,"longitude":97.25086457511526}},{"type":"Feature","geometry":{"type":"Polygon","coordinates":[[[97.254,5.04],[97.251,5.043],[97.2495,5.045],[97.245,5.05],[97.2445,5.05],[97.2425,5.048],[97.247,5.0425],[97.249,5.039],[97.2525,5.0395],[97.254,5.04]]]},"properties":{"code":"11.08.12.2035","name":"Keutapang","latitude":5.044073809753302,"longitude":97.24787856047732}},{"type":"Feature","geometry":{"type":"Polygon","coordinates":[[[97.2485,5.0395],[97.247,5.0425],[97.2425,5.048],[97.235,5.043],[97.2315,5.0385],[97.235,5.0355],[97.236,5.0345],[97.241,5.037],[97.2455,5.0395],[97.2475,5.039],[97.2485,5.0395]]]},"properties":{"code":"11.08.12.2036","name":"Matang Mane","latitude":5.041060745447719,"longitude":97.24002202302735}},{"type":"Feature","geometry":{"type":"Polygon","coordinates":[[[97.2285,5.0245],[97.2265,5.0265],[97.225,5.0275],[97.2235,5.0265],[97.223,5.0265],[97.219,5.022],[97.2275,5.0175],[97.2315,5.021],[97.232,5.021],[97.228,5.024],[97.2285,5.0245]]]},"properties":{"code":"11.08.12.2037","name":"Alue Gampong","latitude":5.022438486902625,"longitude":97.22527683860807}},{"type":"Feature","geometry":{"type":"Polygon","coordinates":[[[97.2275,5.0175],[97.219,5.022],[97.217,5.0205],[97.2175,5.019],[97.2155,5.0165],[97.218,5.0105],[97.223,5.0125],[97.2235,5.013],[97.2275,5.0175]]]},"properties":{"code":"11.08.12.2038","name":"Bayi","latitude":5.0162036565150885,"longitude":97.22080189467808}},{"type":"Feature","geometry":{"type":"Polygon","coordinates":[[[97.2225,4.989],[97.2225,4.996],[97.223,4.998],[97.2215,4.998],[97.2065,4.9935],[97.203,4.9855],[97.2065,4.9835],[97.2115,4.9815],[97.214,4.979],[97.2185,4.9795],[97.221,4.983],[97.2205,4.9835],[97.2205,4.9845],[97.222,4.986],[97.2225,4.9865],[97.224,4.9865],[97.227,4.9865],[97.2275,4.987],[97.2285,4.9875],[97.2265,4.991],[97.2255,4.991],[97.2245,4.989],[97.224,4.9885],[97.2225,4.989]]]},"properties":{"code":"11.08.12.2039","name":"Tumpok Aceh","latitude":4.988085512544607,"longitude":97.21549014861819}},{"type":"Feature","geometry":{"type":"Polygon","coordinates":[[[97.1895,5.003],[97.1875,5.0015],[97.1845,4.99],[97.1735,4.982],[97.173,4.9815],[97.173,4.9795],[97.1895,4.9815],[97.1915,4.9835],[97.193,4.9865],[97.1955,4.9935],[97.1965,4.994],[97.193,4.995],[97.189,4.9995],[97.191,5.003],[97.1895,5.003]]]},"properties":{"code":"11.08.12.2040","name":"Ulee Buket","latitude":4.988384098606096,"longitude":97.18652031706932}},{"type":"Feature","geometry":{"type":"Polygon","coordinates":[[[97.2135,5.01],[97.21,5.0095],[97.2095,5.009],[97.206,4.9985],[97.208,4.9975],[97.206,4.9975],[97.205,4.9965],[97.205,4.9955],[97.2065,4.9935],[97.2215,4.998],[97.221,4.999],[97.2215,5.001],[97.2225,5.0035],[97.2215,5.0045],[97.218,5.0055],[97.2165,5.0065],[97.2155,5.0075],[97.2135,5.009],[97.2135,5.01]]]},"properties":{"code":"11.08.12.2041","name":"Cot Dah","latitude":5.000649520484247,"longitude":97.2138601825262}},{"type":"Feature","geometry":{"type":"Polygon","coordinates":[[[97.183,5.0055],[97.178,5.0055],[97.176,5.002],[97.1735,4.9935],[97.172,4.993],[97.172,4.992],[97.1705,4.9905],[97.171,4.9895],[97.1725,4.988],[97.1735,4.982],[97.1845,4.99],[97.1875,5.0015],[97.183,5.0055]]]},"properties":{"code":"11.08.12.2042","name":"Leupon Siren","latitude":4.994290972783893,"longitude":97.1792496297399}},{"type":"Feature","geometry":{"type":"Polygon","coordinates":[[[97.203,4.9995],[97.2025,5],[97.2005,5.002],[97.1945,5.0085],[97.1895,5.003],[97.1915,5.003],[97.193,5.0025],[97.203,4.9995]]]},"properties":{"code":"11.08.12.2043","name":"Blang Trieng","latitude":5.003804125581241,"longitude":97.19568682943621}},{"type":"Feature","geometry":{"type":"Polygon","coordinates":[[[97.2095,5.009],[97.209,5.009],[97.2015,5.0095],[97.198,5.0105],[97.1965,5.011],[97.1955,5.0105],[97.1945,5.01],[97.1945,5.0085],[97.2005,5.002],[97.2025,5],[97.203,4.9995],[97.206,4.9985],[97.2095,5.009]]]},"properties":{"code":"11.08.12.2044","name":"Alue Sijuek","latitude":5.005598407481002,"longitude":97.20398254610812}},{"type":"Feature","geometry":{"type":"Polygon","coordinates":[[[97.218,5.0105],[97.2155,5.0165],[97.215,5.0155],[97.213,5.0155],[97.2125,5.015],[97.2135,5.01],[97.2135,5.009],[97.2145,5.0085],[97.218,5.0105]]]},"properties":{"code":"11.08.12.2045","name":"Hagu","latitude":5.011803729377325,"longitude":97.21525761733129}},{"type":"Feature","geometry":{"type":"Polygon","coordinates":[[[97.241,5.029],[97.236,5.0345],[97.2325,5.0295],[97.231,5.027],[97.228,5.024],[97.232,5.021],[97.232,5.0215],[97.233,5.021],[97.2365,5.021],[97.236,5.023],[97.2375,5.0245],[97.24,5.026],[97.241,5.029]]]},"properties":{"code":"11.08.12.2046","name":"Teupin Mee","latitude":5.026719786915239,"longitude":97.2347472683793}},{"type":"Feature","geometry":{"type":"Polygon","coordinates":[[[97.205,4.9955],[97.197,4.9945],[97.1965,4.994],[97.1955,4.9935],[97.193,4.9865],[97.1915,4.9835],[97.1895,4.9815],[97.173,4.9795],[97.173,4.9815],[97.1735,4.982],[97.1725,4.988],[97.1705,4.9895],[97.169,4.991],[97.1685,4.9905],[97.1445,4.9755],[97.145,4.9745],[97.151,4.9615],[97.142,4.9465],[97.1455,4.9365],[97.1575,4.938],[97.162,4.9495],[97.166,4.955],[97.179,4.9565],[97.186,4.9645],[97.1865,4.9635],[97.1865,4.962],[97.185,4.9595],[97.188,4.9585],[97.19,4.962],[97.191,4.963],[97.1925,4.9635],[97.1945,4.968],[97.2,4.9705],[97.2035,4.969],[97.205,4.97],[97.205,4.971],[97.21,4.9755],[97.216,4.975],[97.217,4.976],[97.214,4.978],[97.214,4.979],[97.2115,4.9815],[97.2065,4.9835],[97.203,4.9855],[97.2065,4.9935],[97.205,4.9955]]]},"properties":{"code":"11.08.12.2047","name":"Plu Pakam","latitude":4.968326331312397,"longitude":97.17293742708803}},{"type":"Feature","geometry":{"type":"Polygon","coordinates":[[[97.203,4.9995],[97.193,5.0025],[97.191,5.003],[97.189,4.9995],[97.193,4.995],[97.1965,4.994],[97.197,4.9945],[97.205,4.9955],[97.205,4.9965],[97.206,4.9975],[97.208,4.9975],[97.203,4.9995]]]},"properties":{"code":"11.08.12.2048","name":"Blang Pie","latitude":4.997974880616112,"longitude":97.19717335430131}},{"type":"Feature","geometry":{"type":"Polygon","coordinates":[[[97.2335,5.0115],[97.2305,5.0145],[97.2275,5.0175],[97.2235,5.013],[97.223,5.0125],[97.2275,5.007],[97.229,5.0075],[97.2305,5.0065],[97.231,5.0075],[97.2315,5.0095],[97.233,5.011],[97.2335,5.0115]]]},"properties":{"code":"11.08.12.2049","name":"Punti Seuleumak Barat","latitude":5.011757039832019,"longitude":97.2282869052112}},{"type":"Feature","geometry":{"type":"Polygon","coordinates":[[[97.2365,5.021],[97.233,5.021],[97.232,5.0215],[97.2315,5.021],[97.2275,5.0175],[97.2305,5.0145],[97.2335,5.0115],[97.234,5.013],[97.2345,5.0135],[97.236,5.017],[97.2365,5.0185],[97.238,5.0185],[97.238,5.019],[97.2365,5.02],[97.2365,5.021]]]},"properties":{"code":"11.08.12.2050","name":"Serba Jaman Tunong","latitude":5.017253373426189,"longitude":97.23283909505069}},{"type":"Feature","geometry":{"type":"Polygon","coordinates":[[[97.223,5.0125],[97.218,5.0105],[97.2145,5.0085],[97.2155,5.0075],[97.2165,5.0065],[97.218,5.0055],[97.2215,5.0045],[97.2225,5.0035],[97.224,5.0035],[97.226,5.003],[97.2275,5.0035],[97.2265,5.007],[97.2275,5.007],[97.223,5.0125]]]},"properties":{"code":"11.08.12.2051","name":"Leuhong","latitude":5.007365403507547,"longitude":97.2219768335472}},{"type":"Feature","geometry":{"type":"Polygon","coordinates":[[[97.249,5.039],[97.2485,5.0395],[97.2475,5.039],[97.2455,5.0395],[97.241,5.037],[97.236,5.0345],[97.241,5.029],[97.2445,5.0335],[97.2465,5.0345],[97.247,5.0345],[97.2475,5.0315],[97.2505,5.0345],[97.249,5.039]]]},"properties":{"code":"11.08.12.2052","name":"Blang","latitude":5.034854415657024,"longitude":97.24359847986733}},{"type":"Feature","geometry":{"type":"Polygon","coordinates":[[[97.257,5.039],[97.2565,5.041],[97.2525,5.0395],[97.249,5.039],[97.2505,5.0345],[97.2515,5.034],[97.252,5.0325],[97.2525,5.032],[97.255,5.0335],[97.257,5.0365],[97.257,5.039]]]},"properties":{"code":"11.08.12.2053","name":"Tanjong Mesjid","latitude":5.036926364505926,"longitude":97.25352383976858}},{"type":"Feature","geometry":{"type":"Polygon","coordinates":[[[97.26,5.047],[97.2575,5.047],[97.2555,5.044],[97.257,5.039],[97.26,5.04],[97.2605,5.0415],[97.261,5.043],[97.26,5.047]]]},"properties":{"code":"11.08.12.2054","name":"Serba Jaman Baroh","latitude":5.04338804686348,"longitude":97.2584416240338}},{"type":"Feature","geometry":{"type":"Polygon","coordinates":[[[97.2135,5.01],[97.2125,5.015],[97.2095,5.0145],[97.203,5.0135],[97.198,5.0135],[97.196,5.013],[97.1965,5.0115],[97.1965,5.011],[97.198,5.0105],[97.2015,5.0095],[97.209,5.009],[97.21,5.0095],[97.2135,5.01]]]},"properties":{"code":"11.08.12.2055","name":"Cot Barat","latitude":5.012136795786553,"longitude":97.20559870350584}},{"type":"Feature","geometry":{"type":"Polygon","coordinates":[[[97.236,5.0345],[97.235,5.0355],[97.232,5.038],[97.23,5.035],[97.23,5.0345],[97.225,5.0275],[97.2265,5.0265],[97.2285,5.0245],[97.231,5.027],[97.2325,5.0295],[97.236,5.0345]]]},"properties":{"code":"11.08.12.2056","name":"Matang Baloy","latitude":5.0310217926408844,"longitude":97.23054656622372}},{"type":"Feature","geometry":{"type":"Polygon","coordinates":[[[97.1515,5.0035],[97.15,5.0035],[97.146,5.003],[97.145,5.001],[97.138,4.993],[97.1345,4.993],[97.1325,4.996],[97.1315,4.996],[97.131,4.9955],[97.131,4.9945],[97.1325,4.9935],[97.1325,4.9915],[97.1315,4.991],[97.1305,4.9915],[97.13,4.9915],[97.122,4.987],[97.121,4.9865],[97.12,4.982],[97.1195,4.9815],[97.1185,4.981],[97.116,4.9805],[97.112,4.981],[97.1115,4.982],[97.109,4.9815],[97.107,4.978],[97.106,4.978],[97.1055,4.978],[97.09,4.982],[97.088,4.982],[97.0775,4.976],[97.062,4.9765],[97.052,4.978],[97.047,4.9775],[97.028,4.955],[97.0195,4.9545],[97.005,4.946],[97.0035,4.925],[97.0015,4.924],[96.9905,4.922],[96.9885,4.9215],[96.978,4.9185],[96.9685,4.9245],[96.968,4.9245],[96.964,4.921],[96.9595,4.92],[96.9585,4.9195],[96.9585,4.9175],[96.955,4.915],[96.946,4.9125],[96.945,4.911],[96.9445,4.91],[96.9415,4.908],[96.9405,4.9045],[96.9425,4.894],[96.939,4.8895],[96.93,4.8805],[96.9125,4.874],[96.928,4.869],[96.939,4.8655],[96.942,4.8655],[96.9445,4.864],[96.953,4.8715],[96.9625,4.878],[97.002,4.899],[97.005,4.917],[97.012,4.93],[97.0395,4.94],[97.0495,4.938],[97.0675,4.9415],[97.08,4.951],[97.0945,4.956],[97.1115,4.9535],[97.1135,4.9585],[97.13,4.962],[97.1335,4.964],[97.1445,4.974],[97.1445,4.9755],[97.1685,4.9905],[97.169,4.991],[97.1705,4.9895],[97.171,4.9895],[97.165,4.9975],[97.1635,4.9985],[97.163,4.9995],[97.161,5.001],[97.159,5.001],[97.1515,5.002],[97.1515,5.0035]]]},"properties":{"code":"11.08.12.2057","name":"Buket Makarti","latitude":4.939204400265006,"longitude":97.03869039981983}},{"type":"Feature","geometry":{"type":"Polygon","coordinates":[[[97.243,5.11],[97.2385,5.1245],[97.2355,5.1235],[97.2365,5.121],[97.237,5.12],[97.2395,5.1125],[97.24,5.1095],[97.2415,5.1095],[97.243,5.11]]]},"properties":{"code":"11.08.13.2001","name":"Alue","latitude":5.11698930720588,"longitude":97.23944540881033}},{"type":"Feature","geometry":{"type":"Polygon","coordinates":[[[97.2435,5.124],[97.2425,5.126],[97.2385,5.1245],[97.243,5.11],[97.243,5.111],[97.243,5.1175],[97.244,5.1175],[97.2435,5.121],[97.2445,5.121],[97.2435,5.124]]]},"properties":{"code":"11.08.13.2002","name":"Mee Matang Panyang","latitude":5.120180115060173,"longitude":97.24186494272897}},{"type":"Feature","geometry":{"type":"Polygon","coordinates":[[[97.246,5.1255],[97.244,5.129],[97.243,5.1285],[97.2435,5.128],[97.2425,5.1275],[97.243,5.1265],[97.2425,5.126],[97.2435,5.124],[97.246,5.1255]]]},"properties":{"code":"11.08.13.2003","name":"Blang","latitude":5.1264531831001765,"longitude":97.24395934173357}},{"type":"Feature","geometry":{"type":"Polygon","coordinates":[[[97.2515,5.132],[97.2505,5.1335],[97.2485,5.1315],[97.249,5.13],[97.2475,5.1295],[97.247,5.131],[97.246,5.1305],[97.246,5.1315],[97.2435,5.13],[97.246,5.1255],[97.248,5.127],[97.2505,5.128],[97.2525,5.1295],[97.2515,5.132]]]},"properties":{"code":"11.08.13.2004","name":"Paloh","latitude":5.129409879642277,"longitude":97.24816336495391}},{"type":"Feature","geometry":{"type":"Polygon","coordinates":[[[97.2485,5.1315],[97.2475,5.131],[97.2465,5.1315],[97.2475,5.1295],[97.249,5.13],[97.2485,5.1315]]]},"properties":{"code":"11.08.13.2005","name":"Keude Matang Payang","latitude":5.130595979194897,"longitude":97.24792273316157}},{"type":"Feature","geometry":{"type":"Polygon","coordinates":[[[97.249,5.1375],[97.2465,5.1385],[97.242,5.13],[97.2425,5.1285],[97.244,5.129],[97.2435,5.13],[97.246,5.1315],[97.246,5.1305],[97.247,5.131],[97.2465,5.1315],[97.2475,5.131],[97.2485,5.1315],[97.2505,5.1335],[97.2495,5.1355],[97.249,5.1375]]]},"properties":{"code":"11.08.13.2006","name":"Gampong Pande","latitude":5.133883002697549,"longitude":97.24594520185545}},{"type":"Feature","geometry":{"type":"Polygon","coordinates":[[[97.293,5.1035],[97.29,5.1025],[97.2905,5.1055],[97.2865,5.104],[97.287,5.093],[97.288,5.095],[97.291,5.0995],[97.292,5.1005],[97.294,5.101],[97.293,5.1035]]]},"properties":{"code":"11.08.13.2007","name":"Matang Ranup Laseh","latitude":5.100060378029813,"longitude":97.2890465767664}},{"type":"Feature","geometry":{"type":"Polygon","coordinates":[[[97.2585,5.1365],[97.257,5.1415],[97.256,5.1415],[97.249,5.1375],[97.2495,5.1355],[97.2515,5.132],[97.2585,5.1365]]]},"properties":{"code":"11.08.13.2008","name":"Cangguek","latitude":5.136797938290538,"longitude":97.25406556717033}},{"type":"Feature","geometry":{"type":"Polygon","coordinates":[[[97.261,5.1325],[97.2585,5.1365],[97.2515,5.132],[97.2525,5.1295],[97.2545,5.1305],[97.255,5.1295],[97.261,5.1325]]]},"properties":{"code":"11.08.13.2009","name":"Kumbang","latitude":5.132501128298577,"longitude":97.25638080705362}},{"type":"Feature","geometry":{"type":"Polygon","coordinates":[[[97.2695,5.1305],[97.2695,5.131],[97.2685,5.135],[97.2615,5.1315],[97.261,5.1325],[97.255,5.1295],[97.2575,5.124],[97.267,5.129],[97.269,5.1305],[97.2695,5.1305]]]},"properties":{"code":"11.08.13.2010","name":"Prie","latitude":5.1296441958781935,"longitude":97.26248862148876}},{"type":"Feature","geometry":{"type":"Polygon","coordinates":[[[97.262,5.1445],[97.2595,5.1445],[97.258,5.143],[97.257,5.142],[97.2565,5.1415],[97.257,5.1415],[97.2585,5.1365],[97.2615,5.1315],[97.2685,5.135],[97.2655,5.1395],[97.262,5.1445]]]},"properties":{"code":"11.08.13.2011","name":"Keutapang","latitude":5.138205327018335,"longitude":97.26173497998215}},{"type":"Feature","geometry":{"type":"Polygon","coordinates":[[[97.2655,5.1395],[97.2635,5.1445],[97.262,5.1445],[97.2655,5.1395]]]},"properties":{"code":"11.08.13.2012","name":"Keude Jrat Manyang","latitude":5.141246062130004,"longitude":97.26365822965948}},{"type":"Feature","geometry":{"type":"Polygon","coordinates":[[[97.2735,5.157],[97.2715,5.1575],[97.271,5.153],[97.2695,5.152],[97.269,5.1505],[97.268,5.1505],[97.267,5.149],[97.2655,5.1495],[97.2635,5.1445],[97.2655,5.1395],[97.2685,5.135],[97.274,5.135],[97.275,5.1365],[97.2775,5.1395],[97.277,5.143],[97.2725,5.143],[97.272,5.145],[97.281,5.15],[97.281,5.1505],[97.281,5.1525],[97.2795,5.155],[97.2735,5.157]]]},"properties":{"code":"11.08.13.2013","name":"Teupin Gapeuh","latitude":5.1451732604613,"longitude":97.27137970828534}},{"type":"Feature","geometry":{"type":"Polygon","coordinates":[[[97.282,5.1415],[97.282,5.145],[97.2825,5.145],[97.2835,5.144],[97.282,5.149],[97.281,5.15],[97.272,5.145],[97.2725,5.143],[97.277,5.143],[97.277,5.1435],[97.282,5.1415]]]},"properties":{"code":"11.08.13.2014","name":"Cibrek","latitude":5.145672800271651,"longitude":97.2789933879118}},{"type":"Feature","geometry":{"type":"Polygon","coordinates":[[[97.2815,5.136],[97.275,5.1345],[97.274,5.135],[97.2685,5.135],[97.2695,5.131],[97.27,5.131],[97.2695,5.1305],[97.27,5.13],[97.27,5.1285],[97.271,5.1275],[97.2715,5.127],[97.2735,5.123],[97.2775,5.1255],[97.2805,5.1185],[97.284,5.1195],[97.288,5.12],[97.289,5.121],[97.2845,5.1245],[97.284,5.126],[97.282,5.129],[97.2815,5.13],[97.2815,5.1315],[97.278,5.129],[97.2815,5.136]]]},"properties":{"code":"11.08.13.2015","name":"Me Merbo","latitude":5.127462427656615,"longitude":97.27797447912562}},{"type":"Feature","geometry":{"type":"Polygon","coordinates":[[[97.2875,5.1155],[97.284,5.1195],[97.2775,5.1175],[97.2775,5.117],[97.278,5.117],[97.2775,5.1165],[97.2785,5.115],[97.28,5.112],[97.2845,5.108],[97.2865,5.104],[97.2905,5.1055],[97.29,5.1025],[97.293,5.1035],[97.2915,5.107],[97.2895,5.11],[97.288,5.113],[97.2875,5.1155]]]},"properties":{"code":"11.08.13.2016","name":"Ulee Tanoh","latitude":5.111675793242026,"longitude":97.28503541824917}},{"type":"Feature","geometry":{"type":"Polygon","coordinates":[[[97.2695,5.152],[97.268,5.1525],[97.2675,5.153],[97.2675,5.154],[97.266,5.154],[97.2565,5.1465],[97.255,5.146],[97.256,5.1445],[97.251,5.141],[97.249,5.1375],[97.256,5.1415],[97.2565,5.1415],[97.257,5.142],[97.258,5.143],[97.2595,5.1445],[97.262,5.1445],[97.2635,5.1445],[97.2655,5.1495],[97.267,5.149],[97.268,5.1505],[97.269,5.1505],[97.2695,5.152]]]},"properties":{"code":"11.08.13.2017","name":"Matang Janeng","latitude":5.146121843690268,"longitude":97.25941208888787}},{"type":"Feature","geometry":{"type":"Polygon","coordinates":[[[97.2705,5.1655],[97.2675,5.168],[97.2655,5.1655],[97.268,5.166],[97.268,5.164],[97.266,5.154],[97.2675,5.154],[97.268,5.1565],[97.2715,5.164],[97.2705,5.1655]]]},"properties":{"code":"11.08.13.2018","name":"Kuala Keureutou Barat","latitude":5.162435166957451,"longitude":97.26847873547443}},{"type":"Feature","geometry":{"type":"Polygon","coordinates":[[[97.471,5.1685],[97.468,5.169],[97.4615,5.172],[97.461,5.1685],[97.4555,5.164],[97.4545,5.161],[97.4545,5.1575],[97.4545,5.1485],[97.467,5.148],[97.4685,5.148],[97.47,5.1505],[97.471,5.153],[97.4705,5.1665],[97.4705,5.1675],[97.471,5.1685]]]},"properties":{"code":"11.08.14.2001","name":"Teupin Gajah","latitude":5.158851707285537,"longitude":97.46291940085953}},{"type":"Feature","geometry":{"type":"Polygon","coordinates":[[[97.486,5.2345],[97.4855,5.2345],[97.484,5.2335],[97.483,5.2335],[97.478,5.235],[97.477,5.231],[97.4785,5.2265],[97.4805,5.224],[97.476,5.206],[97.4795,5.194],[97.481,5.1925],[97.4925,5.1955],[97.4925,5.1975],[97.491,5.198],[97.489,5.2095],[97.4995,5.2125],[97.499,5.2145],[97.488,5.2255],[97.4865,5.234],[97.486,5.2345]]]},"properties":{"code":"11.08.14.2002","name":"Geulumpang Umpung Unou","latitude":5.214118017285542,"longitude":97.48499394452276}},{"type":"Feature","geometry":{"type":"Polygon","coordinates":[[[97.4985,5.1945],[97.5005,5.195],[97.496,5.203],[97.4945,5.2025],[97.494,5.202],[97.493,5.1985],[97.4925,5.1975],[97.4965,5.195],[97.4985,5.1945]]]},"properties":{"code":"11.08.14.2003","name":"Ranto Panyang","latitude":5.198129489357405,"longitude":97.4959244288263}},{"type":"Feature","geometry":{"type":"Polygon","coordinates":[[[97.4985,5.1945],[97.4965,5.195],[97.4945,5.1955],[97.497,5.1885],[97.4995,5.188],[97.501,5.188],[97.4995,5.192],[97.4985,5.1945]]]},"properties":{"code":"11.08.14.2004","name":"Seuneubok Doe","latitude":5.191446052128325,"longitude":97.49736610196013}},{"type":"Feature","geometry":{"type":"Polygon","coordinates":[[[97.481,5.1925],[97.475,5.192],[97.468,5.188],[97.467,5.1875],[97.466,5.187],[97.465,5.1835],[97.4855,5.1825],[97.489,5.1825],[97.49,5.1815],[97.489,5.186],[97.487,5.188],[97.4875,5.188],[97.481,5.1925]]]},"properties":{"code":"11.08.14.2005","name":"Meunasah Geudong","latitude":5.186612792372853,"longitude":97.47772951990818}},{"type":"Feature","geometry":{"type":"Polygon","coordinates":[[[97.4925,5.1955],[97.481,5.1925],[97.4875,5.188],[97.4915,5.189],[97.4915,5.1865],[97.497,5.1885],[97.4945,5.1955],[97.4925,5.1955]]]},"properties":{"code":"11.08.14.2006","name":"Meunasah Merbo","latitude":5.191524430630069,"longitude":97.48976365371125}},{"type":"Feature","geometry":{"type":"Polygon","coordinates":[[[97.487,5.1605],[97.4705,5.1665],[97.471,5.153],[97.4755,5.1495],[97.477,5.15],[97.478,5.151],[97.4785,5.1515],[97.4795,5.151],[97.4815,5.149],[97.482,5.1515],[97.482,5.152],[97.485,5.152],[97.4855,5.152],[97.4875,5.151],[97.487,5.16],[97.487,5.1605]]]},"properties":{"code":"11.08.14.2007","name":"Tanjong Meunye","latitude":5.157535942680382,"longitude":97.4789742506688}},{"type":"Feature","geometry":{"type":"Polygon","coordinates":[[[97.48,5.1765],[97.4795,5.177],[97.4775,5.1765],[97.477,5.1775],[97.473,5.1775],[97.4635,5.1765],[97.462,5.1745],[97.4615,5.172],[97.468,5.169],[97.4705,5.169],[97.477,5.1675],[97.4785,5.176],[97.48,5.1765]]]},"properties":{"code":"11.08.14.2008","name":"Matang Jurong","latitude":5.173037063739516,"longitude":97.47091673304257}},{"type":"Feature","geometry":{"type":"Polygon","coordinates":[[[97.477,5.1675],[97.471,5.1685],[97.4705,5.1675],[97.4705,5.1665],[97.487,5.1605],[97.4875,5.1615],[97.488,5.1615],[97.489,5.161],[97.4915,5.1575],[97.496,5.159],[97.4985,5.1585],[97.4965,5.163],[97.4975,5.164],[97.486,5.1675],[97.477,5.1675]]]},"properties":{"code":"11.08.14.2009","name":"Tanjong Dalam Utara","latitude":5.163698721559845,"longitude":97.48743866782169}},{"type":"Feature","geometry":{"type":"Polygon","coordinates":[[[97.4855,5.1825],[97.465,5.1835],[97.4615,5.178],[97.4635,5.177],[97.473,5.1775],[97.477,5.1775],[97.4775,5.1765],[97.4795,5.177],[97.48,5.1765],[97.4855,5.178],[97.4895,5.1765],[97.4905,5.178],[97.487,5.179],[97.4865,5.1795],[97.4855,5.1825]]]},"properties":{"code":"11.08.14.2010","name":"Meunasah Dayah","latitude":5.17976259543831,"longitude":97.47524273416276}},{"type":"Feature","geometry":{"type":"Polygon","coordinates":[[[97.4895,5.1765],[97.4855,5.178],[97.4785,5.176],[97.477,5.1675],[97.486,5.1675],[97.4875,5.1685],[97.487,5.171],[97.4885,5.1745],[97.4895,5.1765]]]},"properties":{"code":"11.08.14.2011","name":"Seuneubok Pidie","latitude":5.172100364233876,"longitude":97.4829075422081}},{"type":"Feature","geometry":{"type":"Polygon","coordinates":[[[97.4975,5.164],[97.4985,5.1645],[97.4975,5.167],[97.498,5.168],[97.499,5.1675],[97.498,5.171],[97.497,5.171],[97.4955,5.172],[97.495,5.174],[97.493,5.174],[97.4885,5.1715],[97.488,5.1685],[97.4875,5.1685],[97.486,5.1675],[97.4975,5.164]]]},"properties":{"code":"11.08.14.2012","name":"Tanjong Menuang","latitude":5.169198284205487,"longitude":97.49296128445532}},{"type":"Feature","geometry":{"type":"Polygon","coordinates":[[[97.48,5.069],[97.478,5.068],[97.477,5.067],[97.467,5.07],[97.466,5.0705],[97.4635,5.069],[97.4595,5.0695],[97.46,5.063],[97.4635,5.0625],[97.466,5.063],[97.4685,5.0635],[97.4735,5.0615],[97.4745,5.061],[97.477,5.0605],[97.483,5.064],[97.4805,5.0685],[97.48,5.0685],[97.48,5.069]]]},"properties":{"code":"11.08.14.2013","name":"Matang Teungoh-Teungoh","latitude":5.065485061741014,"longitude":97.4709905880203}},{"type":"Feature","geometry":{"type":"Polygon","coordinates":[[[97.4585,5.09],[97.453,5.089],[97.454,5.0855],[97.4515,5.0795],[97.4505,5.078],[97.4495,5.0745],[97.4505,5.0745],[97.4515,5.074],[97.4545,5.0745],[97.46,5.0775],[97.461,5.0805],[97.465,5.085],[97.4655,5.085],[97.4585,5.09]]]},"properties":{"code":"11.08.14.2014","name":"Lhok Reudeup","latitude":5.082630230575119,"longitude":97.45681141115502}},{"type":"Feature","geometry":{"type":"Polygon","coordinates":[[[97.473,5.0815],[97.468,5.0865],[97.4675,5.0865],[97.4685,5.079],[97.467,5.078],[97.467,5.077],[97.466,5.076],[97.467,5.0745],[97.468,5.072],[97.4705,5.0745],[97.4755,5.077],[97.4765,5.078],[97.473,5.0815]]]},"properties":{"code":"11.08.14.2015","name":"Lhok Merbo","latitude":5.078501817920542,"longitude":97.47031076405285}},{"type":"Feature","geometry":{"type":"Polygon","coordinates":[[[97.4675,5.094],[97.4675,5.0945],[97.4725,5.102],[97.47,5.105],[97.4675,5.105],[97.4685,5.109],[97.468,5.1095],[97.4645,5.1095],[97.4625,5.108],[97.4615,5.106],[97.4605,5.104],[97.461,5.1025],[97.4665,5.093],[97.4675,5.094]]]},"properties":{"code":"11.08.14.2016","name":"Tanjong Ara","latitude":5.102722071982356,"longitude":97.46654806970965}},{"type":"Feature","geometry":{"type":"Polygon","coordinates":[[[97.4695,5.0935],[97.4695,5.093],[97.468,5.093],[97.4675,5.094],[97.4665,5.093],[97.4745,5.0885],[97.474,5.0845],[97.4745,5.083],[97.4775,5.086],[97.4775,5.087],[97.478,5.088],[97.4695,5.0935]]]},"properties":{"code":"11.08.14.2017","name":"Alue Ie Mirah","latitude":5.089428303251831,"longitude":97.47350883180114}},{"type":"Feature","geometry":{"type":"Polygon","coordinates":[[[97.478,5.088],[97.4765,5.094],[97.4765,5.095],[97.478,5.0955],[97.4785,5.0955],[97.482,5.097],[97.481,5.0985],[97.4775,5.099],[97.4765,5.1],[97.4745,5.098],[97.473,5.095],[97.4705,5.095],[97.4695,5.0935],[97.478,5.088]]]},"properties":{"code":"11.08.14.2018","name":"Tanjong Punti","latitude":5.0940632739697485,"longitude":97.47680236564486}},{"type":"Feature","geometry":{"type":"Polygon","coordinates":[[[97.466,5.076],[97.467,5.077],[97.467,5.078],[97.4685,5.079],[97.4675,5.0865],[97.4665,5.086],[97.465,5.085],[97.461,5.0805],[97.46,5.077],[97.466,5.0765],[97.466,5.076]]]},"properties":{"code":"11.08.14.2019","name":"Buket Alue Puteh","latitude":5.080314312155459,"longitude":97.4645058245665}},{"type":"Feature","geometry":{"type":"Polygon","coordinates":[[[97.46,5.063],[97.4525,5.064],[97.4435,5.053],[97.4395,5.042],[97.44,5.04],[97.4415,5.0355],[97.442,5.034],[97.444,5.029],[97.444,5.026],[97.4465,5.011],[97.4535,5.006],[97.454,5.006],[97.464,5.0105],[97.467,5.018],[97.468,5.023],[97.4685,5.024],[97.468,5.024],[97.458,5.0245],[97.462,5.039],[97.4695,5.047],[97.469,5.052],[97.471,5.0545],[97.4685,5.0635],[97.466,5.063],[97.4635,5.0625],[97.46,5.063]]]},"properties":{"code":"11.08.14.2020","name":"Buket Jrat Manyang","latitude":5.036029223475012,"longitude":97.45541337200355}},{"type":"Feature","geometry":{"type":"Polygon","coordinates":[[[97.4665,5.093],[97.458,5.093],[97.4585,5.09],[97.4655,5.085],[97.4665,5.086],[97.468,5.0865],[97.473,5.0815],[97.4745,5.083],[97.474,5.0845],[97.4745,5.0885],[97.4665,5.093]]]},"properties":{"code":"11.08.14.2021","name":"Matang Maneh","latitude":5.088379220844583,"longitude":97.46721622817847}},{"type":"Feature","geometry":{"type":"Polygon","coordinates":[[[97.4785,5.0435],[97.4695,5.047],[97.462,5.039],[97.458,5.0245],[97.468,5.024],[97.4735,5.0235],[97.4785,5.0435]]]},"properties":{"code":"11.08.14.2022","name":"Pucok Alue","latitude":5.034620843061036,"longitude":97.46927226070055}},{"type":"Feature","geometry":{"type":"Polygon","coordinates":[[[97.485,5.053],[97.4815,5.051],[97.479,5.047],[97.4785,5.045],[97.4785,5.0435],[97.4735,5.0235],[97.4685,5.024],[97.468,5.023],[97.467,5.018],[97.464,5.0105],[97.454,5.006],[97.455,5.0035],[97.458,4.9845],[97.4665,4.9745],[97.4675,4.966],[97.4685,4.9645],[97.4735,4.9685],[97.4745,4.9715],[97.4735,4.985],[97.479,4.996],[97.4805,5.0005],[97.482,5.0155],[97.483,5.0155],[97.485,5.016],[97.485,5.0195],[97.4855,5.025],[97.4855,5.027],[97.4845,5.027],[97.484,5.0345],[97.485,5.0415],[97.4855,5.0415],[97.485,5.052],[97.485,5.053]]]},"properties":{"code":"11.08.14.2023","name":"Matang Serdang","latitude":5.005598351571827,"longitude":97.47161792061416}},{"type":"Feature","geometry":{"type":"Polygon","coordinates":[[[97.4665,5.093],[97.461,5.1025],[97.4605,5.102],[97.456,5.1005],[97.456,5.094],[97.458,5.093],[97.4665,5.093]]]},"properties":{"code":"11.08.14.2024","name":"Matang Santot","latitude":5.097113121257752,"longitude":97.46102905911336}},{"type":"Feature","geometry":{"type":"Polygon","coordinates":[[[97.46,5.077],[97.46,5.0775],[97.4545,5.0745],[97.4585,5.07],[97.4635,5.069],[97.466,5.0705],[97.4665,5.0715],[97.466,5.072],[97.468,5.072],[97.467,5.0745],[97.466,5.0765],[97.46,5.077]]]},"properties":{"code":"11.08.14.2025","name":"Buket Padang","latitude":5.073215021802629,"longitude":97.46146290371536}},{"type":"Feature","geometry":{"type":"Polygon","coordinates":[[[97.487,5.0605],[97.484,5.063],[97.483,5.064],[97.477,5.0605],[97.4785,5.059],[97.478,5.058],[97.4745,5.056],[97.4765,5.053],[97.481,5.0535],[97.485,5.053],[97.487,5.0605]]]},"properties":{"code":"11.08.14.2026","name":"Matang Seuke Pulot","latitude":5.057760186640899,"longitude":97.48151364213005}},{"type":"Feature","geometry":{"type":"Polygon","coordinates":[[[97.4815,5.073],[97.4765,5.078],[97.4755,5.077],[97.4705,5.0745],[97.468,5.072],[97.466,5.072],[97.4665,5.0715],[97.466,5.0705],[97.467,5.07],[97.477,5.067],[97.478,5.068],[97.48,5.069],[97.48,5.0695],[97.4815,5.073]]]},"properties":{"code":"11.08.14.2027","name":"Lhok Beuringen","latitude":5.072044338811788,"longitude":97.47482277366885}},{"type":"Feature","geometry":{"type":"Polygon","coordinates":[[[97.481,5.0535],[97.4765,5.053],[97.4755,5.055],[97.474,5.0535],[97.4735,5.053],[97.471,5.0545],[97.469,5.052],[97.4695,5.047],[97.4785,5.0435],[97.4785,5.045],[97.479,5.047],[97.4815,5.051],[97.481,5.0535]]]},"properties":{"code":"11.08.14.2028","name":"Lueng Tuha","latitude":5.050045766774135,"longitude":97.4749197738769}},{"type":"Feature","geometry":{"type":"Polygon","coordinates":[[[97.477,5.0605],[97.4745,5.061],[97.4735,5.0615],[97.4685,5.0635],[97.471,5.0545],[97.4735,5.053],[97.474,5.0535],[97.4755,5.055],[97.4745,5.056],[97.478,5.058],[97.4785,5.059],[97.477,5.0605]]]},"properties":{"code":"11.08.14.2029","name":"Matang Raya","latitude":5.058684612330241,"longitude":97.47274871281732}},{"type":"Feature","geometry":{"type":"Polygon","coordinates":[[[97.4685,5.1345],[97.4555,5.1355],[97.454,5.131],[97.456,5.131],[97.461,5.1295],[97.465,5.1285],[97.47,5.1245],[97.4705,5.125],[97.476,5.124],[97.477,5.1245],[97.478,5.128],[97.478,5.129],[97.475,5.1305],[97.47,5.131],[97.469,5.1315],[97.4685,5.1325],[97.4685,5.1345]]]},"properties":{"code":"11.08.14.2030","name":"Tanjong Ceungai","latitude":5.130009030887185,"longitude":97.46689296424195}},{"type":"Feature","geometry":{"type":"Polygon","coordinates":[[[97.4685,5.148],[97.467,5.148],[97.4545,5.1485],[97.4545,5.139],[97.456,5.1365],[97.4555,5.1355],[97.4685,5.1345],[97.469,5.136],[97.47,5.138],[97.4695,5.141],[97.4675,5.1455],[97.4685,5.148]]]},"properties":{"code":"11.08.14.2031","name":"Teupin Bayu","latitude":5.141423353639949,"longitude":97.46179635602587}},{"type":"Feature","geometry":{"type":"Polygon","coordinates":[[[97.47,5.1245],[97.465,5.1285],[97.461,5.1295],[97.456,5.131],[97.454,5.131],[97.4535,5.1285],[97.4525,5.1295],[97.451,5.128],[97.452,5.1235],[97.457,5.1225],[97.4585,5.12],[97.462,5.116],[97.463,5.118],[97.47,5.1185],[97.4695,5.1235],[97.4695,5.124],[97.47,5.1245]]]},"properties":{"code":"11.08.14.2032","name":"Meunasah Panton Labu","latitude":5.123877017031249,"longitude":97.46118069741289}},{"type":"Feature","geometry":{"type":"Polygon","coordinates":[[[97.462,5.116],[97.4585,5.12],[97.457,5.1225],[97.452,5.1235],[97.451,5.1205],[97.45,5.1195],[97.4565,5.1145],[97.46,5.113],[97.462,5.116]]]},"properties":{"code":"11.08.14.2033","name":"Kota Panton Labu","latitude":5.118277258131613,"longitude":97.45601268094126}},{"type":"Feature","geometry":{"type":"Polygon","coordinates":[[[97.4565,5.1145],[97.45,5.1195],[97.45,5.115],[97.453,5.113],[97.4525,5.112],[97.4495,5.1115],[97.4495,5.111],[97.4525,5.108],[97.4565,5.1145]]]},"properties":{"code":"11.08.14.2034","name":"Rawang Itek","latitude":5.113751222015871,"longitude":97.45239794258167}},{"type":"Feature","geometry":{"type":"Polygon","coordinates":[[[97.46,5.113],[97.4565,5.1145],[97.4525,5.108],[97.4565,5.1045],[97.4615,5.106],[97.4625,5.108],[97.462,5.11],[97.46,5.113]]]},"properties":{"code":"11.08.14.2035","name":"Samakurok","latitude":5.109333989206867,"longitude":97.45760347256468}},{"type":"Feature","geometry":{"type":"Polygon","coordinates":[[[97.438,5.114],[97.4355,5.1145],[97.4355,5.113],[97.4355,5.104],[97.438,5.0965],[97.438,5.094],[97.4405,5.095],[97.443,5.0995],[97.4435,5.1005],[97.4435,5.1025],[97.444,5.106],[97.444,5.109],[97.4445,5.11],[97.439,5.1125],[97.438,5.114]]]},"properties":{"code":"11.08.14.2036","name":"Biara Barat","latitude":5.104717936803676,"longitude":97.4398519055776}},{"type":"Feature","geometry":{"type":"Polygon","coordinates":[[[97.4495,5.1115],[97.445,5.11],[97.444,5.109],[97.444,5.106],[97.4435,5.104],[97.4555,5.105],[97.4525,5.108],[97.4495,5.111],[97.4495,5.1115]]]},"properties":{"code":"11.08.14.2037","name":"Biara Timur","latitude":5.107199921508967,"longitude":97.4483055578231}},{"type":"Feature","geometry":{"type":"Polygon","coordinates":[[[97.4485,5.118],[97.444,5.121],[97.444,5.118],[97.4435,5.1135],[97.445,5.1115],[97.4495,5.1115],[97.4525,5.112],[97.453,5.113],[97.45,5.115],[97.4485,5.118]]]},"properties":{"code":"11.08.14.2038","name":"Matang Drien","latitude":5.115057103243439,"longitude":97.44708797683619}},{"type":"Feature","geometry":{"type":"Polygon","coordinates":[[[97.452,5.1235],[97.451,5.128],[97.448,5.1255],[97.4435,5.126],[97.443,5.1255],[97.443,5.1245],[97.444,5.121],[97.4485,5.118],[97.451,5.1205],[97.452,5.1235]]]},"properties":{"code":"11.08.14.2039","name":"Ceumpeudak","latitude":5.123105990220171,"longitude":97.44821914665961}},{"type":"Feature","geometry":{"type":"Polygon","coordinates":[[[97.4615,5.106],[97.4565,5.1045],[97.4555,5.105],[97.4435,5.104],[97.4435,5.1025],[97.4435,5.1005],[97.443,5.099],[97.456,5.094],[97.456,5.1005],[97.4605,5.102],[97.4605,5.104],[97.4615,5.106]]]},"properties":{"code":"11.08.14.2040","name":"Alue Papeun","latitude":5.101291177161577,"longitude":97.45247117333817}},{"type":"Feature","geometry":{"type":"Polygon","coordinates":[[[97.456,5.094],[97.443,5.099],[97.4435,5.0925],[97.4425,5.0905],[97.446,5.0895],[97.449,5.0875],[97.453,5.0885],[97.453,5.089],[97.4585,5.09],[97.458,5.093],[97.456,5.094]]]},"properties":{"code":"11.08.14.2041","name":"Lhok Bintang Hu","latitude":5.093319090850248,"longitude":97.44946776266384}},{"type":"Feature","geometry":{"type":"Polygon","coordinates":[[[97.453,5.0885],[97.449,5.0875],[97.446,5.0895],[97.4425,5.0905],[97.4415,5.0875],[97.442,5.081],[97.4495,5.08],[97.4515,5.0795],[97.454,5.0855],[97.453,5.0885]]]},"properties":{"code":"11.08.14.2042","name":"Biram Rayeuk","latitude":5.084604827124459,"longitude":97.447289994242}},{"type":"Feature","geometry":{"type":"Polygon","coordinates":[[[97.443,5.099],[97.443,5.0995],[97.4405,5.095],[97.4355,5.093],[97.433,5.0895],[97.4315,5.0855],[97.431,5.078],[97.438,5.073],[97.439,5.081],[97.442,5.081],[97.4415,5.0875],[97.4435,5.0925],[97.443,5.099]]]},"properties":{"code":"11.08.14.2043","name":"Cot Biek","latitude":5.085203130716516,"longitude":97.43718195469245}},{"type":"Feature","geometry":{"type":"Polygon","coordinates":[[[97.427,5.093],[97.4235,5.092],[97.4235,5.091],[97.4265,5.088],[97.4315,5.0855],[97.433,5.0895],[97.4355,5.093],[97.427,5.093]]]},"properties":{"code":"11.08.14.2044","name":"Matang Arongan","latitude":5.090197968442156,"longitude":97.42948480747592}},{"type":"Feature","geometry":{"type":"Polygon","coordinates":[[[97.4505,5.078],[97.4495,5.08],[97.442,5.081],[97.439,5.081],[97.438,5.072],[97.442,5.072],[97.4485,5.069],[97.4495,5.0695],[97.45,5.073],[97.4495,5.0745],[97.45,5.0765],[97.4505,5.078]]]},"properties":{"code":"11.08.14.2045","name":"Biram Cut","latitude":5.075624749278359,"longitude":97.44459384556687}},{"type":"Feature","geometry":{"type":"Polygon","coordinates":[[[97.4545,5.0745],[97.4515,5.074],[97.4505,5.0745],[97.4495,5.0745],[97.45,5.073],[97.4495,5.0695],[97.4485,5.0685],[97.4525,5.064],[97.46,5.063],[97.4595,5.0695],[97.4585,5.07],[97.4545,5.0745]]]},"properties":{"code":"11.08.14.2046","name":"Buket Batee Badan","latitude":5.0686389510139325,"longitude":97.45488864637373}},{"type":"Feature","geometry":{"type":"Polygon","coordinates":[[[97.4485,5.069],[97.442,5.072],[97.4395,5.072],[97.4385,5.063],[97.439,5.0625],[97.4395,5.058],[97.442,5.056],[97.4425,5.055],[97.4435,5.053],[97.4525,5.064],[97.4485,5.0685],[97.4485,5.069]]]},"properties":{"code":"11.08.14.2047","name":"Ulee Glee","latitude":5.0628175269020215,"longitude":97.44525041728618}},{"type":"Feature","geometry":{"type":"Polygon","coordinates":[[[96.933,5.222],[96.9285,5.228],[96.93,5.2315],[96.927,5.2315],[96.925,5.2315],[96.9225,5.232],[96.9215,5.232],[96.9215,5.231],[96.922,5.2295],[96.921,5.2295],[96.921,5.2285],[96.9225,5.228],[96.9215,5.224],[96.9315,5.2215],[96.933,5.222]]]},"properties":{"code":"11.08.15.2001","name":"Lagang","latitude":5.226676717621429,"longitude":96.9263974483812}},{"type":"Feature","geometry":{"type":"Polygon","coordinates":[[[96.9525,5.209],[96.9515,5.2105],[96.9465,5.2135],[96.945,5.2155],[96.9435,5.218],[96.9415,5.2155],[96.941,5.205],[96.948,5.205],[96.9475,5.206],[96.9525,5.209]]]},"properties":{"code":"11.08.15.2002","name":"Abeuk Reuling","latitude":5.210481626723581,"longitude":96.94559273737973}},{"type":"Feature","geometry":{"type":"Polygon","coordinates":[[[96.9525,5.219],[96.9505,5.2205],[96.947,5.2185],[96.9455,5.218],[96.945,5.2185],[96.9445,5.2185],[96.9435,5.218],[96.945,5.2155],[96.9465,5.2135],[96.9515,5.2105],[96.953,5.208],[96.9585,5.2125],[96.95,5.217],[96.9505,5.218],[96.9525,5.219]]]},"properties":{"code":"11.08.15.2003","name":"Lhok Krek","latitude":5.214428134426186,"longitude":96.95127638446857}},{"type":"Feature","geometry":{"type":"Polygon","coordinates":[[[96.9155,5.2315],[96.914,5.2305],[96.913,5.232],[96.9125,5.2325],[96.912,5.2335],[96.9115,5.2335],[96.912,5.2325],[96.913,5.2315],[96.9145,5.2245],[96.9135,5.223],[96.9105,5.225],[96.909,5.223],[96.9085,5.2215],[96.9105,5.2235],[96.9145,5.2225],[96.9155,5.2235],[96.9175,5.224],[96.919,5.2235],[96.9225,5.228],[96.92,5.2295],[96.919,5.2315],[96.9155,5.2315]]]},"properties":{"code":"11.08.15.2004","name":"Lhok Merbo","latitude":5.227004767397545,"longitude":96.9169247643521}},{"type":"Feature","geometry":{"type":"Polygon","coordinates":[[[96.9215,5.224],[96.919,5.2235],[96.9175,5.224],[96.9155,5.2235],[96.9145,5.2225],[96.9105,5.2235],[96.9105,5.2225],[96.911,5.223],[96.914,5.2215],[96.911,5.2165],[96.9115,5.2145],[96.9245,5.213],[96.935,5.2195],[96.9365,5.218],[96.9365,5.22],[96.9375,5.2215],[96.936,5.2225],[96.9315,5.2215],[96.9215,5.224]]]},"properties":{"code":"11.08.15.2005","name":"Gle Dagang","latitude":5.218285466919042,"longitude":96.92285026736988}},{"type":"Feature","geometry":{"type":"Polygon","coordinates":[[[96.9425,5.2165],[96.942,5.2175],[96.9415,5.219],[96.9415,5.2195],[96.937,5.217],[96.935,5.2195],[96.9245,5.213],[96.925,5.213],[96.925,5.211],[96.93,5.2075],[96.9305,5.2075],[96.941,5.205],[96.9415,5.2155],[96.9425,5.2165]]]},"properties":{"code":"11.08.15.2006","name":"Kuta Meuligoe","latitude":5.21240059542842,"longitude":96.93452913217124}},{"type":"Feature","geometry":{"type":"Polygon","coordinates":[[[96.93,5.2075],[96.925,5.211],[96.916,5.206],[96.916,5.204],[96.918,5.202],[96.918,5.2015],[96.918,5.201],[96.917,5.2],[96.92,5.1995],[96.9205,5.1995],[96.9205,5.199],[96.9215,5.1995],[96.922,5.1995],[96.926,5.1985],[96.928,5.2],[96.9285,5.203],[96.93,5.2075]]]},"properties":{"code":"11.08.15.2007","name":"Gampong Teungoh","latitude":5.204525170709833,"longitude":96.92337938182689}},{"type":"Feature","geometry":{"type":"Polygon","coordinates":[[[96.941,5.205],[96.9305,5.2075],[96.9285,5.203],[96.928,5.2],[96.943,5.1965],[96.949,5.199],[96.949,5.1995],[96.9485,5.203],[96.948,5.205],[96.941,5.205]]]},"properties":{"code":"11.08.15.2008","name":"Babah Buloh","latitude":5.2020892795749445,"longitude":96.93832795677325}},{"type":"Feature","geometry":{"type":"Polygon","coordinates":[[[96.928,5.2],[96.926,5.1985],[96.924,5.199],[96.923,5.196],[96.923,5.1915],[96.925,5.19],[96.9275,5.19],[96.9275,5.1895],[96.933,5.189],[96.9365,5.191],[96.94,5.189],[96.9395,5.1875],[96.941,5.1865],[96.9415,5.186],[96.943,5.185],[96.943,5.19],[96.944,5.1955],[96.943,5.1965],[96.928,5.2]]]},"properties":{"code":"11.08.15.2009","name":"Meunasah Pulo","latitude":5.193804391509383,"longitude":96.93336267850817}},{"type":"Feature","geometry":{"type":"Polygon","coordinates":[[[96.943,5.185],[96.9415,5.186],[96.941,5.1865],[96.9395,5.1875],[96.94,5.189],[96.9365,5.191],[96.933,5.189],[96.9275,5.1895],[96.9275,5.19],[96.925,5.19],[96.9225,5.1855],[96.9225,5.1835],[96.923,5.1835],[96.932,5.1745],[96.941,5.1745],[96.9415,5.174],[96.942,5.1745],[96.9435,5.1745],[96.9435,5.175],[96.941,5.175],[96.941,5.1765],[96.9425,5.178],[96.943,5.1795],[96.943,5.185]]]},"properties":{"code":"11.08.15.2010","name":"Punteuet","latitude":5.1826961054342116,"longitude":96.93393412824535}},{"type":"Feature","geometry":{"type":"Polygon","coordinates":[[[96.924,5.199],[96.9215,5.1995],[96.9205,5.199],[96.9205,5.1995],[96.92,5.1995],[96.917,5.2],[96.916,5.1995],[96.915,5.198],[96.9125,5.1975],[96.912,5.198],[96.9115,5.1955],[96.9115,5.195],[96.9105,5.195],[96.9105,5.1935],[96.9105,5.192],[96.9105,5.1915],[96.9115,5.1915],[96.9115,5.191],[96.914,5.192],[96.914,5.193],[96.923,5.1915],[96.923,5.196],[96.924,5.199]]]},"properties":{"code":"11.08.15.2011","name":"Pante Jaloh","latitude":5.195518657658294,"longitude":96.91757143404888}},{"type":"Feature","geometry":{"type":"Polygon","coordinates":[[[96.923,5.1915],[96.914,5.193],[96.9145,5.1905],[96.914,5.187],[96.9155,5.1835],[96.922,5.1835],[96.9225,5.1835],[96.9225,5.1855],[96.923,5.1865],[96.925,5.19],[96.923,5.1915]]]},"properties":{"code":"11.08.15.2012","name":"Lhok Kuyun","latitude":5.1879464737579,"longitude":96.91879151313788}},{"type":"Feature","geometry":{"type":"Polygon","coordinates":[[[96.9435,5.1745],[96.942,5.1745],[96.9415,5.174],[96.941,5.1745],[96.932,5.1745],[96.923,5.1835],[96.922,5.1835],[96.9155,5.1835],[96.9105,5.181],[96.9105,5.1805],[96.917,5.175],[96.925,5.167],[96.9255,5.164],[96.928,5.162],[96.9385,5.165],[96.94,5.164],[96.941,5.1645],[96.943,5.1725],[96.9435,5.1745]]]},"properties":{"code":"11.08.15.2013","name":"Blang Reuling","latitude":5.1741349058200665,"longitude":96.92719431342196}},{"type":"Feature","geometry":{"type":"Polygon","coordinates":[[[96.9155,5.1835],[96.914,5.187],[96.9145,5.1905],[96.914,5.192],[96.9115,5.191],[96.9115,5.1915],[96.9105,5.1915],[96.911,5.1905],[96.91,5.1905],[96.9095,5.189],[96.8995,5.181],[96.8995,5.1805],[96.9015,5.1795],[96.9015,5.179],[96.9055,5.18],[96.9105,5.1795],[96.9105,5.181],[96.9155,5.1835]]]},"properties":{"code":"11.08.15.2014","name":"Lhok Gajah","latitude":5.1848328591499895,"longitude":96.90870352340113}},{"type":"Feature","geometry":{"type":"Polygon","coordinates":[[[96.9495,5.1335],[96.9495,5.1345],[96.9485,5.1365],[96.9485,5.139],[96.95,5.141],[96.9485,5.1465],[96.9495,5.15],[96.9475,5.16],[96.947,5.1615],[96.9435,5.164],[96.943,5.1645],[96.9475,5.171],[96.943,5.176],[96.941,5.176],[96.941,5.175],[96.9435,5.175],[96.9435,5.1745],[96.9435,5.174],[96.943,5.1725],[96.941,5.1645],[96.94,5.164],[96.9385,5.165],[96.928,5.162],[96.9265,5.157],[96.926,5.145],[96.93,5.1225],[96.932,5.122],[96.9345,5.1205],[96.936,5.1205],[96.9375,5.1185],[96.9385,5.117],[96.938,5.1165],[96.9315,5.116],[96.9305,5.1165],[96.918,5.0875],[96.912,5.087],[96.9115,5.086],[96.9135,5.0725],[96.901,5.0745],[96.8995,5.0745],[96.9005,5.0695],[96.9005,5.067],[96.898,5.067],[96.8985,5.0645],[96.898,5.0635],[96.9015,5.0585],[96.914,5.045],[96.9165,5.046],[96.9245,5.041],[96.933,5.0455],[96.934,5.045],[96.9335,5.0435],[96.935,5.0425],[96.939,5.0425],[96.9415,5.0425],[96.9425,5.043],[96.9465,5.061],[96.9475,5.0645],[96.9475,5.0995],[96.9495,5.1335]]]},"properties":{"code":"11.08.15.2015","name":"Teupin Rusep","latitude":5.096613353326961,"longitude":96.9320589189453}},{"type":"Feature","geometry":{"type":"Polygon","coordinates":[[[96.9645,5.231],[96.958,5.2265],[96.9585,5.2125],[96.9635,5.2095],[96.9655,5.21],[96.9655,5.2105],[96.9665,5.2105],[96.972,5.2115],[96.9735,5.212],[96.974,5.212],[96.975,5.2145],[96.969,5.23],[96.9675,5.2305],[96.9665,5.23],[96.966,5.23],[96.9645,5.231]]]},"properties":{"code":"11.08.15.2016","name":"Ulee Geudong","latitude":5.219296273242788,"longitude":96.96578238892545}},{"type":"Feature","geometry":{"type":"Polygon","coordinates":[[[96.9585,5.2125],[96.958,5.2265],[96.953,5.222],[96.9525,5.221],[96.953,5.2195],[96.9505,5.218],[96.95,5.217],[96.9585,5.2125]]]},"properties":{"code":"11.08.15.2017","name":"Tanjong Keumala","latitude":5.219320039085593,"longitude":96.95668290133801}},{"type":"Feature","geometry":{"type":"Polygon","coordinates":[[[96.9785,5.232],[96.971,5.2305],[96.969,5.23],[96.975,5.2145],[96.9785,5.2315],[96.9785,5.232]]]},"properties":{"code":"11.08.15.2018","name":"Cot Kumuneng","latitude":5.223938180270298,"longitude":96.97431577105175}},{"type":"Feature","geometry":{"type":"Polygon","coordinates":[[[96.966,5.2105],[96.9655,5.2105],[96.9655,5.21],[96.9635,5.2095],[96.9585,5.2125],[96.953,5.208],[96.9525,5.209],[96.9475,5.206],[96.9485,5.203],[96.949,5.1995],[96.9495,5.199],[96.9525,5.1925],[96.9555,5.193],[96.9645,5.205],[96.9665,5.206],[96.966,5.2105]]]},"properties":{"code":"11.08.15.2019","name":"Cot Lambideng","latitude":5.202418599941475,"longitude":96.95533569636413}},{"type":"Feature","geometry":{"type":"Polygon","coordinates":[[[96.986,5.2295],[96.986,5.2325],[96.979,5.232],[96.9785,5.2315],[96.975,5.2145],[96.974,5.212],[96.978,5.211],[96.978,5.212],[96.977,5.213],[96.9775,5.214],[96.9835,5.223],[96.9865,5.222],[96.9885,5.2225],[96.99,5.223],[96.988,5.225],[96.9845,5.226],[96.9855,5.229],[96.986,5.2295]]]},"properties":{"code":"11.08.15.2020","name":"Paya Gaboh","latitude":5.223846338929061,"longitude":96.98112369139896}},{"type":"Feature","geometry":{"type":"Polygon","coordinates":[[[96.917,5.175],[96.9105,5.1805],[96.9105,5.1795],[96.9055,5.18],[96.9025,5.1705],[96.9025,5.1685],[96.908,5.1625],[96.9155,5.162],[96.916,5.1685],[96.917,5.175]]]},"properties":{"code":"11.08.15.2021","name":"Paya Rabo Lhok","latitude":5.171480113836124,"longitude":96.91039140806386}},{"type":"Feature","geometry":{"type":"Polygon","coordinates":[[[96.925,5.167],[96.917,5.175],[96.916,5.1685],[96.925,5.167]]]},"properties":{"code":"11.08.15.2022","name":"Paya Rabo Timu","latitude":5.170339764889325,"longitude":96.91986048722396}},{"type":"Feature","geometry":{"type":"Polygon","coordinates":[[[96.925,5.167],[96.916,5.1685],[96.9155,5.1605],[96.9175,5.1585],[96.9205,5.153],[96.926,5.154],[96.9265,5.157],[96.928,5.162],[96.9255,5.164],[96.925,5.167]]]},"properties":{"code":"11.08.15.2023","name":"Lancok","latitude":5.160926218733135,"longitude":96.92139868707069}},{"type":"Feature","geometry":{"type":"Polygon","coordinates":[[[96.9155,5.162],[96.908,5.1625],[96.908,5.161],[96.907,5.159],[96.9045,5.156],[96.9025,5.1545],[96.9085,5.153],[96.919,5.1545],[96.9175,5.1585],[96.9155,5.1605],[96.9155,5.162]]]},"properties":{"code":"11.08.15.2024","name":"Rambong Payong","latitude":5.157444153998598,"longitude":96.91111508462433}},{"type":"Feature","geometry":{"type":"Polygon","coordinates":[[[96.908,5.1625],[96.9045,5.1635],[96.9025,5.163],[96.8955,5.1625],[96.8945,5.162],[96.893,5.162],[96.8915,5.1545],[96.892,5.1515],[96.892,5.151],[96.895,5.15],[96.896,5.149],[96.897,5.1505],[96.901,5.153],[96.9025,5.1545],[96.9045,5.156],[96.907,5.159],[96.908,5.161],[96.908,5.1625]]]},"properties":{"code":"11.08.15.2025","name":"Lhok Bayu","latitude":5.1573657457161275,"longitude":96.89839253215911}},{"type":"Feature","geometry":{"type":"Polygon","coordinates":[[[96.8995,5.1805],[96.9,5.1795],[96.896,5.181],[96.8945,5.181],[96.892,5.18],[96.8915,5.178],[96.891,5.177],[96.8905,5.175],[96.891,5.173],[96.8935,5.1635],[96.893,5.162],[96.8945,5.162],[96.8955,5.1625],[96.9025,5.163],[96.9045,5.1635],[96.908,5.1625],[96.9025,5.1685],[96.9025,5.1705],[96.9055,5.18],[96.9015,5.179],[96.9015,5.1795],[96.8995,5.1805]]]},"properties":{"code":"11.08.15.2026","name":"Krueng Baro","latitude":5.171393833162973,"longitude":96.89816449205308}},{"type":"Feature","geometry":{"type":"Polygon","coordinates":[[[96.9085,5.153],[96.9025,5.1545],[96.901,5.153],[96.897,5.1505],[96.897,5.1495],[96.8955,5.1485],[96.8985,5.1425],[96.904,5.139],[96.9065,5.138],[96.911,5.1365],[96.9125,5.138],[96.9155,5.141],[96.9165,5.14],[96.9165,5.1405],[96.9155,5.142],[96.9095,5.149],[96.9075,5.1505],[96.9085,5.153]]]},"properties":{"code":"11.08.15.2027","name":"Babah Krueng","latitude":5.145236718605836,"longitude":96.90605894376759}},{"type":"Feature","geometry":{"type":"Polygon","coordinates":[[[96.906,5.1385],[96.904,5.139],[96.901,5.141],[96.8985,5.1385],[96.896,5.135],[96.894,5.129],[96.9075,5.1055],[96.9115,5.086],[96.912,5.087],[96.918,5.0875],[96.9305,5.1165],[96.9295,5.117],[96.902,5.1285],[96.906,5.1385]]]},"properties":{"code":"11.08.15.2028","name":"Jurong","latitude":5.112752455142806,"longitude":96.91143193969802}},{"type":"Feature","geometry":{"type":"Polygon","coordinates":[[[96.926,5.154],[96.9205,5.153],[96.919,5.1545],[96.9085,5.153],[96.9075,5.1505],[96.9095,5.149],[96.9155,5.142],[96.9165,5.1405],[96.9165,5.14],[96.9155,5.141],[96.9125,5.138],[96.912,5.1375],[96.916,5.13],[96.9275,5.123],[96.93,5.1225],[96.926,5.145],[96.926,5.154]]]},"properties":{"code":"11.08.15.2029","name":"Blang Manyak","latitude":5.140533587063295,"longitude":96.92021634310285}},{"type":"Feature","geometry":{"type":"Polygon","coordinates":[[[96.912,5.1375],[96.911,5.1365],[96.9065,5.138],[96.906,5.1385],[96.902,5.1285],[96.9295,5.117],[96.9315,5.116],[96.938,5.1165],[96.9385,5.117],[96.9375,5.1185],[96.936,5.1205],[96.9345,5.1205],[96.932,5.122],[96.9275,5.123],[96.916,5.13],[96.912,5.1375]]]},"properties":{"code":"11.08.15.2030","name":"Lhok Jok","latitude":5.12589690699384,"longitude":96.91765029929749}},{"type":"Feature","geometry":{"type":"Polygon","coordinates":[[[96.896,5.149],[96.895,5.15],[96.892,5.151],[96.892,5.1515],[96.891,5.152],[96.8865,5.147],[96.8845,5.1445],[96.881,5.139],[96.879,5.1375],[96.8865,5.1335],[96.892,5.131],[96.892,5.1305],[96.894,5.1305],[96.8945,5.13],[96.896,5.135],[96.8985,5.1385],[96.901,5.141],[96.8985,5.1425],[96.8955,5.1485],[96.896,5.149]]]},"properties":{"code":"11.08.15.2031","name":"Blang Teurakan","latitude":5.140454679092112,"longitude":96.89062980090864}},{"type":"Feature","geometry":{"type":"Polygon","coordinates":[[[96.8945,5.13],[96.894,5.1305],[96.892,5.1305],[96.892,5.131],[96.8865,5.1335],[96.886,5.128],[96.8875,5.1255],[96.891,5.119],[96.891,5.117],[96.8915,5.1125],[96.8905,5.107],[96.895,5.105],[96.8985,5.101],[96.899,5.0905],[96.898,5.088],[96.8975,5.0865],[96.8965,5.075],[96.901,5.0745],[96.9135,5.0725],[96.9115,5.086],[96.9075,5.1055],[96.894,5.129],[96.8945,5.13]]]},"properties":{"code":"11.08.15.2032","name":"Sawang","latitude":5.098537517063915,"longitude":96.9009273709523}},{"type":"Feature","geometry":{"type":"Polygon","coordinates":[[[96.898,5.088],[96.899,5.0905],[96.8985,5.101],[96.895,5.105],[96.8905,5.107],[96.887,5.096],[96.8865,5.0955],[96.8875,5.0925],[96.8875,5.092],[96.898,5.088]]]},"properties":{"code":"11.08.15.2033","name":"Riseh Baroh","latitude":5.0971889995720945,"longitude":96.89363242953421}},{"type":"Feature","geometry":{"type":"Polygon","coordinates":[[[96.8875,5.0925],[96.8815,5.084],[96.8795,5.079],[96.885,5.079],[96.8915,5.0745],[96.8965,5.075],[96.8975,5.0865],[96.898,5.088],[96.8875,5.092],[96.8875,5.0925]]]},"properties":{"code":"11.08.15.2034","name":"Riseh Teungoh","latitude":5.083440322544562,"longitude":96.88963497282545}},{"type":"Feature","geometry":{"type":"Polygon","coordinates":[[[96.8965,5.075],[96.8915,5.0745],[96.885,5.079],[96.8795,5.079],[96.8795,5.076],[96.8815,5.0665],[96.874,5.0475],[96.873,5.044],[96.8715,5.041],[96.8715,5.04],[96.869,5.0375],[96.8535,5.023],[96.8535,4.9935],[96.856,4.9765],[96.8685,4.958],[96.883,4.9425],[96.883,4.941],[96.884,4.9405],[96.894,4.94],[96.895,4.939],[96.895,4.9395],[96.8955,4.9415],[96.8965,4.946],[96.9345,4.9535],[96.9375,4.982],[96.9505,5],[96.95,5.0015],[96.9505,5.0125],[96.9505,5.0145],[96.9355,5.0405],[96.9335,5.0435],[96.934,5.045],[96.933,5.0455],[96.9245,5.041],[96.9165,5.046],[96.914,5.045],[96.9015,5.0585],[96.898,5.0635],[96.8985,5.0645],[96.898,5.067],[96.9005,5.067],[96.9005,5.0695],[96.8995,5.0745],[96.8965,5.075]]]},"properties":{"code":"11.08.15.2035","name":"Riseh Tunong","latitude":5.003280790278824,"longitude":96.89912641539995}},{"type":"Feature","geometry":{"type":"Polygon","coordinates":[[[96.891,5.118],[96.8895,5.1185],[96.889,5.1185],[96.8865,5.1185],[96.884,5.1185],[96.88,5.1175],[96.8805,5.109],[96.8775,5.1065],[96.869,5.106],[96.861,5.097],[96.8585,5.0965],[96.847,5.0905],[96.846,5.092],[96.845,5.092],[96.833,5.0865],[96.833,5.084],[96.838,5.069],[96.8385,5.066],[96.835,5.0575],[96.8275,5.0515],[96.82,5.038],[96.818,5.0075],[96.8215,5.001],[96.813,4.9755],[96.7965,4.9495],[96.7865,4.94],[96.8275,4.9105],[96.832,4.905],[96.8335,4.9015],[96.8445,4.898],[96.8465,4.882],[96.8565,4.8915],[96.872,4.897],[96.875,4.9075],[96.8875,4.9165],[96.898,4.9175],[96.91,4.93],[96.9185,4.9275],[96.9285,4.939],[96.9345,4.9535],[96.8965,4.946],[96.8955,4.9415],[96.895,4.9395],[96.895,4.939],[96.894,4.94],[96.884,4.9405],[96.883,4.941],[96.883,4.9425],[96.8685,4.958],[96.856,4.9765],[96.8535,4.9935],[96.8535,5.023],[96.869,5.0375],[96.8715,5.04],[96.8715,5.041],[96.873,5.044],[96.874,5.0475],[96.8815,5.0665],[96.8795,5.076],[96.8795,5.08],[96.8815,5.084],[96.8875,5.0925],[96.8865,5.0955],[96.887,5.096],[96.8905,5.107],[96.8915,5.1125],[96.891,5.117],[96.891,5.118]]]},"properties":{"code":"11.08.15.2036","name":"Gunci","latitude":4.9837035477497915,"longitude":96.8506991200689}},{"type":"Feature","geometry":{"type":"Polygon","coordinates":[[[96.8865,5.127],[96.8805,5.1245],[96.8775,5.125],[96.876,5.1235],[96.876,5.121],[96.8765,5.1205],[96.88,5.1175],[96.884,5.1185],[96.8865,5.1185],[96.889,5.1185],[96.8895,5.1185],[96.891,5.118],[96.891,5.119],[96.8875,5.1255],[96.8865,5.127]]]},"properties":{"code":"11.08.15.2037","name":"Kubu","latitude":5.121952358412375,"longitude":96.88384251692463}},{"type":"Feature","geometry":{"type":"Polygon","coordinates":[[[96.88,5.1175],[96.8765,5.1205],[96.8565,5.1025],[96.8525,5.1005],[96.8525,5.0995],[96.8515,5.0995],[96.8465,5.0935],[96.846,5.092],[96.847,5.0905],[96.8585,5.0965],[96.861,5.097],[96.869,5.106],[96.8775,5.1065],[96.8805,5.109],[96.88,5.1175]]]},"properties":{"code":"11.08.15.2038","name":"Blang Cut","latitude":5.1056529729764035,"longitude":96.86611621638777}},{"type":"Feature","geometry":{"type":"Polygon","coordinates":[[[96.8865,5.1335],[96.879,5.1375],[96.878,5.1365],[96.8765,5.132],[96.8765,5.1265],[96.876,5.1235],[96.8775,5.125],[96.8805,5.1245],[96.8865,5.127],[96.886,5.128],[96.8865,5.1335]]]},"properties":{"code":"11.08.15.2039","name":"Lhok Cut","latitude":5.130439951672048,"longitude":96.88088525989603}},{"type":"Feature","geometry":{"type":"Polygon","coordinates":[[[96.9915,5.1795],[96.9885,5.1795],[96.983,5.182],[96.981,5.1815],[96.9795,5.182],[96.975,5.1805],[96.974,5.18],[96.973,5.179],[96.968,5.176],[96.9685,5.1745],[96.969,5.173],[96.9685,5.1715],[96.9675,5.1705],[96.965,5.1655],[96.966,5.164],[96.9665,5.164],[96.969,5.166],[96.97,5.1695],[96.983,5.1665],[96.99,5.171],[96.9935,5.177],[96.9935,5.1775],[96.9915,5.1795]]]},"properties":{"code":"11.08.16.2015","name":"Paloh Mambu","latitude":5.174293064525656,"longitude":96.98013156246317}},{"type":"Feature","geometry":{"type":"Polygon","coordinates":[[[97.0185,5.2135],[97.008,5.205],[97.005,5.203],[97.0045,5.2025],[97.003,5.2015],[97.0005,5.202],[96.999,5.197],[97.003,5.1935],[97.01,5.1885],[97.023,5.1955],[97.027,5.199],[97.031,5.2025],[97.031,5.205],[97.026,5.2085],[97.0265,5.209],[97.0185,5.2135]]]},"properties":{"code":"11.08.16.2017","name":"Blang Karieng","latitude":5.201830186778324,"longitude":97.01528061219045}},{"type":"Feature","geometry":{"type":"Polygon","coordinates":[[[97.01,5.1885],[97.003,5.1935],[96.999,5.1935],[96.9915,5.1795],[96.9935,5.1775],[96.996,5.1785],[97.0075,5.183],[97.01,5.1885]]]},"properties":{"code":"11.08.16.2018","name":"Paloh Kayee Kunyet","latitude":5.186702361865082,"longitude":97.00038426470758}},{"type":"Feature","geometry":{"type":"Polygon","coordinates":[[[97.0075,5.183],[96.996,5.1785],[96.9935,5.177],[96.99,5.171],[97.01,5.1715],[97.0115,5.172],[97.0115,5.1755],[97.0075,5.183]]]},"properties":{"code":"11.08.16.2019","name":"Gampong Barat","latitude":5.176718468380973,"longitude":97.00211883101271}},{"type":"Feature","geometry":{"type":"Polygon","coordinates":[[[97.0205,5.176],[97.0075,5.183],[97.0115,5.1755],[97.019,5.1755],[97.0195,5.1755],[97.0205,5.176]]]},"properties":{"code":"11.08.16.2020","name":"Meunasah Beunot","latitude":5.178901935488148,"longitude":97.01328947009905}},{"type":"Feature","geometry":{"type":"Polygon","coordinates":[[[97.023,5.1955],[97.01,5.1885],[97.0075,5.183],[97.0205,5.176],[97.022,5.176],[97.022,5.1765],[97.024,5.1785],[97.025,5.179],[97.0275,5.1945],[97.023,5.1955]]]},"properties":{"code":"11.08.16.2021","name":"Seuneubok","latitude":5.186821714924352,"longitude":97.01885133937894}},{"type":"Feature","geometry":{"type":"Polygon","coordinates":[[[97.028,5.176],[97.026,5.179],[97.024,5.1785],[97.022,5.1765],[97.022,5.176],[97.021,5.171],[97.022,5.1715],[97.023,5.1725],[97.025,5.1735],[97.028,5.176]]]},"properties":{"code":"11.08.16.2022","name":"Cot Leupee","latitude":5.1754781250471495,"longitude":97.02445811204443}},{"type":"Feature","geometry":{"type":"Polygon","coordinates":[[[97.0305,5.174],[97.028,5.176],[97.025,5.1735],[97.023,5.1725],[97.022,5.1715],[97.0205,5.1705],[97.0205,5.164],[97.02,5.1635],[97.025,5.164],[97.0275,5.1645],[97.0295,5.166],[97.032,5.1675],[97.0305,5.174]]]},"properties":{"code":"11.08.16.2023","name":"Gampong Teungoh","latitude":5.169410548891867,"longitude":97.0270099098694}},{"type":"Feature","geometry":{"type":"Polygon","coordinates":[[[97.021,5.171],[97.022,5.176],[97.0195,5.1755],[97.019,5.1755],[97.0115,5.172],[97.01,5.1715],[97.0095,5.17],[97.009,5.17],[97.0065,5.163],[97.018,5.1635],[97.02,5.163],[97.0205,5.164],[97.0205,5.1705],[97.021,5.171]]]},"properties":{"code":"11.08.16.2024","name":"Meunasah Meucat","latitude":5.1688858202804555,"longitude":97.01537165197071}},{"type":"Feature","geometry":{"type":"Polygon","coordinates":[[[96.9665,5.164],[96.966,5.164],[96.965,5.1655],[96.9635,5.1635],[96.9615,5.1625],[96.9615,5.16],[96.96,5.1555],[96.957,5.1525],[96.952,5.1365],[96.952,5.135],[96.953,5.1325],[96.9535,5.132],[96.955,5.131],[96.9595,5.1335],[96.9785,5.129],[96.98,5.13],[96.9815,5.129],[96.984,5.1285],[96.992,5.128],[96.993,5.1305],[96.9925,5.1305],[96.987,5.137],[96.991,5.142],[96.991,5.144],[96.992,5.1495],[96.9925,5.1505],[96.9835,5.155],[96.9815,5.16],[96.9665,5.164]]]},"properties":{"code":"11.08.16.2025","name":"Meunasah Alue","latitude":5.1446975449783245,"longitude":96.97189137609529}},{"type":"Feature","geometry":{"type":"Polygon","coordinates":[[[97.0065,5.163],[97.006,5.1635],[97.0045,5.163],[96.99,5.171],[96.983,5.1665],[96.97,5.1695],[96.969,5.166],[96.9665,5.164],[96.9815,5.16],[96.9835,5.155],[96.9925,5.1505],[96.9935,5.1515],[96.994,5.1535],[97.0065,5.163]]]},"properties":{"code":"11.08.16.2026","name":"Panton","latitude":5.161934963048101,"longitude":96.98651707989836}},{"type":"Feature","geometry":{"type":"Polygon","coordinates":[[[97.01,5.1715],[96.99,5.171],[97.0045,5.163],[97.006,5.1635],[97.0065,5.163],[97.009,5.17],[97.0095,5.17],[97.01,5.1715]]]},"properties":{"code":"11.08.16.2027","name":"Paloh Mampree","latitude":5.168844945407423,"longitude":97.00125751553874}},{"type":"Feature","geometry":{"type":"Polygon","coordinates":[[[97.018,5.1635],[97.0065,5.163],[96.994,5.1535],[96.9935,5.1515],[96.992,5.1495],[96.991,5.144],[96.991,5.1405],[97,5.142],[97.0025,5.1435],[97.0035,5.144],[97.0095,5.1535],[97.015,5.1575],[97.018,5.1635]]]},"properties":{"code":"11.08.16.2028","name":"Peunayan","latitude":5.15283755516577,"longitude":97.00234529237234}},{"type":"Feature","geometry":{"type":"Polygon","coordinates":[[[97.025,5.163],[97.025,5.164],[97.02,5.1635],[97.02,5.163],[97.018,5.1635],[97.015,5.1575],[97.0175,5.158],[97.018,5.1575],[97.026,5.1575],[97.025,5.163]]]},"properties":{"code":"11.08.16.2029","name":"Tingkeum","latitude":5.160378970064299,"longitude":97.02113274743635}},{"type":"Feature","geometry":{"type":"Polygon","coordinates":[[[97.0205,5.1575],[97.018,5.1575],[97.0175,5.158],[97.0095,5.1535],[97.0035,5.144],[97.004,5.144],[97.0055,5.146],[97.0095,5.1455],[97.0105,5.147],[97.011,5.148],[97.012,5.1485],[97.014,5.149],[97.017,5.1505],[97.0185,5.151],[97.0205,5.1505],[97.02,5.154],[97.0205,5.1575]]]},"properties":{"code":"11.08.16.2030","name":"Meunasah Rayeuk","latitude":5.151557149867674,"longitude":97.01239306639954}},{"type":"Feature","geometry":{"type":"Polygon","coordinates":[[[97.0305,5.1465],[97.0295,5.148],[97.029,5.1485],[97.028,5.1505],[97.0285,5.152],[97.024,5.1535],[97.0235,5.1545],[97.0225,5.155],[97.02,5.1555],[97.0205,5.1505],[97.0185,5.151],[97.017,5.1505],[97.014,5.149],[97.012,5.1485],[97.011,5.148],[97.0105,5.147],[97.01,5.146],[97.015,5.146],[97.016,5.146],[97.015,5.145],[97.0145,5.145],[97.017,5.131],[97.02,5.131],[97.023,5.147],[97.0295,5.1445],[97.0305,5.1465]]]},"properties":{"code":"11.08.16.2031","name":"Meunasah Cut","latitude":5.145696300561348,"longitude":97.02030917712946}},{"type":"Feature","geometry":{"type":"Polygon","coordinates":[[[97.017,5.131],[97.0145,5.145],[97.015,5.145],[97.016,5.146],[97.015,5.146],[97.01,5.146],[97.0095,5.1455],[97.0055,5.146],[97.004,5.144],[97.0025,5.1435],[97,5.142],[96.991,5.1405],[96.991,5.142],[96.987,5.137],[96.9925,5.1305],[96.993,5.1305],[96.994,5.132],[97.008,5.1305],[97.017,5.131]]]},"properties":{"code":"11.08.16.2032","name":"Jeulikat","latitude":5.1378720340046025,"longitude":97.00373972701149}},{"type":"Feature","geometry":{"type":"Polygon","coordinates":[[[97.041,5.145],[97.031,5.148],[97.0295,5.1445],[97.023,5.147],[97.02,5.131],[97.025,5.1305],[97.027,5.1295],[97.029,5.1305],[97.0305,5.128],[97.0345,5.127],[97.0345,5.13],[97.0345,5.132],[97.036,5.1375],[97.041,5.145]]]},"properties":{"code":"11.08.16.2033","name":"Alue Bili","latitude":5.138234516135124,"longitude":97.02918820900142}},{"type":"Feature","geometry":{"type":"Polygon","coordinates":[[[97.045,5.153],[97.0415,5.154],[97.0395,5.1535],[97.039,5.1535],[97.0385,5.152],[97.041,5.145],[97.036,5.1375],[97.0345,5.132],[97.0345,5.13],[97.0345,5.127],[97.037,5.127],[97.0405,5.1375],[97.04,5.138],[97.043,5.1415],[97.045,5.153]]]},"properties":{"code":"11.08.16.2034","name":"Cot Mambong","latitude":5.1415672851127905,"longitude":97.03950162490685}},{"type":"Feature","geometry":{"type":"Polygon","coordinates":[[[97.039,5.153],[97.0285,5.1565],[97.026,5.158],[97.026,5.1575],[97.0205,5.1575],[97.02,5.1555],[97.0225,5.155],[97.0235,5.1545],[97.024,5.1535],[97.0285,5.152],[97.028,5.1505],[97.029,5.1485],[97.0295,5.148],[97.0305,5.1465],[97.031,5.148],[97.041,5.145],[97.0385,5.152],[97.039,5.153]]]},"properties":{"code":"11.08.16.2035","name":"Blang Dalam Geunteng","latitude":5.151850552089057,"longitude":97.03154564105625}},{"type":"Feature","geometry":{"type":"Polygon","coordinates":[[[97.041,5.162],[97.036,5.158],[97.025,5.163],[97.026,5.158],[97.0285,5.1565],[97.039,5.153],[97.0395,5.1535],[97.0405,5.154],[97.0425,5.1545],[97.0455,5.1555],[97.0495,5.158],[97.051,5.1585],[97.041,5.1605],[97.041,5.162]]]},"properties":{"code":"11.08.16.2036","name":"Blang Dalam Tunong","latitude":5.157632662123247,"longitude":97.0371585898174}},{"type":"Feature","geometry":{"type":"Polygon","coordinates":[[[97.041,5.162],[97.039,5.162],[97.0345,5.164],[97.029,5.1655],[97.0275,5.1645],[97.025,5.164],[97.025,5.163],[97.036,5.158],[97.041,5.162]]]},"properties":{"code":"11.08.16.2037","name":"Blang Dalam Baroh","latitude":5.161953667109908,"longitude":97.03239730259757}},{"type":"Feature","geometry":{"type":"Polygon","coordinates":[[[97.032,5.1675],[97.0295,5.166],[97.029,5.1655],[97.0345,5.164],[97.039,5.162],[97.041,5.162],[97.041,5.1605],[97.051,5.1585],[97.0445,5.1615],[97.032,5.1675]]]},"properties":{"code":"11.08.16.2038","name":"Cot Mee","latitude":5.163547611787052,"longitude":97.03802456664329}},{"type":"Feature","geometry":{"type":"Polygon","coordinates":[[[97.056,5.1685],[97.0305,5.174],[97.032,5.1675],[97.0445,5.1615],[97.0515,5.1585],[97.056,5.1685]]]},"properties":{"code":"11.08.16.2039","name":"Cot Euntung","latitude":5.166304872295527,"longitude":97.04477600738718}},{"type":"Feature","geometry":{"type":"Polygon","coordinates":[[[97.0585,5.182],[97.037,5.1845],[97.037,5.1835],[97.0345,5.1815],[97.034,5.181],[97.0595,5.175],[97.06,5.1755],[97.061,5.177],[97.061,5.178],[97.0595,5.1805],[97.0585,5.182]]]},"properties":{"code":"11.08.16.2040","name":"Blang Crok","latitude":5.180125918940336,"longitude":97.04896823184049}},{"type":"Feature","geometry":{"type":"Polygon","coordinates":[[[97.0585,5.182],[97.0575,5.183],[97.0545,5.186],[97.054,5.188],[97.052,5.1895],[97.052,5.191],[97.047,5.1885],[97.0425,5.189],[97.037,5.1845],[97.0585,5.182]]]},"properties":{"code":"11.08.16.2041","name":"Meunasah Krueng","latitude":5.1857299519627285,"longitude":97.04855206797504}},{"type":"Feature","geometry":{"type":"Polygon","coordinates":[[[97.0425,5.189],[97.0275,5.1945],[97.025,5.179],[97.026,5.179],[97.028,5.176],[97.0305,5.174],[97.035,5.1785],[97.0355,5.1805],[97.034,5.181],[97.0345,5.1815],[97.037,5.1835],[97.037,5.1845],[97.0425,5.189]]]},"properties":{"code":"11.08.16.2042","name":"Binjee","latitude":5.184381558685302,"longitude":97.0319100672449}},{"type":"Feature","geometry":{"type":"Polygon","coordinates":[[[97.0595,5.175],[97.0355,5.1805],[97.035,5.1785],[97.0305,5.174],[97.056,5.1685],[97.057,5.17],[97.0595,5.175]]]},"properties":{"code":"11.08.16.2043","name":"Keutapang","latitude":5.174241223887699,"longitude":97.04519708218022}},{"type":"Feature","geometry":{"type":"Polygon","coordinates":[[[97.0265,5.1975],[97.027,5.199],[97.023,5.1955],[97.0275,5.1945],[97.0425,5.189],[97.047,5.1885],[97.052,5.191],[97.052,5.192],[97.052,5.1935],[97.0515,5.195],[97.048,5.1995],[97.028,5.196],[97.0265,5.1975]]]},"properties":{"code":"11.08.16.2044","name":"Ulee Blang","latitude":5.193893686444778,"longitude":97.040023167347}},{"type":"Feature","geometry":{"type":"Polygon","coordinates":[[[97.404,4.9435],[97.4005,4.9445],[97.397,4.9425],[97.364,4.941],[97.3645,4.924],[97.364,4.9215],[97.3455,4.9135],[97.3395,4.904],[97.321,4.9045],[97.313,4.9265],[97.3095,4.928],[97.2995,4.9315],[97.297,4.9325],[97.294,4.9355],[97.294,4.9385],[97.2935,4.9385],[97.293,4.938],[97.293,4.932],[97.2955,4.9255],[97.3,4.9195],[97.301,4.918],[97.3015,4.9155],[97.304,4.913],[97.316,4.9045],[97.3235,4.877],[97.323,4.874],[97.323,4.8735],[97.3215,4.8705],[97.322,4.868],[97.3105,4.8585],[97.304,4.854],[97.2815,4.8425],[97.274,4.841],[97.2675,4.8405],[97.2695,4.8375],[97.28,4.8265],[97.28,4.8075],[97.269,4.7865],[97.2595,4.777],[97.252,4.758],[97.2565,4.7575],[97.278,4.7525],[97.2955,4.7415],[97.3125,4.7385],[97.3185,4.737],[97.3285,4.7615],[97.3365,4.7675],[97.3375,4.7785],[97.339,4.7795],[97.36,4.7825],[97.3625,4.784],[97.364,4.784],[97.365,4.7835],[97.3705,4.809],[97.386,4.8225],[97.409,4.848],[97.4125,4.861],[97.41,4.8685],[97.4145,4.8825],[97.415,4.8855],[97.415,4.8875],[97.4155,4.889],[97.4245,4.901],[97.4215,4.9075],[97.4235,4.9135],[97.4235,4.9185],[97.4245,4.922],[97.426,4.9245],[97.428,4.9265],[97.4305,4.9305],[97.433,4.9325],[97.437,4.9345],[97.43,4.9405],[97.4195,4.9345],[97.416,4.934],[97.4075,4.938],[97.404,4.9435]]]},"properties":{"code":"11.08.17.2001","name":"Cot Girek","latitude":4.844182066476284,"longitude":97.34405005685956}},{"type":"Feature","geometry":{"type":"Polygon","coordinates":[[[97.423,4.964],[97.419,4.965],[97.4185,4.9655],[97.413,4.967],[97.408,4.969],[97.4065,4.9715],[97.398,4.961],[97.3905,4.96],[97.386,4.9425],[97.397,4.9425],[97.4005,4.9445],[97.404,4.9435],[97.4075,4.938],[97.408,4.938],[97.409,4.94],[97.4085,4.942],[97.4075,4.946],[97.408,4.9475],[97.419,4.9625],[97.423,4.964]]]},"properties":{"code":"11.08.17.2002","name":"Lhok Meurbo","latitude":4.955105405859668,"longitude":97.40207223419863}},{"type":"Feature","geometry":{"type":"Polygon","coordinates":[[[97.4035,4.9725],[97.403,4.975],[97.4025,4.9775],[97.3995,4.9775],[97.3975,4.978],[97.391,4.9665],[97.3795,4.9635],[97.3805,4.961],[97.3815,4.9585],[97.3795,4.9425],[97.386,4.9425],[97.3905,4.96],[97.398,4.961],[97.4035,4.9725]]]},"properties":{"code":"11.08.17.2003","name":"Kp. Bantan","latitude":4.961420540577552,"longitude":97.39034149250394}},{"type":"Feature","geometry":{"type":"Polygon","coordinates":[[[97.3795,4.9425],[97.3815,4.9585],[97.3805,4.9615],[97.3745,4.958],[97.368,4.9535],[97.361,4.951],[97.364,4.951],[97.3715,4.951],[97.3745,4.9495],[97.3735,4.9425],[97.3795,4.9425]]]},"properties":{"code":"11.08.17.2004","name":"Alue Seumambu","latitude":4.951057671681932,"longitude":97.37623098410734}},{"type":"Feature","geometry":{"type":"Polygon","coordinates":[[[97.3735,4.9425],[97.3745,4.9495],[97.3715,4.951],[97.364,4.951],[97.3665,4.9425],[97.3735,4.9425]]]},"properties":{"code":"11.08.17.2005","name":"Ulee Gampong","latitude":4.947100000037273,"longitude":97.36983204011744}},{"type":"Feature","geometry":{"type":"Polygon","coordinates":[[[97.3665,4.9425],[97.364,4.951],[97.361,4.951],[97.3565,4.9495],[97.348,4.9485],[97.3475,4.9475],[97.3485,4.946],[97.348,4.9445],[97.3475,4.943],[97.3645,4.9425],[97.3665,4.9425]]]},"properties":{"code":"11.08.17.2006","name":"Batu Xii","latitude":4.946218756406079,"longitude":97.3581135933322}},{"type":"Feature","geometry":{"type":"Polygon","coordinates":[[[97.3645,4.9425],[97.3475,4.943],[97.3475,4.9395],[97.32,4.9425],[97.3195,4.9415],[97.318,4.939],[97.3115,4.9275],[97.313,4.9265],[97.321,4.9045],[97.3395,4.904],[97.3455,4.9135],[97.364,4.9215],[97.3645,4.924],[97.364,4.941],[97.3645,4.9425]]]},"properties":{"code":"11.08.17.2007","name":"Kp. Tempel","latitude":4.925679671076765,"longitude":97.33731576166895}},{"type":"Feature","geometry":{"type":"Polygon","coordinates":[[[97.4425,4.9605],[97.4285,4.9565],[97.424,4.964],[97.419,4.9625],[97.408,4.9475],[97.4075,4.946],[97.4085,4.942],[97.409,4.94],[97.408,4.938],[97.4075,4.938],[97.416,4.934],[97.4195,4.9345],[97.43,4.9405],[97.437,4.9345],[97.4415,4.9345],[97.451,4.94],[97.45,4.943],[97.4465,4.9405],[97.443,4.9585],[97.4425,4.9605]]]},"properties":{"code":"11.08.17.2008","name":"Alue Leuhob","latitude":4.947282293268966,"longitude":97.42790266396408}},{"type":"Feature","geometry":{"type":"Polygon","coordinates":[[[97.3645,4.9615],[97.363,4.965],[97.3595,4.963],[97.356,4.9655],[97.355,4.964],[97.357,4.9575],[97.357,4.9565],[97.358,4.956],[97.36,4.9565],[97.3635,4.9605],[97.3645,4.9615]]]},"properties":{"code":"11.08.17.2009","name":"Seuneubok Baro","latitude":4.960928653990188,"longitude":97.35929374186509}},{"type":"Feature","geometry":{"type":"Polygon","coordinates":[[[97.357,4.9765],[97.354,4.977],[97.353,4.977],[97.3525,4.9765],[97.35,4.973],[97.349,4.973],[97.353,4.9645],[97.3555,4.9655],[97.356,4.965],[97.3615,4.971],[97.3605,4.9715],[97.357,4.9765]]]},"properties":{"code":"11.08.17.2010","name":"Alue Drien","latitude":4.971363420369049,"longitude":97.3548289739152}},{"type":"Feature","geometry":{"type":"Polygon","coordinates":[[[97.368,4.9535],[97.366,4.962],[97.3635,4.9605],[97.36,4.9565],[97.36,4.9535],[97.3585,4.9525],[97.36,4.9505],[97.368,4.9535]]]},"properties":{"code":"11.08.17.2011","name":"Cempeudak","latitude":4.955855036185477,"longitude":97.36432506975204}},{"type":"Feature","geometry":{"type":"Polygon","coordinates":[[[97.365,4.968],[97.362,4.971],[97.3615,4.971],[97.356,4.9655],[97.3595,4.963],[97.363,4.965],[97.3645,4.9615],[97.366,4.962],[97.368,4.9535],[97.3745,4.958],[97.3735,4.9575],[97.372,4.9605],[97.371,4.96],[97.37,4.9605],[97.3695,4.9605],[97.3685,4.961],[97.365,4.968]]]},"properties":{"code":"11.08.17.2012","name":"Matang Teungoh","latitude":4.961081494620075,"longitude":97.36747099556318}},{"type":"Feature","geometry":{"type":"Polygon","coordinates":[[[97.396,4.9785],[97.394,4.9785],[97.393,4.977],[97.3905,4.976],[97.39,4.976],[97.3885,4.9735],[97.388,4.9735],[97.3875,4.973],[97.387,4.9725],[97.3735,4.9675],[97.3735,4.9655],[97.3725,4.9635],[97.3735,4.9575],[97.3805,4.9615],[97.3795,4.9635],[97.391,4.9665],[97.3975,4.978],[97.396,4.9785]]]},"properties":{"code":"11.08.17.2013","name":"Pucok Alue","latitude":4.968091274738124,"longitude":97.38404212951056}},{"type":"Feature","geometry":{"type":"Polygon","coordinates":[[[97.36,4.9565],[97.358,4.956],[97.357,4.9565],[97.3565,4.9565],[97.3505,4.9525],[97.35,4.9515],[97.348,4.9485],[97.3565,4.9495],[97.36,4.9505],[97.3585,4.9525],[97.36,4.9535],[97.36,4.9565]]]},"properties":{"code":"11.08.17.2014","name":"U Baro.","latitude":4.951571930659206,"longitude":97.35461599485731}},{"type":"Feature","geometry":{"type":"Polygon","coordinates":[[[97.3465,4.9615],[97.3455,4.9625],[97.344,4.9645],[97.3385,4.9615],[97.3255,4.9615],[97.325,4.96],[97.325,4.948],[97.32,4.944],[97.32,4.9425],[97.3475,4.9395],[97.3475,4.943],[97.348,4.9445],[97.3485,4.946],[97.3475,4.9475],[97.348,4.9485],[97.35,4.9515],[97.35,4.9545],[97.3495,4.957],[97.348,4.9595],[97.3465,4.9615]]]},"properties":{"code":"11.08.17.2015","name":"Trieng","latitude":4.951291012737949,"longitude":97.33693875839869}},{"type":"Feature","geometry":{"type":"Polygon","coordinates":[[[97.3405,4.97],[97.34,4.9705],[97.326,4.966],[97.3255,4.9625],[97.3255,4.9615],[97.3385,4.9615],[97.344,4.9645],[97.3425,4.9665],[97.3405,4.97]]]},"properties":{"code":"11.08.17.2016","name":"Lhok Reuhat","latitude":4.9650309173663505,"longitude":97.33508869938323}},{"type":"Feature","geometry":{"type":"Polygon","coordinates":[[[97.34,4.9705],[97.3395,4.971],[97.3395,4.9715],[97.3375,4.9755],[97.326,4.966],[97.34,4.9705]]]},"properties":{"code":"11.08.17.2017","name":"Lueng Baro","latitude":4.9703019744922985,"longitude":97.33214764576}},{"type":"Feature","geometry":{"type":"Polygon","coordinates":[[[97.3155,4.9985],[97.3065,4.9955],[97.3075,4.993],[97.3075,4.9845],[97.308,4.981],[97.31,4.9815],[97.31,4.9795],[97.3115,4.9795],[97.312,4.979],[97.3165,4.968],[97.326,4.966],[97.3375,4.9755],[97.3355,4.9805],[97.334,4.9835],[97.333,4.985],[97.332,4.9865],[97.3255,4.9835],[97.326,4.982],[97.322,4.982],[97.3225,4.9935],[97.319,4.9945],[97.316,4.9935],[97.3155,4.9985]]]},"properties":{"code":"11.08.17.2018","name":"Jeulikat","latitude":4.9821617231055395,"longitude":97.32048017774417}},{"type":"Feature","geometry":{"type":"Polygon","coordinates":[[[97.3295,4.998],[97.323,4.998],[97.3225,4.9935],[97.322,4.982],[97.326,4.982],[97.3255,4.9835],[97.332,4.9865],[97.3315,4.9875],[97.3315,4.9905],[97.3305,4.992],[97.3305,4.9925],[97.331,4.9945],[97.33,4.9965],[97.3295,4.998]]]},"properties":{"code":"11.08.17.2019","name":"Gampong Ara","latitude":4.990600015223415,"longitude":97.32642313289638}},{"type":"Feature","geometry":{"type":"Polygon","coordinates":[[[97.3165,4.968],[97.312,4.979],[97.309,4.9645],[97.3115,4.964],[97.3165,4.968]]]},"properties":{"code":"11.08.17.2020","name":"Beurandang Dayah","latitude":4.971923671007844,"longitude":97.31441189859167}},{"type":"Feature","geometry":{"type":"Polygon","coordinates":[[[97.312,4.979],[97.3115,4.9795],[97.31,4.9795],[97.31,4.9815],[97.308,4.981],[97.3085,4.98],[97.303,4.9775],[97.287,4.9705],[97.286,4.9695],[97.283,4.9665],[97.2835,4.964],[97.303,4.966],[97.309,4.9645],[97.312,4.979]]]},"properties":{"code":"11.08.17.2021","name":"Beurandang Krueng","latitude":4.971264294091142,"longitude":97.30035051382}},{"type":"Feature","geometry":{"type":"Polygon","coordinates":[[[97.307,4.965],[97.303,4.966],[97.2835,4.964],[97.2855,4.962],[97.2865,4.9575],[97.2875,4.9535],[97.2885,4.95],[97.29,4.951],[97.2905,4.9525],[97.306,4.9595],[97.3065,4.961],[97.3065,4.963],[97.307,4.965]]]},"properties":{"code":"11.08.17.2022","name":"Seupeng","latitude":4.96059477348815,"longitude":97.29498672647784}},{"type":"Feature","geometry":{"type":"Polygon","coordinates":[[[97.326,4.966],[97.3165,4.968],[97.3115,4.964],[97.308,4.965],[97.307,4.965],[97.3065,4.963],[97.3065,4.961],[97.306,4.9595],[97.3045,4.9415],[97.2985,4.932],[97.2995,4.9315],[97.3095,4.928],[97.3115,4.9275],[97.318,4.939],[97.3195,4.9415],[97.32,4.9425],[97.32,4.944],[97.325,4.948],[97.325,4.96],[97.3255,4.9625],[97.326,4.966]]]},"properties":{"code":"11.08.17.2023","name":"Beurandang Asan","latitude":4.948194506616487,"longitude":97.3132933894089}},{"type":"Feature","geometry":{"type":"Polygon","coordinates":[[[97.2985,4.932],[97.3045,4.9415],[97.306,4.9595],[97.2905,4.9525],[97.29,4.951],[97.288,4.949],[97.293,4.9405],[97.294,4.938],[97.294,4.9355],[97.297,4.9325],[97.2985,4.932]]]},"properties":{"code":"11.08.17.2024","name":"Drien Ii","latitude":4.947141875369035,"longitude":97.29838636238617}},{"type":"Feature","geometry":{"type":"Polygon","coordinates":[[[97.482,5.081],[97.4815,5.0845],[97.4795,5.086],[97.4775,5.086],[97.475,5.083],[97.473,5.0815],[97.4815,5.073],[97.483,5.075],[97.4835,5.0765],[97.482,5.081]]]},"properties":{"code":"11.08.18.2001","name":"Cot Bada","latitude":5.08033257288829,"longitude":97.47879728024735}},{"type":"Feature","geometry":{"type":"Polygon","coordinates":[[[97.486,5.069],[97.485,5.071],[97.484,5.0735],[97.483,5.075],[97.4815,5.073],[97.48,5.0695],[97.48,5.069],[97.48,5.0685],[97.4805,5.0685],[97.484,5.063],[97.487,5.0605],[97.488,5.0635],[97.486,5.069]]]},"properties":{"code":"11.08.18.2002","name":"Alue Dua","latitude":5.0679547929719835,"longitude":97.48385196171583}},{"type":"Feature","geometry":{"type":"Polygon","coordinates":[[[97.4915,5.0755],[97.4945,5.0775],[97.4965,5.0805],[97.497,5.0815],[97.495,5.086],[97.4945,5.0865],[97.493,5.087],[97.4895,5.084],[97.488,5.082],[97.488,5.079],[97.4915,5.0755]]]},"properties":{"code":"11.08.18.2003","name":"Bantayan","latitude":5.081589975241142,"longitude":97.49236749852048}},{"type":"Feature","geometry":{"type":"Polygon","coordinates":[[[97.488,5.079],[97.4855,5.078],[97.482,5.081],[97.4835,5.0765],[97.484,5.0735],[97.485,5.071],[97.486,5.069],[97.4915,5.072],[97.4905,5.074],[97.4915,5.0755],[97.488,5.079]]]},"properties":{"code":"11.08.18.2004","name":"Kampong Blang","latitude":5.074352410125954,"longitude":97.4870611559236}},{"type":"Feature","geometry":{"type":"Polygon","coordinates":[[[97.505,5.068],[97.5015,5.0695],[97.499,5.0685],[97.4985,5.07],[97.4995,5.0735],[97.501,5.0765],[97.5005,5.0775],[97.4995,5.0785],[97.4965,5.0735],[97.4915,5.072],[97.486,5.069],[97.488,5.0635],[97.4965,5.0615],[97.5015,5.061],[97.505,5.068]]]},"properties":{"code":"11.08.18.2005","name":"Paya Tukai","latitude":5.067717927986017,"longitude":97.49599552536141}},{"type":"Feature","geometry":{"type":"Polygon","coordinates":[[[97.4965,5.0615],[97.488,5.0635],[97.486,5.0575],[97.4945,5.056],[97.4965,5.0615]]]},"properties":{"code":"11.08.18.2006","name":"Matang Keutapang","latitude":5.060075980036508,"longitude":97.49151017318188}},{"type":"Feature","geometry":{"type":"Polygon","coordinates":[[[97.5075,5.063],[97.513,5.066],[97.513,5.059],[97.5145,5.057],[97.515,5.057],[97.5165,5.0625],[97.515,5.0695],[97.515,5.0725],[97.5125,5.072],[97.5115,5.0725],[97.509,5.0735],[97.508,5.0685],[97.507,5.0665],[97.506,5.0665],[97.5075,5.063]]]},"properties":{"code":"11.08.18.2007","name":"Krueng Lingka","latitude":5.067484103087046,"longitude":97.51214922316994}},{"type":"Feature","geometry":{"type":"Polygon","coordinates":[[[97.4945,5.056],[97.486,5.0575],[97.485,5.052],[97.4855,5.0415],[97.485,5.0415],[97.4935,5.041],[97.4935,5.0415],[97.499,5.0415],[97.4995,5.042],[97.5,5.0435],[97.5055,5.0465],[97.5055,5.048],[97.4985,5.0515],[97.501,5.053],[97.4995,5.0545],[97.4945,5.056]]]},"properties":{"code":"11.08.18.2008","name":"Simpang Tiga","latitude":5.048470870362285,"longitude":97.49327536714547}},{"type":"Feature","geometry":{"type":"Polygon","coordinates":[[[97.507,5.029],[97.5085,5.03],[97.5125,5.0355],[97.5105,5.038],[97.51,5.0385],[97.5095,5.043],[97.508,5.044],[97.505,5.043],[97.502,5.038],[97.4995,5.0395],[97.499,5.0415],[97.4935,5.0415],[97.4925,5.034],[97.507,5.029]]]},"properties":{"code":"11.08.18.2009","name":"Matang Rubek","latitude":5.036180091911585,"longitude":97.50420864889256}},{"type":"Feature","geometry":{"type":"Polygon","coordinates":[[[97.4935,5.041],[97.485,5.0415],[97.484,5.0345],[97.4845,5.027],[97.4945,5.0265],[97.4975,5.0265],[97.5025,5.0275],[97.506,5.027],[97.5065,5.0285],[97.507,5.029],[97.4925,5.034],[97.4935,5.041]]]},"properties":{"code":"11.08.18.2010","name":"Leubok Mane","latitude":5.032365599961605,"longitude":97.4928798756546}},{"type":"Feature","geometry":{"type":"Polygon","coordinates":[[[97.506,5.027],[97.5025,5.0275],[97.4975,5.0265],[97.4945,5.0265],[97.494,5.0265],[97.4935,5.0235],[97.4945,5.021],[97.4905,5.0155],[97.4935,5.015],[97.494,5.016],[97.504,5.0185],[97.506,5.0215],[97.5065,5.0235],[97.506,5.026],[97.506,5.027]]]},"properties":{"code":"11.08.18.2011","name":"Matang Teungoh Selatan","latitude":5.021691705682042,"longitude":97.49924386703175}},{"type":"Feature","geometry":{"type":"Polygon","coordinates":[[[97.494,5.0265],[97.4855,5.027],[97.4855,5.025],[97.485,5.0195],[97.485,5.016],[97.491,5.0165],[97.4945,5.021],[97.4935,5.0235],[97.494,5.0265]]]},"properties":{"code":"11.08.18.2012","name":"Padang Meuria","latitude":5.0216966027499765,"longitude":97.48917993417673}},{"type":"Feature","geometry":{"type":"Polygon","coordinates":[[[97.4935,5.015],[97.4905,5.0155],[97.491,5.0165],[97.483,5.0155],[97.482,5.0155],[97.481,5.006],[97.4925,5.005],[97.494,5.0085],[97.4935,5.012],[97.493,5.0135],[97.493,5.014],[97.4935,5.015]]]},"properties":{"code":"11.08.18.2013","name":"Alue Krak Kayee","latitude":5.01058948469975,"longitude":97.48772601884659}},{"type":"Feature","geometry":{"type":"Polygon","coordinates":[[[97.494,4.992],[97.5015,4.9915],[97.503,4.9925],[97.507,4.9945],[97.508,4.996],[97.5075,4.9975],[97.5025,5],[97.5015,5.0025],[97.505,5.005],[97.5055,5.0055],[97.5035,5.012],[97.4975,5.011],[97.496,5.011],[97.494,5.0085],[97.4925,5.005],[97.4915,5.005],[97.4905,5.004],[97.491,5.003],[97.4915,4.9945],[97.494,4.992]]]},"properties":{"code":"11.08.18.2014","name":"Tanjong Jawa","latitude":5.0014050776897445,"longitude":97.49881650230577}},{"type":"Feature","geometry":{"type":"Polygon","coordinates":[[[97.4915,5.005],[97.481,5.006],[97.4805,5.0005],[97.479,4.996],[97.4915,4.9945],[97.491,5.003],[97.4905,5.004],[97.4905,5.0045],[97.4915,5.005]]]},"properties":{"code":"11.08.18.2015","name":"Meunasah Blang","latitude":5.0002337738257445,"longitude":97.4861185799067}},{"type":"Feature","geometry":{"type":"Polygon","coordinates":[[[97.4915,4.9945],[97.479,4.996],[97.4735,4.985],[97.4745,4.9715],[97.4865,4.9635],[97.487,4.9635],[97.4885,4.964],[97.492,4.9635],[97.493,4.9645],[97.4935,4.967],[97.5,4.9645],[97.5015,4.9665],[97.5015,4.9675],[97.4995,4.97],[97.4995,4.9745],[97.498,4.978],[97.494,4.9765],[97.492,4.9765],[97.491,4.977],[97.4905,4.978],[97.4915,4.9805],[97.493,4.982],[97.4965,4.988],[97.4965,4.99],[97.494,4.992],[97.4915,4.9945]]]},"properties":{"code":"11.08.18.2016","name":"Tanjong Dalam Selatan","latitude":4.979720229471113,"longitude":97.48668525380239}},{"type":"Feature","geometry":{"type":"Polygon","coordinates":[[[97.4865,4.9635],[97.4745,4.9715],[97.4735,4.9685],[97.469,4.965],[97.468,4.9635],[97.467,4.963],[97.4655,4.962],[97.4645,4.962],[97.469,4.959],[97.469,4.9575],[97.474,4.956],[97.474,4.9485],[97.475,4.9485],[97.489,4.9435],[97.4935,4.9485],[97.4965,4.9475],[97.4975,4.948],[97.4985,4.955],[97.503,4.9575],[97.5045,4.9585],[97.505,4.959],[97.505,4.96],[97.498,4.958],[97.4915,4.9595],[97.4885,4.96],[97.485,4.96],[97.485,4.962],[97.4865,4.9635]]]},"properties":{"code":"11.08.18.2017","name":"Geudumbak","latitude":4.955814387897611,"longitude":97.482832026731}},{"type":"Feature","geometry":{"type":"Polygon","coordinates":[[[97.4645,4.962],[97.4615,4.9595],[97.456,4.9705],[97.4555,4.972],[97.4455,4.978],[97.445,4.9685],[97.444,4.968],[97.443,4.968],[97.4425,4.9675],[97.4405,4.967],[97.442,4.9635],[97.443,4.9585],[97.4465,4.9405],[97.451,4.944],[97.4645,4.939],[97.4675,4.9375],[97.4685,4.9355],[97.47,4.934],[97.4725,4.938],[97.4735,4.943],[97.4735,4.945],[97.4735,4.9485],[97.474,4.9485],[97.474,4.956],[97.469,4.9575],[97.469,4.959],[97.4645,4.962]]]},"properties":{"code":"11.08.18.2018","name":"Langkahan","latitude":4.9555691653809335,"longitude":97.45675984838283}},{"type":"Feature","geometry":{"type":"Polygon","coordinates":[[[97.4675,4.9375],[97.4645,4.939],[97.451,4.944],[97.45,4.943],[97.451,4.94],[97.4415,4.9345],[97.433,4.9325],[97.4305,4.9305],[97.428,4.9265],[97.426,4.9245],[97.4245,4.922],[97.4235,4.9185],[97.424,4.9145],[97.4305,4.917],[97.4325,4.915],[97.447,4.903],[97.4535,4.913],[97.454,4.9145],[97.4545,4.915],[97.4565,4.916],[97.462,4.918],[97.463,4.919],[97.464,4.917],[97.465,4.916],[97.4655,4.916],[97.4655,4.917],[97.466,4.9185],[97.4685,4.921],[97.4725,4.923],[97.469,4.928],[97.4675,4.9295],[97.4675,4.932],[97.47,4.934],[97.4685,4.9355],[97.4675,4.9375]]]},"properties":{"code":"11.08.18.2019","name":"Rumoh Rayeuk","latitude":4.924950160060103,"longitude":97.44880458991408}},{"type":"Feature","geometry":{"type":"Polygon","coordinates":[[[97.4885,4.867],[97.4895,4.868],[97.4915,4.8685],[97.506,4.8765],[97.507,4.8795],[97.508,4.8805],[97.5085,4.881],[97.5115,4.8835],[97.505,4.8845],[97.501,4.888],[97.503,4.8885],[97.507,4.8885],[97.5055,4.892],[97.5015,4.8925],[97.496,4.887],[97.4935,4.8865],[97.4925,4.889],[97.4945,4.891],[97.4835,4.903],[97.4835,4.9055],[97.4775,4.918],[97.479,4.9185],[97.4785,4.921],[97.476,4.9215],[97.4675,4.914],[97.4665,4.914],[97.466,4.9145],[97.4655,4.916],[97.465,4.916],[97.464,4.917],[97.463,4.919],[97.462,4.918],[97.4565,4.916],[97.4545,4.915],[97.454,4.9145],[97.4535,4.913],[97.447,4.903],[97.471,4.879],[97.475,4.872],[97.4885,4.867]]]},"properties":{"code":"11.08.18.2020","name":"Buket Linteung","latitude":4.893864289328802,"longitude":97.47765976585406}},{"type":"Feature","geometry":{"type":"Polygon","coordinates":[[[97.4885,4.867],[97.475,4.872],[97.4575,4.857],[97.4435,4.856],[97.437,4.851],[97.434,4.851],[97.411,4.855],[97.409,4.848],[97.386,4.8225],[97.3705,4.809],[97.365,4.7835],[97.3655,4.7825],[97.3645,4.7755],[97.361,4.7685],[97.3655,4.7675],[97.3685,4.7695],[97.4,4.7685],[97.4105,4.781],[97.428,4.7865],[97.4325,4.7865],[97.4365,4.7915],[97.436,4.7945],[97.4285,4.8065],[97.446,4.82],[97.4535,4.819],[97.4555,4.82],[97.457,4.822],[97.446,4.829],[97.4415,4.829],[97.4415,4.83],[97.4485,4.835],[97.4525,4.8365],[97.455,4.8395],[97.47,4.8405],[97.468,4.838],[97.473,4.844],[97.473,4.8445],[97.4735,4.8445],[97.4745,4.8445],[97.474,4.8425],[97.4745,4.8405],[97.475,4.8395],[97.4765,4.839],[97.484,4.846],[97.489,4.856],[97.4885,4.867]]]},"properties":{"code":"11.08.18.2021","name":"Lubok Pusaka","latitude":4.81541870125452,"longitude":97.41755924030427}},{"type":"Feature","geometry":{"type":"Polygon","coordinates":[[[97.447,4.903],[97.4325,4.915],[97.4305,4.917],[97.424,4.9145],[97.4235,4.9135],[97.4215,4.9075],[97.4245,4.901],[97.4155,4.889],[97.415,4.8875],[97.415,4.8855],[97.4145,4.8825],[97.41,4.8685],[97.4125,4.861],[97.411,4.855],[97.434,4.851],[97.437,4.851],[97.4435,4.856],[97.4575,4.857],[97.475,4.872],[97.471,4.879],[97.447,4.903]]]},"properties":{"code":"11.08.18.2022","name":"Seureuke","latitude":4.8787845934220915,"longitude":97.43841485428239}},{"type":"Feature","geometry":{"type":"Polygon","coordinates":[[[97.506,5.0665],[97.505,5.068],[97.5015,5.061],[97.4965,5.0615],[97.4945,5.056],[97.4995,5.0545],[97.501,5.053],[97.5045,5.055],[97.5115,5.0505],[97.513,5.0505],[97.5075,5.0595],[97.5065,5.061],[97.5065,5.062],[97.5075,5.063],[97.506,5.0665]]]},"properties":{"code":"11.08.18.2023","name":"Pante Gaki Bale","latitude":5.058030041101549,"longitude":97.50397534411843}},{"type":"Feature","geometry":{"type":"Polygon","coordinates":[[[97.3665,5.12],[97.366,5.1205],[97.364,5.1185],[97.3665,5.12]]]},"properties":{"code":"11.08.19.2001","name":"Keude Sampoiniet","latitude":5.1198259692003045,"longitude":97.36480688664336}},{"type":"Feature","geometry":{"type":"Polygon","coordinates":[[[97.368,5.1485],[97.3655,5.15],[97.354,5.148],[97.35,5.138],[97.3485,5.1335],[97.3595,5.1175],[97.361,5.117],[97.364,5.1185],[97.366,5.1205],[97.3655,5.1215],[97.366,5.1235],[97.364,5.131],[97.3655,5.143],[97.366,5.1475],[97.366,5.148],[97.367,5.148],[97.368,5.1485]]]},"properties":{"code":"11.08.19.2002","name":"Lhok Iboh","latitude":5.133890521153254,"longitude":97.35867751377488}},{"type":"Feature","geometry":{"type":"Polygon","coordinates":[[[97.3775,5.1155],[97.3805,5.1265],[97.382,5.128],[97.3725,5.1255],[97.3695,5.1225],[97.3675,5.1205],[97.369,5.1125],[97.3745,5.1095],[97.375,5.1105],[97.3755,5.1105],[97.376,5.1115],[97.378,5.114],[97.3775,5.1155]]]},"properties":{"code":"11.08.19.2003","name":"Matang Bayu","latitude":5.119260466569155,"longitude":97.37480748805378}},{"type":"Feature","geometry":{"type":"Polygon","coordinates":[[[97.378,5.114],[97.376,5.1115],[97.3755,5.1105],[97.375,5.1105],[97.3745,5.1095],[97.369,5.1125],[97.3675,5.1205],[97.3615,5.1175],[97.364,5.1155],[97.3635,5.112],[97.368,5.109],[97.3725,5.1025],[97.3735,5.103],[97.3805,5.109],[97.38,5.1105],[97.3785,5.113],[97.378,5.114]]]},"properties":{"code":"11.08.19.2004","name":"Lang Nibong","latitude":5.111082755212437,"longitude":97.37088903063555}},{"type":"Feature","geometry":{"type":"Polygon","coordinates":[[[97.376,5.1385],[97.375,5.1385],[97.374,5.1375],[97.373,5.1375],[97.3715,5.1425],[97.37,5.1455],[97.3685,5.1475],[97.368,5.1485],[97.3675,5.148],[97.366,5.1475],[97.3655,5.143],[97.364,5.131],[97.366,5.1235],[97.3655,5.1215],[97.3665,5.12],[97.3695,5.1225],[97.3725,5.1255],[97.382,5.128],[97.3815,5.1305],[97.379,5.1355],[97.376,5.1385]]]},"properties":{"code":"11.08.19.2005","name":"Blang Seunong","latitude":5.133084945991516,"longitude":97.37046805317566}},{"type":"Feature","geometry":{"type":"Polygon","coordinates":[[[97.3615,5.1175],[97.361,5.117],[97.3545,5.117],[97.354,5.117],[97.356,5.1095],[97.359,5.107],[97.3605,5.107],[97.362,5.105],[97.365,5.111],[97.3635,5.112],[97.364,5.1155],[97.3615,5.1175]]]},"properties":{"code":"11.08.19.2006","name":"Singgah Mata","latitude":5.11222008662015,"longitude":97.35991985637993}},{"type":"Feature","geometry":{"type":"Polygon","coordinates":[[[97.362,5.105],[97.3605,5.107],[97.359,5.107],[97.356,5.1095],[97.3535,5.105],[97.3425,5.1065],[97.3425,5.105],[97.3455,5.0975],[97.3505,5.095],[97.355,5.091],[97.3555,5.0925],[97.361,5.096],[97.3615,5.1045],[97.362,5.105]]]},"properties":{"code":"11.08.19.2007","name":"Matang Panyang","latitude":5.101481832478435,"longitude":97.35234600323388}},{"type":"Feature","geometry":{"type":"Polygon","coordinates":[[[97.3805,5.1075],[97.3805,5.109],[97.3735,5.103],[97.3725,5.1025],[97.376,5.0975],[97.379,5.0965],[97.385,5.092],[97.389,5.0925],[97.3875,5.1005],[97.3875,5.1025],[97.384,5.1045],[97.3805,5.1075]]]},"properties":{"code":"11.08.19.2008","name":"Matang Ceubrek","latitude":5.099973881168852,"longitude":97.38165617753278}},{"type":"Feature","geometry":{"type":"Polygon","coordinates":[[[97.3725,5.1025],[97.368,5.109],[97.365,5.111],[97.3635,5.107],[97.362,5.105],[97.3615,5.1045],[97.3685,5.0985],[97.3725,5.0955],[97.375,5.094],[97.3765,5.097],[97.376,5.0975],[97.3725,5.1025]]]},"properties":{"code":"11.08.19.2009","name":"Matang Teungoh","latitude":5.102585654237787,"longitude":97.36895347186883}},{"type":"Feature","geometry":{"type":"Polygon","coordinates":[[[97.372,5.096],[97.3685,5.0985],[97.3615,5.1045],[97.361,5.096],[97.37,5.092],[97.372,5.096]]]},"properties":{"code":"11.08.19.2010","name":"Cot Paya","latitude":5.097039799220303,"longitude":97.36498360673875}},{"type":"Feature","geometry":{"type":"Polygon","coordinates":[[[97.3675,5.087],[97.3545,5.0865],[97.354,5.084],[97.373,5.076],[97.3735,5.0725],[97.3745,5.066],[97.3775,5.068],[97.3825,5.072],[97.3815,5.0745],[97.384,5.076],[97.374,5.087],[97.3675,5.087]]]},"properties":{"code":"11.08.19.2011","name":"Cot Kupok","latitude":5.079996482607257,"longitude":97.37105004653121}},{"type":"Feature","geometry":{"type":"Polygon","coordinates":[[[97.387,5.092],[97.385,5.092],[97.379,5.0965],[97.3765,5.097],[97.375,5.094],[97.3725,5.0955],[97.372,5.096],[97.3685,5.0895],[97.3675,5.087],[97.374,5.087],[97.384,5.076],[97.387,5.076],[97.3865,5.082],[97.3875,5.082],[97.387,5.089],[97.387,5.092]]]},"properties":{"code":"11.08.19.2012","name":"Matang Raya Blang Sialet","latitude":5.088033184906866,"longitude":97.37924875994794}},{"type":"Feature","geometry":{"type":"Polygon","coordinates":[[[97.361,5.096],[97.3555,5.0925],[97.3555,5.092],[97.355,5.09],[97.3545,5.0865],[97.3675,5.087],[97.3685,5.0895],[97.37,5.092],[97.361,5.096]]]},"properties":{"code":"11.08.19.2013","name":"Pucok Alue Buket","latitude":5.091143055260373,"longitude":97.36103845024195}},{"type":"Feature","geometry":{"type":"Polygon","coordinates":[[[97.35,5.138],[97.3355,5.135],[97.3325,5.135],[97.3325,5.1335],[97.3425,5.1065],[97.3535,5.105],[97.354,5.117],[97.3545,5.117],[97.3595,5.1175],[97.3485,5.1335],[97.35,5.138]]]},"properties":{"code":"11.08.19.2014","name":"Matang Sijuek Timu","latitude":5.122509355600792,"longitude":97.34601504289358}},{"type":"Feature","geometry":{"type":"Polygon","coordinates":[[[97.3425,5.1065],[97.3325,5.1335],[97.3325,5.135],[97.326,5.134],[97.331,5.1045],[97.33,5.103],[97.333,5.0975],[97.335,5.099],[97.3425,5.1065]]]},"properties":{"code":"11.08.19.2015","name":"Matang Sijuek Teungoh","latitude":5.117003839486144,"longitude":97.33326930247271}},{"type":"Feature","geometry":{"type":"Polygon","coordinates":[[[97.321,5.14],[97.3165,5.139],[97.316,5.1395],[97.3145,5.138],[97.314,5.138],[97.314,5.1365],[97.314,5.1355],[97.3115,5.127],[97.317,5.1235],[97.318,5.1215],[97.3155,5.1185],[97.313,5.1155],[97.3105,5.114],[97.308,5.1135],[97.3115,5.106],[97.312,5.103],[97.314,5.099],[97.314,5.0985],[97.3265,5.1],[97.331,5.1045],[97.326,5.134],[97.3265,5.134],[97.321,5.14]]]},"properties":{"code":"11.08.19.2016","name":"Matang Sijuek Barat","latitude":5.117667279751292,"longitude":97.31994905420015}},{"type":"Feature","geometry":{"type":"Polygon","coordinates":[[[97.35,5.1605],[97.3435,5.164],[97.34,5.164],[97.3295,5.1525],[97.329,5.1525],[97.329,5.1505],[97.3245,5.148],[97.321,5.14],[97.3265,5.134],[97.334,5.135],[97.3355,5.135],[97.35,5.138],[97.354,5.148],[97.35,5.1605]]]},"properties":{"code":"11.08.19.2017","name":"Cot Laba","latitude":5.147498983517394,"longitude":97.33880590983374}},{"type":"Feature","geometry":{"type":"Polygon","coordinates":[[[97.345,5.1835],[97.3415,5.184],[97.341,5.1845],[97.34,5.1795],[97.3385,5.1795],[97.338,5.176],[97.339,5.1745],[97.339,5.172],[97.3395,5.1645],[97.3435,5.164],[97.35,5.1605],[97.353,5.167],[97.353,5.1695],[97.354,5.17],[97.354,5.1725],[97.3545,5.174],[97.3545,5.1775],[97.3525,5.177],[97.348,5.1795],[97.346,5.1825],[97.345,5.1835]]]},"properties":{"code":"11.08.19.2018","name":"Meunasah Pante","latitude":5.171948863932021,"longitude":97.34582105390832}},{"type":"Feature","geometry":{"type":"Polygon","coordinates":[[[97.329,5.1525],[97.328,5.1525],[97.328,5.1635],[97.3245,5.1625],[97.318,5.158],[97.3155,5.1555],[97.3145,5.1555],[97.314,5.1545],[97.3115,5.1525],[97.3155,5.152],[97.3155,5.1515],[97.316,5.15],[97.317,5.1475],[97.3145,5.1385],[97.314,5.138],[97.3145,5.138],[97.316,5.1395],[97.3165,5.139],[97.321,5.14],[97.3245,5.148],[97.329,5.1505],[97.329,5.1525]]]},"properties":{"code":"11.08.19.2019","name":"Meurandeh Paya","latitude":5.1516078970931165,"longitude":97.321533330524}},{"type":"Feature","geometry":{"type":"Polygon","coordinates":[[[97.34,5.164],[97.3395,5.1645],[97.339,5.172],[97.339,5.174],[97.3285,5.1655],[97.328,5.1635],[97.328,5.1525],[97.3295,5.1525],[97.34,5.164]]]},"properties":{"code":"11.08.19.2020","name":"Cot Murong","latitude":5.1634703984199835,"longitude":97.33374825196871}},{"type":"Feature","geometry":{"type":"Polygon","coordinates":[[[97.3605,5.172],[97.358,5.1715],[97.354,5.1725],[97.354,5.17],[97.353,5.1695],[97.353,5.167],[97.35,5.1605],[97.354,5.148],[97.3655,5.15],[97.364,5.152],[97.3645,5.153],[97.3695,5.1545],[97.3665,5.1565],[97.366,5.1565],[97.362,5.159],[97.362,5.1595],[97.3645,5.161],[97.365,5.1645],[97.366,5.169],[97.3605,5.172]]]},"properties":{"code":"11.08.19.2021","name":"Matang Paya","latitude":5.15859090383533,"longitude":97.35859335141154}},{"type":"Feature","geometry":{"type":"Polygon","coordinates":[[[97.3235,5.17],[97.323,5.1705],[97.3175,5.172],[97.315,5.1705],[97.3125,5.1725],[97.3105,5.171],[97.3085,5.17],[97.308,5.17],[97.3075,5.169],[97.309,5.169],[97.3175,5.167],[97.3195,5.1655],[97.321,5.165],[97.3235,5.17]]]},"properties":{"code":"11.08.19.2022","name":"Lhok Euncien","latitude":5.169051253929407,"longitude":97.31728088590806}},{"type":"Feature","geometry":{"type":"Polygon","coordinates":[[[97.333,5.0975],[97.33,5.103],[97.3265,5.1],[97.314,5.0985],[97.314,5.097],[97.316,5.0905],[97.317,5.0865],[97.3305,5.096],[97.333,5.0975]]]},"properties":{"code":"11.08.19.2023","name":"Cot Usen","latitude":5.095229737366183,"longitude":97.32246718925221}},{"type":"Feature","geometry":{"type":"Polygon","coordinates":[[[97.3385,5.1795],[97.3375,5.1805],[97.329,5.185],[97.327,5.1845],[97.3265,5.1835],[97.327,5.1825],[97.324,5.17],[97.3235,5.17],[97.321,5.165],[97.3285,5.164],[97.3285,5.1655],[97.339,5.174],[97.339,5.1745],[97.338,5.176],[97.3385,5.1795]]]},"properties":{"code":"11.08.19.2024","name":"Meunasah Hagu","latitude":5.175427691296634,"longitude":97.33127755979315}},{"type":"Feature","geometry":{"type":"Polygon","coordinates":[[[97.3175,5.167],[97.309,5.169],[97.3075,5.169],[97.307,5.1675],[97.3055,5.1625],[97.3055,5.161],[97.31,5.1545],[97.3115,5.1525],[97.314,5.1545],[97.3145,5.1555],[97.3155,5.1555],[97.318,5.158],[97.3245,5.1625],[97.328,5.1635],[97.3285,5.164],[97.3195,5.1655],[97.3175,5.167]]]},"properties":{"code":"11.08.19.2025","name":"Blang Rheue","latitude":5.16168164096933,"longitude":97.31379218806381}},{"type":"Feature","geometry":{"type":"Polygon","coordinates":[[[97.3275,5.1875],[97.3275,5.1895],[97.306,5.181],[97.3085,5.1715],[97.308,5.17],[97.3085,5.17],[97.3105,5.171],[97.3125,5.1725],[97.315,5.1705],[97.3175,5.172],[97.323,5.1705],[97.324,5.17],[97.327,5.1825],[97.3265,5.1835],[97.327,5.1845],[97.329,5.185],[97.328,5.1855],[97.3275,5.1875]]]},"properties":{"code":"11.08.19.2026","name":"Paya Bateung","latitude":5.178240258524115,"longitude":97.31902629913283}},{"type":"Feature","geometry":{"type":"Polygon","coordinates":[[[97.252,5.0035],[97.2505,5.0055],[97.2445,5.0015],[97.241,5.0015],[97.2435,4.998],[97.251,5.002],[97.252,5.0035]]]},"properties":{"code":"11.08.20.2001","name":"Blang Ara","latitude":5.001458764135623,"longitude":97.24609102692979}},{"type":"Feature","geometry":{"type":"Polygon","coordinates":[[[97.2435,4.998],[97.241,5],[97.2365,4.9935],[97.238,4.9925],[97.2385,4.993],[97.2435,4.998]]]},"properties":{"code":"11.08.20.2002","name":"Tgk.Dibanda Pirak","latitude":4.9962040850380545,"longitude":97.24006041185228}},{"type":"Feature","geometry":{"type":"Polygon","coordinates":[[[97.253,4.994],[97.2515,4.994],[97.2455,4.9895],[97.2505,4.985],[97.2525,4.985],[97.2525,4.987],[97.2545,4.988],[97.258,4.99],[97.259,4.99],[97.2595,4.989],[97.2605,4.9885],[97.26,4.99],[97.26,4.9905],[97.2595,4.9915],[97.256,4.9925],[97.2555,4.993],[97.254,4.9935],[97.253,4.994]]]},"properties":{"code":"11.08.20.2003","name":"Paya Meudru","latitude":4.989758683851006,"longitude":97.25258390695868}},{"type":"Feature","geometry":{"type":"Polygon","coordinates":[[[97.2345,4.9855],[97.2305,4.9895],[97.2295,4.989],[97.2315,4.983],[97.2345,4.9855]]]},"properties":{"code":"11.08.20.2004","name":"Blang Sialet","latitude":4.986358283413228,"longitude":97.23178261009699}},{"type":"Feature","geometry":{"type":"Polygon","coordinates":[[[97.2455,4.9895],[97.2415,4.99],[97.2315,4.983],[97.234,4.9755],[97.234,4.975],[97.235,4.975],[97.235,4.976],[97.2365,4.977],[97.2385,4.9775],[97.248,4.9835],[97.2505,4.985],[97.2455,4.9895]]]},"properties":{"code":"11.08.20.2005","name":"Buket Guru","latitude":4.9832684597279115,"longitude":97.24027683794404}},{"type":"Feature","geometry":{"type":"Polygon","coordinates":[[[97.2525,4.996],[97.2515,5.001],[97.2405,4.9905],[97.2455,4.9895],[97.2515,4.994],[97.2525,4.996]]]},"properties":{"code":"11.08.20.2006","name":"Geulumpang Pirak","latitude":4.994265159977493,"longitude":97.24714628603253}},{"type":"Feature","geometry":{"type":"Polygon","coordinates":[[[97.27,4.9475],[97.263,4.9485],[97.2605,4.953],[97.2555,4.949],[97.254,4.947],[97.2525,4.944],[97.253,4.9395],[97.2455,4.922],[97.2465,4.8855],[97.2415,4.874],[97.2425,4.8735],[97.249,4.8675],[97.2535,4.862],[97.2675,4.8405],[97.274,4.841],[97.2815,4.8425],[97.304,4.854],[97.3105,4.8585],[97.322,4.868],[97.3215,4.8705],[97.323,4.8735],[97.323,4.874],[97.3235,4.877],[97.316,4.9045],[97.304,4.913],[97.3015,4.9155],[97.301,4.918],[97.3,4.9195],[97.2955,4.9255],[97.293,4.932],[97.293,4.938],[97.2935,4.9385],[97.292,4.939],[97.2775,4.942],[97.2765,4.943],[97.276,4.9435],[97.274,4.9435],[97.271,4.9475],[97.27,4.9475]]]},"properties":{"code":"11.08.20.2007","name":"Alue Lhok","latitude":4.892669101880857,"longitude":97.27940713211068}},{"type":"Feature","geometry":{"type":"Polygon","coordinates":[[[97.276,4.9435],[97.2785,4.9455],[97.2785,4.948],[97.269,4.957],[97.267,4.958],[97.266,4.961],[97.2655,4.9615],[97.264,4.961],[97.2615,4.9605],[97.2585,4.9595],[97.2585,4.958],[97.261,4.9555],[97.2605,4.953],[97.263,4.9485],[97.27,4.9475],[97.271,4.9475],[97.274,4.9435],[97.276,4.9435]]]},"properties":{"code":"11.08.20.2008","name":"Seuneubok Aceh","latitude":4.9519673034960725,"longitude":97.26847771551937}},{"type":"Feature","geometry":{"type":"Polygon","coordinates":[[[97.2615,4.969],[97.258,4.971],[97.2475,4.9785],[97.247,4.976],[97.246,4.9755],[97.2465,4.974],[97.247,4.9735],[97.2455,4.9735],[97.2445,4.97],[97.247,4.9635],[97.258,4.96],[97.2585,4.9595],[97.2615,4.9605],[97.264,4.961],[97.2655,4.9615],[97.265,4.962],[97.2695,4.9655],[97.266,4.967],[97.2655,4.967],[97.262,4.967],[97.261,4.968],[97.2615,4.969]]]},"properties":{"code":"11.08.20.2009","name":"Buket Pidie","latitude":4.9675919333846945,"longitude":97.2546069246934}},{"type":"Feature","geometry":{"type":"Polygon","coordinates":[[[97.2515,4.982],[97.248,4.9835],[97.2385,4.9775],[97.2365,4.977],[97.235,4.976],[97.235,4.975],[97.2345,4.9745],[97.233,4.973],[97.233,4.955],[97.2315,4.9535],[97.231,4.9515],[97.23,4.9505],[97.23,4.9435],[97.23,4.939],[97.2335,4.9335],[97.235,4.9335],[97.2375,4.932],[97.2345,4.9225],[97.237,4.903],[97.2385,4.9015],[97.2365,4.8995],[97.2355,4.8995],[97.2345,4.8985],[97.2375,4.896],[97.2285,4.8845],[97.2285,4.883],[97.2305,4.8805],[97.235,4.8805],[97.2335,4.879],[97.234,4.878],[97.2335,4.877],[97.2385,4.8755],[97.2415,4.874],[97.2465,4.8855],[97.2455,4.922],[97.253,4.9395],[97.2525,4.944],[97.254,4.947],[97.2555,4.949],[97.261,4.9555],[97.2585,4.958],[97.258,4.96],[97.247,4.9635],[97.2445,4.97],[97.2455,4.9735],[97.247,4.9735],[97.2465,4.974],[97.246,4.9755],[97.247,4.976],[97.247,4.978],[97.2485,4.9795],[97.2515,4.982]]]},"properties":{"code":"11.08.20.2010","name":"Kebon Pirak","latitude":4.932355291908352,"longitude":97.24174426984754}},{"type":"Feature","geometry":{"type":"Polygon","coordinates":[[[97.233,4.965],[97.2275,4.9605],[97.2295,4.9585],[97.225,4.9525],[97.229,4.9515],[97.231,4.9515],[97.2315,4.9535],[97.233,4.965]]]},"properties":{"code":"11.08.20.2011","name":"Alue Leukot","latitude":4.957117355456354,"longitude":97.23012394969054}},{"type":"Feature","geometry":{"type":"Polygon","coordinates":[[[97.23,4.9505],[97.229,4.9515],[97.225,4.9525],[97.2225,4.9495],[97.2225,4.947],[97.221,4.9435],[97.22,4.9425],[97.2195,4.9415],[97.214,4.927],[97.217,4.9055],[97.2135,4.903],[97.2165,4.8945],[97.216,4.8865],[97.2185,4.8825],[97.226,4.88],[97.231,4.878],[97.2335,4.877],[97.234,4.878],[97.2335,4.879],[97.235,4.8805],[97.2305,4.8805],[97.2285,4.883],[97.2285,4.8845],[97.2375,4.896],[97.2345,4.8985],[97.2355,4.8995],[97.2365,4.8995],[97.2385,4.9015],[97.237,4.903],[97.2345,4.9225],[97.2375,4.932],[97.235,4.9335],[97.2335,4.9335],[97.23,4.939],[97.23,4.9435],[97.23,4.9505]]]},"properties":{"code":"11.08.20.2012","name":"Blang Mane","latitude":4.913001990046977,"longitude":97.2255738634097}},{"type":"Feature","geometry":{"type":"Polygon","coordinates":[[[97.228,4.957],[97.2235,4.9595],[97.22,4.959],[97.216,4.956],[97.212,4.9535],[97.2115,4.952],[97.211,4.9495],[97.21,4.949],[97.2085,4.9505],[97.2045,4.9535],[97.1995,4.9485],[97.1985,4.948],[97.1995,4.9445],[97.198,4.9455],[97.1945,4.946],[97.192,4.947],[97.1885,4.944],[97.19,4.941],[97.1885,4.936],[97.186,4.935],[97.189,4.93],[97.1895,4.9295],[97.1885,4.9255],[97.185,4.917],[97.185,4.916],[97.182,4.9165],[97.183,4.915],[97.1835,4.907],[97.181,4.9065],[97.179,4.9075],[97.1775,4.9075],[97.175,4.9035],[97.175,4.9025],[97.1725,4.902],[97.1705,4.902],[97.17,4.901],[97.172,4.9],[97.1725,4.8995],[97.172,4.899],[97.199,4.8895],[97.2185,4.8825],[97.216,4.8865],[97.2165,4.8945],[97.2135,4.903],[97.217,4.9055],[97.214,4.927],[97.2195,4.9415],[97.22,4.9425],[97.221,4.9435],[97.2225,4.947],[97.2225,4.9495],[97.225,4.9525],[97.228,4.957]]]},"properties":{"code":"11.08.20.2013","name":"Peureupok","latitude":4.919894794102489,"longitude":97.20171411460156}},{"type":"Feature","geometry":{"type":"Polygon","coordinates":[[[97.233,4.973],[97.2315,4.973],[97.2275,4.9715],[97.2275,4.9695],[97.224,4.967],[97.2225,4.963],[97.2215,4.963],[97.2215,4.9615],[97.22,4.959],[97.2235,4.9595],[97.228,4.957],[97.2275,4.9605],[97.233,4.965],[97.233,4.973]]]},"properties":{"code":"11.08.20.2014","name":"Alue Bieng","latitude":4.965003409906106,"longitude":97.22733559801847}},{"type":"Feature","geometry":{"type":"Polygon","coordinates":[[[97.2425,5.017],[97.238,5.0185],[97.2365,5.0185],[97.236,5.017],[97.236,5.0135],[97.2365,5.0135],[97.2405,5.0115],[97.2415,5.0115],[97.244,5.016],[97.244,5.017],[97.2425,5.017]]]},"properties":{"code":"11.08.20.2015","name":"Pante Seuleumak","latitude":5.0152205138576615,"longitude":97.23965615637246}},{"type":"Feature","geometry":{"type":"Polygon","coordinates":[[[97.2365,5.0135],[97.236,5.0135],[97.2345,5.0135],[97.234,5.013],[97.2335,5.0115],[97.233,5.011],[97.2315,5.0095],[97.231,5.008],[97.2355,5.0045],[97.242,5.0105],[97.2365,5.0135]]]},"properties":{"code":"11.08.20.2016","name":"Meuria Seuleumak","latitude":5.009262456691437,"longitude":97.23643649306281}},{"type":"Feature","geometry":{"type":"Polygon","coordinates":[[[97.25,5.015],[97.247,5.0175],[97.2455,5.0195],[97.244,5.017],[97.244,5.016],[97.2415,5.0115],[97.2405,5.0115],[97.243,5.0105],[97.2465,5.0085],[97.25,5.015]]]},"properties":{"code":"11.08.20.2017","name":"Tunong Krueng","latitude":5.01360447093136,"longitude":97.24555614150512}},{"type":"Feature","geometry":{"type":"Polygon","coordinates":[[[97.2465,5.0085],[97.243,5.0105],[97.242,5.0105],[97.239,5.006],[97.243,5.004],[97.2465,5.008],[97.2465,5.0085]]]},"properties":{"code":"11.08.20.2018","name":"Geureughek","latitude":5.007274181612736,"longitude":97.24285720969905}},{"type":"Feature","geometry":{"type":"Polygon","coordinates":[[[97.2495,5.021],[97.2495,5.0205],[97.2455,5.022],[97.247,5.0175],[97.25,5.015],[97.2525,5.018],[97.2495,5.021]]]},"properties":{"code":"11.08.20.2019","name":"Meunye Seuleumak","latitude":5.01878086280062,"longitude":97.24853548887629}},{"type":"Feature","geometry":{"type":"Polygon","coordinates":[[[97.25,5.0065],[97.247,5.008],[97.2465,5.008],[97.243,5.004],[97.2505,5.006],[97.25,5.0065]]]},"properties":{"code":"11.08.20.2020","name":"Simpang","latitude":5.004890084974936,"longitude":97.24699083791916}},{"type":"Feature","geometry":{"type":"Polygon","coordinates":[[[97.257,5.016],[97.255,5.016],[97.252,5.0175],[97.2465,5.0085],[97.247,5.008],[97.25,5.0065],[97.255,5.0125],[97.256,5.014],[97.257,5.016]]]},"properties":{"code":"11.08.20.2021","name":"Tumpok Mesjid","latitude":5.012047135430839,"longitude":97.25158516054731}},{"type":"Feature","geometry":{"type":"Polygon","coordinates":[[[97.243,5.022],[97.238,5.025],[97.2375,5.0245],[97.236,5.023],[97.2365,5.0215],[97.2365,5.02],[97.238,5.019],[97.2425,5.017],[97.2455,5.0195],[97.245,5.0215],[97.243,5.022]]]},"properties":{"code":"11.08.20.2022","name":"Jok","latitude":5.020621557009678,"longitude":97.2405498342675}},{"type":"Feature","geometry":{"type":"Polygon","coordinates":[[[97.2355,5.0045],[97.231,5.008],[97.231,5.0075],[97.2305,5.0065],[97.229,5.0075],[97.228,5.007],[97.2265,5.007],[97.2275,5.0035],[97.2265,5.003],[97.229,5.001],[97.231,4.999],[97.2345,5.0035],[97.2355,5.0045]]]},"properties":{"code":"11.08.20.2023","name":"Leuhong","latitude":5.004112112190774,"longitude":97.23032083688365}},{"type":"Feature","geometry":{"type":"Polygon","coordinates":[[[97.226,5.003],[97.224,5.0035],[97.2215,5.001],[97.221,4.999],[97.223,4.998],[97.2225,4.996],[97.2225,4.989],[97.224,4.9885],[97.2245,4.989],[97.2255,4.991],[97.2265,4.991],[97.2275,4.99],[97.2295,4.995],[97.232,4.9985],[97.229,5.001],[97.2265,5.003],[97.226,5.003]]]},"properties":{"code":"11.08.20.2024","name":"Tanjong Burunyong","latitude":4.996779216986513,"longitude":97.22564122193675}},{"type":"Feature","geometry":{"type":"Polygon","coordinates":[[[97.2315,4.9965],[97.2305,4.997],[97.23,4.996],[97.229,4.9945],[97.2275,4.9905],[97.2275,4.99],[97.2275,4.9895],[97.23,4.99],[97.2295,4.9915],[97.231,4.9945],[97.2315,4.9965]]]},"properties":{"code":"11.08.20.2025","name":"Keude Paya Bakong","latitude":4.992762149470065,"longitude":97.22956925876184}},{"type":"Feature","geometry":{"type":"Polygon","coordinates":[[[97.2295,4.989],[97.2275,4.9895],[97.2285,4.9875],[97.2275,4.987],[97.227,4.9865],[97.225,4.9865],[97.2265,4.986],[97.2275,4.9855],[97.2285,4.985],[97.231,4.984],[97.2295,4.989]]]},"properties":{"code":"11.08.20.2026","name":"Blang Gunci","latitude":4.9860973985465655,"longitude":97.2289652082833}},{"type":"Feature","geometry":{"type":"Polygon","coordinates":[[[97.231,4.984],[97.2285,4.984],[97.228,4.98],[97.229,4.9785],[97.224,4.9725],[97.224,4.972],[97.227,4.9695],[97.2275,4.9715],[97.2315,4.973],[97.2345,4.9745],[97.235,4.975],[97.234,4.975],[97.234,4.9755],[97.231,4.984]]]},"properties":{"code":"11.08.20.2027","name":"Gampong Nga","latitude":4.97613261531942,"longitude":97.22958461902307}},{"type":"Feature","geometry":{"type":"Polygon","coordinates":[[[97.2275,4.9855],[97.225,4.9865],[97.221,4.985],[97.2235,4.983],[97.228,4.98],[97.2285,4.984],[97.2285,4.985],[97.2275,4.9855]]]},"properties":{"code":"11.08.20.2028","name":"Mampree","latitude":4.983822259965499,"longitude":97.22563112377479}},{"type":"Feature","geometry":{"type":"Polygon","coordinates":[[[97.228,4.98],[97.2235,4.983],[97.221,4.985],[97.2205,4.9845],[97.2205,4.9835],[97.221,4.983],[97.2185,4.9795],[97.214,4.978],[97.217,4.976],[97.2165,4.9755],[97.2185,4.9735],[97.2215,4.9715],[97.2225,4.971],[97.2235,4.971],[97.225,4.9715],[97.224,4.972],[97.224,4.9725],[97.229,4.9785],[97.228,4.98]]]},"properties":{"code":"11.08.20.2029","name":"Matang Panyang","latitude":4.977078652286963,"longitude":97.2220230014987}},{"type":"Feature","geometry":{"type":"Polygon","coordinates":[[[97.225,4.9715],[97.2235,4.971],[97.222,4.971],[97.221,4.9715],[97.2185,4.9735],[97.2165,4.9755],[97.216,4.975],[97.2145,4.975],[97.2155,4.9705],[97.223,4.9645],[97.224,4.967],[97.227,4.9695],[97.225,4.9715]]]},"properties":{"code":"11.08.20.2030","name":"Tanjong Drieng","latitude":4.970064857805846,"longitude":97.2200980842055}},{"type":"Feature","geometry":{"type":"Polygon","coordinates":[[[97.2145,4.975],[97.21,4.9755],[97.205,4.971],[97.2115,4.964],[97.2155,4.9705],[97.2145,4.975]]]},"properties":{"code":"11.08.20.2031","name":"Asan Seuleumak","latitude":4.9704971453155,"longitude":97.21056987676909}},{"type":"Feature","geometry":{"type":"Polygon","coordinates":[[[97.223,4.9645],[97.2155,4.9705],[97.2115,4.964],[97.2165,4.957],[97.2215,4.9615],[97.2215,4.963],[97.223,4.9645]]]},"properties":{"code":"11.08.20.2032","name":"Tgk. Dibanda Tek-Tek","latitude":4.963254738648314,"longitude":97.21724596446754}},{"type":"Feature","geometry":{"type":"Polygon","coordinates":[[[97.2165,4.957],[97.2115,4.964],[97.2035,4.9575],[97.2045,4.9535],[97.2085,4.9505],[97.21,4.949],[97.211,4.9495],[97.2115,4.952],[97.212,4.9535],[97.216,4.956],[97.2165,4.957]]]},"properties":{"code":"11.08.20.2033","name":"Cot Teufah","latitude":4.956773996806941,"longitude":97.2102906603086}},{"type":"Feature","geometry":{"type":"Polygon","coordinates":[[[97.2115,4.964],[97.205,4.97],[97.2035,4.969],[97.2025,4.9695],[97.2035,4.9575],[97.2115,4.964]]]},"properties":{"code":"11.08.20.2034","name":"Pucok Alue Seuleumak","latitude":4.964280834547388,"longitude":97.20621185388212}},{"type":"Feature","geometry":{"type":"Polygon","coordinates":[[[97.2025,4.9695],[97.2,4.9705],[97.1945,4.968],[97.1925,4.9635],[97.191,4.963],[97.19,4.962],[97.192,4.9555],[97.2015,4.9535],[97.2045,4.9535],[97.2035,4.9575],[97.2025,4.9695]]]},"properties":{"code":"11.08.20.2035","name":"Lueng","latitude":4.9616772817316335,"longitude":97.19706151735961}},{"type":"Feature","geometry":{"type":"Polygon","coordinates":[[[97.235,4.9945],[97.2315,4.9965],[97.231,4.9945],[97.2295,4.9915],[97.2295,4.991],[97.23,4.9905],[97.234,4.9915],[97.2375,4.9915],[97.238,4.9925],[97.235,4.9945]]]},"properties":{"code":"11.08.20.2036","name":"Cempeudak","latitude":4.992952932053024,"longitude":97.23327493699976}},{"type":"Feature","geometry":{"type":"Polygon","coordinates":[[[97.244,5.003],[97.2405,5.0025],[97.235,4.9945],[97.2365,4.9935],[97.241,5],[97.241,5.0015],[97.2445,5.0015],[97.244,5.003]]]},"properties":{"code":"11.08.20.2037","name":"Blang Paku","latitude":4.998780750282631,"longitude":97.23903417672649}},{"type":"Feature","geometry":{"type":"Polygon","coordinates":[[[97.243,5.004],[97.239,5.006],[97.2345,5.0035],[97.231,4.999],[97.232,4.9985],[97.2305,4.997],[97.235,4.9945],[97.2405,5.0025],[97.244,5.003],[97.243,5.004]]]},"properties":{"code":"11.08.20.2038","name":"Blang Dalam","latitude":5.000765736883672,"longitude":97.23612139422433}},{"type":"Feature","geometry":{"type":"Polygon","coordinates":[[[97.145,4.9745],[97.1445,4.974],[97.1335,4.964],[97.13,4.962],[97.1135,4.9585],[97.1115,4.9535],[97.0945,4.956],[97.08,4.951],[97.0675,4.9415],[97.0495,4.938],[97.0395,4.94],[97.012,4.93],[97.005,4.917],[97.002,4.899],[96.9625,4.878],[96.953,4.8715],[96.9445,4.864],[96.9515,4.8615],[96.9555,4.859],[96.9875,4.8635],[97.0015,4.865],[97.0105,4.9035],[97.0165,4.9095],[97.019,4.9115],[97.0215,4.9125],[97.0235,4.9125],[97.047,4.9055],[97.055,4.9095],[97.0805,4.9095],[97.086,4.904],[97.0865,4.9035],[97.0865,4.9025],[97.0875,4.9025],[97.107,4.9035],[97.121,4.9095],[97.1355,4.9105],[97.1375,4.9115],[97.141,4.91],[97.143,4.9095],[97.145,4.9105],[97.1455,4.9105],[97.172,4.899],[97.1725,4.8995],[97.172,4.9],[97.17,4.901],[97.1705,4.902],[97.1725,4.902],[97.175,4.9025],[97.175,4.9035],[97.1775,4.9075],[97.179,4.9075],[97.181,4.9065],[97.1835,4.907],[97.183,4.915],[97.182,4.9165],[97.185,4.916],[97.185,4.917],[97.1885,4.9255],[97.1895,4.9295],[97.189,4.93],[97.186,4.935],[97.1885,4.936],[97.19,4.941],[97.1885,4.944],[97.192,4.947],[97.1945,4.946],[97.198,4.9455],[97.1995,4.9445],[97.1985,4.948],[97.1995,4.9485],[97.2015,4.9535],[97.192,4.9555],[97.188,4.9585],[97.185,4.9595],[97.1865,4.962],[97.1865,4.9635],[97.186,4.9645],[97.179,4.9565],[97.166,4.955],[97.162,4.9495],[97.1575,4.938],[97.1455,4.9365],[97.142,4.9465],[97.151,4.9615],[97.145,4.9745]]]},"properties":{"code":"11.08.20.2039","name":"Blang Pante","latitude":4.921690266841483,"longitude":97.08973183137492}},{"type":"Feature","geometry":{"type":"Polygon","coordinates":[[[97.2585,5.0825],[97.2465,5.081],[97.248,5.0785],[97.254,5.081],[97.264,5.078],[97.264,5.079],[97.2585,5.0825]]]},"properties":{"code":"11.08.21.2001","name":"Nibong Baroh","latitude":5.081051006188668,"longitude":97.25498790052272}},{"type":"Feature","geometry":{"type":"Polygon","coordinates":[[[97.264,5.078],[97.254,5.081],[97.248,5.0785],[97.249,5.076],[97.256,5.077],[97.261,5.076],[97.2635,5.075],[97.264,5.0765],[97.264,5.078]]]},"properties":{"code":"11.08.21.2002","name":"Nibong Wakheuh","latitude":5.07820810670189,"longitude":97.2562012287669}},{"type":"Feature","geometry":{"type":"Polygon","coordinates":[[[97.2635,5.075],[97.261,5.076],[97.256,5.077],[97.249,5.076],[97.2505,5.0735],[97.2555,5.0755],[97.259,5.074],[97.263,5.074],[97.2635,5.075]]]},"properties":{"code":"11.08.21.2003","name":"Keude Nibong","latitude":5.075674220020193,"longitude":97.25530923740013}},{"type":"Feature","geometry":{"type":"Polygon","coordinates":[[[97.259,5.074],[97.2555,5.0755],[97.2535,5.0745],[97.2565,5.0735],[97.259,5.074]]]},"properties":{"code":"11.08.21.2004","name":"Keupok Nibong","latitude":5.074479610391742,"longitude":97.25625541230411}},{"type":"Feature","geometry":{"type":"Polygon","coordinates":[[[97.2565,5.0735],[97.2535,5.0745],[97.2515,5.0735],[97.2535,5.0725],[97.2565,5.0705],[97.2575,5.071],[97.2565,5.0735]]]},"properties":{"code":"11.08.21.2005","name":"Dayah Nibong","latitude":5.072776133960495,"longitude":97.25488314512049}},{"type":"Feature","geometry":{"type":"Polygon","coordinates":[[[97.248,5.071],[97.245,5.07],[97.2425,5.071],[97.242,5.07],[97.2415,5.064],[97.2435,5.065],[97.25,5.062],[97.254,5.0605],[97.255,5.06],[97.2555,5.06],[97.255,5.062],[97.256,5.0635],[97.254,5.0665],[97.248,5.071]]]},"properties":{"code":"11.08.21.2006","name":"Sumbok Rayeuk","latitude":5.066014604790515,"longitude":97.24895176788569}},{"type":"Feature","geometry":{"type":"Polygon","coordinates":[[[97.255,5.06],[97.25,5.062],[97.2435,5.065],[97.2395,5.062],[97.2425,5.058],[97.255,5.06]]]},"properties":{"code":"11.08.21.2007","name":"Paya Terbang","latitude":5.061319411403675,"longitude":97.24570139443297}},{"type":"Feature","geometry":{"type":"Polygon","coordinates":[[[97.243,5.077],[97.239,5.077],[97.237,5.077],[97.2365,5.077],[97.234,5.076],[97.2345,5.074],[97.235,5.0725],[97.235,5.072],[97.242,5.07],[97.2435,5.0725],[97.2435,5.075],[97.243,5.077]]]},"properties":{"code":"11.08.21.2008","name":"Teupin Jok","latitude":5.073950166023857,"longitude":97.23932364324543}},{"type":"Feature","geometry":{"type":"Polygon","coordinates":[[[97.242,5.07],[97.235,5.072],[97.233,5.071],[97.2325,5.0685],[97.2355,5.0665],[97.235,5.0645],[97.234,5.064],[97.2325,5.06],[97.2345,5.0615],[97.236,5.061],[97.238,5.0615],[97.2415,5.064],[97.242,5.07]]]},"properties":{"code":"11.08.21.2009","name":"Mamplam","latitude":5.066391764846562,"longitude":97.23718782607719}},{"type":"Feature","geometry":{"type":"Polygon","coordinates":[[[97.253,5.0595],[97.2425,5.058],[97.2395,5.062],[97.238,5.0615],[97.236,5.061],[97.2335,5.0565],[97.2325,5.0555],[97.2425,5.0485],[97.2455,5.051],[97.245,5.0515],[97.253,5.0595]]]},"properties":{"code":"11.08.21.2010","name":"Keulilee","latitude":5.055554409455989,"longitude":97.24167984790097}},{"type":"Feature","geometry":{"type":"Polygon","coordinates":[[[97.2425,5.0485],[97.2325,5.0555],[97.232,5.055],[97.23,5.0505],[97.2295,5.05],[97.235,5.043],[97.2425,5.048],[97.2425,5.0485]]]},"properties":{"code":"11.08.21.2011","name":"Meunye Lhee","latitude":5.0493582947474405,"longitude":97.23490008425587}},{"type":"Feature","geometry":{"type":"Polygon","coordinates":[[[97.235,5.043],[97.2295,5.05],[97.2285,5.049],[97.226,5.0445],[97.2235,5.0435],[97.2225,5.0405],[97.2205,5.0365],[97.228,5.0315],[97.23,5.0345],[97.23,5.035],[97.232,5.038],[97.2315,5.0385],[97.235,5.043]]]},"properties":{"code":"11.08.21.2012","name":"Ranto","latitude":5.0403337257981775,"longitude":97.22800682420186}},{"type":"Feature","geometry":{"type":"Polygon","coordinates":[[[97.2205,5.0365],[97.2185,5.037],[97.2155,5.036],[97.2145,5.033],[97.2165,5.03],[97.2165,5.0295],[97.2215,5.027],[97.2235,5.0265],[97.228,5.0315],[97.2205,5.0365]]]},"properties":{"code":"11.08.21.2013","name":"Seulunyok","latitude":5.031834474425658,"longitude":97.2207795356789}},{"type":"Feature","geometry":{"type":"Polygon","coordinates":[[[97.2515,5.0735],[97.2505,5.0735],[97.25,5.0745],[97.248,5.071],[97.254,5.0665],[97.2535,5.069],[97.254,5.0695],[97.2565,5.0705],[97.2535,5.0725],[97.2515,5.0735]]]},"properties":{"code":"11.08.21.2014","name":"Keh Nibong","latitude":5.070894169046862,"longitude":97.25195504081852}},{"type":"Feature","geometry":{"type":"Polygon","coordinates":[[[97.2125,5.0275],[97.2115,5.0275],[97.2105,5.0275],[97.2105,5.027],[97.2115,5.0255],[97.2105,5.025],[97.207,5.023],[97.203,5.021],[97.196,5.0165],[97.1955,5.015],[97.196,5.013],[97.198,5.0135],[97.203,5.0135],[97.2095,5.0145],[97.213,5.0155],[97.215,5.0155],[97.2175,5.019],[97.217,5.0205],[97.2165,5.02],[97.214,5.0235],[97.2125,5.0275]]]},"properties":{"code":"11.08.21.2015","name":"Alue Ie Mirah","latitude":5.018924096715334,"longitude":97.20744982515983}},{"type":"Feature","geometry":{"type":"Polygon","coordinates":[[[97.203,5.021],[97.2055,5.023],[97.2055,5.024],[97.205,5.026],[97.203,5.0265],[97.1995,5.026],[97.1935,5.021],[97.1925,5.021],[97.1915,5.02],[97.1915,5.019],[97.1925,5.019],[97.1945,5.017],[97.196,5.0165],[97.203,5.021]]]},"properties":{"code":"11.08.21.2016","name":"Maddi","latitude":5.021612135702704,"longitude":97.19900461815709}},{"type":"Feature","geometry":{"type":"Polygon","coordinates":[[[97.189,5.0195],[97.188,5.0175],[97.186,5.017],[97.186,5.0175],[97.1855,5.0175],[97.185,5.0135],[97.1855,5.011],[97.1845,5.007],[97.188,5.0095],[97.195,5.01],[97.1955,5.0105],[97.1965,5.011],[97.1965,5.0115],[97.196,5.0125],[97.196,5.0135],[97.1955,5.015],[97.196,5.0165],[97.1945,5.017],[97.1925,5.019],[97.1915,5.019],[97.192,5.0175],[97.1895,5.016],[97.189,5.0195]]]},"properties":{"code":"11.08.21.2017","name":"Alue Ngom","latitude":5.013368085850828,"longitude":97.19042449443013}},{"type":"Feature","geometry":{"type":"Polygon","coordinates":[[[97.2165,5.0295],[97.216,5.029],[97.2135,5.028],[97.2125,5.0275],[97.214,5.0235],[97.2165,5.02],[97.219,5.022],[97.223,5.0265],[97.2215,5.027],[97.2165,5.0295]]]},"properties":{"code":"11.08.21.2018","name":"Tanjong Putoh","latitude":5.025353605313523,"longitude":97.21715273566258}},{"type":"Feature","geometry":{"type":"Polygon","coordinates":[[[97.1945,5.0085],[97.1945,5.01],[97.195,5.01],[97.188,5.0095],[97.183,5.0055],[97.1875,5.0015],[97.1895,5.003],[97.1945,5.0085]]]},"properties":{"code":"11.08.21.2019","name":"Bumban","latitude":5.0063547585637975,"longitude":97.18873567601146}},{"type":"Feature","geometry":{"type":"Polygon","coordinates":[[[97.1845,5.007],[97.1855,5.011],[97.185,5.0135],[97.1855,5.0175],[97.186,5.0175],[97.178,5.015],[97.1765,5.0145],[97.176,5.014],[97.1745,5.002],[97.176,5.0035],[97.1765,5.004],[97.178,5.0055],[97.183,5.0055],[97.1845,5.007]]]},"properties":{"code":"11.08.21.2020","name":"Alue Panah","latitude":5.009789321682156,"longitude":97.17956607136577}},{"type":"Feature","geometry":{"type":"Polygon","coordinates":[[[97.113,5.093],[97.111,5.094],[97.1095,5.0945],[97.1085,5.09],[97.1065,5.087],[97.104,5.084],[97.1035,5.0845],[97.0855,5.0715],[97.0835,5.0635],[97.088,5.054],[97.0995,5.0465],[97.101,5.0585],[97.1115,5.0795],[97.1195,5.0905],[97.113,5.093]]]},"properties":{"code":"11.08.22.2001","name":"Keude Simpang Empat","latitude":5.070203990157411,"longitude":97.09899050935748}},{"type":"Feature","geometry":{"type":"Polygon","coordinates":[[[97.107,5.0955],[97.0995,5.087],[97.1,5.0865],[97.104,5.084],[97.1065,5.087],[97.1085,5.09],[97.1095,5.0945],[97.107,5.0955]]]},"properties":{"code":"11.08.22.2002","name":"Seunebok Punti","latitude":5.0898657302787695,"longitude":97.10485279014388}},{"type":"Feature","geometry":{"type":"Polygon","coordinates":[[[97.117,5.1055],[97.1175,5.107],[97.103,5.113],[97.101,5.1135],[97.101,5.113],[97.101,5.1095],[97.1005,5.108],[97.1025,5.1055],[97.107,5.0955],[97.111,5.094],[97.113,5.093],[97.1145,5.096],[97.117,5.1055]]]},"properties":{"code":"11.08.22.2003","name":"Paya Leupah","latitude":5.104434315744618,"longitude":97.10929539261005}},{"type":"Feature","geometry":{"type":"Polygon","coordinates":[[[97.122,5.1],[97.1205,5.1015],[97.1175,5.107],[97.117,5.1055],[97.1145,5.096],[97.113,5.093],[97.1195,5.0905],[97.1195,5.092],[97.122,5.1]]]},"properties":{"code":"11.08.22.2004","name":"Paya Teungoh","latitude":5.098673672257204,"longitude":97.11792582880364}},{"type":"Feature","geometry":{"type":"Polygon","coordinates":[[[97.132,5.09],[97.1265,5.089],[97.1195,5.092],[97.1195,5.0905],[97.1115,5.0795],[97.1175,5.079],[97.1195,5.0755],[97.132,5.0835],[97.132,5.09]]]},"properties":{"code":"11.08.22.2005","name":"Keubon Baro","latitude":5.084162008700325,"longitude":97.12180974062824}},{"type":"Feature","geometry":{"type":"Polygon","coordinates":[[[97.132,5.0835],[97.1195,5.0755],[97.12,5.075],[97.131,5.074],[97.132,5.0755],[97.1355,5.0825],[97.132,5.0835]]]},"properties":{"code":"11.08.22.2006","name":"Meunasah Teungoh","latitude":5.07816418772371,"longitude":97.12865214828751}},{"type":"Feature","geometry":{"type":"Polygon","coordinates":[[[97.152,5.0815],[97.1525,5.0845],[97.1535,5.0865],[97.1465,5.092],[97.1455,5.0925],[97.144,5.0915],[97.141,5.09],[97.1405,5.09],[97.1395,5.091],[97.137,5.0915],[97.135,5.0915],[97.132,5.091],[97.132,5.0835],[97.1355,5.0825],[97.136,5.0825],[97.1405,5.081],[97.152,5.0815]]]},"properties":{"code":"11.08.22.2007","name":"Meunasah Baroh","latitude":5.086458431616735,"longitude":97.14206203206064}},{"type":"Feature","geometry":{"type":"Polygon","coordinates":[[[97.1405,5.081],[97.136,5.0825],[97.132,5.0755],[97.131,5.074],[97.1305,5.072],[97.13,5.07],[97.13,5.0675],[97.1295,5.0565],[97.1305,5.051],[97.134,5.0495],[97.1355,5.052],[97.1395,5.0495],[97.143,5.05],[97.148,5.0565],[97.1525,5.062],[97.153,5.068],[97.145,5.068],[97.1405,5.081]]]},"properties":{"code":"11.08.22.2008","name":"Mancang","latitude":5.064089761234142,"longitude":97.1394589152355}},{"type":"Feature","geometry":{"type":"Polygon","coordinates":[[[97.152,5.0815],[97.1405,5.081],[97.145,5.068],[97.153,5.068],[97.1525,5.0805],[97.152,5.0805],[97.152,5.0815]]]},"properties":{"code":"11.08.22.2009","name":"Alue Bade","latitude":5.0754125824221425,"longitude":97.14762480424996}},{"type":"Feature","geometry":{"type":"Polygon","coordinates":[[[97.1115,5.0795],[97.101,5.0585],[97.0995,5.0465],[97.0785,5.041],[97.0805,5.0395],[97.082,5.0395],[97.083,5.038],[97.075,5.0245],[97.103,5.0275],[97.09,5.01],[97.099,5.001],[97.1035,5.003],[97.105,5.004],[97.1045,5.0055],[97.1095,5.016],[97.116,5.0245],[97.1265,5.0255],[97.129,5.0345],[97.129,5.038],[97.1295,5.04],[97.13,5.05],[97.1295,5.0565],[97.13,5.0675],[97.13,5.07],[97.1305,5.072],[97.131,5.074],[97.12,5.075],[97.1175,5.079],[97.1115,5.0795]]]},"properties":{"code":"11.08.22.2010","name":"Meunasah Dayah Spk","latitude":5.042524000480975,"longitude":97.10911990298534}},{"type":"Feature","geometry":{"type":"Polygon","coordinates":[[[97.0835,5.0635],[97.0765,5.06],[97.073,5.057],[97.0715,5.056],[97.068,5.053],[97.068,5.0515],[97.0705,5.049],[97.077,5.0405],[97.0995,5.0465],[97.088,5.054],[97.0835,5.0635]]]},"properties":{"code":"11.08.22.2011","name":"Kilometer Vi","latitude":5.051849244281035,"longitude":97.08200516592076}},{"type":"Feature","geometry":{"type":"Polygon","coordinates":[[[97.0785,5.041],[97.077,5.0405],[97.0705,5.049],[97.069,5.0505],[97.063,5.038],[97.052,5.032],[97.0525,5.0305],[97.051,5.03],[97.051,5.0295],[97.037,5.0275],[97.0355,5.028],[97.035,5.0275],[97.0245,5.0145],[97.0235,5.0125],[97.0385,5.01],[97.044,5.0215],[97.075,5.0245],[97.083,5.038],[97.082,5.0395],[97.0805,5.0395],[97.0785,5.041]]]},"properties":{"code":"11.08.22.2012","name":"Kilometer Viii","latitude":5.02817101505307,"longitude":97.05560772988797}},{"type":"Feature","geometry":{"type":"Polygon","coordinates":[[[97.1025,5.1055],[97.1005,5.108],[97.095,5.091],[97.0965,5.09],[97.098,5.0885],[97.103,5.0955],[97.1025,5.097],[97.1025,5.1055]]]},"properties":{"code":"11.08.22.2013","name":"Ie Tarek I","latitude":5.097363557046563,"longitude":97.09974879019497}},{"type":"Feature","geometry":{"type":"Polygon","coordinates":[[[97.107,5.0955],[97.1025,5.1055],[97.1025,5.097],[97.103,5.0955],[97.098,5.0885],[97.0995,5.087],[97.107,5.0955]]]},"properties":{"code":"11.08.22.2014","name":"Ie Tarek Ii","latitude":5.096856892368516,"longitude":97.10367373438699}},{"type":"Feature","geometry":{"type":"Polygon","coordinates":[[[97.103,5.0275],[97.044,5.0215],[97.0385,5.01],[97.0235,5.0125],[97.023,5.0125],[97.0185,5.0105],[97.018,5.0135],[97.016,5.0025],[96.9965,4.997],[96.9965,4.996],[97.002,4.996],[97.0065,4.9965],[97.0085,4.998],[97.011,4.997],[97.027,4.988],[97.027,4.9865],[97.054,4.989],[97.0605,4.989],[97.0635,4.996],[97.0775,4.9975],[97.0785,4.998],[97.079,4.998],[97.0915,4.9965],[97.093,4.9975],[97.099,5.001],[97.09,5.01],[97.103,5.0275]]]},"properties":{"code":"11.08.22.2015","name":"Pase Sentosa","latitude":5.0064385622532015,"longitude":97.05662650368242}},{"type":"Feature","geometry":{"type":"Polygon","coordinates":[[[97.132,5.091],[97.1305,5.091],[97.127,5.096],[97.1265,5.097],[97.126,5.0975],[97.1255,5.098],[97.1235,5.099],[97.122,5.1],[97.1195,5.092],[97.1265,5.089],[97.132,5.09],[97.132,5.091]]]},"properties":{"code":"11.08.22.2016","name":"Blang Raleue","latitude":5.093749575608353,"longitude":97.12489544382834}},{"type":"Feature","geometry":{"type":"Polygon","coordinates":[[[97.3155,5.1185],[97.318,5.1215],[97.317,5.1235],[97.3065,5.12],[97.302,5.119],[97.2875,5.1155],[97.288,5.113],[97.2895,5.11],[97.2915,5.107],[97.297,5.1095],[97.2995,5.11],[97.308,5.1135],[97.3105,5.114],[97.313,5.1155],[97.3155,5.1185]]]},"properties":{"code":"11.08.23.2001","name":"Keureutou","latitude":5.115148555569346,"longitude":97.30167241979483}},{"type":"Feature","geometry":{"type":"Polygon","coordinates":[[[97.3115,5.127],[97.311,5.13],[97.288,5.1235],[97.289,5.121],[97.288,5.12],[97.284,5.1195],[97.2875,5.1155],[97.302,5.119],[97.3065,5.12],[97.317,5.1235],[97.3115,5.127]]]},"properties":{"code":"11.08.23.2002","name":"Lueng Baro","latitude":5.122340045119298,"longitude":97.29992244050973}},{"type":"Feature","geometry":{"type":"Polygon","coordinates":[[[97.2975,5.135],[97.297,5.1365],[97.2965,5.1395],[97.2865,5.141],[97.2815,5.136],[97.278,5.129],[97.2815,5.1315],[97.2815,5.13],[97.282,5.129],[97.2975,5.135]]]},"properties":{"code":"11.08.23.2003","name":"Merbo Jurong","latitude":5.136591787356828,"longitude":97.28859916865831}},{"type":"Feature","geometry":{"type":"Polygon","coordinates":[[[97.3,5.133],[97.2985,5.133],[97.2975,5.135],[97.282,5.129],[97.284,5.126],[97.2845,5.1245],[97.288,5.1235],[97.311,5.13],[97.31,5.133],[97.301,5.1345],[97.3,5.133]]]},"properties":{"code":"11.08.23.2004","name":"Merbo Lama","latitude":5.129530528931686,"longitude":97.29588960935956}},{"type":"Feature","geometry":{"type":"Polygon","coordinates":[[[97.282,5.1415],[97.277,5.1435],[97.2775,5.1395],[97.275,5.1365],[97.275,5.1345],[97.2815,5.136],[97.2845,5.139],[97.282,5.1415]]]},"properties":{"code":"11.08.23.2005","name":"Tanjong Dama","latitude":5.139109835582224,"longitude":97.27890631440353}},{"type":"Feature","geometry":{"type":"Polygon","coordinates":[[[97.3025,5.143],[97.29,5.1545],[97.2885,5.1565],[97.2835,5.1525],[97.281,5.1515],[97.281,5.1505],[97.282,5.149],[97.2835,5.144],[97.2825,5.145],[97.282,5.145],[97.282,5.1415],[97.2845,5.139],[97.2865,5.141],[97.2965,5.1395],[97.297,5.1365],[97.2985,5.133],[97.3,5.133],[97.3025,5.1375],[97.3035,5.14],[97.3025,5.143]]]},"properties":{"code":"11.08.23.2006","name":"Geulanggang Baro","latitude":5.145949185114143,"longitude":97.29238820879796}},{"type":"Feature","geometry":{"type":"Polygon","coordinates":[[[97.306,5.17],[97.302,5.17],[97.297,5.1665],[97.288,5.1575],[97.29,5.1545],[97.3025,5.143],[97.3035,5.14],[97.3025,5.1375],[97.301,5.1345],[97.31,5.133],[97.314,5.1355],[97.314,5.1365],[97.314,5.138],[97.3145,5.1385],[97.317,5.1475],[97.316,5.15],[97.3155,5.1515],[97.3155,5.152],[97.3125,5.1515],[97.3115,5.1525],[97.31,5.1545],[97.3055,5.161],[97.3055,5.1625],[97.307,5.1675],[97.3075,5.1695],[97.3075,5.17],[97.306,5.17]]]},"properties":{"code":"11.08.23.2007","name":"Matang Tunong","latitude":5.151354446316857,"longitude":97.30421013193077}},{"type":"Feature","geometry":{"type":"Polygon","coordinates":[[[97.297,5.168],[97.297,5.169],[97.294,5.1685],[97.297,5.168]]]},"properties":{"code":"11.08.23.2008","name":"Keude Lapang","latitude":5.169822948207834,"longitude":97.29595823037467}},{"type":"Feature","geometry":{"type":"Polygon","coordinates":[[[97.294,5.1685],[97.2915,5.1735],[97.288,5.172],[97.2735,5.157],[97.2795,5.155],[97.281,5.1525],[97.281,5.1515],[97.2835,5.1525],[97.2885,5.1565],[97.288,5.1575],[97.297,5.1665],[97.297,5.168],[97.294,5.1685]]]},"properties":{"code":"11.08.23.2009","name":"Matang Baroh","latitude":5.161045417775802,"longitude":97.28485541846057}},{"type":"Feature","geometry":{"type":"Polygon","coordinates":[[[97.2735,5.157],[97.288,5.172],[97.2705,5.1655],[97.2715,5.164],[97.268,5.1565],[97.2675,5.153],[97.268,5.1525],[97.271,5.153],[97.2715,5.1575],[97.2735,5.157]]]},"properties":{"code":"11.08.23.2010","name":"Kuala Kereuto","latitude":5.16371869338281,"longitude":97.27690574090805}},{"type":"Feature","geometry":{"type":"Polygon","coordinates":[[[97.306,5.181],[97.2915,5.1735],[97.294,5.1685],[97.297,5.169],[97.297,5.1665],[97.302,5.17],[97.306,5.17],[97.3075,5.17],[97.3075,5.1695],[97.3085,5.1715],[97.306,5.181]]]},"properties":{"code":"11.08.23.2011","name":"Kuala Cangkoy","latitude":5.173648366076279,"longitude":97.30116418676448}},{"type":"Feature","geometry":{"type":"Polygon","coordinates":[[[97.2965,5.022],[97.2945,5.0235],[97.2925,5.0215],[97.287,5.022],[97.291,5.01],[97.29,5.0095],[97.295,5.007],[97.2965,5.0095],[97.2975,5.014],[97.2985,5.0145],[97.2995,5.0145],[97.2965,5.022]]]},"properties":{"code":"11.08.24.2001","name":"Rayeuk Pange","latitude":5.01594253461293,"longitude":97.29311567589129}},{"type":"Feature","geometry":{"type":"Polygon","coordinates":[[[97.3005,5.0245],[97.3,5.025],[97.299,5.026],[97.297,5.022],[97.2965,5.022],[97.2995,5.0145],[97.3,5.0145],[97.3015,5.015],[97.3025,5.0155],[97.3005,5.0245]]]},"properties":{"code":"11.08.24.2002","name":"Bungong","latitude":5.01963893548548,"longitude":97.29916571693128}},{"type":"Feature","geometry":{"type":"Polygon","coordinates":[[[97.3055,5.0165],[97.3045,5.0185],[97.3055,5.0215],[97.3055,5.0245],[97.3025,5.024],[97.3005,5.0245],[97.3025,5.0155],[97.303,5.016],[97.3035,5.016],[97.3055,5.0165]]]},"properties":{"code":"11.08.24.2003","name":"Geulumpang","latitude":5.02054603802566,"longitude":97.30336813343311}},{"type":"Feature","geometry":{"type":"Polygon","coordinates":[[[97.3115,5.025],[97.3075,5.0245],[97.3055,5.0245],[97.3055,5.0215],[97.3045,5.0185],[97.3055,5.0165],[97.3065,5.016],[97.307,5.017],[97.3115,5.0225],[97.3115,5.023],[97.312,5.0235],[97.312,5.024],[97.3125,5.0245],[97.3115,5.025]]]},"properties":{"code":"11.08.24.2004","name":"Asan Krueng Kreh","latitude":5.021110127983725,"longitude":97.3080547711315}},{"type":"Feature","geometry":{"type":"Polygon","coordinates":[[[97.318,5.0205],[97.3145,5.0235],[97.314,5.023],[97.3125,5.023],[97.312,5.023],[97.3115,5.023],[97.3115,5.0225],[97.307,5.017],[97.3065,5.015],[97.306,5.0145],[97.306,5.0125],[97.306,5.0115],[97.306,5.0105],[97.306,5.01],[97.3065,5.0085],[97.3065,5.0075],[97.3065,5.007],[97.3115,5.0075],[97.3145,5.0155],[97.316,5.0175],[97.318,5.0205]]]},"properties":{"code":"11.08.24.2005","name":"Beuracan Rata","latitude":5.0150476633009475,"longitude":97.31110187126312}},{"type":"Feature","geometry":{"type":"Polygon","coordinates":[[[97.307,5.0045],[97.295,5.007],[97.2915,5.0005],[97.299,5],[97.304,5.0025],[97.307,5.003],[97.307,5.0035],[97.3075,5.0045],[97.307,5.0045]]]},"properties":{"code":"11.08.24.2006","name":"Reungkam","latitude":5.003006819053901,"longitude":97.29905703997657}},{"type":"Feature","geometry":{"type":"Polygon","coordinates":[[[97.3065,5.016],[97.3055,5.0165],[97.3035,5.016],[97.303,5.016],[97.3015,5.015],[97.3,5.0145],[97.2985,5.0145],[97.2975,5.014],[97.2965,5.0095],[97.295,5.007],[97.307,5.0045],[97.307,5.006],[97.3065,5.0075],[97.3065,5.0085],[97.306,5.01],[97.306,5.0105],[97.306,5.0115],[97.306,5.0125],[97.306,5.0145],[97.3065,5.016]]]},"properties":{"code":"11.08.24.2007","name":"Trieng Krueng Kreh","latitude":5.010063962597122,"longitude":97.30164592081648}},{"type":"Feature","geometry":{"type":"Polygon","coordinates":[[[97.3155,4.9985],[97.3155,5.003],[97.307,5.004],[97.307,5.0035],[97.307,5.003],[97.304,5.0025],[97.299,5],[97.2955,5],[97.296,4.996],[97.2955,4.992],[97.294,4.9895],[97.3075,4.989],[97.3075,4.993],[97.3065,4.9955],[97.3155,4.9985]]]},"properties":{"code":"11.08.24.2008","name":"Keutapang","latitude":4.996148080242032,"longitude":97.30381613632935}},{"type":"Feature","geometry":{"type":"Polygon","coordinates":[[[97.3075,4.989],[97.2955,4.989],[97.2955,4.9865],[97.2945,4.9835],[97.303,4.9775],[97.3085,4.98],[97.3075,4.982],[97.3075,4.9845],[97.3075,4.989]]]},"properties":{"code":"11.08.24.2009","name":"Bili Baro","latitude":4.9839622170810545,"longitude":97.30198189796799}},{"type":"Feature","geometry":{"type":"Polygon","coordinates":[[[97.303,4.9775],[97.2945,4.9835],[97.2915,4.982],[97.288,4.982],[97.2865,4.981],[97.285,4.98],[97.286,4.9715],[97.286,4.9695],[97.287,4.9705],[97.303,4.9775]]]},"properties":{"code":"11.08.24.2010","name":"Paya Lueng Jalo","latitude":4.977572154387441,"longitude":97.29206629993368}},{"type":"Feature","geometry":{"type":"Polygon","coordinates":[[[97.286,4.9695],[97.286,4.9715],[97.2735,4.9695],[97.2725,4.97],[97.2675,4.9665],[97.2695,4.9655],[97.265,4.962],[97.266,4.961],[97.267,4.958],[97.269,4.957],[97.2785,4.948],[97.2785,4.9455],[97.276,4.9435],[97.2765,4.943],[97.2775,4.942],[97.292,4.939],[97.294,4.9385],[97.293,4.9405],[97.288,4.949],[97.2885,4.95],[97.2875,4.9535],[97.2865,4.9575],[97.2855,4.962],[97.2835,4.964],[97.283,4.9665],[97.286,4.9695]]]},"properties":{"code":"11.08.24.2011","name":"Alue Rimee","latitude":4.955250103189901,"longitude":97.27976933520074}},{"type":"Feature","geometry":{"type":"Polygon","coordinates":[[[97.286,4.9715],[97.285,4.98],[97.2795,4.975],[97.2755,4.975],[97.273,4.973],[97.272,4.9715],[97.2735,4.9695],[97.286,4.9715]]]},"properties":{"code":"11.08.24.2012","name":"Serdang","latitude":4.9731626961541995,"longitude":97.28014312329461}},{"type":"Feature","geometry":{"type":"Polygon","coordinates":[[[97.296,4.996],[97.293,4.995],[97.2905,4.996],[97.2895,4.9955],[97.2875,4.994],[97.2825,4.989],[97.285,4.987],[97.288,4.982],[97.2915,4.982],[97.2955,4.9865],[97.2955,4.989],[97.294,4.9895],[97.2955,4.992],[97.296,4.996]]]},"properties":{"code":"11.08.24.2013","name":"Ara Ton-Ton Moncrang","latitude":4.988865056729978,"longitude":97.29010875178454}},{"type":"Feature","geometry":{"type":"Polygon","coordinates":[[[97.264,4.9955],[97.263,4.9965],[97.2625,4.996],[97.261,4.996],[97.261,4.994],[97.2625,4.993],[97.2615,4.99],[97.2605,4.9905],[97.26,4.99],[97.2595,4.989],[97.259,4.99],[97.258,4.99],[97.2545,4.988],[97.2525,4.987],[97.2525,4.985],[97.2515,4.982],[97.2485,4.9795],[97.2475,4.9785],[97.258,4.971],[97.2615,4.969],[97.262,4.9695],[97.264,4.9905],[97.263,4.993],[97.263,4.994],[97.264,4.9955]]]},"properties":{"code":"11.08.24.2014","name":"Tanjong Seureukuy","latitude":4.981286439359682,"longitude":97.25756363304248}},{"type":"Feature","geometry":{"type":"Polygon","coordinates":[[[97.288,4.982],[97.285,4.987],[97.2825,4.989],[97.2785,4.985],[97.274,4.986],[97.2725,4.983],[97.267,4.9675],[97.266,4.967],[97.2675,4.9665],[97.2725,4.97],[97.272,4.9715],[97.273,4.973],[97.2755,4.975],[97.2795,4.975],[97.2865,4.981],[97.288,4.982]]]},"properties":{"code":"11.08.24.2015","name":"Ulee Blang","latitude":4.97877213608717,"longitude":97.27655382014893}},{"type":"Feature","geometry":{"type":"Polygon","coordinates":[[[97.2805,5.0175],[97.28,5.017],[97.2795,5.0165],[97.2795,5.013],[97.281,5.0115],[97.284,5.0145],[97.2805,5.0175]]]},"properties":{"code":"11.08.24.2016","name":"Krueng Pirak","latitude":5.014436141962309,"longitude":97.28085482750285}},{"type":"Feature","geometry":{"type":"Polygon","coordinates":[[[97.287,5.022],[97.284,5.023],[97.2815,5.0175],[97.2805,5.0175],[97.285,5.014],[97.29,5.0095],[97.291,5.01],[97.287,5.022]]]},"properties":{"code":"11.08.24.2017","name":"Matang Keh","latitude":5.016547788647772,"longitude":97.28670446145235}},{"type":"Feature","geometry":{"type":"Polygon","coordinates":[[[97.29,5.0095],[97.285,5.014],[97.284,5.0145],[97.281,5.0115],[97.2785,5.0085],[97.279,5.008],[97.2845,5.007],[97.2915,5.0005],[97.295,5.007],[97.29,5.0095]]]},"properties":{"code":"11.08.24.2018","name":"Leupe","latitude":5.008297726733724,"longitude":97.28723577407621}},{"type":"Feature","geometry":{"type":"Polygon","coordinates":[[[97.2915,5.0005],[97.2845,5.007],[97.279,5.008],[97.279,5.0075],[97.2785,5.007],[97.276,5.007],[97.2805,5.0025],[97.2885,4.996],[97.2905,4.996],[97.293,4.995],[97.296,4.996],[97.2955,5],[97.2915,5.0005]]]},"properties":{"code":"11.08.24.2019","name":"Ceumeucet","latitude":5.001736976794224,"longitude":97.28648877937485}},{"type":"Feature","geometry":{"type":"Polygon","coordinates":[[[97.2895,4.9955],[97.2885,4.996],[97.2805,5.0025],[97.275,5.0065],[97.275,5.005],[97.2715,5.0045],[97.2725,5.003],[97.277,4.9955],[97.284,4.9905],[97.2875,4.994],[97.2895,4.9955]]]},"properties":{"code":"11.08.24.2020","name":"Teupin U","latitude":4.998437731856022,"longitude":97.28050709814148}},{"type":"Feature","geometry":{"type":"Polygon","coordinates":[[[97.278,4.995],[97.277,4.9955],[97.2725,5.003],[97.271,5.0035],[97.265,4.9995],[97.2625,4.9985],[97.263,4.9965],[97.2665,4.994],[97.269,4.992],[97.2705,4.9925],[97.273,4.9915],[97.2755,4.9935],[97.277,4.9935],[97.278,4.9945],[97.2775,4.9945],[97.278,4.995]]]},"properties":{"code":"11.08.24.2021","name":"Alue Bungkoh","latitude":4.997283876180826,"longitude":97.27083928760612}},{"type":"Feature","geometry":{"type":"Polygon","coordinates":[[[97.284,4.9905],[97.278,4.995],[97.2775,4.9945],[97.278,4.9945],[97.277,4.9935],[97.2755,4.9935],[97.273,4.9915],[97.2705,4.9925],[97.27,4.991],[97.273,4.9835],[97.274,4.986],[97.2785,4.985],[97.279,4.985],[97.2825,4.989],[97.284,4.9905]]]},"properties":{"code":"11.08.24.2022","name":"Pucok Alue","latitude":4.989193759578238,"longitude":97.27551166860246}},{"type":"Feature","geometry":{"type":"Polygon","coordinates":[[[97.269,4.992],[97.2665,4.994],[97.264,4.9955],[97.263,4.994],[97.263,4.993],[97.264,4.9905],[97.262,4.9695],[97.2615,4.969],[97.261,4.968],[97.262,4.967],[97.2655,4.967],[97.267,4.9675],[97.2725,4.983],[97.273,4.9835],[97.27,4.991],[97.269,4.992]]]},"properties":{"code":"11.08.24.2023","name":"Meunye Tujoh","latitude":4.980400956813574,"longitude":97.26604183223682}},{"type":"Feature","geometry":{"type":"Polygon","coordinates":[[[97.1755,5.0555],[97.1755,5.0565],[97.1415,5.0485],[97.1395,5.0495],[97.1355,5.052],[97.134,5.0495],[97.1305,5.051],[97.13,5.05],[97.1295,5.04],[97.129,5.038],[97.1315,5.037],[97.132,5.0375],[97.1335,5.038],[97.1395,5.0405],[97.141,5.039],[97.148,5.0285],[97.16,5.028],[97.1615,5.029],[97.166,5.0285],[97.1665,5.0265],[97.167,5.026],[97.1675,5.026],[97.1675,5.0265],[97.168,5.0285],[97.1695,5.034],[97.169,5.0375],[97.1695,5.038],[97.1715,5.0385],[97.1755,5.0555]]]},"properties":{"code":"11.08.25.2001","name":"Lhok Asan","latitude":5.042290408483746,"longitude":97.15385125663747}},{"type":"Feature","geometry":{"type":"Polygon","coordinates":[[[97.174,5.063],[97.163,5.063],[97.16,5.061],[97.1515,5.059],[97.148,5.0565],[97.143,5.05],[97.1415,5.0485],[97.1755,5.0565],[97.176,5.0585],[97.176,5.06],[97.174,5.063]]]},"properties":{"code":"11.08.25.2002","name":"Darul Aman","latitude":5.057245151843535,"longitude":97.16118041783969}},{"type":"Feature","geometry":{"type":"Polygon","coordinates":[[[97.141,5.039],[97.1395,5.0405],[97.1335,5.038],[97.132,5.0375],[97.1315,5.037],[97.143,5.021],[97.143,5.02],[97.146,5.02],[97.147,5.0195],[97.152,5.0175],[97.153,5.019],[97.159,5.0215],[97.1585,5.023],[97.1595,5.027],[97.16,5.028],[97.148,5.0285],[97.141,5.039]]]},"properties":{"code":"11.08.25.2003","name":"Alue Awe","latitude":5.028473642125003,"longitude":97.14588029465834}},{"type":"Feature","geometry":{"type":"Polygon","coordinates":[[[97.147,5.0195],[97.146,5.02],[97.143,5.02],[97.1405,5.0185],[97.1365,5.0125],[97.1365,5.0095],[97.1405,5.0095],[97.1455,5.002],[97.146,5.003],[97.15,5.0035],[97.153,5.0035],[97.1535,5.011],[97.1535,5.0125],[97.1535,5.015],[97.1515,5.0165],[97.152,5.0175],[97.147,5.0195]]]},"properties":{"code":"11.08.25.2004","name":"Darussalam","latitude":5.011139811793218,"longitude":97.14638699616778}},{"type":"Feature","geometry":{"type":"Polygon","coordinates":[[[97.1455,5.002],[97.1405,5.0095],[97.1365,5.0095],[97.136,5.007],[97.129,5.006],[97.128,5.0065],[97.123,5.005],[97.123,5.0045],[97.1235,5.0015],[97.127,4.9975],[97.13,4.993],[97.1305,4.9915],[97.1325,4.9915],[97.1325,4.9935],[97.131,4.9945],[97.131,4.9955],[97.1315,4.996],[97.1325,4.996],[97.1345,4.993],[97.138,4.993],[97.145,5.001],[97.1455,5.002]]]},"properties":{"code":"11.08.25.2005","name":"Rayeuk Jawa","latitude":5.000929825807009,"longitude":97.13417178985597}},{"type":"Feature","geometry":{"type":"Polygon","coordinates":[[[97.107,5.0065],[97.106,5.007],[97.1045,5.0055],[97.105,5.004],[97.1035,5.003],[97.099,5.001],[97.106,4.9845],[97.106,4.978],[97.107,4.978],[97.109,4.9815],[97.1115,4.982],[97.112,4.981],[97.116,4.9805],[97.119,4.981],[97.118,4.984],[97.119,4.985],[97.117,4.988],[97.118,4.9885],[97.1155,4.9925],[97.111,5],[97.111,5.002],[97.1115,5.005],[97.109,5.0065],[97.107,5.0065]]]},"properties":{"code":"11.08.25.2006","name":"Dayah Seupeng","latitude":4.9920085155980605,"longitude":97.10904812997688}},{"type":"Feature","geometry":{"type":"Polygon","coordinates":[[[97.1315,5.037],[97.129,5.038],[97.129,5.0345],[97.1265,5.0255],[97.116,5.0245],[97.1095,5.016],[97.106,5.007],[97.107,5.0065],[97.109,5.0065],[97.1115,5.005],[97.112,5.0045],[97.1135,5.005],[97.112,5.007],[97.122,5.0065],[97.123,5.005],[97.128,5.0065],[97.129,5.006],[97.136,5.007],[97.1365,5.0125],[97.1405,5.0185],[97.143,5.021],[97.1315,5.037]]]},"properties":{"code":"11.08.25.2007","name":"Uram Jalan","latitude":5.018127617916238,"longitude":97.12598740707902}},{"type":"Feature","geometry":{"type":"Polygon","coordinates":[[[97.122,5.0065],[97.112,5.007],[97.1135,5.005],[97.112,5.0045],[97.1115,5.005],[97.111,5.002],[97.111,5],[97.1155,4.9925],[97.118,4.9885],[97.117,4.988],[97.119,4.985],[97.118,4.984],[97.119,4.981],[97.12,4.982],[97.121,4.9865],[97.122,4.987],[97.13,4.9915],[97.1305,4.9915],[97.13,4.993],[97.127,4.9975],[97.1235,5.0015],[97.123,5.0045],[97.122,5.0065]]]},"properties":{"code":"11.08.25.2008","name":"Peudari","latitude":4.9978119899254825,"longitude":97.11913709485265}},{"type":"Feature","geometry":{"type":"Polygon","coordinates":[[[97.099,5.001],[97.093,4.9975],[97.0915,4.9965],[97.079,4.998],[97.0785,4.998],[97.0795,4.994],[97.085,4.9875],[97.086,4.985],[97.088,4.9825],[97.089,4.982],[97.09,4.982],[97.1055,4.978],[97.106,4.978],[97.106,4.9845],[97.099,5.001]]]},"properties":{"code":"11.08.25.2009","name":"Krueng Mbang","latitude":4.9896673305391515,"longitude":97.0933542394462}},{"type":"Feature","geometry":{"type":"Polygon","coordinates":[[[97.0575,4.9885],[97.054,4.989],[97.027,4.9865],[97.027,4.985],[97.0295,4.981],[97.0305,4.9795],[97.0305,4.979],[97.0085,4.9775],[96.991,4.966],[96.974,4.9585],[96.961,4.948],[96.942,4.943],[96.927,4.9225],[96.919,4.9015],[96.9055,4.8985],[96.9045,4.89],[96.9035,4.888],[96.901,4.8875],[96.8935,4.8845],[96.89,4.883],[96.887,4.881],[96.8845,4.8795],[96.888,4.874],[96.9125,4.874],[96.93,4.8805],[96.939,4.8895],[96.9425,4.894],[96.9405,4.9045],[96.9415,4.908],[96.9445,4.91],[96.945,4.911],[96.946,4.9125],[96.955,4.915],[96.9585,4.9175],[96.9585,4.9195],[96.9595,4.92],[96.964,4.921],[96.968,4.9245],[96.9685,4.9245],[96.978,4.9185],[96.9885,4.9215],[96.9905,4.922],[97.0015,4.924],[97.0035,4.925],[97.005,4.946],[97.0195,4.9545],[97.028,4.955],[97.047,4.9775],[97.052,4.978],[97.0565,4.9785],[97.0575,4.9885]]]},"properties":{"code":"11.08.25.2010","name":"Pulo Meuria","latitude":4.933390341325843,"longitude":96.97075952397313}},{"type":"Feature","geometry":{"type":"Polygon","coordinates":[[[97.0795,4.994],[97.0785,4.997],[97.0785,4.998],[97.0775,4.9975],[97.0635,4.996],[97.0605,4.989],[97.0575,4.9885],[97.0565,4.9785],[97.062,4.9765],[97.0775,4.976],[97.088,4.982],[97.089,4.982],[97.088,4.9825],[97.086,4.985],[97.085,4.9875],[97.0795,4.994]]]},"properties":{"code":"11.08.25.2011","name":"Suka Damai","latitude":4.985584286651607,"longitude":97.0708998073278}},{"type":"Feature","geometry":{"type":"Polygon","coordinates":[[[96.993,5.217],[96.992,5.219],[96.991,5.222],[96.99,5.223],[96.9885,5.2225],[96.9865,5.222],[96.9835,5.223],[96.9775,5.214],[96.977,5.213],[96.978,5.212],[96.978,5.211],[96.9795,5.211],[96.981,5.21],[96.9815,5.2105],[96.9825,5.212],[96.993,5.217]]]},"properties":{"code":"11.08.26.2001","name":"Paya Dua","latitude":5.217024956792186,"longitude":96.98503527782819}},{"type":"Feature","geometry":{"type":"Polygon","coordinates":[[[96.974,5.212],[96.9735,5.212],[96.9725,5.2115],[96.972,5.2055],[96.9745,5.2055],[96.974,5.2015],[96.975,5.1805],[96.9785,5.185],[96.981,5.209],[96.9815,5.2105],[96.981,5.21],[96.9795,5.211],[96.977,5.211],[96.974,5.212]]]},"properties":{"code":"11.08.26.2002","name":"Cot Jabet","latitude":5.199736452511965,"longitude":96.97673444450209}},{"type":"Feature","geometry":{"type":"Polygon","coordinates":[[[96.9745,5.204],[96.972,5.204],[96.9695,5.2025],[96.969,5.1995],[96.967,5.182],[96.966,5.1815],[96.9665,5.181],[96.967,5.1785],[96.968,5.176],[96.973,5.179],[96.974,5.18],[96.975,5.1805],[96.974,5.2015],[96.9745,5.204]]]},"properties":{"code":"11.08.26.2003","name":"Ulee Nyeue","latitude":5.189813608821809,"longitude":96.97086496010668}},{"type":"Feature","geometry":{"type":"Polygon","coordinates":[[[96.9725,5.2115],[96.972,5.2115],[96.9665,5.2105],[96.966,5.2105],[96.9665,5.206],[96.9655,5.205],[96.9665,5.2005],[96.968,5.201],[96.9685,5.201],[96.9695,5.2025],[96.972,5.204],[96.9745,5.204],[96.9745,5.2055],[96.972,5.2055],[96.9725,5.2115]]]},"properties":{"code":"11.08.26.2004","name":"Paya Uleue","latitude":5.206388473825325,"longitude":96.9690395455736}},{"type":"Feature","geometry":{"type":"Polygon","coordinates":[[[96.949,5.199],[96.943,5.1965],[96.944,5.1955],[96.943,5.19],[96.943,5.1815],[96.9425,5.178],[96.941,5.1765],[96.941,5.176],[96.943,5.176],[96.9475,5.171],[96.943,5.1645],[96.9435,5.164],[96.947,5.1615],[96.9475,5.16],[96.9495,5.15],[96.9485,5.1465],[96.95,5.141],[96.9485,5.139],[96.9485,5.1365],[96.9495,5.1345],[96.952,5.132],[96.9535,5.1325],[96.952,5.1365],[96.957,5.1525],[96.96,5.1555],[96.9615,5.16],[96.9615,5.1625],[96.9635,5.1635],[96.9675,5.1705],[96.9685,5.1715],[96.969,5.173],[96.9685,5.1745],[96.967,5.1785],[96.9665,5.181],[96.966,5.1815],[96.965,5.181],[96.955,5.1925],[96.9525,5.1925],[96.9495,5.199],[96.949,5.199]]]},"properties":{"code":"11.08.26.2005","name":"Jamuan","latitude":5.171264031855363,"longitude":96.9534962528264}},{"type":"Feature","geometry":{"type":"Polygon","coordinates":[[[96.969,5.1995],[96.9685,5.201],[96.968,5.201],[96.9665,5.2005],[96.9655,5.205],[96.9645,5.205],[96.9555,5.193],[96.955,5.1925],[96.965,5.181],[96.9655,5.1815],[96.967,5.182],[96.969,5.1995]]]},"properties":{"code":"11.08.26.2006","name":"Alue Keurinyai","latitude":5.192060248781871,"longitude":96.96212553628958}},{"type":"Feature","geometry":{"type":"Polygon","coordinates":[[[97.0005,5.202],[96.9995,5.203],[96.9995,5.2035],[96.999,5.2045],[96.993,5.217],[96.9825,5.212],[96.981,5.209],[96.9785,5.185],[96.975,5.1805],[96.9795,5.182],[96.982,5.188],[96.9835,5.1925],[96.985,5.2015],[96.999,5.197],[97.0005,5.202]]]},"properties":{"code":"11.08.26.2007","name":"Sangkelan","latitude":5.202779809428194,"longitude":96.98744271103257}},{"type":"Feature","geometry":{"type":"Polygon","coordinates":[[[96.999,5.197],[96.985,5.2015],[96.9835,5.1925],[96.982,5.188],[96.9795,5.182],[96.981,5.1815],[96.983,5.182],[96.9885,5.1795],[96.9915,5.1795],[96.999,5.1935],[96.999,5.197]]]},"properties":{"code":"11.08.26.2008","name":"Blang Pala","latitude":5.191103488413887,"longitude":96.98924235458166}},{"type":"Feature","geometry":{"type":"Polygon","coordinates":[[[97.0035,5.2105],[97.001,5.211],[96.998,5.215],[96.997,5.2175],[96.9965,5.2195],[96.993,5.217],[96.999,5.2045],[96.9995,5.2035],[96.9995,5.203],[97.003,5.2015],[97.0045,5.2025],[97.0055,5.203],[97.003,5.2055],[97.004,5.206],[97.003,5.2095],[97.0035,5.2105]]]},"properties":{"code":"11.08.26.2009","name":"Paya Beunyot","latitude":5.209746019582095,"longitude":96.99896432293723}},{"type":"Feature","geometry":{"type":"Polygon","coordinates":[[[96.986,5.102],[96.982,5.1035],[96.98,5.1045],[96.976,5.107],[96.9715,5.1025],[96.9665,5.101],[96.9665,5.0985],[96.9635,5.0895],[96.963,5.0875],[96.956,5.084],[96.953,5.0705],[96.9515,5.066],[96.9475,5.062],[96.9465,5.061],[96.9425,5.043],[96.9415,5.0425],[96.939,5.0425],[96.935,5.0425],[96.9355,5.0405],[96.9505,5.0145],[96.9505,5.0125],[96.95,5.0015],[96.9505,5],[96.9375,4.982],[96.9345,4.9535],[96.9285,4.939],[96.9185,4.9275],[96.91,4.93],[96.898,4.9175],[96.8875,4.9165],[96.875,4.9075],[96.872,4.897],[96.8565,4.8915],[96.8465,4.882],[96.877,4.8735],[96.888,4.874],[96.8845,4.8795],[96.887,4.881],[96.89,4.883],[96.8935,4.8845],[96.901,4.8875],[96.9035,4.888],[96.9045,4.89],[96.9055,4.8985],[96.919,4.9015],[96.927,4.9225],[96.942,4.943],[96.961,4.948],[96.974,4.9585],[96.991,4.966],[97.0085,4.9775],[97.0305,4.979],[97.0305,4.9795],[97.0295,4.981],[97.027,4.985],[97.027,4.988],[97.011,4.997],[97.0085,4.998],[97.0065,4.9965],[97.002,4.996],[96.9965,4.996],[96.9945,4.996],[96.9945,4.9895],[96.9735,4.98],[96.972,4.979],[96.9715,4.991],[96.9785,5.002],[96.9735,5.0095],[96.976,5.0235],[96.9745,5.0255],[96.971,5.029],[96.9695,5.0285],[96.967,5.025],[96.9655,5.024],[96.9645,5.0245],[96.9625,5.0255],[96.9615,5.03],[96.9605,5.0325],[96.9715,5.043],[96.972,5.046],[96.9765,5.0525],[96.9675,5.064],[96.9725,5.0805],[96.973,5.081],[96.986,5.102]]]},"properties":{"code":"11.08.27.2001","name":"Alue Dua","latitude":4.9774459580090085,"longitude":96.94607940425486}},{"type":"Feature","geometry":{"type":"Polygon","coordinates":[[[96.9825,5.1285],[96.9815,5.129],[96.98,5.13],[96.9785,5.129],[96.9595,5.1335],[96.955,5.131],[96.9535,5.132],[96.9535,5.1325],[96.952,5.132],[96.9495,5.1335],[96.9475,5.0995],[96.9475,5.0645],[96.9475,5.062],[96.9515,5.066],[96.953,5.0705],[96.956,5.084],[96.963,5.0875],[96.9635,5.0895],[96.9665,5.0985],[96.9665,5.1045],[96.968,5.1055],[96.97,5.109],[96.975,5.116],[96.9755,5.117],[96.977,5.12],[96.9765,5.1225],[96.9825,5.1285]]]},"properties":{"code":"11.08.27.2002","name":"Seumirah","latitude":5.1079550258836734,"longitude":96.95945144142584}},{"type":"Feature","geometry":{"type":"Polygon","coordinates":[[[97.008,5.1305],[96.994,5.132],[96.992,5.128],[96.984,5.1285],[96.9825,5.1285],[96.9765,5.1225],[96.977,5.12],[96.9755,5.117],[96.975,5.116],[96.97,5.109],[96.968,5.1055],[96.9665,5.101],[96.9715,5.1025],[96.976,5.107],[96.98,5.1045],[96.982,5.1035],[96.986,5.102],[96.99,5.0975],[96.9995,5.1045],[96.999,5.1105],[97.0005,5.113],[97.008,5.1305]]]},"properties":{"code":"11.08.27.2003","name":"Darussalam","latitude":5.116108806267242,"longitude":96.98970158593656}},{"type":"Feature","geometry":{"type":"Polygon","coordinates":[[[96.99,5.0975],[96.986,5.102],[96.973,5.081],[96.9725,5.0805],[96.9675,5.064],[96.9765,5.0525],[96.972,5.046],[96.9715,5.043],[96.9605,5.0325],[96.9615,5.03],[96.9625,5.0255],[96.9645,5.0245],[96.9655,5.024],[96.967,5.025],[96.9695,5.0285],[96.971,5.029],[96.9745,5.0255],[96.975,5.0245],[96.9775,5.026],[96.978,5.032],[96.9915,5.042],[96.9885,5.055],[96.9895,5.057],[96.9915,5.059],[96.9935,5.061],[97.005,5.0835],[97.0055,5.084],[96.99,5.0975]]]},"properties":{"code":"11.08.27.2004","name":"Alue Papeun","latitude":5.062300247059163,"longitude":96.98228190953188}},{"type":"Feature","geometry":{"type":"Polygon","coordinates":[[[97.0135,5.1025],[97.0115,5.103],[97.0065,5.101],[97.005,5.1035],[96.9995,5.1045],[96.99,5.0975],[97.0055,5.084],[97.0065,5.0845],[97.0075,5.084],[97.008,5.0845],[97.01,5.0905],[97.011,5.0915],[97.012,5.091],[97.013,5.092],[97.0125,5.0925],[97.012,5.096],[97.0125,5.0985],[97.013,5.099],[97.0135,5.1025]]]},"properties":{"code":"11.08.27.2005","name":"Blang Jrat","latitude":5.0951619404778015,"longitude":97.00297700870814}},{"type":"Feature","geometry":{"type":"Polygon","coordinates":[[[97.017,5.131],[97.008,5.1305],[97.0005,5.113],[96.999,5.1105],[96.9995,5.1045],[97.005,5.1035],[97.0065,5.101],[97.0115,5.103],[97.0135,5.1025],[97.0165,5.1035],[97.0235,5.1085],[97.026,5.111],[97.0285,5.113],[97.028,5.116],[97.0295,5.1185],[97.034,5.1225],[97.037,5.127],[97.034,5.127],[97.0305,5.128],[97.029,5.1305],[97.027,5.1295],[97.025,5.1305],[97.02,5.131],[97.017,5.131]]]},"properties":{"code":"11.08.27.2006","name":"Blang Pohroh","latitude":5.117275803571876,"longitude":97.015934432594}}]}