{"type":"FeatureCollection","features":[{"type":"Feature","geometry":{"type":"Polygon","coordinates":[[[98.709,3.0635],[98.7065,3.063],[98.7045,3.0635],[98.703,3.069],[98.701,3.071],[98.699,3.0725],[98.6965,3.074],[98.694,3.0735],[98.694,3.073],[98.6935,3.072],[98.6945,3.061],[98.693,3.059],[98.6935,3.0575],[98.6925,3.0555],[98.6915,3.054],[98.692,3.0485],[98.693,3.049],[98.692,3.047],[98.705,3.0505],[98.708,3.058],[98.709,3.0635]]]},"properties":{"code":"12.07.01.2001","name":"Kuta Bayu","latitude":3.0577189462187278,"longitude":98.69908183756283}},{"type":"Feature","geometry":{"type":"Polygon","coordinates":[[[98.713,3.0845],[98.6925,3.091],[98.692,3.091],[98.6865,3.0875],[98.6835,3.0855],[98.682,3.0855],[98.688,3.083],[98.688,3.074],[98.6865,3.073],[98.6855,3.072],[98.6925,3.072],[98.6935,3.072],[98.694,3.073],[98.694,3.0735],[98.6965,3.074],[98.699,3.0725],[98.701,3.071],[98.703,3.069],[98.7045,3.0635],[98.7065,3.063],[98.709,3.0635],[98.7105,3.0635],[98.7145,3.0665],[98.713,3.0845]]]},"properties":{"code":"12.07.01.2002","name":"Gunung Paribuan","latitude":3.07852262298091,"longitude":98.70182539781804}},{"type":"Feature","geometry":{"type":"Polygon","coordinates":[[[98.682,3.0855],[98.6465,3.088],[98.641,3.0875],[98.6355,3.0865],[98.6345,3.085],[98.634,3.082],[98.634,3.079],[98.6325,3.0665],[98.634,3.065],[98.6445,3.064],[98.6545,3.0695],[98.6575,3.0695],[98.6635,3.0705],[98.6665,3.069],[98.677,3.072],[98.6855,3.072],[98.6865,3.073],[98.688,3.074],[98.688,3.083],[98.682,3.0855]]]},"properties":{"code":"12.07.01.2003","name":"Simempar","latitude":3.077362644464598,"longitude":98.65716252490638}},{"type":"Feature","geometry":{"type":"Polygon","coordinates":[[[98.6995,3.115],[98.672,3.1135],[98.662,3.112],[98.6605,3.1105],[98.658,3.1105],[98.6355,3.111],[98.6245,3.102],[98.6245,3.1],[98.6335,3.084],[98.634,3.082],[98.6345,3.085],[98.6355,3.0865],[98.641,3.0875],[98.6465,3.088],[98.682,3.0855],[98.6835,3.0855],[98.6865,3.0875],[98.692,3.091],[98.6935,3.092],[98.7015,3.1085],[98.7015,3.1115],[98.7025,3.1135],[98.703,3.115],[98.701,3.1145],[98.6995,3.115]]]},"properties":{"code":"12.07.01.2004","name":"Gunung Seribu","latitude":3.100400674504544,"longitude":98.66474568591848}},{"type":"Feature","geometry":{"type":"Polygon","coordinates":[[[98.7195,3.112],[98.7175,3.112],[98.7025,3.1135],[98.7015,3.1115],[98.7015,3.1085],[98.6935,3.092],[98.6925,3.091],[98.713,3.0845],[98.7135,3.1075],[98.7195,3.112]]]},"properties":{"code":"12.07.01.2005","name":"Gunung Sinembah","latitude":3.0996674792896552,"longitude":98.70632040681626}},{"type":"Feature","geometry":{"type":"Polygon","coordinates":[[[98.712,3.14],[98.7085,3.139],[98.706,3.138],[98.705,3.134],[98.704,3.13],[98.706,3.1235],[98.7065,3.1235],[98.7055,3.122],[98.7055,3.121],[98.7045,3.118],[98.7045,3.1175],[98.7025,3.1135],[98.7175,3.112],[98.7205,3.1125],[98.721,3.1135],[98.7225,3.1175],[98.723,3.12],[98.7245,3.121],[98.7265,3.125],[98.729,3.1295],[98.728,3.1305],[98.7285,3.132],[98.7295,3.1345],[98.729,3.136],[98.712,3.14]]]},"properties":{"code":"12.07.01.2006","name":"Bintang Meriah","latitude":3.1260102335765647,"longitude":98.71529783884333}},{"type":"Feature","geometry":{"type":"Polygon","coordinates":[[[98.6985,3.118],[98.667,3.1235],[98.654,3.119],[98.6295,3.12],[98.63,3.1185],[98.6235,3.105],[98.624,3.1025],[98.6245,3.102],[98.6355,3.111],[98.658,3.1105],[98.6605,3.1105],[98.662,3.112],[98.672,3.1135],[98.6995,3.115],[98.6985,3.1165],[98.6985,3.118]]]},"properties":{"code":"12.07.01.2007","name":"Kuta Tengah","latitude":3.1157332965132594,"longitude":98.65719653974993}},{"type":"Feature","geometry":{"type":"Polygon","coordinates":[[[98.703,3.115],[98.7045,3.1175],[98.7045,3.118],[98.7055,3.121],[98.7055,3.122],[98.706,3.123],[98.705,3.1225],[98.7035,3.121],[98.702,3.1205],[98.6985,3.118],[98.6985,3.1165],[98.701,3.1145],[98.703,3.115]]]},"properties":{"code":"12.07.01.2008","name":"Pekan Gunung Mariah","latitude":3.1181820993129046,"longitude":98.70199412639231}},{"type":"Feature","geometry":{"type":"Polygon","coordinates":[[[98.688,3.1275],[98.687,3.1275],[98.674,3.1285],[98.667,3.1305],[98.655,3.1325],[98.628,3.1315],[98.6275,3.127],[98.629,3.124],[98.629,3.122],[98.6295,3.12],[98.654,3.119],[98.667,3.1235],[98.6985,3.118],[98.702,3.1205],[98.7035,3.121],[98.705,3.1225],[98.706,3.123],[98.706,3.1235],[98.704,3.13],[98.704,3.131],[98.688,3.1275]]]},"properties":{"code":"12.07.01.2009","name":"Gunung Meriah","latitude":3.1257266008021567,"longitude":98.66455801037182}},{"type":"Feature","geometry":{"type":"Polygon","coordinates":[[[98.729,3.136],[98.7305,3.1515],[98.7355,3.1675],[98.728,3.1645],[98.726,3.165],[98.725,3.1645],[98.7235,3.164],[98.7215,3.1615],[98.7205,3.1475],[98.7195,3.146],[98.712,3.14],[98.729,3.136]]]},"properties":{"code":"12.07.01.2010","name":"Ujung Meriah","latitude":3.151101026186352,"longitude":98.72604410041954}},{"type":"Feature","geometry":{"type":"Polygon","coordinates":[[[98.712,3.14],[98.7105,3.141],[98.7105,3.142],[98.7105,3.144],[98.702,3.145],[98.6975,3.146],[98.6925,3.1445],[98.676,3.1425],[98.688,3.1275],[98.704,3.131],[98.705,3.134],[98.706,3.138],[98.7085,3.139],[98.712,3.14]]]},"properties":{"code":"12.07.01.2011","name":"Marjandi Pematang","latitude":3.1385623008680263,"longitude":98.69506288417284}},{"type":"Feature","geometry":{"type":"Polygon","coordinates":[[[98.676,3.1425],[98.664,3.1455],[98.623,3.148],[98.6085,3.1515],[98.6145,3.142],[98.6155,3.1375],[98.6155,3.1325],[98.626,3.13],[98.6275,3.127],[98.628,3.1315],[98.655,3.1325],[98.667,3.1305],[98.674,3.1285],[98.687,3.1275],[98.688,3.1275],[98.676,3.1425]]]},"properties":{"code":"12.07.01.2012","name":"Marjandi Tongah","latitude":3.138628968646164,"longitude":98.64852124343714}},{"type":"Feature","geometry":{"type":"Polygon","coordinates":[[[98.7935,3.5275],[98.7895,3.52],[98.7895,3.5185],[98.805,3.5145],[98.806,3.515],[98.819,3.526],[98.814,3.5245],[98.7935,3.5255],[98.7935,3.5275]]]},"properties":{"code":"12.07.02.1026","name":"Pekan Tanjung Morawa","latitude":3.520482652501107,"longitude":98.80023968051066}},{"type":"Feature","geometry":{"type":"Polygon","coordinates":[[[98.7635,3.5205],[98.759,3.522],[98.7575,3.522],[98.756,3.523],[98.7525,3.524],[98.752,3.513],[98.747,3.5015],[98.7375,3.5005],[98.733,3.5015],[98.7325,3.501],[98.7325,3.5015],[98.7305,3.502],[98.73,3.502],[98.7295,3.501],[98.7305,3.498],[98.7315,3.4955],[98.734,3.496],[98.735,3.4945],[98.7345,3.493],[98.7365,3.4905],[98.7375,3.485],[98.767,3.4895],[98.7685,3.492],[98.768,3.496],[98.7685,3.4965],[98.7605,3.5045],[98.7605,3.5145],[98.761,3.517],[98.7625,3.52],[98.763,3.52],[98.7635,3.5205]]]},"properties":{"code":"12.07.02.2001","name":"Medan Senembah","latitude":3.5003239253795195,"longitude":98.75157764841377}},{"type":"Feature","geometry":{"type":"Polygon","coordinates":[[[98.7525,3.524],[98.7475,3.5255],[98.748,3.531],[98.7455,3.5315],[98.7455,3.532],[98.745,3.533],[98.745,3.532],[98.7455,3.5315],[98.7455,3.531],[98.745,3.5305],[98.745,3.5295],[98.743,3.5285],[98.743,3.5275],[98.742,3.5275],[98.742,3.527],[98.7415,3.527],[98.7415,3.5245],[98.733,3.502],[98.7375,3.5005],[98.747,3.5015],[98.752,3.513],[98.7525,3.524]]]},"properties":{"code":"12.07.02.2002","name":"Ujung Serdang","latitude":3.5138705411805033,"longitude":98.74362215289676}},{"type":"Feature","geometry":{"type":"Polygon","coordinates":[[[98.7755,3.5255],[98.7715,3.5205],[98.77,3.521],[98.768,3.5195],[98.7635,3.5205],[98.763,3.52],[98.7625,3.52],[98.761,3.517],[98.7605,3.5145],[98.7605,3.5045],[98.7685,3.4965],[98.769,3.497],[98.771,3.501],[98.773,3.503],[98.773,3.5035],[98.7725,3.505],[98.773,3.507],[98.774,3.5085],[98.7745,3.511],[98.7775,3.5145],[98.781,3.5165],[98.785,3.5175],[98.785,3.5195],[98.7845,3.5205],[98.785,3.522],[98.783,3.5225],[98.7805,3.523],[98.7765,3.524],[98.7755,3.5255]]]},"properties":{"code":"12.07.02.2003","name":"Limau Manis","latitude":3.5132697898799754,"longitude":98.77075045039795}},{"type":"Feature","geometry":{"type":"Polygon","coordinates":[[[98.7865,3.4965],[98.773,3.5035],[98.773,3.503],[98.771,3.501],[98.769,3.497],[98.768,3.496],[98.7685,3.492],[98.767,3.4895],[98.7685,3.489],[98.7715,3.4885],[98.7735,3.4885],[98.7865,3.4965]]]},"properties":{"code":"12.07.02.2004","name":"Bandar Labuhan","latitude":3.4952387346999094,"longitude":98.77619804663522}},{"type":"Feature","geometry":{"type":"Polygon","coordinates":[[[98.794,3.503],[98.7895,3.5055],[98.7865,3.4965],[98.7735,3.4885],[98.7715,3.4885],[98.7685,3.489],[98.772,3.4735],[98.7755,3.473],[98.777,3.469],[98.7925,3.4695],[98.7925,3.4705],[98.7985,3.4705],[98.7995,3.4725],[98.8,3.49],[98.7985,3.4885],[98.7925,3.4925],[98.7925,3.4935],[98.7925,3.494],[98.7915,3.4945],[98.792,3.4995],[98.794,3.503]]]},"properties":{"code":"12.07.02.2005","name":"Bangun Rejo","latitude":3.482172649112116,"longitude":98.78552673918807}},{"type":"Feature","geometry":{"type":"MultiPolygon","coordinates":[[[[98.7985,3.4705],[98.7925,3.4705],[98.7925,3.4695],[98.777,3.469],[98.7785,3.466],[98.7785,3.465],[98.7775,3.465],[98.7755,3.4635],[98.775,3.463],[98.775,3.4605],[98.7725,3.457],[98.773,3.4555],[98.7725,3.4515],[98.7725,3.451],[98.7745,3.445],[98.801,3.445],[98.81,3.4485],[98.81,3.449],[98.804,3.458],[98.8045,3.461],[98.8005,3.4615],[98.7965,3.463],[98.798,3.4695],[98.7985,3.4705]]],[[[98.7965,3.4995],[98.793,3.5015],[98.792,3.4995],[98.7915,3.4945],[98.7925,3.494],[98.7925,3.4935],[98.7925,3.4925],[98.7985,3.4885],[98.801,3.491],[98.7965,3.4985],[98.7965,3.4995]]]]},"properties":{"code":"12.07.02.2006","name":"Aek Pancur","latitude":3.4604236667566517,"longitude":98.79043982946945}},{"type":"Feature","geometry":{"type":"Polygon","coordinates":[[[98.841,3.533],[98.831,3.5365],[98.83,3.535],[98.8295,3.5345],[98.8225,3.5275],[98.819,3.526],[98.806,3.515],[98.804,3.5135],[98.7945,3.504],[98.793,3.5015],[98.7965,3.4995],[98.7965,3.4985],[98.801,3.491],[98.809,3.5005],[98.8205,3.5005],[98.8295,3.512],[98.8295,3.5095],[98.83,3.5095],[98.83,3.5105],[98.8305,3.512],[98.8315,3.5135],[98.8315,3.515],[98.834,3.516],[98.834,3.525],[98.8385,3.5245],[98.842,3.532],[98.841,3.533]]]},"properties":{"code":"12.07.02.2007","name":"Sei Merah","latitude":3.5142672028698545,"longitude":98.81760256034849}},{"type":"Feature","geometry":{"type":"MultiPolygon","coordinates":[[[[98.8215,3.446],[98.82,3.446],[98.82,3.4475],[98.82,3.4495],[98.8195,3.4495],[98.818,3.4485],[98.8185,3.4455],[98.818,3.4445],[98.817,3.4435],[98.821,3.443],[98.8215,3.446]]],[[[98.832,3.4875],[98.84,3.5],[98.8405,3.5015],[98.8295,3.509],[98.8295,3.512],[98.8205,3.5005],[98.809,3.5005],[98.801,3.491],[98.8,3.49],[98.7995,3.4725],[98.799,3.471],[98.798,3.4695],[98.7965,3.463],[98.8005,3.4615],[98.8045,3.461],[98.805,3.4635],[98.8055,3.4695],[98.8065,3.47],[98.8075,3.47],[98.8085,3.48],[98.81,3.482],[98.817,3.4925],[98.832,3.4875]]]]},"properties":{"code":"12.07.02.2008","name":"Naga Timbul","latitude":3.4890219026141214,"longitude":98.8160199835107}},{"type":"Feature","geometry":{"type":"Polygon","coordinates":[[[98.842,3.532],[98.8385,3.5245],[98.834,3.525],[98.834,3.516],[98.8315,3.515],[98.8315,3.5135],[98.8305,3.512],[98.83,3.5105],[98.83,3.5095],[98.8295,3.5095],[98.8295,3.509],[98.8405,3.5015],[98.8405,3.504],[98.846,3.5075],[98.847,3.519],[98.8475,3.526],[98.8465,3.528],[98.842,3.532]]]},"properties":{"code":"12.07.02.2009","name":"Lengau Seprang","latitude":3.516051138751656,"longitude":98.8396440005743}},{"type":"Feature","geometry":{"type":"Polygon","coordinates":[[[98.8465,3.5405],[98.847,3.541],[98.8465,3.542],[98.846,3.5445],[98.8465,3.5455],[98.8465,3.546],[98.848,3.5485],[98.8485,3.5505],[98.842,3.5505],[98.8405,3.5475],[98.84,3.5455],[98.836,3.536],[98.8365,3.5355],[98.8395,3.534],[98.841,3.533],[98.842,3.532],[98.8465,3.528],[98.847,3.527],[98.8465,3.5405]]]},"properties":{"code":"12.07.02.2010","name":"Tanjung Mulia","latitude":3.5403120535599224,"longitude":98.84308889111128}},{"type":"Feature","geometry":{"type":"Polygon","coordinates":[[[98.8405,3.5475],[98.836,3.551],[98.827,3.5395],[98.827,3.5355],[98.8295,3.5345],[98.83,3.535],[98.831,3.5365],[98.841,3.533],[98.8395,3.534],[98.8365,3.5355],[98.836,3.536],[98.84,3.5455],[98.8405,3.5475]]]},"properties":{"code":"12.07.02.2011","name":"Punden Rejo","latitude":3.5412382240052502,"longitude":98.8345877094169}},{"type":"Feature","geometry":{"type":"Polygon","coordinates":[[[98.827,3.538],[98.806,3.5425],[98.798,3.54],[98.794,3.5295],[98.7935,3.5255],[98.814,3.5245],[98.8225,3.5275],[98.8295,3.5345],[98.827,3.5355],[98.827,3.538]]]},"properties":{"code":"12.07.02.2012","name":"Tanjung Morawa-B","latitude":3.5320732568264637,"longitude":98.80923171914098}},{"type":"Feature","geometry":{"type":"Polygon","coordinates":[[[98.805,3.5145],[98.7895,3.5185],[98.7895,3.517],[98.7895,3.5055],[98.794,3.503],[98.7945,3.504],[98.804,3.5135],[98.805,3.5145]]]},"properties":{"code":"12.07.02.2013","name":"Dagang Kerawan","latitude":3.5108450932614703,"longitude":98.7948633474529}},{"type":"Feature","geometry":{"type":"Polygon","coordinates":[[[98.7945,3.534],[98.789,3.536],[98.7875,3.533],[98.785,3.5225],[98.7845,3.5205],[98.785,3.5195],[98.785,3.5175],[98.781,3.5165],[98.7775,3.5145],[98.7745,3.511],[98.774,3.5085],[98.773,3.507],[98.7725,3.505],[98.773,3.5035],[98.7865,3.4965],[98.7895,3.5055],[98.7895,3.517],[98.7895,3.52],[98.7935,3.5275],[98.794,3.5295],[98.7945,3.534]]]},"properties":{"code":"12.07.02.2014","name":"Tanjung Morawa-A","latitude":3.5141792329768675,"longitude":98.78422241941699}},{"type":"Feature","geometry":{"type":"Polygon","coordinates":[[[98.79,3.5445],[98.7845,3.5465],[98.7805,3.5485],[98.779,3.5485],[98.778,3.5465],[98.7755,3.5255],[98.7765,3.524],[98.7805,3.523],[98.783,3.5225],[98.785,3.522],[98.785,3.5225],[98.7875,3.533],[98.789,3.538],[98.789,3.5425],[98.789,3.5435],[98.79,3.5445]]]},"properties":{"code":"12.07.02.2015","name":"Buntu Bedimbar","latitude":3.535189368204568,"longitude":98.78286837097203}},{"type":"Feature","geometry":{"type":"Polygon","coordinates":[[[98.77,3.521],[98.7695,3.5215],[98.766,3.5375],[98.7655,3.54],[98.7745,3.57],[98.759,3.5585],[98.7535,3.5475],[98.7525,3.5455],[98.753,3.5445],[98.753,3.5425],[98.7515,3.54],[98.751,3.5395],[98.7455,3.536],[98.745,3.534],[98.745,3.533],[98.7455,3.532],[98.7455,3.5315],[98.748,3.531],[98.7475,3.5255],[98.755,3.523],[98.7575,3.522],[98.759,3.522],[98.768,3.5195],[98.77,3.521]]]},"properties":{"code":"12.07.02.2016","name":"Bangun Sari","latitude":3.53998233132345,"longitude":98.75987423982626}},{"type":"Feature","geometry":{"type":"Polygon","coordinates":[[[98.8055,3.5435],[98.7895,3.5475],[98.7895,3.547],[98.79,3.5445],[98.789,3.5435],[98.789,3.5425],[98.789,3.538],[98.789,3.536],[98.7945,3.534],[98.798,3.54],[98.806,3.5425],[98.8055,3.5435]]]},"properties":{"code":"12.07.02.2017","name":"Dagang Kelambir","latitude":3.5415251788505246,"longitude":98.79587309753072}},{"type":"Feature","geometry":{"type":"Polygon","coordinates":[[[98.8015,3.5675],[98.797,3.5695],[98.7915,3.562],[98.796,3.557],[98.796,3.5555],[98.7885,3.5495],[98.7895,3.5475],[98.8055,3.5435],[98.8055,3.544],[98.808,3.5485],[98.808,3.557],[98.8015,3.5675]]]},"properties":{"code":"12.07.02.2018","name":"Dalu Sepuluh-A","latitude":3.555764357744812,"longitude":98.79986424068419}},{"type":"Feature","geometry":{"type":"Polygon","coordinates":[[[98.8255,3.59],[98.804,3.576],[98.8015,3.5675],[98.808,3.557],[98.808,3.549],[98.8165,3.565],[98.8245,3.589],[98.8255,3.59]]]},"properties":{"code":"12.07.02.2019","name":"Dalu Sepuluh-B","latitude":3.5708978839620293,"longitude":98.81286481509417}},{"type":"Feature","geometry":{"type":"Polygon","coordinates":[[[98.835,3.5935],[98.8345,3.594],[98.826,3.591],[98.8245,3.589],[98.8165,3.565],[98.808,3.549],[98.808,3.5485],[98.8055,3.544],[98.8225,3.5535],[98.836,3.551],[98.838,3.564],[98.8385,3.5875],[98.8385,3.5885],[98.8375,3.591],[98.835,3.5935]]]},"properties":{"code":"12.07.02.2020","name":"Wonosari","latitude":3.5679718185395597,"longitude":98.82668225387046}},{"type":"Feature","geometry":{"type":"Polygon","coordinates":[[[98.8535,3.5775],[98.851,3.5775],[98.851,3.578],[98.8405,3.5785],[98.8405,3.577],[98.838,3.577],[98.838,3.564],[98.836,3.551],[98.8405,3.5475],[98.842,3.5505],[98.8485,3.5505],[98.85,3.5525],[98.853,3.5675],[98.853,3.5705],[98.8535,3.575],[98.8535,3.5775]]]},"properties":{"code":"12.07.02.2021","name":"Perdamean","latitude":3.5645533516429877,"longitude":98.84407510506965}},{"type":"Feature","geometry":{"type":"Polygon","coordinates":[[[98.8495,3.5945],[98.8425,3.6075],[98.8375,3.6105],[98.837,3.609],[98.836,3.604],[98.835,3.5935],[98.8375,3.591],[98.8385,3.5885],[98.838,3.577],[98.8405,3.577],[98.8405,3.5785],[98.851,3.578],[98.851,3.5775],[98.8535,3.5775],[98.8535,3.5785],[98.854,3.5795],[98.8545,3.5815],[98.855,3.582],[98.8555,3.586],[98.855,3.5895],[98.854,3.5905],[98.851,3.5925],[98.8495,3.5945]]]},"properties":{"code":"12.07.02.2022","name":"Penara Kebun","latitude":3.5909752224907803,"longitude":98.84446083188188}},{"type":"Feature","geometry":{"type":"Polygon","coordinates":[[[98.7865,3.577],[98.7775,3.5735],[98.7745,3.57],[98.7655,3.54],[98.766,3.5375],[98.7695,3.5215],[98.7715,3.5205],[98.7755,3.5255],[98.778,3.5465],[98.7805,3.551],[98.783,3.555],[98.7905,3.565],[98.794,3.5745],[98.7865,3.577]]]},"properties":{"code":"12.07.02.2023","name":"Bangun Sari Baru","latitude":3.5521001281497773,"longitude":98.7765956404183}},{"type":"Feature","geometry":{"type":"Polygon","coordinates":[[[98.7915,3.562],[98.7925,3.5705],[98.7905,3.565],[98.783,3.555],[98.7805,3.551],[98.779,3.5485],[98.7805,3.5485],[98.7845,3.5465],[98.79,3.5445],[98.7895,3.547],[98.7885,3.5495],[98.796,3.5555],[98.796,3.557],[98.7915,3.562]]]},"properties":{"code":"12.07.02.2024","name":"Telaga Sari","latitude":3.5572108868815624,"longitude":98.78796354473738}},{"type":"Feature","geometry":{"type":"Polygon","coordinates":[[[98.836,3.551],[98.8225,3.5535],[98.8055,3.544],[98.8055,3.5435],[98.806,3.5425],[98.827,3.538],[98.827,3.5395],[98.836,3.551]]]},"properties":{"code":"12.07.02.2025","name":"Tanjung Baru","latitude":3.5447558458815824,"longitude":98.82180957527441}},{"type":"Feature","geometry":{"type":"Polygon","coordinates":[[[98.5595,3.275],[98.5405,3.2775],[98.5405,3.278],[98.5375,3.2765],[98.533,3.2765],[98.5225,3.2725],[98.5055,3.2495],[98.5055,3.2465],[98.5065,3.241],[98.5085,3.2415],[98.521,3.2405],[98.5245,3.2415],[98.539,3.246],[98.543,3.248],[98.5595,3.275]]]},"properties":{"code":"12.07.03.2001","name":"Bandar Baru","latitude":3.2596130777675043,"longitude":98.53145665463224}},{"type":"Feature","geometry":{"type":"Polygon","coordinates":[[[98.5725,3.31],[98.571,3.3105],[98.5705,3.309],[98.5675,3.305],[98.5645,3.3015],[98.5645,3.3005],[98.5645,3.2995],[98.5665,3.2985],[98.5695,3.298],[98.575,3.2885],[98.588,3.2915],[98.5875,3.2965],[98.5885,3.298],[98.587,3.3005],[98.5875,3.301],[98.586,3.3015],[98.584,3.304],[98.5845,3.305],[98.584,3.305],[98.5825,3.306],[98.5815,3.302],[98.575,3.3025],[98.572,3.31],[98.5725,3.31]]]},"properties":{"code":"12.07.03.2002","name":"Batu Layang","latitude":3.29800629000172,"longitude":98.57719760828704}},{"type":"Feature","geometry":{"type":"Polygon","coordinates":[[[98.603,3.355],[98.6015,3.355],[98.5945,3.3565],[98.5925,3.3535],[98.5935,3.353],[98.593,3.3415],[98.5925,3.3405],[98.6,3.342],[98.6025,3.35],[98.603,3.351],[98.603,3.352],[98.603,3.355]]]},"properties":{"code":"12.07.03.2003","name":"Batu Mbelin","latitude":3.3488267587654397,"longitude":98.59689192038016}},{"type":"Feature","geometry":{"type":"Polygon","coordinates":[[[98.571,3.3105],[98.561,3.3145],[98.5515,3.2985],[98.551,3.2955],[98.551,3.295],[98.5505,3.292],[98.5525,3.292],[98.5565,3.2935],[98.564,3.2995],[98.5645,3.301],[98.5645,3.3015],[98.5675,3.305],[98.5705,3.309],[98.571,3.3105]]]},"properties":{"code":"12.07.03.2004","name":"Betimus Mbaru","latitude":3.303128179475192,"longitude":98.55964221186622}},{"type":"Feature","geometry":{"type":"Polygon","coordinates":[[[98.609,3.3425],[98.6,3.342],[98.5995,3.3405],[98.6015,3.34],[98.6055,3.3415],[98.604,3.3365],[98.6035,3.336],[98.6,3.3295],[98.599,3.3275],[98.599,3.327],[98.603,3.3265],[98.603,3.3255],[98.6035,3.3255],[98.6065,3.3375],[98.609,3.3425]]]},"properties":{"code":"12.07.03.2005","name":"Bengkurung","latitude":3.334934800045808,"longitude":98.6037378228512}},{"type":"Feature","geometry":{"type":"Polygon","coordinates":[[[98.5965,3.362],[98.591,3.3635],[98.5905,3.3655],[98.5835,3.3665],[98.5795,3.364],[98.5795,3.3575],[98.5805,3.3555],[98.5795,3.354],[98.589,3.353],[98.592,3.3565],[98.596,3.361],[98.5965,3.362]]]},"properties":{"code":"12.07.03.2006","name":"Bingkawan","latitude":3.360077718607355,"longitude":98.5861152377725}},{"type":"Feature","geometry":{"type":"Polygon","coordinates":[[[98.5795,3.3645],[98.5775,3.3665],[98.572,3.37],[98.57,3.371],[98.568,3.369],[98.566,3.3655],[98.564,3.3495],[98.555,3.3365],[98.5535,3.3345],[98.56,3.3265],[98.5615,3.326],[98.566,3.3255],[98.569,3.3245],[98.57,3.325],[98.58,3.338],[98.5815,3.339],[98.5825,3.34],[98.583,3.339],[98.584,3.34],[98.5845,3.3405],[98.579,3.353],[98.5805,3.3555],[98.5795,3.3575],[98.5795,3.364],[98.5795,3.3645]]]},"properties":{"code":"12.07.03.2007","name":"Buah Nabar","latitude":3.345962808225304,"longitude":98.56926324555747}},{"type":"Feature","geometry":{"type":"Polygon","coordinates":[[[98.5815,3.2645],[98.5755,3.26],[98.56,3.2265],[98.5545,3.218],[98.5565,3.203],[98.557,3.2005],[98.5585,3.2],[98.559,3.1995],[98.5635,3.202],[98.579,3.213],[98.582,3.2155],[98.586,3.248],[98.586,3.257],[98.589,3.258],[98.589,3.2585],[98.591,3.2605],[98.591,3.2625],[98.589,3.2645],[98.5815,3.2645]]]},"properties":{"code":"12.07.03.2008","name":"Bukum","latitude":3.231278532605129,"longitude":98.57233850982611}},{"type":"Feature","geometry":{"type":"Polygon","coordinates":[[[98.6155,3.296],[98.6105,3.302],[98.608,3.3025],[98.6005,3.3025],[98.599,3.3045],[98.598,3.305],[98.598,3.3055],[98.596,3.3045],[98.5955,3.303],[98.592,3.2995],[98.589,3.301],[98.5875,3.301],[98.587,3.3005],[98.5885,3.298],[98.5875,3.2965],[98.588,3.2915],[98.59,3.2835],[98.5895,3.2785],[98.6055,3.279],[98.61,3.2815],[98.611,3.282],[98.6155,3.296]]]},"properties":{"code":"12.07.03.2009","name":"Buluh Awar","latitude":3.291243086213075,"longitude":98.6007926874455}},{"type":"Feature","geometry":{"type":"Polygon","coordinates":[[[98.6105,3.2745],[98.6115,3.2795],[98.61,3.279],[98.61,3.2795],[98.6105,3.2805],[98.6105,3.281],[98.61,3.2815],[98.6055,3.279],[98.6035,3.276],[98.5985,3.2675],[98.589,3.2645],[98.591,3.2625],[98.591,3.2605],[98.589,3.2585],[98.589,3.258],[98.586,3.257],[98.586,3.2525],[98.607,3.2525],[98.618,3.254],[98.6125,3.267],[98.6135,3.27],[98.613,3.2715],[98.6105,3.2745]]]},"properties":{"code":"12.07.03.2010","name":"Cinta Rakyat","latitude":3.2634089354004687,"longitude":98.60373100760994}},{"type":"Feature","geometry":{"type":"Polygon","coordinates":[[[98.538,3.3025],[98.536,3.291],[98.537,3.29],[98.5365,3.277],[98.5375,3.2765],[98.5405,3.278],[98.541,3.279],[98.541,3.28],[98.55,3.2895],[98.55,3.2905],[98.551,3.295],[98.551,3.2955],[98.5515,3.297],[98.551,3.2985],[98.538,3.3025]]]},"properties":{"code":"12.07.03.2011","name":"Durin Serugun","latitude":3.2908449258543273,"longitude":98.54163235090014}},{"type":"Feature","geometry":{"type":"Polygon","coordinates":[[[98.588,3.2915],[98.575,3.2885],[98.5695,3.298],[98.5665,3.2985],[98.5645,3.2995],[98.5645,3.3005],[98.564,3.2995],[98.5565,3.2935],[98.5615,3.2905],[98.5635,3.2895],[98.566,3.2855],[98.5725,3.282],[98.579,3.277],[98.5825,3.276],[98.588,3.2745],[98.589,3.277],[98.59,3.2835],[98.588,3.2915]]]},"properties":{"code":"12.07.03.2012","name":"Ketangkuhen","latitude":3.286621505526877,"longitude":98.5761746539145}},{"type":"Feature","geometry":{"type":"Polygon","coordinates":[[[98.616,3.3555],[98.6135,3.3555],[98.609,3.355],[98.6055,3.3555],[98.6045,3.354],[98.6035,3.355],[98.603,3.355],[98.603,3.352],[98.603,3.351],[98.6025,3.35],[98.6,3.342],[98.609,3.3425],[98.61,3.3445],[98.614,3.3505],[98.616,3.3555]]]},"properties":{"code":"12.07.03.2013","name":"Kuala","latitude":3.349250225021083,"longitude":98.60739730999883}},{"type":"Feature","geometry":{"type":"Polygon","coordinates":[[[98.5815,3.276],[98.581,3.2765],[98.578,3.2755],[98.576,3.273],[98.5725,3.2655],[98.544,3.2335],[98.5455,3.2325],[98.5545,3.218],[98.56,3.2265],[98.5755,3.26],[98.5815,3.2645],[98.582,3.269],[98.5815,3.273],[98.5815,3.276]]]},"properties":{"code":"12.07.03.2014","name":"Martelu","latitude":3.2457880356772377,"longitude":98.56267025491978}},{"type":"Feature","geometry":{"type":"Polygon","coordinates":[[[98.607,3.2525],[98.586,3.2525],[98.586,3.248],[98.582,3.2155],[98.5845,3.2175],[98.597,3.221],[98.5995,3.223],[98.602,3.224],[98.6045,3.2245],[98.61,3.227],[98.613,3.243],[98.6135,3.2465],[98.607,3.2525]]]},"properties":{"code":"12.07.03.2015","name":"Negeri Gugung","latitude":3.2368909843402047,"longitude":98.59693803609161}},{"type":"Feature","geometry":{"type":"Polygon","coordinates":[[[98.5845,3.3405],[98.584,3.34],[98.583,3.339],[98.5825,3.34],[98.5815,3.339],[98.58,3.338],[98.57,3.325],[98.5685,3.3245],[98.567,3.323],[98.5655,3.323],[98.5715,3.312],[98.574,3.312],[98.5745,3.314],[98.58,3.331],[98.58,3.3345],[98.581,3.3355],[98.5855,3.3405],[98.5845,3.3405]]]},"properties":{"code":"12.07.03.2016","name":"Puangaja","latitude":3.3242752531547457,"longitude":98.5728533632277}},{"type":"Feature","geometry":{"type":"Polygon","coordinates":[[[98.599,3.3275],[98.593,3.327],[98.5845,3.3185],[98.5855,3.3075],[98.584,3.304],[98.586,3.3015],[98.589,3.301],[98.592,3.2995],[98.5955,3.303],[98.596,3.3045],[98.598,3.3055],[98.5975,3.306],[98.5945,3.309],[98.594,3.3105],[98.5945,3.3105],[98.5955,3.311],[98.605,3.3155],[98.606,3.3155],[98.606,3.316],[98.608,3.317],[98.6075,3.3195],[98.604,3.3255],[98.603,3.3255],[98.603,3.3265],[98.599,3.327],[98.599,3.3275]]]},"properties":{"code":"12.07.03.2017","name":"Rumah Kinangkung Sp","latitude":3.31497755945413,"longitude":98.59494235578917}},{"type":"Feature","geometry":{"type":"Polygon","coordinates":[[[98.6015,3.379],[98.5865,3.3845],[98.586,3.3845],[98.582,3.3665],[98.5835,3.3665],[98.5905,3.3655],[98.591,3.3635],[98.5965,3.362],[98.598,3.364],[98.6015,3.3765],[98.601,3.3775],[98.6015,3.379]]]},"properties":{"code":"12.07.03.2018","name":"Rambung Baru","latitude":3.373520413653787,"longitude":98.59144615000444}},{"type":"Feature","geometry":{"type":"Polygon","coordinates":[[[98.56,3.3265],[98.551,3.32],[98.547,3.3055],[98.5445,3.3035],[98.5445,3.3005],[98.551,3.2985],[98.5515,3.297],[98.5515,3.2985],[98.561,3.3145],[98.571,3.3105],[98.5725,3.31],[98.573,3.3105],[98.573,3.312],[98.5715,3.312],[98.5655,3.323],[98.567,3.323],[98.5685,3.3245],[98.569,3.3245],[98.566,3.3255],[98.5615,3.326],[98.56,3.3265]]]},"properties":{"code":"12.07.03.2019","name":"Rumah Pil Pil","latitude":3.3139742300034367,"longitude":98.55588840639098}},{"type":"Feature","geometry":{"type":"Polygon","coordinates":[[[98.5845,3.3185],[98.5835,3.32],[98.576,3.3145],[98.5745,3.3135],[98.574,3.312],[98.573,3.312],[98.573,3.3105],[98.572,3.31],[98.575,3.3025],[98.5815,3.302],[98.5825,3.306],[98.584,3.305],[98.5845,3.305],[98.5855,3.3075],[98.5845,3.3185]]]},"properties":{"code":"12.07.03.2020","name":"Rumah Sumbul","latitude":3.310590117281064,"longitude":98.58057975453146}},{"type":"Feature","geometry":{"type":"Polygon","coordinates":[[[98.599,3.3275],[98.6,3.3295],[98.6035,3.336],[98.604,3.3365],[98.6055,3.3415],[98.6015,3.34],[98.5995,3.3405],[98.5995,3.3395],[98.593,3.327],[98.599,3.3275]]]},"properties":{"code":"12.07.03.2021","name":"Sala Bulan","latitude":3.3340549156228407,"longitude":98.59954045572233}},{"type":"Feature","geometry":{"type":"Polygon","coordinates":[[[98.6125,3.372],[98.609,3.3755],[98.601,3.3775],[98.6015,3.3765],[98.598,3.364],[98.596,3.361],[98.592,3.3565],[98.5895,3.3535],[98.5905,3.354],[98.5915,3.354],[98.5925,3.3535],[98.5945,3.3565],[98.6015,3.355],[98.6025,3.355],[98.6035,3.355],[98.6045,3.354],[98.6055,3.3555],[98.609,3.355],[98.6135,3.3555],[98.616,3.3555],[98.6175,3.358],[98.625,3.3695],[98.6235,3.37],[98.6125,3.372]]]},"properties":{"code":"12.07.03.2022","name":"Sayum Sabah","latitude":3.364017789389128,"longitude":98.60774221751919}},{"type":"Feature","geometry":{"type":"Polygon","coordinates":[[[98.5895,3.3535],[98.589,3.353],[98.5795,3.354],[98.579,3.353],[98.5845,3.3405],[98.5855,3.3405],[98.587,3.3425],[98.5925,3.3395],[98.593,3.3415],[98.5935,3.353],[98.5915,3.354],[98.5905,3.354],[98.5895,3.3535]]]},"properties":{"code":"12.07.03.2023","name":"Sembahe","latitude":3.3470385487363874,"longitude":98.58507441645523}},{"type":"Feature","geometry":{"type":"Polygon","coordinates":[[[98.5925,3.3405],[98.5925,3.3395],[98.587,3.3425],[98.5855,3.3405],[98.581,3.3355],[98.58,3.3345],[98.58,3.331],[98.5745,3.314],[98.5745,3.3135],[98.576,3.3145],[98.5835,3.32],[98.5845,3.3185],[98.593,3.327],[98.5995,3.3395],[98.6,3.342],[98.5925,3.3405]]]},"properties":{"code":"12.07.03.2024","name":"Sibolangit","latitude":3.3294189424303604,"longitude":98.58640585046518}},{"type":"Feature","geometry":{"type":"Polygon","coordinates":[[[98.581,3.2765],[98.579,3.277],[98.5725,3.282],[98.5695,3.2835],[98.5675,3.2825],[98.5655,3.2805],[98.563,3.279],[98.5625,3.278],[98.56,3.2765],[98.5595,3.275],[98.543,3.248],[98.539,3.246],[98.543,3.2345],[98.544,3.2335],[98.5725,3.2655],[98.576,3.273],[98.578,3.2755],[98.581,3.2765]]]},"properties":{"code":"12.07.03.2025","name":"Sikeben","latitude":3.2607454950177837,"longitude":98.55875580153848}},{"type":"Feature","geometry":{"type":"Polygon","coordinates":[[[98.589,3.2645],[98.5985,3.2675],[98.6035,3.276],[98.6055,3.279],[98.5895,3.2785],[98.589,3.277],[98.588,3.2745],[98.5815,3.276],[98.5815,3.273],[98.582,3.269],[98.5815,3.2645],[98.589,3.2645]]]},"properties":{"code":"12.07.03.2026","name":"Suka Maju","latitude":3.2717561232941867,"longitude":98.59116705390244}},{"type":"Feature","geometry":{"type":"Polygon","coordinates":[[[98.5695,3.2835],[98.566,3.2855],[98.5635,3.2895],[98.5615,3.2905],[98.5565,3.2935],[98.5525,3.292],[98.5505,3.292],[98.55,3.2895],[98.541,3.28],[98.541,3.279],[98.5405,3.2775],[98.5595,3.275],[98.56,3.2765],[98.5625,3.278],[98.563,3.279],[98.5655,3.2805],[98.5675,3.2825],[98.5695,3.2835]]]},"properties":{"code":"12.07.03.2027","name":"Suka Makmur","latitude":3.2831971112200815,"longitude":98.5547878800704}},{"type":"Feature","geometry":{"type":"Polygon","coordinates":[[[98.57,3.371],[98.568,3.3715],[98.5495,3.3695],[98.548,3.3575],[98.5465,3.347],[98.5525,3.333],[98.555,3.3365],[98.564,3.3495],[98.566,3.3655],[98.568,3.369],[98.57,3.371]]]},"properties":{"code":"12.07.03.2028","name":"Tambunen","latitude":3.354452637660519,"longitude":98.55616141425243}},{"type":"Feature","geometry":{"type":"Polygon","coordinates":[[[98.5475,3.356],[98.5435,3.358],[98.5425,3.3585],[98.5425,3.3565],[98.5415,3.3555],[98.5385,3.347],[98.538,3.3025],[98.5445,3.3005],[98.5445,3.3035],[98.547,3.3055],[98.551,3.32],[98.56,3.3265],[98.5535,3.3345],[98.5525,3.333],[98.5465,3.347],[98.5475,3.356]]]},"properties":{"code":"12.07.03.2029","name":"Tanjung Beringin","latitude":3.3272272015026974,"longitude":98.54472655562648}},{"type":"Feature","geometry":{"type":"Polygon","coordinates":[[[98.541,3.356],[98.533,3.356],[98.518,3.303],[98.5175,3.2995],[98.5185,3.298],[98.5185,3.2955],[98.5295,3.2875],[98.5325,3.287],[98.5345,3.2865],[98.5365,3.2905],[98.536,3.291],[98.538,3.3025],[98.5385,3.347],[98.5415,3.3555],[98.541,3.356]]]},"properties":{"code":"12.07.03.2030","name":"Ujung Deleng","latitude":3.3179349030634278,"longitude":98.5301837185231}},{"type":"Feature","geometry":{"type":"Polygon","coordinates":[[[98.541,3.374],[98.524,3.3695],[98.514,3.376],[98.517,3.392],[98.4985,3.3945],[98.498,3.394],[98.499,3.3755],[98.504,3.365],[98.502,3.3395],[98.507,3.3295],[98.505,3.3175],[98.505,3.316],[98.509,3.31],[98.4965,3.297],[98.4865,3.2915],[98.47,3.2765],[98.4735,3.2625],[98.4735,3.2595],[98.4735,3.258],[98.473,3.2565],[98.4725,3.256],[98.4705,3.2575],[98.4705,3.244],[98.4715,3.2415],[98.4815,3.2375],[98.503,3.2405],[98.5065,3.241],[98.5055,3.2465],[98.5055,3.2495],[98.5225,3.2725],[98.533,3.2765],[98.5365,3.277],[98.537,3.29],[98.5365,3.2905],[98.5345,3.2865],[98.5325,3.287],[98.5295,3.2875],[98.5185,3.2955],[98.5185,3.298],[98.5175,3.2995],[98.518,3.303],[98.533,3.356],[98.541,3.356],[98.5425,3.3565],[98.5425,3.3585],[98.541,3.359],[98.542,3.366],[98.5415,3.368],[98.5415,3.3725],[98.5415,3.3735],[98.541,3.374]]]},"properties":{"code":"12.07.04.2001","name":"Suka Makmur","latitude":3.305228910423384,"longitude":98.5057661001655}},{"type":"Feature","geometry":{"type":"Polygon","coordinates":[[[98.5215,3.407],[98.5045,3.403],[98.5045,3.401],[98.5035,3.398],[98.5015,3.3945],[98.4985,3.395],[98.4985,3.3945],[98.517,3.392],[98.514,3.376],[98.524,3.3695],[98.541,3.374],[98.546,3.402],[98.547,3.404],[98.546,3.4045],[98.5215,3.407]]]},"properties":{"code":"12.07.04.2002","name":"Namo Mirik","latitude":3.3907872372905468,"longitude":98.52580595680809}},{"type":"Feature","geometry":{"type":"Polygon","coordinates":[[[98.598,3.4305],[98.5975,3.4305],[98.597,3.431],[98.5965,3.4305],[98.594,3.431],[98.592,3.432],[98.588,3.4325],[98.587,3.432],[98.578,3.427],[98.5725,3.4265],[98.57,3.4255],[98.5665,3.4255],[98.567,3.4245],[98.5605,3.415],[98.5475,3.413],[98.546,3.4045],[98.547,3.404],[98.546,3.402],[98.541,3.374],[98.5415,3.3735],[98.5415,3.3725],[98.5415,3.368],[98.542,3.366],[98.541,3.359],[98.5435,3.358],[98.5475,3.356],[98.548,3.3575],[98.5495,3.3695],[98.568,3.3715],[98.572,3.37],[98.5775,3.3665],[98.5795,3.3645],[98.582,3.3665],[98.586,3.3845],[98.5865,3.4045],[98.5865,3.405],[98.5885,3.41],[98.5915,3.412],[98.595,3.4175],[98.5965,3.418],[98.5965,3.4195],[98.597,3.4215],[98.5965,3.422],[98.5975,3.4305],[98.598,3.4305]]]},"properties":{"code":"12.07.04.2003","name":"Suka Dame","latitude":3.3965731759608255,"longitude":98.56767556435383}},{"type":"Feature","geometry":{"type":"Polygon","coordinates":[[[98.5655,3.435],[98.537,3.433],[98.5295,3.435],[98.5275,3.435],[98.5275,3.4345],[98.5175,3.428],[98.5215,3.407],[98.546,3.4045],[98.5475,3.413],[98.5605,3.415],[98.567,3.4245],[98.5665,3.4255],[98.566,3.4265],[98.5655,3.435]]]},"properties":{"code":"12.07.04.2004","name":"Pasar X","latitude":3.4207888401387416,"longitude":98.5413435583425}},{"type":"Feature","geometry":{"type":"Polygon","coordinates":[[[98.5175,3.428],[98.512,3.441],[98.5045,3.444],[98.501,3.413],[98.504,3.404],[98.5045,3.403],[98.5215,3.407],[98.5175,3.428]]]},"properties":{"code":"12.07.04.2005","name":"Perpanden","latitude":3.4219622197363946,"longitude":98.51025410326221}},{"type":"Feature","geometry":{"type":"Polygon","coordinates":[[[98.5655,3.435],[98.5635,3.4455],[98.56,3.4525],[98.56,3.4535],[98.5605,3.4545],[98.559,3.454],[98.5575,3.4505],[98.5475,3.451],[98.546,3.4505],[98.538,3.4505],[98.5345,3.451],[98.528,3.4355],[98.5275,3.435],[98.5295,3.435],[98.537,3.433],[98.5655,3.435]]]},"properties":{"code":"12.07.04.2006","name":"Kutalimbaru","latitude":3.4414045989891187,"longitude":98.54661817925474}},{"type":"Feature","geometry":{"type":"Polygon","coordinates":[[[98.5375,3.459],[98.5355,3.4585],[98.5265,3.4575],[98.5175,3.4625],[98.506,3.459],[98.505,3.457],[98.5045,3.4535],[98.505,3.4525],[98.5045,3.444],[98.512,3.441],[98.5175,3.428],[98.5275,3.4345],[98.5275,3.435],[98.528,3.4355],[98.5345,3.451],[98.5365,3.451],[98.5375,3.459]]]},"properties":{"code":"12.07.04.2007","name":"Sampe Cita","latitude":3.448015513463182,"longitude":98.5200841923425}},{"type":"Feature","geometry":{"type":"Polygon","coordinates":[[[98.561,3.4855],[98.5555,3.4855],[98.5535,3.486],[98.5525,3.4875],[98.5525,3.4885],[98.545,3.4815],[98.5375,3.459],[98.5365,3.451],[98.538,3.4505],[98.546,3.4505],[98.549,3.4515],[98.5585,3.453],[98.559,3.454],[98.5625,3.4555],[98.5625,3.456],[98.563,3.459],[98.56,3.465],[98.5605,3.4665],[98.5625,3.469],[98.57,3.48],[98.5595,3.481],[98.559,3.4825],[98.561,3.485],[98.561,3.4855]]]},"properties":{"code":"12.07.04.2008","name":"Suka Rende","latitude":3.468174094028466,"longitude":98.55183130694623}},{"type":"Feature","geometry":{"type":"Polygon","coordinates":[[[98.5585,3.453],[98.549,3.4515],[98.5475,3.451],[98.5575,3.4505],[98.5585,3.453]]]},"properties":{"code":"12.07.04.2009","name":"Kwala Lau Bicik","latitude":3.451733400863713,"longitude":98.55310531446987}},{"type":"Feature","geometry":{"type":"Polygon","coordinates":[[[98.536,3.4895],[98.5325,3.4865],[98.524,3.5065],[98.5235,3.5065],[98.518,3.5025],[98.5155,3.498],[98.512,3.4945],[98.513,3.494],[98.5115,3.492],[98.5095,3.4785],[98.5075,3.475],[98.508,3.4625],[98.506,3.459],[98.5175,3.4625],[98.5265,3.4575],[98.5355,3.4585],[98.5375,3.459],[98.545,3.4815],[98.5525,3.4885],[98.5515,3.4885],[98.549,3.489],[98.536,3.4895]]]},"properties":{"code":"12.07.04.2010","name":"Lau Bekeri","latitude":3.4781729725144577,"longitude":98.52600977799906}},{"type":"Feature","geometry":{"type":"Polygon","coordinates":[[[98.5185,3.5485],[98.517,3.55],[98.516,3.5525],[98.5105,3.553],[98.5095,3.547],[98.5115,3.546],[98.5135,3.5285],[98.517,3.5265],[98.5245,3.5225],[98.524,3.5205],[98.519,3.5135],[98.5195,3.512],[98.5155,3.504],[98.514,3.502],[98.511,3.4965],[98.512,3.4945],[98.5155,3.498],[98.518,3.5025],[98.5235,3.5065],[98.523,3.5065],[98.524,3.5065],[98.5235,3.5075],[98.523,3.5075],[98.523,3.5085],[98.5295,3.516],[98.5295,3.5225],[98.5305,3.528],[98.518,3.528],[98.5185,3.5315],[98.5185,3.537],[98.518,3.543],[98.5185,3.5435],[98.5185,3.5485]]]},"properties":{"code":"12.07.04.2011","name":"Silebo-Lebo","latitude":3.5265501935431356,"longitude":98.5188308519434}},{"type":"Feature","geometry":{"type":"Polygon","coordinates":[[[98.55,3.5345],[98.544,3.5415],[98.5425,3.5415],[98.539,3.5285],[98.5305,3.528],[98.5295,3.5225],[98.5295,3.521],[98.534,3.5205],[98.534,3.524],[98.5455,3.5225],[98.55,3.5345]]]},"properties":{"code":"12.07.04.2012","name":"Sawit Rejo","latitude":3.5306067647106376,"longitude":98.54273995839046}},{"type":"Feature","geometry":{"type":"Polygon","coordinates":[[[98.5355,3.5705],[98.5155,3.57],[98.504,3.573],[98.5005,3.5805],[98.5,3.5795],[98.5,3.572],[98.4995,3.5705],[98.4985,3.57],[98.4985,3.569],[98.497,3.5675],[98.497,3.5645],[98.5,3.5655],[98.501,3.5655],[98.51,3.554],[98.516,3.5525],[98.517,3.55],[98.5185,3.5485],[98.5185,3.559],[98.537,3.5635],[98.537,3.5655],[98.536,3.566],[98.5355,3.567],[98.536,3.569],[98.536,3.5695],[98.5355,3.5705]]]},"properties":{"code":"12.07.04.2013","name":"Namo Rube Julu","latitude":3.5648826783788405,"longitude":98.51388167848714}},{"type":"Feature","geometry":{"type":"Polygon","coordinates":[[[98.537,3.5635],[98.5185,3.559],[98.5185,3.5445],[98.5185,3.5435],[98.518,3.543],[98.5185,3.537],[98.5185,3.5315],[98.518,3.528],[98.539,3.5285],[98.5425,3.5415],[98.541,3.5415],[98.5375,3.562],[98.537,3.5635]]]},"properties":{"code":"12.07.04.2014","name":"Sei Mencirim","latitude":3.5455709523057535,"longitude":98.52888284999408}},{"type":"Feature","geometry":{"type":"Polygon","coordinates":[[[98.61,3.3925],[98.5985,3.397],[98.5885,3.41],[98.5865,3.405],[98.5865,3.4045],[98.586,3.3845],[98.5865,3.3845],[98.6015,3.379],[98.6025,3.38],[98.6035,3.3815],[98.6045,3.383],[98.605,3.3845],[98.605,3.385],[98.608,3.388],[98.609,3.3875],[98.61,3.3885],[98.6095,3.39],[98.61,3.3925]]]},"properties":{"code":"12.07.05.2001","name":"Bintang Meriah","latitude":3.3926692535223113,"longitude":98.5952182251989}},{"type":"Feature","geometry":{"type":"Polygon","coordinates":[[[98.6265,3.42],[98.598,3.4185],[98.598,3.42],[98.5975,3.421],[98.597,3.4215],[98.5965,3.4195],[98.5965,3.418],[98.595,3.4175],[98.5915,3.412],[98.5885,3.41],[98.5985,3.397],[98.61,3.3925],[98.6125,3.3925],[98.615,3.394],[98.627,3.4195],[98.6265,3.42]]]},"properties":{"code":"12.07.05.2002","name":"Sugau","latitude":3.4077325211826084,"longitude":98.60807925647651}},{"type":"Feature","geometry":{"type":"Polygon","coordinates":[[[98.6285,3.4275],[98.6075,3.431],[98.598,3.4305],[98.5975,3.4305],[98.5965,3.422],[98.598,3.4205],[98.598,3.4185],[98.6265,3.42],[98.628,3.4215],[98.6285,3.4265],[98.6285,3.4275]]]},"properties":{"code":"12.07.05.2003","name":"Tiang Layar","latitude":3.4239566907715253,"longitude":98.61083491079533}},{"type":"Feature","geometry":{"type":"Polygon","coordinates":[[[98.633,3.4555],[98.632,3.4555],[98.6125,3.4645],[98.612,3.4645],[98.6105,3.4635],[98.61,3.4635],[98.6095,3.459],[98.6035,3.454],[98.603,3.448],[98.5905,3.448],[98.5915,3.4455],[98.591,3.444],[98.589,3.438],[98.589,3.436],[98.587,3.432],[98.588,3.4325],[98.592,3.432],[98.594,3.431],[98.5965,3.4305],[98.597,3.431],[98.5975,3.4305],[98.598,3.4305],[98.599,3.432],[98.597,3.438],[98.597,3.4385],[98.595,3.442],[98.5965,3.4425],[98.6165,3.443],[98.6305,3.4525],[98.6315,3.4545],[98.633,3.4555]]]},"properties":{"code":"12.07.05.2004","name":"Durin Simbelang","latitude":3.4495506660609343,"longitude":98.6096092424697}},{"type":"Feature","geometry":{"type":"Polygon","coordinates":[[[98.6385,3.4555],[98.637,3.4565],[98.636,3.4565],[98.633,3.456],[98.633,3.4555],[98.6315,3.4545],[98.6305,3.4525],[98.6165,3.443],[98.5965,3.4425],[98.595,3.442],[98.597,3.4385],[98.597,3.438],[98.599,3.432],[98.598,3.4305],[98.6075,3.431],[98.6285,3.4275],[98.6295,3.428],[98.63,3.4295],[98.6305,3.4305],[98.6325,3.432],[98.6345,3.4325],[98.636,3.4335],[98.638,3.4355],[98.64,3.438],[98.639,3.4455],[98.6405,3.45],[98.641,3.451],[98.638,3.451],[98.639,3.4535],[98.6385,3.455],[98.6385,3.4555]]]},"properties":{"code":"12.07.05.2005","name":"Namo Riam","latitude":3.439161777137782,"longitude":98.62153183594343}},{"type":"Feature","geometry":{"type":"Polygon","coordinates":[[[98.6375,3.4945],[98.6375,3.4955],[98.6365,3.4975],[98.624,3.491],[98.617,3.47],[98.6115,3.4705],[98.613,3.4655],[98.6125,3.4645],[98.632,3.4555],[98.633,3.456],[98.636,3.4565],[98.637,3.4565],[98.6385,3.4555],[98.639,3.456],[98.64,3.459],[98.642,3.461],[98.6425,3.4635],[98.6435,3.464],[98.6435,3.463],[98.644,3.463],[98.6445,3.4645],[98.6475,3.4645],[98.6485,3.47],[98.649,3.4735],[98.647,3.474],[98.6465,3.476],[98.648,3.4755],[98.6475,3.4785],[98.645,3.4795],[98.6455,3.48],[98.638,3.4925],[98.6375,3.4945]]]},"properties":{"code":"12.07.05.2006","name":"Durin Tonggal","latitude":3.4747361645062385,"longitude":98.63147898441119}},{"type":"Feature","geometry":{"type":"Polygon","coordinates":[[[98.5965,3.472],[98.592,3.472],[98.589,3.4685],[98.5905,3.4655],[98.589,3.463],[98.588,3.462],[98.588,3.4615],[98.596,3.462],[98.5965,3.472]]]},"properties":{"code":"12.07.05.2007","name":"Hulu","latitude":3.466574717460051,"longitude":98.59312500151445}},{"type":"Feature","geometry":{"type":"Polygon","coordinates":[[[98.5905,3.448],[98.603,3.448],[98.6035,3.454],[98.6095,3.459],[98.61,3.4635],[98.608,3.4635],[98.596,3.4625],[98.596,3.462],[98.588,3.4615],[98.5905,3.448]]]},"properties":{"code":"12.07.05.2008","name":"Pertampilen","latitude":3.455896015144628,"longitude":98.59712872049614}},{"type":"Feature","geometry":{"type":"Polygon","coordinates":[[[98.59,3.466],[98.5695,3.4645],[98.5625,3.469],[98.5605,3.4665],[98.56,3.465],[98.563,3.459],[98.5625,3.456],[98.5625,3.4555],[98.5605,3.4545],[98.56,3.4535],[98.56,3.4525],[98.5635,3.4455],[98.5655,3.435],[98.566,3.4265],[98.5665,3.4255],[98.57,3.4255],[98.5725,3.4265],[98.578,3.427],[98.587,3.432],[98.589,3.436],[98.589,3.438],[98.591,3.444],[98.5915,3.4455],[98.5905,3.448],[98.588,3.4615],[98.588,3.462],[98.589,3.463],[98.5905,3.4655],[98.59,3.466]]]},"properties":{"code":"12.07.05.2009","name":"Salam Tani","latitude":3.44771414819877,"longitude":98.57582903884092}},{"type":"Feature","geometry":{"type":"Polygon","coordinates":[[[98.5965,3.475],[98.592,3.48],[98.5905,3.473],[98.592,3.472],[98.5965,3.472],[98.5965,3.475]]]},"properties":{"code":"12.07.05.2010","name":"Tengah","latitude":3.4752768088969592,"longitude":98.59127717194544}},{"type":"Feature","geometry":{"type":"Polygon","coordinates":[[[98.603,3.4775],[98.597,3.478],[98.596,3.4625],[98.608,3.4635],[98.6105,3.4635],[98.612,3.4645],[98.613,3.4655],[98.6115,3.4705],[98.603,3.4775]]]},"properties":{"code":"12.07.05.2011","name":"Namo Simpur","latitude":3.4691294124586514,"longitude":98.60317713324018}},{"type":"Feature","geometry":{"type":"Polygon","coordinates":[[[98.6295,3.51],[98.6255,3.51],[98.6255,3.5095],[98.6245,3.5095],[98.6245,3.508],[98.624,3.507],[98.62,3.5065],[98.619,3.505],[98.6175,3.501],[98.6205,3.499],[98.624,3.491],[98.6365,3.4975],[98.6375,3.4955],[98.6375,3.4945],[98.6375,3.496],[98.641,3.4985],[98.641,3.508],[98.6285,3.5085],[98.6295,3.51]]]},"properties":{"code":"12.07.05.2012","name":"Simalingkar A","latitude":3.5018826451568277,"longitude":98.62954486417468}},{"type":"Feature","geometry":{"type":"Polygon","coordinates":[[[98.624,3.491],[98.6205,3.499],[98.6135,3.497],[98.608,3.4955],[98.603,3.4775],[98.6115,3.4705],[98.617,3.47],[98.624,3.491]]]},"properties":{"code":"12.07.05.2013","name":"Namo Bintang","latitude":3.4854177855023543,"longitude":98.6138621327149}},{"type":"Feature","geometry":{"type":"Polygon","coordinates":[[[98.597,3.478],[98.596,3.485],[98.592,3.48],[98.5965,3.475],[98.597,3.478]]]},"properties":{"code":"12.07.05.2014","name":"Lama","latitude":3.4797593770208284,"longitude":98.59451517462843}},{"type":"Feature","geometry":{"type":"Polygon","coordinates":[[[98.596,3.485],[98.593,3.4905],[98.5885,3.4865],[98.5795,3.4865],[98.5775,3.4865],[98.576,3.486],[98.576,3.4855],[98.5725,3.48],[98.57,3.48],[98.5625,3.469],[98.5695,3.4645],[98.59,3.466],[98.589,3.4685],[98.592,3.472],[98.5905,3.473],[98.592,3.48],[98.596,3.485]]]},"properties":{"code":"12.07.05.2015","name":"Namo Rih","latitude":3.4757218710267868,"longitude":98.57931411540798}},{"type":"Feature","geometry":{"type":"Polygon","coordinates":[[[98.577,3.4865],[98.568,3.493],[98.561,3.486],[98.561,3.485],[98.559,3.4825],[98.5595,3.481],[98.5725,3.48],[98.576,3.4855],[98.576,3.486],[98.577,3.4865]]]},"properties":{"code":"12.07.05.2016","name":"Tuntungan I","latitude":3.486592657307758,"longitude":98.56862642320785}},{"type":"Feature","geometry":{"type":"Polygon","coordinates":[[[98.5535,3.5235],[98.551,3.522],[98.5455,3.5225],[98.534,3.524],[98.534,3.5205],[98.5295,3.521],[98.5295,3.516],[98.523,3.5085],[98.523,3.5075],[98.5235,3.5075],[98.524,3.5065],[98.523,3.5065],[98.524,3.5065],[98.5325,3.4865],[98.5435,3.496],[98.549,3.502],[98.548,3.514],[98.5535,3.5235]]]},"properties":{"code":"12.07.05.2017","name":"Gunung Tinggi","latitude":3.507197239984142,"longitude":98.5372498339487}},{"type":"Feature","geometry":{"type":"Polygon","coordinates":[[[98.5725,3.507],[98.557,3.507],[98.557,3.5065],[98.5525,3.4945],[98.5525,3.4925],[98.553,3.49],[98.5535,3.489],[98.553,3.4885],[98.5525,3.4885],[98.5525,3.4875],[98.5535,3.486],[98.5555,3.4855],[98.561,3.4855],[98.561,3.486],[98.568,3.493],[98.577,3.4865],[98.5775,3.4865],[98.5795,3.4865],[98.5885,3.4865],[98.593,3.495],[98.592,3.495],[98.5865,3.502],[98.5725,3.507]]]},"properties":{"code":"12.07.05.2018","name":"Tuntungan Ii","latitude":3.496169593564316,"longitude":98.5713593230025}},{"type":"Feature","geometry":{"type":"Polygon","coordinates":[[[98.5985,3.518],[98.598,3.518],[98.5735,3.519],[98.5735,3.5205],[98.5725,3.5205],[98.572,3.52],[98.5565,3.5075],[98.557,3.507],[98.5725,3.507],[98.5955,3.509],[98.5955,3.5155],[98.5975,3.5155],[98.5975,3.5165],[98.5985,3.518]]]},"properties":{"code":"12.07.05.2019","name":"Durin Jangak","latitude":3.5132008389238862,"longitude":98.57987106443316}},{"type":"Feature","geometry":{"type":"Polygon","coordinates":[[[98.601,3.518],[98.6005,3.5175],[98.599,3.518],[98.5985,3.518],[98.5975,3.5165],[98.5975,3.5155],[98.5955,3.5155],[98.5955,3.509],[98.5725,3.507],[98.5865,3.502],[98.592,3.495],[98.5925,3.4975],[98.5995,3.51],[98.602,3.5155],[98.602,3.517],[98.601,3.518]]]},"properties":{"code":"12.07.05.2020","name":"Sembahe Baru","latitude":3.5062815301755967,"longitude":98.58855056498734}},{"type":"Feature","geometry":{"type":"Polygon","coordinates":[[[98.58,3.53],[98.5645,3.533],[98.5645,3.5265],[98.5725,3.5205],[98.5735,3.5205],[98.5735,3.519],[98.598,3.518],[98.599,3.518],[98.6005,3.5175],[98.601,3.518],[98.5985,3.5265],[98.58,3.53]]]},"properties":{"code":"12.07.05.2021","name":"Tanjung Anom","latitude":3.524861870036358,"longitude":98.58084150722804}},{"type":"Feature","geometry":{"type":"Polygon","coordinates":[[[98.5645,3.5265],[98.5535,3.5235],[98.548,3.514],[98.549,3.502],[98.5435,3.496],[98.536,3.4895],[98.549,3.489],[98.5515,3.4885],[98.553,3.4885],[98.5535,3.489],[98.553,3.49],[98.5525,3.4925],[98.5525,3.4945],[98.557,3.5065],[98.5565,3.5075],[98.572,3.52],[98.5725,3.5205],[98.5645,3.5265]]]},"properties":{"code":"12.07.05.2022","name":"Sei Glugur","latitude":3.509343703627511,"longitude":98.55555984942546}},{"type":"Feature","geometry":{"type":"Polygon","coordinates":[[[98.549,3.5645],[98.546,3.5665],[98.536,3.5665],[98.536,3.566],[98.537,3.5655],[98.5375,3.562],[98.541,3.5415],[98.544,3.5415],[98.55,3.5345],[98.5565,3.542],[98.5665,3.542],[98.5665,3.5445],[98.562,3.5535],[98.563,3.555],[98.549,3.5645]]]},"properties":{"code":"12.07.05.2023","name":"Suka Raya","latitude":3.550891223446031,"longitude":98.55041517137205}},{"type":"Feature","geometry":{"type":"Polygon","coordinates":[[[98.603,3.4775],[98.608,3.4955],[98.5945,3.4955],[98.593,3.495],[98.593,3.4905],[98.596,3.485],[98.597,3.478],[98.603,3.4775]]]},"properties":{"code":"12.07.05.2024","name":"Baru","latitude":3.4870574901311406,"longitude":98.60060328950445}},{"type":"Feature","geometry":{"type":"Polygon","coordinates":[[[98.626,3.5185],[98.6255,3.5185],[98.6235,3.5135],[98.6245,3.5105],[98.6245,3.5095],[98.6255,3.5095],[98.6255,3.51],[98.6295,3.51],[98.63,3.511],[98.6275,3.512],[98.626,3.5185]]]},"properties":{"code":"12.07.05.2025","name":"Perumnas Simalingkar","latitude":3.513774942450112,"longitude":98.62623146953196}},{"type":"Feature","geometry":{"type":"Polygon","coordinates":[[[98.667,3.5145],[98.6615,3.515],[98.662,3.522],[98.6575,3.5215],[98.658,3.5215],[98.658,3.5205],[98.6575,3.51],[98.6585,3.509],[98.6585,3.5095],[98.659,3.5095],[98.656,3.4985],[98.654,3.497],[98.648,3.4975],[98.647,3.4975],[98.646,3.4955],[98.647,3.494],[98.646,3.4925],[98.645,3.488],[98.6485,3.487],[98.6735,3.486],[98.674,3.487],[98.6745,3.489],[98.677,3.4875],[98.6775,3.4885],[98.6755,3.4925],[98.6755,3.4935],[98.6755,3.4955],[98.676,3.499],[98.6755,3.4995],[98.674,3.5015],[98.6755,3.504],[98.6775,3.5095],[98.6765,3.5125],[98.677,3.514],[98.6765,3.515],[98.6755,3.515],[98.673,3.5155],[98.671,3.506],[98.665,3.5125],[98.667,3.5125],[98.667,3.5145]]]},"properties":{"code":"12.07.06.2001","name":"Deli Tua","latitude":3.499171053882564,"longitude":98.66335385233971}},{"type":"Feature","geometry":{"type":"Polygon","coordinates":[[[98.644,3.463],[98.6435,3.463],[98.6435,3.464],[98.6425,3.4635],[98.642,3.461],[98.64,3.459],[98.639,3.456],[98.6385,3.455],[98.639,3.4535],[98.638,3.451],[98.641,3.451],[98.6405,3.45],[98.6405,3.4475],[98.641,3.447],[98.654,3.4465],[98.6585,3.4605],[98.6585,3.4615],[98.644,3.463]]]},"properties":{"code":"12.07.06.2002","name":"Jati Kesuma","latitude":3.4549416394558317,"longitude":98.64807536220495}},{"type":"Feature","geometry":{"type":"Polygon","coordinates":[[[98.646,3.447],[98.641,3.447],[98.6405,3.4475],[98.639,3.4455],[98.64,3.438],[98.638,3.4355],[98.636,3.4335],[98.6345,3.4325],[98.634,3.4325],[98.637,3.4325],[98.639,3.4315],[98.6425,3.4325],[98.651,3.4285],[98.6515,3.429],[98.6545,3.4295],[98.6585,3.433],[98.659,3.4355],[98.651,3.437],[98.646,3.439],[98.646,3.446],[98.646,3.447]]]},"properties":{"code":"12.07.06.2003","name":"Namo Rambe","latitude":3.436050773095927,"longitude":98.64666122322421}},{"type":"Feature","geometry":{"type":"Polygon","coordinates":[[[98.6825,3.4385],[98.676,3.439],[98.6755,3.435],[98.6675,3.436],[98.668,3.435],[98.676,3.4335],[98.679,3.4305],[98.6705,3.425],[98.67,3.4225],[98.6705,3.4185],[98.67,3.417],[98.667,3.415],[98.673,3.413],[98.673,3.414],[98.6785,3.42],[98.6785,3.4205],[98.6825,3.4385]]]},"properties":{"code":"12.07.06.2004","name":"Gunung Kelawas","latitude":3.425733167184843,"longitude":98.67652432200488}},{"type":"Feature","geometry":{"type":"Polygon","coordinates":[[[98.6735,3.486],[98.6485,3.487],[98.6465,3.487],[98.6455,3.48],[98.645,3.4795],[98.6475,3.4785],[98.648,3.4755],[98.657,3.474],[98.663,3.474],[98.672,3.4835],[98.6735,3.4845],[98.6735,3.486]]]},"properties":{"code":"12.07.06.2005","name":"Ujung Labuhan","latitude":3.4812515876526655,"longitude":98.65801802566557}},{"type":"Feature","geometry":{"type":"Polygon","coordinates":[[[98.673,3.413],[98.667,3.415],[98.663,3.4125],[98.6655,3.409],[98.666,3.408],[98.673,3.4125],[98.673,3.413]]]},"properties":{"code":"12.07.06.2006","name":"Lubang Ido","latitude":3.411600772566017,"longitude":98.66793953256754}},{"type":"Feature","geometry":{"type":"Polygon","coordinates":[[[98.657,3.404],[98.6555,3.4045],[98.655,3.405],[98.653,3.406],[98.653,3.404],[98.6505,3.397],[98.649,3.3965],[98.649,3.3955],[98.6485,3.3915],[98.6555,3.3895],[98.6565,3.4015],[98.657,3.404]]]},"properties":{"code":"12.07.06.2007","name":"Silue-lue","latitude":3.3969991334802354,"longitude":98.65440454481933}},{"type":"Feature","geometry":{"type":"Polygon","coordinates":[[[98.6775,3.4515],[98.6735,3.452],[98.669,3.454],[98.667,3.4545],[98.667,3.455],[98.664,3.4535],[98.6625,3.4485],[98.6645,3.444],[98.6655,3.448],[98.6715,3.448],[98.6745,3.447],[98.677,3.447],[98.6775,3.4515]]]},"properties":{"code":"12.07.06.2008","name":"Timbang Lawan","latitude":3.45013234867492,"longitude":98.66887106032384}},{"type":"Feature","geometry":{"type":"Polygon","coordinates":[[[98.676,3.4415],[98.6735,3.4415],[98.67,3.441],[98.667,3.4415],[98.666,3.436],[98.668,3.4355],[98.6675,3.436],[98.6755,3.435],[98.676,3.4415]]]},"properties":{"code":"12.07.06.2009","name":"Batu Mbelin","latitude":3.4383433704380897,"longitude":98.67101031325805}},{"type":"Feature","geometry":{"type":"Polygon","coordinates":[[[98.626,3.378],[98.6275,3.3825],[98.628,3.384],[98.6235,3.39],[98.621,3.394],[98.621,3.395],[98.62,3.3975],[98.6185,3.3965],[98.6155,3.3895],[98.6145,3.3835],[98.616,3.3815],[98.6175,3.3805],[98.618,3.378],[98.6185,3.3775],[98.619,3.378],[98.6205,3.379],[98.6255,3.378],[98.626,3.378]]]},"properties":{"code":"12.07.06.2010","name":"Namo Batang","latitude":3.3858559900986354,"longitude":98.62073585410393}},{"type":"Feature","geometry":{"type":"Polygon","coordinates":[[[98.644,3.3705],[98.638,3.378],[98.6325,3.377],[98.627,3.3775],[98.6265,3.3775],[98.6255,3.378],[98.6205,3.379],[98.6185,3.3775],[98.618,3.3775],[98.617,3.378],[98.6155,3.376],[98.6125,3.3745],[98.613,3.3725],[98.6125,3.372],[98.6235,3.37],[98.6255,3.369],[98.638,3.3705],[98.642,3.3695],[98.644,3.3705]]]},"properties":{"code":"12.07.06.2011","name":"Tanjung Selamat","latitude":3.3739628460072715,"longitude":98.6307022727246}},{"type":"Feature","geometry":{"type":"Polygon","coordinates":[[[98.6285,3.397],[98.625,3.401],[98.624,3.4005],[98.621,3.398],[98.62,3.3975],[98.621,3.395],[98.621,3.394],[98.6235,3.39],[98.628,3.384],[98.6275,3.3825],[98.626,3.378],[98.627,3.3775],[98.6275,3.3785],[98.6275,3.379],[98.629,3.3805],[98.6295,3.3825],[98.633,3.3825],[98.6285,3.397]]]},"properties":{"code":"12.07.06.2012","name":"Bekukul","latitude":3.3906367665361694,"longitude":98.6273328942452}},{"type":"Feature","geometry":{"type":"Polygon","coordinates":[[[98.6345,3.3775],[98.632,3.3825],[98.6295,3.3825],[98.629,3.3805],[98.6275,3.3785],[98.627,3.3775],[98.6325,3.377],[98.6345,3.3775]]]},"properties":{"code":"12.07.06.2013","name":"Namo Pakam","latitude":3.379159131678296,"longitude":98.6308806950363}},{"type":"Feature","geometry":{"type":"Polygon","coordinates":[[[98.65,3.414],[98.647,3.414],[98.6325,3.4095],[98.6315,3.406],[98.626,3.402],[98.625,3.401],[98.6285,3.397],[98.6355,3.4015],[98.6485,3.394],[98.649,3.3955],[98.649,3.3965],[98.6505,3.397],[98.653,3.404],[98.653,3.406],[98.653,3.4065],[98.6535,3.408],[98.653,3.4085],[98.652,3.4115],[98.6515,3.4115],[98.6505,3.4115],[98.65,3.4125],[98.65,3.414]]]},"properties":{"code":"12.07.06.2014","name":"Suka Mulia Hilir","latitude":3.403579626418031,"longitude":98.64234733053658}},{"type":"Feature","geometry":{"type":"Polygon","coordinates":[[[98.6485,3.394],[98.6355,3.4015],[98.6425,3.39],[98.644,3.3885],[98.645,3.3885],[98.647,3.3905],[98.6485,3.394]]]},"properties":{"code":"12.07.06.2015","name":"Suka Mulia Hulu","latitude":3.39521192026516,"longitude":98.64196682753364}},{"type":"Feature","geometry":{"type":"Polygon","coordinates":[[[98.657,3.411],[98.6545,3.4115],[98.6515,3.4115],[98.652,3.4115],[98.6535,3.4085],[98.6535,3.408],[98.653,3.406],[98.655,3.405],[98.6555,3.4045],[98.657,3.404],[98.658,3.4065],[98.6605,3.411],[98.657,3.411]]]},"properties":{"code":"12.07.06.2016","name":"Rumah Mbacang","latitude":3.4083495477398755,"longitude":98.65588563310016}},{"type":"Feature","geometry":{"type":"Polygon","coordinates":[[[98.6565,3.4165],[98.651,3.424],[98.649,3.422],[98.6485,3.4175],[98.648,3.4145],[98.6495,3.4145],[98.6495,3.414],[98.65,3.4135],[98.65,3.4125],[98.6505,3.4115],[98.6545,3.4115],[98.657,3.411],[98.6565,3.4165]]]},"properties":{"code":"12.07.06.2017","name":"Cinta Rakyat","latitude":3.4176895465288166,"longitude":98.65294990024695}},{"type":"Feature","geometry":{"type":"Polygon","coordinates":[[[98.648,3.4755],[98.6465,3.476],[98.647,3.474],[98.649,3.4735],[98.6485,3.47],[98.6475,3.4645],[98.6445,3.4645],[98.644,3.463],[98.6585,3.4615],[98.659,3.462],[98.659,3.4645],[98.659,3.4655],[98.659,3.469],[98.66,3.4725],[98.659,3.474],[98.657,3.474],[98.648,3.4755]]]},"properties":{"code":"12.07.06.2018","name":"Batu Penjemuran","latitude":3.4684044023527094,"longitude":98.65312211963943}},{"type":"Feature","geometry":{"type":"Polygon","coordinates":[[[98.654,3.4465],[98.646,3.447],[98.646,3.446],[98.646,3.439],[98.6485,3.438],[98.6605,3.4435],[98.6635,3.4425],[98.664,3.4425],[98.6645,3.444],[98.663,3.446],[98.654,3.4465]]]},"properties":{"code":"12.07.06.2019","name":"Kuta Tengah","latitude":3.4437741603114005,"longitude":98.65302375197756}},{"type":"Feature","geometry":{"type":"Polygon","coordinates":[[[98.664,3.4425],[98.6635,3.4425],[98.6605,3.4435],[98.6485,3.438],[98.651,3.437],[98.659,3.4355],[98.664,3.44],[98.664,3.4425]]]},"properties":{"code":"12.07.06.2020","name":"Namo Landur","latitude":3.43986467190507,"longitude":98.65601613279875}},{"type":"Feature","geometry":{"type":"Polygon","coordinates":[[[98.6605,3.421],[98.6585,3.4315],[98.6545,3.4295],[98.6515,3.429],[98.651,3.427],[98.651,3.424],[98.6565,3.4165],[98.6605,3.421]]]},"properties":{"code":"12.07.06.2021","name":"Gunung Berita","latitude":3.424961295677704,"longitude":98.65655050365797}},{"type":"Feature","geometry":{"type":"Polygon","coordinates":[[[98.651,3.4285],[98.6425,3.4325],[98.639,3.4315],[98.637,3.4325],[98.634,3.4325],[98.6305,3.4305],[98.63,3.4295],[98.6295,3.428],[98.6285,3.4265],[98.628,3.4215],[98.6275,3.421],[98.6325,3.416],[98.6465,3.4145],[98.647,3.414],[98.65,3.414],[98.6495,3.4145],[98.648,3.4145],[98.6485,3.4175],[98.649,3.422],[98.651,3.424],[98.651,3.427],[98.651,3.4285]]]},"properties":{"code":"12.07.06.2022","name":"Tangkahan","latitude":3.4245607575428254,"longitude":98.63997981055954}},{"type":"Feature","geometry":{"type":"Polygon","coordinates":[[[98.6325,3.416],[98.6275,3.421],[98.627,3.4195],[98.615,3.394],[98.6135,3.393],[98.6155,3.3895],[98.6185,3.3965],[98.621,3.398],[98.624,3.4005],[98.626,3.402],[98.6315,3.406],[98.6325,3.415],[98.6325,3.416]]]},"properties":{"code":"12.07.06.2023","name":"Uruk Gedang","latitude":3.4074930597547284,"longitude":98.62552350867949}},{"type":"Feature","geometry":{"type":"Polygon","coordinates":[[[98.647,3.414],[98.6465,3.4145],[98.6325,3.416],[98.6325,3.415],[98.6325,3.4095],[98.647,3.414]]]},"properties":{"code":"12.07.06.2024","name":"Rumah Keben","latitude":3.415966961772561,"longitude":98.63868153820046}},{"type":"Feature","geometry":{"type":"Polygon","coordinates":[[[98.6415,3.3875],[98.644,3.3885],[98.6425,3.39],[98.6355,3.4015],[98.6285,3.397],[98.633,3.3825],[98.636,3.382],[98.6405,3.3865],[98.6415,3.3885],[98.6415,3.3875]]]},"properties":{"code":"12.07.06.2025","name":"Namo Pinang","latitude":3.392275604399732,"longitude":98.6357205375622}},{"type":"Feature","geometry":{"type":"Polygon","coordinates":[[[98.669,3.472],[98.673,3.4795],[98.674,3.482],[98.6745,3.484],[98.6725,3.484],[98.672,3.4835],[98.663,3.474],[98.659,3.474],[98.66,3.4725],[98.659,3.469],[98.659,3.4655],[98.659,3.463],[98.66,3.463],[98.66,3.4635],[98.662,3.4645],[98.663,3.466],[98.669,3.472]]]},"properties":{"code":"12.07.06.2026","name":"Sudi Rejo","latitude":3.4735260962602426,"longitude":98.66521186372529}},{"type":"Feature","geometry":{"type":"Polygon","coordinates":[[[98.673,3.4605],[98.663,3.466],[98.662,3.4645],[98.66,3.4635],[98.66,3.463],[98.659,3.463],[98.659,3.462],[98.6585,3.4605],[98.654,3.4465],[98.663,3.446],[98.6625,3.4485],[98.664,3.4535],[98.671,3.459],[98.673,3.4605]]]},"properties":{"code":"12.07.06.2027","name":"Jaba","latitude":3.4564959657287906,"longitude":98.66211272974553}},{"type":"Feature","geometry":{"type":"Polygon","coordinates":[[[98.677,3.4875],[98.6745,3.489],[98.674,3.487],[98.6735,3.486],[98.6735,3.4845],[98.6725,3.484],[98.6745,3.484],[98.674,3.482],[98.673,3.4795],[98.669,3.472],[98.672,3.471],[98.675,3.4705],[98.6785,3.4705],[98.677,3.473],[98.6765,3.4735],[98.6765,3.474],[98.6765,3.475],[98.677,3.48],[98.676,3.4805],[98.6765,3.4825],[98.6765,3.486],[98.6765,3.487],[98.677,3.4875]]]},"properties":{"code":"12.07.06.2028","name":"Kuta Tualah","latitude":3.477216343695251,"longitude":98.67390437208768}},{"type":"Feature","geometry":{"type":"Polygon","coordinates":[[[98.6815,3.475],[98.677,3.4765],[98.6765,3.475],[98.6765,3.4735],[98.6765,3.473],[98.677,3.4725],[98.678,3.4725],[98.6785,3.471],[98.678,3.4695],[98.679,3.4675],[98.6785,3.467],[98.6795,3.4655],[98.68,3.465],[98.681,3.4665],[98.682,3.474],[98.6815,3.4745],[98.6815,3.475]]]},"properties":{"code":"12.07.06.2029","name":"Kwala Simeme","latitude":3.4722249986964164,"longitude":98.67957187436669}},{"type":"Feature","geometry":{"type":"Polygon","coordinates":[[[98.6775,3.455],[98.673,3.4605],[98.671,3.459],[98.667,3.455],[98.667,3.4545],[98.669,3.454],[98.6735,3.452],[98.6775,3.4515],[98.6775,3.455]]]},"properties":{"code":"12.07.06.2030","name":"Batu Gemuk","latitude":3.456023186977959,"longitude":98.67283072695237}},{"type":"Feature","geometry":{"type":"Polygon","coordinates":[[[98.68,3.465],[98.6795,3.4655],[98.6785,3.467],[98.677,3.4665],[98.6755,3.466],[98.673,3.4605],[98.6775,3.455],[98.682,3.457],[98.679,3.462],[98.6795,3.463],[98.68,3.4635],[98.68,3.465]]]},"properties":{"code":"12.07.06.2031","name":"Lau Mulgap","latitude":3.46105260475402,"longitude":98.67771369065281}},{"type":"Feature","geometry":{"type":"Polygon","coordinates":[[[98.682,3.457],[98.6775,3.455],[98.676,3.439],[98.6835,3.4385],[98.683,3.4395],[98.6835,3.442],[98.6825,3.4475],[98.682,3.449],[98.6815,3.449],[98.6815,3.4495],[98.6815,3.45],[98.6815,3.4535],[98.682,3.455],[98.682,3.457]]]},"properties":{"code":"12.07.06.2032","name":"Batu Rejo","latitude":3.4459023669042232,"longitude":98.67985584748327}},{"type":"Feature","geometry":{"type":"Polygon","coordinates":[[[98.677,3.447],[98.6745,3.447],[98.6715,3.448],[98.6655,3.448],[98.6645,3.444],[98.664,3.44],[98.659,3.4355],[98.6655,3.435],[98.666,3.436],[98.667,3.4415],[98.67,3.441],[98.6735,3.4415],[98.676,3.4415],[98.677,3.447]]]},"properties":{"code":"12.07.06.2033","name":"Salang Tungir","latitude":3.442260172892538,"longitude":98.66818952961067}},{"type":"Feature","geometry":{"type":"Polygon","coordinates":[[[98.668,3.4355],[98.666,3.436],[98.6655,3.435],[98.659,3.4355],[98.6585,3.433],[98.6585,3.4315],[98.6605,3.421],[98.663,3.4125],[98.67,3.417],[98.6705,3.4185],[98.67,3.4225],[98.6705,3.426],[98.669,3.434],[98.668,3.4355]]]},"properties":{"code":"12.07.06.2034","name":"Namo Mbaru","latitude":3.4252240745346563,"longitude":98.66492596827969}},{"type":"Feature","geometry":{"type":"Polygon","coordinates":[[[98.6155,3.3895],[98.6135,3.393],[98.6125,3.3925],[98.61,3.3925],[98.6095,3.39],[98.61,3.3885],[98.609,3.3875],[98.608,3.388],[98.605,3.385],[98.605,3.3845],[98.6045,3.383],[98.6035,3.3815],[98.6025,3.38],[98.601,3.3775],[98.609,3.3755],[98.6125,3.372],[98.613,3.3725],[98.6125,3.3745],[98.6155,3.376],[98.617,3.378],[98.6185,3.3775],[98.618,3.378],[98.6175,3.3805],[98.616,3.3815],[98.6145,3.3835],[98.6155,3.3895]]]},"properties":{"code":"12.07.06.2035","name":"Rimo Mungkur","latitude":3.3821099155540337,"longitude":98.61044300703534}},{"type":"Feature","geometry":{"type":"Polygon","coordinates":[[[98.6785,3.4705],[98.675,3.4705],[98.672,3.471],[98.669,3.472],[98.663,3.466],[98.673,3.4605],[98.6755,3.466],[98.677,3.4665],[98.679,3.4675],[98.678,3.4695],[98.6785,3.4705]]]},"properties":{"code":"12.07.06.2036","name":"Namo Mbelin","latitude":3.4671413098258492,"longitude":98.6714926449985}},{"type":"Feature","geometry":{"type":"Polygon","coordinates":[[[98.7075,3.466],[98.707,3.466],[98.702,3.474],[98.701,3.474],[98.693,3.459],[98.6865,3.452],[98.693,3.449],[98.6835,3.4405],[98.683,3.4395],[98.6835,3.4385],[98.6825,3.4385],[98.6785,3.4205],[98.679,3.4205],[98.699,3.4215],[98.6995,3.422],[98.7,3.424],[98.6985,3.425],[98.699,3.429],[98.7025,3.4345],[98.7045,3.436],[98.7005,3.448],[98.701,3.452],[98.7095,3.4615],[98.7075,3.4635],[98.7075,3.465],[98.7075,3.466]]]},"properties":{"code":"12.07.07.2001","name":"Aji Baho","latitude":3.443888909894965,"longitude":98.69590795284402}},{"type":"Feature","geometry":{"type":"Polygon","coordinates":[[[98.659,3.378],[98.658,3.3795],[98.659,3.3625],[98.6605,3.3615],[98.6605,3.362],[98.6715,3.367],[98.674,3.37],[98.659,3.378]]]},"properties":{"code":"12.07.07.2002","name":"Biru-Biru","latitude":3.3696590802865423,"longitude":98.66389571688036}},{"type":"Feature","geometry":{"type":"Polygon","coordinates":[[[98.693,3.459],[98.6865,3.4625],[98.6795,3.463],[98.679,3.462],[98.682,3.457],[98.682,3.455],[98.6815,3.4535],[98.6815,3.45],[98.6815,3.4495],[98.6835,3.4495],[98.6845,3.451],[98.687,3.451],[98.6865,3.452],[98.693,3.459]]]},"properties":{"code":"12.07.07.2003","name":"Candi Rejo","latitude":3.4562516974732866,"longitude":98.68685994071375}},{"type":"Feature","geometry":{"type":"Polygon","coordinates":[[[98.663,3.4125],[98.6605,3.421],[98.6565,3.4165],[98.657,3.411],[98.6605,3.411],[98.658,3.4065],[98.6565,3.4015],[98.6555,3.3895],[98.6545,3.3885],[98.657,3.3805],[98.659,3.378],[98.662,3.382],[98.6795,3.376],[98.6805,3.382],[98.6775,3.3835],[98.661,3.3975],[98.6655,3.409],[98.663,3.4125]]]},"properties":{"code":"12.07.07.2004","name":"Kutomulyo","latitude":3.3917284429046104,"longitude":98.66377783997021}},{"type":"Feature","geometry":{"type":"Polygon","coordinates":[[[98.6395,3.37],[98.638,3.3705],[98.6255,3.369],[98.625,3.3695],[98.6175,3.358],[98.614,3.3505],[98.61,3.3445],[98.6065,3.337],[98.61,3.33],[98.6145,3.3265],[98.6245,3.3205],[98.6305,3.316],[98.6315,3.317],[98.6365,3.318],[98.65,3.332],[98.6375,3.335],[98.626,3.3495],[98.6395,3.37]]]},"properties":{"code":"12.07.07.2005","name":"Kuala Dekah","latitude":3.3406517798311226,"longitude":98.62578473018218}},{"type":"Feature","geometry":{"type":"Polygon","coordinates":[[[98.6905,3.3955],[98.6705,3.4045],[98.6655,3.407],[98.665,3.408],[98.661,3.3975],[98.6775,3.3835],[98.6805,3.382],[98.6805,3.381],[98.683,3.381],[98.684,3.3795],[98.7105,3.3785],[98.7105,3.3795],[98.7095,3.382],[98.708,3.382],[98.7075,3.3825],[98.7055,3.3835],[98.7,3.3925],[98.6985,3.3955],[98.6905,3.3955]]]},"properties":{"code":"12.07.07.2006","name":"Mbaruai","latitude":3.3906262708850377,"longitude":98.68334643205633}},{"type":"Feature","geometry":{"type":"Polygon","coordinates":[[[98.6305,3.316],[98.6245,3.3205],[98.6145,3.3265],[98.61,3.33],[98.6065,3.337],[98.6065,3.3375],[98.6055,3.3325],[98.6035,3.3255],[98.604,3.3255],[98.6075,3.3195],[98.608,3.317],[98.606,3.316],[98.606,3.3155],[98.605,3.3155],[98.5955,3.311],[98.5945,3.3105],[98.594,3.3105],[98.5945,3.309],[98.5975,3.306],[98.598,3.305],[98.599,3.3045],[98.6005,3.3025],[98.608,3.3025],[98.6105,3.302],[98.6155,3.296],[98.6225,3.301],[98.6295,3.3145],[98.6305,3.316]]]},"properties":{"code":"12.07.07.2007","name":"Mardinding Julu","latitude":3.3131150525949713,"longitude":98.61336140222306}},{"type":"Feature","geometry":{"type":"Polygon","coordinates":[[[98.7195,3.4355],[98.7155,3.437],[98.713,3.4375],[98.7125,3.4375],[98.7105,3.4375],[98.71,3.4345],[98.705,3.4345],[98.7025,3.4345],[98.699,3.429],[98.6985,3.425],[98.7,3.424],[98.6995,3.422],[98.699,3.4205],[98.699,3.4185],[98.702,3.4165],[98.6905,3.3955],[98.6985,3.3955],[98.699,3.3955],[98.7005,3.404],[98.712,3.4135],[98.7135,3.4165],[98.714,3.4185],[98.7135,3.419],[98.7135,3.4205],[98.7185,3.4345],[98.7195,3.4355]]]},"properties":{"code":"12.07.07.2008","name":"Namo Suro Baru","latitude":3.4204585419727245,"longitude":98.70691148849546}},{"type":"Feature","geometry":{"type":"Polygon","coordinates":[[[98.681,3.3325],[98.6745,3.3455],[98.6745,3.345],[98.6735,3.345],[98.672,3.345],[98.671,3.345],[98.669,3.3445],[98.6655,3.344],[98.65,3.332],[98.6365,3.318],[98.643,3.315],[98.643,3.3135],[98.649,3.3085],[98.6505,3.307],[98.6625,3.3115],[98.675,3.3295],[98.6795,3.332],[98.681,3.3325]]]},"properties":{"code":"12.07.07.2009","name":"Peria-Ria","latitude":3.32775292300156,"longitude":98.66156216772202}},{"type":"Feature","geometry":{"type":"Polygon","coordinates":[[[98.6365,3.318],[98.6315,3.317],[98.6295,3.3145],[98.6225,3.301],[98.6155,3.296],[98.611,3.282],[98.61,3.2815],[98.6105,3.281],[98.6105,3.2805],[98.61,3.2795],[98.61,3.279],[98.6115,3.2795],[98.6105,3.2745],[98.6305,3.2905],[98.647,3.3],[98.6505,3.307],[98.649,3.3085],[98.643,3.3135],[98.643,3.315],[98.6365,3.318]]]},"properties":{"code":"12.07.07.2010","name":"Penen","latitude":3.2995101741669153,"longitude":98.63050718438701}},{"type":"Feature","geometry":{"type":"Polygon","coordinates":[[[98.6555,3.3895],[98.6485,3.3915],[98.647,3.3905],[98.645,3.3885],[98.6415,3.3875],[98.6415,3.3885],[98.6405,3.3865],[98.636,3.382],[98.632,3.3825],[98.6345,3.3775],[98.638,3.378],[98.644,3.3705],[98.6455,3.369],[98.648,3.3665],[98.6585,3.36],[98.6605,3.3615],[98.659,3.3625],[98.658,3.3795],[98.657,3.3805],[98.6545,3.3885],[98.6555,3.3895]]]},"properties":{"code":"12.07.07.2011","name":"Rumah Gerat","latitude":3.3762972147283588,"longitude":98.64938520621858}},{"type":"Feature","geometry":{"type":"Polygon","coordinates":[[[98.6835,3.4405],[98.693,3.449],[98.687,3.451],[98.6845,3.451],[98.6835,3.4495],[98.6815,3.4495],[98.6815,3.449],[98.682,3.449],[98.6825,3.4475],[98.6835,3.442],[98.6835,3.4405]]]},"properties":{"code":"12.07.07.2012","name":"Sidodadi","latitude":3.444578956115266,"longitude":98.68872518637235}},{"type":"Feature","geometry":{"type":"Polygon","coordinates":[[[98.6835,3.474],[98.6815,3.475],[98.6815,3.4745],[98.682,3.474],[98.681,3.4665],[98.68,3.4635],[98.6795,3.463],[98.6865,3.4625],[98.693,3.459],[98.701,3.474],[98.6975,3.474],[98.6885,3.4745],[98.6885,3.474],[98.6835,3.474]]]},"properties":{"code":"12.07.07.2013","name":"Sidomulyo","latitude":3.467666535399369,"longitude":98.69003358494007}},{"type":"Feature","geometry":{"type":"Polygon","coordinates":[[[98.6705,3.425],[98.679,3.4305],[98.676,3.4335],[98.668,3.435],[98.669,3.434],[98.6705,3.426],[98.6705,3.425]]]},"properties":{"code":"12.07.07.2014","name":"Selamat","latitude":3.428221005626835,"longitude":98.67447926062373}},{"type":"Feature","geometry":{"type":"Polygon","coordinates":[[[98.681,3.3625],[98.6805,3.371],[98.679,3.3705],[98.6765,3.3705],[98.6715,3.367],[98.6605,3.362],[98.66,3.361],[98.6595,3.36],[98.6585,3.36],[98.648,3.3665],[98.6455,3.369],[98.644,3.3705],[98.642,3.3695],[98.6395,3.37],[98.626,3.3495],[98.6375,3.335],[98.65,3.332],[98.6655,3.344],[98.669,3.3445],[98.671,3.345],[98.672,3.345],[98.6735,3.345],[98.674,3.345],[98.674,3.3465],[98.673,3.348],[98.677,3.352],[98.681,3.3625]]]},"properties":{"code":"12.07.07.2015","name":"Sarilaba Jahe","latitude":3.351833440725426,"longitude":98.65311432596303}},{"type":"Feature","geometry":{"type":"Polygon","coordinates":[[[98.6805,3.381],[98.6795,3.376],[98.662,3.382],[98.659,3.378],[98.674,3.37],[98.6765,3.3705],[98.679,3.3705],[98.6835,3.373],[98.685,3.377],[98.683,3.381],[98.6805,3.381]]]},"properties":{"code":"12.07.07.2016","name":"Tanjung Sena","latitude":3.3758352262133555,"longitude":98.67320511104522}},{"type":"Feature","geometry":{"type":"Polygon","coordinates":[[[98.699,3.4215],[98.679,3.4205],[98.6785,3.42],[98.673,3.414],[98.673,3.4125],[98.666,3.408],[98.665,3.408],[98.6655,3.407],[98.6705,3.4045],[98.6905,3.3955],[98.702,3.4165],[98.699,3.4185],[98.699,3.4205],[98.699,3.4215]]]},"properties":{"code":"12.07.07.2017","name":"Namo Tualang","latitude":3.410346290394463,"longitude":98.68621922193704}},{"type":"Feature","geometry":{"type":"Polygon","coordinates":[[[98.731,3.408],[98.723,3.4035],[98.7115,3.3865],[98.709,3.383],[98.7095,3.383],[98.7095,3.3825],[98.7095,3.381],[98.7105,3.3795],[98.7105,3.3785],[98.715,3.3785],[98.7195,3.3785],[98.727,3.3875],[98.728,3.387],[98.7275,3.389],[98.7295,3.393],[98.7295,3.3945],[98.73,3.3955],[98.7305,3.399],[98.7325,3.396],[98.733,3.396],[98.7335,3.398],[98.7365,3.406],[98.7365,3.4085],[98.731,3.408]]]},"properties":{"code":"12.07.08.2001","name":"Talun Kenas","latitude":3.3926501244551415,"longitude":98.72314674101565}},{"type":"Feature","geometry":{"type":"Polygon","coordinates":[[[98.7105,3.3785],[98.684,3.3795],[98.685,3.377],[98.6835,3.373],[98.6805,3.371],[98.681,3.3625],[98.704,3.3635],[98.7075,3.364],[98.7095,3.365],[98.711,3.366],[98.7125,3.3655],[98.721,3.349],[98.7225,3.3455],[98.7205,3.34],[98.7175,3.336],[98.7225,3.3295],[98.7225,3.3255],[98.7315,3.3275],[98.7315,3.326],[98.757,3.321],[98.757,3.322],[98.758,3.323],[98.7585,3.3275],[98.759,3.33],[98.76,3.3315],[98.762,3.333],[98.767,3.338],[98.7685,3.34],[98.768,3.34],[98.7635,3.3405],[98.7605,3.337],[98.75,3.347],[98.752,3.3515],[98.7555,3.357],[98.7475,3.3615],[98.7515,3.375],[98.7565,3.3755],[98.758,3.3785],[98.7455,3.377],[98.7255,3.378],[98.715,3.3785],[98.7105,3.3785]]]},"properties":{"code":"12.07.08.2002","name":"Gunung Rintih","latitude":3.3547665169111665,"longitude":98.72855570480849}},{"type":"Feature","geometry":{"type":"Polygon","coordinates":[[[98.731,3.408],[98.7385,3.421],[98.721,3.4195],[98.718,3.419],[98.7135,3.419],[98.714,3.4185],[98.7135,3.4165],[98.712,3.4135],[98.7005,3.404],[98.699,3.3955],[98.7,3.3925],[98.7055,3.3835],[98.7075,3.3825],[98.708,3.382],[98.7095,3.382],[98.7095,3.3825],[98.709,3.383],[98.7115,3.3865],[98.723,3.4035],[98.731,3.408]]]},"properties":{"code":"12.07.08.2003","name":"Sumbul","latitude":3.403927221332007,"longitude":98.71555293758941}},{"type":"Feature","geometry":{"type":"Polygon","coordinates":[[[98.767,3.4895],[98.7375,3.485],[98.7395,3.4695],[98.7385,3.467],[98.738,3.466],[98.7335,3.466],[98.7335,3.461],[98.748,3.449],[98.767,3.436],[98.7655,3.438],[98.768,3.4395],[98.7685,3.44],[98.7665,3.444],[98.768,3.4445],[98.767,3.445],[98.768,3.449],[98.7725,3.4515],[98.773,3.4555],[98.7725,3.457],[98.775,3.4605],[98.775,3.463],[98.7755,3.4635],[98.7775,3.465],[98.7785,3.465],[98.7785,3.466],[98.777,3.469],[98.7755,3.473],[98.772,3.4735],[98.7685,3.489],[98.767,3.4895]]]},"properties":{"code":"12.07.08.2004","name":"Tadukan Raga","latitude":3.4670539205827087,"longitude":98.75622009647638}},{"type":"Feature","geometry":{"type":"Polygon","coordinates":[[[98.767,3.436],[98.748,3.449],[98.735,3.4595],[98.734,3.4595],[98.7335,3.4585],[98.7325,3.4585],[98.732,3.458],[98.7295,3.4575],[98.7295,3.456],[98.731,3.4525],[98.7285,3.4475],[98.729,3.446],[98.7245,3.4395],[98.723,3.439],[98.7215,3.439],[98.7205,3.439],[98.7205,3.4385],[98.721,3.4375],[98.72,3.436],[98.7185,3.4345],[98.7135,3.4205],[98.7135,3.419],[98.718,3.419],[98.721,3.4195],[98.7385,3.421],[98.7585,3.4175],[98.7775,3.418],[98.777,3.4255],[98.767,3.436]]]},"properties":{"code":"12.07.08.2005","name":"Limau Mungkur","latitude":3.4332875239768974,"longitude":98.74492667843009}},{"type":"Feature","geometry":{"type":"Polygon","coordinates":[[[98.7775,3.418],[98.7585,3.4175],[98.7385,3.421],[98.731,3.408],[98.7365,3.4085],[98.7365,3.406],[98.7335,3.398],[98.733,3.396],[98.7325,3.396],[98.7305,3.399],[98.73,3.3955],[98.7295,3.3945],[98.7295,3.393],[98.7275,3.389],[98.728,3.387],[98.727,3.3875],[98.7195,3.3785],[98.7255,3.378],[98.7455,3.377],[98.759,3.3785],[98.7605,3.3785],[98.7665,3.386],[98.7675,3.3865],[98.7685,3.388],[98.7685,3.3885],[98.7735,3.391],[98.777,3.395],[98.7775,3.418]]]},"properties":{"code":"12.07.08.2006","name":"Negara Beringin","latitude":3.3984384499428466,"longitude":98.75152845299273}},{"type":"Feature","geometry":{"type":"Polygon","coordinates":[[[98.81,3.4485],[98.801,3.445],[98.7745,3.445],[98.7725,3.451],[98.768,3.449],[98.767,3.445],[98.768,3.4445],[98.7665,3.444],[98.7685,3.44],[98.768,3.4395],[98.7655,3.438],[98.767,3.436],[98.777,3.4255],[98.7775,3.418],[98.777,3.395],[98.7735,3.391],[98.7685,3.3885],[98.7685,3.388],[98.7675,3.3865],[98.7745,3.3895],[98.7875,3.3945],[98.7955,3.396],[98.797,3.4],[98.8015,3.4045],[98.8015,3.4105],[98.804,3.415],[98.804,3.418],[98.8115,3.4255],[98.8165,3.4275],[98.821,3.4375],[98.821,3.443],[98.817,3.4435],[98.814,3.4415],[98.812,3.4395],[98.8105,3.4475],[98.81,3.4485]]]},"properties":{"code":"12.07.08.2007","name":"Lau Barus Baru","latitude":3.4244899605392263,"longitude":98.79089327946959}},{"type":"Feature","geometry":{"type":"Polygon","coordinates":[[[98.7845,3.376],[98.784,3.377],[98.7825,3.3785],[98.7855,3.394],[98.7745,3.3895],[98.7665,3.386],[98.7605,3.3785],[98.758,3.3785],[98.7565,3.3755],[98.7515,3.375],[98.7475,3.3615],[98.7555,3.357],[98.7575,3.3595],[98.762,3.3615],[98.7635,3.362],[98.768,3.363],[98.769,3.364],[98.77,3.363],[98.7705,3.364],[98.7785,3.3685],[98.7825,3.373],[98.783,3.3755],[98.7845,3.376]]]},"properties":{"code":"12.07.08.2008","name":"Juma Tombak","latitude":3.37476768666491,"longitude":98.76819433286254}},{"type":"Feature","geometry":{"type":"Polygon","coordinates":[[[98.7175,3.336],[98.7205,3.34],[98.7225,3.3455],[98.721,3.349],[98.7125,3.3655],[98.711,3.366],[98.7095,3.365],[98.7075,3.364],[98.704,3.3635],[98.681,3.3625],[98.677,3.352],[98.673,3.348],[98.674,3.3465],[98.674,3.345],[98.6745,3.3455],[98.681,3.3325],[98.6945,3.333],[98.696,3.326],[98.695,3.324],[98.6955,3.3225],[98.6985,3.3225],[98.7025,3.3235],[98.704,3.327],[98.707,3.3295],[98.712,3.334],[98.7145,3.335],[98.7175,3.336]]]},"properties":{"code":"12.07.08.2009","name":"Siguci","latitude":3.3468716448807947,"longitude":98.69955677727307}},{"type":"Feature","geometry":{"type":"Polygon","coordinates":[[[98.718,3.3045],[98.7175,3.306],[98.7175,3.309],[98.7175,3.3095],[98.7185,3.311],[98.7175,3.3125],[98.717,3.315],[98.717,3.316],[98.7165,3.3175],[98.7155,3.3165],[98.713,3.314],[98.7105,3.311],[98.7105,3.31],[98.7085,3.3095],[98.708,3.31],[98.7035,3.311],[98.7025,3.3115],[98.7,3.31],[98.6975,3.3065],[98.695,3.3035],[98.6915,3.301],[98.6895,3.2985],[98.6875,3.296],[98.688,3.295],[98.6885,3.2945],[98.6915,3.2935],[98.6935,3.292],[98.704,3.287],[98.7055,3.2885],[98.7055,3.2895],[98.707,3.293],[98.707,3.2935],[98.705,3.294],[98.718,3.3045]]]},"properties":{"code":"12.07.08.2010","name":"Kuta Jurung","latitude":3.302132254877586,"longitude":98.70434725160585}},{"type":"Feature","geometry":{"type":"Polygon","coordinates":[[[98.721,3.327],[98.7225,3.3295],[98.7175,3.336],[98.7145,3.335],[98.712,3.334],[98.707,3.3295],[98.704,3.327],[98.7025,3.3235],[98.6985,3.3225],[98.695,3.3215],[98.6875,3.3125],[98.6855,3.3085],[98.6925,3.3025],[98.695,3.3035],[98.6975,3.3065],[98.7,3.31],[98.7025,3.3115],[98.7035,3.311],[98.708,3.31],[98.7085,3.3095],[98.7105,3.31],[98.7105,3.311],[98.713,3.314],[98.7155,3.3165],[98.7165,3.3175],[98.718,3.3175],[98.721,3.3195],[98.7205,3.3245],[98.721,3.327]]]},"properties":{"code":"12.07.08.2011","name":"Tala Peta","latitude":3.319110030293064,"longitude":98.7049299899339}},{"type":"Feature","geometry":{"type":"Polygon","coordinates":[[[98.695,3.3215],[98.6955,3.3225],[98.695,3.324],[98.696,3.326],[98.6945,3.333],[98.6795,3.332],[98.675,3.3295],[98.6625,3.3115],[98.6655,3.301],[98.6705,3.299],[98.6735,3.3005],[98.6765,3.3005],[98.683,3.305],[98.684,3.307],[98.6845,3.308],[98.6875,3.3125],[98.695,3.3215]]]},"properties":{"code":"12.07.08.2012","name":"Lau Rakit","latitude":3.316988868824434,"longitude":98.6786093986988}},{"type":"Feature","geometry":{"type":"Polygon","coordinates":[[[98.6625,3.3115],[98.6505,3.307],[98.647,3.3],[98.6305,3.2905],[98.6105,3.2745],[98.613,3.2715],[98.613,3.271],[98.619,3.276],[98.623,3.275],[98.633,3.269],[98.645,3.2725],[98.659,3.287],[98.673,3.291],[98.6745,3.298],[98.67,3.299],[98.6655,3.301],[98.6625,3.3115]]]},"properties":{"code":"12.07.08.2013","name":"Penungkiren","latitude":3.287937927040742,"longitude":98.64532731529154}},{"type":"Feature","geometry":{"type":"Polygon","coordinates":[[[98.6915,3.301],[98.6925,3.3025],[98.6855,3.3085],[98.6845,3.308],[98.684,3.307],[98.683,3.305],[98.6765,3.3005],[98.6735,3.3005],[98.6705,3.299],[98.6745,3.298],[98.673,3.291],[98.659,3.287],[98.645,3.2725],[98.633,3.269],[98.623,3.275],[98.619,3.276],[98.613,3.271],[98.6135,3.27],[98.6125,3.267],[98.618,3.254],[98.607,3.2525],[98.6135,3.2465],[98.6125,3.24],[98.6155,3.2415],[98.616,3.242],[98.6225,3.2435],[98.6285,3.247],[98.6375,3.243],[98.64,3.2325],[98.6495,3.2555],[98.6555,3.2555],[98.6805,3.282],[98.6825,3.284],[98.6865,3.287],[98.687,3.296],[98.6875,3.296],[98.6895,3.2985],[98.6915,3.301]]]},"properties":{"code":"12.07.08.2014","name":"Rambai","latitude":3.2683819851680256,"longitude":98.64944211674485}},{"type":"Feature","geometry":{"type":"Polygon","coordinates":[[[98.77,3.363],[98.769,3.364],[98.768,3.363],[98.7635,3.362],[98.762,3.3615],[98.7575,3.3595],[98.752,3.3515],[98.75,3.347],[98.7605,3.337],[98.7635,3.3405],[98.758,3.341],[98.758,3.343],[98.76,3.3465],[98.761,3.348],[98.769,3.349],[98.7685,3.349],[98.768,3.3495],[98.771,3.3625],[98.77,3.363]]]},"properties":{"code":"12.07.08.2015","name":"Lau Rempak","latitude":3.352214169894703,"longitude":98.76067001887168}},{"type":"Feature","geometry":{"type":"Polygon","coordinates":[[[98.8455,3.3865],[98.841,3.396],[98.838,3.394],[98.8355,3.3945],[98.8325,3.3795],[98.833,3.3785],[98.8335,3.3725],[98.8335,3.365],[98.8345,3.363],[98.834,3.3625],[98.8345,3.3615],[98.834,3.3615],[98.834,3.3605],[98.836,3.3625],[98.851,3.3625],[98.855,3.364],[98.8555,3.361],[98.856,3.3605],[98.8575,3.3645],[98.8555,3.3645],[98.8545,3.365],[98.851,3.3695],[98.851,3.3715],[98.844,3.378],[98.8455,3.3865]]]},"properties":{"code":"12.07.09.2001","name":"Bah Perak","latitude":3.3758546015442685,"longitude":98.84023758177254}},{"type":"Feature","geometry":{"type":"Polygon","coordinates":[[[98.867,3.3605],[98.8665,3.3605],[98.86,3.362],[98.8585,3.3635],[98.8575,3.3645],[98.855,3.358],[98.8575,3.3465],[98.868,3.3475],[98.8705,3.348],[98.87,3.3505],[98.867,3.3535],[98.867,3.3605]]]},"properties":{"code":"12.07.09.2002","name":"Bandar Kwala","latitude":3.3532522284018462,"longitude":98.86180183222879}},{"type":"Feature","geometry":{"type":"Polygon","coordinates":[[[98.8155,3.3415],[98.8155,3.341],[98.811,3.34],[98.7975,3.345],[98.797,3.346],[98.794,3.346],[98.7855,3.34],[98.7825,3.3405],[98.776,3.3405],[98.7745,3.3405],[98.7765,3.328],[98.7775,3.324],[98.7805,3.32],[98.794,3.316],[98.8095,3.319],[98.8135,3.325],[98.815,3.3345],[98.815,3.336],[98.8155,3.3375],[98.816,3.3405],[98.8155,3.3415]]]},"properties":{"code":"12.07.09.2003","name":"Bah Balua","latitude":3.3305239842744103,"longitude":98.79507153030913}},{"type":"Feature","geometry":{"type":"Polygon","coordinates":[[[98.779,3.3225],[98.7775,3.324],[98.778,3.323],[98.7625,3.3225],[98.763,3.324],[98.761,3.323],[98.7605,3.3225],[98.7575,3.3175],[98.76,3.315],[98.765,3.315],[98.7765,3.3145],[98.779,3.3225]]]},"properties":{"code":"12.07.09.2005","name":"Bandar Gugung","latitude":3.319057737669946,"longitude":98.76848769980916}},{"type":"Feature","geometry":{"type":"Polygon","coordinates":[[[98.7745,3.3405],[98.773,3.341],[98.7685,3.34],[98.767,3.338],[98.762,3.333],[98.76,3.3315],[98.759,3.33],[98.7585,3.3275],[98.758,3.323],[98.757,3.322],[98.757,3.321],[98.763,3.3245],[98.7625,3.3225],[98.778,3.323],[98.7765,3.328],[98.7745,3.3405]]]},"properties":{"code":"12.07.09.2006","name":"Bandar Meriah","latitude":3.3300452448654245,"longitude":98.76831857819872}},{"type":"Feature","geometry":{"type":"Polygon","coordinates":[[[98.817,3.399],[98.812,3.3995],[98.812,3.3985],[98.813,3.398],[98.814,3.396],[98.8155,3.3885],[98.8145,3.3795],[98.813,3.376],[98.817,3.3735],[98.8175,3.3745],[98.8255,3.3745],[98.8265,3.3745],[98.8335,3.3725],[98.833,3.3785],[98.8325,3.3795],[98.8355,3.3945],[98.8345,3.395],[98.817,3.399]]]},"properties":{"code":"12.07.09.2007","name":"Batu Gingging","latitude":3.3863578161351824,"longitude":98.82349277944745}},{"type":"Feature","geometry":{"type":"Polygon","coordinates":[[[98.8265,3.3745],[98.8255,3.3745],[98.8175,3.3745],[98.817,3.3735],[98.813,3.376],[98.8115,3.3735],[98.8095,3.37],[98.812,3.368],[98.812,3.366],[98.824,3.3665],[98.8265,3.3745]]]},"properties":{"code":"12.07.09.2008","name":"Bangun Purba","latitude":3.370606179462246,"longitude":98.81762721491822}},{"type":"Feature","geometry":{"type":"Polygon","coordinates":[[[98.812,3.366],[98.812,3.3665],[98.7965,3.354],[98.796,3.354],[98.796,3.3535],[98.7965,3.3515],[98.7965,3.347],[98.7975,3.345],[98.811,3.34],[98.8155,3.341],[98.8155,3.3415],[98.815,3.342],[98.8165,3.3425],[98.816,3.3495],[98.816,3.3515],[98.816,3.3525],[98.8155,3.353],[98.8145,3.355],[98.812,3.366]]]},"properties":{"code":"12.07.09.2009","name":"Bangun Purba Tengah","latitude":3.351500736823181,"longitude":98.8074935883512}},{"type":"Feature","geometry":{"type":"Polygon","coordinates":[[[98.8305,3.417],[98.8145,3.4185],[98.8145,3.417],[98.806,3.414],[98.803,3.4105],[98.8015,3.4105],[98.8015,3.4045],[98.797,3.4],[98.7965,3.3995],[98.817,3.399],[98.8175,3.4005],[98.82,3.401],[98.823,3.404],[98.8305,3.417]]]},"properties":{"code":"12.07.09.2010","name":"Begerpang","latitude":3.4090006801869293,"longitude":98.81514512016344}},{"type":"Feature","geometry":{"type":"Polygon","coordinates":[[[98.845,3.441],[98.8445,3.4405],[98.833,3.4405],[98.833,3.4395],[98.8315,3.439],[98.8295,3.439],[98.828,3.44],[98.8265,3.441],[98.825,3.44],[98.822,3.4405],[98.821,3.4395],[98.821,3.4375],[98.8165,3.4275],[98.8115,3.4255],[98.804,3.418],[98.804,3.415],[98.8015,3.4105],[98.803,3.4105],[98.806,3.414],[98.8145,3.417],[98.8145,3.4185],[98.8305,3.417],[98.8445,3.423],[98.8425,3.4235],[98.8435,3.424],[98.8415,3.4255],[98.8405,3.425],[98.8365,3.4245],[98.8265,3.4255],[98.8265,3.4265],[98.829,3.4275],[98.8465,3.4315],[98.8475,3.4345],[98.8455,3.438],[98.8455,3.439],[98.8445,3.4405],[98.845,3.441]]]},"properties":{"code":"12.07.09.2011","name":"Batu Rata","latitude":3.428042789559672,"longitude":98.82689998287273}},{"type":"Feature","geometry":{"type":"Polygon","coordinates":[[[98.812,3.3995],[98.8115,3.399],[98.7965,3.3995],[98.7955,3.396],[98.7875,3.3945],[98.7855,3.394],[98.7825,3.3785],[98.784,3.377],[98.7845,3.375],[98.784,3.374],[98.8095,3.37],[98.8115,3.3735],[98.8145,3.3795],[98.8155,3.3885],[98.814,3.396],[98.813,3.398],[98.812,3.3985],[98.812,3.3995]]]},"properties":{"code":"12.07.09.2012","name":"Cimahi","latitude":3.3847645999963967,"longitude":98.80023812476291}},{"type":"Feature","geometry":{"type":"Polygon","coordinates":[[[98.8335,3.3725],[98.8265,3.3745],[98.824,3.3665],[98.812,3.366],[98.8145,3.355],[98.8155,3.353],[98.816,3.3525],[98.816,3.3515],[98.8205,3.3515],[98.82,3.352],[98.827,3.3635],[98.834,3.3605],[98.834,3.3615],[98.8345,3.3615],[98.834,3.3625],[98.8345,3.363],[98.8335,3.365],[98.8335,3.3725]]]},"properties":{"code":"12.07.09.2014","name":"Damak Maliho","latitude":3.362895955929819,"longitude":98.82233165570615}},{"type":"Feature","geometry":{"type":"Polygon","coordinates":[[[98.8095,3.37],[98.784,3.374],[98.7845,3.3745],[98.7845,3.376],[98.783,3.3755],[98.7825,3.373],[98.7785,3.3685],[98.7705,3.364],[98.771,3.3625],[98.768,3.3495],[98.7685,3.349],[98.769,3.349],[98.769,3.345],[98.7745,3.3445],[98.7905,3.355],[98.7965,3.354],[98.812,3.3665],[98.812,3.368],[98.8095,3.37]]]},"properties":{"code":"12.07.09.2015","name":"Greahan","latitude":3.3609450123878033,"longitude":98.78672772937963}},{"type":"Feature","geometry":{"type":"Polygon","coordinates":[[[98.8605,3.388],[98.8575,3.3885],[98.8555,3.389],[98.8455,3.3865],[98.844,3.378],[98.851,3.3715],[98.851,3.3705],[98.854,3.3715],[98.8575,3.372],[98.859,3.369],[98.8655,3.3715],[98.867,3.373],[98.859,3.3765],[98.8615,3.3835],[98.861,3.386],[98.8605,3.388]]]},"properties":{"code":"12.07.09.2017","name":"Marombun Ujung Jawi","latitude":3.378388484385779,"longitude":98.85365590579818}},{"type":"Feature","geometry":{"type":"Polygon","coordinates":[[[98.8745,3.389],[98.862,3.3895],[98.861,3.3895],[98.8615,3.388],[98.8605,3.388],[98.861,3.386],[98.8615,3.3835],[98.859,3.3765],[98.867,3.373],[98.8655,3.3715],[98.859,3.369],[98.8575,3.372],[98.854,3.3715],[98.851,3.3705],[98.851,3.3695],[98.8545,3.365],[98.8555,3.3645],[98.8575,3.365],[98.8585,3.3635],[98.86,3.362],[98.8665,3.3605],[98.868,3.3615],[98.868,3.367],[98.869,3.3735],[98.869,3.377],[98.877,3.387],[98.878,3.389],[98.877,3.389],[98.876,3.388],[98.8745,3.389]]]},"properties":{"code":"12.07.09.2018","name":"Marombun Barat","latitude":3.3745597122699644,"longitude":98.86376157754201}},{"type":"Feature","geometry":{"type":"Polygon","coordinates":[[[98.81,3.32],[98.8095,3.319],[98.794,3.316],[98.7805,3.32],[98.779,3.3225],[98.7765,3.3145],[98.7845,3.305],[98.797,3.2995],[98.8135,3.308],[98.814,3.3085],[98.8145,3.3155],[98.814,3.32],[98.81,3.32]]]},"properties":{"code":"12.07.09.2019","name":"Mabar","latitude":3.3103284559407054,"longitude":98.79467961525322}},{"type":"Feature","geometry":{"type":"Polygon","coordinates":[[[98.7965,3.354],[98.7905,3.355],[98.7745,3.3445],[98.769,3.345],[98.769,3.349],[98.761,3.348],[98.76,3.3465],[98.758,3.343],[98.758,3.341],[98.768,3.34],[98.7685,3.34],[98.773,3.341],[98.776,3.3405],[98.7825,3.3405],[98.7855,3.34],[98.794,3.346],[98.797,3.346],[98.7965,3.347],[98.7965,3.3515],[98.796,3.3535],[98.796,3.354],[98.7965,3.354]]]},"properties":{"code":"12.07.09.2020","name":"Perguroan","latitude":3.3458497100286713,"longitude":98.77926612998418}},{"type":"Feature","geometry":{"type":"Polygon","coordinates":[[[98.761,3.3115],[98.752,3.3145],[98.7475,3.313],[98.7425,3.306],[98.7445,3.3005],[98.7515,3.2905],[98.7555,3.284],[98.769,3.278],[98.776,3.289],[98.769,3.3065],[98.761,3.3115]]]},"properties":{"code":"12.07.09.2023","name":"Rumah Deleng","latitude":3.2967531105746946,"longitude":98.76011995492107}},{"type":"Feature","geometry":{"type":"Polygon","coordinates":[[[98.838,3.3455],[98.8345,3.341],[98.822,3.3385],[98.822,3.33],[98.818,3.3325],[98.8175,3.336],[98.815,3.3355],[98.815,3.3345],[98.8135,3.325],[98.81,3.32],[98.814,3.32],[98.8145,3.3155],[98.814,3.3085],[98.815,3.311],[98.831,3.319],[98.833,3.3215],[98.8335,3.3255],[98.837,3.333],[98.843,3.3385],[98.844,3.339],[98.844,3.34],[98.844,3.3415],[98.838,3.3455]]]},"properties":{"code":"12.07.09.2024","name":"Sibaganding","latitude":3.3294638686753046,"longitude":98.82664670642559}},{"type":"Feature","geometry":{"type":"Polygon","coordinates":[[[98.8465,3.423],[98.8445,3.423],[98.8305,3.417],[98.823,3.404],[98.82,3.401],[98.8175,3.4005],[98.817,3.399],[98.8345,3.395],[98.838,3.394],[98.841,3.396],[98.8405,3.4095],[98.8465,3.423]]]},"properties":{"code":"12.07.09.2025","name":"Sialang","latitude":3.406750308602584,"longitude":98.83415367342612}},{"type":"Feature","geometry":{"type":"Polygon","coordinates":[[[98.838,3.3455],[98.827,3.352],[98.8215,3.3515],[98.816,3.3515],[98.816,3.3495],[98.8165,3.3425],[98.815,3.342],[98.816,3.3405],[98.8155,3.3375],[98.815,3.3355],[98.8175,3.336],[98.818,3.3325],[98.822,3.33],[98.822,3.3385],[98.8345,3.341],[98.838,3.3455]]]},"properties":{"code":"12.07.09.2027","name":"Sukaluwei","latitude":3.344194600785874,"longitude":98.82516475227021}},{"type":"Feature","geometry":{"type":"Polygon","coordinates":[[[98.8555,3.389],[98.852,3.39],[98.8505,3.4225],[98.8515,3.423],[98.8465,3.423],[98.8405,3.4095],[98.841,3.396],[98.8455,3.3865],[98.8555,3.389]]]},"properties":{"code":"12.07.09.2030","name":"Tanjung Purba","latitude":3.4021809238238454,"longitude":98.84667217461711}},{"type":"Feature","geometry":{"type":"Polygon","coordinates":[[[98.834,3.3605],[98.827,3.3635],[98.82,3.352],[98.8205,3.3515],[98.827,3.352],[98.838,3.3455],[98.844,3.3415],[98.844,3.34],[98.844,3.339],[98.8455,3.3405],[98.8575,3.3465],[98.855,3.358],[98.856,3.3605],[98.8555,3.361],[98.855,3.364],[98.851,3.3625],[98.836,3.3625],[98.834,3.3605]]]},"properties":{"code":"12.07.09.2032","name":"Urung Ganjang","latitude":3.353723187184382,"longitude":98.84240721462393}},{"type":"Feature","geometry":{"type":"Polygon","coordinates":[[[98.8465,3.4315],[98.829,3.4275],[98.8265,3.4265],[98.8265,3.4255],[98.8365,3.4245],[98.8405,3.425],[98.8415,3.4255],[98.8435,3.424],[98.845,3.4255],[98.845,3.4275],[98.846,3.4295],[98.8465,3.4315]]]},"properties":{"code":"12.07.09.2033","name":"Ujung Rambe","latitude":3.4280767946803277,"longitude":98.83605593624803}},{"type":"Feature","geometry":{"type":"Polygon","coordinates":[[[98.9075,3.4165],[98.905,3.4265],[98.895,3.4355],[98.893,3.436],[98.894,3.4315],[98.895,3.43],[98.895,3.426],[98.901,3.422],[98.9035,3.418],[98.9035,3.417],[98.9035,3.416],[98.907,3.416],[98.9075,3.4165]]]},"properties":{"code":"12.07.19.1038","name":"Galang Kota","latitude":3.4269822168793067,"longitude":98.90019346190424}},{"type":"Feature","geometry":{"type":"Polygon","coordinates":[[[98.8735,3.4595],[98.867,3.4585],[98.8665,3.4575],[98.8685,3.4565],[98.869,3.4555],[98.8685,3.4535],[98.868,3.4535],[98.8665,3.4515],[98.8665,3.4505],[98.867,3.451],[98.8685,3.4505],[98.869,3.45],[98.8685,3.446],[98.8685,3.445],[98.8675,3.4445],[98.867,3.4435],[98.865,3.442],[98.8645,3.441],[98.864,3.4405],[98.862,3.4375],[98.863,3.435],[98.862,3.4345],[98.8625,3.4335],[98.863,3.4335],[98.8635,3.4325],[98.8635,3.431],[98.8685,3.436],[98.8695,3.437],[98.872,3.439],[98.871,3.441],[98.8735,3.4595]]]},"properties":{"code":"12.07.19.2001","name":"Tanjung Gusti","latitude":3.446278368475079,"longitude":98.86932556213793}},{"type":"Feature","geometry":{"type":"Polygon","coordinates":[[[98.917,3.3685],[98.9205,3.384],[98.9205,3.3845],[98.918,3.3835],[98.9125,3.3745],[98.9125,3.3735],[98.917,3.3685]]]},"properties":{"code":"12.07.19.2002","name":"Baru Titi Besi","latitude":3.3749949784237026,"longitude":98.91609211403801}},{"type":"Feature","geometry":{"type":"Polygon","coordinates":[[[98.919,3.384],[98.909,3.3855],[98.891,3.378],[98.8885,3.3765],[98.887,3.3745],[98.888,3.3645],[98.889,3.363],[98.8915,3.3605],[98.8975,3.3615],[98.907,3.361],[98.9145,3.362],[98.917,3.3685],[98.9125,3.3735],[98.9125,3.3745],[98.918,3.3835],[98.919,3.384]]]},"properties":{"code":"12.07.19.2003","name":"Bandar Kuala","latitude":3.3717297079969124,"longitude":98.90284224160304}},{"type":"Feature","geometry":{"type":"Polygon","coordinates":[[[98.832,3.4875],[98.817,3.4925],[98.81,3.482],[98.8085,3.48],[98.8075,3.47],[98.8065,3.47],[98.8055,3.4695],[98.805,3.4635],[98.8045,3.4605],[98.804,3.458],[98.81,3.449],[98.8105,3.4475],[98.812,3.4395],[98.814,3.4415],[98.818,3.4445],[98.8185,3.4455],[98.818,3.4485],[98.8185,3.4495],[98.819,3.4495],[98.8205,3.45],[98.8385,3.4595],[98.8415,3.4605],[98.8425,3.462],[98.8535,3.486],[98.853,3.4895],[98.8485,3.489],[98.832,3.4875]]]},"properties":{"code":"12.07.19.2004","name":"Batu Lokong","latitude":3.469860005023967,"longitude":98.82549206630608}},{"type":"Feature","geometry":{"type":"Polygon","coordinates":[[[98.893,3.436],[98.8815,3.4475],[98.8785,3.4465],[98.8775,3.443],[98.877,3.4375],[98.8895,3.432],[98.8925,3.43],[98.8945,3.4305],[98.894,3.4315],[98.893,3.436]]]},"properties":{"code":"12.07.19.2005","name":"Galang Suka","latitude":3.439295646778096,"longitude":98.88444726380956}},{"type":"Feature","geometry":{"type":"Polygon","coordinates":[[[98.908,3.4165],[98.9075,3.4165],[98.907,3.416],[98.9015,3.416],[98.889,3.399],[98.878,3.39],[98.8775,3.3885],[98.877,3.387],[98.869,3.377],[98.869,3.3745],[98.887,3.3745],[98.8885,3.3765],[98.891,3.378],[98.909,3.3855],[98.9075,3.416],[98.908,3.4165]]]},"properties":{"code":"12.07.19.2006","name":"Galang Barat","latitude":3.391496978270462,"longitude":98.89274437673927}},{"type":"Feature","geometry":{"type":"Polygon","coordinates":[[[98.894,3.464],[98.8815,3.459],[98.88,3.4595],[98.88,3.45],[98.8815,3.4475],[98.893,3.436],[98.8925,3.4545],[98.8925,3.456],[98.8925,3.458],[98.893,3.459],[98.894,3.4605],[98.894,3.4615],[98.894,3.4625],[98.8945,3.4635],[98.894,3.464]]]},"properties":{"code":"12.07.19.2007","name":"Jaharun A","latitude":3.452041623155996,"longitude":98.8872523862395}},{"type":"Feature","geometry":{"type":"Polygon","coordinates":[[[98.894,3.464],[98.894,3.465],[98.894,3.466],[98.8955,3.4675],[98.8975,3.4685],[98.8965,3.481],[98.8965,3.485],[98.8955,3.487],[98.892,3.493],[98.884,3.491],[98.881,3.491],[98.8825,3.4885],[98.8835,3.4885],[98.883,3.4875],[98.884,3.4865],[98.8835,3.4685],[98.8795,3.466],[98.881,3.459],[98.8815,3.459],[98.894,3.464]]]},"properties":{"code":"12.07.19.2008","name":"Jaharun B","latitude":3.476336035659126,"longitude":98.88953425264498}},{"type":"Feature","geometry":{"type":"Polygon","coordinates":[[[98.8795,3.466],[98.8835,3.4685],[98.884,3.4865],[98.883,3.4875],[98.8835,3.4885],[98.8825,3.4885],[98.881,3.491],[98.8745,3.4905],[98.8745,3.486],[98.8715,3.4765],[98.8735,3.472],[98.8765,3.467],[98.8765,3.4655],[98.8795,3.466]]]},"properties":{"code":"12.07.19.2009","name":"Juhar Baru","latitude":3.477679878181172,"longitude":98.87869487504852}},{"type":"Feature","geometry":{"type":"Polygon","coordinates":[[[98.926,3.4775],[98.9215,3.4795],[98.9115,3.4755],[98.911,3.472],[98.9085,3.4515],[98.914,3.4505],[98.921,3.47],[98.926,3.4775]]]},"properties":{"code":"12.07.19.2012","name":"Kramat Gajah","latitude":3.465689680887138,"longitude":98.91593561699818}},{"type":"Feature","geometry":{"type":"Polygon","coordinates":[[[98.8745,3.486],[98.8695,3.489],[98.8625,3.489],[98.863,3.4895],[98.8615,3.4895],[98.8615,3.489],[98.86,3.488],[98.8585,3.487],[98.8585,3.4855],[98.8565,3.4785],[98.856,3.4775],[98.8555,3.476],[98.8715,3.4765],[98.8745,3.486]]]},"properties":{"code":"12.07.19.2013","name":"Kotasan","latitude":3.48249795130021,"longitude":98.86669845803732}},{"type":"Feature","geometry":{"type":"Polygon","coordinates":[[[98.9035,3.416],[98.9035,3.417],[98.9035,3.418],[98.901,3.422],[98.895,3.426],[98.895,3.43],[98.8945,3.4305],[98.8925,3.43],[98.891,3.4305],[98.886,3.426],[98.8715,3.407],[98.8745,3.389],[98.876,3.388],[98.877,3.389],[98.878,3.389],[98.878,3.39],[98.889,3.399],[98.9015,3.416],[98.9035,3.416]]]},"properties":{"code":"12.07.19.2015","name":"Kotangan","latitude":3.4102806206460357,"longitude":98.88582289694682}},{"type":"Feature","geometry":{"type":"Polygon","coordinates":[[[98.8555,3.435],[98.8545,3.436],[98.8535,3.4345],[98.848,3.4275],[98.845,3.4275],[98.8445,3.4255],[98.8425,3.4235],[98.8455,3.423],[98.8515,3.423],[98.8515,3.4235],[98.852,3.424],[98.854,3.4255],[98.8555,3.429],[98.856,3.4305],[98.856,3.4315],[98.8555,3.435]]]},"properties":{"code":"12.07.19.2016","name":"Kelapa Satu","latitude":3.4275246228221086,"longitude":98.85065104999823}},{"type":"Feature","geometry":{"type":"Polygon","coordinates":[[[98.846,3.5075],[98.8405,3.504],[98.84,3.5],[98.832,3.4875],[98.8485,3.489],[98.846,3.5075]]]},"properties":{"code":"12.07.19.2019","name":"Nogorejo","latitude":3.494565579606416,"longitude":98.84250274943707}},{"type":"Feature","geometry":{"type":"Polygon","coordinates":[[[98.887,3.3745],[98.869,3.3745],[98.869,3.3735],[98.868,3.367],[98.868,3.3615],[98.867,3.3605],[98.867,3.3535],[98.87,3.3505],[98.8705,3.348],[98.872,3.349],[98.8905,3.3605],[98.8915,3.3605],[98.889,3.363],[98.888,3.3645],[98.887,3.3745]]]},"properties":{"code":"12.07.19.2022","name":"Paku","latitude":3.363074753459198,"longitude":98.87726564291187}},{"type":"Feature","geometry":{"type":"Polygon","coordinates":[[[98.8635,3.4325],[98.863,3.4335],[98.8625,3.4335],[98.862,3.4345],[98.863,3.435],[98.8625,3.4365],[98.8555,3.435],[98.856,3.4315],[98.856,3.431],[98.8575,3.4315],[98.8635,3.4325]]]},"properties":{"code":"12.07.19.2023","name":"Petumbukan","latitude":3.433682314660676,"longitude":98.85923417766851}},{"type":"Feature","geometry":{"type":"Polygon","coordinates":[[[98.8625,3.4365],[98.862,3.4375],[98.864,3.4405],[98.8645,3.441],[98.865,3.442],[98.867,3.4435],[98.8675,3.4445],[98.8685,3.445],[98.8685,3.446],[98.869,3.45],[98.8685,3.4505],[98.867,3.451],[98.8665,3.4505],[98.8665,3.4515],[98.868,3.4535],[98.8685,3.4535],[98.869,3.4555],[98.8685,3.456],[98.857,3.454],[98.854,3.4395],[98.854,3.4385],[98.8545,3.4375],[98.8555,3.435],[98.8625,3.4365]]]},"properties":{"code":"12.07.19.2024","name":"Petangguhan","latitude":3.445941097500475,"longitude":98.86113098186722}},{"type":"Feature","geometry":{"type":"Polygon","coordinates":[[[98.8535,3.4345],[98.846,3.4415],[98.845,3.441],[98.8445,3.4405],[98.8455,3.439],[98.8455,3.438],[98.8475,3.4345],[98.8465,3.4315],[98.846,3.4295],[98.845,3.4275],[98.848,3.4275],[98.8535,3.4345]]]},"properties":{"code":"12.07.19.2025","name":"Pisang Pala","latitude":3.4338301314931523,"longitude":98.84899314103023}},{"type":"Feature","geometry":{"type":"Polygon","coordinates":[[[98.86,3.488],[98.8525,3.49],[98.853,3.489],[98.8535,3.486],[98.8425,3.462],[98.842,3.4615],[98.8545,3.4615],[98.855,3.4625],[98.8545,3.4755],[98.856,3.4775],[98.8565,3.4785],[98.8585,3.4855],[98.8585,3.487],[98.86,3.488]]]},"properties":{"code":"12.07.19.2026","name":"Paya Itik","latitude":3.471029153470177,"longitude":98.85122271042265}},{"type":"Feature","geometry":{"type":"Polygon","coordinates":[[[98.918,3.418],[98.912,3.4185],[98.9095,3.417],[98.9075,3.416],[98.909,3.3855],[98.919,3.384],[98.9205,3.3845],[98.9205,3.3855],[98.917,3.3895],[98.918,3.3915],[98.92,3.409],[98.9185,3.413],[98.918,3.418]]]},"properties":{"code":"12.07.19.2027","name":"Pulo Tagor Baru","latitude":3.401621945433406,"longitude":98.91383356475512}},{"type":"Feature","geometry":{"type":"Polygon","coordinates":[[[98.8715,3.407],[98.857,3.403],[98.8565,3.4065],[98.862,3.416],[98.862,3.4255],[98.8615,3.429],[98.863,3.4315],[98.8625,3.432],[98.856,3.431],[98.856,3.4305],[98.8555,3.429],[98.854,3.4255],[98.852,3.424],[98.8515,3.4235],[98.8515,3.4225],[98.8505,3.4225],[98.852,3.39],[98.8575,3.3885],[98.8615,3.388],[98.861,3.3895],[98.862,3.3895],[98.8745,3.389],[98.8715,3.407]]]},"properties":{"code":"12.07.19.2028","name":"Paya Kuda","latitude":3.405065712158925,"longitude":98.86036494451994}},{"type":"Feature","geometry":{"type":"Polygon","coordinates":[[[98.8765,3.4655],[98.8765,3.467],[98.8735,3.472],[98.8715,3.4765],[98.8555,3.476],[98.8545,3.4755],[98.855,3.4625],[98.8545,3.462],[98.857,3.454],[98.8685,3.456],[98.8685,3.4565],[98.8665,3.4575],[98.867,3.4585],[98.8735,3.4595],[98.8765,3.4655]]]},"properties":{"code":"12.07.19.2029","name":"Paya Sampir","latitude":3.4660144247822537,"longitude":98.8638886630735}},{"type":"Feature","geometry":{"type":"Polygon","coordinates":[[[98.886,3.426],[98.879,3.4285],[98.876,3.43],[98.877,3.4335],[98.874,3.4405],[98.8725,3.438],[98.872,3.439],[98.8695,3.437],[98.8685,3.436],[98.8635,3.431],[98.8635,3.4325],[98.8625,3.432],[98.863,3.4315],[98.8615,3.429],[98.862,3.4255],[98.862,3.416],[98.8565,3.4065],[98.857,3.403],[98.8715,3.407],[98.886,3.426]]]},"properties":{"code":"12.07.19.2030","name":"Sei Putih","latitude":3.420445049885602,"longitude":98.86993215594661}},{"type":"Feature","geometry":{"type":"Polygon","coordinates":[[[98.8775,3.4425],[98.8745,3.4415],[98.874,3.4405],[98.877,3.4335],[98.876,3.43],[98.879,3.4285],[98.886,3.426],[98.891,3.4305],[98.8895,3.432],[98.877,3.4375],[98.8775,3.4425]]]},"properties":{"code":"12.07.19.2031","name":"Sei Karang","latitude":3.4329566157379476,"longitude":98.88241752304583}},{"type":"Feature","geometry":{"type":"Polygon","coordinates":[[[98.911,3.474],[98.9085,3.475],[98.905,3.477],[98.904,3.479],[98.9055,3.485],[98.896,3.494],[98.892,3.493],[98.8955,3.487],[98.8965,3.485],[98.8965,3.481],[98.8975,3.4685],[98.8955,3.4675],[98.8945,3.4665],[98.894,3.4655],[98.894,3.4645],[98.8945,3.4635],[98.8945,3.463],[98.894,3.4615],[98.894,3.4605],[98.8935,3.46],[98.8925,3.4585],[98.8925,3.4575],[98.8925,3.455],[98.9085,3.4515],[98.911,3.472],[98.911,3.474]]]},"properties":{"code":"12.07.19.2034","name":"Tanah Abang","latitude":3.470357238266777,"longitude":98.90180101652346}},{"type":"Feature","geometry":{"type":"Polygon","coordinates":[[[98.9085,3.4515],[98.8925,3.455],[98.8925,3.4545],[98.893,3.436],[98.895,3.4355],[98.905,3.4265],[98.9075,3.4165],[98.908,3.4165],[98.9095,3.417],[98.912,3.4185],[98.918,3.418],[98.9165,3.4245],[98.914,3.4495],[98.914,3.4505],[98.9085,3.4515]]]},"properties":{"code":"12.07.19.2035","name":"Timbang Deli","latitude":3.437819234543559,"longitude":98.90606464910437}},{"type":"Feature","geometry":{"type":"Polygon","coordinates":[[[98.881,3.459],[98.8795,3.466],[98.8765,3.4655],[98.8735,3.4595],[98.871,3.441],[98.8725,3.438],[98.8745,3.4415],[98.8775,3.4425],[98.8775,3.443],[98.8785,3.4465],[98.88,3.45],[98.88,3.4595],[98.881,3.459]]]},"properties":{"code":"12.07.19.2036","name":"Tanah Merah","latitude":3.453040777099803,"longitude":98.87633153061668}},{"type":"Feature","geometry":{"type":"Polygon","coordinates":[[[98.857,3.454],[98.8545,3.462],[98.8545,3.4615],[98.842,3.4615],[98.8415,3.4605],[98.8385,3.4595],[98.8205,3.45],[98.8195,3.4495],[98.82,3.4495],[98.82,3.4475],[98.82,3.446],[98.8215,3.446],[98.821,3.443],[98.821,3.4395],[98.822,3.4405],[98.825,3.44],[98.8265,3.441],[98.828,3.44],[98.8295,3.439],[98.8315,3.439],[98.833,3.4395],[98.833,3.4405],[98.8445,3.4405],[98.8455,3.4415],[98.846,3.4415],[98.8535,3.4345],[98.8545,3.436],[98.8545,3.4375],[98.854,3.4385],[98.854,3.4395],[98.857,3.454]]]},"properties":{"code":"12.07.19.2037","name":"Tanjung Siporkis","latitude":3.4486226331581857,"longitude":98.83972496991065}},{"type":"Feature","geometry":{"type":"Polygon","coordinates":[[[98.713,3.2675],[98.702,3.269],[98.7025,3.2675],[98.7035,3.2565],[98.704,3.2545],[98.7055,3.253],[98.7085,3.2525],[98.7145,3.253],[98.717,3.2525],[98.7185,3.2525],[98.7205,3.2535],[98.7215,3.256],[98.7235,3.262],[98.713,3.2675]]]},"properties":{"code":"12.07.20.2001","name":"Tiga Juhar","latitude":3.259882579787024,"longitude":98.71190962652301}},{"type":"Feature","geometry":{"type":"Polygon","coordinates":[[[98.719,3.232],[98.7145,3.237],[98.714,3.2405],[98.7145,3.2445],[98.713,3.2455],[98.7065,3.2425],[98.706,3.242],[98.6955,3.23],[98.696,3.226],[98.698,3.223],[98.7005,3.223],[98.704,3.2225],[98.71,3.2255],[98.7135,3.227],[98.719,3.232]]]},"properties":{"code":"12.07.20.2002","name":"Tanjung Bampu","latitude":3.2326604665549192,"longitude":98.70693647710729}},{"type":"Feature","geometry":{"type":"Polygon","coordinates":[[[98.7355,3.215],[98.7115,3.219],[98.713,3.226],[98.71,3.2255],[98.704,3.2225],[98.7005,3.223],[98.698,3.223],[98.696,3.226],[98.6895,3.2085],[98.6895,3.2055],[98.69,3.204],[98.6935,3.2025],[98.6955,3.2],[98.696,3.2],[98.697,3.1985],[98.7,3.2005],[98.709,3.1935],[98.716,3.1905],[98.7235,3.188],[98.736,3.1945],[98.73,3.2],[98.7355,3.215]]]},"properties":{"code":"12.07.20.2003","name":"Rumah Rih","latitude":3.2070910366968484,"longitude":98.7124229741361}},{"type":"Feature","geometry":{"type":"Polygon","coordinates":[[[98.615,3.1805],[98.6045,3.1825],[98.6025,3.159],[98.6085,3.1515],[98.623,3.148],[98.664,3.1455],[98.676,3.1425],[98.6925,3.1445],[98.6975,3.146],[98.6995,3.1455],[98.7015,3.1645],[98.693,3.1645],[98.6905,3.164],[98.689,3.1695],[98.69,3.1725],[98.6895,3.173],[98.687,3.171],[98.685,3.171],[98.6775,3.1725],[98.6755,3.172],[98.674,3.172],[98.672,3.1715],[98.666,3.173],[98.6365,3.1705],[98.6185,3.1775],[98.615,3.1805]]]},"properties":{"code":"12.07.20.2004","name":"Liang Muda","latitude":3.1599934637564684,"longitude":98.65017019479474}},{"type":"Feature","geometry":{"type":"Polygon","coordinates":[[[98.7255,3.2425],[98.7265,3.2565],[98.726,3.2585],[98.7235,3.262],[98.7215,3.256],[98.7205,3.2535],[98.7185,3.2525],[98.717,3.2525],[98.7145,3.253],[98.7085,3.2525],[98.706,3.251],[98.707,3.2495],[98.707,3.2435],[98.7065,3.2425],[98.713,3.2455],[98.7145,3.2445],[98.714,3.2405],[98.7145,3.237],[98.719,3.232],[98.726,3.2295],[98.7255,3.2425]]]},"properties":{"code":"12.07.20.2005","name":"Durian Iv Mbelang","latitude":3.244895837252382,"longitude":98.71952012953314}},{"type":"Feature","geometry":{"type":"Polygon","coordinates":[[[98.757,3.321],[98.7315,3.326],[98.7315,3.3275],[98.7225,3.3255],[98.721,3.327],[98.7205,3.3245],[98.721,3.3195],[98.718,3.3175],[98.7165,3.3175],[98.717,3.316],[98.717,3.315],[98.7175,3.3125],[98.7185,3.311],[98.7175,3.3095],[98.7175,3.309],[98.7175,3.306],[98.719,3.3035],[98.7195,3.3025],[98.7215,3.3035],[98.723,3.302],[98.7255,3.2845],[98.724,3.2835],[98.7235,3.2825],[98.7355,3.2855],[98.736,3.288],[98.7395,3.2885],[98.752,3.2875],[98.753,3.2875],[98.753,3.2885],[98.7515,3.2905],[98.7445,3.3005],[98.7425,3.306],[98.7475,3.313],[98.752,3.3145],[98.761,3.3115],[98.7615,3.315],[98.76,3.315],[98.7575,3.3175],[98.7605,3.3225],[98.761,3.323],[98.763,3.324],[98.763,3.3245],[98.757,3.321]]]},"properties":{"code":"12.07.20.2006","name":"Tanah Gara Hulu","latitude":3.30710721426237,"longitude":98.73558504263038}},{"type":"Feature","geometry":{"type":"Polygon","coordinates":[[[98.758,3.2455],[98.7255,3.2425],[98.726,3.2295],[98.7395,3.2355],[98.752,3.236],[98.7525,3.237],[98.758,3.2455]]]},"properties":{"code":"12.07.20.2007","name":"Gunung Manumpak A","latitude":3.239507977536184,"longitude":98.74056335912834}},{"type":"Feature","geometry":{"type":"Polygon","coordinates":[[[98.693,3.1895],[98.6675,3.199],[98.6565,3.2],[98.6555,3.198],[98.6545,3.1965],[98.652,3.1935],[98.652,3.1925],[98.651,3.1895],[98.659,3.18],[98.6735,3.174],[98.674,3.1725],[98.6755,3.172],[98.6775,3.1725],[98.685,3.171],[98.687,3.171],[98.6895,3.173],[98.6915,3.176],[98.6925,3.1785],[98.694,3.1795],[98.6935,3.183],[98.693,3.1895]],[[98.6845,3.1845],[98.6875,3.18],[98.6795,3.174],[98.677,3.185],[98.6845,3.1845]]]},"properties":{"code":"12.07.20.2008","name":"Bah Bah Buntu","latitude":3.1867593951992075,"longitude":98.67149823319461}},{"type":"Feature","geometry":{"type":"Polygon","coordinates":[[[98.7235,3.188],[98.716,3.1905],[98.702,3.186],[98.7,3.1855],[98.696,3.1815],[98.6945,3.18],[98.6925,3.1785],[98.6915,3.176],[98.69,3.1725],[98.689,3.1695],[98.6905,3.164],[98.693,3.1645],[98.7015,3.1645],[98.7075,3.1665],[98.7105,3.1675],[98.712,3.178],[98.7235,3.188]]]},"properties":{"code":"12.07.20.2009","name":"Tanjung Muda","latitude":3.176325285754681,"longitude":98.70392019073546}},{"type":"Feature","geometry":{"type":"Polygon","coordinates":[[[98.6845,3.1845],[98.677,3.185],[98.6795,3.174],[98.6875,3.18],[98.6845,3.1845]]]},"properties":{"code":"12.07.20.2010","name":"Tanjung Raja","latitude":3.180466307856488,"longitude":98.68041101706628}},{"type":"Feature","geometry":{"type":"Polygon","coordinates":[[[98.6875,3.296],[98.687,3.296],[98.6865,3.287],[98.6825,3.284],[98.6805,3.282],[98.6555,3.2555],[98.6495,3.2555],[98.64,3.2325],[98.6485,3.2245],[98.657,3.2095],[98.673,3.225],[98.6795,3.239],[98.6895,3.247],[98.693,3.2805],[98.6935,3.2915],[98.6935,3.292],[98.6915,3.2935],[98.6885,3.2945],[98.688,3.295],[98.6875,3.296]]]},"properties":{"code":"12.07.20.2011","name":"Kuta Mbelin","latitude":3.2480082890321635,"longitude":98.66944833768986}},{"type":"Feature","geometry":{"type":"Polygon","coordinates":[[[98.7765,3.3145],[98.765,3.315],[98.7615,3.315],[98.761,3.3115],[98.769,3.3065],[98.776,3.289],[98.769,3.278],[98.7555,3.284],[98.753,3.2885],[98.753,3.2875],[98.752,3.2875],[98.7395,3.2885],[98.736,3.288],[98.7355,3.2855],[98.7235,3.2825],[98.7195,3.2805],[98.715,3.2765],[98.7155,3.2765],[98.715,3.2755],[98.714,3.2735],[98.713,3.2715],[98.713,3.2675],[98.7235,3.262],[98.726,3.2585],[98.7265,3.2565],[98.7255,3.2425],[98.758,3.2455],[98.773,3.2615],[98.773,3.263],[98.772,3.266],[98.7935,3.284],[98.7965,3.2885],[98.797,3.2895],[98.7965,3.2935],[98.797,3.2975],[98.797,3.2995],[98.7845,3.305],[98.7765,3.3145]]]},"properties":{"code":"12.07.20.2012","name":"Rumah Sumbul","latitude":3.273860940130459,"longitude":98.75463026660495}},{"type":"Feature","geometry":{"type":"Polygon","coordinates":[[[98.704,3.287],[98.6935,3.292],[98.6935,3.2915],[98.693,3.2805],[98.6895,3.247],[98.6795,3.239],[98.673,3.225],[98.6955,3.23],[98.706,3.242],[98.707,3.2435],[98.707,3.2495],[98.706,3.251],[98.7055,3.253],[98.704,3.2545],[98.7035,3.2565],[98.7025,3.2675],[98.702,3.269],[98.713,3.2675],[98.713,3.2715],[98.714,3.2735],[98.715,3.2755],[98.7155,3.2765],[98.713,3.2775],[98.7105,3.2785],[98.7025,3.2855],[98.704,3.287]]]},"properties":{"code":"12.07.20.2013","name":"Ranggit-Git","latitude":3.2561429653250844,"longitude":98.69595335549215}},{"type":"Feature","geometry":{"type":"Polygon","coordinates":[[[98.64,3.2325],[98.6375,3.243],[98.6285,3.247],[98.6225,3.2435],[98.616,3.242],[98.6155,3.2415],[98.6125,3.24],[98.61,3.227],[98.6165,3.2295],[98.624,3.23],[98.627,3.225],[98.6265,3.223],[98.622,3.208],[98.6125,3.195],[98.615,3.1805],[98.6185,3.1775],[98.6365,3.1705],[98.666,3.173],[98.672,3.1715],[98.674,3.172],[98.6755,3.172],[98.674,3.1725],[98.6735,3.174],[98.659,3.18],[98.651,3.1895],[98.652,3.1925],[98.652,3.1935],[98.6545,3.1965],[98.6555,3.198],[98.656,3.199],[98.6555,3.1995],[98.657,3.2075],[98.657,3.2095],[98.6485,3.2245],[98.64,3.2325]]]},"properties":{"code":"12.07.20.2014","name":"Liang Pematang","latitude":3.2029507025631427,"longitude":98.63578711834417}},{"type":"Feature","geometry":{"type":"Polygon","coordinates":[[[98.726,3.165],[98.719,3.167],[98.7125,3.168],[98.7075,3.1665],[98.7015,3.1645],[98.6995,3.1455],[98.702,3.145],[98.7105,3.144],[98.7105,3.142],[98.7105,3.141],[98.712,3.14],[98.7195,3.146],[98.7205,3.1475],[98.7215,3.1615],[98.7235,3.164],[98.725,3.1645],[98.726,3.165]]]},"properties":{"code":"12.07.20.2015","name":"Gunung Manumpak B","latitude":3.1551793451894445,"longitude":98.71110256801798}},{"type":"Feature","geometry":{"type":"Polygon","coordinates":[[[98.7235,3.2825],[98.724,3.2835],[98.7255,3.2845],[98.723,3.302],[98.7215,3.3035],[98.7195,3.3025],[98.719,3.3035],[98.718,3.3045],[98.705,3.294],[98.707,3.2935],[98.707,3.293],[98.7055,3.2895],[98.7055,3.2885],[98.7025,3.2855],[98.7105,3.2785],[98.715,3.2765],[98.7195,3.2805],[98.7235,3.2825]]]},"properties":{"code":"12.07.20.2016","name":"Rumah Lengo","latitude":3.2895190682337585,"longitude":98.7152920815175}},{"type":"Feature","geometry":{"type":"Polygon","coordinates":[[[98.7355,3.1675],[98.7275,3.1765],[98.73,3.1825],[98.736,3.1945],[98.7235,3.188],[98.712,3.178],[98.7105,3.1675],[98.7125,3.168],[98.719,3.167],[98.728,3.1645],[98.7355,3.1675]]]},"properties":{"code":"12.07.20.2017","name":"Sipinggan","latitude":3.17661546403628,"longitude":98.72401307041162}},{"type":"Feature","geometry":{"type":"Polygon","coordinates":[[[98.696,3.226],[98.6955,3.23],[98.673,3.225],[98.657,3.2095],[98.657,3.2075],[98.6555,3.1995],[98.656,3.199],[98.6565,3.2],[98.6675,3.199],[98.693,3.1895],[98.694,3.195],[98.6955,3.1975],[98.697,3.1985],[98.696,3.2],[98.6955,3.2],[98.6935,3.2025],[98.69,3.204],[98.6895,3.2055],[98.6895,3.2085],[98.696,3.226]]]},"properties":{"code":"12.07.20.2018","name":"Tanjung Timur","latitude":3.2088650965382572,"longitude":98.67854995528306}},{"type":"Feature","geometry":{"type":"Polygon","coordinates":[[[98.716,3.1905],[98.709,3.1935],[98.7,3.2005],[98.6955,3.1975],[98.694,3.195],[98.693,3.1895],[98.6935,3.183],[98.694,3.1795],[98.695,3.1805],[98.696,3.1815],[98.7,3.1855],[98.702,3.186],[98.716,3.1905]]]},"properties":{"code":"12.07.20.2019","name":"Durian Tinggung","latitude":3.190498062974806,"longitude":98.70176476784891}},{"type":"Feature","geometry":{"type":"Polygon","coordinates":[[[98.752,3.236],[98.7395,3.2355],[98.726,3.2295],[98.719,3.232],[98.7135,3.227],[98.713,3.226],[98.7115,3.219],[98.7355,3.215],[98.7375,3.225],[98.7505,3.234],[98.752,3.236]]]},"properties":{"code":"12.07.20.2020","name":"Sibunga Bunga Hilir","latitude":3.224592272496772,"longitude":98.72831612641055}},{"type":"Feature","geometry":{"type":"MultiPolygon","coordinates":[[[[98.7335,3.466],[98.7305,3.466],[98.7235,3.4585],[98.7245,3.456],[98.7285,3.4475],[98.731,3.4525],[98.7295,3.456],[98.7295,3.4575],[98.732,3.458],[98.7325,3.4585],[98.7335,3.4585],[98.734,3.4595],[98.735,3.4595],[98.7335,3.461],[98.7335,3.466]]],[[[98.713,3.457],[98.7125,3.461],[98.7105,3.4635],[98.71,3.4635],[98.7085,3.4655],[98.708,3.466],[98.7075,3.466],[98.7075,3.465],[98.7075,3.4635],[98.7095,3.4615],[98.701,3.452],[98.7005,3.448],[98.7045,3.436],[98.705,3.4345],[98.71,3.4345],[98.7105,3.4385],[98.706,3.4475],[98.713,3.457]]]]},"properties":{"code":"12.07.21.2001","name":"Lantasan Baru","latitude":3.4522084761219034,"longitude":98.71455314782476}},{"type":"Feature","geometry":{"type":"Polygon","coordinates":[[[98.724,3.4575],[98.713,3.457],[98.706,3.4475],[98.7105,3.4385],[98.7105,3.4375],[98.7125,3.4375],[98.713,3.4375],[98.7155,3.437],[98.7195,3.4355],[98.7205,3.4365],[98.721,3.4375],[98.721,3.438],[98.7205,3.4385],[98.7205,3.439],[98.7215,3.439],[98.723,3.439],[98.7245,3.4395],[98.729,3.446],[98.7285,3.4475],[98.7245,3.456],[98.724,3.4575]]]},"properties":{"code":"12.07.21.2002","name":"Patumbak I","latitude":3.4465587622242757,"longitude":98.71765552862364}},{"type":"Feature","geometry":{"type":"Polygon","coordinates":[[[98.7375,3.485],[98.7365,3.4905],[98.735,3.4915],[98.7095,3.4905],[98.7055,3.4905],[98.7115,3.4785],[98.711,3.466],[98.708,3.466],[98.7085,3.4655],[98.71,3.4635],[98.7105,3.4635],[98.7125,3.461],[98.713,3.457],[98.724,3.4575],[98.7235,3.4585],[98.7305,3.466],[98.738,3.466],[98.7385,3.467],[98.7395,3.4695],[98.7375,3.485]]]},"properties":{"code":"12.07.21.2003","name":"Patumbak Ii","latitude":3.476195249763406,"longitude":98.72262526928306}},{"type":"Feature","geometry":{"type":"Polygon","coordinates":[[[98.708,3.466],[98.711,3.466],[98.7115,3.4785],[98.7055,3.4905],[98.7045,3.4905],[98.696,3.4885],[98.696,3.487],[98.693,3.487],[98.693,3.477],[98.6885,3.477],[98.6885,3.4745],[98.6975,3.474],[98.702,3.474],[98.707,3.466],[98.708,3.466]]]},"properties":{"code":"12.07.21.2004","name":"Lantasan Lama","latitude":3.4787227550774875,"longitude":98.70187657293089}},{"type":"Feature","geometry":{"type":"Polygon","coordinates":[[[98.717,3.504],[98.711,3.504],[98.7085,3.503],[98.696,3.494],[98.696,3.4885],[98.7045,3.4905],[98.7095,3.4905],[98.735,3.4915],[98.7345,3.493],[98.735,3.4945],[98.734,3.496],[98.7315,3.4955],[98.7305,3.498],[98.7295,3.501],[98.73,3.502],[98.73,3.5025],[98.717,3.504]]]},"properties":{"code":"12.07.21.2005","name":"Sigara-Gara","latitude":3.4958715116626107,"longitude":98.71588091691913}},{"type":"Feature","geometry":{"type":"Polygon","coordinates":[[[98.7145,3.5305],[98.698,3.5255],[98.6955,3.5185],[98.695,3.5185],[98.691,3.511],[98.691,3.509],[98.688,3.509],[98.687,3.4945],[98.693,3.489],[98.693,3.487],[98.696,3.487],[98.696,3.494],[98.7085,3.503],[98.711,3.5045],[98.7115,3.5055],[98.7115,3.507],[98.7155,3.5265],[98.715,3.529],[98.715,3.5295],[98.7145,3.53],[98.7145,3.5305]]]},"properties":{"code":"12.07.21.2006","name":"Marindal I","latitude":3.5105340322222753,"longitude":98.70082956065832}},{"type":"Feature","geometry":{"type":"Polygon","coordinates":[[[98.723,3.53],[98.721,3.534],[98.721,3.528],[98.721,3.525],[98.717,3.504],[98.73,3.5025],[98.7305,3.502],[98.7325,3.5015],[98.7325,3.501],[98.733,3.5015],[98.733,3.502],[98.7415,3.5245],[98.7415,3.527],[98.742,3.527],[98.742,3.5275],[98.723,3.53]]]},"properties":{"code":"12.07.21.2007","name":"Marindal II","latitude":3.517338743700068,"longitude":98.72935793566077}},{"type":"Feature","geometry":{"type":"Polygon","coordinates":[[[98.721,3.528],[98.717,3.5305],[98.715,3.5295],[98.715,3.529],[98.7155,3.5265],[98.7115,3.507],[98.7115,3.5055],[98.711,3.5045],[98.711,3.504],[98.717,3.504],[98.721,3.525],[98.721,3.528]]]},"properties":{"code":"12.07.21.2008","name":"Patumbak Kampung","latitude":3.515829078031887,"longitude":98.71690980568702}},{"type":"Feature","geometry":{"type":"MultiPolygon","coordinates":[[[[98.6875,3.5005],[98.682,3.501],[98.678,3.4995],[98.676,3.4985],[98.6755,3.4955],[98.6755,3.4935],[98.678,3.493],[98.6785,3.492],[98.6805,3.492],[98.6805,3.493],[98.683,3.493],[98.6875,3.495],[98.6875,3.5005]]],[[[98.671,3.506],[98.6685,3.513],[98.668,3.5125],[98.665,3.5125],[98.671,3.506]]]]},"properties":{"code":"12.07.22.1004","name":"Deli Tua","latitude":3.501799075995971,"longitude":98.67601277611801}},{"type":"Feature","geometry":{"type":"Polygon","coordinates":[[[98.6875,3.495],[98.683,3.493],[98.6815,3.493],[98.6835,3.474],[98.6885,3.474],[98.6885,3.477],[98.693,3.477],[98.693,3.489],[98.687,3.4945],[98.6875,3.495]]]},"properties":{"code":"12.07.22.1005","name":"Deli Tua Timur","latitude":3.4836651562079406,"longitude":98.68754201646414}},{"type":"Feature","geometry":{"type":"Polygon","coordinates":[[[98.6815,3.493],[98.6805,3.493],[98.6805,3.492],[98.6785,3.492],[98.678,3.493],[98.6755,3.4935],[98.6755,3.4925],[98.6775,3.4885],[98.6765,3.487],[98.6765,3.486],[98.6765,3.4825],[98.676,3.4805],[98.677,3.48],[98.677,3.4765],[98.6815,3.475],[98.6835,3.474],[98.6815,3.493]]]},"properties":{"code":"12.07.22.1006","name":"Deli Tua Barat","latitude":3.4845092833460143,"longitude":98.68004032857449}},{"type":"Feature","geometry":{"type":"MultiPolygon","coordinates":[[[[98.6885,3.511],[98.677,3.5115],[98.6775,3.5095],[98.6775,3.507],[98.688,3.5055],[98.688,3.509],[98.691,3.509],[98.691,3.5105],[98.6905,3.5105],[98.6885,3.511]]],[[[98.6685,3.513],[98.6725,3.5145],[98.667,3.5145],[98.667,3.5125],[98.668,3.5125],[98.6685,3.513]]]]},"properties":{"code":"12.07.22.2001","name":"Kedai Durian","latitude":3.5097158933372103,"longitude":98.68155878736772}},{"type":"Feature","geometry":{"type":"Polygon","coordinates":[[[98.695,3.5185],[98.693,3.5185],[98.6795,3.5185],[98.6785,3.519],[98.678,3.518],[98.6775,3.5175],[98.677,3.517],[98.676,3.516],[98.6765,3.515],[98.677,3.514],[98.6765,3.5125],[98.677,3.5115],[98.6885,3.511],[98.6905,3.5105],[98.691,3.5105],[98.691,3.511],[98.695,3.5185]]]},"properties":{"code":"12.07.22.2002","name":"Suka Makmur","latitude":3.5151857161853863,"longitude":98.68553978006989}},{"type":"Feature","geometry":{"type":"Polygon","coordinates":[[[98.688,3.5055],[98.6775,3.507],[98.6755,3.504],[98.674,3.5015],[98.6755,3.4995],[98.676,3.499],[98.676,3.4985],[98.678,3.4995],[98.682,3.501],[98.6875,3.5005],[98.688,3.5055]]]},"properties":{"code":"12.07.22.2003","name":"Mekar Sari","latitude":3.5029938296535996,"longitude":98.6807475080971}},{"type":"Feature","geometry":{"type":"Polygon","coordinates":[[[98.56,3.5995],[98.5355,3.6035],[98.5335,3.598],[98.5395,3.5755],[98.5355,3.5705],[98.536,3.5695],[98.5355,3.5675],[98.536,3.5665],[98.546,3.5665],[98.549,3.5645],[98.5505,3.577],[98.565,3.584],[98.5695,3.584],[98.5695,3.5995],[98.56,3.5995]]]},"properties":{"code":"12.07.23.2001","name":"Sei Semayang","latitude":3.587453441259846,"longitude":98.5500448488108}},{"type":"Feature","geometry":{"type":"Polygon","coordinates":[[[98.6065,3.604],[98.591,3.605],[98.5905,3.599],[98.5985,3.599],[98.6035,3.5995],[98.6025,3.597],[98.603,3.596],[98.604,3.5955],[98.608,3.596],[98.6055,3.5985],[98.6065,3.6015],[98.6065,3.604]]]},"properties":{"code":"12.07.23.2002","name":"Lalang","latitude":3.6013705701117655,"longitude":98.59906610975783}},{"type":"Feature","geometry":{"type":"Polygon","coordinates":[[[98.5875,3.5995],[98.5815,3.5995],[98.5695,3.5995],[98.5695,3.584],[98.5745,3.5835],[98.5875,3.5845],[98.588,3.5975],[98.5875,3.5975],[98.5875,3.5995]]]},"properties":{"code":"12.07.23.2003","name":"Puji Mulyo","latitude":3.591684590194417,"longitude":98.57838528107202}},{"type":"Feature","geometry":{"type":"Polygon","coordinates":[[[98.604,3.5955],[98.603,3.596],[98.6025,3.597],[98.6035,3.5995],[98.597,3.599],[98.5875,3.5995],[98.5875,3.5975],[98.588,3.5975],[98.5875,3.5845],[98.5975,3.584],[98.5975,3.574],[98.602,3.574],[98.6085,3.5775],[98.609,3.5775],[98.6105,3.5785],[98.611,3.58],[98.6115,3.583],[98.6085,3.5825],[98.6065,3.5835],[98.605,3.585],[98.607,3.5925],[98.608,3.5935],[98.6075,3.5945],[98.6045,3.594],[98.604,3.5945],[98.604,3.5955]]]},"properties":{"code":"12.07.23.2004","name":"Paya Geli","latitude":3.588177160795862,"longitude":98.59806022963869}},{"type":"Feature","geometry":{"type":"Polygon","coordinates":[[[98.584,3.6335],[98.584,3.639],[98.5605,3.63],[98.56,3.6285],[98.559,3.628],[98.558,3.6265],[98.5575,3.6245],[98.5575,3.6235],[98.556,3.622],[98.556,3.6215],[98.556,3.6205],[98.557,3.62],[98.557,3.6195],[98.558,3.619],[98.56,3.5995],[98.5815,3.5995],[98.5905,3.599],[98.591,3.605],[98.58,3.6055],[98.581,3.6295],[98.584,3.6335]]]},"properties":{"code":"12.07.23.2005","name":"Mulio Rejo","latitude":3.6165359594475586,"longitude":98.57175133057524}},{"type":"Feature","geometry":{"type":"Polygon","coordinates":[[[98.591,3.637],[98.584,3.637],[98.584,3.6335],[98.581,3.6295],[98.58,3.6055],[98.591,3.605],[98.591,3.6215],[98.591,3.637]]]},"properties":{"code":"12.07.23.2006","name":"Purwodadi","latitude":3.620837301869069,"longitude":98.58605698218258}},{"type":"Feature","geometry":{"type":"Polygon","coordinates":[[[98.56,3.5995],[98.558,3.619],[98.557,3.6195],[98.557,3.62],[98.5545,3.62],[98.554,3.607],[98.536,3.608],[98.536,3.605],[98.5355,3.6045],[98.5355,3.6035],[98.56,3.5995]]]},"properties":{"code":"12.07.23.2007","name":"Sumber Melati Diski","latitude":3.606778554018387,"longitude":98.5515483720151}},{"type":"Feature","geometry":{"type":"Polygon","coordinates":[[[98.5995,3.6195],[98.592,3.6205],[98.591,3.6215],[98.591,3.605],[98.6065,3.604],[98.5995,3.6195]]]},"properties":{"code":"12.07.23.2008","name":"Tanjung Gusta","latitude":3.611535513184062,"longitude":98.59719884488983}},{"type":"Feature","geometry":{"type":"Polygon","coordinates":[[[98.6635,3.624],[98.663,3.624],[98.662,3.6245],[98.6565,3.623],[98.6475,3.624],[98.6355,3.6225],[98.632,3.6255],[98.631,3.625],[98.6305,3.6225],[98.629,3.6155],[98.631,3.616],[98.6525,3.615],[98.659,3.6215],[98.6595,3.6215],[98.6615,3.622],[98.6635,3.624]]]},"properties":{"code":"12.07.23.2009","name":"Helvetia","latitude":3.6196474156923406,"longitude":98.64390352532588}},{"type":"Feature","geometry":{"type":"Polygon","coordinates":[[[98.5975,3.574],[98.5975,3.584],[98.5875,3.5845],[98.5745,3.5835],[98.565,3.584],[98.5645,3.5725],[98.571,3.567],[98.573,3.5665],[98.574,3.567],[98.59,3.567],[98.5905,3.5715],[98.5925,3.574],[98.5975,3.574]]]},"properties":{"code":"12.07.23.2010","name":"Medan Krio","latitude":3.576113162122957,"longitude":98.57992906206762}},{"type":"Feature","geometry":{"type":"Polygon","coordinates":[[[98.5795,3.567],[98.574,3.567],[98.573,3.5665],[98.571,3.567],[98.5645,3.5725],[98.565,3.584],[98.5505,3.577],[98.549,3.5645],[98.563,3.555],[98.5635,3.556],[98.5795,3.567]]]},"properties":{"code":"12.07.23.2011","name":"Sei Mencirim","latitude":3.5681675507383956,"longitude":98.56013305320215}},{"type":"Feature","geometry":{"type":"Polygon","coordinates":[[[98.59,3.561],[98.59,3.567],[98.5795,3.567],[98.5635,3.556],[98.562,3.5535],[98.5665,3.5445],[98.5665,3.5395],[98.5645,3.533],[98.58,3.53],[98.586,3.5415],[98.586,3.542],[98.588,3.54],[98.5925,3.547],[98.5925,3.5475],[98.5895,3.548],[98.588,3.5485],[98.5875,3.561],[98.59,3.561]]]},"properties":{"code":"12.07.23.2012","name":"Sukamaju","latitude":3.5490793902669857,"longitude":98.57716699774599}},{"type":"Feature","geometry":{"type":"Polygon","coordinates":[[[98.6085,3.5775],[98.602,3.574],[98.5925,3.574],[98.5905,3.5715],[98.59,3.561],[98.596,3.561],[98.6085,3.561],[98.612,3.563],[98.611,3.5645],[98.608,3.565],[98.6075,3.5675],[98.609,3.57],[98.609,3.5735],[98.6085,3.577],[98.6085,3.5775]]]},"properties":{"code":"12.07.23.2013","name":"Sunggal Kanan","latitude":3.567868359994424,"longitude":98.60041230189933}},{"type":"Feature","geometry":{"type":"Polygon","coordinates":[[[98.5425,3.629],[98.5275,3.6305],[98.527,3.621],[98.5355,3.6095],[98.536,3.608],[98.554,3.607],[98.5545,3.62],[98.556,3.6205],[98.556,3.6215],[98.556,3.622],[98.5575,3.6235],[98.5575,3.624],[98.5425,3.629]]]},"properties":{"code":"12.07.23.2014","name":"Serbajadi","latitude":3.619123334885434,"longitude":98.54211586664951}},{"type":"Feature","geometry":{"type":"Polygon","coordinates":[[[98.5645,3.533],[98.5665,3.5395],[98.5665,3.542],[98.5565,3.542],[98.55,3.5345],[98.551,3.522],[98.5535,3.5235],[98.5645,3.5265],[98.5645,3.533]]]},"properties":{"code":"12.07.23.2015","name":"Telaga Sari","latitude":3.5318929492033826,"longitude":98.55805929593167}},{"type":"Feature","geometry":{"type":"Polygon","coordinates":[[[98.5985,3.5455],[98.599,3.5465],[98.596,3.5495],[98.5945,3.551],[98.5925,3.55],[98.591,3.55],[98.5925,3.5495],[98.5935,3.5485],[98.593,3.548],[98.5925,3.547],[98.588,3.54],[98.586,3.542],[98.586,3.5415],[98.58,3.53],[98.5985,3.5265],[98.598,3.528],[98.598,3.529],[98.599,3.529],[98.5995,3.529],[98.6005,3.531],[98.602,3.5315],[98.6015,3.5325],[98.601,3.533],[98.6025,3.533],[98.601,3.537],[98.6,3.5385],[98.594,3.54],[98.5935,3.5415],[98.5985,3.5455]]]},"properties":{"code":"12.07.23.2016","name":"Tanjung Selamat","latitude":3.5352812850644897,"longitude":98.59199593855159}},{"type":"Feature","geometry":{"type":"Polygon","coordinates":[[[98.6085,3.561],[98.596,3.561],[98.5875,3.561],[98.588,3.5485],[98.5895,3.548],[98.5925,3.5475],[98.5935,3.5485],[98.5925,3.5495],[98.591,3.55],[98.5925,3.55],[98.5945,3.551],[98.596,3.5495],[98.599,3.5465],[98.5995,3.547],[98.604,3.549],[98.6065,3.553],[98.611,3.5595],[98.609,3.5595],[98.607,3.5585],[98.6085,3.561]]]},"properties":{"code":"12.07.23.2017","name":"Sei Beras Sekata","latitude":3.554985769873662,"longitude":98.59832291881234}},{"type":"Feature","geometry":{"type":"Polygon","coordinates":[[[98.653,3.739],[98.647,3.738],[98.6455,3.7385],[98.6445,3.7385],[98.6425,3.7405],[98.6415,3.74],[98.64,3.7425],[98.637,3.7435],[98.636,3.744],[98.636,3.746],[98.634,3.748],[98.6325,3.7515],[98.629,3.7455],[98.628,3.743],[98.626,3.7395],[98.619,3.7285],[98.6035,3.727],[98.6015,3.7265],[98.603,3.7225],[98.599,3.713],[98.5975,3.7135],[98.5955,3.7105],[98.6005,3.7065],[98.6015,3.7075],[98.6135,3.7085],[98.619,3.7115],[98.633,3.7155],[98.6445,3.7275],[98.645,3.728],[98.6465,3.7305],[98.647,3.731],[98.6505,3.7295],[98.6525,3.728],[98.6525,3.7295],[98.6535,3.739],[98.653,3.739]]]},"properties":{"code":"12.07.24.2001","name":"Hamparan Perak","latitude":3.7264431859421165,"longitude":98.62515517173485}},{"type":"Feature","geometry":{"type":"Polygon","coordinates":[[[98.627,3.7815],[98.6075,3.778],[98.605,3.776],[98.603,3.776],[98.6025,3.7775],[98.601,3.777],[98.6,3.776],[98.6015,3.774],[98.5965,3.7565],[98.606,3.755],[98.608,3.734],[98.6075,3.7305],[98.6065,3.7295],[98.602,3.73],[98.601,3.7285],[98.6015,3.7265],[98.6035,3.727],[98.619,3.7285],[98.626,3.7395],[98.628,3.743],[98.629,3.7455],[98.6305,3.753],[98.6305,3.7565],[98.629,3.758],[98.6305,3.769],[98.6345,3.768],[98.635,3.7685],[98.6355,3.7715],[98.6325,3.773],[98.632,3.775],[98.6325,3.776],[98.6355,3.7765],[98.627,3.7815]]]},"properties":{"code":"12.07.24.2002","name":"Sei Baharu","latitude":3.7571036956368564,"longitude":98.61631018527386}},{"type":"Feature","geometry":{"type":"Polygon","coordinates":[[[98.6235,3.7015],[98.6235,3.701],[98.623,3.701],[98.622,3.7],[98.602,3.7045],[98.597,3.7045],[98.596,3.7015],[98.5965,3.692],[98.5965,3.69],[98.595,3.6715],[98.5935,3.6665],[98.5925,3.6585],[98.5975,3.659],[98.623,3.6605],[98.625,3.6605],[98.6415,3.662],[98.6405,3.6625],[98.633,3.6795],[98.633,3.683],[98.633,3.6835],[98.6335,3.6845],[98.632,3.702],[98.6235,3.7015]]]},"properties":{"code":"12.07.24.2003","name":"Klumpang Kebun","latitude":3.6800765396334016,"longitude":98.61454646442334}},{"type":"Feature","geometry":{"type":"Polygon","coordinates":[[[98.5925,3.6585],[98.5935,3.6665],[98.595,3.6715],[98.5965,3.69],[98.595,3.69],[98.595,3.687],[98.5935,3.682],[98.5925,3.6785],[98.5935,3.677],[98.593,3.6765],[98.5895,3.673],[98.5875,3.6665],[98.582,3.6645],[98.5825,3.6615],[98.5845,3.6555],[98.5925,3.6585]]]},"properties":{"code":"12.07.24.2004","name":"Klumpang Kampung","latitude":3.6683289533052545,"longitude":98.59031593557837}},{"type":"Feature","geometry":{"type":"Polygon","coordinates":[[[98.591,3.637],[98.597,3.6565],[98.5975,3.659],[98.593,3.6585],[98.5925,3.6585],[98.5845,3.6555],[98.5845,3.655],[98.5845,3.653],[98.584,3.637],[98.591,3.637]]]},"properties":{"code":"12.07.24.2005","name":"Klambir Lima Kampung","latitude":3.647979217366701,"longitude":98.58972088819192}},{"type":"Feature","geometry":{"type":"Polygon","coordinates":[[[98.511,3.6725],[98.5195,3.6745],[98.521,3.6935],[98.504,3.6935],[98.504,3.692],[98.5035,3.691],[98.5025,3.6805],[98.501,3.6725],[98.511,3.6725]]]},"properties":{"code":"12.07.24.2006","name":"Tandam Hulu II","latitude":3.683337747808495,"longitude":98.51112018679294}},{"type":"Feature","geometry":{"type":"Polygon","coordinates":[[[98.5975,3.7135],[98.589,3.7135],[98.5895,3.7125],[98.5905,3.7125],[98.5915,3.71],[98.5915,3.7115],[98.5935,3.711],[98.592,3.7045],[98.589,3.6785],[98.584,3.672],[98.582,3.672],[98.582,3.6645],[98.5875,3.6665],[98.5895,3.673],[98.593,3.6765],[98.5935,3.677],[98.5925,3.6785],[98.5935,3.682],[98.595,3.687],[98.595,3.69],[98.5965,3.692],[98.596,3.7015],[98.597,3.7045],[98.6005,3.7065],[98.5955,3.7105],[98.5975,3.7135]]]},"properties":{"code":"12.07.24.2007","name":"Klambir","latitude":3.6897167448852635,"longitude":98.59154545695702}},{"type":"Feature","geometry":{"type":"Polygon","coordinates":[[[98.619,3.7085],[98.6135,3.7085],[98.6015,3.7075],[98.602,3.7045],[98.622,3.7],[98.623,3.701],[98.6235,3.701],[98.6235,3.7015],[98.623,3.7015],[98.619,3.7085]]]},"properties":{"code":"12.07.24.2008","name":"Selemak","latitude":3.7056234303722118,"longitude":98.61218790324376}},{"type":"Feature","geometry":{"type":"Polygon","coordinates":[[[98.6415,3.662],[98.625,3.6605],[98.623,3.6605],[98.5975,3.659],[98.597,3.6565],[98.591,3.637],[98.591,3.6215],[98.592,3.6205],[98.5995,3.6195],[98.6055,3.613],[98.6235,3.611],[98.6275,3.6125],[98.6285,3.6145],[98.629,3.6155],[98.6305,3.6225],[98.631,3.625],[98.6325,3.627],[98.6375,3.636],[98.6395,3.6405],[98.64,3.6515],[98.6415,3.6585],[98.6415,3.662]]]},"properties":{"code":"12.07.24.2009","name":"Klambir Lima Kebun","latitude":3.6384711650953365,"longitude":98.61612948324955}},{"type":"Feature","geometry":{"type":"Polygon","coordinates":[[[98.571,3.7195],[98.5715,3.7325],[98.5715,3.738],[98.57,3.738],[98.5655,3.7355],[98.5625,3.7245],[98.571,3.7195]]]},"properties":{"code":"12.07.24.2010","name":"Sialang Muda","latitude":3.7246921083822326,"longitude":98.56745820999916}},{"type":"Feature","geometry":{"type":"Polygon","coordinates":[[[98.582,3.672],[98.569,3.6725],[98.5515,3.672],[98.551,3.665],[98.545,3.6505],[98.545,3.632],[98.5445,3.6305],[98.544,3.6305],[98.543,3.6295],[98.5425,3.629],[98.5575,3.624],[98.5575,3.6245],[98.558,3.6265],[98.559,3.628],[98.56,3.6285],[98.5605,3.63],[98.584,3.639],[98.5845,3.655],[98.5825,3.6615],[98.582,3.6645],[98.582,3.672]]]},"properties":{"code":"12.07.24.2011","name":"Paya Bakung","latitude":3.6502909868695896,"longitude":98.56395983747835}},{"type":"Feature","geometry":{"type":"Polygon","coordinates":[[[98.5375,3.7],[98.5215,3.7],[98.5195,3.6745],[98.511,3.6725],[98.511,3.6555],[98.5165,3.6525],[98.511,3.652],[98.5115,3.646],[98.517,3.646],[98.517,3.642],[98.512,3.642],[98.512,3.632],[98.527,3.632],[98.5275,3.6305],[98.5425,3.629],[98.543,3.6295],[98.544,3.6305],[98.5445,3.6305],[98.545,3.632],[98.545,3.6505],[98.551,3.665],[98.5515,3.6735],[98.552,3.6845],[98.5365,3.6845],[98.5375,3.7]]]},"properties":{"code":"12.07.24.2012","name":"Tandem Hulu I","latitude":3.6623942194236703,"longitude":98.53113316913884}},{"type":"Feature","geometry":{"type":"Polygon","coordinates":[[[98.539,3.7455],[98.52,3.7455],[98.5175,3.748],[98.5075,3.7485],[98.5045,3.745],[98.5065,3.739],[98.5085,3.734],[98.51,3.728],[98.509,3.7255],[98.509,3.7235],[98.5085,3.707],[98.5045,3.694],[98.5035,3.691],[98.504,3.692],[98.504,3.6935],[98.521,3.6935],[98.5215,3.7],[98.5375,3.7],[98.539,3.7455]]]},"properties":{"code":"12.07.24.2013","name":"Tandem Hilir I","latitude":3.7219070217810484,"longitude":98.52183939815592}},{"type":"Feature","geometry":{"type":"Polygon","coordinates":[[[98.552,3.7905],[98.5515,3.79],[98.5415,3.792],[98.5375,3.7925],[98.5325,3.7835],[98.523,3.767],[98.5075,3.7485],[98.5175,3.748],[98.52,3.7455],[98.539,3.7455],[98.5395,3.752],[98.5315,3.7685],[98.5515,3.7875],[98.552,3.7905]]]},"properties":{"code":"12.07.24.2014","name":"Tandam Hilir II","latitude":3.764981692722222,"longitude":98.53005769996396}},{"type":"Feature","geometry":{"type":"Polygon","coordinates":[[[98.5725,3.78],[98.5685,3.7825],[98.5625,3.7855],[98.574,3.805],[98.5525,3.793],[98.552,3.7905],[98.5515,3.7875],[98.5315,3.7685],[98.5395,3.752],[98.555,3.7505],[98.5595,3.7505],[98.562,3.7505],[98.5615,3.7535],[98.5725,3.778],[98.5725,3.7785],[98.5725,3.78]]]},"properties":{"code":"12.07.24.2015","name":"Kota Datar","latitude":3.77282744349581,"longitude":98.55366347816268}},{"type":"Feature","geometry":{"type":"Polygon","coordinates":[[[98.562,3.7505],[98.5595,3.7505],[98.555,3.7505],[98.5395,3.752],[98.539,3.7455],[98.5375,3.7],[98.5365,3.6845],[98.552,3.6845],[98.5515,3.6735],[98.5515,3.672],[98.569,3.6725],[98.584,3.672],[98.589,3.6785],[98.592,3.7045],[98.5915,3.7055],[98.5915,3.71],[98.5905,3.7125],[98.585,3.7125],[98.571,3.7195],[98.5625,3.7245],[98.5655,3.7355],[98.563,3.7355],[98.5665,3.7435],[98.562,3.748],[98.562,3.7505]]]},"properties":{"code":"12.07.24.2016","name":"Bulu Cina","latitude":3.7067432160142397,"longitude":98.56110371711583}},{"type":"Feature","geometry":{"type":"MultiPolygon","coordinates":[[[[98.592,3.7045],[98.5935,3.711],[98.5915,3.7115],[98.5915,3.7055],[98.592,3.7045]]],[[[98.5925,3.7435],[98.5665,3.7435],[98.563,3.7355],[98.57,3.738],[98.5715,3.738],[98.5715,3.7325],[98.571,3.7195],[98.585,3.7125],[98.5895,3.7125],[98.589,3.7135],[98.5885,3.716],[98.5885,3.736],[98.5885,3.7365],[98.5925,3.7405],[98.593,3.7425],[98.5925,3.7435]]]]},"properties":{"code":"12.07.24.2017","name":"Kota Rantang","latitude":3.7311142393082664,"longitude":98.5797899159028}},{"type":"Feature","geometry":{"type":"Polygon","coordinates":[[[98.601,3.777],[98.6,3.777],[98.5985,3.7775],[98.597,3.7785],[98.585,3.7865],[98.5775,3.7845],[98.575,3.7835],[98.5725,3.7805],[98.5725,3.779],[98.5725,3.778],[98.5615,3.7535],[98.562,3.748],[98.5665,3.7435],[98.5925,3.7435],[98.5965,3.7565],[98.6015,3.774],[98.6,3.776],[98.601,3.777]]]},"properties":{"code":"12.07.24.2018","name":"Paluh Manan","latitude":3.76290569726568,"longitude":98.58148881978994}},{"type":"Feature","geometry":{"type":"Polygon","coordinates":[[[98.5965,3.7565],[98.5925,3.7435],[98.593,3.7425],[98.5925,3.7405],[98.5885,3.7365],[98.5885,3.736],[98.5885,3.716],[98.589,3.7135],[98.599,3.713],[98.603,3.7225],[98.601,3.7285],[98.602,3.73],[98.6065,3.7295],[98.6075,3.7305],[98.608,3.734],[98.606,3.755],[98.5965,3.7565]]]},"properties":{"code":"12.07.24.2019","name":"Lama","latitude":3.7349240187147235,"longitude":98.59801910688348}},{"type":"Feature","geometry":{"type":"Polygon","coordinates":[[[98.71,3.795],[98.7,3.822],[98.6945,3.8775],[98.6625,3.865],[98.6615,3.8475],[98.644,3.844],[98.6455,3.8315],[98.6295,3.8305],[98.63,3.8175],[98.64,3.818],[98.646,3.8035],[98.6465,3.8005],[98.6355,3.8],[98.6275,3.782],[98.627,3.7815],[98.6355,3.7765],[98.6415,3.775],[98.6435,3.775],[98.648,3.78],[98.65,3.7815],[98.6545,3.7825],[98.666,3.778],[98.674,3.7755],[98.6765,3.776],[98.679,3.778],[98.679,3.781],[98.68,3.788],[98.6825,3.7895],[98.7045,3.7905],[98.7085,3.791],[98.71,3.795]]]},"properties":{"code":"12.07.24.2020","name":"Paluh Kurau","latitude":3.820580294616943,"longitude":98.67084942809362}},{"type":"Feature","geometry":{"type":"Polygon","coordinates":[[[98.6635,3.6355],[98.6585,3.637],[98.6375,3.636],[98.6325,3.627],[98.632,3.6255],[98.6355,3.6225],[98.6475,3.624],[98.6565,3.623],[98.662,3.6245],[98.663,3.624],[98.6635,3.624],[98.665,3.6255],[98.6645,3.6265],[98.665,3.628],[98.665,3.63],[98.6645,3.6315],[98.6645,3.632],[98.665,3.633],[98.666,3.634],[98.6665,3.6355],[98.6665,3.636],[98.6635,3.6355]]]},"properties":{"code":"12.07.25.2001","name":"Helvetia","latitude":3.6298201331059343,"longitude":98.64915084208221}},{"type":"Feature","geometry":{"type":"Polygon","coordinates":[[[98.6375,3.684],[98.634,3.684],[98.6335,3.684],[98.633,3.6835],[98.633,3.683],[98.633,3.6795],[98.6405,3.6625],[98.6415,3.662],[98.6415,3.6615],[98.6415,3.6585],[98.64,3.6515],[98.6395,3.6405],[98.6585,3.637],[98.6635,3.6355],[98.6595,3.6395],[98.657,3.6655],[98.6585,3.67],[98.6585,3.674],[98.6585,3.6755],[98.653,3.675],[98.6485,3.6835],[98.6375,3.684]]]},"properties":{"code":"12.07.25.2002","name":"Manunggal","latitude":3.660079599246974,"longitude":98.64793033039757}},{"type":"Feature","geometry":{"type":"Polygon","coordinates":[[[98.731,3.722],[98.715,3.725],[98.7065,3.714],[98.7035,3.7125],[98.7045,3.7095],[98.705,3.7075],[98.705,3.7065],[98.7115,3.694],[98.7035,3.6725],[98.6965,3.678],[98.6745,3.679],[98.669,3.6765],[98.67,3.6735],[98.67,3.672],[98.677,3.672],[98.6815,3.6665],[98.6815,3.668],[98.6925,3.6645],[98.6895,3.6565],[98.7025,3.656],[98.7025,3.661],[98.7065,3.6635],[98.725,3.663],[98.7255,3.675],[98.726,3.677],[98.731,3.694],[98.7315,3.722],[98.731,3.722]]]},"properties":{"code":"12.07.25.2003","name":"Pematang Johar","latitude":3.6876340820428344,"longitude":98.71120172334551}},{"type":"Feature","geometry":{"type":"Polygon","coordinates":[[[98.6965,3.88],[98.69,3.892],[98.679,3.903],[98.6635,3.908],[98.657,3.906],[98.654,3.9045],[98.649,3.8975],[98.64,3.8865],[98.637,3.8845],[98.634,3.8845],[98.625,3.8845],[98.623,3.884],[98.6165,3.8745],[98.613,3.8695],[98.608,3.8685],[98.604,3.868],[98.6095,3.8575],[98.6095,3.8545],[98.6045,3.843],[98.6045,3.8385],[98.603,3.8345],[98.5895,3.8355],[98.5855,3.8325],[98.587,3.8305],[98.5865,3.825],[98.58,3.8235],[98.5785,3.824],[98.5775,3.8215],[98.5795,3.817],[98.582,3.8105],[98.5785,3.8095],[98.5765,3.8075],[98.5875,3.806],[98.6065,3.8155],[98.617,3.816],[98.63,3.8175],[98.6295,3.8305],[98.6455,3.8315],[98.644,3.844],[98.6615,3.8475],[98.6625,3.865],[98.6945,3.8775],[98.6955,3.8785],[98.696,3.8795],[98.6965,3.88]]]},"properties":{"code":"12.07.25.2004","name":"Karang Gading","latitude":3.858335939266475,"longitude":98.63624354419872}},{"type":"Feature","geometry":{"type":"Polygon","coordinates":[[[98.627,3.7815],[98.6275,3.782],[98.6355,3.8],[98.6465,3.8005],[98.646,3.8035],[98.64,3.818],[98.617,3.816],[98.6065,3.8155],[98.5875,3.806],[98.5765,3.8075],[98.574,3.805],[98.5625,3.7855],[98.5685,3.7825],[98.5725,3.78],[98.5725,3.7805],[98.575,3.7835],[98.5775,3.7845],[98.585,3.7865],[98.597,3.7785],[98.5985,3.7775],[98.6,3.777],[98.6025,3.7775],[98.603,3.776],[98.605,3.776],[98.6075,3.778],[98.627,3.7815]]]},"properties":{"code":"12.07.25.2005","name":"Telaga Tujuh","latitude":3.797217114649523,"longitude":98.60791553344683}},{"type":"Feature","geometry":{"type":"Polygon","coordinates":[[[98.728,3.595],[98.7245,3.595],[98.7245,3.5905],[98.741,3.592],[98.742,3.5945],[98.728,3.595]]]},"properties":{"code":"12.07.26.1019","name":"Kenangan","latitude":3.5930948736308124,"longitude":98.73177748693163}},{"type":"Feature","geometry":{"type":"Polygon","coordinates":[[[98.7345,3.585],[98.7355,3.585],[98.736,3.586],[98.739,3.587],[98.7415,3.5915],[98.741,3.592],[98.717,3.5895],[98.718,3.5895],[98.718,3.5825],[98.7255,3.5825],[98.7285,3.5825],[98.729,3.582],[98.73,3.583],[98.7325,3.586],[98.7345,3.5865],[98.7355,3.586],[98.7355,3.585],[98.7345,3.585]]]},"properties":{"code":"12.07.26.1020","name":"Kenangan Baru","latitude":3.5873701541147267,"longitude":98.72833002269361}},{"type":"Feature","geometry":{"type":"Polygon","coordinates":[[[98.8255,3.7075],[98.7975,3.7235],[98.792,3.723],[98.7925,3.718],[98.792,3.7155],[98.791,3.7145],[98.789,3.714],[98.7865,3.7145],[98.786,3.7135],[98.7835,3.7075],[98.7835,3.6895],[98.7985,3.685],[98.7995,3.686],[98.7985,3.6875],[98.81,3.696],[98.8105,3.695],[98.8155,3.696],[98.8165,3.6955],[98.8175,3.696],[98.8185,3.695],[98.821,3.6975],[98.823,3.702],[98.8255,3.7075]]]},"properties":{"code":"12.07.26.2001","name":"Pematang Lalang","latitude":3.704382158944892,"longitude":98.80120617312636}},{"type":"Feature","geometry":{"type":"Polygon","coordinates":[[[98.7905,3.6005],[98.785,3.597],[98.7545,3.5935],[98.757,3.5895],[98.7565,3.5715],[98.757,3.5715],[98.757,3.571],[98.7575,3.571],[98.7575,3.5715],[98.761,3.5715],[98.761,3.573],[98.777,3.573],[98.7775,3.5735],[98.7865,3.577],[98.7905,3.6005]]]},"properties":{"code":"12.07.26.2002","name":"Sambirejo Timur","latitude":3.5856002041098067,"longitude":98.77212773582694}},{"type":"Feature","geometry":{"type":"Polygon","coordinates":[[[98.788,3.6585],[98.7845,3.6565],[98.7845,3.6445],[98.769,3.6465],[98.7705,3.652],[98.7675,3.652],[98.767,3.6515],[98.761,3.652],[98.761,3.651],[98.7605,3.651],[98.7605,3.6445],[98.762,3.639],[98.771,3.634],[98.771,3.6255],[98.7875,3.625],[98.7885,3.6245],[98.788,3.6275],[98.7905,3.6315],[98.7905,3.636],[98.789,3.641],[98.787,3.648],[98.786,3.6505],[98.786,3.6535],[98.786,3.656],[98.788,3.6585]]]},"properties":{"code":"12.07.26.2003","name":"Kolam","latitude":3.63817438622923,"longitude":98.77687786372834}},{"type":"Feature","geometry":{"type":"Polygon","coordinates":[[[98.792,3.723],[98.774,3.732],[98.7635,3.7505],[98.764,3.738],[98.7565,3.723],[98.755,3.69],[98.752,3.6905],[98.7515,3.6805],[98.754,3.68],[98.761,3.677],[98.7685,3.6885],[98.78,3.7145],[98.7845,3.716],[98.7885,3.715],[98.79,3.7145],[98.7915,3.7155],[98.7925,3.718],[98.792,3.723]]]},"properties":{"code":"12.07.26.2004","name":"Percut","latitude":3.7117347291842484,"longitude":98.76788994107217}},{"type":"Feature","geometry":{"type":"Polygon","coordinates":[[[98.7435,3.627],[98.719,3.628],[98.7185,3.6175],[98.737,3.6165],[98.745,3.6165],[98.744,3.6175],[98.7435,3.626],[98.7435,3.627]]]},"properties":{"code":"12.07.26.2005","name":"Laut Dendang","latitude":3.6222421101634783,"longitude":98.7311164755639}},{"type":"Feature","geometry":{"type":"Polygon","coordinates":[[[98.753,3.597],[98.7495,3.597],[98.741,3.5995],[98.74,3.597],[98.742,3.5945],[98.7415,3.5915],[98.739,3.587],[98.736,3.586],[98.7355,3.585],[98.7335,3.585],[98.7335,3.5815],[98.7385,3.5815],[98.7375,3.579],[98.7365,3.5745],[98.735,3.5755],[98.7335,3.5745],[98.7335,3.573],[98.7565,3.5705],[98.757,3.5895],[98.7545,3.5935],[98.753,3.597]]]},"properties":{"code":"12.07.26.2006","name":"Tembung","latitude":3.5850490240027795,"longitude":98.74675838820922}},{"type":"Feature","geometry":{"type":"Polygon","coordinates":[[[98.761,3.677],[98.754,3.68],[98.749,3.6805],[98.749,3.6725],[98.751,3.664],[98.76,3.672],[98.7605,3.675],[98.761,3.676],[98.761,3.677]]]},"properties":{"code":"12.07.26.2007","name":"Cinta Rakyat","latitude":3.6720113598913477,"longitude":98.7545027714318}},{"type":"Feature","geometry":{"type":"Polygon","coordinates":[[[98.7565,3.5705],[98.7335,3.573],[98.7325,3.572],[98.7285,3.571],[98.727,3.5525],[98.72,3.551],[98.7215,3.549],[98.7215,3.5475],[98.7235,3.542],[98.7245,3.5405],[98.732,3.541],[98.7325,3.5415],[98.7455,3.537],[98.745,3.536],[98.7455,3.536],[98.751,3.5395],[98.7515,3.54],[98.753,3.5425],[98.753,3.5445],[98.7525,3.5455],[98.7535,3.5475],[98.759,3.5585],[98.7745,3.57],[98.777,3.573],[98.761,3.573],[98.761,3.5715],[98.7575,3.5715],[98.7575,3.571],[98.757,3.571],[98.757,3.5715],[98.7565,3.5715],[98.7565,3.5705]]]},"properties":{"code":"12.07.26.2008","name":"Amplas","latitude":3.5573030283510736,"longitude":98.74420230248916}},{"type":"Feature","geometry":{"type":"Polygon","coordinates":[[[98.741,3.681],[98.734,3.674],[98.7255,3.6745],[98.7255,3.675],[98.7245,3.6565],[98.744,3.6555],[98.757,3.652],[98.767,3.6515],[98.7675,3.652],[98.7705,3.652],[98.769,3.6465],[98.7845,3.6445],[98.7845,3.6565],[98.788,3.6585],[98.7895,3.6595],[98.79,3.661],[98.7905,3.6625],[98.791,3.6645],[98.7915,3.665],[98.79,3.6675],[98.772,3.6695],[98.7645,3.674],[98.76,3.6735],[98.76,3.672],[98.751,3.664],[98.749,3.6725],[98.749,3.6805],[98.741,3.681]]]},"properties":{"code":"12.07.26.2009","name":"Saentis","latitude":3.662462191365473,"longitude":98.75724947108098}},{"type":"Feature","geometry":{"type":"Polygon","coordinates":[[[98.7245,3.6565],[98.725,3.663],[98.7065,3.6635],[98.7025,3.661],[98.7025,3.6535],[98.7015,3.645],[98.692,3.644],[98.693,3.6435],[98.6935,3.632],[98.7045,3.626],[98.7095,3.619],[98.7095,3.6195],[98.7165,3.6185],[98.7165,3.6215],[98.719,3.621],[98.719,3.628],[98.7435,3.627],[98.7565,3.644],[98.757,3.652],[98.744,3.6555],[98.7245,3.6565]]]},"properties":{"code":"12.07.26.2010","name":"Sampali","latitude":3.6422080589416264,"longitude":98.72257627689241}},{"type":"Feature","geometry":{"type":"Polygon","coordinates":[[[98.7625,3.616],[98.7445,3.617],[98.745,3.6165],[98.737,3.6165],[98.739,3.599],[98.741,3.5995],[98.7495,3.597],[98.7535,3.597],[98.762,3.6145],[98.7625,3.616]]]},"properties":{"code":"12.07.26.2011","name":"Bandar Khalipah","latitude":3.6089697237432095,"longitude":98.74924305802062}},{"type":"Feature","geometry":{"type":"Polygon","coordinates":[[[98.771,3.6255],[98.7635,3.6175],[98.762,3.6145],[98.7535,3.597],[98.753,3.597],[98.7545,3.5935],[98.7675,3.595],[98.7685,3.609],[98.78,3.6095],[98.7815,3.6115],[98.7815,3.625],[98.771,3.6255]]]},"properties":{"code":"12.07.26.2012","name":"Bandar Klippa","latitude":3.6105837433488746,"longitude":98.76809790018669}},{"type":"Feature","geometry":{"type":"Polygon","coordinates":[[[98.741,3.681],[98.7355,3.683],[98.739,3.7235],[98.7385,3.7265],[98.7385,3.7275],[98.7345,3.7255],[98.7295,3.7255],[98.7315,3.722],[98.731,3.694],[98.726,3.677],[98.7255,3.6745],[98.734,3.674],[98.741,3.681]]]},"properties":{"code":"12.07.26.2013","name":"Tanjung Selamat","latitude":3.6995275866601953,"longitude":98.73411948877825}},{"type":"Feature","geometry":{"type":"Polygon","coordinates":[[[98.7635,3.7505],[98.752,3.7635],[98.7235,3.773],[98.716,3.7675],[98.707,3.772],[98.705,3.7695],[98.704,3.764],[98.7025,3.754],[98.7045,3.741],[98.7075,3.7405],[98.727,3.7335],[98.7265,3.73],[98.729,3.725],[98.7295,3.7255],[98.7345,3.7255],[98.7385,3.7275],[98.7385,3.7265],[98.739,3.7235],[98.7355,3.683],[98.741,3.681],[98.7515,3.6805],[98.752,3.6905],[98.755,3.69],[98.7565,3.723],[98.764,3.738],[98.7635,3.7505]]]},"properties":{"code":"12.07.26.2014","name":"Tanjung Rejo","latitude":3.7368524706883517,"longitude":98.73732419234433}},{"type":"Feature","geometry":{"type":"Polygon","coordinates":[[[98.719,3.621],[98.7165,3.6215],[98.7165,3.6185],[98.7095,3.6195],[98.7095,3.6185],[98.7075,3.6185],[98.7065,3.6],[98.7055,3.5985],[98.7055,3.598],[98.7055,3.597],[98.7055,3.596],[98.708,3.596],[98.7095,3.5975],[98.7245,3.599],[98.738,3.599],[98.739,3.599],[98.737,3.6165],[98.7185,3.6175],[98.719,3.621]]]},"properties":{"code":"12.07.26.2015","name":"Medan Estate","latitude":3.608300386687039,"longitude":98.72211178324554}},{"type":"Feature","geometry":{"type":"Polygon","coordinates":[[[98.799,3.6865],[98.7995,3.686],[98.7985,3.685],[98.7835,3.6895],[98.7835,3.7075],[98.786,3.7135],[98.7865,3.7145],[98.789,3.714],[98.791,3.7145],[98.792,3.7155],[98.7925,3.718],[98.7915,3.7155],[98.79,3.7145],[98.7885,3.715],[98.7845,3.716],[98.78,3.7145],[98.7685,3.6885],[98.761,3.676],[98.7605,3.675],[98.76,3.6735],[98.7645,3.674],[98.772,3.6695],[98.79,3.6675],[98.7925,3.666],[98.7935,3.666],[98.7965,3.6675],[98.7965,3.668],[98.7975,3.6715],[98.798,3.678],[98.8,3.686],[98.799,3.6865]]]},"properties":{"code":"12.07.26.2016","name":"Cinta Damai","latitude":3.6844779035501563,"longitude":98.78073403879652}},{"type":"Feature","geometry":{"type":"Polygon","coordinates":[[[98.757,3.652],[98.7565,3.644],[98.7435,3.626],[98.744,3.6175],[98.7445,3.617],[98.7625,3.616],[98.7635,3.6175],[98.771,3.6255],[98.771,3.634],[98.762,3.639],[98.7605,3.6445],[98.7605,3.651],[98.761,3.651],[98.761,3.652],[98.757,3.652]]]},"properties":{"code":"12.07.26.2017","name":"Bandar Setia","latitude":3.629653269214235,"longitude":98.7573171800835}},{"type":"Feature","geometry":{"type":"Polygon","coordinates":[[[98.7885,3.6245],[98.7875,3.625],[98.7815,3.625],[98.7815,3.6115],[98.78,3.6095],[98.7685,3.609],[98.7675,3.595],[98.79,3.6005],[98.7895,3.602],[98.792,3.6045],[98.7925,3.606],[98.7915,3.6095],[98.7905,3.612],[98.7915,3.613],[98.789,3.623],[98.7885,3.6245]]]},"properties":{"code":"12.07.26.2018","name":"Sei Rotan","latitude":3.6074685353849407,"longitude":98.78128539307195}},{"type":"Feature","geometry":{"type":"Polygon","coordinates":[[[98.815,3.605],[98.815,3.6075],[98.805,3.607],[98.805,3.606],[98.7965,3.606],[98.796,3.606],[98.7905,3.6005],[98.7865,3.577],[98.794,3.5745],[98.7925,3.5705],[98.8015,3.578],[98.8085,3.5965],[98.815,3.605]]]},"properties":{"code":"12.07.27.2001","name":"Sena","latitude":3.5908369758105345,"longitude":98.7987035598556}},{"type":"Feature","geometry":{"type":"Polygon","coordinates":[[[98.8355,3.6155],[98.8335,3.6165],[98.831,3.613],[98.832,3.6085],[98.815,3.605],[98.8085,3.5965],[98.8015,3.578],[98.797,3.5695],[98.8015,3.5675],[98.804,3.576],[98.8255,3.59],[98.826,3.591],[98.8345,3.594],[98.836,3.604],[98.837,3.609],[98.8375,3.6105],[98.8355,3.6155]]]},"properties":{"code":"12.07.27.2002","name":"Tumpatan Nibung","latitude":3.594211632249729,"longitude":98.81933699170987}},{"type":"Feature","geometry":{"type":"Polygon","coordinates":[[[98.831,3.611],[98.8155,3.6115],[98.815,3.6255],[98.806,3.6165],[98.8045,3.6145],[98.803,3.613],[98.796,3.606],[98.7965,3.606],[98.805,3.606],[98.805,3.607],[98.815,3.6075],[98.815,3.605],[98.832,3.6085],[98.831,3.611]]]},"properties":{"code":"12.07.27.2003","name":"Tanjung Sari","latitude":3.6113141150865005,"longitude":98.81357068428177}},{"type":"Feature","geometry":{"type":"Polygon","coordinates":[[[98.835,3.6275],[98.83,3.6375],[98.824,3.6345],[98.8195,3.63],[98.815,3.6255],[98.8155,3.6115],[98.831,3.611],[98.831,3.613],[98.8335,3.6165],[98.835,3.6275]]]},"properties":{"code":"12.07.27.2004","name":"Baru","latitude":3.6229648040379243,"longitude":98.82555695626895}},{"type":"Feature","geometry":{"type":"Polygon","coordinates":[[[98.803,3.624],[98.801,3.624],[98.7985,3.624],[98.8005,3.6135],[98.803,3.613],[98.8045,3.6145],[98.806,3.6165],[98.808,3.618],[98.802,3.6235],[98.803,3.624]]]},"properties":{"code":"12.07.27.2005","name":"Batangkuis Pekan","latitude":3.6187591915376323,"longitude":98.8024375805251}},{"type":"Feature","geometry":{"type":"Polygon","coordinates":[[[98.814,3.6595],[98.8085,3.6595],[98.8085,3.659],[98.8015,3.659],[98.7895,3.6595],[98.788,3.6585],[98.786,3.656],[98.786,3.6535],[98.786,3.6505],[98.787,3.648],[98.789,3.641],[98.7905,3.636],[98.7905,3.6315],[98.788,3.6275],[98.7885,3.6245],[98.789,3.624],[98.801,3.624],[98.803,3.624],[98.8105,3.6315],[98.817,3.641],[98.814,3.6595]]]},"properties":{"code":"12.07.27.2006","name":"Sidodadi","latitude":3.6433957145426787,"longitude":98.80042916510688}},{"type":"Feature","geometry":{"type":"Polygon","coordinates":[[[98.803,3.613],[98.8005,3.6135],[98.7985,3.624],[98.789,3.624],[98.789,3.623],[98.7915,3.613],[98.7905,3.6115],[98.7925,3.6115],[98.7945,3.6125],[98.797,3.6095],[98.798,3.61],[98.799,3.6085],[98.803,3.613]]]},"properties":{"code":"12.07.27.2007","name":"Bintang Meriah","latitude":3.617072069432575,"longitude":98.79553810305838}},{"type":"Feature","geometry":{"type":"Polygon","coordinates":[[[98.799,3.6085],[98.798,3.61],[98.797,3.6095],[98.7945,3.6125],[98.7925,3.6115],[98.7905,3.6115],[98.7915,3.6095],[98.7925,3.606],[98.792,3.6045],[98.7895,3.602],[98.79,3.6005],[98.7905,3.6005],[98.791,3.6005],[98.799,3.6085]]]},"properties":{"code":"12.07.27.2008","name":"Bakaran Batu","latitude":3.6072614197403707,"longitude":98.79372582068213}},{"type":"Feature","geometry":{"type":"Polygon","coordinates":[[[98.8265,3.644],[98.8255,3.6435],[98.817,3.641],[98.8105,3.6315],[98.802,3.6235],[98.808,3.618],[98.8195,3.63],[98.824,3.6345],[98.8285,3.637],[98.828,3.6375],[98.829,3.639],[98.8275,3.641],[98.8265,3.6425],[98.826,3.643],[98.8265,3.644]]]},"properties":{"code":"12.07.27.2009","name":"Paya Gambar","latitude":3.631587233173802,"longitude":98.81568400039951}},{"type":"Feature","geometry":{"type":"Polygon","coordinates":[[[98.833,3.6605],[98.8315,3.661],[98.825,3.663],[98.819,3.663],[98.8165,3.6595],[98.814,3.6595],[98.817,3.641],[98.8255,3.6435],[98.826,3.644],[98.8275,3.644],[98.833,3.6605]]]},"properties":{"code":"12.07.27.2010","name":"Mesjid","latitude":3.6528234946418054,"longitude":98.82195922054306}},{"type":"Feature","geometry":{"type":"Polygon","coordinates":[[[98.807,3.664],[98.7965,3.664],[98.791,3.6645],[98.791,3.663],[98.7905,3.6625],[98.79,3.661],[98.7895,3.6595],[98.8015,3.659],[98.8085,3.659],[98.8085,3.6595],[98.8165,3.6595],[98.8135,3.6635],[98.807,3.664]]]},"properties":{"code":"12.07.27.2011","name":"Sugiharjo","latitude":3.661682740791651,"longitude":98.80307864028725}},{"type":"Feature","geometry":{"type":"Polygon","coordinates":[[[98.8795,3.561],[98.877,3.5645],[98.8675,3.5585],[98.8685,3.5555],[98.87,3.5565],[98.8705,3.556],[98.8745,3.5575],[98.8795,3.559],[98.8795,3.5585],[98.8795,3.561]]]},"properties":{"code":"12.07.28.1007","name":"Lubuk Pakam I,Ii","latitude":3.559435367141091,"longitude":98.87446834924116}},{"type":"Feature","geometry":{"type":"Polygon","coordinates":[[[98.8795,3.5585],[98.8795,3.559],[98.8745,3.5575],[98.8705,3.556],[98.87,3.5565],[98.8685,3.5555],[98.8695,3.5545],[98.87,3.554],[98.8795,3.5545],[98.8795,3.5585]]]},"properties":{"code":"12.07.28.1008","name":"Lubuk Pakam Iii","latitude":3.555904006162482,"longitude":98.87511412128893}},{"type":"Feature","geometry":{"type":"Polygon","coordinates":[[[98.8615,3.56],[98.861,3.5605],[98.859,3.562],[98.8565,3.565],[98.8545,3.566],[98.853,3.5675],[98.85,3.5525],[98.8485,3.5505],[98.8645,3.5555],[98.8635,3.5565],[98.8605,3.559],[98.86,3.56],[98.8605,3.5595],[98.8615,3.56]]]},"properties":{"code":"12.07.28.1009","name":"Paluh Kemiri","latitude":3.559359257351494,"longitude":98.85357883581267}},{"type":"Feature","geometry":{"type":"Polygon","coordinates":[[[98.884,3.559],[98.8805,3.561],[98.8795,3.561],[98.8795,3.5545],[98.8775,3.5545],[98.8775,3.5465],[98.8795,3.5465],[98.8795,3.546],[98.8825,3.5405],[98.8825,3.5515],[98.886,3.553],[98.8865,3.553],[98.884,3.559]]]},"properties":{"code":"12.07.28.1010","name":"Cemara","latitude":3.552013892473208,"longitude":98.88148630218859}},{"type":"Feature","geometry":{"type":"Polygon","coordinates":[[[98.8795,3.5465],[98.8775,3.5465],[98.8775,3.5545],[98.87,3.554],[98.869,3.5535],[98.8675,3.554],[98.8675,3.552],[98.869,3.552],[98.8705,3.5535],[98.8705,3.5525],[98.8715,3.5505],[98.8725,3.5465],[98.8795,3.5465]]]},"properties":{"code":"12.07.28.1011","name":"Syahmad","latitude":3.5503906820460727,"longitude":98.87418728877198}},{"type":"Feature","geometry":{"type":"Polygon","coordinates":[[[98.8645,3.5555],[98.8485,3.5505],[98.848,3.5485],[98.8465,3.546],[98.8465,3.5455],[98.846,3.5445],[98.8465,3.542],[98.847,3.541],[98.8465,3.5405],[98.8625,3.5405],[98.863,3.552],[98.8675,3.552],[98.8675,3.5545],[98.8665,3.5545],[98.8645,3.5555]]]},"properties":{"code":"12.07.28.1012","name":"Petapahan","latitude":3.547709564167168,"longitude":98.85605104383538}},{"type":"Feature","geometry":{"type":"Polygon","coordinates":[[[98.877,3.5645],[98.8755,3.567],[98.8615,3.56],[98.8605,3.5595],[98.86,3.56],[98.8605,3.559],[98.8635,3.5565],[98.8665,3.5545],[98.8675,3.5545],[98.8675,3.554],[98.869,3.5535],[98.87,3.554],[98.8695,3.5545],[98.869,3.5545],[98.8675,3.5585],[98.877,3.5645]]]},"properties":{"code":"12.07.28.1013","name":"Lubuk Pakam Pekan","latitude":3.560517181462265,"longitude":98.86863251391104}},{"type":"Feature","geometry":{"type":"Polygon","coordinates":[[[98.9085,3.5775],[98.87,3.578],[98.8755,3.567],[98.877,3.5645],[98.8795,3.561],[98.8805,3.561],[98.886,3.559],[98.886,3.561],[98.906,3.5685],[98.9075,3.574],[98.9085,3.5775]]]},"properties":{"code":"12.07.28.2001","name":"Sekip","latitude":3.5709044977483413,"longitude":98.8889727050189}},{"type":"Feature","geometry":{"type":"Polygon","coordinates":[[[98.9065,3.5645],[98.886,3.561],[98.886,3.559],[98.884,3.559],[98.886,3.5545],[98.8885,3.548],[98.909,3.5555],[98.9065,3.5645]]]},"properties":{"code":"12.07.28.2002","name":"Pagar Jati","latitude":3.5581206619928243,"longitude":98.89685201237599}},{"type":"Feature","geometry":{"type":"Polygon","coordinates":[[[98.8725,3.5465],[98.8715,3.5505],[98.8705,3.5525],[98.8705,3.5535],[98.8695,3.5525],[98.8685,3.552],[98.863,3.552],[98.8625,3.5405],[98.8625,3.526],[98.8735,3.525],[98.876,3.525],[98.882,3.531],[98.881,3.5315],[98.8845,3.5345],[98.873,3.5435],[98.8725,3.5465]]]},"properties":{"code":"12.07.28.2003","name":"Tanjung Garbus I","latitude":3.536588328620041,"longitude":98.87088433139809}},{"type":"Feature","geometry":{"type":"Polygon","coordinates":[[[98.921,3.54],[98.9195,3.54],[98.9145,3.5425],[98.9105,3.5535],[98.909,3.5555],[98.8885,3.548],[98.8865,3.553],[98.886,3.553],[98.8825,3.5515],[98.8825,3.5405],[98.8825,3.5375],[98.8865,3.5315],[98.921,3.54]]]},"properties":{"code":"12.07.28.2004","name":"Pasar Melintang","latitude":3.5431645478893135,"longitude":98.89834652114583}},{"type":"Feature","geometry":{"type":"Polygon","coordinates":[[[98.8795,3.5465],[98.8725,3.5465],[98.873,3.5435],[98.8845,3.5345],[98.8855,3.5315],[98.8865,3.5315],[98.8825,3.5375],[98.8795,3.546],[98.8795,3.5465]]]},"properties":{"code":"12.07.28.2005","name":"Pagar Merbau Iii","latitude":3.5414243940135455,"longitude":98.87900613891864}},{"type":"Feature","geometry":{"type":"Polygon","coordinates":[[[98.87,3.578],[98.863,3.574],[98.859,3.5785],[98.858,3.579],[98.8555,3.5805],[98.8545,3.581],[98.854,3.5795],[98.8535,3.5785],[98.8535,3.575],[98.853,3.5705],[98.8545,3.566],[98.8565,3.565],[98.859,3.562],[98.861,3.5605],[98.8615,3.56],[98.8755,3.567],[98.87,3.578]]]},"properties":{"code":"12.07.28.2006","name":"Bakaran Batu","latitude":3.5700856341702902,"longitude":98.86296856339511}},{"type":"Feature","geometry":{"type":"Polygon","coordinates":[[[98.897,3.517],[98.8895,3.524],[98.8865,3.5315],[98.8855,3.5315],[98.881,3.5315],[98.8855,3.5275],[98.881,3.511],[98.897,3.517]]]},"properties":{"code":"12.07.31.2001","name":"Tanjung Mulia","latitude":3.5206503610648254,"longitude":98.88744255423411}},{"type":"Feature","geometry":{"type":"Polygon","coordinates":[[[98.9005,3.5135],[98.897,3.517],[98.881,3.511],[98.883,3.509],[98.883,3.5075],[98.8825,3.5075],[98.882,3.507],[98.8825,3.507],[98.9005,3.5135]]]},"properties":{"code":"12.07.31.2002","name":"Purwodadi","latitude":3.5124528479622197,"longitude":98.8905256678682}},{"type":"Feature","geometry":{"type":"Polygon","coordinates":[[[98.9045,3.51],[98.9035,3.5105],[98.903,3.5115],[98.9025,3.512],[98.902,3.512],[98.903,3.511],[98.9025,3.511],[98.9015,3.512],[98.9015,3.5115],[98.902,3.511],[98.8935,3.5085],[98.894,3.5055],[98.9015,3.5085],[98.9045,3.51]]]},"properties":{"code":"12.07.31.2003","name":"Sidodadi Batu 8","latitude":3.5087936395461594,"longitude":98.89853773694628}},{"type":"Feature","geometry":{"type":"Polygon","coordinates":[[[98.9025,3.512],[98.9005,3.5135],[98.8825,3.507],[98.882,3.507],[98.882,3.506],[98.882,3.5045],[98.8925,3.5085],[98.8935,3.5045],[98.894,3.5045],[98.8935,3.5085],[98.902,3.511],[98.9015,3.5115],[98.9015,3.512],[98.9025,3.511],[98.903,3.511],[98.902,3.512],[98.9025,3.512]]]},"properties":{"code":"12.07.31.2004","name":"Suka Mulia","latitude":3.509151052405377,"longitude":98.89224322396875}},{"type":"Feature","geometry":{"type":"Polygon","coordinates":[[[98.9055,3.509],[98.9045,3.51],[98.894,3.5055],[98.9055,3.507],[98.9055,3.509]]]},"properties":{"code":"12.07.31.2005","name":"Jati Rejo","latitude":3.5064267905293565,"longitude":98.8997592337511}},{"type":"Feature","geometry":{"type":"Polygon","coordinates":[[[98.908,3.5],[98.9055,3.509],[98.9055,3.507],[98.894,3.5015],[98.8955,3.4955],[98.908,3.5]]]},"properties":{"code":"12.07.31.2006","name":"Pagar Merbau I","latitude":3.502507480430694,"longitude":98.90323601860467}},{"type":"Feature","geometry":{"type":"Polygon","coordinates":[[[98.93,3.484],[98.9345,3.495],[98.9365,3.52],[98.927,3.5455],[98.9265,3.546],[98.9235,3.5435],[98.9245,3.5405],[98.921,3.54],[98.8865,3.5315],[98.8895,3.524],[98.9005,3.5135],[98.903,3.5115],[98.9035,3.5105],[98.9055,3.509],[98.908,3.5],[98.9105,3.4945],[98.9165,3.4775],[98.9215,3.4795],[98.926,3.4775],[98.93,3.484]]]},"properties":{"code":"12.07.31.2007","name":"Pagar Merbau Ii","latitude":3.514188593321458,"longitude":98.91763383606535}},{"type":"Feature","geometry":{"type":"Polygon","coordinates":[[[98.9165,3.4775],[98.9105,3.4945],[98.908,3.5],[98.8955,3.4955],[98.896,3.494],[98.9055,3.485],[98.904,3.479],[98.905,3.477],[98.9085,3.475],[98.911,3.474],[98.9115,3.4755],[98.9165,3.4775]]]},"properties":{"code":"12.07.31.2008","name":"Sidoharjo-I Pasar Miring","latitude":3.487056463948969,"longitude":98.9078512985416}},{"type":"Feature","geometry":{"type":"Polygon","coordinates":[[[98.894,3.5045],[98.8935,3.5045],[98.8925,3.5085],[98.881,3.504],[98.8825,3.5005],[98.8845,3.5],[98.884,3.494],[98.884,3.491],[98.892,3.493],[98.896,3.494],[98.894,3.5015],[98.894,3.5045]]]},"properties":{"code":"12.07.31.2009","name":"Sidoharjo-I Jati Baru","latitude":3.49920735466749,"longitude":98.88892334049609}},{"type":"Feature","geometry":{"type":"Polygon","coordinates":[[[98.8535,3.5225],[98.8525,3.523],[98.848,3.521],[98.847,3.519],[98.846,3.5075],[98.8485,3.489],[98.853,3.4895],[98.8525,3.49],[98.86,3.488],[98.8615,3.489],[98.8615,3.4895],[98.865,3.4895],[98.8715,3.497],[98.8665,3.519],[98.86,3.5185],[98.854,3.521],[98.8535,3.5225]]]},"properties":{"code":"12.07.31.2010","name":"Bandar Dolok","latitude":3.5048155071359455,"longitude":98.85842832941248}},{"type":"Feature","geometry":{"type":"Polygon","coordinates":[[[98.881,3.504],[98.8665,3.519],[98.8715,3.497],[98.865,3.4895],[98.863,3.4895],[98.8625,3.489],[98.8695,3.489],[98.8745,3.486],[98.8745,3.4905],[98.884,3.491],[98.884,3.494],[98.8845,3.5],[98.8825,3.5005],[98.881,3.504]]]},"properties":{"code":"12.07.31.2011","name":"Tanjung Garbus Ii","latitude":3.4999722710314862,"longitude":98.87523294839912}},{"type":"Feature","geometry":{"type":"Polygon","coordinates":[[[98.881,3.511],[98.8855,3.5275],[98.882,3.531],[98.876,3.525],[98.8735,3.525],[98.8635,3.526],[98.8545,3.5225],[98.8535,3.5225],[98.854,3.521],[98.86,3.5185],[98.8665,3.519],[98.881,3.504],[98.882,3.5045],[98.882,3.506],[98.8825,3.5075],[98.883,3.5075],[98.883,3.509],[98.881,3.511]]]},"properties":{"code":"12.07.31.2012","name":"Tanjung Garbus Kampung","latitude":3.5198943069886255,"longitude":98.8733384017164}},{"type":"Feature","geometry":{"type":"Polygon","coordinates":[[[98.8625,3.5405],[98.8465,3.5405],[98.847,3.527],[98.8475,3.526],[98.848,3.521],[98.8525,3.523],[98.8545,3.5225],[98.8635,3.526],[98.8625,3.526],[98.8625,3.5405]]]},"properties":{"code":"12.07.31.2013","name":"Perbarakan","latitude":3.531749146301239,"longitude":98.85408255501943}},{"type":"Feature","geometry":{"type":"Polygon","coordinates":[[[98.919,3.583],[98.9185,3.585],[98.9185,3.5865],[98.9205,3.5955],[98.9195,3.597],[98.907,3.591],[98.906,3.591],[98.909,3.5885],[98.907,3.585],[98.909,3.5785],[98.9075,3.574],[98.906,3.5685],[98.9065,3.5645],[98.933,3.5665],[98.9235,3.5765],[98.921,3.581],[98.919,3.5825],[98.919,3.583]]]},"properties":{"code":"12.07.31.2014","name":"Sukamandi Hilir","latitude":3.577112457768748,"longitude":98.91658367037613}},{"type":"Feature","geometry":{"type":"Polygon","coordinates":[[[98.9325,3.565],[98.933,3.5665],[98.9065,3.5645],[98.9145,3.559],[98.923,3.562],[98.9235,3.5435],[98.9265,3.546],[98.9265,3.547],[98.9315,3.5625],[98.932,3.563],[98.9325,3.5645],[98.9325,3.565]]]},"properties":{"code":"12.07.31.2015","name":"Sukamandi Hulu","latitude":3.559241738255674,"longitude":98.92223658668766}},{"type":"Feature","geometry":{"type":"Polygon","coordinates":[[[98.9235,3.5435],[98.923,3.562],[98.9145,3.559],[98.9105,3.5535],[98.9145,3.5425],[98.9195,3.54],[98.9245,3.5405],[98.9235,3.5435]]]},"properties":{"code":"12.07.31.2016","name":"Sumberejo","latitude":3.5511584866646873,"longitude":98.91748817083408}},{"type":"Feature","geometry":{"type":"Polygon","coordinates":[[[98.8455,3.7025],[98.8255,3.7075],[98.823,3.702],[98.821,3.6975],[98.8185,3.695],[98.8175,3.696],[98.8165,3.6955],[98.8155,3.696],[98.8105,3.695],[98.81,3.696],[98.7985,3.6875],[98.799,3.6865],[98.8,3.686],[98.798,3.678],[98.7975,3.6715],[98.7965,3.668],[98.7965,3.6675],[98.7935,3.666],[98.7925,3.666],[98.7915,3.665],[98.791,3.6645],[98.7965,3.664],[98.807,3.664],[98.827,3.6805],[98.8305,3.68],[98.8315,3.6835],[98.8455,3.6975],[98.8455,3.7025]]]},"properties":{"code":"12.07.32.2001","name":"Sei Tuan","latitude":3.6863351396128,"longitude":98.81866962456651}},{"type":"Feature","geometry":{"type":"Polygon","coordinates":[[[98.8305,3.68],[98.827,3.6805],[98.807,3.664],[98.8135,3.6635],[98.819,3.663],[98.825,3.663],[98.8315,3.661],[98.8365,3.6595],[98.8375,3.6735],[98.8345,3.674],[98.83,3.678],[98.8305,3.68]]]},"properties":{"code":"12.07.32.2002","name":"Tengah","latitude":3.6689366259011584,"longitude":98.82561856677161}},{"type":"Feature","geometry":{"type":"Polygon","coordinates":[[[98.8645,3.6925],[98.8455,3.7025],[98.8455,3.6975],[98.841,3.6915],[98.8605,3.685],[98.8655,3.6875],[98.8645,3.6925]]]},"properties":{"code":"12.07.32.2003","name":"Bagan Serdang","latitude":3.693133984334845,"longitude":98.85372128725058}},{"type":"Feature","geometry":{"type":"Polygon","coordinates":[[[98.8605,3.685],[98.841,3.6915],[98.834,3.686],[98.844,3.6815],[98.8475,3.6825],[98.861,3.6825],[98.8605,3.685]]]},"properties":{"code":"12.07.32.2004","name":"Rantau Panjang","latitude":3.686234256072356,"longitude":98.84698765951754}},{"type":"Feature","geometry":{"type":"Polygon","coordinates":[[[98.8985,3.681],[98.874,3.687],[98.8645,3.6925],[98.8655,3.6875],[98.865,3.6865],[98.869,3.6745],[98.8915,3.669],[98.8985,3.681]]]},"properties":{"code":"12.07.32.2005","name":"Rugemuk","latitude":3.6793057431067133,"longitude":98.88053331698966}},{"type":"Feature","geometry":{"type":"Polygon","coordinates":[[[98.8835,3.6535],[98.8765,3.663],[98.86,3.668],[98.858,3.662],[98.8805,3.6515],[98.882,3.6515],[98.8835,3.6535]]]},"properties":{"code":"12.07.32.2006","name":"Kubah Sentang","latitude":3.659373654332087,"longitude":98.8723202015544}},{"type":"Feature","geometry":{"type":"Polygon","coordinates":[[[98.907,3.6775],[98.8985,3.681],[98.8915,3.669],[98.8915,3.656],[98.896,3.6515],[98.9,3.6515],[98.9025,3.6525],[98.903,3.6535],[98.902,3.6555],[98.902,3.6565],[98.901,3.6565],[98.8995,3.656],[98.8995,3.6585],[98.899,3.6655],[98.9005,3.6655],[98.907,3.6775]]]},"properties":{"code":"12.07.32.2007","name":"Pantai Labu Pekan","latitude":3.6670125358987815,"longitude":98.89819443232271}},{"type":"Feature","geometry":{"type":"Polygon","coordinates":[[[98.9125,3.656],[98.9025,3.6565],[98.902,3.6565],[98.902,3.6555],[98.903,3.6535],[98.9025,3.6525],[98.9,3.6515],[98.8975,3.6515],[98.9025,3.645],[98.9015,3.6435],[98.908,3.6435],[98.908,3.6475],[98.9155,3.6515],[98.9125,3.656]]]},"properties":{"code":"12.07.32.2008","name":"Pantai Labu Baru","latitude":3.6503843514401617,"longitude":98.9061921981761}},{"type":"Feature","geometry":{"type":"Polygon","coordinates":[[[98.9205,3.63],[98.9155,3.646],[98.9145,3.647],[98.9145,3.6475],[98.9125,3.65],[98.908,3.6475],[98.9075,3.636],[98.891,3.6335],[98.8765,3.646],[98.8725,3.642],[98.887,3.6295],[98.889,3.6315],[98.9055,3.6295],[98.906,3.63],[98.9205,3.63]]]},"properties":{"code":"12.07.32.2009","name":"Ramunia 1","latitude":3.6371100339821165,"longitude":98.90135164554268}},{"type":"Feature","geometry":{"type":"Polygon","coordinates":[[[98.9055,3.6295],[98.889,3.6315],[98.887,3.6295],[98.8725,3.642],[98.8675,3.637],[98.882,3.625],[98.899,3.6245],[98.9055,3.6295]]]},"properties":{"code":"12.07.32.2010","name":"Ramunia 2","latitude":3.631058198232869,"longitude":98.88473949135083}},{"type":"Feature","geometry":{"type":"Polygon","coordinates":[[[98.8915,3.656],[98.8835,3.6535],[98.8785,3.648],[98.8765,3.646],[98.891,3.6335],[98.9075,3.636],[98.908,3.6435],[98.9015,3.6435],[98.9025,3.645],[98.8975,3.6515],[98.896,3.6515],[98.8915,3.656]]]},"properties":{"code":"12.07.32.2011","name":"Perkebunan Ramunia","latitude":3.6445577797801114,"longitude":98.89224846740727}},{"type":"Feature","geometry":{"type":"Polygon","coordinates":[[[98.9275,3.655],[98.9155,3.6515],[98.9125,3.65],[98.9145,3.6475],[98.9145,3.647],[98.9155,3.646],[98.9205,3.63],[98.923,3.63],[98.939,3.63],[98.9405,3.635],[98.934,3.6345],[98.928,3.6535],[98.9275,3.655]]]},"properties":{"code":"12.07.32.2012","name":"Denai Lama","latitude":3.6407461446904903,"longitude":98.92579532068542}},{"type":"Feature","geometry":{"type":"Polygon","coordinates":[[[98.9435,3.676],[98.918,3.679],[98.913,3.674],[98.912,3.6715],[98.9125,3.6685],[98.914,3.667],[98.914,3.6665],[98.916,3.6665],[98.916,3.6695],[98.9275,3.6555],[98.945,3.649],[98.9435,3.676]]]},"properties":{"code":"12.07.32.2013","name":"Denai Kuala","latitude":3.6663174343493568,"longitude":98.93191240956902}},{"type":"Feature","geometry":{"type":"Polygon","coordinates":[[[98.9275,3.6555],[98.916,3.6695],[98.9155,3.663],[98.9125,3.656],[98.9155,3.6515],[98.9275,3.655],[98.9275,3.6555]]]},"properties":{"code":"12.07.32.2014","name":"Denai Sarang Burung","latitude":3.6589398680904335,"longitude":98.91979969910288}},{"type":"Feature","geometry":{"type":"Polygon","coordinates":[[[98.945,3.649],[98.9275,3.6555],[98.928,3.6535],[98.934,3.6345],[98.9405,3.635],[98.9435,3.6425],[98.945,3.649]]]},"properties":{"code":"12.07.32.2015","name":"Binjai Bakung","latitude":3.6446256431408854,"longitude":98.93673870570035}},{"type":"Feature","geometry":{"type":"Polygon","coordinates":[[[98.918,3.679],[98.907,3.6775],[98.9005,3.6655],[98.899,3.6655],[98.8995,3.6585],[98.8995,3.656],[98.901,3.6565],[98.902,3.6565],[98.9025,3.6565],[98.9125,3.656],[98.9155,3.663],[98.916,3.6665],[98.914,3.6665],[98.914,3.667],[98.9125,3.6685],[98.912,3.6715],[98.913,3.674],[98.918,3.679]]]},"properties":{"code":"12.07.32.2016","name":"Paluh Sibaji","latitude":3.6657195665563695,"longitude":98.90827850386677}},{"type":"Feature","geometry":{"type":"Polygon","coordinates":[[[98.861,3.6825],[98.8475,3.6825],[98.844,3.6815],[98.834,3.686],[98.8315,3.6835],[98.83,3.678],[98.8345,3.674],[98.8395,3.673],[98.851,3.6695],[98.862,3.68],[98.861,3.6825]]]},"properties":{"code":"12.07.32.2017","name":"Kelambir","latitude":3.677815558792843,"longitude":98.84599025900624}},{"type":"Feature","geometry":{"type":"Polygon","coordinates":[[[98.851,3.6695],[98.8395,3.673],[98.8375,3.6735],[98.8365,3.66],[98.836,3.6455],[98.851,3.6455],[98.854,3.645],[98.876,3.6455],[98.8785,3.648],[98.882,3.6515],[98.8805,3.6515],[98.858,3.662],[98.86,3.668],[98.851,3.6695]]]},"properties":{"code":"12.07.32.2018","name":"Durian","latitude":3.656436097734467,"longitude":98.85217230969548}},{"type":"Feature","geometry":{"type":"Polygon","coordinates":[[[98.8915,3.669],[98.869,3.6745],[98.865,3.6865],[98.8605,3.685],[98.862,3.68],[98.851,3.6695],[98.86,3.668],[98.8765,3.663],[98.8835,3.6535],[98.8915,3.656],[98.8915,3.669]]]},"properties":{"code":"12.07.32.2019","name":"Pematang Biara","latitude":3.6699563343454082,"longitude":98.87308867771682}},{"type":"Feature","geometry":{"type":"Polygon","coordinates":[[[98.8365,3.6595],[98.833,3.6605],[98.8275,3.644],[98.8265,3.644],[98.826,3.643],[98.8265,3.6425],[98.8275,3.641],[98.829,3.639],[98.828,3.6375],[98.8285,3.637],[98.83,3.6375],[98.835,3.6275],[98.841,3.627],[98.841,3.629],[98.844,3.635],[98.8485,3.638],[98.852,3.6455],[98.851,3.6455],[98.836,3.6455],[98.8365,3.6595]]]},"properties":{"code":"12.07.33.2001","name":"Serdang","latitude":3.6424171796425915,"longitude":98.83730366544721}},{"type":"Feature","geometry":{"type":"Polygon","coordinates":[[[98.8595,3.639],[98.85,3.6415],[98.8485,3.638],[98.844,3.635],[98.841,3.629],[98.841,3.627],[98.843,3.625],[98.8495,3.612],[98.8555,3.606],[98.857,3.606],[98.857,3.6065],[98.856,3.6075],[98.856,3.6085],[98.848,3.617],[98.847,3.6205],[98.8485,3.631],[98.8595,3.639]]]},"properties":{"code":"12.07.33.2002","name":"Sidourip","latitude":3.627305117249938,"longitude":98.84879128200005}},{"type":"Feature","geometry":{"type":"Polygon","coordinates":[[[98.841,3.627],[98.835,3.6275],[98.8355,3.6155],[98.8425,3.6075],[98.8495,3.5945],[98.8595,3.5945],[98.855,3.6015],[98.8585,3.606],[98.8555,3.606],[98.8495,3.612],[98.843,3.625],[98.841,3.627]]]},"properties":{"code":"12.07.33.2003","name":"Aras Kabu","latitude":3.6110212507800656,"longitude":98.84531116754377}},{"type":"Feature","geometry":{"type":"Polygon","coordinates":[[[98.868,3.6375],[98.8595,3.639],[98.8485,3.631],[98.847,3.6205],[98.848,3.617],[98.856,3.6085],[98.856,3.6075],[98.857,3.6065],[98.857,3.606],[98.8585,3.606],[98.859,3.6015],[98.8725,3.601],[98.8725,3.602],[98.87,3.603],[98.8695,3.6055],[98.868,3.611],[98.875,3.618],[98.8605,3.63],[98.868,3.6375]]]},"properties":{"code":"12.07.33.2004","name":"Pasar Vi Kuala Namu","latitude":3.6194336894150525,"longitude":98.85984190162665}},{"type":"Feature","geometry":{"type":"Polygon","coordinates":[[[98.906,3.591],[98.889,3.591],[98.883,3.591],[98.8785,3.5915],[98.8785,3.592],[98.877,3.5925],[98.877,3.5915],[98.875,3.589],[98.866,3.589],[98.8665,3.5875],[98.868,3.585],[98.8705,3.5805],[98.872,3.578],[98.9085,3.5775],[98.909,3.5785],[98.907,3.585],[98.909,3.5885],[98.906,3.591]]]},"properties":{"code":"12.07.33.2005","name":"Emplasmen Kuala Namu","latitude":3.5844956383338125,"longitude":98.88863951853985}},{"type":"Feature","geometry":{"type":"Polygon","coordinates":[[[98.859,3.6015],[98.855,3.6015],[98.863,3.589],[98.875,3.589],[98.877,3.5915],[98.877,3.601],[98.859,3.6015]]]},"properties":{"code":"12.07.33.2006","name":"Pasar V Kebun Kelapa","latitude":3.5956382806523632,"longitude":98.86770331337318}},{"type":"Feature","geometry":{"type":"Polygon","coordinates":[[[98.876,3.6455],[98.854,3.645],[98.852,3.6455],[98.85,3.6415],[98.8595,3.639],[98.868,3.6375],[98.876,3.6455]]]},"properties":{"code":"12.07.33.2007","name":"Beringin","latitude":3.6427679994785933,"longitude":98.86272539471103}},{"type":"Feature","geometry":{"type":"Polygon","coordinates":[[[98.9055,3.6295],[98.899,3.6245],[98.882,3.625],[98.8675,3.637],[98.8605,3.63],[98.875,3.618],[98.889,3.617],[98.917,3.6165],[98.93,3.6165],[98.9315,3.6185],[98.9375,3.625],[98.939,3.63],[98.923,3.63],[98.906,3.63],[98.9055,3.6295]]]},"properties":{"code":"12.07.33.2008","name":"Sidoarjo Ii Ramunia","latitude":3.623916408088268,"longitude":98.90180451471765}},{"type":"Feature","geometry":{"type":"Polygon","coordinates":[[[98.93,3.6165],[98.917,3.6165],[98.889,3.617],[98.875,3.618],[98.868,3.611],[98.869,3.6085],[98.8945,3.6075],[98.92,3.605],[98.9295,3.616],[98.93,3.6165]]]},"properties":{"code":"12.07.33.2009","name":"Karang Anyar","latitude":3.612032363498659,"longitude":98.89803692032736}},{"type":"Feature","geometry":{"type":"Polygon","coordinates":[[[98.92,3.605],[98.8945,3.6075],[98.869,3.6085],[98.8695,3.6055],[98.87,3.603],[98.8725,3.602],[98.8725,3.601],[98.877,3.601],[98.877,3.5925],[98.8785,3.592],[98.8785,3.5915],[98.883,3.591],[98.889,3.591],[98.907,3.591],[98.9195,3.597],[98.9185,3.6],[98.92,3.605]]]},"properties":{"code":"12.07.33.2010","name":"Sidodadi Ramunia","latitude":3.5997646282500386,"longitude":98.89506620167553}},{"type":"Feature","geometry":{"type":"Polygon","coordinates":[[[98.8595,3.5945],[98.8495,3.5945],[98.851,3.5925],[98.854,3.5905],[98.855,3.5895],[98.8555,3.586],[98.855,3.582],[98.8545,3.581],[98.8555,3.5805],[98.858,3.579],[98.859,3.5785],[98.863,3.574],[98.87,3.578],[98.872,3.578],[98.8705,3.5805],[98.868,3.585],[98.8665,3.5875],[98.866,3.589],[98.863,3.589],[98.8595,3.5945]]]},"properties":{"code":"12.07.33.2011","name":"Tumpatan","latitude":3.58499507064446,"longitude":98.86095208030443}}]}