{"type":"FeatureCollection","features":[{"type":"Feature","geometry":{"type":"Polygon","coordinates":[[[103.208,-0.757],[103.208,-0.7535],[103.208,-0.733],[103.205,-0.685],[103.196,-0.6865],[103.1935,-0.7215],[103.1895,-0.7355],[103.19,-0.7475],[103.191,-0.757],[103.208,-0.757]]]},"properties":{"code":"14.04.01.1001","name":"Pulaukijang"}},{"type":"Feature","geometry":{"type":"Polygon","coordinates":[[[103.232,-0.686],[103.2115,-0.6835],[103.205,-0.685],[103.208,-0.733],[103.208,-0.7535],[103.208,-0.757],[103.2225,-0.765],[103.2285,-0.767],[103.234,-0.7415],[103.2365,-0.7025],[103.241,-0.6935],[103.232,-0.686]]]},"properties":{"code":"14.04.01.1017","name":"Metro"}},{"type":"Feature","geometry":{"type":"Polygon","coordinates":[[[103.187,-0.6875],[103.1835,-0.687],[103.18,-0.6865],[103.1785,-0.6935],[103.1745,-0.723],[103.165,-0.7525],[103.17,-0.753],[103.191,-0.757],[103.19,-0.7475],[103.1895,-0.7355],[103.1935,-0.7215],[103.196,-0.6865],[103.187,-0.6875]]]},"properties":{"code":"14.04.01.1018","name":"Madani"}},{"type":"Feature","geometry":{"type":"Polygon","coordinates":[[[103.112,-0.686],[103.104,-0.685],[103.075,-0.6865],[103.0635,-0.6805],[103.044,-0.683],[103.0425,-0.683],[103.039,-0.684],[103.0365,-0.685],[103.038,-0.6945],[103.0385,-0.699],[103.0375,-0.7335],[103.0385,-0.753],[103.039,-0.753],[103.0395,-0.7555],[103.046,-0.7555],[103.081,-0.762],[103.097,-0.7565],[103.099,-0.7215],[103.112,-0.701],[103.112,-0.686]]]},"properties":{"code":"14.04.01.2002","name":"Sanglar"}},{"type":"Feature","geometry":{"type":"Polygon","coordinates":[[[103.18,-0.6865],[103.165,-0.6835],[103.1555,-0.683],[103.149,-0.684],[103.1275,-0.688],[103.117,-0.6865],[103.112,-0.686],[103.112,-0.701],[103.099,-0.7215],[103.097,-0.7565],[103.102,-0.7545],[103.112,-0.7465],[103.1405,-0.7495],[103.165,-0.7525],[103.1745,-0.723],[103.1785,-0.6935],[103.18,-0.6865]]]},"properties":{"code":"14.04.01.2003","name":"Pulaukecil"}},{"type":"Feature","geometry":{"type":"Polygon","coordinates":[[[103.3775,-0.743],[103.398,-0.725],[103.3805,-0.713],[103.3615,-0.716],[103.3525,-0.7155],[103.348,-0.7165],[103.3355,-0.721],[103.324,-0.7315],[103.3245,-0.733],[103.3185,-0.7345],[103.316,-0.742],[103.3245,-0.7515],[103.3195,-0.766],[103.327,-0.767],[103.327,-0.768],[103.3615,-0.7675],[103.3665,-0.7695],[103.3675,-0.769],[103.369,-0.7685],[103.3695,-0.768],[103.37,-0.7675],[103.3715,-0.766],[103.3705,-0.7655],[103.371,-0.763],[103.3755,-0.748],[103.3755,-0.7455],[103.3775,-0.743]]]},"properties":{"code":"14.04.01.2004","name":"Sungaiterap"}},{"type":"Feature","geometry":{"type":"Polygon","coordinates":[[[103.4205,-0.676],[103.385,-0.6705],[103.355,-0.6685],[103.314,-0.6825],[103.2795,-0.6865],[103.28,-0.6725],[103.2525,-0.68],[103.241,-0.6805],[103.2325,-0.6845],[103.232,-0.686],[103.241,-0.6935],[103.2365,-0.7025],[103.234,-0.7415],[103.2285,-0.767],[103.2395,-0.7705],[103.2435,-0.7695],[103.2475,-0.7705],[103.272,-0.73],[103.29,-0.7315],[103.3065,-0.7195],[103.3215,-0.7195],[103.3255,-0.7175],[103.3495,-0.706],[103.378,-0.7035],[103.4055,-0.714],[103.4085,-0.706],[103.4105,-0.691],[103.4205,-0.676]]]},"properties":{"code":"14.04.01.2009","name":"Sungaiundan"}},{"type":"Feature","geometry":{"type":"Polygon","coordinates":[[[103.1135,-0.6565],[103.1145,-0.648],[103.044,-0.649],[103.045,-0.653],[103.049,-0.671],[103.0415,-0.6835],[103.044,-0.683],[103.0635,-0.6805],[103.075,-0.6865],[103.104,-0.685],[103.1155,-0.686],[103.1135,-0.6565]]]},"properties":{"code":"14.04.01.2010","name":"Seberang Sanglar"}},{"type":"Feature","geometry":{"type":"Polygon","coordinates":[[[103.1815,-0.6625],[103.1775,-0.663],[103.155,-0.664],[103.1135,-0.6565],[103.1155,-0.686],[103.117,-0.6865],[103.1275,-0.688],[103.149,-0.684],[103.1555,-0.683],[103.165,-0.6835],[103.1755,-0.6855],[103.179,-0.686],[103.1835,-0.687],[103.187,-0.6875],[103.1815,-0.6625]]]},"properties":{"code":"14.04.01.2011","name":"Mekar Sari"}},{"type":"Feature","geometry":{"type":"Polygon","coordinates":[[[103.4065,-0.6425],[103.377,-0.649],[103.373,-0.6495],[103.358,-0.6445],[103.3405,-0.64],[103.336,-0.641],[103.326,-0.6555],[103.3205,-0.6615],[103.2925,-0.6575],[103.2845,-0.657],[103.263,-0.6575],[103.2525,-0.6585],[103.2395,-0.6595],[103.1905,-0.661],[103.1815,-0.6625],[103.187,-0.6875],[103.196,-0.6865],[103.2115,-0.6835],[103.232,-0.686],[103.2325,-0.6845],[103.241,-0.6805],[103.2525,-0.68],[103.28,-0.6725],[103.2795,-0.6865],[103.314,-0.6825],[103.355,-0.6685],[103.385,-0.6705],[103.4205,-0.676],[103.425,-0.6705],[103.4215,-0.655],[103.4065,-0.6425]]]},"properties":{"code":"14.04.01.2012","name":"Seberang Pulau Kijang"}},{"type":"Feature","geometry":{"type":"Polygon","coordinates":[[[103.324,-0.7315],[103.323,-0.7185],[103.3215,-0.7195],[103.3065,-0.7195],[103.29,-0.7315],[103.272,-0.73],[103.2475,-0.7705],[103.2605,-0.7725],[103.2725,-0.7705],[103.2835,-0.7765],[103.291,-0.772],[103.3015,-0.7815],[103.3025,-0.7655],[103.312,-0.7645],[103.3165,-0.7695],[103.322,-0.7665],[103.3195,-0.766],[103.3245,-0.7515],[103.316,-0.742],[103.3185,-0.7345],[103.3245,-0.733],[103.324,-0.7315]]]},"properties":{"code":"14.04.01.2013","name":"Sungaiasam"}},{"type":"Feature","geometry":{"type":"Polygon","coordinates":[[[103.4085,-0.706],[103.4055,-0.714],[103.378,-0.7035],[103.3495,-0.706],[103.3255,-0.7175],[103.323,-0.7185],[103.324,-0.7315],[103.3355,-0.721],[103.348,-0.7165],[103.3525,-0.7155],[103.3615,-0.716],[103.3805,-0.713],[103.398,-0.725],[103.3775,-0.743],[103.4055,-0.766],[103.424,-0.7755],[103.431,-0.778],[103.439,-0.771],[103.446,-0.75],[103.4435,-0.745],[103.4425,-0.742],[103.4415,-0.7385],[103.441,-0.7315],[103.433,-0.7255],[103.437,-0.711],[103.426,-0.7065],[103.4085,-0.706]]]},"properties":{"code":"14.04.01.2014","name":"Pulauruku"}},{"type":"Feature","geometry":{"type":"Polygon","coordinates":[[[103.424,-0.7755],[103.4055,-0.766],[103.3775,-0.743],[103.3755,-0.7455],[103.3755,-0.748],[103.371,-0.763],[103.3705,-0.7655],[103.3715,-0.766],[103.3715,-0.7665],[103.372,-0.7675],[103.3745,-0.767],[103.391,-0.7875],[103.392,-0.7875],[103.4015,-0.7875],[103.4015,-0.7785],[103.409,-0.77],[103.424,-0.7755]]]},"properties":{"code":"14.04.01.2019","name":"Tanjunglabuh"}},{"type":"Feature","geometry":{"type":"Polygon","coordinates":[[[103.391,-0.7875],[103.3745,-0.767],[103.372,-0.7675],[103.3715,-0.7665],[103.37,-0.7675],[103.3695,-0.768],[103.369,-0.7685],[103.3675,-0.769],[103.3665,-0.7695],[103.3615,-0.7675],[103.327,-0.768],[103.3345,-0.7795],[103.3465,-0.779],[103.353,-0.799],[103.369,-0.794],[103.391,-0.7875]]]},"properties":{"code":"14.04.01.2020","name":"Sungaimahang"}},{"type":"Feature","geometry":{"type":"Polygon","coordinates":[[[103.235,-0.5215],[103.2365,-0.5065],[103.237,-0.501],[103.1825,-0.5015],[103.1635,-0.502],[103.155,-0.5045],[103.155,-0.5055],[103.162,-0.5195],[103.1655,-0.5245],[103.1665,-0.524],[103.168,-0.523],[103.1735,-0.521],[103.1735,-0.5185],[103.172,-0.5145],[103.1715,-0.5125],[103.172,-0.511],[103.175,-0.511],[103.1825,-0.515],[103.194,-0.5095],[103.1975,-0.512],[103.204,-0.5185],[103.22,-0.508],[103.2225,-0.517],[103.235,-0.5215]]]},"properties":{"code":"14.04.02.1001","name":"Enok"}},{"type":"Feature","geometry":{"type":"Polygon","coordinates":[[[103.155,-0.5045],[103.1525,-0.4845],[103.146,-0.482],[103.1375,-0.515],[103.128,-0.526],[103.11,-0.558],[103.092,-0.5765],[103.091,-0.5805],[103.14,-0.566],[103.168,-0.556],[103.163,-0.5295],[103.1655,-0.5245],[103.162,-0.5195],[103.155,-0.5055],[103.155,-0.5045]]]},"properties":{"code":"14.04.02.1002","name":"Pusaran"}},{"type":"Feature","geometry":{"type":"Polygon","coordinates":[[[103.299,-0.51],[103.292,-0.5005],[103.2735,-0.499],[103.2575,-0.4925],[103.2535,-0.4885],[103.238,-0.4915],[103.237,-0.5005],[103.2365,-0.5065],[103.235,-0.5215],[103.2425,-0.522],[103.2485,-0.514],[103.2525,-0.5155],[103.28,-0.5245],[103.2815,-0.5265],[103.2805,-0.5295],[103.278,-0.537],[103.2885,-0.5435],[103.3025,-0.515],[103.299,-0.51]]]},"properties":{"code":"14.04.02.1003","name":"Telukmedan"}},{"type":"Feature","geometry":{"type":"Polygon","coordinates":[[[103.235,-0.5215],[103.2225,-0.517],[103.22,-0.508],[103.204,-0.5185],[103.1975,-0.512],[103.194,-0.5095],[103.1825,-0.515],[103.175,-0.511],[103.172,-0.511],[103.1715,-0.5125],[103.172,-0.5145],[103.1735,-0.5185],[103.1735,-0.521],[103.168,-0.523],[103.1665,-0.524],[103.163,-0.5295],[103.168,-0.556],[103.14,-0.566],[103.1045,-0.5765],[103.132,-0.598],[103.1345,-0.598],[103.1385,-0.5975],[103.147,-0.593],[103.153,-0.5955],[103.169,-0.5905],[103.177,-0.574],[103.189,-0.584],[103.1985,-0.5745],[103.2125,-0.5795],[103.249,-0.5745],[103.247,-0.5735],[103.2485,-0.514],[103.2425,-0.522],[103.235,-0.5215]]]},"properties":{"code":"14.04.02.1013","name":"Pantaiseberang Makmur"}},{"type":"Feature","geometry":{"type":"Polygon","coordinates":[[[103.1055,-0.508],[103.0935,-0.504],[103.084,-0.501],[103.081,-0.5135],[103.0805,-0.5265],[103.0735,-0.5325],[103.059,-0.589],[103.0635,-0.589],[103.091,-0.5805],[103.0925,-0.573],[103.099,-0.562],[103.1055,-0.53],[103.1055,-0.508]]]},"properties":{"code":"14.04.02.2004","name":"Pengalihan"}},{"type":"Feature","geometry":{"type":"Polygon","coordinates":[[[103.136,-0.47],[103.117,-0.4585],[103.1235,-0.444],[103.112,-0.4485],[103.107,-0.469],[103.1055,-0.507],[103.1055,-0.53],[103.099,-0.562],[103.0925,-0.573],[103.092,-0.5765],[103.11,-0.558],[103.128,-0.526],[103.1375,-0.515],[103.146,-0.482],[103.1415,-0.4785],[103.136,-0.47]]]},"properties":{"code":"14.04.02.2005","name":"Sungaiambat"}},{"type":"Feature","geometry":{"type":"Polygon","coordinates":[[[103.216,-0.4655],[103.2005,-0.458],[103.191,-0.4585],[103.1895,-0.4585],[103.1865,-0.4745],[103.17,-0.4695],[103.1435,-0.4725],[103.136,-0.47],[103.1415,-0.4785],[103.1525,-0.4845],[103.155,-0.5045],[103.1635,-0.502],[103.1825,-0.5015],[103.222,-0.501],[103.222,-0.486],[103.216,-0.4655]]]},"properties":{"code":"14.04.02.2006","name":"Simpang Tiga"}},{"type":"Feature","geometry":{"type":"Polygon","coordinates":[[[103.23,-0.385],[103.224,-0.368],[103.197,-0.3975],[103.2005,-0.418],[103.207,-0.4455],[103.217,-0.4565],[103.216,-0.4655],[103.222,-0.486],[103.222,-0.501],[103.237,-0.501],[103.237,-0.5005],[103.238,-0.4915],[103.2535,-0.4885],[103.253,-0.4875],[103.247,-0.464],[103.247,-0.4405],[103.2445,-0.428],[103.23,-0.385]]]},"properties":{"code":"14.04.02.2007","name":"Rantau Panjang"}},{"type":"Feature","geometry":{"type":"Polygon","coordinates":[[[103.084,-0.501],[103.067,-0.5025],[103.0665,-0.466],[103.036,-0.4775],[103.0215,-0.487],[103.0305,-0.509],[103.0305,-0.523],[103.02,-0.5805],[103.0195,-0.5905],[103.0325,-0.586],[103.0355,-0.604],[103.0455,-0.6035],[103.048,-0.617],[103.063,-0.604],[103.065,-0.5885],[103.0635,-0.589],[103.059,-0.589],[103.0735,-0.5325],[103.0805,-0.5265],[103.081,-0.5135],[103.084,-0.501]]]},"properties":{"code":"14.04.02.2008","name":"Sungairukam"}},{"type":"Feature","geometry":{"type":"Polygon","coordinates":[[[102.9865,-0.602],[102.9835,-0.5895],[102.988,-0.573],[102.9895,-0.545],[103.001,-0.535],[102.977,-0.5355],[102.974,-0.532],[102.952,-0.545],[102.9485,-0.553],[102.9625,-0.5795],[102.968,-0.591],[102.968,-0.6045],[102.9865,-0.602]]]},"properties":{"code":"14.04.02.2009","name":"Bagan Jaya"}},{"type":"Feature","geometry":{"type":"Polygon","coordinates":[[[103.0195,-0.5905],[103.02,-0.5805],[103.0305,-0.523],[103.0305,-0.509],[103.0215,-0.487],[102.9675,-0.524],[102.9665,-0.525],[102.977,-0.5355],[103.001,-0.535],[102.9895,-0.545],[102.988,-0.573],[102.9835,-0.5895],[102.9865,-0.602],[103.0195,-0.5905]]]},"properties":{"code":"14.04.02.2010","name":"Suhada"}},{"type":"Feature","geometry":{"type":"Polygon","coordinates":[[[103.1055,-0.508],[103.1055,-0.507],[103.107,-0.469],[103.112,-0.4485],[103.0965,-0.449],[103.081,-0.46],[103.0665,-0.466],[103.067,-0.5025],[103.084,-0.501],[103.0935,-0.504],[103.1055,-0.508]]]},"properties":{"code":"14.04.02.2011","name":"Jaya Bhakti"}},{"type":"Feature","geometry":{"type":"Polygon","coordinates":[[[103.216,-0.4655],[103.217,-0.4565],[103.207,-0.4455],[103.2005,-0.418],[103.197,-0.3975],[103.1845,-0.4115],[103.1725,-0.4195],[103.162,-0.4265],[103.1665,-0.4335],[103.173,-0.444],[103.1815,-0.457],[103.191,-0.4585],[103.2005,-0.458],[103.216,-0.4655]]]},"properties":{"code":"14.04.02.2012","name":"Sungailokan"}},{"type":"Feature","geometry":{"type":"Polygon","coordinates":[[[103.1895,-0.4585],[103.1815,-0.457],[103.173,-0.444],[103.1665,-0.4335],[103.162,-0.4265],[103.153,-0.432],[103.1485,-0.4345],[103.1235,-0.444],[103.117,-0.4585],[103.136,-0.47],[103.1435,-0.4725],[103.17,-0.4695],[103.1865,-0.4745],[103.1895,-0.4585]]]},"properties":{"code":"14.04.02.2014","name":"Simpang Tiga Daratan"}},{"type":"Feature","geometry":{"type":"Polygon","coordinates":[[[103.3975,-0.293],[103.3815,-0.2965],[103.366,-0.289],[103.364,-0.2875],[103.3605,-0.291],[103.357,-0.2955],[103.337,-0.3085],[103.318,-0.3095],[103.3045,-0.305],[103.304,-0.302],[103.302,-0.3065],[103.3,-0.3095],[103.2985,-0.3135],[103.292,-0.3255],[103.287,-0.3225],[103.277,-0.347],[103.276,-0.3525],[103.315,-0.3645],[103.3315,-0.3515],[103.3565,-0.364],[103.373,-0.368],[103.423,-0.3685],[103.443,-0.3635],[103.4565,-0.3395],[103.4595,-0.3325],[103.462,-0.3245],[103.464,-0.3145],[103.444,-0.304],[103.422,-0.303],[103.3975,-0.293]]]},"properties":{"code":"14.04.03.1007","name":"Sapat"}},{"type":"Feature","geometry":{"type":"Polygon","coordinates":[[[103.587,-0.397],[103.5795,-0.392],[103.5485,-0.391],[103.537,-0.393],[103.5365,-0.393],[103.5185,-0.402],[103.518,-0.427],[103.5065,-0.4615],[103.509,-0.463],[103.5295,-0.465],[103.5465,-0.4705],[103.567,-0.4825],[103.5985,-0.4485],[103.608,-0.4255],[103.584,-0.401],[103.587,-0.397]]]},"properties":{"code":"14.04.03.2001","name":"Sungaibuluh"}},{"type":"Feature","geometry":{"type":"Polygon","coordinates":[[[103.443,-0.3635],[103.423,-0.3685],[103.373,-0.368],[103.3565,-0.364],[103.3315,-0.3515],[103.315,-0.3645],[103.337,-0.383],[103.361,-0.4005],[103.386,-0.4135],[103.436,-0.4335],[103.446,-0.435],[103.456,-0.439],[103.4595,-0.443],[103.484,-0.448],[103.5065,-0.4615],[103.518,-0.427],[103.5185,-0.402],[103.5365,-0.393],[103.5355,-0.393],[103.5165,-0.3665],[103.5125,-0.365],[103.476,-0.376],[103.46,-0.3765],[103.443,-0.3635]]]},"properties":{"code":"14.04.03.2002","name":"Tanjunglajau"}},{"type":"Feature","geometry":{"type":"Polygon","coordinates":[[[103.6725,-0.307],[103.65,-0.3155],[103.626,-0.3165],[103.586,-0.316],[103.577,-0.305],[103.5635,-0.307],[103.5175,-0.33],[103.4925,-0.346],[103.508,-0.353],[103.515,-0.366],[103.5165,-0.3665],[103.5355,-0.393],[103.537,-0.393],[103.5485,-0.391],[103.5795,-0.392],[103.587,-0.397],[103.591,-0.3915],[103.605,-0.3955],[103.6435,-0.381],[103.675,-0.364],[103.696,-0.356],[103.724,-0.3495],[103.764,-0.3445],[103.7785,-0.3465],[103.7855,-0.3415],[103.7465,-0.3195],[103.6725,-0.307]]]},"properties":{"code":"14.04.03.2003","name":"Sungaibela"}},{"type":"Feature","geometry":{"type":"Polygon","coordinates":[[[103.2805,-0.242],[103.2785,-0.241],[103.2665,-0.245],[103.255,-0.2605],[103.2545,-0.261],[103.2535,-0.262],[103.253,-0.263],[103.251,-0.265],[103.248,-0.267],[103.235,-0.273],[103.2315,-0.2745],[103.23,-0.275],[103.2295,-0.2795],[103.234,-0.2835],[103.2425,-0.285],[103.247,-0.3025],[103.255,-0.3075],[103.271,-0.346],[103.2765,-0.35],[103.277,-0.347],[103.287,-0.3225],[103.292,-0.3255],[103.2985,-0.3135],[103.3,-0.3095],[103.302,-0.3065],[103.304,-0.302],[103.303,-0.299],[103.2845,-0.275],[103.2805,-0.242]]]},"properties":{"code":"14.04.03.2006","name":"Telukdalam"}},{"type":"Feature","geometry":{"type":"Polygon","coordinates":[[[103.2905,-0.2445],[103.285,-0.2425],[103.2805,-0.242],[103.2845,-0.275],[103.303,-0.299],[103.304,-0.303],[103.3045,-0.305],[103.318,-0.3095],[103.337,-0.3085],[103.357,-0.2955],[103.3605,-0.291],[103.364,-0.2875],[103.363,-0.2865],[103.3605,-0.285],[103.352,-0.285],[103.3455,-0.2795],[103.352,-0.2665],[103.342,-0.2465],[103.3405,-0.2465],[103.305,-0.248],[103.303,-0.248],[103.299,-0.247],[103.2905,-0.2445]]]},"properties":{"code":"14.04.03.2008","name":"Sungaipiyai"}},{"type":"Feature","geometry":{"type":"Polygon","coordinates":[[[103.5265,-0.2195],[103.5185,-0.2055],[103.502,-0.216],[103.473,-0.2285],[103.436,-0.248],[103.407,-0.256],[103.3925,-0.273],[103.3975,-0.293],[103.422,-0.303],[103.444,-0.304],[103.464,-0.3145],[103.4665,-0.3045],[103.4715,-0.294],[103.474,-0.2895],[103.4825,-0.2775],[103.4855,-0.2735],[103.4935,-0.2625],[103.4985,-0.2545],[103.5075,-0.2425],[103.5265,-0.2195]]]},"properties":{"code":"14.04.03.2009","name":"Perigi Raja"}},{"type":"Feature","geometry":{"type":"MultiPolygon","coordinates":[[[[103.5185,-0.2055],[103.5115,-0.2015],[103.4715,-0.2095],[103.464,-0.1975],[103.4375,-0.21],[103.409,-0.2325],[103.3865,-0.2395],[103.381,-0.241],[103.3745,-0.242],[103.371,-0.242],[103.3575,-0.2425],[103.3465,-0.245],[103.342,-0.2465],[103.352,-0.2665],[103.3455,-0.2795],[103.352,-0.285],[103.3605,-0.285],[103.363,-0.2865],[103.366,-0.289],[103.3815,-0.2965],[103.3975,-0.293],[103.3925,-0.273],[103.407,-0.256],[103.436,-0.248],[103.473,-0.2285],[103.502,-0.216],[103.5185,-0.2055]]],[[[103.55,-0.1765],[103.526,-0.1785],[103.5,-0.188],[103.4915,-0.202],[103.508,-0.198],[103.533,-0.205],[103.5655,-0.195],[103.5665,-0.1805],[103.55,-0.1765]]]]},"properties":{"code":"14.04.03.2010","name":"Tanjungmelayu"}},{"type":"Feature","geometry":{"type":"Polygon","coordinates":[[[103.1565,-0.316],[103.156,-0.317],[103.1545,-0.3145],[103.147,-0.32],[103.156,-0.334],[103.1575,-0.3335],[103.166,-0.3285],[103.1565,-0.316]]]},"properties":{"code":"14.04.04.1001","name":"Tembilahan Kota"}},{"type":"Feature","geometry":{"type":"Polygon","coordinates":[[[103.18,-0.3195],[103.2105,-0.3045],[103.199,-0.288],[103.1565,-0.316],[103.166,-0.3285],[103.1715,-0.3255],[103.18,-0.3195]]]},"properties":{"code":"14.04.04.1002","name":"Tembilahan Hilir"}},{"type":"Feature","geometry":{"type":"Polygon","coordinates":[[[103.1905,-0.3565],[103.187,-0.35],[103.187,-0.3315],[103.18,-0.3195],[103.1715,-0.3255],[103.1575,-0.3335],[103.156,-0.334],[103.148,-0.338],[103.149,-0.3395],[103.149,-0.3405],[103.149,-0.346],[103.1485,-0.349],[103.153,-0.364],[103.1605,-0.3735],[103.1905,-0.3565]]]},"properties":{"code":"14.04.04.1003","name":"Seberang Tembilahan"}},{"type":"Feature","geometry":{"type":"Polygon","coordinates":[[[103.247,-0.3025],[103.2425,-0.285],[103.234,-0.2835],[103.2295,-0.2795],[103.23,-0.275],[103.226,-0.2765],[103.221,-0.278],[103.215,-0.2795],[103.201,-0.2795],[103.197,-0.278],[103.199,-0.288],[103.2105,-0.3045],[103.18,-0.3195],[103.187,-0.3315],[103.187,-0.35],[103.1905,-0.3565],[103.1925,-0.3725],[103.203,-0.391],[103.245,-0.3455],[103.247,-0.3025]]]},"properties":{"code":"14.04.04.1004","name":"Sungaiperak"}},{"type":"Feature","geometry":{"type":"Polygon","coordinates":[[[103.197,-0.278],[103.1935,-0.276],[103.186,-0.2695],[103.1815,-0.267],[103.174,-0.267],[103.147,-0.275],[103.139,-0.2785],[103.1335,-0.283],[103.1495,-0.306],[103.156,-0.317],[103.1565,-0.316],[103.199,-0.288],[103.197,-0.278]]]},"properties":{"code":"14.04.04.1005","name":"Sungaiberingin"}},{"type":"Feature","geometry":{"type":"Polygon","coordinates":[[[103.1545,-0.3145],[103.1495,-0.306],[103.1335,-0.283],[103.127,-0.29],[103.126,-0.292],[103.125,-0.294],[103.133,-0.302],[103.147,-0.32],[103.1545,-0.3145]]]},"properties":{"code":"14.04.04.1006","name":"Pekan Arba"}},{"type":"Feature","geometry":{"type":"Polygon","coordinates":[[[103.1605,-0.3735],[103.153,-0.364],[103.1485,-0.349],[103.149,-0.346],[103.149,-0.3405],[103.149,-0.3395],[103.148,-0.338],[103.1265,-0.3485],[103.111,-0.367],[103.121,-0.371],[103.1315,-0.386],[103.1435,-0.408],[103.1515,-0.4255],[103.1545,-0.431],[103.1725,-0.4195],[103.18,-0.4145],[103.1625,-0.387],[103.1605,-0.3735]]]},"properties":{"code":"14.04.04.1007","name":"Seberang Tembilahan Barat"}},{"type":"Feature","geometry":{"type":"Polygon","coordinates":[[[103.203,-0.391],[103.1925,-0.3725],[103.1905,-0.3565],[103.1605,-0.3735],[103.1625,-0.387],[103.18,-0.4145],[103.1845,-0.4115],[103.203,-0.391]]]},"properties":{"code":"14.04.04.1008","name":"Seberang Tembilahan Selatan"}},{"type":"Feature","geometry":{"type":"Polygon","coordinates":[[[102.935,-0.33],[102.9345,-0.3295],[102.908,-0.312],[102.929,-0.3545],[102.9345,-0.3675],[102.94,-0.3765],[102.9585,-0.4145],[102.977,-0.435],[102.994,-0.4605],[102.9995,-0.4565],[103.005,-0.452],[103.013,-0.442],[102.9965,-0.4225],[102.9885,-0.404],[102.989,-0.3915],[102.935,-0.33]]]},"properties":{"code":"14.04.05.1004","name":"Sungaisalak"}},{"type":"Feature","geometry":{"type":"Polygon","coordinates":[[[103.0395,-0.382],[103.023,-0.3855],[103.019,-0.3965],[102.995,-0.3935],[102.9945,-0.394],[102.9905,-0.3935],[102.989,-0.3915],[102.9885,-0.404],[102.9965,-0.4225],[103.013,-0.442],[103.0085,-0.448],[103.0325,-0.48],[103.036,-0.4775],[103.0665,-0.466],[103.068,-0.4375],[103.067,-0.4255],[103.061,-0.4175],[103.0585,-0.4135],[103.046,-0.3975],[103.0395,-0.382]]]},"properties":{"code":"14.04.05.1005","name":"Tempuling"}},{"type":"Feature","geometry":{"type":"Polygon","coordinates":[[[103.0325,-0.48],[103.0085,-0.448],[103.005,-0.452],[102.9995,-0.4565],[102.991,-0.4625],[102.9745,-0.4775],[102.9685,-0.479],[102.963,-0.4785],[102.9635,-0.48],[102.9515,-0.482],[102.948,-0.491],[102.951,-0.5015],[102.9665,-0.525],[102.9675,-0.524],[103.0325,-0.48]]]},"properties":{"code":"14.04.05.1016","name":"Tanjungpidada"}},{"type":"Feature","geometry":{"type":"Polygon","coordinates":[[[102.908,-0.312],[102.864,-0.2835],[102.9035,-0.391],[102.9155,-0.413],[102.959,-0.4615],[102.963,-0.4785],[102.9685,-0.479],[102.9745,-0.4775],[102.991,-0.4625],[102.994,-0.4605],[102.977,-0.435],[102.9585,-0.4145],[102.94,-0.3765],[102.9345,-0.3675],[102.929,-0.3545],[102.908,-0.312]]]},"properties":{"code":"14.04.05.1017","name":"Pangkalan Tujuh"}},{"type":"Feature","geometry":{"type":"Polygon","coordinates":[[[102.8425,-0.4275],[102.804,-0.2445],[102.7805,-0.245],[102.8275,-0.496],[102.824,-0.5155],[102.823,-0.5275],[102.8315,-0.5275],[102.843,-0.5315],[102.8495,-0.537],[102.855,-0.5405],[102.868,-0.5335],[102.878,-0.5275],[102.87,-0.5015],[102.8525,-0.5015],[102.8555,-0.4795],[102.8415,-0.469],[102.8425,-0.4275]]]},"properties":{"code":"14.04.05.2002","name":"Telukkiambang"}},{"type":"Feature","geometry":{"type":"Polygon","coordinates":[[[102.8255,-0.258],[102.804,-0.2445],[102.8425,-0.4275],[102.8565,-0.428],[102.8695,-0.442],[102.885,-0.4425],[102.8935,-0.457],[102.908,-0.465],[102.908,-0.4835],[102.914,-0.4935],[102.9105,-0.5015],[102.87,-0.5015],[102.878,-0.5275],[102.888,-0.5215],[102.903,-0.5225],[102.9305,-0.5085],[102.947,-0.4905],[102.945,-0.4895],[102.917,-0.4685],[102.8935,-0.4375],[102.883,-0.4105],[102.8255,-0.258]]]},"properties":{"code":"14.04.05.2003","name":"Mumpa"}},{"type":"Feature","geometry":{"type":"Polygon","coordinates":[[[102.864,-0.2835],[102.8255,-0.258],[102.883,-0.4105],[102.8935,-0.4375],[102.917,-0.4685],[102.945,-0.4895],[102.948,-0.491],[102.9515,-0.482],[102.9635,-0.48],[102.959,-0.4615],[102.9155,-0.413],[102.9035,-0.391],[102.864,-0.2835]]]},"properties":{"code":"14.04.05.2007","name":"Telukjira"}},{"type":"Feature","geometry":{"type":"Polygon","coordinates":[[[102.87,-0.5015],[102.9105,-0.5015],[102.914,-0.4935],[102.908,-0.4835],[102.908,-0.465],[102.8935,-0.457],[102.885,-0.4425],[102.8695,-0.442],[102.8565,-0.428],[102.8425,-0.4275],[102.8415,-0.469],[102.8555,-0.4795],[102.8525,-0.5015],[102.87,-0.5015]]]},"properties":{"code":"14.04.05.2009","name":"Karya Tunas Jaya"}},{"type":"Feature","geometry":{"type":"Polygon","coordinates":[[[102.804,-0.5075],[102.8075,-0.4975],[102.796,-0.436],[102.7615,-0.4345],[102.7595,-0.462],[102.7685,-0.478],[102.768,-0.486],[102.7685,-0.4885],[102.778,-0.4985],[102.7905,-0.5],[102.803,-0.506],[102.804,-0.5075]]]},"properties":{"code":"14.04.05.2011","name":"Harapan Jaya"}},{"type":"Feature","geometry":{"type":"Polygon","coordinates":[[[103.2105,-0.127],[103.1995,-0.1235],[103.1845,-0.12],[103.181,-0.1205],[103.1835,-0.1445],[103.1805,-0.1575],[103.181,-0.159],[103.1865,-0.1665],[103.193,-0.1605],[103.2005,-0.169],[103.1985,-0.197],[103.211,-0.196],[103.2115,-0.1735],[103.212,-0.1545],[103.2105,-0.1345],[103.2105,-0.1295],[103.2105,-0.127]]]},"properties":{"code":"14.04.06.1004","name":"Sungaiempat"}},{"type":"Feature","geometry":{"type":"Polygon","coordinates":[[[103.384,-0.24],[103.389,-0.2185],[103.3975,-0.193],[103.402,-0.192],[103.3995,-0.158],[103.3945,-0.1645],[103.3905,-0.1685],[103.3885,-0.1695],[103.3815,-0.1695],[103.366,-0.1795],[103.3515,-0.175],[103.3415,-0.175],[103.336,-0.197],[103.34,-0.2035],[103.3485,-0.2315],[103.3575,-0.2425],[103.371,-0.242],[103.3745,-0.242],[103.381,-0.241],[103.384,-0.24]]]},"properties":{"code":"14.04.06.1005","name":"Telukpinang"}},{"type":"Feature","geometry":{"type":"Polygon","coordinates":[[[103.365,-0.1325],[103.3635,-0.1315],[103.356,-0.132],[103.356,-0.168],[103.3515,-0.175],[103.366,-0.1795],[103.3815,-0.1695],[103.3885,-0.1695],[103.3905,-0.1685],[103.3945,-0.1645],[103.3995,-0.158],[103.374,-0.1415],[103.365,-0.1325]]]},"properties":{"code":"14.04.06.1009","name":"Tanjungharapan"}},{"type":"Feature","geometry":{"type":"Polygon","coordinates":[[[103.4605,-0.113],[103.443,-0.0905],[103.431,-0.0815],[103.428,-0.078],[103.421,-0.0755],[103.4165,-0.0725],[103.4145,-0.069],[103.413,-0.0675],[103.408,-0.0645],[103.4035,-0.0735],[103.406,-0.15],[103.409,-0.1565],[103.409,-0.158],[103.4075,-0.1585],[103.3995,-0.158],[103.402,-0.192],[103.3975,-0.193],[103.389,-0.2185],[103.384,-0.24],[103.3865,-0.2395],[103.409,-0.2325],[103.4375,-0.21],[103.464,-0.1975],[103.4555,-0.184],[103.466,-0.171],[103.471,-0.172],[103.494,-0.158],[103.501,-0.1435],[103.4965,-0.134],[103.469,-0.12],[103.471,-0.116],[103.463,-0.114],[103.4605,-0.113]]]},"properties":{"code":"14.04.06.2001","name":"Kuala Gaung"}},{"type":"Feature","geometry":{"type":"Polygon","coordinates":[[[103.3515,-0.175],[103.356,-0.168],[103.356,-0.132],[103.3425,-0.1375],[103.31,-0.1345],[103.309,-0.1635],[103.312,-0.181],[103.31,-0.1895],[103.315,-0.189],[103.3245,-0.2005],[103.3485,-0.2315],[103.34,-0.2035],[103.336,-0.197],[103.3415,-0.175],[103.3515,-0.175]]]},"properties":{"code":"14.04.06.2002","name":"Telukpantaian"}},{"type":"Feature","geometry":{"type":"Polygon","coordinates":[[[103.2935,-0.126],[103.288,-0.123],[103.2765,-0.118],[103.259,-0.118],[103.2495,-0.1225],[103.2495,-0.14],[103.2505,-0.1935],[103.267,-0.192],[103.2685,-0.1545],[103.2745,-0.145],[103.2805,-0.1385],[103.2865,-0.133],[103.2935,-0.126]]]},"properties":{"code":"14.04.06.2003","name":"Teluksungka"}},{"type":"Feature","geometry":{"type":"Polygon","coordinates":[[[103.31,-0.1345],[103.3025,-0.1325],[103.2935,-0.126],[103.2865,-0.133],[103.2805,-0.1385],[103.2745,-0.145],[103.2685,-0.1545],[103.267,-0.192],[103.31,-0.1895],[103.312,-0.181],[103.309,-0.1635],[103.31,-0.1345]]]},"properties":{"code":"14.04.06.2006","name":"Sungaiiliran"}},{"type":"Feature","geometry":{"type":"Polygon","coordinates":[[[103.2505,-0.1935],[103.2495,-0.14],[103.2495,-0.1225],[103.233,-0.1305],[103.2285,-0.131],[103.229,-0.1765],[103.224,-0.178],[103.229,-0.1945],[103.2505,-0.1935]]]},"properties":{"code":"14.04.06.2007","name":"Teluktuasan"}},{"type":"Feature","geometry":{"type":"Polygon","coordinates":[[[103.126,-0.154],[103.0895,-0.17],[103.088,-0.1435],[102.8265,-0.237],[102.804,-0.2445],[102.8235,-0.2565],[102.8735,-0.29],[102.9345,-0.3295],[102.935,-0.33],[103.0175,-0.2505],[103.0235,-0.2495],[103.0745,-0.2205],[103.133,-0.1975],[103.1495,-0.1985],[103.1415,-0.167],[103.1335,-0.1505],[103.126,-0.154]]]},"properties":{"code":"14.04.06.2008","name":"Rambaian"}},{"type":"Feature","geometry":{"type":"Polygon","coordinates":[[[103.213,-0.128],[103.2105,-0.127],[103.2105,-0.1295],[103.2105,-0.1345],[103.212,-0.1545],[103.2115,-0.1735],[103.224,-0.178],[103.229,-0.1765],[103.2285,-0.131],[103.224,-0.131],[103.213,-0.128]]]},"properties":{"code":"14.04.06.2010","name":"Harapan Makmur"}},{"type":"Feature","geometry":{"type":"Polygon","coordinates":[[[103.1805,-0.1575],[103.1835,-0.1445],[103.181,-0.1205],[103.173,-0.121],[103.1695,-0.123],[103.1565,-0.1285],[103.147,-0.134],[103.125,-0.1335],[103.126,-0.154],[103.1335,-0.1505],[103.1415,-0.167],[103.1495,-0.1985],[103.161,-0.1995],[103.165,-0.199],[103.1675,-0.1725],[103.1735,-0.158],[103.1805,-0.1575]]]},"properties":{"code":"14.04.06.2011","name":"Kelumpang"}},{"type":"Feature","geometry":{"type":"Polygon","coordinates":[[[103.1805,-0.1575],[103.1735,-0.158],[103.1675,-0.1725],[103.165,-0.199],[103.1985,-0.197],[103.2005,-0.169],[103.193,-0.1605],[103.1865,-0.1665],[103.181,-0.159],[103.1805,-0.1575]]]},"properties":{"code":"14.04.06.2012","name":"Idaman"}},{"type":"Feature","geometry":{"type":"Polygon","coordinates":[[[103.584,-0.0245],[103.566,0.002],[103.554,0.0145],[103.5285,0.0355],[103.52,0.0265],[103.505,0.033],[103.4925,0.043],[103.489,0.0405],[103.4755,0.019],[103.485,0.0075],[103.4905,-0.0045],[103.5035,-0.011],[103.527,-0.009],[103.5465,0.0025],[103.563,-0.012],[103.5715,-0.034],[103.584,-0.0245]]]},"properties":{"code":"14.04.07.1004","name":"Khairiah Mandah"}},{"type":"Feature","geometry":{"type":"MultiPolygon","coordinates":[[[[103.514,-0.1055],[103.5135,-0.095],[103.5035,-0.087],[103.4925,-0.0885],[103.487,-0.0985],[103.475,-0.1095],[103.494,-0.1195],[103.5035,-0.119],[103.5045,-0.112],[103.503,-0.108],[103.5035,-0.1065],[103.506,-0.1055],[103.514,-0.1055]]],[[[103.581,-0.0785],[103.5775,-0.074],[103.5425,-0.081],[103.515,-0.096],[103.519,-0.1025],[103.512,-0.107],[103.5065,-0.1065],[103.504,-0.107],[103.505,-0.111],[103.5055,-0.1195],[103.529,-0.123],[103.5515,-0.118],[103.583,-0.103],[103.5925,-0.092],[103.581,-0.0785]]]]},"properties":{"code":"14.04.07.2001","name":"Pulaucawan"}},{"type":"Feature","geometry":{"type":"MultiPolygon","coordinates":[[[[103.6685,-0.0505],[103.6815,-0.041],[103.667,-0.0245],[103.6405,-0.016],[103.638,-0.0195],[103.641,-0.024],[103.642,-0.03],[103.647,-0.043],[103.6555,-0.05],[103.6685,-0.0505]]],[[[103.6245,-0.015],[103.6145,-0.009],[103.5995,-0.02],[103.6165,-0.033],[103.6195,-0.041],[103.64,-0.051],[103.648,-0.0465],[103.64,-0.024],[103.6345,-0.018],[103.6245,-0.015]]],[[[103.6695,0.0045],[103.64,0.0025],[103.6395,0.0165],[103.644,0.0475],[103.6435,0.076],[103.641,0.0975],[103.6235,0.0955],[103.624,0.0735],[103.627,0.0445],[103.628,0.0205],[103.626,0.01],[103.608,0.015],[103.5735,0.0385],[103.5755,0.027],[103.5895,0.011],[103.6035,0.004],[103.614,-0.006],[103.6275,-0.015],[103.6635,-0.0165],[103.669,-0.0225],[103.669,0.0025],[103.6695,0.0045]]]]},"properties":{"code":"14.04.07.2002","name":"Belaras"}},{"type":"Feature","geometry":{"type":"Polygon","coordinates":[[[103.5735,0.0385],[103.5555,0.136],[103.4975,0.1295],[103.501,0.125],[103.4475,0.116],[103.42,0.112],[103.4195,0.116],[103.397,0.1115],[103.4435,0.074],[103.453,0.0705],[103.472,0.0565],[103.49,0.05],[103.492,0.0425],[103.4925,0.043],[103.505,0.033],[103.52,0.0265],[103.5285,0.0355],[103.554,0.0145],[103.566,0.002],[103.584,-0.0245],[103.6065,-0.0135],[103.614,-0.006],[103.6035,0.004],[103.5895,0.011],[103.5755,0.027],[103.5735,0.0385]]]},"properties":{"code":"14.04.07.2003","name":"Bente"}},{"type":"Feature","geometry":{"type":"Polygon","coordinates":[[[103.397,0.1115],[103.3725,0.107],[103.3375,0.1135],[103.3095,0.122],[103.357,0.091],[103.388,0.0655],[103.3935,0.0695],[103.4185,0.038],[103.438,0.0205],[103.443,0.011],[103.4775,-0.0245],[103.476,-0.031],[103.487,-0.0395],[103.521,-0.0745],[103.534,-0.0795],[103.547,-0.0725],[103.566,-0.0695],[103.5745,-0.0625],[103.562,-0.0545],[103.5505,-0.0575],[103.538,-0.054],[103.519,-0.0205],[103.5035,-0.011],[103.4905,-0.0045],[103.485,0.0075],[103.4755,0.019],[103.489,0.0405],[103.492,0.0425],[103.49,0.05],[103.472,0.0565],[103.453,0.0705],[103.4435,0.074],[103.397,0.1115]]]},"properties":{"code":"14.04.07.2005","name":"Igal"}},{"type":"Feature","geometry":{"type":"Polygon","coordinates":[[[103.3095,0.122],[103.3085,0.1145],[103.302,0.0985],[103.274,0.111],[103.2555,0.1155],[103.2055,0.1345],[103.193,0.1085],[103.2385,0.1005],[103.2755,0.0895],[103.2945,0.0815],[103.33,0.0555],[103.365,0.027],[103.4035,0.0055],[103.41,-0.001],[103.426,-0.004],[103.443,0.011],[103.438,0.0205],[103.428,0.0125],[103.4245,0.002],[103.408,0.019],[103.383,0.0315],[103.381,0.049],[103.388,0.0655],[103.357,0.091],[103.3095,0.122]]]},"properties":{"code":"14.04.07.2006","name":"Pelanduk"}},{"type":"Feature","geometry":{"type":"Polygon","coordinates":[[[103.534,-0.0795],[103.521,-0.0745],[103.487,-0.0395],[103.476,-0.031],[103.4775,-0.0245],[103.443,0.011],[103.426,-0.004],[103.41,-0.001],[103.4035,0.0055],[103.3965,0.0015],[103.386,-0.0175],[103.421,-0.048],[103.4465,-0.074],[103.4605,-0.096],[103.4605,-0.113],[103.463,-0.114],[103.471,-0.116],[103.4705,-0.1075],[103.498,-0.0835],[103.514,-0.0915],[103.534,-0.0795]]]},"properties":{"code":"14.04.07.2007","name":"Bakau Aceh"}},{"type":"Feature","geometry":{"type":"Polygon","coordinates":[[[103.386,-0.0175],[103.32,0.0205],[103.316,0.024],[103.301,0.0135],[103.2995,0.013],[103.2985,0.0095],[103.305,0.0085],[103.3215,-0.003],[103.3235,-0.0065],[103.343,-0.0165],[103.3515,-0.02],[103.3655,-0.028],[103.3665,-0.0335],[103.369,-0.0335],[103.372,-0.0335],[103.378,-0.04],[103.3805,-0.041],[103.3865,-0.048],[103.3925,-0.0505],[103.394,-0.0515],[103.4005,-0.0575],[103.401,-0.058],[103.4075,-0.064],[103.413,-0.0675],[103.4145,-0.069],[103.4165,-0.0725],[103.421,-0.0755],[103.428,-0.078],[103.431,-0.0815],[103.443,-0.0905],[103.4605,-0.113],[103.4605,-0.096],[103.4465,-0.074],[103.421,-0.048],[103.386,-0.0175]]]},"properties":{"code":"14.04.07.2008","name":"Batang Tumu"}},{"type":"Feature","geometry":{"type":"Polygon","coordinates":[[[103.7545,-0.013],[103.747,0.021],[103.738,0.0585],[103.7225,0.055],[103.7215,0.053],[103.7045,0.0485],[103.7185,-0.0055],[103.7265,-0.0185],[103.7545,-0.013]]]},"properties":{"code":"14.04.07.2009","name":"Bekawan"}},{"type":"Feature","geometry":{"type":"Polygon","coordinates":[[[103.4035,0.0055],[103.365,0.027],[103.33,0.0555],[103.2945,0.0815],[103.2755,0.0895],[103.2385,0.1005],[103.193,0.1085],[103.183,0.086],[103.216,0.0815],[103.263,0.0695],[103.288,0.0555],[103.311,0.0285],[103.32,0.0205],[103.386,-0.0175],[103.3965,0.0015],[103.4035,0.0055]]]},"properties":{"code":"14.04.07.2010","name":"Bantayan"}},{"type":"Feature","geometry":{"type":"Polygon","coordinates":[[[103.7045,0.0485],[103.7,0.067],[103.6745,0.0665],[103.678,0.05],[103.6705,0.0085],[103.669,0.0025],[103.669,-0.0225],[103.685,-0.0275],[103.7265,-0.0185],[103.7185,-0.0055],[103.7045,0.0485]]]},"properties":{"code":"14.04.07.2011","name":"Batang Sari"}},{"type":"Feature","geometry":{"type":"Polygon","coordinates":[[[103.5715,-0.034],[103.563,-0.012],[103.5465,0.0025],[103.527,-0.009],[103.5035,-0.011],[103.519,-0.0205],[103.538,-0.054],[103.5505,-0.0575],[103.562,-0.0545],[103.5745,-0.0625],[103.581,-0.062],[103.596,-0.042],[103.587,-0.032],[103.5715,-0.034]]]},"properties":{"code":"14.04.07.2012","name":"Bolak Raya"}},{"type":"Feature","geometry":{"type":"Polygon","coordinates":[[[103.669,0.092],[103.667,0.1005],[103.641,0.0975],[103.6435,0.076],[103.644,0.0475],[103.6395,0.0165],[103.64,0.0025],[103.6695,0.0045],[103.6705,0.0085],[103.678,0.05],[103.669,0.092]]]},"properties":{"code":"14.04.07.2013","name":"Cahaya Baru"}},{"type":"Feature","geometry":{"type":"Polygon","coordinates":[[[103.6235,0.0955],[103.608,0.0935],[103.602,0.1415],[103.5555,0.136],[103.5735,0.0385],[103.608,0.015],[103.626,0.01],[103.628,0.0205],[103.627,0.0445],[103.624,0.0735],[103.6235,0.0955]]]},"properties":{"code":"14.04.07.2014","name":"Belaras Barat"}},{"type":"Feature","geometry":{"type":"Polygon","coordinates":[[[103.316,0.024],[103.311,0.0285],[103.288,0.0555],[103.263,0.0695],[103.216,0.0815],[103.183,0.086],[103.1705,0.06],[103.1825,0.06],[103.2165,0.0585],[103.259,0.046],[103.273,0.036],[103.2835,0.0215],[103.2855,0.02],[103.293,0.0155],[103.296,0.0135],[103.2995,0.013],[103.301,0.0135],[103.316,0.024]]]},"properties":{"code":"14.04.07.2015","name":"Sepakat Jaya"}},{"type":"Feature","geometry":{"type":"Polygon","coordinates":[[[103.438,0.0205],[103.4185,0.038],[103.3935,0.0695],[103.388,0.0655],[103.381,0.049],[103.383,0.0315],[103.408,0.019],[103.4245,0.002],[103.428,0.0125],[103.438,0.0205]]]},"properties":{"code":"14.04.07.2016","name":"Suraya Mandiri"}},{"type":"Feature","geometry":{"type":"Polygon","coordinates":[[[103.7545,-0.013],[103.762,-0.009],[103.809,-0.011],[103.813,-0.006],[103.8105,0.0085],[103.788,0.0535],[103.777,0.0915],[103.734,0.0755],[103.747,0.021],[103.7545,-0.013]]]},"properties":{"code":"14.04.07.2017","name":"Bidari Tanjung Datuk"}},{"type":"Feature","geometry":{"type":"Polygon","coordinates":[[[103.6365,0.286],[103.6155,0.304],[103.6145,0.3045],[103.6105,0.3055],[103.61,0.3035],[103.6055,0.2985],[103.603,0.297],[103.6045,0.2915],[103.612,0.2815],[103.6085,0.2795],[103.605,0.284],[103.593,0.2785],[103.571,0.273],[103.548,0.2695],[103.5525,0.251],[103.5855,0.2675],[103.618,0.27],[103.6205,0.2615],[103.6315,0.259],[103.6365,0.286]]]},"properties":{"code":"14.04.08.1001","name":"Tegaraja"}},{"type":"Feature","geometry":{"type":"Polygon","coordinates":[[[103.702,0.247],[103.6905,0.258],[103.6365,0.286],[103.6315,0.259],[103.6205,0.2615],[103.6185,0.2605],[103.6545,0.235],[103.6705,0.243],[103.689,0.2465],[103.702,0.247]]]},"properties":{"code":"14.04.08.1009","name":"Amal Bakti"}},{"type":"Feature","geometry":{"type":"Polygon","coordinates":[[[103.649,0.337],[103.634,0.342],[103.6095,0.3455],[103.611,0.307],[103.6105,0.3055],[103.6145,0.3045],[103.6155,0.304],[103.6365,0.286],[103.641,0.2945],[103.6415,0.317],[103.649,0.337]]]},"properties":{"code":"14.04.08.1010","name":"Bandar Sri Gemilang"}},{"type":"Feature","geometry":{"type":"Polygon","coordinates":[[[103.769,0.1405],[103.764,0.1885],[103.754,0.2205],[103.735,0.259],[103.722,0.2495],[103.716,0.2485],[103.725,0.2465],[103.7255,0.246],[103.7255,0.242],[103.7215,0.2095],[103.7055,0.1825],[103.6835,0.1245],[103.7125,0.127],[103.75,0.139],[103.769,0.1405]]]},"properties":{"code":"14.04.08.2002","name":"Kuala Selat"}},{"type":"Feature","geometry":{"type":"Polygon","coordinates":[[[103.777,0.0915],[103.772,0.1195],[103.704,0.099],[103.669,0.092],[103.6745,0.0665],[103.7,0.067],[103.7045,0.0485],[103.7215,0.053],[103.7225,0.055],[103.738,0.0585],[103.734,0.0755],[103.777,0.0915]]]},"properties":{"code":"14.04.08.2003","name":"Sungaisimbar"}},{"type":"Feature","geometry":{"type":"Polygon","coordinates":[[[103.6185,0.2605],[103.6085,0.262],[103.616,0.1835],[103.6245,0.1845],[103.63,0.134],[103.641,0.133],[103.6835,0.1245],[103.7055,0.1825],[103.7215,0.2095],[103.7255,0.242],[103.7255,0.246],[103.725,0.2465],[103.716,0.2485],[103.7065,0.247],[103.689,0.2465],[103.6705,0.243],[103.6545,0.235],[103.6185,0.2605]]]},"properties":{"code":"14.04.08.2004","name":"Penjuru"}},{"type":"Feature","geometry":{"type":"Polygon","coordinates":[[[103.5635,0.2975],[103.549,0.3145],[103.548,0.373],[103.546,0.372],[103.541,0.3675],[103.5385,0.367],[103.5205,0.3575],[103.4965,0.3505],[103.494,0.35],[103.485,0.351],[103.4835,0.3515],[103.483,0.352],[103.4825,0.352],[103.4805,0.332],[103.491,0.3335],[103.506,0.3295],[103.5045,0.293],[103.535,0.2825],[103.547,0.2855],[103.56,0.282],[103.563,0.297],[103.5635,0.2975]]]},"properties":{"code":"14.04.08.2005","name":"Sari Mulia"}},{"type":"Feature","geometry":{"type":"Polygon","coordinates":[[[103.6095,0.3455],[103.5895,0.3885],[103.586,0.3865],[103.586,0.3845],[103.581,0.384],[103.58,0.384],[103.576,0.382],[103.575,0.3815],[103.573,0.382],[103.571,0.383],[103.568,0.383],[103.565,0.3825],[103.563,0.382],[103.562,0.3815],[103.56,0.3805],[103.5495,0.374],[103.548,0.373],[103.549,0.3145],[103.5635,0.2975],[103.564,0.2985],[103.5865,0.295],[103.602,0.2965],[103.6055,0.2985],[103.61,0.3035],[103.611,0.307],[103.6095,0.3455]]]},"properties":{"code":"14.04.08.2006","name":"Air Tawar"}},{"type":"Feature","geometry":{"type":"Polygon","coordinates":[[[103.603,0.297],[103.602,0.2965],[103.5865,0.295],[103.564,0.2985],[103.563,0.297],[103.56,0.282],[103.547,0.2855],[103.535,0.2825],[103.5045,0.293],[103.496,0.293],[103.495,0.2945],[103.4875,0.285],[103.4905,0.2715],[103.5095,0.2705],[103.526,0.2725],[103.5275,0.267],[103.571,0.273],[103.593,0.2785],[103.605,0.284],[103.6085,0.2795],[103.612,0.2815],[103.6045,0.2915],[103.603,0.297]]]},"properties":{"code":"14.04.08.2007","name":"Tanjungraja"}},{"type":"Feature","geometry":{"type":"Polygon","coordinates":[[[103.735,0.259],[103.73,0.2695],[103.7095,0.3],[103.681,0.323],[103.649,0.337],[103.6415,0.317],[103.641,0.2945],[103.6365,0.286],[103.6905,0.258],[103.702,0.247],[103.7065,0.247],[103.722,0.2495],[103.735,0.259]]]},"properties":{"code":"14.04.08.2008","name":"Sungaiteritip"}},{"type":"Feature","geometry":{"type":"Polygon","coordinates":[[[103.772,0.1195],[103.769,0.1405],[103.75,0.139],[103.7125,0.127],[103.6835,0.1245],[103.641,0.133],[103.63,0.134],[103.6345,0.0965],[103.667,0.1005],[103.669,0.092],[103.704,0.099],[103.772,0.1195]]]},"properties":{"code":"14.04.08.2011","name":"Makmur Jaya"}},{"type":"Feature","geometry":{"type":"Polygon","coordinates":[[[102.9825,-0.705],[102.9615,-0.707],[102.938,-0.723],[102.9305,-0.739],[102.952,-0.748],[102.9565,-0.7475],[102.958,-0.749],[102.952,-0.753],[102.952,-0.757],[102.958,-0.7595],[102.962,-0.7625],[102.9625,-0.767],[102.972,-0.7755],[102.9825,-0.786],[102.9905,-0.7735],[102.997,-0.764],[102.9875,-0.7305],[102.9855,-0.706],[102.9845,-0.7055],[102.9825,-0.705]]]},"properties":{"code":"14.04.09.1003","name":"Kota Baru Reteh"}},{"type":"Feature","geometry":{"type":"Polygon","coordinates":[[[103.0355,-0.604],[103.0325,-0.586],[103.0195,-0.5905],[102.9865,-0.602],[102.968,-0.6045],[102.968,-0.6225],[102.957,-0.624],[102.9535,-0.6255],[102.9775,-0.681],[102.9825,-0.705],[102.9845,-0.7055],[102.9875,-0.706],[103.017,-0.6945],[103.0365,-0.685],[103.0385,-0.684],[103.0415,-0.6835],[103.049,-0.671],[103.045,-0.653],[103.0355,-0.604]]]},"properties":{"code":"14.04.09.2001","name":"Pebenaan"}},{"type":"Feature","geometry":{"type":"Polygon","coordinates":[[[103.0395,-0.7555],[103.039,-0.753],[103.0385,-0.753],[103.0375,-0.7335],[103.0385,-0.699],[103.038,-0.6945],[103.0365,-0.685],[103.017,-0.6945],[102.9875,-0.706],[102.9855,-0.706],[102.9875,-0.7305],[102.997,-0.764],[103.0035,-0.7545],[103.014,-0.7545],[103.0345,-0.7555],[103.0395,-0.7555]]]},"properties":{"code":"14.04.09.2002","name":"Seberang Pebenaan"}},{"type":"Feature","geometry":{"type":"Polygon","coordinates":[[[102.9825,-0.705],[102.9775,-0.681],[102.9695,-0.662],[102.941,-0.669],[102.942,-0.6725],[102.9195,-0.6785],[102.9205,-0.682],[102.9035,-0.6855],[102.907,-0.697],[102.929,-0.74],[102.9305,-0.739],[102.938,-0.723],[102.9615,-0.707],[102.9825,-0.705]]]},"properties":{"code":"14.04.09.2004","name":"Nusantara Jaya"}},{"type":"Feature","geometry":{"type":"Polygon","coordinates":[[[102.9625,-0.767],[102.962,-0.7625],[102.958,-0.7595],[102.952,-0.757],[102.952,-0.753],[102.958,-0.749],[102.9565,-0.7475],[102.952,-0.748],[102.9305,-0.739],[102.929,-0.74],[102.9215,-0.743],[102.911,-0.746],[102.918,-0.782],[102.923,-0.794],[102.926,-0.792],[102.9335,-0.7875],[102.9475,-0.788],[102.949,-0.7855],[102.9485,-0.784],[102.9445,-0.7795],[102.952,-0.7785],[102.9625,-0.767]]]},"properties":{"code":"14.04.09.2005","name":"Kota Baru Seberida"}},{"type":"Feature","geometry":{"type":"Polygon","coordinates":[[[102.888,-0.6265],[102.886,-0.626],[102.877,-0.6265],[102.8775,-0.6585],[102.881,-0.712],[102.8775,-0.7395],[102.8775,-0.7455],[102.8815,-0.746],[102.911,-0.746],[102.9215,-0.743],[102.929,-0.74],[102.907,-0.697],[102.888,-0.6265]]]},"properties":{"code":"14.04.09.2006","name":"Kembang Mekarsari"}},{"type":"Feature","geometry":{"type":"Polygon","coordinates":[[[102.911,-0.746],[102.8815,-0.746],[102.8775,-0.7455],[102.8755,-0.7445],[102.8785,-0.7505],[102.88,-0.8265],[102.8825,-0.8295],[102.8875,-0.817],[102.8875,-0.802],[102.885,-0.7985],[102.8845,-0.7945],[102.9035,-0.7865],[102.9065,-0.7935],[102.912,-0.794],[102.9165,-0.7935],[102.918,-0.782],[102.911,-0.746]]]},"properties":{"code":"14.04.09.2007","name":"Pasar Kembang"}},{"type":"Feature","geometry":{"type":"Polygon","coordinates":[[[102.8755,-0.7445],[102.8775,-0.7395],[102.881,-0.712],[102.8715,-0.73],[102.8445,-0.735],[102.781,-0.7725],[102.8375,-0.8045],[102.88,-0.8265],[102.8785,-0.7505],[102.8755,-0.7445]]]},"properties":{"code":"14.04.09.2008","name":"Kuala Keritang"}},{"type":"Feature","geometry":{"type":"Polygon","coordinates":[[[102.877,-0.6265],[102.87,-0.6265],[102.846,-0.6285],[102.836,-0.617],[102.829,-0.6395],[102.832,-0.6555],[102.833,-0.6885],[102.8315,-0.706],[102.835,-0.7065],[102.843,-0.7095],[102.8435,-0.711],[102.843,-0.713],[102.8415,-0.7145],[102.8335,-0.7205],[102.828,-0.7335],[102.8175,-0.7405],[102.801,-0.745],[102.788,-0.739],[102.7795,-0.7405],[102.754,-0.757],[102.781,-0.7725],[102.8445,-0.735],[102.8715,-0.73],[102.881,-0.712],[102.8775,-0.6585],[102.877,-0.6265]]]},"properties":{"code":"14.04.09.2009","name":"Kuala Lemang"}},{"type":"Feature","geometry":{"type":"Polygon","coordinates":[[[102.836,-0.617],[102.8345,-0.6045],[102.8325,-0.6025],[102.814,-0.646],[102.812,-0.647],[102.8065,-0.651],[102.8065,-0.658],[102.796,-0.681],[102.7945,-0.686],[102.795,-0.688],[102.803,-0.693],[102.817,-0.704],[102.8285,-0.706],[102.8315,-0.706],[102.833,-0.6885],[102.832,-0.6555],[102.829,-0.6395],[102.836,-0.617]]]},"properties":{"code":"14.04.09.2010","name":"Telukkelasa"}},{"type":"Feature","geometry":{"type":"Polygon","coordinates":[[[102.767,-0.5705],[102.7335,-0.5565],[102.7405,-0.5935],[102.7545,-0.609],[102.7505,-0.624],[102.75,-0.6535],[102.7455,-0.667],[102.731,-0.7535],[102.735,-0.752],[102.754,-0.757],[102.769,-0.6825],[102.794,-0.655],[102.8065,-0.651],[102.812,-0.647],[102.814,-0.646],[102.8325,-0.6025],[102.8285,-0.5985],[102.826,-0.5945],[102.767,-0.5705]]]},"properties":{"code":"14.04.09.2011","name":"Pengalihan"}},{"type":"Feature","geometry":{"type":"Polygon","coordinates":[[[102.7335,-0.5565],[102.718,-0.55],[102.7155,-0.5495],[102.7175,-0.553],[102.7145,-0.564],[102.686,-0.564],[102.6865,-0.6085],[102.6905,-0.653],[102.706,-0.651],[102.708,-0.653],[102.7175,-0.657],[102.7175,-0.762],[102.724,-0.7575],[102.7275,-0.754],[102.731,-0.7535],[102.7455,-0.667],[102.75,-0.6535],[102.7505,-0.624],[102.7545,-0.609],[102.7405,-0.5935],[102.7335,-0.5565]]]},"properties":{"code":"14.04.09.2012","name":"Pancur"}},{"type":"Feature","geometry":{"type":"Polygon","coordinates":[[[102.7175,-0.7005],[102.7175,-0.657],[102.708,-0.653],[102.706,-0.651],[102.6905,-0.653],[102.6665,-0.6725],[102.6615,-0.6745],[102.683,-0.7025],[102.6955,-0.69],[102.699,-0.7005],[102.7175,-0.7005]]]},"properties":{"code":"14.04.09.2013","name":"Sencalang"}},{"type":"Feature","geometry":{"type":"Polygon","coordinates":[[[102.7175,-0.7005],[102.699,-0.7005],[102.6955,-0.69],[102.683,-0.7025],[102.6615,-0.6745],[102.6585,-0.676],[102.6475,-0.687],[102.642,-0.7075],[102.6415,-0.7075],[102.6415,-0.709],[102.642,-0.726],[102.637,-0.739],[102.637,-0.7405],[102.636,-0.7405],[102.6365,-0.741],[102.638,-0.7435],[102.638,-0.744],[102.6375,-0.7445],[102.668,-0.7635],[102.6765,-0.7775],[102.674,-0.784],[102.6745,-0.7835],[102.692,-0.781],[102.7055,-0.7755],[102.7135,-0.7645],[102.7175,-0.762],[102.7175,-0.7005]]]},"properties":{"code":"14.04.09.2014","name":"Petalongan"}},{"type":"Feature","geometry":{"type":"Polygon","coordinates":[[[102.8065,-0.651],[102.794,-0.655],[102.769,-0.6825],[102.754,-0.757],[102.7795,-0.7405],[102.788,-0.739],[102.801,-0.745],[102.8175,-0.7405],[102.828,-0.7335],[102.8335,-0.7205],[102.8415,-0.7145],[102.843,-0.713],[102.8435,-0.711],[102.843,-0.7095],[102.835,-0.7065],[102.8285,-0.706],[102.817,-0.704],[102.803,-0.693],[102.795,-0.688],[102.7945,-0.686],[102.796,-0.681],[102.8065,-0.658],[102.8065,-0.651]]]},"properties":{"code":"14.04.09.2015","name":"Nyiur Permai"}},{"type":"Feature","geometry":{"type":"Polygon","coordinates":[[[102.9535,-0.6255],[102.947,-0.6285],[102.9335,-0.635],[102.916,-0.6235],[102.8885,-0.6265],[102.888,-0.6265],[102.9035,-0.6855],[102.9205,-0.682],[102.9195,-0.6785],[102.942,-0.6725],[102.941,-0.669],[102.9695,-0.662],[102.9535,-0.6255]]]},"properties":{"code":"14.04.09.2016","name":"Lintas Utara"}},{"type":"Feature","geometry":{"type":"Polygon","coordinates":[[[102.9625,-0.767],[102.952,-0.7785],[102.9445,-0.7795],[102.9485,-0.784],[102.949,-0.7855],[102.9475,-0.788],[102.9335,-0.7875],[102.926,-0.792],[102.923,-0.794],[102.9165,-0.7935],[102.912,-0.794],[102.9065,-0.7935],[102.9035,-0.7865],[102.8845,-0.7945],[102.885,-0.7985],[102.8875,-0.802],[102.8875,-0.817],[102.8825,-0.8295],[102.917,-0.876],[102.928,-0.866],[102.964,-0.8115],[102.9825,-0.786],[102.972,-0.7755],[102.9625,-0.767]]]},"properties":{"code":"14.04.09.2017","name":"Kayu Raja"}},{"type":"Feature","geometry":{"type":"Polygon","coordinates":[[[103.4215,-0.526],[103.403,-0.5215],[103.393,-0.5155],[103.392,-0.514],[103.3745,-0.5155],[103.3715,-0.5155],[103.3465,-0.536],[103.355,-0.5575],[103.3645,-0.568],[103.3655,-0.5675],[103.383,-0.559],[103.4125,-0.552],[103.438,-0.5525],[103.438,-0.5385],[103.4215,-0.526]]]},"properties":{"code":"14.04.10.1001","name":"Kuala Enok"}},{"type":"Feature","geometry":{"type":"Polygon","coordinates":[[[103.3465,-0.536],[103.3155,-0.506],[103.299,-0.51],[103.3025,-0.515],[103.2885,-0.5435],[103.303,-0.545],[103.306,-0.553],[103.306,-0.5755],[103.31,-0.593],[103.324,-0.5875],[103.3445,-0.5735],[103.3645,-0.568],[103.355,-0.5575],[103.3465,-0.536]]]},"properties":{"code":"14.04.10.2002","name":"Selatnama"}},{"type":"Feature","geometry":{"type":"MultiPolygon","coordinates":[[[[103.28,-0.5245],[103.2525,-0.5155],[103.2485,-0.514],[103.247,-0.5735],[103.2535,-0.577],[103.292,-0.596],[103.2995,-0.595],[103.3045,-0.595],[103.31,-0.593],[103.306,-0.5755],[103.306,-0.553],[103.303,-0.545],[103.2885,-0.5435],[103.278,-0.537],[103.2805,-0.5295],[103.2815,-0.5265],[103.28,-0.5245]]],[[[103.286,-0.4525],[103.2695,-0.447],[103.2715,-0.4225],[103.2425,-0.4225],[103.2445,-0.428],[103.247,-0.4405],[103.247,-0.464],[103.253,-0.4875],[103.2575,-0.4925],[103.2735,-0.499],[103.292,-0.5005],[103.299,-0.51],[103.3155,-0.506],[103.3025,-0.479],[103.2955,-0.457],[103.2935,-0.4535],[103.288,-0.453],[103.286,-0.4525]]]]},"properties":{"code":"14.04.10.2003","name":"Sungainyiur"}},{"type":"Feature","geometry":{"type":"Polygon","coordinates":[[[103.3335,-0.4125],[103.3075,-0.411],[103.2925,-0.4135],[103.2925,-0.4225],[103.2715,-0.4225],[103.2695,-0.447],[103.286,-0.4525],[103.288,-0.453],[103.2935,-0.4535],[103.2955,-0.457],[103.3025,-0.479],[103.313,-0.501],[103.3295,-0.5005],[103.3305,-0.4705],[103.3365,-0.4765],[103.364,-0.472],[103.3645,-0.4565],[103.3595,-0.4485],[103.366,-0.4395],[103.367,-0.434],[103.366,-0.434],[103.364,-0.434],[103.3585,-0.435],[103.3425,-0.4385],[103.333,-0.4395],[103.3275,-0.432],[103.333,-0.416],[103.3335,-0.4125]]]},"properties":{"code":"14.04.10.2004","name":"Tanjungbaru"}},{"type":"Feature","geometry":{"type":"Polygon","coordinates":[[[103.315,-0.3645],[103.276,-0.3525],[103.275,-0.388],[103.272,-0.422],[103.2715,-0.4225],[103.2925,-0.4225],[103.2925,-0.4135],[103.3075,-0.411],[103.3335,-0.4125],[103.3345,-0.4075],[103.31,-0.3895],[103.3075,-0.3795],[103.315,-0.3645]]]},"properties":{"code":"14.04.10.2005","name":"Tekulai Hilir"}},{"type":"Feature","geometry":{"type":"Polygon","coordinates":[[[103.275,-0.3895],[103.2675,-0.3895],[103.2655,-0.3895],[103.2565,-0.3855],[103.23,-0.385],[103.2425,-0.4225],[103.2715,-0.4225],[103.272,-0.422],[103.275,-0.3895]]]},"properties":{"code":"14.04.10.2006","name":"Tekulai Hulu"}},{"type":"Feature","geometry":{"type":"Polygon","coordinates":[[[103.2765,-0.35],[103.271,-0.346],[103.255,-0.3075],[103.247,-0.3025],[103.245,-0.3455],[103.224,-0.368],[103.23,-0.385],[103.2565,-0.3855],[103.2655,-0.3895],[103.2675,-0.3895],[103.275,-0.3895],[103.276,-0.3525],[103.2765,-0.35]]]},"properties":{"code":"14.04.10.2007","name":"Tekulai Bugis"}},{"type":"Feature","geometry":{"type":"Polygon","coordinates":[[[103.4495,-0.4365],[103.446,-0.435],[103.436,-0.4335],[103.386,-0.4135],[103.361,-0.4005],[103.337,-0.383],[103.315,-0.3645],[103.3075,-0.3795],[103.31,-0.3895],[103.3345,-0.4075],[103.333,-0.416],[103.3275,-0.432],[103.333,-0.4395],[103.3425,-0.4385],[103.3585,-0.435],[103.364,-0.434],[103.366,-0.434],[103.3685,-0.4345],[103.374,-0.4395],[103.379,-0.471],[103.385,-0.488],[103.391,-0.512],[103.393,-0.5155],[103.403,-0.5215],[103.4215,-0.526],[103.4215,-0.522],[103.452,-0.51],[103.473,-0.506],[103.465,-0.482],[103.4545,-0.467],[103.4495,-0.45],[103.4495,-0.4365]]]},"properties":{"code":"14.04.10.2008","name":"Tanjungpasir"}},{"type":"Feature","geometry":{"type":"Polygon","coordinates":[[[103.392,-0.514],[103.391,-0.512],[103.385,-0.488],[103.379,-0.471],[103.374,-0.4395],[103.3685,-0.4345],[103.367,-0.434],[103.366,-0.4395],[103.3595,-0.4485],[103.3645,-0.4565],[103.364,-0.472],[103.3365,-0.4765],[103.3305,-0.4705],[103.3295,-0.5005],[103.313,-0.501],[103.3155,-0.506],[103.3465,-0.536],[103.3715,-0.5155],[103.3745,-0.5155],[103.392,-0.514]]]},"properties":{"code":"14.04.10.2009","name":"Tanah Merah"}},{"type":"Feature","geometry":{"type":"Polygon","coordinates":[[[103.567,-0.4825],[103.5465,-0.4705],[103.5295,-0.465],[103.509,-0.463],[103.484,-0.448],[103.4595,-0.443],[103.456,-0.439],[103.4495,-0.4365],[103.4495,-0.45],[103.4545,-0.467],[103.465,-0.482],[103.473,-0.506],[103.498,-0.515],[103.5105,-0.5165],[103.529,-0.512],[103.5435,-0.5035],[103.567,-0.4825]]]},"properties":{"code":"14.04.10.2010","name":"Sungailaut"}},{"type":"Feature","geometry":{"type":"Polygon","coordinates":[[[103.2905,-0.2445],[103.2945,-0.223],[103.29,-0.2165],[103.2875,-0.2165],[103.269,-0.2115],[103.2675,-0.21],[103.2595,-0.2175],[103.258,-0.2165],[103.23,-0.228],[103.237,-0.238],[103.2415,-0.253],[103.2545,-0.261],[103.255,-0.2605],[103.2665,-0.245],[103.2785,-0.241],[103.285,-0.2425],[103.2905,-0.2445]]]},"properties":{"code":"14.04.11.1001","name":"Sungaipiring"}},{"type":"Feature","geometry":{"type":"Polygon","coordinates":[[[103.1785,-0.207],[103.174,-0.1985],[103.161,-0.1995],[103.1625,-0.2455],[103.176,-0.2545],[103.172,-0.26],[103.173,-0.262],[103.173,-0.2635],[103.174,-0.2645],[103.1775,-0.267],[103.1815,-0.267],[103.186,-0.2695],[103.1935,-0.276],[103.201,-0.2795],[103.215,-0.2795],[103.2215,-0.278],[103.2185,-0.271],[103.218,-0.2635],[103.1915,-0.2325],[103.1785,-0.207]]]},"properties":{"code":"14.04.11.2002","name":"Sungailuar"}},{"type":"Feature","geometry":{"type":"Polygon","coordinates":[[[103.23,-0.228],[103.2145,-0.208],[103.1785,-0.207],[103.1915,-0.2325],[103.218,-0.2635],[103.2185,-0.271],[103.2215,-0.278],[103.226,-0.2765],[103.23,-0.275],[103.2315,-0.2745],[103.235,-0.273],[103.248,-0.267],[103.2505,-0.2655],[103.252,-0.264],[103.2545,-0.261],[103.2415,-0.253],[103.237,-0.238],[103.23,-0.228]]]},"properties":{"code":"14.04.11.2003","name":"Sungaidusun"}},{"type":"Feature","geometry":{"type":"Polygon","coordinates":[[[103.131,-0.2695],[103.126,-0.2625],[103.1225,-0.2545],[103.1015,-0.2425],[103.0745,-0.2205],[103.0235,-0.2495],[103.032,-0.27],[103.046,-0.296],[103.064,-0.289],[103.0795,-0.2975],[103.0975,-0.295],[103.1035,-0.305],[103.11,-0.3025],[103.113,-0.303],[103.115,-0.303],[103.116,-0.303],[103.1205,-0.301],[103.122,-0.3005],[103.123,-0.299],[103.1245,-0.2975],[103.117,-0.292],[103.1135,-0.29],[103.102,-0.2805],[103.101,-0.2745],[103.131,-0.2695]]]},"properties":{"code":"14.04.11.2004","name":"Sungaijunjangan"}},{"type":"Feature","geometry":{"type":"Polygon","coordinates":[[[103.1035,-0.305],[103.0975,-0.295],[103.0795,-0.2975],[103.064,-0.289],[103.046,-0.296],[103.0455,-0.3095],[103.0665,-0.327],[103.089,-0.3525],[103.0915,-0.351],[103.0965,-0.3435],[103.1,-0.3225],[103.098,-0.3185],[103.098,-0.3175],[103.0995,-0.3125],[103.1,-0.31],[103.1015,-0.3075],[103.1035,-0.305]]]},"properties":{"code":"14.04.11.2005","name":"Sungairaya"}},{"type":"Feature","geometry":{"type":"Polygon","coordinates":[[[103.046,-0.296],[103.0415,-0.3065],[103.0275,-0.32],[103.0115,-0.3085],[103.0085,-0.301],[103.0015,-0.2945],[102.997,-0.2885],[102.9905,-0.2795],[102.9895,-0.2775],[102.935,-0.33],[102.9905,-0.3935],[102.9945,-0.394],[102.996,-0.393],[103.007,-0.3825],[103.004,-0.3615],[103.015,-0.348],[103.028,-0.3375],[103.0445,-0.338],[103.066,-0.3585],[103.089,-0.3525],[103.0665,-0.327],[103.0455,-0.3095],[103.046,-0.296]]]},"properties":{"code":"14.04.11.2006","name":"Kuala Sebatu"}},{"type":"Feature","geometry":{"type":"Polygon","coordinates":[[[103.138,-0.2795],[103.131,-0.2695],[103.101,-0.2745],[103.102,-0.2805],[103.1135,-0.29],[103.117,-0.292],[103.1245,-0.2975],[103.1255,-0.293],[103.126,-0.2915],[103.127,-0.29],[103.1335,-0.283],[103.138,-0.2795]]]},"properties":{"code":"14.04.11.2007","name":"Tanjungsiantar"}},{"type":"Feature","geometry":{"type":"Polygon","coordinates":[[[103.151,-0.2735],[103.153,-0.261],[103.148,-0.25],[103.133,-0.239],[103.1305,-0.227],[103.133,-0.1975],[103.0745,-0.2205],[103.1015,-0.2425],[103.1225,-0.2545],[103.126,-0.2625],[103.138,-0.2795],[103.139,-0.2785],[103.147,-0.275],[103.151,-0.2735]]]},"properties":{"code":"14.04.11.2008","name":"Sungairawa"}},{"type":"Feature","geometry":{"type":"Polygon","coordinates":[[[103.3485,-0.2315],[103.3245,-0.2005],[103.318,-0.193],[103.317,-0.199],[103.3095,-0.2205],[103.3045,-0.2375],[103.3025,-0.248],[103.305,-0.248],[103.3405,-0.2465],[103.3465,-0.245],[103.3575,-0.2425],[103.3485,-0.2315]]]},"properties":{"code":"14.04.11.2009","name":"Sialang Jaya"}},{"type":"Feature","geometry":{"type":"Polygon","coordinates":[[[103.318,-0.193],[103.315,-0.189],[103.2505,-0.1935],[103.269,-0.2115],[103.2875,-0.2165],[103.29,-0.2165],[103.2945,-0.223],[103.2905,-0.2445],[103.299,-0.247],[103.3025,-0.248],[103.3045,-0.2375],[103.3095,-0.2205],[103.317,-0.199],[103.318,-0.193]]]},"properties":{"code":"14.04.11.2010","name":"Gemilang Jaya"}},{"type":"Feature","geometry":{"type":"Polygon","coordinates":[[[103.224,-0.178],[103.2115,-0.1735],[103.211,-0.196],[103.174,-0.1985],[103.1785,-0.207],[103.2145,-0.208],[103.23,-0.228],[103.258,-0.2165],[103.2595,-0.2175],[103.2675,-0.21],[103.2505,-0.1935],[103.229,-0.1945],[103.224,-0.178]]]},"properties":{"code":"14.04.11.2011","name":"Tasik Raya"}},{"type":"Feature","geometry":{"type":"Polygon","coordinates":[[[103.046,-0.296],[103.032,-0.27],[103.0235,-0.2495],[103.0175,-0.2505],[102.9895,-0.2775],[102.9905,-0.2795],[102.997,-0.2885],[103.0015,-0.2945],[103.0085,-0.301],[103.0115,-0.3085],[103.0275,-0.32],[103.0415,-0.3065],[103.046,-0.296]]]},"properties":{"code":"14.04.11.2012","name":"Pasir Emas"}},{"type":"Feature","geometry":{"type":"Polygon","coordinates":[[[103.1495,-0.1985],[103.133,-0.1975],[103.1305,-0.227],[103.133,-0.239],[103.148,-0.25],[103.153,-0.261],[103.151,-0.2735],[103.174,-0.267],[103.1775,-0.267],[103.174,-0.2645],[103.173,-0.2635],[103.173,-0.262],[103.172,-0.26],[103.176,-0.2545],[103.1625,-0.2455],[103.161,-0.1995],[103.1495,-0.1985]]]},"properties":{"code":"14.04.11.2013","name":"Simpang Jaya"}},{"type":"Feature","geometry":{"type":"Polygon","coordinates":[[[103.3565,-0.0925],[103.353,-0.083],[103.351,-0.0765],[103.3285,-0.097],[103.3205,-0.089],[103.322,-0.109],[103.3245,-0.114],[103.3255,-0.117],[103.328,-0.1165],[103.3415,-0.1025],[103.3465,-0.097],[103.354,-0.093],[103.3565,-0.0925]]]},"properties":{"code":"14.04.12.1006","name":"Kuala Lahang"}},{"type":"Feature","geometry":{"type":"Polygon","coordinates":[[[103.344,-0.0175],[103.333,-0.0285],[103.306,-0.013],[103.301,-0.017],[103.3495,-0.0455],[103.3425,-0.0565],[103.3485,-0.066],[103.353,-0.083],[103.3565,-0.0925],[103.363,-0.092],[103.365,-0.1325],[103.374,-0.1415],[103.3995,-0.158],[103.4075,-0.1585],[103.409,-0.158],[103.409,-0.1565],[103.406,-0.15],[103.4035,-0.0735],[103.408,-0.0645],[103.4075,-0.064],[103.401,-0.058],[103.4005,-0.0575],[103.394,-0.0515],[103.3925,-0.0505],[103.3865,-0.048],[103.3805,-0.041],[103.378,-0.04],[103.372,-0.0335],[103.369,-0.0335],[103.3665,-0.0335],[103.3655,-0.028],[103.3515,-0.02],[103.344,-0.0175]]]},"properties":{"code":"14.04.12.2001","name":"Terusan Kempas"}},{"type":"Feature","geometry":{"type":"Polygon","coordinates":[[[103.365,-0.1325],[103.363,-0.092],[103.354,-0.093],[103.3465,-0.097],[103.3415,-0.1025],[103.328,-0.1165],[103.3245,-0.117],[103.3175,-0.117],[103.314,-0.1165],[103.31,-0.1345],[103.3425,-0.1375],[103.3565,-0.132],[103.3635,-0.1315],[103.365,-0.1325]]]},"properties":{"code":"14.04.12.2002","name":"Lahang Baru"}},{"type":"Feature","geometry":{"type":"Polygon","coordinates":[[[103.0735,0.0535],[102.963,0.079],[102.8605,0.117],[102.8355,0.138],[102.837,0.1395],[102.8325,0.144],[102.7875,0.1185],[102.717,0.0935],[102.717,-0.101],[102.719,-0.103],[102.7225,-0.1075],[102.726,-0.114],[102.7255,-0.1185],[102.822,-0.146],[102.8355,-0.1455],[102.8905,-0.1275],[102.938,-0.1145],[102.961,-0.1105],[103.023,-0.1115],[103.046,-0.105],[103.0735,-0.106],[103.084,-0.099],[103.094,-0.1045],[103.102,-0.1205],[103.1045,-0.119],[103.1035,-0.1085],[103.103,-0.1005],[103.112,-0.0965],[103.1285,-0.1015],[103.1345,-0.0755],[103.13,-0.0565],[103.084,0.0375],[103.0735,0.0535]]]},"properties":{"code":"14.04.12.2003","name":"Simpang Gaung"}},{"type":"Feature","geometry":{"type":"Polygon","coordinates":[[[103.1185,0.048],[103.096,0.048],[103.128,-0.027],[103.133,-0.0415],[103.1395,-0.0465],[103.139,-0.051],[103.1425,-0.0505],[103.145,-0.0465],[103.1425,-0.0545],[103.1415,-0.0595],[103.1465,-0.0615],[103.1505,-0.058],[103.1615,-0.059],[103.165,-0.0755],[103.1715,-0.0755],[103.1675,-0.098],[103.1615,-0.103],[103.16,-0.127],[103.1695,-0.123],[103.173,-0.121],[103.1845,-0.12],[103.1995,-0.1235],[103.213,-0.128],[103.2295,-0.105],[103.2325,-0.0955],[103.2375,-0.0655],[103.2405,-0.041],[103.231,-0.032],[103.149,0.011],[103.1315,0.019],[103.1185,0.048]]]},"properties":{"code":"14.04.12.2004","name":"Belantaraya"}},{"type":"Feature","geometry":{"type":"Polygon","coordinates":[[[103.314,-0.1165],[103.3105,-0.116],[103.277,-0.098],[103.2695,-0.0965],[103.2625,-0.0965],[103.263,-0.118],[103.2765,-0.118],[103.288,-0.123],[103.294,-0.1265],[103.3025,-0.1325],[103.31,-0.1345],[103.314,-0.1165]]]},"properties":{"code":"14.04.12.2005","name":"Sungaibaru"}},{"type":"Feature","geometry":{"type":"Polygon","coordinates":[[[103.3425,-0.0565],[103.336,-0.052],[103.3315,-0.0765],[103.317,-0.0865],[103.3205,-0.089],[103.3285,-0.097],[103.351,-0.0765],[103.3485,-0.066],[103.3425,-0.0565]]]},"properties":{"code":"14.04.12.2007","name":"Lahang Tengah"}},{"type":"Feature","geometry":{"type":"Polygon","coordinates":[[[103.2065,0.059],[103.1825,0.06],[103.1685,0.06],[103.133,0.048],[103.1185,0.048],[103.1315,0.019],[103.149,0.011],[103.231,-0.032],[103.2405,-0.041],[103.256,-0.0485],[103.2625,-0.053],[103.2765,-0.0635],[103.305,-0.0895],[103.317,-0.0865],[103.3315,-0.0765],[103.336,-0.052],[103.334,-0.0505],[103.31,-0.0395],[103.2985,-0.0315],[103.271,-0.003],[103.2065,0.059]]]},"properties":{"code":"14.04.12.2008","name":"Lahang Hulu"}},{"type":"Feature","geometry":{"type":"Polygon","coordinates":[[[103.096,0.048],[103.0735,0.0535],[103.084,0.0375],[103.13,-0.0565],[103.1345,-0.0755],[103.1285,-0.1015],[103.125,-0.1335],[103.147,-0.134],[103.1565,-0.1285],[103.16,-0.127],[103.1615,-0.103],[103.1675,-0.098],[103.1715,-0.0755],[103.165,-0.0755],[103.1615,-0.059],[103.1505,-0.058],[103.1465,-0.0615],[103.1415,-0.0595],[103.1425,-0.0545],[103.145,-0.0465],[103.1425,-0.0505],[103.139,-0.051],[103.1395,-0.0465],[103.133,-0.0415],[103.128,-0.027],[103.096,0.048]]]},"properties":{"code":"14.04.12.2009","name":"Pungkat"}},{"type":"Feature","geometry":{"type":"Polygon","coordinates":[[[103.259,-0.0505],[103.256,-0.0485],[103.2405,-0.041],[103.2375,-0.0655],[103.2335,-0.091],[103.2365,-0.0945],[103.2395,-0.1],[103.24,-0.1055],[103.258,-0.1185],[103.259,-0.118],[103.263,-0.118],[103.2625,-0.0925],[103.259,-0.0505]]]},"properties":{"code":"14.04.12.2010","name":"Jerambang"}},{"type":"Feature","geometry":{"type":"Polygon","coordinates":[[[103.102,-0.1205],[103.094,-0.1045],[103.084,-0.099],[103.0735,-0.106],[103.046,-0.105],[103.023,-0.1115],[102.961,-0.1105],[102.938,-0.1145],[102.8905,-0.1275],[102.8355,-0.1455],[102.822,-0.146],[102.7255,-0.1185],[102.726,-0.114],[102.7225,-0.1075],[102.719,-0.103],[102.717,-0.101],[102.717,-0.164],[102.729,-0.1635],[102.73,-0.164],[102.7385,-0.1715],[102.748,-0.1745],[102.7535,-0.1735],[102.756,-0.1745],[102.7595,-0.1765],[102.762,-0.1785],[102.765,-0.1835],[102.7695,-0.194],[102.7865,-0.202],[102.79,-0.207],[102.7935,-0.2095],[102.829,-0.2195],[102.846,-0.212],[102.854,-0.2005],[102.869,-0.203],[102.888,-0.171],[102.8975,-0.18],[102.9095,-0.1775],[102.912,-0.169],[102.9045,-0.161],[102.9155,-0.155],[102.925,-0.1635],[102.9345,-0.155],[102.9365,-0.145],[102.9435,-0.144],[102.9535,-0.154],[102.9595,-0.1455],[102.975,-0.1515],[102.982,-0.1325],[103.005,-0.142],[103.0095,-0.1305],[103.0235,-0.1405],[103.039,-0.1335],[103.0465,-0.1225],[103.0725,-0.1275],[103.075,-0.1375],[103.0755,-0.1425],[103.0755,-0.148],[103.088,-0.1435],[103.0875,-0.117],[103.102,-0.1205]]]},"properties":{"code":"14.04.12.2011","name":"Telukkabung"}},{"type":"Feature","geometry":{"type":"Polygon","coordinates":[[[103.0755,-0.148],[103.0755,-0.1425],[103.075,-0.1375],[103.0725,-0.1275],[103.0465,-0.1225],[103.039,-0.1335],[103.0235,-0.1405],[103.0095,-0.1305],[103.005,-0.142],[102.982,-0.1325],[102.975,-0.1515],[102.9595,-0.1455],[102.9535,-0.154],[102.9435,-0.144],[102.9365,-0.145],[102.9345,-0.155],[102.925,-0.1635],[102.9155,-0.155],[102.9045,-0.161],[102.912,-0.169],[102.9095,-0.1775],[102.8975,-0.18],[102.888,-0.171],[102.869,-0.203],[102.854,-0.2005],[102.846,-0.212],[102.829,-0.2195],[102.7935,-0.2095],[102.79,-0.207],[102.7865,-0.202],[102.7695,-0.194],[102.765,-0.1835],[102.762,-0.1785],[102.7595,-0.1765],[102.756,-0.1745],[102.7535,-0.1735],[102.748,-0.1745],[102.7385,-0.1715],[102.73,-0.164],[102.729,-0.1635],[102.7075,-0.1645],[102.69,-0.163],[102.69,-0.24],[102.6905,-0.246],[102.7195,-0.2445],[102.7335,-0.245],[102.745,-0.2445],[102.7805,-0.245],[102.804,-0.2445],[102.8265,-0.237],[103.0755,-0.148]]]},"properties":{"code":"14.04.12.2012","name":"Gembira"}},{"type":"Feature","geometry":{"type":"Polygon","coordinates":[[[103.1285,-0.1015],[103.112,-0.0965],[103.103,-0.1005],[103.1035,-0.1085],[103.1045,-0.119],[103.102,-0.1205],[103.0875,-0.117],[103.088,-0.1435],[103.0895,-0.17],[103.126,-0.154],[103.125,-0.1335],[103.1285,-0.1015]]]},"properties":{"code":"14.04.12.2013","name":"Semambu Kuning"}},{"type":"Feature","geometry":{"type":"Polygon","coordinates":[[[103.2995,0.013],[103.296,0.0135],[103.293,0.0155],[103.2855,0.02],[103.2835,0.0215],[103.273,0.036],[103.259,0.046],[103.2165,0.0585],[103.2065,0.059],[103.271,-0.003],[103.2985,-0.0315],[103.31,-0.0395],[103.334,-0.0505],[103.3425,-0.0565],[103.3495,-0.0455],[103.301,-0.017],[103.306,-0.013],[103.333,-0.0285],[103.344,-0.0175],[103.343,-0.0165],[103.3235,-0.0065],[103.3215,-0.003],[103.305,0.0085],[103.2985,0.0095],[103.2995,0.013]]]},"properties":{"code":"14.04.12.2014","name":"Telukmerbau"}},{"type":"Feature","geometry":{"type":"Polygon","coordinates":[[[103.317,-0.0865],[103.305,-0.0895],[103.2765,-0.0635],[103.2625,-0.053],[103.259,-0.0505],[103.26,-0.0675],[103.2625,-0.0925],[103.2625,-0.0965],[103.2695,-0.0965],[103.277,-0.098],[103.3105,-0.116],[103.3175,-0.117],[103.3245,-0.117],[103.3255,-0.117],[103.3245,-0.114],[103.322,-0.109],[103.3205,-0.089],[103.317,-0.0865]]]},"properties":{"code":"14.04.12.2015","name":"Soren"}},{"type":"Feature","geometry":{"type":"Polygon","coordinates":[[[103.258,-0.1185],[103.24,-0.1055],[103.2395,-0.1],[103.2365,-0.0945],[103.2335,-0.091],[103.2325,-0.0955],[103.2295,-0.105],[103.213,-0.128],[103.224,-0.131],[103.233,-0.1305],[103.258,-0.1185]]]},"properties":{"code":"14.04.12.2016","name":"Pintasan"}},{"type":"Feature","geometry":{"type":"Polygon","coordinates":[[[103.147,-0.32],[103.133,-0.302],[103.125,-0.294],[103.1245,-0.297],[103.124,-0.298],[103.1225,-0.3],[103.1205,-0.301],[103.1155,-0.303],[103.113,-0.303],[103.11,-0.3025],[103.1015,-0.3075],[103.1005,-0.3095],[103.0995,-0.312],[103.0985,-0.317],[103.103,-0.316],[103.116,-0.319],[103.137,-0.3435],[103.156,-0.334],[103.147,-0.32]]]},"properties":{"code":"14.04.13.1001","name":"Tembilahan Hulu"}},{"type":"Feature","geometry":{"type":"Polygon","coordinates":[[[103.137,-0.3435],[103.116,-0.319],[103.103,-0.316],[103.0985,-0.317],[103.098,-0.3185],[103.1,-0.3225],[103.114,-0.3285],[103.117,-0.3315],[103.098,-0.3535],[103.1045,-0.3625],[103.111,-0.367],[103.1265,-0.3485],[103.137,-0.3435]]]},"properties":{"code":"14.04.13.1005","name":"Tembilahan Barat"}},{"type":"Feature","geometry":{"type":"Polygon","coordinates":[[[103.098,-0.3535],[103.117,-0.3315],[103.114,-0.3285],[103.1,-0.3225],[103.0965,-0.3435],[103.0945,-0.347],[103.098,-0.3535]]]},"properties":{"code":"14.04.13.2002","name":"Pekan Kamis"}},{"type":"Feature","geometry":{"type":"Polygon","coordinates":[[[103.111,-0.367],[103.1045,-0.3625],[103.1005,-0.3575],[103.081,-0.3735],[103.0395,-0.382],[103.046,-0.3975],[103.0585,-0.4135],[103.0605,-0.417],[103.0705,-0.4075],[103.094,-0.393],[103.111,-0.367]]]},"properties":{"code":"14.04.13.2003","name":"Pulaupalas"}},{"type":"Feature","geometry":{"type":"Polygon","coordinates":[[[103.089,-0.3525],[103.066,-0.3585],[103.0445,-0.338],[103.028,-0.3375],[103.015,-0.348],[103.004,-0.3615],[103.007,-0.3825],[102.996,-0.393],[102.995,-0.3935],[103.019,-0.3965],[103.023,-0.3855],[103.0395,-0.382],[103.081,-0.3735],[103.1005,-0.3575],[103.098,-0.3535],[103.0945,-0.347],[103.0915,-0.351],[103.089,-0.3525]]]},"properties":{"code":"14.04.13.2004","name":"Sialang Panjang"}},{"type":"Feature","geometry":{"type":"Polygon","coordinates":[[[103.1545,-0.431],[103.1515,-0.4255],[103.1435,-0.408],[103.1315,-0.386],[103.121,-0.371],[103.111,-0.367],[103.094,-0.393],[103.0705,-0.4075],[103.0605,-0.417],[103.061,-0.4175],[103.067,-0.4255],[103.068,-0.4375],[103.0665,-0.466],[103.081,-0.46],[103.0965,-0.449],[103.112,-0.4485],[103.1485,-0.4345],[103.153,-0.432],[103.1545,-0.431]]]},"properties":{"code":"14.04.13.2006","name":"Sungaiintan"}},{"type":"Feature","geometry":{"type":"Polygon","coordinates":[[[102.7785,-0.946],[102.7765,-0.9465],[102.7755,-0.9485],[102.775,-0.949],[102.7755,-0.95],[102.775,-0.9515],[102.776,-0.9585],[102.775,-0.961],[102.7745,-0.9615],[102.7745,-0.9625],[102.7745,-0.9635],[102.774,-0.965],[102.774,-0.9645],[102.768,-0.9645],[102.766,-0.9615],[102.763,-0.963],[102.7605,-0.967],[102.762,-0.969],[102.7615,-0.9695],[102.759,-0.968],[102.7595,-0.9655],[102.76,-0.9585],[102.7405,-0.949],[102.739,-0.949],[102.7395,-0.958],[102.725,-0.967],[102.7355,-0.9795],[102.7265,-0.989],[102.7305,-1.0065],[102.7155,-1.004],[102.7105,-1.0125],[102.692,-1.0155],[102.6915,-1.028],[102.6785,-1.039],[102.675,-1.0905],[102.6645,-1.094],[102.6635,-1.1045],[102.6485,-1.117],[102.6525,-1.116],[102.6595,-1.1155],[102.6725,-1.0975],[102.683,-1.096],[102.6905,-1.0855],[102.7075,-1.082],[102.729,-1.0685],[102.7315,-1.0495],[102.7445,-1.045],[102.746,-1.0445],[102.747,-1.0445],[102.7505,-1.044],[102.7525,-1.0415],[102.753,-1.0405],[102.7495,-1.035],[102.7565,-1.023],[102.767,-1.032],[102.7815,-1.0235],[102.7695,-1.0105],[102.784,-0.982],[102.8015,-0.9665],[102.8045,-0.965],[102.797,-0.9595],[102.7875,-0.9505],[102.7785,-0.946]]]},"properties":{"code":"14.04.14.1001","name":"Selensen"}},{"type":"Feature","geometry":{"type":"Polygon","coordinates":[[[102.716,-0.896],[102.7145,-0.894],[102.687,-0.924],[102.644,-0.961],[102.6105,-0.9865],[102.5795,-1.0165],[102.5805,-1.0185],[102.6015,-1.0425],[102.6065,-1.0645],[102.607,-1.094],[102.6065,-1.097],[102.6065,-1.098],[102.6135,-1.096],[102.6305,-1.109],[102.632,-1.124],[102.6415,-1.1275],[102.6435,-1.125],[102.6465,-1.1175],[102.6485,-1.117],[102.6635,-1.1045],[102.6645,-1.094],[102.675,-1.0905],[102.6785,-1.039],[102.6915,-1.028],[102.692,-1.0155],[102.7105,-1.0125],[102.7155,-1.004],[102.7305,-1.0065],[102.7265,-0.989],[102.7355,-0.9795],[102.725,-0.967],[102.7395,-0.958],[102.739,-0.949],[102.7405,-0.949],[102.76,-0.9585],[102.7595,-0.9655],[102.759,-0.968],[102.7615,-0.9695],[102.762,-0.969],[102.7605,-0.967],[102.763,-0.963],[102.766,-0.9615],[102.768,-0.9645],[102.774,-0.9645],[102.774,-0.965],[102.7745,-0.9635],[102.7745,-0.9625],[102.7745,-0.9615],[102.775,-0.961],[102.776,-0.9585],[102.775,-0.9515],[102.7755,-0.9505],[102.773,-0.9495],[102.768,-0.948],[102.7675,-0.946],[102.7515,-0.9345],[102.7315,-0.9105],[102.716,-0.896]]]},"properties":{"code":"14.04.14.2002","name":"Batu Ampar"}},{"type":"Feature","geometry":{"type":"Polygon","coordinates":[[[102.753,-0.8215],[102.744,-0.813],[102.703,-0.7765],[102.692,-0.781],[102.6745,-0.7835],[102.6645,-0.79],[102.629,-0.818],[102.5985,-0.859],[102.589,-0.8645],[102.5745,-0.882],[102.566,-0.9055],[102.5645,-0.937],[102.571,-0.988],[102.5775,-1.0125],[102.5795,-1.0165],[102.6105,-0.9865],[102.644,-0.961],[102.687,-0.924],[102.7145,-0.894],[102.7055,-0.878],[102.706,-0.8515],[102.7225,-0.8365],[102.753,-0.8215]]]},"properties":{"code":"14.04.14.2003","name":"Keritang"}},{"type":"Feature","geometry":{"type":"Polygon","coordinates":[[[102.772,-0.8935],[102.771,-0.894],[102.7565,-0.8955],[102.74,-0.9025],[102.723,-0.894],[102.716,-0.896],[102.7315,-0.9105],[102.7515,-0.9345],[102.7675,-0.946],[102.768,-0.948],[102.773,-0.9495],[102.7755,-0.9505],[102.7755,-0.95],[102.775,-0.949],[102.7755,-0.9485],[102.7765,-0.9465],[102.7785,-0.946],[102.775,-0.943],[102.7685,-0.9395],[102.767,-0.939],[102.769,-0.938],[102.7695,-0.9235],[102.785,-0.917],[102.786,-0.9165],[102.7885,-0.9135],[102.789,-0.9135],[102.7875,-0.91],[102.7775,-0.898],[102.772,-0.8935]]]},"properties":{"code":"14.04.14.2004","name":"Air Balui"}},{"type":"Feature","geometry":{"type":"Polygon","coordinates":[[[102.835,-0.9465],[102.834,-0.9455],[102.829,-0.938],[102.823,-0.9395],[102.79,-0.913],[102.79,-0.9135],[102.7885,-0.9135],[102.786,-0.9165],[102.785,-0.917],[102.7695,-0.9235],[102.769,-0.938],[102.767,-0.939],[102.7685,-0.9395],[102.775,-0.943],[102.7785,-0.946],[102.7875,-0.9505],[102.797,-0.9595],[102.8045,-0.965],[102.8095,-0.963],[102.826,-0.953],[102.835,-0.9465]]]},"properties":{"code":"14.04.14.2005","name":"Tuk Jimun"}},{"type":"Feature","geometry":{"type":"Polygon","coordinates":[[[102.8095,-0.8875],[102.785,-0.8695],[102.77,-0.884],[102.772,-0.8935],[102.7775,-0.898],[102.7875,-0.91],[102.789,-0.9135],[102.79,-0.9135],[102.79,-0.913],[102.7905,-0.9085],[102.792,-0.908],[102.81,-0.888],[102.8095,-0.8875]]]},"properties":{"code":"14.04.14.2006","name":"Kemuning Tua"}},{"type":"Feature","geometry":{"type":"Polygon","coordinates":[[[102.8755,-0.9135],[102.836,-0.8795],[102.8195,-0.87],[102.8185,-0.8715],[102.81,-0.887],[102.81,-0.888],[102.792,-0.908],[102.7905,-0.9085],[102.79,-0.913],[102.823,-0.9395],[102.829,-0.938],[102.834,-0.9455],[102.835,-0.9465],[102.838,-0.944],[102.86,-0.928],[102.874,-0.914],[102.8755,-0.9135]]]},"properties":{"code":"14.04.14.2007","name":"Kemuning Muda"}},{"type":"Feature","geometry":{"type":"Polygon","coordinates":[[[102.829,-0.8555],[102.828,-0.855],[102.8255,-0.8545],[102.823,-0.852],[102.81,-0.845],[102.8025,-0.84],[102.8005,-0.8355],[102.798,-0.8395],[102.783,-0.8615],[102.7835,-0.8635],[102.7835,-0.8645],[102.7835,-0.866],[102.784,-0.8675],[102.785,-0.8685],[102.785,-0.8695],[102.8095,-0.8875],[102.81,-0.887],[102.8185,-0.8715],[102.82,-0.8695],[102.8235,-0.8665],[102.8235,-0.866],[102.823,-0.8655],[102.8255,-0.8625],[102.8265,-0.86],[102.827,-0.861],[102.8275,-0.861],[102.828,-0.8605],[102.829,-0.86],[102.829,-0.856],[102.8285,-0.8555],[102.829,-0.8555]]]},"properties":{"code":"14.04.14.2008","name":"Limau Manis"}},{"type":"Feature","geometry":{"type":"Polygon","coordinates":[[[102.8825,-0.8295],[102.8385,-0.8415],[102.8295,-0.8535],[102.8285,-0.8545],[102.8295,-0.8555],[102.829,-0.8555],[102.8285,-0.8555],[102.829,-0.856],[102.829,-0.86],[102.828,-0.8605],[102.8275,-0.861],[102.827,-0.861],[102.8265,-0.86],[102.8255,-0.8625],[102.823,-0.8655],[102.8235,-0.866],[102.8235,-0.8665],[102.82,-0.8695],[102.8195,-0.87],[102.836,-0.8795],[102.8755,-0.9135],[102.8765,-0.9125],[102.881,-0.9085],[102.893,-0.8985],[102.914,-0.879],[102.917,-0.876],[102.8825,-0.8295]]]},"properties":{"code":"14.04.14.2009","name":"Lubuk Besar"}},{"type":"Feature","geometry":{"type":"Polygon","coordinates":[[[102.823,-0.7965],[102.801,-0.784],[102.798,-0.7995],[102.7915,-0.8065],[102.7895,-0.807],[102.7845,-0.8065],[102.774,-0.8135],[102.772,-0.815],[102.7725,-0.816],[102.773,-0.8185],[102.754,-0.8225],[102.753,-0.8215],[102.7225,-0.8365],[102.706,-0.8515],[102.7055,-0.878],[102.7145,-0.894],[102.716,-0.896],[102.723,-0.894],[102.74,-0.9025],[102.7565,-0.8955],[102.771,-0.894],[102.772,-0.8935],[102.77,-0.884],[102.785,-0.8695],[102.785,-0.8685],[102.784,-0.8675],[102.7835,-0.866],[102.7835,-0.8645],[102.7835,-0.8635],[102.783,-0.8615],[102.798,-0.8395],[102.8115,-0.8155],[102.823,-0.7965]]]},"properties":{"code":"14.04.14.2010","name":"Sekara"}},{"type":"Feature","geometry":{"type":"Polygon","coordinates":[[[102.88,-0.8265],[102.8375,-0.8045],[102.823,-0.7965],[102.8115,-0.8155],[102.8005,-0.8355],[102.8025,-0.84],[102.81,-0.845],[102.823,-0.852],[102.8255,-0.8545],[102.828,-0.855],[102.829,-0.8555],[102.8285,-0.8545],[102.8295,-0.8535],[102.8385,-0.8415],[102.8825,-0.8295],[102.88,-0.8265]]]},"properties":{"code":"14.04.14.2011","name":"Talang Jangkang"}},{"type":"Feature","geometry":{"type":"Polygon","coordinates":[[[102.754,-0.757],[102.735,-0.752],[102.7275,-0.754],[102.724,-0.7575],[102.7135,-0.7645],[102.7055,-0.7755],[102.703,-0.7765],[102.744,-0.813],[102.754,-0.8225],[102.773,-0.8185],[102.7725,-0.816],[102.772,-0.815],[102.774,-0.8135],[102.7845,-0.8065],[102.7895,-0.807],[102.7915,-0.8065],[102.798,-0.7995],[102.801,-0.784],[102.754,-0.757]]]},"properties":{"code":"14.04.14.2012","name":"Sekayan"}},{"type":"Feature","geometry":{"type":"Polygon","coordinates":[[[103.5185,0.2],[103.4895,0.2175],[103.4865,0.2155],[103.46,0.1765],[103.456,0.175],[103.4545,0.1745],[103.463,0.1635],[103.472,0.153],[103.4945,0.133],[103.5085,0.1475],[103.532,0.191],[103.5185,0.2]]]},"properties":{"code":"14.04.15.1002","name":"Pelangiran"}},{"type":"Feature","geometry":{"type":"Polygon","coordinates":[[[103.6205,0.2615],[103.618,0.27],[103.5855,0.2675],[103.5525,0.251],[103.5465,0.242],[103.544,0.2415],[103.5435,0.236],[103.5505,0.2225],[103.5285,0.212],[103.5185,0.2],[103.532,0.191],[103.5085,0.1475],[103.4945,0.133],[103.4955,0.132],[103.4975,0.1295],[103.602,0.1415],[103.608,0.0935],[103.6345,0.0965],[103.63,0.134],[103.6245,0.1845],[103.616,0.1835],[103.6085,0.262],[103.6185,0.2605],[103.6205,0.2615]]]},"properties":{"code":"14.04.15.2001","name":"Rotan Semelur"}},{"type":"Feature","geometry":{"type":"Polygon","coordinates":[[[103.385,0.16],[103.3725,0.156],[103.36,0.1615],[103.345,0.158],[103.341,0.1685],[103.329,0.1645],[103.315,0.1655],[103.3155,0.1585],[103.311,0.1305],[103.3095,0.122],[103.3375,0.1135],[103.3725,0.107],[103.4195,0.116],[103.42,0.158],[103.4195,0.1635],[103.4155,0.162],[103.4155,0.1625],[103.387,0.154],[103.385,0.16]]]},"properties":{"code":"14.04.15.2003","name":"Simpang Kateman"}},{"type":"Feature","geometry":{"type":"Polygon","coordinates":[[[103.2825,0.187],[103.2715,0.181],[103.2565,0.1855],[103.247,0.196],[103.24,0.1925],[103.2325,0.212],[103.2185,0.2135],[103.1985,0.239],[103.105,0.322],[103.104,0.322],[103.0735,0.3135],[103.0645,0.306],[103.0215,0.2755],[102.998,0.2575],[102.965,0.2345],[102.898,0.186],[102.847,0.152],[102.8325,0.144],[102.837,0.1395],[102.8355,0.138],[102.8605,0.117],[102.963,0.079],[103.096,0.048],[103.133,0.048],[103.1685,0.06],[103.1705,0.06],[103.183,0.086],[103.193,0.1085],[103.2055,0.1345],[103.2555,0.1155],[103.274,0.111],[103.302,0.0985],[103.3085,0.1145],[103.311,0.1305],[103.3155,0.1585],[103.3135,0.1795],[103.307,0.177],[103.303,0.1935],[103.2825,0.186],[103.2825,0.187]]]},"properties":{"code":"14.04.15.2004","name":"Tanjungsimpang"}},{"type":"Feature","geometry":{"type":"Polygon","coordinates":[[[103.498,0.235],[103.496,0.232],[103.492,0.227],[103.487,0.226],[103.4755,0.217],[103.4655,0.2185],[103.4655,0.2335],[103.4615,0.2435],[103.4615,0.2445],[103.4355,0.2355],[103.443,0.214],[103.4495,0.202],[103.486,0.215],[103.4865,0.2155],[103.499,0.2245],[103.4975,0.229],[103.498,0.235]]]},"properties":{"code":"14.04.15.2005","name":"Baung Rejo Jaya"}},{"type":"Feature","geometry":{"type":"Polygon","coordinates":[[[103.4355,0.2355],[103.4325,0.2435],[103.394,0.23],[103.3925,0.234],[103.39,0.2335],[103.3945,0.2205],[103.3965,0.2025],[103.402,0.1995],[103.421,0.206],[103.4195,0.21],[103.442,0.218],[103.4355,0.2355]]]},"properties":{"code":"14.04.15.2006","name":"Tagagiri Tama Jaya"}},{"type":"Feature","geometry":{"type":"Polygon","coordinates":[[[103.379,0.182],[103.368,0.2145],[103.361,0.2325],[103.3565,0.231],[103.356,0.2215],[103.345,0.213],[103.3525,0.192],[103.367,0.197],[103.373,0.18],[103.379,0.182]]]},"properties":{"code":"14.04.15.2007","name":"Pinang Jaya"}},{"type":"Feature","geometry":{"type":"Polygon","coordinates":[[[103.486,0.215],[103.4495,0.202],[103.443,0.214],[103.442,0.218],[103.4195,0.21],[103.421,0.206],[103.4035,0.2],[103.4155,0.162],[103.432,0.168],[103.432,0.166],[103.456,0.175],[103.46,0.1765],[103.486,0.215]]]},"properties":{"code":"14.04.15.2008","name":"Wonosari"}},{"type":"Feature","geometry":{"type":"Polygon","coordinates":[[[103.4155,0.1625],[103.4065,0.1915],[103.3835,0.1835],[103.373,0.18],[103.3835,0.1645],[103.387,0.154],[103.4155,0.1625]]]},"properties":{"code":"14.04.15.2009","name":"Tegal Rejo"}},{"type":"Feature","geometry":{"type":"Polygon","coordinates":[[[103.345,0.213],[103.341,0.233],[103.3315,0.2225],[103.319,0.227],[103.3095,0.2235],[103.3175,0.199],[103.303,0.1935],[103.307,0.177],[103.3525,0.192],[103.345,0.213]]]},"properties":{"code":"14.04.15.2010","name":"Intan Mulia Jaya"}},{"type":"Feature","geometry":{"type":"Polygon","coordinates":[[[103.303,0.1935],[103.3175,0.199],[103.3095,0.2235],[103.2925,0.217],[103.292,0.212],[103.2825,0.186],[103.303,0.1935]]]},"properties":{"code":"14.04.15.2011","name":"Saka Palas Jaya"}},{"type":"Feature","geometry":{"type":"Polygon","coordinates":[[[103.548,0.2695],[103.5275,0.267],[103.526,0.2725],[103.5095,0.2705],[103.5125,0.258],[103.505,0.247],[103.512,0.238],[103.51,0.2355],[103.5105,0.2325],[103.51,0.228],[103.5115,0.228],[103.543,0.2415],[103.5465,0.242],[103.5525,0.251],[103.548,0.2695]]]},"properties":{"code":"14.04.15.2012","name":"Catur Karya"}},{"type":"Feature","geometry":{"type":"Polygon","coordinates":[[[103.373,0.18],[103.367,0.197],[103.3525,0.192],[103.3135,0.1795],[103.315,0.1655],[103.329,0.1645],[103.341,0.1685],[103.345,0.158],[103.36,0.1615],[103.3725,0.156],[103.385,0.16],[103.3835,0.1645],[103.373,0.18]]]},"properties":{"code":"14.04.15.2013","name":"Bagan Jaya"}},{"type":"Feature","geometry":{"type":"Polygon","coordinates":[[[103.4945,0.133],[103.472,0.153],[103.463,0.1635],[103.4545,0.1745],[103.4395,0.169],[103.441,0.1455],[103.4465,0.1355],[103.4475,0.116],[103.501,0.125],[103.4955,0.132],[103.4945,0.133]]]},"properties":{"code":"14.04.15.2014","name":"Telukbunian"}},{"type":"Feature","geometry":{"type":"Polygon","coordinates":[[[103.4475,0.116],[103.4465,0.1355],[103.441,0.1455],[103.4395,0.169],[103.432,0.166],[103.432,0.168],[103.4195,0.1635],[103.42,0.158],[103.4195,0.116],[103.42,0.112],[103.4475,0.116]]]},"properties":{"code":"14.04.15.2015","name":"Terusan Beringin Jaya"}},{"type":"Feature","geometry":{"type":"Polygon","coordinates":[[[103.5185,0.2],[103.5285,0.212],[103.5505,0.2225],[103.5435,0.236],[103.544,0.2415],[103.543,0.2415],[103.5115,0.228],[103.509,0.2285],[103.507,0.2285],[103.498,0.2365],[103.4975,0.229],[103.499,0.2245],[103.4895,0.2175],[103.5185,0.2]]]},"properties":{"code":"14.04.15.2016","name":"Hidayah"}},{"type":"Feature","geometry":{"type":"Polygon","coordinates":[[[103.3185,0.31],[103.302,0.325],[103.2805,0.301],[103.3075,0.2775],[103.3285,0.3015],[103.3185,0.31]]]},"properties":{"code":"14.04.16.2001","name":"Hibrida Mulia"}},{"type":"Feature","geometry":{"type":"Polygon","coordinates":[[[103.4255,0.2505],[103.4195,0.2485],[103.4105,0.2595],[103.4055,0.2725],[103.39,0.262],[103.3735,0.256],[103.376,0.242],[103.378,0.236],[103.388,0.24],[103.3905,0.2335],[103.3925,0.234],[103.394,0.23],[103.4285,0.2425],[103.4255,0.2505]]]},"properties":{"code":"14.04.16.2002","name":"Indra Sari Jaya"}},{"type":"Feature","geometry":{"type":"Polygon","coordinates":[[[103.4615,0.2445],[103.4605,0.247],[103.4645,0.2605],[103.434,0.249],[103.4325,0.2535],[103.4255,0.2505],[103.4285,0.2425],[103.4325,0.2435],[103.4355,0.2355],[103.4615,0.2445]]]},"properties":{"code":"14.04.16.2003","name":"Tunggal Rahayu Jaya"}},{"type":"Feature","geometry":{"type":"Polygon","coordinates":[[[103.5095,0.2705],[103.4945,0.271],[103.478,0.2655],[103.4765,0.269],[103.4655,0.265],[103.467,0.261],[103.4645,0.2605],[103.4605,0.247],[103.4615,0.2435],[103.4655,0.2335],[103.4655,0.2185],[103.4755,0.217],[103.487,0.226],[103.492,0.227],[103.496,0.232],[103.498,0.235],[103.498,0.2365],[103.507,0.2285],[103.51,0.228],[103.5105,0.2325],[103.51,0.2355],[103.512,0.238],[103.505,0.247],[103.5125,0.258],[103.5095,0.2705]]]},"properties":{"code":"14.04.16.2004","name":"Griya Mukti Jaya"}},{"type":"Feature","geometry":{"type":"Polygon","coordinates":[[[103.3905,0.2335],[103.388,0.24],[103.378,0.236],[103.3775,0.2385],[103.361,0.2325],[103.368,0.2145],[103.379,0.182],[103.3835,0.1835],[103.4065,0.1915],[103.4035,0.2],[103.402,0.1995],[103.3965,0.2025],[103.3945,0.2205],[103.39,0.2335],[103.3905,0.2335]]]},"properties":{"code":"14.04.16.2005","name":"Beringin Mulia"}},{"type":"Feature","geometry":{"type":"Polygon","coordinates":[[[103.255,0.3115],[103.248,0.3175],[103.236,0.3035],[103.2395,0.3005],[103.2225,0.281],[103.2395,0.266],[103.268,0.3],[103.255,0.3115]]]},"properties":{"code":"14.04.16.2006","name":"Hibrida Jaya"}},{"type":"Feature","geometry":{"type":"Polygon","coordinates":[[[103.289,0.338],[103.2725,0.3525],[103.2625,0.341],[103.2725,0.3325],[103.255,0.3115],[103.268,0.3],[103.2805,0.301],[103.302,0.325],[103.3015,0.325],[103.3025,0.326],[103.289,0.338]]]},"properties":{"code":"14.04.16.2007","name":"Sumber Jaya"}},{"type":"Feature","geometry":{"type":"Polygon","coordinates":[[[103.2715,0.351],[103.268,0.3545],[103.258,0.3635],[103.237,0.339],[103.254,0.3245],[103.248,0.3175],[103.255,0.3115],[103.2725,0.3325],[103.2625,0.341],[103.2715,0.351]]]},"properties":{"code":"14.04.16.2008","name":"Sumber Makmur Jaya"}},{"type":"Feature","geometry":{"type":"Polygon","coordinates":[[[103.258,0.3635],[103.252,0.3695],[103.2365,0.383],[103.2295,0.389],[103.2235,0.3815],[103.2115,0.369],[103.196,0.3625],[103.238,0.326],[103.2295,0.323],[103.2055,0.2955],[103.2225,0.281],[103.2395,0.3005],[103.236,0.3035],[103.254,0.3245],[103.237,0.339],[103.258,0.3635]]]},"properties":{"code":"14.04.16.2009","name":"Sumber Sari Jaya"}},{"type":"Feature","geometry":{"type":"Polygon","coordinates":[[[103.2105,0.3495],[103.196,0.3625],[103.189,0.3595],[103.174,0.356],[103.163,0.3435],[103.187,0.3225],[103.2105,0.3495]]]},"properties":{"code":"14.04.16.2010","name":"Kelapa Patih Jaya"}},{"type":"Feature","geometry":{"type":"Polygon","coordinates":[[[103.211,0.302],[103.2295,0.323],[103.238,0.326],[103.2105,0.3495],[103.187,0.3225],[103.211,0.302]]]},"properties":{"code":"14.04.16.2011","name":"Sapta Mulia Jaya"}},{"type":"Feature","geometry":{"type":"Polygon","coordinates":[[[103.4735,0.35],[103.4685,0.35],[103.45,0.351],[103.438,0.354],[103.427,0.352],[103.4015,0.333],[103.3765,0.3305],[103.347,0.3225],[103.3285,0.3015],[103.3075,0.2775],[103.2805,0.301],[103.268,0.3],[103.2395,0.266],[103.2605,0.248],[103.287,0.2545],[103.3015,0.2405],[103.328,0.247],[103.3435,0.256],[103.358,0.2945],[103.3695,0.2925],[103.391,0.3015],[103.418,0.2995],[103.4315,0.2915],[103.451,0.296],[103.4685,0.3055],[103.489,0.3015],[103.494,0.2965],[103.496,0.293],[103.5045,0.293],[103.506,0.3295],[103.491,0.3335],[103.4805,0.332],[103.4825,0.352],[103.482,0.3515],[103.481,0.351],[103.48,0.349],[103.4765,0.349],[103.4735,0.35]]]},"properties":{"code":"14.04.16.2012","name":"Saka Rotan"}},{"type":"Feature","geometry":{"type":"Polygon","coordinates":[[[103.187,0.3225],[103.163,0.3435],[103.174,0.356],[103.1655,0.3535],[103.1485,0.3435],[103.117,0.3285],[103.112,0.3245],[103.104,0.322],[103.105,0.322],[103.1985,0.239],[103.2185,0.2135],[103.2325,0.212],[103.24,0.1925],[103.247,0.196],[103.2565,0.1855],[103.2715,0.181],[103.2825,0.187],[103.292,0.212],[103.2925,0.217],[103.319,0.227],[103.3315,0.2225],[103.341,0.233],[103.345,0.213],[103.356,0.2215],[103.3565,0.231],[103.3775,0.2385],[103.376,0.242],[103.3735,0.256],[103.39,0.262],[103.4055,0.2725],[103.4105,0.2595],[103.4195,0.2485],[103.4325,0.2535],[103.434,0.249],[103.467,0.261],[103.4655,0.265],[103.4765,0.269],[103.478,0.2655],[103.4945,0.271],[103.4905,0.2715],[103.4875,0.285],[103.495,0.2945],[103.494,0.2965],[103.489,0.3015],[103.4685,0.3055],[103.451,0.296],[103.4315,0.2915],[103.418,0.2995],[103.391,0.3015],[103.3695,0.2925],[103.358,0.2945],[103.3435,0.256],[103.328,0.247],[103.3015,0.2405],[103.287,0.2545],[103.2605,0.248],[103.2055,0.2955],[103.211,0.302],[103.187,0.3225]]]},"properties":{"code":"14.04.16.2013","name":"Gembaran"}},{"type":"Feature","geometry":{"type":"MultiPolygon","coordinates":[[[[103.5895,0.3885],[103.5805,0.3975],[103.5585,0.413],[103.531,0.4405],[103.5195,0.432],[103.5175,0.4305],[103.496,0.41],[103.487,0.4145],[103.4575,0.3805],[103.4495,0.3655],[103.436,0.3685],[103.435,0.359],[103.472,0.3505],[103.475,0.3495],[103.4765,0.349],[103.48,0.349],[103.481,0.351],[103.482,0.3515],[103.4825,0.352],[103.483,0.352],[103.4835,0.3515],[103.485,0.351],[103.494,0.35],[103.4965,0.3505],[103.5205,0.3575],[103.5385,0.367],[103.541,0.3675],[103.546,0.372],[103.5495,0.374],[103.56,0.3805],[103.562,0.3815],[103.563,0.382],[103.565,0.3825],[103.568,0.383],[103.571,0.383],[103.573,0.382],[103.575,0.3815],[103.576,0.382],[103.58,0.384],[103.581,0.384],[103.586,0.3845],[103.586,0.3865],[103.5895,0.3885]]],[[[103.567,0.44],[103.5485,0.4485],[103.544,0.438],[103.561,0.4225],[103.5865,0.407],[103.5905,0.4145],[103.58,0.431],[103.567,0.44]]]]},"properties":{"code":"14.04.17.2001","name":"Pulauburung"}},{"type":"Feature","geometry":{"type":"Polygon","coordinates":[[[103.531,0.4405],[103.5005,0.452],[103.4785,0.469],[103.459,0.44],[103.453,0.445],[103.419,0.406],[103.4375,0.39],[103.436,0.3685],[103.4495,0.3655],[103.4575,0.3805],[103.487,0.4145],[103.496,0.41],[103.5175,0.4305],[103.5195,0.432],[103.531,0.4405]]]},"properties":{"code":"14.04.17.2002","name":"Teluknibung"}},{"type":"Feature","geometry":{"type":"Polygon","coordinates":[[[103.4785,0.469],[103.459,0.4885],[103.4445,0.497],[103.437,0.5055],[103.4125,0.522],[103.3825,0.5315],[103.36,0.534],[103.3475,0.5385],[103.347,0.538],[103.351,0.4915],[103.3735,0.504],[103.392,0.4845],[103.4035,0.486],[103.4325,0.468],[103.4445,0.4525],[103.459,0.44],[103.4785,0.469]]]},"properties":{"code":"14.04.17.2003","name":"Sungaidanai"}},{"type":"Feature","geometry":{"type":"Polygon","coordinates":[[[103.422,0.3485],[103.4185,0.352],[103.406,0.363],[103.3805,0.3605],[103.37,0.349],[103.3695,0.341],[103.3775,0.334],[103.3765,0.3325],[103.379,0.3305],[103.4015,0.333],[103.422,0.3485]]]},"properties":{"code":"14.04.17.2004","name":"Mayang Sari Jaya"}},{"type":"Feature","geometry":{"type":"Polygon","coordinates":[[[103.3825,0.384],[103.3725,0.3925],[103.349,0.366],[103.349,0.359],[103.3695,0.341],[103.37,0.349],[103.3805,0.3605],[103.406,0.363],[103.3825,0.384]]]},"properties":{"code":"14.04.17.2005","name":"Bukit Sari Intan Jaya"}},{"type":"Feature","geometry":{"type":"Polygon","coordinates":[[[103.419,0.406],[103.413,0.412],[103.403,0.421],[103.4,0.411],[103.381,0.389],[103.3825,0.384],[103.4185,0.352],[103.422,0.3485],[103.427,0.352],[103.438,0.354],[103.45,0.351],[103.4685,0.35],[103.4735,0.35],[103.472,0.3505],[103.435,0.359],[103.4375,0.3895],[103.4375,0.39],[103.419,0.406]]]},"properties":{"code":"14.04.17.2006","name":"Manunggal Jaya"}},{"type":"Feature","geometry":{"type":"Polygon","coordinates":[[[103.403,0.421],[103.4,0.424],[103.3855,0.4145],[103.369,0.3955],[103.359,0.4045],[103.347,0.3975],[103.3535,0.3915],[103.337,0.3795],[103.3235,0.3635],[103.3165,0.3695],[103.289,0.338],[103.3025,0.326],[103.33,0.3575],[103.3355,0.371],[103.345,0.3745],[103.3515,0.369],[103.3725,0.3925],[103.3825,0.384],[103.381,0.389],[103.4,0.411],[103.403,0.421]]]},"properties":{"code":"14.04.17.2007","name":"Bangun Harjo Jaya"}},{"type":"Feature","geometry":{"type":"Polygon","coordinates":[[[103.3695,0.341],[103.3555,0.353],[103.3405,0.3425],[103.316,0.3145],[103.3185,0.31],[103.3285,0.3015],[103.347,0.3225],[103.3765,0.3305],[103.379,0.3305],[103.3765,0.3325],[103.3775,0.334],[103.3695,0.341]]]},"properties":{"code":"14.04.17.2008","name":"Ringin Jaya"}},{"type":"Feature","geometry":{"type":"Polygon","coordinates":[[[103.453,0.445],[103.4445,0.4525],[103.4325,0.468],[103.4035,0.486],[103.392,0.4845],[103.3735,0.504],[103.351,0.4915],[103.3515,0.485],[103.3185,0.466],[103.3465,0.438],[103.352,0.417],[103.3435,0.4005],[103.347,0.3975],[103.359,0.4045],[103.369,0.3955],[103.3855,0.4145],[103.4,0.424],[103.413,0.412],[103.419,0.406],[103.453,0.445]]]},"properties":{"code":"14.04.17.2009","name":"Sri Damai"}},{"type":"Feature","geometry":{"type":"Polygon","coordinates":[[[103.3515,0.369],[103.345,0.3745],[103.3355,0.371],[103.33,0.3575],[103.3015,0.325],[103.3185,0.31],[103.316,0.3145],[103.3405,0.3425],[103.3555,0.353],[103.349,0.359],[103.349,0.366],[103.3515,0.369]]]},"properties":{"code":"14.04.17.2010","name":"Sapta Jaya"}},{"type":"Feature","geometry":{"type":"Polygon","coordinates":[[[103.3435,0.4005],[103.3345,0.397],[103.321,0.4085],[103.3145,0.4075],[103.309,0.3945],[103.3155,0.389],[103.3065,0.3785],[103.3235,0.3635],[103.337,0.3795],[103.3535,0.3915],[103.3435,0.4005]]]},"properties":{"code":"14.04.17.2011","name":"Keramat Jaya"}},{"type":"Feature","geometry":{"type":"Polygon","coordinates":[[[103.3145,0.4075],[103.303,0.4225],[103.31,0.4305],[103.2885,0.449],[103.269,0.438],[103.2555,0.4235],[103.28,0.402],[103.2735,0.3875],[103.296,0.3665],[103.3155,0.389],[103.309,0.3945],[103.3145,0.4075]]]},"properties":{"code":"14.04.17.2012","name":"Binagun Jaya"}},{"type":"Feature","geometry":{"type":"Polygon","coordinates":[[[103.3065,0.3785],[103.296,0.3665],[103.2735,0.3875],[103.28,0.402],[103.2555,0.4235],[103.2385,0.4],[103.2295,0.389],[103.2365,0.383],[103.252,0.3695],[103.268,0.3545],[103.2715,0.351],[103.2725,0.3525],[103.289,0.338],[103.3165,0.3695],[103.3065,0.3785]]]},"properties":{"code":"14.04.17.2013","name":"Suka Jaya"}},{"type":"Feature","geometry":{"type":"Polygon","coordinates":[[[103.3435,0.4005],[103.352,0.417],[103.3465,0.438],[103.3185,0.466],[103.2885,0.449],[103.31,0.4305],[103.303,0.4225],[103.3145,0.4075],[103.321,0.4085],[103.3345,0.397],[103.3435,0.4005]]]},"properties":{"code":"14.04.17.2014","name":"Sukaharjo Jaya"}},{"type":"Feature","geometry":{"type":"Polygon","coordinates":[[[103.6435,-0.2355],[103.6415,-0.226],[103.6165,-0.2255],[103.6065,-0.2365],[103.605,-0.2425],[103.605,-0.2455],[103.605,-0.2475],[103.6065,-0.2455],[103.6085,-0.2455],[103.6205,-0.2515],[103.6235,-0.252],[103.6255,-0.2515],[103.626,-0.251],[103.6275,-0.2475],[103.6325,-0.2435],[103.6365,-0.24],[103.6385,-0.238],[103.641,-0.236],[103.6435,-0.2355]]]},"properties":{"code":"14.04.18.1001","name":"Concong Luar"}},{"type":"Feature","geometry":{"type":"Polygon","coordinates":[[[103.5605,-0.3085],[103.5375,-0.288],[103.5235,-0.278],[103.5155,-0.261],[103.5015,-0.2505],[103.4985,-0.2545],[103.4935,-0.2625],[103.4855,-0.2735],[103.4825,-0.2775],[103.474,-0.2895],[103.4715,-0.294],[103.4665,-0.3045],[103.462,-0.3245],[103.4595,-0.3325],[103.4565,-0.3395],[103.443,-0.3635],[103.46,-0.3765],[103.476,-0.376],[103.5125,-0.365],[103.515,-0.366],[103.508,-0.353],[103.4925,-0.346],[103.5175,-0.33],[103.5605,-0.3085]]]},"properties":{"code":"14.04.18.2002","name":"Concong Dalam"}},{"type":"Feature","geometry":{"type":"Polygon","coordinates":[[[103.5305,-0.2235],[103.5265,-0.2195],[103.5075,-0.2425],[103.5015,-0.2505],[103.5155,-0.261],[103.5235,-0.278],[103.5375,-0.288],[103.5605,-0.3085],[103.5635,-0.307],[103.5615,-0.2935],[103.5445,-0.2595],[103.5305,-0.2235]]]},"properties":{"code":"14.04.18.2003","name":"Concong Tengah"}},{"type":"Feature","geometry":{"type":"Polygon","coordinates":[[[103.6165,-0.2255],[103.597,-0.224],[103.5565,-0.216],[103.5395,-0.218],[103.5305,-0.2235],[103.5445,-0.2595],[103.5615,-0.2935],[103.5635,-0.307],[103.577,-0.305],[103.581,-0.2745],[103.5895,-0.252],[103.6015,-0.252],[103.605,-0.2475],[103.605,-0.2455],[103.605,-0.2425],[103.6065,-0.2365],[103.6165,-0.2255]]]},"properties":{"code":"14.04.18.2004","name":"Kampung Baru"}},{"type":"Feature","geometry":{"type":"Polygon","coordinates":[[[103.7855,-0.3415],[103.779,-0.3265],[103.7585,-0.299],[103.723,-0.2705],[103.709,-0.2565],[103.6925,-0.26],[103.663,-0.251],[103.6435,-0.2355],[103.641,-0.236],[103.6385,-0.238],[103.6365,-0.24],[103.6325,-0.2435],[103.6275,-0.2475],[103.6265,-0.25],[103.6605,-0.2695],[103.656,-0.277],[103.666,-0.3005],[103.6725,-0.307],[103.7465,-0.3195],[103.7855,-0.3415]]]},"properties":{"code":"14.04.18.2005","name":"Panglima Raja"}},{"type":"Feature","geometry":{"type":"Polygon","coordinates":[[[103.6265,-0.25],[103.626,-0.251],[103.6255,-0.2515],[103.6235,-0.252],[103.6205,-0.2515],[103.6085,-0.2455],[103.6065,-0.2455],[103.606,-0.246],[103.6015,-0.252],[103.5895,-0.252],[103.581,-0.2745],[103.577,-0.305],[103.586,-0.316],[103.626,-0.3165],[103.65,-0.3155],[103.6725,-0.307],[103.666,-0.3005],[103.656,-0.277],[103.6605,-0.2695],[103.6265,-0.25]]]},"properties":{"code":"14.04.18.2006","name":"Sungaiberapit"}},{"type":"Feature","geometry":{"type":"Polygon","coordinates":[[[102.807,-0.5175],[102.803,-0.515],[102.8005,-0.5155],[102.794,-0.523],[102.7905,-0.5245],[102.7845,-0.5255],[102.7815,-0.524],[102.7715,-0.527],[102.774,-0.5465],[102.768,-0.5555],[102.767,-0.5705],[102.8245,-0.594],[102.856,-0.5805],[102.8675,-0.569],[102.859,-0.54],[102.855,-0.5405],[102.8495,-0.537],[102.843,-0.5315],[102.8315,-0.5275],[102.819,-0.527],[102.816,-0.5265],[102.813,-0.5255],[102.812,-0.525],[102.807,-0.5175]]]},"properties":{"code":"14.04.19.1002","name":"Kempas Jaya"}},{"type":"Feature","geometry":{"type":"Polygon","coordinates":[[[102.896,-0.5875],[102.8745,-0.597],[102.856,-0.5805],[102.8245,-0.594],[102.826,-0.5945],[102.8285,-0.5985],[102.8345,-0.6045],[102.836,-0.617],[102.846,-0.6285],[102.87,-0.6265],[102.886,-0.626],[102.8885,-0.6265],[102.916,-0.6235],[102.896,-0.5875]]]},"properties":{"code":"14.04.19.1007","name":"Harapan Tani"}},{"type":"Feature","geometry":{"type":"Polygon","coordinates":[[[102.7595,-0.462],[102.758,-0.46],[102.756,-0.456],[102.7325,-0.483],[102.732,-0.498],[102.7175,-0.512],[102.7175,-0.5175],[102.718,-0.526],[102.7715,-0.527],[102.7815,-0.524],[102.7845,-0.5255],[102.7905,-0.5245],[102.794,-0.523],[102.8005,-0.5155],[102.803,-0.515],[102.807,-0.5175],[102.8055,-0.5095],[102.803,-0.506],[102.7905,-0.5],[102.778,-0.4985],[102.7685,-0.4885],[102.768,-0.486],[102.7685,-0.478],[102.7595,-0.462]]]},"properties":{"code":"14.04.19.2001","name":"Pekan Tua"}},{"type":"Feature","geometry":{"type":"Polygon","coordinates":[[[102.95,-0.5925],[102.943,-0.5795],[102.9415,-0.577],[102.9435,-0.568],[102.936,-0.5565],[102.9365,-0.5565],[102.933,-0.5505],[102.8895,-0.5755],[102.896,-0.5875],[102.911,-0.615],[102.9285,-0.6055],[102.9385,-0.5985],[102.95,-0.5925]]]},"properties":{"code":"14.04.19.2003","name":"Rumbai Jaya"}},{"type":"Feature","geometry":{"type":"Polygon","coordinates":[[[102.7545,-0.452],[102.75,-0.4485],[102.731,-0.449],[102.727,-0.4465],[102.7215,-0.446],[102.7195,-0.447],[102.717,-0.4495],[102.717,-0.4545],[102.7195,-0.465],[102.7075,-0.4775],[102.7055,-0.4775],[102.6995,-0.4755],[102.6945,-0.47],[102.692,-0.469],[102.6905,-0.4735],[102.6865,-0.5125],[102.699,-0.519],[102.7055,-0.5275],[102.712,-0.543],[102.7155,-0.5495],[102.7175,-0.527],[102.7175,-0.5175],[102.7175,-0.512],[102.732,-0.498],[102.7325,-0.483],[102.756,-0.456],[102.7555,-0.4535],[102.7545,-0.452]]]},"properties":{"code":"14.04.19.2004","name":"Bayas Jaya"}},{"type":"Feature","geometry":{"type":"Polygon","coordinates":[[[102.8925,-0.574],[102.8865,-0.559],[102.878,-0.5275],[102.868,-0.5335],[102.859,-0.54],[102.8675,-0.569],[102.856,-0.5805],[102.8745,-0.597],[102.896,-0.5875],[102.8895,-0.5755],[102.8925,-0.574]]]},"properties":{"code":"14.04.19.2005","name":"Sungaiara"}},{"type":"Feature","geometry":{"type":"Polygon","coordinates":[[[102.948,-0.491],[102.947,-0.4905],[102.9305,-0.5085],[102.903,-0.5225],[102.888,-0.5215],[102.878,-0.5275],[102.8865,-0.559],[102.8925,-0.574],[102.952,-0.54],[102.9665,-0.525],[102.951,-0.5015],[102.948,-0.491]]]},"properties":{"code":"14.04.19.2006","name":"Sungaigantang"}},{"type":"Feature","geometry":{"type":"Polygon","coordinates":[[[102.968,-0.6045],[102.968,-0.591],[102.965,-0.5845],[102.9385,-0.5985],[102.9285,-0.6055],[102.911,-0.615],[102.916,-0.6235],[102.9335,-0.635],[102.947,-0.6285],[102.957,-0.624],[102.968,-0.6225],[102.968,-0.6045]]]},"properties":{"code":"14.04.19.2008","name":"Karya Tani"}},{"type":"Feature","geometry":{"type":"Polygon","coordinates":[[[102.7805,-0.245],[102.7695,-0.2445],[102.7685,-0.286],[102.768,-0.3055],[102.763,-0.3555],[102.7545,-0.452],[102.7555,-0.4535],[102.758,-0.46],[102.7595,-0.462],[102.7615,-0.4345],[102.796,-0.436],[102.8075,-0.4975],[102.804,-0.5075],[102.8055,-0.5095],[102.807,-0.5175],[102.812,-0.525],[102.8145,-0.5265],[102.8175,-0.527],[102.82,-0.527],[102.823,-0.5275],[102.824,-0.5155],[102.8275,-0.496],[102.7805,-0.245]]]},"properties":{"code":"14.04.19.2009","name":"Kerta Jaya"}},{"type":"Feature","geometry":{"type":"Polygon","coordinates":[[[102.7715,-0.527],[102.718,-0.526],[102.7175,-0.527],[102.7155,-0.5495],[102.718,-0.55],[102.767,-0.5705],[102.768,-0.5555],[102.774,-0.5465],[102.7715,-0.527]]]},"properties":{"code":"14.04.19.2010","name":"Kulim Jaya"}},{"type":"Feature","geometry":{"type":"Polygon","coordinates":[[[102.974,-0.532],[102.9665,-0.525],[102.952,-0.54],[102.933,-0.5505],[102.9365,-0.5565],[102.936,-0.5565],[102.9435,-0.568],[102.9415,-0.577],[102.943,-0.5795],[102.95,-0.5925],[102.965,-0.5845],[102.9625,-0.5795],[102.9485,-0.553],[102.952,-0.545],[102.974,-0.532]]]},"properties":{"code":"14.04.19.2011","name":"Danaupulai Indah"}},{"type":"Feature","geometry":{"type":"Polygon","coordinates":[[[102.7695,-0.2445],[102.745,-0.2445],[102.7335,-0.245],[102.717,-0.2445],[102.717,-0.403],[102.7185,-0.412],[102.717,-0.4275],[102.7165,-0.433],[102.717,-0.4365],[102.717,-0.4495],[102.7195,-0.447],[102.7215,-0.446],[102.727,-0.4465],[102.731,-0.449],[102.75,-0.4485],[102.7545,-0.452],[102.763,-0.3555],[102.768,-0.3055],[102.7685,-0.286],[102.7695,-0.2445]]]},"properties":{"code":"14.04.19.2012","name":"Sungairabit"}},{"type":"Feature","geometry":{"type":"Polygon","coordinates":[[[103.189,-0.584],[103.177,-0.574],[103.169,-0.5905],[103.153,-0.5955],[103.147,-0.593],[103.151,-0.5985],[103.1745,-0.613],[103.2005,-0.6375],[103.204,-0.66],[103.2395,-0.6595],[103.2485,-0.659],[103.2495,-0.636],[103.249,-0.629],[103.236,-0.631],[103.213,-0.604],[103.189,-0.584]]]},"properties":{"code":"14.04.20.1001","name":"Benteng"}},{"type":"Feature","geometry":{"type":"Polygon","coordinates":[[[103.249,-0.5745],[103.2125,-0.5795],[103.1985,-0.5745],[103.189,-0.584],[103.213,-0.604],[103.236,-0.631],[103.249,-0.629],[103.249,-0.5745]]]},"properties":{"code":"14.04.20.2002","name":"Benteng Utara"}},{"type":"Feature","geometry":{"type":"Polygon","coordinates":[[[103.298,-0.5955],[103.292,-0.596],[103.2535,-0.577],[103.249,-0.5745],[103.249,-0.629],[103.2495,-0.636],[103.2485,-0.659],[103.263,-0.6575],[103.2845,-0.657],[103.2915,-0.6555],[103.302,-0.6495],[103.302,-0.622],[103.299,-0.614],[103.298,-0.5955]]]},"properties":{"code":"14.04.20.2003","name":"Pasenggerahan"}},{"type":"Feature","geometry":{"type":"Polygon","coordinates":[[[103.3355,-0.639],[103.302,-0.622],[103.302,-0.6495],[103.2915,-0.6555],[103.2925,-0.6575],[103.3205,-0.6615],[103.326,-0.6555],[103.336,-0.641],[103.3355,-0.639]]]},"properties":{"code":"14.04.20.2004","name":"Kuala Sungai Batang"}},{"type":"Feature","geometry":{"type":"Polygon","coordinates":[[[103.438,-0.5525],[103.4125,-0.552],[103.383,-0.559],[103.3655,-0.5675],[103.3535,-0.572],[103.356,-0.598],[103.3695,-0.6135],[103.354,-0.628],[103.345,-0.6265],[103.3355,-0.636],[103.3355,-0.6375],[103.336,-0.641],[103.3405,-0.64],[103.358,-0.6445],[103.373,-0.6495],[103.377,-0.649],[103.4065,-0.6425],[103.425,-0.628],[103.431,-0.618],[103.4315,-0.604],[103.425,-0.6025],[103.432,-0.5835],[103.438,-0.5525]]]},"properties":{"code":"14.04.20.2005","name":"Kuala Patah Parang"}},{"type":"Feature","geometry":{"type":"Polygon","coordinates":[[[103.132,-0.598],[103.1045,-0.5765],[103.065,-0.5885],[103.063,-0.604],[103.048,-0.617],[103.0455,-0.6035],[103.0355,-0.604],[103.044,-0.649],[103.1145,-0.648],[103.1135,-0.6565],[103.155,-0.664],[103.1775,-0.663],[103.1875,-0.6615],[103.187,-0.6365],[103.1635,-0.622],[103.132,-0.598]]]},"properties":{"code":"14.04.20.2006","name":"Benteng Barat"}},{"type":"Feature","geometry":{"type":"Polygon","coordinates":[[[103.3355,-0.639],[103.3355,-0.6375],[103.3355,-0.636],[103.345,-0.6265],[103.354,-0.628],[103.3695,-0.6135],[103.356,-0.598],[103.3535,-0.572],[103.3445,-0.5735],[103.324,-0.5875],[103.3045,-0.595],[103.2995,-0.595],[103.298,-0.5955],[103.299,-0.614],[103.3015,-0.621],[103.3355,-0.639]]]},"properties":{"code":"14.04.20.2007","name":"Pandan Sari"}},{"type":"Feature","geometry":{"type":"Polygon","coordinates":[[[103.204,-0.66],[103.2005,-0.6375],[103.1745,-0.613],[103.151,-0.5985],[103.147,-0.593],[103.1385,-0.5975],[103.1345,-0.598],[103.132,-0.598],[103.1635,-0.622],[103.187,-0.6365],[103.1875,-0.6615],[103.1905,-0.661],[103.204,-0.66]]]},"properties":{"code":"14.04.20.2008","name":"Mugo Mulyo"}}]}