{"type":"FeatureCollection","features":[{"type":"Feature","geometry":{"type":"Polygon","coordinates":[[[104.9165,-2.993],[104.9015,-2.98],[104.8955,-2.9635],[104.8855,-2.977],[104.868,-2.9765],[104.863,-2.968],[104.86,-2.9705],[104.8595,-2.971],[104.8555,-2.976],[104.855,-2.976],[104.8545,-2.976],[104.863,-2.9885],[104.883,-2.9865],[104.887,-2.993],[104.9165,-2.993]]]},"properties":{"code":"16.07.01.1016","name":"Mariana","latitude":-2.98173577310271,"longitude":104.8847983538554}},{"type":"Feature","geometry":{"type":"Polygon","coordinates":[[[104.8955,-2.9635],[104.876,-2.9595],[104.8755,-2.951],[104.8675,-2.952],[104.866,-2.9525],[104.865,-2.9535],[104.8655,-2.9545],[104.8615,-2.9655],[104.863,-2.968],[104.868,-2.9765],[104.8855,-2.977],[104.8955,-2.9635]]]},"properties":{"code":"16.07.01.1021","name":"Mariana Ilir","latitude":-2.965376521996456,"longitude":104.87572528425905}},{"type":"Feature","geometry":{"type":"Polygon","coordinates":[[[104.8615,-3.0065],[104.8565,-2.997],[104.8445,-3.0035],[104.8355,-2.986],[104.8345,-2.9865],[104.8355,-2.992],[104.8385,-2.9975],[104.8385,-3.0075],[104.838,-3.01],[104.85,-3.017],[104.8605,-3.007],[104.8615,-3.0065]]]},"properties":{"code":"16.07.01.2001","name":"Sungai Rebo","latitude":-3.004984642648352,"longitude":104.84847600818077}},{"type":"Feature","geometry":{"type":"Polygon","coordinates":[[[104.9165,-2.993],[104.887,-2.993],[104.883,-2.9865],[104.863,-2.9885],[104.8545,-2.976],[104.8535,-2.977],[104.8525,-2.9775],[104.8495,-2.9795],[104.8465,-2.9805],[104.8415,-2.983],[104.84,-2.984],[104.8355,-2.986],[104.8445,-3.0035],[104.8565,-2.997],[104.8615,-3.0065],[104.8635,-3.0065],[104.8805,-3.0135],[104.8895,-3.0085],[104.9165,-2.993]]]},"properties":{"code":"16.07.01.2002","name":"Sungai Gerong","latitude":-2.995736326464194,"longitude":104.87062237094591}},{"type":"Feature","geometry":{"type":"Polygon","coordinates":[[[104.893,-2.872],[104.873,-2.8635],[104.863,-2.868],[104.857,-2.8595],[104.8565,-2.861],[104.8685,-2.878],[104.868,-2.886],[104.8575,-2.8865],[104.856,-2.882],[104.855,-2.8815],[104.8525,-2.881],[104.851,-2.882],[104.845,-2.887],[104.8545,-2.894],[104.8565,-2.8955],[104.857,-2.899],[104.855,-2.9005],[104.8525,-2.9015],[104.854,-2.906],[104.854,-2.907],[104.8525,-2.908],[104.849,-2.908],[104.8485,-2.912],[104.845,-2.928],[104.8505,-2.9355],[104.8525,-2.937],[104.8545,-2.947],[104.855,-2.9475],[104.863,-2.9465],[104.8675,-2.9365],[104.8725,-2.9295],[104.8735,-2.9215],[104.86,-2.912],[104.88,-2.8855],[104.892,-2.8755],[104.893,-2.872]]]},"properties":{"code":"16.07.01.2003","name":"Merah Mata","latitude":-2.9005746334442692,"longitude":104.86382175423014}},{"type":"Feature","geometry":{"type":"Polygon","coordinates":[[[104.9165,-2.993],[104.924,-2.954],[104.9005,-2.933],[104.8905,-2.9175],[104.8835,-2.918],[104.8775,-2.9375],[104.8695,-2.9335],[104.8675,-2.9365],[104.863,-2.9465],[104.864,-2.948],[104.865,-2.9535],[104.866,-2.9525],[104.8675,-2.952],[104.8755,-2.951],[104.876,-2.9595],[104.8955,-2.9635],[104.9015,-2.98],[104.9165,-2.993]]]},"properties":{"code":"16.07.01.2004","name":"Perajen","latitude":-2.952373188159445,"longitude":104.89667460218337}},{"type":"Feature","geometry":{"type":"Polygon","coordinates":[[[104.9355,-2.9085],[104.932,-2.8845],[104.919,-2.879],[104.92,-2.87],[104.915,-2.867],[104.9015,-2.9205],[104.937,-2.9425],[104.9385,-2.931],[104.9355,-2.9085]]]},"properties":{"code":"16.07.01.2005","name":"Cinta Manis Lama","latitude":-2.9080794237569134,"longitude":104.92111216819129}},{"type":"Feature","geometry":{"type":"Polygon","coordinates":[[[104.928,-2.85],[104.9225,-2.8495],[104.913,-2.866],[104.92,-2.87],[104.919,-2.879],[104.932,-2.8845],[104.9355,-2.9085],[104.98,-2.906],[104.985,-2.866],[104.9865,-2.8555],[104.984,-2.8555],[104.9775,-2.8855],[104.9425,-2.8795],[104.945,-2.868],[104.954,-2.87],[104.972,-2.853],[104.9535,-2.85],[104.928,-2.85]]]},"properties":{"code":"16.07.01.2008","name":"Perambahan","latitude":-2.8788309831050247,"longitude":104.94894875714633}},{"type":"Feature","geometry":{"type":"Polygon","coordinates":[[[104.9085,-2.827],[104.905,-2.8405],[104.897,-2.864],[104.8915,-2.8775],[104.876,-2.9115],[104.8835,-2.918],[104.8905,-2.9175],[104.9005,-2.933],[104.924,-2.954],[104.9165,-2.993],[104.934,-2.983],[104.9365,-2.967],[104.94,-2.9665],[104.9445,-2.961],[104.946,-2.9425],[104.937,-2.9425],[104.9015,-2.9205],[104.915,-2.867],[104.913,-2.866],[104.9225,-2.8495],[104.928,-2.85],[104.928,-2.839],[104.9085,-2.827]]]},"properties":{"code":"16.07.01.2011","name":"Pematang Palas","latitude":-2.9085122718066825,"longitude":104.91140054297514}},{"type":"Feature","geometry":{"type":"Polygon","coordinates":[[[104.9745,-2.9255],[104.965,-2.9275],[104.9475,-2.93],[104.9445,-2.961],[104.9455,-2.96],[104.959,-2.958],[104.956,-2.9835],[104.9845,-2.9625],[104.981,-2.9445],[104.975,-2.9415],[104.9745,-2.9255]]]},"properties":{"code":"16.07.01.2012","name":"Tirto Sari","latitude":-2.9505632913137827,"longitude":104.96407166808592}},{"type":"Feature","geometry":{"type":"Polygon","coordinates":[[[104.8835,-2.918],[104.876,-2.9115],[104.8915,-2.8775],[104.892,-2.8755],[104.88,-2.8855],[104.86,-2.912],[104.8735,-2.9215],[104.8725,-2.9295],[104.8695,-2.9335],[104.8775,-2.9375],[104.8835,-2.918]]]},"properties":{"code":"16.07.01.2014","name":"Pulau Borang","latitude":-2.908365853374891,"longitude":104.87508609098116}},{"type":"Feature","geometry":{"type":"Polygon","coordinates":[[[104.984,-2.8555],[104.972,-2.853],[104.954,-2.87],[104.945,-2.868],[104.9425,-2.8795],[104.9775,-2.8855],[104.984,-2.8555]]]},"properties":{"code":"16.07.01.2025","name":"Perambahan Baru","latitude":-2.8713303169234385,"longitude":104.96662313126353}},{"type":"Feature","geometry":{"type":"Polygon","coordinates":[[[104.956,-2.9835],[104.959,-2.958],[104.9455,-2.96],[104.94,-2.9665],[104.9365,-2.967],[104.9315,-2.999],[104.941,-2.994],[104.956,-2.9835]]]},"properties":{"code":"16.07.01.2028","name":"Duren Ijo","latitude":-2.976693518970615,"longitude":104.94542171872784}},{"type":"Feature","geometry":{"type":"MultiPolygon","coordinates":[[[[104.8785,-2.4385],[104.874,-2.438],[104.8635,-2.445],[104.8455,-2.448],[104.839,-2.453],[104.844,-2.4565],[104.866,-2.461],[104.8875,-2.461],[104.887,-2.4535],[104.9025,-2.4505],[104.9,-2.4495],[104.8995,-2.449],[104.899,-2.4485],[104.8945,-2.446],[104.8815,-2.44],[104.8785,-2.4385]]],[[[104.8975,-2.365],[104.8445,-2.2925],[104.842,-2.292],[104.8375,-2.301],[104.8445,-2.3245],[104.8425,-2.3315],[104.853,-2.346],[104.886,-2.3605],[104.895,-2.3715],[104.8995,-2.371],[104.8975,-2.365]]]]},"properties":{"code":"16.07.02.2001","name":"Sungsang I","latitude":-2.3750291763711657,"longitude":104.86514700241467}},{"type":"Feature","geometry":{"type":"MultiPolygon","coordinates":[[[[104.762,-2.351],[104.77,-2.331],[104.766,-2.3185],[104.756,-2.343],[104.762,-2.351]]],[[[104.8635,-2.285],[104.8485,-2.285],[104.842,-2.292],[104.8445,-2.2925],[104.8975,-2.365],[104.8995,-2.371],[104.8895,-2.373],[104.871,-2.377],[104.8615,-2.3935],[104.8625,-2.4105],[104.874,-2.408],[104.9005,-2.417],[104.895,-2.434],[104.904,-2.4405],[104.896,-2.447],[104.8995,-2.449],[104.9,-2.4495],[104.9025,-2.4505],[104.9075,-2.512],[104.899,-2.513],[104.907,-2.581],[104.9455,-2.581],[104.9445,-2.5755],[104.944,-2.5735],[104.938,-2.5665],[104.9395,-2.5395],[104.9405,-2.5285],[104.94,-2.525],[104.9355,-2.52],[104.9415,-2.508],[104.9365,-2.479],[104.9375,-2.464],[104.9375,-2.4585],[104.934,-2.437],[104.9275,-2.415],[104.913,-2.38],[104.908,-2.373],[104.901,-2.364],[104.8635,-2.285]]],[[[104.7005,-2.349],[104.7015,-2.3425],[104.7205,-2.347],[104.744,-2.359],[104.7655,-2.3125],[104.7775,-2.293],[104.7985,-2.2715],[104.8285,-2.2505],[104.828,-2.249],[104.748,-2.204],[104.768,-2.2445],[104.765,-2.2715],[104.753,-2.281],[104.724,-2.288],[104.709,-2.2955],[104.697,-2.3285],[104.684,-2.335],[104.6705,-2.342],[104.66,-2.3475],[104.6515,-2.3445],[104.642,-2.3435],[104.639,-2.3455],[104.6415,-2.3565],[104.6365,-2.3755],[104.6405,-2.3755],[104.656,-2.372],[104.684,-2.354],[104.6915,-2.3495],[104.7005,-2.349]]],[[[104.634,-2.2405],[104.6295,-2.232],[104.6795,-2.2015],[104.7095,-2.195],[104.4985,-2.189],[104.489,-2.2045],[104.5105,-2.2295],[104.5645,-2.247],[104.596,-2.245],[104.609,-2.2375],[104.6335,-2.241],[104.634,-2.2405]]]]},"properties":{"code":"16.07.02.2002","name":"Sungsang II","latitude":-2.328393623744024,"longitude":104.75173047418656}},{"type":"Feature","geometry":{"type":"Polygon","coordinates":[[[104.904,-2.368],[104.8875,-2.282],[104.8635,-2.285],[104.901,-2.364],[104.904,-2.368]]]},"properties":{"code":"16.07.02.2003","name":"Sungsang III","latitude":-2.313153320518591,"longitude":104.88525393966135}},{"type":"Feature","geometry":{"type":"MultiPolygon","coordinates":[[[[105,-2.332],[104.9605,-2.3285],[104.928,-2.338],[104.91,-2.3365],[104.9155,-2.321],[104.918,-2.29],[104.9125,-2.2795],[104.8875,-2.282],[104.904,-2.368],[104.908,-2.373],[104.913,-2.38],[104.9275,-2.415],[104.927,-2.3915],[104.9225,-2.348],[104.934,-2.3565],[104.991,-2.3775],[104.994,-2.355],[105,-2.332]]],[[[104.8285,-2.2505],[104.8445,-2.2485],[104.87,-2.218],[104.886,-2.209],[104.902,-2.1915],[104.9065,-2.18],[104.901,-2.1345],[104.8985,-2.1045],[104.8925,-2.084],[104.881,-2.0585],[104.8565,-2.0255],[104.8415,-2.0115],[104.8275,-2.004],[104.803,-2.001],[104.765,-1.9995],[104.721,-1.994],[104.7,-1.9995],[104.687,-1.993],[104.656,-1.9645],[104.6395,-1.9705],[104.63,-1.9795],[104.6245,-1.992],[104.6115,-2.006],[104.589,-2.008],[104.5625,-1.9995],[104.5575,-1.9935],[104.542,-1.9895],[104.5355,-1.981],[104.523,-1.981],[104.505,-1.969],[104.496,-1.9455],[104.496,-1.9305],[104.4875,-1.915],[104.472,-1.913],[104.4725,-1.904],[104.453,-1.9185],[104.4355,-1.919],[104.425,-1.9145],[104.4165,-1.92],[104.3965,-1.924],[104.3635,-1.9125],[104.352,-1.912],[104.3375,-1.9185],[104.3215,-1.93],[104.2915,-1.929],[104.2785,-1.936],[104.256,-1.935],[104.2915,-1.983],[104.308,-1.9975],[104.337,-2.01],[104.343,-2.0175],[104.3555,-2.0555],[104.37,-2.0555],[104.37,-2.104],[104.3715,-2.1175],[104.383,-2.132],[104.3835,-2.146],[104.4005,-2.1505],[104.421,-2.176],[104.429,-2.191],[104.455,-2.191],[104.455,-2.2095],[104.468,-2.2195],[104.473,-2.215],[104.479,-2.2105],[104.4815,-2.2095],[104.489,-2.2045],[104.4985,-2.189],[104.7095,-2.195],[104.7395,-2.1995],[104.828,-2.249],[104.8285,-2.2505]]],[[[104.554,-1.854],[104.54,-1.861],[104.5405,-1.87],[104.5295,-1.8955],[104.5195,-1.926],[104.506,-1.93],[104.5005,-1.942],[104.5085,-1.9685],[104.5265,-1.9805],[104.5335,-1.9795],[104.5385,-1.982],[104.5445,-1.9895],[104.5595,-1.993],[104.565,-1.9975],[104.5895,-2.002],[104.6045,-2.0005],[104.6165,-1.9825],[104.6165,-1.9735],[104.608,-1.9615],[104.621,-1.9505],[104.632,-1.935],[104.6425,-1.934],[104.639,-1.9165],[104.611,-1.8895],[104.5865,-1.8695],[104.57,-1.8585],[104.554,-1.854]]]]},"properties":{"code":"16.07.02.2004","name":"Sungsang IV","latitude":-2.075125664933286,"longitude":104.61203207482055}},{"type":"Feature","geometry":{"type":"Polygon","coordinates":[[[104.83,-2.4605],[104.8195,-2.4505],[104.82,-2.418],[104.758,-2.4055],[104.762,-2.4335],[104.7625,-2.466],[104.761,-2.4865],[104.762,-2.4745],[104.8115,-2.4925],[104.831,-2.486],[104.835,-2.4925],[104.863,-2.49],[104.8615,-2.472],[104.888,-2.468],[104.8875,-2.461],[104.866,-2.461],[104.844,-2.4565],[104.839,-2.453],[104.83,-2.4605]]]},"properties":{"code":"16.07.02.2010","name":"Teluk Payo","latitude":-2.4548388085518895,"longitude":104.80651116190288}},{"type":"Feature","geometry":{"type":"MultiPolygon","coordinates":[[[[104.5415,-1.7835],[104.54,-1.754],[104.534,-1.7335],[104.5225,-1.7155],[104.507,-1.722],[104.503,-1.736],[104.509,-1.7505],[104.4965,-1.7655],[104.4995,-1.772],[104.4985,-1.7785],[104.497,-1.781],[104.4935,-1.783],[104.4855,-1.785],[104.4875,-1.7885],[104.5085,-1.806],[104.5295,-1.7995],[104.5415,-1.7835]]],[[[104.4285,-1.628],[104.4195,-1.627],[104.4055,-1.6295],[104.391,-1.6375],[104.37,-1.639],[104.3665,-1.64],[104.3615,-1.643],[104.3615,-1.6445],[104.3615,-1.645],[104.362,-1.646],[104.3625,-1.6465],[104.349,-1.652],[104.3065,-1.665],[104.282,-1.673],[104.2425,-1.685],[104.2215,-1.6915],[104.1895,-1.7015],[104.1695,-1.7075],[104.1445,-1.7155],[104.1605,-1.7785],[104.163,-1.7925],[104.2005,-1.8665],[104.243,-1.9175],[104.256,-1.935],[104.2785,-1.936],[104.2915,-1.929],[104.3215,-1.93],[104.3375,-1.9185],[104.352,-1.912],[104.3635,-1.9125],[104.3965,-1.924],[104.4165,-1.92],[104.425,-1.9145],[104.4355,-1.919],[104.453,-1.9185],[104.4725,-1.904],[104.4785,-1.891],[104.4785,-1.8735],[104.4715,-1.865],[104.4805,-1.85],[104.4825,-1.837],[104.503,-1.8105],[104.5035,-1.805],[104.484,-1.7875],[104.485,-1.7845],[104.496,-1.7805],[104.499,-1.771],[104.496,-1.767],[104.497,-1.7645],[104.499,-1.763],[104.5015,-1.758],[104.508,-1.7505],[104.5025,-1.7375],[104.506,-1.722],[104.5255,-1.712],[104.5195,-1.701],[104.5005,-1.681],[104.499,-1.6815],[104.498,-1.6835],[104.4965,-1.6835],[104.4925,-1.6715],[104.491,-1.668],[104.489,-1.668],[104.486,-1.669],[104.4855,-1.667],[104.4845,-1.664],[104.477,-1.6595],[104.476,-1.662],[104.47,-1.661],[104.472,-1.6525],[104.4605,-1.646],[104.4565,-1.646],[104.451,-1.64],[104.4485,-1.6355],[104.441,-1.6405],[104.4385,-1.6415],[104.4315,-1.64],[104.4295,-1.628],[104.4285,-1.628]]]]},"properties":{"code":"16.07.02.2013","name":"Tanah Pilih","latitude":-1.7828933722279094,"longitude":104.34822856130607}},{"type":"Feature","geometry":{"type":"Polygon","coordinates":[[[104.896,-2.447],[104.904,-2.4405],[104.895,-2.434],[104.9005,-2.417],[104.874,-2.408],[104.8625,-2.4105],[104.8655,-2.4175],[104.874,-2.438],[104.8785,-2.4385],[104.8815,-2.44],[104.8945,-2.446],[104.896,-2.447]]]},"properties":{"code":"16.07.02.2015","name":"Perajen Jaya","latitude":-2.4261414212382104,"longitude":104.88430087248933}},{"type":"Feature","geometry":{"type":"Polygon","coordinates":[[[104.7455,-2.3935],[104.73,-2.39],[104.728,-2.3805],[104.701,-2.3595],[104.7005,-2.349],[104.6915,-2.3495],[104.684,-2.354],[104.656,-2.372],[104.6405,-2.3755],[104.6365,-2.3755],[104.6285,-2.382],[104.599,-2.416],[104.569,-2.4415],[104.545,-2.449],[104.544,-2.4575],[104.5565,-2.469],[104.574,-2.477],[104.593,-2.4815],[104.596,-2.508],[104.594,-2.513],[104.641,-2.507],[104.635,-2.499],[104.6495,-2.488],[104.6805,-2.492],[104.6855,-2.502],[104.7405,-2.4965],[104.746,-2.4815],[104.748,-2.4635],[104.7465,-2.433],[104.7425,-2.4025],[104.7455,-2.3935]]]},"properties":{"code":"16.07.02.2016","name":"Rimau Sungsang","latitude":-2.438740796415492,"longitude":104.66352448265349}},{"type":"Feature","geometry":{"type":"Polygon","coordinates":[[[104.895,-2.3715],[104.886,-2.3605],[104.853,-2.346],[104.8425,-2.3315],[104.826,-2.3535],[104.8675,-2.37],[104.871,-2.377],[104.8895,-2.373],[104.895,-2.3715]]]},"properties":{"code":"16.07.02.2018","name":"Marga Sungsang","latitude":-2.35723005977641,"longitude":104.85932115187367}},{"type":"Feature","geometry":{"type":"Polygon","coordinates":[[[104.871,-2.377],[104.8675,-2.37],[104.826,-2.3535],[104.793,-2.38],[104.7735,-2.3875],[104.7575,-2.3875],[104.7455,-2.3935],[104.7425,-2.4025],[104.758,-2.4055],[104.82,-2.418],[104.8195,-2.4505],[104.83,-2.4605],[104.842,-2.4505],[104.8455,-2.448],[104.8635,-2.445],[104.874,-2.438],[104.8655,-2.4175],[104.8625,-2.4105],[104.8615,-2.3935],[104.871,-2.377]]]},"properties":{"code":"16.07.02.2019","name":"Muara Sungsang","latitude":-2.402372688579838,"longitude":104.8250356418555}},{"type":"Feature","geometry":{"type":"Polygon","coordinates":[[[104.431,-2.944],[104.439,-2.9035],[104.4205,-2.916],[104.414,-2.932],[104.415,-2.9325],[104.416,-2.945],[104.4225,-2.9515],[104.4255,-2.9515],[104.451,-2.957],[104.4415,-2.946],[104.431,-2.944]]]},"properties":{"code":"16.07.03.1008","name":"Kayuara Kuning","latitude":-2.9321901277345597,"longitude":104.4286468741263}},{"type":"Feature","geometry":{"type":"Polygon","coordinates":[[[104.439,-2.9035],[104.4385,-2.9035],[104.422,-2.901],[104.4135,-2.895],[104.4035,-2.9095],[104.4025,-2.9215],[104.4085,-2.928],[104.4115,-2.931],[104.414,-2.932],[104.4205,-2.916],[104.439,-2.9035]]]},"properties":{"code":"16.07.03.1009","name":"Mulia Agung","latitude":-2.9123601298773343,"longitude":104.41504665502664}},{"type":"Feature","geometry":{"type":"Polygon","coordinates":[[[104.436,-2.8535],[104.421,-2.8445],[104.42,-2.8465],[104.415,-2.847],[104.4125,-2.8475],[104.412,-2.8475],[104.41,-2.8505],[104.4105,-2.851],[104.41,-2.8525],[104.401,-2.863],[104.3995,-2.8775],[104.3955,-2.886],[104.3985,-2.904],[104.387,-2.915],[104.3855,-2.923],[104.403,-2.9235],[104.4025,-2.9215],[104.4035,-2.9095],[104.4135,-2.895],[104.4205,-2.8815],[104.4255,-2.8645],[104.4525,-2.8685],[104.453,-2.8675],[104.455,-2.864],[104.4575,-2.86],[104.4575,-2.8585],[104.437,-2.8545],[104.436,-2.8535]]]},"properties":{"code":"16.07.03.1012","name":"Pangkalan Balai","latitude":-2.8775904096827727,"longitude":104.41468547418546}},{"type":"Feature","geometry":{"type":"Polygon","coordinates":[[[104.369,-2.8305],[104.3635,-2.8275],[104.3615,-2.851],[104.3585,-2.86],[104.357,-2.8745],[104.369,-2.8745],[104.3705,-2.8825],[104.385,-2.887],[104.3975,-2.878],[104.399,-2.878],[104.3995,-2.8775],[104.401,-2.863],[104.41,-2.8525],[104.4105,-2.851],[104.41,-2.8505],[104.3855,-2.84],[104.369,-2.8305]]]},"properties":{"code":"16.07.03.1023","name":"Seterio","latitude":-2.85921177771798,"longitude":104.38081365928437}},{"type":"Feature","geometry":{"type":"Polygon","coordinates":[[[104.387,-2.915],[104.3985,-2.904],[104.3955,-2.886],[104.3995,-2.8775],[104.399,-2.878],[104.3975,-2.878],[104.385,-2.887],[104.3705,-2.8825],[104.3805,-2.9015],[104.3785,-2.904],[104.387,-2.915]]]},"properties":{"code":"16.07.03.1033","name":"Kedondong Raye","latitude":-2.895528765966527,"longitude":104.38776646551817}},{"type":"Feature","geometry":{"type":"Polygon","coordinates":[[[104.491,-2.9615],[104.4865,-2.9405],[104.495,-2.9245],[104.499,-2.8885],[104.496,-2.883],[104.4985,-2.8665],[104.498,-2.8635],[104.4905,-2.8645],[104.492,-2.8685],[104.487,-2.8715],[104.487,-2.872],[104.491,-2.881],[104.4675,-2.892],[104.4695,-2.9245],[104.464,-2.9415],[104.4765,-2.9415],[104.476,-2.962],[104.491,-2.9615]]]},"properties":{"code":"16.07.03.2006","name":"Langkan","latitude":-2.915394288906648,"longitude":104.48287254805801}},{"type":"Feature","geometry":{"type":"Polygon","coordinates":[[[104.4675,-2.892],[104.462,-2.888],[104.4605,-2.8865],[104.4585,-2.8855],[104.455,-2.8955],[104.454,-2.8975],[104.4535,-2.907],[104.4455,-2.9235],[104.435,-2.926],[104.431,-2.944],[104.4415,-2.946],[104.451,-2.957],[104.461,-2.9625],[104.476,-2.962],[104.4765,-2.9415],[104.464,-2.9415],[104.4695,-2.9245],[104.4675,-2.892]]]},"properties":{"code":"16.07.03.2007","name":"Pangkalan Panji","latitude":-2.930868718455132,"longitude":104.45685619115933}},{"type":"Feature","geometry":{"type":"Polygon","coordinates":[[[104.403,-2.9235],[104.3855,-2.923],[104.383,-2.938],[104.3745,-2.956],[104.3855,-2.9575],[104.394,-2.948],[104.417,-2.9495],[104.4215,-2.9515],[104.425,-2.9515],[104.4225,-2.9515],[104.416,-2.945],[104.415,-2.9325],[104.4115,-2.931],[104.4085,-2.928],[104.403,-2.9235]]]},"properties":{"code":"16.07.03.2010","name":"Lubuk Saung","latitude":-2.9395514906252296,"longitude":104.3964575929111}},{"type":"Feature","geometry":{"type":"Polygon","coordinates":[[[104.3505,-2.951],[104.3385,-2.9585],[104.346,-2.987],[104.348,-2.9885],[104.3505,-2.9885],[104.3605,-2.9855],[104.3855,-2.9575],[104.364,-2.954],[104.3505,-2.951]]]},"properties":{"code":"16.07.03.2011","name":"Ujung Tanjung","latitude":-2.9674350288401934,"longitude":104.3578246956391}},{"type":"Feature","geometry":{"type":"Polygon","coordinates":[[[104.3385,-2.9585],[104.3345,-2.9495],[104.305,-2.965],[104.331,-2.982],[104.3475,-2.988],[104.346,-2.987],[104.3385,-2.9585]]]},"properties":{"code":"16.07.03.2013","name":"Sidang Mas","latitude":-2.967988727208737,"longitude":104.32882176643704}},{"type":"Feature","geometry":{"type":"Polygon","coordinates":[[[104.2925,-2.9215],[104.2865,-2.9175],[104.2675,-2.925],[104.2695,-2.955],[104.2915,-2.97],[104.305,-2.965],[104.326,-2.954],[104.3005,-2.9395],[104.2925,-2.9215]]]},"properties":{"code":"16.07.03.2014","name":"Galang Tinggi","latitude":-2.9456269678702993,"longitude":104.28989686899537}},{"type":"Feature","geometry":{"type":"Polygon","coordinates":[[[104.3295,-2.9245],[104.3115,-2.9105],[104.3075,-2.917],[104.295,-2.9235],[104.2925,-2.9215],[104.3005,-2.9395],[104.326,-2.954],[104.3345,-2.9495],[104.3305,-2.928],[104.3295,-2.9245]]]},"properties":{"code":"16.07.03.2015","name":"Petaling","latitude":-2.9334279697018357,"longitude":104.31589711216033}},{"type":"Feature","geometry":{"type":"Polygon","coordinates":[[[104.335,-2.929],[104.333,-2.9265],[104.3345,-2.9495],[104.3385,-2.9585],[104.3505,-2.951],[104.335,-2.929]]]},"properties":{"code":"16.07.03.2016","name":"Rimba Alai","latitude":-2.9432066440607683,"longitude":104.33884383736972}},{"type":"Feature","geometry":{"type":"Polygon","coordinates":[[[104.3595,-2.9335],[104.3485,-2.9245],[104.335,-2.929],[104.3505,-2.951],[104.364,-2.954],[104.3595,-2.9335]]]},"properties":{"code":"16.07.03.2017","name":"Pelajau Ilir","latitude":-2.9387452498271642,"longitude":104.35186335072959}},{"type":"Feature","geometry":{"type":"Polygon","coordinates":[[[104.387,-2.915],[104.3785,-2.904],[104.377,-2.9055],[104.3595,-2.9335],[104.364,-2.954],[104.3745,-2.956],[104.383,-2.938],[104.387,-2.915]]]},"properties":{"code":"16.07.03.2018","name":"Regan Agung","latitude":-2.931145593672386,"longitude":104.37379646093088}},{"type":"Feature","geometry":{"type":"Polygon","coordinates":[[[104.4525,-2.8685],[104.4255,-2.8645],[104.4205,-2.8815],[104.4265,-2.8895],[104.4505,-2.885],[104.4505,-2.884],[104.4555,-2.8775],[104.455,-2.875],[104.454,-2.8695],[104.4535,-2.8695],[104.4525,-2.8685]]]},"properties":{"code":"16.07.03.2019","name":"Suka Mulia","latitude":-2.875964940706816,"longitude":104.43734267001265}},{"type":"Feature","geometry":{"type":"Polygon","coordinates":[[[104.4555,-2.8775],[104.4505,-2.884],[104.451,-2.8865],[104.445,-2.8925],[104.444,-2.893],[104.443,-2.8935],[104.44,-2.9],[104.439,-2.9035],[104.431,-2.944],[104.435,-2.926],[104.4455,-2.9235],[104.4535,-2.907],[104.454,-2.8975],[104.455,-2.8955],[104.4585,-2.8855],[104.456,-2.8795],[104.4555,-2.8775]]]},"properties":{"code":"16.07.03.2020","name":"Tanjung Agung","latitude":-2.9048000336296362,"longitude":104.44660691931848}},{"type":"Feature","geometry":{"type":"Polygon","coordinates":[[[104.465,-2.7905],[104.4635,-2.7885],[104.462,-2.7855],[104.4555,-2.805],[104.4555,-2.8155],[104.4405,-2.8395],[104.429,-2.847],[104.437,-2.8545],[104.4575,-2.8585],[104.457,-2.858],[104.463,-2.8525],[104.4695,-2.846],[104.4655,-2.8295],[104.4715,-2.825],[104.472,-2.823],[104.468,-2.818],[104.467,-2.8145],[104.4675,-2.813],[104.4615,-2.794],[104.465,-2.7905]]]},"properties":{"code":"16.07.03.2021","name":"Tanjung Menang","latitude":-2.8318341760561787,"longitude":104.4558278619067}},{"type":"Feature","geometry":{"type":"Polygon","coordinates":[[[104.462,-2.7855],[104.4605,-2.7825],[104.459,-2.7815],[104.452,-2.798],[104.4485,-2.7955],[104.4465,-2.793],[104.4445,-2.791],[104.4405,-2.7935],[104.4405,-2.797],[104.433,-2.8085],[104.421,-2.841],[104.421,-2.8445],[104.436,-2.8535],[104.429,-2.847],[104.4405,-2.8395],[104.4555,-2.8155],[104.4555,-2.805],[104.462,-2.7855]]]},"properties":{"code":"16.07.03.2022","name":"Sri Bandung","latitude":-2.8170874261720313,"longitude":104.44178373313613}},{"type":"Feature","geometry":{"type":"Polygon","coordinates":[[[104.3535,-2.897],[104.344,-2.895],[104.3455,-2.9075],[104.342,-2.9215],[104.3485,-2.9245],[104.3595,-2.9335],[104.377,-2.9055],[104.3535,-2.897]]]},"properties":{"code":"16.07.03.2024","name":"Pelajau","latitude":-2.9125856305966895,"longitude":104.35706027928873}},{"type":"Feature","geometry":{"type":"Polygon","coordinates":[[[104.3485,-2.9245],[104.342,-2.9215],[104.3455,-2.9075],[104.344,-2.895],[104.343,-2.898],[104.3295,-2.9245],[104.3305,-2.928],[104.333,-2.9265],[104.335,-2.929],[104.3485,-2.9245]]]},"properties":{"code":"16.07.03.2025","name":"Tanjung Beringin","latitude":-2.916682582363178,"longitude":104.33905815704114}},{"type":"Feature","geometry":{"type":"Polygon","coordinates":[[[104.3115,-2.9105],[104.2725,-2.8815],[104.2715,-2.903],[104.2695,-2.919],[104.2675,-2.925],[104.2865,-2.9175],[104.295,-2.9235],[104.3075,-2.917],[104.3115,-2.9105]]]},"properties":{"code":"16.07.03.2026","name":"Terentang","latitude":-2.9075578335449994,"longitude":104.28716196450415}},{"type":"Feature","geometry":{"type":"Polygon","coordinates":[[[104.4505,-2.885],[104.4265,-2.8895],[104.4205,-2.8815],[104.4135,-2.895],[104.422,-2.901],[104.4385,-2.9035],[104.44,-2.9],[104.443,-2.8935],[104.444,-2.893],[104.445,-2.8925],[104.451,-2.8865],[104.4505,-2.885]]]},"properties":{"code":"16.07.03.2028","name":"Tanjung Kepayang","latitude":-2.8933003997417788,"longitude":104.43121791194041}},{"type":"Feature","geometry":{"type":"Polygon","coordinates":[[[104.3705,-2.8825],[104.369,-2.8745],[104.357,-2.8745],[104.3535,-2.897],[104.377,-2.9055],[104.3805,-2.9015],[104.3705,-2.8825]]]},"properties":{"code":"16.07.03.2034","name":"Sukaraja Baru","latitude":-2.8902877770305917,"longitude":104.36585646318254}},{"type":"Feature","geometry":{"type":"Polygon","coordinates":[[[104.465,-2.7905],[104.4615,-2.794],[104.4675,-2.813],[104.467,-2.8145],[104.468,-2.818],[104.472,-2.823],[104.4715,-2.825],[104.4655,-2.8295],[104.4695,-2.846],[104.463,-2.8525],[104.475,-2.8565],[104.474,-2.868],[104.4905,-2.8645],[104.498,-2.8635],[104.498,-2.8625],[104.498,-2.862],[104.503,-2.859],[104.4995,-2.858],[104.498,-2.8485],[104.501,-2.8395],[104.4955,-2.8345],[104.4955,-2.832],[104.494,-2.819],[104.5045,-2.8085],[104.5005,-2.7975],[104.4905,-2.791],[104.4875,-2.7925],[104.4825,-2.794],[104.478,-2.795],[104.472,-2.794],[104.465,-2.7905]]]},"properties":{"code":"16.07.03.2037","name":"Terlangu","latitude":-2.8276259124912944,"longitude":104.48366479392901}},{"type":"Feature","geometry":{"type":"Polygon","coordinates":[[[104.463,-2.8525],[104.457,-2.858],[104.4575,-2.8585],[104.4575,-2.86],[104.455,-2.864],[104.453,-2.8675],[104.4525,-2.8685],[104.4535,-2.8695],[104.454,-2.8695],[104.455,-2.875],[104.456,-2.8795],[104.4585,-2.8855],[104.4605,-2.8865],[104.462,-2.888],[104.4675,-2.892],[104.491,-2.881],[104.487,-2.872],[104.487,-2.8715],[104.492,-2.8685],[104.4905,-2.8645],[104.474,-2.868],[104.475,-2.8565],[104.463,-2.8525]]]},"properties":{"code":"16.07.03.2038","name":"Rimba Balai","latitude":-2.8733328984327495,"longitude":104.47074973123554}},{"type":"Feature","geometry":{"type":"Polygon","coordinates":[[[104.4155,-2.6475],[104.4115,-2.645],[104.3885,-2.6295],[104.3845,-2.6275],[104.382,-2.627],[104.366,-2.6285],[104.3545,-2.6245],[104.352,-2.627],[104.349,-2.6275],[104.345,-2.629],[104.344,-2.63],[104.3275,-2.641],[104.318,-2.646],[104.312,-2.6475],[104.302,-2.6445],[104.301,-2.647],[104.3005,-2.649],[104.3005,-2.6505],[104.3005,-2.651],[104.322,-2.655],[104.316,-2.676],[104.306,-2.6805],[104.2815,-2.675],[104.2815,-2.662],[104.2795,-2.6625],[104.267,-2.6645],[104.2675,-2.666],[104.2815,-2.684],[104.2995,-2.692],[104.337,-2.7005],[104.3475,-2.6885],[104.3555,-2.6965],[104.3585,-2.6925],[104.3385,-2.678],[104.332,-2.6735],[104.343,-2.6575],[104.3765,-2.682],[104.389,-2.664],[104.421,-2.6865],[104.4285,-2.6755],[104.402,-2.656],[104.4155,-2.6475]]]},"properties":{"code":"16.07.04.2002","name":"Teluk Betung","latitude":-2.660659612642269,"longitude":104.35480927246408}},{"type":"Feature","geometry":{"type":"Polygon","coordinates":[[[104.403,-2.407],[104.3875,-2.405],[104.3785,-2.403],[104.3425,-2.4065],[104.317,-2.4155],[104.2895,-2.43],[104.2805,-2.439],[104.317,-2.488],[104.3285,-2.479],[104.347,-2.468],[104.377,-2.5055],[104.3985,-2.489],[104.4175,-2.5145],[104.3955,-2.5305],[104.3925,-2.5265],[104.3745,-2.541],[104.381,-2.5495],[104.3595,-2.565],[104.367,-2.571],[104.359,-2.584],[104.3485,-2.6265],[104.345,-2.629],[104.349,-2.6275],[104.352,-2.627],[104.3545,-2.6245],[104.366,-2.6285],[104.382,-2.627],[104.3845,-2.6275],[104.3885,-2.6295],[104.4115,-2.645],[104.414,-2.6465],[104.416,-2.648],[104.4315,-2.675],[104.434,-2.6945],[104.4355,-2.698],[104.441,-2.702],[104.4455,-2.7005],[104.446,-2.7005],[104.4465,-2.698],[104.4475,-2.697],[104.4385,-2.687],[104.4485,-2.6785],[104.423,-2.649],[104.4245,-2.648],[104.423,-2.6465],[104.4075,-2.6325],[104.4095,-2.6315],[104.3845,-2.6035],[104.392,-2.5965],[104.3645,-2.5665],[104.385,-2.553],[104.4235,-2.531],[104.4425,-2.5145],[104.4665,-2.486],[104.4035,-2.4075],[104.403,-2.407]]]},"properties":{"code":"16.07.04.2004","name":"Mukut","latitude":-2.4889251257207006,"longitude":104.38054432771345}},{"type":"Feature","geometry":{"type":"Polygon","coordinates":[[[104.439,-2.581],[104.4265,-2.5665],[104.3845,-2.6035],[104.3975,-2.618],[104.439,-2.581]]]},"properties":{"code":"16.07.04.2006","name":"Sumber Rejeki","latitude":-2.5921997851585092,"longitude":104.41187286272962}},{"type":"Feature","geometry":{"type":"Polygon","coordinates":[[[104.452,-2.596],[104.439,-2.581],[104.3975,-2.618],[104.4095,-2.6315],[104.4525,-2.596],[104.452,-2.596]]]},"properties":{"code":"16.07.04.2007","name":"Dana Mulya","latitude":-2.606265863361704,"longitude":104.42503855035487}},{"type":"Feature","geometry":{"type":"Polygon","coordinates":[[[104.4775,-2.6245],[104.464,-2.61],[104.423,-2.6465],[104.4245,-2.648],[104.423,-2.649],[104.435,-2.6625],[104.4775,-2.6245]]]},"properties":{"code":"16.07.04.2008","name":"Wana Mukti","latitude":-2.636069575786145,"longitude":104.44965269729431}},{"type":"Feature","geometry":{"type":"Polygon","coordinates":[[[104.478,-2.704],[104.5165,-2.669],[104.4775,-2.6245],[104.435,-2.6625],[104.4485,-2.6785],[104.4385,-2.687],[104.4475,-2.697],[104.4505,-2.695],[104.46,-2.694],[104.4645,-2.6945],[104.471,-2.698],[104.478,-2.704]]]},"properties":{"code":"16.07.04.2009","name":"Budi Asih","latitude":-2.6666964858690694,"longitude":104.47415587416354}},{"type":"Feature","geometry":{"type":"Polygon","coordinates":[[[104.507,-2.5745],[104.506,-2.573],[104.464,-2.61],[104.4775,-2.6245],[104.5195,-2.5875],[104.507,-2.5745]]]},"properties":{"code":"16.07.04.2013","name":"Rukun Makmur","latitude":-2.5987177349373294,"longitude":104.49172471482137}},{"type":"Feature","geometry":{"type":"Polygon","coordinates":[[[104.4945,-2.559],[104.4815,-2.5435],[104.439,-2.581],[104.452,-2.596],[104.4945,-2.559]]]},"properties":{"code":"16.07.04.2014","name":"Nunggal Sari","latitude":-2.5698219987549957,"longitude":104.46679869322516}},{"type":"Feature","geometry":{"type":"Polygon","coordinates":[[[104.537,-2.6505],[104.498,-2.606],[104.4775,-2.6245],[104.5165,-2.669],[104.537,-2.6505]]]},"properties":{"code":"16.07.04.2017","name":"Majatra","latitude":-2.637588792389755,"longitude":104.50718024773883}},{"type":"Feature","geometry":{"type":"Polygon","coordinates":[[[104.533,-2.6025],[104.5195,-2.5875],[104.498,-2.606],[104.537,-2.6505],[104.559,-2.6305],[104.533,-2.6025]]]},"properties":{"code":"16.07.04.2018","name":"Wonosari","latitude":-2.618877079252146,"longitude":104.52859571816211}},{"type":"Feature","geometry":{"type":"Polygon","coordinates":[[[104.464,-2.61],[104.4525,-2.596],[104.4075,-2.6325],[104.423,-2.6465],[104.464,-2.61]]]},"properties":{"code":"16.07.04.2031","name":"Sumber Mulya","latitude":-2.6218084505787544,"longitude":104.4361962233002}},{"type":"Feature","geometry":{"type":"Polygon","coordinates":[[[104.506,-2.573],[104.4945,-2.559],[104.452,-2.596],[104.464,-2.61],[104.506,-2.573]]]},"properties":{"code":"16.07.04.2032","name":"Rawa Banda","latitude":-2.5844992778134985,"longitude":104.47906052455639}},{"type":"Feature","geometry":{"type":"Polygon","coordinates":[[[104.3765,-2.682],[104.343,-2.6575],[104.332,-2.6735],[104.3385,-2.678],[104.3705,-2.7015],[104.3815,-2.6855],[104.3765,-2.682]]]},"properties":{"code":"16.07.04.2037","name":"Senda Mukti","latitude":-2.67942891377889,"longitude":104.35664564934135}},{"type":"Feature","geometry":{"type":"Polygon","coordinates":[[[104.4125,-2.6805],[104.389,-2.664],[104.3765,-2.682],[104.3815,-2.6855],[104.3705,-2.7015],[104.386,-2.712],[104.3965,-2.6965],[104.4,-2.6985],[104.4125,-2.6805]]]},"properties":{"code":"16.07.04.2038","name":"Tirta Mulya","latitude":-2.687706593336803,"longitude":104.39056537379628}},{"type":"Feature","geometry":{"type":"Polygon","coordinates":[[[104.3705,-2.7015],[104.3585,-2.6925],[104.3485,-2.7065],[104.35,-2.711],[104.382,-2.7335],[104.394,-2.7345],[104.4015,-2.7235],[104.3705,-2.7015]]]},"properties":{"code":"16.07.04.2039","name":"Banjar Sari","latitude":-2.7151228927632958,"longitude":104.37369981063901}},{"type":"Feature","geometry":{"type":"Polygon","coordinates":[[[104.421,-2.6865],[104.4125,-2.6805],[104.4,-2.6985],[104.419,-2.712],[104.41,-2.7255],[104.4315,-2.741],[104.449,-2.7145],[104.4245,-2.698],[104.429,-2.692],[104.421,-2.6865]]]},"properties":{"code":"16.07.04.2040","name":"Buana Murti","latitude":-2.7113532553929116,"longitude":104.42411472434367}},{"type":"Feature","geometry":{"type":"Polygon","coordinates":[[[104.2815,-2.662],[104.2815,-2.675],[104.306,-2.6805],[104.316,-2.676],[104.322,-2.655],[104.3005,-2.651],[104.3005,-2.652],[104.2865,-2.6605],[104.2825,-2.6615],[104.2815,-2.662]]]},"properties":{"code":"16.07.04.2041","name":"Tabuan Asri","latitude":-2.6662250105440344,"longitude":104.30174124806271}},{"type":"Feature","geometry":{"type":"Polygon","coordinates":[[[104.23,-2.863],[104.231,-2.8435],[104.2285,-2.8275],[104.2415,-2.8195],[104.2415,-2.754],[104.2365,-2.751],[104.2355,-2.751],[104.2335,-2.7525],[104.2335,-2.7605],[104.2295,-2.7775],[104.23,-2.7775],[104.218,-2.827],[104.2135,-2.827],[104.208,-2.8415],[104.214,-2.874],[104.2245,-2.885],[104.23,-2.885],[104.23,-2.8855],[104.2305,-2.8855],[104.23,-2.863]]]},"properties":{"code":"16.07.05.1017","name":"Betung","latitude":-2.8237643767583096,"longitude":104.22720777527077}},{"type":"Feature","geometry":{"type":"Polygon","coordinates":[[[104.267,-2.8195],[104.264,-2.7995],[104.267,-2.785],[104.2755,-2.7645],[104.2855,-2.753],[104.2715,-2.737],[104.267,-2.742],[104.2645,-2.7445],[104.2505,-2.7405],[104.238,-2.751],[104.2365,-2.751],[104.2415,-2.754],[104.2415,-2.8195],[104.2285,-2.8275],[104.231,-2.8435],[104.23,-2.863],[104.2545,-2.856],[104.2545,-2.851],[104.2675,-2.824],[104.267,-2.8195]]]},"properties":{"code":"16.07.05.1021","name":"Rimba Asam","latitude":-2.796696332783799,"longitude":104.25362277486752}},{"type":"Feature","geometry":{"type":"Polygon","coordinates":[[[104.299,-2.872],[104.299,-2.856],[104.277,-2.856],[104.268,-2.8645],[104.2695,-2.8785],[104.263,-2.885],[104.266,-2.8855],[104.2725,-2.8855],[104.2725,-2.8815],[104.3115,-2.9105],[104.299,-2.8725],[104.299,-2.872]]]},"properties":{"code":"16.07.05.2002","name":"Pulau Rajak","latitude":-2.87757346068604,"longitude":104.2878426844116}},{"type":"Feature","geometry":{"type":"Polygon","coordinates":[[[104.2135,-2.827],[104.218,-2.827],[104.23,-2.7775],[104.2285,-2.7785],[104.2075,-2.783],[104.1965,-2.7995],[104.1915,-2.8],[104.1895,-2.801],[104.1815,-2.805],[104.182,-2.805],[104.179,-2.822],[104.176,-2.8265],[104.2135,-2.827]]]},"properties":{"code":"16.07.05.2003","name":"Bukit","latitude":-2.8069316435118976,"longitude":104.20537898347688}},{"type":"Feature","geometry":{"type":"Polygon","coordinates":[[[104.2995,-2.692],[104.2815,-2.684],[104.2675,-2.666],[104.265,-2.671],[104.263,-2.682],[104.2425,-2.6895],[104.2405,-2.6905],[104.2255,-2.689],[104.2125,-2.7035],[104.2085,-2.716],[104.196,-2.7235],[104.192,-2.7605],[104.1715,-2.7605],[104.1705,-2.7865],[104.179,-2.791],[104.1805,-2.803],[104.1815,-2.805],[104.1895,-2.801],[104.1915,-2.8],[104.1965,-2.7995],[104.2075,-2.783],[104.2285,-2.7785],[104.2295,-2.7775],[104.2335,-2.7605],[104.2335,-2.7525],[104.2355,-2.751],[104.238,-2.751],[104.2505,-2.7405],[104.2645,-2.7445],[104.267,-2.742],[104.2715,-2.737],[104.2755,-2.73],[104.289,-2.713],[104.2995,-2.692]]]},"properties":{"code":"16.07.05.2004","name":"Sri Kembang","latitude":-2.7331446859788775,"longitude":104.23201456342154}},{"type":"Feature","geometry":{"type":"Polygon","coordinates":[[[104.337,-2.7005],[104.2995,-2.692],[104.289,-2.713],[104.2755,-2.73],[104.2715,-2.737],[104.2855,-2.753],[104.2755,-2.7645],[104.267,-2.785],[104.264,-2.7995],[104.267,-2.8195],[104.2765,-2.806],[104.2875,-2.784],[104.3045,-2.7665],[104.306,-2.78],[104.3125,-2.7915],[104.313,-2.7835],[104.31,-2.78],[104.3105,-2.78],[104.31,-2.78],[104.337,-2.7005]]]},"properties":{"code":"16.07.05.2005","name":"Lubuk Karet","latitude":-2.743758599657416,"longitude":104.29896215866894}},{"type":"Feature","geometry":{"type":"Polygon","coordinates":[[[104.2695,-2.919],[104.266,-2.9145],[104.245,-2.9155],[104.245,-2.908],[104.2315,-2.9085],[104.2295,-2.977],[104.254,-2.9755],[104.253,-2.9555],[104.2695,-2.955],[104.2675,-2.925],[104.2695,-2.919]]]},"properties":{"code":"16.07.05.2014","name":"Taja Mulya","latitude":-2.9416596398036576,"longitude":104.24718403099382}},{"type":"Feature","geometry":{"type":"Polygon","coordinates":[[[104.2725,-2.8855],[104.266,-2.8855],[104.263,-2.885],[104.23,-2.8855],[104.2295,-2.893],[104.2315,-2.902],[104.245,-2.908],[104.245,-2.9155],[104.266,-2.9145],[104.2695,-2.919],[104.2715,-2.903],[104.2725,-2.8855]]]},"properties":{"code":"16.07.05.2015","name":"Taja Raya I","latitude":-2.8991817326839793,"longitude":104.25240115431532}},{"type":"Feature","geometry":{"type":"Polygon","coordinates":[[[104.2315,-2.9085],[104.2245,-2.908],[104.2115,-2.908],[104.2055,-2.919],[104.194,-2.9175],[104.1865,-2.918],[104.175,-2.9185],[104.177,-2.9355],[104.177,-2.9465],[104.19,-2.948],[104.195,-2.9585],[104.207,-2.956],[104.2065,-2.977],[104.2295,-2.977],[104.2315,-2.9085]]]},"properties":{"code":"16.07.05.2016","name":"Taja Indah","latitude":-2.9397985567926614,"longitude":104.20866407484833}},{"type":"Feature","geometry":{"type":"Polygon","coordinates":[[[104.268,-2.8645],[104.2545,-2.856],[104.23,-2.863],[104.2305,-2.8855],[104.263,-2.885],[104.2695,-2.8785],[104.268,-2.8645]]]},"properties":{"code":"16.07.05.2018","name":"Taja Raya II","latitude":-2.8722392317975327,"longitude":104.24920378178376}},{"type":"Feature","geometry":{"type":"Polygon","coordinates":[[[104.2135,-2.827],[104.176,-2.8265],[104.176,-2.8495],[104.1705,-2.8725],[104.1775,-2.8785],[104.1915,-2.8855],[104.216,-2.8855],[104.2245,-2.885],[104.214,-2.874],[104.208,-2.8415],[104.2135,-2.827]]]},"properties":{"code":"16.07.05.2020","name":"Suka Mulya","latitude":-2.857421062954776,"longitude":104.19462400164268}},{"type":"Feature","geometry":{"type":"Polygon","coordinates":[[[104.798,-3.0295],[104.792,-3.0265],[104.7885,-3.029],[104.786,-3.0375],[104.79,-3.0535],[104.801,-3.048],[104.807,-3.038],[104.8065,-3.0375],[104.806,-3.0315],[104.804,-3.0305],[104.798,-3.0295]]]},"properties":{"code":"16.07.06.1021","name":"Jakabaring Selatan","latitude":-3.0406601143997856,"longitude":104.79724972748804}},{"type":"Feature","geometry":{"type":"Polygon","coordinates":[[[105.051,-3.1305],[105.0495,-3.1245],[105.036,-3.1355],[105.006,-3.135],[105.0025,-3.136],[105,-3.1355],[105.007,-3.1375],[105.0075,-3.1555],[105.02,-3.155],[105.0335,-3.147],[105.0485,-3.1475],[105.0505,-3.1485],[105.051,-3.1305]]]},"properties":{"code":"16.07.06.2001","name":"Kebon Sahang","latitude":-3.1421225008913893,"longitude":105.02758816961034}},{"type":"Feature","geometry":{"type":"Polygon","coordinates":[[[105.0555,-3.1075],[105.0625,-3.104],[105.0845,-3.105],[105.085,-3.079],[105.083,-3.0395],[105.0825,-3.0335],[105.01,-3.077],[105.0155,-3.0905],[105.007,-3.106],[105.001,-3.1255],[105.0005,-3.126],[104.9995,-3.127],[104.9995,-3.1285],[105,-3.1355],[105.0025,-3.136],[105.006,-3.135],[105.036,-3.1355],[105.0495,-3.1245],[105.049,-3.121],[105.0445,-3.114],[105.0555,-3.1075]]]},"properties":{"code":"16.07.06.2002","name":"Siju","latitude":-3.089515203929753,"longitude":105.04586654677775}},{"type":"Feature","geometry":{"type":"Polygon","coordinates":[[[105.007,-3.106],[104.981,-3.096],[104.9795,-3.0975],[104.9795,-3.099],[104.9795,-3.1005],[104.9785,-3.101],[104.9755,-3.1035],[104.967,-3.1145],[104.9625,-3.1175],[104.9565,-3.1215],[104.957,-3.123],[104.975,-3.1305],[104.982,-3.13],[104.983,-3.1315],[104.984,-3.131],[104.9895,-3.1205],[104.9985,-3.1285],[104.9995,-3.128],[104.9995,-3.127],[105.0005,-3.126],[105.001,-3.1255],[105.007,-3.106]]]},"properties":{"code":"16.07.06.2003","name":"Tanah Lembak","latitude":-3.1140903809613136,"longitude":104.98432947595013}},{"type":"Feature","geometry":{"type":"Polygon","coordinates":[[[104.971,-3.086],[104.956,-3.098],[104.9505,-3.0955],[104.956,-3.106],[104.956,-3.1085],[104.9575,-3.108],[104.9635,-3.117],[104.967,-3.1145],[104.9755,-3.1035],[104.9785,-3.101],[104.975,-3.0965],[104.971,-3.086]]]},"properties":{"code":"16.07.06.2004","name":"Parit","latitude":-3.1003458651731823,"longitude":104.9669060134361}},{"type":"Feature","geometry":{"type":"Polygon","coordinates":[[[105.0825,-3.0335],[105.0825,-3.026],[105.0205,-3.0625],[105.007,-3.069],[104.9995,-3.079],[104.9815,-3.0945],[104.981,-3.096],[105.007,-3.106],[105.0155,-3.0905],[105.01,-3.077],[105.0825,-3.0335]]]},"properties":{"code":"16.07.06.2005","name":"Pelaju","latitude":-3.0718359959668806,"longitude":105.02274041432916}},{"type":"Feature","geometry":{"type":"Polygon","coordinates":[[[105.087,-2.994],[105.082,-2.9855],[104.9825,-3.0455],[104.982,-3.058],[104.971,-3.086],[104.975,-3.0965],[104.9795,-3.1005],[104.9795,-3.099],[104.9795,-3.0975],[104.9815,-3.0945],[104.9995,-3.079],[105.007,-3.069],[105.0205,-3.0625],[105.0825,-3.026],[105.0825,-3.0095],[105.0855,-2.997],[105.087,-2.994]]]},"properties":{"code":"16.07.06.2006","name":"Suka Pindah","latitude":-3.0386188851379474,"longitude":105.02919371156992}},{"type":"Feature","geometry":{"type":"MultiPolygon","coordinates":[[[[105.0635,-2.9915],[105.0795,-2.9815],[105.0715,-2.971],[105.0685,-2.971],[105.0645,-2.972],[105.0635,-2.9915]]],[[[104.985,-2.973],[104.9845,-2.9625],[104.951,-2.987],[104.9525,-2.9895],[104.9275,-3.0075],[104.9275,-3.014],[104.9855,-3.014],[104.9875,-3.0275],[104.974,-3.0365],[104.9645,-3.026],[104.954,-3.0345],[104.9565,-3.049],[104.9445,-3.057],[104.956,-3.064],[104.958,-3.0675],[104.958,-3.067],[104.9745,-3.0455],[105.062,-2.9925],[105.0525,-2.9935],[105.042,-2.984],[105.0215,-2.9965],[105.018,-2.994],[105.018,-2.993],[105.016,-2.99],[105.0165,-2.989],[105.016,-2.9885],[105.015,-2.9875],[105.012,-2.988],[104.982,-2.9875],[104.985,-2.973]]]]},"properties":{"code":"16.07.06.2007","name":"Baru","latitude":-3.007347899083507,"longitude":104.98925247264799}},{"type":"Feature","geometry":{"type":"Polygon","coordinates":[[[104.9545,-3.078],[104.958,-3.0675],[104.956,-3.064],[104.9445,-3.057],[104.9565,-3.049],[104.954,-3.0345],[104.9645,-3.026],[104.974,-3.0365],[104.9875,-3.0275],[104.9855,-3.014],[104.938,-3.014],[104.9375,-3.043],[104.9305,-3.05],[104.9395,-3.0655],[104.916,-3.082],[104.931,-3.106],[104.956,-3.1075],[104.956,-3.106],[104.9505,-3.0955],[104.9545,-3.078]]]},"properties":{"code":"16.07.06.2008","name":"Tanjung Kerang","latitude":-3.0573130867846205,"longitude":104.94814614006009}},{"type":"Feature","geometry":{"type":"Polygon","coordinates":[[[104.956,-3.1075],[104.931,-3.106],[104.921,-3.1205],[104.9115,-3.1235],[104.902,-3.1325],[104.901,-3.132],[104.8965,-3.1355],[104.894,-3.1345],[104.8905,-3.1355],[104.891,-3.1375],[104.8885,-3.138],[104.8875,-3.137],[104.887,-3.138],[104.8835,-3.142],[104.887,-3.143],[104.887,-3.142],[104.8885,-3.142],[104.897,-3.14],[104.902,-3.149],[104.92,-3.156],[104.923,-3.1595],[104.941,-3.1585],[104.9615,-3.1685],[104.9615,-3.1665],[104.97,-3.16],[104.9725,-3.1595],[104.9815,-3.159],[104.9825,-3.1585],[104.984,-3.155],[104.9835,-3.153],[104.963,-3.1475],[104.9765,-3.136],[104.975,-3.1305],[104.957,-3.123],[104.9565,-3.1215],[104.9625,-3.1175],[104.9635,-3.117],[104.9575,-3.108],[104.956,-3.1085],[104.956,-3.1075]]]},"properties":{"code":"16.07.06.2009","name":"Rambutan","latitude":-3.137165688249645,"longitude":104.93973117420353}},{"type":"Feature","geometry":{"type":"Polygon","coordinates":[[[104.931,-3.106],[104.916,-3.082],[104.8985,-3.0915],[104.8895,-3.0945],[104.8875,-3.0945],[104.887,-3.0945],[104.8865,-3.0965],[104.885,-3.099],[104.8815,-3.099],[104.88,-3.1],[104.887,-3.1075],[104.882,-3.1165],[104.884,-3.1305],[104.8885,-3.1325],[104.8865,-3.1345],[104.889,-3.1365],[104.8875,-3.137],[104.8885,-3.138],[104.891,-3.1375],[104.8905,-3.1355],[104.894,-3.1345],[104.8965,-3.1355],[104.901,-3.132],[104.902,-3.1325],[104.9115,-3.1235],[104.921,-3.1205],[104.931,-3.106]]]},"properties":{"code":"16.07.06.2010","name":"Tanjung Merbu","latitude":-3.109509273715883,"longitude":104.90379382332591}},{"type":"Feature","geometry":{"type":"Polygon","coordinates":[[[104.9135,-3.0835],[104.8935,-3.0675],[104.884,-3.0655],[104.871,-3.0725],[104.8695,-3.074],[104.8865,-3.093],[104.8895,-3.0945],[104.8985,-3.0915],[104.9135,-3.0835]]]},"properties":{"code":"16.07.06.2011","name":"Sako","latitude":-3.0800487946373174,"longitude":104.89121151621059}},{"type":"Feature","geometry":{"type":"Polygon","coordinates":[[[104.8695,-3.074],[104.869,-3.075],[104.8425,-3.0755],[104.835,-3.07],[104.831,-3.0725],[104.83,-3.074],[104.833,-3.094],[104.839,-3.099],[104.8605,-3.1085],[104.863,-3.11],[104.8635,-3.11],[104.864,-3.11],[104.8665,-3.107],[104.867,-3.1065],[104.879,-3.099],[104.8815,-3.099],[104.885,-3.099],[104.8865,-3.0965],[104.887,-3.0945],[104.8875,-3.0945],[104.8865,-3.093],[104.8695,-3.074]]]},"properties":{"code":"16.07.06.2012","name":"Gelebak Dalam","latitude":-3.0893229095182675,"longitude":104.85638448650319}},{"type":"Feature","geometry":{"type":"Polygon","coordinates":[[[104.938,-3.014],[104.9275,-3.014],[104.9275,-3.0075],[104.8895,-3.0345],[104.877,-3.0475],[104.88,-3.0635],[104.884,-3.0655],[104.8935,-3.0675],[104.9135,-3.0835],[104.916,-3.082],[104.9395,-3.0655],[104.9305,-3.05],[104.9375,-3.043],[104.938,-3.014]]]},"properties":{"code":"16.07.06.2013","name":"Menten","latitude":-3.0477266468162187,"longitude":104.91226241571938}},{"type":"Feature","geometry":{"type":"Polygon","coordinates":[[[104.85,-3.0535],[104.837,-3.047],[104.8245,-3.058],[104.835,-3.07],[104.8425,-3.0755],[104.869,-3.075],[104.871,-3.0725],[104.884,-3.0655],[104.88,-3.0635],[104.868,-3.0635],[104.852,-3.053],[104.85,-3.0535]]]},"properties":{"code":"16.07.06.2014","name":"Pangkalan Gelebak","latitude":-3.0641203999177025,"longitude":104.85129719346436}},{"type":"Feature","geometry":{"type":"Polygon","coordinates":[[[104.951,-2.987],[104.941,-2.994],[104.9315,-2.999],[104.934,-2.983],[104.8895,-3.0085],[104.8805,-3.0135],[104.8635,-3.0065],[104.8605,-3.007],[104.85,-3.017],[104.838,-3.026],[104.8355,-3.0255],[104.8365,-3.03],[104.838,-3.034],[104.8445,-3.047],[104.852,-3.053],[104.868,-3.0635],[104.88,-3.0635],[104.877,-3.0475],[104.8895,-3.0345],[104.9525,-2.9895],[104.951,-2.987]]]},"properties":{"code":"16.07.06.2015","name":"Sungai Dua","latitude":-3.024205474686336,"longitude":104.88165829515263}},{"type":"Feature","geometry":{"type":"Polygon","coordinates":[[[104.8355,-3.0255],[104.8325,-3.025],[104.821,-3.027],[104.8095,-3.0525],[104.798,-3.062],[104.8025,-3.072],[104.83,-3.074],[104.831,-3.0725],[104.835,-3.07],[104.8245,-3.058],[104.837,-3.047],[104.85,-3.0535],[104.8445,-3.047],[104.838,-3.034],[104.8365,-3.03],[104.8355,-3.0255]]]},"properties":{"code":"16.07.06.2016","name":"Sungai Pinang","latitude":-3.051282662559313,"longitude":104.82279070339716}},{"type":"Feature","geometry":{"type":"Polygon","coordinates":[[[104.85,-3.017],[104.838,-3.01],[104.837,-3.0125],[104.8355,-3.014],[104.8335,-3.0135],[104.8205,-3.021],[104.8185,-3.0205],[104.8155,-3.0205],[104.815,-3.0205],[104.8125,-3.0195],[104.8105,-3.019],[104.8095,-3.024],[104.8115,-3.0255],[104.808,-3.0385],[104.807,-3.038],[104.801,-3.048],[104.8095,-3.0525],[104.821,-3.027],[104.8325,-3.025],[104.838,-3.026],[104.85,-3.017]]]},"properties":{"code":"16.07.06.2017","name":"Sungai Kedukan","latitude":-3.0284663479340725,"longitude":104.82251203146146}},{"type":"Feature","geometry":{"type":"Polygon","coordinates":[[[105.082,-2.9855],[105.0795,-2.9815],[104.9745,-3.0455],[104.958,-3.067],[104.9545,-3.078],[104.9505,-3.0955],[104.956,-3.098],[104.971,-3.086],[104.982,-3.058],[104.9825,-3.0455],[105.082,-2.9855]]]},"properties":{"code":"16.07.06.2019","name":"Durian Gadis","latitude":-3.049116420522429,"longitude":104.99137167368582}},{"type":"Feature","geometry":{"type":"Polygon","coordinates":[[[104.9995,-3.128],[104.9985,-3.1285],[104.9895,-3.1205],[104.984,-3.131],[104.983,-3.1315],[104.982,-3.13],[104.975,-3.1305],[104.9765,-3.136],[104.963,-3.1475],[104.9835,-3.153],[104.984,-3.153],[104.9985,-3.156],[105.001,-3.157],[105.002,-3.157],[105.004,-3.1555],[105.0075,-3.1555],[105.007,-3.1375],[105,-3.1355],[104.9995,-3.1285],[104.9995,-3.128]]]},"properties":{"code":"16.07.06.2020","name":"Pulau Parang","latitude":-3.141146743146026,"longitude":104.98911109134507}},{"type":"Feature","geometry":{"type":"Polygon","coordinates":[[[105.207,-2.621],[105.21,-2.6075],[105.209,-2.604],[105.2065,-2.599],[105.204,-2.597],[105.203,-2.596],[105.192,-2.634],[105.171,-2.629],[105.1665,-2.644],[105.165,-2.6495],[105.184,-2.6585],[105.196,-2.661],[105.2125,-2.686],[105.2035,-2.718],[105.1985,-2.7295],[105.088,-2.6985],[105.0855,-2.6975],[105.077,-2.6955],[105.0735,-2.696],[105.0625,-2.7],[105.0495,-2.6835],[105.049,-2.6825],[105.0435,-2.6985],[105.0375,-2.7185],[105.028,-2.7245],[105.027,-2.7265],[105.0265,-2.7285],[105.0595,-2.75],[105.068,-2.7555],[105.0625,-2.7675],[105.075,-2.7665],[105.0755,-2.7155],[105.0735,-2.696],[105.079,-2.696],[105.2055,-2.732],[105.2055,-2.7315],[105.214,-2.7225],[105.2155,-2.719],[105.2155,-2.7135],[105.2145,-2.707],[105.2145,-2.703],[105.215,-2.6955],[105.215,-2.6885],[105.2145,-2.6855],[105.213,-2.6825],[105.212,-2.6815],[105.2045,-2.6745],[105.197,-2.659],[105.1775,-2.653],[105.176,-2.639],[105.179,-2.635],[105.1825,-2.634],[105.1875,-2.6345],[105.2025,-2.6355],[105.2055,-2.63],[105.207,-2.621]]]},"properties":{"code":"16.07.07.2001","name":"Muara Padang","latitude":-2.7017483323886218,"longitude":105.10645227470171}},{"type":"Feature","geometry":{"type":"Polygon","coordinates":[[[105.0945,-2.5485],[105.095,-2.5555],[105.0955,-2.5595],[105.082,-2.569],[105.08,-2.5715],[105.079,-2.5725],[105.077,-2.58],[105.0735,-2.5975],[105.076,-2.605],[105.0885,-2.6125],[105.0895,-2.6145],[105.09,-2.6165],[105.0915,-2.629],[105.093,-2.6365],[105.084,-2.6505],[105.0785,-2.648],[105.0745,-2.6475],[105.0725,-2.648],[105.0615,-2.662],[105.055,-2.671],[105.049,-2.682],[105.0495,-2.6835],[105.0625,-2.7],[105.0735,-2.696],[105.0675,-2.693],[105.077,-2.6575],[105.0855,-2.66],[105.0945,-2.644],[105.099,-2.627],[105.094,-2.6255],[105.0925,-2.6065],[105.082,-2.6035],[105.0925,-2.569],[105.096,-2.5655],[105.0975,-2.5555],[105.0985,-2.5495],[105.0945,-2.5485]]]},"properties":{"code":"16.07.07.2002","name":"Tanjung Baru","latitude":-2.637195897763015,"longitude":105.07521776513435}},{"type":"Feature","geometry":{"type":"Polygon","coordinates":[[[105.2055,-2.732],[105.079,-2.696],[105.0735,-2.696],[105.0755,-2.7155],[105.075,-2.7665],[105.0675,-2.767],[105.0665,-2.786],[105.094,-2.786],[105.0945,-2.8065],[105.091,-2.821],[105.093,-2.8305],[105.094,-2.8645],[105.067,-2.8655],[105.06,-2.8655],[105.048,-2.866],[105.049,-2.8845],[105.0645,-2.884],[105.0935,-2.9025],[105.0905,-2.9145],[105.1015,-2.9255],[105.092,-2.9305],[105.083,-2.9315],[105.0775,-2.9445],[105.065,-2.953],[105.0795,-2.96],[105.0715,-2.971],[105.0795,-2.9815],[105.087,-2.994],[105.0885,-2.9915],[105.1085,-2.9625],[105.1125,-2.957],[105.127,-2.9415],[105.131,-2.9425],[105.141,-2.952],[105.1505,-2.9765],[105.158,-2.9965],[105.1805,-3.0595],[105.182,-3.0725],[105.1845,-3.084],[105.189,-3.107],[105.1985,-3.113],[105.2115,-3.1065],[105.2155,-3.1035],[105.2175,-3.081],[105.2265,-3.0585],[105.2245,-3.046],[105.234,-3.036],[105.2325,-3.0215],[105.252,-3.0065],[105.2565,-2.9905],[105.261,-2.9815],[105.282,-2.9755],[105.2925,-2.994],[105.303,-2.9835],[105.305,-2.9785],[105.302,-2.973],[105.2885,-2.958],[105.2895,-2.9395],[105.3,-2.9365],[105.2965,-2.924],[105.302,-2.914],[105.299,-2.904],[105.29,-2.8975],[105.28,-2.8825],[105.2715,-2.8975],[105.2595,-2.8835],[105.257,-2.866],[105.2615,-2.8505],[105.2775,-2.8525],[105.278,-2.8245],[105.2695,-2.8165],[105.2505,-2.809],[105.2485,-2.806],[105.256,-2.7905],[105.253,-2.7745],[105.255,-2.756],[105.224,-2.749],[105.2175,-2.7465],[105.2145,-2.7405],[105.206,-2.7325],[105.2055,-2.732]]]},"properties":{"code":"16.07.07.2003","name":"Karang Anyar","latitude":-2.8781810628242015,"longitude":105.17903946741743}},{"type":"Feature","geometry":{"type":"Polygon","coordinates":[[[105.128,-2.6345],[105.1085,-2.6295],[105.088,-2.6985],[105.1075,-2.704],[105.128,-2.6345]]]},"properties":{"code":"16.07.07.2006","name":"Purwodadi","latitude":-2.666619308805559,"longitude":105.10806896956922}},{"type":"Feature","geometry":{"type":"Polygon","coordinates":[[[105.1475,-2.6395],[105.128,-2.6345],[105.1075,-2.704],[105.1275,-2.7095],[105.1475,-2.6395]]]},"properties":{"code":"16.07.07.2007","name":"Sumber Makmur","latitude":-2.671890475386311,"longitude":105.12770667630454}},{"type":"Feature","geometry":{"type":"Polygon","coordinates":[[[105.184,-2.6585],[105.165,-2.6495],[105.147,-2.715],[105.167,-2.721],[105.184,-2.6585]]]},"properties":{"code":"16.07.07.2008","name":"Air Gading","latitude":-2.6853819536084886,"longitude":105.16585188496502}},{"type":"Feature","geometry":{"type":"Polygon","coordinates":[[[105.167,-2.721],[105.1985,-2.7295],[105.2035,-2.718],[105.2125,-2.686],[105.196,-2.661],[105.184,-2.6585],[105.167,-2.721]]]},"properties":{"code":"16.07.07.2009","name":"Tirto Raharjo","latitude":-2.696526913031281,"longitude":105.1902067015518}},{"type":"Feature","geometry":{"type":"Polygon","coordinates":[[[105.1255,-2.5575],[105.108,-2.5525],[105.102,-2.5705],[105.0925,-2.6065],[105.094,-2.6255],[105.1085,-2.6295],[105.129,-2.5585],[105.1255,-2.5575]]]},"properties":{"code":"16.07.07.2010","name":"Daya Utama","latitude":-2.5899135848059407,"longitude":105.10871877319812}},{"type":"Feature","geometry":{"type":"Polygon","coordinates":[[[105.1455,-2.5635],[105.129,-2.5585],[105.1085,-2.6295],[105.128,-2.6345],[105.148,-2.564],[105.1455,-2.5635]]]},"properties":{"code":"16.07.07.2011","name":"Daya Makmur","latitude":-2.5966492942193984,"longitude":105.12828456146549}},{"type":"Feature","geometry":{"type":"Polygon","coordinates":[[[105.165,-2.569],[105.148,-2.564],[105.128,-2.6345],[105.1475,-2.6395],[105.168,-2.57],[105.165,-2.569]]]},"properties":{"code":"16.07.07.2012","name":"Sido Mulyo 18","latitude":-2.601958552808479,"longitude":105.14791727515109}},{"type":"Feature","geometry":{"type":"Polygon","coordinates":[[[105.186,-2.5755],[105.168,-2.57],[105.1475,-2.6395],[105.1665,-2.644],[105.171,-2.629],[105.186,-2.5755]]]},"properties":{"code":"16.07.07.2013","name":"Sido Rejo","latitude":-2.6073892432335746,"longitude":105.16695079331492}},{"type":"Feature","geometry":{"type":"Polygon","coordinates":[[[105.1665,-2.644],[105.1475,-2.6395],[105.1275,-2.7095],[105.147,-2.715],[105.1665,-2.644]]]},"properties":{"code":"16.07.07.2018","name":"Sido Mulyo 20","latitude":-2.6775578477469106,"longitude":105.14704413871362}},{"type":"Feature","geometry":{"type":"Polygon","coordinates":[[[105.1085,-2.6295],[105.099,-2.627],[105.0945,-2.644],[105.0855,-2.66],[105.077,-2.6575],[105.0675,-2.693],[105.077,-2.6955],[105.0855,-2.6975],[105.088,-2.6985],[105.1085,-2.6295]]]},"properties":{"code":"16.07.07.2037","name":"Margo Mulyo 20","latitude":-2.6678129003507,"longitude":105.08764025173092}},{"type":"Feature","geometry":{"type":"Polygon","coordinates":[[[105.2025,-2.58],[105.186,-2.5755],[105.171,-2.629],[105.192,-2.634],[105.203,-2.596],[105.199,-2.59],[105.199,-2.5875],[105.201,-2.5815],[105.2025,-2.58]]]},"properties":{"code":"16.07.07.2038","name":"Margo Sugihan","latitude":-2.6061018045656326,"longitude":105.18801776943842}},{"type":"Feature","geometry":{"type":"Polygon","coordinates":[[[105.1055,-2.5515],[105.0985,-2.5495],[105.0975,-2.5555],[105.096,-2.5655],[105.0925,-2.569],[105.082,-2.6035],[105.0925,-2.6065],[105.102,-2.5705],[105.108,-2.5525],[105.1055,-2.5515]]]},"properties":{"code":"16.07.07.2042","name":"Tirta Jaya","latitude":-2.578863912384606,"longitude":105.09506450128039}},{"type":"Feature","geometry":{"type":"Polygon","coordinates":[[[104.9045,-2.5595],[104.899,-2.513],[104.9075,-2.512],[104.9065,-2.5015],[104.8675,-2.5045],[104.871,-2.562],[104.9045,-2.5595]]]},"properties":{"code":"16.07.08.2007","name":"Marga Rahayu","latitude":-2.531443476853366,"longitude":104.88602374614194}},{"type":"Feature","geometry":{"type":"Polygon","coordinates":[[[104.907,-2.581],[104.9045,-2.5595],[104.8635,-2.5625],[104.865,-2.587],[104.8675,-2.587],[104.8695,-2.598],[104.8695,-2.6095],[104.872,-2.61],[104.898,-2.6075],[104.918,-2.606],[104.9175,-2.595],[104.9085,-2.5955],[104.907,-2.581]]]},"properties":{"code":"16.07.08.2008","name":"Sumber Mulya","latitude":-2.5852104463645245,"longitude":104.88785497431499}},{"type":"Feature","geometry":{"type":"Polygon","coordinates":[[[104.869,-2.637],[104.86,-2.636],[104.8485,-2.6375],[104.854,-2.718],[104.8755,-2.7175],[104.869,-2.637]]]},"properties":{"code":"16.07.08.2009","name":"Sumber Hidup","latitude":-2.6774712902507907,"longitude":104.86184498773204}},{"type":"Feature","geometry":{"type":"Polygon","coordinates":[[[104.854,-2.718],[104.8485,-2.6375],[104.8285,-2.6395],[104.8285,-2.6445],[104.834,-2.7185],[104.854,-2.718]]]},"properties":{"code":"16.07.08.2010","name":"Telang Rejo","latitude":-2.678200582552555,"longitude":104.84133093526404}},{"type":"Feature","geometry":{"type":"Polygon","coordinates":[[[104.9135,-2.6725],[104.9225,-2.672],[104.9215,-2.6545],[104.912,-2.6555],[104.9115,-2.651],[104.891,-2.653],[104.8945,-2.6995],[104.9145,-2.6975],[104.9135,-2.6725]]]},"properties":{"code":"16.07.08.2011","name":"Telang Jaya","latitude":-2.673483956805556,"longitude":104.90506979079849}},{"type":"Feature","geometry":{"type":"Polygon","coordinates":[[[104.891,-2.653],[104.89,-2.636],[104.872,-2.6375],[104.869,-2.637],[104.8755,-2.7175],[104.8955,-2.716],[104.891,-2.653]]]},"properties":{"code":"16.07.08.2013","name":"Telang Makmur","latitude":-2.676539404499238,"longitude":104.88251405089856}},{"type":"Feature","geometry":{"type":"Polygon","coordinates":[[[104.834,-2.7155],[104.8285,-2.644],[104.808,-2.646],[104.8105,-2.682],[104.778,-2.6845],[104.781,-2.7205],[104.834,-2.7155]]]},"properties":{"code":"16.07.08.2014","name":"Telang Karya","latitude":-2.689853566648062,"longitude":104.8098208875911}},{"type":"Feature","geometry":{"type":"Polygon","coordinates":[[[104.9115,-2.651],[104.91,-2.635],[104.9195,-2.6345],[104.918,-2.606],[104.898,-2.6075],[104.872,-2.61],[104.872,-2.6375],[104.89,-2.636],[104.891,-2.653],[104.9115,-2.651]]]},"properties":{"code":"16.07.08.2015","name":"Panca Mukti","latitude":-2.626190503630346,"longitude":104.89655641799992}},{"type":"Feature","geometry":{"type":"Polygon","coordinates":[[[104.925,-2.711],[104.9155,-2.7085],[104.9145,-2.6975],[104.8945,-2.6995],[104.8955,-2.716],[104.8975,-2.748],[104.9065,-2.7475],[104.928,-2.746],[104.925,-2.711]]]},"properties":{"code":"16.07.08.2016","name":"Mukti Jaya","latitude":-2.7242123172860975,"longitude":104.91014765772648}},{"type":"Feature","geometry":{"type":"Polygon","coordinates":[[[104.927,-2.78],[104.9305,-2.7715],[104.9295,-2.7455],[104.937,-2.745],[104.9345,-2.7095],[104.925,-2.711],[104.928,-2.746],[104.9065,-2.7475],[104.909,-2.782],[104.927,-2.78]]]},"properties":{"code":"16.07.08.2019","name":"Mekar Sari","latitude":-2.752542213322155,"longitude":104.92247789836918}},{"type":"Feature","geometry":{"type":"Polygon","coordinates":[[[104.872,-2.61],[104.8695,-2.6095],[104.8695,-2.601],[104.837,-2.608],[104.8285,-2.6335],[104.823,-2.6405],[104.86,-2.636],[104.872,-2.6375],[104.872,-2.61]]]},"properties":{"code":"16.07.08.2024","name":"Talang Indah","latitude":-2.6220812710155705,"longitude":104.8514458487483}},{"type":"Feature","geometry":{"type":"Polygon","coordinates":[[[104.9345,-2.708],[104.932,-2.672],[104.9135,-2.6725],[104.9155,-2.7085],[104.925,-2.711],[104.9345,-2.7095],[104.9345,-2.708]]]},"properties":{"code":"16.07.08.2025","name":"Mekar Mukti","latitude":-2.69074975913416,"longitude":104.92387665982284}},{"type":"Feature","geometry":{"type":"Polygon","coordinates":[[[104.8955,-2.729],[104.875,-2.7475],[104.879,-2.7495],[104.8705,-2.7665],[104.87,-2.782],[104.8705,-2.7975],[104.862,-2.8115],[104.85,-2.8085],[104.845,-2.8155],[104.856,-2.822],[104.851,-2.836],[104.837,-2.8335],[104.834,-2.836],[104.8425,-2.8465],[104.8405,-2.8625],[104.8525,-2.86],[104.857,-2.8595],[104.863,-2.868],[104.873,-2.8635],[104.893,-2.872],[104.897,-2.864],[104.905,-2.8405],[104.9085,-2.827],[104.9105,-2.8205],[104.9165,-2.806],[104.9345,-2.787],[104.927,-2.78],[104.909,-2.782],[104.9065,-2.7475],[104.8975,-2.748],[104.8955,-2.729]]]},"properties":{"code":"16.07.08.2026","name":"Upang Jaya","latitude":-2.8094929431042703,"longitude":104.8843279601169}},{"type":"Feature","geometry":{"type":"Polygon","coordinates":[[[104.954,-2.716],[104.95,-2.7075],[104.9345,-2.708],[104.937,-2.745],[104.9295,-2.7455],[104.9305,-2.7715],[104.927,-2.78],[104.9345,-2.787],[104.9455,-2.7705],[104.9545,-2.749],[104.956,-2.7355],[104.9555,-2.727],[104.955,-2.7215],[104.955,-2.7185],[104.954,-2.716]]]},"properties":{"code":"16.07.08.2027","name":"Upang Karya","latitude":-2.7442456061685503,"longitude":104.94235626807227}},{"type":"Feature","geometry":{"type":"Polygon","coordinates":[[[104.9465,-2.613],[104.9535,-2.6065],[104.946,-2.586],[104.9455,-2.581],[104.907,-2.581],[104.9085,-2.5955],[104.9175,-2.595],[104.918,-2.603],[104.937,-2.603],[104.9465,-2.613]]]},"properties":{"code":"16.07.08.2028","name":"Upang Cemara","latitude":-2.593490361524599,"longitude":104.93160663301634}},{"type":"Feature","geometry":{"type":"Polygon","coordinates":[[[104.9465,-2.613],[104.937,-2.603],[104.918,-2.603],[104.9195,-2.6345],[104.91,-2.635],[104.912,-2.6555],[104.9215,-2.6545],[104.9225,-2.672],[104.932,-2.672],[104.9345,-2.708],[104.95,-2.7075],[104.9455,-2.692],[104.9435,-2.6665],[104.937,-2.635],[104.941,-2.6185],[104.9445,-2.614],[104.9465,-2.613]]]},"properties":{"code":"16.07.08.2029","name":"Upang Ceria","latitude":-2.6498816993341165,"longitude":104.93095393518115}},{"type":"Feature","geometry":{"type":"Polygon","coordinates":[[[105.002,-2.493],[104.978,-2.4855],[104.966,-2.4775],[104.9555,-2.508],[104.9915,-2.521],[104.9925,-2.518],[105.002,-2.493]]]},"properties":{"code":"16.07.09.1012","name":"Makarti Jaya","latitude":-2.500336347911253,"longitude":104.97864314045009}},{"type":"Feature","geometry":{"type":"Polygon","coordinates":[[[105.008,-2.471],[105.013,-2.461],[105.0135,-2.46],[104.98,-2.448],[104.977,-2.4665],[104.9705,-2.4645],[104.966,-2.4775],[104.978,-2.4855],[105.002,-2.493],[105.008,-2.471]]]},"properties":{"code":"16.07.09.2002","name":"Delta Upang","latitude":-2.470714097074788,"longitude":104.99028151909808}},{"type":"Feature","geometry":{"type":"Polygon","coordinates":[[[105.0225,-2.4325],[105.0155,-2.4055],[105.025,-2.382],[104.992,-2.3705],[104.9845,-2.4225],[105.0225,-2.4325]]]},"properties":{"code":"16.07.09.2006","name":"Pendowo Harjo","latitude":-2.4017656168448074,"longitude":105.0036985540631}},{"type":"Feature","geometry":{"type":"Polygon","coordinates":[[[104.9915,-2.521],[104.9555,-2.508],[104.955,-2.51],[104.9545,-2.512],[104.9525,-2.5245],[104.9655,-2.529],[104.964,-2.5375],[104.979,-2.543],[104.9805,-2.538],[104.9905,-2.523],[104.9915,-2.521]]]},"properties":{"code":"16.07.09.2007","name":"Pangestu","latitude":-2.524662946512128,"longitude":104.97077358852347}},{"type":"Feature","geometry":{"type":"Polygon","coordinates":[[[104.985,-2.418],[104.98,-2.416],[104.973,-2.454],[104.9785,-2.4565],[104.98,-2.448],[105.0135,-2.46],[105.015,-2.4585],[105.017,-2.4555],[105.019,-2.4505],[105.0225,-2.4325],[104.9845,-2.4225],[104.985,-2.418]]]},"properties":{"code":"16.07.09.2008","name":"Tirta Kencana","latitude":-2.4400170072630742,"longitude":104.99722264330454}},{"type":"Feature","geometry":{"type":"Polygon","coordinates":[[[105.082,-2.3615],[105.0685,-2.361],[105.0575,-2.3755],[105.0455,-2.3765],[105.0385,-2.3525],[105.0225,-2.341],[105,-2.332],[104.994,-2.355],[104.992,-2.3705],[105.025,-2.382],[105.0155,-2.4055],[105.0225,-2.4325],[105.019,-2.4505],[105.017,-2.4555],[105.015,-2.4585],[105.013,-2.461],[105.008,-2.471],[105.002,-2.493],[104.9925,-2.518],[104.9905,-2.523],[104.9805,-2.538],[104.976,-2.5515],[104.974,-2.5715],[104.981,-2.5735],[104.981,-2.5545],[104.9885,-2.551],[105.0015,-2.554],[105.0155,-2.522],[105.026,-2.5205],[105.082,-2.3615]]]},"properties":{"code":"16.07.09.2010","name":"Upang Makmur","latitude":-2.4335300329645397,"longitude":105.02686416314094}},{"type":"Feature","geometry":{"type":"Polygon","coordinates":[[[104.974,-2.5715],[104.97,-2.57],[104.9695,-2.5705],[104.9535,-2.638],[104.937,-2.635],[104.9435,-2.6665],[104.9455,-2.692],[104.954,-2.716],[104.9735,-2.6935],[104.974,-2.6805],[104.9675,-2.664],[104.965,-2.64],[104.9765,-2.617],[104.979,-2.601],[104.9805,-2.5775],[104.974,-2.5715]]]},"properties":{"code":"16.07.09.2013","name":"Upang Mulya","latitude":-2.649092088615392,"longitude":104.96045493767613}},{"type":"Feature","geometry":{"type":"Polygon","coordinates":[[[104.979,-2.543],[104.964,-2.5375],[104.9585,-2.566],[104.974,-2.5715],[104.976,-2.5515],[104.979,-2.543]]]},"properties":{"code":"16.07.09.2017","name":"Purwosari","latitude":-2.5547600673268156,"longitude":104.96880517317857}},{"type":"Feature","geometry":{"type":"Polygon","coordinates":[[[104.977,-2.4665],[104.9785,-2.4565],[104.973,-2.454],[104.976,-2.4375],[104.9275,-2.415],[104.934,-2.437],[104.9375,-2.4585],[104.9375,-2.464],[104.937,-2.4725],[104.9645,-2.4815],[104.9705,-2.4645],[104.977,-2.4665]]]},"properties":{"code":"16.07.09.2019","name":"Tanjung Mas","latitude":-2.449786262700635,"longitude":104.95315795764225}},{"type":"Feature","geometry":{"type":"Polygon","coordinates":[[[104.9645,-2.4815],[104.937,-2.4725],[104.9365,-2.479],[104.9415,-2.508],[104.9355,-2.52],[104.94,-2.525],[104.9525,-2.526],[104.9545,-2.512],[104.955,-2.51],[104.9645,-2.4815]]]},"properties":{"code":"16.07.09.2020","name":"Tanjung Baru","latitude":-2.4977075827622026,"longitude":104.9482379097086}},{"type":"Feature","geometry":{"type":"Polygon","coordinates":[[[104.991,-2.3775],[104.934,-2.3565],[104.9225,-2.348],[104.927,-2.3915],[104.9275,-2.415],[104.976,-2.4375],[104.98,-2.416],[104.985,-2.418],[104.991,-2.3775]]]},"properties":{"code":"16.07.09.2021","name":"Sungai Semut","latitude":-2.3940090009712227,"longitude":104.95575904769997}},{"type":"Feature","geometry":{"type":"Polygon","coordinates":[[[104.9525,-2.5245],[104.9525,-2.526],[104.94,-2.525],[104.9405,-2.5285],[104.9395,-2.5395],[104.938,-2.5665],[104.944,-2.5735],[104.945,-2.5775],[104.946,-2.586],[104.9535,-2.6065],[104.9465,-2.613],[104.9445,-2.614],[104.941,-2.6185],[104.937,-2.635],[104.9535,-2.638],[104.97,-2.57],[104.9585,-2.566],[104.9655,-2.529],[104.9525,-2.5245]]]},"properties":{"code":"16.07.09.2022","name":"Muara Baru","latitude":-2.5750506599415335,"longitude":104.95194435093404}},{"type":"Feature","geometry":{"type":"Polygon","coordinates":[[[104.636,-2.882],[104.6275,-2.872],[104.627,-2.874],[104.62,-2.8965],[104.6115,-2.902],[104.612,-2.9115],[104.6215,-2.9145],[104.6235,-2.9155],[104.627,-2.9155],[104.627,-2.9135],[104.6275,-2.913],[104.629,-2.91],[104.635,-2.904],[104.636,-2.882]]]},"properties":{"code":"16.07.10.1002","name":"Air Batu","latitude":-2.898092794824011,"longitude":104.6250877548961}},{"type":"Feature","geometry":{"type":"Polygon","coordinates":[[[104.636,-2.882],[104.635,-2.904],[104.629,-2.91],[104.6275,-2.913],[104.627,-2.9135],[104.627,-2.9155],[104.6285,-2.916],[104.6265,-2.9295],[104.644,-2.939],[104.6455,-2.9405],[104.646,-2.9435],[104.647,-2.9445],[104.65,-2.9385],[104.6515,-2.937],[104.6505,-2.9275],[104.644,-2.921],[104.6435,-2.919],[104.642,-2.915],[104.643,-2.9145],[104.6465,-2.889],[104.643,-2.882],[104.6415,-2.881],[104.6395,-2.8825],[104.639,-2.8835],[104.6365,-2.882],[104.636,-2.882]]]},"properties":{"code":"16.07.10.1003","name":"Sukomoro","latitude":-2.9137349145169607,"longitude":104.63822170052453}},{"type":"Feature","geometry":{"type":"Polygon","coordinates":[[[104.668,-2.89],[104.666,-2.889],[104.6655,-2.8915],[104.6635,-2.894],[104.656,-2.8975],[104.6465,-2.889],[104.643,-2.9145],[104.6455,-2.9135],[104.668,-2.9135],[104.6815,-2.9125],[104.6765,-2.9015],[104.6735,-2.902],[104.672,-2.9],[104.6685,-2.897],[104.6675,-2.8905],[104.668,-2.89]]]},"properties":{"code":"16.07.10.1004","name":"Sukajadi","latitude":-2.904426996377,"longitude":104.65962489004731}},{"type":"Feature","geometry":{"type":"Polygon","coordinates":[[[104.762,-2.892],[104.7525,-2.9055],[104.7565,-2.908],[104.7565,-2.91],[104.7575,-2.91],[104.774,-2.9125],[104.7865,-2.901],[104.7895,-2.9015],[104.79,-2.9015],[104.791,-2.902],[104.791,-2.903],[104.7965,-2.9085],[104.8025,-2.907],[104.807,-2.8965],[104.784,-2.901],[104.772,-2.897],[104.7625,-2.9],[104.763,-2.898],[104.764,-2.895],[104.765,-2.8925],[104.762,-2.892]]]},"properties":{"code":"16.07.10.1006","name":"Kenten","latitude":-2.9031615193640907,"longitude":104.77655165180636}},{"type":"Feature","geometry":{"type":"Polygon","coordinates":[[[104.681,-2.914],[104.668,-2.9135],[104.6455,-2.9135],[104.642,-2.915],[104.6435,-2.919],[104.644,-2.921],[104.6505,-2.9275],[104.663,-2.9365],[104.6675,-2.9395],[104.678,-2.9395],[104.679,-2.938],[104.679,-2.926],[104.679,-2.922],[104.6765,-2.919],[104.675,-2.917],[104.681,-2.914]]]},"properties":{"code":"16.07.10.1022","name":"Tanah Mas","latitude":-2.9245319273834505,"longitude":104.66378964705446}},{"type":"Feature","geometry":{"type":"Polygon","coordinates":[[[104.767,-2.841],[104.7565,-2.8395],[104.7375,-2.8495],[104.7395,-2.861],[104.736,-2.881],[104.727,-2.893],[104.7275,-2.8955],[104.7355,-2.902],[104.736,-2.9025],[104.738,-2.901],[104.7495,-2.904],[104.7505,-2.9065],[104.751,-2.9065],[104.7525,-2.9055],[104.762,-2.892],[104.766,-2.893],[104.7665,-2.893],[104.768,-2.8835],[104.757,-2.877],[104.7695,-2.863],[104.7715,-2.853],[104.7675,-2.842],[104.767,-2.841]]]},"properties":{"code":"16.07.10.1023","name":"Talang Keramat","latitude":-2.871825105671907,"longitude":104.75089537469792}},{"type":"Feature","geometry":{"type":"Polygon","coordinates":[[[104.621,-2.7865],[104.593,-2.7635],[104.593,-2.8315],[104.602,-2.857],[104.589,-2.872],[104.5725,-2.876],[104.5765,-2.8825],[104.6015,-2.8755],[104.61,-2.888],[104.6115,-2.902],[104.62,-2.8965],[104.627,-2.874],[104.6255,-2.858],[104.646,-2.842],[104.6455,-2.841],[104.644,-2.838],[104.644,-2.834],[104.645,-2.8195],[104.653,-2.8125],[104.621,-2.7865]]]},"properties":{"code":"16.07.10.2001","name":"Sungai Rengit","latitude":-2.8309424594015806,"longitude":104.61481610853296}},{"type":"Feature","geometry":{"type":"Polygon","coordinates":[[[104.712,-2.852],[104.711,-2.8495],[104.6945,-2.84],[104.688,-2.8395],[104.679,-2.843],[104.6775,-2.8445],[104.6765,-2.8485],[104.6745,-2.8505],[104.6725,-2.851],[104.661,-2.848],[104.66,-2.8515],[104.652,-2.8455],[104.651,-2.8455],[104.647,-2.843],[104.646,-2.842],[104.6255,-2.858],[104.6275,-2.872],[104.636,-2.882],[104.6365,-2.882],[104.639,-2.8835],[104.6395,-2.8825],[104.6415,-2.881],[104.643,-2.882],[104.6465,-2.889],[104.656,-2.8975],[104.6635,-2.894],[104.6655,-2.8915],[104.666,-2.889],[104.668,-2.89],[104.6675,-2.8895],[104.668,-2.889],[104.668,-2.888],[104.668,-2.887],[104.67,-2.885],[104.6745,-2.8755],[104.684,-2.872],[104.688,-2.871],[104.6915,-2.8755],[104.697,-2.8765],[104.6985,-2.8745],[104.7015,-2.87],[104.712,-2.8695],[104.712,-2.852]]]},"properties":{"code":"16.07.10.2005","name":"Pangkalan Benteng","latitude":-2.864068376455405,"longitude":104.66767499836392}},{"type":"Feature","geometry":{"type":"Polygon","coordinates":[[[104.7805,-2.8275],[104.8,-2.774],[104.7915,-2.774],[104.7845,-2.774],[104.7765,-2.755],[104.774,-2.75],[104.7675,-2.751],[104.7725,-2.7865],[104.742,-2.7935],[104.736,-2.7545],[104.7265,-2.755],[104.722,-2.788],[104.716,-2.799],[104.674,-2.798],[104.653,-2.8125],[104.645,-2.8195],[104.644,-2.834],[104.644,-2.838],[104.6455,-2.841],[104.646,-2.842],[104.647,-2.843],[104.651,-2.8455],[104.652,-2.8455],[104.66,-2.8515],[104.661,-2.848],[104.6725,-2.851],[104.6745,-2.8505],[104.6765,-2.8485],[104.6775,-2.8445],[104.679,-2.843],[104.688,-2.8395],[104.6945,-2.84],[104.711,-2.8495],[104.712,-2.852],[104.712,-2.8695],[104.715,-2.8695],[104.714,-2.8655],[104.725,-2.8715],[104.727,-2.893],[104.736,-2.881],[104.7395,-2.861],[104.7375,-2.8495],[104.7565,-2.8395],[104.767,-2.841],[104.7665,-2.8395],[104.7665,-2.8335],[104.7805,-2.8275]]]},"properties":{"code":"16.07.10.2007","name":"Gasing","latitude":-2.817004389256081,"longitude":104.72513234332568}},{"type":"Feature","geometry":{"type":"Polygon","coordinates":[[[104.678,-2.9395],[104.6675,-2.9395],[104.663,-2.9365],[104.6505,-2.9275],[104.6515,-2.937],[104.65,-2.9385],[104.647,-2.9445],[104.645,-2.951],[104.6355,-2.959],[104.642,-2.9625],[104.651,-2.968],[104.656,-2.974],[104.657,-2.9725],[104.659,-2.9735],[104.6665,-2.9715],[104.668,-2.9705],[104.6695,-2.9705],[104.6795,-2.9635],[104.681,-2.95],[104.6805,-2.95],[104.679,-2.9445],[104.678,-2.941],[104.678,-2.9395]]]},"properties":{"code":"16.07.10.2019","name":"Talang Buluh","latitude":-2.953805269909884,"longitude":104.65976616297749}},{"type":"Feature","geometry":{"type":"Polygon","coordinates":[[[104.593,-2.7635],[104.55,-2.729],[104.5465,-2.727],[104.5385,-2.727],[104.5405,-2.739],[104.542,-2.7525],[104.542,-2.755],[104.544,-2.754],[104.547,-2.7545],[104.5515,-2.756],[104.5515,-2.7565],[104.551,-2.7585],[104.539,-2.775],[104.541,-2.7795],[104.5535,-2.7725],[104.5625,-2.7745],[104.5615,-2.7875],[104.569,-2.7945],[104.5615,-2.8075],[104.567,-2.8315],[104.5735,-2.8345],[104.569,-2.847],[104.569,-2.871],[104.5725,-2.876],[104.589,-2.872],[104.602,-2.857],[104.593,-2.8315],[104.593,-2.7635]]]},"properties":{"code":"16.07.10.2020","name":"Sungai Rengit Murni","latitude":-2.7988442271681486,"longitude":104.57397643490786}},{"type":"Feature","geometry":{"type":"Polygon","coordinates":[[[104.8565,-2.861],[104.8525,-2.86],[104.8405,-2.8625],[104.8425,-2.8465],[104.834,-2.836],[104.837,-2.8335],[104.851,-2.836],[104.856,-2.822],[104.845,-2.8155],[104.85,-2.8085],[104.862,-2.8115],[104.8705,-2.7975],[104.87,-2.782],[104.8705,-2.7665],[104.8,-2.774],[104.7805,-2.8275],[104.7665,-2.8335],[104.7665,-2.8395],[104.7675,-2.842],[104.7715,-2.853],[104.7695,-2.863],[104.757,-2.877],[104.768,-2.8835],[104.7665,-2.893],[104.765,-2.8925],[104.7635,-2.8965],[104.763,-2.8985],[104.7625,-2.9],[104.772,-2.897],[104.784,-2.901],[104.807,-2.8965],[104.8025,-2.907],[104.817,-2.917],[104.833,-2.896],[104.8515,-2.908],[104.8525,-2.908],[104.854,-2.907],[104.854,-2.906],[104.8525,-2.9015],[104.855,-2.9005],[104.857,-2.899],[104.8565,-2.8955],[104.8545,-2.894],[104.845,-2.887],[104.851,-2.882],[104.8525,-2.881],[104.855,-2.8815],[104.856,-2.882],[104.8575,-2.8865],[104.868,-2.886],[104.8685,-2.878],[104.8565,-2.861]]]},"properties":{"code":"16.07.10.2021","name":"Kenten Laut","latitude":-2.840038403974565,"longitude":104.817276478652}},{"type":"Feature","geometry":{"type":"Polygon","coordinates":[[[104.191,-3.033],[104.1835,-3.0355],[104.169,-3.031],[104.166,-3.049],[104.166,-3.0505],[104.1675,-3.051],[104.171,-3.053],[104.193,-3.052],[104.197,-3.0495],[104.1965,-3.05],[104.192,-3.037],[104.191,-3.033]]]},"properties":{"code":"16.07.11.2001","name":"Muara Abab","latitude":-3.043225783295088,"longitude":104.18017381896291}},{"type":"Feature","geometry":{"type":"Polygon","coordinates":[[[104.231,-3.0015],[104.2295,-2.977],[104.2215,-2.977],[104.218,-3.004],[104.22,-3.022],[104.2125,-3.025],[104.22,-3.0355],[104.2215,-3.034],[104.223,-3.032],[104.226,-3.028],[104.2325,-3.0205],[104.2465,-3.0255],[104.2465,-2.9955],[104.231,-3.0015]]]},"properties":{"code":"16.07.11.2002","name":"Tanjung Pasir","latitude":-3.0070724663697654,"longitude":104.22974156073842}},{"type":"Feature","geometry":{"type":"Polygon","coordinates":[[[104.2585,-3.002],[104.2475,-2.9955],[104.2395,-2.9765],[104.2295,-2.977],[104.231,-3.0015],[104.2465,-2.9955],[104.2465,-3.0255],[104.255,-3.0325],[104.256,-3.0325],[104.259,-3.0305],[104.2615,-3.028],[104.2695,-3.0215],[104.26,-3.004],[104.2585,-3.002]]]},"properties":{"code":"16.07.11.2003","name":"Tanjung Tiga","latitude":-3.0068535436805046,"longitude":104.2497682558633}},{"type":"Feature","geometry":{"type":"Polygon","coordinates":[[[104.3065,-3.047],[104.318,-3.0355],[104.32,-3.026],[104.329,-3.0155],[104.3295,-3.006],[104.317,-2.997],[104.3005,-2.9965],[104.2785,-3.0015],[104.277,-3.0035],[104.2755,-3.0045],[104.273,-3.0025],[104.267,-2.9995],[104.2635,-3.003],[104.2595,-3.0015],[104.2585,-3.0015],[104.26,-3.004],[104.2695,-3.0215],[104.2705,-3.023],[104.2825,-3.0305],[104.3065,-3.047]]]},"properties":{"code":"16.07.11.2004","name":"Rantau Bayur","latitude":-3.0168458562196863,"longitude":104.29798523412343}},{"type":"Feature","geometry":{"type":"Polygon","coordinates":[[[104.3475,-2.988],[104.331,-2.982],[104.328,-2.98],[104.326,-2.9905],[104.3445,-3.0055],[104.3405,-3.0275],[104.3275,-3.0395],[104.3255,-3.0555],[104.333,-3.0565],[104.355,-3.058],[104.3545,-3.039],[104.375,-3.013],[104.375,-3],[104.362,-2.993],[104.363,-2.9895],[104.36,-2.987],[104.3575,-2.9865],[104.3505,-2.9885],[104.348,-2.9885],[104.3475,-2.988]]]},"properties":{"code":"16.07.11.2005","name":"Pagar Bulan","latitude":-3.0199055886541526,"longitude":104.34971063352631}},{"type":"Feature","geometry":{"type":"Polygon","coordinates":[[[104.471,-3.056],[104.4705,-3.0255],[104.4515,-3.032],[104.4395,-3.03],[104.437,-3.028],[104.4325,-3.0385],[104.434,-3.039],[104.4345,-3.0755],[104.456,-3.075],[104.468,-3.0725],[104.4715,-3.073],[104.4715,-3.064],[104.4715,-3.056],[104.471,-3.056]]]},"properties":{"code":"16.07.11.2006","name":"Kemang Bejalu","latitude":-3.053417291828266,"longitude":104.45312682363756}},{"type":"Feature","geometry":{"type":"Polygon","coordinates":[[[104.485,-3.0505],[104.4905,-3.032],[104.491,-2.9615],[104.461,-2.9625],[104.4645,-3.0045],[104.464,-3.018],[104.4705,-3.0255],[104.471,-3.048],[104.485,-3.0505]]]},"properties":{"code":"16.07.11.2007","name":"Tanjung Menang","latitude":-3.001080488269268,"longitude":104.47797599686811}},{"type":"Feature","geometry":{"type":"Polygon","coordinates":[[[104.5345,-3.047],[104.5295,-3.0285],[104.5155,-3.0245],[104.5015,-3.0515],[104.498,-3.0545],[104.4945,-3.0525],[104.492,-3.059],[104.4955,-3.0595],[104.5015,-3.06],[104.5125,-3.077],[104.5285,-3.064],[104.538,-3.056],[104.534,-3.05],[104.5345,-3.047]]]},"properties":{"code":"16.07.11.2008","name":"Srijaya","latitude":-3.0510010269194283,"longitude":104.51712644885453}},{"type":"Feature","geometry":{"type":"Polygon","coordinates":[[[104.5315,-2.966],[104.533,-3.0005],[104.5155,-2.9935],[104.506,-2.9955],[104.52,-2.9515],[104.491,-2.9615],[104.4905,-3.032],[104.485,-3.0505],[104.4905,-3.058],[104.492,-3.059],[104.4945,-3.0525],[104.498,-3.0545],[104.5015,-3.0515],[104.5155,-3.0245],[104.5295,-3.0285],[104.5345,-3.047],[104.535,-3.047],[104.5455,-3.043],[104.5455,-3.041],[104.5445,-3.0405],[104.5445,-3.04],[104.544,-3.0395],[104.5445,-3.0385],[104.5445,-3.0375],[104.5435,-3.035],[104.543,-3.0345],[104.5455,-3.0335],[104.5475,-3.0335],[104.5505,-3.0345],[104.5535,-3.0355],[104.578,-3.034],[104.5805,-3.034],[104.5805,-3.032],[104.5795,-3.0315],[104.566,-3.028],[104.561,-3.027],[104.553,-3.0185],[104.5565,-3.0065],[104.5585,-3.0025],[104.5645,-3],[104.558,-2.9945],[104.551,-2.972],[104.546,-2.9685],[104.5315,-2.966]]]},"properties":{"code":"16.07.11.2009","name":"Sejagung","latitude":-3.0066847067654323,"longitude":104.52256077233956}},{"type":"Feature","geometry":{"type":"Polygon","coordinates":[[[104.618,-3.034],[104.5985,-3.0345],[104.5965,-3.0435],[104.5875,-3.0465],[104.5865,-3.0505],[104.5875,-3.051],[104.595,-3.051],[104.6055,-3.0485],[104.6065,-3.048],[104.6075,-3.0485],[104.611,-3.0445],[104.618,-3.034]]]},"properties":{"code":"16.07.11.2010","name":"Sungai Pinang","latitude":-3.042704642558523,"longitude":104.60257465022555}},{"type":"Feature","geometry":{"type":"Polygon","coordinates":[[[104.6305,-3.0165],[104.619,-3.0135],[104.6085,-3.0165],[104.6025,-3.011],[104.6005,-2.99],[104.609,-2.988],[104.61,-2.987],[104.5975,-2.9895],[104.584,-3.0005],[104.5645,-3],[104.5585,-3.0025],[104.5565,-3.0065],[104.553,-3.0185],[104.561,-3.027],[104.566,-3.028],[104.5795,-3.0315],[104.5805,-3.032],[104.5805,-3.034],[104.582,-3.034],[104.585,-3.0365],[104.586,-3.0395],[104.586,-3.042],[104.586,-3.043],[104.5845,-3.047],[104.583,-3.048],[104.5855,-3.05],[104.5865,-3.0505],[104.5875,-3.0465],[104.5965,-3.0435],[104.5985,-3.0345],[104.618,-3.034],[104.6285,-3.0185],[104.6285,-3.018],[104.6305,-3.0165]]]},"properties":{"code":"16.07.11.2011","name":"Semuntul","latitude":-3.0185659579647286,"longitude":104.5892091668013}},{"type":"Feature","geometry":{"type":"Polygon","coordinates":[[[104.461,-2.9625],[104.451,-2.957],[104.431,-2.9525],[104.4115,-2.9625],[104.404,-2.9785],[104.391,-2.979],[104.388,-3.004],[104.375,-3],[104.375,-3.013],[104.3545,-3.039],[104.355,-3.058],[104.3855,-3.0615],[104.4235,-3.0695],[104.43,-3.0755],[104.4345,-3.0755],[104.434,-3.039],[104.4325,-3.0385],[104.437,-3.028],[104.434,-3.0265],[104.426,-3.019],[104.4155,-2.9925],[104.4195,-2.9755],[104.4645,-3.0045],[104.461,-2.9625]]]},"properties":{"code":"16.07.11.2012","name":"Lebung","latitude":-3.016458716719803,"longitude":104.40984596326943}},{"type":"Feature","geometry":{"type":"Polygon","coordinates":[[[104.425,-2.9515],[104.4215,-2.9515],[104.417,-2.9495],[104.394,-2.948],[104.3605,-2.9855],[104.3575,-2.9865],[104.36,-2.987],[104.363,-2.9895],[104.362,-2.993],[104.375,-3],[104.388,-3.004],[104.391,-2.979],[104.404,-2.9785],[104.4115,-2.9625],[104.431,-2.9525],[104.425,-2.9515]]]},"properties":{"code":"16.07.11.2013","name":"Lubuk Rengas","latitude":-2.9745406372256453,"longitude":104.38936590205199}},{"type":"Feature","geometry":{"type":"Polygon","coordinates":[[[104.2215,-2.977],[104.2065,-2.977],[104.207,-2.956],[104.195,-2.9585],[104.19,-2.948],[104.177,-2.9465],[104.177,-2.951],[104.1665,-2.9715],[104.1705,-2.9845],[104.1645,-2.9955],[104.17,-3.0225],[104.169,-3.031],[104.1835,-3.0355],[104.22,-3.022],[104.218,-3.004],[104.2215,-2.977]]]},"properties":{"code":"16.07.11.2014","name":"Paldas","latitude":-2.9939426612433833,"longitude":104.19151786513288}},{"type":"Feature","geometry":{"type":"Polygon","coordinates":[[[104.305,-2.965],[104.2915,-2.97],[104.2695,-2.955],[104.253,-2.9555],[104.254,-2.9755],[104.2395,-2.9765],[104.2475,-2.9955],[104.2585,-3.002],[104.2585,-3.0015],[104.2595,-3.0015],[104.2635,-3.003],[104.267,-2.9995],[104.273,-3.0025],[104.2755,-3.0045],[104.277,-3.0035],[104.2785,-3.0015],[104.3005,-2.9965],[104.317,-2.997],[104.3295,-3.006],[104.329,-3.0155],[104.32,-3.026],[104.318,-3.0355],[104.3065,-3.047],[104.3185,-3.055],[104.3255,-3.0555],[104.3275,-3.0395],[104.3405,-3.0275],[104.3445,-3.0055],[104.326,-2.9905],[104.328,-2.98],[104.305,-2.965]]]},"properties":{"code":"16.07.11.2015","name":"Tebing Abang","latitude":-2.9928278823913197,"longitude":104.29415546697774}},{"type":"Feature","geometry":{"type":"Polygon","coordinates":[[[104.628,-2.968],[104.619,-2.966],[104.617,-2.967],[104.606,-2.9765],[104.5955,-2.971],[104.546,-2.9685],[104.551,-2.972],[104.558,-2.9945],[104.5645,-3],[104.584,-3.0005],[104.5975,-2.9895],[104.61,-2.987],[104.6135,-2.9835],[104.627,-2.973],[104.6265,-2.9715],[104.628,-2.968]]]},"properties":{"code":"16.07.11.2016","name":"Talang Kemang","latitude":-2.9819985180657254,"longitude":104.5837713273546}},{"type":"Feature","geometry":{"type":"Polygon","coordinates":[[[104.4645,-3.0045],[104.4195,-2.9755],[104.4155,-2.9925],[104.426,-3.019],[104.434,-3.0265],[104.4395,-3.03],[104.4515,-3.032],[104.4705,-3.0255],[104.464,-3.018],[104.4645,-3.0045]]]},"properties":{"code":"16.07.11.2017","name":"Rantau Harapan","latitude":-3.0076390285648316,"longitude":104.44092294015749}},{"type":"Feature","geometry":{"type":"Polygon","coordinates":[[[104.22,-3.0355],[104.2125,-3.025],[104.191,-3.033],[104.192,-3.037],[104.1965,-3.05],[104.2,-3.048],[104.208,-3.0425],[104.2165,-3.038],[104.22,-3.0355]]]},"properties":{"code":"16.07.11.2018","name":"Penandingan","latitude":-3.036303645242788,"longitude":104.20441331811425}},{"type":"Feature","geometry":{"type":"Polygon","coordinates":[[[104.5315,-2.966],[104.528,-2.946],[104.52,-2.9515],[104.506,-2.9955],[104.5155,-2.9935],[104.533,-3.0005],[104.5315,-2.966]]]},"properties":{"code":"16.07.11.2019","name":"Sungai Naik","latitude":-2.9762211037054156,"longitude":104.52205423161244}},{"type":"Feature","geometry":{"type":"Polygon","coordinates":[[[104.485,-3.0505],[104.471,-3.048],[104.471,-3.056],[104.4715,-3.056],[104.4715,-3.064],[104.4715,-3.073],[104.472,-3.073],[104.4725,-3.0725],[104.482,-3.073],[104.4935,-3.081],[104.4975,-3.081],[104.5055,-3.077],[104.5075,-3.077],[104.5125,-3.077],[104.5015,-3.06],[104.4955,-3.0595],[104.492,-3.059],[104.4905,-3.058],[104.485,-3.0505]]]},"properties":{"code":"16.07.11.2020","name":"Sungai Lilin","latitude":-3.0654420928001196,"longitude":104.48772361490981}},{"type":"Feature","geometry":{"type":"Polygon","coordinates":[[[104.627,-2.973],[104.6135,-2.9835],[104.609,-2.988],[104.6005,-2.99],[104.6025,-3.011],[104.6085,-3.0165],[104.619,-3.0135],[104.6305,-3.0165],[104.637,-3.012],[104.6385,-2.996],[104.649,-2.984],[104.6285,-2.975],[104.627,-2.973]]]},"properties":{"code":"16.07.11.2021","name":"Sukarela","latitude":-2.996060662580313,"longitude":104.62195914299511}},{"type":"Feature","geometry":{"type":"Polygon","coordinates":[[[104.7775,-2.662],[104.7755,-2.643],[104.7705,-2.608],[104.75,-2.6105],[104.757,-2.664],[104.7775,-2.662]]]},"properties":{"code":"16.07.12.2001","name":"Telang Sari","latitude":-2.636110978347034,"longitude":104.76392918925046}},{"type":"Feature","geometry":{"type":"Polygon","coordinates":[[[104.757,-2.664],[104.75,-2.6105],[104.7285,-2.613],[104.738,-2.683],[104.759,-2.68],[104.757,-2.664]]]},"properties":{"code":"16.07.12.2002","name":"Mulya Sari","latitude":-2.6466892903993022,"longitude":104.7439355756171}},{"type":"Feature","geometry":{"type":"Polygon","coordinates":[[[104.7875,-2.6505],[104.781,-2.607],[104.7705,-2.608],[104.7755,-2.643],[104.7775,-2.662],[104.789,-2.6605],[104.7875,-2.6505]]]},"properties":{"code":"16.07.12.2003","name":"Purwosari","latitude":-2.634688567097393,"longitude":104.7796239073649}},{"type":"Feature","geometry":{"type":"Polygon","coordinates":[[[104.799,-2.6495],[104.793,-2.6495],[104.7915,-2.65],[104.7905,-2.648],[104.7895,-2.6495],[104.7875,-2.6505],[104.789,-2.6605],[104.757,-2.664],[104.759,-2.68],[104.749,-2.6815],[104.758,-2.752],[104.7675,-2.751],[104.774,-2.75],[104.7735,-2.748],[104.7625,-2.737],[104.7595,-2.728],[104.7585,-2.72],[104.7585,-2.7035],[104.7665,-2.6835],[104.7775,-2.6705],[104.798,-2.67],[104.8015,-2.6555],[104.799,-2.6495]]]},"properties":{"code":"16.07.12.2004","name":"Sri Menanti","latitude":-2.689516786859412,"longitude":104.76989442530085}},{"type":"Feature","geometry":{"type":"Polygon","coordinates":[[[104.834,-2.7155],[104.781,-2.7205],[104.7595,-2.728],[104.7625,-2.737],[104.7735,-2.748],[104.7765,-2.755],[104.7845,-2.774],[104.7915,-2.774],[104.7995,-2.774],[104.8705,-2.7665],[104.879,-2.7495],[104.875,-2.7475],[104.8955,-2.729],[104.8945,-2.716],[104.8755,-2.7175],[104.854,-2.718],[104.834,-2.7185],[104.834,-2.7155]]]},"properties":{"code":"16.07.12.2005","name":"Sebalik","latitude":-2.7425988960852217,"longitude":104.82727524250556}},{"type":"Feature","geometry":{"type":"Polygon","coordinates":[[[104.6495,-2.6575],[104.621,-2.6825],[104.621,-2.7865],[104.653,-2.8125],[104.674,-2.798],[104.716,-2.799],[104.722,-2.788],[104.7265,-2.755],[104.7245,-2.7555],[104.722,-2.721],[104.702,-2.723],[104.697,-2.6885],[104.6535,-2.6925],[104.6495,-2.6575]]]},"properties":{"code":"16.07.12.2006","name":"Tanjung Lago","latitude":-2.743999643081286,"longitude":104.66774276423412}},{"type":"Feature","geometry":{"type":"Polygon","coordinates":[[[104.6735,-2.639],[104.6645,-2.627],[104.7065,-2.62],[104.7015,-2.609],[104.721,-2.5975],[104.731,-2.572],[104.731,-2.5315],[104.736,-2.5065],[104.7405,-2.4965],[104.6855,-2.502],[104.711,-2.5535],[104.6895,-2.5695],[104.6625,-2.5335],[104.6525,-2.521],[104.586,-2.582],[104.598,-2.5955],[104.478,-2.704],[104.497,-2.723],[104.5215,-2.729],[104.531,-2.7285],[104.5345,-2.7275],[104.5375,-2.727],[104.5465,-2.727],[104.55,-2.729],[104.621,-2.7865],[104.621,-2.6825],[104.6495,-2.6575],[104.6735,-2.639]]]},"properties":{"code":"16.07.12.2007","name":"Kuala Puntian","latitude":-2.637848637891626,"longitude":104.61604275197121}},{"type":"Feature","geometry":{"type":"Polygon","coordinates":[[[104.758,-2.752],[104.749,-2.6815],[104.7385,-2.683],[104.738,-2.6835],[104.7425,-2.7185],[104.722,-2.721],[104.7245,-2.7555],[104.736,-2.7545],[104.758,-2.752]]]},"properties":{"code":"16.07.12.2008","name":"Sukatani","latitude":-2.7271252659117575,"longitude":104.74123211144533}},{"type":"Feature","geometry":{"type":"Polygon","coordinates":[[[104.738,-2.6835],[104.7175,-2.686],[104.697,-2.6885],[104.702,-2.723],[104.7425,-2.7185],[104.738,-2.6835]]]},"properties":{"code":"16.07.12.2009","name":"Sukadamai","latitude":-2.703266491242493,"longitude":104.71985840908104}},{"type":"Feature","geometry":{"type":"Polygon","coordinates":[[[104.7385,-2.683],[104.738,-2.683],[104.7305,-2.6265],[104.71,-2.6295],[104.7175,-2.686],[104.738,-2.6835],[104.7385,-2.683]]]},"properties":{"code":"16.07.12.2010","name":"Banyu Urip","latitude":-2.6561659551570207,"longitude":104.72403712342066}},{"type":"Feature","geometry":{"type":"Polygon","coordinates":[[[104.7175,-2.686],[104.71,-2.6295],[104.69,-2.634],[104.6925,-2.653],[104.6715,-2.655],[104.675,-2.682],[104.696,-2.68],[104.697,-2.6885],[104.7175,-2.686]]]},"properties":{"code":"16.07.12.2011","name":"Bangun Sari","latitude":-2.6620697207006447,"longitude":104.69715284405859}},{"type":"Feature","geometry":{"type":"Polygon","coordinates":[[[104.69,-2.634],[104.6805,-2.634],[104.6495,-2.6575],[104.6535,-2.6925],[104.697,-2.6885],[104.696,-2.68],[104.675,-2.682],[104.6715,-2.655],[104.6925,-2.653],[104.69,-2.634]]]},"properties":{"code":"16.07.12.2012","name":"Sumber Mekar Mukti","latitude":-2.665630977735207,"longitude":104.67023383376015}},{"type":"Feature","geometry":{"type":"Polygon","coordinates":[[[104.736,-2.7545],[104.742,-2.7935],[104.7725,-2.7865],[104.7675,-2.751],[104.736,-2.7545]]]},"properties":{"code":"16.07.12.2013","name":"Muara Sugih","latitude":-2.7710302249538334,"longitude":104.75433862536482}},{"type":"Feature","geometry":{"type":"Polygon","coordinates":[[[104.6855,-2.502],[104.6805,-2.492],[104.6495,-2.488],[104.635,-2.499],[104.6625,-2.5335],[104.6895,-2.5695],[104.711,-2.5535],[104.6855,-2.502]]]},"properties":{"code":"16.07.12.2014","name":"Manggar Raya","latitude":-2.523799977546754,"longitude":104.67553405870582}},{"type":"Feature","geometry":{"type":"Polygon","coordinates":[[[104.775,-2.5875],[104.745,-2.588],[104.7655,-2.5425],[104.7725,-2.5305],[104.7825,-2.504],[104.761,-2.4865],[104.7625,-2.466],[104.762,-2.4335],[104.758,-2.4055],[104.7425,-2.4025],[104.7465,-2.433],[104.748,-2.4635],[104.746,-2.4815],[104.7405,-2.4965],[104.736,-2.5065],[104.731,-2.5315],[104.731,-2.572],[104.721,-2.5975],[104.7015,-2.609],[104.7065,-2.62],[104.6645,-2.627],[104.6735,-2.639],[104.6805,-2.634],[104.69,-2.634],[104.71,-2.6295],[104.7305,-2.6265],[104.7285,-2.613],[104.781,-2.607],[104.7875,-2.6505],[104.7895,-2.6495],[104.7905,-2.648],[104.7915,-2.65],[104.793,-2.6495],[104.799,-2.6495],[104.7985,-2.648],[104.795,-2.641],[104.7955,-2.62],[104.7955,-2.607],[104.792,-2.6005],[104.775,-2.5875]]]},"properties":{"code":"16.07.12.2015","name":"Bunga Karang","latitude":-2.5480538388834786,"longitude":104.74776680003244}},{"type":"Feature","geometry":{"type":"Polygon","coordinates":[[[105.1665,-2.494],[105.1455,-2.5635],[105.166,-2.5695],[105.1875,-2.501],[105.1665,-2.494]]]},"properties":{"code":"16.07.13.2001","name":"Margo Mulyo 16","latitude":-2.5316822323985892,"longitude":105.16653324705412}},{"type":"Feature","geometry":{"type":"Polygon","coordinates":[[[105.2265,-2.512],[105.2485,-2.443],[105.2295,-2.437],[105.2075,-2.5065],[105.2265,-2.512]]]},"properties":{"code":"16.07.13.2002","name":"Rejo Sari","latitude":-2.4747755416685058,"longitude":105.22804883079947}},{"type":"Feature","geometry":{"type":"Polygon","coordinates":[[[105.1015,-2.4735],[105.083,-2.468],[105.083,-2.4695],[105.0805,-2.4875],[105.079,-2.489],[105.0645,-2.489],[105.0535,-2.5155],[105.0605,-2.531],[105.083,-2.5275],[105.093,-2.5355],[105.0945,-2.5485],[105.1055,-2.5515],[105.1275,-2.4815],[105.1015,-2.4735]]]},"properties":{"code":"16.07.13.2003","name":"Daya Murni","latitude":-2.5066969789085762,"longitude":105.09147421461714}},{"type":"Feature","geometry":{"type":"Polygon","coordinates":[[[105.148,-2.488],[105.1275,-2.4815],[105.1055,-2.5515],[105.1255,-2.5575],[105.148,-2.488]]]},"properties":{"code":"16.07.13.2004","name":"Daya Bangun Harjo","latitude":-2.519762589756218,"longitude":105.1266016401012}},{"type":"Feature","geometry":{"type":"Polygon","coordinates":[[[105.1665,-2.494],[105.148,-2.488],[105.1255,-2.5575],[105.1455,-2.5635],[105.1665,-2.494]]]},"properties":{"code":"16.07.13.2005","name":"Sumber Mulyo","latitude":-2.526150691297743,"longitude":105.14622887357204}},{"type":"Feature","geometry":{"type":"Polygon","coordinates":[[[105.2075,-2.5065],[105.188,-2.5],[105.166,-2.5695],[105.165,-2.569],[105.168,-2.57],[105.186,-2.5755],[105.2075,-2.5065]]]},"properties":{"code":"16.07.13.2006","name":"Sugih Waras","latitude":-2.537837975122613,"longitude":105.18689216986104}},{"type":"Feature","geometry":{"type":"Polygon","coordinates":[[[105.2265,-2.512],[105.2075,-2.5065],[105.186,-2.5755],[105.2025,-2.58],[105.205,-2.577],[105.213,-2.5605],[105.217,-2.5555],[105.222,-2.552],[105.2285,-2.542],[105.229,-2.5415],[105.2315,-2.5415],[105.238,-2.5425],[105.239,-2.5425],[105.241,-2.5435],[105.2425,-2.545],[105.243,-2.5465],[105.2475,-2.555],[105.2505,-2.5545],[105.257,-2.551],[105.2595,-2.548],[105.2615,-2.544],[105.268,-2.54],[105.27,-2.5255],[105.246,-2.518],[105.2265,-2.512]]]},"properties":{"code":"16.07.13.2007","name":"Indrapura","latitude":-2.5387978187508096,"longitude":105.22471386441096}},{"type":"Feature","geometry":{"type":"Polygon","coordinates":[[[105.266,-2.524],[105.2875,-2.4555],[105.268,-2.4495],[105.246,-2.518],[105.266,-2.524]]]},"properties":{"code":"16.07.13.2008","name":"Cendana","latitude":-2.4867678201971737,"longitude":105.26686267069807}},{"type":"Feature","geometry":{"type":"Polygon","coordinates":[[[105.2265,-2.512],[105.246,-2.518],[105.268,-2.4495],[105.2485,-2.443],[105.2265,-2.512]]]},"properties":{"code":"16.07.13.2009","name":"Argo Mulyo","latitude":-2.480694939235102,"longitude":105.24720523127438}},{"type":"Feature","geometry":{"type":"Polygon","coordinates":[[[105.2075,-2.5065],[105.2295,-2.437],[105.21,-2.431],[105.188,-2.5],[105.2075,-2.5065]]]},"properties":{"code":"16.07.13.2010","name":"Tirta Harja","latitude":-2.468713989669109,"longitude":105.20885526626839}},{"type":"Feature","geometry":{"type":"Polygon","coordinates":[[[105.2215,-2.395],[105.2015,-2.389],[105.19,-2.4245],[105.21,-2.431],[105.2215,-2.395]]]},"properties":{"code":"16.07.13.2011","name":"Tirta Mulya","latitude":-2.4099151679586925,"longitude":105.20568593493101}},{"type":"Feature","geometry":{"type":"Polygon","coordinates":[[[105.1665,-2.494],[105.1875,-2.501],[105.21,-2.431],[105.1885,-2.424],[105.1665,-2.494]]]},"properties":{"code":"16.07.13.2012","name":"Daya Kesuma","latitude":-2.462575979359358,"longitude":105.18814093432887}},{"type":"Feature","geometry":{"type":"Polygon","coordinates":[[[105.1665,-2.494],[105.1885,-2.424],[105.17,-2.418],[105.148,-2.488],[105.1665,-2.494]]]},"properties":{"code":"16.07.13.2013","name":"Margo Rukun","latitude":-2.4561068719541104,"longitude":105.16815078372875}},{"type":"Feature","geometry":{"type":"Polygon","coordinates":[[[105.148,-2.488],[105.159,-2.453],[105.1195,-2.4405],[105.1015,-2.4735],[105.148,-2.488]]]},"properties":{"code":"16.07.13.2014","name":"Ganesha Mukti","latitude":-2.464199940201791,"longitude":105.13169338223456}},{"type":"Feature","geometry":{"type":"Polygon","coordinates":[[[105.389,-2.447],[105.377,-2.4435],[105.334,-2.431],[105.299,-2.42],[105.2875,-2.4555],[105.3225,-2.466],[105.324,-2.465],[105.3305,-2.463],[105.335,-2.4605],[105.335,-2.4545],[105.3345,-2.448],[105.3405,-2.449],[105.3435,-2.4485],[105.348,-2.4455],[105.354,-2.4465],[105.359,-2.4525],[105.37,-2.445],[105.3835,-2.449],[105.387,-2.4515],[105.3875,-2.4515],[105.388,-2.45],[105.389,-2.447]]]},"properties":{"code":"16.07.13.2015","name":"Timbul Jaya","latitude":-2.4438989162718174,"longitude":105.32289825124256}},{"type":"Feature","geometry":{"type":"Polygon","coordinates":[[[105.299,-2.42],[105.2595,-2.4075],[105.2485,-2.443],[105.2875,-2.4555],[105.299,-2.42]]]},"properties":{"code":"16.07.13.2016","name":"Jalur Mulya","latitude":-2.4315564436088377,"longitude":105.27362656501973}},{"type":"Feature","geometry":{"type":"Polygon","coordinates":[[[105.391,-2.3915],[105.381,-2.391],[105.293,-2.3815],[105.272,-2.374],[105.242,-2.356],[105.216,-2.3425],[105.2045,-2.342],[105.1785,-2.354],[105.1645,-2.3635],[105.136,-2.3785],[105.1315,-2.3845],[105.1255,-2.404],[105.153,-2.413],[105.15,-2.4225],[105.166,-2.4305],[105.17,-2.418],[105.19,-2.4245],[105.2015,-2.389],[105.334,-2.431],[105.389,-2.447],[105.395,-2.4325],[105.408,-2.4365],[105.4295,-2.4365],[105.4445,-2.4395],[105.45,-2.4495],[105.4595,-2.4515],[105.469,-2.4355],[105.471,-2.4325],[105.4815,-2.4365],[105.484,-2.4375],[105.4885,-2.4285],[105.502,-2.4175],[105.4935,-2.407],[105.439,-2.3965],[105.405,-2.396],[105.391,-2.3915]]]},"properties":{"code":"16.07.13.2017","name":"Gilirang","latitude":-2.4002194254828324,"longitude":105.30315074743822}},{"type":"Feature","geometry":{"type":"Polygon","coordinates":[[[105.4005,-2.388],[105.398,-2.3855],[105.3475,-2.3775],[105.31,-2.3755],[105.274,-2.364],[105.2595,-2.354],[105.245,-2.349],[105.2255,-2.338],[105.213,-2.327],[105.2045,-2.3265],[105.159,-2.348],[105.109,-2.383],[105.105,-2.382],[105.115,-2.4045],[105.1155,-2.407],[105.1135,-2.427],[105.113,-2.4305],[105.1115,-2.434],[105.1095,-2.436],[105.099,-2.435],[105.0905,-2.423],[105.0885,-2.4225],[105.087,-2.4235],[105.083,-2.4325],[105.0705,-2.443],[105.0655,-2.4585],[105.083,-2.4665],[105.083,-2.468],[105.1015,-2.4735],[105.1195,-2.4405],[105.1145,-2.438],[105.1255,-2.404],[105.1315,-2.3845],[105.136,-2.3785],[105.1645,-2.3635],[105.1785,-2.354],[105.2045,-2.342],[105.216,-2.3425],[105.242,-2.356],[105.272,-2.374],[105.293,-2.3815],[105.381,-2.391],[105.391,-2.3915],[105.4005,-2.388]]]},"properties":{"code":"16.07.13.2018","name":"Juru Taro","latitude":-2.3916699736127627,"longitude":105.18404694842543}},{"type":"Feature","geometry":{"type":"Polygon","coordinates":[[[105.5685,-2.416],[105.562,-2.403],[105.5445,-2.398],[105.5,-2.3915],[105.4755,-2.3865],[105.439,-2.3865],[105.416,-2.3895],[105.4005,-2.388],[105.391,-2.3915],[105.405,-2.396],[105.439,-2.3965],[105.4935,-2.407],[105.502,-2.4175],[105.4885,-2.4285],[105.484,-2.4375],[105.4815,-2.4365],[105.471,-2.4325],[105.469,-2.4355],[105.4595,-2.4515],[105.45,-2.4495],[105.4445,-2.4395],[105.4295,-2.4365],[105.408,-2.4365],[105.395,-2.4325],[105.388,-2.45],[105.3875,-2.4515],[105.3915,-2.449],[105.3965,-2.4515],[105.3995,-2.457],[105.3995,-2.4575],[105.402,-2.457],[105.412,-2.451],[105.415,-2.449],[105.4165,-2.4485],[105.4195,-2.45],[105.42,-2.451],[105.421,-2.453],[105.4235,-2.452],[105.4245,-2.45],[105.4275,-2.4485],[105.4305,-2.4495],[105.437,-2.45],[105.443,-2.4515],[105.448,-2.454],[105.4505,-2.46],[105.452,-2.4615],[105.453,-2.4615],[105.456,-2.4605],[105.4575,-2.459],[105.4645,-2.463],[105.468,-2.463],[105.4725,-2.4645],[105.473,-2.4635],[105.47,-2.4595],[105.471,-2.455],[105.4725,-2.454],[105.4835,-2.4465],[105.4945,-2.4455],[105.494,-2.442],[105.4965,-2.4395],[105.5015,-2.4385],[105.503,-2.438],[105.5075,-2.4335],[105.513,-2.4315],[105.5195,-2.4295],[105.523,-2.425],[105.5365,-2.4185],[105.5505,-2.4165],[105.5685,-2.416]]]},"properties":{"code":"16.07.13.2019","name":"Kuala Sugihan","latitude":-2.4184895744690325,"longitude":105.47867989531167}},{"type":"Feature","geometry":{"type":"Polygon","coordinates":[[[105.2595,-2.4075],[105.2215,-2.395],[105.21,-2.431],[105.2485,-2.443],[105.2595,-2.4075]]]},"properties":{"code":"16.07.13.2020","name":"Beringin Agung","latitude":-2.41919941422172,"longitude":105.23483308987566}},{"type":"Feature","geometry":{"type":"Polygon","coordinates":[[[105.31,-2.5005],[105.312,-2.5],[105.312,-2.496],[105.3115,-2.495],[105.306,-2.4895],[105.3095,-2.4845],[105.3105,-2.4825],[105.3165,-2.4755],[105.3215,-2.467],[105.3225,-2.466],[105.2875,-2.4555],[105.266,-2.524],[105.27,-2.5255],[105.2715,-2.523],[105.2755,-2.522],[105.2815,-2.5165],[105.285,-2.51],[105.289,-2.508],[105.293,-2.5085],[105.308,-2.5005],[105.31,-2.5005]]]},"properties":{"code":"16.07.13.2021","name":"Mekar Jaya","latitude":-2.4872112195582345,"longitude":105.29283500707197}},{"type":"Feature","geometry":{"type":"Polygon","coordinates":[[[105.166,-2.4305],[105.15,-2.4225],[105.153,-2.413],[105.1255,-2.404],[105.1145,-2.438],[105.1195,-2.4405],[105.159,-2.453],[105.166,-2.4305]]]},"properties":{"code":"16.07.13.2022","name":"Sido Makmur","latitude":-2.4295730610476145,"longitude":105.13971092286396}},{"type":"Feature","geometry":{"type":"Polygon","coordinates":[[[105.105,-2.382],[105.1025,-2.367],[105.082,-2.3615],[105.026,-2.5205],[105.016,-2.522],[105.0565,-2.5315],[105.0635,-2.5355],[105.0575,-2.547],[105.07,-2.5495],[105.0825,-2.5295],[105.0875,-2.533],[105.093,-2.558],[105.081,-2.5565],[105.0775,-2.5695],[105.0815,-2.57],[105.082,-2.569],[105.0955,-2.5595],[105.095,-2.5555],[105.0945,-2.5485],[105.093,-2.5355],[105.083,-2.5275],[105.0605,-2.531],[105.0535,-2.5155],[105.0645,-2.489],[105.079,-2.489],[105.0805,-2.4875],[105.083,-2.4695],[105.083,-2.4665],[105.0655,-2.4585],[105.0705,-2.443],[105.083,-2.4325],[105.087,-2.4235],[105.0885,-2.4225],[105.0905,-2.423],[105.099,-2.435],[105.1095,-2.436],[105.1115,-2.434],[105.113,-2.4305],[105.1135,-2.427],[105.1155,-2.407],[105.115,-2.4045],[105.105,-2.382]]]},"properties":{"code":"16.07.14.2001","name":"Air Solok Batu","latitude":-2.4513478961020825,"longitude":105.07283479243982}},{"type":"Feature","geometry":{"type":"Polygon","coordinates":[[[105.0085,-2.6685],[104.9895,-2.6635],[104.97,-2.732],[104.989,-2.738],[105.0085,-2.6685]]]},"properties":{"code":"16.07.14.2002","name":"Sri Mulyo","latitude":-2.7006423153360197,"longitude":104.98908468217073}},{"type":"Feature","geometry":{"type":"Polygon","coordinates":[[[105.0285,-2.674],[105.0085,-2.6685],[104.9885,-2.7395],[105.0085,-2.745],[105.0285,-2.674]]]},"properties":{"code":"16.07.14.2003","name":"Srikaton","latitude":-2.7065819897968715,"longitude":105.00853506340549}},{"type":"Feature","geometry":{"type":"Polygon","coordinates":[[[105.0735,-2.648],[105.0385,-2.6385],[105.0285,-2.674],[105.0085,-2.744],[105.0235,-2.7485],[105.026,-2.732],[105.0265,-2.729],[105.027,-2.7265],[105.028,-2.7245],[105.0375,-2.7185],[105.0435,-2.6985],[105.049,-2.6825],[105.049,-2.682],[105.055,-2.671],[105.0615,-2.662],[105.0725,-2.648],[105.0735,-2.648]]]},"properties":{"code":"16.07.14.2004","name":"Sidoharjo","latitude":-2.6868506546274813,"longitude":105.03679402188013}},{"type":"Feature","geometry":{"type":"Polygon","coordinates":[[[105.0895,-2.6145],[105.0475,-2.6045],[105.0385,-2.6385],[105.0735,-2.648],[105.0745,-2.6475],[105.0785,-2.648],[105.084,-2.6505],[105.093,-2.6365],[105.0915,-2.629],[105.09,-2.6165],[105.0895,-2.6145]]]},"properties":{"code":"16.07.14.2005","name":"Bintaran","latitude":-2.6281945609024,"longitude":105.06713357334714}},{"type":"Feature","geometry":{"type":"Polygon","coordinates":[[[105.0815,-2.57],[105.0775,-2.5695],[105.081,-2.5565],[105.093,-2.558],[105.0875,-2.533],[105.0825,-2.5295],[105.07,-2.5495],[105.063,-2.548],[105.0475,-2.6045],[105.0895,-2.6145],[105.0885,-2.6125],[105.076,-2.605],[105.0735,-2.5975],[105.077,-2.58],[105.079,-2.5725],[105.08,-2.5715],[105.0815,-2.57]]]},"properties":{"code":"16.07.14.2006","name":"Damar Wulan","latitude":-2.573966573702305,"longitude":105.0700734531714}},{"type":"Feature","geometry":{"type":"Polygon","coordinates":[[[105.063,-2.548],[105.0575,-2.547],[105.0635,-2.5355],[105.0565,-2.5315],[105.047,-2.5295],[105.027,-2.5995],[105.0475,-2.6045],[105.063,-2.548]]]},"properties":{"code":"16.07.14.2007","name":"Enggal Rejo","latitude":-2.5681367308855645,"longitude":105.04633711397311}},{"type":"Feature","geometry":{"type":"Polygon","coordinates":[[[105.047,-2.5295],[105.025,-2.524],[105.005,-2.594],[105.027,-2.5995],[105.047,-2.5295]]]},"properties":{"code":"16.07.14.2008","name":"Saleh Jaya","latitude":-2.561787330730339,"longitude":105.02586901740648}},{"type":"Feature","geometry":{"type":"Polygon","coordinates":[[[105.027,-2.5995],[105.006,-2.594],[104.9865,-2.664],[104.989,-2.665],[104.9895,-2.6635],[105.0085,-2.6685],[105.027,-2.5995]]]},"properties":{"code":"16.07.14.2009","name":"Saleh Agung","latitude":-2.6314346510581434,"longitude":105.00702861272326}},{"type":"Feature","geometry":{"type":"Polygon","coordinates":[[[105.025,-2.524],[105.016,-2.522],[105.0155,-2.522],[104.988,-2.5855],[104.996,-2.589],[104.9955,-2.5915],[105.005,-2.594],[105.025,-2.524]]]},"properties":{"code":"16.07.14.2010","name":"Saleh Mulya","latitude":-2.55999610224086,"longitude":105.00704893621581}},{"type":"Feature","geometry":{"type":"Polygon","coordinates":[[[105.0475,-2.6045],[105.027,-2.5995],[105.0085,-2.6685],[105.0285,-2.674],[105.0475,-2.6045]]]},"properties":{"code":"16.07.14.2011","name":"Saleh Mukti","latitude":-2.6366446356586195,"longitude":105.02795759950145}},{"type":"Feature","geometry":{"type":"Polygon","coordinates":[[[105.005,-2.594],[104.9955,-2.5915],[104.979,-2.6605],[104.9865,-2.664],[105.006,-2.594],[105.005,-2.594]]]},"properties":{"code":"16.07.14.2012","name":"Saleh Makmur","latitude":-2.625817725768915,"longitude":104.99211871007307}},{"type":"Feature","geometry":{"type":"Polygon","coordinates":[[[104.989,-2.738],[104.97,-2.732],[104.971,-2.727],[104.9555,-2.727],[104.956,-2.7355],[104.9545,-2.749],[104.9455,-2.7705],[104.9345,-2.787],[104.9165,-2.806],[104.9105,-2.8205],[104.9085,-2.827],[104.928,-2.839],[104.9325,-2.8135],[104.963,-2.778],[104.9705,-2.784],[104.976,-2.7785],[104.976,-2.774],[104.974,-2.7565],[104.9865,-2.7405],[104.9885,-2.7395],[104.989,-2.738]]]},"properties":{"code":"16.07.14.2013","name":"Upang","latitude":-2.7789998429169946,"longitude":104.94892734730965}},{"type":"Feature","geometry":{"type":"Polygon","coordinates":[[[104.988,-2.5855],[105.0015,-2.554],[104.9885,-2.551],[104.981,-2.5545],[104.9815,-2.569],[104.9805,-2.5775],[104.979,-2.601],[104.9765,-2.617],[104.965,-2.64],[104.9675,-2.664],[104.974,-2.6805],[104.9735,-2.6935],[104.954,-2.716],[104.955,-2.7185],[104.955,-2.7215],[104.9555,-2.727],[104.971,-2.727],[104.989,-2.665],[104.979,-2.6605],[104.996,-2.589],[104.988,-2.5855]]]},"properties":{"code":"16.07.14.2014","name":"Upang Marga","latitude":-2.6382705892007388,"longitude":104.97872103234856}},{"type":"Feature","geometry":{"type":"Polygon","coordinates":[[[104.1205,-2.416],[104.129,-2.3675],[104.128,-2.365],[104.122,-2.3595],[104.12,-2.354],[104.0935,-2.312],[104.0615,-2.2965],[104.052,-2.311],[104.039,-2.33],[104.0545,-2.362],[104.0545,-2.374],[104.063,-2.416],[104.0615,-2.452],[104.063,-2.4505],[104.0655,-2.4505],[104.0725,-2.454],[104.083,-2.446],[104.076,-2.437],[104.093,-2.4405],[104.099,-2.445],[104.0995,-2.446],[104.098,-2.4595],[104.1045,-2.469],[104.1115,-2.473],[104.1205,-2.477],[104.1305,-2.481],[104.135,-2.4995],[104.1465,-2.5035],[104.1525,-2.5175],[104.1495,-2.5395],[104.147,-2.5435],[104.142,-2.548],[104.14,-2.551],[104.16,-2.574],[104.163,-2.568],[104.1655,-2.5615],[104.178,-2.5615],[104.1765,-2.557],[104.176,-2.5535],[104.18,-2.5265],[104.212,-2.513],[104.208,-2.498],[104.2235,-2.4805],[104.23,-2.462],[104.2385,-2.462],[104.2385,-2.4595],[104.2205,-2.46],[104.1995,-2.4585],[104.1985,-2.4475],[104.1915,-2.4375],[104.19,-2.4365],[104.167,-2.4495],[104.153,-2.4345],[104.141,-2.432],[104.1205,-2.416]]]},"properties":{"code":"16.07.15.2001","name":"Bentayan","latitude":-2.4302927132768,"longitude":104.12505897032158}},{"type":"Feature","geometry":{"type":"Polygon","coordinates":[[[104.317,-2.488],[104.293,-2.456],[104.2885,-2.493],[104.291,-2.506],[104.257,-2.507],[104.231,-2.509],[104.208,-2.498],[104.212,-2.513],[104.18,-2.5265],[104.176,-2.5535],[104.1765,-2.5575],[104.1985,-2.541],[104.1945,-2.5355],[104.224,-2.5135],[104.2595,-2.559],[104.2715,-2.55],[104.2955,-2.58],[104.267,-2.597],[104.2485,-2.6085],[104.2255,-2.577],[104.195,-2.5995],[104.1795,-2.578],[104.179,-2.5655],[104.178,-2.5615],[104.1655,-2.5615],[104.163,-2.568],[104.16,-2.574],[104.182,-2.5995],[104.1875,-2.6035],[104.1935,-2.607],[104.214,-2.632],[104.2285,-2.6355],[104.2535,-2.624],[104.2805,-2.6295],[104.302,-2.6445],[104.312,-2.6475],[104.318,-2.646],[104.3275,-2.641],[104.344,-2.63],[104.3465,-2.628],[104.3485,-2.6265],[104.359,-2.584],[104.367,-2.571],[104.3595,-2.565],[104.381,-2.5495],[104.3285,-2.479],[104.317,-2.488]]]},"properties":{"code":"16.07.15.2002","name":"Teluk Tenggulang","latitude":-2.5639236066421196,"longitude":104.28924049642933}},{"type":"Feature","geometry":{"type":"Polygon","coordinates":[[[104.2255,-2.577],[104.2185,-2.568],[104.2035,-2.5795],[104.201,-2.5765],[104.1865,-2.5875],[104.195,-2.5995],[104.2255,-2.577]]]},"properties":{"code":"16.07.15.2004","name":"Suka Mulya","latitude":-2.583690287395837,"longitude":104.20527506871743}},{"type":"Feature","geometry":{"type":"Polygon","coordinates":[[[104.21,-2.556],[104.1985,-2.541],[104.1765,-2.5575],[104.179,-2.5655],[104.1795,-2.578],[104.1865,-2.5875],[104.201,-2.5765],[104.2035,-2.5795],[104.2185,-2.568],[104.21,-2.556]]]},"properties":{"code":"16.07.15.2005","name":"Suka Raja","latitude":-2.564508018486735,"longitude":104.19530957918947}},{"type":"Feature","geometry":{"type":"Polygon","coordinates":[[[104.24,-2.534],[104.224,-2.5135],[104.1945,-2.5355],[104.21,-2.556],[104.24,-2.534]]]},"properties":{"code":"16.07.15.2006","name":"Karang Anyar","latitude":-2.534809954078761,"longitude":104.21709203972259}},{"type":"Feature","geometry":{"type":"Polygon","coordinates":[[[104.267,-2.597],[104.244,-2.571],[104.229,-2.582],[104.2485,-2.6085],[104.267,-2.597]]]},"properties":{"code":"16.07.15.2007","name":"Karang Asem","latitude":-2.590090230475903,"longitude":104.24760589830811}},{"type":"Feature","geometry":{"type":"Polygon","coordinates":[[[104.267,-2.597],[104.2955,-2.58],[104.2715,-2.55],[104.2595,-2.559],[104.244,-2.571],[104.267,-2.597]]]},"properties":{"code":"16.07.15.2008","name":"Marga Rahayu","latitude":-2.5742664882887065,"longitude":104.26982411136866}},{"type":"Feature","geometry":{"type":"Polygon","coordinates":[[[104.231,-2.509],[104.257,-2.507],[104.2455,-2.462],[104.23,-2.462],[104.2235,-2.4805],[104.208,-2.498],[104.231,-2.509]]]},"properties":{"code":"16.07.15.2009","name":"Sido Mulyo","latitude":-2.488175944740996,"longitude":104.23531553751647}},{"type":"Feature","geometry":{"type":"Polygon","coordinates":[[[104.2795,-2.44],[104.1425,-2.3885],[104.1305,-2.37],[104.1205,-2.416],[104.141,-2.432],[104.153,-2.4345],[104.167,-2.4495],[104.19,-2.4365],[104.1915,-2.4375],[104.1985,-2.4475],[104.1995,-2.4585],[104.2205,-2.46],[104.2385,-2.4595],[104.2385,-2.462],[104.2455,-2.462],[104.2515,-2.485],[104.258,-2.4845],[104.259,-2.4775],[104.2865,-2.482],[104.2885,-2.493],[104.293,-2.456],[104.2805,-2.439],[104.2795,-2.44]]]},"properties":{"code":"16.07.15.2010","name":"Keluang","latitude":-2.433368202108876,"longitude":104.20584771754001}},{"type":"Feature","geometry":{"type":"Polygon","coordinates":[[[104.2885,-2.493],[104.2865,-2.482],[104.259,-2.4775],[104.258,-2.4845],[104.2515,-2.485],[104.257,-2.507],[104.291,-2.506],[104.2885,-2.493]]]},"properties":{"code":"16.07.15.2011","name":"Bumi Serdang","latitude":-2.493479546030479,"longitude":104.27132221900928}},{"type":"Feature","geometry":{"type":"Polygon","coordinates":[[[104.2595,-2.559],[104.24,-2.534],[104.21,-2.556],[104.229,-2.582],[104.2595,-2.559]]]},"properties":{"code":"16.07.15.2012","name":"Karang Mulya","latitude":-2.5578852199283704,"longitude":104.23462978857967}},{"type":"Feature","geometry":{"type":"Polygon","coordinates":[[[104.3925,-2.5265],[104.3955,-2.5305],[104.4175,-2.5145],[104.3985,-2.489],[104.377,-2.5055],[104.3925,-2.5265]]]},"properties":{"code":"16.07.15.2013","name":"Suka Karya","latitude":-2.509988336200016,"longitude":104.39712559722892}},{"type":"Feature","geometry":{"type":"Polygon","coordinates":[[[104.377,-2.5055],[104.3705,-2.4975],[104.352,-2.511],[104.3745,-2.541],[104.3925,-2.5265],[104.377,-2.5055]]]},"properties":{"code":"16.07.15.2014","name":"Panca Mulya","latitude":-2.518953540332755,"longitude":104.37239732680817}},{"type":"Feature","geometry":{"type":"Polygon","coordinates":[[[104.3705,-2.4975],[104.347,-2.468],[104.3285,-2.479],[104.352,-2.511],[104.3705,-2.4975]]]},"properties":{"code":"16.07.15.2015","name":"Suka Jaya","latitude":-2.4889732872160346,"longitude":104.3496226592549}},{"type":"Feature","geometry":{"type":"Polygon","coordinates":[[[104.3055,-2.8675],[104.3055,-2.868],[104.303,-2.8675],[104.2995,-2.8715],[104.299,-2.8725],[104.3115,-2.9105],[104.3295,-2.9245],[104.343,-2.898],[104.3375,-2.8865],[104.3215,-2.8865],[104.306,-2.8675],[104.3055,-2.8675]]]},"properties":{"code":"16.07.16.2001","name":"Talang Ipuh","latitude":-2.8965249577623746,"longitude":104.32079870370286}},{"type":"Feature","geometry":{"type":"Polygon","coordinates":[[[104.3055,-2.868],[104.3135,-2.8635],[104.313,-2.8635],[104.325,-2.8375],[104.313,-2.811],[104.311,-2.811],[104.299,-2.856],[104.299,-2.872],[104.2995,-2.8715],[104.303,-2.8675],[104.3055,-2.868]]]},"properties":{"code":"16.07.16.2002","name":"Durian Daun","latitude":-2.843193495073831,"longitude":104.31048359831937}},{"type":"Feature","geometry":{"type":"Polygon","coordinates":[[[104.4155,-2.6475],[104.402,-2.656],[104.4285,-2.6755],[104.421,-2.6865],[104.429,-2.692],[104.4245,-2.698],[104.449,-2.7145],[104.4315,-2.741],[104.41,-2.7255],[104.419,-2.712],[104.3965,-2.6965],[104.386,-2.712],[104.4015,-2.7235],[104.394,-2.7345],[104.382,-2.7335],[104.35,-2.711],[104.3485,-2.7065],[104.3465,-2.7105],[104.342,-2.7215],[104.3415,-2.724],[104.3515,-2.7435],[104.353,-2.7765],[104.322,-2.775],[104.312,-2.7805],[104.311,-2.7805],[104.31,-2.78],[104.313,-2.7835],[104.311,-2.811],[104.313,-2.811],[104.325,-2.8375],[104.313,-2.8635],[104.33,-2.8705],[104.3435,-2.8715],[104.355,-2.8715],[104.3575,-2.8715],[104.3585,-2.86],[104.36,-2.8555],[104.347,-2.853],[104.3385,-2.832],[104.3465,-2.8175],[104.3505,-2.816],[104.3515,-2.8135],[104.353,-2.812],[104.356,-2.8105],[104.3565,-2.8075],[104.3555,-2.7895],[104.3585,-2.7765],[104.3565,-2.766],[104.357,-2.7645],[104.369,-2.764],[104.381,-2.747],[104.3805,-2.7355],[104.402,-2.738],[104.4145,-2.731],[104.427,-2.745],[104.445,-2.7375],[104.451,-2.7235],[104.446,-2.7005],[104.4455,-2.7005],[104.441,-2.702],[104.4355,-2.698],[104.434,-2.6945],[104.4315,-2.675],[104.416,-2.648],[104.4155,-2.6475]]]},"properties":{"code":"16.07.16.2003","name":"Lubuk Lancang","latitude":-2.7732923884947396,"longitude":104.36191476115917}},{"type":"Feature","geometry":{"type":"Polygon","coordinates":[[[104.3735,-2.8165],[104.3645,-2.821],[104.364,-2.822],[104.3625,-2.822],[104.361,-2.822],[104.359,-2.8215],[104.358,-2.819],[104.3525,-2.8125],[104.3515,-2.8135],[104.3505,-2.816],[104.3465,-2.8175],[104.3385,-2.832],[104.347,-2.853],[104.36,-2.8555],[104.3615,-2.851],[104.3635,-2.8275],[104.3735,-2.8165]]]},"properties":{"code":"16.07.16.2004","name":"Biyuku","latitude":-2.8334699430542583,"longitude":104.35339818109425}},{"type":"Feature","geometry":{"type":"Polygon","coordinates":[[[104.3125,-2.7915],[104.306,-2.78],[104.3045,-2.7665],[104.2875,-2.784],[104.2765,-2.806],[104.267,-2.8195],[104.2675,-2.824],[104.2545,-2.851],[104.2545,-2.856],[104.268,-2.8645],[104.277,-2.856],[104.299,-2.856],[104.311,-2.811],[104.3125,-2.7915]]]},"properties":{"code":"16.07.16.2005","name":"Bengkuang","latitude":-2.8215988762488426,"longitude":104.28732865445824}},{"type":"Feature","geometry":{"type":"Polygon","coordinates":[[[104.412,-2.8475],[104.4025,-2.835],[104.401,-2.824],[104.3905,-2.802],[104.3735,-2.8165],[104.369,-2.8305],[104.3855,-2.84],[104.41,-2.8505],[104.412,-2.8475]]]},"properties":{"code":"16.07.16.2006","name":"Rimba Terap","latitude":-2.8270810687310095,"longitude":104.38898932861873}},{"type":"Feature","geometry":{"type":"Polygon","coordinates":[[[104.5385,-2.727],[104.5375,-2.727],[104.534,-2.7275],[104.4895,-2.7505],[104.437,-2.773],[104.3905,-2.802],[104.401,-2.824],[104.4025,-2.835],[104.412,-2.8475],[104.4125,-2.8475],[104.415,-2.847],[104.42,-2.8465],[104.421,-2.841],[104.433,-2.8085],[104.4405,-2.797],[104.4405,-2.7935],[104.4445,-2.791],[104.4465,-2.793],[104.4485,-2.7955],[104.452,-2.798],[104.459,-2.7815],[104.4605,-2.7825],[104.462,-2.7855],[104.4635,-2.7885],[104.465,-2.7905],[104.472,-2.794],[104.478,-2.795],[104.4825,-2.794],[104.4875,-2.7925],[104.4905,-2.791],[104.5005,-2.7785],[104.522,-2.773],[104.5275,-2.771],[104.5415,-2.755],[104.542,-2.755],[104.542,-2.7525],[104.5405,-2.739],[104.5385,-2.727]]]},"properties":{"code":"16.07.16.2007","name":"Sedang","latitude":-2.7815977167397494,"longitude":104.46552258047677}},{"type":"Feature","geometry":{"type":"Polygon","coordinates":[[[104.478,-2.704],[104.471,-2.698],[104.4645,-2.6945],[104.46,-2.694],[104.4505,-2.695],[104.4465,-2.698],[104.446,-2.7005],[104.451,-2.7235],[104.445,-2.7375],[104.427,-2.745],[104.4145,-2.731],[104.402,-2.738],[104.3805,-2.7355],[104.381,-2.747],[104.369,-2.764],[104.357,-2.7645],[104.3565,-2.766],[104.3585,-2.7765],[104.3555,-2.7895],[104.3565,-2.8075],[104.356,-2.8105],[104.353,-2.812],[104.3525,-2.8125],[104.358,-2.819],[104.359,-2.8215],[104.361,-2.822],[104.3625,-2.822],[104.364,-2.822],[104.3645,-2.821],[104.3735,-2.8165],[104.3905,-2.802],[104.437,-2.773],[104.4895,-2.7505],[104.534,-2.7275],[104.531,-2.7285],[104.5215,-2.729],[104.497,-2.723],[104.478,-2.704]]]},"properties":{"code":"16.07.16.2008","name":"Tanjung Laut","latitude":-2.7557344465899494,"longitude":104.42580378494873}},{"type":"Feature","geometry":{"type":"Polygon","coordinates":[[[104.3435,-2.8715],[104.33,-2.8705],[104.3135,-2.8635],[104.3055,-2.8675],[104.306,-2.8675],[104.3215,-2.8865],[104.3375,-2.8865],[104.3435,-2.8715]]]},"properties":{"code":"16.07.16.2009","name":"Air Senggeris","latitude":-2.8759217460434794,"longitude":104.32528397282}},{"type":"Feature","geometry":{"type":"Polygon","coordinates":[[[104.3555,-2.6965],[104.3475,-2.6885],[104.337,-2.7005],[104.31,-2.78],[104.3105,-2.78],[104.312,-2.7805],[104.322,-2.775],[104.353,-2.7765],[104.3515,-2.7435],[104.3415,-2.724],[104.342,-2.7215],[104.3465,-2.7105],[104.3465,-2.709],[104.3555,-2.6965]]]},"properties":{"code":"16.07.16.2010","name":"Meranti","latitude":-2.744589926011615,"longitude":104.33630047751615}},{"type":"Feature","geometry":{"type":"Polygon","coordinates":[[[104.357,-2.8745],[104.3575,-2.8715],[104.355,-2.8715],[104.3435,-2.8715],[104.3375,-2.8865],[104.343,-2.898],[104.344,-2.895],[104.3535,-2.897],[104.357,-2.8745]]]},"properties":{"code":"16.07.16.2011","name":"Sukaraja","latitude":-2.8838408379890224,"longitude":104.34812012061052}},{"type":"Feature","geometry":{"type":"Polygon","coordinates":[[[104.5815,-2.9235],[104.569,-2.889],[104.56,-2.8885],[104.5695,-2.8965],[104.5705,-2.909],[104.57,-2.925],[104.569,-2.925],[104.567,-2.925],[104.559,-2.9275],[104.5555,-2.9285],[104.548,-2.926],[104.5315,-2.966],[104.546,-2.9685],[104.5955,-2.971],[104.606,-2.9765],[104.617,-2.967],[104.6185,-2.966],[104.612,-2.9595],[104.6235,-2.9285],[104.6285,-2.916],[104.6235,-2.9155],[104.6215,-2.9145],[104.612,-2.9115],[104.599,-2.921],[104.5815,-2.9235]]]},"properties":{"code":"16.07.17.2001","name":"Mainan","latitude":-2.943893561088848,"longitude":104.58182394363733}},{"type":"Feature","geometry":{"type":"Polygon","coordinates":[[[104.5725,-2.876],[104.569,-2.871],[104.569,-2.847],[104.5735,-2.8345],[104.567,-2.8315],[104.5615,-2.8075],[104.569,-2.7945],[104.5615,-2.7875],[104.5625,-2.7745],[104.5535,-2.7725],[104.541,-2.7795],[104.539,-2.775],[104.551,-2.7585],[104.5515,-2.7565],[104.5515,-2.756],[104.547,-2.7545],[104.544,-2.754],[104.5415,-2.755],[104.5275,-2.771],[104.527,-2.771],[104.537,-2.7865],[104.56,-2.787],[104.559,-2.8415],[104.5485,-2.8425],[104.5405,-2.842],[104.552,-2.8725],[104.56,-2.8885],[104.569,-2.889],[104.5765,-2.8825],[104.5725,-2.876]]]},"properties":{"code":"16.07.17.2002","name":"Santan Sari","latitude":-2.8280074832014392,"longitude":104.55604532653619}},{"type":"Feature","geometry":{"type":"MultiPolygon","coordinates":[[[[104.5495,-2.8755],[104.5465,-2.872],[104.54,-2.872],[104.5325,-2.885],[104.531,-2.8855],[104.5265,-2.884],[104.5385,-2.897],[104.537,-2.898],[104.537,-2.8985],[104.5385,-2.898],[104.5395,-2.899],[104.54,-2.901],[104.548,-2.9185],[104.553,-2.921],[104.553,-2.92],[104.553,-2.9115],[104.5705,-2.909],[104.5695,-2.8965],[104.56,-2.8885],[104.552,-2.8725],[104.5495,-2.8755]]],[[[104.537,-2.7865],[104.527,-2.771],[104.522,-2.773],[104.5005,-2.7785],[104.4905,-2.791],[104.5005,-2.7975],[104.5045,-2.8085],[104.494,-2.819],[104.4955,-2.832],[104.4955,-2.8345],[104.501,-2.8395],[104.498,-2.8485],[104.4995,-2.858],[104.503,-2.859],[104.5005,-2.857],[104.504,-2.845],[104.5055,-2.845],[104.5055,-2.824],[104.522,-2.824],[104.5215,-2.803],[104.5135,-2.803],[104.514,-2.786],[104.537,-2.7865]]]]},"properties":{"code":"16.07.17.2003","name":"Limau","latitude":-2.842639621990672,"longitude":104.52758796995109}},{"type":"Feature","geometry":{"type":"Polygon","coordinates":[[[104.5705,-2.909],[104.553,-2.9115],[104.553,-2.92],[104.5535,-2.9245],[104.5555,-2.9285],[104.559,-2.9275],[104.567,-2.925],[104.569,-2.925],[104.57,-2.925],[104.5705,-2.909]]]},"properties":{"code":"16.07.17.2004","name":"Rejodadi","latitude":-2.9177123583200077,"longitude":104.56209974272198}},{"type":"Feature","geometry":{"type":"Polygon","coordinates":[[[104.553,-2.921],[104.548,-2.9185],[104.54,-2.901],[104.5395,-2.899],[104.5385,-2.898],[104.537,-2.8985],[104.537,-2.898],[104.5335,-2.9005],[104.53,-2.9075],[104.5345,-2.9275],[104.5085,-2.9515],[104.4915,-2.9525],[104.491,-2.9615],[104.52,-2.9515],[104.528,-2.946],[104.5315,-2.966],[104.548,-2.926],[104.5555,-2.9285],[104.5535,-2.9245],[104.553,-2.921]]]},"properties":{"code":"16.07.17.2005","name":"Lalang Sembawa","latitude":-2.9345355644461515,"longitude":104.53004859039318}},{"type":"Feature","geometry":{"type":"Polygon","coordinates":[[[104.5405,-2.842],[104.525,-2.8415],[104.525,-2.845],[104.504,-2.845],[104.5005,-2.857],[104.506,-2.8595],[104.5165,-2.869],[104.5165,-2.877],[104.5265,-2.884],[104.531,-2.8855],[104.5325,-2.885],[104.54,-2.872],[104.5465,-2.872],[104.5495,-2.8755],[104.552,-2.8725],[104.5405,-2.842]]]},"properties":{"code":"16.07.17.2006","name":"Muara Damai","latitude":-2.8605692056875314,"longitude":104.52659381112561}},{"type":"Feature","geometry":{"type":"Polygon","coordinates":[[[104.5265,-2.884],[104.5165,-2.877],[104.5165,-2.869],[104.506,-2.8595],[104.503,-2.859],[104.498,-2.862],[104.498,-2.8625],[104.4985,-2.8665],[104.496,-2.883],[104.499,-2.8885],[104.495,-2.9245],[104.4865,-2.9405],[104.491,-2.9615],[104.4915,-2.9525],[104.5085,-2.9515],[104.5345,-2.9275],[104.53,-2.9075],[104.5335,-2.9005],[104.5385,-2.897],[104.5265,-2.884]]]},"properties":{"code":"16.07.17.2007","name":"Pulau Harapan","latitude":-2.9098273202404275,"longitude":104.5110827849647}},{"type":"Feature","geometry":{"type":"Polygon","coordinates":[[[104.6115,-2.902],[104.61,-2.888],[104.6015,-2.8755],[104.5765,-2.8825],[104.569,-2.889],[104.5815,-2.9235],[104.599,-2.921],[104.612,-2.9115],[104.6115,-2.902]]]},"properties":{"code":"16.07.17.2008","name":"Purwosari","latitude":-2.8991150450213787,"longitude":104.59184959345725}},{"type":"Feature","geometry":{"type":"Polygon","coordinates":[[[104.537,-2.7865],[104.514,-2.786],[104.5135,-2.803],[104.56,-2.804],[104.56,-2.787],[104.537,-2.7865]]]},"properties":{"code":"16.07.17.2009","name":"Limbang Mulia","latitude":-2.7949603912122845,"longitude":104.53690281093627}},{"type":"Feature","geometry":{"type":"Polygon","coordinates":[[[104.5595,-2.823],[104.56,-2.804],[104.5215,-2.803],[104.522,-2.824],[104.525,-2.8225],[104.5595,-2.823]]]},"properties":{"code":"16.07.17.2010","name":"Sako Makmur","latitude":-2.8130126637818758,"longitude":104.54051919503108}},{"type":"Feature","geometry":{"type":"Polygon","coordinates":[[[104.5595,-2.823],[104.525,-2.8225],[104.522,-2.824],[104.5055,-2.824],[104.5055,-2.845],[104.525,-2.845],[104.525,-2.8415],[104.5485,-2.8425],[104.559,-2.8415],[104.5595,-2.823]]]},"properties":{"code":"16.07.17.2011","name":"Pulau Muning","latitude":-2.833069927108807,"longitude":104.53161954173952}},{"type":"Feature","geometry":{"type":"Polygon","coordinates":[[[104.823,-2.5625],[104.8125,-2.5825],[104.8155,-2.6095],[104.833,-2.619],[104.842,-2.592],[104.862,-2.587],[104.865,-2.587],[104.8645,-2.576],[104.823,-2.5625]]]},"properties":{"code":"16.07.18.2001","name":"Terusan Dalam","latitude":-2.587567155928239,"longitude":104.83341465274894}},{"type":"Feature","geometry":{"type":"Polygon","coordinates":[[[104.811,-2.518],[104.81,-2.519],[104.807,-2.5255],[104.7825,-2.504],[104.7725,-2.5305],[104.7655,-2.5425],[104.745,-2.588],[104.775,-2.5875],[104.78,-2.568],[104.7905,-2.5505],[104.821,-2.562],[104.8065,-2.5415],[104.8145,-2.521],[104.811,-2.518]]]},"properties":{"code":"16.07.18.2002","name":"Karang Anyar","latitude":-2.5486955163815757,"longitude":104.78120065376167}},{"type":"Feature","geometry":{"type":"Polygon","coordinates":[[[104.8595,-2.505],[104.8585,-2.4905],[104.835,-2.4925],[104.8365,-2.5005],[104.8365,-2.505],[104.8205,-2.515],[104.8275,-2.523],[104.8305,-2.5225],[104.837,-2.5225],[104.838,-2.523],[104.838,-2.5225],[104.8605,-2.5155],[104.8595,-2.505]]]},"properties":{"code":"16.07.18.2003","name":"Muara Telang","latitude":-2.5078819187765697,"longitude":104.84482712617792}},{"type":"Feature","geometry":{"type":"Polygon","coordinates":[[[104.8705,-2.5495],[104.8625,-2.5505],[104.857,-2.5525],[104.8455,-2.5475],[104.828,-2.561],[104.8645,-2.576],[104.8635,-2.5625],[104.871,-2.562],[104.8705,-2.5495]]]},"properties":{"code":"16.07.18.2004","name":"Terusan Tengah","latitude":-2.560641081557526,"longitude":104.85101042396977}},{"type":"Feature","geometry":{"type":"Polygon","coordinates":[[[104.8595,-2.505],[104.8675,-2.5045],[104.9065,-2.5015],[104.9025,-2.453],[104.887,-2.4535],[104.888,-2.468],[104.8615,-2.472],[104.863,-2.49],[104.8585,-2.4905],[104.8595,-2.505]]]},"properties":{"code":"16.07.18.2005","name":"Sumber Jaya","latitude":-2.4833338021267775,"longitude":104.88486940762822}},{"type":"Feature","geometry":{"type":"Polygon","coordinates":[[[104.821,-2.562],[104.7905,-2.5505],[104.78,-2.568],[104.775,-2.5875],[104.792,-2.6005],[104.7955,-2.607],[104.7955,-2.62],[104.795,-2.641],[104.7985,-2.648],[104.7995,-2.6505],[104.8015,-2.6555],[104.798,-2.67],[104.7775,-2.6705],[104.7665,-2.6835],[104.7585,-2.7035],[104.7585,-2.72],[104.7595,-2.728],[104.781,-2.7205],[104.778,-2.6845],[104.8105,-2.682],[104.808,-2.646],[104.823,-2.6405],[104.8285,-2.6335],[104.833,-2.619],[104.8155,-2.6095],[104.8125,-2.5825],[104.823,-2.5625],[104.821,-2.562]]]},"properties":{"code":"16.07.18.2006","name":"Karang Baru","latitude":-2.629595869022627,"longitude":104.79584467503379}},{"type":"Feature","geometry":{"type":"Polygon","coordinates":[[[104.838,-2.523],[104.837,-2.5225],[104.8305,-2.5225],[104.8275,-2.523],[104.8205,-2.515],[104.8115,-2.517],[104.811,-2.518],[104.8145,-2.521],[104.8065,-2.5415],[104.823,-2.5625],[104.828,-2.561],[104.8225,-2.5465],[104.838,-2.523]]]},"properties":{"code":"16.07.18.2007","name":"Muara Telang Marga","latitude":-2.536162502569159,"longitude":104.8201914876821}},{"type":"Feature","geometry":{"type":"Polygon","coordinates":[[[104.8705,-2.5495],[104.8675,-2.5045],[104.8595,-2.505],[104.8605,-2.5155],[104.838,-2.5225],[104.8225,-2.5465],[104.828,-2.561],[104.8455,-2.5475],[104.857,-2.5525],[104.8625,-2.5505],[104.8705,-2.5495]]]},"properties":{"code":"16.07.18.2008","name":"Terusan Muara","latitude":-2.53561822820418,"longitude":104.84961062222656}},{"type":"Feature","geometry":{"type":"Polygon","coordinates":[[[104.8695,-2.601],[104.8695,-2.598],[104.8675,-2.587],[104.862,-2.587],[104.842,-2.592],[104.837,-2.608],[104.8695,-2.601]]]},"properties":{"code":"16.07.18.2009","name":"Talang Lubuk","latitude":-2.5969650275116654,"longitude":104.85361603069165}},{"type":"Feature","geometry":{"type":"Polygon","coordinates":[[[104.835,-2.4925],[104.831,-2.486],[104.8115,-2.4925],[104.762,-2.4745],[104.761,-2.4865],[104.7825,-2.504],[104.807,-2.5255],[104.81,-2.519],[104.8115,-2.517],[104.8205,-2.515],[104.8365,-2.505],[104.8365,-2.5005],[104.835,-2.4925]]]},"properties":{"code":"16.07.18.2010","name":"Sri Tiga","latitude":-2.4988035611943555,"longitude":104.80102327389025}},{"type":"Feature","geometry":{"type":"Polygon","coordinates":[[[105.02,-2.934],[105.019,-2.9135],[105.0045,-2.915],[104.9925,-2.919],[104.985,-2.9235],[104.9745,-2.9255],[104.975,-2.9415],[104.981,-2.9445],[105.0035,-2.9365],[105.02,-2.934]]]},"properties":{"code":"16.07.19.2001","name":"Cinta Manis Baru","latitude":-2.9282985392334138,"longitude":104.99761277750375}},{"type":"Feature","geometry":{"type":"Polygon","coordinates":[[[105.0585,-2.8245],[105.028,-2.8235],[105.028,-2.8605],[105.028,-2.866],[105.048,-2.866],[105.06,-2.8655],[105.067,-2.8655],[105.067,-2.8595],[105.066,-2.8595],[105.066,-2.8245],[105.0585,-2.8245]]]},"properties":{"code":"16.07.19.2002","name":"Sido Makmur","latitude":-2.8449738963470557,"longitude":105.0469023456562}},{"type":"Feature","geometry":{"type":"Polygon","coordinates":[[[105.029,-2.946],[105.0275,-2.935],[105.02,-2.936],[105.02,-2.934],[105.0035,-2.9365],[104.981,-2.9445],[104.9845,-2.9625],[104.985,-2.973],[104.982,-2.9875],[105.012,-2.988],[105.0285,-2.986],[105.027,-2.946],[105.029,-2.946]]]},"properties":{"code":"16.07.19.2003","name":"Sidomulyo","latitude":-2.962519684751679,"longitude":105.00584152716742}},{"type":"Feature","geometry":{"type":"Polygon","coordinates":[[[105.029,-2.946],[105.049,-2.9435],[105.0665,-2.9445],[105.0625,-2.911],[105.045,-2.914],[105.0365,-2.9115],[105.019,-2.9135],[105.02,-2.936],[105.0275,-2.935],[105.029,-2.946]]]},"properties":{"code":"16.07.19.2004","name":"Nusa Makmur","latitude":-2.92802368302056,"longitude":105.04291505507214}},{"type":"Feature","geometry":{"type":"Polygon","coordinates":[[[105.0365,-2.9115],[105.0365,-2.8825],[105.001,-2.8865],[104.9915,-2.89],[104.9925,-2.919],[105.0045,-2.915],[105.0365,-2.9115]]]},"properties":{"code":"16.07.19.2005","name":"Rimba Jaya","latitude":-2.899812842753268,"longitude":105.01432144109292}},{"type":"Feature","geometry":{"type":"Polygon","coordinates":[[[104.9705,-2.784],[104.963,-2.778],[104.9325,-2.8135],[104.928,-2.839],[104.928,-2.85],[104.9535,-2.85],[104.9865,-2.8555],[104.985,-2.866],[105.028,-2.866],[105.028,-2.8605],[105.0125,-2.8605],[105.0125,-2.844],[105.0075,-2.841],[105.0095,-2.839],[105.0085,-2.8385],[105.0045,-2.836],[105.0025,-2.835],[105.0015,-2.834],[104.9935,-2.83],[104.984,-2.837],[104.9725,-2.827],[104.992,-2.8035],[104.9865,-2.7985],[104.9705,-2.784]]]},"properties":{"code":"16.07.19.2006","name":"Teluk Tenggirik","latitude":-2.8282041797238966,"longitude":104.96830873250858}},{"type":"Feature","geometry":{"type":"Polygon","coordinates":[[[105.016,-2.763],[105.0385,-2.736],[105.0265,-2.7285],[105.026,-2.732],[105.0235,-2.7485],[105.0085,-2.744],[105.0085,-2.745],[104.9865,-2.7405],[104.974,-2.7565],[104.976,-2.774],[104.976,-2.7785],[104.9705,-2.784],[104.9865,-2.7985],[105.0005,-2.811],[104.996,-2.822],[104.984,-2.837],[104.9935,-2.83],[105.0015,-2.834],[105.0025,-2.835],[105.0045,-2.836],[105.0085,-2.8385],[105.0095,-2.839],[105.01,-2.8385],[105.014,-2.822],[105.028,-2.8225],[105.0285,-2.7965],[105.016,-2.789],[104.9955,-2.7715],[105.0075,-2.7565],[105.016,-2.7635],[105.016,-2.763]]]},"properties":{"code":"16.07.19.2007","name":"Sebubus","latitude":-2.783828674170404,"longitude":105.00162791030836}},{"type":"Feature","geometry":{"type":"Polygon","coordinates":[[[104.984,-2.837],[104.996,-2.822],[105.0005,-2.811],[104.992,-2.8035],[104.9725,-2.827],[104.984,-2.837]]]},"properties":{"code":"16.07.19.2008","name":"Padang Rejo","latitude":-2.8207223195217934,"longitude":104.9867839136191}},{"type":"Feature","geometry":{"type":"Polygon","coordinates":[[[105.0915,-2.823],[105.066,-2.8225],[105.066,-2.8595],[105.067,-2.8595],[105.067,-2.8655],[105.094,-2.8645],[105.093,-2.8305],[105.0915,-2.823]]]},"properties":{"code":"16.07.19.2009","name":"Kumbang Padang Permata","latitude":-2.844103033453443,"longitude":105.07989817106488}},{"type":"Feature","geometry":{"type":"Polygon","coordinates":[[[105.0675,-2.767],[105.0625,-2.7675],[105.068,-2.7555],[105.0595,-2.75],[105.0385,-2.736],[105.016,-2.763],[105.016,-2.7635],[105.0395,-2.7825],[105.037,-2.786],[105.0665,-2.786],[105.0675,-2.767]]]},"properties":{"code":"16.07.19.2010","name":"Muara Baru","latitude":-2.7637334885650304,"longitude":105.04532397893905}},{"type":"Feature","geometry":{"type":"Polygon","coordinates":[[[105.0665,-2.786],[105.059,-2.786],[105.0585,-2.8245],[105.066,-2.8245],[105.066,-2.8225],[105.0915,-2.823],[105.091,-2.821],[105.0945,-2.8065],[105.094,-2.786],[105.0665,-2.786]]]},"properties":{"code":"16.07.19.2011","name":"Tirta Makmur","latitude":-2.8040506334367774,"longitude":105.07567415516759}},{"type":"Feature","geometry":{"type":"Polygon","coordinates":[[[105.059,-2.786],[105.037,-2.786],[105.0285,-2.7965],[105.028,-2.8235],[105.0585,-2.8245],[105.059,-2.786]]]},"properties":{"code":"16.07.19.2012","name":"Panca Mulya","latitude":-2.8055584150822503,"longitude":105.04413967324273}},{"type":"Feature","geometry":{"type":"Polygon","coordinates":[[[105.028,-2.8225],[105.014,-2.822],[105.01,-2.8385],[105.0075,-2.841],[105.0125,-2.844],[105.0125,-2.8605],[105.028,-2.8605],[105.028,-2.8225]]]},"properties":{"code":"16.07.19.2013","name":"Budi Mulya","latitude":-2.8413104471892368,"longitude":105.01970790949319}},{"type":"Feature","geometry":{"type":"Polygon","coordinates":[[[105.049,-2.8815],[105.048,-2.866],[104.985,-2.866],[104.98,-2.906],[104.9355,-2.9085],[104.9385,-2.931],[104.937,-2.9425],[104.946,-2.9425],[104.9475,-2.93],[104.965,-2.9275],[104.985,-2.9235],[104.9925,-2.919],[104.9915,-2.89],[105.001,-2.8865],[105.0365,-2.8825],[105.049,-2.8815]]]},"properties":{"code":"16.07.19.2014","name":"Panca Desa","latitude":-2.896936697031555,"longitude":104.98771960338932}},{"type":"Feature","geometry":{"type":"Polygon","coordinates":[[[105.016,-2.7635],[105.0075,-2.7565],[104.9955,-2.7715],[105.016,-2.789],[105.0285,-2.7965],[105.0395,-2.7825],[105.016,-2.7635]]]},"properties":{"code":"16.07.19.2015","name":"Air Kumbang Bakti","latitude":-2.7766323244435975,"longitude":105.01718241929545}},{"type":"Feature","geometry":{"type":"Polygon","coordinates":[[[105.0715,-2.971],[105.0795,-2.96],[105.065,-2.953],[105.0775,-2.9445],[105.083,-2.9315],[105.092,-2.9305],[105.1015,-2.9255],[105.0905,-2.9145],[105.0935,-2.9025],[105.0645,-2.884],[105.049,-2.8845],[105.049,-2.8815],[105.0365,-2.8825],[105.0365,-2.9115],[105.045,-2.914],[105.0625,-2.911],[105.0665,-2.9445],[105.049,-2.9435],[105.027,-2.946],[105.0285,-2.986],[105.015,-2.9875],[105.016,-2.9885],[105.0165,-2.989],[105.016,-2.99],[105.018,-2.993],[105.018,-2.994],[105.0215,-2.9965],[105.042,-2.984],[105.0525,-2.9935],[105.062,-2.9925],[105.0635,-2.9915],[105.0645,-2.972],[105.0685,-2.971],[105.0715,-2.971]]]},"properties":{"code":"16.07.19.2016","name":"Sebokor","latitude":-2.9368581848134965,"longitude":105.05855132695679}},{"type":"Feature","geometry":{"type":"Polygon","coordinates":[[[104.724,-2.288],[104.707,-2.2545],[104.6815,-2.268],[104.704,-2.3095],[104.709,-2.2955],[104.724,-2.288]]]},"properties":{"code":"16.07.20.2001","name":"Karang Sari","latitude":-2.2788632398208057,"longitude":104.70291449407348}},{"type":"Feature","geometry":{"type":"Polygon","coordinates":[[[104.753,-2.281],[104.7325,-2.241],[104.707,-2.2545],[104.724,-2.288],[104.753,-2.281]]]},"properties":{"code":"16.07.20.2002","name":"Maju Ria","latitude":-2.265892189084577,"longitude":104.72944424727952}},{"type":"Feature","geometry":{"type":"Polygon","coordinates":[[[104.6815,-2.268],[104.6545,-2.2165],[104.6295,-2.232],[104.634,-2.2405],[104.6335,-2.241],[104.646,-2.2635],[104.6555,-2.2815],[104.6815,-2.268]]]},"properties":{"code":"16.07.20.2003","name":"Sri Agung","latitude":-2.249470129137445,"longitude":104.6552672441037}},{"type":"Feature","geometry":{"type":"Polygon","coordinates":[[[104.704,-2.3095],[104.6815,-2.268],[104.6555,-2.2815],[104.6705,-2.31],[104.6795,-2.3265],[104.684,-2.335],[104.697,-2.3285],[104.704,-2.3095]]]},"properties":{"code":"16.07.20.2004","name":"Sumber Rejeki","latitude":-2.3004046262307942,"longitude":104.6815754926358}},{"type":"Feature","geometry":{"type":"Polygon","coordinates":[[[104.748,-2.204],[104.7395,-2.1995],[104.7095,-2.195],[104.7325,-2.241],[104.753,-2.281],[104.765,-2.2715],[104.768,-2.2445],[104.748,-2.204]]]},"properties":{"code":"16.07.20.2005","name":"Tabala Jaya","latitude":-2.2329466716243367,"longitude":104.74368076877144}},{"type":"Feature","geometry":{"type":"Polygon","coordinates":[[[104.7325,-2.241],[104.7095,-2.195],[104.6795,-2.2015],[104.707,-2.2545],[104.7325,-2.241]]]},"properties":{"code":"16.07.20.2006","name":"Jati Sari","latitude":-2.2229463633583832,"longitude":104.70675951379444}},{"type":"Feature","geometry":{"type":"Polygon","coordinates":[[[104.707,-2.2545],[104.6795,-2.2015],[104.6545,-2.2165],[104.6815,-2.268],[104.707,-2.2545]]]},"properties":{"code":"16.07.20.2007","name":"Mekar Sari","latitude":-2.2348876021510073,"longitude":104.68058609695545}},{"type":"Feature","geometry":{"type":"Polygon","coordinates":[[[104.639,-2.3455],[104.6375,-2.3465],[104.614,-2.374],[104.5965,-2.377],[104.5875,-2.375],[104.548,-2.3795],[104.5765,-2.413],[104.5575,-2.4285],[104.554,-2.424],[104.5435,-2.4325],[104.5385,-2.4265],[104.5285,-2.4345],[104.5045,-2.4475],[104.4765,-2.4125],[104.477,-2.4125],[104.4495,-2.4145],[104.4245,-2.41],[104.403,-2.407],[104.4035,-2.4075],[104.4665,-2.486],[104.4425,-2.5145],[104.4235,-2.531],[104.385,-2.553],[104.3645,-2.5665],[104.392,-2.5965],[104.4265,-2.5665],[104.439,-2.581],[104.5515,-2.482],[104.5615,-2.498],[104.5635,-2.4995],[104.577,-2.5125],[104.5815,-2.5085],[104.5925,-2.524],[104.6175,-2.553],[104.6525,-2.521],[104.641,-2.507],[104.594,-2.513],[104.596,-2.508],[104.593,-2.4815],[104.574,-2.477],[104.5565,-2.469],[104.544,-2.4575],[104.545,-2.449],[104.569,-2.4415],[104.599,-2.416],[104.6285,-2.382],[104.6365,-2.3755],[104.6415,-2.3565],[104.639,-2.3455]]]},"properties":{"code":"16.07.21.2001","name":"Penuguan","latitude":-2.481293432370027,"longitude":104.50662137738156}},{"type":"Feature","geometry":{"type":"Polygon","coordinates":[[[104.4945,-2.559],[104.5345,-2.5235],[104.5215,-2.5085],[104.4815,-2.5435],[104.4945,-2.559]]]},"properties":{"code":"16.07.21.2002","name":"Sumber Rejo","latitude":-2.533740570557531,"longitude":104.50799100394187}},{"type":"Feature","geometry":{"type":"Polygon","coordinates":[[[104.5925,-2.524],[104.5815,-2.5085],[104.577,-2.5125],[104.5635,-2.4995],[104.5625,-2.499],[104.5345,-2.5235],[104.5605,-2.553],[104.5925,-2.524]]]},"properties":{"code":"16.07.21.2003","name":"Sumber Mukti","latitude":-2.524616403195187,"longitude":104.56374142727147}},{"type":"Feature","geometry":{"type":"Polygon","coordinates":[[[104.5345,-2.5235],[104.4945,-2.559],[104.507,-2.5745],[104.5475,-2.5385],[104.5345,-2.5235]]]},"properties":{"code":"16.07.21.2004","name":"Sumber Agung","latitude":-2.548868140459729,"longitude":104.52093213674438}},{"type":"Feature","geometry":{"type":"Polygon","coordinates":[[[104.5605,-2.553],[104.5475,-2.5385],[104.507,-2.5745],[104.519,-2.5865],[104.561,-2.5535],[104.5605,-2.553]]]},"properties":{"code":"16.07.21.2005","name":"Wonodadi","latitude":-2.562626912201805,"longitude":104.5343449039923}},{"type":"Feature","geometry":{"type":"Polygon","coordinates":[[[104.6175,-2.553],[104.5925,-2.524],[104.5605,-2.553],[104.573,-2.5675],[104.586,-2.582],[104.6175,-2.553]]]},"properties":{"code":"16.07.21.2006","name":"Mekar Sari","latitude":-2.5530267222630143,"longitude":104.58898273887718}},{"type":"Feature","geometry":{"type":"Polygon","coordinates":[[[104.573,-2.5675],[104.561,-2.5535],[104.519,-2.5865],[104.533,-2.6025],[104.573,-2.5675]]]},"properties":{"code":"16.07.21.2007","name":"Songo Makmur","latitude":-2.578052897505808,"longitude":104.54575910695594}},{"type":"Feature","geometry":{"type":"Polygon","coordinates":[[[104.5205,-2.3825],[104.5185,-2.38],[104.5175,-2.376],[104.5145,-2.3745],[104.494,-2.3915],[104.4935,-2.391],[104.4935,-2.3915],[104.5285,-2.4345],[104.5385,-2.4265],[104.5435,-2.4325],[104.554,-2.424],[104.5205,-2.3825]]]},"properties":{"code":"16.07.21.2008","name":"Karang Manunggal","latitude":-2.4059783035471147,"longitude":104.5229654772426}},{"type":"Feature","geometry":{"type":"Polygon","coordinates":[[[104.548,-2.3795],[104.5385,-2.368],[104.5205,-2.3825],[104.5575,-2.4285],[104.5765,-2.413],[104.548,-2.3795]]]},"properties":{"code":"16.07.21.2009","name":"Purwodadi","latitude":-2.3982089660532377,"longitude":104.54848864866594}},{"type":"Feature","geometry":{"type":"Polygon","coordinates":[[[104.5285,-2.4345],[104.4935,-2.3915],[104.473,-2.4075],[104.4765,-2.4125],[104.5045,-2.4475],[104.5285,-2.4345]]]},"properties":{"code":"16.07.21.2010","name":"Ringin Harjo","latitude":-2.4200616404855593,"longitude":104.49990207166357}},{"type":"Feature","geometry":{"type":"Polygon","coordinates":[[[104.586,-2.582],[104.573,-2.5675],[104.533,-2.6025],[104.559,-2.6305],[104.598,-2.5955],[104.586,-2.582]]]},"properties":{"code":"16.07.21.2011","name":"Bumi Rejo","latitude":-2.598933260607437,"longitude":104.5658035886292}},{"type":"Feature","geometry":{"type":"Polygon","coordinates":[[[104.5625,-2.499],[104.5615,-2.498],[104.5515,-2.482],[104.5215,-2.5085],[104.5345,-2.5235],[104.5625,-2.499]]]},"properties":{"code":"16.07.21.2012","name":"Kelapa Dua","latitude":-2.5028765580443255,"longitude":104.54290491744058}}]}