{"type":"FeatureCollection","features":[{"type":"Feature","geometry":{"type":"Polygon","coordinates":[[[102.198,-5.306],[102.164,-5.2905],[102.1535,-5.2815],[102.1455,-5.2835],[102.1355,-5.2955],[102.139,-5.303],[102.1355,-5.313],[102.108,-5.316],[102.0965,-5.3225],[102.0935,-5.336],[102.0865,-5.3405],[102.0895,-5.3585],[102.1015,-5.362],[102.124,-5.377],[102.139,-5.3815],[102.1695,-5.3415],[102.198,-5.306]]]},"properties":{"code":"17.03.01.2001","name":"Banjar Sari","latitude":-5.332007893998685,"longitude":102.1395561207659}},{"type":"Feature","geometry":{"type":"Polygon","coordinates":[[[102.2645,-5.338],[102.25,-5.3255],[102.232,-5.318],[102.2145,-5.3175],[102.198,-5.306],[102.1695,-5.3415],[102.139,-5.3815],[102.1615,-5.3945],[102.168,-5.41],[102.1875,-5.4195],[102.2,-5.415],[102.2645,-5.338]]]},"properties":{"code":"17.03.01.2002","name":"Meok","latitude":-5.361757510661467,"longitude":102.2004105099012}},{"type":"Feature","geometry":{"type":"Polygon","coordinates":[[[102.321,-5.3645],[102.308,-5.363],[102.2955,-5.3565],[102.285,-5.357],[102.273,-5.3455],[102.2665,-5.354],[102.255,-5.384],[102.2135,-5.435],[102.2295,-5.4635],[102.2435,-5.465],[102.294,-5.4025],[102.3125,-5.3825],[102.321,-5.3645]]]},"properties":{"code":"17.03.01.2003","name":"Malakoni","latitude":-5.406874480994992,"longitude":102.2632295348019}},{"type":"Feature","geometry":{"type":"Polygon","coordinates":[[[102.3835,-5.4005],[102.381,-5.386],[102.3655,-5.382],[102.3505,-5.371],[102.3265,-5.3615],[102.321,-5.3645],[102.3125,-5.3825],[102.294,-5.4025],[102.2435,-5.465],[102.2515,-5.479],[102.248,-5.4965],[102.259,-5.502],[102.265,-5.5105],[102.275,-5.5125],[102.2695,-5.488],[102.2825,-5.477],[102.3275,-5.42],[102.364,-5.406],[102.3755,-5.407],[102.3835,-5.4005]]]},"properties":{"code":"17.03.01.2004","name":"Kaana","latitude":-5.425771542418662,"longitude":102.3069875831407}},{"type":"Feature","geometry":{"type":"Polygon","coordinates":[[[102.2825,-5.477],[102.304,-5.487],[102.3085,-5.4765],[102.3175,-5.483],[102.3225,-5.4945],[102.348,-5.4965],[102.359,-5.5055],[102.3755,-5.4855],[102.3585,-5.471],[102.347,-5.4655],[102.3395,-5.456],[102.346,-5.4505],[102.356,-5.457],[102.369,-5.4525],[102.3685,-5.442],[102.374,-5.4265],[102.382,-5.4215],[102.389,-5.407],[102.3835,-5.4005],[102.3755,-5.407],[102.364,-5.406],[102.3275,-5.42],[102.2825,-5.477]]]},"properties":{"code":"17.03.01.2005","name":"Kahyapu","latitude":-5.45449910932281,"longitude":102.34006247019208}},{"type":"Feature","geometry":{"type":"Polygon","coordinates":[[[102.273,-5.3455],[102.2645,-5.338],[102.2,-5.415],[102.2135,-5.435],[102.255,-5.384],[102.2665,-5.354],[102.273,-5.3455]]]},"properties":{"code":"17.03.01.2006","name":"Apoho","latitude":-5.388550649123194,"longitude":102.23591430532541}},{"type":"Feature","geometry":{"type":"Polygon","coordinates":[[[102.279,-3.5165],[102.2785,-3.5155],[102.2745,-3.516],[102.273,-3.5155],[102.27,-3.519],[102.272,-3.525],[102.2725,-3.525],[102.275,-3.5245],[102.2755,-3.523],[102.276,-3.5225],[102.2775,-3.522],[102.2775,-3.5215],[102.2755,-3.5225],[102.2745,-3.5205],[102.279,-3.5165]]]},"properties":{"code":"17.03.06.1009","name":"Lubuk Durian","latitude":-3.5202314458001567,"longitude":102.27290619868448}},{"type":"Feature","geometry":{"type":"Polygon","coordinates":[[[102.2615,-3.6],[102.2605,-3.594],[102.2585,-3.592],[102.2565,-3.5765],[102.2575,-3.5735],[102.2575,-3.573],[102.2435,-3.581],[102.244,-3.582],[102.243,-3.605],[102.2425,-3.6075],[102.243,-3.6085],[102.244,-3.608],[102.246,-3.6075],[102.2525,-3.6075],[102.2615,-3.6]]]},"properties":{"code":"17.03.06.2001","name":"Talang Jambu","latitude":-3.591942347988084,"longitude":102.2512922298884}},{"type":"Feature","geometry":{"type":"Polygon","coordinates":[[[102.26,-3.554],[102.2565,-3.5535],[102.246,-3.5475],[102.2435,-3.581],[102.2575,-3.573],[102.2585,-3.571],[102.26,-3.571],[102.2615,-3.5695],[102.2595,-3.5575],[102.26,-3.554]]]},"properties":{"code":"17.03.06.2002","name":"Tebat Pacur","latitude":-3.5631037893646047,"longitude":102.2527506562177}},{"type":"Feature","geometry":{"type":"Polygon","coordinates":[[[102.267,-3.526],[102.263,-3.5275],[102.258,-3.5355],[102.253,-3.538],[102.251,-3.5395],[102.267,-3.5485],[102.2705,-3.5475],[102.281,-3.545],[102.2795,-3.543],[102.2765,-3.5405],[102.2755,-3.5405],[102.272,-3.5345],[102.267,-3.526]]]},"properties":{"code":"17.03.06.2003","name":"Talang Curup","latitude":-3.5395456442969166,"longitude":102.26666991962703}},{"type":"Feature","geometry":{"type":"Polygon","coordinates":[[[102.275,-3.5245],[102.2725,-3.525],[102.27,-3.5255],[102.27,-3.5305],[102.271,-3.53],[102.274,-3.5295],[102.2755,-3.5285],[102.277,-3.527],[102.2745,-3.5255],[102.275,-3.5245]]]},"properties":{"code":"17.03.06.2004","name":"Banyu Mas Lama","latitude":-3.5274634201996546,"longitude":102.27290223366954}},{"type":"Feature","geometry":{"type":"Polygon","coordinates":[[[102.282,-3.5245],[102.278,-3.5215],[102.277,-3.5225],[102.276,-3.5225],[102.2755,-3.523],[102.2745,-3.5255],[102.277,-3.527],[102.277,-3.528],[102.2795,-3.529],[102.2815,-3.5295],[102.2815,-3.525],[102.282,-3.5245]]]},"properties":{"code":"17.03.06.2005","name":"Salam Harjo","latitude":-3.525767377331801,"longitude":102.27929695041024}},{"type":"Feature","geometry":{"type":"Polygon","coordinates":[[[102.3,-3.5305],[102.3005,-3.53],[102.2955,-3.521],[102.295,-3.5175],[102.2865,-3.519],[102.2855,-3.521],[102.286,-3.5215],[102.285,-3.5245],[102.3,-3.5305]]]},"properties":{"code":"17.03.06.2006","name":"Jogja Baru","latitude":-3.5237275341556944,"longitude":102.29247274711439}},{"type":"Feature","geometry":{"type":"Polygon","coordinates":[[[102.285,-3.5245],[102.283,-3.524],[102.282,-3.5245],[102.2815,-3.525],[102.2815,-3.5295],[102.2855,-3.538],[102.286,-3.537],[102.289,-3.538],[102.2895,-3.543],[102.29,-3.544],[102.2935,-3.5435],[102.3,-3.5415],[102.305,-3.5395],[102.301,-3.5325],[102.3,-3.5305],[102.285,-3.5245]]]},"properties":{"code":"17.03.06.2007","name":"Talang Pasak","latitude":-3.534478031392999,"longitude":102.29285391984497}},{"type":"Feature","geometry":{"type":"MultiPolygon","coordinates":[[[[102.2845,-3.5385],[102.2855,-3.538],[102.2815,-3.5295],[102.2795,-3.529],[102.272,-3.5345],[102.2755,-3.5405],[102.277,-3.54],[102.2845,-3.5385]]],[[[102.2795,-3.5165],[102.279,-3.5165],[102.2745,-3.5205],[102.2755,-3.5225],[102.2775,-3.5215],[102.2775,-3.522],[102.278,-3.5215],[102.282,-3.5245],[102.283,-3.524],[102.285,-3.5245],[102.286,-3.5215],[102.284,-3.521],[102.2815,-3.518],[102.2795,-3.5165]]]]},"properties":{"code":"17.03.06.2008","name":"Perbo","latitude":-3.5299332929001523,"longitude":102.27930666737007}},{"type":"Feature","geometry":{"type":"Polygon","coordinates":[[[102.282,-3.504],[102.275,-3.504],[102.275,-3.5045],[102.273,-3.5065],[102.273,-3.5085],[102.2715,-3.509],[102.2715,-3.5095],[102.2695,-3.513],[102.2695,-3.514],[102.27,-3.5145],[102.2715,-3.514],[102.273,-3.5155],[102.2745,-3.516],[102.2785,-3.5155],[102.2795,-3.5165],[102.2815,-3.518],[102.284,-3.521],[102.2855,-3.521],[102.287,-3.518],[102.286,-3.515],[102.286,-3.5105],[102.282,-3.504]]]},"properties":{"code":"17.03.06.2010","name":"Lubuk Jale","latitude":-3.5115157814913807,"longitude":102.27962513297273}},{"type":"Feature","geometry":{"type":"Polygon","coordinates":[[[102.295,-3.508],[102.289,-3.509],[102.286,-3.5115],[102.286,-3.515],[102.287,-3.518],[102.2865,-3.519],[102.295,-3.5175],[102.295,-3.508]]]},"properties":{"code":"17.03.06.2011","name":"Simpang Ketenong","latitude":-3.5132352151499084,"longitude":102.29073198283572}},{"type":"Feature","geometry":{"type":"Polygon","coordinates":[[[102.375,-3.3835],[102.3605,-3.379],[102.3555,-3.3785],[102.367,-3.407],[102.361,-3.436],[102.3565,-3.449],[102.3475,-3.4555],[102.339,-3.4745],[102.3395,-3.4835],[102.338,-3.4865],[102.3235,-3.491],[102.3165,-3.501],[102.302,-3.5075],[102.301,-3.5065],[102.3005,-3.507],[102.3,-3.5075],[102.3,-3.506],[102.299,-3.506],[102.298,-3.5055],[102.297,-3.5065],[102.2955,-3.5075],[102.295,-3.508],[102.295,-3.5175],[102.2955,-3.521],[102.3005,-3.53],[102.301,-3.5325],[102.305,-3.5395],[102.33,-3.5305],[102.3435,-3.521],[102.3595,-3.505],[102.36,-3.5035],[102.361,-3.502],[102.3695,-3.4945],[102.3905,-3.4955],[102.417,-3.476],[102.4165,-3.475],[102.4095,-3.4585],[102.4075,-3.453],[102.4035,-3.434],[102.3955,-3.423],[102.391,-3.4155],[102.39,-3.4145],[102.3765,-3.4095],[102.3695,-3.3995],[102.374,-3.391],[102.375,-3.3835]]]},"properties":{"code":"17.03.06.2012","name":"Aur Gading","latitude":-3.4714819116176243,"longitude":102.36183973581143}},{"type":"Feature","geometry":{"type":"Polygon","coordinates":[[[102.273,-3.5155],[102.2715,-3.514],[102.27,-3.515],[102.268,-3.5175],[102.27,-3.519],[102.273,-3.5155]]]},"properties":{"code":"17.03.06.2024","name":"Kedu Baru","latitude":-3.5165011587562462,"longitude":102.27045633219923}},{"type":"Feature","geometry":{"type":"Polygon","coordinates":[[[102.268,-3.5175],[102.2595,-3.519],[102.2585,-3.52],[102.261,-3.5255],[102.263,-3.5275],[102.267,-3.526],[102.2695,-3.5265],[102.27,-3.5255],[102.272,-3.525],[102.27,-3.519],[102.268,-3.5175]]]},"properties":{"code":"17.03.06.2026","name":"Serumbung","latitude":-3.522518779369233,"longitude":102.26498477861719}},{"type":"Feature","geometry":{"type":"Polygon","coordinates":[[[102.263,-3.5275],[102.261,-3.5255],[102.2585,-3.52],[102.257,-3.5225],[102.2545,-3.5255],[102.2535,-3.526],[102.258,-3.5355],[102.263,-3.5275]]]},"properties":{"code":"17.03.06.2027","name":"Magelang","latitude":-3.5283339728900525,"longitude":102.25902438436232}},{"type":"Feature","geometry":{"type":"Polygon","coordinates":[[[102.2595,-3.519],[102.259,-3.508],[102.255,-3.505],[102.248,-3.516],[102.246,-3.5185],[102.2435,-3.52],[102.238,-3.5245],[102.237,-3.525],[102.2265,-3.5335],[102.226,-3.5335],[102.2385,-3.539],[102.241,-3.538],[102.242,-3.5365],[102.2495,-3.528],[102.2545,-3.5255],[102.257,-3.5225],[102.258,-3.5205],[102.2595,-3.519]]]},"properties":{"code":"17.03.06.2028","name":"Tanjung Putus","latitude":-3.5249402604421505,"longitude":102.2451993608998}},{"type":"Feature","geometry":{"type":"Polygon","coordinates":[[[102.258,-3.5355],[102.2535,-3.526],[102.2495,-3.528],[102.242,-3.5365],[102.241,-3.538],[102.24,-3.5385],[102.2435,-3.5425],[102.2505,-3.54],[102.253,-3.538],[102.258,-3.5355]]]},"properties":{"code":"17.03.06.2029","name":"Penyangkak","latitude":-3.535124492015932,"longitude":102.25052924620564}},{"type":"Feature","geometry":{"type":"MultiPolygon","coordinates":[[[[102.26,-3.554],[102.267,-3.5485],[102.251,-3.5395],[102.2505,-3.54],[102.2435,-3.5425],[102.246,-3.5475],[102.2565,-3.5535],[102.26,-3.554]]],[[[102.29,-3.544],[102.2895,-3.543],[102.289,-3.538],[102.286,-3.537],[102.2845,-3.5385],[102.277,-3.54],[102.2765,-3.5405],[102.2795,-3.543],[102.281,-3.545],[102.286,-3.545],[102.29,-3.544]]],[[[102.2695,-3.5265],[102.267,-3.526],[102.272,-3.5345],[102.2795,-3.529],[102.277,-3.528],[102.2755,-3.5285],[102.274,-3.5295],[102.271,-3.53],[102.27,-3.5305],[102.2695,-3.5265]]]]},"properties":{"code":"17.03.06.2031","name":"Banyu Mas Baru","latitude":-3.5426182780603623,"longitude":102.26425704041064}},{"type":"Feature","geometry":{"type":"Polygon","coordinates":[[[102.199,-3.427],[102.197,-3.4275],[102.194,-3.427],[102.194,-3.4255],[102.1935,-3.4255],[102.193,-3.4265],[102.1925,-3.426],[102.1915,-3.427],[102.189,-3.4275],[102.1885,-3.429],[102.1915,-3.43],[102.189,-3.431],[102.189,-3.4365],[102.1895,-3.438],[102.191,-3.4385],[102.191,-3.437],[102.1965,-3.4355],[102.197,-3.435],[102.1975,-3.4305],[102.199,-3.43],[102.199,-3.427]]]},"properties":{"code":"17.03.07.1026","name":"Purwodadi","latitude":-3.4317942974403737,"longitude":102.1931931220687}},{"type":"Feature","geometry":{"type":"Polygon","coordinates":[[[102.2125,-3.435],[102.2095,-3.434],[102.207,-3.434],[102.2045,-3.434],[102.198,-3.4355],[102.1965,-3.4355],[102.191,-3.437],[102.1905,-3.443],[102.1915,-3.443],[102.198,-3.4445],[102.2,-3.442],[102.201,-3.442],[102.202,-3.442],[102.2025,-3.4425],[102.204,-3.442],[102.206,-3.4405],[102.2075,-3.439],[102.21,-3.438],[102.2105,-3.438],[102.211,-3.438],[102.2115,-3.4375],[102.211,-3.437],[102.212,-3.4365],[102.2125,-3.435]]]},"properties":{"code":"17.03.07.1027","name":"Gunung Alam","latitude":-3.4387675035944665,"longitude":102.20028753273618}},{"type":"Feature","geometry":{"type":"Polygon","coordinates":[[[102.2285,-3.435],[102.228,-3.435],[102.2265,-3.435],[102.219,-3.436],[102.2185,-3.4355],[102.2185,-3.438],[102.2185,-3.4385],[102.224,-3.447],[102.223,-3.4465],[102.232,-3.4545],[102.224,-3.475],[102.2275,-3.4735],[102.229,-3.472],[102.2355,-3.4625],[102.2355,-3.4605],[102.236,-3.459],[102.2365,-3.4585],[102.238,-3.451],[102.2385,-3.45],[102.237,-3.449],[102.234,-3.4445],[102.2295,-3.4445],[102.228,-3.443],[102.2285,-3.4405],[102.228,-3.436],[102.2285,-3.435]]]},"properties":{"code":"17.03.07.2001","name":"Tanjung Raman","latitude":-3.451576569238021,"longitude":102.22920552599574}},{"type":"Feature","geometry":{"type":"Polygon","coordinates":[[[102.228,-3.429],[102.208,-3.4215],[102.207,-3.4275],[102.206,-3.4285],[102.207,-3.429],[102.206,-3.431],[102.206,-3.434],[102.207,-3.434],[102.2095,-3.434],[102.2135,-3.435],[102.218,-3.4355],[102.219,-3.436],[102.2265,-3.435],[102.228,-3.435],[102.2285,-3.433],[102.228,-3.429]]]},"properties":{"code":"17.03.07.2002","name":"Lubuk Saung","latitude":-3.4291656150920766,"longitude":102.215655521815}},{"type":"Feature","geometry":{"type":"Polygon","coordinates":[[[102.2635,-3.268],[102.251,-3.2635],[102.2355,-3.274],[102.22,-3.2915],[102.213,-3.2905],[102.204,-3.3015],[102.202,-3.3035],[102.1965,-3.3055],[102.194,-3.308],[102.1915,-3.3095],[102.19,-3.311],[102.1895,-3.3115],[102.1875,-3.3145],[102.1815,-3.325],[102.1795,-3.34],[102.178,-3.345],[102.1785,-3.3475],[102.1775,-3.3485],[102.1785,-3.35],[102.1795,-3.3525],[102.1795,-3.367],[102.184,-3.3845],[102.1735,-3.3845],[102.162,-3.3835],[102.16,-3.3825],[102.1595,-3.3825],[102.1595,-3.384],[102.16,-3.387],[102.1615,-3.3885],[102.1615,-3.39],[102.1625,-3.391],[102.1615,-3.3915],[102.163,-3.392],[102.169,-3.3995],[102.1675,-3.417],[102.1675,-3.4195],[102.169,-3.422],[102.1745,-3.4025],[102.1845,-3.3975],[102.2045,-3.3995],[102.205,-3.4105],[102.264,-3.4175],[102.2705,-3.4225],[102.3055,-3.3715],[102.305,-3.371],[102.2805,-3.365],[102.27,-3.359],[102.276,-3.343],[102.2955,-3.3235],[102.2955,-3.3065],[102.2895,-3.2985],[102.2895,-3.296],[102.291,-3.284],[102.287,-3.2805],[102.271,-3.2755],[102.2635,-3.268]]]},"properties":{"code":"17.03.07.2003","name":"Kuro Tidur","latitude":-3.347982325653258,"longitude":102.23764359936494}},{"type":"Feature","geometry":{"type":"Polygon","coordinates":[[[102.2065,-3.428],[102.2055,-3.428],[102.205,-3.4275],[102.204,-3.4275],[102.203,-3.4275],[102.202,-3.4275],[102.1995,-3.427],[102.199,-3.427],[102.199,-3.43],[102.1975,-3.4305],[102.197,-3.435],[102.198,-3.4355],[102.2045,-3.434],[102.206,-3.434],[102.206,-3.431],[102.207,-3.429],[102.206,-3.4285],[102.2065,-3.428]]]},"properties":{"code":"17.03.07.2004","name":"Karang Suci","latitude":-3.4311841761496233,"longitude":102.2018946583302}},{"type":"Feature","geometry":{"type":"Polygon","coordinates":[[[102.1895,-3.438],[102.18,-3.439],[102.1775,-3.44],[102.176,-3.4405],[102.176,-3.448],[102.177,-3.4535],[102.177,-3.456],[102.178,-3.4625],[102.1815,-3.4595],[102.1915,-3.4565],[102.193,-3.4565],[102.1945,-3.4555],[102.1965,-3.4535],[102.1975,-3.448],[102.199,-3.4475],[102.2015,-3.447],[102.1995,-3.4425],[102.198,-3.4445],[102.1915,-3.443],[102.1905,-3.443],[102.191,-3.4385],[102.1895,-3.438]]]},"properties":{"code":"17.03.07.2005","name":"Rama Agung","latitude":-3.44875226859216,"longitude":102.1859296365046}},{"type":"Feature","geometry":{"type":"Polygon","coordinates":[[[102.176,-3.45],[102.16,-3.453],[102.1595,-3.4535],[102.1595,-3.454],[102.1635,-3.463],[102.1475,-3.4875],[102.161,-3.483],[102.166,-3.4715],[102.1745,-3.471],[102.176,-3.471],[102.177,-3.463],[102.178,-3.4625],[102.177,-3.456],[102.177,-3.4535],[102.176,-3.45]]]},"properties":{"code":"17.03.07.2008","name":"Talang Denau","latitude":-3.465490624569283,"longitude":102.16554435450617}},{"type":"Feature","geometry":{"type":"MultiPolygon","coordinates":[[[[102.131,-3.4595],[102.1265,-3.4575],[102.1255,-3.4575],[102.1255,-3.46],[102.126,-3.463],[102.1275,-3.462],[102.13,-3.461],[102.131,-3.461],[102.131,-3.4595]]],[[[102.1585,-3.446],[102.1485,-3.4415],[102.1585,-3.4275],[102.155,-3.4225],[102.157,-3.4265],[102.1405,-3.4475],[102.1375,-3.452],[102.137,-3.454],[102.1355,-3.4555],[102.135,-3.4555],[102.1335,-3.4575],[102.132,-3.4595],[102.1345,-3.459],[102.144,-3.4605],[102.151,-3.47],[102.1535,-3.4705],[102.157,-3.473],[102.1635,-3.463],[102.1595,-3.454],[102.1595,-3.4535],[102.1585,-3.4465],[102.1585,-3.446]]]]},"properties":{"code":"17.03.07.2009","name":"Gunung Selan","latitude":-3.453304891098674,"longitude":102.14976206526222}},{"type":"Feature","geometry":{"type":"Polygon","coordinates":[[[102.2185,-3.4355],[102.218,-3.4355],[102.2135,-3.435],[102.2125,-3.435],[102.212,-3.4365],[102.211,-3.437],[102.2115,-3.438],[102.215,-3.4385],[102.2185,-3.4385],[102.2185,-3.4355]]]},"properties":{"code":"17.03.07.2010","name":"Datar Ruyung","latitude":-3.436707644359296,"longitude":102.21497355219788}},{"type":"Feature","geometry":{"type":"Polygon","coordinates":[[[102.205,-3.4105],[102.2045,-3.3995],[102.1845,-3.3975],[102.1745,-3.4025],[102.169,-3.422],[102.1755,-3.4145],[102.1775,-3.4135],[102.1785,-3.413],[102.1815,-3.4135],[102.183,-3.413],[102.1845,-3.413],[102.205,-3.4105]]]},"properties":{"code":"17.03.07.2011","name":"Senali","latitude":-3.407458365699725,"longitude":102.18799386310654}},{"type":"Feature","geometry":{"type":"Polygon","coordinates":[[[102.169,-3.422],[102.1665,-3.4205],[102.1605,-3.4235],[102.16,-3.423],[102.1585,-3.4275],[102.1485,-3.4415],[102.1585,-3.446],[102.1595,-3.4535],[102.16,-3.453],[102.176,-3.45],[102.176,-3.448],[102.176,-3.4405],[102.1765,-3.44],[102.1695,-3.43],[102.169,-3.422]]]},"properties":{"code":"17.03.07.2012","name":"Gunung Agung","latitude":-3.4380624590974347,"longitude":102.16467288936236}},{"type":"Feature","geometry":{"type":"MultiPolygon","coordinates":[[[[102.215,-3.4385],[102.2115,-3.438],[102.2115,-3.4375],[102.2105,-3.438],[102.21,-3.438],[102.2075,-3.439],[102.206,-3.4405],[102.204,-3.442],[102.2025,-3.4425],[102.202,-3.442],[102.201,-3.442],[102.1995,-3.4425],[102.2015,-3.447],[102.2095,-3.446],[102.21,-3.447],[102.221,-3.4455],[102.221,-3.4465],[102.2225,-3.4465],[102.2235,-3.4465],[102.224,-3.447],[102.2185,-3.4385],[102.215,-3.4385]]],[[[102.2385,-3.437],[102.2385,-3.436],[102.238,-3.4355],[102.2285,-3.439],[102.2285,-3.4405],[102.228,-3.443],[102.2295,-3.4445],[102.234,-3.4445],[102.237,-3.449],[102.2385,-3.45],[102.24,-3.449],[102.2385,-3.4375],[102.2385,-3.437]]]]},"properties":{"code":"17.03.07.2014","name":"Sidourip","latitude":-3.4424451489188295,"longitude":102.22132784275794}},{"type":"Feature","geometry":{"type":"Polygon","coordinates":[[[102.183,-3.413],[102.1815,-3.4135],[102.1785,-3.413],[102.1775,-3.4135],[102.1755,-3.4145],[102.169,-3.422],[102.1695,-3.4285],[102.1795,-3.426],[102.1885,-3.433],[102.189,-3.431],[102.1915,-3.43],[102.1885,-3.429],[102.189,-3.4275],[102.1915,-3.427],[102.1925,-3.426],[102.193,-3.4265],[102.1935,-3.4255],[102.1925,-3.4255],[102.183,-3.414],[102.183,-3.413]]]},"properties":{"code":"17.03.07.2015","name":"Karang Anyar I","latitude":-3.4232204074028365,"longitude":102.18146562036925}},{"type":"Feature","geometry":{"type":"Polygon","coordinates":[[[102.264,-3.4175],[102.205,-3.4105],[102.1845,-3.413],[102.183,-3.413],[102.183,-3.414],[102.1925,-3.4255],[102.1935,-3.4255],[102.194,-3.426],[102.194,-3.427],[102.197,-3.4275],[102.198,-3.4275],[102.1985,-3.427],[102.1995,-3.427],[102.202,-3.4275],[102.203,-3.4275],[102.204,-3.4275],[102.205,-3.4275],[102.2055,-3.428],[102.2065,-3.428],[102.207,-3.4275],[102.208,-3.4215],[102.228,-3.429],[102.2315,-3.428],[102.235,-3.428],[102.236,-3.427],[102.24,-3.428],[102.2405,-3.4285],[102.244,-3.431],[102.2445,-3.432],[102.248,-3.432],[102.253,-3.431],[102.257,-3.4285],[102.258,-3.427],[102.259,-3.4235],[102.259,-3.421],[102.26,-3.4205],[102.264,-3.4175]]]},"properties":{"code":"17.03.07.2016","name":"Taba Tembilang","latitude":-3.420409265144151,"longitude":102.2243828017098}},{"type":"Feature","geometry":{"type":"Polygon","coordinates":[[[102.1885,-3.433],[102.1795,-3.426],[102.1695,-3.4285],[102.1695,-3.43],[102.1765,-3.44],[102.1775,-3.44],[102.18,-3.439],[102.1895,-3.438],[102.189,-3.4365],[102.1885,-3.433]]]},"properties":{"code":"17.03.07.2022","name":"Karang Anyar II","latitude":-3.433216953195429,"longitude":102.1791272802953}},{"type":"Feature","geometry":{"type":"Polygon","coordinates":[[[102.0285,-3.273],[102.028,-3.2725],[102.0255,-3.2725],[102.0255,-3.2735],[102.025,-3.273],[102.023,-3.274],[102.018,-3.2905],[102.017,-3.2915],[102.0045,-3.2935],[101.997,-3.303],[101.9955,-3.3055],[101.997,-3.305],[101.9985,-3.3065],[102,-3.3085],[101.999,-3.3115],[101.996,-3.3155],[101.996,-3.316],[101.997,-3.318],[102.0005,-3.3215],[101.997,-3.324],[101.9925,-3.3275],[101.994,-3.328],[101.996,-3.329],[101.998,-3.3295],[102.0015,-3.33],[102.003,-3.3315],[102.004,-3.333],[102.0065,-3.332],[102.0075,-3.332],[102.0085,-3.3305],[102.015,-3.3285],[102.0165,-3.3285],[102.0185,-3.327],[102.02,-3.3265],[102.042,-3.336],[102.0395,-3.2875],[102.0285,-3.273]]]},"properties":{"code":"17.03.08.2001","name":"Tanjung Anom","latitude":-3.3077464719814587,"longitude":102.02111601252548}},{"type":"Feature","geometry":{"type":"Polygon","coordinates":[[[102.042,-3.336],[102.02,-3.3265],[102.0185,-3.327],[102.0165,-3.3285],[102.015,-3.3285],[102.0085,-3.3305],[102.0075,-3.3325],[102.0065,-3.3345],[102.008,-3.335],[102.0045,-3.34],[102.0025,-3.342],[101.998,-3.3545],[101.9985,-3.356],[101.9995,-3.3565],[102.012,-3.3615],[102.024,-3.366],[102.024,-3.3645],[102.03,-3.3515],[102.046,-3.3415],[102.047,-3.3405],[102.048,-3.341],[102.0515,-3.343],[102.0525,-3.344],[102.053,-3.342],[102.042,-3.336]]]},"properties":{"code":"17.03.08.2002","name":"Suka Makmur","latitude":-3.34464180147489,"longitude":102.02064600878978}},{"type":"Feature","geometry":{"type":"Polygon","coordinates":[[[102.0535,-3.3425],[102.0525,-3.344],[102.0515,-3.343],[102.048,-3.341],[102.047,-3.3405],[102.046,-3.3415],[102.03,-3.3515],[102.024,-3.3645],[102.024,-3.366],[102.033,-3.3705],[102.0555,-3.3785],[102.065,-3.374],[102.0655,-3.3555],[102.066,-3.352],[102.063,-3.3515],[102.0535,-3.3425]]]},"properties":{"code":"17.03.08.2003","name":"Wono Harjo","latitude":-3.3605178515556466,"longitude":102.04708311735509}},{"type":"Feature","geometry":{"type":"Polygon","coordinates":[[[102.0615,-3.29],[102.0395,-3.2875],[102.042,-3.336],[102.053,-3.342],[102.0535,-3.3425],[102.063,-3.3515],[102.066,-3.352],[102.0665,-3.353],[102.0685,-3.353],[102.076,-3.348],[102.08,-3.347],[102.0855,-3.3455],[102.087,-3.347],[102.088,-3.3485],[102.0885,-3.344],[102.0815,-3.335],[102.0645,-3.3145],[102.057,-3.307],[102.0605,-3.2935],[102.0595,-3.2955],[102.061,-3.2905],[102.0615,-3.29]]]},"properties":{"code":"17.03.08.2004","name":"Giri Mulya","latitude":-3.323014494900387,"longitude":102.05843582720574}},{"type":"Feature","geometry":{"type":"Polygon","coordinates":[[[102.1465,-3.206],[102.142,-3.199],[102.1415,-3.1975],[102.139,-3.1985],[102.135,-3.203],[102.133,-3.2045],[102.13,-3.207],[102.129,-3.208],[102.1275,-3.2095],[102.123,-3.216],[102.1105,-3.219],[102.11,-3.2195],[102.098,-3.2405],[102.0875,-3.2415],[102.081,-3.25],[102.0445,-3.2575],[102.0425,-3.2575],[102.041,-3.2605],[102.0385,-3.2625],[102.0325,-3.271],[102.0305,-3.2725],[102.0285,-3.273],[102.0395,-3.2875],[102.0615,-3.29],[102.0625,-3.29],[102.0625,-3.291],[102.064,-3.29],[102.0715,-3.2825],[102.073,-3.283],[102.074,-3.2815],[102.0895,-3.2615],[102.0985,-3.256],[102.1,-3.2465],[102.1245,-3.2295],[102.1465,-3.206]]]},"properties":{"code":"17.03.08.2005","name":"Rena Jaya","latitude":-3.2539065853973135,"longitude":102.08053578302588}},{"type":"Feature","geometry":{"type":"Polygon","coordinates":[[[102.1835,-3.224],[102.1815,-3.225],[102.1665,-3.224],[102.1465,-3.2065],[102.1465,-3.206],[102.1245,-3.2295],[102.1,-3.2465],[102.0985,-3.256],[102.0895,-3.2615],[102.074,-3.2815],[102.073,-3.283],[102.0715,-3.2825],[102.064,-3.29],[102.0625,-3.291],[102.0625,-3.29],[102.061,-3.2905],[102.0595,-3.2955],[102.0605,-3.2935],[102.057,-3.307],[102.0645,-3.3145],[102.08,-3.3335],[102.0805,-3.3335],[102.0805,-3.333],[102.0815,-3.3325],[102.082,-3.332],[102.082,-3.329],[102.089,-3.3265],[102.0875,-3.3225],[102.088,-3.309],[102.099,-3.3035],[102.138,-3.255],[102.1835,-3.224]]]},"properties":{"code":"17.03.08.2006","name":"Suka Mulya","latitude":-3.2664017997079036,"longitude":102.11036684411431}},{"type":"Feature","geometry":{"type":"Polygon","coordinates":[[[102.211,-3.229],[102.1895,-3.2215],[102.1835,-3.224],[102.138,-3.255],[102.099,-3.3035],[102.088,-3.309],[102.0875,-3.3225],[102.089,-3.3265],[102.082,-3.329],[102.082,-3.332],[102.0815,-3.3325],[102.0805,-3.333],[102.0805,-3.3335],[102.08,-3.3335],[102.0815,-3.335],[102.0885,-3.344],[102.088,-3.3485],[102.087,-3.347],[102.0855,-3.3455],[102.08,-3.347],[102.076,-3.348],[102.0685,-3.353],[102.0665,-3.353],[102.0655,-3.3555],[102.065,-3.374],[102.0555,-3.3785],[102.05,-3.3765],[102.044,-3.389],[102.0605,-3.394],[102.07,-3.376],[102.071,-3.3755],[102.071,-3.3735],[102.0725,-3.373],[102.0785,-3.3615],[102.0965,-3.343],[102.107,-3.3365],[102.1045,-3.333],[102.1065,-3.327],[102.122,-3.317],[102.1225,-3.317],[102.125,-3.319],[102.129,-3.3175],[102.1305,-3.318],[102.1315,-3.318],[102.133,-3.317],[102.1425,-3.307],[102.144,-3.306],[102.145,-3.3055],[102.147,-3.3005],[102.158,-3.2955],[102.1685,-3.28],[102.2155,-3.231],[102.211,-3.229]]]},"properties":{"code":"17.03.09.2001","name":"Lubuk Banyau","latitude":-3.2896238359912786,"longitude":102.13576241763381}},{"type":"Feature","geometry":{"type":"MultiPolygon","coordinates":[[[[102.107,-3.3775],[102.088,-3.3785],[102.0835,-3.386],[102.065,-3.4025],[102.095,-3.3895],[102.108,-3.4],[102.12,-3.3895],[102.111,-3.3825],[102.107,-3.3775]]],[[[102.1825,-3.298],[102.2425,-3.246],[102.2365,-3.241],[102.2225,-3.2345],[102.2155,-3.231],[102.1685,-3.28],[102.158,-3.2955],[102.147,-3.3005],[102.145,-3.3055],[102.144,-3.306],[102.1435,-3.3075],[102.1455,-3.3205],[102.1445,-3.324],[102.144,-3.325],[102.14,-3.3265],[102.133,-3.3345],[102.1325,-3.335],[102.1305,-3.3355],[102.1275,-3.3385],[102.1415,-3.3465],[102.1425,-3.3455],[102.143,-3.3445],[102.1445,-3.345],[102.145,-3.3445],[102.148,-3.3395],[102.166,-3.3215],[102.17,-3.3115],[102.1825,-3.298]]]]},"properties":{"code":"17.03.09.2002","name":"Talang Tua","latitude":-3.2984141955530517,"longitude":102.17224835034587}},{"type":"Feature","geometry":{"type":"Polygon","coordinates":[[[102.17,-3.346],[102.1615,-3.3455],[102.159,-3.3455],[102.145,-3.3445],[102.1445,-3.345],[102.143,-3.3445],[102.1425,-3.3455],[102.141,-3.347],[102.1315,-3.3755],[102.132,-3.377],[102.132,-3.38],[102.143,-3.385],[102.1495,-3.391],[102.15,-3.391],[102.1505,-3.389],[102.1565,-3.392],[102.1625,-3.391],[102.1615,-3.39],[102.1615,-3.3885],[102.16,-3.387],[102.1595,-3.384],[102.1585,-3.383],[102.1585,-3.3825],[102.1595,-3.382],[102.1595,-3.3815],[102.1595,-3.381],[102.161,-3.3785],[102.1615,-3.377],[102.1625,-3.373],[102.1635,-3.3715],[102.1635,-3.369],[102.1635,-3.368],[102.1645,-3.366],[102.1635,-3.361],[102.169,-3.3525],[102.169,-3.3515],[102.1695,-3.348],[102.17,-3.346]]]},"properties":{"code":"17.03.09.2003","name":"Marga Sakti","latitude":-3.3659352638090727,"longitude":102.15051842676509}},{"type":"Feature","geometry":{"type":"Polygon","coordinates":[[[102.15,-3.391],[102.1495,-3.391],[102.143,-3.385],[102.132,-3.38],[102.1315,-3.381],[102.131,-3.3815],[102.1285,-3.3925],[102.1275,-3.396],[102.127,-3.397],[102.122,-3.4015],[102.121,-3.402],[102.121,-3.4045],[102.1205,-3.4045],[102.1205,-3.4055],[102.1255,-3.409],[102.128,-3.426],[102.1285,-3.4265],[102.1365,-3.411],[102.146,-3.4115],[102.1475,-3.411],[102.149,-3.3945],[102.15,-3.391]]]},"properties":{"code":"17.03.09.2004","name":"Tanjung Harapan","latitude":-3.4010539542346967,"longitude":102.1358122361764}},{"type":"Feature","geometry":{"type":"Polygon","coordinates":[[[102.1275,-3.3385],[102.1265,-3.338],[102.1255,-3.339],[102.12,-3.342],[102.119,-3.3425],[102.1165,-3.3425],[102.1035,-3.374],[102.111,-3.3825],[102.12,-3.3895],[102.1285,-3.3925],[102.131,-3.3815],[102.1315,-3.381],[102.132,-3.377],[102.1315,-3.3755],[102.141,-3.347],[102.1415,-3.3465],[102.1275,-3.3385]]]},"properties":{"code":"17.03.09.2005","name":"Padang Jaya","latitude":-3.364500142011094,"longitude":102.12240453776978}},{"type":"Feature","geometry":{"type":"Polygon","coordinates":[[[102.12,-3.3895],[102.108,-3.4],[102.095,-3.3895],[102.065,-3.4025],[102.092,-3.418],[102.1015,-3.4265],[102.108,-3.432],[102.108,-3.43],[102.109,-3.428],[102.1085,-3.4265],[102.109,-3.4175],[102.109,-3.4165],[102.1205,-3.4055],[102.1205,-3.4045],[102.121,-3.4045],[102.121,-3.402],[102.122,-3.4015],[102.127,-3.397],[102.1275,-3.396],[102.1285,-3.3925],[102.12,-3.3895]]]},"properties":{"code":"17.03.09.2006","name":"Arga Mulya","latitude":-3.4061405510600737,"longitude":102.09815113796824}},{"type":"Feature","geometry":{"type":"Polygon","coordinates":[[[102.1165,-3.3425],[102.1095,-3.3395],[102.107,-3.3365],[102.0965,-3.343],[102.0785,-3.3615],[102.0725,-3.373],[102.074,-3.3725],[102.088,-3.3785],[102.107,-3.3775],[102.1035,-3.374],[102.1165,-3.3425]]]},"properties":{"code":"17.03.09.2007","name":"Sidomukti","latitude":-3.35899164823912,"longitude":102.09650357715842}},{"type":"Feature","geometry":{"type":"Polygon","coordinates":[[[102.1435,-3.3075],[102.1425,-3.307],[102.133,-3.317],[102.1315,-3.318],[102.1305,-3.318],[102.129,-3.3175],[102.125,-3.319],[102.1225,-3.317],[102.122,-3.317],[102.1065,-3.327],[102.1045,-3.333],[102.1095,-3.3395],[102.1165,-3.3425],[102.119,-3.3425],[102.12,-3.342],[102.1255,-3.339],[102.1265,-3.338],[102.1275,-3.3385],[102.1305,-3.3355],[102.1325,-3.335],[102.133,-3.3345],[102.14,-3.3265],[102.144,-3.325],[102.1445,-3.324],[102.1455,-3.3205],[102.1435,-3.3075]]]},"properties":{"code":"17.03.09.2008","name":"Marga Jaya","latitude":-3.3267970041907673,"longitude":102.12600983922918}},{"type":"Feature","geometry":{"type":"Polygon","coordinates":[[[102.2425,-3.246],[102.1825,-3.298],[102.17,-3.3115],[102.166,-3.3215],[102.148,-3.3395],[102.145,-3.3445],[102.159,-3.3455],[102.1615,-3.3455],[102.1685,-3.3455],[102.173,-3.346],[102.178,-3.3465],[102.178,-3.345],[102.1795,-3.34],[102.1815,-3.325],[102.1875,-3.3145],[102.1895,-3.3115],[102.19,-3.311],[102.1915,-3.3095],[102.194,-3.308],[102.1965,-3.3055],[102.202,-3.3035],[102.204,-3.3015],[102.213,-3.2905],[102.22,-3.2915],[102.2355,-3.274],[102.251,-3.2635],[102.2425,-3.246]]]},"properties":{"code":"17.03.09.2009","name":"Tanah Hitam","latitude":-3.2990199884086167,"longitude":102.19838187717491}},{"type":"Feature","geometry":{"type":"Polygon","coordinates":[[[102.1615,-3.3915],[102.1565,-3.392],[102.1505,-3.389],[102.15,-3.3905],[102.15,-3.3915],[102.149,-3.3945],[102.1475,-3.411],[102.153,-3.4105],[102.155,-3.4225],[102.16,-3.423],[102.1605,-3.4235],[102.1665,-3.4205],[102.1675,-3.4195],[102.1675,-3.417],[102.169,-3.3995],[102.163,-3.392],[102.1615,-3.3915]]]},"properties":{"code":"17.03.09.2010","name":"Tambak Rejo","latitude":-3.405884703177806,"longitude":102.15824200409315}},{"type":"Feature","geometry":{"type":"Polygon","coordinates":[[[102.178,-3.3465],[102.173,-3.346],[102.17,-3.346],[102.1695,-3.348],[102.169,-3.3515],[102.169,-3.3525],[102.1635,-3.361],[102.1645,-3.366],[102.1635,-3.368],[102.1635,-3.369],[102.1635,-3.3715],[102.1625,-3.373],[102.1615,-3.377],[102.161,-3.3785],[102.1595,-3.381],[102.1595,-3.3815],[102.1595,-3.382],[102.1595,-3.3825],[102.16,-3.3825],[102.162,-3.3835],[102.1735,-3.3845],[102.184,-3.3845],[102.1795,-3.367],[102.1795,-3.3525],[102.1785,-3.35],[102.1775,-3.3485],[102.178,-3.3465]]]},"properties":{"code":"17.03.09.2011","name":"Sido Luhur","latitude":-3.368197650353034,"longitude":102.17282917055644}},{"type":"Feature","geometry":{"type":"Polygon","coordinates":[[[102.088,-3.3785],[102.074,-3.3725],[102.071,-3.3735],[102.071,-3.3755],[102.07,-3.376],[102.0605,-3.394],[102.065,-3.4025],[102.0835,-3.386],[102.088,-3.3785]]]},"properties":{"code":"17.03.09.2012","name":"Tanah Tinggi","latitude":-3.384715084554069,"longitude":102.07454366704717}},{"type":"Feature","geometry":{"type":"Polygon","coordinates":[[[102.0525,-3.5295],[102.0485,-3.527],[102.048,-3.5285],[102.045,-3.5305],[102.0425,-3.5345],[102.0505,-3.539],[102.05,-3.5375],[102.0525,-3.5295]]]},"properties":{"code":"17.03.10.1010","name":"Pasar Lais","latitude":-3.5329182587060313,"longitude":102.04797223823428}},{"type":"Feature","geometry":{"type":"Polygon","coordinates":[[[102.014,-3.5015],[102.0155,-3.5005],[102.007,-3.4795],[102.008,-3.463],[102.0005,-3.452],[101.9855,-3.475],[101.982,-3.482],[101.982,-3.4835],[101.9935,-3.488],[102.0025,-3.4995],[102.014,-3.5015]]]},"properties":{"code":"17.03.10.2008","name":"Datar Lebar","latitude":-3.478194089541823,"longitude":101.99942835060938}},{"type":"Feature","geometry":{"type":"Polygon","coordinates":[[[102.014,-3.5015],[102.0025,-3.4995],[101.9935,-3.488],[101.982,-3.4835],[101.9815,-3.4845],[101.9795,-3.49],[101.978,-3.501],[102.018,-3.522],[102.02,-3.507],[102.019,-3.5045],[102.018,-3.503],[102.0165,-3.5035],[102.014,-3.5015]]]},"properties":{"code":"17.03.10.2009","name":"Air Padang","latitude":-3.502334055259894,"longitude":101.99884711987987}},{"type":"Feature","geometry":{"type":"Polygon","coordinates":[[[102.0285,-3.504],[102.02,-3.505],[102.02,-3.507],[102.018,-3.522],[102.029,-3.5285],[102.0325,-3.525],[102.0285,-3.504]]]},"properties":{"code":"17.03.10.2011","name":"Durian Daun","latitude":-3.5154632472180887,"longitude":102.02423954329842}},{"type":"Feature","geometry":{"type":"Polygon","coordinates":[[[102.0475,-3.5195],[102.0365,-3.522],[102.029,-3.5285],[102.0425,-3.5345],[102.045,-3.5305],[102.046,-3.53],[102.0475,-3.5195]]]},"properties":{"code":"17.03.10.2012","name":"Dusun Raja","latitude":-3.5258669079757152,"longitude":102.03951263948963}},{"type":"Feature","geometry":{"type":"Polygon","coordinates":[[[102.0485,-3.527],[102.0475,-3.5195],[102.046,-3.53],[102.048,-3.5285],[102.0485,-3.527]]]},"properties":{"code":"17.03.10.2013","name":"Lubuk Lesung","latitude":-3.5251678746667072,"longitude":102.04685003654734}},{"type":"Feature","geometry":{"type":"Polygon","coordinates":[[[102.075,-3.5305],[102.0555,-3.5255],[102.0525,-3.5295],[102.05,-3.5375],[102.0505,-3.539],[102.0755,-3.552],[102.073,-3.5405],[102.0735,-3.538],[102.075,-3.5305]]]},"properties":{"code":"17.03.10.2014","name":"Pal 30","latitude":-3.5372771063318433,"longitude":102.06366932364864}},{"type":"Feature","geometry":{"type":"Polygon","coordinates":[[[102.0655,-3.513],[102.0475,-3.5195],[102.0485,-3.527],[102.0525,-3.5295],[102.0555,-3.5255],[102.075,-3.5305],[102.0795,-3.529],[102.08,-3.529],[102.073,-3.5165],[102.071,-3.5145],[102.0655,-3.513]]]},"properties":{"code":"17.03.10.2015","name":"Jagobayo","latitude":-3.521611023908423,"longitude":102.06307584176268}},{"type":"Feature","geometry":{"type":"Polygon","coordinates":[[[102.0825,-3.476],[102.0725,-3.475],[102.072,-3.4795],[102.0725,-3.481],[102.0635,-3.4955],[102.0655,-3.513],[102.071,-3.5145],[102.073,-3.5165],[102.08,-3.529],[102.08,-3.5285],[102.0855,-3.5285],[102.085,-3.527],[102.0885,-3.506],[102.0815,-3.499],[102.0765,-3.496],[102.0825,-3.476]]]},"properties":{"code":"17.03.10.2017","name":"Talang Rasau","latitude":-3.501489407076995,"longitude":102.07584892718056}},{"type":"Feature","geometry":{"type":"Polygon","coordinates":[[[102.109,-3.5],[102.103,-3.498],[102.0965,-3.484],[102.098,-3.4765],[102.088,-3.4675],[102.0825,-3.476],[102.0765,-3.496],[102.0815,-3.499],[102.0885,-3.506],[102.1,-3.5095],[102.1005,-3.5095],[102.109,-3.5]]]},"properties":{"code":"17.03.10.2018","name":"Lubuk Gedang","latitude":-3.4914170251173555,"longitude":102.0918484390805}},{"type":"Feature","geometry":{"type":"Polygon","coordinates":[[[102.121,-3.4945],[102.1095,-3.4695],[102.103,-3.4775],[102.0895,-3.4645],[102.088,-3.4675],[102.098,-3.4765],[102.0965,-3.484],[102.103,-3.498],[102.109,-3.5],[102.12,-3.503],[102.119,-3.4945],[102.121,-3.4945]]]},"properties":{"code":"17.03.10.2019","name":"Suka Langu","latitude":-3.485353794154349,"longitude":102.10746938997907}},{"type":"Feature","geometry":{"type":"Polygon","coordinates":[[[102.1255,-3.4575],[102.118,-3.4575],[102.1045,-3.458],[102.097,-3.4625],[102.0895,-3.4645],[102.103,-3.4775],[102.1095,-3.4695],[102.121,-3.4945],[102.123,-3.494],[102.1305,-3.4925],[102.1275,-3.4905],[102.132,-3.482],[102.136,-3.4765],[102.131,-3.461],[102.13,-3.461],[102.1275,-3.462],[102.126,-3.463],[102.1255,-3.46],[102.1255,-3.4575]]]},"properties":{"code":"17.03.10.2020","name":"Taba Baru","latitude":-3.471235482308248,"longitude":102.11751840833395}},{"type":"Feature","geometry":{"type":"Polygon","coordinates":[[[102.151,-3.47],[102.144,-3.4605],[102.1345,-3.459],[102.1325,-3.4595],[102.131,-3.4595],[102.131,-3.461],[102.136,-3.4765],[102.143,-3.479],[102.151,-3.47]]]},"properties":{"code":"17.03.10.2021","name":"Kalbang","latitude":-3.4681162775190866,"longitude":102.14061338100377}},{"type":"Feature","geometry":{"type":"Polygon","coordinates":[[[101.959,-3.4215],[101.9595,-3.421],[101.9585,-3.4165],[101.958,-3.416],[101.956,-3.412],[101.949,-3.4145],[101.946,-3.4115],[101.941,-3.411],[101.9365,-3.4085],[101.931,-3.406],[101.931,-3.4075],[101.927,-3.407],[101.9265,-3.4075],[101.9265,-3.412],[101.926,-3.4105],[101.9225,-3.4125],[101.9155,-3.4125],[101.914,-3.4115],[101.9135,-3.4125],[101.916,-3.414],[101.9165,-3.4145],[101.9165,-3.4155],[101.9135,-3.416],[101.9025,-3.4225],[101.899,-3.4145],[101.8895,-3.409],[101.883,-3.407],[101.8745,-3.417],[101.907,-3.4345],[101.912,-3.4395],[101.934,-3.4335],[101.9455,-3.425],[101.959,-3.4215]]]},"properties":{"code":"17.03.11.2001","name":"Serangai","latitude":-3.421321226605825,"longitude":101.91866156186775}},{"type":"Feature","geometry":{"type":"Polygon","coordinates":[[[101.959,-3.4215],[101.9455,-3.425],[101.934,-3.4335],[101.912,-3.4395],[101.9115,-3.449],[101.9265,-3.462],[101.923,-3.4745],[101.945,-3.457],[101.948,-3.4555],[101.959,-3.433],[101.959,-3.4215]]]},"properties":{"code":"17.03.11.2002","name":"Selolong","latitude":-3.443987704775108,"longitude":101.93627930452357}},{"type":"Feature","geometry":{"type":"Polygon","coordinates":[[[101.949,-3.464],[101.9625,-3.45],[101.959,-3.433],[101.948,-3.4555],[101.945,-3.457],[101.923,-3.4745],[101.946,-3.4865],[101.954,-3.4775],[101.9705,-3.473],[101.97,-3.4695],[101.9695,-3.469],[101.964,-3.466],[101.9515,-3.4645],[101.949,-3.464]]]},"properties":{"code":"17.03.11.2003","name":"Air Lakok","latitude":-3.466096931108847,"longitude":101.94799024394848}},{"type":"Feature","geometry":{"type":"Polygon","coordinates":[[[101.9795,-3.49],[101.954,-3.4775],[101.946,-3.4865],[101.978,-3.501],[101.9795,-3.49]]]},"properties":{"code":"17.03.11.2004","name":"Bintunan","latitude":-3.4891979179490242,"longitude":101.96501281824852}},{"type":"Feature","geometry":{"type":"Polygon","coordinates":[[[101.983,-3.4745],[101.9705,-3.471],[101.9705,-3.473],[101.954,-3.4775],[101.9795,-3.49],[101.9815,-3.4845],[101.982,-3.482],[101.9855,-3.475],[101.983,-3.4745]]]},"properties":{"code":"17.03.11.2005","name":"Suka Marga","latitude":-3.4798139093915714,"longitude":101.97249615110692}},{"type":"Feature","geometry":{"type":"MultiPolygon","coordinates":[[[[101.983,-3.4745],[101.9875,-3.47],[101.9815,-3.4655],[101.9785,-3.459],[101.975,-3.457],[101.9655,-3.467],[101.9695,-3.469],[101.97,-3.4695],[101.9705,-3.471],[101.983,-3.4745]]],[[[101.9715,-3.3595],[101.9615,-3.351],[101.9605,-3.354],[101.9595,-3.356],[101.96,-3.364],[101.9655,-3.367],[101.967,-3.369],[101.9655,-3.3735],[101.965,-3.38],[101.965,-3.3825],[101.963,-3.3835],[101.962,-3.385],[101.963,-3.3865],[101.961,-3.3875],[101.9605,-3.3875],[101.9595,-3.3905],[101.9795,-3.4055],[101.98,-3.405],[101.9825,-3.39],[101.99,-3.393],[101.996,-3.376],[101.991,-3.374],[101.9715,-3.3595]]]]},"properties":{"code":"17.03.11.2006","name":"Batik Nau","latitude":-3.3949216987547066,"longitude":101.97577755259437}},{"type":"Feature","geometry":{"type":"Polygon","coordinates":[[[101.9855,-3.4385],[101.9825,-3.444],[101.9805,-3.452],[101.975,-3.457],[101.9785,-3.459],[101.9815,-3.4655],[101.9875,-3.47],[101.983,-3.4745],[101.9855,-3.475],[102.005,-3.445],[101.999,-3.4425],[101.9855,-3.4385]]]},"properties":{"code":"17.03.11.2007","name":"Pagar Ruyung","latitude":-3.4535970466189836,"longitude":101.98946960590644}},{"type":"Feature","geometry":{"type":"Polygon","coordinates":[[[102.027,-3.448],[101.9915,-3.429],[101.9855,-3.4385],[101.999,-3.4425],[102.005,-3.445],[102.0165,-3.465],[102.0245,-3.453],[102.026,-3.449],[102.0265,-3.449],[102.027,-3.448]]]},"properties":{"code":"17.03.11.2008","name":"Durian Amparan","latitude":-3.445499395821617,"longitude":102.00872225519348}},{"type":"Feature","geometry":{"type":"Polygon","coordinates":[[[102.0345,-3.437],[102.0115,-3.4305],[101.997,-3.4195],[101.993,-3.425],[101.9915,-3.429],[102.027,-3.448],[102.0275,-3.447],[102.0285,-3.448],[102.029,-3.4485],[102.03,-3.449],[102.03,-3.4485],[102.03,-3.4465],[102.03,-3.448],[102.0305,-3.4485],[102.0315,-3.4465],[102.032,-3.448],[102.0335,-3.4465],[102.037,-3.4455],[102.034,-3.441],[102.034,-3.44],[102.0355,-3.44],[102.0355,-3.439],[102.0355,-3.438],[102.0345,-3.437]]]},"properties":{"code":"17.03.11.2009","name":"Taba Kulintang","latitude":-3.4358048729791606,"longitude":102.01483693858708}},{"type":"Feature","geometry":{"type":"Polygon","coordinates":[[[102.05,-3.4205],[102.0475,-3.4205],[102.0065,-3.3995],[101.997,-3.4195],[102.0115,-3.4305],[102.0345,-3.437],[102.037,-3.4375],[102.037,-3.4365],[102.035,-3.435],[102.0365,-3.433],[102.038,-3.4315],[102.038,-3.4305],[102.037,-3.4275],[102.038,-3.4255],[102.0395,-3.426],[102.039,-3.4275],[102.041,-3.427],[102.0445,-3.423],[102.0455,-3.422],[102.0465,-3.421],[102.0475,-3.4215],[102.05,-3.421],[102.05,-3.4205]]]},"properties":{"code":"17.03.11.2010","name":"Ulak Tanding","latitude":-3.4196399667108013,"longitude":102.02007023701093}},{"type":"Feature","geometry":{"type":"Polygon","coordinates":[[[102.05,-3.3765],[102.033,-3.3705],[102.024,-3.366],[102.0145,-3.3875],[102.0385,-3.4005],[102.051,-3.412],[102.052,-3.412],[102.052,-3.4115],[102.055,-3.41],[102.0565,-3.409],[102.0585,-3.4095],[102.063,-3.406],[102.0635,-3.405],[102.0645,-3.404],[102.0655,-3.4045],[102.0645,-3.4025],[102.065,-3.4025],[102.0605,-3.394],[102.044,-3.389],[102.05,-3.3765]]]},"properties":{"code":"17.03.11.2011","name":"Seberang Tunggal","latitude":-3.3891527619010273,"longitude":102.03892417794175}},{"type":"Feature","geometry":{"type":"Polygon","coordinates":[[[102.024,-3.366],[102.012,-3.3615],[102.0015,-3.3575],[101.9985,-3.364],[101.995,-3.368],[101.993,-3.375],[101.996,-3.376],[101.99,-3.393],[102.0065,-3.3995],[102.0475,-3.4205],[102.0495,-3.419],[102.0525,-3.4145],[102.051,-3.412],[102.0385,-3.4005],[102.0145,-3.3875],[102.024,-3.366]]]},"properties":{"code":"17.03.11.2012","name":"Sekiau","latitude":-3.3885922721513193,"longitude":102.01556864565283}},{"type":"Feature","geometry":{"type":"Polygon","coordinates":[[[101.985,-3.439],[101.9715,-3.4235],[101.9715,-3.4225],[101.9595,-3.432],[101.959,-3.433],[101.9625,-3.45],[101.949,-3.464],[101.9515,-3.4645],[101.964,-3.466],[101.9655,-3.467],[101.976,-3.456],[101.9805,-3.452],[101.9825,-3.444],[101.985,-3.439]]]},"properties":{"code":"17.03.11.2013","name":"Samban Jaya","latitude":-3.4467188549050882,"longitude":101.96872901705615}},{"type":"Feature","geometry":{"type":"Polygon","coordinates":[[[101.9795,-3.4055],[101.9595,-3.3905],[101.958,-3.3925],[101.955,-3.3935],[101.956,-3.396],[101.9555,-3.3975],[101.9485,-3.4],[101.9455,-3.4015],[101.942,-3.401],[101.9415,-3.403],[101.936,-3.4045],[101.9335,-3.4045],[101.933,-3.4055],[101.931,-3.406],[101.9365,-3.4085],[101.941,-3.411],[101.946,-3.4115],[101.949,-3.4145],[101.956,-3.412],[101.958,-3.416],[101.9585,-3.4165],[101.9595,-3.421],[101.959,-3.4215],[101.959,-3.433],[101.9595,-3.432],[101.9715,-3.4225],[101.972,-3.417],[101.978,-3.4075],[101.9795,-3.4055]]]},"properties":{"code":"17.03.11.2014","name":"Peninjau","latitude":-3.4089569829902895,"longitude":101.95976381560416}},{"type":"Feature","geometry":{"type":"MultiPolygon","coordinates":[[[[101.9915,-3.429],[101.993,-3.425],[101.997,-3.4195],[102.0065,-3.3995],[101.9825,-3.39],[101.98,-3.405],[101.978,-3.4075],[101.972,-3.417],[101.9715,-3.4235],[101.985,-3.439],[101.9915,-3.429]]],[[[101.9935,-3.318],[101.9905,-3.317],[101.9905,-3.3175],[101.9915,-3.321],[101.967,-3.335],[101.9675,-3.3365],[101.9725,-3.3385],[101.9725,-3.341],[101.97,-3.346],[101.961,-3.3505],[101.9715,-3.3595],[101.991,-3.374],[101.993,-3.375],[101.995,-3.368],[101.9985,-3.364],[102.0015,-3.3575],[101.9995,-3.3565],[101.9985,-3.356],[101.998,-3.3545],[102.0025,-3.342],[102.0045,-3.34],[102.008,-3.335],[102.0065,-3.3345],[102.0075,-3.3325],[102.0075,-3.332],[102.0065,-3.332],[102.004,-3.333],[102.003,-3.3315],[102.0015,-3.33],[101.998,-3.3295],[101.996,-3.329],[101.994,-3.328],[101.9925,-3.3275],[101.997,-3.324],[102.0005,-3.3215],[101.997,-3.318],[101.996,-3.3185],[101.9935,-3.318]]]]},"properties":{"code":"17.03.11.2015","name":"Air Manganyau","latitude":-3.37210354554629,"longitude":101.98660530069992}},{"type":"Feature","geometry":{"type":"Polygon","coordinates":[[[101.8715,-3.3875],[101.8695,-3.3805],[101.857,-3.371],[101.857,-3.3625],[101.8555,-3.362],[101.8555,-3.3645],[101.8515,-3.3635],[101.846,-3.383],[101.834,-3.3935],[101.8745,-3.417],[101.883,-3.407],[101.885,-3.406],[101.874,-3.3985],[101.8715,-3.3875]]]},"properties":{"code":"17.03.12.2001","name":"Urai","latitude":-3.392009520078325,"longitude":101.8593420294212}},{"type":"Feature","geometry":{"type":"Polygon","coordinates":[[[101.8095,-3.364],[101.8,-3.36],[101.789,-3.3655],[101.834,-3.3935],[101.846,-3.383],[101.8515,-3.3635],[101.8325,-3.3705],[101.8315,-3.3685],[101.825,-3.3715],[101.8095,-3.3645],[101.8095,-3.364]]]},"properties":{"code":"17.03.12.2002","name":"Pasar Ketahun","latitude":-3.3755954416183327,"longitude":101.82226244825685}},{"type":"Feature","geometry":{"type":"Polygon","coordinates":[[[101.86,-3.354],[101.87,-3.344],[101.8465,-3.3425],[101.8265,-3.345],[101.8255,-3.36],[101.831,-3.367],[101.8325,-3.3705],[101.8515,-3.3635],[101.86,-3.354]]]},"properties":{"code":"17.03.12.2003","name":"Giri Kencana","latitude":-3.3551892202326643,"longitude":101.84309960947667}},{"type":"Feature","geometry":{"type":"Polygon","coordinates":[[[101.818,-3.34],[101.8035,-3.338],[101.79,-3.325],[101.7755,-3.331],[101.77,-3.3515],[101.789,-3.3655],[101.8,-3.36],[101.8095,-3.364],[101.811,-3.358],[101.813,-3.347],[101.8185,-3.3425],[101.818,-3.3405],[101.818,-3.34]]]},"properties":{"code":"17.03.12.2004","name":"Kuala Langi","latitude":-3.345721454297975,"longitude":101.79206155854975}},{"type":"Feature","geometry":{"type":"Polygon","coordinates":[[[101.8525,-3.293],[101.8475,-3.2825],[101.835,-3.2695],[101.8285,-3.2705],[101.812,-3.2815],[101.815,-3.293],[101.8135,-3.294],[101.8135,-3.297],[101.8145,-3.3015],[101.8175,-3.301],[101.8215,-3.301],[101.8245,-3.3015],[101.8305,-3.3115],[101.834,-3.303],[101.8525,-3.293]]]},"properties":{"code":"17.03.12.2005","name":"Dusun Raja","latitude":-3.288539708969724,"longitude":101.83108490232428}},{"type":"Feature","geometry":{"type":"Polygon","coordinates":[[[101.7875,-3.25],[101.7865,-3.25],[101.7795,-3.2535],[101.778,-3.2555],[101.7775,-3.256],[101.777,-3.257],[101.777,-3.26],[101.775,-3.26],[101.776,-3.2615],[101.778,-3.2615],[101.777,-3.2625],[101.7765,-3.262],[101.7755,-3.262],[101.7745,-3.2615],[101.7715,-3.2615],[101.7665,-3.2715],[101.765,-3.273],[101.767,-3.2735],[101.7655,-3.2755],[101.7655,-3.276],[101.766,-3.2775],[101.765,-3.278],[101.7645,-3.279],[101.7635,-3.28],[101.76,-3.2845],[101.756,-3.2875],[101.7565,-3.289],[101.756,-3.293],[101.7575,-3.293],[101.766,-3.299],[101.771,-3.312],[101.7645,-3.3215],[101.757,-3.3195],[101.7485,-3.3365],[101.77,-3.3515],[101.7755,-3.331],[101.79,-3.325],[101.788,-3.316],[101.7755,-3.3155],[101.7685,-3.2975],[101.773,-3.294],[101.7745,-3.291],[101.787,-3.2905],[101.7995,-3.2795],[101.798,-3.2595],[101.7875,-3.25]]]},"properties":{"code":"17.03.12.2012","name":"Lubuk Mindai","latitude":-3.296066701840468,"longitude":101.77523739063186}},{"type":"Feature","geometry":{"type":"Polygon","coordinates":[[[101.812,-3.2815],[101.807,-3.2825],[101.8055,-3.283],[101.804,-3.2825],[101.803,-3.282],[101.7995,-3.2795],[101.787,-3.2905],[101.7745,-3.291],[101.773,-3.294],[101.7685,-3.2975],[101.7755,-3.3155],[101.788,-3.316],[101.788,-3.317],[101.7895,-3.317],[101.79,-3.317],[101.7915,-3.317],[101.793,-3.3175],[101.795,-3.3165],[101.798,-3.3175],[101.8135,-3.3095],[101.8145,-3.305],[101.8145,-3.3015],[101.8135,-3.297],[101.8135,-3.294],[101.815,-3.293],[101.812,-3.2815]]]},"properties":{"code":"17.03.12.2013","name":"Pajar Baru","latitude":-3.29993792331818,"longitude":101.79412146070601}},{"type":"Feature","geometry":{"type":"Polygon","coordinates":[[[101.8305,-3.3115],[101.8245,-3.3015],[101.8215,-3.301],[101.8175,-3.301],[101.8145,-3.3015],[101.8145,-3.305],[101.8135,-3.3095],[101.798,-3.3175],[101.795,-3.3165],[101.793,-3.3175],[101.7915,-3.317],[101.79,-3.317],[101.7895,-3.317],[101.788,-3.317],[101.79,-3.325],[101.8035,-3.338],[101.818,-3.34],[101.8185,-3.3355],[101.8255,-3.324],[101.831,-3.3175],[101.8305,-3.3115]]]},"properties":{"code":"17.03.12.2014","name":"Talang Baru","latitude":-3.321175413592543,"longitude":101.81213920740188}},{"type":"Feature","geometry":{"type":"Polygon","coordinates":[[[101.8285,-3.2705],[101.8315,-3.23],[101.8105,-3.247],[101.795,-3.246],[101.7935,-3.2465],[101.7885,-3.249],[101.7875,-3.25],[101.798,-3.2595],[101.7995,-3.2795],[101.803,-3.282],[101.804,-3.2825],[101.8055,-3.283],[101.807,-3.2825],[101.812,-3.2815],[101.8285,-3.2705]]]},"properties":{"code":"17.03.12.2019","name":"Melati Harjo K.1","latitude":-3.2591634705770645,"longitude":101.8128533568343}},{"type":"Feature","geometry":{"type":"Polygon","coordinates":[[[101.8265,-3.345],[101.817,-3.344],[101.813,-3.347],[101.811,-3.358],[101.8095,-3.3645],[101.825,-3.3715],[101.8315,-3.3685],[101.831,-3.367],[101.8255,-3.36],[101.8265,-3.345]]]},"properties":{"code":"17.03.12.2020","name":"Bukit Indah","latitude":-3.357980383652409,"longitude":101.81939381329357}},{"type":"Feature","geometry":{"type":"Polygon","coordinates":[[[101.875,-3.3265],[101.8355,-3.322],[101.8325,-3.3195],[101.8255,-3.324],[101.8185,-3.3355],[101.818,-3.3405],[101.8185,-3.3425],[101.817,-3.344],[101.8265,-3.345],[101.8465,-3.3425],[101.87,-3.344],[101.872,-3.3375],[101.873,-3.3335],[101.8745,-3.3275],[101.875,-3.3265]]]},"properties":{"code":"17.03.12.2021","name":"Bukit Tinggi","latitude":-3.334024284933575,"longitude":101.84519859178945}},{"type":"Feature","geometry":{"type":"Polygon","coordinates":[[[101.843,-3.2125],[101.828,-3.217],[101.8315,-3.23],[101.8505,-3.238],[101.8555,-3.24],[101.8645,-3.236],[101.864,-3.2355],[101.8645,-3.2295],[101.8665,-3.227],[101.855,-3.226],[101.8555,-3.219],[101.843,-3.2125]]]},"properties":{"code":"17.03.13.2003","name":"Tanjung Alai","latitude":-3.2260029587735293,"longitude":101.84684518114541}},{"type":"Feature","geometry":{"type":"Polygon","coordinates":[[[101.8965,-3.22],[101.8765,-3.2165],[101.874,-3.204],[101.8705,-3.2095],[101.869,-3.207],[101.8615,-3.213],[101.8455,-3.2065],[101.845,-3.208],[101.843,-3.2125],[101.8555,-3.219],[101.855,-3.226],[101.87,-3.2255],[101.875,-3.2215],[101.895,-3.2215],[101.8965,-3.22]]]},"properties":{"code":"17.03.13.2004","name":"Jabi","latitude":-3.2169695035028236,"longitude":101.86696610326375}},{"type":"Feature","geometry":{"type":"MultiPolygon","coordinates":[[[[101.858,-3.1725],[101.8535,-3.1715],[101.8535,-3.1725],[101.859,-3.1755],[101.8415,-3.191],[101.8455,-3.203],[101.8455,-3.2065],[101.8615,-3.213],[101.869,-3.207],[101.862,-3.1975],[101.866,-3.1865],[101.861,-3.175],[101.8605,-3.174],[101.858,-3.1725]]],[[[101.843,-3.1565],[101.843,-3.162],[101.8525,-3.169],[101.854,-3.166],[101.843,-3.1565]]],[[[101.843,-3.1565],[101.854,-3.155],[101.8645,-3.1375],[101.8835,-3.1355],[101.881,-3.1085],[101.8895,-3.091],[101.8825,-3.076],[101.858,-3.0765],[101.8455,-3.0905],[101.85,-3.1005],[101.8375,-3.1125],[101.836,-3.1205],[101.8505,-3.1505],[101.843,-3.1565]]]]},"properties":{"code":"17.03.13.2005","name":"Napal Putih","latitude":-3.1270814099760633,"longitude":101.86161350313012}},{"type":"Feature","geometry":{"type":"Polygon","coordinates":[[[101.9105,-3.078],[101.908,-3.0775],[101.891,-3.0805],[101.887,-3.078],[101.8845,-3.08],[101.8895,-3.091],[101.881,-3.1085],[101.8835,-3.1355],[101.8645,-3.1375],[101.854,-3.155],[101.843,-3.1565],[101.854,-3.166],[101.8535,-3.1715],[101.858,-3.1725],[101.8605,-3.174],[101.861,-3.175],[101.866,-3.1865],[101.862,-3.1975],[101.8705,-3.2095],[101.8765,-3.2],[101.87,-3.185],[101.8715,-3.184],[101.872,-3.1835],[101.864,-3.1735],[101.8725,-3.155],[101.8935,-3.1465],[101.9035,-3.137],[101.8955,-3.132],[101.9005,-3.094],[101.9075,-3.0785],[101.909,-3.079],[101.9095,-3.079],[101.9105,-3.078]]]},"properties":{"code":"17.03.13.2006","name":"Air Tenang","latitude":-3.1363244408787625,"longitude":101.88021262187009}},{"type":"Feature","geometry":{"type":"Polygon","coordinates":[[[101.8765,-3.185],[101.872,-3.1835],[101.8715,-3.184],[101.87,-3.185],[101.8765,-3.2],[101.874,-3.204],[101.8765,-3.2165],[101.8965,-3.22],[101.897,-3.219],[101.8985,-3.2085],[101.8995,-3.208],[101.893,-3.2025],[101.8825,-3.194],[101.88,-3.1925],[101.88,-3.1895],[101.8765,-3.185]]]},"properties":{"code":"17.03.13.2007","name":"Teluk Anggung","latitude":-3.2045110709413467,"longitude":101.88341314942093}},{"type":"Feature","geometry":{"type":"Polygon","coordinates":[[[102,-3.138],[101.9825,-3.141],[101.955,-3.17],[101.944,-3.1675],[101.927,-3.173],[101.916,-3.194],[101.898,-3.2025],[101.896,-3.2015],[101.889,-3.191],[101.8785,-3.186],[101.8765,-3.185],[101.88,-3.1895],[101.88,-3.1925],[101.8825,-3.194],[101.893,-3.2025],[101.8995,-3.208],[101.9015,-3.207],[101.903,-3.2075],[101.907,-3.207],[101.9115,-3.1995],[101.9195,-3.1945],[101.927,-3.1885],[101.9285,-3.177],[101.9475,-3.1705],[101.9535,-3.181],[101.979,-3.1875],[101.9785,-3.1915],[101.979,-3.1925],[101.98,-3.192],[101.981,-3.191],[101.983,-3.191],[101.982,-3.193],[101.983,-3.1935],[101.9855,-3.193],[101.9865,-3.194],[101.994,-3.187],[102.0175,-3.18],[102.0305,-3.1825],[102.032,-3.182],[102.0065,-3.138],[102,-3.138]]]},"properties":{"code":"17.03.13.2008","name":"Tanjung Kemayan","latitude":-3.169744371796615,"longitude":101.978565001105}},{"type":"Feature","geometry":{"type":"Polygon","coordinates":[[[102,-3.138],[101.9945,-3.117],[101.9375,-3.0935],[101.925,-3.076],[101.9135,-3.0785],[101.9105,-3.078],[101.9095,-3.079],[101.909,-3.079],[101.9075,-3.0785],[101.9005,-3.094],[101.8955,-3.132],[101.9035,-3.137],[101.8935,-3.1465],[101.8725,-3.155],[101.864,-3.1735],[101.872,-3.1835],[101.8785,-3.186],[101.889,-3.191],[101.896,-3.2015],[101.898,-3.2025],[101.916,-3.194],[101.927,-3.173],[101.944,-3.1675],[101.955,-3.17],[101.9825,-3.141],[102,-3.138]]]},"properties":{"code":"17.03.13.2009","name":"Muara Santan","latitude":-3.139032047692052,"longitude":101.92799557609375}},{"type":"Feature","geometry":{"type":"Polygon","coordinates":[[[102.0195,-2.8565],[102.018,-2.8575],[102.017,-2.862],[102.0065,-2.8685],[101.971,-2.8615],[101.947,-2.855],[101.9325,-2.8635],[101.9295,-2.87],[101.897,-2.883],[101.8935,-2.8855],[101.8845,-2.893],[101.8765,-2.9095],[101.871,-2.9165],[101.8715,-2.918],[101.872,-2.929],[101.8655,-2.9365],[101.8655,-2.939],[101.872,-2.9485],[101.858,-2.9575],[101.8425,-2.9795],[101.8265,-2.989],[101.829,-3],[101.8225,-3.017],[101.8235,-3.019],[101.825,-3.032],[101.8195,-3.0595],[101.818,-3.0615],[101.813,-3.0665],[101.8105,-3.069],[101.8075,-3.0905],[101.808,-3.09],[101.81,-3.087],[101.812,-3.0885],[101.821,-3.094],[101.8225,-3.096],[101.826,-3.099],[101.828,-3.0995],[101.827,-3.1015],[101.8265,-3.103],[101.826,-3.105],[101.8255,-3.106],[101.8275,-3.1055],[101.827,-3.1065],[101.827,-3.107],[101.829,-3.1095],[101.8285,-3.11],[101.8275,-3.1105],[101.8265,-3.1135],[101.8275,-3.116],[101.8295,-3.1195],[101.831,-3.1195],[101.834,-3.1205],[101.836,-3.1205],[101.8375,-3.1125],[101.85,-3.1005],[101.8455,-3.0905],[101.858,-3.0765],[101.8825,-3.076],[101.8845,-3.08],[101.887,-3.078],[101.891,-3.0805],[101.908,-3.0775],[101.9135,-3.0785],[101.925,-3.076],[101.9375,-3.0935],[101.9945,-3.117],[102,-3.138],[102.0065,-3.138],[102.032,-3.182],[102.034,-3.182],[102.058,-3.1855],[102.0655,-3.1825],[102.0815,-3.1865],[102.094,-3.182],[102.113,-3.17],[102.129,-3.1745],[102.127,-3.1705],[102.1285,-3.1635],[102.1315,-3.152],[102.1365,-3.141],[102.132,-3.135],[102.1435,-3.113],[102.1405,-3.1],[102.145,-3.089],[102.143,-3.081],[102.136,-3.0935],[102.1165,-3.0865],[102.1025,-3.078],[102.092,-3.0655],[102.065,-3.047],[102.046,-3.0395],[102.052,-3.0185],[102.0605,-3.0285],[102.102,-3.0295],[102.1045,-3.027],[102.092,-3.013],[102.0825,-3.011],[102.078,-3],[102.0575,-2.991],[102.042,-2.984],[102.0415,-2.9645],[102.0405,-2.958],[102.04,-2.9545],[102.031,-2.937],[102.034,-2.918],[102.0255,-2.9065],[102.0255,-2.897],[102.0265,-2.8935],[102.0195,-2.872],[102.02,-2.859],[102.0195,-2.8565]]]},"properties":{"code":"17.03.13.2016","name":"Lebong Tandai","latitude":-3.022817431947504,"longitude":101.97534795948916}},{"type":"Feature","geometry":{"type":"Polygon","coordinates":[[[101.9785,-3.1915],[101.979,-3.1875],[101.9535,-3.181],[101.9475,-3.1705],[101.9285,-3.177],[101.927,-3.1885],[101.9195,-3.1945],[101.913,-3.1985],[101.921,-3.2045],[101.948,-3.212],[101.949,-3.2095],[101.95,-3.2085],[101.9515,-3.2065],[101.952,-3.2005],[101.956,-3.2015],[101.957,-3.2015],[101.9585,-3.201],[101.964,-3.195],[101.9645,-3.193],[101.9765,-3.194],[101.9775,-3.192],[101.9785,-3.1915]]]},"properties":{"code":"17.03.13.2019","name":"Gembung Raya","latitude":-3.192076362233907,"longitude":101.94350161271869}},{"type":"Feature","geometry":{"type":"Polygon","coordinates":[[[102.1045,-3.027],[102.102,-3.0295],[102.0605,-3.0285],[102.052,-3.0185],[102.046,-3.0395],[102.065,-3.047],[102.092,-3.0655],[102.1025,-3.078],[102.1165,-3.0865],[102.136,-3.0935],[102.143,-3.081],[102.142,-3.0775],[102.1375,-3.066],[102.1205,-3.0535],[102.105,-3.0395],[102.1045,-3.027]]]},"properties":{"code":"17.03.13.2020","name":"Kinal Jaya","latitude":-3.0545369302855896,"longitude":102.09740675001309}},{"type":"Feature","geometry":{"type":"Polygon","coordinates":[[[101.6315,-3.2085],[101.631,-3.2085],[101.6205,-3.2225],[101.6265,-3.2325],[101.6295,-3.2345],[101.6335,-3.2355],[101.639,-3.2395],[101.646,-3.243],[101.6515,-3.234],[101.6505,-3.2305],[101.648,-3.223],[101.6475,-3.222],[101.6315,-3.2085]]]},"properties":{"code":"17.03.14.2007","name":"Talang Arah","latitude":-3.225918777397289,"longitude":101.63628766734077}},{"type":"Feature","geometry":{"type":"Polygon","coordinates":[[[101.61,-3.106],[101.588,-3.1025],[101.5825,-3.1165],[101.574,-3.1105],[101.5505,-3.12],[101.541,-3.121],[101.537,-3.125],[101.5365,-3.126],[101.532,-3.1285],[101.5415,-3.1385],[101.558,-3.163],[101.5775,-3.1875],[101.5925,-3.2105],[101.617,-3.24],[101.625,-3.233],[101.6205,-3.2225],[101.631,-3.2085],[101.6345,-3.206],[101.64,-3.2035],[101.6425,-3.204],[101.6475,-3.199],[101.6475,-3.1955],[101.647,-3.191],[101.6485,-3.1765],[101.649,-3.175],[101.6505,-3.174],[101.652,-3.156],[101.61,-3.106]],[[101.6065,-3.116],[101.5925,-3.1255],[101.5905,-3.1215],[101.6065,-3.116]],[[101.5905,-3.1335],[101.576,-3.1485],[101.558,-3.147],[101.557,-3.134],[101.5735,-3.133],[101.5835,-3.1265],[101.5905,-3.1335]]]},"properties":{"code":"17.03.14.2008","name":"Pasar Sebelat","latitude":-3.163069832874705,"longitude":101.60235525694029}},{"type":"Feature","geometry":{"type":"Polygon","coordinates":[[[101.646,-3.243],[101.639,-3.2395],[101.6335,-3.2355],[101.6295,-3.2345],[101.6265,-3.2325],[101.625,-3.233],[101.617,-3.24],[101.648,-3.264],[101.6995,-3.2985],[101.71,-3.3095],[101.717,-3.2935],[101.691,-3.28],[101.6655,-3.2715],[101.666,-3.26],[101.6525,-3.2475],[101.6515,-3.2485],[101.645,-3.2445],[101.646,-3.243]]]},"properties":{"code":"17.03.14.2009","name":"Kota Bani","latitude":-3.2681360092176286,"longitude":101.66590378767853}},{"type":"Feature","geometry":{"type":"Polygon","coordinates":[[[101.708,-3.2125],[101.703,-3.212],[101.7015,-3.2105],[101.6925,-3.2075],[101.691,-3.2075],[101.6895,-3.207],[101.688,-3.206],[101.687,-3.2055],[101.682,-3.2095],[101.675,-3.214],[101.6725,-3.215],[101.6665,-3.22],[101.6655,-3.2225],[101.6505,-3.2305],[101.6515,-3.234],[101.645,-3.2445],[101.6515,-3.2485],[101.6545,-3.2455],[101.656,-3.24],[101.671,-3.239],[101.684,-3.225],[101.701,-3.2165],[101.708,-3.2125]]]},"properties":{"code":"17.03.14.2013","name":"Air Muring","latitude":-3.2244986841734673,"longitude":101.67463151923229}},{"type":"Feature","geometry":{"type":"Polygon","coordinates":[[[101.6065,-3.116],[101.5905,-3.1215],[101.5925,-3.1255],[101.6065,-3.116]]]},"properties":{"code":"17.03.14.2014","name":"Air Pandan","latitude":-3.117125533912828,"longitude":101.60033111462364}},{"type":"Feature","geometry":{"type":"Polygon","coordinates":[[[101.5905,-3.1335],[101.5835,-3.1265],[101.5735,-3.133],[101.557,-3.134],[101.558,-3.147],[101.576,-3.1485],[101.5905,-3.1335]]]},"properties":{"code":"17.03.14.2015","name":"Cipta Mulya","latitude":-3.1387161215112385,"longitude":101.57206543703099}},{"type":"Feature","geometry":{"type":"Polygon","coordinates":[[[101.724,-3.2185],[101.7145,-3.2105],[101.7135,-3.211],[101.701,-3.2165],[101.684,-3.225],[101.671,-3.239],[101.656,-3.24],[101.6545,-3.2455],[101.6525,-3.2475],[101.666,-3.26],[101.6655,-3.2715],[101.691,-3.28],[101.6995,-3.275],[101.706,-3.246],[101.718,-3.235],[101.724,-3.2185]]]},"properties":{"code":"17.03.14.2017","name":"Air Petai","latitude":-3.2456052157275197,"longitude":101.68949830171235}},{"type":"Feature","geometry":{"type":"Polygon","coordinates":[[[101.739,-3.223],[101.724,-3.2185],[101.718,-3.235],[101.706,-3.246],[101.6995,-3.275],[101.698,-3.276],[101.711,-3.28],[101.723,-3.2825],[101.7285,-3.2695],[101.737,-3.26],[101.758,-3.252],[101.7575,-3.2515],[101.7565,-3.2485],[101.7555,-3.247],[101.7535,-3.247],[101.7495,-3.2455],[101.75,-3.243],[101.7475,-3.2375],[101.749,-3.237],[101.7505,-3.2365],[101.7455,-3.2305],[101.7455,-3.23],[101.749,-3.228],[101.739,-3.223]]]},"properties":{"code":"17.03.14.2018","name":"Karang Tengah","latitude":-3.250732999611591,"longitude":101.72582615270296}},{"type":"Feature","geometry":{"type":"Polygon","coordinates":[[[101.758,-3.252],[101.737,-3.26],[101.7285,-3.2695],[101.723,-3.2825],[101.711,-3.28],[101.698,-3.276],[101.691,-3.28],[101.717,-3.2935],[101.71,-3.3095],[101.7485,-3.3365],[101.757,-3.3195],[101.7645,-3.3215],[101.771,-3.312],[101.766,-3.299],[101.7575,-3.293],[101.756,-3.293],[101.7565,-3.289],[101.756,-3.2875],[101.76,-3.2845],[101.7635,-3.28],[101.7645,-3.279],[101.765,-3.278],[101.766,-3.2775],[101.7655,-3.276],[101.7655,-3.2755],[101.767,-3.2735],[101.765,-3.273],[101.7665,-3.2715],[101.7715,-3.2615],[101.7705,-3.2595],[101.769,-3.2535],[101.7675,-3.254],[101.767,-3.254],[101.758,-3.252]]]},"properties":{"code":"17.03.14.2019","name":"Karang Pulau","latitude":-3.2927867104800637,"longitude":101.74116514210532}},{"type":"Feature","geometry":{"type":"Polygon","coordinates":[[[102.175,-3.5015],[102.1645,-3.5015],[102.1905,-3.538],[102.1925,-3.5345],[102.189,-3.5205],[102.1785,-3.513],[102.175,-3.5015]]]},"properties":{"code":"17.03.15.2003","name":"Genting Perangkap","latitude":-3.518108906590947,"longitude":102.18032395583757}},{"type":"Feature","geometry":{"type":"Polygon","coordinates":[[[102.1905,-3.538],[102.1645,-3.5015],[102.1555,-3.5055],[102.15,-3.508],[102.166,-3.532],[102.1665,-3.551],[102.178,-3.544],[102.1825,-3.543],[102.185,-3.5425],[102.1895,-3.5395],[102.1905,-3.5385],[102.1905,-3.538]]]},"properties":{"code":"17.03.15.2004","name":"Lubuk Balam","latitude":-3.5258823003853506,"longitude":102.16984771550791}},{"type":"Feature","geometry":{"type":"Polygon","coordinates":[[[102.1665,-3.551],[102.166,-3.532],[102.15,-3.508],[102.139,-3.5135],[102.1425,-3.527],[102.1465,-3.541],[102.1465,-3.545],[102.148,-3.55],[102.1575,-3.5505],[102.16,-3.561],[102.1625,-3.5595],[102.1635,-3.5585],[102.1665,-3.551]]]},"properties":{"code":"17.03.15.2005","name":"Datar Macang","latitude":-3.5334624065655165,"longitude":102.15379204743276}},{"type":"Feature","geometry":{"type":"Polygon","coordinates":[[[102.1295,-3.5325],[102.1185,-3.532],[102.128,-3.5425],[102.139,-3.5445],[102.1405,-3.543],[102.1295,-3.5325]]]},"properties":{"code":"17.03.15.2006","name":"Tanjung Genting","latitude":-3.5374251372799517,"longitude":102.12877759682561}},{"type":"Feature","geometry":{"type":"Polygon","coordinates":[[[102.1185,-3.532],[102.117,-3.53],[102.112,-3.533],[102.109,-3.534],[102.1225,-3.546],[102.128,-3.5425],[102.1185,-3.532]]]},"properties":{"code":"17.03.15.2007","name":"Talang Renah","latitude":-3.538621753427798,"longitude":102.1193728498832}},{"type":"Feature","geometry":{"type":"Polygon","coordinates":[[[102.0975,-3.5355],[102.0915,-3.535],[102.091,-3.5345],[102.0775,-3.553],[102.103,-3.57],[102.1315,-3.5565],[102.148,-3.55],[102.1465,-3.545],[102.1465,-3.543],[102.1405,-3.543],[102.139,-3.5445],[102.128,-3.5425],[102.1225,-3.546],[102.11,-3.5465],[102.0975,-3.5355]]]},"properties":{"code":"17.03.15.2008","name":"Kota Agung","latitude":-3.5518772605355116,"longitude":102.10941808972385}},{"type":"Feature","geometry":{"type":"Polygon","coordinates":[[[102.1225,-3.546],[102.109,-3.534],[102.108,-3.5345],[102.1035,-3.5355],[102.0975,-3.5355],[102.11,-3.5465],[102.1225,-3.546]]]},"properties":{"code":"17.03.15.2009","name":"Talang Lembak","latitude":-3.540479935327648,"longitude":102.11001869242658}},{"type":"Feature","geometry":{"type":"Polygon","coordinates":[[[102.12,-3.503],[102.109,-3.5],[102.1005,-3.5095],[102.1,-3.5095],[102.0885,-3.506],[102.085,-3.527],[102.0865,-3.531],[102.089,-3.533],[102.0915,-3.535],[102.1035,-3.5355],[102.108,-3.5345],[102.112,-3.533],[102.117,-3.53],[102.1205,-3.509],[102.122,-3.509],[102.122,-3.5085],[102.12,-3.505],[102.12,-3.503]]]},"properties":{"code":"17.03.15.2010","name":"Kertapati","latitude":-3.5192412482604216,"longitude":102.10251368541648}},{"type":"Feature","geometry":{"type":"Polygon","coordinates":[[[102.139,-3.5045],[102.12,-3.505],[102.122,-3.5085],[102.122,-3.509],[102.1205,-3.509],[102.117,-3.53],[102.1185,-3.532],[102.1295,-3.5325],[102.136,-3.53],[102.1395,-3.5255],[102.1415,-3.5225],[102.139,-3.5135],[102.1375,-3.507],[102.139,-3.5045]]]},"properties":{"code":"17.03.15.2011","name":"Talang Pungguk","latitude":-3.5176502227757345,"longitude":102.12868896567178}},{"type":"Feature","geometry":{"type":"Polygon","coordinates":[[[102.1555,-3.5055],[102.154,-3.504],[102.14,-3.4935],[102.132,-3.482],[102.1275,-3.4905],[102.1335,-3.495],[102.14,-3.502],[102.1375,-3.507],[102.139,-3.5135],[102.15,-3.508],[102.1555,-3.5055]]]},"properties":{"code":"17.03.15.2012","name":"Talang Baru Ginting","latitude":-3.4993328974875664,"longitude":102.14053886173767}},{"type":"Feature","geometry":{"type":"Polygon","coordinates":[[[102.157,-3.473],[102.1535,-3.4705],[102.151,-3.47],[102.143,-3.479],[102.136,-3.4765],[102.132,-3.482],[102.14,-3.4935],[102.154,-3.504],[102.1555,-3.5055],[102.1645,-3.5015],[102.161,-3.483],[102.1475,-3.4875],[102.157,-3.473]]]},"properties":{"code":"17.03.15.2013","name":"Tanjung Karet","latitude":-3.4885910235652906,"longitude":102.14975058767207}},{"type":"Feature","geometry":{"type":"Polygon","coordinates":[[[102.1305,-3.4925],[102.123,-3.494],[102.119,-3.4945],[102.12,-3.503],[102.12,-3.505],[102.139,-3.5045],[102.14,-3.502],[102.1335,-3.495],[102.1305,-3.4925]]]},"properties":{"code":"17.03.15.2014","name":"Talang Ginting","latitude":-3.4987291146415083,"longitude":102.1276529570212}},{"type":"Feature","geometry":{"type":"Polygon","coordinates":[[[102.1465,-3.543],[102.1465,-3.541],[102.1425,-3.527],[102.1415,-3.5225],[102.1395,-3.5255],[102.136,-3.53],[102.1295,-3.5325],[102.1405,-3.543],[102.1465,-3.543]]]},"properties":{"code":"17.03.15.2015","name":"Sungai Pura","latitude":-3.5347818780903695,"longitude":102.13924999960454}},{"type":"Feature","geometry":{"type":"Polygon","coordinates":[[[102.216,-3.533],[102.2075,-3.5075],[102.2095,-3.496],[102.2075,-3.4935],[102.203,-3.499],[102.202,-3.5],[102.187,-3.5015],[102.175,-3.5015],[102.1785,-3.513],[102.189,-3.5205],[102.1925,-3.5345],[102.193,-3.5275],[102.2075,-3.526],[102.2145,-3.533],[102.215,-3.5325],[102.216,-3.533]]]},"properties":{"code":"17.03.15.2016","name":"Dusun Curup","latitude":-3.512532362686696,"longitude":102.19689978047754}},{"type":"Feature","geometry":{"type":"Polygon","coordinates":[[[102.0855,-3.5285],[102.08,-3.5285],[102.0795,-3.529],[102.075,-3.5305],[102.0735,-3.538],[102.073,-3.5405],[102.0755,-3.552],[102.0775,-3.553],[102.091,-3.5345],[102.089,-3.533],[102.0865,-3.531],[102.0855,-3.5285]]]},"properties":{"code":"17.03.15.2017","name":"Penyangkak","latitude":-3.539309482756521,"longitude":102.08089056224509}},{"type":"Feature","geometry":{"type":"Polygon","coordinates":[[[102.2135,-3.63],[102.21,-3.62],[102.21,-3.6175],[102.2075,-3.6055],[102.2065,-3.6055],[102.1985,-3.631],[102.198,-3.6315],[102.196,-3.633],[102.196,-3.6345],[102.196,-3.635],[102.1935,-3.6335],[102.1945,-3.6345],[102.192,-3.6355],[102.1895,-3.6375],[102.1995,-3.6475],[102.2135,-3.63]]]},"properties":{"code":"17.03.16.2001","name":"Pasar Bembah","latitude":-3.6291664715858856,"longitude":102.20416033129726}},{"type":"Feature","geometry":{"type":"Polygon","coordinates":[[[102.2065,-3.6055],[102.2045,-3.6025],[102.203,-3.6015],[102.194,-3.6125],[102.19,-3.6275],[102.179,-3.631],[102.1895,-3.6375],[102.192,-3.6355],[102.1945,-3.6345],[102.1935,-3.6335],[102.1955,-3.635],[102.196,-3.6345],[102.196,-3.633],[102.198,-3.6315],[102.1985,-3.631],[102.2065,-3.6055]]]},"properties":{"code":"17.03.16.2002","name":"Tepi Laut","latitude":-3.621661297181385,"longitude":102.19543401190147}},{"type":"Feature","geometry":{"type":"Polygon","coordinates":[[[102.203,-3.6015],[102.201,-3.5995],[102.1995,-3.5955],[102.199,-3.594],[102.1985,-3.5985],[102.188,-3.6185],[102.1765,-3.622],[102.176,-3.623],[102.175,-3.626],[102.1745,-3.6275],[102.179,-3.631],[102.19,-3.6275],[102.194,-3.6125],[102.203,-3.6015]]]},"properties":{"code":"17.03.16.2003","name":"Pasar Kerkap","latitude":-3.6175478116985844,"longitude":102.18819602436936}},{"type":"Feature","geometry":{"type":"Polygon","coordinates":[[[102.201,-3.5915],[102.1975,-3.5905],[102.195,-3.6],[102.189,-3.6035],[102.1865,-3.605],[102.1855,-3.606],[102.1845,-3.608],[102.1685,-3.6235],[102.1745,-3.6275],[102.175,-3.626],[102.176,-3.623],[102.1765,-3.622],[102.188,-3.6185],[102.1985,-3.5985],[102.199,-3.596],[102.199,-3.594],[102.199,-3.593],[102.2015,-3.5925],[102.201,-3.5915]]]},"properties":{"code":"17.03.16.2005","name":"Air Napal","latitude":-3.6115946527598406,"longitude":102.18580290555161}},{"type":"Feature","geometry":{"type":"Polygon","coordinates":[[[102.177,-3.587],[102.174,-3.586],[102.1695,-3.594],[102.1685,-3.598],[102.1625,-3.6055],[102.1615,-3.6095],[102.1565,-3.612],[102.156,-3.613],[102.166,-3.6215],[102.18,-3.596],[102.1805,-3.595],[102.181,-3.595],[102.1825,-3.593],[102.177,-3.587]]]},"properties":{"code":"17.03.16.2006","name":"Talang Kering","latitude":-3.603187771054514,"longitude":102.17021349975909}},{"type":"Feature","geometry":{"type":"Polygon","coordinates":[[[102.1705,-3.592],[102.1575,-3.5875],[102.1455,-3.6],[102.1415,-3.6035],[102.156,-3.613],[102.1565,-3.612],[102.1615,-3.6095],[102.1625,-3.6055],[102.1685,-3.598],[102.1695,-3.594],[102.1705,-3.592]]]},"properties":{"code":"17.03.16.2007","name":"Selubuk","latitude":-3.5990905966657607,"longitude":102.15732682565346}},{"type":"Feature","geometry":{"type":"Polygon","coordinates":[[[102.1575,-3.5875],[102.1455,-3.5815],[102.136,-3.5935],[102.1355,-3.5945],[102.135,-3.5945],[102.1415,-3.6035],[102.1455,-3.6],[102.1575,-3.5875]]]},"properties":{"code":"17.03.16.2008","name":"Pasar Tebat","latitude":-3.5916612216036055,"longitude":102.14561442672239}},{"type":"Feature","geometry":{"type":"Polygon","coordinates":[[[102.1455,-3.5815],[102.1355,-3.5735],[102.134,-3.5755],[102.136,-3.5765],[102.1265,-3.589],[102.135,-3.5945],[102.1355,-3.5945],[102.136,-3.5935],[102.1455,-3.5815]]]},"properties":{"code":"17.03.16.2009","name":"Lubuk Tanjung","latitude":-3.583905412542251,"longitude":102.1371259724086}},{"type":"Feature","geometry":{"type":"MultiPolygon","coordinates":[[[[102.196,-3.635],[102.196,-3.6345],[102.1955,-3.635],[102.196,-3.635]]],[[[102.1635,-3.576],[102.1605,-3.563],[102.1575,-3.5505],[102.148,-3.55],[102.1515,-3.5625],[102.1355,-3.5735],[102.1455,-3.5815],[102.1575,-3.5875],[102.1705,-3.592],[102.174,-3.586],[102.177,-3.587],[102.1735,-3.579],[102.1735,-3.5775],[102.1725,-3.5765],[102.1635,-3.576]]]]},"properties":{"code":"17.03.16.2011","name":"Pukur","latitude":-3.572591568808856,"longitude":102.15623670051725}},{"type":"Feature","geometry":{"type":"Polygon","coordinates":[[[102.1515,-3.5625],[102.148,-3.55],[102.1315,-3.5565],[102.135,-3.563],[102.1135,-3.5815],[102.1265,-3.589],[102.136,-3.5765],[102.134,-3.5755],[102.1355,-3.5735],[102.1515,-3.5625]]]},"properties":{"code":"17.03.16.2014","name":"Pasar Palik","latitude":-3.5698259657834353,"longitude":102.13340729674505}},{"type":"Feature","geometry":{"type":"Polygon","coordinates":[[[102.1135,-3.5815],[102.135,-3.563],[102.1315,-3.5565],[102.103,-3.57],[102.1135,-3.5815]]]},"properties":{"code":"17.03.16.2015","name":"Tebing Kandang","latitude":-3.5681313817990046,"longitude":102.11917596474521}},{"type":"Feature","geometry":{"type":"Polygon","coordinates":[[[102.18,-3.5955],[102.18,-3.596],[102.166,-3.6215],[102.1685,-3.6235],[102.1845,-3.608],[102.185,-3.607],[102.18,-3.5955]]]},"properties":{"code":"17.03.16.2016","name":"Talang Jarang","latitude":-3.60882273117908,"longitude":102.17742261935443}},{"type":"Feature","geometry":{"type":"Polygon","coordinates":[[[102.273,-3.5085],[102.2695,-3.5055],[102.2545,-3.4985],[102.247,-3.4965],[102.2475,-3.4975],[102.2475,-3.4985],[102.2475,-3.499],[102.2475,-3.4995],[102.248,-3.4995],[102.25,-3.502],[102.259,-3.508],[102.2595,-3.519],[102.268,-3.5175],[102.27,-3.515],[102.27,-3.5145],[102.2695,-3.514],[102.2695,-3.513],[102.2715,-3.5095],[102.273,-3.5085]]]},"properties":{"code":"17.03.19.2001","name":"Kota Lekat","latitude":-3.5087393291583417,"longitude":102.26117920997311}},{"type":"Feature","geometry":{"type":"Polygon","coordinates":[[[102.3555,-3.3785],[102.3545,-3.3785],[102.348,-3.376],[102.3555,-3.404],[102.351,-3.4325],[102.3395,-3.454],[102.3245,-3.4725],[102.313,-3.475],[102.3105,-3.486],[102.298,-3.495],[102.2975,-3.495],[102.2945,-3.5005],[102.294,-3.501],[102.293,-3.5015],[102.2885,-3.5095],[102.289,-3.509],[102.295,-3.508],[102.2955,-3.5075],[102.297,-3.5065],[102.298,-3.5055],[102.299,-3.506],[102.3,-3.506],[102.3,-3.5075],[102.3005,-3.507],[102.301,-3.5065],[102.302,-3.5075],[102.3165,-3.501],[102.3235,-3.491],[102.338,-3.4865],[102.3395,-3.4835],[102.339,-3.4745],[102.3475,-3.4555],[102.3565,-3.449],[102.361,-3.436],[102.367,-3.407],[102.3555,-3.3785]]]},"properties":{"code":"17.03.19.2002","name":"Padang Bendar","latitude":-3.4558683237369605,"longitude":102.33618879626198}},{"type":"Feature","geometry":{"type":"Polygon","coordinates":[[[102.294,-3.501],[102.293,-3.4995],[102.2915,-3.4985],[102.2915,-3.4995],[102.2905,-3.501],[102.284,-3.5005],[102.2835,-3.501],[102.2835,-3.503],[102.282,-3.504],[102.286,-3.5105],[102.286,-3.5115],[102.2885,-3.5095],[102.293,-3.5015],[102.294,-3.501]]]},"properties":{"code":"17.03.19.2003","name":"Taba Padang R","latitude":-3.503936448082216,"longitude":102.28764720608882}},{"type":"Feature","geometry":{"type":"Polygon","coordinates":[[[102.288,-3.486],[102.287,-3.4845],[102.285,-3.4905],[102.2845,-3.4925],[102.2845,-3.496],[102.284,-3.4975],[102.285,-3.498],[102.2845,-3.4985],[102.2905,-3.501],[102.2915,-3.4995],[102.2915,-3.4985],[102.292,-3.4975],[102.2925,-3.496],[102.2935,-3.494],[102.288,-3.486]]]},"properties":{"code":"17.03.19.2004","name":"Taba Padang Kol","latitude":-3.4937246757202955,"longitude":102.28849602426843}},{"type":"Feature","geometry":{"type":"Polygon","coordinates":[[[102.287,-3.4845],[102.2865,-3.4845],[102.285,-3.4855],[102.284,-3.4875],[102.283,-3.488],[102.282,-3.488],[102.2815,-3.489],[102.2815,-3.49],[102.2785,-3.493],[102.277,-3.496],[102.2755,-3.5035],[102.275,-3.504],[102.282,-3.504],[102.2835,-3.503],[102.2835,-3.501],[102.284,-3.5005],[102.2845,-3.4985],[102.285,-3.498],[102.284,-3.4975],[102.2845,-3.496],[102.2845,-3.4925],[102.285,-3.4905],[102.287,-3.4845]]]},"properties":{"code":"17.03.19.2005","name":"Air Banai","latitude":-3.4965032566921113,"longitude":102.28111322671408}},{"type":"Feature","geometry":{"type":"Polygon","coordinates":[[[102.348,-3.376],[102.343,-3.3935],[102.341,-3.397],[102.3415,-3.399],[102.342,-3.4],[102.342,-3.401],[102.34,-3.4095],[102.3415,-3.423],[102.341,-3.4365],[102.3325,-3.4505],[102.3115,-3.463],[102.297,-3.4755],[102.2965,-3.476],[102.2955,-3.4775],[102.293,-3.478],[102.2915,-3.4785],[102.2895,-3.4805],[102.2885,-3.483],[102.2865,-3.4845],[102.287,-3.4845],[102.288,-3.486],[102.2955,-3.488],[102.2965,-3.489],[102.299,-3.49],[102.2985,-3.4885],[102.304,-3.478],[102.3185,-3.461],[102.327,-3.4595],[102.3425,-3.4395],[102.351,-3.4325],[102.3555,-3.404],[102.348,-3.376]]]},"properties":{"code":"17.03.19.2006","name":"Batu Raja R","latitude":-3.4308812977083756,"longitude":102.3343067527178}},{"type":"Feature","geometry":{"type":"Polygon","coordinates":[[[102.299,-3.49],[102.2965,-3.489],[102.2955,-3.488],[102.288,-3.486],[102.2935,-3.494],[102.2925,-3.496],[102.292,-3.4975],[102.2915,-3.4985],[102.293,-3.4995],[102.294,-3.501],[102.2945,-3.5005],[102.2975,-3.495],[102.298,-3.494],[102.299,-3.4915],[102.299,-3.49]]]},"properties":{"code":"17.03.19.2007","name":"Batu Raja Kol","latitude":-3.4927555546568034,"longitude":102.29448430392817}},{"type":"Feature","geometry":{"type":"Polygon","coordinates":[[[102.298,-3.495],[102.3105,-3.486],[102.313,-3.475],[102.3245,-3.4725],[102.3395,-3.454],[102.351,-3.4325],[102.3425,-3.4395],[102.327,-3.4595],[102.3185,-3.461],[102.304,-3.478],[102.2985,-3.4885],[102.299,-3.4895],[102.299,-3.4915],[102.298,-3.494],[102.298,-3.495]]]},"properties":{"code":"17.03.19.2008","name":"Batu Layang","latitude":-3.4664129695803543,"longitude":102.3219092427187}},{"type":"Feature","geometry":{"type":"Polygon","coordinates":[[[102.2955,-3.4775],[102.297,-3.4755],[102.3115,-3.463],[102.3325,-3.4505],[102.341,-3.4365],[102.3415,-3.423],[102.34,-3.4095],[102.342,-3.401],[102.342,-3.4],[102.3415,-3.399],[102.341,-3.397],[102.332,-3.4105],[102.332,-3.422],[102.333,-3.4265],[102.333,-3.43],[102.3325,-3.431],[102.331,-3.4325],[102.3315,-3.4335],[102.331,-3.4365],[102.329,-3.4395],[102.328,-3.444],[102.29,-3.472],[102.2955,-3.4775]]]},"properties":{"code":"17.03.19.2009","name":"Batu Roto","latitude":-3.4405636424754893,"longitude":102.32511039509765}},{"type":"Feature","geometry":{"type":"Polygon","coordinates":[[[102.2955,-3.4775],[102.29,-3.472],[102.2815,-3.4865],[102.281,-3.487],[102.2805,-3.4875],[102.28,-3.4895],[102.2815,-3.49],[102.2815,-3.489],[102.282,-3.488],[102.283,-3.488],[102.284,-3.4875],[102.285,-3.4855],[102.2865,-3.4845],[102.2865,-3.484],[102.2885,-3.483],[102.2895,-3.4805],[102.2915,-3.4785],[102.293,-3.478],[102.295,-3.4775],[102.2955,-3.4775]]]},"properties":{"code":"17.03.19.2010","name":"Air Ba'us I","latitude":-3.4806932874497694,"longitude":102.28697773870594}},{"type":"Feature","geometry":{"type":"Polygon","coordinates":[[[102.29,-3.472],[102.2815,-3.471],[102.28,-3.4725],[102.277,-3.4775],[102.281,-3.487],[102.2815,-3.4865],[102.29,-3.472]]]},"properties":{"code":"17.03.19.2011","name":"Air Ba'us II","latitude":-3.478700948432441,"longitude":102.2810603052395}},{"type":"Feature","geometry":{"type":"Polygon","coordinates":[[[102.29,-3.472],[102.328,-3.444],[102.329,-3.4395],[102.331,-3.4365],[102.3315,-3.4335],[102.331,-3.433],[102.321,-3.445],[102.302,-3.4555],[102.2815,-3.46],[102.28,-3.471],[102.2815,-3.471],[102.29,-3.472]]]},"properties":{"code":"17.03.19.2012","name":"Pematang Balam","latitude":-3.4588185245250407,"longitude":102.29938011118618}},{"type":"Feature","geometry":{"type":"Polygon","coordinates":[[[102.343,-3.3935],[102.346,-3.375],[102.334,-3.3755],[102.331,-3.376],[102.3155,-3.4165],[102.3185,-3.426],[102.3105,-3.4345],[102.2855,-3.439],[102.279,-3.4525],[102.2625,-3.4385],[102.2615,-3.44],[102.2575,-3.4445],[102.257,-3.4455],[102.256,-3.446],[102.2555,-3.448],[102.255,-3.451],[102.256,-3.4515],[102.256,-3.4525],[102.2555,-3.456],[102.2555,-3.458],[102.255,-3.46],[102.255,-3.462],[102.2595,-3.471],[102.265,-3.4785],[102.273,-3.486],[102.277,-3.4775],[102.28,-3.4725],[102.28,-3.471],[102.2815,-3.46],[102.302,-3.4555],[102.321,-3.445],[102.331,-3.433],[102.331,-3.4325],[102.3325,-3.431],[102.333,-3.43],[102.333,-3.4265],[102.332,-3.422],[102.332,-3.4105],[102.343,-3.3935]]]},"properties":{"code":"17.03.19.2013","name":"Talang Rendah","latitude":-3.433533314939991,"longitude":102.30241669461336}},{"type":"Feature","geometry":{"type":"Polygon","coordinates":[[[102.331,-3.376],[102.3275,-3.3765],[102.308,-3.373],[102.3055,-3.3715],[102.2685,-3.4255],[102.2685,-3.4265],[102.2665,-3.43],[102.2665,-3.431],[102.263,-3.437],[102.2625,-3.4385],[102.279,-3.4525],[102.2855,-3.439],[102.3105,-3.4345],[102.3185,-3.426],[102.3155,-3.4165],[102.331,-3.376]]]},"properties":{"code":"17.03.19.2014","name":"Sumber Rejo","latitude":-3.4119441942393256,"longitude":102.29792450000863}},{"type":"Feature","geometry":{"type":"Polygon","coordinates":[[[102.273,-3.486],[102.265,-3.4785],[102.2595,-3.471],[102.255,-3.462],[102.255,-3.464],[102.2535,-3.466],[102.2535,-3.4685],[102.2525,-3.47],[102.251,-3.4715],[102.2515,-3.4725],[102.254,-3.481],[102.248,-3.4965],[102.247,-3.4965],[102.2545,-3.4985],[102.2695,-3.5055],[102.273,-3.5085],[102.273,-3.5065],[102.275,-3.5045],[102.275,-3.504],[102.2755,-3.5035],[102.277,-3.496],[102.2785,-3.493],[102.28,-3.4895],[102.2805,-3.4875],[102.273,-3.486]]]},"properties":{"code":"17.03.19.2015","name":"Kota Lekat Mudik","latitude":-3.4888635151825103,"longitude":102.26318951230998}},{"type":"Feature","geometry":{"type":"Polygon","coordinates":[[[102.065,-3.4025],[102.0645,-3.4025],[102.0655,-3.4045],[102.0645,-3.404],[102.0635,-3.405],[102.063,-3.406],[102.0585,-3.4095],[102.0565,-3.409],[102.055,-3.41],[102.052,-3.4115],[102.052,-3.412],[102.0525,-3.4145],[102.0495,-3.419],[102.05,-3.4205],[102.05,-3.421],[102.089,-3.4515],[102.0925,-3.459],[102.092,-3.46],[102.093,-3.4605],[102.0925,-3.4625],[102.092,-3.464],[102.097,-3.4625],[102.1045,-3.458],[102.1075,-3.4335],[102.1015,-3.4265],[102.092,-3.418],[102.065,-3.4025]]]},"properties":{"code":"17.03.20.2001","name":"Padang Kala","latitude":-3.4303475110908823,"longitude":102.0816871136926}},{"type":"Feature","geometry":{"type":"Polygon","coordinates":[[[102.05,-3.421],[102.0475,-3.4215],[102.0465,-3.421],[102.0455,-3.422],[102.0445,-3.423],[102.041,-3.427],[102.0395,-3.4275],[102.0695,-3.4715],[102.0695,-3.4795],[102.072,-3.4805],[102.072,-3.4795],[102.0725,-3.475],[102.0825,-3.476],[102.088,-3.4675],[102.0895,-3.4645],[102.092,-3.464],[102.0925,-3.4625],[102.093,-3.4605],[102.092,-3.46],[102.0925,-3.459],[102.089,-3.4515],[102.05,-3.421]]]},"properties":{"code":"17.03.20.2002","name":"Kembang Manis","latitude":-3.449879222395372,"longitude":102.06836074867391}},{"type":"Feature","geometry":{"type":"Polygon","coordinates":[[[102.132,-3.4595],[102.129,-3.442],[102.1225,-3.431],[102.1075,-3.4335],[102.1045,-3.458],[102.118,-3.4575],[102.1265,-3.4575],[102.131,-3.4595],[102.132,-3.4595]]]},"properties":{"code":"17.03.20.2003","name":"Teluk Ajang","latitude":-3.445122438847677,"longitude":102.11844131648598}},{"type":"Feature","geometry":{"type":"Polygon","coordinates":[[[102.1205,-3.4055],[102.109,-3.4165],[102.109,-3.4175],[102.1085,-3.4265],[102.109,-3.428],[102.108,-3.43],[102.108,-3.432],[102.1075,-3.4335],[102.1225,-3.431],[102.125,-3.4285],[102.128,-3.431],[102.1285,-3.4285],[102.13,-3.428],[102.128,-3.426],[102.1255,-3.409],[102.1205,-3.4055]]]},"properties":{"code":"17.03.20.2004","name":"Balam","latitude":-3.4195699599488156,"longitude":102.11790534802843}},{"type":"Feature","geometry":{"type":"Polygon","coordinates":[[[102.155,-3.4225],[102.153,-3.4105],[102.146,-3.4115],[102.1365,-3.411],[102.1285,-3.4265],[102.13,-3.428],[102.1285,-3.4285],[102.128,-3.431],[102.125,-3.4285],[102.129,-3.442],[102.132,-3.4595],[102.1335,-3.4575],[102.135,-3.4555],[102.1355,-3.4555],[102.137,-3.454],[102.1375,-3.452],[102.1405,-3.4475],[102.157,-3.4265],[102.155,-3.4225]]]},"properties":{"code":"17.03.20.2005","name":"Suka Rami","latitude":-3.4302032425913787,"longitude":102.14019368834441}},{"type":"Feature","geometry":{"type":"Polygon","coordinates":[[[102.0535,-3.4925],[102.0465,-3.4835],[102.037,-3.4455],[102.0335,-3.4465],[102.032,-3.448],[102.0315,-3.4465],[102.0305,-3.4485],[102.03,-3.448],[102.03,-3.4465],[102.03,-3.4485],[102.03,-3.449],[102.029,-3.4485],[102.0285,-3.448],[102.0275,-3.447],[102.0265,-3.449],[102.026,-3.449],[102.026,-3.4505],[102.0405,-3.4795],[102.0445,-3.487],[102.046,-3.4875],[102.0485,-3.49],[102.0495,-3.492],[102.051,-3.492],[102.0515,-3.492],[102.0535,-3.4925]]]},"properties":{"code":"17.03.20.2006","name":"Mesigit","latitude":-3.465509074093793,"longitude":102.03799845542105}},{"type":"Feature","geometry":{"type":"Polygon","coordinates":[[[102.0515,-3.492],[102.051,-3.492],[102.0495,-3.492],[102.0485,-3.49],[102.046,-3.4875],[102.0445,-3.487],[102.0405,-3.4795],[102.026,-3.4505],[102.0245,-3.453],[102.0165,-3.465],[102.029,-3.491],[102.0285,-3.504],[102.0465,-3.5],[102.0515,-3.492]]]},"properties":{"code":"17.03.20.2007","name":"Retes","latitude":-3.4811996316314935,"longitude":102.03275321260902}},{"type":"Feature","geometry":{"type":"Polygon","coordinates":[[[102.0165,-3.465],[102.005,-3.445],[102.0005,-3.452],[102.008,-3.463],[102.007,-3.4795],[102.0155,-3.5005],[102.0165,-3.5035],[102.018,-3.503],[102.019,-3.5045],[102.02,-3.505],[102.0285,-3.504],[102.029,-3.491],[102.0165,-3.465]]]},"properties":{"code":"17.03.20.2008","name":"Lubuk Mumpo","latitude":-3.4797396550123443,"longitude":102.01583263119232}},{"type":"Feature","geometry":{"type":"Polygon","coordinates":[[[102.0395,-3.4275],[102.039,-3.4275],[102.0395,-3.426],[102.038,-3.4255],[102.037,-3.4275],[102.038,-3.4305],[102.038,-3.4315],[102.0365,-3.433],[102.035,-3.435],[102.037,-3.4365],[102.037,-3.4375],[102.0355,-3.438],[102.0355,-3.439],[102.0355,-3.44],[102.034,-3.44],[102.034,-3.441],[102.037,-3.4455],[102.0465,-3.4835],[102.0535,-3.4925],[102.053,-3.4795],[102.059,-3.476],[102.0595,-3.4745],[102.0605,-3.475],[102.064,-3.4735],[102.0695,-3.4795],[102.0695,-3.4715],[102.0395,-3.4275]]]},"properties":{"code":"17.03.20.2009","name":"Talang Ulu","latitude":-3.4596475993817335,"longitude":102.04996068884356}},{"type":"Feature","geometry":{"type":"Polygon","coordinates":[[[102.0695,-3.4795],[102.064,-3.4735],[102.0605,-3.475],[102.0595,-3.4745],[102.059,-3.476],[102.053,-3.4795],[102.0535,-3.4925],[102.0515,-3.492],[102.0465,-3.5],[102.0285,-3.504],[102.0325,-3.525],[102.0365,-3.522],[102.0475,-3.5195],[102.0655,-3.513],[102.0635,-3.4955],[102.0725,-3.481],[102.072,-3.4805],[102.0695,-3.4795]]]},"properties":{"code":"17.03.20.2010","name":"Tanjung Aur","latitude":-3.50095064496935,"longitude":102.05174637467975}},{"type":"Feature","geometry":{"type":"Polygon","coordinates":[[[102.2705,-3.4225],[102.264,-3.4175],[102.26,-3.4205],[102.259,-3.421],[102.259,-3.4235],[102.258,-3.427],[102.257,-3.4285],[102.253,-3.431],[102.248,-3.432],[102.2445,-3.432],[102.244,-3.431],[102.243,-3.4305],[102.243,-3.432],[102.242,-3.433],[102.2425,-3.4335],[102.238,-3.4345],[102.2385,-3.436],[102.2385,-3.437],[102.2385,-3.4375],[102.24,-3.449],[102.2555,-3.447],[102.256,-3.446],[102.257,-3.4455],[102.2575,-3.4445],[102.2615,-3.44],[102.263,-3.437],[102.2665,-3.431],[102.2665,-3.43],[102.2685,-3.4265],[102.2685,-3.4255],[102.2705,-3.4225]]]},"properties":{"code":"17.03.21.1001","name":"Kemumu","latitude":-3.4343750431176443,"longitude":102.25463104567658}},{"type":"Feature","geometry":{"type":"Polygon","coordinates":[[[102.243,-3.4305],[102.2405,-3.4285],[102.24,-3.428],[102.236,-3.427],[102.235,-3.428],[102.2315,-3.428],[102.228,-3.429],[102.2285,-3.433],[102.2285,-3.435],[102.228,-3.436],[102.2285,-3.439],[102.238,-3.4355],[102.238,-3.4345],[102.2425,-3.4335],[102.242,-3.433],[102.243,-3.432],[102.243,-3.4305]]]},"properties":{"code":"17.03.21.2002","name":"Tebing Kaning","latitude":-3.4324208211061813,"longitude":102.2344729673435}},{"type":"Feature","geometry":{"type":"Polygon","coordinates":[[[102.2555,-3.447],[102.24,-3.449],[102.238,-3.451],[102.2365,-3.4585],[102.238,-3.458],[102.243,-3.46],[102.247,-3.463],[102.2535,-3.467],[102.2535,-3.466],[102.255,-3.464],[102.2545,-3.4625],[102.255,-3.46],[102.2555,-3.458],[102.2555,-3.456],[102.256,-3.4525],[102.256,-3.4515],[102.255,-3.451],[102.2555,-3.448],[102.2555,-3.447]]]},"properties":{"code":"17.03.21.2003","name":"Sidodadi","latitude":-3.454608121245933,"longitude":102.24706409525325}},{"type":"Feature","geometry":{"type":"Polygon","coordinates":[[[102.2535,-3.467],[102.247,-3.463],[102.243,-3.46],[102.238,-3.458],[102.236,-3.459],[102.2355,-3.4605],[102.2355,-3.4625],[102.229,-3.472],[102.2275,-3.4735],[102.224,-3.475],[102.223,-3.4765],[102.222,-3.4775],[102.2205,-3.4785],[102.22,-3.4795],[102.2195,-3.4805],[102.2265,-3.4815],[102.2365,-3.481],[102.2455,-3.4665],[102.252,-3.4705],[102.2535,-3.467]]]},"properties":{"code":"17.03.21.2004","name":"Sumber Agung","latitude":-3.4711940221358457,"longitude":102.23622319052843}},{"type":"Feature","geometry":{"type":"Polygon","coordinates":[[[102.252,-3.4705],[102.2455,-3.4665],[102.2365,-3.481],[102.2265,-3.4815],[102.232,-3.502],[102.2465,-3.499],[102.2475,-3.4995],[102.2475,-3.499],[102.2475,-3.4985],[102.2475,-3.4975],[102.247,-3.4965],[102.248,-3.4965],[102.254,-3.481],[102.2515,-3.4725],[102.251,-3.4715],[102.252,-3.4705]]]},"properties":{"code":"17.03.21.2005","name":"Pematang Sapang","latitude":-3.48605355690635,"longitude":102.24125523794656}},{"type":"Feature","geometry":{"type":"Polygon","coordinates":[[[102.2265,-3.4815],[102.2195,-3.4805],[102.2195,-3.4815],[102.2185,-3.4845],[102.216,-3.486],[102.215,-3.4885],[102.2135,-3.491],[102.2125,-3.4915],[102.2115,-3.4915],[102.21,-3.493],[102.2095,-3.496],[102.2075,-3.5075],[102.216,-3.533],[102.217,-3.5335],[102.2225,-3.533],[102.2225,-3.534],[102.2255,-3.5335],[102.2265,-3.5335],[102.237,-3.525],[102.238,-3.5245],[102.2435,-3.52],[102.246,-3.5185],[102.248,-3.516],[102.255,-3.505],[102.25,-3.502],[102.248,-3.4995],[102.2465,-3.499],[102.232,-3.502],[102.2265,-3.4815]]]},"properties":{"code":"17.03.21.2006","name":"Pagar Banyu","latitude":-3.5092125136367547,"longitude":102.22706103593433}},{"type":"Feature","geometry":{"type":"Polygon","coordinates":[[[102.216,-3.486],[102.207,-3.482],[102.196,-3.489],[102.1855,-3.4885],[102.184,-3.4895],[102.1845,-3.5015],[102.187,-3.5015],[102.202,-3.5],[102.203,-3.499],[102.2075,-3.4935],[102.21,-3.493],[102.2115,-3.4915],[102.2125,-3.4915],[102.2135,-3.491],[102.215,-3.4885],[102.216,-3.486]]]},"properties":{"code":"17.03.21.2007","name":"Gardu","latitude":-3.4921049344333857,"longitude":102.19922089533792}},{"type":"Feature","geometry":{"type":"Polygon","coordinates":[[[102.207,-3.482],[102.1995,-3.4695],[102.1795,-3.4825],[102.177,-3.484],[102.168,-3.484],[102.1675,-3.4815],[102.1655,-3.481],[102.164,-3.481],[102.163,-3.4825],[102.161,-3.483],[102.1645,-3.5015],[102.1845,-3.5015],[102.184,-3.4895],[102.1855,-3.4885],[102.196,-3.489],[102.207,-3.482]]]},"properties":{"code":"17.03.21.2008","name":"Kali","latitude":-3.487791600762018,"longitude":102.18177008287645}},{"type":"Feature","geometry":{"type":"Polygon","coordinates":[[[102.1995,-3.4695],[102.1945,-3.4655],[102.19,-3.472],[102.1875,-3.473],[102.184,-3.4755],[102.177,-3.472],[102.1745,-3.471],[102.166,-3.4715],[102.161,-3.483],[102.163,-3.4825],[102.164,-3.481],[102.1655,-3.481],[102.1675,-3.4815],[102.168,-3.484],[102.177,-3.484],[102.1795,-3.4825],[102.1995,-3.4695]]]},"properties":{"code":"17.03.21.2009","name":"Kalai Duai","latitude":-3.476256286815635,"longitude":102.17712374208715}},{"type":"Feature","geometry":{"type":"Polygon","coordinates":[[[102.21,-3.447],[102.2095,-3.446],[102.199,-3.4475],[102.1975,-3.448],[102.1965,-3.4535],[102.1945,-3.4555],[102.193,-3.4565],[102.1935,-3.46],[102.1945,-3.4655],[102.1995,-3.4695],[102.2055,-3.465],[102.209,-3.463],[102.212,-3.4625],[102.2235,-3.4615],[102.21,-3.447]]]},"properties":{"code":"17.03.21.2010","name":"Pagar Ruyung","latitude":-3.4571336900237846,"longitude":102.20520877098903}},{"type":"Feature","geometry":{"type":"MultiPolygon","coordinates":[[[[102.208,-3.4645],[102.2055,-3.465],[102.1995,-3.4695],[102.207,-3.482],[102.216,-3.486],[102.2185,-3.4845],[102.2195,-3.4815],[102.22,-3.4795],[102.2205,-3.4785],[102.223,-3.4765],[102.224,-3.475],[102.208,-3.4645]]],[[[102.1915,-3.4565],[102.1815,-3.4595],[102.178,-3.4625],[102.177,-3.463],[102.176,-3.471],[102.177,-3.472],[102.184,-3.4755],[102.1875,-3.473],[102.19,-3.472],[102.1945,-3.4655],[102.1935,-3.46],[102.1915,-3.4565]]]]},"properties":{"code":"17.03.21.2011","name":"Air Merah","latitude":-3.470865577096098,"longitude":102.19836485590312}},{"type":"Feature","geometry":{"type":"Polygon","coordinates":[[[102.223,-3.4465],[102.2225,-3.4465],[102.221,-3.4465],[102.221,-3.4455],[102.21,-3.447],[102.2235,-3.4615],[102.212,-3.4625],[102.209,-3.463],[102.208,-3.4645],[102.224,-3.475],[102.232,-3.4545],[102.223,-3.4465]]]},"properties":{"code":"17.03.21.2012","name":"Gunung Besar","latitude":-3.459448391610482,"longitude":102.22089054530248}},{"type":"Feature","geometry":{"type":"Polygon","coordinates":[[[102.226,-3.5335],[102.2255,-3.5335],[102.2225,-3.534],[102.2225,-3.533],[102.221,-3.54],[102.22,-3.541],[102.22,-3.5415],[102.219,-3.548],[102.22,-3.552],[102.222,-3.555],[102.226,-3.5655],[102.227,-3.566],[102.2435,-3.581],[102.246,-3.5475],[102.2435,-3.5425],[102.24,-3.5385],[102.2385,-3.539],[102.226,-3.5335]]]},"properties":{"code":"17.03.22.2001","name":"Sengkuang","latitude":-3.5529194665504917,"longitude":102.23412937640683}},{"type":"Feature","geometry":{"type":"Polygon","coordinates":[[[102.2225,-3.533],[102.217,-3.5335],[102.215,-3.5325],[102.2135,-3.534],[102.2115,-3.5405],[102.211,-3.541],[102.2125,-3.5425],[102.2125,-3.544],[102.213,-3.5445],[102.2135,-3.5465],[102.214,-3.546],[102.2145,-3.5455],[102.2195,-3.542],[102.2195,-3.541],[102.221,-3.54],[102.2225,-3.533]]]},"properties":{"code":"17.03.22.2002","name":"Lubuk Pendam","latitude":-3.5380401725913804,"longitude":102.21656236542236}},{"type":"Feature","geometry":{"type":"Polygon","coordinates":[[[102.2205,-3.5525],[102.22,-3.552],[102.219,-3.548],[102.22,-3.5415],[102.22,-3.541],[102.2195,-3.542],[102.2145,-3.5455],[102.214,-3.546],[102.213,-3.5465],[102.216,-3.5515],[102.215,-3.5525],[102.2155,-3.5525],[102.2205,-3.5525]]]},"properties":{"code":"17.03.22.2003","name":"Alun Dua","latitude":-3.547522019813184,"longitude":102.21713938434591}},{"type":"Feature","geometry":{"type":"Polygon","coordinates":[[[102.189,-3.5685],[102.179,-3.544],[102.178,-3.544],[102.1665,-3.551],[102.1755,-3.5665],[102.189,-3.5685]]]},"properties":{"code":"17.03.22.2004","name":"Ketapi","latitude":-3.559047627456572,"longitude":102.17815790307057}},{"type":"Feature","geometry":{"type":"Polygon","coordinates":[[[102.1735,-3.578],[102.1755,-3.5665],[102.1665,-3.551],[102.1635,-3.5585],[102.1625,-3.5595],[102.16,-3.561],[102.1635,-3.576],[102.1725,-3.5765],[102.1735,-3.5775],[102.1735,-3.578]]]},"properties":{"code":"17.03.22.2005","name":"Lubuk Semantung","latitude":-3.56708755784528,"longitude":102.16849141825503}},{"type":"Feature","geometry":{"type":"Polygon","coordinates":[[[102.2075,-3.5825],[102.2015,-3.5655],[102.189,-3.5685],[102.1735,-3.578],[102.1735,-3.579],[102.177,-3.587],[102.2065,-3.5835],[102.2075,-3.5825]]]},"properties":{"code":"17.03.22.2006","name":"Sawang Lebar","latitude":-3.5777617500385386,"longitude":102.19101299165506}},{"type":"Feature","geometry":{"type":"Polygon","coordinates":[[[102.204,-3.589],[102.207,-3.584],[102.2065,-3.5835],[102.177,-3.587],[102.1825,-3.593],[102.181,-3.595],[102.1805,-3.595],[102.18,-3.5955],[102.185,-3.607],[102.1855,-3.606],[102.1865,-3.605],[102.189,-3.6035],[102.195,-3.6],[102.1975,-3.5905],[102.201,-3.5915],[102.201,-3.591],[102.202,-3.591],[102.2015,-3.59],[102.204,-3.589]]]},"properties":{"code":"17.03.22.2007","name":"Sawang Lebar Ilir","latitude":-3.592645122915772,"longitude":102.1917903702722}},{"type":"Feature","geometry":{"type":"Polygon","coordinates":[[[102.197,-3.5475],[102.193,-3.5415],[102.1905,-3.5385],[102.1895,-3.5395],[102.185,-3.5425],[102.1825,-3.543],[102.179,-3.544],[102.189,-3.5685],[102.2015,-3.5655],[102.2075,-3.5825],[102.208,-3.5825],[102.224,-3.5675],[102.2245,-3.5665],[102.226,-3.5655],[102.222,-3.555],[102.2205,-3.5525],[102.2155,-3.5525],[102.215,-3.5525],[102.2145,-3.554],[102.198,-3.5585],[102.197,-3.5475]]]},"properties":{"code":"17.03.22.2008","name":"Lubuk Gading","latitude":-3.559773911063662,"longitude":102.20251432278292}},{"type":"Feature","geometry":{"type":"Polygon","coordinates":[[[102.2135,-3.5465],[102.213,-3.5445],[102.2125,-3.544],[102.2125,-3.5425],[102.211,-3.541],[102.2105,-3.542],[102.2015,-3.5485],[102.197,-3.5475],[102.198,-3.5585],[102.2145,-3.554],[102.216,-3.5515],[102.213,-3.5465],[102.2135,-3.5465]]]},"properties":{"code":"17.03.22.2009","name":"Tanjung Agung","latitude":-3.5508828612236134,"longitude":102.20529754354459}},{"type":"Feature","geometry":{"type":"Polygon","coordinates":[[[102.2145,-3.533],[102.2075,-3.526],[102.193,-3.5275],[102.1925,-3.5345],[102.1905,-3.538],[102.193,-3.5415],[102.197,-3.5475],[102.2015,-3.5485],[102.2105,-3.542],[102.2115,-3.5405],[102.2135,-3.534],[102.2145,-3.533]]]},"properties":{"code":"17.03.22.2010","name":"Padang Sepan","latitude":-3.5358450136852486,"longitude":102.20204751786274}},{"type":"Feature","geometry":{"type":"Polygon","coordinates":[[[101.828,-3.217],[101.82,-3.2145],[101.813,-3.217],[101.812,-3.2165],[101.7935,-3.24],[101.794,-3.2425],[101.793,-3.2425],[101.795,-3.2445],[101.795,-3.246],[101.8105,-3.247],[101.8315,-3.23],[101.828,-3.217]]]},"properties":{"code":"17.03.23.2001","name":"Air Lelangi","latitude":-3.231475902292213,"longitude":101.81462574773128}},{"type":"Feature","geometry":{"type":"Polygon","coordinates":[[[101.8415,-3.191],[101.831,-3.1905],[101.822,-3.197],[101.82,-3.2145],[101.828,-3.217],[101.843,-3.2125],[101.845,-3.208],[101.8455,-3.203],[101.8415,-3.191]]]},"properties":{"code":"17.03.23.2002","name":"Bukit Berlian","latitude":-3.203872843795339,"longitude":101.8321106399111}},{"type":"Feature","geometry":{"type":"Polygon","coordinates":[[[101.7975,-3.1105],[101.795,-3.109],[101.788,-3.1035],[101.781,-3.1],[101.78,-3.1025],[101.771,-3.124],[101.764,-3.146],[101.774,-3.156],[101.7725,-3.169],[101.772,-3.1705],[101.7675,-3.1745],[101.7665,-3.176],[101.7665,-3.1785],[101.768,-3.179],[101.766,-3.1795],[101.7655,-3.179],[101.7555,-3.176],[101.755,-3.1765],[101.755,-3.177],[101.758,-3.179],[101.757,-3.1865],[101.7595,-3.208],[101.7655,-3.2245],[101.779,-3.2245],[101.7835,-3.217],[101.8065,-3.215],[101.813,-3.217],[101.82,-3.2145],[101.822,-3.197],[101.831,-3.1905],[101.83,-3.1625],[101.831,-3.1585],[101.8275,-3.152],[101.8025,-3.152],[101.801,-3.13],[101.797,-3.123],[101.7975,-3.1105]]]},"properties":{"code":"17.03.23.2003","name":"Tanjung Dalam","latitude":-3.1720217397737303,"longitude":101.7918881647082}},{"type":"Feature","geometry":{"type":"Polygon","coordinates":[[[101.843,-3.162],[101.8385,-3.1585],[101.831,-3.159],[101.83,-3.1625],[101.831,-3.1905],[101.8415,-3.191],[101.859,-3.1755],[101.8535,-3.1725],[101.8525,-3.169],[101.843,-3.162]]]},"properties":{"code":"17.03.23.2004","name":"Bukit Sari","latitude":-3.1751712051054057,"longitude":101.84113341230184}},{"type":"Feature","geometry":{"type":"Polygon","coordinates":[[[101.758,-3.1945],[101.7575,-3.1945],[101.757,-3.1955],[101.758,-3.1985],[101.757,-3.1995],[101.755,-3.203],[101.7545,-3.2045],[101.7535,-3.2045],[101.7505,-3.207],[101.7495,-3.207],[101.7415,-3.206],[101.741,-3.204],[101.734,-3.205],[101.733,-3.206],[101.732,-3.2065],[101.7325,-3.2075],[101.739,-3.223],[101.749,-3.228],[101.7455,-3.23],[101.7455,-3.2305],[101.7505,-3.2365],[101.749,-3.237],[101.7475,-3.2375],[101.75,-3.243],[101.7495,-3.2455],[101.7535,-3.247],[101.7555,-3.247],[101.7565,-3.2485],[101.7575,-3.2515],[101.758,-3.252],[101.767,-3.254],[101.7675,-3.254],[101.769,-3.2535],[101.7705,-3.2595],[101.7715,-3.2615],[101.7745,-3.2615],[101.7755,-3.262],[101.7765,-3.262],[101.777,-3.2625],[101.778,-3.2615],[101.776,-3.2615],[101.775,-3.26],[101.777,-3.26],[101.777,-3.257],[101.7775,-3.256],[101.778,-3.2555],[101.7795,-3.2535],[101.7865,-3.25],[101.7885,-3.249],[101.7935,-3.2465],[101.795,-3.2445],[101.793,-3.2425],[101.794,-3.2425],[101.7935,-3.24],[101.812,-3.2165],[101.8065,-3.215],[101.7835,-3.217],[101.779,-3.2245],[101.7655,-3.2245],[101.7595,-3.208],[101.758,-3.1945]]]},"properties":{"code":"17.03.23.2005","name":"Pagardin","latitude":-3.230451151446664,"longitude":101.77197951755217}},{"type":"Feature","geometry":{"type":"Polygon","coordinates":[[[101.836,-3.1205],[101.834,-3.1205],[101.831,-3.1195],[101.8265,-3.1205],[101.8265,-3.121],[101.827,-3.1215],[101.824,-3.129],[101.8265,-3.131],[101.827,-3.1335],[101.8275,-3.1375],[101.8275,-3.1405],[101.8275,-3.152],[101.831,-3.1585],[101.831,-3.159],[101.8385,-3.1585],[101.843,-3.162],[101.843,-3.1565],[101.8505,-3.1505],[101.836,-3.1205]]]},"properties":{"code":"17.03.23.2006","name":"Tanjung Harapan","latitude":-3.14104888921806,"longitude":101.83585243584153}},{"type":"Feature","geometry":{"type":"Polygon","coordinates":[[[101.826,-3.1305],[101.8235,-3.1315],[101.8185,-3.1295],[101.811,-3.129],[101.8005,-3.0955],[101.8015,-3.094],[101.803,-3.094],[101.804,-3.0925],[101.7975,-3.095],[101.797,-3.123],[101.801,-3.13],[101.8025,-3.152],[101.8275,-3.152],[101.8275,-3.1405],[101.8275,-3.1375],[101.827,-3.1335],[101.8265,-3.131],[101.826,-3.1305]]]},"properties":{"code":"17.03.23.2007","name":"Tanjung Sari","latitude":-3.132512092788042,"longitude":101.81007939326956}},{"type":"Feature","geometry":{"type":"Polygon","coordinates":[[[101.8295,-3.1195],[101.8275,-3.116],[101.8265,-3.1135],[101.8275,-3.1105],[101.8285,-3.11],[101.829,-3.1095],[101.827,-3.107],[101.827,-3.1065],[101.8275,-3.1055],[101.8255,-3.106],[101.826,-3.105],[101.8265,-3.103],[101.827,-3.1015],[101.828,-3.0995],[101.826,-3.099],[101.8225,-3.096],[101.821,-3.094],[101.812,-3.0885],[101.81,-3.087],[101.808,-3.09],[101.8075,-3.0905],[101.807,-3.0905],[101.806,-3.0905],[101.803,-3.094],[101.8015,-3.094],[101.8005,-3.0955],[101.811,-3.129],[101.8185,-3.1295],[101.8235,-3.1315],[101.826,-3.1305],[101.824,-3.129],[101.827,-3.1215],[101.8265,-3.121],[101.8265,-3.1205],[101.8295,-3.1195]]]},"properties":{"code":"17.03.23.2008","name":"Bangun Karya","latitude":-3.1093680550621268,"longitude":101.81544943202934}},{"type":"Feature","geometry":{"type":"Polygon","coordinates":[[[101.8525,-3.239],[101.8505,-3.238],[101.8315,-3.23],[101.8285,-3.2705],[101.839,-3.269],[101.8425,-3.272],[101.8655,-3.266],[101.8525,-3.239]]]},"properties":{"code":"17.03.23.2009","name":"Pondok Bakil","latitude":-3.2535910833169153,"longitude":101.84337612032206}},{"type":"Feature","geometry":{"type":"Polygon","coordinates":[[[101.869,-3.242],[101.868,-3.237],[101.8645,-3.236],[101.8555,-3.24],[101.8525,-3.239],[101.8655,-3.266],[101.8865,-3.2705],[101.8855,-3.2665],[101.869,-3.242]]]},"properties":{"code":"17.03.23.2010","name":"Talang Berantai","latitude":-3.253714619553232,"longitude":101.86947481304932}},{"type":"Feature","geometry":{"type":"Polygon","coordinates":[[[102.1405,-3.194],[102.1035,-3.1955],[102.082,-3.193],[102.071,-3.2015],[102.0625,-3.2005],[102.043,-3.219],[102.001,-3.232],[101.988,-3.2485],[101.964,-3.2525],[101.965,-3.252],[101.9655,-3.2515],[101.9645,-3.25],[101.9625,-3.2475],[101.959,-3.2465],[101.953,-3.2485],[101.952,-3.2485],[101.951,-3.2495],[101.951,-3.2505],[101.9515,-3.2525],[101.9515,-3.2585],[101.952,-3.2615],[101.9485,-3.265],[101.9475,-3.2655],[101.9455,-3.2665],[101.946,-3.265],[101.9305,-3.2725],[101.92,-3.2845],[101.9205,-3.2875],[101.9185,-3.287],[101.918,-3.2885],[101.916,-3.2895],[101.917,-3.2905],[101.916,-3.2905],[101.9165,-3.2915],[101.917,-3.2915],[101.9175,-3.291],[101.919,-3.2895],[101.9185,-3.2915],[101.9175,-3.292],[101.9175,-3.293],[101.945,-3.305],[101.9395,-3.3145],[101.947,-3.329],[101.9475,-3.348],[101.9515,-3.362],[101.9345,-3.387],[101.9345,-3.3885],[101.9175,-3.3865],[101.914,-3.3945],[101.914,-3.396],[101.9155,-3.41],[101.9235,-3.411],[101.926,-3.4105],[101.9265,-3.412],[101.9265,-3.4075],[101.927,-3.407],[101.931,-3.4075],[101.931,-3.406],[101.9315,-3.4055],[101.933,-3.4055],[101.9335,-3.4045],[101.936,-3.4045],[101.9415,-3.403],[101.942,-3.401],[101.9455,-3.4015],[101.9485,-3.4],[101.9555,-3.3975],[101.956,-3.396],[101.955,-3.3935],[101.958,-3.3925],[101.9605,-3.3875],[101.961,-3.3875],[101.963,-3.3865],[101.962,-3.385],[101.963,-3.3835],[101.965,-3.3825],[101.965,-3.38],[101.9655,-3.3735],[101.967,-3.369],[101.9655,-3.367],[101.96,-3.364],[101.9595,-3.356],[101.9605,-3.354],[101.9615,-3.351],[101.961,-3.3505],[101.97,-3.346],[101.9725,-3.341],[101.9725,-3.3385],[101.9675,-3.3365],[101.967,-3.335],[101.9915,-3.321],[101.9905,-3.3175],[101.9905,-3.317],[101.9935,-3.318],[101.996,-3.3185],[101.996,-3.316],[101.996,-3.3155],[101.999,-3.3115],[102,-3.3085],[101.9985,-3.3065],[101.997,-3.305],[101.9955,-3.3055],[101.997,-3.303],[102.0045,-3.2935],[102.017,-3.2915],[102.018,-3.2905],[102.023,-3.274],[102.025,-3.273],[102.0255,-3.2735],[102.0255,-3.2725],[102.028,-3.2725],[102.0285,-3.273],[102.0305,-3.2725],[102.0325,-3.271],[102.0385,-3.2625],[102.041,-3.2605],[102.0425,-3.2575],[102.0445,-3.2575],[102.081,-3.25],[102.0875,-3.2415],[102.098,-3.2405],[102.11,-3.2195],[102.1105,-3.219],[102.123,-3.216],[102.1275,-3.2095],[102.129,-3.208],[102.13,-3.207],[102.133,-3.2045],[102.135,-3.203],[102.139,-3.1985],[102.1415,-3.1975],[102.141,-3.1945],[102.1405,-3.194]]]},"properties":{"code":"17.03.24.2001","name":"Air Sebayur","latitude":-3.2746762761648873,"longitude":102.00693612223029}},{"type":"Feature","geometry":{"type":"Polygon","coordinates":[[[101.914,-3.3945],[101.9175,-3.3865],[101.9345,-3.3885],[101.9345,-3.387],[101.9515,-3.362],[101.9475,-3.348],[101.947,-3.329],[101.9395,-3.3145],[101.945,-3.305],[101.9175,-3.293],[101.9175,-3.294],[101.915,-3.303],[101.9205,-3.313],[101.9145,-3.3355],[101.9085,-3.343],[101.906,-3.344],[101.9035,-3.342],[101.9025,-3.3445],[101.8975,-3.3485],[101.8995,-3.351],[101.9,-3.353],[101.9005,-3.3535],[101.9065,-3.3705],[101.9035,-3.377],[101.903,-3.378],[101.9045,-3.38],[101.905,-3.3815],[101.91,-3.391],[101.914,-3.3945]]]},"properties":{"code":"17.03.24.2002","name":"Air Sekamanak","latitude":-3.3474993290623307,"longitude":101.92681896822305}},{"type":"Feature","geometry":{"type":"Polygon","coordinates":[[[101.9035,-3.3775],[101.8925,-3.376],[101.891,-3.3755],[101.8865,-3.387],[101.8715,-3.3875],[101.874,-3.3985],[101.885,-3.406],[101.883,-3.407],[101.8895,-3.409],[101.899,-3.4145],[101.9025,-3.4225],[101.9135,-3.416],[101.9165,-3.4155],[101.9165,-3.4145],[101.916,-3.414],[101.9135,-3.4125],[101.914,-3.4115],[101.9155,-3.4125],[101.9225,-3.4125],[101.9235,-3.411],[101.9155,-3.41],[101.914,-3.396],[101.91,-3.391],[101.905,-3.3815],[101.9045,-3.38],[101.903,-3.378],[101.9035,-3.3775]]]},"properties":{"code":"17.03.24.2003","name":"Air Simpang","latitude":-3.398212752400844,"longitude":101.89718794514448}},{"type":"Feature","geometry":{"type":"Polygon","coordinates":[[[101.87,-3.344],[101.86,-3.354],[101.8515,-3.3635],[101.8555,-3.3645],[101.8555,-3.362],[101.857,-3.3625],[101.857,-3.371],[101.8695,-3.3805],[101.8715,-3.3875],[101.8865,-3.387],[101.891,-3.3755],[101.8925,-3.376],[101.9035,-3.3775],[101.9035,-3.377],[101.9065,-3.3705],[101.9005,-3.3535],[101.879,-3.349],[101.87,-3.344]]]},"properties":{"code":"17.03.24.2004","name":"Bukit Makmur","latitude":-3.3657615722505962,"longitude":101.8795974418353}},{"type":"Feature","geometry":{"type":"Polygon","coordinates":[[[101.9175,-3.293],[101.893,-3.289],[101.893,-3.2905],[101.894,-3.293],[101.8915,-3.295],[101.886,-3.312],[101.8835,-3.3175],[101.875,-3.326],[101.8745,-3.3275],[101.873,-3.3335],[101.872,-3.3375],[101.87,-3.344],[101.879,-3.349],[101.9005,-3.3535],[101.9,-3.353],[101.8995,-3.351],[101.8975,-3.3485],[101.9025,-3.3445],[101.9035,-3.342],[101.906,-3.344],[101.9085,-3.343],[101.9145,-3.3355],[101.9205,-3.313],[101.915,-3.303],[101.9175,-3.294],[101.9175,-3.293]]]},"properties":{"code":"17.03.24.2005","name":"Marga Bhakti","latitude":-3.322224426160381,"longitude":101.89732385127442}},{"type":"Feature","geometry":{"type":"Polygon","coordinates":[[[101.885,-3.314],[101.8625,-3.3035],[101.8565,-3.295],[101.8555,-3.292],[101.8525,-3.293],[101.834,-3.303],[101.8305,-3.3115],[101.831,-3.3175],[101.8325,-3.3195],[101.8355,-3.322],[101.875,-3.3265],[101.875,-3.326],[101.8835,-3.3175],[101.885,-3.314]]]},"properties":{"code":"17.03.24.2006","name":"Bumi Harjo","latitude":-3.3123067485005144,"longitude":101.85555056924531}},{"type":"Feature","geometry":{"type":"Polygon","coordinates":[[[101.8865,-3.2705],[101.87,-3.267],[101.872,-3.27],[101.8725,-3.272],[101.873,-3.276],[101.8555,-3.2915],[101.8565,-3.295],[101.8625,-3.3035],[101.885,-3.314],[101.886,-3.312],[101.8915,-3.295],[101.894,-3.293],[101.893,-3.2905],[101.8925,-3.287],[101.89,-3.286],[101.8865,-3.2705]]]},"properties":{"code":"17.03.24.2007","name":"Sumber Mulya","latitude":-3.291204660981615,"longitude":101.87653880607868}},{"type":"Feature","geometry":{"type":"Polygon","coordinates":[[[101.87,-3.267],[101.8655,-3.266],[101.8425,-3.272],[101.839,-3.269],[101.835,-3.2695],[101.8475,-3.2825],[101.8525,-3.293],[101.8555,-3.292],[101.8555,-3.2915],[101.873,-3.276],[101.8725,-3.272],[101.872,-3.27],[101.87,-3.267]]]},"properties":{"code":"17.03.24.2008","name":"Gunung Payung","latitude":-3.2768659152108013,"longitude":101.85667534680141}},{"type":"Feature","geometry":{"type":"Polygon","coordinates":[[[102.129,-3.1745],[102.113,-3.17],[102.094,-3.182],[102.0815,-3.1865],[102.0655,-3.1825],[102.058,-3.1855],[102.034,-3.182],[102.0305,-3.1825],[102.0175,-3.18],[101.994,-3.187],[101.9865,-3.194],[101.9855,-3.193],[101.983,-3.1935],[101.982,-3.193],[101.983,-3.191],[101.981,-3.191],[101.98,-3.192],[101.979,-3.1925],[101.9785,-3.1915],[101.9775,-3.192],[101.9765,-3.194],[101.9645,-3.193],[101.964,-3.195],[101.9585,-3.201],[101.957,-3.2015],[101.956,-3.2015],[101.952,-3.2005],[101.9515,-3.2065],[101.95,-3.2085],[101.949,-3.2095],[101.948,-3.212],[101.9475,-3.213],[101.942,-3.2275],[101.942,-3.229],[101.9425,-3.2305],[101.939,-3.229],[101.939,-3.228],[101.9365,-3.2285],[101.9265,-3.23],[101.9245,-3.2305],[101.9085,-3.2405],[101.894,-3.242],[101.8925,-3.2425],[101.8895,-3.242],[101.8885,-3.242],[101.8825,-3.245],[101.8785,-3.2445],[101.8765,-3.2425],[101.869,-3.242],[101.8855,-3.2665],[101.89,-3.286],[101.8925,-3.287],[101.893,-3.289],[101.9175,-3.293],[101.9175,-3.292],[101.9185,-3.2915],[101.919,-3.2895],[101.918,-3.29],[101.917,-3.2915],[101.9165,-3.2915],[101.916,-3.291],[101.916,-3.2905],[101.917,-3.2905],[101.916,-3.2895],[101.918,-3.2885],[101.9185,-3.287],[101.9205,-3.2875],[101.92,-3.2845],[101.9305,-3.2725],[101.946,-3.265],[101.9455,-3.2665],[101.9475,-3.2655],[101.9485,-3.265],[101.952,-3.2615],[101.9515,-3.2585],[101.9515,-3.2525],[101.951,-3.2505],[101.951,-3.2495],[101.952,-3.2485],[101.953,-3.2485],[101.959,-3.2465],[101.9625,-3.2475],[101.9645,-3.25],[101.9655,-3.2515],[101.965,-3.252],[101.964,-3.2525],[101.988,-3.2485],[102.001,-3.232],[102.043,-3.219],[102.0625,-3.2005],[102.071,-3.2015],[102.082,-3.193],[102.1035,-3.1955],[102.1405,-3.194],[102.135,-3.187],[102.129,-3.1745]]]},"properties":{"code":"17.03.24.2009","name":"Bukit Harapan","latitude":-3.2239330661152485,"longitude":101.98530619844998}},{"type":"Feature","geometry":{"type":"Polygon","coordinates":[[[101.948,-3.212],[101.921,-3.2045],[101.913,-3.1985],[101.9115,-3.1995],[101.907,-3.207],[101.903,-3.2075],[101.9015,-3.207],[101.9,-3.208],[101.8985,-3.2085],[101.897,-3.219],[101.895,-3.2215],[101.875,-3.2215],[101.87,-3.2255],[101.8665,-3.227],[101.8645,-3.2295],[101.864,-3.2355],[101.8645,-3.236],[101.868,-3.237],[101.869,-3.242],[101.8765,-3.2425],[101.8785,-3.2445],[101.8825,-3.245],[101.8885,-3.242],[101.8895,-3.242],[101.8925,-3.2425],[101.894,-3.242],[101.9085,-3.2405],[101.9245,-3.2305],[101.9265,-3.23],[101.9365,-3.2285],[101.939,-3.228],[101.939,-3.229],[101.9425,-3.2305],[101.942,-3.229],[101.942,-3.2275],[101.9475,-3.213],[101.948,-3.212]]]},"properties":{"code":"17.03.24.2010","name":"Tanjung Muara","latitude":-3.2238336439290096,"longitude":101.9080677446906}},{"type":"Feature","geometry":{"type":"Polygon","coordinates":[[[101.764,-3.146],[101.7565,-3.1385],[101.744,-3.1375],[101.741,-3.146],[101.74,-3.1485],[101.7385,-3.151],[101.738,-3.1515],[101.7365,-3.1695],[101.7655,-3.179],[101.766,-3.1795],[101.768,-3.179],[101.7665,-3.1785],[101.7665,-3.176],[101.7675,-3.1745],[101.772,-3.1705],[101.7725,-3.169],[101.774,-3.156],[101.764,-3.146]]]},"properties":{"code":"17.03.25.2001","name":"Air Putih","latitude":-3.158434410509537,"longitude":101.754300660549}},{"type":"Feature","geometry":{"type":"Polygon","coordinates":[[[101.747,-3.173],[101.7365,-3.1695],[101.738,-3.1515],[101.7365,-3.1535],[101.7335,-3.156],[101.727,-3.1585],[101.717,-3.172],[101.715,-3.174],[101.723,-3.1795],[101.724,-3.1875],[101.7255,-3.1935],[101.726,-3.1945],[101.7265,-3.1935],[101.7275,-3.1925],[101.7305,-3.188],[101.7325,-3.1835],[101.742,-3.1755],[101.743,-3.175],[101.744,-3.1745],[101.7445,-3.174],[101.747,-3.173]]]},"properties":{"code":"17.03.25.2002","name":"Suka Makmur","latitude":-3.1722818962584314,"longitude":101.72968648133066}},{"type":"Feature","geometry":{"type":"Polygon","coordinates":[[[101.715,-3.174],[101.7145,-3.176],[101.713,-3.177],[101.711,-3.1765],[101.7095,-3.176],[101.709,-3.178],[101.703,-3.185],[101.723,-3.198],[101.724,-3.1985],[101.726,-3.1945],[101.7255,-3.1935],[101.724,-3.1875],[101.723,-3.1795],[101.715,-3.174]]]},"properties":{"code":"17.03.25.2003","name":"Karya Pelita","latitude":-3.1857375448426644,"longitude":101.71584793005526}},{"type":"Feature","geometry":{"type":"MultiPolygon","coordinates":[[[[101.732,-3.1335],[101.731,-3.133],[101.718,-3.1515],[101.72,-3.1585],[101.7205,-3.159],[101.721,-3.1585],[101.733,-3.156],[101.7295,-3.1365],[101.73,-3.136],[101.732,-3.135],[101.7335,-3.134],[101.732,-3.1335]]],[[[101.775,-3.0875],[101.7585,-3.094],[101.7435,-3.085],[101.738,-3.0725],[101.734,-3.0395],[101.7255,-3.036],[101.7175,-3.0445],[101.7005,-3.045],[101.699,-3.05],[101.6965,-3.0535],[101.7175,-3.078],[101.736,-3.1065],[101.7465,-3.109],[101.7735,-3.096],[101.788,-3.1035],[101.795,-3.109],[101.7975,-3.1105],[101.7975,-3.095],[101.804,-3.0925],[101.806,-3.0905],[101.807,-3.0905],[101.8075,-3.0905],[101.8105,-3.069],[101.806,-3.0735],[101.8005,-3.0755],[101.799,-3.0785],[101.789,-3.0815],[101.7855,-3.086],[101.7845,-3.087],[101.783,-3.0885],[101.7775,-3.088],[101.775,-3.0875]]]]},"properties":{"code":"17.03.25.2004","name":"Suka Maju","latitude":-3.0840630586887974,"longitude":101.74422533591193}},{"type":"Feature","geometry":{"type":"MultiPolygon","coordinates":[[[[101.758,-3.1945],[101.757,-3.1865],[101.758,-3.179],[101.755,-3.177],[101.755,-3.1765],[101.7555,-3.176],[101.747,-3.173],[101.7445,-3.174],[101.744,-3.1745],[101.743,-3.175],[101.742,-3.1755],[101.7325,-3.1835],[101.7305,-3.188],[101.7275,-3.1925],[101.7265,-3.1935],[101.724,-3.1985],[101.7405,-3.2025],[101.741,-3.2035],[101.7415,-3.206],[101.7495,-3.207],[101.7505,-3.207],[101.7535,-3.2045],[101.7545,-3.2045],[101.755,-3.203],[101.757,-3.1995],[101.758,-3.1985],[101.757,-3.1955],[101.7575,-3.1945],[101.758,-3.1945]]],[[[101.733,-3.156],[101.7335,-3.156],[101.7365,-3.1535],[101.7385,-3.151],[101.74,-3.1485],[101.741,-3.146],[101.744,-3.1375],[101.7565,-3.1385],[101.764,-3.146],[101.771,-3.124],[101.78,-3.1025],[101.781,-3.1],[101.7735,-3.096],[101.7465,-3.109],[101.736,-3.1065],[101.7175,-3.078],[101.6965,-3.0535],[101.692,-3.077],[101.668,-3.1225],[101.6765,-3.1395],[101.6925,-3.1515],[101.7025,-3.163],[101.7045,-3.1745],[101.7055,-3.1755],[101.7075,-3.1755],[101.7085,-3.1755],[101.711,-3.1765],[101.713,-3.177],[101.7145,-3.176],[101.715,-3.174],[101.717,-3.172],[101.727,-3.1585],[101.733,-3.156],[101.721,-3.1585],[101.7205,-3.159],[101.72,-3.1585],[101.718,-3.1515],[101.731,-3.133],[101.732,-3.1335],[101.7335,-3.134],[101.732,-3.135],[101.73,-3.136],[101.7295,-3.1365],[101.733,-3.156]]],[[[101.8685,-2.729],[101.8645,-2.729],[101.8635,-2.729],[101.86,-2.7305],[101.858,-2.745],[101.8635,-2.767],[101.866,-2.7895],[101.8445,-2.834],[101.8365,-2.8475],[101.8065,-2.884],[101.8075,-2.906],[101.811,-2.92],[101.801,-2.935],[101.792,-2.932],[101.783,-2.954],[101.7845,-2.965],[101.792,-2.979],[101.788,-2.9855],[101.7615,-2.982],[101.7545,-2.9955],[101.7465,-3.0005],[101.7255,-3.036],[101.734,-3.0395],[101.738,-3.0725],[101.7435,-3.085],[101.7585,-3.094],[101.775,-3.0875],[101.7775,-3.088],[101.783,-3.0885],[101.7845,-3.087],[101.7855,-3.086],[101.789,-3.0815],[101.799,-3.0785],[101.8005,-3.0755],[101.806,-3.0735],[101.8105,-3.069],[101.813,-3.0665],[101.818,-3.0615],[101.8195,-3.0595],[101.825,-3.032],[101.8235,-3.019],[101.8225,-3.017],[101.829,-3],[101.8265,-2.989],[101.8425,-2.9795],[101.858,-2.9575],[101.872,-2.9485],[101.8655,-2.939],[101.8655,-2.9365],[101.872,-2.929],[101.8715,-2.918],[101.871,-2.9165],[101.8765,-2.9095],[101.8845,-2.893],[101.8935,-2.8855],[101.897,-2.883],[101.9295,-2.87],[101.9325,-2.8635],[101.947,-2.855],[101.971,-2.8615],[102.0065,-2.8685],[102.017,-2.862],[102.018,-2.8575],[102.0195,-2.8565],[102.0195,-2.856],[102,-2.8405],[101.99,-2.844],[101.983,-2.8325],[101.974,-2.831],[101.9565,-2.808],[101.9415,-2.7815],[101.9265,-2.7705],[101.9225,-2.7415],[101.922,-2.74],[101.919,-2.7365],[101.919,-2.7355],[101.9185,-2.736],[101.9065,-2.7405],[101.8915,-2.7325],[101.8795,-2.7355],[101.8685,-2.729]]]]},"properties":{"code":"17.03.25.2005","name":"Suka Baru","latitude":-2.944230035939143,"longitude":101.82947796687894}},{"type":"Feature","geometry":{"type":"Polygon","coordinates":[[[101.6965,-3.0535],[101.695,-3.056],[101.693,-3.062],[101.676,-3.0705],[101.649,-3.0685],[101.635,-3.074],[101.628,-3.0775],[101.629,-3.082],[101.629,-3.096],[101.6315,-3.112],[101.7145,-3.2105],[101.724,-3.2185],[101.739,-3.223],[101.7325,-3.2075],[101.732,-3.2065],[101.733,-3.206],[101.734,-3.205],[101.741,-3.204],[101.741,-3.2035],[101.7405,-3.2025],[101.723,-3.198],[101.703,-3.185],[101.709,-3.178],[101.7095,-3.176],[101.7075,-3.1755],[101.7055,-3.1755],[101.7045,-3.1745],[101.7025,-3.163],[101.6925,-3.1515],[101.6765,-3.1395],[101.668,-3.1225],[101.692,-3.077],[101.6965,-3.0535]]]},"properties":{"code":"17.03.25.2006","name":"Suka Merindu","latitude":-3.1260091612248018,"longitude":101.67267975679165}},{"type":"Feature","geometry":{"type":"Polygon","coordinates":[[[101.7145,-3.2105],[101.6315,-3.112],[101.629,-3.096],[101.629,-3.082],[101.628,-3.0775],[101.627,-3.078],[101.621,-3.0835],[101.6195,-3.0865],[101.61,-3.106],[101.652,-3.156],[101.6505,-3.174],[101.654,-3.173],[101.662,-3.1745],[101.674,-3.1965],[101.684,-3.1965],[101.6865,-3.206],[101.687,-3.2055],[101.688,-3.206],[101.6895,-3.207],[101.691,-3.2075],[101.6925,-3.2075],[101.7015,-3.2105],[101.703,-3.212],[101.708,-3.2125],[101.7135,-3.211],[101.7145,-3.2105]]]},"properties":{"code":"17.03.25.2007","name":"Suka Medan","latitude":-3.154179607716926,"longitude":101.65824656614144}},{"type":"Feature","geometry":{"type":"Polygon","coordinates":[[[101.6865,-3.206],[101.684,-3.1965],[101.674,-3.1965],[101.662,-3.1745],[101.654,-3.173],[101.6505,-3.174],[101.649,-3.175],[101.6485,-3.1765],[101.647,-3.191],[101.6475,-3.1955],[101.6475,-3.199],[101.6485,-3.199],[101.6505,-3.199],[101.6535,-3.2],[101.6745,-3.2135],[101.675,-3.214],[101.682,-3.2095],[101.6865,-3.206]]]},"properties":{"code":"17.03.25.2008","name":"Karya Bakti","latitude":-3.1938652779009296,"longitude":101.66387986457524}},{"type":"Feature","geometry":{"type":"Polygon","coordinates":[[[101.642,-3.204],[101.64,-3.2035],[101.6345,-3.206],[101.6315,-3.2085],[101.6475,-3.222],[101.648,-3.223],[101.6505,-3.2305],[101.6655,-3.2225],[101.666,-3.2205],[101.661,-3.214],[101.642,-3.204]]]},"properties":{"code":"17.03.25.2009","name":"Karya Jaya","latitude":-3.2161814618062436,"longitude":101.64942838426654}},{"type":"Feature","geometry":{"type":"Polygon","coordinates":[[[101.6745,-3.2135],[101.6535,-3.2],[101.6505,-3.199],[101.6485,-3.199],[101.6475,-3.199],[101.6425,-3.204],[101.642,-3.204],[101.661,-3.214],[101.666,-3.2205],[101.6665,-3.22],[101.6725,-3.215],[101.6745,-3.2135]]]},"properties":{"code":"17.03.25.2010","name":"Suka Negara","latitude":-3.208552847935266,"longitude":101.658474359051}}]}