{"type":"FeatureCollection","features":[{"type":"Feature","geometry":{"type":"Polygon","coordinates":[[[104.5925,-4.836],[104.579,-4.853],[104.562,-4.829],[104.552,-4.8305],[104.5495,-4.8315],[104.5565,-4.8425],[104.555,-4.8475],[104.551,-4.8485],[104.549,-4.849],[104.548,-4.85],[104.547,-4.852],[104.5465,-4.8665],[104.564,-4.8745],[104.5815,-4.878],[104.58,-4.8675],[104.5855,-4.8555],[104.592,-4.8475],[104.5955,-4.837],[104.5925,-4.836]]]},"properties":{"code":"18.03.01.1001","name":"Bukit Kemuning"}},{"type":"Feature","geometry":{"type":"Polygon","coordinates":[[[104.567,-4.896],[104.5635,-4.8925],[104.5545,-4.887],[104.5365,-4.8765],[104.534,-4.8925],[104.5255,-4.905],[104.5245,-4.905],[104.514,-4.923],[104.5145,-4.929],[104.5145,-4.9295],[104.5365,-4.932],[104.5485,-4.9355],[104.55,-4.937],[104.5515,-4.9385],[104.577,-4.941],[104.576,-4.938],[104.576,-4.9355],[104.576,-4.932],[104.574,-4.9265],[104.574,-4.926],[104.565,-4.924],[104.5575,-4.921],[104.5555,-4.9175],[104.556,-4.9155],[104.557,-4.914],[104.565,-4.898],[104.5655,-4.897],[104.567,-4.896]]]},"properties":{"code":"18.03.01.2002","name":"Tanjung Baru"}},{"type":"Feature","geometry":{"type":"Polygon","coordinates":[[[104.6125,-4.867],[104.588,-4.852],[104.5855,-4.8555],[104.58,-4.8675],[104.5815,-4.878],[104.5885,-4.888],[104.5895,-4.889],[104.5985,-4.884],[104.6005,-4.883],[104.6035,-4.8805],[104.6065,-4.8765],[104.6075,-4.8755],[104.608,-4.875],[104.607,-4.8715],[104.608,-4.8695],[104.6105,-4.8685],[104.6115,-4.8675],[104.6125,-4.867]]]},"properties":{"code":"18.03.01.2003","name":"Suka Menanti"}},{"type":"Feature","geometry":{"type":"Polygon","coordinates":[[[104.5925,-4.836],[104.5925,-4.8355],[104.593,-4.8255],[104.562,-4.829],[104.579,-4.853],[104.5925,-4.836]]]},"properties":{"code":"18.03.01.2004","name":"Muara Aman"}},{"type":"Feature","geometry":{"type":"Polygon","coordinates":[[[104.5815,-4.878],[104.564,-4.8745],[104.5465,-4.8665],[104.5365,-4.8765],[104.5545,-4.887],[104.5635,-4.8925],[104.567,-4.896],[104.568,-4.8935],[104.5725,-4.893],[104.5775,-4.892],[104.584,-4.8885],[104.586,-4.8895],[104.588,-4.888],[104.5885,-4.888],[104.5815,-4.878]]]},"properties":{"code":"18.03.01.2005","name":"Tanjung Baru Timur"}},{"type":"Feature","geometry":{"type":"Polygon","coordinates":[[[104.577,-4.941],[104.5515,-4.9385],[104.55,-4.937],[104.5485,-4.9355],[104.5365,-4.932],[104.5145,-4.9295],[104.513,-4.9335],[104.5115,-4.936],[104.5115,-4.9385],[104.5105,-4.94],[104.5095,-4.9425],[104.5105,-4.944],[104.5085,-4.946],[104.5015,-4.958],[104.5,-4.96],[104.494,-4.9765],[104.498,-4.9835],[104.497,-5.003],[104.498,-5.008],[104.498,-5.0125],[104.5015,-5.018],[104.5065,-5.02],[104.5075,-5.0205],[104.5085,-5.0215],[104.511,-5.0245],[104.514,-5.0245],[104.515,-5.0245],[104.5195,-5.026],[104.521,-5.0265],[104.5245,-5.026],[104.5345,-5.0175],[104.537,-5.0145],[104.5375,-5.014],[104.539,-5.0135],[104.549,-5.02],[104.565,-5.021],[104.5665,-5.0205],[104.569,-5.0185],[104.5685,-5.015],[104.5755,-5.0085],[104.573,-4.9985],[104.582,-4.9785],[104.582,-4.9765],[104.5825,-4.975],[104.583,-4.974],[104.5855,-4.959],[104.5845,-4.954],[104.584,-4.9535],[104.5845,-4.952],[104.582,-4.95],[104.58,-4.9485],[104.577,-4.941]]]},"properties":{"code":"18.03.01.2006","name":"Dwikora"}},{"type":"Feature","geometry":{"type":"Polygon","coordinates":[[[104.6125,-4.831],[104.612,-4.832],[104.603,-4.8235],[104.593,-4.8255],[104.5925,-4.8355],[104.5955,-4.837],[104.592,-4.8475],[104.588,-4.852],[104.6125,-4.867],[104.614,-4.8655],[104.6155,-4.8645],[104.6155,-4.863],[104.6225,-4.8505],[104.623,-4.8495],[104.6215,-4.849],[104.619,-4.8475],[104.614,-4.8415],[104.613,-4.8385],[104.6135,-4.8325],[104.613,-4.832],[104.6125,-4.831]]]},"properties":{"code":"18.03.01.2007","name":"Tanjung Waras"}},{"type":"Feature","geometry":{"type":"Polygon","coordinates":[[[104.5765,-4.8955],[104.5725,-4.893],[104.568,-4.8935],[104.567,-4.896],[104.5655,-4.897],[104.565,-4.898],[104.557,-4.914],[104.556,-4.9155],[104.5555,-4.9175],[104.5575,-4.921],[104.565,-4.924],[104.574,-4.926],[104.574,-4.924],[104.5735,-4.9195],[104.5735,-4.9175],[104.578,-4.906],[104.578,-4.905],[104.5775,-4.9035],[104.5775,-4.9025],[104.5775,-4.8995],[104.5765,-4.8955]]]},"properties":{"code":"18.03.01.2008","name":"Sido Mulyo"}},{"type":"Feature","geometry":{"type":"Polygon","coordinates":[[[104.8395,-4.809],[104.837,-4.8075],[104.832,-4.8],[104.83,-4.799],[104.8295,-4.8],[104.8295,-4.802],[104.828,-4.8045],[104.829,-4.8065],[104.8295,-4.8075],[104.8275,-4.807],[104.814,-4.8055],[104.814,-4.804],[104.808,-4.805],[104.807,-4.805],[104.808,-4.8075],[104.8015,-4.8085],[104.7995,-4.81],[104.7995,-4.8105],[104.7985,-4.8115],[104.7905,-4.817],[104.789,-4.832],[104.791,-4.831],[104.7935,-4.8305],[104.795,-4.829],[104.7985,-4.829],[104.814,-4.8255],[104.818,-4.8235],[104.8235,-4.8245],[104.824,-4.825],[104.8285,-4.828],[104.8295,-4.828],[104.8305,-4.827],[104.8385,-4.834],[104.8395,-4.8345],[104.849,-4.8345],[104.86,-4.845],[104.862,-4.8405],[104.8655,-4.8395],[104.867,-4.838],[104.867,-4.837],[104.866,-4.836],[104.8685,-4.837],[104.8695,-4.836],[104.8775,-4.8225],[104.88,-4.8215],[104.88,-4.8205],[104.878,-4.8175],[104.8755,-4.819],[104.867,-4.8165],[104.8505,-4.8155],[104.8395,-4.809]]]},"properties":{"code":"18.03.02.1001","name":"Kotabumi Udik"}},{"type":"Feature","geometry":{"type":"Polygon","coordinates":[[[104.8825,-4.8205],[104.88,-4.8205],[104.88,-4.8215],[104.884,-4.8255],[104.884,-4.8245],[104.885,-4.824],[104.884,-4.821],[104.8825,-4.8205]]]},"properties":{"code":"18.03.02.1002","name":"Cempedak"}},{"type":"Feature","geometry":{"type":"Polygon","coordinates":[[[104.9305,-4.8195],[104.926,-4.817],[104.9165,-4.8095],[104.9155,-4.81],[104.9145,-4.8105],[104.911,-4.814],[104.91,-4.8145],[104.907,-4.815],[104.9045,-4.817],[104.894,-4.83],[104.897,-4.833],[104.9035,-4.8365],[104.915,-4.8325],[104.929,-4.8325],[104.929,-4.8315],[104.93,-4.831],[104.93,-4.828],[104.931,-4.8255],[104.9305,-4.823],[104.9305,-4.8225],[104.93,-4.8215],[104.9305,-4.8195]]]},"properties":{"code":"18.03.02.1003","name":"Rejosari"}},{"type":"Feature","geometry":{"type":"Polygon","coordinates":[[[104.894,-4.818],[104.8865,-4.815],[104.882,-4.818],[104.8825,-4.8205],[104.884,-4.821],[104.885,-4.8205],[104.887,-4.819],[104.8895,-4.8205],[104.892,-4.819],[104.894,-4.818]]]},"properties":{"code":"18.03.02.1004","name":"Kotabumi Tengah"}},{"type":"Feature","geometry":{"type":"Polygon","coordinates":[[[104.882,-4.818],[104.8815,-4.8175],[104.878,-4.8175],[104.88,-4.8205],[104.8825,-4.8205],[104.882,-4.818]]]},"properties":{"code":"18.03.02.1005","name":"Kotabumi Pasar"}},{"type":"Feature","geometry":{"type":"Polygon","coordinates":[[[104.9165,-4.7935],[104.9155,-4.7915],[104.913,-4.791],[104.904,-4.7995],[104.903,-4.7995],[104.895,-4.799],[104.8885,-4.8035],[104.8885,-4.8055],[104.892,-4.8095],[104.8905,-4.811],[104.8805,-4.8095],[104.8785,-4.8105],[104.8815,-4.816],[104.8815,-4.8175],[104.882,-4.818],[104.8865,-4.815],[104.894,-4.818],[104.905,-4.816],[104.907,-4.815],[104.91,-4.8145],[104.913,-4.8125],[104.911,-4.808],[104.912,-4.807],[104.9125,-4.807],[104.9165,-4.7935]]]},"properties":{"code":"18.03.02.1006","name":"Kotabumi Ilir"}},{"type":"Feature","geometry":{"type":"Polygon","coordinates":[[[104.888,-4.805],[104.864,-4.8075],[104.862,-4.8],[104.8595,-4.8005],[104.854,-4.803],[104.8515,-4.8025],[104.849,-4.8025],[104.8455,-4.8025],[104.8395,-4.809],[104.8505,-4.8155],[104.867,-4.8165],[104.8755,-4.819],[104.8815,-4.816],[104.8785,-4.8105],[104.8805,-4.8095],[104.8905,-4.811],[104.892,-4.8095],[104.8885,-4.8055],[104.888,-4.805]]]},"properties":{"code":"18.03.02.1007","name":"Sindang Sari"}},{"type":"Feature","geometry":{"type":"Polygon","coordinates":[[[104.905,-4.816],[104.894,-4.818],[104.892,-4.819],[104.8895,-4.8205],[104.887,-4.819],[104.885,-4.8205],[104.884,-4.821],[104.885,-4.824],[104.8845,-4.825],[104.886,-4.8255],[104.8885,-4.826],[104.89,-4.8265],[104.8915,-4.8275],[104.894,-4.83],[104.9045,-4.817],[104.905,-4.816]]]},"properties":{"code":"18.03.02.1008","name":"Sribasuki"}},{"type":"Feature","geometry":{"type":"Polygon","coordinates":[[[104.894,-4.83],[104.8915,-4.8275],[104.8905,-4.827],[104.8895,-4.8285],[104.888,-4.83],[104.892,-4.8325],[104.8955,-4.838],[104.898,-4.8365],[104.901,-4.835],[104.897,-4.833],[104.894,-4.83]]]},"properties":{"code":"18.03.02.1009","name":"Kota Gapura"}},{"type":"Feature","geometry":{"type":"Polygon","coordinates":[[[104.86,-4.845],[104.849,-4.8345],[104.8395,-4.8345],[104.8385,-4.834],[104.8305,-4.827],[104.8295,-4.828],[104.8285,-4.828],[104.824,-4.825],[104.8235,-4.8245],[104.818,-4.8235],[104.817,-4.8245],[104.816,-4.832],[104.823,-4.8415],[104.8235,-4.842],[104.824,-4.843],[104.827,-4.844],[104.828,-4.8445],[104.8275,-4.8455],[104.8285,-4.8485],[104.829,-4.8605],[104.8305,-4.862],[104.836,-4.8655],[104.8405,-4.865],[104.841,-4.866],[104.8425,-4.862],[104.846,-4.856],[104.8575,-4.847],[104.86,-4.845]]]},"properties":{"code":"18.03.02.2010","name":"Talang Bojong"}},{"type":"Feature","geometry":{"type":"Polygon","coordinates":[[[104.9365,-4.803],[104.936,-4.803],[104.9335,-4.8035],[104.9185,-4.7955],[104.918,-4.793],[104.9165,-4.7935],[104.9125,-4.807],[104.912,-4.807],[104.911,-4.808],[104.913,-4.8125],[104.9145,-4.8105],[104.9155,-4.81],[104.9165,-4.8095],[104.926,-4.817],[104.937,-4.8225],[104.9365,-4.803]]]},"properties":{"code":"18.03.02.2011","name":"Sumber Arum"}},{"type":"Feature","geometry":{"type":"Polygon","coordinates":[[[104.818,-4.8235],[104.814,-4.8255],[104.7985,-4.829],[104.795,-4.829],[104.7935,-4.8305],[104.791,-4.831],[104.789,-4.832],[104.779,-4.8335],[104.779,-4.843],[104.779,-4.847],[104.78,-4.8465],[104.7845,-4.8485],[104.791,-4.8495],[104.7985,-4.851],[104.8005,-4.851],[104.8085,-4.843],[104.8115,-4.8445],[104.812,-4.845],[104.815,-4.845],[104.819,-4.8455],[104.821,-4.843],[104.8235,-4.842],[104.823,-4.8415],[104.816,-4.832],[104.817,-4.8245],[104.818,-4.8235]]]},"properties":{"code":"18.03.02.2012","name":"Bojong Barat"}},{"type":"Feature","geometry":{"type":"Polygon","coordinates":[[[104.789,-4.832],[104.7905,-4.817],[104.7885,-4.818],[104.7865,-4.817],[104.784,-4.8185],[104.7785,-4.819],[104.777,-4.8185],[104.773,-4.818],[104.7695,-4.8195],[104.7675,-4.8195],[104.7645,-4.819],[104.7535,-4.833],[104.7525,-4.833],[104.7505,-4.8345],[104.7505,-4.8385],[104.7505,-4.839],[104.7495,-4.8425],[104.7575,-4.8445],[104.7575,-4.847],[104.7585,-4.8475],[104.7595,-4.847],[104.7605,-4.846],[104.763,-4.8445],[104.7655,-4.8435],[104.7765,-4.85],[104.7775,-4.8475],[104.779,-4.847],[104.779,-4.843],[104.779,-4.8335],[104.789,-4.832]]]},"properties":{"code":"18.03.02.2013","name":"Kotabumi Tengah Barat"}},{"type":"Feature","geometry":{"type":"Polygon","coordinates":[[[104.801,-4.7415],[104.8005,-4.7415],[104.8005,-4.7405],[104.799,-4.74],[104.7975,-4.7425],[104.797,-4.7435],[104.7965,-4.7435],[104.7955,-4.7445],[104.7915,-4.7465],[104.789,-4.7465],[104.787,-4.746],[104.786,-4.745],[104.7825,-4.746],[104.7855,-4.7475],[104.769,-4.765],[104.7685,-4.767],[104.7685,-4.7685],[104.7695,-4.771],[104.775,-4.7805],[104.7795,-4.7805],[104.792,-4.7805],[104.7935,-4.7765],[104.795,-4.7755],[104.799,-4.7765],[104.8005,-4.7765],[104.8015,-4.776],[104.808,-4.7685],[104.809,-4.768],[104.8075,-4.765],[104.8045,-4.7625],[104.804,-4.7465],[104.8035,-4.745],[104.803,-4.7445],[104.801,-4.743],[104.801,-4.7415]]]},"properties":{"code":"18.03.03.2002","name":"Bumi Ratu"}},{"type":"Feature","geometry":{"type":"Polygon","coordinates":[[[104.786,-4.745],[104.7845,-4.73],[104.7835,-4.732],[104.7795,-4.735],[104.7735,-4.736],[104.771,-4.735],[104.77,-4.7335],[104.7695,-4.7335],[104.7695,-4.734],[104.769,-4.735],[104.769,-4.736],[104.768,-4.737],[104.765,-4.737],[104.762,-4.739],[104.762,-4.742],[104.754,-4.747],[104.753,-4.7475],[104.751,-4.7485],[104.7525,-4.7545],[104.7565,-4.7625],[104.7595,-4.763],[104.7685,-4.7655],[104.769,-4.765],[104.7855,-4.7475],[104.7825,-4.746],[104.786,-4.745]]]},"properties":{"code":"18.03.03.2003","name":"Labuhan Ratu Pasar"}},{"type":"Feature","geometry":{"type":"Polygon","coordinates":[[[104.7675,-4.727],[104.766,-4.727],[104.751,-4.7345],[104.748,-4.736],[104.747,-4.736],[104.7435,-4.7375],[104.73,-4.738],[104.7245,-4.7375],[104.724,-4.738],[104.724,-4.739],[104.7235,-4.7405],[104.7215,-4.7405],[104.723,-4.748],[104.723,-4.7485],[104.7245,-4.7485],[104.725,-4.748],[104.7315,-4.7465],[104.734,-4.7475],[104.734,-4.7505],[104.7355,-4.755],[104.7355,-4.76],[104.7385,-4.76],[104.741,-4.7575],[104.745,-4.751],[104.747,-4.75],[104.7475,-4.751],[104.748,-4.751],[104.75,-4.75],[104.751,-4.7485],[104.753,-4.7475],[104.754,-4.747],[104.762,-4.742],[104.762,-4.739],[104.765,-4.737],[104.768,-4.737],[104.769,-4.736],[104.769,-4.735],[104.7695,-4.734],[104.7695,-4.7335],[104.7705,-4.7325],[104.7675,-4.727]]]},"properties":{"code":"18.03.03.2004","name":"Sinar Galih"}},{"type":"Feature","geometry":{"type":"Polygon","coordinates":[[[104.7855,-4.723],[104.7795,-4.719],[104.7715,-4.7195],[104.771,-4.719],[104.769,-4.7185],[104.7685,-4.721],[104.768,-4.723],[104.768,-4.7265],[104.768,-4.727],[104.7675,-4.727],[104.7705,-4.7325],[104.77,-4.7335],[104.771,-4.735],[104.7735,-4.736],[104.7795,-4.735],[104.7835,-4.732],[104.7845,-4.7285],[104.7855,-4.723]]]},"properties":{"code":"18.03.03.2005","name":"Labuhan Ratu Kampung"}},{"type":"Feature","geometry":{"type":"Polygon","coordinates":[[[104.786,-4.7065],[104.7845,-4.706],[104.7835,-4.707],[104.7755,-4.7015],[104.7755,-4.702],[104.7745,-4.7025],[104.773,-4.7035],[104.7695,-4.7045],[104.7695,-4.707],[104.7685,-4.708],[104.768,-4.713],[104.7695,-4.7175],[104.769,-4.7185],[104.771,-4.719],[104.7715,-4.7195],[104.7795,-4.719],[104.7855,-4.723],[104.7935,-4.7185],[104.792,-4.716],[104.793,-4.714],[104.791,-4.713],[104.788,-4.71],[104.7855,-4.708],[104.786,-4.7065]]]},"properties":{"code":"18.03.03.2006","name":"Gedung Ketapang"}},{"type":"Feature","geometry":{"type":"MultiPolygon","coordinates":[[[[104.797,-4.7125],[104.7965,-4.7125],[104.795,-4.7125],[104.794,-4.7125],[104.793,-4.7125],[104.792,-4.7135],[104.793,-4.714],[104.792,-4.716],[104.7925,-4.717],[104.797,-4.7125]]],[[[104.7865,-4.692],[104.785,-4.6855],[104.7845,-4.6845],[104.7835,-4.683],[104.783,-4.684],[104.783,-4.685],[104.784,-4.687],[104.783,-4.689],[104.7805,-4.6915],[104.7805,-4.6925],[104.7815,-4.693],[104.7805,-4.6945],[104.78,-4.695],[104.778,-4.6985],[104.7775,-4.699],[104.7755,-4.701],[104.7755,-4.7015],[104.7835,-4.707],[104.7845,-4.706],[104.786,-4.7065],[104.786,-4.706],[104.7885,-4.706],[104.798,-4.702],[104.7875,-4.6935],[104.7865,-4.692]]]]},"properties":{"code":"18.03.03.2007","name":"Kota Agung"}},{"type":"Feature","geometry":{"type":"Polygon","coordinates":[[[104.8645,-4.6595],[104.846,-4.661],[104.843,-4.661],[104.8425,-4.6605],[104.841,-4.659],[104.839,-4.657],[104.837,-4.6575],[104.832,-4.6615],[104.831,-4.6625],[104.83,-4.663],[104.83,-4.6645],[104.827,-4.6685],[104.8245,-4.669],[104.824,-4.6705],[104.8245,-4.6735],[104.8285,-4.678],[104.816,-4.6905],[104.811,-4.6895],[104.809,-4.6905],[104.803,-4.689],[104.7955,-4.684],[104.7885,-4.6805],[104.788,-4.681],[104.7875,-4.6815],[104.786,-4.681],[104.784,-4.6825],[104.7835,-4.683],[104.7845,-4.6845],[104.785,-4.6855],[104.7865,-4.692],[104.7875,-4.6935],[104.798,-4.702],[104.7995,-4.711],[104.7975,-4.7125],[104.797,-4.7125],[104.7925,-4.717],[104.7935,-4.7185],[104.7855,-4.723],[104.7845,-4.7285],[104.7845,-4.73],[104.786,-4.745],[104.787,-4.746],[104.789,-4.7465],[104.7915,-4.7465],[104.7955,-4.7445],[104.7965,-4.7435],[104.797,-4.7435],[104.7975,-4.7425],[104.799,-4.74],[104.8005,-4.7405],[104.8005,-4.7415],[104.801,-4.7415],[104.801,-4.74],[104.8,-4.738],[104.804,-4.7295],[104.804,-4.7275],[104.806,-4.719],[104.8065,-4.7185],[104.806,-4.7185],[104.805,-4.716],[104.8065,-4.7155],[104.805,-4.7145],[104.819,-4.7105],[104.8205,-4.71],[104.8345,-4.7105],[104.841,-4.697],[104.841,-4.6965],[104.842,-4.694],[104.843,-4.6935],[104.8495,-4.68],[104.8485,-4.68],[104.847,-4.679],[104.8465,-4.678],[104.8455,-4.6755],[104.8455,-4.675],[104.847,-4.673],[104.863,-4.662],[104.8645,-4.6595]]]},"properties":{"code":"18.03.03.2008","name":"Ketapang"}},{"type":"Feature","geometry":{"type":"Polygon","coordinates":[[[104.8195,-4.7115],[104.819,-4.7105],[104.805,-4.7145],[104.8065,-4.7155],[104.805,-4.716],[104.806,-4.718],[104.809,-4.718],[104.81,-4.717],[104.8195,-4.7115]]]},"properties":{"code":"18.03.03.2009","name":"Karang Rejo I"}},{"type":"Feature","geometry":{"type":"Polygon","coordinates":[[[104.798,-4.702],[104.7885,-4.706],[104.786,-4.706],[104.7855,-4.708],[104.788,-4.71],[104.792,-4.7135],[104.793,-4.7125],[104.794,-4.7125],[104.795,-4.7125],[104.7965,-4.7125],[104.7975,-4.7125],[104.7995,-4.711],[104.798,-4.702]]]},"properties":{"code":"18.03.03.2010","name":"Banjar Ketapang"}},{"type":"Feature","geometry":{"type":"Polygon","coordinates":[[[104.839,-4.6385],[104.8315,-4.6365],[104.8315,-4.634],[104.829,-4.6315],[104.829,-4.632],[104.828,-4.634],[104.8275,-4.634],[104.827,-4.6325],[104.8255,-4.633],[104.8245,-4.6335],[104.823,-4.634],[104.823,-4.635],[104.8225,-4.6355],[104.8205,-4.6365],[104.8205,-4.6375],[104.818,-4.638],[104.8185,-4.641],[104.8165,-4.641],[104.8155,-4.6415],[104.8145,-4.642],[104.8145,-4.643],[104.8105,-4.646],[104.8105,-4.6475],[104.812,-4.6485],[104.8115,-4.648],[104.8095,-4.6495],[104.8055,-4.6555],[104.8045,-4.655],[104.804,-4.6555],[104.805,-4.6575],[104.8035,-4.657],[104.805,-4.6595],[104.805,-4.66],[104.8035,-4.6595],[104.801,-4.6595],[104.8005,-4.6605],[104.7965,-4.669],[104.7945,-4.6715],[104.7915,-4.6735],[104.789,-4.6785],[104.7885,-4.68],[104.7885,-4.6805],[104.7955,-4.684],[104.803,-4.689],[104.809,-4.6905],[104.811,-4.6895],[104.816,-4.6905],[104.8285,-4.678],[104.8245,-4.6735],[104.824,-4.6705],[104.8245,-4.669],[104.827,-4.6685],[104.83,-4.6645],[104.83,-4.663],[104.831,-4.6625],[104.8305,-4.66],[104.83,-4.6565],[104.8305,-4.6525],[104.839,-4.6385]]]},"properties":{"code":"18.03.03.2017","name":"Sidodadi"}},{"type":"Feature","geometry":{"type":"Polygon","coordinates":[[[104.7595,-4.763],[104.7565,-4.7625],[104.7525,-4.7545],[104.75,-4.75],[104.748,-4.751],[104.7475,-4.751],[104.747,-4.75],[104.745,-4.751],[104.741,-4.7575],[104.7385,-4.76],[104.7355,-4.76],[104.7365,-4.764],[104.736,-4.7695],[104.7355,-4.7705],[104.735,-4.771],[104.7355,-4.771],[104.737,-4.7715],[104.739,-4.772],[104.7395,-4.772],[104.742,-4.773],[104.744,-4.7735],[104.7595,-4.763]]]},"properties":{"code":"18.03.03.2023","name":"Gunung Labuhan"}},{"type":"Feature","geometry":{"type":"Polygon","coordinates":[[[104.704,-4.9945],[104.7,-4.986],[104.688,-4.9845],[104.6825,-4.99],[104.683,-4.9905],[104.6835,-4.992],[104.6825,-4.994],[104.685,-5],[104.686,-5.0015],[104.688,-5.004],[104.6885,-5.0055],[104.702,-5.006],[104.7015,-5.005],[104.704,-4.9945]]]},"properties":{"code":"18.03.04.2001","name":"Karang Waringin"}},{"type":"Feature","geometry":{"type":"Polygon","coordinates":[[[104.693,-4.957],[104.6815,-4.96],[104.683,-4.9785],[104.688,-4.9845],[104.7,-4.986],[104.704,-4.9945],[104.7185,-4.993],[104.72,-4.9795],[104.72,-4.976],[104.718,-4.9685],[104.7125,-4.964],[104.6935,-4.958],[104.693,-4.957]]]},"properties":{"code":"18.03.04.2002","name":"Suka Sari"}},{"type":"Feature","geometry":{"type":"Polygon","coordinates":[[[104.669,-4.9325],[104.668,-4.9335],[104.666,-4.9325],[104.6635,-4.93],[104.665,-4.917],[104.6635,-4.916],[104.6635,-4.9145],[104.659,-4.915],[104.659,-4.916],[104.6585,-4.916],[104.65,-4.9215],[104.6485,-4.9235],[104.6465,-4.925],[104.646,-4.9265],[104.6455,-4.927],[104.644,-4.9305],[104.643,-4.9345],[104.643,-4.9365],[104.6545,-4.9475],[104.629,-4.96],[104.6145,-4.975],[104.612,-4.9775],[104.6115,-4.978],[104.6085,-4.981],[104.6,-4.984],[104.5965,-4.983],[104.5955,-4.983],[104.5925,-4.982],[104.5975,-4.9895],[104.615,-4.988],[104.636,-4.98],[104.65,-4.9695],[104.6515,-4.963],[104.657,-4.961],[104.658,-4.9585],[104.6595,-4.9485],[104.66,-4.9465],[104.6625,-4.946],[104.6815,-4.96],[104.6705,-4.9345],[104.669,-4.9325]]]},"properties":{"code":"18.03.04.2003","name":"Merambung"}},{"type":"Feature","geometry":{"type":"Polygon","coordinates":[[[104.5925,-4.982],[104.5955,-4.983],[104.5965,-4.983],[104.6,-4.984],[104.6085,-4.981],[104.6115,-4.978],[104.612,-4.9775],[104.6145,-4.975],[104.629,-4.96],[104.6545,-4.9475],[104.643,-4.9365],[104.642,-4.9365],[104.628,-4.945],[104.5925,-4.981],[104.5925,-4.982]]]},"properties":{"code":"18.03.04.2004","name":"Sinar Jaya"}},{"type":"Feature","geometry":{"type":"Polygon","coordinates":[[[104.6455,-4.9125],[104.6435,-4.9125],[104.6425,-4.913],[104.641,-4.913],[104.6375,-4.914],[104.635,-4.918],[104.631,-4.9215],[104.6305,-4.9215],[104.628,-4.925],[104.6265,-4.9255],[104.617,-4.932],[104.6055,-4.953],[104.5965,-4.961],[104.5955,-4.9685],[104.589,-4.9755],[104.59,-4.979],[104.59,-4.9815],[104.5925,-4.981],[104.628,-4.945],[104.642,-4.9365],[104.643,-4.9345],[104.644,-4.9305],[104.6455,-4.927],[104.646,-4.9265],[104.646,-4.9255],[104.6455,-4.9125]]]},"properties":{"code":"18.03.04.2005","name":"Sindang Agung"}},{"type":"Feature","geometry":{"type":"Polygon","coordinates":[[[104.6295,-4.923],[104.626,-4.9225],[104.632,-4.91],[104.623,-4.9045],[104.622,-4.905],[104.6185,-4.9085],[104.6175,-4.909],[104.615,-4.911],[104.6,-4.9245],[104.5955,-4.931],[104.5885,-4.937],[104.5875,-4.939],[104.5865,-4.9475],[104.585,-4.95],[104.584,-4.9535],[104.5845,-4.954],[104.5855,-4.959],[104.583,-4.974],[104.5825,-4.975],[104.5855,-4.978],[104.5865,-4.98],[104.589,-4.9815],[104.59,-4.9815],[104.59,-4.979],[104.589,-4.9755],[104.5955,-4.9685],[104.5965,-4.961],[104.6055,-4.953],[104.617,-4.932],[104.6265,-4.9255],[104.6295,-4.923]]]},"properties":{"code":"18.03.04.2006","name":"Mekar Jaya"}},{"type":"Feature","geometry":{"type":"Polygon","coordinates":[[[104.6485,-4.913],[104.6465,-4.897],[104.646,-4.895],[104.648,-4.888],[104.647,-4.8885],[104.642,-4.89],[104.641,-4.8915],[104.633,-4.902],[104.623,-4.9045],[104.632,-4.91],[104.626,-4.9225],[104.6295,-4.923],[104.6305,-4.9215],[104.631,-4.9215],[104.635,-4.918],[104.6375,-4.914],[104.641,-4.913],[104.6425,-4.913],[104.6435,-4.9125],[104.6455,-4.9125],[104.6485,-4.913]]]},"properties":{"code":"18.03.04.2007","name":"Sri Menanti"}},{"type":"Feature","geometry":{"type":"MultiPolygon","coordinates":[[[[104.6695,-4.982],[104.6695,-4.981],[104.669,-4.9815],[104.666,-4.982],[104.666,-4.9825],[104.6665,-4.984],[104.6635,-5.0025],[104.6725,-5.021],[104.6815,-5.0195],[104.685,-5.016],[104.69,-5.017],[104.689,-5.016],[104.688,-5.0155],[104.688,-5.0125],[104.6885,-5.009],[104.689,-5.0075],[104.688,-5.004],[104.686,-5.0015],[104.685,-5],[104.6825,-4.994],[104.6835,-4.992],[104.683,-4.9905],[104.681,-4.9885],[104.6695,-4.982]]],[[[104.6515,-4.912],[104.6515,-4.911],[104.6495,-4.911],[104.6485,-4.913],[104.6455,-4.9125],[104.646,-4.9255],[104.6465,-4.925],[104.6485,-4.9235],[104.65,-4.9215],[104.6585,-4.916],[104.659,-4.916],[104.659,-4.915],[104.66,-4.913],[104.656,-4.9115],[104.6525,-4.912],[104.652,-4.9115],[104.6515,-4.912]]]]},"properties":{"code":"18.03.04.2008","name":"Tulung Balak"}},{"type":"Feature","geometry":{"type":"Polygon","coordinates":[[[104.679,-4.882],[104.6785,-4.8815],[104.6655,-4.8895],[104.662,-4.888],[104.66,-4.8875],[104.651,-4.886],[104.65,-4.8855],[104.648,-4.888],[104.646,-4.895],[104.6465,-4.897],[104.6485,-4.913],[104.6495,-4.911],[104.6515,-4.911],[104.6515,-4.912],[104.652,-4.9115],[104.6525,-4.912],[104.656,-4.9115],[104.66,-4.913],[104.6635,-4.9145],[104.6635,-4.916],[104.665,-4.917],[104.6635,-4.93],[104.666,-4.9325],[104.668,-4.9335],[104.669,-4.9325],[104.668,-4.9315],[104.666,-4.931],[104.6725,-4.9155],[104.676,-4.9125],[104.678,-4.911],[104.673,-4.898],[104.679,-4.882]]]},"properties":{"code":"18.03.04.2009","name":"Tanjung Raja"}},{"type":"Feature","geometry":{"type":"Polygon","coordinates":[[[104.696,-4.927],[104.6925,-4.9265],[104.6755,-4.913],[104.6725,-4.9155],[104.666,-4.931],[104.668,-4.9315],[104.683,-4.928],[104.6895,-4.94],[104.696,-4.927]]]},"properties":{"code":"18.03.04.2010","name":"Tanjung Riang"}},{"type":"Feature","geometry":{"type":"Polygon","coordinates":[[[104.7015,-4.903],[104.7,-4.901],[104.698,-4.897],[104.6975,-4.8985],[104.6975,-4.9005],[104.696,-4.904],[104.6945,-4.9045],[104.691,-4.9085],[104.678,-4.911],[104.676,-4.9125],[104.6755,-4.913],[104.6925,-4.9265],[104.6975,-4.926],[104.7,-4.9235],[104.701,-4.9235],[104.7105,-4.919],[104.7115,-4.918],[104.7115,-4.9175],[104.711,-4.9165],[104.7115,-4.9165],[104.7125,-4.9165],[104.712,-4.9175],[104.7125,-4.918],[104.7145,-4.9165],[104.7155,-4.916],[104.7155,-4.9145],[104.7135,-4.915],[104.711,-4.9155],[104.7015,-4.903]]]},"properties":{"code":"18.03.04.2011","name":"Kemala Raja"}},{"type":"Feature","geometry":{"type":"Polygon","coordinates":[[[104.704,-4.895],[104.697,-4.8945],[104.6935,-4.8885],[104.6935,-4.888],[104.693,-4.8905],[104.6935,-4.8915],[104.6975,-4.896],[104.7,-4.901],[104.7015,-4.903],[104.7065,-4.8995],[104.704,-4.895]]]},"properties":{"code":"18.03.04.2012","name":"Sindang Marga"}},{"type":"Feature","geometry":{"type":"Polygon","coordinates":[[[104.693,-4.8765],[104.6925,-4.8765],[104.692,-4.877],[104.686,-4.8785],[104.683,-4.8785],[104.6815,-4.879],[104.681,-4.8805],[104.679,-4.882],[104.673,-4.898],[104.678,-4.911],[104.691,-4.9085],[104.6945,-4.9045],[104.696,-4.904],[104.6975,-4.9005],[104.6975,-4.8985],[104.698,-4.897],[104.6975,-4.896],[104.6935,-4.8915],[104.693,-4.8905],[104.6935,-4.888],[104.6935,-4.8865],[104.693,-4.8765]]]},"properties":{"code":"18.03.04.2013","name":"Ulak Ata"}},{"type":"Feature","geometry":{"type":"Polygon","coordinates":[[[104.7185,-4.993],[104.704,-4.9945],[104.7015,-5.005],[104.703,-5.0085],[104.705,-5.01],[104.7055,-5.0145],[104.705,-5.017],[104.7065,-5.018],[104.7175,-5.018],[104.726,-5.0055],[104.716,-4.997],[104.7185,-4.993]]]},"properties":{"code":"18.03.04.2014","name":"Gunung Katon"}},{"type":"Feature","geometry":{"type":"Polygon","coordinates":[[[104.702,-5.006],[104.6885,-5.0055],[104.689,-5.0075],[104.6885,-5.009],[104.688,-5.0125],[104.688,-5.0155],[104.689,-5.016],[104.69,-5.017],[104.6975,-5.018],[104.7065,-5.018],[104.705,-5.017],[104.7055,-5.0145],[104.705,-5.01],[104.703,-5.0085],[104.702,-5.006]]]},"properties":{"code":"18.03.04.2015","name":"Suka Mulya"}},{"type":"Feature","geometry":{"type":"Polygon","coordinates":[[[104.6815,-4.96],[104.6625,-4.946],[104.66,-4.9465],[104.6595,-4.9485],[104.658,-4.9585],[104.657,-4.961],[104.6515,-4.963],[104.65,-4.9695],[104.636,-4.98],[104.615,-4.988],[104.5975,-4.9895],[104.5925,-4.982],[104.5925,-4.981],[104.589,-4.9815],[104.5865,-4.98],[104.5855,-4.978],[104.5825,-4.975],[104.582,-4.9785],[104.573,-4.9985],[104.5755,-5.0085],[104.5685,-5.015],[104.569,-5.0185],[104.5665,-5.0205],[104.565,-5.021],[104.566,-5.0215],[104.5675,-5.0225],[104.5685,-5.024],[104.57,-5.026],[104.5705,-5.0275],[104.571,-5.031],[104.572,-5.037],[104.573,-5.0405],[104.5725,-5.043],[104.575,-5.0455],[104.58,-5.054],[104.5795,-5.0565],[104.5815,-5.0585],[104.59,-5.0685],[104.591,-5.07],[104.598,-5.0745],[104.599,-5.0765],[104.6025,-5.0645],[104.606,-5.057],[104.6265,-5.04],[104.633,-5.031],[104.65,-5.0255],[104.6805,-5.021],[104.6815,-5.0195],[104.6725,-5.021],[104.6635,-5.0025],[104.6665,-4.984],[104.666,-4.9825],[104.666,-4.982],[104.669,-4.9815],[104.6695,-4.981],[104.6695,-4.982],[104.681,-4.9885],[104.6825,-4.99],[104.688,-4.9845],[104.683,-4.9785],[104.6815,-4.96]]]},"properties":{"code":"18.03.04.2016","name":"Tanjung Beringin"}},{"type":"Feature","geometry":{"type":"Polygon","coordinates":[[[104.7165,-4.952],[104.714,-4.939],[104.719,-4.9285],[104.714,-4.921],[104.713,-4.921],[104.7115,-4.918],[104.711,-4.9185],[104.7105,-4.919],[104.701,-4.9235],[104.7,-4.9235],[104.6975,-4.926],[104.696,-4.927],[104.6895,-4.94],[104.687,-4.9405],[104.6935,-4.958],[104.7125,-4.964],[104.7165,-4.952]]]},"properties":{"code":"18.03.04.2017","name":"Sido Mulyo"}},{"type":"Feature","geometry":{"type":"Polygon","coordinates":[[[104.6895,-4.94],[104.683,-4.928],[104.668,-4.9315],[104.6705,-4.9345],[104.6815,-4.96],[104.693,-4.957],[104.687,-4.9405],[104.6895,-4.94]]]},"properties":{"code":"18.03.04.2018","name":"Sinar Mulya"}},{"type":"Feature","geometry":{"type":"Polygon","coordinates":[[[104.7155,-4.9145],[104.715,-4.913],[104.714,-4.911],[104.7065,-4.8995],[104.7015,-4.903],[104.711,-4.9155],[104.7135,-4.915],[104.7155,-4.9145]]]},"properties":{"code":"18.03.04.2019","name":"Priangan Baru"}},{"type":"Feature","geometry":{"type":"Polygon","coordinates":[[[104.939,-4.801],[104.947,-4.785],[104.9475,-4.783],[104.948,-4.781],[104.9475,-4.78],[104.9465,-4.7785],[104.947,-4.7775],[104.946,-4.777],[104.9455,-4.776],[104.9435,-4.7745],[104.94,-4.767],[104.94,-4.7665],[104.939,-4.766],[104.9395,-4.7655],[104.94,-4.7645],[104.9395,-4.7635],[104.9305,-4.76],[104.929,-4.7655],[104.927,-4.7735],[104.9245,-4.7715],[104.9225,-4.773],[104.911,-4.7845],[104.9125,-4.787],[104.913,-4.791],[104.9155,-4.7915],[104.918,-4.793],[104.9185,-4.7955],[104.9335,-4.8035],[104.936,-4.803],[104.9365,-4.8025],[104.939,-4.801]]]},"properties":{"code":"18.03.05.2001","name":"Banjar Agung"}},{"type":"Feature","geometry":{"type":"Polygon","coordinates":[[[104.936,-4.754],[104.9305,-4.76],[104.9395,-4.7635],[104.94,-4.7645],[104.9395,-4.7655],[104.939,-4.766],[104.94,-4.7665],[104.94,-4.767],[104.9435,-4.7745],[104.9455,-4.776],[104.946,-4.777],[104.947,-4.7775],[104.9465,-4.7785],[104.9475,-4.78],[104.948,-4.781],[104.9475,-4.783],[104.947,-4.785],[104.939,-4.801],[104.941,-4.8015],[104.941,-4.8055],[104.9515,-4.818],[104.9545,-4.818],[104.9525,-4.822],[104.9475,-4.8225],[104.9475,-4.8245],[104.9515,-4.8235],[104.9535,-4.8225],[104.9565,-4.822],[104.96,-4.82],[104.961,-4.8205],[104.9625,-4.8215],[104.963,-4.8215],[104.965,-4.8205],[104.9695,-4.8215],[104.9675,-4.8345],[104.9675,-4.836],[104.968,-4.8375],[104.981,-4.839],[104.98,-4.829],[104.979,-4.8275],[104.9825,-4.807],[104.9905,-4.806],[104.9915,-4.8065],[104.9915,-4.7975],[104.9855,-4.795],[104.9795,-4.795],[104.97,-4.7845],[104.9555,-4.784],[104.9485,-4.7635],[104.9385,-4.76],[104.938,-4.7585],[104.939,-4.7565],[104.939,-4.756],[104.936,-4.7545],[104.936,-4.754]]]},"properties":{"code":"18.03.05.2002","name":"Bumi Agung Marga"}},{"type":"Feature","geometry":{"type":"MultiPolygon","coordinates":[[[[105.001,-4.8015],[105.0015,-4.801],[105.0015,-4.8005],[104.994,-4.7985],[104.994,-4.798],[104.9915,-4.7975],[104.9915,-4.8065],[104.993,-4.807],[104.998,-4.8025],[105.0005,-4.802],[105.001,-4.8015]]],[[[104.918,-4.741],[104.916,-4.7415],[104.916,-4.738],[104.915,-4.7325],[104.909,-4.747],[104.915,-4.7515],[104.9165,-4.753],[104.9185,-4.756],[104.92,-4.7575],[104.921,-4.758],[104.921,-4.7585],[104.923,-4.759],[104.9305,-4.76],[104.936,-4.754],[104.937,-4.751],[104.9375,-4.75],[104.9375,-4.7495],[104.9365,-4.7495],[104.935,-4.748],[104.934,-4.7465],[104.934,-4.7445],[104.918,-4.741]]]]},"properties":{"code":"18.03.05.2003","name":"Pungguk Lama"}},{"type":"Feature","geometry":{"type":"MultiPolygon","coordinates":[[[[104.999,-4.785],[104.995,-4.785],[104.995,-4.7865],[104.9945,-4.7865],[104.994,-4.7865],[104.9905,-4.7905],[104.9895,-4.7915],[104.991,-4.7925],[104.9905,-4.7935],[104.9905,-4.794],[104.9885,-4.795],[104.988,-4.796],[104.9915,-4.7975],[104.994,-4.798],[104.995,-4.796],[105.0035,-4.79],[105.0075,-4.7915],[105.008,-4.791],[105.0085,-4.791],[105.009,-4.7905],[105.004,-4.789],[105,-4.7875],[104.999,-4.785]]],[[[104.938,-4.7535],[104.938,-4.752],[104.9375,-4.75],[104.937,-4.751],[104.936,-4.7545],[104.939,-4.756],[104.9395,-4.7565],[104.938,-4.7535]]],[[[104.925,-4.677],[104.925,-4.676],[104.924,-4.677],[104.9205,-4.6775],[104.918,-4.6765],[104.916,-4.679],[104.916,-4.68],[104.9135,-4.683],[104.9125,-4.682],[104.91,-4.684],[104.908,-4.694],[104.909,-4.695],[104.9105,-4.7005],[104.9165,-4.702],[104.917,-4.7015],[104.922,-4.684],[104.9295,-4.681],[104.9295,-4.68],[104.929,-4.68],[104.926,-4.677],[104.9255,-4.6765],[104.925,-4.677]]]]},"properties":{"code":"18.03.05.2004","name":"Gedung Nyapah"}},{"type":"Feature","geometry":{"type":"MultiPolygon","coordinates":[[[[104.9545,-4.818],[104.95,-4.818],[104.947,-4.8225],[104.9525,-4.822],[104.9545,-4.818]]],[[[104.9445,-4.7315],[104.943,-4.731],[104.937,-4.7355],[104.934,-4.7365],[104.934,-4.745],[104.934,-4.7465],[104.935,-4.748],[104.9365,-4.7495],[104.9375,-4.7495],[104.9375,-4.75],[104.938,-4.752],[104.938,-4.7535],[104.9395,-4.7565],[104.939,-4.7565],[104.938,-4.7585],[104.9385,-4.76],[104.9485,-4.7635],[104.952,-4.766],[104.972,-4.767],[104.987,-4.772],[104.993,-4.7825],[104.9955,-4.7805],[104.996,-4.7785],[104.9955,-4.777],[104.9945,-4.7735],[104.994,-4.7725],[104.993,-4.7715],[104.9935,-4.771],[104.993,-4.7705],[104.993,-4.7675],[104.993,-4.767],[104.9905,-4.7605],[104.99,-4.7605],[104.9745,-4.76],[104.9725,-4.7595],[104.9705,-4.7575],[104.9525,-4.745],[104.9515,-4.744],[104.9495,-4.7445],[104.9445,-4.7315]]],[[[104.8795,-4.655],[104.8785,-4.653],[104.878,-4.654],[104.871,-4.6565],[104.8685,-4.6565],[104.868,-4.6565],[104.8675,-4.657],[104.866,-4.6585],[104.863,-4.662],[104.847,-4.673],[104.8455,-4.675],[104.8455,-4.6755],[104.8465,-4.678],[104.847,-4.679],[104.8485,-4.68],[104.8525,-4.6805],[104.853,-4.6805],[104.9045,-4.681],[104.9055,-4.6815],[104.905,-4.6825],[104.889,-4.7085],[104.892,-4.722],[104.8915,-4.7235],[104.8935,-4.7235],[104.904,-4.7195],[104.905,-4.714],[104.9055,-4.7115],[104.912,-4.713],[104.913,-4.707],[104.9155,-4.7035],[104.9155,-4.703],[104.9165,-4.702],[104.9105,-4.7005],[104.909,-4.695],[104.908,-4.694],[104.91,-4.684],[104.9125,-4.682],[104.911,-4.6795],[104.9105,-4.6795],[104.909,-4.681],[104.908,-4.68],[104.907,-4.682],[104.903,-4.678],[104.9015,-4.6765],[104.8905,-4.659],[104.89,-4.6555],[104.888,-4.6555],[104.886,-4.6555],[104.885,-4.6555],[104.8795,-4.655]]]]},"properties":{"code":"18.03.05.2005","name":"Penagan Ratu"}},{"type":"Feature","geometry":{"type":"Polygon","coordinates":[[[104.9935,-4.7815],[104.993,-4.7825],[104.987,-4.772],[104.972,-4.767],[104.952,-4.766],[104.9485,-4.7635],[104.9555,-4.784],[104.97,-4.7845],[104.9795,-4.795],[104.9855,-4.795],[104.988,-4.796],[104.9885,-4.795],[104.9905,-4.794],[104.9905,-4.7935],[104.991,-4.7925],[104.9895,-4.7915],[104.9905,-4.7905],[104.994,-4.7865],[104.9945,-4.7865],[104.995,-4.7865],[104.995,-4.785],[104.996,-4.783],[104.9945,-4.7815],[104.9935,-4.7815]]]},"properties":{"code":"18.03.05.2006","name":"Peraduan Waras"}},{"type":"Feature","geometry":{"type":"Polygon","coordinates":[[[104.9575,-4.696],[104.9485,-4.7155],[104.959,-4.724],[104.9605,-4.726],[104.9615,-4.732],[104.963,-4.7335],[104.9615,-4.743],[104.956,-4.7445],[104.9525,-4.745],[104.9705,-4.7575],[104.9745,-4.755],[104.9755,-4.7545],[104.976,-4.746],[104.9755,-4.741],[104.9945,-4.746],[105.003,-4.7405],[105.004,-4.739],[105.005,-4.737],[105.006,-4.737],[105.0055,-4.7345],[105.006,-4.733],[105.0065,-4.732],[105.006,-4.732],[105.006,-4.7315],[105.0065,-4.731],[105.007,-4.731],[105.0075,-4.7315],[105.007,-4.731],[105.007,-4.73],[105.0075,-4.73],[105.0055,-4.7255],[105.0035,-4.724],[104.9955,-4.7245],[104.992,-4.7275],[104.9885,-4.7315],[104.987,-4.7315],[104.986,-4.7305],[104.984,-4.728],[104.9835,-4.727],[104.983,-4.7265],[104.983,-4.7235],[104.984,-4.721],[104.9625,-4.7015],[104.962,-4.701],[104.9645,-4.7005],[104.964,-4.699],[104.959,-4.6985],[104.959,-4.7],[104.9585,-4.6995],[104.9575,-4.696]]]},"properties":{"code":"18.03.05.2007","name":"Surakarta"}},{"type":"Feature","geometry":{"type":"Polygon","coordinates":[[[105.123,-4.7255],[105.122,-4.7255],[105.086,-4.702],[105.086,-4.7025],[105.0855,-4.703],[105.0855,-4.7035],[105.084,-4.704],[105.0795,-4.706],[105.077,-4.7075],[105.0755,-4.711],[105.076,-4.715],[105.0755,-4.717],[105.074,-4.726],[105.0745,-4.7265],[105.0735,-4.728],[105.065,-4.7405],[105.064,-4.7415],[105.0635,-4.742],[105.062,-4.7435],[105.0565,-4.757],[105.0485,-4.763],[105.0435,-4.7765],[105.0395,-4.7805],[105.037,-4.7865],[105.0375,-4.79],[105.0455,-4.7935],[105.0485,-4.7935],[105.051,-4.7935],[105.068,-4.78],[105.0675,-4.777],[105.0695,-4.764],[105.077,-4.7595],[105.079,-4.7565],[105.082,-4.753],[105.0845,-4.7515],[105.096,-4.7375],[105.1085,-4.739],[105.109,-4.7385],[105.1115,-4.735],[105.1145,-4.7335],[105.1195,-4.731],[105.122,-4.729],[105.123,-4.7255]]]},"properties":{"code":"18.03.05.2008","name":"Rejo Mulyo"}},{"type":"Feature","geometry":{"type":"Polygon","coordinates":[[[105.034,-4.7335],[105.0325,-4.7335],[105.0305,-4.7345],[105.0185,-4.731],[105.016,-4.729],[105.011,-4.7325],[105.009,-4.7315],[105.007,-4.73],[105.007,-4.731],[105.0075,-4.7315],[105.007,-4.731],[105.006,-4.7315],[105.006,-4.732],[105.0065,-4.732],[105.006,-4.733],[105.0055,-4.7345],[105.006,-4.7365],[105.0105,-4.743],[105.002,-4.7485],[105.0005,-4.759],[104.9905,-4.7605],[104.993,-4.767],[104.993,-4.7675],[104.993,-4.7705],[104.9935,-4.771],[104.993,-4.7715],[104.994,-4.7725],[104.9945,-4.7725],[105.0085,-4.777],[105.014,-4.779],[105.0265,-4.7855],[105.0255,-4.7765],[105.026,-4.7735],[105.027,-4.7725],[105.027,-4.7715],[105.03,-4.7655],[105.03,-4.7645],[105.0305,-4.764],[105.0305,-4.759],[105.031,-4.757],[105.0305,-4.757],[105.03,-4.756],[105.0255,-4.751],[105.0275,-4.7485],[105.0315,-4.74],[105.0325,-4.7385],[105.034,-4.7365],[105.034,-4.7345],[105.034,-4.7335]]]},"properties":{"code":"18.03.05.2009","name":"Sidomukti"}},{"type":"Feature","geometry":{"type":"Polygon","coordinates":[[[105.0645,-4.7415],[105.0635,-4.741],[105.062,-4.7395],[105.0605,-4.738],[105.059,-4.7375],[105.057,-4.74],[105.0475,-4.755],[105.0465,-4.757],[105.0355,-4.7685],[105.0325,-4.7665],[105.031,-4.766],[105.0305,-4.765],[105.0305,-4.7645],[105.03,-4.7655],[105.027,-4.7715],[105.027,-4.7725],[105.026,-4.7735],[105.0255,-4.7765],[105.0265,-4.7855],[105.031,-4.787],[105.0375,-4.79],[105.037,-4.7865],[105.0395,-4.7805],[105.0435,-4.7765],[105.0485,-4.763],[105.0565,-4.757],[105.062,-4.7435],[105.0645,-4.7415]]]},"properties":{"code":"18.03.05.2010","name":"Bumi Jaya"}},{"type":"Feature","geometry":{"type":"Polygon","coordinates":[[[104.9575,-4.696],[104.958,-4.6945],[104.9565,-4.694],[104.9545,-4.692],[104.954,-4.691],[104.9515,-4.6905],[104.9565,-4.684],[104.9545,-4.681],[104.9505,-4.676],[104.95,-4.6805],[104.9495,-4.682],[104.939,-4.6865],[104.9315,-4.679],[104.9295,-4.681],[104.922,-4.684],[104.917,-4.7015],[104.916,-4.703],[104.9155,-4.703],[104.9155,-4.7035],[104.913,-4.707],[104.912,-4.713],[104.9055,-4.7115],[104.9055,-4.712],[104.9065,-4.712],[104.9065,-4.7125],[104.9105,-4.713],[104.9095,-4.7205],[104.915,-4.722],[104.915,-4.7325],[104.916,-4.738],[104.916,-4.7415],[104.918,-4.741],[104.934,-4.7445],[104.934,-4.745],[104.934,-4.7365],[104.937,-4.7355],[104.943,-4.731],[104.9445,-4.7315],[104.9495,-4.7445],[104.9515,-4.744],[104.9525,-4.745],[104.956,-4.7445],[104.9615,-4.743],[104.963,-4.7335],[104.9615,-4.732],[104.9605,-4.726],[104.959,-4.724],[104.9485,-4.7155],[104.9575,-4.696]]]},"properties":{"code":"18.03.05.2011","name":"Papan Rejo"}},{"type":"Feature","geometry":{"type":"Polygon","coordinates":[[[104.9905,-4.7605],[105.0005,-4.759],[105.002,-4.7485],[105.0105,-4.743],[105.006,-4.7365],[105.006,-4.737],[105.005,-4.737],[105.004,-4.739],[105.003,-4.7405],[104.9945,-4.746],[104.9755,-4.741],[104.976,-4.746],[104.9755,-4.7545],[104.9745,-4.755],[104.9725,-4.7595],[104.9745,-4.76],[104.99,-4.7605],[104.9905,-4.7605]]]},"properties":{"code":"18.03.05.2012","name":"Sumber Agung"}},{"type":"Feature","geometry":{"type":"Polygon","coordinates":[[[104.668,-4.8735],[104.6565,-4.8695],[104.65,-4.8855],[104.651,-4.886],[104.66,-4.8875],[104.6635,-4.8885],[104.665,-4.8865],[104.6655,-4.882],[104.668,-4.8775],[104.668,-4.8735]]]},"properties":{"code":"18.03.06.2005","name":"Tanjung Harta"}},{"type":"Feature","geometry":{"type":"Polygon","coordinates":[[[104.6995,-4.8585],[104.687,-4.8575],[104.687,-4.8655],[104.694,-4.8685],[104.6945,-4.867],[104.695,-4.8675],[104.6975,-4.868],[104.699,-4.87],[104.7035,-4.8715],[104.7055,-4.874],[104.7005,-4.878],[104.697,-4.8785],[104.693,-4.8765],[104.6935,-4.8865],[104.6935,-4.8885],[104.697,-4.8945],[104.704,-4.895],[104.702,-4.883],[104.7155,-4.8815],[104.7185,-4.876],[104.718,-4.871],[104.717,-4.8615],[104.7165,-4.8615],[104.716,-4.8625],[104.7095,-4.861],[104.7045,-4.8595],[104.7005,-4.859],[104.6995,-4.8585]]]},"properties":{"code":"18.03.06.2006","name":"Ogan Lima"}},{"type":"Feature","geometry":{"type":"Polygon","coordinates":[[[104.7155,-4.8815],[104.702,-4.883],[104.704,-4.895],[104.7065,-4.8995],[104.713,-4.897],[104.727,-4.897],[104.73,-4.893],[104.729,-4.8865],[104.729,-4.8835],[104.7285,-4.8845],[104.7205,-4.882],[104.722,-4.882],[104.7155,-4.8815]]]},"properties":{"code":"18.03.06.2007","name":"Hujan Mas"}},{"type":"Feature","geometry":{"type":"Polygon","coordinates":[[[104.733,-4.8635],[104.7315,-4.86],[104.725,-4.8575],[104.7185,-4.863],[104.718,-4.8615],[104.717,-4.8615],[104.718,-4.871],[104.7185,-4.876],[104.722,-4.882],[104.733,-4.8635]]]},"properties":{"code":"18.03.06.2008","name":"Simpang Agung"}},{"type":"Feature","geometry":{"type":"Polygon","coordinates":[[[104.7765,-4.85],[104.7655,-4.8435],[104.763,-4.8445],[104.7605,-4.846],[104.7595,-4.847],[104.7585,-4.8475],[104.759,-4.848],[104.76,-4.8485],[104.7595,-4.8505],[104.7595,-4.851],[104.7565,-4.8505],[104.753,-4.857],[104.7395,-4.8625],[104.743,-4.867],[104.75,-4.873],[104.7505,-4.8735],[104.7515,-4.874],[104.754,-4.875],[104.7555,-4.877],[104.758,-4.8755],[104.7595,-4.877],[104.762,-4.878],[104.7725,-4.8785],[104.7755,-4.8755],[104.776,-4.8755],[104.7785,-4.8775],[104.7815,-4.8755],[104.7795,-4.8745],[104.781,-4.873],[104.782,-4.8735],[104.7825,-4.8735],[104.7835,-4.8735],[104.784,-4.873],[104.783,-4.8725],[104.7825,-4.872],[104.782,-4.8705],[104.782,-4.8695],[104.7825,-4.863],[104.782,-4.861],[104.7785,-4.8565],[104.7765,-4.85]]]},"properties":{"code":"18.03.06.2009","name":"Bumi Nabung"}},{"type":"Feature","geometry":{"type":"Polygon","coordinates":[[[104.745,-4.8405],[104.7405,-4.84],[104.7395,-4.8375],[104.7385,-4.836],[104.738,-4.8375],[104.736,-4.839],[104.73,-4.8395],[104.718,-4.848],[104.72,-4.851],[104.725,-4.8575],[104.727,-4.8545],[104.7405,-4.8495],[104.745,-4.8405]]]},"properties":{"code":"18.03.06.2010","name":"Kamplas"}},{"type":"Feature","geometry":{"type":"Polygon","coordinates":[[[104.7185,-4.848],[104.71,-4.8475],[104.705,-4.846],[104.686,-4.8425],[104.684,-4.8445],[104.682,-4.8485],[104.6815,-4.8495],[104.6835,-4.853],[104.6865,-4.8525],[104.6975,-4.8575],[104.699,-4.858],[104.7005,-4.859],[104.7045,-4.8595],[104.7095,-4.861],[104.716,-4.8625],[104.7165,-4.8615],[104.717,-4.8615],[104.718,-4.8615],[104.7185,-4.863],[104.725,-4.8575],[104.72,-4.851],[104.7185,-4.848]]]},"properties":{"code":"18.03.06.2011","name":"Kistang"}},{"type":"Feature","geometry":{"type":"Polygon","coordinates":[[[104.668,-4.8385],[104.6525,-4.8215],[104.6515,-4.8295],[104.6455,-4.844],[104.6395,-4.841],[104.639,-4.8415],[104.643,-4.854],[104.651,-4.8555],[104.653,-4.8615],[104.651,-4.8635],[104.6565,-4.8695],[104.668,-4.8735],[104.669,-4.8735],[104.6695,-4.8725],[104.674,-4.871],[104.675,-4.869],[104.6835,-4.8675],[104.685,-4.8675],[104.6855,-4.868],[104.6865,-4.868],[104.687,-4.8655],[104.687,-4.8575],[104.6995,-4.8585],[104.6975,-4.8575],[104.6865,-4.8525],[104.6835,-4.853],[104.6815,-4.8495],[104.682,-4.8485],[104.684,-4.8445],[104.687,-4.842],[104.6845,-4.837],[104.6835,-4.837],[104.6805,-4.8405],[104.678,-4.8415],[104.675,-4.839],[104.672,-4.8395],[104.668,-4.8385]]]},"properties":{"code":"18.03.06.2012","name":"Cahaya Negeri"}},{"type":"Feature","geometry":{"type":"MultiPolygon","coordinates":[[[[104.681,-4.816],[104.6765,-4.814],[104.675,-4.839],[104.678,-4.8415],[104.6805,-4.8405],[104.6835,-4.837],[104.685,-4.8355],[104.6855,-4.835],[104.6855,-4.834],[104.6855,-4.8325],[104.6855,-4.831],[104.6865,-4.8315],[104.687,-4.8315],[104.682,-4.8155],[104.681,-4.816]]],[[[104.668,-4.8385],[104.6705,-4.823],[104.6655,-4.809],[104.6645,-4.8065],[104.6585,-4.8085],[104.6555,-4.815],[104.652,-4.819],[104.6525,-4.8215],[104.668,-4.8385]]]]},"properties":{"code":"18.03.06.2013","name":"Lepang Besar"}},{"type":"Feature","geometry":{"type":"Polygon","coordinates":[[[104.7495,-4.8425],[104.745,-4.8405],[104.7405,-4.8495],[104.727,-4.8545],[104.7315,-4.86],[104.733,-4.8635],[104.74,-4.8635],[104.7395,-4.8625],[104.753,-4.857],[104.7565,-4.8505],[104.7595,-4.851],[104.7595,-4.8505],[104.76,-4.8485],[104.7585,-4.848],[104.758,-4.847],[104.7575,-4.8465],[104.7575,-4.8445],[104.7495,-4.8425]]]},"properties":{"code":"18.03.06.2016","name":"Pengaringan"}},{"type":"Feature","geometry":{"type":"Polygon","coordinates":[[[104.7025,-4.8045],[104.7015,-4.8035],[104.7005,-4.805],[104.6995,-4.805],[104.697,-4.8045],[104.6925,-4.8055],[104.692,-4.8065],[104.682,-4.8155],[104.687,-4.8315],[104.689,-4.832],[104.691,-4.8315],[104.692,-4.83],[104.6935,-4.8285],[104.6955,-4.828],[104.7075,-4.8275],[104.706,-4.824],[104.7035,-4.8165],[104.7025,-4.8045]]]},"properties":{"code":"18.03.06.2017","name":"Gunung Betuah"}},{"type":"Feature","geometry":{"type":"Polygon","coordinates":[[[104.687,-4.8655],[104.6865,-4.868],[104.6855,-4.868],[104.685,-4.8675],[104.6835,-4.8675],[104.675,-4.869],[104.674,-4.871],[104.6695,-4.8725],[104.669,-4.8735],[104.668,-4.8775],[104.6655,-4.882],[104.665,-4.8865],[104.6635,-4.8885],[104.6655,-4.8895],[104.6785,-4.8815],[104.681,-4.8805],[104.6815,-4.879],[104.683,-4.8785],[104.686,-4.8785],[104.692,-4.877],[104.6925,-4.8765],[104.6935,-4.8765],[104.697,-4.8785],[104.7005,-4.878],[104.7055,-4.874],[104.7035,-4.8715],[104.699,-4.87],[104.6975,-4.868],[104.695,-4.8675],[104.6945,-4.867],[104.694,-4.8685],[104.687,-4.8655]]]},"properties":{"code":"18.03.06.2021","name":"Way Wakak"}},{"type":"Feature","geometry":{"type":"Polygon","coordinates":[[[104.724,-4.8355],[104.724,-4.836],[104.7245,-4.8365],[104.7235,-4.8365],[104.723,-4.8365],[104.71,-4.832],[104.7075,-4.8275],[104.6955,-4.828],[104.6935,-4.8285],[104.692,-4.83],[104.691,-4.8315],[104.689,-4.832],[104.687,-4.8315],[104.6865,-4.8315],[104.6855,-4.831],[104.6855,-4.8325],[104.6855,-4.834],[104.6855,-4.835],[104.685,-4.8355],[104.6845,-4.837],[104.687,-4.842],[104.686,-4.8425],[104.705,-4.846],[104.71,-4.8475],[104.7185,-4.848],[104.718,-4.848],[104.73,-4.8395],[104.736,-4.839],[104.738,-4.8375],[104.7385,-4.836],[104.7365,-4.8335],[104.73,-4.837],[104.724,-4.8355]]]},"properties":{"code":"18.03.06.2023","name":"Pematang Kasih"}},{"type":"Feature","geometry":{"type":"Polygon","coordinates":[[[104.7515,-4.874],[104.7505,-4.8735],[104.75,-4.873],[104.743,-4.867],[104.74,-4.8635],[104.733,-4.8635],[104.722,-4.882],[104.7205,-4.882],[104.7285,-4.8845],[104.729,-4.8835],[104.73,-4.883],[104.736,-4.8845],[104.742,-4.881],[104.746,-4.8795],[104.752,-4.877],[104.7515,-4.874]]]},"properties":{"code":"18.03.06.2024","name":"Bumi Mandiri"}},{"type":"Feature","geometry":{"type":"Polygon","coordinates":[[[104.964,-4.902],[104.963,-4.9025],[104.9615,-4.9015],[104.952,-4.895],[104.95,-4.8955],[104.952,-4.902],[104.949,-4.905],[104.9435,-4.9085],[104.9435,-4.9135],[104.9465,-4.9185],[104.9475,-4.9185],[104.948,-4.918],[104.949,-4.9175],[104.9495,-4.9175],[104.95,-4.9185],[104.951,-4.9195],[104.9535,-4.92],[104.959,-4.9175],[104.962,-4.916],[104.9635,-4.9135],[104.965,-4.913],[104.9665,-4.9125],[104.9645,-4.902],[104.964,-4.902]]]},"properties":{"code":"18.03.07.2004","name":"Trimodadi"}},{"type":"Feature","geometry":{"type":"Polygon","coordinates":[[[104.882,-4.9335],[104.8795,-4.9325],[104.8725,-4.93],[104.868,-4.939],[104.8735,-4.9555],[104.882,-4.963],[104.883,-4.964],[104.8985,-4.9605],[104.901,-4.9605],[104.9035,-4.959],[104.9035,-4.9585],[104.9045,-4.9575],[104.9105,-4.953],[104.912,-4.952],[104.9125,-4.9515],[104.9115,-4.951],[104.9125,-4.95],[104.9135,-4.949],[104.914,-4.948],[104.914,-4.9475],[104.895,-4.9425],[104.882,-4.9335]]]},"properties":{"code":"18.03.07.2005","name":"Cabang Empat"}},{"type":"Feature","geometry":{"type":"Polygon","coordinates":[[[104.906,-4.918],[104.898,-4.916],[104.8975,-4.9165],[104.897,-4.9195],[104.8985,-4.925],[104.8975,-4.9265],[104.8905,-4.9345],[104.882,-4.9335],[104.895,-4.9425],[104.914,-4.9475],[104.9135,-4.9475],[104.92,-4.9395],[104.9205,-4.939],[104.921,-4.938],[104.9205,-4.9375],[104.921,-4.9305],[104.9215,-4.9295],[104.922,-4.929],[104.9225,-4.9285],[104.921,-4.929],[104.919,-4.929],[104.9155,-4.9215],[104.914,-4.92],[104.906,-4.918]]]},"properties":{"code":"18.03.07.2006","name":"Sinar Ogan"}},{"type":"Feature","geometry":{"type":"Polygon","coordinates":[[[104.968,-4.8375],[104.9675,-4.836],[104.967,-4.8355],[104.9585,-4.8475],[104.956,-4.851],[104.957,-4.853],[104.956,-4.857],[104.9575,-4.865],[104.9575,-4.8655],[104.9565,-4.8665],[104.954,-4.867],[104.952,-4.868],[104.9435,-4.8805],[104.951,-4.895],[104.952,-4.895],[104.9615,-4.9015],[104.963,-4.9025],[104.964,-4.902],[104.969,-4.901],[104.976,-4.878],[104.976,-4.876],[104.9755,-4.873],[104.975,-4.873],[104.975,-4.8725],[104.976,-4.8725],[104.978,-4.8495],[104.9745,-4.849],[104.968,-4.8455],[104.9675,-4.844],[104.9665,-4.8405],[104.9665,-4.839],[104.968,-4.8375]]]},"properties":{"code":"18.03.07.2007","name":"Kalibalangan"}},{"type":"Feature","geometry":{"type":"Polygon","coordinates":[[[104.883,-4.964],[104.882,-4.963],[104.872,-4.9665],[104.871,-4.9775],[104.865,-4.98],[104.8645,-4.982],[104.8485,-4.9975],[104.852,-4.9955],[104.855,-4.994],[104.857,-4.9905],[104.8755,-4.9845],[104.879,-4.9875],[104.883,-4.9895],[104.889,-4.9885],[104.89,-4.989],[104.8905,-4.9885],[104.9045,-4.9825],[104.905,-4.9825],[104.905,-4.982],[104.9055,-4.9795],[104.906,-4.979],[104.907,-4.977],[104.908,-4.977],[104.9075,-4.9755],[104.907,-4.9745],[104.895,-4.979],[104.8815,-4.973],[104.883,-4.964]]]},"properties":{"code":"18.03.07.2009","name":"Gilih Sukanegeri"}},{"type":"Feature","geometry":{"type":"Polygon","coordinates":[[[104.9205,-4.85],[104.9155,-4.8515],[104.914,-4.856],[104.9135,-4.857],[104.9125,-4.8575],[104.9105,-4.8745],[104.9125,-4.8805],[104.906,-4.893],[104.906,-4.918],[104.914,-4.92],[104.9155,-4.9215],[104.919,-4.929],[104.921,-4.929],[104.9225,-4.9285],[104.922,-4.928],[104.9225,-4.9255],[104.9235,-4.9225],[104.9255,-4.921],[104.9285,-4.9195],[104.934,-4.906],[104.9345,-4.903],[104.935,-4.9025],[104.935,-4.9005],[104.9335,-4.88],[104.933,-4.874],[104.9325,-4.874],[104.9305,-4.8745],[104.9295,-4.874],[104.928,-4.871],[104.925,-4.866],[104.927,-4.8545],[104.9275,-4.854],[104.9285,-4.854],[104.929,-4.8535],[104.9305,-4.851],[104.931,-4.85],[104.9285,-4.8495],[104.922,-4.8505],[104.9205,-4.85]]]},"properties":{"code":"18.03.07.2010","name":"Candimas"}},{"type":"Feature","geometry":{"type":"Polygon","coordinates":[[[104.967,-4.8355],[104.9675,-4.8345],[104.9695,-4.8215],[104.965,-4.8205],[104.963,-4.8215],[104.9625,-4.8215],[104.961,-4.8205],[104.96,-4.82],[104.9565,-4.822],[104.9535,-4.8225],[104.9525,-4.8235],[104.952,-4.8245],[104.952,-4.827],[104.95,-4.827],[104.943,-4.8305],[104.9405,-4.849],[104.94,-4.8495],[104.94,-4.85],[104.9385,-4.8505],[104.938,-4.851],[104.9375,-4.8515],[104.938,-4.852],[104.9375,-4.853],[104.9395,-4.854],[104.94,-4.8545],[104.941,-4.8555],[104.941,-4.856],[104.9405,-4.862],[104.941,-4.863],[104.9435,-4.8805],[104.952,-4.868],[104.954,-4.867],[104.9565,-4.8665],[104.9575,-4.8655],[104.9575,-4.865],[104.956,-4.857],[104.957,-4.853],[104.956,-4.851],[104.9585,-4.8475],[104.967,-4.8355]]]},"properties":{"code":"18.03.07.2011","name":"Kembang Tanjung"}},{"type":"Feature","geometry":{"type":"Polygon","coordinates":[[[104.9515,-4.818],[104.941,-4.8055],[104.941,-4.8015],[104.939,-4.801],[104.9365,-4.8025],[104.9365,-4.803],[104.937,-4.8225],[104.9305,-4.8195],[104.93,-4.8215],[104.9305,-4.8225],[104.9305,-4.823],[104.931,-4.8255],[104.93,-4.828],[104.93,-4.831],[104.929,-4.8315],[104.929,-4.8325],[104.9295,-4.8325],[104.9275,-4.836],[104.9265,-4.839],[104.925,-4.839],[104.924,-4.8415],[104.924,-4.8445],[104.921,-4.8495],[104.9205,-4.85],[104.921,-4.85],[104.9225,-4.8505],[104.928,-4.85],[104.9295,-4.85],[104.938,-4.8525],[104.938,-4.852],[104.9375,-4.8515],[104.938,-4.851],[104.9385,-4.8505],[104.94,-4.85],[104.94,-4.8495],[104.9405,-4.849],[104.943,-4.8305],[104.95,-4.827],[104.952,-4.827],[104.952,-4.8245],[104.9525,-4.8235],[104.9515,-4.8235],[104.9475,-4.8245],[104.9475,-4.8225],[104.947,-4.8225],[104.95,-4.818],[104.9515,-4.818]]]},"properties":{"code":"18.03.07.2012","name":"Abung Jayo"}},{"type":"Feature","geometry":{"type":"Polygon","coordinates":[[[104.906,-4.893],[104.894,-4.8915],[104.894,-4.892],[104.8925,-4.894],[104.891,-4.8945],[104.893,-4.895],[104.8925,-4.8975],[104.8925,-4.8985],[104.8945,-4.9015],[104.898,-4.916],[104.906,-4.918],[104.906,-4.893]]]},"properties":{"code":"18.03.07.2013","name":"Kembang Gading"}},{"type":"Feature","geometry":{"type":"Polygon","coordinates":[[[104.9435,-4.8805],[104.941,-4.863],[104.94,-4.8635],[104.934,-4.8715],[104.9335,-4.88],[104.935,-4.9005],[104.935,-4.9025],[104.9345,-4.903],[104.934,-4.905],[104.9435,-4.9085],[104.949,-4.905],[104.952,-4.902],[104.95,-4.8955],[104.951,-4.895],[104.9435,-4.8805]]]},"properties":{"code":"18.03.07.2014","name":"Ratu Abung"}},{"type":"Feature","geometry":{"type":"Polygon","coordinates":[[[104.9755,-4.8725],[104.975,-4.873],[104.9755,-4.873],[104.976,-4.876],[104.976,-4.878],[104.969,-4.901],[104.9795,-4.9075],[104.9805,-4.9075],[104.983,-4.9055],[104.9825,-4.904],[104.984,-4.904],[104.9835,-4.898],[104.984,-4.897],[104.983,-4.889],[104.983,-4.886],[104.9835,-4.8855],[104.984,-4.884],[104.99,-4.8785],[104.982,-4.877],[104.98,-4.876],[104.9785,-4.874],[104.9765,-4.873],[104.9755,-4.8725]]]},"properties":{"code":"18.03.07.2015","name":"Bandar Kagungan Raya"}},{"type":"Feature","geometry":{"type":"Polygon","coordinates":[[[104.938,-4.8525],[104.931,-4.85],[104.9305,-4.851],[104.929,-4.8535],[104.9285,-4.854],[104.928,-4.8685],[104.928,-4.871],[104.9295,-4.874],[104.9305,-4.8745],[104.9325,-4.874],[104.933,-4.874],[104.934,-4.8715],[104.94,-4.8635],[104.9405,-4.862],[104.941,-4.856],[104.941,-4.8555],[104.94,-4.8545],[104.9395,-4.854],[104.9375,-4.853],[104.938,-4.8525]]]},"properties":{"code":"18.03.07.2016","name":"Bumi Raya"}},{"type":"Feature","geometry":{"type":"Polygon","coordinates":[[[104.9435,-4.9085],[104.934,-4.905],[104.934,-4.906],[104.9285,-4.9195],[104.9255,-4.921],[104.9235,-4.9225],[104.9225,-4.9255],[104.922,-4.928],[104.9225,-4.929],[104.921,-4.9305],[104.9205,-4.9375],[104.9225,-4.936],[104.9215,-4.934],[104.922,-4.932],[104.924,-4.9295],[104.924,-4.928],[104.926,-4.924],[104.9265,-4.923],[104.9275,-4.9225],[104.9285,-4.9235],[104.9285,-4.924],[104.9325,-4.92],[104.935,-4.92],[104.936,-4.9195],[104.9395,-4.921],[104.94,-4.9215],[104.9415,-4.922],[104.942,-4.92],[104.9445,-4.919],[104.9455,-4.919],[104.9475,-4.9185],[104.9435,-4.9135],[104.9435,-4.9085]]]},"properties":{"code":"18.03.07.2017","name":"Kemalo Abung"}},{"type":"Feature","geometry":{"type":"Polygon","coordinates":[[[104.9035,-4.959],[104.901,-4.9605],[104.8985,-4.9605],[104.883,-4.964],[104.8815,-4.973],[104.895,-4.979],[104.907,-4.9745],[104.907,-4.973],[104.9065,-4.9705],[104.906,-4.968],[104.905,-4.966],[104.9055,-4.9645],[104.906,-4.9645],[104.9065,-4.964],[104.9035,-4.959]]]},"properties":{"code":"18.03.07.2018","name":"Cabang Abung Raya"}},{"type":"Feature","geometry":{"type":"Polygon","coordinates":[[[104.9285,-4.854],[104.9275,-4.854],[104.927,-4.8545],[104.925,-4.866],[104.928,-4.8685],[104.9285,-4.854]]]},"properties":{"code":"18.03.07.2019","name":"Kalibening Raya"}},{"type":"Feature","geometry":{"type":"Polygon","coordinates":[[[104.968,-4.8375],[104.9665,-4.839],[104.9665,-4.8405],[104.9675,-4.844],[104.968,-4.8455],[104.9745,-4.849],[104.9845,-4.85],[104.991,-4.845],[104.989,-4.8435],[104.981,-4.839],[104.968,-4.8375]]]},"properties":{"code":"18.03.07.2020","name":"Way Lunik"}},{"type":"Feature","geometry":{"type":"Polygon","coordinates":[[[104.716,-4.683],[104.7035,-4.6725],[104.703,-4.671],[104.7015,-4.673],[104.6935,-4.677],[104.694,-4.6775],[104.688,-4.678],[104.6845,-4.6795],[104.6825,-4.682],[104.684,-4.6845],[104.685,-4.686],[104.685,-4.6865],[104.6885,-4.6865],[104.683,-4.6885],[104.6795,-4.688],[104.6785,-4.6875],[104.6855,-4.714],[104.7005,-4.7105],[104.7065,-4.706],[104.709,-4.706],[104.7135,-4.7025],[104.7125,-4.7015],[104.716,-4.683]]]},"properties":{"code":"18.03.08.2005","name":"Ogan Jaya"}},{"type":"Feature","geometry":{"type":"Polygon","coordinates":[[[104.766,-4.6615],[104.7555,-4.661],[104.754,-4.66],[104.7525,-4.66],[104.7465,-4.6595],[104.7455,-4.6585],[104.745,-4.6645],[104.7445,-4.671],[104.7495,-4.6715],[104.752,-4.672],[104.7555,-4.6715],[104.7695,-4.6695],[104.7715,-4.6695],[104.781,-4.661],[104.781,-4.6605],[104.781,-4.66],[104.781,-4.659],[104.779,-4.6595],[104.7745,-4.662],[104.772,-4.6615],[104.7725,-4.6605],[104.771,-4.6605],[104.771,-4.66],[104.77,-4.659],[104.766,-4.6615]]]},"properties":{"code":"18.03.08.2009","name":"Ciamis"}},{"type":"Feature","geometry":{"type":"Polygon","coordinates":[[[104.7455,-4.6605],[104.734,-4.655],[104.733,-4.658],[104.733,-4.6585],[104.733,-4.659],[104.7345,-4.6585],[104.7315,-4.6695],[104.7305,-4.6695],[104.735,-4.67],[104.734,-4.6725],[104.7325,-4.6725],[104.7315,-4.672],[104.729,-4.672],[104.7275,-4.674],[104.7195,-4.679],[104.716,-4.683],[104.7125,-4.7015],[104.7155,-4.703],[104.717,-4.691],[104.7315,-4.6775],[104.7435,-4.672],[104.7445,-4.671],[104.745,-4.6645],[104.7455,-4.6605]]]},"properties":{"code":"18.03.08.2010","name":"Padang Ratu"}},{"type":"Feature","geometry":{"type":"Polygon","coordinates":[[[104.7305,-4.6695],[104.7315,-4.6695],[104.7345,-4.6585],[104.732,-4.6595],[104.7315,-4.6595],[104.7305,-4.6695]]]},"properties":{"code":"18.03.08.2011","name":"Negeri Sakti"}},{"type":"Feature","geometry":{"type":"Polygon","coordinates":[[[104.7245,-4.6535],[104.7245,-4.654],[104.7235,-4.6545],[104.7145,-4.6515],[104.7095,-4.66],[104.7085,-4.6615],[104.708,-4.6625],[104.7075,-4.664],[104.706,-4.6665],[104.7055,-4.6675],[104.704,-4.6685],[104.702,-4.6705],[104.7025,-4.671],[104.703,-4.671],[104.7035,-4.6725],[104.716,-4.683],[104.7195,-4.679],[104.7275,-4.674],[104.729,-4.672],[104.7315,-4.672],[104.7325,-4.6725],[104.734,-4.6725],[104.735,-4.67],[104.7305,-4.6695],[104.7315,-4.6595],[104.733,-4.659],[104.733,-4.6585],[104.733,-4.658],[104.734,-4.655],[104.7325,-4.6545],[104.7245,-4.6535]],[[104.714,-4.6655],[104.7265,-4.672],[104.715,-4.6785],[104.714,-4.6655]]]},"properties":{"code":"18.03.08.2012","name":"Negeri Ratu"}},{"type":"Feature","geometry":{"type":"MultiPolygon","coordinates":[[[[104.6885,-4.6865],[104.685,-4.6865],[104.685,-4.686],[104.683,-4.6885],[104.6885,-4.6865]]],[[[104.741,-4.609],[104.74,-4.6085],[104.7375,-4.607],[104.7335,-4.609],[104.7225,-4.611],[104.7125,-4.627],[104.711,-4.6275],[104.7085,-4.6285],[104.7085,-4.6295],[104.7075,-4.63],[104.7065,-4.6305],[104.7035,-4.635],[104.7025,-4.635],[104.706,-4.6415],[104.7245,-4.652],[104.7245,-4.6535],[104.7325,-4.6545],[104.7455,-4.6605],[104.7455,-4.6585],[104.745,-4.658],[104.7445,-4.658],[104.748,-4.6425],[104.756,-4.6345],[104.761,-4.6225],[104.759,-4.621],[104.7505,-4.61],[104.748,-4.6085],[104.7475,-4.61],[104.745,-4.6095],[104.743,-4.6085],[104.7425,-4.6075],[104.741,-4.609]]]]},"properties":{"code":"18.03.08.2019","name":"Negara Ratu"}},{"type":"Feature","geometry":{"type":"Polygon","coordinates":[[[104.756,-4.6345],[104.748,-4.6425],[104.7445,-4.658],[104.745,-4.6585],[104.7465,-4.6595],[104.7525,-4.66],[104.754,-4.66],[104.7555,-4.661],[104.766,-4.6615],[104.765,-4.6415],[104.756,-4.6345]]]},"properties":{"code":"18.03.08.2020","name":"Batu Raja"}},{"type":"Feature","geometry":{"type":"Polygon","coordinates":[[[104.8165,-4.641],[104.8135,-4.6355],[104.7835,-4.6315],[104.7795,-4.631],[104.7755,-4.6465],[104.7785,-4.6475],[104.783,-4.648],[104.79,-4.6475],[104.8035,-4.658],[104.8035,-4.657],[104.805,-4.6575],[104.804,-4.6555],[104.8045,-4.655],[104.8055,-4.6555],[104.8095,-4.6495],[104.8115,-4.648],[104.812,-4.6485],[104.8105,-4.6475],[104.8105,-4.646],[104.8145,-4.643],[104.8145,-4.642],[104.8155,-4.6415],[104.8165,-4.641]]]},"properties":{"code":"18.03.08.2021","name":"Gedung Batin"}},{"type":"Feature","geometry":{"type":"Polygon","coordinates":[[[104.822,-4.635],[104.814,-4.624],[104.7925,-4.619],[104.791,-4.6185],[104.7745,-4.6285],[104.7795,-4.631],[104.7835,-4.6315],[104.8135,-4.6355],[104.8185,-4.641],[104.818,-4.638],[104.8205,-4.6375],[104.8205,-4.6365],[104.8225,-4.6355],[104.822,-4.635]]]},"properties":{"code":"18.03.08.2022","name":"Negara Batin"}},{"type":"Feature","geometry":{"type":"Polygon","coordinates":[[[104.767,-4.576],[104.7525,-4.582],[104.737,-4.6045],[104.7375,-4.607],[104.74,-4.6085],[104.741,-4.609],[104.7425,-4.6075],[104.743,-4.6085],[104.745,-4.6095],[104.7475,-4.61],[104.748,-4.6085],[104.7505,-4.61],[104.759,-4.621],[104.7625,-4.6225],[104.7745,-4.6285],[104.791,-4.6185],[104.7925,-4.619],[104.814,-4.624],[104.822,-4.635],[104.823,-4.635],[104.823,-4.634],[104.8245,-4.6335],[104.8255,-4.633],[104.827,-4.6325],[104.8275,-4.634],[104.828,-4.634],[104.829,-4.632],[104.8295,-4.631],[104.831,-4.6315],[104.8195,-4.623],[104.82,-4.6165],[104.8205,-4.6155],[104.8215,-4.6125],[104.818,-4.612],[104.8195,-4.6105],[104.814,-4.609],[104.811,-4.6085],[104.7865,-4.592],[104.7865,-4.5915],[104.7805,-4.6035],[104.763,-4.6055],[104.758,-4.598],[104.7665,-4.5875],[104.768,-4.5765],[104.767,-4.576]]]},"properties":{"code":"18.03.08.2023","name":"Kota Negara"}},{"type":"Feature","geometry":{"type":"Polygon","coordinates":[[[104.714,-4.6655],[104.715,-4.6785],[104.7265,-4.672],[104.714,-4.6655]]]},"properties":{"code":"18.03.08.2024","name":"Bangun Jaya"}},{"type":"Feature","geometry":{"type":"Polygon","coordinates":[[[104.7715,-4.6695],[104.7695,-4.6695],[104.7555,-4.6715],[104.752,-4.672],[104.7495,-4.6715],[104.7445,-4.671],[104.7435,-4.672],[104.7315,-4.6775],[104.717,-4.691],[104.7155,-4.703],[104.7135,-4.7025],[104.709,-4.706],[104.7065,-4.706],[104.7005,-4.7105],[104.7005,-4.717],[104.7005,-4.7185],[104.7015,-4.719],[104.7015,-4.724],[104.713,-4.7225],[104.736,-4.7105],[104.7355,-4.71],[104.734,-4.707],[104.7345,-4.7],[104.737,-4.697],[104.739,-4.6965],[104.74,-4.6955],[104.7395,-4.694],[104.7505,-4.6845],[104.768,-4.6835],[104.768,-4.6815],[104.7705,-4.6715],[104.771,-4.6705],[104.7715,-4.6695]]]},"properties":{"code":"18.03.08.2028","name":"Baru Raharja"}},{"type":"Feature","geometry":{"type":"Polygon","coordinates":[[[104.7805,-4.532],[104.7795,-4.5315],[104.7735,-4.528],[104.7485,-4.537],[104.7305,-4.5375],[104.73,-4.5555],[104.7015,-4.553],[104.7,-4.558],[104.7,-4.566],[104.7005,-4.566],[104.7035,-4.567],[104.704,-4.567],[104.7045,-4.568],[104.7085,-4.57],[104.7375,-4.607],[104.737,-4.6045],[104.7525,-4.582],[104.767,-4.576],[104.7795,-4.554],[104.7805,-4.532]]]},"properties":{"code":"18.03.08.2029","name":"Hanakau Jaya"}},{"type":"Feature","geometry":{"type":"Polygon","coordinates":[[[104.7745,-4.6285],[104.7625,-4.6225],[104.761,-4.6225],[104.756,-4.6345],[104.765,-4.6415],[104.766,-4.6615],[104.77,-4.659],[104.771,-4.66],[104.771,-4.6605],[104.7725,-4.6605],[104.772,-4.6615],[104.7745,-4.662],[104.779,-4.6595],[104.781,-4.659],[104.781,-4.6585],[104.789,-4.664],[104.795,-4.669],[104.7965,-4.669],[104.8005,-4.6605],[104.801,-4.6595],[104.8035,-4.6595],[104.805,-4.66],[104.805,-4.6595],[104.8035,-4.658],[104.79,-4.6475],[104.783,-4.648],[104.7785,-4.6475],[104.7755,-4.6465],[104.7795,-4.631],[104.7745,-4.6285]]]},"properties":{"code":"18.03.08.2032","name":"Negara Batin II"}},{"type":"Feature","geometry":{"type":"Polygon","coordinates":[[[104.806,-4.5105],[104.8055,-4.5105],[104.8045,-4.5115],[104.8045,-4.511],[104.8035,-4.511],[104.793,-4.5145],[104.786,-4.5265],[104.785,-4.5275],[104.783,-4.5315],[104.7805,-4.532],[104.7795,-4.554],[104.767,-4.576],[104.768,-4.5765],[104.7665,-4.5875],[104.758,-4.598],[104.763,-4.6055],[104.7805,-4.6035],[104.7865,-4.5915],[104.7865,-4.592],[104.811,-4.6085],[104.814,-4.609],[104.8195,-4.6105],[104.818,-4.612],[104.821,-4.6115],[104.824,-4.6045],[104.824,-4.564],[104.8105,-4.535],[104.8065,-4.5185],[104.806,-4.5105]]]},"properties":{"code":"18.03.08.2033","name":"Kota Negara Ilir"}},{"type":"Feature","geometry":{"type":"Polygon","coordinates":[[[104.859,-4.7395],[104.8595,-4.738],[104.843,-4.7385],[104.841,-4.739],[104.84,-4.739],[104.838,-4.74],[104.8355,-4.7445],[104.8335,-4.746],[104.824,-4.745],[104.821,-4.7565],[104.8065,-4.7645],[104.8075,-4.765],[104.815,-4.777],[104.8155,-4.778],[104.816,-4.7925],[104.823,-4.794],[104.824,-4.7945],[104.832,-4.7865],[104.8515,-4.7815],[104.8625,-4.7735],[104.8735,-4.7715],[104.8845,-4.7635],[104.8855,-4.76],[104.8855,-4.7575],[104.8855,-4.756],[104.859,-4.766],[104.8515,-4.758],[104.8555,-4.7505],[104.856,-4.75],[104.8565,-4.749],[104.856,-4.7455],[104.856,-4.7445],[104.858,-4.743],[104.859,-4.7395]]]},"properties":{"code":"18.03.09.2001","name":"Madukoro"}},{"type":"Feature","geometry":{"type":"Polygon","coordinates":[[[104.9305,-4.76],[104.923,-4.759],[104.921,-4.7585],[104.921,-4.758],[104.92,-4.7575],[104.9185,-4.756],[104.897,-4.7595],[104.8895,-4.774],[104.8875,-4.774],[104.8865,-4.7695],[104.886,-4.7695],[104.8855,-4.77],[104.8835,-4.771],[104.876,-4.7805],[104.849,-4.794],[104.8515,-4.8025],[104.854,-4.803],[104.8595,-4.8005],[104.862,-4.8],[104.864,-4.8075],[104.888,-4.805],[104.8885,-4.8035],[104.895,-4.799],[104.903,-4.7995],[104.904,-4.7995],[104.913,-4.791],[104.9125,-4.787],[104.911,-4.7845],[104.9225,-4.773],[104.9245,-4.7715],[104.927,-4.7735],[104.929,-4.7655],[104.9305,-4.76]]]},"properties":{"code":"18.03.09.2002","name":"Kali Cinta"}},{"type":"Feature","geometry":{"type":"Polygon","coordinates":[[[104.8925,-4.724],[104.8915,-4.7235],[104.892,-4.722],[104.889,-4.7085],[104.905,-4.6825],[104.9055,-4.6815],[104.9045,-4.681],[104.853,-4.6805],[104.8525,-4.6805],[104.8495,-4.68],[104.843,-4.6935],[104.842,-4.694],[104.841,-4.6965],[104.841,-4.697],[104.8505,-4.719],[104.858,-4.7245],[104.858,-4.726],[104.857,-4.7255],[104.8425,-4.7285],[104.8385,-4.739],[104.84,-4.739],[104.841,-4.739],[104.843,-4.7385],[104.8595,-4.738],[104.8615,-4.7395],[104.8625,-4.737],[104.866,-4.736],[104.8725,-4.7425],[104.8755,-4.744],[104.876,-4.7445],[104.878,-4.742],[104.8865,-4.7375],[104.887,-4.7365],[104.888,-4.7355],[104.8885,-4.7355],[104.89,-4.7355],[104.89,-4.7345],[104.891,-4.734],[104.891,-4.7325],[104.8905,-4.732],[104.891,-4.732],[104.8905,-4.731],[104.891,-4.7305],[104.8925,-4.724]]]},"properties":{"code":"18.03.09.2003","name":"Wono Marto"}},{"type":"Feature","geometry":{"type":"Polygon","coordinates":[[[104.891,-4.734],[104.89,-4.7345],[104.89,-4.7355],[104.8885,-4.7355],[104.888,-4.7355],[104.887,-4.7365],[104.8865,-4.7375],[104.878,-4.742],[104.876,-4.7445],[104.8755,-4.744],[104.8725,-4.7425],[104.866,-4.736],[104.8625,-4.737],[104.8615,-4.7395],[104.859,-4.7395],[104.858,-4.743],[104.856,-4.7445],[104.856,-4.7455],[104.8565,-4.749],[104.856,-4.75],[104.8555,-4.7505],[104.8515,-4.758],[104.859,-4.766],[104.8855,-4.756],[104.8865,-4.755],[104.8885,-4.753],[104.8885,-4.752],[104.891,-4.734]]]},"properties":{"code":"18.03.09.2004","name":"Talang Jali"}},{"type":"Feature","geometry":{"type":"Polygon","coordinates":[[[104.915,-4.7325],[104.915,-4.722],[104.9095,-4.7205],[104.9105,-4.713],[104.9065,-4.7125],[104.9065,-4.712],[104.9055,-4.712],[104.904,-4.7195],[104.8935,-4.7235],[104.8925,-4.724],[104.891,-4.7305],[104.8905,-4.731],[104.891,-4.732],[104.8905,-4.732],[104.891,-4.7325],[104.891,-4.734],[104.8885,-4.752],[104.8885,-4.753],[104.8865,-4.755],[104.8855,-4.756],[104.8855,-4.7575],[104.8855,-4.76],[104.8845,-4.7635],[104.8865,-4.7695],[104.8875,-4.774],[104.8895,-4.774],[104.897,-4.7595],[104.9185,-4.756],[104.9165,-4.753],[104.915,-4.7515],[104.909,-4.747],[104.915,-4.7325]]]},"properties":{"code":"18.03.09.2005","name":"Margo Rejo"}},{"type":"Feature","geometry":{"type":"Polygon","coordinates":[[[104.809,-4.768],[104.808,-4.7685],[104.8015,-4.776],[104.813,-4.798],[104.813,-4.799],[104.814,-4.8035],[104.814,-4.8055],[104.8275,-4.807],[104.8295,-4.8075],[104.829,-4.8065],[104.828,-4.8045],[104.8295,-4.802],[104.8295,-4.8],[104.83,-4.799],[104.8235,-4.7945],[104.823,-4.794],[104.816,-4.7925],[104.8155,-4.778],[104.815,-4.777],[104.809,-4.768]]]},"properties":{"code":"18.03.09.2006","name":"Banjar Wangi"}},{"type":"Feature","geometry":{"type":"Polygon","coordinates":[[[104.841,-4.697],[104.8345,-4.7105],[104.8205,-4.71],[104.8195,-4.7115],[104.81,-4.717],[104.809,-4.718],[104.806,-4.718],[104.806,-4.7185],[104.8065,-4.7185],[104.806,-4.719],[104.804,-4.7275],[104.804,-4.7295],[104.8,-4.738],[104.801,-4.7405],[104.801,-4.743],[104.803,-4.7445],[104.8035,-4.745],[104.804,-4.7465],[104.8045,-4.7625],[104.8065,-4.7645],[104.821,-4.7565],[104.824,-4.745],[104.8335,-4.746],[104.8355,-4.7445],[104.838,-4.74],[104.8385,-4.739],[104.8425,-4.7285],[104.857,-4.7255],[104.858,-4.726],[104.858,-4.7245],[104.8505,-4.719],[104.841,-4.697]]]},"properties":{"code":"18.03.09.2007","name":"Sawo Jajar"}},{"type":"Feature","geometry":{"type":"Polygon","coordinates":[[[104.8845,-4.7635],[104.8735,-4.7715],[104.8625,-4.7735],[104.8515,-4.7815],[104.832,-4.7865],[104.824,-4.7945],[104.832,-4.8],[104.837,-4.8075],[104.8395,-4.809],[104.8455,-4.8025],[104.849,-4.8025],[104.8515,-4.8025],[104.849,-4.794],[104.876,-4.7805],[104.8835,-4.771],[104.8855,-4.77],[104.886,-4.7695],[104.8865,-4.7695],[104.8845,-4.7635]]]},"properties":{"code":"18.03.09.2008","name":"Madokoro Baru"}},{"type":"Feature","geometry":{"type":"Polygon","coordinates":[[[104.9205,-4.85],[104.921,-4.8495],[104.924,-4.8445],[104.924,-4.8415],[104.925,-4.839],[104.9265,-4.839],[104.9275,-4.836],[104.9295,-4.8325],[104.915,-4.8325],[104.9035,-4.8365],[104.901,-4.835],[104.898,-4.8365],[104.895,-4.84],[104.893,-4.845],[104.8945,-4.848],[104.897,-4.849],[104.8975,-4.8495],[104.898,-4.851],[104.8995,-4.853],[104.902,-4.855],[104.911,-4.858],[104.9135,-4.857],[104.914,-4.856],[104.9155,-4.8515],[104.9205,-4.85]]]},"properties":{"code":"18.03.10.1001","name":"Kelapa Tujuh"}},{"type":"Feature","geometry":{"type":"Polygon","coordinates":[[[104.8845,-4.825],[104.884,-4.8255],[104.881,-4.823],[104.8755,-4.831],[104.8755,-4.8345],[104.8755,-4.835],[104.8785,-4.8355],[104.8785,-4.8365],[104.8795,-4.8365],[104.8825,-4.8385],[104.885,-4.837],[104.89,-4.832],[104.888,-4.83],[104.8895,-4.8285],[104.8905,-4.827],[104.889,-4.826],[104.886,-4.8255],[104.8845,-4.825]]]},"properties":{"code":"18.03.10.1002","name":"Tanjung Aman"}},{"type":"Feature","geometry":{"type":"Polygon","coordinates":[[[104.881,-4.823],[104.8775,-4.8225],[104.8695,-4.836],[104.8685,-4.837],[104.866,-4.836],[104.867,-4.837],[104.867,-4.838],[104.8655,-4.8395],[104.8645,-4.841],[104.867,-4.842],[104.8685,-4.8455],[104.8705,-4.8495],[104.8725,-4.849],[104.8745,-4.8565],[104.867,-4.8795],[104.8675,-4.8805],[104.8695,-4.885],[104.8705,-4.8875],[104.8725,-4.889],[104.886,-4.8985],[104.886,-4.898],[104.8875,-4.8985],[104.892,-4.897],[104.893,-4.895],[104.891,-4.8945],[104.8925,-4.894],[104.894,-4.892],[104.894,-4.8915],[104.889,-4.8875],[104.8865,-4.8825],[104.8825,-4.8745],[104.887,-4.859],[104.8885,-4.8585],[104.888,-4.8515],[104.887,-4.8515],[104.8855,-4.8485],[104.8815,-4.8435],[104.88,-4.842],[104.878,-4.8395],[104.8775,-4.839],[104.879,-4.8385],[104.8795,-4.8365],[104.8785,-4.8365],[104.8785,-4.8355],[104.8755,-4.835],[104.8755,-4.8345],[104.8755,-4.831],[104.881,-4.823]]]},"properties":{"code":"18.03.10.1003","name":"Kota Alam"}},{"type":"Feature","geometry":{"type":"Polygon","coordinates":[[[104.8955,-4.838],[104.892,-4.8325],[104.89,-4.832],[104.885,-4.837],[104.8825,-4.8385],[104.8795,-4.8365],[104.879,-4.8385],[104.8775,-4.839],[104.878,-4.8395],[104.88,-4.842],[104.8815,-4.8435],[104.8855,-4.8485],[104.887,-4.8515],[104.8875,-4.8515],[104.891,-4.849],[104.8935,-4.848],[104.893,-4.845],[104.895,-4.84],[104.8955,-4.838]]]},"properties":{"code":"18.03.10.1011","name":"Tanjung Harapan"}},{"type":"Feature","geometry":{"type":"Polygon","coordinates":[[[104.9125,-4.8575],[104.911,-4.858],[104.902,-4.855],[104.8995,-4.853],[104.898,-4.851],[104.8975,-4.8495],[104.897,-4.849],[104.8945,-4.848],[104.8935,-4.848],[104.891,-4.849],[104.8875,-4.8515],[104.888,-4.8515],[104.8885,-4.8585],[104.887,-4.859],[104.8825,-4.8745],[104.8865,-4.8825],[104.889,-4.8875],[104.894,-4.8915],[104.906,-4.893],[104.9125,-4.8805],[104.9105,-4.8745],[104.9125,-4.8575]]]},"properties":{"code":"18.03.10.1012","name":"Tanjung Senang"}},{"type":"Feature","geometry":{"type":"Polygon","coordinates":[[[104.8645,-4.841],[104.862,-4.8405],[104.86,-4.845],[104.8575,-4.847],[104.846,-4.856],[104.8425,-4.862],[104.841,-4.866],[104.841,-4.8675],[104.845,-4.881],[104.844,-4.9035],[104.839,-4.912],[104.84,-4.9165],[104.8495,-4.9125],[104.8545,-4.9115],[104.8615,-4.921],[104.8725,-4.9195],[104.885,-4.899],[104.886,-4.8985],[104.8725,-4.889],[104.8705,-4.8875],[104.8695,-4.885],[104.8675,-4.8805],[104.864,-4.8785],[104.862,-4.8785],[104.861,-4.88],[104.8585,-4.881],[104.8635,-4.8655],[104.864,-4.851],[104.8675,-4.8495],[104.8705,-4.8495],[104.8685,-4.8455],[104.867,-4.842],[104.8645,-4.841]]]},"properties":{"code":"18.03.10.2004","name":"Mulang Maya"}},{"type":"Feature","geometry":{"type":"Polygon","coordinates":[[[104.839,-4.912],[104.844,-4.9035],[104.845,-4.881],[104.841,-4.8675],[104.839,-4.8705],[104.8325,-4.8705],[104.832,-4.871],[104.8295,-4.878],[104.828,-4.878],[104.8275,-4.8745],[104.825,-4.875],[104.824,-4.872],[104.8215,-4.878],[104.822,-4.88],[104.8215,-4.8835],[104.8205,-4.8845],[104.8215,-4.8855],[104.824,-4.887],[104.8255,-4.8945],[104.8265,-4.896],[104.8265,-4.8965],[104.8275,-4.9065],[104.839,-4.912]]]},"properties":{"code":"18.03.10.2005","name":"Bandar Putih"}},{"type":"Feature","geometry":{"type":"Polygon","coordinates":[[[104.841,-4.866],[104.8405,-4.865],[104.836,-4.8655],[104.8305,-4.862],[104.8295,-4.861],[104.8235,-4.867],[104.833,-4.8695],[104.8325,-4.8705],[104.839,-4.8705],[104.841,-4.866]]]},"properties":{"code":"18.03.10.2006","name":"Karang Agung"}},{"type":"Feature","geometry":{"type":"Polygon","coordinates":[[[104.867,-4.8795],[104.8745,-4.8565],[104.8725,-4.849],[104.8715,-4.8495],[104.8705,-4.8495],[104.8675,-4.8495],[104.864,-4.851],[104.8635,-4.8655],[104.8585,-4.881],[104.861,-4.88],[104.862,-4.8785],[104.864,-4.8785],[104.867,-4.8795]]]},"properties":{"code":"18.03.10.2007","name":"Curup Guruh"}},{"type":"Feature","geometry":{"type":"Polygon","coordinates":[[[104.8725,-4.93],[104.8725,-4.9195],[104.8615,-4.921],[104.8565,-4.929],[104.857,-4.9435],[104.868,-4.939],[104.8725,-4.93]]]},"properties":{"code":"18.03.10.2008","name":"Jerangkang"}},{"type":"Feature","geometry":{"type":"Polygon","coordinates":[[[104.8615,-4.921],[104.8545,-4.9115],[104.8495,-4.9125],[104.84,-4.9165],[104.8415,-4.9185],[104.8495,-4.933],[104.8565,-4.929],[104.8615,-4.921]]]},"properties":{"code":"18.03.10.2009","name":"Way Melan"}},{"type":"Feature","geometry":{"type":"Polygon","coordinates":[[[104.868,-4.939],[104.857,-4.9435],[104.8565,-4.929],[104.8495,-4.933],[104.846,-4.9455],[104.8475,-4.946],[104.8455,-4.9585],[104.85,-4.962],[104.8735,-4.9555],[104.868,-4.939]]]},"properties":{"code":"18.03.10.2010","name":"Taman Jaya"}},{"type":"Feature","geometry":{"type":"Polygon","coordinates":[[[104.882,-4.963],[104.8735,-4.9555],[104.85,-4.962],[104.8455,-4.9585],[104.8445,-4.9595],[104.842,-4.9605],[104.836,-4.975],[104.838,-4.975],[104.843,-4.98],[104.848,-4.9775],[104.85,-4.9775],[104.8515,-4.979],[104.856,-4.9795],[104.8625,-4.979],[104.8645,-4.9805],[104.865,-4.98],[104.871,-4.9775],[104.872,-4.9665],[104.882,-4.963]]]},"properties":{"code":"18.03.10.2013","name":"Alam Jaya"}},{"type":"Feature","geometry":{"type":"Polygon","coordinates":[[[104.898,-4.916],[104.8945,-4.9015],[104.8925,-4.8985],[104.8925,-4.8975],[104.892,-4.897],[104.8875,-4.8985],[104.886,-4.898],[104.885,-4.899],[104.8725,-4.9195],[104.8725,-4.93],[104.8795,-4.9325],[104.8905,-4.9345],[104.8975,-4.9265],[104.8985,-4.925],[104.897,-4.9195],[104.8975,-4.9165],[104.898,-4.916]]]},"properties":{"code":"18.03.10.2014","name":"Sinar Mas Alam"}},{"type":"Feature","geometry":{"type":"Polygon","coordinates":[[[104.785,-4.8815],[104.7845,-4.876],[104.785,-4.875],[104.7845,-4.8725],[104.7835,-4.8735],[104.783,-4.8735],[104.782,-4.8735],[104.781,-4.873],[104.7795,-4.8745],[104.7815,-4.8755],[104.7785,-4.8775],[104.776,-4.8755],[104.7755,-4.8755],[104.7725,-4.8785],[104.762,-4.878],[104.7595,-4.877],[104.7565,-4.8765],[104.758,-4.889],[104.756,-4.901],[104.7505,-4.903],[104.754,-4.904],[104.7575,-4.9035],[104.7665,-4.908],[104.7765,-4.9095],[104.7925,-4.9165],[104.7935,-4.9125],[104.791,-4.909],[104.7935,-4.907],[104.7925,-4.906],[104.792,-4.906],[104.7895,-4.908],[104.788,-4.908],[104.783,-4.909],[104.7775,-4.906],[104.7785,-4.8875],[104.7775,-4.8855],[104.7775,-4.885],[104.7785,-4.8835],[104.7825,-4.882],[104.785,-4.8815]]]},"properties":{"code":"18.03.11.2001","name":"Gunung Besar"}},{"type":"Feature","geometry":{"type":"Polygon","coordinates":[[[104.7665,-4.908],[104.7575,-4.9035],[104.754,-4.904],[104.7505,-4.905],[104.7465,-4.9095],[104.747,-4.9105],[104.7495,-4.9095],[104.7605,-4.912],[104.7665,-4.908]]]},"properties":{"code":"18.03.11.2002","name":"Kinciran"}},{"type":"Feature","geometry":{"type":"Polygon","coordinates":[[[104.7565,-4.8765],[104.7555,-4.877],[104.754,-4.875],[104.752,-4.877],[104.746,-4.8795],[104.742,-4.881],[104.736,-4.8845],[104.73,-4.883],[104.729,-4.8835],[104.729,-4.8865],[104.73,-4.893],[104.727,-4.897],[104.725,-4.897],[104.7395,-4.8975],[104.7505,-4.903],[104.756,-4.901],[104.758,-4.889],[104.7565,-4.8765]]]},"properties":{"code":"18.03.11.2003","name":"Negla Sari"}},{"type":"Feature","geometry":{"type":"Polygon","coordinates":[[[104.7605,-4.912],[104.7495,-4.9095],[104.747,-4.9105],[104.7375,-4.9115],[104.737,-4.913],[104.7345,-4.917],[104.733,-4.921],[104.7345,-4.9255],[104.7305,-4.932],[104.7365,-4.937],[104.74,-4.9375],[104.7455,-4.9415],[104.748,-4.9395],[104.749,-4.939],[104.751,-4.939],[104.7525,-4.9375],[104.7525,-4.937],[104.7555,-4.934],[104.756,-4.934],[104.757,-4.9335],[104.759,-4.9315],[104.7605,-4.912]]]},"properties":{"code":"18.03.11.2004","name":"Kedaton"}},{"type":"Feature","geometry":{"type":"Polygon","coordinates":[[[104.7505,-4.903],[104.7395,-4.8975],[104.725,-4.897],[104.713,-4.897],[104.7065,-4.8995],[104.714,-4.911],[104.7155,-4.914],[104.7155,-4.915],[104.7155,-4.916],[104.7165,-4.9145],[104.7185,-4.9135],[104.727,-4.9095],[104.729,-4.911],[104.732,-4.9115],[104.7335,-4.9095],[104.7355,-4.9105],[104.7355,-4.9125],[104.7375,-4.9115],[104.7465,-4.9095],[104.7505,-4.905],[104.7505,-4.903]]]},"properties":{"code":"18.03.11.2005","name":"Sri Bandung"}},{"type":"Feature","geometry":{"type":"Polygon","coordinates":[[[104.781,-4.95],[104.7755,-4.944],[104.773,-4.9435],[104.769,-4.9485],[104.767,-4.951],[104.7655,-4.952],[104.7645,-4.952],[104.765,-4.9525],[104.7605,-4.956],[104.7585,-4.958],[104.7605,-4.959],[104.7625,-4.9715],[104.7555,-4.9805],[104.755,-4.981],[104.758,-4.9805],[104.765,-4.9775],[104.7735,-4.981],[104.7785,-4.98],[104.78,-4.98],[104.7805,-4.9805],[104.7795,-4.9785],[104.7795,-4.9775],[104.7825,-4.975],[104.7865,-4.964],[104.777,-4.957],[104.781,-4.95]]]},"properties":{"code":"18.03.11.2006","name":"Subik"}},{"type":"Feature","geometry":{"type":"Polygon","coordinates":[[[104.7595,-4.9565],[104.7555,-4.9565],[104.7545,-4.9605],[104.718,-4.9685],[104.72,-4.976],[104.72,-4.977],[104.75,-4.9775],[104.7545,-4.9815],[104.755,-4.981],[104.7555,-4.9805],[104.7625,-4.9715],[104.7605,-4.959],[104.7585,-4.958],[104.7595,-4.9565]]]},"properties":{"code":"18.03.11.2007","name":"Gunung Sadar"}},{"type":"Feature","geometry":{"type":"Polygon","coordinates":[[[104.7545,-4.9815],[104.75,-4.9775],[104.72,-4.977],[104.72,-4.9795],[104.7185,-4.993],[104.716,-4.997],[104.726,-5.0055],[104.7265,-4.998],[104.7535,-5.0045],[104.754,-4.9825],[104.7545,-4.9815]]]},"properties":{"code":"18.03.11.2008","name":"Gunung Gijul"}},{"type":"Feature","geometry":{"type":"Polygon","coordinates":[[[104.7475,-4.9395],[104.7455,-4.9415],[104.74,-4.9375],[104.7365,-4.937],[104.729,-4.947],[104.7165,-4.952],[104.7125,-4.964],[104.718,-4.9685],[104.7545,-4.9605],[104.7535,-4.948],[104.753,-4.946],[104.7515,-4.944],[104.7475,-4.9395]]]},"properties":{"code":"18.03.11.2016","name":"Pekurun Barat"}},{"type":"Feature","geometry":{"type":"Polygon","coordinates":[[[104.758,-4.933],[104.757,-4.9335],[104.756,-4.934],[104.7555,-4.934],[104.7525,-4.937],[104.7525,-4.9375],[104.751,-4.939],[104.7485,-4.939],[104.7475,-4.9395],[104.7515,-4.944],[104.753,-4.946],[104.7535,-4.948],[104.7555,-4.9565],[104.7595,-4.9565],[104.7605,-4.956],[104.765,-4.9525],[104.7645,-4.952],[104.7655,-4.952],[104.767,-4.951],[104.767,-4.948],[104.758,-4.933]]]},"properties":{"code":"18.03.11.2017","name":"Pekurun Selatan"}},{"type":"Feature","geometry":{"type":"Polygon","coordinates":[[[104.737,-4.913],[104.7355,-4.9125],[104.7355,-4.9105],[104.7335,-4.9095],[104.732,-4.9115],[104.729,-4.911],[104.727,-4.9095],[104.7185,-4.9135],[104.7165,-4.9145],[104.715,-4.9165],[104.713,-4.918],[104.7125,-4.918],[104.712,-4.9175],[104.712,-4.917],[104.7125,-4.9165],[104.7115,-4.918],[104.713,-4.921],[104.714,-4.921],[104.719,-4.9285],[104.714,-4.939],[104.7165,-4.952],[104.729,-4.947],[104.7365,-4.937],[104.7305,-4.932],[104.7345,-4.9255],[104.733,-4.921],[104.7345,-4.917],[104.737,-4.913]]]},"properties":{"code":"18.03.11.2018","name":"Pekurun Utara"}},{"type":"Feature","geometry":{"type":"Polygon","coordinates":[[[104.631,-4.867],[104.6155,-4.864],[104.6155,-4.8645],[104.614,-4.8655],[104.6115,-4.8675],[104.6105,-4.8685],[104.608,-4.8695],[104.607,-4.8715],[104.608,-4.875],[104.6075,-4.8755],[104.6065,-4.8765],[104.608,-4.8765],[104.615,-4.8855],[104.6165,-4.884],[104.6195,-4.882],[104.6285,-4.876],[104.634,-4.867],[104.631,-4.867]]]},"properties":{"code":"18.03.12.2001","name":"Ulak Rengas"}},{"type":"Feature","geometry":{"type":"Polygon","coordinates":[[[104.6285,-4.876],[104.6195,-4.882],[104.6165,-4.884],[104.6155,-4.886],[104.627,-4.8925],[104.618,-4.902],[104.622,-4.905],[104.623,-4.9045],[104.633,-4.902],[104.641,-4.8915],[104.642,-4.89],[104.642,-4.8815],[104.6285,-4.876]]]},"properties":{"code":"18.03.12.2002","name":"Muara Dua"}},{"type":"Feature","geometry":{"type":"Polygon","coordinates":[[[104.6515,-4.863],[104.634,-4.867],[104.6285,-4.876],[104.642,-4.8815],[104.642,-4.89],[104.647,-4.8885],[104.65,-4.8855],[104.6565,-4.8695],[104.651,-4.8635],[104.6515,-4.863]]]},"properties":{"code":"18.03.12.2003","name":"Pulau Panggung"}},{"type":"Feature","geometry":{"type":"Polygon","coordinates":[[[104.6155,-4.886],[104.615,-4.8855],[104.608,-4.8765],[104.6065,-4.8765],[104.6035,-4.8805],[104.6005,-4.883],[104.5985,-4.884],[104.5895,-4.889],[104.588,-4.888],[104.586,-4.8895],[104.584,-4.8885],[104.5775,-4.892],[104.5765,-4.8955],[104.5775,-4.8995],[104.5775,-4.9025],[104.5775,-4.9035],[104.601,-4.899],[104.618,-4.902],[104.627,-4.8925],[104.6155,-4.886]]]},"properties":{"code":"18.03.12.2004","name":"Sekipi"}},{"type":"Feature","geometry":{"type":"Polygon","coordinates":[[[104.618,-4.902],[104.601,-4.899],[104.5775,-4.9035],[104.578,-4.905],[104.578,-4.906],[104.5735,-4.9175],[104.5735,-4.9195],[104.574,-4.924],[104.574,-4.9265],[104.576,-4.932],[104.576,-4.9355],[104.576,-4.938],[104.577,-4.941],[104.58,-4.9485],[104.582,-4.95],[104.5845,-4.952],[104.585,-4.95],[104.5865,-4.9475],[104.5875,-4.939],[104.5885,-4.937],[104.5955,-4.931],[104.6,-4.9245],[104.615,-4.911],[104.6175,-4.909],[104.6185,-4.9085],[104.622,-4.905],[104.618,-4.902]]]},"properties":{"code":"18.03.12.2005","name":"Sido Kayo"}},{"type":"Feature","geometry":{"type":"Polygon","coordinates":[[[104.636,-4.823],[104.631,-4.8125],[104.6285,-4.8125],[104.6245,-4.8065],[104.621,-4.804],[104.62,-4.803],[104.6195,-4.8025],[104.623,-4.8165],[104.622,-4.819],[104.6135,-4.8305],[104.6125,-4.831],[104.613,-4.832],[104.6135,-4.8325],[104.613,-4.8385],[104.614,-4.8415],[104.619,-4.8475],[104.6215,-4.849],[104.623,-4.8495],[104.6225,-4.8505],[104.6155,-4.863],[104.6155,-4.864],[104.631,-4.867],[104.6375,-4.8485],[104.6385,-4.843],[104.6385,-4.8375],[104.6375,-4.836],[104.6375,-4.8335],[104.636,-4.823]]]},"properties":{"code":"18.03.12.2006","name":"Suka Marga"}},{"type":"Feature","geometry":{"type":"MultiPolygon","coordinates":[[[[104.643,-4.854],[104.639,-4.8415],[104.6385,-4.843],[104.6375,-4.8485],[104.635,-4.856],[104.636,-4.8565],[104.647,-4.855],[104.643,-4.854]]],[[[104.6445,-4.824],[104.6405,-4.823],[104.636,-4.823],[104.6375,-4.8335],[104.6375,-4.836],[104.6385,-4.8375],[104.6395,-4.841],[104.6455,-4.844],[104.6515,-4.8295],[104.652,-4.8245],[104.6515,-4.8245],[104.6505,-4.824],[104.649,-4.824],[104.6485,-4.8255],[104.6475,-4.8245],[104.6445,-4.824]]]]},"properties":{"code":"18.03.12.2007","name":"Suka Maju"}},{"type":"Feature","geometry":{"type":"Polygon","coordinates":[[[104.6515,-4.863],[104.653,-4.8615],[104.651,-4.8555],[104.647,-4.855],[104.636,-4.8565],[104.635,-4.856],[104.631,-4.867],[104.634,-4.867],[104.6515,-4.863]]]},"properties":{"code":"18.03.12.2008","name":"Kebun Dalam"}},{"type":"Feature","geometry":{"type":"Polygon","coordinates":[[[105.0145,-4.831],[104.9985,-4.825],[104.997,-4.8285],[104.9955,-4.833],[104.995,-4.837],[104.9895,-4.844],[104.991,-4.845],[104.9845,-4.85],[104.978,-4.8495],[104.976,-4.8725],[104.9755,-4.8725],[104.9765,-4.873],[104.9785,-4.874],[104.98,-4.876],[104.982,-4.877],[104.99,-4.8785],[105.005,-4.8615],[105.0045,-4.858],[105.0075,-4.8545],[105.0105,-4.854],[105.011,-4.8495],[105.023,-4.841],[105.025,-4.838],[105.029,-4.8375],[105.0295,-4.837],[105.03,-4.8365],[105.026,-4.835],[105.0145,-4.831]]]},"properties":{"code":"18.03.13.2001","name":"Suka Maju"}},{"type":"Feature","geometry":{"type":"Polygon","coordinates":[[[105.0265,-4.7855],[105.014,-4.779],[105.0105,-4.7775],[105.01,-4.778],[105.0105,-4.7785],[105.01,-4.783],[105.01,-4.7835],[105.009,-4.7855],[105.0085,-4.7865],[105.0095,-4.789],[105.0095,-4.79],[105.0085,-4.791],[105.008,-4.791],[105.008,-4.7915],[105.0035,-4.8],[105.003,-4.8005],[105.002,-4.8005],[105.0015,-4.801],[105.001,-4.8015],[105.001,-4.803],[105.0015,-4.807],[105.002,-4.81],[105.0005,-4.818],[105.0005,-4.8195],[105.0005,-4.8215],[105.0005,-4.8235],[104.9985,-4.825],[105.0145,-4.831],[105.024,-4.827],[105.045,-4.808],[105.053,-4.805],[105.0535,-4.805],[105.055,-4.8035],[105.053,-4.7955],[105.0485,-4.7935],[105.0455,-4.7935],[105.039,-4.7905],[105.031,-4.787],[105.0265,-4.7855]]]},"properties":{"code":"18.03.13.2002","name":"Semuli Raya"}},{"type":"Feature","geometry":{"type":"MultiPolygon","coordinates":[[[[105.001,-4.803],[105.0005,-4.802],[104.998,-4.8025],[104.993,-4.807],[104.9905,-4.806],[104.9825,-4.807],[104.979,-4.8275],[104.98,-4.829],[104.981,-4.839],[104.989,-4.8435],[104.9895,-4.844],[104.995,-4.837],[104.9955,-4.833],[104.997,-4.8285],[104.9985,-4.825],[105.0005,-4.8235],[105.0005,-4.8215],[105.0005,-4.8195],[105.0005,-4.818],[105.002,-4.81],[105.0015,-4.807],[105.001,-4.803]]],[[[105.0035,-4.79],[104.995,-4.796],[104.994,-4.7985],[105.0015,-4.8005],[105.002,-4.8005],[105.003,-4.8005],[105.0035,-4.8],[105.008,-4.7915],[105.008,-4.791],[105.0075,-4.7915],[105.0035,-4.79]]],[[[105.0085,-4.777],[104.9945,-4.7725],[104.9945,-4.7735],[104.9955,-4.777],[104.996,-4.7785],[104.9955,-4.7805],[104.9935,-4.7815],[104.9945,-4.7815],[104.996,-4.783],[104.995,-4.785],[104.999,-4.785],[105,-4.7875],[105.004,-4.789],[105.009,-4.7905],[105.0095,-4.789],[105.0085,-4.7865],[105.009,-4.7855],[105.01,-4.7835],[105.01,-4.783],[105.0105,-4.7785],[105.01,-4.778],[105.0105,-4.7775],[105.0085,-4.777]]]]},"properties":{"code":"18.03.13.2003","name":"Semuli Jaya"}},{"type":"Feature","geometry":{"type":"Polygon","coordinates":[[[105.083,-4.811],[105.0755,-4.799],[105.069,-4.7835],[105.069,-4.7805],[105.068,-4.78],[105.068,-4.781],[105.066,-4.7935],[105.0575,-4.811],[105.062,-4.816],[105.062,-4.817],[105.062,-4.8175],[105.063,-4.8185],[105.0635,-4.8195],[105.0635,-4.8205],[105.062,-4.8235],[105.0615,-4.825],[105.061,-4.8345],[105.063,-4.8435],[105.072,-4.831],[105.0785,-4.8155],[105.0815,-4.812],[105.083,-4.811]]]},"properties":{"code":"18.03.13.2004","name":"Papan Asri"}},{"type":"Feature","geometry":{"type":"Polygon","coordinates":[[[105.1255,-4.726],[105.1245,-4.7265],[105.123,-4.7255],[105.122,-4.729],[105.1195,-4.731],[105.1145,-4.7335],[105.1115,-4.735],[105.109,-4.7385],[105.1085,-4.739],[105.096,-4.7375],[105.0845,-4.7515],[105.083,-4.7525],[105.1045,-4.76],[105.116,-4.768],[105.1175,-4.7675],[105.1205,-4.765],[105.1215,-4.7615],[105.1215,-4.7425],[105.1215,-4.741],[105.1225,-4.7405],[105.1235,-4.7405],[105.1255,-4.726]]]},"properties":{"code":"18.03.13.2005","name":"Gunung Keramat"}},{"type":"Feature","geometry":{"type":"Polygon","coordinates":[[[105.0965,-4.809],[105.0955,-4.8095],[105.094,-4.8085],[105.0905,-4.8085],[105.088,-4.811],[105.0855,-4.8085],[105.083,-4.811],[105.0815,-4.812],[105.0785,-4.8155],[105.072,-4.831],[105.065,-4.841],[105.06,-4.8475],[105.0495,-4.8615],[105.049,-4.8735],[105.0495,-4.874],[105.0495,-4.8735],[105.0505,-4.8735],[105.0515,-4.8735],[105.056,-4.872],[105.0585,-4.8705],[105.061,-4.8675],[105.0625,-4.867],[105.0645,-4.867],[105.072,-4.854],[105.0725,-4.8535],[105.0745,-4.85],[105.0745,-4.8475],[105.077,-4.8425],[105.0805,-4.838],[105.087,-4.8295],[105.0875,-4.828],[105.096,-4.8125],[105.0965,-4.81],[105.0965,-4.809]]]},"properties":{"code":"18.03.13.2006","name":"Sido Rahayu"}},{"type":"Feature","geometry":{"type":"Polygon","coordinates":[[[105.1175,-4.7685],[105.116,-4.768],[105.1045,-4.76],[105.083,-4.7525],[105.082,-4.753],[105.079,-4.7565],[105.077,-4.7595],[105.0695,-4.764],[105.0675,-4.777],[105.069,-4.7805],[105.069,-4.7835],[105.0755,-4.799],[105.083,-4.811],[105.0855,-4.8085],[105.088,-4.811],[105.0905,-4.8085],[105.094,-4.8085],[105.0955,-4.8095],[105.0965,-4.809],[105.107,-4.788],[105.1105,-4.7835],[105.1095,-4.781],[105.1125,-4.777],[105.1115,-4.7755],[105.1135,-4.775],[105.114,-4.7745],[105.117,-4.7725],[105.117,-4.7715],[105.1175,-4.7685]]]},"properties":{"code":"18.03.13.2007","name":"Gunung Sari"}},{"type":"Feature","geometry":{"type":"Polygon","coordinates":[[[105.036,-4.696],[105.0285,-4.6885],[105.019,-4.688],[105.0175,-4.6895],[105.012,-4.6915],[105.006,-4.7105],[105.006,-4.715],[105.007,-4.7155],[105.0115,-4.7165],[105.017,-4.7255],[105.017,-4.7275],[105.017,-4.7285],[105.017,-4.729],[105.0185,-4.731],[105.0305,-4.7345],[105.0325,-4.7335],[105.035,-4.731],[105.034,-4.716],[105.036,-4.7155],[105.0395,-4.7125],[105.0395,-4.709],[105.038,-4.703],[105.038,-4.702],[105.037,-4.7005],[105.035,-4.6995],[105.0355,-4.6975],[105.036,-4.696]]]},"properties":{"code":"18.03.14.2001","name":"Tatakarya"}},{"type":"Feature","geometry":{"type":"Polygon","coordinates":[[[105.012,-4.6915],[105.0075,-4.6865],[105.0035,-4.688],[105,-4.6875],[104.9995,-4.6885],[104.999,-4.6895],[104.998,-4.6905],[104.9985,-4.6915],[104.9985,-4.6925],[104.999,-4.6935],[104.9995,-4.6945],[104.999,-4.695],[104.9975,-4.697],[104.9765,-4.698],[104.969,-4.7025],[104.9675,-4.703],[104.965,-4.6995],[104.9645,-4.7005],[104.962,-4.701],[104.9625,-4.7015],[104.984,-4.721],[104.9835,-4.723],[104.986,-4.7225],[104.989,-4.722],[104.991,-4.717],[105.006,-4.715],[105.006,-4.7105],[105.012,-4.6915]]]},"properties":{"code":"18.03.14.2002","name":"Bandar Abung"}},{"type":"Feature","geometry":{"type":"Polygon","coordinates":[[[105.006,-4.715],[104.991,-4.717],[104.989,-4.722],[104.986,-4.7225],[104.9835,-4.723],[104.983,-4.726],[104.983,-4.727],[104.984,-4.728],[104.986,-4.7305],[104.987,-4.7315],[104.9885,-4.7315],[104.992,-4.7275],[104.9955,-4.7245],[105.0035,-4.724],[105.0055,-4.7255],[105.0075,-4.73],[105.009,-4.7315],[105.011,-4.7325],[105.016,-4.729],[105.017,-4.729],[105.017,-4.7285],[105.017,-4.7275],[105.017,-4.7255],[105.0115,-4.7165],[105.007,-4.7155],[105.006,-4.715]]]},"properties":{"code":"18.03.14.2003","name":"Bangun Sari"}},{"type":"Feature","geometry":{"type":"Polygon","coordinates":[[[105.055,-4.68],[105.0535,-4.681],[105.0525,-4.6825],[105.05,-4.6845],[105.0505,-4.688],[105.0465,-4.6885],[105.0405,-4.6975],[105.036,-4.696],[105.0355,-4.6975],[105.035,-4.6995],[105.037,-4.7005],[105.038,-4.702],[105.038,-4.703],[105.0395,-4.709],[105.044,-4.7115],[105.0505,-4.7155],[105.0635,-4.71],[105.069,-4.7085],[105.0695,-4.7075],[105.07,-4.708],[105.072,-4.706],[105.0695,-4.6955],[105.0675,-4.6965],[105.066,-4.697],[105.0605,-4.6965],[105.0555,-4.6805],[105.055,-4.68]]]},"properties":{"code":"18.03.14.2004","name":"Purba Sakti"}},{"type":"Feature","geometry":{"type":"Polygon","coordinates":[[[105.077,-4.7075],[105.075,-4.7065],[105.074,-4.707],[105.07,-4.708],[105.0695,-4.7075],[105.069,-4.7085],[105.0655,-4.711],[105.0585,-4.723],[105.047,-4.733],[105.0585,-4.7375],[105.059,-4.7375],[105.0605,-4.738],[105.062,-4.7395],[105.0635,-4.741],[105.0645,-4.7415],[105.065,-4.7405],[105.0735,-4.728],[105.0745,-4.7265],[105.074,-4.726],[105.0755,-4.717],[105.076,-4.715],[105.0755,-4.711],[105.077,-4.7075]]]},"properties":{"code":"18.03.14.2005","name":"Bumi Raharja"}},{"type":"Feature","geometry":{"type":"Polygon","coordinates":[[[105.047,-4.733],[105.0345,-4.733],[105.034,-4.7335],[105.034,-4.7345],[105.034,-4.7365],[105.0325,-4.7385],[105.0315,-4.74],[105.0275,-4.7485],[105.0255,-4.751],[105.03,-4.756],[105.0305,-4.757],[105.031,-4.757],[105.0305,-4.759],[105.0305,-4.764],[105.0305,-4.7645],[105.0305,-4.765],[105.031,-4.766],[105.0325,-4.7665],[105.0355,-4.7685],[105.0465,-4.757],[105.0475,-4.755],[105.057,-4.74],[105.0585,-4.7375],[105.047,-4.733]]]},"properties":{"code":"18.03.14.2006","name":"Bumi Restu"}},{"type":"Feature","geometry":{"type":"Polygon","coordinates":[[[105.0365,-4.67],[105.035,-4.6685],[105.0275,-4.677],[105.0275,-4.6775],[105.019,-4.688],[105.0285,-4.6885],[105.036,-4.696],[105.0405,-4.6975],[105.0465,-4.6885],[105.0505,-4.688],[105.05,-4.6845],[105.0525,-4.6825],[105.0535,-4.681],[105.055,-4.68],[105.0545,-4.6795],[105.0545,-4.6785],[105.0525,-4.6775],[105.049,-4.673],[105.0435,-4.6695],[105.0365,-4.67]]]},"properties":{"code":"18.03.14.2007","name":"Bandar Sakti"}},{"type":"Feature","geometry":{"type":"Polygon","coordinates":[[[105.035,-4.6685],[105.03,-4.665],[105.0165,-4.6515],[105.0045,-4.6535],[105.003,-4.6525],[105.003,-4.6755],[105.0015,-4.677],[105.0015,-4.678],[105,-4.6825],[105.001,-4.684],[105.0015,-4.685],[105.0015,-4.6865],[105.0035,-4.688],[105.0075,-4.6865],[105.0175,-4.6895],[105.0275,-4.6775],[105.0275,-4.677],[105.035,-4.6685]]]},"properties":{"code":"18.03.14.2008","name":"Karya Sakti"}},{"type":"Feature","geometry":{"type":"Polygon","coordinates":[[[105.0655,-4.711],[105.0635,-4.71],[105.0505,-4.7155],[105.044,-4.7115],[105.0395,-4.7125],[105.036,-4.7155],[105.034,-4.716],[105.035,-4.731],[105.0345,-4.733],[105.047,-4.733],[105.0585,-4.723],[105.0655,-4.711]]]},"properties":{"code":"18.03.14.2009","name":"Sukoharjo"}},{"type":"Feature","geometry":{"type":"Polygon","coordinates":[[[104.9875,-4.57],[104.977,-4.566],[104.955,-4.566],[104.945,-4.5695],[104.945,-4.5785],[104.9455,-4.5805],[104.945,-4.581],[104.945,-4.591],[104.947,-4.5955],[104.9485,-4.599],[104.95,-4.6015],[104.955,-4.605],[104.955,-4.606],[104.9535,-4.6085],[104.952,-4.609],[104.952,-4.6085],[104.951,-4.6085],[104.9495,-4.6095],[104.9485,-4.61],[104.9475,-4.61],[104.9465,-4.6115],[104.95,-4.623],[104.951,-4.624],[104.95,-4.625],[104.9505,-4.626],[104.9555,-4.625],[104.9655,-4.6105],[104.99,-4.6055],[104.999,-4.611],[105,-4.609],[105.0005,-4.6075],[104.998,-4.6035],[104.988,-4.5885],[104.9915,-4.577],[104.9895,-4.576],[104.988,-4.5745],[104.9875,-4.5735],[104.987,-4.5705],[104.9875,-4.57]]]},"properties":{"code":"18.03.15.2001","name":"Negeri Ujung Karang"}},{"type":"Feature","geometry":{"type":"Polygon","coordinates":[[[104.945,-4.581],[104.9415,-4.581],[104.925,-4.5765],[104.925,-4.582],[104.925,-4.596],[104.9265,-4.6055],[104.926,-4.6075],[104.928,-4.609],[104.929,-4.61],[104.93,-4.6105],[104.9305,-4.6105],[104.931,-4.612],[104.9315,-4.6125],[104.933,-4.6125],[104.9375,-4.611],[104.9385,-4.611],[104.941,-4.6125],[104.94,-4.6135],[104.943,-4.6125],[104.946,-4.611],[104.9475,-4.61],[104.9485,-4.61],[104.9495,-4.6095],[104.951,-4.6085],[104.952,-4.6085],[104.952,-4.609],[104.9535,-4.6085],[104.955,-4.606],[104.955,-4.605],[104.95,-4.6015],[104.9485,-4.599],[104.947,-4.5955],[104.945,-4.591],[104.945,-4.581]]]},"properties":{"code":"18.03.15.2002","name":"Bandar Agung"}},{"type":"Feature","geometry":{"type":"Polygon","coordinates":[[[104.9845,-4.5565],[104.981,-4.541],[104.981,-4.537],[104.9695,-4.541],[104.9665,-4.541],[104.964,-4.543],[104.963,-4.5485],[104.961,-4.5515],[104.9605,-4.552],[104.955,-4.566],[104.977,-4.566],[104.9875,-4.57],[104.988,-4.5665],[104.9845,-4.5565]]]},"properties":{"code":"18.03.15.2003","name":"Karang Sari"}},{"type":"Feature","geometry":{"type":"Polygon","coordinates":[[[104.955,-4.566],[104.9605,-4.552],[104.959,-4.553],[104.9585,-4.554],[104.956,-4.555],[104.9555,-4.555],[104.9525,-4.556],[104.95,-4.556],[104.9505,-4.5585],[104.9505,-4.5605],[104.947,-4.5645],[104.945,-4.5665],[104.945,-4.5695],[104.955,-4.566]]]},"properties":{"code":"18.03.15.2004","name":"Karang Rejo II"}},{"type":"Feature","geometry":{"type":"Polygon","coordinates":[[[104.963,-4.5485],[104.962,-4.547],[104.957,-4.548],[104.9525,-4.5475],[104.949,-4.545],[104.9465,-4.5445],[104.926,-4.548],[104.925,-4.5535],[104.925,-4.5665],[104.9275,-4.565],[104.945,-4.565],[104.947,-4.5645],[104.9505,-4.5605],[104.9505,-4.5585],[104.95,-4.556],[104.9525,-4.556],[104.9555,-4.555],[104.956,-4.555],[104.9585,-4.554],[104.959,-4.553],[104.961,-4.5515],[104.963,-4.5485]]]},"properties":{"code":"18.03.15.2005","name":"Karang Sakti"}},{"type":"Feature","geometry":{"type":"Polygon","coordinates":[[[104.9325,-4.5145],[104.932,-4.514],[104.9305,-4.5145],[104.93,-4.5145],[104.929,-4.5145],[104.927,-4.515],[104.9265,-4.5155],[104.92,-4.517],[104.9005,-4.523],[104.8995,-4.524],[104.905,-4.5315],[104.914,-4.5285],[104.9265,-4.5415],[104.926,-4.548],[104.9465,-4.5445],[104.949,-4.545],[104.9525,-4.5475],[104.957,-4.548],[104.962,-4.547],[104.964,-4.543],[104.9665,-4.541],[104.9695,-4.541],[104.981,-4.537],[104.981,-4.536],[104.969,-4.527],[104.9605,-4.5265],[104.96,-4.5235],[104.9525,-4.518],[104.952,-4.5175],[104.9515,-4.5175],[104.951,-4.5175],[104.9415,-4.518],[104.941,-4.518],[104.9405,-4.517],[104.9325,-4.5145]]]},"properties":{"code":"18.03.15.2006","name":"Karang Mulyo"}},{"type":"Feature","geometry":{"type":"Polygon","coordinates":[[[104.999,-4.611],[104.99,-4.6055],[104.9655,-4.6105],[104.9555,-4.625],[104.9505,-4.626],[104.9515,-4.628],[104.9515,-4.629],[104.954,-4.628],[104.959,-4.6375],[104.96,-4.6385],[104.9755,-4.635],[104.977,-4.6285],[104.977,-4.627],[104.978,-4.6265],[104.978,-4.6255],[104.9785,-4.6255],[104.986,-4.6155],[104.998,-4.613],[104.999,-4.611]]]},"properties":{"code":"18.03.15.2007","name":"Banjar Negeri"}},{"type":"Feature","geometry":{"type":"Polygon","coordinates":[[[105.007,-4.631],[104.995,-4.6365],[104.993,-4.635],[104.9805,-4.6295],[104.9805,-4.629],[104.9795,-4.6275],[104.9795,-4.626],[104.9785,-4.6255],[104.978,-4.6265],[104.977,-4.627],[104.977,-4.6285],[104.9755,-4.635],[104.96,-4.6385],[104.9595,-4.6385],[104.968,-4.65],[104.9695,-4.651],[104.981,-4.652],[104.99,-4.6485],[104.9915,-4.648],[105.003,-4.6505],[105.0035,-4.6505],[105.003,-4.6495],[105.002,-4.6455],[105.011,-4.6385],[105.007,-4.631]]]},"properties":{"code":"18.03.15.2008","name":"Banjar Ratu"}},{"type":"Feature","geometry":{"type":"Polygon","coordinates":[[[105.003,-4.6505],[104.9915,-4.648],[104.99,-4.6485],[104.981,-4.652],[104.978,-4.6725],[104.9775,-4.6765],[104.9815,-4.6875],[104.9925,-4.6835],[104.994,-4.683],[104.9985,-4.684],[104.9995,-4.683],[105,-4.6825],[105.0015,-4.678],[105.0015,-4.677],[105.003,-4.6755],[105.003,-4.6525],[105.002,-4.6515],[105.0025,-4.651],[105.003,-4.6505]]]},"properties":{"code":"18.03.15.2009","name":"Negeri Ratu"}},{"type":"Feature","geometry":{"type":"Polygon","coordinates":[[[104.9595,-4.6385],[104.959,-4.6375],[104.954,-4.628],[104.952,-4.629],[104.9515,-4.6295],[104.951,-4.629],[104.9505,-4.6305],[104.95,-4.6315],[104.9505,-4.632],[104.951,-4.6335],[104.944,-4.6385],[104.944,-4.6405],[104.9455,-4.6415],[104.9465,-4.643],[104.9495,-4.6465],[104.9485,-4.648],[104.9345,-4.658],[104.9335,-4.661],[104.933,-4.663],[104.9415,-4.66],[104.942,-4.6585],[104.9475,-4.66],[104.9515,-4.6645],[104.9505,-4.676],[104.9545,-4.681],[104.9565,-4.684],[104.9515,-4.6905],[104.954,-4.691],[104.9545,-4.692],[104.9565,-4.694],[104.958,-4.6945],[104.9585,-4.6995],[104.959,-4.7],[104.959,-4.6985],[104.964,-4.699],[104.965,-4.6995],[104.9675,-4.703],[104.969,-4.7025],[104.9765,-4.698],[104.9975,-4.697],[104.999,-4.695],[104.9995,-4.6945],[104.999,-4.6935],[104.9985,-4.6925],[104.9985,-4.6915],[104.998,-4.6905],[104.999,-4.6895],[104.9995,-4.6885],[105,-4.6875],[105.0015,-4.6865],[105.0015,-4.685],[105.001,-4.684],[104.9995,-4.683],[104.9985,-4.684],[104.994,-4.683],[104.9925,-4.6835],[104.9815,-4.6875],[104.9775,-4.6765],[104.978,-4.6725],[104.981,-4.652],[104.9695,-4.651],[104.968,-4.65],[104.9595,-4.6385]]]},"properties":{"code":"18.03.15.2010","name":"Pakuon Agung"}},{"type":"Feature","geometry":{"type":"Polygon","coordinates":[[[104.945,-4.565],[104.9275,-4.565],[104.925,-4.5665],[104.925,-4.5765],[104.9415,-4.581],[104.9455,-4.5805],[104.945,-4.5785],[104.945,-4.5665],[104.945,-4.565]]]},"properties":{"code":"18.03.15.2011","name":"Sumber Agung"}},{"type":"Feature","geometry":{"type":"Polygon","coordinates":[[[104.8775,-4.5785],[104.8585,-4.5765],[104.8585,-4.593],[104.8615,-4.624],[104.867,-4.6565],[104.8685,-4.6565],[104.871,-4.6565],[104.878,-4.654],[104.8785,-4.653],[104.8795,-4.655],[104.885,-4.6555],[104.8855,-4.655],[104.879,-4.5995],[104.8775,-4.5785]]]},"properties":{"code":"18.03.16.2001","name":"Negara Tulang Bawang"}},{"type":"Feature","geometry":{"type":"Polygon","coordinates":[[[104.834,-4.5055],[104.8335,-4.5055],[104.831,-4.506],[104.828,-4.5055],[104.819,-4.504],[104.8075,-4.511],[104.806,-4.5105],[104.8065,-4.5185],[104.8105,-4.535],[104.824,-4.564],[104.824,-4.6045],[104.821,-4.6115],[104.8215,-4.6125],[104.8205,-4.6155],[104.82,-4.6165],[104.8195,-4.623],[104.831,-4.6315],[104.8295,-4.631],[104.829,-4.6315],[104.8315,-4.634],[104.8315,-4.6365],[104.839,-4.6385],[104.852,-4.6175],[104.845,-4.602],[104.8455,-4.5745],[104.849,-4.5675],[104.8365,-4.5355],[104.834,-4.5105],[104.834,-4.5055]]]},"properties":{"code":"18.03.16.2002","name":"Kota Napal"}},{"type":"Feature","geometry":{"type":"Polygon","coordinates":[[[104.8485,-4.5055],[104.847,-4.5065],[104.8345,-4.506],[104.834,-4.5055],[104.834,-4.5105],[104.8365,-4.5355],[104.849,-4.5675],[104.8455,-4.5745],[104.845,-4.602],[104.852,-4.6175],[104.839,-4.6385],[104.8305,-4.6525],[104.83,-4.6565],[104.8305,-4.66],[104.831,-4.6625],[104.832,-4.6615],[104.837,-4.6575],[104.839,-4.657],[104.841,-4.659],[104.8425,-4.6605],[104.843,-4.661],[104.846,-4.661],[104.8645,-4.6595],[104.866,-4.6585],[104.8675,-4.657],[104.868,-4.6565],[104.867,-4.6565],[104.8615,-4.624],[104.8585,-4.593],[104.8585,-4.5765],[104.8595,-4.5545],[104.8505,-4.5455],[104.846,-4.534],[104.8485,-4.509],[104.8485,-4.5055]]]},"properties":{"code":"18.03.16.2003","name":"Tanah Abang"}},{"type":"Feature","geometry":{"type":"Polygon","coordinates":[[[104.904,-4.5695],[104.883,-4.5685],[104.8775,-4.5785],[104.879,-4.5995],[104.8855,-4.655],[104.886,-4.6555],[104.888,-4.6555],[104.8905,-4.6555],[104.891,-4.6555],[104.8915,-4.655],[104.8925,-4.655],[104.894,-4.6555],[104.894,-4.6565],[104.894,-4.656],[104.895,-4.655],[104.8965,-4.6535],[104.895,-4.653],[104.8965,-4.6525],[104.899,-4.6535],[104.9,-4.653],[104.903,-4.651],[104.9045,-4.6485],[104.906,-4.6495],[104.904,-4.597],[104.9035,-4.5805],[104.904,-4.5695]]]},"properties":{"code":"18.03.16.2004","name":"Sukadana Udik"}},{"type":"Feature","geometry":{"type":"Polygon","coordinates":[[[104.8995,-4.524],[104.899,-4.5245],[104.8965,-4.524],[104.893,-4.5245],[104.8925,-4.5245],[104.8935,-4.547],[104.904,-4.5515],[104.9035,-4.5805],[104.904,-4.597],[104.906,-4.6465],[104.9085,-4.6485],[104.909,-4.648],[104.909,-4.647],[104.9095,-4.647],[104.9085,-4.642],[104.908,-4.641],[104.911,-4.6395],[104.9115,-4.6375],[104.9125,-4.638],[104.9145,-4.638],[104.915,-4.638],[104.916,-4.6365],[104.9175,-4.6335],[104.916,-4.634],[104.917,-4.632],[104.9165,-4.6315],[104.916,-4.632],[104.916,-4.6315],[104.9165,-4.63],[104.9175,-4.6305],[104.9155,-4.6155],[104.914,-4.6095],[104.915,-4.549],[104.905,-4.5315],[104.8995,-4.524]]]},"properties":{"code":"18.03.16.2005","name":"Sukadana Ilir"}},{"type":"Feature","geometry":{"type":"Polygon","coordinates":[[[104.926,-4.548],[104.9265,-4.5415],[104.914,-4.5285],[104.905,-4.5315],[104.915,-4.549],[104.914,-4.6095],[104.9155,-4.6155],[104.9175,-4.6305],[104.9185,-4.63],[104.919,-4.631],[104.9195,-4.629],[104.921,-4.6285],[104.922,-4.6295],[104.922,-4.6275],[104.9235,-4.623],[104.925,-4.6215],[104.9315,-4.6165],[104.932,-4.6145],[104.93,-4.6125],[104.9305,-4.612],[104.931,-4.612],[104.9305,-4.6105],[104.93,-4.6105],[104.929,-4.61],[104.928,-4.609],[104.926,-4.6075],[104.9265,-4.6055],[104.925,-4.596],[104.925,-4.582],[104.925,-4.5535],[104.926,-4.548]]]},"properties":{"code":"18.03.16.2006","name":"Haduyang Ratu"}},{"type":"Feature","geometry":{"type":"Polygon","coordinates":[[[104.9465,-4.6115],[104.946,-4.611],[104.943,-4.6125],[104.94,-4.6135],[104.941,-4.6125],[104.9385,-4.611],[104.9375,-4.611],[104.933,-4.6125],[104.9315,-4.6125],[104.931,-4.612],[104.9305,-4.612],[104.93,-4.6125],[104.932,-4.6145],[104.9315,-4.6165],[104.925,-4.6215],[104.9235,-4.623],[104.922,-4.6275],[104.922,-4.6295],[104.921,-4.6285],[104.9195,-4.629],[104.919,-4.631],[104.9185,-4.63],[104.9175,-4.6305],[104.9165,-4.63],[104.916,-4.6315],[104.916,-4.632],[104.9165,-4.6315],[104.917,-4.632],[104.916,-4.634],[104.9175,-4.6335],[104.916,-4.6365],[104.915,-4.638],[104.9145,-4.638],[104.9125,-4.638],[104.9115,-4.6375],[104.911,-4.6395],[104.908,-4.641],[104.9085,-4.642],[104.9095,-4.647],[104.909,-4.647],[104.91,-4.648],[104.912,-4.6525],[104.9095,-4.654],[104.912,-4.6565],[104.912,-4.6555],[104.917,-4.6535],[104.9195,-4.6505],[104.9215,-4.65],[104.9315,-4.6495],[104.933,-4.663],[104.9335,-4.661],[104.9345,-4.658],[104.9485,-4.648],[104.9495,-4.6465],[104.9465,-4.643],[104.9455,-4.6415],[104.944,-4.6405],[104.944,-4.6385],[104.951,-4.6335],[104.9505,-4.632],[104.95,-4.6315],[104.9505,-4.6305],[104.951,-4.629],[104.9515,-4.6295],[104.952,-4.629],[104.9515,-4.629],[104.9515,-4.628],[104.95,-4.6255],[104.95,-4.623],[104.9465,-4.6115]]]},"properties":{"code":"18.03.16.2007","name":"Iso Rejo"}},{"type":"Feature","geometry":{"type":"Polygon","coordinates":[[[104.909,-4.647],[104.909,-4.648],[104.9085,-4.6485],[104.906,-4.6495],[104.9045,-4.6485],[104.903,-4.651],[104.9,-4.653],[104.899,-4.6535],[104.8965,-4.6525],[104.895,-4.653],[104.8965,-4.6535],[104.895,-4.655],[104.894,-4.656],[104.894,-4.6565],[104.894,-4.6555],[104.8925,-4.655],[104.8915,-4.655],[104.891,-4.6555],[104.8905,-4.6555],[104.89,-4.6555],[104.8905,-4.659],[104.9015,-4.6765],[104.903,-4.678],[104.907,-4.682],[104.908,-4.68],[104.909,-4.681],[104.9105,-4.6795],[104.911,-4.6795],[104.9135,-4.683],[104.916,-4.68],[104.916,-4.679],[104.918,-4.6765],[104.9205,-4.6775],[104.924,-4.677],[104.925,-4.676],[104.925,-4.677],[104.9255,-4.6765],[104.9255,-4.6755],[104.926,-4.675],[104.9265,-4.6735],[104.932,-4.666],[104.932,-4.664],[104.933,-4.663],[104.9315,-4.6495],[104.9215,-4.65],[104.9195,-4.6505],[104.917,-4.6535],[104.912,-4.6555],[104.912,-4.6565],[104.9095,-4.654],[104.912,-4.6525],[104.91,-4.648],[104.909,-4.647]]]},"properties":{"code":"18.03.16.2008","name":"Mulyo Rejo II"}},{"type":"Feature","geometry":{"type":"Polygon","coordinates":[[[104.8725,-4.512],[104.872,-4.5115],[104.871,-4.5115],[104.871,-4.512],[104.8635,-4.5095],[104.863,-4.509],[104.863,-4.508],[104.8625,-4.508],[104.861,-4.5095],[104.8575,-4.508],[104.849,-4.5055],[104.8485,-4.5055],[104.8485,-4.509],[104.846,-4.534],[104.8505,-4.5455],[104.8595,-4.5545],[104.8585,-4.5765],[104.8775,-4.5785],[104.877,-4.5445],[104.868,-4.5295],[104.8725,-4.512]]]},"properties":{"code":"18.03.16.2009","name":"Tulang Bawang Baru"}},{"type":"Feature","geometry":{"type":"Polygon","coordinates":[[[104.9505,-4.676],[104.9515,-4.6645],[104.9475,-4.66],[104.942,-4.6585],[104.9415,-4.66],[104.933,-4.663],[104.932,-4.664],[104.932,-4.666],[104.9265,-4.6735],[104.926,-4.675],[104.9255,-4.6755],[104.9255,-4.6765],[104.926,-4.677],[104.929,-4.68],[104.9295,-4.68],[104.9315,-4.679],[104.939,-4.6865],[104.9495,-4.682],[104.95,-4.6805],[104.9505,-4.676]]]},"properties":{"code":"18.03.16.2010","name":"Mulyo Rejo I"}},{"type":"Feature","geometry":{"type":"Polygon","coordinates":[[[104.8925,-4.5245],[104.889,-4.5235],[104.882,-4.517],[104.8735,-4.5125],[104.873,-4.512],[104.8725,-4.512],[104.868,-4.5295],[104.877,-4.5445],[104.8775,-4.5785],[104.883,-4.5685],[104.904,-4.5695],[104.904,-4.5515],[104.8935,-4.547],[104.8925,-4.5245]]]},"properties":{"code":"18.03.16.2011","name":"Suka Maju"}},{"type":"Feature","geometry":{"type":"Polygon","coordinates":[[[104.642,-4.689],[104.6365,-4.6845],[104.6325,-4.6835],[104.6315,-4.6835],[104.633,-4.6865],[104.633,-4.688],[104.6325,-4.6895],[104.626,-4.695],[104.6255,-4.695],[104.625,-4.6965],[104.627,-4.6985],[104.629,-4.6995],[104.6275,-4.702],[104.6285,-4.704],[104.6275,-4.715],[104.625,-4.7145],[104.624,-4.715],[104.6275,-4.731],[104.6265,-4.7315],[104.6285,-4.73],[104.631,-4.726],[104.631,-4.7245],[104.636,-4.7235],[104.637,-4.7225],[104.637,-4.7205],[104.6355,-4.719],[104.6345,-4.719],[104.6355,-4.7175],[104.6475,-4.709],[104.6485,-4.708],[104.65,-4.7055],[104.6515,-4.704],[104.652,-4.704],[104.6545,-4.704],[104.656,-4.7035],[104.6555,-4.7025],[104.6555,-4.7005],[104.658,-4.698],[104.657,-4.698],[104.642,-4.689]]]},"properties":{"code":"18.03.17.2001","name":"Negera Kemakmuran"}},{"type":"Feature","geometry":{"type":"Polygon","coordinates":[[[104.6685,-4.689],[104.6605,-4.6715],[104.6595,-4.6725],[104.642,-4.689],[104.657,-4.698],[104.658,-4.698],[104.658,-4.6975],[104.6605,-4.697],[104.6615,-4.697],[104.662,-4.6975],[104.667,-4.6915],[104.6685,-4.689]]]},"properties":{"code":"18.03.17.2002","name":"Bonglai Tengah"}},{"type":"Feature","geometry":{"type":"Polygon","coordinates":[[[104.637,-4.658],[104.6335,-4.659],[104.631,-4.659],[104.625,-4.665],[104.621,-4.6675],[104.618,-4.6685],[104.617,-4.67],[104.615,-4.671],[104.6115,-4.676],[104.6105,-4.6775],[104.609,-4.681],[104.6095,-4.684],[104.615,-4.69],[104.6205,-4.694],[104.624,-4.696],[104.6245,-4.695],[104.626,-4.695],[104.6325,-4.6895],[104.633,-4.688],[104.633,-4.6865],[104.6305,-4.6825],[104.6305,-4.681],[104.6425,-4.6625],[104.637,-4.661],[104.637,-4.658]]]},"properties":{"code":"18.03.17.2003","name":"Tanjung Harapan"}},{"type":"Feature","geometry":{"type":"Polygon","coordinates":[[[104.6595,-4.6725],[104.6425,-4.6625],[104.6305,-4.681],[104.6315,-4.6835],[104.6325,-4.6835],[104.6365,-4.6845],[104.642,-4.689],[104.6595,-4.6725]]]},"properties":{"code":"18.03.17.2004","name":"Lubuk Rukam"}},{"type":"Feature","geometry":{"type":"Polygon","coordinates":[[[104.7025,-4.635],[104.702,-4.635],[104.7015,-4.6355],[104.701,-4.636],[104.7,-4.6365],[104.7,-4.637],[104.701,-4.6385],[104.6985,-4.6425],[104.6985,-4.643],[104.698,-4.643],[104.6965,-4.644],[104.696,-4.644],[104.694,-4.646],[104.692,-4.6475],[104.691,-4.6475],[104.69,-4.65],[104.6895,-4.6505],[104.69,-4.6515],[104.6885,-4.652],[104.6875,-4.6525],[104.687,-4.6535],[104.6885,-4.6555],[104.688,-4.6565],[104.687,-4.657],[104.684,-4.657],[104.6835,-4.658],[104.683,-4.658],[104.6825,-4.659],[104.6825,-4.6605],[104.6835,-4.663],[104.692,-4.6765],[104.694,-4.6775],[104.6935,-4.677],[104.7015,-4.673],[104.7025,-4.671],[104.702,-4.6705],[104.704,-4.6685],[104.7055,-4.6675],[104.706,-4.6665],[104.7075,-4.664],[104.708,-4.6625],[104.7085,-4.6615],[104.7095,-4.66],[104.7145,-4.6515],[104.7235,-4.6545],[104.7245,-4.654],[104.7245,-4.652],[104.706,-4.6415],[104.7025,-4.635]]]},"properties":{"code":"18.03.17.2005","name":"Ibul Jaya"}},{"type":"Feature","geometry":{"type":"Polygon","coordinates":[[[104.683,-4.658],[104.682,-4.659],[104.673,-4.6555],[104.67,-4.656],[104.669,-4.657],[104.6675,-4.6595],[104.6615,-4.6695],[104.6605,-4.6715],[104.6685,-4.689],[104.6715,-4.6875],[104.6725,-4.6855],[104.6785,-4.686],[104.6785,-4.6875],[104.6795,-4.688],[104.684,-4.6845],[104.6825,-4.682],[104.6845,-4.6795],[104.688,-4.678],[104.692,-4.6765],[104.6835,-4.663],[104.6825,-4.6605],[104.6825,-4.659],[104.683,-4.658]]]},"properties":{"code":"18.03.17.2006","name":"Beringin Jaya"}},{"type":"Feature","geometry":{"type":"Polygon","coordinates":[[[104.673,-4.6555],[104.663,-4.647],[104.662,-4.639],[104.661,-4.6355],[104.6555,-4.647],[104.6535,-4.648],[104.6385,-4.656],[104.638,-4.6565],[104.6375,-4.6565],[104.6365,-4.6565],[104.637,-4.6575],[104.637,-4.661],[104.6425,-4.6625],[104.6595,-4.6725],[104.6605,-4.6715],[104.6615,-4.6695],[104.6675,-4.6595],[104.669,-4.657],[104.67,-4.656],[104.673,-4.6555]]]},"properties":{"code":"18.03.17.2007","name":"Gedung Makrifat"}},{"type":"Feature","geometry":{"type":"Polygon","coordinates":[[[104.701,-4.636],[104.7,-4.634],[104.6985,-4.633],[104.6745,-4.626],[104.67,-4.627],[104.669,-4.627],[104.664,-4.626],[104.6615,-4.631],[104.662,-4.639],[104.663,-4.647],[104.673,-4.6555],[104.682,-4.659],[104.682,-4.658],[104.6835,-4.658],[104.684,-4.657],[104.687,-4.657],[104.688,-4.6565],[104.6885,-4.6555],[104.687,-4.6535],[104.6875,-4.6525],[104.6885,-4.652],[104.69,-4.6515],[104.6895,-4.6505],[104.69,-4.65],[104.691,-4.6475],[104.692,-4.6475],[104.694,-4.646],[104.696,-4.644],[104.6965,-4.644],[104.698,-4.643],[104.6985,-4.643],[104.6985,-4.6425],[104.701,-4.6385],[104.7,-4.637],[104.7,-4.6365],[104.701,-4.6365],[104.701,-4.636]]]},"properties":{"code":"18.03.17.2008","name":"Gedung Raja"}},{"type":"Feature","geometry":{"type":"Polygon","coordinates":[[[104.661,-4.625],[104.6515,-4.6305],[104.651,-4.631],[104.6505,-4.6305],[104.645,-4.633],[104.644,-4.634],[104.642,-4.6375],[104.6435,-4.641],[104.644,-4.6435],[104.6425,-4.645],[104.6405,-4.6465],[104.639,-4.648],[104.6395,-4.6515],[104.639,-4.6525],[104.639,-4.6535],[104.638,-4.6545],[104.6385,-4.656],[104.6535,-4.648],[104.6555,-4.647],[104.661,-4.6355],[104.6615,-4.631],[104.664,-4.626],[104.661,-4.625]]]},"properties":{"code":"18.03.17.2009","name":"Gedung Negara"}},{"type":"Feature","geometry":{"type":"Polygon","coordinates":[[[104.7375,-4.607],[104.7085,-4.57],[104.7045,-4.568],[104.704,-4.567],[104.7035,-4.567],[104.7005,-4.566],[104.7,-4.566],[104.7,-4.5675],[104.7085,-4.5715],[104.695,-4.591],[104.7,-4.597],[104.699,-4.5985],[104.6935,-4.6045],[104.676,-4.6105],[104.6735,-4.6105],[104.674,-4.614],[104.6695,-4.6155],[104.6695,-4.618],[104.6705,-4.6175],[104.671,-4.62],[104.6675,-4.6215],[104.667,-4.6215],[104.667,-4.6235],[104.6655,-4.624],[104.663,-4.623],[104.6605,-4.623],[104.661,-4.625],[104.669,-4.627],[104.67,-4.627],[104.6745,-4.626],[104.6985,-4.633],[104.7,-4.634],[104.701,-4.636],[104.7015,-4.6355],[104.702,-4.635],[104.7035,-4.635],[104.7065,-4.6305],[104.7075,-4.63],[104.7085,-4.6295],[104.7085,-4.6285],[104.711,-4.6275],[104.7125,-4.627],[104.7225,-4.611],[104.7335,-4.609],[104.7375,-4.607]]]},"properties":{"code":"18.03.17.2010","name":"Tulung Buyut"}},{"type":"Feature","geometry":{"type":"Polygon","coordinates":[[[104.7475,-4.736],[104.746,-4.7155],[104.7365,-4.711],[104.736,-4.7105],[104.713,-4.7225],[104.7015,-4.724],[104.702,-4.7285],[104.7035,-4.7355],[104.707,-4.7365],[104.709,-4.7395],[104.7095,-4.741],[104.71,-4.741],[104.711,-4.74],[104.711,-4.739],[104.712,-4.738],[104.7145,-4.74],[104.7155,-4.739],[104.7175,-4.737],[104.7195,-4.7365],[104.723,-4.738],[104.7245,-4.7375],[104.73,-4.738],[104.7435,-4.7375],[104.747,-4.736],[104.7475,-4.736]]]},"properties":{"code":"18.03.18.2001","name":"Batu Nangkop"}},{"type":"Feature","geometry":{"type":"Polygon","coordinates":[[[104.768,-4.6835],[104.7505,-4.6845],[104.7395,-4.694],[104.74,-4.6955],[104.7395,-4.6965],[104.74,-4.6965],[104.74,-4.698],[104.745,-4.7005],[104.7475,-4.7],[104.769,-4.7075],[104.7695,-4.707],[104.7695,-4.7045],[104.773,-4.7035],[104.7745,-4.7025],[104.7755,-4.702],[104.7755,-4.701],[104.7775,-4.699],[104.778,-4.6985],[104.78,-4.695],[104.7805,-4.6945],[104.7805,-4.694],[104.7685,-4.685],[104.768,-4.6835]]]},"properties":{"code":"18.03.18.2002","name":"Negara Bumi"}},{"type":"Feature","geometry":{"type":"Polygon","coordinates":[[[104.795,-4.669],[104.789,-4.664],[104.781,-4.6585],[104.781,-4.66],[104.781,-4.6605],[104.781,-4.661],[104.7715,-4.6695],[104.771,-4.6705],[104.7705,-4.6715],[104.768,-4.6815],[104.768,-4.6835],[104.7685,-4.685],[104.7805,-4.694],[104.7815,-4.693],[104.7805,-4.6925],[104.7805,-4.6915],[104.783,-4.689],[104.784,-4.687],[104.783,-4.685],[104.783,-4.684],[104.783,-4.6835],[104.784,-4.6825],[104.786,-4.681],[104.7875,-4.6815],[104.788,-4.6805],[104.7885,-4.68],[104.789,-4.6785],[104.7915,-4.6735],[104.7945,-4.6715],[104.795,-4.669]]]},"properties":{"code":"18.03.18.2003","name":"Melungun Ratu"}},{"type":"Feature","geometry":{"type":"Polygon","coordinates":[[[104.682,-4.729],[104.6775,-4.728],[104.6715,-4.7305],[104.6705,-4.731],[104.67,-4.731],[104.67,-4.7315],[104.6525,-4.735],[104.652,-4.736],[104.6505,-4.7365],[104.65,-4.737],[104.649,-4.739],[104.6485,-4.7385],[104.648,-4.74],[104.6485,-4.7405],[104.648,-4.741],[104.646,-4.741],[104.645,-4.741],[104.642,-4.7445],[104.6425,-4.7455],[104.638,-4.7515],[104.6365,-4.752],[104.636,-4.7525],[104.634,-4.758],[104.6365,-4.7645],[104.6365,-4.766],[104.6425,-4.7755],[104.645,-4.776],[104.646,-4.779],[104.6465,-4.779],[104.6495,-4.777],[104.6505,-4.7775],[104.653,-4.774],[104.6545,-4.7715],[104.6545,-4.77],[104.655,-4.7695],[104.662,-4.7655],[104.6625,-4.764],[104.6715,-4.7485],[104.6725,-4.748],[104.6745,-4.746],[104.6755,-4.745],[104.6775,-4.7435],[104.68,-4.743],[104.6835,-4.7425],[104.686,-4.742],[104.682,-4.729]]]},"properties":{"code":"18.03.18.2004","name":"Negeri Campang Jaya"}},{"type":"Feature","geometry":{"type":"Polygon","coordinates":[[[104.6535,-4.704],[104.6515,-4.704],[104.651,-4.7045],[104.65,-4.7055],[104.6485,-4.708],[104.6475,-4.709],[104.6355,-4.7175],[104.6345,-4.719],[104.6355,-4.719],[104.637,-4.7205],[104.637,-4.7225],[104.636,-4.7235],[104.631,-4.7245],[104.631,-4.726],[104.6285,-4.73],[104.6265,-4.7315],[104.624,-4.7335],[104.6235,-4.739],[104.625,-4.743],[104.631,-4.7405],[104.6345,-4.7425],[104.6365,-4.7515],[104.638,-4.7515],[104.6425,-4.7455],[104.642,-4.7445],[104.645,-4.741],[104.646,-4.741],[104.648,-4.741],[104.6485,-4.7405],[104.648,-4.74],[104.6485,-4.7385],[104.649,-4.739],[104.65,-4.737],[104.6505,-4.7365],[104.652,-4.736],[104.6525,-4.735],[104.67,-4.7315],[104.67,-4.731],[104.655,-4.716],[104.654,-4.714],[104.6535,-4.7055],[104.6535,-4.704]]]},"properties":{"code":"18.03.18.2005","name":"Pampang Tangguk Jaya"}},{"type":"Feature","geometry":{"type":"Polygon","coordinates":[[[104.7005,-4.7105],[104.6855,-4.714],[104.69,-4.7265],[104.6885,-4.7265],[104.6835,-4.728],[104.682,-4.729],[104.686,-4.742],[104.688,-4.743],[104.6915,-4.7455],[104.693,-4.7435],[104.7025,-4.7375],[104.7035,-4.7355],[104.702,-4.7285],[104.7015,-4.719],[104.7005,-4.7185],[104.7005,-4.717],[104.7005,-4.7105]]]},"properties":{"code":"18.03.18.2006","name":"Negeri Galih Rejo"}},{"type":"Feature","geometry":{"type":"Polygon","coordinates":[[[104.6785,-4.6875],[104.6785,-4.686],[104.6725,-4.6855],[104.6715,-4.6875],[104.667,-4.6915],[104.662,-4.6975],[104.6615,-4.697],[104.6605,-4.697],[104.658,-4.6975],[104.658,-4.698],[104.6555,-4.7005],[104.6555,-4.7025],[104.656,-4.7035],[104.6545,-4.704],[104.6535,-4.704],[104.6535,-4.7045],[104.6535,-4.7055],[104.654,-4.714],[104.655,-4.716],[104.67,-4.731],[104.6705,-4.731],[104.6715,-4.7305],[104.6775,-4.728],[104.6835,-4.728],[104.6885,-4.7265],[104.69,-4.7265],[104.6855,-4.714],[104.6785,-4.6875]]]},"properties":{"code":"18.03.18.2007","name":"Ratu Jaya"}},{"type":"Feature","geometry":{"type":"Polygon","coordinates":[[[104.769,-4.7075],[104.7475,-4.7],[104.745,-4.7005],[104.74,-4.698],[104.74,-4.6965],[104.7395,-4.6965],[104.739,-4.6965],[104.737,-4.697],[104.7345,-4.7],[104.734,-4.707],[104.7355,-4.71],[104.7365,-4.711],[104.746,-4.7155],[104.7475,-4.736],[104.748,-4.736],[104.751,-4.7345],[104.766,-4.727],[104.768,-4.727],[104.768,-4.7265],[104.768,-4.723],[104.7685,-4.721],[104.7685,-4.72],[104.769,-4.7185],[104.7695,-4.7175],[104.768,-4.713],[104.7685,-4.708],[104.769,-4.7075]]]},"properties":{"code":"18.03.18.2008","name":"Mekar Sari"}},{"type":"Feature","geometry":{"type":"Polygon","coordinates":[[[104.803,-4.98],[104.8015,-4.9795],[104.785,-4.973],[104.7795,-4.9775],[104.7795,-4.9785],[104.7805,-4.9805],[104.7775,-4.983],[104.7765,-4.9835],[104.7725,-4.983],[104.767,-4.989],[104.7725,-5.0005],[104.774,-5],[104.777,-4.9935],[104.7865,-4.9935],[104.792,-4.995],[104.7925,-4.9965],[104.7945,-4.9945],[104.8035,-4.9845],[104.803,-4.984],[104.803,-4.9815],[104.803,-4.98]]]},"properties":{"code":"18.03.19.2001","name":"Nyapah Banyu"}},{"type":"Feature","geometry":{"type":"Polygon","coordinates":[[[104.7805,-4.9805],[104.78,-4.98],[104.7785,-4.98],[104.7735,-4.981],[104.765,-4.9775],[104.758,-4.9805],[104.755,-4.981],[104.7545,-4.981],[104.754,-4.9825],[104.7535,-5.0045],[104.7565,-5.0065],[104.761,-5.009],[104.762,-5.0095],[104.7715,-5.0085],[104.7725,-5.008],[104.7715,-5.002],[104.7725,-5.0005],[104.767,-4.989],[104.7725,-4.983],[104.7765,-4.9835],[104.7775,-4.983],[104.7805,-4.9805]]]},"properties":{"code":"18.03.19.2002","name":"Sinar Gunung"}},{"type":"Feature","geometry":{"type":"Polygon","coordinates":[[[104.7535,-5.0045],[104.7265,-4.998],[104.726,-5.0055],[104.7175,-5.018],[104.722,-5.021],[104.729,-5.024],[104.7295,-5.0235],[104.7295,-5.022],[104.741,-5.016],[104.7435,-5.0135],[104.747,-5.013],[104.7515,-5.0105],[104.7565,-5.0065],[104.7535,-5.0045]]]},"properties":{"code":"18.03.19.2003","name":"Campang Gijul"}},{"type":"Feature","geometry":{"type":"Polygon","coordinates":[[[104.7555,-5.0445],[104.752,-5.0205],[104.7435,-5.0135],[104.741,-5.016],[104.7295,-5.022],[104.7295,-5.0235],[104.729,-5.024],[104.722,-5.021],[104.7175,-5.018],[104.6975,-5.018],[104.685,-5.016],[104.6805,-5.021],[104.65,-5.0255],[104.633,-5.031],[104.6265,-5.04],[104.606,-5.057],[104.6025,-5.0645],[104.599,-5.0765],[104.5995,-5.077],[104.6005,-5.077],[104.601,-5.077],[104.6035,-5.0765],[104.606,-5.0765],[104.6145,-5.0765],[104.624,-5.086],[104.6455,-5.088],[104.658,-5.0795],[104.67,-5.085],[104.671,-5.0855],[104.672,-5.084],[104.6745,-5.084],[104.676,-5.083],[104.677,-5.0845],[104.68,-5.0845],[104.681,-5.084],[104.683,-5.083],[104.686,-5.083],[104.693,-5.0685],[104.6945,-5.0665],[104.6955,-5.0655],[104.6995,-5.0645],[104.706,-5.064],[104.7085,-5.0675],[104.71,-5.0705],[104.7105,-5.0695],[104.714,-5.0695],[104.712,-5.0675],[104.7125,-5.0655],[104.721,-5.064],[104.722,-5.0635],[104.722,-5.061],[104.7235,-5.059],[104.7255,-5.0585],[104.726,-5.0575],[104.7285,-5.0505],[104.7445,-5.049],[104.7465,-5.0485],[104.751,-5.046],[104.752,-5.046],[104.7545,-5.045],[104.7555,-5.0445]]]},"properties":{"code":"18.03.19.2004","name":"Sumber Tani"}},{"type":"Feature","geometry":{"type":"Polygon","coordinates":[[[104.7665,-4.908],[104.7605,-4.912],[104.759,-4.9315],[104.758,-4.933],[104.767,-4.948],[104.769,-4.9485],[104.773,-4.9435],[104.7755,-4.944],[104.781,-4.95],[104.793,-4.94],[104.806,-4.937],[104.8075,-4.923],[104.7965,-4.918],[104.7925,-4.9165],[104.7765,-4.9095],[104.7665,-4.908]]]},"properties":{"code":"18.03.19.2005","name":"Pekurun"}},{"type":"Feature","geometry":{"type":"Polygon","coordinates":[[[104.769,-5.0335],[104.78,-5.0205],[104.786,-5.008],[104.786,-5.0035],[104.7855,-5.0035],[104.7735,-5.008],[104.7715,-5.0085],[104.762,-5.0095],[104.761,-5.009],[104.7565,-5.0065],[104.7515,-5.0105],[104.747,-5.013],[104.7435,-5.0135],[104.752,-5.0205],[104.7555,-5.0445],[104.7565,-5.044],[104.769,-5.0335]]]},"properties":{"code":"18.03.19.2006","name":"Ogan Campang"}},{"type":"Feature","geometry":{"type":"Polygon","coordinates":[[[104.822,-4.9435],[104.8205,-4.9435],[104.807,-4.9265],[104.806,-4.937],[104.793,-4.94],[104.781,-4.95],[104.777,-4.957],[104.7865,-4.964],[104.7825,-4.975],[104.785,-4.973],[104.8015,-4.9795],[104.803,-4.9795],[104.804,-4.9815],[104.8215,-4.9595],[104.822,-4.9435]]]},"properties":{"code":"18.03.19.2007","name":"Pekurun Tengah"}},{"type":"Feature","geometry":{"type":"Polygon","coordinates":[[[104.8405,-4.945],[104.8225,-4.9435],[104.822,-4.9435],[104.8215,-4.9595],[104.804,-4.9815],[104.803,-4.98],[104.803,-4.9815],[104.803,-4.984],[104.8035,-4.9845],[104.806,-4.9835],[104.8075,-4.9825],[104.822,-4.9805],[104.8235,-4.9805],[104.824,-4.9805],[104.833,-4.976],[104.836,-4.975],[104.842,-4.9605],[104.8445,-4.9595],[104.8455,-4.9585],[104.8475,-4.946],[104.8455,-4.9455],[104.8405,-4.945]]]},"properties":{"code":"18.03.19.2008","name":"Pekurun Udik"}},{"type":"Feature","geometry":{"type":"Polygon","coordinates":[[[104.7925,-4.9965],[104.792,-4.995],[104.7865,-4.9935],[104.777,-4.9935],[104.774,-5],[104.7715,-5.002],[104.7725,-5.008],[104.7735,-5.008],[104.7855,-5.0035],[104.786,-5.0035],[104.787,-5.003],[104.789,-4.9995],[104.789,-4.9985],[104.7915,-4.9975],[104.7925,-4.9965]]]},"properties":{"code":"18.03.19.2009","name":"Ogan Jaya"}},{"type":"Feature","geometry":{"type":"Polygon","coordinates":[[[104.808,-4.805],[104.7955,-4.8],[104.792,-4.787],[104.791,-4.7875],[104.786,-4.791],[104.7845,-4.7925],[104.778,-4.802],[104.7885,-4.8155],[104.7885,-4.817],[104.788,-4.8175],[104.7885,-4.818],[104.7905,-4.817],[104.7985,-4.8115],[104.7995,-4.8105],[104.7995,-4.81],[104.8015,-4.8085],[104.808,-4.8075],[104.807,-4.805],[104.808,-4.805]]]},"properties":{"code":"18.03.20.2001","name":"Cempaka"}},{"type":"Feature","geometry":{"type":"Polygon","coordinates":[[[104.774,-4.818],[104.763,-4.796],[104.7595,-4.795],[104.759,-4.797],[104.7565,-4.798],[104.7555,-4.8015],[104.7565,-4.803],[104.7565,-4.805],[104.756,-4.806],[104.7555,-4.806],[104.7555,-4.8065],[104.7555,-4.807],[104.756,-4.809],[104.7575,-4.813],[104.7575,-4.8135],[104.7545,-4.818],[104.7545,-4.8185],[104.7535,-4.8195],[104.7525,-4.8205],[104.752,-4.8205],[104.7525,-4.833],[104.7535,-4.833],[104.7645,-4.819],[104.7675,-4.8195],[104.7695,-4.8195],[104.773,-4.818],[104.774,-4.818]]]},"properties":{"code":"18.03.20.2002","name":"Sri Agung"}},{"type":"Feature","geometry":{"type":"Polygon","coordinates":[[[104.7285,-4.8125],[104.729,-4.802],[104.7035,-4.8165],[104.706,-4.824],[104.71,-4.832],[104.723,-4.8365],[104.7235,-4.8365],[104.7245,-4.8365],[104.724,-4.836],[104.724,-4.8355],[104.7245,-4.8355],[104.738,-4.823],[104.7285,-4.8125]]]},"properties":{"code":"18.03.20.2003","name":"Lepang Tengah"}},{"type":"Feature","geometry":{"type":"Polygon","coordinates":[[[104.743,-4.793],[104.7245,-4.7985],[104.716,-4.7945],[104.7125,-4.7925],[104.712,-4.7935],[104.7105,-4.793],[104.7095,-4.793],[104.709,-4.793],[104.7055,-4.7975],[104.7085,-4.7975],[104.709,-4.7975],[104.7095,-4.7985],[104.7065,-4.803],[104.7045,-4.804],[104.7025,-4.8045],[104.7035,-4.8165],[104.729,-4.802],[104.7285,-4.8125],[104.7395,-4.805],[104.75,-4.8075],[104.752,-4.8065],[104.7525,-4.806],[104.7555,-4.807],[104.7555,-4.8065],[104.7555,-4.806],[104.756,-4.806],[104.7565,-4.805],[104.7565,-4.803],[104.7555,-4.8015],[104.7565,-4.798],[104.755,-4.799],[104.7535,-4.7985],[104.746,-4.794],[104.7455,-4.7935],[104.743,-4.793]]]},"properties":{"code":"18.03.20.2004","name":"Cahaya Makmur"}},{"type":"Feature","geometry":{"type":"Polygon","coordinates":[[[104.7555,-4.807],[104.7525,-4.806],[104.752,-4.8065],[104.75,-4.8075],[104.7395,-4.805],[104.7285,-4.8125],[104.738,-4.823],[104.7495,-4.819],[104.7515,-4.8205],[104.752,-4.8205],[104.7525,-4.8205],[104.7535,-4.8195],[104.7545,-4.8185],[104.7545,-4.818],[104.7575,-4.8135],[104.7575,-4.813],[104.756,-4.809],[104.7555,-4.807]]]},"properties":{"code":"18.03.20.2005","name":"Suka Jaya"}},{"type":"Feature","geometry":{"type":"Polygon","coordinates":[[[104.752,-4.8205],[104.7515,-4.8205],[104.7495,-4.819],[104.738,-4.823],[104.7245,-4.8355],[104.724,-4.8355],[104.73,-4.837],[104.7365,-4.8335],[104.739,-4.837],[104.7405,-4.84],[104.745,-4.8405],[104.7495,-4.8425],[104.7505,-4.839],[104.7505,-4.8385],[104.7505,-4.8345],[104.7525,-4.833],[104.752,-4.8205]]]},"properties":{"code":"18.03.20.2006","name":"Sri Jaya"}},{"type":"Feature","geometry":{"type":"Polygon","coordinates":[[[104.7685,-4.7655],[104.7595,-4.763],[104.744,-4.7735],[104.742,-4.773],[104.7395,-4.772],[104.739,-4.772],[104.737,-4.7715],[104.7355,-4.771],[104.735,-4.771],[104.7335,-4.771],[104.7335,-4.7715],[104.743,-4.793],[104.7455,-4.7935],[104.746,-4.794],[104.7535,-4.7985],[104.755,-4.799],[104.7565,-4.798],[104.759,-4.797],[104.7595,-4.795],[104.763,-4.796],[104.7755,-4.7865],[104.776,-4.785],[104.776,-4.7845],[104.7755,-4.7805],[104.775,-4.7805],[104.7695,-4.771],[104.7685,-4.7685],[104.7685,-4.767],[104.7685,-4.7655]]]},"properties":{"code":"18.03.20.2007","name":"Negara Agung"}},{"type":"Feature","geometry":{"type":"Polygon","coordinates":[[[104.792,-4.7805],[104.7795,-4.7805],[104.7755,-4.7805],[104.776,-4.7845],[104.776,-4.785],[104.7755,-4.7865],[104.763,-4.796],[104.774,-4.818],[104.777,-4.8185],[104.7785,-4.819],[104.784,-4.8185],[104.7865,-4.817],[104.788,-4.8175],[104.7885,-4.817],[104.7885,-4.8155],[104.778,-4.802],[104.7845,-4.7925],[104.786,-4.791],[104.791,-4.7875],[104.7925,-4.786],[104.792,-4.7805]]]},"properties":{"code":"18.03.20.2008","name":"Cempaka Barat"}},{"type":"Feature","geometry":{"type":"Polygon","coordinates":[[[104.8015,-4.776],[104.8005,-4.7765],[104.799,-4.7765],[104.795,-4.7755],[104.7935,-4.7765],[104.792,-4.7805],[104.7925,-4.786],[104.792,-4.787],[104.7955,-4.8],[104.808,-4.805],[104.814,-4.804],[104.814,-4.8035],[104.813,-4.799],[104.813,-4.798],[104.8015,-4.776]]]},"properties":{"code":"18.03.20.2009","name":"Cempaka Timur"}},{"type":"Feature","geometry":{"type":"MultiPolygon","coordinates":[[[[104.6875,-4.7985],[104.686,-4.7965],[104.6855,-4.797],[104.6875,-4.7985]]],[[[104.6735,-4.7785],[104.673,-4.7755],[104.672,-4.775],[104.672,-4.7755],[104.671,-4.7755],[104.6685,-4.7755],[104.667,-4.7765],[104.666,-4.7765],[104.6655,-4.7765],[104.655,-4.7825],[104.655,-4.783],[104.657,-4.783],[104.679,-4.798],[104.6795,-4.7975],[104.679,-4.797],[104.679,-4.7955],[104.6785,-4.7945],[104.6785,-4.7935],[104.6785,-4.792],[104.68,-4.7915],[104.6805,-4.7925],[104.6825,-4.793],[104.685,-4.7935],[104.687,-4.794],[104.688,-4.794],[104.6885,-4.794],[104.6895,-4.792],[104.6875,-4.7885],[104.6755,-4.782],[104.6735,-4.7795],[104.6735,-4.7785]]]]},"properties":{"code":"18.03.21.2001","name":"Sinar Harapan"}},{"type":"Feature","geometry":{"type":"Polygon","coordinates":[[[104.6885,-4.763],[104.688,-4.7625],[104.687,-4.762],[104.686,-4.7625],[104.6855,-4.763],[104.6795,-4.7645],[104.678,-4.7675],[104.6705,-4.7685],[104.67,-4.77],[104.6725,-4.7715],[104.673,-4.7725],[104.673,-4.7735],[104.673,-4.7755],[104.6735,-4.7785],[104.6735,-4.7795],[104.6755,-4.782],[104.6875,-4.7885],[104.6905,-4.792],[104.6905,-4.793],[104.6925,-4.7915],[104.696,-4.7905],[104.698,-4.791],[104.698,-4.7895],[104.699,-4.7875],[104.7,-4.7875],[104.7015,-4.786],[104.7025,-4.7865],[104.7045,-4.7855],[104.706,-4.786],[104.7075,-4.7865],[104.7085,-4.7875],[104.71,-4.787],[104.7105,-4.787],[104.7075,-4.7795],[104.72,-4.7745],[104.7205,-4.774],[104.7195,-4.773],[104.7175,-4.773],[104.7165,-4.772],[104.7145,-4.7725],[104.713,-4.7725],[104.7125,-4.7725],[104.7115,-4.7735],[104.6975,-4.779],[104.695,-4.7805],[104.6925,-4.7815],[104.6885,-4.766],[104.688,-4.7635],[104.6885,-4.763]]]},"properties":{"code":"18.03.21.2002","name":"Kubu Hitu"}},{"type":"Feature","geometry":{"type":"Polygon","coordinates":[[[104.743,-4.793],[104.7335,-4.7715],[104.733,-4.7715],[104.732,-4.773],[104.7315,-4.773],[104.727,-4.7725],[104.725,-4.7725],[104.7235,-4.7735],[104.7205,-4.7735],[104.72,-4.7745],[104.7075,-4.7795],[104.7105,-4.787],[104.713,-4.791],[104.716,-4.7945],[104.7245,-4.7985],[104.743,-4.793]]]},"properties":{"code":"18.03.21.2003","name":"Negeri Sakti"}},{"type":"Feature","geometry":{"type":"Polygon","coordinates":[[[104.724,-4.738],[104.723,-4.738],[104.7195,-4.7365],[104.7175,-4.737],[104.7155,-4.739],[104.7145,-4.74],[104.712,-4.738],[104.711,-4.739],[104.711,-4.74],[104.71,-4.741],[104.7095,-4.741],[104.709,-4.7395],[104.707,-4.7365],[104.7025,-4.7375],[104.693,-4.7435],[104.6915,-4.7455],[104.688,-4.743],[104.6835,-4.7425],[104.68,-4.743],[104.6775,-4.7435],[104.6755,-4.745],[104.6745,-4.746],[104.6725,-4.748],[104.673,-4.7485],[104.6865,-4.7615],[104.6875,-4.762],[104.688,-4.7625],[104.6885,-4.763],[104.692,-4.762],[104.7095,-4.7555],[104.7105,-4.754],[104.7235,-4.75],[104.723,-4.749],[104.723,-4.748],[104.7215,-4.7405],[104.7235,-4.7405],[104.724,-4.739],[104.724,-4.738]]]},"properties":{"code":"18.03.21.2004","name":"Tanjung Jaya"}},{"type":"Feature","geometry":{"type":"Polygon","coordinates":[[[104.7355,-4.76],[104.7355,-4.755],[104.734,-4.7505],[104.734,-4.7475],[104.7315,-4.7465],[104.725,-4.748],[104.7245,-4.7485],[104.723,-4.7485],[104.723,-4.749],[104.7235,-4.75],[104.7105,-4.754],[104.7095,-4.7555],[104.692,-4.762],[104.6885,-4.763],[104.688,-4.7635],[104.6885,-4.766],[104.6925,-4.7815],[104.695,-4.7805],[104.6975,-4.779],[104.7115,-4.7735],[104.7125,-4.7725],[104.713,-4.7725],[104.7145,-4.7725],[104.7165,-4.772],[104.7175,-4.773],[104.7195,-4.773],[104.7205,-4.774],[104.7205,-4.7735],[104.7235,-4.7735],[104.725,-4.7725],[104.727,-4.7725],[104.7315,-4.773],[104.732,-4.773],[104.733,-4.7715],[104.7335,-4.771],[104.735,-4.771],[104.7355,-4.7705],[104.736,-4.7695],[104.7365,-4.764],[104.7355,-4.76]]]},"properties":{"code":"18.03.21.2005","name":"Gunung Raja"}},{"type":"Feature","geometry":{"type":"MultiPolygon","coordinates":[[[[104.6555,-4.8145],[104.658,-4.8095],[104.657,-4.811],[104.6555,-4.8145]]],[[[104.6825,-4.793],[104.6805,-4.7925],[104.68,-4.7915],[104.6785,-4.792],[104.6785,-4.7935],[104.6785,-4.7945],[104.679,-4.7955],[104.679,-4.797],[104.6795,-4.7975],[104.68,-4.799],[104.679,-4.801],[104.678,-4.802],[104.6775,-4.8035],[104.6765,-4.804],[104.668,-4.8045],[104.667,-4.807],[104.665,-4.808],[104.6655,-4.809],[104.6705,-4.823],[104.668,-4.8385],[104.672,-4.8395],[104.675,-4.839],[104.6765,-4.814],[104.681,-4.816],[104.692,-4.8065],[104.6925,-4.8055],[104.692,-4.805],[104.6895,-4.8025],[104.688,-4.799],[104.6875,-4.7985],[104.6855,-4.797],[104.687,-4.7955],[104.688,-4.794],[104.687,-4.794],[104.685,-4.7935],[104.6825,-4.793]]]]},"properties":{"code":"18.03.21.2006","name":"Cahaya Mas"}},{"type":"Feature","geometry":{"type":"Polygon","coordinates":[[[104.6575,-4.81],[104.656,-4.8085],[104.6545,-4.808],[104.651,-4.807],[104.6435,-4.803],[104.637,-4.8025],[104.63,-4.7965],[104.627,-4.797],[104.623,-4.797],[104.6215,-4.7965],[104.6215,-4.7975],[104.6225,-4.8],[104.621,-4.8015],[104.62,-4.802],[104.6195,-4.8025],[104.62,-4.803],[104.621,-4.804],[104.6245,-4.8065],[104.6285,-4.8125],[104.631,-4.8125],[104.636,-4.823],[104.6405,-4.823],[104.6445,-4.824],[104.6475,-4.8245],[104.6485,-4.8255],[104.649,-4.824],[104.6505,-4.824],[104.6515,-4.8245],[104.652,-4.8245],[104.6525,-4.8215],[104.652,-4.819],[104.6555,-4.8145],[104.657,-4.811],[104.6575,-4.81]]]},"properties":{"code":"18.03.21.2007","name":"Comok Sinar Jaya"}},{"type":"Feature","geometry":{"type":"Polygon","coordinates":[[[104.6505,-4.7775],[104.6495,-4.777],[104.6465,-4.779],[104.646,-4.779],[104.6355,-4.7865],[104.6345,-4.7875],[104.6335,-4.7885],[104.632,-4.789],[104.624,-4.794],[104.6235,-4.7945],[104.6235,-4.795],[104.6215,-4.796],[104.6215,-4.7965],[104.623,-4.797],[104.627,-4.797],[104.63,-4.7965],[104.637,-4.8025],[104.6435,-4.803],[104.651,-4.807],[104.6545,-4.808],[104.656,-4.8085],[104.6575,-4.81],[104.658,-4.8095],[104.6585,-4.8085],[104.6645,-4.8065],[104.665,-4.808],[104.667,-4.807],[104.668,-4.8045],[104.6765,-4.804],[104.6775,-4.8035],[104.678,-4.802],[104.679,-4.801],[104.68,-4.799],[104.679,-4.798],[104.657,-4.783],[104.655,-4.783],[104.6535,-4.781],[104.6505,-4.7775]]]},"properties":{"code":"18.03.21.2008","name":"Way Isem"}},{"type":"Feature","geometry":{"type":"Polygon","coordinates":[[[104.7105,-4.787],[104.71,-4.787],[104.7085,-4.7875],[104.7075,-4.7865],[104.706,-4.786],[104.7045,-4.7855],[104.7025,-4.7865],[104.7015,-4.786],[104.7,-4.7875],[104.699,-4.7875],[104.698,-4.7895],[104.698,-4.791],[104.696,-4.7905],[104.6925,-4.7915],[104.6905,-4.793],[104.6905,-4.792],[104.6895,-4.792],[104.6885,-4.794],[104.688,-4.794],[104.687,-4.7955],[104.686,-4.7965],[104.6875,-4.7985],[104.688,-4.799],[104.6895,-4.8025],[104.692,-4.805],[104.697,-4.8045],[104.6995,-4.805],[104.7005,-4.805],[104.7015,-4.8035],[104.7025,-4.8045],[104.7045,-4.804],[104.7065,-4.803],[104.7095,-4.7985],[104.709,-4.7975],[104.7085,-4.7975],[104.7055,-4.7975],[104.709,-4.793],[104.7095,-4.793],[104.7105,-4.793],[104.712,-4.7935],[104.7125,-4.7925],[104.713,-4.791],[104.7105,-4.787]]]},"properties":{"code":"18.03.21.2009","name":"Gunung Maknibai"}},{"type":"Feature","geometry":{"type":"Polygon","coordinates":[[[104.673,-4.7485],[104.6715,-4.7485],[104.6625,-4.764],[104.662,-4.7655],[104.655,-4.7695],[104.6545,-4.77],[104.6545,-4.7715],[104.653,-4.774],[104.6505,-4.7775],[104.6535,-4.781],[104.655,-4.7825],[104.6655,-4.7765],[104.666,-4.7765],[104.667,-4.7765],[104.6685,-4.7755],[104.671,-4.7755],[104.672,-4.7755],[104.672,-4.775],[104.673,-4.7735],[104.673,-4.7725],[104.6725,-4.7715],[104.67,-4.77],[104.6705,-4.7685],[104.678,-4.7675],[104.6795,-4.7645],[104.6855,-4.763],[104.686,-4.7625],[104.687,-4.762],[104.6865,-4.7615],[104.673,-4.7485]]]},"properties":{"code":"18.03.21.2010","name":"Negeri Batin Jaya"}},{"type":"Feature","geometry":{"type":"Polygon","coordinates":[[[104.8265,-4.8965],[104.8265,-4.896],[104.8255,-4.8945],[104.824,-4.887],[104.8215,-4.8855],[104.819,-4.886],[104.82,-4.887],[104.805,-4.8985],[104.8045,-4.9005],[104.8035,-4.9005],[104.8035,-4.8975],[104.803,-4.8975],[104.8025,-4.8985],[104.802,-4.899],[104.8015,-4.8995],[104.7775,-4.906],[104.783,-4.909],[104.788,-4.908],[104.7895,-4.908],[104.792,-4.906],[104.7925,-4.906],[104.7935,-4.907],[104.791,-4.909],[104.7935,-4.9125],[104.7925,-4.9165],[104.7965,-4.918],[104.8075,-4.923],[104.807,-4.9265],[104.8205,-4.9435],[104.8225,-4.9435],[104.8405,-4.945],[104.826,-4.9295],[104.806,-4.913],[104.814,-4.8985],[104.8265,-4.8965]]]},"properties":{"code":"18.03.22.2001","name":"Aji Kagungan"}},{"type":"Feature","geometry":{"type":"Polygon","coordinates":[[[104.8235,-4.867],[104.811,-4.8655],[104.8095,-4.865],[104.8095,-4.866],[104.8085,-4.8675],[104.801,-4.8745],[104.7985,-4.879],[104.799,-4.893],[104.8005,-4.896],[104.8015,-4.8965],[104.8025,-4.8985],[104.803,-4.8975],[104.8035,-4.8975],[104.8035,-4.9005],[104.8045,-4.9005],[104.805,-4.8985],[104.82,-4.887],[104.819,-4.886],[104.8205,-4.8845],[104.8215,-4.8835],[104.822,-4.88],[104.8215,-4.878],[104.824,-4.872],[104.825,-4.875],[104.8275,-4.8745],[104.828,-4.878],[104.8295,-4.878],[104.832,-4.871],[104.833,-4.8695],[104.8235,-4.867]]]},"properties":{"code":"18.03.22.2002","name":"Talang Jembatan"}},{"type":"Feature","geometry":{"type":"Polygon","coordinates":[[[104.7995,-4.851],[104.7985,-4.851],[104.791,-4.8495],[104.7845,-4.8485],[104.78,-4.8465],[104.7775,-4.8475],[104.7765,-4.85],[104.7785,-4.8565],[104.782,-4.861],[104.7825,-4.863],[104.782,-4.8695],[104.782,-4.87],[104.782,-4.8715],[104.7825,-4.8725],[104.784,-4.873],[104.7845,-4.8725],[104.785,-4.875],[104.7845,-4.876],[104.785,-4.8815],[104.7945,-4.881],[104.7955,-4.879],[104.7985,-4.879],[104.801,-4.8745],[104.8085,-4.8675],[104.8095,-4.866],[104.8095,-4.865],[104.809,-4.865],[104.801,-4.8565],[104.801,-4.855],[104.8,-4.8535],[104.7995,-4.851]]]},"properties":{"code":"18.03.22.2003","name":"Sabuk Empat"}},{"type":"Feature","geometry":{"type":"Polygon","coordinates":[[[104.7985,-4.879],[104.7955,-4.879],[104.7945,-4.881],[104.785,-4.8815],[104.7825,-4.882],[104.7785,-4.8835],[104.7775,-4.885],[104.7775,-4.8855],[104.7785,-4.8875],[104.7775,-4.906],[104.8015,-4.8995],[104.8025,-4.8985],[104.8015,-4.8965],[104.8005,-4.896],[104.799,-4.893],[104.7985,-4.879]]]},"properties":{"code":"18.03.22.2004","name":"Beringin"}},{"type":"Feature","geometry":{"type":"Polygon","coordinates":[[[104.8235,-4.842],[104.821,-4.843],[104.819,-4.8455],[104.815,-4.845],[104.812,-4.845],[104.8115,-4.8445],[104.8085,-4.843],[104.8005,-4.851],[104.7995,-4.851],[104.8,-4.8535],[104.801,-4.855],[104.801,-4.8565],[104.809,-4.865],[104.811,-4.8655],[104.8235,-4.867],[104.8295,-4.861],[104.829,-4.8605],[104.8285,-4.8485],[104.8275,-4.8455],[104.828,-4.8445],[104.827,-4.844],[104.824,-4.843],[104.8235,-4.842]]]},"properties":{"code":"18.03.22.2005","name":"Sabuk Indah"}},{"type":"Feature","geometry":{"type":"Polygon","coordinates":[[[104.839,-4.912],[104.8275,-4.9065],[104.8265,-4.8965],[104.814,-4.8985],[104.806,-4.913],[104.826,-4.9295],[104.8415,-4.9185],[104.84,-4.9165],[104.839,-4.912]]]},"properties":{"code":"18.03.22.2006","name":"Bindu"}},{"type":"Feature","geometry":{"type":"Polygon","coordinates":[[[104.8495,-4.933],[104.8415,-4.9185],[104.826,-4.9295],[104.8405,-4.945],[104.8455,-4.9455],[104.846,-4.9455],[104.8495,-4.933]]]},"properties":{"code":"18.03.22.2007","name":"Way Perancang"}},{"type":"Feature","geometry":{"type":"Polygon","coordinates":[[[105.058,-4.876],[105.058,-4.871],[105.056,-4.872],[105.0515,-4.8735],[105.0505,-4.8735],[105.0495,-4.8735],[105.0495,-4.874],[105.049,-4.875],[105.0485,-4.8765],[105.0465,-4.8785],[105.0455,-4.8805],[105.0435,-4.898],[105.027,-4.903],[105.0275,-4.904],[105.039,-4.9165],[105.042,-4.9195],[105.0435,-4.92],[105.0445,-4.919],[105.0545,-4.917],[105.053,-4.9035],[105.058,-4.876]]]},"properties":{"code":"18.03.23.2001","name":"Pagar"}},{"type":"Feature","geometry":{"type":"Polygon","coordinates":[[[105.063,-4.8435],[105.0575,-4.84],[105.061,-4.8345],[105.0615,-4.825],[105.062,-4.8235],[105.0635,-4.8205],[105.0635,-4.8195],[105.063,-4.8185],[105.062,-4.8175],[105.062,-4.817],[105.062,-4.816],[105.0575,-4.811],[105.0565,-4.8115],[105.055,-4.8115],[105.0485,-4.818],[105.0475,-4.819],[105.0455,-4.8215],[105.046,-4.8225],[105.039,-4.828],[105.0385,-4.829],[105.0375,-4.838],[105.0375,-4.8385],[105.036,-4.839],[105.0425,-4.85],[105.029,-4.8555],[105.006,-4.8835],[105.004,-4.8845],[105.002,-4.887],[105.0015,-4.888],[105.0005,-4.895],[104.999,-4.9055],[105.0005,-4.9055],[105.007,-4.916],[105.0075,-4.916],[105.0085,-4.9155],[105.01,-4.9155],[105.0105,-4.916],[105.0115,-4.9165],[105.013,-4.917],[105.0155,-4.916],[105.0165,-4.916],[105.019,-4.914],[105.0245,-4.9085],[105.026,-4.908],[105.031,-4.913],[105.0395,-4.9185],[105.0405,-4.92],[105.0405,-4.9205],[105.041,-4.92],[105.039,-4.9165],[105.0275,-4.904],[105.027,-4.903],[105.0435,-4.898],[105.0455,-4.8805],[105.0465,-4.8785],[105.0485,-4.8765],[105.049,-4.875],[105.0495,-4.874],[105.049,-4.8735],[105.0495,-4.8615],[105.06,-4.8475],[105.063,-4.8435]]]},"properties":{"code":"18.03.23.2002","name":"Blambangan"}},{"type":"Feature","geometry":{"type":"Polygon","coordinates":[[[104.969,-4.901],[104.964,-4.902],[104.9645,-4.902],[104.9665,-4.9125],[104.9655,-4.913],[104.965,-4.914],[104.9655,-4.915],[104.968,-4.9195],[104.968,-4.9215],[104.9705,-4.921],[104.9735,-4.9195],[104.9845,-4.9245],[105.005,-4.917],[105.006,-4.9165],[105.0065,-4.9165],[105.007,-4.916],[105.0005,-4.9055],[104.9965,-4.906],[104.992,-4.903],[104.9895,-4.903],[104.9875,-4.9055],[104.986,-4.905],[104.9825,-4.904],[104.983,-4.9055],[104.9805,-4.9075],[104.9795,-4.9075],[104.969,-4.901]]]},"properties":{"code":"18.03.23.2003","name":"Jagang"}},{"type":"Feature","geometry":{"type":"Polygon","coordinates":[[[105.0345,-4.8375],[105.03,-4.8365],[105.0295,-4.837],[105.029,-4.8375],[105.025,-4.838],[105.023,-4.841],[105.011,-4.8495],[105.0105,-4.854],[105.0075,-4.8545],[105.0045,-4.858],[105.005,-4.8615],[104.99,-4.8785],[104.984,-4.884],[104.9835,-4.8855],[104.983,-4.886],[104.983,-4.889],[104.984,-4.897],[104.9835,-4.898],[104.984,-4.904],[104.986,-4.905],[104.9875,-4.9055],[104.9895,-4.903],[104.992,-4.903],[104.9965,-4.906],[104.999,-4.9055],[105.0005,-4.895],[105.0015,-4.888],[105.002,-4.887],[105.004,-4.8845],[105.006,-4.8835],[105.029,-4.8555],[105.0425,-4.85],[105.036,-4.839],[105.037,-4.8385],[105.0365,-4.838],[105.036,-4.838],[105.0345,-4.8375]]]},"properties":{"code":"18.03.23.2004","name":"Tanjung Iman"}},{"type":"Feature","geometry":{"type":"Polygon","coordinates":[[[105.0545,-4.917],[105.0445,-4.919],[105.0435,-4.92],[105.042,-4.9195],[105.041,-4.92],[105.0405,-4.9205],[105.0395,-4.92],[105.0395,-4.9205],[105.0385,-4.921],[105.031,-4.929],[105.044,-4.937],[105.0445,-4.936],[105.048,-4.9345],[105.0475,-4.933],[105.048,-4.931],[105.05,-4.9305],[105.05,-4.9285],[105.056,-4.925],[105.056,-4.9215],[105.055,-4.9185],[105.0545,-4.917]]]},"properties":{"code":"18.03.23.2005","name":"Tulung Singkip"}},{"type":"Feature","geometry":{"type":"Polygon","coordinates":[[[105.0395,-4.92],[105.0405,-4.92],[105.0395,-4.9185],[105.031,-4.913],[105.026,-4.908],[105.0245,-4.9085],[105.019,-4.914],[105.0165,-4.916],[105.0155,-4.916],[105.013,-4.917],[105.0115,-4.9165],[105.011,-4.917],[105.0015,-4.928],[105.001,-4.929],[104.9945,-4.938],[105,-4.952],[105.0035,-4.9545],[105.005,-4.9555],[105.016,-4.961],[105.0195,-4.961],[105.023,-4.961],[105.025,-4.9625],[105.031,-4.964],[105.033,-4.9635],[105.032,-4.9625],[105.033,-4.962],[105.0355,-4.9645],[105.0355,-4.962],[105.0365,-4.9615],[105.0375,-4.9605],[105.038,-4.96],[105.0385,-4.9595],[105.038,-4.959],[105.039,-4.9555],[105.0415,-4.9505],[105.0415,-4.9495],[105.041,-4.945],[105.0415,-4.9445],[105.044,-4.938],[105.044,-4.937],[105.031,-4.929],[105.0385,-4.921],[105.0395,-4.9205],[105.0395,-4.92]]]},"properties":{"code":"18.03.23.2006","name":"Pagar gading"}},{"type":"Feature","geometry":{"type":"Polygon","coordinates":[[[105.0575,-4.811],[105.066,-4.7935],[105.068,-4.781],[105.068,-4.78],[105.051,-4.7935],[105.053,-4.7955],[105.055,-4.8035],[105.0535,-4.805],[105.053,-4.805],[105.045,-4.808],[105.024,-4.827],[105.0145,-4.831],[105.026,-4.835],[105.0345,-4.8375],[105.036,-4.838],[105.037,-4.8385],[105.0375,-4.838],[105.0385,-4.829],[105.039,-4.828],[105.046,-4.8225],[105.0455,-4.8215],[105.0475,-4.819],[105.0485,-4.818],[105.055,-4.8115],[105.0565,-4.8115],[105.0575,-4.811]]]},"properties":{"code":"18.03.23.2007","name":"Buring Kencana"}}]}