{"type":"FeatureCollection","features":[{"type":"Feature","geometry":{"type":"Polygon","coordinates":[[[104.9395,-5.24],[104.924,-5.236],[104.9175,-5.2365],[104.914,-5.2375],[104.9145,-5.238],[104.9145,-5.244],[104.9135,-5.2445],[104.9105,-5.246],[104.9105,-5.247],[104.9115,-5.2495],[104.9125,-5.2505],[104.913,-5.251],[104.9135,-5.2505],[104.913,-5.252],[104.919,-5.2605],[104.9165,-5.261],[104.9165,-5.2625],[104.922,-5.266],[104.924,-5.265],[104.924,-5.2655],[104.926,-5.2665],[104.928,-5.265],[104.9305,-5.262],[104.929,-5.258],[104.9405,-5.24],[104.9395,-5.24]]]},"properties":{"code":"18.02.01.2001","name":"Sri Way Langsep"}},{"type":"Feature","geometry":{"type":"Polygon","coordinates":[[[104.967,-5.243],[104.9475,-5.244],[104.9405,-5.24],[104.929,-5.258],[104.9325,-5.2605],[104.9415,-5.261],[104.942,-5.2615],[104.9665,-5.2455],[104.967,-5.243]]]},"properties":{"code":"18.02.01.2002","name":"Wayakrui"}},{"type":"Feature","geometry":{"type":"Polygon","coordinates":[[[104.968,-5.2225],[104.9495,-5.221],[104.94,-5.2215],[104.9395,-5.24],[104.9405,-5.24],[104.9475,-5.244],[104.967,-5.243],[104.9685,-5.2345],[104.983,-5.2285],[104.991,-5.2245],[104.968,-5.2225]]]},"properties":{"code":"18.02.01.2003","name":"Kalirejo"}},{"type":"Feature","geometry":{"type":"Polygon","coordinates":[[[105.0215,-5.2005],[105.0135,-5.1995],[105.0115,-5.1995],[105.01,-5.1985],[105.01,-5.2035],[105.01,-5.2065],[104.9935,-5.2235],[104.983,-5.2285],[104.9685,-5.2345],[104.967,-5.243],[104.9665,-5.2455],[104.9725,-5.246],[104.99,-5.2365],[105.0055,-5.2295],[105.018,-5.223],[105.028,-5.218],[105.0265,-5.2175],[105.0255,-5.217],[105.0285,-5.214],[105.0165,-5.207],[105.0205,-5.201],[105.0215,-5.2005]]]},"properties":{"code":"18.02.01.2004","name":"Balai Rejo"}},{"type":"Feature","geometry":{"type":"Polygon","coordinates":[[[105.047,-5.178],[105.0335,-5.1735],[105.0315,-5.173],[105.0305,-5.174],[105.03,-5.1745],[105.0205,-5.1745],[105.0185,-5.1745],[105.0165,-5.1725],[105.012,-5.171],[105.012,-5.1725],[105.012,-5.173],[105.0105,-5.175],[105.0085,-5.1875],[105.0075,-5.188],[105.0045,-5.1905],[105.005,-5.191],[105.01,-5.194],[105.011,-5.195],[105.0105,-5.196],[105.0115,-5.1995],[105.0135,-5.1995],[105.0215,-5.2005],[105.0245,-5.1995],[105.0275,-5.1975],[105.041,-5.185],[105.0465,-5.179],[105.047,-5.178]]]},"properties":{"code":"18.02.01.2005","name":"Watu Agung"}},{"type":"Feature","geometry":{"type":"Polygon","coordinates":[[[105.01,-5.206],[104.9905,-5.209],[104.978,-5.2075],[104.9765,-5.2075],[104.976,-5.21],[104.9755,-5.2115],[104.968,-5.2225],[104.991,-5.2245],[104.9935,-5.2235],[105.01,-5.2065],[105.01,-5.206]]]},"properties":{"code":"18.02.01.2006","name":"Sri Basuki"}},{"type":"Feature","geometry":{"type":"Polygon","coordinates":[[[104.971,-5.2075],[104.9705,-5.2075],[104.965,-5.207],[104.9575,-5.208],[104.9525,-5.208],[104.9525,-5.2085],[104.953,-5.2095],[104.9525,-5.211],[104.952,-5.2135],[104.9505,-5.215],[104.945,-5.2155],[104.9435,-5.2165],[104.941,-5.2215],[104.9495,-5.221],[104.968,-5.2225],[104.9755,-5.2115],[104.976,-5.21],[104.9765,-5.2075],[104.971,-5.2075]]]},"properties":{"code":"18.02.01.2007","name":"Kaliwungu"}},{"type":"Feature","geometry":{"type":"Polygon","coordinates":[[[104.9265,-5.202],[104.9175,-5.2025],[104.917,-5.204],[104.917,-5.205],[104.917,-5.2055],[104.9185,-5.2075],[104.919,-5.209],[104.9185,-5.211],[104.919,-5.212],[104.9195,-5.214],[104.9195,-5.2145],[104.918,-5.218],[104.9165,-5.2195],[104.916,-5.223],[104.916,-5.2285],[104.9155,-5.232],[104.913,-5.2345],[104.913,-5.2355],[104.914,-5.2375],[104.9175,-5.2365],[104.924,-5.236],[104.9395,-5.24],[104.94,-5.2215],[104.9345,-5.211],[104.9255,-5.21],[104.9255,-5.208],[104.9265,-5.202]]]},"properties":{"code":"18.02.01.2008","name":"Kali Dadi"}},{"type":"Feature","geometry":{"type":"Polygon","coordinates":[[[104.934,-5.169],[104.9315,-5.1695],[104.931,-5.196],[104.9315,-5.2015],[104.9315,-5.203],[104.931,-5.2065],[104.937,-5.2085],[104.942,-5.21],[104.942,-5.206],[104.9445,-5.195],[104.9455,-5.1865],[104.9445,-5.176],[104.944,-5.1705],[104.934,-5.169]]]},"properties":{"code":"18.02.01.2009","name":"Sri Mulyo"}},{"type":"Feature","geometry":{"type":"Polygon","coordinates":[[[104.9625,-5.1865],[104.9605,-5.1865],[104.9585,-5.1955],[104.9575,-5.1975],[104.9565,-5.198],[104.955,-5.2005],[104.9535,-5.2065],[104.9525,-5.208],[104.9575,-5.208],[104.965,-5.207],[104.9705,-5.2075],[104.972,-5.2045],[104.9775,-5.196],[104.9775,-5.189],[104.9775,-5.188],[104.976,-5.188],[104.971,-5.188],[104.9625,-5.188],[104.9625,-5.1865]]]},"properties":{"code":"18.02.01.2010","name":"Sri Dadi"}},{"type":"Feature","geometry":{"type":"Polygon","coordinates":[[[104.986,-5.1895],[104.9855,-5.191],[104.981,-5.1895],[104.9775,-5.188],[104.9775,-5.189],[104.9775,-5.196],[104.972,-5.2045],[104.971,-5.2075],[104.978,-5.2075],[104.9905,-5.209],[105.01,-5.206],[105.01,-5.2035],[105.01,-5.1985],[105.0105,-5.196],[105.011,-5.195],[105.01,-5.194],[105.005,-5.191],[105.004,-5.19],[104.986,-5.1895]]]},"properties":{"code":"18.02.01.2011","name":"Suko Sari"}},{"type":"Feature","geometry":{"type":"Polygon","coordinates":[[[105.0085,-5.17],[104.991,-5.161],[104.9895,-5.1825],[104.986,-5.1895],[105.004,-5.19],[105.0045,-5.1905],[105.0085,-5.1875],[105.0105,-5.175],[105.012,-5.173],[105.012,-5.1725],[105.012,-5.171],[105.009,-5.1705],[105.0085,-5.17]]]},"properties":{"code":"18.02.01.2012","name":"Sinar Sari"}},{"type":"Feature","geometry":{"type":"Polygon","coordinates":[[[104.991,-5.161],[104.9675,-5.1615],[104.966,-5.165],[104.9665,-5.17],[104.965,-5.1725],[104.965,-5.175],[104.964,-5.1775],[104.963,-5.1855],[104.9625,-5.188],[104.971,-5.188],[104.9765,-5.188],[104.981,-5.1895],[104.9855,-5.191],[104.9895,-5.1825],[104.991,-5.161]]]},"properties":{"code":"18.02.01.2013","name":"Ponco Warno"}},{"type":"Feature","geometry":{"type":"Polygon","coordinates":[[[104.9605,-5.1865],[104.9445,-5.176],[104.9455,-5.1865],[104.9445,-5.195],[104.942,-5.206],[104.942,-5.21],[104.948,-5.211],[104.9525,-5.211],[104.953,-5.2095],[104.9525,-5.209],[104.9525,-5.2085],[104.9535,-5.2065],[104.955,-5.2005],[104.9565,-5.198],[104.9575,-5.1975],[104.9585,-5.1955],[104.9605,-5.1865]]]},"properties":{"code":"18.02.01.2014","name":"Sri Purnomo"}},{"type":"Feature","geometry":{"type":"Polygon","coordinates":[[[104.966,-5.169],[104.9475,-5.169],[104.945,-5.1705],[104.944,-5.1705],[104.9445,-5.176],[104.9605,-5.1865],[104.9625,-5.1865],[104.963,-5.1855],[104.964,-5.1775],[104.965,-5.175],[104.965,-5.1725],[104.966,-5.169]]]},"properties":{"code":"18.02.01.2015","name":"Sinar Rejo"}},{"type":"Feature","geometry":{"type":"Polygon","coordinates":[[[105.049,-5.2065],[105.05,-5.204],[105.0575,-5.194],[105.041,-5.185],[105.0275,-5.1975],[105.0245,-5.1995],[105.0205,-5.201],[105.0165,-5.207],[105.0285,-5.214],[105.0255,-5.217],[105.0265,-5.2175],[105.028,-5.218],[105.0315,-5.216],[105.0395,-5.2165],[105.0395,-5.216],[105.0405,-5.2155],[105.049,-5.2065]]]},"properties":{"code":"18.02.01.2016","name":"Agung Timur"}},{"type":"Feature","geometry":{"type":"Polygon","coordinates":[[[104.9315,-5.2025],[104.9265,-5.202],[104.9255,-5.208],[104.9255,-5.21],[104.9345,-5.211],[104.94,-5.2215],[104.941,-5.2215],[104.9435,-5.2165],[104.945,-5.2155],[104.9505,-5.215],[104.952,-5.2135],[104.948,-5.211],[104.942,-5.21],[104.937,-5.2085],[104.931,-5.2065],[104.9315,-5.2025]]]},"properties":{"code":"18.02.01.2017","name":"Kalisari"}},{"type":"Feature","geometry":{"type":"Polygon","coordinates":[[[104.969,-5.148],[104.9695,-5.146],[104.969,-5.143],[104.968,-5.143],[104.9675,-5.1425],[104.966,-5.143],[104.9655,-5.1435],[104.965,-5.144],[104.9655,-5.1455],[104.9605,-5.147],[104.957,-5.149],[104.9545,-5.152],[104.952,-5.1525],[104.9455,-5.151],[104.944,-5.1515],[104.9405,-5.155],[104.939,-5.157],[104.938,-5.1595],[104.9385,-5.162],[104.938,-5.165],[104.935,-5.169],[104.934,-5.169],[104.944,-5.1705],[104.945,-5.1705],[104.9475,-5.169],[104.966,-5.169],[104.966,-5.165],[104.967,-5.1595],[104.969,-5.148]]]},"properties":{"code":"18.02.02.2001","name":"Purwodadi"}},{"type":"Feature","geometry":{"type":"Polygon","coordinates":[[[104.9945,-5.1505],[104.969,-5.148],[104.967,-5.1595],[104.9675,-5.1615],[104.991,-5.161],[105.0085,-5.17],[105.0085,-5.1675],[105.008,-5.1665],[105.009,-5.1625],[105.0155,-5.1535],[105.014,-5.1525],[105.0095,-5.152],[105.007,-5.151],[105.0015,-5.1505],[104.9945,-5.1505]]]},"properties":{"code":"18.02.02.2002","name":"Sido Dadi"}},{"type":"Feature","geometry":{"type":"Polygon","coordinates":[[[105.0465,-5.1735],[105.023,-5.1505],[105.021,-5.149],[105.0205,-5.1495],[105.017,-5.152],[105.0155,-5.152],[105.0145,-5.153],[105.0155,-5.1535],[105.009,-5.1625],[105.008,-5.1665],[105.0085,-5.1675],[105.009,-5.1705],[105.0165,-5.1725],[105.0185,-5.1745],[105.0205,-5.1745],[105.03,-5.1745],[105.0305,-5.174],[105.0315,-5.173],[105.0335,-5.1735],[105.047,-5.178],[105.0475,-5.1765],[105.0465,-5.1735]]]},"properties":{"code":"18.02.02.2003","name":"Sido Rejo"}},{"type":"Feature","geometry":{"type":"Polygon","coordinates":[[[105.0795,-5.1435],[105.07,-5.142],[105.061,-5.141],[105.058,-5.1435],[105.0555,-5.1445],[105.045,-5.155],[105.046,-5.1665],[105.0475,-5.1765],[105.048,-5.1765],[105.049,-5.176],[105.0505,-5.174],[105.0505,-5.172],[105.058,-5.1625],[105.059,-5.162],[105.0595,-5.161],[105.066,-5.1535],[105.0715,-5.1495],[105.072,-5.15],[105.0745,-5.15],[105.0765,-5.15],[105.0765,-5.148],[105.078,-5.1465],[105.0795,-5.1455],[105.0795,-5.1435]]]},"properties":{"code":"18.02.02.2004","name":"Cimarias"}},{"type":"Feature","geometry":{"type":"Polygon","coordinates":[[[105.0555,-5.143],[105.0405,-5.1415],[105.0355,-5.137],[105.0355,-5.135],[105.035,-5.136],[105.022,-5.147],[105.021,-5.149],[105.023,-5.1505],[105.0465,-5.1735],[105.046,-5.1665],[105.045,-5.155],[105.0555,-5.1445],[105.0565,-5.144],[105.0555,-5.143]]]},"properties":{"code":"18.02.02.2005","name":"Bangun Rejo"}},{"type":"Feature","geometry":{"type":"Polygon","coordinates":[[[105.0375,-5.1205],[105.017,-5.116],[105.0035,-5.1175],[104.9985,-5.1175],[104.9935,-5.122],[104.992,-5.1265],[104.9905,-5.13],[104.9885,-5.1305],[104.991,-5.133],[104.993,-5.1345],[104.9955,-5.14],[104.9955,-5.145],[104.9955,-5.149],[104.9945,-5.1505],[105.0015,-5.1505],[105.007,-5.151],[105.0095,-5.152],[105.014,-5.1525],[105.0145,-5.153],[105.0155,-5.152],[105.017,-5.152],[105.0205,-5.1495],[105.022,-5.147],[105.035,-5.136],[105.035,-5.1345],[105.0355,-5.134],[105.0405,-5.123],[105.042,-5.122],[105.0375,-5.121],[105.0375,-5.1205]]]},"properties":{"code":"18.02.02.2006","name":"Sido Luhur"}},{"type":"Feature","geometry":{"type":"Polygon","coordinates":[[[104.985,-5.1275],[104.981,-5.1275],[104.9775,-5.128],[104.977,-5.142],[104.973,-5.142],[104.9675,-5.1425],[104.968,-5.143],[104.969,-5.143],[104.9695,-5.146],[104.969,-5.148],[104.9945,-5.1505],[104.9955,-5.149],[104.9955,-5.145],[104.9955,-5.14],[104.993,-5.1345],[104.991,-5.133],[104.9895,-5.131],[104.988,-5.129],[104.985,-5.1275]]]},"properties":{"code":"18.02.02.2007","name":"Sido Mulyo"}},{"type":"Feature","geometry":{"type":"Polygon","coordinates":[[[105.016,-5.0985],[105.0145,-5.1],[105.013,-5.0975],[105.012,-5.095],[105.0115,-5.0955],[105.0105,-5.0965],[105.0105,-5.097],[105.01,-5.097],[105.009,-5.0965],[105.0075,-5.1],[104.9915,-5.109],[104.99,-5.11],[104.985,-5.1275],[104.988,-5.129],[104.9885,-5.1305],[104.9905,-5.13],[104.992,-5.1265],[104.9935,-5.122],[104.9985,-5.1175],[105.0035,-5.1175],[105.017,-5.116],[105.015,-5.1135],[105.0145,-5.109],[105.013,-5.1035],[105.016,-5.0985]]]},"properties":{"code":"18.02.02.2008","name":"Timbul Rejo"}},{"type":"Feature","geometry":{"type":"Polygon","coordinates":[[[105.0395,-5.091],[105.0385,-5.0915],[105.0305,-5.095],[105.0275,-5.098],[105.029,-5.099],[105.029,-5.1],[105.028,-5.1015],[105.0255,-5.103],[105.022,-5.1075],[105.017,-5.11],[105.016,-5.11],[105.0145,-5.109],[105.015,-5.1135],[105.017,-5.116],[105.0375,-5.1205],[105.038,-5.1145],[105.0425,-5.0975],[105.041,-5.093],[105.0395,-5.091]]]},"properties":{"code":"18.02.02.2009","name":"Suka Negara"}},{"type":"Feature","geometry":{"type":"Polygon","coordinates":[[[105.0555,-5.143],[105.054,-5.128],[105.05,-5.1255],[105.047,-5.12],[105.0405,-5.123],[105.0355,-5.134],[105.0355,-5.135],[105.0355,-5.137],[105.0405,-5.1415],[105.0555,-5.143]]]},"properties":{"code":"18.02.02.2010","name":"Sinar Seputih"}},{"type":"Feature","geometry":{"type":"Polygon","coordinates":[[[105.0585,-5.1135],[105.052,-5.1115],[105.051,-5.1125],[105.05,-5.116],[105.0485,-5.1185],[105.0485,-5.119],[105.0475,-5.1195],[105.047,-5.12],[105.05,-5.1255],[105.054,-5.128],[105.0555,-5.143],[105.0565,-5.144],[105.058,-5.1435],[105.061,-5.141],[105.07,-5.142],[105.0795,-5.1435],[105.0795,-5.143],[105.0715,-5.134],[105.0765,-5.124],[105.077,-5.1235],[105.0585,-5.1135]]]},"properties":{"code":"18.02.02.2011","name":"Sinar Luas"}},{"type":"Feature","geometry":{"type":"Polygon","coordinates":[[[105.1145,-5.1295],[105.114,-5.129],[105.1085,-5.13],[105.1065,-5.1305],[105.102,-5.132],[105.101,-5.1325],[105.097,-5.1345],[105.097,-5.1355],[105.098,-5.135],[105.1005,-5.137],[105.1035,-5.1405],[105.101,-5.142],[105.1,-5.142],[105.1135,-5.153],[105.1155,-5.148],[105.115,-5.143],[105.1155,-5.13],[105.1145,-5.1295]]]},"properties":{"code":"18.02.02.2012","name":"Tanjung Pandan"}},{"type":"Feature","geometry":{"type":"Polygon","coordinates":[[[105.072,-5.0905],[105.064,-5.0915],[105.057,-5.092],[105.0525,-5.0925],[105.0525,-5.0935],[105.0635,-5.1065],[105.0585,-5.1135],[105.077,-5.1235],[105.081,-5.121],[105.0835,-5.1175],[105.0865,-5.1155],[105.088,-5.1145],[105.089,-5.112],[105.071,-5.0995],[105.072,-5.0905]]]},"properties":{"code":"18.02.02.2013","name":"Tanjung Jaya"}},{"type":"Feature","geometry":{"type":"Polygon","coordinates":[[[105.0505,-5.0865],[105.0495,-5.0865],[105.0425,-5.0895],[105.0395,-5.0895],[105.039,-5.09],[105.041,-5.093],[105.0425,-5.0975],[105.038,-5.1145],[105.0375,-5.121],[105.042,-5.122],[105.0475,-5.1195],[105.0485,-5.119],[105.0485,-5.1185],[105.05,-5.116],[105.051,-5.1125],[105.052,-5.1115],[105.0585,-5.1135],[105.0635,-5.1065],[105.0525,-5.0935],[105.0525,-5.092],[105.0505,-5.0865]]]},"properties":{"code":"18.02.02.2014","name":"Sri Pendowo"}},{"type":"Feature","geometry":{"type":"Polygon","coordinates":[[[105.0415,-5.0895],[105.0455,-5.074],[105.046,-5.061],[105.0445,-5.059],[105.0425,-5.057],[105.041,-5.0585],[105.0405,-5.059],[105.041,-5.06],[105.039,-5.063],[105.0385,-5.066],[105.0365,-5.069],[105.036,-5.071],[105.035,-5.072],[105.0335,-5.072],[105.0315,-5.073],[105.0155,-5.092],[105.014,-5.0925],[105.0145,-5.094],[105.0135,-5.095],[105.012,-5.095],[105.013,-5.0975],[105.0145,-5.1],[105.016,-5.0985],[105.0275,-5.0985],[105.0305,-5.095],[105.0385,-5.0915],[105.0395,-5.091],[105.039,-5.09],[105.0395,-5.0895],[105.0415,-5.0895]]]},"properties":{"code":"18.02.02.2015","name":"Sukowaringin"}},{"type":"Feature","geometry":{"type":"Polygon","coordinates":[[[105.098,-5.092],[105.1,-5.0865],[105.0905,-5.0905],[105.081,-5.092],[105.072,-5.0905],[105.071,-5.0995],[105.089,-5.112],[105.0915,-5.105],[105.098,-5.092]]]},"properties":{"code":"18.02.02.2016","name":"Mekar Jaya"}},{"type":"Feature","geometry":{"type":"Polygon","coordinates":[[[105.0275,-5.098],[105.0275,-5.0985],[105.016,-5.0985],[105.013,-5.1035],[105.0145,-5.109],[105.016,-5.11],[105.017,-5.11],[105.022,-5.1075],[105.0255,-5.103],[105.028,-5.1015],[105.029,-5.1],[105.029,-5.099],[105.0275,-5.098]]]},"properties":{"code":"18.02.02.2017","name":"Suka Negeri"}},{"type":"Feature","geometry":{"type":"Polygon","coordinates":[[[104.9455,-5.151],[104.9345,-5.127],[104.9335,-5.126],[104.9295,-5.125],[104.93,-5.1265],[104.931,-5.14],[104.9255,-5.159],[104.932,-5.169],[104.935,-5.169],[104.938,-5.165],[104.9385,-5.162],[104.938,-5.1595],[104.939,-5.157],[104.9405,-5.155],[104.944,-5.1515],[104.9455,-5.151]]]},"properties":{"code":"18.02.03.2001","name":"Purwosari"}},{"type":"Feature","geometry":{"type":"Polygon","coordinates":[[[104.9515,-5.1105],[104.939,-5.1125],[104.9325,-5.1185],[104.929,-5.1245],[104.9295,-5.125],[104.9335,-5.126],[104.9345,-5.127],[104.9455,-5.151],[104.952,-5.1525],[104.9545,-5.152],[104.957,-5.149],[104.9605,-5.147],[104.9655,-5.1455],[104.965,-5.144],[104.9655,-5.143],[104.966,-5.143],[104.9715,-5.142],[104.977,-5.142],[104.9775,-5.128],[104.975,-5.1285],[104.97,-5.127],[104.9675,-5.125],[104.969,-5.1175],[104.966,-5.114],[104.9515,-5.1105]]]},"properties":{"code":"18.02.03.2002","name":"Sendang Ayu"}},{"type":"Feature","geometry":{"type":"Polygon","coordinates":[[[104.9735,-5.0765],[104.9635,-5.0665],[104.96,-5.0705],[104.95,-5.0835],[104.949,-5.086],[104.9475,-5.0895],[104.9475,-5.0915],[104.95,-5.099],[104.9525,-5.1015],[104.9555,-5.105],[104.9555,-5.104],[104.9565,-5.1035],[104.9585,-5.1025],[104.9715,-5.0845],[104.9725,-5.082],[104.9725,-5.0815],[104.974,-5.0805],[104.974,-5.079],[104.9735,-5.077],[104.9735,-5.0765]]]},"properties":{"code":"18.02.03.2003","name":"Bandar Sari"}},{"type":"Feature","geometry":{"type":"Polygon","coordinates":[[[104.966,-5.114],[104.978,-5.099],[104.9795,-5.0975],[104.9825,-5.097],[104.9845,-5.097],[104.9735,-5.0815],[104.9725,-5.0815],[104.9725,-5.082],[104.9715,-5.0845],[104.9585,-5.1025],[104.9565,-5.1035],[104.9555,-5.104],[104.9555,-5.1045],[104.954,-5.107],[104.9515,-5.1105],[104.966,-5.114]]]},"properties":{"code":"18.02.03.2004","name":"Surabaya"}},{"type":"Feature","geometry":{"type":"Polygon","coordinates":[[[104.9855,-5.0735],[104.975,-5.078],[104.9735,-5.077],[104.974,-5.079],[104.974,-5.0805],[104.9735,-5.0815],[104.9845,-5.097],[104.9825,-5.097],[104.9795,-5.0975],[104.978,-5.099],[104.966,-5.114],[104.969,-5.1175],[104.9675,-5.125],[104.97,-5.127],[104.975,-5.1285],[104.981,-5.1275],[104.985,-5.1275],[104.99,-5.11],[104.9915,-5.109],[105.0075,-5.1],[105.009,-5.0965],[105.01,-5.097],[105.0105,-5.097],[105.011,-5.096],[105.012,-5.095],[105.0135,-5.095],[105.0145,-5.094],[105.014,-5.0925],[105.015,-5.0925],[105.008,-5.0865],[105.0055,-5.0835],[105.0015,-5.0775],[104.9875,-5.0755],[104.9855,-5.0735]]]},"properties":{"code":"18.02.03.2005","name":"Margorejo"}},{"type":"Feature","geometry":{"type":"Polygon","coordinates":[[[105.0045,-5.0485],[104.9925,-5.0495],[104.9915,-5.0515],[104.991,-5.052],[104.99,-5.052],[104.9905,-5.066],[104.988,-5.068],[104.988,-5.069],[104.986,-5.0715],[104.9875,-5.0755],[105.0015,-5.0775],[105.017,-5.064],[105.016,-5.063],[105.006,-5.0515],[105.0045,-5.0485]]]},"properties":{"code":"18.02.03.2006","name":"Kota Baru"}},{"type":"Feature","geometry":{"type":"Polygon","coordinates":[[[105.032,-5.0725],[105.017,-5.064],[105.0015,-5.0775],[105.0055,-5.0835],[105.008,-5.0865],[105.015,-5.0925],[105.0155,-5.092],[105.0315,-5.073],[105.032,-5.0725]]]},"properties":{"code":"18.02.03.2007","name":"Karang Tanjung"}},{"type":"Feature","geometry":{"type":"Polygon","coordinates":[[[104.9965,-4.9995],[104.996,-4.999],[104.986,-5.008],[104.974,-5.0125],[104.9675,-5.0275],[104.973,-5.038],[104.966,-5.045],[104.967,-5.061],[104.968,-5.0615],[104.9725,-5.0565],[104.9755,-5.0545],[104.978,-5.0525],[104.9795,-5.049],[104.9815,-5.048],[104.9845,-5.047],[104.987,-5.051],[104.989,-5.05],[104.9895,-5.0505],[104.9905,-5.052],[104.9925,-5.0495],[105.0045,-5.0485],[105.006,-5.0375],[105.0055,-5.0285],[104.9965,-4.9995]]]},"properties":{"code":"18.02.03.2008","name":"Kuripan"}},{"type":"Feature","geometry":{"type":"Polygon","coordinates":[[[104.9905,-5.052],[104.9895,-5.0505],[104.989,-5.05],[104.987,-5.051],[104.9845,-5.047],[104.9815,-5.048],[104.9795,-5.049],[104.978,-5.0525],[104.9755,-5.0545],[104.9725,-5.0565],[104.968,-5.0615],[104.9635,-5.0665],[104.9735,-5.0765],[104.975,-5.078],[104.9855,-5.0735],[104.986,-5.0715],[104.988,-5.069],[104.988,-5.068],[104.9905,-5.066],[104.99,-5.052],[104.9905,-5.052]]]},"properties":{"code":"18.02.03.2009","name":"Sri Agung"}},{"type":"Feature","geometry":{"type":"Polygon","coordinates":[[[104.9875,-4.98],[104.977,-4.9855],[104.9645,-4.9845],[104.9635,-4.9845],[104.9535,-4.9945],[104.9525,-4.9955],[104.961,-5.0085],[104.9635,-5.031],[104.9495,-5.041],[104.953,-5.0635],[104.9495,-5.0805],[104.95,-5.0835],[104.96,-5.0705],[104.967,-5.061],[104.966,-5.045],[104.973,-5.038],[104.9675,-5.0275],[104.974,-5.0125],[104.986,-5.008],[104.996,-4.999],[104.997,-4.9985],[104.9875,-4.98]]]},"properties":{"code":"18.02.03.2010","name":"Haduyang Ratu"}},{"type":"Feature","geometry":{"type":"Polygon","coordinates":[[[104.9635,-4.9845],[104.962,-4.983],[104.9615,-4.9825],[104.9615,-4.9835],[104.961,-4.9835],[104.9595,-4.9835],[104.959,-4.984],[104.958,-4.9835],[104.958,-4.9825],[104.9575,-4.9825],[104.9575,-4.9835],[104.951,-4.969],[104.9425,-4.97],[104.921,-4.975],[104.9155,-4.9765],[104.9225,-4.983],[104.924,-4.984],[104.9245,-4.9865],[104.921,-4.9875],[104.917,-4.986],[104.914,-4.989],[104.914,-4.992],[104.914,-4.9945],[104.9145,-4.996],[104.907,-4.9995],[104.904,-4.999],[104.899,-5],[104.8945,-5.0155],[104.9065,-5.0235],[104.9495,-5.025],[104.954,-5.0365],[104.936,-5.038],[104.9465,-5.0745],[104.943,-5.076],[104.9425,-5.0775],[104.9405,-5.0785],[104.941,-5.079],[104.941,-5.082],[104.9435,-5.0885],[104.9435,-5.0895],[104.9445,-5.0895],[104.947,-5.0885],[104.947,-5.0895],[104.9475,-5.0895],[104.949,-5.086],[104.9495,-5.0805],[104.953,-5.0635],[104.9495,-5.041],[104.9635,-5.031],[104.961,-5.0085],[104.9525,-4.9955],[104.9535,-4.9945],[104.9635,-4.9845]]]},"properties":{"code":"18.02.03.2011","name":"Padang Ratu"}},{"type":"Feature","geometry":{"type":"Polygon","coordinates":[[[104.936,-5.038],[104.954,-5.0365],[104.9495,-5.025],[104.9125,-5.0235],[104.9125,-5.0245],[104.9145,-5.0255],[104.914,-5.0265],[104.9135,-5.0325],[104.9145,-5.0345],[104.936,-5.038]]]},"properties":{"code":"18.02.03.2018","name":"Karang Sari"}},{"type":"Feature","geometry":{"type":"Polygon","coordinates":[[[104.9435,-5.0895],[104.924,-5.094],[104.9265,-5.1125],[104.9305,-5.1175],[104.9325,-5.1185],[104.939,-5.1125],[104.9515,-5.1105],[104.954,-5.107],[104.9555,-5.105],[104.9525,-5.1015],[104.95,-5.099],[104.9475,-5.0915],[104.9475,-5.0895],[104.9435,-5.0895]]]},"properties":{"code":"18.02.03.2019","name":"Mojokerto"}},{"type":"Feature","geometry":{"type":"Polygon","coordinates":[[[105.0185,-5.0365],[105.0125,-5.038],[105.0045,-5.0485],[105.006,-5.0515],[105.016,-5.063],[105.025,-5.06],[105.029,-5.0465],[105.0295,-5.043],[105.0185,-5.0365]]]},"properties":{"code":"18.02.03.2020","name":"Sumber Sari"}},{"type":"Feature","geometry":{"type":"Polygon","coordinates":[[[104.9325,-5.1185],[104.9305,-5.1175],[104.9275,-5.1145],[104.902,-5.125],[104.9025,-5.127],[104.9175,-5.141],[104.9105,-5.1535],[104.8985,-5.1685],[104.924,-5.169],[104.9315,-5.1695],[104.932,-5.169],[104.9255,-5.159],[104.931,-5.14],[104.93,-5.1265],[104.929,-5.1245],[104.9325,-5.1185]]]},"properties":{"code":"18.02.03.2021","name":"Purworejo"}},{"type":"Feature","geometry":{"type":"Polygon","coordinates":[[[105.21,-4.974],[105.209,-4.973],[105.2085,-4.973],[105.207,-4.9735],[105.2015,-4.977],[105.2005,-4.976],[105.2,-4.975],[105.199,-4.9745],[105.1995,-4.978],[105.2,-4.981],[105.201,-4.984],[105.1995,-4.993],[105.1915,-4.9985],[105.192,-5.002],[105.192,-5.0025],[105.199,-5.0085],[105.226,-5.0145],[105.227,-5.013],[105.226,-5.013],[105.225,-5.013],[105.2235,-5.012],[105.2255,-5.011],[105.225,-5.01],[105.2235,-5.01],[105.218,-4.9925],[105.2165,-4.991],[105.2145,-4.991],[105.21,-4.987],[105.21,-4.984],[105.2125,-4.9775],[105.211,-4.9785],[105.2095,-4.977],[105.21,-4.974]]]},"properties":{"code":"18.02.04.1005","name":"Gunung Sugih"}},{"type":"Feature","geometry":{"type":"Polygon","coordinates":[[[105.246,-4.957],[105.246,-4.956],[105.2365,-4.9565],[105.235,-4.9515],[105.2335,-4.9525],[105.233,-4.9545],[105.23,-4.963],[105.2105,-4.9665],[105.21,-4.974],[105.2095,-4.977],[105.211,-4.9785],[105.2125,-4.9775],[105.21,-4.984],[105.21,-4.9855],[105.2155,-4.9795],[105.2335,-4.98],[105.234,-4.9905],[105.249,-4.9865],[105.251,-4.981],[105.25,-4.9815],[105.2475,-4.9655],[105.2475,-4.9645],[105.246,-4.9625],[105.2455,-4.9615],[105.246,-4.957]]]},"properties":{"code":"18.02.04.1006","name":"Gunung S. Raya"}},{"type":"Feature","geometry":{"type":"Polygon","coordinates":[[[105.199,-4.9745],[105.198,-4.975],[105.1905,-4.974],[105.1865,-4.9735],[105.186,-4.9735],[105.183,-4.974],[105.1825,-4.977],[105.1805,-4.978],[105.1755,-4.984],[105.1735,-4.982],[105.1735,-4.9795],[105.1715,-4.9805],[105.168,-4.98],[105.168,-4.9935],[105.17,-4.9955],[105.172,-4.996],[105.1735,-4.996],[105.1735,-4.9965],[105.1725,-4.998],[105.1705,-5.003],[105.1645,-5.012],[105.1635,-5.0145],[105.165,-5.016],[105.1645,-5.0195],[105.1625,-5.02],[105.1585,-5.0205],[105.158,-5.023],[105.155,-5.024],[105.154,-5.026],[105.15,-5.0265],[105.149,-5.026],[105.148,-5.0265],[105.147,-5.0355],[105.1475,-5.036],[105.1505,-5.0375],[105.1655,-5.0375],[105.1685,-5.0375],[105.166,-5.0355],[105.1655,-5.034],[105.167,-5.033],[105.1735,-5.026],[105.176,-5.027],[105.1775,-5.026],[105.1785,-5.025],[105.1835,-5.0205],[105.1825,-5.0185],[105.187,-5.017],[105.1875,-5.014],[105.186,-5.013],[105.1915,-5.0025],[105.192,-5.002],[105.1915,-4.9985],[105.1995,-4.993],[105.201,-4.984],[105.2,-4.981],[105.1995,-4.978],[105.199,-4.9745]]]},"properties":{"code":"18.02.04.1007","name":"Komering Agung"}},{"type":"Feature","geometry":{"type":"Polygon","coordinates":[[[105.233,-4.9545],[105.2325,-4.9545],[105.23,-4.955],[105.229,-4.954],[105.227,-4.954],[105.2215,-4.953],[105.2125,-4.953],[105.1995,-4.955],[105.2,-4.9535],[105.1995,-4.9535],[105.1985,-4.9535],[105.193,-4.955],[105.184,-4.9575],[105.1865,-4.961],[105.187,-4.961],[105.1865,-4.9615],[105.1855,-4.9625],[105.185,-4.964],[105.184,-4.965],[105.1825,-4.969],[105.185,-4.97],[105.1835,-4.9735],[105.186,-4.9735],[105.1865,-4.9735],[105.1905,-4.974],[105.198,-4.975],[105.199,-4.9745],[105.2,-4.975],[105.2005,-4.976],[105.2015,-4.977],[105.207,-4.9735],[105.2085,-4.973],[105.209,-4.973],[105.21,-4.974],[105.2105,-4.9665],[105.23,-4.963],[105.233,-4.9545]]]},"properties":{"code":"18.02.04.1008","name":"Seputih Jaya"}},{"type":"Feature","geometry":{"type":"Polygon","coordinates":[[[105.222,-5.0245],[105.2125,-5.0275],[105.195,-5.0245],[105.1955,-5.0345],[105.1925,-5.034],[105.184,-5.0355],[105.1835,-5.035],[105.1745,-5.029],[105.173,-5.031],[105.178,-5.0505],[105.1795,-5.0505],[105.182,-5.0505],[105.1825,-5.05],[105.183,-5.049],[105.1855,-5.0475],[105.187,-5.048],[105.188,-5.047],[105.21,-5.043],[105.214,-5.0425],[105.2125,-5.048],[105.218,-5.0495],[105.219,-5.0495],[105.219,-5.049],[105.227,-5.0475],[105.2275,-5.0475],[105.23,-5.044],[105.233,-5.042],[105.2335,-5.037],[105.2315,-5.036],[105.2275,-5.036],[105.2265,-5.0355],[105.222,-5.0295],[105.222,-5.0265],[105.222,-5.0245]]]},"properties":{"code":"18.02.04.2001","name":"Terbanggi Subing"}},{"type":"Feature","geometry":{"type":"Polygon","coordinates":[[[105.192,-5.0025],[105.1915,-5.0025],[105.186,-5.013],[105.1875,-5.014],[105.187,-5.017],[105.1825,-5.0185],[105.1835,-5.0205],[105.1785,-5.025],[105.1775,-5.026],[105.176,-5.027],[105.175,-5.028],[105.1745,-5.029],[105.1835,-5.035],[105.184,-5.0355],[105.1925,-5.034],[105.1955,-5.0345],[105.195,-5.0245],[105.2125,-5.0275],[105.222,-5.0245],[105.226,-5.0145],[105.199,-5.0085],[105.192,-5.0025]]]},"properties":{"code":"18.02.04.2002","name":"Terbanggi Agung"}},{"type":"Feature","geometry":{"type":"MultiPolygon","coordinates":[[[[105.1225,-4.9915],[105.1175,-4.99],[105.116,-4.99],[105.116,-4.9905],[105.1155,-4.9925],[105.114,-4.992],[105.112,-4.9965],[105.1105,-4.9975],[105.109,-4.9975],[105.1075,-4.9985],[105.1055,-4.9985],[105.1085,-5.0065],[105.1095,-5.0085],[105.125,-5.027],[105.1315,-5.037],[105.132,-5.0365],[105.136,-5.0315],[105.137,-5.0295],[105.1395,-5.0275],[105.1375,-5.0195],[105.131,-5.012],[105.137,-5.005],[105.1365,-4.9925],[105.135,-4.9935],[105.134,-4.9945],[105.1255,-4.9925],[105.1225,-4.9915]]],[[[105.1095,-4.957],[105.108,-4.956],[105.1075,-4.9565],[105.1035,-4.9575],[105.1025,-4.9585],[105.097,-4.959],[105.095,-4.9605],[105.0925,-4.9615],[105.0905,-4.963],[105.0965,-4.977],[105.1135,-4.967],[105.1155,-4.966],[105.112,-4.959],[105.1095,-4.957]]]]},"properties":{"code":"18.02.04.2003","name":"Fajar Bulan"}},{"type":"Feature","geometry":{"type":"Polygon","coordinates":[[[105.168,-4.98],[105.1635,-4.98],[105.158,-4.9805],[105.146,-4.985],[105.142,-4.9895],[105.142,-4.9915],[105.1405,-4.9925],[105.1365,-4.9925],[105.137,-5.005],[105.131,-5.012],[105.1375,-5.0195],[105.1395,-5.027],[105.1465,-5.0265],[105.149,-5.026],[105.15,-5.0265],[105.154,-5.026],[105.155,-5.024],[105.158,-5.023],[105.1585,-5.0205],[105.1625,-5.02],[105.1645,-5.0195],[105.165,-5.016],[105.1635,-5.0145],[105.1645,-5.012],[105.1705,-5.003],[105.1725,-4.998],[105.1735,-4.9965],[105.1735,-4.996],[105.172,-4.996],[105.17,-4.9955],[105.168,-4.9935],[105.168,-4.98]]]},"properties":{"code":"18.02.04.2004","name":"Komering Putih"}},{"type":"Feature","geometry":{"type":"Polygon","coordinates":[[[105.267,-4.953],[105.2665,-4.953],[105.265,-4.953],[105.2605,-4.9495],[105.257,-4.946],[105.254,-4.949],[105.2485,-4.956],[105.246,-4.957],[105.2455,-4.9615],[105.246,-4.9625],[105.2475,-4.9645],[105.2475,-4.9655],[105.25,-4.9815],[105.2545,-4.9795],[105.266,-4.9835],[105.278,-4.9825],[105.278,-4.9815],[105.274,-4.968],[105.2665,-4.97],[105.267,-4.953]]]},"properties":{"code":"18.02.04.2009","name":"Buyut Udik"}},{"type":"Feature","geometry":{"type":"Polygon","coordinates":[[[105.299,-4.951],[105.298,-4.9515],[105.2945,-4.9505],[105.284,-4.945],[105.268,-4.9525],[105.267,-4.953],[105.2665,-4.97],[105.274,-4.968],[105.278,-4.9815],[105.278,-4.983],[105.2785,-4.9835],[105.279,-4.984],[105.281,-4.985],[105.2815,-4.9845],[105.2825,-4.9845],[105.2875,-4.986],[105.2915,-4.985],[105.291,-4.9835],[105.2975,-4.9765],[105.2965,-4.9755],[105.302,-4.9695],[105.303,-4.9685],[105.3035,-4.9665],[105.3035,-4.966],[105.302,-4.9645],[105.3015,-4.962],[105.3005,-4.961],[105.3005,-4.9605],[105.3,-4.9595],[105.3005,-4.9595],[105.3005,-4.959],[105.2995,-4.9585],[105.3,-4.9575],[105.299,-4.951]]]},"properties":{"code":"18.02.04.2010","name":"Buyut Ilir"}},{"type":"Feature","geometry":{"type":"Polygon","coordinates":[[[105.3105,-4.9455],[105.308,-4.946],[105.307,-4.947],[105.305,-4.951],[105.302,-4.951],[105.2995,-4.951],[105.299,-4.951],[105.3,-4.9575],[105.2995,-4.9585],[105.3005,-4.959],[105.3005,-4.9595],[105.3,-4.9595],[105.3005,-4.9605],[105.3005,-4.961],[105.3015,-4.962],[105.302,-4.9645],[105.3035,-4.966],[105.3035,-4.9665],[105.303,-4.9685],[105.302,-4.9695],[105.2965,-4.9755],[105.2975,-4.9765],[105.291,-4.9835],[105.2915,-4.9855],[105.2905,-4.987],[105.2975,-4.9925],[105.31,-4.985],[105.317,-4.9765],[105.3175,-4.975],[105.3175,-4.9725],[105.317,-4.969],[105.315,-4.965],[105.315,-4.962],[105.3115,-4.9485],[105.312,-4.9475],[105.3115,-4.947],[105.311,-4.946],[105.3105,-4.9455]]]},"properties":{"code":"18.02.04.2011","name":"Bangun Rejo"}},{"type":"Feature","geometry":{"type":"Polygon","coordinates":[[[105.176,-5.027],[105.1735,-5.026],[105.167,-5.033],[105.1655,-5.034],[105.166,-5.0355],[105.1685,-5.0375],[105.1655,-5.0375],[105.1505,-5.0375],[105.149,-5.043],[105.1565,-5.0655],[105.1695,-5.066],[105.1755,-5.0675],[105.1765,-5.059],[105.177,-5.0585],[105.1855,-5.056],[105.187,-5.0495],[105.183,-5.049],[105.1825,-5.05],[105.182,-5.0505],[105.1795,-5.0505],[105.178,-5.0505],[105.173,-5.031],[105.175,-5.028],[105.176,-5.027]]]},"properties":{"code":"18.02.04.2012","name":"Wono Sari"}},{"type":"Feature","geometry":{"type":"Polygon","coordinates":[[[105.309,-4.8965],[105.302,-4.897],[105.296,-4.9005],[105.296,-4.9075],[105.295,-4.9085],[105.294,-4.909],[105.2925,-4.9095],[105.2925,-4.9105],[105.293,-4.912],[105.294,-4.914],[105.2945,-4.917],[105.302,-4.926],[105.2975,-4.941],[105.306,-4.9455],[105.308,-4.946],[105.3105,-4.9455],[105.31,-4.9445],[105.311,-4.942],[105.3105,-4.941],[105.3125,-4.935],[105.3125,-4.9325],[105.3115,-4.9285],[105.312,-4.928],[105.315,-4.9245],[105.316,-4.923],[105.3145,-4.9005],[105.314,-4.9005],[105.309,-4.8965]]]},"properties":{"code":"18.02.04.2013","name":"Putra Buyut"}},{"type":"Feature","geometry":{"type":"Polygon","coordinates":[[[105.234,-4.9905],[105.2335,-4.98],[105.2155,-4.9795],[105.21,-4.9855],[105.21,-4.987],[105.2145,-4.991],[105.2165,-4.991],[105.218,-4.9925],[105.2235,-5.01],[105.225,-5.01],[105.2255,-5.011],[105.2235,-5.012],[105.225,-5.013],[105.226,-5.013],[105.227,-5.013],[105.226,-5.0145],[105.222,-5.0245],[105.222,-5.0265],[105.222,-5.0295],[105.2265,-5.0355],[105.2275,-5.036],[105.2315,-5.036],[105.2335,-5.037],[105.2335,-5.035],[105.2355,-5.032],[105.2435,-5.0225],[105.246,-5.021],[105.245,-5.0085],[105.2315,-5.0075],[105.2305,-5.0085],[105.2305,-5.007],[105.2305,-5.0065],[105.231,-5.0055],[105.2305,-5.0025],[105.2325,-5.003],[105.2325,-5.002],[105.231,-5.0005],[105.23,-4.9995],[105.23,-4.999],[105.231,-4.9985],[105.2325,-4.9975],[105.2325,-4.9965],[105.2315,-4.9955],[105.232,-4.994],[105.2325,-4.9925],[105.234,-4.9905]]]},"properties":{"code":"18.02.04.2014","name":"Gunung Sari"}},{"type":"Feature","geometry":{"type":"MultiPolygon","coordinates":[[[[105.292,-4.9095],[105.29,-4.9085],[105.2875,-4.911],[105.287,-4.9145],[105.2885,-4.923],[105.284,-4.9225],[105.2845,-4.924],[105.284,-4.9245],[105.286,-4.927],[105.283,-4.9305],[105.283,-4.942],[105.284,-4.9445],[105.284,-4.945],[105.2945,-4.9505],[105.298,-4.9515],[105.2995,-4.951],[105.302,-4.951],[105.305,-4.951],[105.307,-4.947],[105.306,-4.9455],[105.2975,-4.941],[105.302,-4.926],[105.2945,-4.917],[105.294,-4.914],[105.293,-4.912],[105.2925,-4.9105],[105.2925,-4.9095],[105.292,-4.9095]]],[[[105.3255,-4.8755],[105.3235,-4.8755],[105.323,-4.8755],[105.3115,-4.8815],[105.3095,-4.8885],[105.3095,-4.895],[105.309,-4.8965],[105.314,-4.9005],[105.316,-4.899],[105.3185,-4.8965],[105.3195,-4.894],[105.327,-4.885],[105.3275,-4.8805],[105.327,-4.8775],[105.327,-4.877],[105.327,-4.8765],[105.327,-4.876],[105.3265,-4.8755],[105.326,-4.8755],[105.3255,-4.8755]]]]},"properties":{"code":"18.02.04.2015","name":"Buyut Utara"}},{"type":"Feature","geometry":{"type":"Polygon","coordinates":[[[105.26,-5.1455],[105.2515,-5.1365],[105.2475,-5.139],[105.2435,-5.1435],[105.232,-5.156],[105.224,-5.151],[105.2235,-5.1505],[105.223,-5.151],[105.224,-5.1665],[105.224,-5.167],[105.224,-5.168],[105.224,-5.169],[105.225,-5.1695],[105.2335,-5.1685],[105.2355,-5.1685],[105.241,-5.156],[105.26,-5.1455]]]},"properties":{"code":"18.02.05.1003","name":"Adi Puro"}},{"type":"Feature","geometry":{"type":"Polygon","coordinates":[[[105.2455,-5.121],[105.239,-5.1235],[105.2375,-5.1235],[105.2365,-5.1235],[105.234,-5.1245],[105.2305,-5.1265],[105.227,-5.126],[105.2235,-5.1325],[105.2245,-5.1345],[105.223,-5.149],[105.224,-5.151],[105.232,-5.156],[105.2435,-5.1435],[105.244,-5.142],[105.245,-5.123],[105.245,-5.1215],[105.2455,-5.121]]]},"properties":{"code":"18.02.05.1004","name":"Trimurjo"}},{"type":"Feature","geometry":{"type":"Polygon","coordinates":[[[105.264,-5.1015],[105.2635,-5.1015],[105.2475,-5.118],[105.245,-5.1215],[105.245,-5.123],[105.244,-5.142],[105.2475,-5.139],[105.2515,-5.1365],[105.2515,-5.1355],[105.261,-5.1295],[105.262,-5.127],[105.264,-5.1015]]]},"properties":{"code":"18.02.05.1007","name":"Simbar Waringin"}},{"type":"Feature","geometry":{"type":"Polygon","coordinates":[[[105.275,-5.159],[105.2715,-5.1575],[105.27,-5.158],[105.2635,-5.162],[105.261,-5.163],[105.26,-5.164],[105.259,-5.164],[105.254,-5.163],[105.253,-5.163],[105.242,-5.166],[105.241,-5.1675],[105.243,-5.169],[105.2555,-5.1785],[105.258,-5.179],[105.2595,-5.1775],[105.2625,-5.1775],[105.2715,-5.1795],[105.274,-5.1795],[105.2785,-5.176],[105.2805,-5.175],[105.282,-5.1755],[105.283,-5.176],[105.283,-5.1725],[105.2845,-5.171],[105.287,-5.171],[105.287,-5.1705],[105.287,-5.17],[105.287,-5.1695],[105.2815,-5.1695],[105.28,-5.1695],[105.2795,-5.1695],[105.2795,-5.169],[105.279,-5.1675],[105.2785,-5.167],[105.2785,-5.1665],[105.2785,-5.1645],[105.2785,-5.164],[105.275,-5.159]]]},"properties":{"code":"18.02.05.2001","name":"Depok Rejo"}},{"type":"Feature","geometry":{"type":"Polygon","coordinates":[[[105.272,-5.1425],[105.2635,-5.1465],[105.2615,-5.146],[105.26,-5.1455],[105.241,-5.156],[105.2355,-5.1685],[105.2365,-5.1685],[105.2395,-5.168],[105.241,-5.1675],[105.242,-5.166],[105.253,-5.163],[105.254,-5.163],[105.259,-5.164],[105.26,-5.164],[105.261,-5.163],[105.262,-5.1585],[105.2635,-5.156],[105.272,-5.147],[105.2735,-5.1465],[105.2735,-5.147],[105.275,-5.147],[105.276,-5.1455],[105.2765,-5.144],[105.2755,-5.1435],[105.2735,-5.1435],[105.272,-5.1425]]]},"properties":{"code":"18.02.05.2002","name":"Liman Benawi"}},{"type":"Feature","geometry":{"type":"Polygon","coordinates":[[[105.237,-5.092],[105.236,-5.092],[105.2325,-5.095],[105.2315,-5.096],[105.2305,-5.0965],[105.2305,-5.0975],[105.2305,-5.098],[105.228,-5.1],[105.2275,-5.102],[105.2275,-5.103],[105.225,-5.1205],[105.226,-5.1225],[105.2265,-5.1255],[105.2275,-5.1255],[105.2305,-5.1265],[105.234,-5.1245],[105.2365,-5.1235],[105.237,-5.1235],[105.2385,-5.122],[105.238,-5.1195],[105.2415,-5.1105],[105.2475,-5.1055],[105.2465,-5.1035],[105.2455,-5.103],[105.2395,-5.1035],[105.243,-5.0975],[105.24,-5.096],[105.2385,-5.0955],[105.237,-5.092]]]},"properties":{"code":"18.02.05.2005","name":"Noto Harjo"}},{"type":"Feature","geometry":{"type":"Polygon","coordinates":[[[105.269,-5.096],[105.2685,-5.096],[105.268,-5.095],[105.2675,-5.0945],[105.267,-5.094],[105.267,-5.0945],[105.2665,-5.0955],[105.2655,-5.0955],[105.2645,-5.097],[105.2645,-5.099],[105.2635,-5.099],[105.264,-5.0995],[105.2645,-5.101],[105.264,-5.1015],[105.262,-5.127],[105.2665,-5.1265],[105.269,-5.1255],[105.272,-5.1205],[105.2725,-5.12],[105.275,-5.1195],[105.277,-5.1195],[105.2775,-5.1195],[105.278,-5.1185],[105.2795,-5.1185],[105.2805,-5.1185],[105.282,-5.118],[105.2825,-5.118],[105.2855,-5.1165],[105.287,-5.1155],[105.2875,-5.1155],[105.288,-5.1145],[105.2895,-5.113],[105.2895,-5.1115],[105.29,-5.108],[105.288,-5.1055],[105.269,-5.103],[105.269,-5.1025],[105.2685,-5.1025],[105.2685,-5.1],[105.269,-5.097],[105.269,-5.096]]]},"properties":{"code":"18.02.05.2006","name":"Purwodadi"}},{"type":"Feature","geometry":{"type":"Polygon","coordinates":[[[105.2875,-5.1155],[105.287,-5.1155],[105.2855,-5.1165],[105.2825,-5.118],[105.282,-5.118],[105.2805,-5.1185],[105.2795,-5.1185],[105.278,-5.1185],[105.2775,-5.1195],[105.277,-5.1195],[105.275,-5.1195],[105.2725,-5.12],[105.272,-5.1205],[105.269,-5.1255],[105.2665,-5.1265],[105.262,-5.127],[105.261,-5.1295],[105.2515,-5.1355],[105.2515,-5.1365],[105.26,-5.1455],[105.2615,-5.146],[105.2635,-5.1465],[105.272,-5.1425],[105.2745,-5.139],[105.2755,-5.1365],[105.283,-5.121],[105.284,-5.1205],[105.2845,-5.12],[105.2875,-5.1155]]]},"properties":{"code":"18.02.05.2008","name":"Tempuran"}},{"type":"Feature","geometry":{"type":"Polygon","coordinates":[[[105.267,-5.094],[105.2635,-5.091],[105.263,-5.0905],[105.262,-5.0885],[105.26,-5.0865],[105.2565,-5.0905],[105.2515,-5.1015],[105.2495,-5.1035],[105.2415,-5.1105],[105.238,-5.1195],[105.2385,-5.122],[105.237,-5.1235],[105.239,-5.1235],[105.2455,-5.121],[105.2475,-5.118],[105.2635,-5.1015],[105.2645,-5.101],[105.264,-5.0995],[105.2635,-5.099],[105.2645,-5.099],[105.2645,-5.097],[105.2655,-5.0955],[105.2665,-5.0955],[105.267,-5.0945],[105.267,-5.094]]]},"properties":{"code":"18.02.05.2009","name":"Purwo Adi"}},{"type":"Feature","geometry":{"type":"Polygon","coordinates":[[[105.278,-5.085],[105.268,-5.068],[105.2655,-5.076],[105.2665,-5.077],[105.26,-5.0865],[105.262,-5.0885],[105.263,-5.0905],[105.2635,-5.091],[105.2675,-5.0945],[105.268,-5.095],[105.2685,-5.096],[105.269,-5.096],[105.269,-5.0955],[105.271,-5.096],[105.2745,-5.095],[105.275,-5.0945],[105.2765,-5.093],[105.2785,-5.0855],[105.278,-5.085]]]},"properties":{"code":"18.02.05.2010","name":"Pujo Dadi"}},{"type":"Feature","geometry":{"type":"Polygon","coordinates":[[[105.268,-5.068],[105.265,-5.068],[105.262,-5.0675],[105.26,-5.0695],[105.257,-5.072],[105.2535,-5.075],[105.2525,-5.075],[105.2475,-5.0785],[105.2465,-5.0795],[105.2475,-5.0825],[105.2495,-5.0845],[105.2505,-5.087],[105.2525,-5.089],[105.2565,-5.0905],[105.26,-5.0865],[105.2665,-5.077],[105.2655,-5.076],[105.268,-5.068]]]},"properties":{"code":"18.02.05.2011","name":"Pujo Kerto"}},{"type":"Feature","geometry":{"type":"Polygon","coordinates":[[[105.2465,-5.0795],[105.244,-5.0785],[105.243,-5.0785],[105.2415,-5.0795],[105.241,-5.0815],[105.2415,-5.0825],[105.242,-5.083],[105.239,-5.088],[105.238,-5.088],[105.2385,-5.089],[105.2375,-5.0895],[105.2385,-5.0895],[105.237,-5.0905],[105.2365,-5.0915],[105.238,-5.0915],[105.2375,-5.092],[105.237,-5.092],[105.2385,-5.0955],[105.24,-5.096],[105.243,-5.0975],[105.2395,-5.1035],[105.2455,-5.103],[105.2465,-5.1035],[105.2475,-5.1055],[105.2515,-5.1015],[105.2565,-5.0905],[105.2525,-5.089],[105.2505,-5.087],[105.2495,-5.0845],[105.2475,-5.0825],[105.2465,-5.0795]]]},"properties":{"code":"18.02.05.2012","name":"Untoro"}},{"type":"Feature","geometry":{"type":"Polygon","coordinates":[[[105.248,-5.0435],[105.247,-5.043],[105.246,-5.0435],[105.245,-5.043],[105.243,-5.042],[105.243,-5.043],[105.243,-5.0435],[105.2425,-5.0445],[105.242,-5.059],[105.241,-5.0595],[105.2415,-5.06],[105.24,-5.0645],[105.24,-5.065],[105.24,-5.068],[105.24,-5.0685],[105.241,-5.0705],[105.2415,-5.0705],[105.242,-5.0755],[105.24,-5.076],[105.241,-5.0765],[105.241,-5.078],[105.243,-5.0785],[105.244,-5.0785],[105.2465,-5.0795],[105.2475,-5.0785],[105.2525,-5.075],[105.249,-5.067],[105.2495,-5.0655],[105.2505,-5.053],[105.25,-5.0525],[105.2495,-5.0515],[105.2485,-5.051],[105.2485,-5.0505],[105.248,-5.0495],[105.248,-5.046],[105.2475,-5.044],[105.248,-5.0435]]]},"properties":{"code":"18.02.05.2013","name":"Pujo Asri"}},{"type":"Feature","geometry":{"type":"Polygon","coordinates":[[[105.2615,-5.05],[105.248,-5.0435],[105.2475,-5.044],[105.248,-5.046],[105.248,-5.0495],[105.2485,-5.0505],[105.2485,-5.051],[105.2495,-5.0515],[105.25,-5.0525],[105.2505,-5.053],[105.2495,-5.0655],[105.249,-5.067],[105.2525,-5.075],[105.2535,-5.075],[105.257,-5.072],[105.26,-5.0695],[105.262,-5.0675],[105.261,-5.0625],[105.2615,-5.05]]]},"properties":{"code":"18.02.05.2014","name":"Pujo Basuki"}},{"type":"Feature","geometry":{"type":"MultiPolygon","coordinates":[[[[105.294,-5.074],[105.293,-5.0735],[105.2885,-5.0725],[105.2755,-5.0605],[105.268,-5.068],[105.278,-5.085],[105.278,-5.0845],[105.291,-5.076],[105.294,-5.074]]],[[[105.281,-5.022],[105.281,-5.0225],[105.2805,-5.0225],[105.2785,-5.0225],[105.2785,-5.026],[105.2785,-5.0265],[105.279,-5.027],[105.28,-5.029],[105.28,-5.03],[105.281,-5.0245],[105.281,-5.022]]]]},"properties":{"code":"18.02.06.2001","name":"Nunggal Rejo"}},{"type":"Feature","geometry":{"type":"Polygon","coordinates":[[[105.3085,-5.047],[105.305,-5.047],[105.3045,-5.0475],[105.3025,-5.05],[105.3,-5.053],[105.297,-5.0525],[105.2955,-5.0495],[105.293,-5.0495],[105.2925,-5.0495],[105.295,-5.052],[105.294,-5.061],[105.2945,-5.063],[105.2965,-5.063],[105.2995,-5.063],[105.301,-5.064],[105.3025,-5.0625],[105.305,-5.0625],[105.3065,-5.061],[105.3085,-5.0605],[105.3085,-5.06],[105.3125,-5.056],[105.3085,-5.048],[105.3085,-5.047]]]},"properties":{"code":"18.02.06.2002","name":"Badran Sari"}},{"type":"Feature","geometry":{"type":"Polygon","coordinates":[[[105.3435,-5.041],[105.3425,-5.0385],[105.339,-5.032],[105.333,-5.036],[105.324,-5.0325],[105.319,-5.036],[105.318,-5.038],[105.316,-5.04],[105.3085,-5.047],[105.3085,-5.048],[105.3125,-5.056],[105.3165,-5.0545],[105.3175,-5.055],[105.319,-5.053],[105.3415,-5.0435],[105.3425,-5.044],[105.3435,-5.041]]]},"properties":{"code":"18.02.06.2003","name":"Sri Sawahan"}},{"type":"Feature","geometry":{"type":"Polygon","coordinates":[[[105.279,-5.043],[105.279,-5.0435],[105.27,-5.0405],[105.263,-5.0485],[105.2615,-5.05],[105.261,-5.0625],[105.262,-5.0675],[105.265,-5.068],[105.268,-5.068],[105.2755,-5.0605],[105.2885,-5.0725],[105.293,-5.0735],[105.294,-5.074],[105.2955,-5.0725],[105.296,-5.0715],[105.2965,-5.0705],[105.301,-5.064],[105.2995,-5.063],[105.2965,-5.063],[105.2945,-5.063],[105.294,-5.061],[105.295,-5.052],[105.2925,-5.0495],[105.291,-5.0505],[105.288,-5.044],[105.2805,-5.049],[105.2805,-5.046],[105.2795,-5.0445],[105.2795,-5.0435],[105.2795,-5.043],[105.279,-5.043]]]},"properties":{"code":"18.02.06.2004","name":"Toto Katon"}},{"type":"Feature","geometry":{"type":"Polygon","coordinates":[[[105.28,-5.03],[105.28,-5.029],[105.279,-5.028],[105.278,-5.0285],[105.2625,-5.034],[105.2615,-5.0315],[105.2595,-5.0315],[105.2515,-5.0315],[105.2425,-5.032],[105.236,-5.0325],[105.2365,-5.033],[105.2365,-5.035],[105.241,-5.0425],[105.243,-5.042],[105.245,-5.043],[105.246,-5.0435],[105.247,-5.043],[105.248,-5.0435],[105.2615,-5.05],[105.263,-5.0485],[105.27,-5.0405],[105.279,-5.0435],[105.2795,-5.041],[105.28,-5.03]]]},"properties":{"code":"18.02.06.2005","name":"Tanggul Angin"}},{"type":"Feature","geometry":{"type":"Polygon","coordinates":[[[105.2615,-5.0315],[105.2595,-5.028],[105.257,-5.0125],[105.2605,-5.005],[105.2495,-5],[105.249,-4.999],[105.2445,-5.0045],[105.2435,-5.004],[105.237,-5.003],[105.2355,-5.0035],[105.234,-5.0035],[105.234,-5.004],[105.2325,-5.003],[105.2305,-5.0025],[105.231,-5.0055],[105.2305,-5.0065],[105.2305,-5.007],[105.2305,-5.0085],[105.2315,-5.0075],[105.245,-5.0085],[105.246,-5.021],[105.2435,-5.0225],[105.2355,-5.032],[105.236,-5.0325],[105.2425,-5.032],[105.2515,-5.0315],[105.2595,-5.0315],[105.2615,-5.0315]]]},"properties":{"code":"18.02.06.2006","name":"Ngesti Rahayu"}},{"type":"Feature","geometry":{"type":"Polygon","coordinates":[[[105.266,-4.9835],[105.2545,-4.9795],[105.251,-4.981],[105.249,-4.9865],[105.234,-4.9905],[105.2325,-4.9925],[105.232,-4.994],[105.2315,-4.9955],[105.2325,-4.9965],[105.2325,-4.9975],[105.231,-4.9985],[105.23,-4.999],[105.23,-4.9995],[105.231,-5.0005],[105.2325,-5.002],[105.234,-5.004],[105.234,-5.0035],[105.2355,-5.0035],[105.237,-5.003],[105.2435,-5.004],[105.2445,-5.0045],[105.249,-4.999],[105.249,-4.9985],[105.26,-5],[105.266,-4.9835]]]},"properties":{"code":"18.02.06.2007","name":"Mojopahit"}},{"type":"Feature","geometry":{"type":"Polygon","coordinates":[[[105.2815,-4.9845],[105.281,-4.985],[105.279,-4.984],[105.2785,-4.9835],[105.278,-4.983],[105.278,-4.9825],[105.266,-4.9835],[105.26,-5],[105.249,-4.9985],[105.2495,-5],[105.2605,-5.005],[105.257,-5.0125],[105.2595,-5.028],[105.2615,-5.031],[105.2625,-5.034],[105.278,-5.0285],[105.279,-5.028],[105.279,-5.027],[105.2785,-5.0265],[105.2785,-5.026],[105.2785,-5.0225],[105.2805,-5.0225],[105.281,-5.0225],[105.281,-5.022],[105.281,-5.017],[105.275,-5.014],[105.2755,-5.0125],[105.2755,-5.011],[105.2805,-4.991],[105.2815,-4.9905],[105.2805,-4.99],[105.2805,-4.989],[105.2815,-4.988],[105.282,-4.9865],[105.2815,-4.986],[105.281,-4.986],[105.2815,-4.9845]]]},"properties":{"code":"18.02.06.2008","name":"Asto Mulyo"}},{"type":"Feature","geometry":{"type":"Polygon","coordinates":[[[105.2865,-5.0005],[105.281,-4.992],[105.281,-4.991],[105.2805,-4.991],[105.2755,-5.011],[105.2755,-5.0125],[105.275,-5.014],[105.281,-5.017],[105.281,-5.0245],[105.28,-5.03],[105.2795,-5.041],[105.279,-5.043],[105.2795,-5.043],[105.2795,-5.0435],[105.2795,-5.0445],[105.2805,-5.046],[105.2805,-5.049],[105.288,-5.044],[105.2915,-5.035],[105.291,-5.0335],[105.2915,-5.032],[105.2995,-5.0295],[105.3,-5.022],[105.284,-5.016],[105.284,-5.0035],[105.2865,-5.0025],[105.2865,-5.001],[105.2865,-5.0005]]]},"properties":{"code":"18.02.06.2009","name":"Sido Mulyo"}},{"type":"Feature","geometry":{"type":"Polygon","coordinates":[[[105.2165,-4.9525],[105.2125,-4.936],[105.212,-4.9315],[105.2045,-4.9315],[105.204,-4.932],[105.2035,-4.9325],[105.1985,-4.9475],[105.2,-4.953],[105.1995,-4.955],[105.2125,-4.953],[105.2165,-4.9525]]]},"properties":{"code":"18.02.07.1002","name":"Bandar Jaya Timur"}},{"type":"Feature","geometry":{"type":"MultiPolygon","coordinates":[[[[105.184,-4.965],[105.184,-4.9645],[105.183,-4.965],[105.181,-4.9665],[105.18,-4.9665],[105.182,-4.9695],[105.184,-4.9695],[105.1825,-4.969],[105.184,-4.965]]],[[[105.1865,-4.9615],[105.1865,-4.961],[105.186,-4.9615],[105.1865,-4.9615]]],[[[105.2295,-4.9335],[105.228,-4.9315],[105.228,-4.931],[105.212,-4.9315],[105.2125,-4.936],[105.2165,-4.9525],[105.2215,-4.953],[105.227,-4.954],[105.229,-4.954],[105.23,-4.955],[105.2325,-4.9545],[105.233,-4.9545],[105.2335,-4.9525],[105.235,-4.9515],[105.2365,-4.9565],[105.246,-4.956],[105.2485,-4.956],[105.254,-4.949],[105.2565,-4.944],[105.236,-4.95],[105.2365,-4.934],[105.2295,-4.9335]]]]},"properties":{"code":"18.02.07.1003","name":"Bandar Jaya Barat"}},{"type":"Feature","geometry":{"type":"Polygon","coordinates":[[[105.2205,-4.91],[105.221,-4.9005],[105.207,-4.8995],[105.2055,-4.8995],[105.1995,-4.9045],[105.2035,-4.932],[105.204,-4.932],[105.2045,-4.9315],[105.2215,-4.931],[105.2215,-4.9245],[105.2205,-4.91]]]},"properties":{"code":"18.02.07.1004","name":"Yukum Jaya"}},{"type":"Feature","geometry":{"type":"Polygon","coordinates":[[[105.1995,-4.9045],[105.193,-4.9085],[105.1925,-4.928],[105.192,-4.9295],[105.1825,-4.95],[105.179,-4.952],[105.1785,-4.955],[105.1805,-4.9665],[105.181,-4.9665],[105.183,-4.965],[105.184,-4.9645],[105.185,-4.964],[105.1855,-4.9625],[105.186,-4.9615],[105.1865,-4.961],[105.184,-4.9575],[105.193,-4.955],[105.1985,-4.9535],[105.1995,-4.9535],[105.2,-4.9535],[105.2,-4.9525],[105.1985,-4.9475],[105.2035,-4.9325],[105.2035,-4.932],[105.1995,-4.9045]]]},"properties":{"code":"18.02.07.2001","name":"Adi Jaya"}},{"type":"Feature","geometry":{"type":"Polygon","coordinates":[[[105.284,-4.9245],[105.2805,-4.925],[105.2635,-4.932],[105.2285,-4.9315],[105.2295,-4.9335],[105.2365,-4.934],[105.236,-4.95],[105.2565,-4.944],[105.257,-4.946],[105.2605,-4.9495],[105.265,-4.953],[105.2665,-4.953],[105.268,-4.9525],[105.284,-4.945],[105.284,-4.9445],[105.283,-4.942],[105.283,-4.9305],[105.286,-4.927],[105.284,-4.9245]]]},"properties":{"code":"18.02.07.2005","name":"Indra Putra Subing"}},{"type":"Feature","geometry":{"type":"Polygon","coordinates":[[[105.257,-4.911],[105.2205,-4.91],[105.2215,-4.9245],[105.2215,-4.931],[105.228,-4.931],[105.2285,-4.9315],[105.2635,-4.932],[105.2805,-4.925],[105.2845,-4.924],[105.284,-4.9225],[105.2685,-4.923],[105.2675,-4.922],[105.2675,-4.9225],[105.266,-4.922],[105.257,-4.911]]]},"properties":{"code":"18.02.07.2006","name":"Karang Endah"}},{"type":"Feature","geometry":{"type":"Polygon","coordinates":[[[105.3085,-4.8925],[105.279,-4.872],[105.26,-4.884],[105.2605,-4.9015],[105.257,-4.911],[105.266,-4.922],[105.2675,-4.9225],[105.2675,-4.922],[105.2685,-4.923],[105.284,-4.9225],[105.2885,-4.923],[105.287,-4.9145],[105.2875,-4.911],[105.29,-4.9085],[105.292,-4.9095],[105.294,-4.909],[105.295,-4.9085],[105.296,-4.9075],[105.296,-4.9005],[105.302,-4.897],[105.309,-4.8965],[105.3095,-4.895],[105.3085,-4.8925]]]},"properties":{"code":"18.02.07.2007","name":"Nambah Dadi"}},{"type":"Feature","geometry":{"type":"Polygon","coordinates":[[[105.323,-4.8755],[105.3215,-4.8745],[105.3055,-4.8635],[105.295,-4.8555],[105.279,-4.872],[105.3085,-4.8925],[105.3095,-4.8885],[105.3115,-4.8815],[105.323,-4.8755]]]},"properties":{"code":"18.02.07.2008","name":"Ono Harjo"}},{"type":"Feature","geometry":{"type":"Polygon","coordinates":[[[105.281,-4.8225],[105.2785,-4.823],[105.2775,-4.8235],[105.2575,-4.816],[105.244,-4.817],[105.153,-4.815],[105.1415,-4.818],[105.1395,-4.82],[105.155,-4.8395],[105.1625,-4.854],[105.165,-4.8595],[105.169,-4.8695],[105.168,-4.8875],[105.1725,-4.8915],[105.187,-4.8885],[105.187,-4.89],[105.2105,-4.8915],[105.2085,-4.8935],[105.206,-4.8985],[105.206,-4.899],[105.2055,-4.8995],[105.207,-4.8995],[105.221,-4.9005],[105.2205,-4.91],[105.257,-4.911],[105.2605,-4.9015],[105.26,-4.884],[105.279,-4.872],[105.2915,-4.8535],[105.282,-4.843],[105.2905,-4.828],[105.2915,-4.8265],[105.2945,-4.827],[105.293,-4.825],[105.281,-4.8225]]]},"properties":{"code":"18.02.07.2009","name":"Terbanggi Besar"}},{"type":"Feature","geometry":{"type":"MultiPolygon","coordinates":[[[[105.1575,-4.9095],[105.1635,-4.9095],[105.1635,-4.9085],[105.164,-4.906],[105.158,-4.9025],[105.1575,-4.9095]]],[[[105.187,-4.89],[105.187,-4.8885],[105.1725,-4.8915],[105.168,-4.8875],[105.166,-4.8875],[105.1645,-4.8865],[105.1625,-4.8885],[105.1615,-4.8885],[105.161,-4.8875],[105.16,-4.888],[105.1585,-4.9005],[105.1585,-4.9],[105.165,-4.903],[105.1665,-4.904],[105.193,-4.9085],[105.1995,-4.9045],[105.2055,-4.8995],[105.206,-4.899],[105.206,-4.8985],[105.2085,-4.8935],[105.2105,-4.8915],[105.187,-4.89]]]]},"properties":{"code":"18.02.07.2010","name":"Poncowati"}},{"type":"Feature","geometry":{"type":"Polygon","coordinates":[[[105.3475,-4.942],[105.345,-4.9425],[105.343,-4.9425],[105.339,-4.939],[105.3325,-4.939],[105.3195,-4.9305],[105.3185,-4.9295],[105.317,-4.9265],[105.317,-4.925],[105.3165,-4.9245],[105.3175,-4.924],[105.316,-4.9235],[105.315,-4.9245],[105.312,-4.928],[105.3115,-4.9285],[105.3125,-4.9325],[105.3125,-4.935],[105.3105,-4.941],[105.311,-4.942],[105.31,-4.9445],[105.311,-4.946],[105.3115,-4.947],[105.312,-4.9475],[105.313,-4.9485],[105.324,-4.9525],[105.33,-4.966],[105.3305,-4.965],[105.335,-4.954],[105.336,-4.953],[105.3475,-4.9435],[105.3475,-4.942]]]},"properties":{"code":"18.02.08.2001","name":"Rejo Basuki"}},{"type":"Feature","geometry":{"type":"Polygon","coordinates":[[[105.384,-4.9455],[105.357,-4.94],[105.3515,-4.946],[105.3465,-4.946],[105.336,-4.953],[105.335,-4.9545],[105.33,-4.966],[105.3305,-4.966],[105.335,-4.9565],[105.358,-4.966],[105.3605,-4.9665],[105.3625,-4.963],[105.365,-4.9555],[105.3665,-4.9555],[105.368,-4.9555],[105.37,-4.957],[105.3725,-4.958],[105.3785,-4.966],[105.3805,-4.9665],[105.381,-4.964],[105.3825,-4.9625],[105.386,-4.96],[105.387,-4.96],[105.387,-4.9595],[105.3885,-4.96],[105.3905,-4.9595],[105.391,-4.9595],[105.392,-4.9595],[105.396,-4.959],[105.396,-4.958],[105.396,-4.9575],[105.396,-4.957],[105.3965,-4.9565],[105.396,-4.9565],[105.396,-4.956],[105.39,-4.954],[105.389,-4.9525],[105.385,-4.9455],[105.384,-4.9455]]]},"properties":{"code":"18.02.08.2002","name":"Rejo Asri"}},{"type":"Feature","geometry":{"type":"Polygon","coordinates":[[[105.406,-4.927],[105.3995,-4.922],[105.3985,-4.9235],[105.3825,-4.9385],[105.383,-4.9385],[105.3825,-4.9385],[105.383,-4.9445],[105.384,-4.945],[105.385,-4.9455],[105.389,-4.9525],[105.39,-4.954],[105.396,-4.956],[105.396,-4.9565],[105.3965,-4.9565],[105.396,-4.957],[105.396,-4.9575],[105.396,-4.958],[105.396,-4.959],[105.397,-4.9605],[105.399,-4.9605],[105.4025,-4.9615],[105.403,-4.9615],[105.4035,-4.96],[105.405,-4.9625],[105.407,-4.962],[105.4085,-4.962],[105.4095,-4.962],[105.411,-4.961],[105.413,-4.9615],[105.414,-4.96],[105.4155,-4.961],[105.4155,-4.959],[105.4155,-4.9575],[105.4135,-4.9565],[105.4125,-4.9555],[105.412,-4.956],[105.4105,-4.9555],[105.41,-4.955],[105.4095,-4.9525],[105.4095,-4.9365],[105.4055,-4.928],[105.406,-4.927]]]},"properties":{"code":"18.02.08.2003","name":"Rukti Endah"}},{"type":"Feature","geometry":{"type":"Polygon","coordinates":[[[105.3825,-4.9385],[105.3825,-4.938],[105.3825,-4.9375],[105.3825,-4.937],[105.382,-4.936],[105.378,-4.9355],[105.3705,-4.93],[105.374,-4.9265],[105.367,-4.9155],[105.346,-4.93],[105.3455,-4.9305],[105.346,-4.931],[105.3455,-4.9325],[105.3475,-4.9435],[105.3465,-4.946],[105.3515,-4.946],[105.357,-4.94],[105.384,-4.9455],[105.384,-4.945],[105.383,-4.9445],[105.3825,-4.9385]]]},"properties":{"code":"18.02.08.2004","name":"Rama Dewa"}},{"type":"Feature","geometry":{"type":"Polygon","coordinates":[[[105.327,-4.9145],[105.3265,-4.914],[105.32,-4.9015],[105.319,-4.9],[105.316,-4.899],[105.3145,-4.9005],[105.316,-4.923],[105.316,-4.9235],[105.3175,-4.924],[105.3165,-4.9245],[105.317,-4.925],[105.317,-4.9265],[105.3185,-4.9295],[105.3195,-4.9305],[105.3325,-4.939],[105.339,-4.939],[105.343,-4.9425],[105.345,-4.9425],[105.3475,-4.942],[105.3455,-4.9325],[105.346,-4.931],[105.3435,-4.932],[105.333,-4.9245],[105.327,-4.9145]]]},"properties":{"code":"18.02.08.2005","name":"Ratna Chaton"}},{"type":"Feature","geometry":{"type":"Polygon","coordinates":[[[105.3405,-4.8595],[105.34,-4.859],[105.3395,-4.8585],[105.334,-4.863],[105.3335,-4.8685],[105.332,-4.87],[105.3315,-4.8715],[105.33,-4.8735],[105.328,-4.874],[105.3265,-4.8755],[105.327,-4.8765],[105.327,-4.8775],[105.3275,-4.8805],[105.327,-4.885],[105.3195,-4.894],[105.3185,-4.8965],[105.316,-4.899],[105.319,-4.9],[105.32,-4.9015],[105.3265,-4.914],[105.328,-4.9145],[105.328,-4.914],[105.329,-4.913],[105.336,-4.897],[105.3355,-4.896],[105.3365,-4.894],[105.3375,-4.892],[105.338,-4.891],[105.338,-4.8905],[105.3385,-4.887],[105.343,-4.875],[105.343,-4.874],[105.3435,-4.8735],[105.341,-4.8635],[105.34,-4.86],[105.3405,-4.8595]]]},"properties":{"code":"18.02.08.2006","name":"Rama Yana"}},{"type":"Feature","geometry":{"type":"Polygon","coordinates":[[[105.3435,-4.932],[105.345,-4.93],[105.346,-4.9295],[105.3455,-4.9265],[105.3475,-4.9215],[105.348,-4.92],[105.3495,-4.9165],[105.3495,-4.915],[105.3485,-4.913],[105.3495,-4.911],[105.3515,-4.905],[105.352,-4.9005],[105.353,-4.8985],[105.354,-4.8975],[105.3545,-4.8965],[105.3545,-4.896],[105.3555,-4.8955],[105.356,-4.894],[105.356,-4.893],[105.357,-4.8905],[105.3565,-4.89],[105.357,-4.8895],[105.357,-4.889],[105.357,-4.8885],[105.355,-4.889],[105.3535,-4.89],[105.351,-4.893],[105.3425,-4.898],[105.3405,-4.894],[105.3385,-4.8925],[105.338,-4.8915],[105.3375,-4.8915],[105.3375,-4.892],[105.3365,-4.894],[105.3355,-4.896],[105.336,-4.897],[105.329,-4.913],[105.328,-4.914],[105.328,-4.9145],[105.327,-4.9145],[105.333,-4.9245],[105.3435,-4.932]]]},"properties":{"code":"18.02.08.2007","name":"Rama Indra"}},{"type":"Feature","geometry":{"type":"Polygon","coordinates":[[[105.3705,-4.913],[105.3725,-4.89],[105.3645,-4.8795],[105.3645,-4.8785],[105.363,-4.878],[105.362,-4.8785],[105.361,-4.8795],[105.358,-4.886],[105.3565,-4.888],[105.357,-4.888],[105.3575,-4.8885],[105.357,-4.889],[105.357,-4.8895],[105.3565,-4.89],[105.357,-4.8905],[105.356,-4.893],[105.356,-4.894],[105.3555,-4.8955],[105.3545,-4.896],[105.3545,-4.8965],[105.354,-4.8975],[105.353,-4.8985],[105.352,-4.9005],[105.3515,-4.905],[105.3495,-4.911],[105.3485,-4.913],[105.3495,-4.915],[105.3495,-4.9165],[105.348,-4.92],[105.3475,-4.9215],[105.3455,-4.9265],[105.346,-4.9295],[105.345,-4.93],[105.3455,-4.9305],[105.346,-4.93],[105.3705,-4.913]]]},"properties":{"code":"18.02.08.2008","name":"Rukti Harjo"}},{"type":"Feature","geometry":{"type":"Polygon","coordinates":[[[105.3895,-4.8925],[105.389,-4.8915],[105.3835,-4.9025],[105.3725,-4.9115],[105.374,-4.9265],[105.3705,-4.93],[105.378,-4.9355],[105.382,-4.936],[105.3825,-4.937],[105.3825,-4.9375],[105.3825,-4.938],[105.3825,-4.9385],[105.3985,-4.9235],[105.3995,-4.9205],[105.4,-4.919],[105.4005,-4.918],[105.4,-4.9165],[105.3975,-4.9105],[105.3895,-4.8925]]]},"properties":{"code":"18.02.08.2009","name":"Rama Gunawan"}},{"type":"Feature","geometry":{"type":"Polygon","coordinates":[[[105.409,-4.8735],[105.409,-4.8725],[105.399,-4.8785],[105.3895,-4.8925],[105.3975,-4.9105],[105.4,-4.9165],[105.401,-4.9165],[105.403,-4.915],[105.406,-4.9145],[105.4075,-4.913],[105.4125,-4.908],[105.4135,-4.9065],[105.414,-4.906],[105.4155,-4.9045],[105.424,-4.899],[105.425,-4.898],[105.4275,-4.8925],[105.4265,-4.893],[105.4145,-4.8875],[105.4105,-4.8785],[105.409,-4.8735]]]},"properties":{"code":"18.02.08.2010","name":"Rama Oetama"}},{"type":"Feature","geometry":{"type":"Polygon","coordinates":[[[105.401,-4.8425],[105.4,-4.8425],[105.3955,-4.841],[105.3955,-4.8405],[105.394,-4.839],[105.393,-4.839],[105.393,-4.838],[105.3925,-4.838],[105.392,-4.8375],[105.391,-4.8365],[105.3905,-4.837],[105.375,-4.8585],[105.383,-4.868],[105.3865,-4.884],[105.3895,-4.8925],[105.399,-4.8785],[105.409,-4.8725],[105.3975,-4.85],[105.3975,-4.8495],[105.3975,-4.849],[105.398,-4.849],[105.398,-4.8485],[105.399,-4.8465],[105.3995,-4.846],[105.4005,-4.8425],[105.401,-4.8425]]]},"properties":{"code":"18.02.08.2011","name":"Rama Nirwana"}},{"type":"Feature","geometry":{"type":"Polygon","coordinates":[[[105.375,-4.8585],[105.373,-4.857],[105.3725,-4.852],[105.373,-4.8515],[105.3715,-4.849],[105.36,-4.8445],[105.358,-4.847],[105.3575,-4.848],[105.362,-4.8745],[105.362,-4.877],[105.3615,-4.878],[105.363,-4.878],[105.3645,-4.8785],[105.3645,-4.8795],[105.3725,-4.89],[105.3705,-4.913],[105.3725,-4.9115],[105.3835,-4.9025],[105.389,-4.8915],[105.3865,-4.884],[105.383,-4.868],[105.375,-4.8585]]]},"properties":{"code":"18.02.08.2012","name":"Rama Murti"}},{"type":"Feature","geometry":{"type":"Polygon","coordinates":[[[105.36,-4.8445],[105.36,-4.8425],[105.356,-4.843],[105.355,-4.8435],[105.341,-4.86],[105.3405,-4.8595],[105.34,-4.86],[105.341,-4.8635],[105.3435,-4.8735],[105.343,-4.874],[105.343,-4.875],[105.3385,-4.887],[105.338,-4.8905],[105.3375,-4.8915],[105.338,-4.8915],[105.3385,-4.8925],[105.3405,-4.894],[105.3425,-4.898],[105.351,-4.893],[105.3535,-4.89],[105.355,-4.889],[105.357,-4.8885],[105.357,-4.888],[105.3565,-4.888],[105.358,-4.886],[105.361,-4.8795],[105.362,-4.8785],[105.3615,-4.878],[105.362,-4.877],[105.362,-4.8745],[105.3575,-4.848],[105.358,-4.847],[105.36,-4.8445]]]},"properties":{"code":"18.02.08.2013","name":"Rama Klandungan"}},{"type":"Feature","geometry":{"type":"Polygon","coordinates":[[[105.3875,-4.816],[105.373,-4.823],[105.3715,-4.8335],[105.3715,-4.834],[105.37,-4.8345],[105.3615,-4.8405],[105.36,-4.8425],[105.36,-4.8445],[105.3715,-4.849],[105.373,-4.8515],[105.3725,-4.852],[105.373,-4.857],[105.375,-4.8585],[105.3905,-4.837],[105.391,-4.8355],[105.3875,-4.8165],[105.3875,-4.816]]]},"properties":{"code":"18.02.08.2014","name":"Buyut Baru"}},{"type":"Feature","geometry":{"type":"Polygon","coordinates":[[[105.4915,-4.748],[105.491,-4.748],[105.49,-4.7445],[105.4885,-4.7465],[105.4885,-4.7545],[105.487,-4.759],[105.485,-4.7555],[105.4835,-4.7555],[105.481,-4.7605],[105.467,-4.768],[105.4675,-4.7695],[105.4675,-4.7715],[105.467,-4.7745],[105.467,-4.777],[105.4645,-4.7785],[105.4605,-4.783],[105.4625,-4.786],[105.465,-4.7905],[105.4645,-4.794],[105.4665,-4.797],[105.4685,-4.8015],[105.469,-4.8025],[105.4705,-4.801],[105.479,-4.7975],[105.4925,-4.78],[105.494,-4.778],[105.494,-4.776],[105.4935,-4.775],[105.4935,-4.7735],[105.4915,-4.7735],[105.4905,-4.773],[105.487,-4.7705],[105.4865,-4.7645],[105.488,-4.7635],[105.493,-4.757],[105.492,-4.7545],[105.4935,-4.753],[105.4915,-4.748]]]},"properties":{"code":"18.02.09.2001","name":"Teluk Dalem Ilir"}},{"type":"Feature","geometry":{"type":"Polygon","coordinates":[[[105.529,-4.7475],[105.525,-4.7465],[105.522,-4.743],[105.5215,-4.7395],[105.5165,-4.7335],[105.5115,-4.732],[105.5065,-4.728],[105.504,-4.7285],[105.504,-4.729],[105.503,-4.732],[105.497,-4.739],[105.4975,-4.74],[105.4965,-4.741],[105.506,-4.753],[105.5125,-4.7735],[105.5165,-4.7745],[105.52,-4.7745],[105.5335,-4.7615],[105.5385,-4.752],[105.529,-4.7475]]]},"properties":{"code":"18.02.09.2002","name":"Rekso Binangun"}},{"type":"Feature","geometry":{"type":"Polygon","coordinates":[[[105.5625,-4.7795],[105.561,-4.778],[105.5575,-4.774],[105.561,-4.766],[105.551,-4.7575],[105.538,-4.753],[105.5335,-4.7615],[105.52,-4.7745],[105.521,-4.775],[105.526,-4.7885],[105.535,-4.795],[105.5365,-4.7925],[105.537,-4.791],[105.538,-4.789],[105.5385,-4.787],[105.5385,-4.7865],[105.542,-4.786],[105.5555,-4.778],[105.5605,-4.7785],[105.5625,-4.7795]]]},"properties":{"code":"18.02.09.2003","name":"Rukti Basuki"}},{"type":"Feature","geometry":{"type":"Polygon","coordinates":[[[105.578,-4.7355],[105.5705,-4.7345],[105.568,-4.734],[105.563,-4.7395],[105.5445,-4.753],[105.5395,-4.7505],[105.538,-4.753],[105.551,-4.7575],[105.561,-4.766],[105.5575,-4.774],[105.561,-4.778],[105.5625,-4.7795],[105.5645,-4.779],[105.5695,-4.777],[105.571,-4.7755],[105.5735,-4.776],[105.5965,-4.7635],[105.5955,-4.7605],[105.596,-4.7595],[105.5915,-4.7515],[105.578,-4.754],[105.5765,-4.739],[105.5775,-4.736],[105.578,-4.7355]]]},"properties":{"code":"18.02.09.2004","name":"Restu Baru"}},{"type":"Feature","geometry":{"type":"Polygon","coordinates":[[[105.61,-4.7315],[105.6095,-4.7325],[105.6075,-4.7285],[105.605,-4.7295],[105.602,-4.7305],[105.6005,-4.7305],[105.597,-4.73],[105.5955,-4.7305],[105.5925,-4.7295],[105.5895,-4.73],[105.5865,-4.731],[105.5845,-4.732],[105.583,-4.732],[105.5805,-4.7335],[105.579,-4.7345],[105.5775,-4.736],[105.5765,-4.739],[105.578,-4.754],[105.5915,-4.7515],[105.596,-4.7595],[105.5955,-4.7605],[105.5985,-4.762],[105.614,-4.7675],[105.616,-4.7665],[105.6175,-4.7655],[105.62,-4.765],[105.6205,-4.764],[105.627,-4.7545],[105.6285,-4.7535],[105.641,-4.7505],[105.6155,-4.736],[105.61,-4.7315]]]},"properties":{"code":"18.02.09.2005","name":"Restu Buana"}},{"type":"Feature","geometry":{"type":"Polygon","coordinates":[[[105.559,-4.716],[105.5565,-4.7155],[105.556,-4.7155],[105.553,-4.7165],[105.547,-4.7205],[105.546,-4.722],[105.5425,-4.7275],[105.542,-4.73],[105.5435,-4.7345],[105.541,-4.7385],[105.53,-4.747],[105.529,-4.7475],[105.5385,-4.752],[105.5395,-4.7505],[105.5445,-4.753],[105.563,-4.7395],[105.5635,-4.7275],[105.5635,-4.727],[105.5585,-4.717],[105.559,-4.716]]]},"properties":{"code":"18.02.09.2006","name":"Reno Basuki"}},{"type":"Feature","geometry":{"type":"Polygon","coordinates":[[[105.5965,-4.7635],[105.5735,-4.776],[105.5705,-4.776],[105.5725,-4.78],[105.5775,-4.7825],[105.5835,-4.7915],[105.5855,-4.7915],[105.5865,-4.793],[105.5925,-4.792],[105.596,-4.8095],[105.605,-4.8135],[105.607,-4.813],[105.6125,-4.804],[105.613,-4.802],[105.6165,-4.8005],[105.6175,-4.7995],[105.6165,-4.7985],[105.609,-4.775],[105.597,-4.7645],[105.5965,-4.7635]]]},"properties":{"code":"18.02.09.2013","name":"Bina Karya Putra"}},{"type":"Feature","geometry":{"type":"Polygon","coordinates":[[[105.681,-4.759],[105.6805,-4.7585],[105.6695,-4.752],[105.668,-4.7505],[105.66,-4.741],[105.6565,-4.7415],[105.652,-4.7415],[105.6395,-4.749],[105.641,-4.7505],[105.6285,-4.7535],[105.627,-4.7545],[105.6205,-4.764],[105.62,-4.765],[105.624,-4.7785],[105.6255,-4.7815],[105.6285,-4.785],[105.6345,-4.7855],[105.6355,-4.786],[105.636,-4.7855],[105.637,-4.785],[105.64,-4.7845],[105.6425,-4.7845],[105.6465,-4.781],[105.648,-4.7805],[105.6495,-4.7805],[105.6505,-4.781],[105.6555,-4.7825],[105.657,-4.7855],[105.6565,-4.788],[105.6565,-4.7885],[105.6575,-4.789],[105.6615,-4.784],[105.668,-4.783],[105.674,-4.785],[105.676,-4.7845],[105.679,-4.782],[105.6775,-4.776],[105.6815,-4.7605],[105.681,-4.759]]]},"properties":{"code":"18.02.09.2014","name":"Bina Karya Buana"}},{"type":"Feature","geometry":{"type":"Polygon","coordinates":[[[105.62,-4.765],[105.6175,-4.7655],[105.616,-4.7665],[105.614,-4.7675],[105.5985,-4.762],[105.5955,-4.7605],[105.597,-4.7645],[105.609,-4.775],[105.6165,-4.7985],[105.6175,-4.7995],[105.6185,-4.7995],[105.6325,-4.787],[105.635,-4.7865],[105.6355,-4.786],[105.6345,-4.7855],[105.6285,-4.785],[105.6255,-4.7815],[105.624,-4.7785],[105.62,-4.765]]]},"properties":{"code":"18.02.09.2015","name":"Bina Karya mandiri"}},{"type":"Feature","geometry":{"type":"Polygon","coordinates":[[[105.438,-4.8465],[105.413,-4.8615],[105.4135,-4.863],[105.4105,-4.872],[105.409,-4.8735],[105.4115,-4.8765],[105.435,-4.8695],[105.4385,-4.8645],[105.44,-4.864],[105.4415,-4.8645],[105.441,-4.864],[105.441,-4.8635],[105.4405,-4.8615],[105.441,-4.861],[105.438,-4.8465]]]},"properties":{"code":"18.02.10.2001","name":"Sumber Bahagia"}},{"type":"Feature","geometry":{"type":"Polygon","coordinates":[[[105.453,-4.842],[105.451,-4.8415],[105.448,-4.845],[105.447,-4.845],[105.445,-4.845],[105.444,-4.8445],[105.4405,-4.842],[105.438,-4.8465],[105.441,-4.861],[105.4405,-4.8615],[105.441,-4.8635],[105.441,-4.864],[105.4415,-4.8645],[105.441,-4.8655],[105.441,-4.8665],[105.4435,-4.871],[105.4445,-4.871],[105.4505,-4.862],[105.4515,-4.862],[105.452,-4.862],[105.453,-4.8615],[105.453,-4.8605],[105.4605,-4.845],[105.4655,-4.847],[105.453,-4.842]]]},"properties":{"code":"18.02.10.2002","name":"Tanjung Harapan"}},{"type":"Feature","geometry":{"type":"Polygon","coordinates":[[[105.4515,-4.862],[105.4505,-4.862],[105.4445,-4.871],[105.4435,-4.872],[105.443,-4.8735],[105.4415,-4.874],[105.438,-4.881],[105.438,-4.8825],[105.4375,-4.8825],[105.438,-4.8835],[105.4385,-4.8835],[105.439,-4.8845],[105.4385,-4.885],[105.4385,-4.8855],[105.439,-4.8865],[105.44,-4.8875],[105.4395,-4.8885],[105.442,-4.891],[105.4415,-4.8915],[105.441,-4.893],[105.441,-4.894],[105.442,-4.895],[105.4435,-4.895],[105.4435,-4.8955],[105.444,-4.8965],[105.4435,-4.898],[105.451,-4.8995],[105.4515,-4.9005],[105.4525,-4.901],[105.454,-4.8995],[105.456,-4.8995],[105.456,-4.899],[105.4585,-4.897],[105.4595,-4.897],[105.4605,-4.896],[105.46,-4.895],[105.461,-4.8935],[105.4635,-4.893],[105.4655,-4.889],[105.467,-4.889],[105.477,-4.888],[105.4765,-4.888],[105.476,-4.8875],[105.476,-4.887],[105.476,-4.8865],[105.4755,-4.8855],[105.4745,-4.8845],[105.4745,-4.884],[105.4745,-4.8835],[105.474,-4.8835],[105.4735,-4.8825],[105.473,-4.8825],[105.467,-4.884],[105.4525,-4.88],[105.452,-4.8665],[105.4515,-4.862]]]},"properties":{"code":"18.02.10.2003","name":"Setia Bumi"}},{"type":"Feature","geometry":{"type":"Polygon","coordinates":[[[105.4855,-4.85],[105.485,-4.845],[105.4825,-4.841],[105.4825,-4.8395],[105.48,-4.843],[105.4665,-4.847],[105.4655,-4.847],[105.4605,-4.845],[105.453,-4.8605],[105.453,-4.8615],[105.452,-4.862],[105.4515,-4.862],[105.452,-4.8665],[105.4525,-4.88],[105.467,-4.884],[105.473,-4.8825],[105.4735,-4.8825],[105.474,-4.8835],[105.4745,-4.8835],[105.4745,-4.883],[105.474,-4.8825],[105.478,-4.868],[105.4805,-4.8655],[105.4855,-4.85]]]},"properties":{"code":"18.02.10.2004","name":"Sumber Baru"}},{"type":"Feature","geometry":{"type":"Polygon","coordinates":[[[105.502,-4.86],[105.5015,-4.86],[105.5005,-4.861],[105.499,-4.8615],[105.4985,-4.86],[105.494,-4.849],[105.4855,-4.85],[105.4805,-4.8655],[105.478,-4.868],[105.474,-4.8825],[105.4745,-4.883],[105.4745,-4.884],[105.4745,-4.8845],[105.4755,-4.8855],[105.476,-4.8865],[105.476,-4.887],[105.476,-4.8875],[105.4765,-4.888],[105.477,-4.888],[105.478,-4.8885],[105.479,-4.8895],[105.49,-4.8975],[105.492,-4.898],[105.494,-4.8985],[105.4945,-4.898],[105.4955,-4.8975],[105.5015,-4.896],[105.5035,-4.897],[105.5055,-4.8965],[105.5065,-4.896],[105.5075,-4.896],[105.5085,-4.894],[105.5085,-4.8925],[105.509,-4.8915],[105.5195,-4.894],[105.506,-4.88],[105.502,-4.8725],[105.502,-4.86]]]},"properties":{"code":"18.02.10.2005","name":"Siswo Binangun"}},{"type":"Feature","geometry":{"type":"Polygon","coordinates":[[[105.547,-4.8355],[105.539,-4.8355],[105.533,-4.8545],[105.506,-4.853],[105.501,-4.8525],[105.5005,-4.8515],[105.4985,-4.8515],[105.502,-4.8595],[105.502,-4.8725],[105.506,-4.88],[105.5195,-4.894],[105.521,-4.893],[105.522,-4.894],[105.523,-4.894],[105.5365,-4.894],[105.537,-4.893],[105.537,-4.8915],[105.5365,-4.8885],[105.5355,-4.888],[105.539,-4.887],[105.541,-4.891],[105.5405,-4.8915],[105.5415,-4.893],[105.545,-4.89],[105.5455,-4.8915],[105.545,-4.895],[105.5475,-4.8995],[105.55,-4.8985],[105.5545,-4.894],[105.553,-4.893],[105.5505,-4.8915],[105.5495,-4.889],[105.55,-4.8845],[105.568,-4.876],[105.568,-4.8755],[105.565,-4.8735],[105.563,-4.8715],[105.562,-4.87],[105.5575,-4.8655],[105.5575,-4.863],[105.553,-4.8505],[105.5535,-4.8475],[105.553,-4.8465],[105.551,-4.846],[105.5485,-4.846],[105.5475,-4.8385],[105.547,-4.8355]]]},"properties":{"code":"18.02.10.2006","name":"Sanggar Buana"}},{"type":"Feature","geometry":{"type":"Polygon","coordinates":[[[105.5235,-4.809],[105.5215,-4.8075],[105.519,-4.808],[105.5165,-4.809],[105.5175,-4.8195],[105.503,-4.8465],[105.5055,-4.852],[105.5005,-4.8515],[105.501,-4.8525],[105.506,-4.853],[105.533,-4.8545],[105.539,-4.8355],[105.547,-4.8355],[105.548,-4.8335],[105.541,-4.821],[105.5345,-4.8175],[105.524,-4.81],[105.5235,-4.809]]]},"properties":{"code":"18.02.10.2007","name":"Sakti Buana"}},{"type":"Feature","geometry":{"type":"Polygon","coordinates":[[[105.5165,-4.809],[105.499,-4.814],[105.4995,-4.817],[105.495,-4.824],[105.4825,-4.8395],[105.4825,-4.841],[105.485,-4.845],[105.4855,-4.85],[105.494,-4.849],[105.4985,-4.86],[105.499,-4.8615],[105.5005,-4.861],[105.5015,-4.86],[105.502,-4.86],[105.502,-4.8595],[105.4985,-4.8515],[105.5055,-4.852],[105.503,-4.8465],[105.5175,-4.8195],[105.5165,-4.809]]]},"properties":{"code":"18.02.10.2008","name":"Setia Bhakti"}},{"type":"Feature","geometry":{"type":"Polygon","coordinates":[[[105.4575,-4.814],[105.4555,-4.8155],[105.4435,-4.81],[105.445,-4.7955],[105.4435,-4.794],[105.4395,-4.7985],[105.4365,-4.801],[105.4225,-4.8125],[105.422,-4.8125],[105.422,-4.814],[105.422,-4.815],[105.435,-4.825],[105.424,-4.8285],[105.423,-4.829],[105.422,-4.829],[105.4295,-4.8375],[105.432,-4.8365],[105.445,-4.845],[105.4475,-4.845],[105.4505,-4.8415],[105.455,-4.839],[105.4585,-4.8225],[105.458,-4.821],[105.458,-4.819],[105.4585,-4.817],[105.458,-4.8145],[105.4575,-4.814]]]},"properties":{"code":"18.02.10.2009","name":"Sri Basuki"}},{"type":"Feature","geometry":{"type":"Polygon","coordinates":[[[105.4295,-4.8375],[105.422,-4.829],[105.421,-4.8295],[105.4115,-4.8365],[105.403,-4.834],[105.401,-4.835],[105.401,-4.839],[105.401,-4.8425],[105.4005,-4.8425],[105.3995,-4.846],[105.399,-4.8465],[105.398,-4.8485],[105.398,-4.849],[105.3975,-4.849],[105.3975,-4.8495],[105.3975,-4.85],[105.409,-4.8725],[105.409,-4.8735],[105.4105,-4.872],[105.4135,-4.863],[105.409,-4.855],[105.428,-4.838],[105.4295,-4.8375]]]},"properties":{"code":"18.02.10.2010","name":"Sari Bhakti"}},{"type":"Feature","geometry":{"type":"Polygon","coordinates":[[[105.5165,-4.7745],[105.512,-4.7795],[105.513,-4.7805],[105.5075,-4.7835],[105.505,-4.7825],[105.5025,-4.781],[105.502,-4.782],[105.502,-4.783],[105.5015,-4.783],[105.495,-4.7915],[105.494,-4.793],[105.495,-4.806],[105.4935,-4.807],[105.493,-4.8075],[105.4925,-4.8075],[105.493,-4.81],[105.492,-4.816],[105.493,-4.8175],[105.4965,-4.816],[105.4995,-4.8155],[105.499,-4.814],[105.5165,-4.809],[105.519,-4.808],[105.5215,-4.8075],[105.5235,-4.809],[105.5235,-4.808],[105.524,-4.804],[105.5245,-4.8025],[105.5245,-4.801],[105.526,-4.8],[105.5305,-4.7985],[105.5325,-4.7975],[105.5345,-4.796],[105.5355,-4.7955],[105.535,-4.795],[105.526,-4.7885],[105.521,-4.775],[105.5165,-4.7745]]]},"properties":{"code":"18.02.10.2011","name":"Swastika Buana"}},{"type":"Feature","geometry":{"type":"Polygon","coordinates":[[[105.4415,-4.8645],[105.44,-4.864],[105.4385,-4.8645],[105.435,-4.8695],[105.4115,-4.8765],[105.4105,-4.8785],[105.4145,-4.8875],[105.4265,-4.893],[105.4275,-4.8915],[105.428,-4.891],[105.4285,-4.8905],[105.431,-4.8895],[105.431,-4.8875],[105.4325,-4.8875],[105.433,-4.8855],[105.4375,-4.8845],[105.4375,-4.884],[105.439,-4.8835],[105.438,-4.8835],[105.4375,-4.8825],[105.438,-4.8825],[105.438,-4.881],[105.4415,-4.874],[105.443,-4.8735],[105.4435,-4.872],[105.4435,-4.871],[105.441,-4.8665],[105.441,-4.8655],[105.4415,-4.8645]]]},"properties":{"code":"18.02.10.2012","name":"Sumber Fajar"}},{"type":"Feature","geometry":{"type":"Polygon","coordinates":[[[105.4405,-4.842],[105.432,-4.8365],[105.428,-4.838],[105.409,-4.855],[105.413,-4.8615],[105.438,-4.8465],[105.4405,-4.842]]]},"properties":{"code":"18.02.10.2013","name":"Tanjung Krajan"}},{"type":"Feature","geometry":{"type":"Polygon","coordinates":[[[105.3175,-4.8465],[105.3165,-4.8475],[105.314,-4.845],[105.3035,-4.8365],[105.291,-4.8275],[105.2905,-4.828],[105.282,-4.843],[105.2915,-4.8535],[105.295,-4.8555],[105.3055,-4.8635],[105.3215,-4.8745],[105.323,-4.8755],[105.3235,-4.8755],[105.3255,-4.8755],[105.326,-4.8755],[105.3265,-4.8755],[105.328,-4.874],[105.33,-4.8735],[105.3315,-4.8715],[105.332,-4.87],[105.3285,-4.862],[105.324,-4.8475],[105.3175,-4.8465]]]},"properties":{"code":"18.02.11.2001","name":"Fajar Mataram"}},{"type":"Feature","geometry":{"type":"Polygon","coordinates":[[[105.355,-4.8435],[105.334,-4.8325],[105.3175,-4.8465],[105.324,-4.8475],[105.3285,-4.862],[105.3335,-4.8685],[105.334,-4.863],[105.3395,-4.8585],[105.3405,-4.859],[105.341,-4.86],[105.355,-4.8435]]]},"properties":{"code":"18.02.11.2002","name":"Rejosari Mataram"}},{"type":"Feature","geometry":{"type":"Polygon","coordinates":[[[105.3215,-4.8285],[105.3145,-4.83],[105.314,-4.8305],[105.3105,-4.8275],[105.3025,-4.8215],[105.3,-4.821],[105.2995,-4.821],[105.298,-4.8215],[105.298,-4.823],[105.2965,-4.824],[105.2955,-4.8255],[105.2945,-4.827],[105.2915,-4.8265],[105.291,-4.8275],[105.3035,-4.8365],[105.314,-4.845],[105.3165,-4.8475],[105.3325,-4.834],[105.3315,-4.833],[105.33,-4.832],[105.3255,-4.831],[105.3215,-4.8285]]]},"properties":{"code":"18.02.11.2003","name":"Qurnia Mataram"}},{"type":"Feature","geometry":{"type":"Polygon","coordinates":[[[105.345,-4.8025],[105.3425,-4.8025],[105.3305,-4.791],[105.3305,-4.79],[105.326,-4.7855],[105.325,-4.7855],[105.325,-4.786],[105.324,-4.7875],[105.3235,-4.7905],[105.321,-4.794],[105.3205,-4.7945],[105.317,-4.7955],[105.305,-4.809],[105.3065,-4.8105],[105.3065,-4.812],[105.3055,-4.817],[105.305,-4.818],[105.3045,-4.8195],[105.3035,-4.8185],[105.302,-4.8205],[105.3025,-4.8215],[105.3105,-4.8275],[105.314,-4.8305],[105.3145,-4.83],[105.3215,-4.8285],[105.3275,-4.8225],[105.327,-4.8105],[105.345,-4.8045],[105.345,-4.8025]]]},"properties":{"code":"18.02.11.2004","name":"Trimulyo Mataram"}},{"type":"Feature","geometry":{"type":"Polygon","coordinates":[[[105.3445,-4.8175],[105.3475,-4.8065],[105.345,-4.8045],[105.327,-4.8105],[105.3275,-4.8225],[105.3215,-4.8285],[105.3255,-4.831],[105.33,-4.832],[105.3315,-4.833],[105.3325,-4.834],[105.337,-4.8305],[105.3445,-4.8175]]]},"properties":{"code":"18.02.11.2005","name":"Utama Jaya Mataram"}},{"type":"Feature","geometry":{"type":"Polygon","coordinates":[[[105.383,-4.808],[105.3805,-4.806],[105.367,-4.8125],[105.364,-4.8105],[105.3625,-4.81],[105.3585,-4.8105],[105.3445,-4.8175],[105.337,-4.8305],[105.334,-4.8325],[105.355,-4.8435],[105.356,-4.843],[105.3615,-4.8405],[105.37,-4.8345],[105.3715,-4.834],[105.3715,-4.8335],[105.373,-4.823],[105.3875,-4.816],[105.388,-4.8155],[105.388,-4.8145],[105.3865,-4.8145],[105.3855,-4.8145],[105.385,-4.813],[105.3875,-4.8115],[105.383,-4.808]]]},"properties":{"code":"18.02.11.2006","name":"Sumber Agung Mataram"}},{"type":"Feature","geometry":{"type":"Polygon","coordinates":[[[105.3875,-4.7915],[105.385,-4.7895],[105.379,-4.7835],[105.3665,-4.784],[105.361,-4.7925],[105.346,-4.8025],[105.345,-4.8025],[105.3475,-4.8065],[105.3445,-4.8175],[105.3585,-4.8105],[105.3625,-4.81],[105.364,-4.8105],[105.367,-4.8125],[105.3805,-4.806],[105.3885,-4.8005],[105.3875,-4.7915]]]},"properties":{"code":"18.02.11.2007","name":"Varia Agung Mataram"}},{"type":"Feature","geometry":{"type":"Polygon","coordinates":[[[105.3615,-4.78],[105.347,-4.7685],[105.346,-4.768],[105.3425,-4.765],[105.342,-4.7645],[105.3405,-4.765],[105.3405,-4.7645],[105.34,-4.7645],[105.3405,-4.774],[105.332,-4.7785],[105.3305,-4.7795],[105.3265,-4.777],[105.3245,-4.7775],[105.325,-4.781],[105.324,-4.7815],[105.325,-4.7855],[105.326,-4.7855],[105.3305,-4.79],[105.3305,-4.791],[105.3425,-4.8025],[105.346,-4.8025],[105.361,-4.7925],[105.3665,-4.784],[105.3615,-4.781],[105.3615,-4.78]]]},"properties":{"code":"18.02.11.2008","name":"Wirata Agung Mataram"}},{"type":"Feature","geometry":{"type":"Polygon","coordinates":[[[105.3845,-4.7395],[105.36,-4.7365],[105.3475,-4.728],[105.3385,-4.736],[105.3335,-4.75],[105.3335,-4.7535],[105.335,-4.7555],[105.334,-4.7565],[105.34,-4.7645],[105.3405,-4.7645],[105.3405,-4.765],[105.342,-4.7645],[105.3425,-4.765],[105.346,-4.768],[105.347,-4.7685],[105.3615,-4.78],[105.3625,-4.7775],[105.376,-4.759],[105.377,-4.7565],[105.376,-4.7555],[105.3755,-4.755],[105.3845,-4.7395]]]},"properties":{"code":"18.02.11.2009","name":"Dharma Agung Mataram"}},{"type":"Feature","geometry":{"type":"Polygon","coordinates":[[[105.399,-4.777],[105.3825,-4.759],[105.376,-4.7555],[105.377,-4.7565],[105.376,-4.759],[105.3625,-4.7775],[105.3615,-4.781],[105.3665,-4.784],[105.379,-4.7835],[105.385,-4.7895],[105.3875,-4.792],[105.399,-4.777]]]},"properties":{"code":"18.02.11.2010","name":"Bumi Setia Mataram"}},{"type":"Feature","geometry":{"type":"Polygon","coordinates":[[[105.423,-4.7715],[105.4155,-4.7665],[105.4035,-4.7805],[105.399,-4.777],[105.3875,-4.792],[105.3875,-4.7915],[105.3885,-4.8005],[105.383,-4.808],[105.3875,-4.8115],[105.3905,-4.811],[105.39,-4.806],[105.39,-4.805],[105.391,-4.8055],[105.3935,-4.806],[105.395,-4.8045],[105.398,-4.802],[105.3965,-4.8005],[105.3985,-4.796],[105.4005,-4.7965],[105.402,-4.7965],[105.404,-4.795],[105.407,-4.795],[105.4135,-4.7905],[105.415,-4.79],[105.429,-4.777],[105.423,-4.7715]]]},"properties":{"code":"18.02.11.2011","name":"Subing Karya"}},{"type":"Feature","geometry":{"type":"Polygon","coordinates":[[[105.3865,-4.7405],[105.3845,-4.7395],[105.3755,-4.755],[105.3825,-4.759],[105.399,-4.777],[105.406,-4.7675],[105.4065,-4.7665],[105.406,-4.7665],[105.407,-4.765],[105.4055,-4.764],[105.4055,-4.7615],[105.403,-4.7615],[105.404,-4.757],[105.404,-4.754],[105.3905,-4.7485],[105.3865,-4.7405]]]},"properties":{"code":"18.02.11.2012","name":"Banjar Agung Mataram"}},{"type":"Feature","geometry":{"type":"Polygon","coordinates":[[[105.642,-4.722],[105.636,-4.7225],[105.635,-4.7105],[105.6335,-4.727],[105.6235,-4.732],[105.6185,-4.727],[105.618,-4.724],[105.614,-4.7255],[105.61,-4.7315],[105.6155,-4.736],[105.6395,-4.749],[105.652,-4.7415],[105.6495,-4.7225],[105.6535,-4.7225],[105.6525,-4.7165],[105.65,-4.7165],[105.65,-4.721],[105.642,-4.722]]]},"properties":{"code":"18.02.12.2001","name":"Gaya Baru VI"}},{"type":"Feature","geometry":{"type":"Polygon","coordinates":[[[105.619,-4.714],[105.605,-4.6935],[105.6025,-4.687],[105.6015,-4.688],[105.6005,-4.6885],[105.5985,-4.69],[105.596,-4.692],[105.5865,-4.698],[105.5805,-4.7],[105.5795,-4.7025],[105.5805,-4.7025],[105.581,-4.7025],[105.583,-4.7055],[105.5845,-4.7085],[105.5875,-4.707],[105.589,-4.7095],[105.595,-4.707],[105.6015,-4.719],[105.6065,-4.716],[105.609,-4.7195],[105.619,-4.714]]]},"properties":{"code":"18.02.12.2002","name":"Sumber Katon"}},{"type":"Feature","geometry":{"type":"MultiPolygon","coordinates":[[[[105.619,-4.714],[105.609,-4.7195],[105.6065,-4.716],[105.6015,-4.719],[105.6025,-4.7215],[105.605,-4.7295],[105.6075,-4.7285],[105.6055,-4.724],[105.6155,-4.7235],[105.614,-4.7255],[105.623,-4.7215],[105.619,-4.714]]],[[[105.619,-4.714],[105.629,-4.7085],[105.6225,-4.6895],[105.623,-4.689],[105.621,-4.6835],[105.614,-4.6825],[105.614,-4.6795],[105.6115,-4.681],[105.602,-4.6865],[105.605,-4.6935],[105.619,-4.714]]]]},"properties":{"code":"18.02.12.2003","name":"Sri Katon"}},{"type":"Feature","geometry":{"type":"Polygon","coordinates":[[[105.6345,-4.705],[105.6345,-4.7015],[105.631,-4.7015],[105.629,-4.7085],[105.619,-4.714],[105.623,-4.7215],[105.618,-4.724],[105.6185,-4.727],[105.6235,-4.732],[105.6335,-4.727],[105.635,-4.7105],[105.635,-4.7085],[105.6345,-4.705]]]},"properties":{"code":"18.02.12.2004","name":"Gaya Baru VII"}},{"type":"Feature","geometry":{"type":"Polygon","coordinates":[[[105.682,-4.695],[105.681,-4.6955],[105.68,-4.6915],[105.6795,-4.6895],[105.657,-4.6925],[105.6565,-4.691],[105.6355,-4.6945],[105.6325,-4.698],[105.633,-4.699],[105.633,-4.7015],[105.6345,-4.7015],[105.6345,-4.705],[105.635,-4.707],[105.635,-4.7085],[105.6395,-4.708],[105.64,-4.7095],[105.653,-4.7085],[105.6535,-4.712],[105.6625,-4.7215],[105.6635,-4.7215],[105.666,-4.721],[105.67,-4.7205],[105.669,-4.7115],[105.6825,-4.711],[105.6815,-4.709],[105.682,-4.695]]]},"properties":{"code":"18.02.12.2005","name":"Gaya Baru IV"}},{"type":"Feature","geometry":{"type":"MultiPolygon","coordinates":[[[[105.6805,-4.7205],[105.6825,-4.717],[105.6825,-4.711],[105.669,-4.7115],[105.67,-4.7205],[105.6715,-4.7205],[105.6805,-4.7205]]],[[[105.657,-4.6925],[105.675,-4.69],[105.6795,-4.6895],[105.679,-4.688],[105.679,-4.673],[105.6785,-4.6695],[105.675,-4.6695],[105.662,-4.668],[105.656,-4.667],[105.6505,-4.6685],[105.65,-4.681],[105.6505,-4.6815],[105.65,-4.682],[105.6485,-4.6845],[105.645,-4.693],[105.6565,-4.691],[105.657,-4.6925]]]]},"properties":{"code":"18.02.12.2006","name":"Gaya Baru III"}},{"type":"Feature","geometry":{"type":"MultiPolygon","coordinates":[[[[105.6625,-4.7215],[105.6535,-4.712],[105.6555,-4.722],[105.659,-4.7215],[105.6595,-4.7215],[105.6625,-4.7215]]],[[[105.636,-4.7225],[105.642,-4.722],[105.641,-4.715],[105.6395,-4.708],[105.635,-4.7085],[105.635,-4.7105],[105.636,-4.7225]]],[[[105.6485,-4.6845],[105.65,-4.682],[105.6505,-4.6815],[105.6425,-4.683],[105.6395,-4.684],[105.6385,-4.6835],[105.6275,-4.685],[105.627,-4.685],[105.6255,-4.6845],[105.625,-4.685],[105.6255,-4.685],[105.6235,-4.6885],[105.6225,-4.6895],[105.629,-4.7085],[105.631,-4.7015],[105.633,-4.7015],[105.633,-4.699],[105.6325,-4.698],[105.6355,-4.6945],[105.645,-4.693],[105.6485,-4.6845]]]]},"properties":{"code":"18.02.12.2007","name":"Gaya Baru II"}},{"type":"Feature","geometry":{"type":"MultiPolygon","coordinates":[[[[105.61,-4.7315],[105.6155,-4.7235],[105.6055,-4.724],[105.6095,-4.7325],[105.61,-4.7315]]],[[[105.659,-4.741],[105.6575,-4.7245],[105.657,-4.722],[105.6495,-4.7225],[105.652,-4.7415],[105.6565,-4.7415],[105.659,-4.741]]],[[[105.6245,-4.68],[105.624,-4.6725],[105.6215,-4.674],[105.6165,-4.6775],[105.614,-4.6795],[105.614,-4.6825],[105.621,-4.6835],[105.623,-4.689],[105.6235,-4.6885],[105.6255,-4.685],[105.6245,-4.68]]]]},"properties":{"code":"18.02.12.2008","name":"Gaya Baru VIII"}},{"type":"Feature","geometry":{"type":"MultiPolygon","coordinates":[[[[105.6535,-4.712],[105.653,-4.7085],[105.64,-4.7095],[105.641,-4.715],[105.642,-4.722],[105.65,-4.721],[105.65,-4.7165],[105.6525,-4.7165],[105.6535,-4.7225],[105.6555,-4.722],[105.6535,-4.712]]],[[[105.639,-4.6675],[105.628,-4.67],[105.624,-4.6725],[105.6245,-4.68],[105.625,-4.685],[105.6275,-4.685],[105.6385,-4.6835],[105.6395,-4.684],[105.6425,-4.683],[105.6505,-4.6815],[105.65,-4.681],[105.6505,-4.6685],[105.643,-4.6695],[105.639,-4.6675]]]]},"properties":{"code":"18.02.12.2009","name":"Gaya Baru I"}},{"type":"Feature","geometry":{"type":"Polygon","coordinates":[[[105.6735,-4.615],[105.669,-4.6135],[105.668,-4.614],[105.651,-4.6165],[105.6455,-4.622],[105.646,-4.635],[105.623,-4.6245],[105.6135,-4.6285],[105.587,-4.6065],[105.5855,-4.6035],[105.585,-4.597],[105.5825,-4.5975],[105.5815,-4.608],[105.5745,-4.617],[105.587,-4.638],[105.589,-4.64],[105.591,-4.6465],[105.597,-4.655],[105.5965,-4.669],[105.5965,-4.672],[105.5995,-4.6805],[105.602,-4.6865],[105.6115,-4.681],[105.6165,-4.6775],[105.6215,-4.674],[105.628,-4.67],[105.639,-4.6675],[105.6735,-4.615]]]},"properties":{"code":"18.02.12.2010","name":"Mataram Ilir"}},{"type":"Feature","geometry":{"type":"Polygon","coordinates":[[[105.6805,-4.7205],[105.6715,-4.7205],[105.666,-4.721],[105.6635,-4.7215],[105.6595,-4.7215],[105.659,-4.7215],[105.657,-4.722],[105.6575,-4.7245],[105.659,-4.741],[105.66,-4.741],[105.668,-4.7505],[105.6695,-4.752],[105.6805,-4.7585],[105.681,-4.759],[105.683,-4.7465],[105.6835,-4.746],[105.685,-4.721],[105.6805,-4.7205]]]},"properties":{"code":"18.02.12.2011","name":"Rawa Betik"}},{"type":"Feature","geometry":{"type":"Polygon","coordinates":[[[105.6815,-4.6325],[105.6775,-4.6185],[105.6735,-4.615],[105.639,-4.6675],[105.643,-4.6695],[105.656,-4.667],[105.662,-4.668],[105.6625,-4.666],[105.6725,-4.636],[105.6815,-4.6325]]]},"properties":{"code":"18.02.12.2012","name":"Srimulya Jaya"}},{"type":"Feature","geometry":{"type":"Polygon","coordinates":[[[105.6815,-4.6325],[105.6725,-4.636],[105.6625,-4.666],[105.662,-4.668],[105.675,-4.6695],[105.6795,-4.67],[105.687,-4.6545],[105.693,-4.644],[105.696,-4.642],[105.6965,-4.641],[105.6985,-4.64],[105.697,-4.637],[105.688,-4.634],[105.683,-4.634],[105.6815,-4.633],[105.6815,-4.6325]]]},"properties":{"code":"18.02.12.2013","name":"Kenanga Sari"}},{"type":"Feature","geometry":{"type":"Polygon","coordinates":[[[105.2155,-4.599],[105.1985,-4.5955],[105.197,-4.5955],[105.196,-4.5945],[105.1855,-4.5995],[105.1845,-4.598],[105.1835,-4.5985],[105.172,-4.6105],[105.172,-4.618],[105.1815,-4.635],[105.1775,-4.643],[105.177,-4.6435],[105.1735,-4.645],[105.1725,-4.6485],[105.1625,-4.6675],[105.162,-4.67],[105.161,-4.6705],[105.161,-4.671],[105.1605,-4.673],[105.16,-4.673],[105.1595,-4.6735],[105.145,-4.6755],[105.144,-4.6765],[105.1445,-4.676],[105.144,-4.6805],[105.1435,-4.6805],[105.143,-4.681],[105.1445,-4.6965],[105.1445,-4.697],[105.1415,-4.7045],[105.142,-4.706],[105.141,-4.7065],[105.138,-4.707],[105.1255,-4.7235],[105.1245,-4.7245],[105.1255,-4.726],[105.1235,-4.7405],[105.209,-4.7405],[105.2045,-4.7305],[105.207,-4.6955],[105.182,-4.6935],[105.1845,-4.665],[105.185,-4.6635],[105.1895,-4.664],[105.1945,-4.651],[105.1965,-4.6485],[105.2055,-4.6465],[105.206,-4.6445],[105.206,-4.6425],[105.206,-4.64],[105.2055,-4.6385],[105.2065,-4.635],[105.207,-4.6345],[105.211,-4.6335],[105.21,-4.6325],[105.2125,-4.6285],[105.2165,-4.6185],[105.2185,-4.6145],[105.216,-4.6005],[105.215,-4.5995],[105.2155,-4.599]]]},"properties":{"code":"18.02.13.2001","name":"Gunung Batin Udik"}},{"type":"Feature","geometry":{"type":"Polygon","coordinates":[[[105.223,-4.637],[105.212,-4.6355],[105.211,-4.6335],[105.207,-4.6345],[105.2065,-4.635],[105.2055,-4.6385],[105.206,-4.64],[105.206,-4.6425],[105.206,-4.6445],[105.2055,-4.6475],[105.217,-4.6495],[105.225,-4.642],[105.2265,-4.639],[105.2245,-4.639],[105.223,-4.637]]]},"properties":{"code":"18.02.13.2002","name":"Gunung Batin Ilir"}},{"type":"Feature","geometry":{"type":"Polygon","coordinates":[[[105.303,-4.7545],[105.3025,-4.7415],[105.297,-4.661],[105.2945,-4.6455],[105.298,-4.636],[105.2955,-4.6275],[105.296,-4.618],[105.294,-4.613],[105.2935,-4.6135],[105.294,-4.6155],[105.2925,-4.617],[105.2915,-4.615],[105.289,-4.6135],[105.2875,-4.615],[105.286,-4.6165],[105.287,-4.6215],[105.286,-4.6225],[105.273,-4.625],[105.272,-4.625],[105.265,-4.622],[105.263,-4.6245],[105.2635,-4.6315],[105.2595,-4.6355],[105.2485,-4.637],[105.243,-4.639],[105.2415,-4.6405],[105.238,-4.6405],[105.238,-4.6395],[105.223,-4.637],[105.2245,-4.639],[105.2265,-4.639],[105.225,-4.642],[105.217,-4.6495],[105.2055,-4.6475],[105.2055,-4.6465],[105.1965,-4.6485],[105.1945,-4.651],[105.1895,-4.664],[105.185,-4.6635],[105.1845,-4.665],[105.182,-4.6935],[105.207,-4.6955],[105.2045,-4.7305],[105.209,-4.7405],[105.231,-4.7415],[105.2585,-4.739],[105.261,-4.736],[105.2945,-4.7335],[105.2945,-4.737],[105.2805,-4.7445],[105.28,-4.7445],[105.2765,-4.746],[105.2755,-4.747],[105.274,-4.748],[105.273,-4.7485],[105.2755,-4.753],[105.2755,-4.755],[105.2885,-4.762],[105.303,-4.7545]]]},"properties":{"code":"18.02.13.2003","name":"Gunung Batin Baru"}},{"type":"Feature","geometry":{"type":"Polygon","coordinates":[[[105.231,-4.7415],[105.209,-4.7405],[105.1225,-4.7405],[105.1215,-4.741],[105.1215,-4.7425],[105.1215,-4.7615],[105.1205,-4.765],[105.1175,-4.7675],[105.1175,-4.7685],[105.117,-4.7715],[105.117,-4.7725],[105.1165,-4.773],[105.1215,-4.7735],[105.123,-4.7645],[105.1555,-4.7625],[105.155,-4.7565],[105.194,-4.7575],[105.199,-4.7755],[105.2075,-4.7755],[105.23,-4.7495],[105.2355,-4.7545],[105.2225,-4.77],[105.229,-4.7775],[105.23,-4.777],[105.2295,-4.7765],[105.23,-4.776],[105.231,-4.7755],[105.2355,-4.7745],[105.2385,-4.774],[105.248,-4.7725],[105.249,-4.772],[105.25,-4.7725],[105.2515,-4.7725],[105.252,-4.7715],[105.2525,-4.7705],[105.252,-4.77],[105.2525,-4.7695],[105.2565,-4.7675],[105.2575,-4.767],[105.2615,-4.764],[105.262,-4.7635],[105.2635,-4.7635],[105.264,-4.7635],[105.2655,-4.763],[105.267,-4.763],[105.268,-4.7635],[105.268,-4.761],[105.2685,-4.7595],[105.266,-4.76],[105.247,-4.7645],[105.231,-4.7415]]]},"properties":{"code":"18.02.13.2004","name":"Gunung Agung"}},{"type":"Feature","geometry":{"type":"Polygon","coordinates":[[[105.2225,-4.77],[105.2355,-4.7545],[105.23,-4.7495],[105.2075,-4.7755],[105.199,-4.7755],[105.194,-4.7575],[105.155,-4.7565],[105.1555,-4.7625],[105.123,-4.7645],[105.1215,-4.7735],[105.1205,-4.7805],[105.1355,-4.794],[105.159,-4.7815],[105.1705,-4.7875],[105.1965,-4.78],[105.197,-4.797],[105.2225,-4.77]]]},"properties":{"code":"18.02.13.2005","name":"Bandar Agung"}},{"type":"Feature","geometry":{"type":"MultiPolygon","coordinates":[[[[105.267,-4.763],[105.2655,-4.763],[105.264,-4.7635],[105.2635,-4.7635],[105.262,-4.7635],[105.2615,-4.764],[105.2575,-4.767],[105.2565,-4.7675],[105.2525,-4.7695],[105.252,-4.77],[105.2525,-4.7705],[105.252,-4.7715],[105.2515,-4.7725],[105.2495,-4.774],[105.25,-4.775],[105.25,-4.776],[105.244,-4.788],[105.2445,-4.7885],[105.246,-4.787],[105.247,-4.7865],[105.2455,-4.7895],[105.245,-4.7915],[105.2575,-4.793],[105.2615,-4.7935],[105.2615,-4.793],[105.2605,-4.791],[105.2585,-4.788],[105.2595,-4.78],[105.268,-4.7635],[105.267,-4.763]]],[[[105.2945,-4.737],[105.2945,-4.7335],[105.261,-4.736],[105.2585,-4.739],[105.231,-4.7415],[105.247,-4.7645],[105.266,-4.76],[105.2685,-4.7595],[105.273,-4.7485],[105.274,-4.748],[105.2755,-4.747],[105.2765,-4.746],[105.28,-4.7445],[105.2805,-4.7445],[105.2945,-4.737]]]]},"properties":{"code":"18.02.13.2006","name":"Bandar Sakti"}},{"type":"Feature","geometry":{"type":"Polygon","coordinates":[[[105.273,-4.7485],[105.2685,-4.7595],[105.268,-4.761],[105.268,-4.7635],[105.2595,-4.78],[105.2585,-4.788],[105.2605,-4.791],[105.2615,-4.793],[105.2615,-4.7935],[105.2675,-4.7935],[105.2845,-4.779],[105.3085,-4.767],[105.3045,-4.7615],[105.3035,-4.7615],[105.303,-4.7545],[105.2885,-4.762],[105.2755,-4.755],[105.2755,-4.753],[105.273,-4.7485]]]},"properties":{"code":"18.02.13.2007","name":"Tanjung Anom"}},{"type":"Feature","geometry":{"type":"Polygon","coordinates":[[[105.2125,-5.122],[105.2145,-5.1175],[105.2085,-5.1085],[105.2025,-5.1075],[105.2015,-5.107],[105.201,-5.106],[105.2,-5.1065],[105.2,-5.1085],[105.199,-5.11],[105.197,-5.11],[105.179,-5.1105],[105.1765,-5.114],[105.177,-5.1155],[105.177,-5.123],[105.1775,-5.124],[105.182,-5.122],[105.2005,-5.1315],[105.2125,-5.122]]]},"properties":{"code":"18.02.14.2001","name":"Suka Jawa"}},{"type":"Feature","geometry":{"type":"Polygon","coordinates":[[[105.226,-5.1225],[105.2245,-5.1235],[105.222,-5.118],[105.2215,-5.1175],[105.2185,-5.116],[105.2165,-5.118],[105.2125,-5.122],[105.2005,-5.1315],[105.209,-5.1385],[105.213,-5.1415],[105.214,-5.142],[105.2125,-5.1435],[105.213,-5.1445],[105.2145,-5.1465],[105.218,-5.1515],[105.2205,-5.152],[105.223,-5.151],[105.2235,-5.1505],[105.223,-5.149],[105.2245,-5.1345],[105.2235,-5.1325],[105.227,-5.126],[105.2275,-5.1255],[105.2265,-5.1255],[105.226,-5.1225]]]},"properties":{"code":"18.02.14.2002","name":"Sidokerto"}},{"type":"Feature","geometry":{"type":"Polygon","coordinates":[[[105.2275,-5.103],[105.2135,-5.0955],[105.211,-5.0985],[105.2105,-5.099],[105.207,-5.1],[105.206,-5.1],[105.204,-5.1015],[105.204,-5.1025],[105.2,-5.1055],[105.2,-5.1065],[105.201,-5.106],[105.2015,-5.107],[105.2025,-5.1075],[105.2085,-5.1085],[105.2145,-5.1175],[105.2165,-5.118],[105.2185,-5.116],[105.2215,-5.1175],[105.222,-5.118],[105.2245,-5.1235],[105.225,-5.1205],[105.2275,-5.103]]]},"properties":{"code":"18.02.14.2003","name":"Suka Jadi"}},{"type":"Feature","geometry":{"type":"Polygon","coordinates":[[[105.242,-5.083],[105.2255,-5.083],[105.224,-5.0725],[105.224,-5.072],[105.2235,-5.0725],[105.215,-5.076],[105.214,-5.076],[105.2145,-5.0795],[105.215,-5.08],[105.214,-5.081],[105.214,-5.0815],[105.214,-5.082],[105.214,-5.0825],[105.2135,-5.0825],[105.214,-5.0835],[105.2135,-5.0955],[105.2275,-5.103],[105.2275,-5.102],[105.228,-5.1],[105.2305,-5.098],[105.2305,-5.0975],[105.2305,-5.0965],[105.2315,-5.096],[105.2325,-5.095],[105.236,-5.092],[105.2375,-5.092],[105.238,-5.0915],[105.2365,-5.0915],[105.237,-5.0905],[105.2385,-5.0895],[105.2375,-5.0895],[105.2385,-5.089],[105.238,-5.088],[105.239,-5.088],[105.242,-5.083]]]},"properties":{"code":"18.02.14.2004","name":"Bumi Raharjo"}},{"type":"Feature","geometry":{"type":"Polygon","coordinates":[[[105.1925,-5.097],[105.19,-5.097],[105.1855,-5.0985],[105.185,-5.0985],[105.184,-5.0995],[105.184,-5.101],[105.18,-5.103],[105.173,-5.1045],[105.172,-5.107],[105.171,-5.114],[105.177,-5.1155],[105.1765,-5.114],[105.179,-5.1105],[105.197,-5.11],[105.199,-5.11],[105.2,-5.1085],[105.2,-5.1055],[105.204,-5.1025],[105.204,-5.1015],[105.2045,-5.1],[105.1925,-5.097]]]},"properties":{"code":"18.02.14.2005","name":"Wates"}},{"type":"Feature","geometry":{"type":"Polygon","coordinates":[[[105.2145,-5.061],[105.1855,-5.056],[105.177,-5.0585],[105.1765,-5.059],[105.1755,-5.0675],[105.175,-5.068],[105.1705,-5.0945],[105.173,-5.095],[105.1855,-5.096],[105.185,-5.0985],[105.1855,-5.0985],[105.19,-5.097],[105.1925,-5.097],[105.2045,-5.1],[105.206,-5.1],[105.207,-5.1],[105.2105,-5.099],[105.211,-5.0985],[105.2135,-5.0955],[105.214,-5.0835],[105.2135,-5.0825],[105.214,-5.0825],[105.214,-5.082],[105.214,-5.0815],[105.214,-5.081],[105.215,-5.08],[105.2145,-5.0795],[105.214,-5.076],[105.2105,-5.076],[105.207,-5.079],[105.2045,-5.078],[105.203,-5.0745],[105.203,-5.073],[105.204,-5.072],[105.208,-5.0725],[105.2085,-5.0715],[105.2095,-5.071],[105.2105,-5.0705],[105.2145,-5.061]]]},"properties":{"code":"18.02.14.2006","name":"Bumi Ratu"}},{"type":"Feature","geometry":{"type":"Polygon","coordinates":[[[105.219,-5.0495],[105.218,-5.0495],[105.2125,-5.048],[105.214,-5.0425],[105.21,-5.043],[105.188,-5.047],[105.187,-5.048],[105.1855,-5.0475],[105.187,-5.0495],[105.1855,-5.056],[105.2145,-5.061],[105.215,-5.0585],[105.214,-5.0575],[105.219,-5.0545],[105.2195,-5.0515],[105.219,-5.0495]]]},"properties":{"code":"18.02.14.2007","name":"Bulu Sari"}},{"type":"Feature","geometry":{"type":"Polygon","coordinates":[[[105.241,-5.0595],[105.2365,-5.06],[105.2225,-5.0585],[105.2255,-5.0695],[105.2245,-5.071],[105.224,-5.072],[105.224,-5.0725],[105.2255,-5.083],[105.242,-5.083],[105.2415,-5.0825],[105.241,-5.0815],[105.2415,-5.0795],[105.241,-5.078],[105.241,-5.0765],[105.24,-5.076],[105.242,-5.0755],[105.2415,-5.0705],[105.241,-5.0705],[105.24,-5.0685],[105.24,-5.068],[105.24,-5.065],[105.24,-5.0645],[105.2415,-5.06],[105.241,-5.0595]]]},"properties":{"code":"18.02.14.2008","name":"Bumi Rahayu"}},{"type":"Feature","geometry":{"type":"Polygon","coordinates":[[[105.236,-5.0325],[105.2335,-5.035],[105.234,-5.039],[105.233,-5.042],[105.23,-5.044],[105.2275,-5.0475],[105.227,-5.0475],[105.219,-5.049],[105.2195,-5.0505],[105.2195,-5.0515],[105.219,-5.0545],[105.2205,-5.0575],[105.2225,-5.0585],[105.2365,-5.06],[105.242,-5.059],[105.2425,-5.0445],[105.243,-5.0435],[105.243,-5.043],[105.241,-5.0425],[105.2365,-5.035],[105.2365,-5.033],[105.236,-5.0325]]]},"properties":{"code":"18.02.14.2009","name":"Sido Waras"}},{"type":"Feature","geometry":{"type":"Polygon","coordinates":[[[105.2225,-5.0585],[105.2205,-5.0575],[105.219,-5.0545],[105.214,-5.0575],[105.215,-5.0585],[105.2145,-5.061],[105.2105,-5.0705],[105.2095,-5.071],[105.2085,-5.0715],[105.208,-5.0725],[105.204,-5.072],[105.203,-5.073],[105.203,-5.0745],[105.2045,-5.078],[105.207,-5.079],[105.2105,-5.076],[105.214,-5.076],[105.215,-5.076],[105.2235,-5.0725],[105.2245,-5.071],[105.2255,-5.0695],[105.2225,-5.0585]]]},"properties":{"code":"18.02.14.2010","name":"Tulung Kakan"}},{"type":"Feature","geometry":{"type":"Polygon","coordinates":[[[105.171,-5.114],[105.1525,-5.1155],[105.15,-5.114],[105.1475,-5.115],[105.15,-5.122],[105.1405,-5.1275],[105.1385,-5.1265],[105.136,-5.1275],[105.1405,-5.133],[105.1425,-5.1355],[105.1425,-5.136],[105.153,-5.135],[105.1525,-5.1365],[105.154,-5.137],[105.1565,-5.135],[105.1675,-5.1345],[105.1735,-5.133],[105.1745,-5.13],[105.176,-5.128],[105.1775,-5.1265],[105.178,-5.1255],[105.177,-5.123],[105.177,-5.1155],[105.171,-5.114]]]},"properties":{"code":"18.02.15.2001","name":"Rengas"}},{"type":"Feature","geometry":{"type":"Polygon","coordinates":[[[105.18,-5.103],[105.1745,-5.1015],[105.157,-5.0945],[105.137,-5.0815],[105.138,-5.0875],[105.1475,-5.115],[105.15,-5.114],[105.1525,-5.1155],[105.171,-5.114],[105.172,-5.107],[105.173,-5.1045],[105.18,-5.103]]]},"properties":{"code":"18.02.15.2002","name":"Kesuma Dadi"}},{"type":"Feature","geometry":{"type":"Polygon","coordinates":[[[105.148,-5.0265],[105.1465,-5.0265],[105.1395,-5.027],[105.1395,-5.0275],[105.137,-5.0295],[105.136,-5.0315],[105.132,-5.0365],[105.13,-5.038],[105.129,-5.0395],[105.1265,-5.041],[105.1255,-5.0415],[105.1235,-5.0425],[105.1225,-5.043],[105.1215,-5.044],[105.1215,-5.045],[105.12,-5.0445],[105.118,-5.045],[105.116,-5.0475],[105.112,-5.0645],[105.111,-5.0675],[105.1095,-5.07],[105.106,-5.0735],[105.1025,-5.0825],[105.1015,-5.086],[105.098,-5.092],[105.0915,-5.105],[105.088,-5.1145],[105.0865,-5.1155],[105.083,-5.122],[105.083,-5.1425],[105.0945,-5.1355],[105.0955,-5.135],[105.0965,-5.135],[105.097,-5.1355],[105.097,-5.1345],[105.101,-5.1325],[105.102,-5.132],[105.1065,-5.1305],[105.1085,-5.13],[105.114,-5.129],[105.1155,-5.129],[105.122,-5.1095],[105.1225,-5.1075],[105.124,-5.1075],[105.122,-5.093],[105.135,-5.081],[105.137,-5.0815],[105.157,-5.0945],[105.1745,-5.1015],[105.184,-5.101],[105.184,-5.0995],[105.1855,-5.096],[105.173,-5.095],[105.1705,-5.0945],[105.143,-5.076],[105.144,-5.0655],[105.1565,-5.0655],[105.149,-5.043],[105.1475,-5.036],[105.147,-5.0355],[105.148,-5.0265]]]},"properties":{"code":"18.02.15.2003","name":"Sinar Banten"}},{"type":"Feature","geometry":{"type":"Polygon","coordinates":[[[105.1565,-5.0655],[105.144,-5.0655],[105.143,-5.076],[105.1705,-5.0945],[105.175,-5.068],[105.1695,-5.066],[105.1565,-5.0655]]]},"properties":{"code":"18.02.15.2004","name":"Kesuma Jaya"}},{"type":"Feature","geometry":{"type":"Polygon","coordinates":[[[105.136,-5.1275],[105.136,-5.1225],[105.135,-5.1225],[105.1255,-5.123],[105.124,-5.122],[105.123,-5.1205],[105.1235,-5.1165],[105.124,-5.1075],[105.1225,-5.1075],[105.122,-5.1095],[105.1155,-5.129],[105.1145,-5.1295],[105.1155,-5.13],[105.115,-5.143],[105.1155,-5.148],[105.117,-5.154],[105.1155,-5.1565],[105.1175,-5.1585],[105.124,-5.161],[105.1375,-5.164],[105.1385,-5.1625],[105.139,-5.1615],[105.138,-5.1595],[105.1395,-5.1575],[105.14,-5.155],[105.1405,-5.1535],[105.1405,-5.153],[105.1405,-5.152],[105.1415,-5.1505],[105.1425,-5.1365],[105.1425,-5.1355],[105.1405,-5.133],[105.136,-5.1275]]]},"properties":{"code":"18.02.15.2005","name":"Binjai Ngagung"}},{"type":"Feature","geometry":{"type":"Polygon","coordinates":[[[105.1135,-5.153],[105.1,-5.142],[105.099,-5.143],[105.0965,-5.147],[105.0955,-5.147],[105.093,-5.15],[105.0925,-5.1505],[105.0935,-5.153],[105.1,-5.1605],[105.101,-5.1605],[105.1075,-5.1575],[105.111,-5.1565],[105.114,-5.155],[105.113,-5.1535],[105.1135,-5.153]]]},"properties":{"code":"18.02.15.2006","name":"Kedatuan"}},{"type":"Feature","geometry":{"type":"Polygon","coordinates":[[[105.137,-5.0815],[105.135,-5.081],[105.122,-5.093],[105.124,-5.1075],[105.125,-5.108],[105.128,-5.108],[105.1305,-5.1085],[105.143,-5.1025],[105.138,-5.0875],[105.137,-5.0815]]]},"properties":{"code":"18.02.15.2007","name":"Goras Jaya"}},{"type":"Feature","geometry":{"type":"Polygon","coordinates":[[[105.143,-5.1025],[105.1305,-5.1085],[105.128,-5.108],[105.125,-5.108],[105.124,-5.1075],[105.1235,-5.1165],[105.123,-5.1205],[105.124,-5.122],[105.1255,-5.123],[105.135,-5.1225],[105.136,-5.1225],[105.136,-5.1275],[105.1385,-5.1265],[105.1405,-5.1275],[105.15,-5.122],[105.143,-5.1025]]]},"properties":{"code":"18.02.15.2008","name":"Bangun Sari"}},{"type":"Feature","geometry":{"type":"Polygon","coordinates":[[[105.135,-4.9935],[105.138,-4.9915],[105.1375,-4.9895],[105.136,-4.9875],[105.1355,-4.9865],[105.1315,-4.986],[105.1255,-4.979],[105.125,-4.9775],[105.1245,-4.9615],[105.1235,-4.962],[105.1195,-4.9635],[105.117,-4.9645],[105.1135,-4.967],[105.0965,-4.977],[105.1055,-4.9985],[105.1075,-4.9985],[105.109,-4.9975],[105.1105,-4.9975],[105.112,-4.9965],[105.114,-4.992],[105.1155,-4.9925],[105.116,-4.9905],[105.116,-4.99],[105.1175,-4.99],[105.1225,-4.9915],[105.1255,-4.9925],[105.134,-4.9945],[105.135,-4.9935]]]},"properties":{"code":"18.02.16.2001","name":"Harapan Rejo"}},{"type":"Feature","geometry":{"type":"Polygon","coordinates":[[[105.147,-4.9485],[105.139,-4.9475],[105.137,-4.949],[105.1275,-4.9585],[105.1245,-4.9615],[105.125,-4.9775],[105.1255,-4.979],[105.1315,-4.986],[105.1355,-4.9865],[105.136,-4.9875],[105.1375,-4.9895],[105.138,-4.9915],[105.1405,-4.9925],[105.142,-4.9915],[105.142,-4.9895],[105.146,-4.985],[105.158,-4.9805],[105.1595,-4.98],[105.1575,-4.979],[105.153,-4.9745],[105.147,-4.9485]]]},"properties":{"code":"18.02.16.2002","name":"Endang Rejo"}},{"type":"Feature","geometry":{"type":"Polygon","coordinates":[[[105.158,-4.9025],[105.1555,-4.901],[105.1385,-4.929],[105.1375,-4.9295],[105.1365,-4.9295],[105.136,-4.929],[105.12,-4.9355],[105.1205,-4.9555],[105.1125,-4.9605],[105.1155,-4.966],[105.117,-4.9645],[105.1195,-4.9635],[105.1235,-4.962],[105.1245,-4.9615],[105.1275,-4.9585],[105.137,-4.949],[105.139,-4.9475],[105.147,-4.9485],[105.1495,-4.9445],[105.1555,-4.9305],[105.1555,-4.928],[105.1555,-4.9265],[105.1545,-4.925],[105.1545,-4.92],[105.1635,-4.9135],[105.164,-4.913],[105.1635,-4.912],[105.1635,-4.9105],[105.1635,-4.91],[105.1575,-4.9095],[105.158,-4.9025]]]},"properties":{"code":"18.02.16.2003","name":"Dono Arum"}},{"type":"Feature","geometry":{"type":"Polygon","coordinates":[[[105.179,-4.952],[105.1675,-4.9555],[105.163,-4.939],[105.156,-4.9295],[105.1555,-4.9305],[105.1495,-4.9445],[105.147,-4.9485],[105.153,-4.9745],[105.1575,-4.979],[105.1595,-4.98],[105.1635,-4.98],[105.168,-4.98],[105.1715,-4.9805],[105.1735,-4.9795],[105.1735,-4.982],[105.1755,-4.984],[105.1805,-4.978],[105.1825,-4.977],[105.183,-4.974],[105.1835,-4.9735],[105.185,-4.97],[105.184,-4.9695],[105.182,-4.9695],[105.18,-4.9665],[105.1805,-4.9665],[105.1785,-4.955],[105.179,-4.952]]]},"properties":{"code":"18.02.16.2004","name":"Simpang Agung"}},{"type":"Feature","geometry":{"type":"Polygon","coordinates":[[[105.192,-4.9295],[105.191,-4.929],[105.1855,-4.931],[105.1825,-4.93],[105.1815,-4.9265],[105.1645,-4.9145],[105.1635,-4.9135],[105.1545,-4.92],[105.1545,-4.925],[105.1555,-4.9265],[105.1555,-4.928],[105.156,-4.9295],[105.163,-4.939],[105.1675,-4.9555],[105.1825,-4.95],[105.192,-4.9295]]]},"properties":{"code":"18.02.16.2005","name":"Bumi Kencana"}},{"type":"Feature","geometry":{"type":"Polygon","coordinates":[[[105.1555,-4.901],[105.155,-4.901],[105.154,-4.9015],[105.1445,-4.9045],[105.144,-4.905],[105.143,-4.904],[105.1425,-4.903],[105.1435,-4.9025],[105.143,-4.901],[105.1425,-4.9005],[105.1415,-4.8995],[105.1405,-4.8995],[105.1395,-4.8995],[105.129,-4.9005],[105.1285,-4.9005],[105.126,-4.903],[105.1255,-4.9045],[105.1225,-4.9085],[105.1215,-4.9085],[105.1195,-4.9155],[105.119,-4.9155],[105.119,-4.916],[105.119,-4.9165],[105.1205,-4.918],[105.1205,-4.9205],[105.119,-4.9225],[105.12,-4.9355],[105.136,-4.929],[105.1365,-4.9295],[105.1375,-4.9295],[105.1385,-4.929],[105.1555,-4.901]]]},"properties":{"code":"18.02.16.2006","name":"Gayau Sakti"}},{"type":"Feature","geometry":{"type":"Polygon","coordinates":[[[105.12,-4.9355],[105.119,-4.9225],[105.1205,-4.9205],[105.1205,-4.918],[105.119,-4.9165],[105.119,-4.9155],[105.118,-4.916],[105.097,-4.9245],[105.096,-4.9255],[105.1015,-4.9415],[105.0955,-4.9585],[105.097,-4.959],[105.1025,-4.9585],[105.1035,-4.9575],[105.1075,-4.9565],[105.108,-4.956],[105.1095,-4.957],[105.112,-4.959],[105.1125,-4.9605],[105.1205,-4.9555],[105.12,-4.9355]]]},"properties":{"code":"18.02.16.2007","name":"Fajar Asri"}},{"type":"Feature","geometry":{"type":"Polygon","coordinates":[[[105.106,-4.8915],[105.105,-4.8915],[105.1045,-4.8905],[105.104,-4.889],[105.103,-4.8885],[105.103,-4.8895],[105.1005,-4.8905],[105.0995,-4.892],[105.097,-4.894],[105.0955,-4.894],[105.09,-4.891],[105.0885,-4.892],[105.0865,-4.896],[105.0825,-4.899],[105.082,-4.8995],[105.082,-4.8965],[105.0805,-4.896],[105.079,-4.896],[105.077,-4.8965],[105.0765,-4.8955],[105.074,-4.896],[105.073,-4.8965],[105.072,-4.8975],[105.0705,-4.898],[105.069,-4.9],[105.0685,-4.9005],[105.0695,-4.901],[105.0695,-4.902],[105.073,-4.902],[105.073,-4.9045],[105.079,-4.9075],[105.0825,-4.913],[105.097,-4.9245],[105.118,-4.916],[105.1195,-4.9155],[105.1215,-4.9085],[105.1225,-4.9085],[105.1255,-4.9045],[105.126,-4.903],[105.1285,-4.9005],[105.1285,-4.8995],[105.115,-4.9005],[105.112,-4.902],[105.107,-4.8995],[105.1035,-4.8965],[105.103,-4.8955],[105.104,-4.8945],[105.1055,-4.892],[105.106,-4.8915]]]},"properties":{"code":"18.02.16.2008","name":"Muji Rahayu"}},{"type":"Feature","geometry":{"type":"Polygon","coordinates":[[[105.097,-4.9245],[105.0825,-4.913],[105.079,-4.9075],[105.073,-4.9045],[105.073,-4.902],[105.0695,-4.902],[105.0695,-4.901],[105.0685,-4.9005],[105.068,-4.9015],[105.067,-4.909],[105.0785,-4.9355],[105.0705,-4.9385],[105.069,-4.9405],[105.069,-4.945],[105.07,-4.947],[105.081,-4.967],[105.09,-4.964],[105.09,-4.963],[105.0925,-4.9615],[105.095,-4.9605],[105.0955,-4.9585],[105.1015,-4.9415],[105.096,-4.9255],[105.097,-4.9245]]]},"properties":{"code":"18.02.16.2009","name":"Sulusuban"}},{"type":"Feature","geometry":{"type":"Polygon","coordinates":[[[105.193,-4.9085],[105.1665,-4.904],[105.165,-4.903],[105.1585,-4.9],[105.1585,-4.9005],[105.158,-4.9005],[105.157,-4.8995],[105.1565,-4.9005],[105.156,-4.901],[105.1555,-4.901],[105.164,-4.906],[105.1635,-4.9085],[105.1635,-4.9095],[105.1635,-4.91],[105.1635,-4.9105],[105.1635,-4.912],[105.164,-4.913],[105.1645,-4.9145],[105.1815,-4.9265],[105.1825,-4.93],[105.1855,-4.931],[105.191,-4.929],[105.1925,-4.928],[105.193,-4.9085]]]},"properties":{"code":"18.02.16.2010","name":"Bumi Mas"}},{"type":"Feature","geometry":{"type":"Polygon","coordinates":[[[105.1395,-4.82],[105.1365,-4.8225],[105.135,-4.823],[105.133,-4.8245],[105.122,-4.8235],[105.123,-4.819],[105.125,-4.807],[105.1235,-4.8025],[105.123,-4.8015],[105.121,-4.802],[105.115,-4.791],[105.1145,-4.789],[105.114,-4.7885],[105.112,-4.787],[105.1115,-4.7855],[105.11,-4.784],[105.107,-4.788],[105.0965,-4.809],[105.0965,-4.81],[105.096,-4.8125],[105.0875,-4.828],[105.087,-4.8295],[105.0805,-4.838],[105.0795,-4.839],[105.0825,-4.8455],[105.09,-4.8435],[105.097,-4.843],[105.1035,-4.8605],[105.105,-4.8665],[105.093,-4.8735],[105.0975,-4.887],[105.1,-4.8895],[105.101,-4.89],[105.103,-4.8895],[105.103,-4.8885],[105.104,-4.889],[105.1045,-4.8905],[105.105,-4.8915],[105.106,-4.8915],[105.106,-4.891],[105.1055,-4.8905],[105.106,-4.89],[105.108,-4.8905],[105.1085,-4.8885],[105.115,-4.8865],[105.117,-4.885],[105.118,-4.8855],[105.1265,-4.8795],[105.141,-4.886],[105.1575,-4.887],[105.158,-4.886],[105.16,-4.8865],[105.1605,-4.8875],[105.161,-4.8875],[105.1615,-4.8885],[105.1625,-4.8885],[105.1645,-4.8865],[105.166,-4.8875],[105.168,-4.8875],[105.169,-4.8695],[105.165,-4.8595],[105.1625,-4.854],[105.155,-4.8395],[105.1395,-4.82]]]},"properties":{"code":"18.02.17.2001","name":"Tanjung Ratu Ilir"}},{"type":"Feature","geometry":{"type":"Polygon","coordinates":[[[105.101,-4.89],[105.1,-4.8895],[105.0975,-4.887],[105.093,-4.8735],[105.09,-4.875],[105.09,-4.8805],[105.0715,-4.8875],[105.07,-4.892],[105.073,-4.8965],[105.074,-4.896],[105.0765,-4.8955],[105.077,-4.8965],[105.079,-4.896],[105.0805,-4.896],[105.082,-4.8965],[105.082,-4.8995],[105.0825,-4.899],[105.0865,-4.896],[105.0885,-4.892],[105.09,-4.891],[105.0955,-4.894],[105.097,-4.894],[105.0995,-4.892],[105.1005,-4.8905],[105.101,-4.89]]]},"properties":{"code":"18.02.17.2002","name":"Candi Rejo"}},{"type":"Feature","geometry":{"type":"MultiPolygon","coordinates":[[[[105.0715,-4.8875],[105.09,-4.8805],[105.09,-4.875],[105.0815,-4.88],[105.0765,-4.8825],[105.058,-4.876],[105.053,-4.9035],[105.0545,-4.917],[105.055,-4.9185],[105.056,-4.9215],[105.0565,-4.925],[105.057,-4.9235],[105.067,-4.909],[105.068,-4.9015],[105.0685,-4.9005],[105.069,-4.9],[105.0705,-4.898],[105.072,-4.8975],[105.07,-4.892],[105.0715,-4.8875]]],[[[105.105,-4.8665],[105.1035,-4.8605],[105.097,-4.843],[105.0945,-4.843],[105.0975,-4.8505],[105.098,-4.853],[105.105,-4.8665]]],[[[105.0745,-4.848],[105.0825,-4.8455],[105.0795,-4.839],[105.077,-4.8425],[105.0745,-4.8475],[105.0745,-4.848]]]]},"properties":{"code":"18.02.17.2003","name":"Banjar Ratu"}},{"type":"Feature","geometry":{"type":"Polygon","coordinates":[[[105.105,-4.8665],[105.098,-4.853],[105.0975,-4.8505],[105.0945,-4.843],[105.09,-4.8435],[105.0745,-4.848],[105.0745,-4.85],[105.0725,-4.8535],[105.072,-4.854],[105.0645,-4.867],[105.0625,-4.867],[105.061,-4.8675],[105.0585,-4.8705],[105.058,-4.871],[105.058,-4.876],[105.0765,-4.8825],[105.0815,-4.88],[105.093,-4.8735],[105.105,-4.8665]]]},"properties":{"code":"18.02.17.2004","name":"Banjar Kerta Rahayu"}},{"type":"Feature","geometry":{"type":"Polygon","coordinates":[[[105.34,-4.7645],[105.334,-4.7565],[105.335,-4.7555],[105.3325,-4.7555],[105.308,-4.758],[105.305,-4.7615],[105.3045,-4.7615],[105.3085,-4.767],[105.2845,-4.779],[105.2675,-4.7935],[105.2575,-4.793],[105.245,-4.7915],[105.2455,-4.7895],[105.247,-4.7865],[105.246,-4.787],[105.2445,-4.7885],[105.244,-4.788],[105.25,-4.776],[105.25,-4.775],[105.2495,-4.774],[105.25,-4.7725],[105.249,-4.772],[105.248,-4.7725],[105.2385,-4.774],[105.2355,-4.7745],[105.231,-4.7755],[105.23,-4.776],[105.2295,-4.7765],[105.23,-4.777],[105.229,-4.7775],[105.2225,-4.77],[105.197,-4.797],[105.1965,-4.78],[105.1705,-4.7875],[105.159,-4.7815],[105.1355,-4.794],[105.1205,-4.7805],[105.1215,-4.7735],[105.1165,-4.773],[105.114,-4.7745],[105.1135,-4.775],[105.1115,-4.7755],[105.1125,-4.777],[105.1095,-4.781],[105.1105,-4.7835],[105.11,-4.784],[105.1115,-4.7855],[105.112,-4.787],[105.114,-4.7885],[105.1145,-4.789],[105.115,-4.791],[105.121,-4.802],[105.123,-4.8015],[105.1235,-4.8025],[105.125,-4.807],[105.123,-4.819],[105.122,-4.8235],[105.133,-4.8245],[105.135,-4.823],[105.1365,-4.8225],[105.1395,-4.82],[105.1415,-4.818],[105.153,-4.815],[105.244,-4.817],[105.2575,-4.816],[105.2775,-4.8235],[105.2785,-4.823],[105.281,-4.8225],[105.289,-4.798],[105.299,-4.801],[105.31,-4.7945],[105.312,-4.7945],[105.317,-4.7955],[105.3205,-4.7945],[105.321,-4.794],[105.3235,-4.7905],[105.324,-4.7875],[105.325,-4.786],[105.324,-4.7815],[105.325,-4.781],[105.3245,-4.7775],[105.3265,-4.777],[105.3305,-4.7795],[105.332,-4.7785],[105.3405,-4.774],[105.34,-4.7645]]]},"properties":{"code":"18.02.17.2005","name":"Lempuyang Bandar"}},{"type":"Feature","geometry":{"type":"Polygon","coordinates":[[[105.1605,-4.8875],[105.16,-4.8865],[105.158,-4.886],[105.1575,-4.887],[105.141,-4.886],[105.1265,-4.8795],[105.118,-4.8855],[105.117,-4.885],[105.115,-4.8865],[105.1085,-4.8885],[105.108,-4.8905],[105.106,-4.89],[105.1055,-4.8905],[105.106,-4.891],[105.106,-4.8915],[105.1055,-4.892],[105.104,-4.8945],[105.103,-4.8955],[105.1035,-4.8965],[105.107,-4.8995],[105.112,-4.902],[105.115,-4.9005],[105.1285,-4.8995],[105.129,-4.9005],[105.1395,-4.8995],[105.1405,-4.8995],[105.1415,-4.8995],[105.1425,-4.9005],[105.143,-4.901],[105.1435,-4.9025],[105.1425,-4.903],[105.143,-4.904],[105.144,-4.905],[105.1445,-4.9045],[105.154,-4.9015],[105.155,-4.901],[105.156,-4.901],[105.1565,-4.9005],[105.157,-4.8995],[105.158,-4.9005],[105.1585,-4.9005],[105.16,-4.888],[105.1605,-4.8875]]]},"properties":{"code":"18.02.17.2006","name":"Purnama Tunggal"}},{"type":"Feature","geometry":{"type":"Polygon","coordinates":[[[105.069,-4.942],[105.069,-4.9405],[105.0705,-4.9385],[105.0785,-4.9355],[105.067,-4.909],[105.057,-4.9235],[105.0565,-4.925],[105.056,-4.925],[105.05,-4.9285],[105.05,-4.9305],[105.048,-4.931],[105.0475,-4.933],[105.048,-4.9345],[105.0445,-4.936],[105.044,-4.938],[105.0415,-4.9445],[105.041,-4.945],[105.0415,-4.9495],[105.0415,-4.9505],[105.039,-4.9555],[105.0395,-4.9575],[105.04,-4.9565],[105.0415,-4.956],[105.043,-4.9555],[105.051,-4.9525],[105.054,-4.952],[105.0605,-4.9465],[105.0665,-4.944],[105.069,-4.942]]]},"properties":{"code":"18.02.17.2007","name":"Banjar Rejo"}},{"type":"Feature","geometry":{"type":"Polygon","coordinates":[[[105.317,-4.7955],[105.312,-4.7945],[105.31,-4.7945],[105.299,-4.801],[105.289,-4.798],[105.281,-4.8225],[105.293,-4.825],[105.2955,-4.8255],[105.2965,-4.824],[105.298,-4.823],[105.298,-4.8215],[105.2995,-4.821],[105.3,-4.821],[105.302,-4.8205],[105.3035,-4.8185],[105.3045,-4.8195],[105.305,-4.818],[105.3055,-4.817],[105.3065,-4.812],[105.3065,-4.8105],[105.305,-4.809],[105.317,-4.7955]]]},"properties":{"code":"18.02.17.2008","name":"Putra Lempuyang"}},{"type":"Feature","geometry":{"type":"Polygon","coordinates":[[[105.4635,-4.7405],[105.4595,-4.7375],[105.4585,-4.7375],[105.4505,-4.7435],[105.443,-4.757],[105.4425,-4.7565],[105.423,-4.7715],[105.429,-4.777],[105.415,-4.79],[105.415,-4.7905],[105.4155,-4.7915],[105.417,-4.7905],[105.4195,-4.7925],[105.421,-4.7915],[105.42,-4.7905],[105.4205,-4.7895],[105.4225,-4.789],[105.4265,-4.7855],[105.439,-4.7795],[105.4475,-4.7785],[105.449,-4.779],[105.45,-4.7805],[105.4505,-4.7805],[105.4545,-4.78],[105.457,-4.7805],[105.4605,-4.783],[105.4645,-4.7785],[105.467,-4.777],[105.467,-4.7745],[105.4675,-4.7715],[105.4675,-4.7695],[105.467,-4.768],[105.481,-4.7605],[105.4835,-4.7555],[105.484,-4.755],[105.4635,-4.7405]]]},"properties":{"code":"18.02.18.2001","name":"Sriwijaya Mataram"}},{"type":"Feature","geometry":{"type":"Polygon","coordinates":[[[105.4425,-4.7565],[105.442,-4.755],[105.4255,-4.744],[105.4085,-4.7645],[105.406,-4.7675],[105.399,-4.777],[105.4035,-4.7805],[105.4155,-4.7665],[105.423,-4.7715],[105.4425,-4.7565]]]},"properties":{"code":"18.02.18.2002","name":"Uman Agung Mataram"}},{"type":"Feature","geometry":{"type":"Polygon","coordinates":[[[105.4195,-4.508],[105.4195,-4.5075],[105.417,-4.5095],[105.417,-4.5105],[105.4125,-4.5185],[105.411,-4.5185],[105.4095,-4.5185],[105.4075,-4.5155],[105.3885,-4.5145],[105.37,-4.526],[105.358,-4.539],[105.353,-4.551],[105.3385,-4.5555],[105.3375,-4.564],[105.328,-4.575],[105.327,-4.576],[105.327,-4.574],[105.3255,-4.5735],[105.3155,-4.5785],[105.3145,-4.579],[105.312,-4.58],[105.31,-4.589],[105.3115,-4.589],[105.3105,-4.591],[105.3095,-4.593],[105.3075,-4.594],[105.306,-4.5945],[105.3055,-4.5935],[105.305,-4.5935],[105.3015,-4.5975],[105.3025,-4.599],[105.303,-4.602],[105.304,-4.6045],[105.312,-4.6165],[105.315,-4.646],[105.3265,-4.677],[105.3525,-4.7075],[105.364,-4.71],[105.3855,-4.7235],[105.3895,-4.7255],[105.3965,-4.7295],[105.4005,-4.7255],[105.4045,-4.7205],[105.411,-4.696],[105.418,-4.6965],[105.418,-4.564],[105.4185,-4.5275],[105.4195,-4.508]]]},"properties":{"code":"18.02.18.2003","name":"Terbanggi Ilir"}},{"type":"Feature","geometry":{"type":"Polygon","coordinates":[[[105.4225,-4.7305],[105.403,-4.723],[105.4005,-4.7255],[105.3975,-4.729],[105.3915,-4.7335],[105.39,-4.735],[105.387,-4.7405],[105.3865,-4.7405],[105.3905,-4.7485],[105.404,-4.754],[105.41,-4.751],[105.4225,-4.7305]]]},"properties":{"code":"18.02.18.2004","name":"Jatidatar Mataram"}},{"type":"Feature","geometry":{"type":"Polygon","coordinates":[[[105.4505,-4.7435],[105.4415,-4.7265],[105.4225,-4.7305],[105.41,-4.751],[105.404,-4.757],[105.403,-4.7615],[105.4055,-4.7615],[105.4055,-4.764],[105.407,-4.765],[105.406,-4.7665],[105.4065,-4.7665],[105.4085,-4.7645],[105.4255,-4.744],[105.442,-4.755],[105.443,-4.757],[105.4505,-4.7435]]]},"properties":{"code":"18.02.18.2005","name":"Sendang Agung Mataram"}},{"type":"Feature","geometry":{"type":"Polygon","coordinates":[[[105.677,-4.485],[105.671,-4.4995],[105.6585,-4.5055],[105.658,-4.507],[105.6475,-4.5095],[105.641,-4.502],[105.646,-4.485],[105.644,-4.482],[105.637,-4.4825],[105.6295,-4.485],[105.6225,-4.515],[105.6025,-4.522],[105.597,-4.514],[105.587,-4.5155],[105.5835,-4.533],[105.5815,-4.5355],[105.577,-4.535],[105.573,-4.522],[105.561,-4.517],[105.5505,-4.521],[105.5335,-4.52],[105.535,-4.509],[105.524,-4.5075],[105.522,-4.499],[105.497,-4.495],[105.4935,-4.484],[105.489,-4.483],[105.478,-4.497],[105.4715,-4.4925],[105.4525,-4.4925],[105.4515,-4.493],[105.45,-4.494],[105.4485,-4.4965],[105.4335,-4.507],[105.42,-4.508],[105.4195,-4.508],[105.4185,-4.5275],[105.418,-4.564],[105.418,-4.6965],[105.411,-4.696],[105.4045,-4.7205],[105.403,-4.723],[105.4225,-4.7305],[105.4415,-4.7265],[105.4505,-4.7435],[105.4585,-4.7375],[105.4595,-4.7375],[105.4635,-4.7405],[105.47,-4.7195],[105.471,-4.7015],[105.478,-4.6915],[105.4725,-4.676],[105.4785,-4.657],[105.4875,-4.65],[105.502,-4.656],[105.5165,-4.6545],[105.513,-4.645],[105.5275,-4.638],[105.55,-4.6335],[105.551,-4.612],[105.5525,-4.612],[105.5745,-4.617],[105.5815,-4.608],[105.5825,-4.5975],[105.585,-4.597],[105.5855,-4.6035],[105.587,-4.6065],[105.6135,-4.6285],[105.623,-4.6245],[105.646,-4.635],[105.6455,-4.622],[105.651,-4.6165],[105.668,-4.614],[105.669,-4.6135],[105.6735,-4.615],[105.6775,-4.6185],[105.6825,-4.6285],[105.6815,-4.633],[105.683,-4.634],[105.688,-4.634],[105.697,-4.637],[105.6985,-4.6405],[105.6995,-4.6415],[105.7025,-4.6405],[105.7125,-4.6505],[105.7155,-4.661],[105.7245,-4.669],[105.729,-4.67],[105.7405,-4.6645],[105.7455,-4.6645],[105.759,-4.669],[105.761,-4.666],[105.7615,-4.665],[105.7625,-4.665],[105.763,-4.665],[105.765,-4.669],[105.7665,-4.6685],[105.768,-4.6675],[105.7695,-4.6655],[105.7745,-4.6595],[105.7795,-4.6605],[105.7825,-4.6605],[105.779,-4.6385],[105.78,-4.6365],[105.7815,-4.634],[105.7815,-4.6345],[105.781,-4.6325],[105.782,-4.6265],[105.7815,-4.625],[105.779,-4.6235],[105.779,-4.622],[105.7795,-4.621],[105.7815,-4.617],[105.783,-4.615],[105.7785,-4.6065],[105.793,-4.5885],[105.796,-4.5905],[105.8025,-4.5885],[105.8045,-4.5845],[105.804,-4.583],[105.803,-4.5805],[105.795,-4.581],[105.794,-4.5805],[105.7945,-4.573],[105.796,-4.572],[105.798,-4.572],[105.8,-4.5695],[105.7995,-4.56],[105.791,-4.5505],[105.782,-4.5565],[105.7745,-4.5535],[105.7675,-4.5425],[105.773,-4.5375],[105.774,-4.5355],[105.769,-4.5285],[105.7665,-4.5285],[105.7615,-4.532],[105.756,-4.5295],[105.749,-4.521],[105.745,-4.5225],[105.7445,-4.5245],[105.7455,-4.529],[105.7445,-4.53],[105.7385,-4.5355],[105.7285,-4.5365],[105.727,-4.5325],[105.7235,-4.528],[105.72,-4.531],[105.719,-4.5315],[105.7175,-4.5315],[105.7125,-4.531],[105.698,-4.506],[105.694,-4.491],[105.677,-4.485]]]},"properties":{"code":"18.02.18.2006","name":"Mataram Udik"}},{"type":"Feature","geometry":{"type":"Polygon","coordinates":[[[105.304,-4.6045],[105.3015,-4.6045],[105.3005,-4.608],[105.2985,-4.6085],[105.297,-4.607],[105.297,-4.6085],[105.297,-4.613],[105.295,-4.613],[105.294,-4.613],[105.296,-4.618],[105.2955,-4.6275],[105.298,-4.636],[105.2945,-4.6455],[105.297,-4.661],[105.3025,-4.7415],[105.3035,-4.7615],[105.305,-4.7615],[105.308,-4.758],[105.3325,-4.7555],[105.3335,-4.7535],[105.3335,-4.75],[105.3385,-4.736],[105.3475,-4.728],[105.36,-4.7365],[105.3845,-4.7395],[105.3865,-4.7405],[105.387,-4.7405],[105.39,-4.735],[105.3915,-4.7335],[105.3965,-4.7295],[105.3895,-4.7255],[105.3855,-4.7235],[105.364,-4.71],[105.3525,-4.7075],[105.3265,-4.677],[105.315,-4.646],[105.312,-4.6165],[105.304,-4.6045]]]},"properties":{"code":"18.02.18.2007","name":"Terbanggi Mulya"}},{"type":"Feature","geometry":{"type":"Polygon","coordinates":[[[105.5025,-4.7045],[105.4795,-4.6955],[105.4755,-4.71],[105.4635,-4.7405],[105.484,-4.755],[105.485,-4.7555],[105.487,-4.759],[105.4885,-4.7545],[105.4885,-4.7465],[105.49,-4.7445],[105.491,-4.748],[105.4925,-4.745],[105.4935,-4.744],[105.493,-4.742],[105.4915,-4.741],[105.493,-4.74],[105.497,-4.7405],[105.4975,-4.74],[105.497,-4.739],[105.503,-4.732],[105.504,-4.729],[105.504,-4.7275],[105.5035,-4.726],[105.506,-4.7245],[105.506,-4.722],[105.5055,-4.7185],[105.505,-4.716],[105.503,-4.7165],[105.501,-4.715],[105.5005,-4.705],[105.503,-4.706],[105.5025,-4.7045]]]},"properties":{"code":"18.02.18.2008","name":"Mataram Jaya"}},{"type":"Feature","geometry":{"type":"Polygon","coordinates":[[[105.5165,-4.6545],[105.502,-4.656],[105.4875,-4.65],[105.4785,-4.657],[105.4725,-4.676],[105.478,-4.6915],[105.471,-4.7015],[105.47,-4.7195],[105.4755,-4.71],[105.4795,-4.6955],[105.5025,-4.7045],[105.504,-4.705],[105.5045,-4.7045],[105.5065,-4.703],[105.507,-4.7035],[105.51,-4.7005],[105.519,-4.696],[105.5215,-4.6935],[105.5205,-4.6875],[105.5215,-4.687],[105.5225,-4.687],[105.527,-4.6805],[105.5285,-4.68],[105.535,-4.6655],[105.5345,-4.664],[105.5165,-4.6545]]]},"properties":{"code":"18.02.18.2009","name":"Sumber Rejeki Mataram"}},{"type":"Feature","geometry":{"type":"Polygon","coordinates":[[[104.8445,-5.118],[104.845,-5.119],[104.8455,-5.1195],[104.836,-5.122],[104.835,-5.1065],[104.8315,-5.104],[104.8265,-5.1035],[104.827,-5.1045],[104.8255,-5.1055],[104.8245,-5.108],[104.816,-5.115],[104.812,-5.117],[104.8105,-5.1215],[104.8075,-5.1525],[104.8055,-5.154],[104.7935,-5.155],[104.7925,-5.157],[104.7925,-5.16],[104.7945,-5.165],[104.8005,-5.1705],[104.8025,-5.171],[104.809,-5.1725],[104.818,-5.1695],[104.822,-5.1675],[104.843,-5.159],[104.8445,-5.1555],[104.8455,-5.152],[104.8475,-5.1505],[104.8555,-5.148],[104.868,-5.146],[104.873,-5.1485],[104.877,-5.145],[104.877,-5.1445],[104.8825,-5.136],[104.8835,-5.1345],[104.874,-5.138],[104.8675,-5.1315],[104.8695,-5.119],[104.857,-5.1215],[104.8485,-5.1165],[104.8455,-5.118],[104.8445,-5.118]]]},"properties":{"code":"18.02.19.2001","name":"Kota Batu"}},{"type":"Feature","geometry":{"type":"Polygon","coordinates":[[[104.9185,-5.069],[104.91,-5.0715],[104.913,-5.092],[104.909,-5.0985],[104.9275,-5.1145],[104.9265,-5.1125],[104.924,-5.094],[104.923,-5.0895],[104.9185,-5.069]]]},"properties":{"code":"18.02.19.2002","name":"Sangun Ratu"}},{"type":"Feature","geometry":{"type":"Polygon","coordinates":[[[104.936,-5.038],[104.9145,-5.0345],[104.9135,-5.0345],[104.914,-5.041],[104.914,-5.048],[104.9155,-5.048],[104.92,-5.049],[104.925,-5.051],[104.9395,-5.0615],[104.9385,-5.068],[104.938,-5.0685],[104.94,-5.0745],[104.9405,-5.0785],[104.9425,-5.0775],[104.943,-5.076],[104.9465,-5.0745],[104.936,-5.038]]]},"properties":{"code":"18.02.19.2003","name":"Gunung Raya"}},{"type":"Feature","geometry":{"type":"MultiPolygon","coordinates":[[[[104.947,-5.0895],[104.947,-5.0885],[104.9445,-5.0895],[104.947,-5.0895]]],[[[104.925,-5.051],[104.92,-5.049],[104.9155,-5.048],[104.9135,-5.048],[104.9115,-5.0475],[104.912,-5.052],[104.913,-5.055],[104.9205,-5.066],[104.9185,-5.069],[104.923,-5.0895],[104.924,-5.094],[104.9435,-5.0895],[104.9435,-5.0885],[104.941,-5.082],[104.941,-5.079],[104.94,-5.077],[104.94,-5.0745],[104.938,-5.0685],[104.9385,-5.068],[104.9395,-5.0615],[104.925,-5.051]]]]},"properties":{"code":"18.02.19.2004","name":"Gunung Haji"}},{"type":"Feature","geometry":{"type":"Polygon","coordinates":[[[104.9185,-5.069],[104.9205,-5.066],[104.913,-5.055],[104.912,-5.052],[104.9115,-5.0475],[104.9105,-5.048],[104.9095,-5.0485],[104.8945,-5.0485],[104.894,-5.0485],[104.8935,-5.0545],[104.8935,-5.059],[104.894,-5.061],[104.8955,-5.063],[104.906,-5.059],[104.91,-5.0715],[104.9185,-5.069]]]},"properties":{"code":"18.02.19.2005","name":"Negeri Ratu"}},{"type":"Feature","geometry":{"type":"Polygon","coordinates":[[[104.91,-5.0715],[104.906,-5.059],[104.8955,-5.063],[104.8955,-5.065],[104.897,-5.0715],[104.902,-5.0785],[104.902,-5.081],[104.9,-5.082],[104.899,-5.0825],[104.8975,-5.0815],[104.897,-5.082],[104.8975,-5.0825],[104.897,-5.085],[104.8965,-5.087],[104.8975,-5.102],[104.904,-5.1005],[104.9075,-5.099],[104.909,-5.0985],[104.913,-5.092],[104.91,-5.0715]]]},"properties":{"code":"18.02.19.2006","name":"Tanjung Kemala"}},{"type":"Feature","geometry":{"type":"Polygon","coordinates":[[[104.8975,-5.102],[104.8965,-5.087],[104.895,-5.0885],[104.894,-5.0875],[104.8925,-5.088],[104.891,-5.0895],[104.887,-5.0955],[104.8855,-5.096],[104.8825,-5.0945],[104.8825,-5.095],[104.8815,-5.0955],[104.881,-5.0955],[104.88,-5.0955],[104.878,-5.098],[104.877,-5.1085],[104.878,-5.1085],[104.8805,-5.1075],[104.8845,-5.1125],[104.885,-5.1125],[104.8895,-5.113],[104.9,-5.1115],[104.9015,-5.11],[104.8995,-5.1055],[104.8975,-5.102]]]},"properties":{"code":"18.02.19.2007","name":"Payung Rejo"}},{"type":"Feature","geometry":{"type":"Polygon","coordinates":[[[104.902,-5.0785],[104.878,-5.0825],[104.8655,-5.0765],[104.864,-5.081],[104.862,-5.0835],[104.868,-5.088],[104.8705,-5.0875],[104.877,-5.0905],[104.879,-5.0915],[104.879,-5.0925],[104.8815,-5.0945],[104.882,-5.0955],[104.8825,-5.095],[104.8825,-5.0945],[104.8855,-5.096],[104.887,-5.0955],[104.891,-5.0895],[104.8925,-5.088],[104.894,-5.0875],[104.895,-5.0885],[104.897,-5.085],[104.8975,-5.0825],[104.897,-5.082],[104.8975,-5.0815],[104.899,-5.0825],[104.9,-5.082],[104.902,-5.081],[104.902,-5.0785]]]},"properties":{"code":"18.02.19.2008","name":"Payung Batu"}},{"type":"Feature","geometry":{"type":"Polygon","coordinates":[[[104.894,-5.0485],[104.893,-5.048],[104.889,-5.0475],[104.885,-5.051],[104.884,-5.0525],[104.8805,-5.07],[104.8765,-5.067],[104.8735,-5.068],[104.8705,-5.071],[104.8685,-5.0705],[104.867,-5.0735],[104.8655,-5.0765],[104.878,-5.0825],[104.902,-5.0785],[104.897,-5.0715],[104.8955,-5.065],[104.894,-5.061],[104.8935,-5.059],[104.8935,-5.0545],[104.894,-5.0485]]]},"properties":{"code":"18.02.19.2009","name":"Negeri Kepayungan"}},{"type":"Feature","geometry":{"type":"Polygon","coordinates":[[[104.885,-5.051],[104.8865,-5.048],[104.869,-5.0405],[104.8665,-5.041],[104.868,-5.046],[104.867,-5.047],[104.863,-5.049],[104.855,-5.052],[104.8515,-5.0515],[104.8495,-5.0525],[104.849,-5.055],[104.8495,-5.058],[104.853,-5.06],[104.853,-5.063],[104.854,-5.0645],[104.854,-5.065],[104.853,-5.067],[104.8535,-5.067],[104.855,-5.067],[104.865,-5.0705],[104.8685,-5.0705],[104.8705,-5.071],[104.8735,-5.068],[104.8765,-5.067],[104.8805,-5.07],[104.884,-5.0525],[104.885,-5.051]]]},"properties":{"code":"18.02.19.2010","name":"Segala Mider"}},{"type":"Feature","geometry":{"type":"Polygon","coordinates":[[[104.8725,-5.029],[104.87,-5.0305],[104.868,-5.0305],[104.8665,-5.029],[104.8665,-5.0285],[104.8645,-5.0295],[104.8625,-5.0305],[104.8595,-5.0305],[104.861,-5.037],[104.863,-5.038],[104.865,-5.0395],[104.869,-5.0405],[104.8865,-5.048],[104.889,-5.0475],[104.893,-5.048],[104.8945,-5.0485],[104.9095,-5.0485],[104.91,-5.048],[104.9105,-5.048],[104.912,-5.0475],[104.914,-5.048],[104.914,-5.041],[104.9135,-5.0345],[104.912,-5.034],[104.9075,-5.0335],[104.907,-5.0335],[104.8935,-5.0305],[104.876,-5.03],[104.8725,-5.029]]]},"properties":{"code":"18.02.19.2011","name":"Tias Bangun"}},{"type":"Feature","geometry":{"type":"Polygon","coordinates":[[[104.8945,-5.0155],[104.887,-5.02],[104.8935,-5.0305],[104.907,-5.0335],[104.9075,-5.0335],[104.912,-5.034],[104.9135,-5.0345],[104.9135,-5.0325],[104.914,-5.0265],[104.9145,-5.0255],[104.9125,-5.0245],[104.9125,-5.0235],[104.9065,-5.0235],[104.8945,-5.0155]]]},"properties":{"code":"18.02.19.2012","name":"Riau Priangan"}},{"type":"Feature","geometry":{"type":"Polygon","coordinates":[[[104.9,-5.1115],[104.8895,-5.113],[104.885,-5.1125],[104.8845,-5.1125],[104.8805,-5.1075],[104.878,-5.1085],[104.877,-5.1085],[104.8735,-5.111],[104.871,-5.1135],[104.8705,-5.118],[104.8675,-5.1315],[104.874,-5.138],[104.8835,-5.1345],[104.8845,-5.1335],[104.9025,-5.128],[104.9015,-5.1225],[104.9,-5.1115]]]},"properties":{"code":"18.02.19.2013","name":"Payung Dadi"}},{"type":"Feature","geometry":{"type":"Polygon","coordinates":[[[104.862,-5.0835],[104.86,-5.083],[104.8575,-5.084],[104.855,-5.087],[104.854,-5.0875],[104.8535,-5.089],[104.852,-5.09],[104.8465,-5.109],[104.845,-5.112],[104.845,-5.1155],[104.8445,-5.118],[104.8455,-5.118],[104.8485,-5.1165],[104.857,-5.1215],[104.8695,-5.119],[104.8705,-5.118],[104.871,-5.1135],[104.8735,-5.111],[104.877,-5.1085],[104.878,-5.098],[104.88,-5.096],[104.8805,-5.0955],[104.882,-5.0955],[104.8815,-5.0945],[104.879,-5.0925],[104.879,-5.0915],[104.877,-5.0905],[104.8705,-5.0875],[104.868,-5.088],[104.862,-5.0835]]]},"properties":{"code":"18.02.19.2014","name":"Payung Makmur"}},{"type":"Feature","geometry":{"type":"Polygon","coordinates":[[[104.9275,-5.1145],[104.909,-5.0985],[104.9075,-5.099],[104.904,-5.1005],[104.8975,-5.102],[104.8995,-5.1055],[104.9015,-5.11],[104.9,-5.1115],[104.9015,-5.1225],[104.902,-5.125],[104.9275,-5.1145]]]},"properties":{"code":"18.02.19.2015","name":"Tanjung Rejo"}},{"type":"Feature","geometry":{"type":"Polygon","coordinates":[[[104.826,-5.092],[104.8245,-5.0935],[104.82,-5.0855],[104.8195,-5.0835],[104.8005,-5.0815],[104.796,-5.0775],[104.795,-5.0765],[104.791,-5.0795],[104.79,-5.081],[104.79,-5.085],[104.7915,-5.087],[104.8025,-5.099],[104.8125,-5.104],[104.822,-5.102],[104.8245,-5.1045],[104.8255,-5.1045],[104.826,-5.105],[104.827,-5.1045],[104.825,-5.1015],[104.826,-5.0985],[104.8265,-5.095],[104.827,-5.093],[104.826,-5.092]]]},"properties":{"code":"18.02.19.2016","name":"Tawang Negeri"}},{"type":"Feature","geometry":{"type":"MultiPolygon","coordinates":[[[[104.887,-5.02],[104.87,-5.0205],[104.8695,-5.0215],[104.869,-5.0285],[104.873,-5.029],[104.876,-5.03],[104.8935,-5.0305],[104.887,-5.02]]],[[[104.869,-5.009],[104.871,-5.0015],[104.87,-5.0025],[104.8605,-5.0035],[104.8605,-5.005],[104.8605,-5.0055],[104.8595,-5.0065],[104.8625,-5.009],[104.8655,-5.01],[104.869,-5.009]]]]},"properties":{"code":"18.02.19.2017","name":"Sinar Negeri"}},{"type":"Feature","geometry":{"type":"Polygon","coordinates":[[[104.786,-5.0665],[104.783,-5.066],[104.779,-5.0725],[104.778,-5.076],[104.772,-5.0785],[104.769,-5.078],[104.76,-5.08],[104.7515,-5.08],[104.7475,-5.082],[104.744,-5.083],[104.742,-5.085],[104.743,-5.0915],[104.7515,-5.09],[104.758,-5.0925],[104.7835,-5.086],[104.7875,-5.085],[104.789,-5.085],[104.79,-5.085],[104.79,-5.081],[104.791,-5.0795],[104.795,-5.0765],[104.791,-5.072],[104.786,-5.0665]]]},"properties":{"code":"18.02.19.2018","name":"Pekandangan"}},{"type":"Feature","geometry":{"type":"Polygon","coordinates":[[[104.84,-5.0845],[104.834,-5.0835],[104.831,-5.0885],[104.828,-5.0895],[104.826,-5.092],[104.827,-5.093],[104.8265,-5.095],[104.826,-5.0985],[104.8265,-5.1035],[104.8315,-5.104],[104.835,-5.1065],[104.836,-5.122],[104.8455,-5.1195],[104.845,-5.119],[104.8445,-5.1185],[104.845,-5.1155],[104.845,-5.112],[104.8465,-5.109],[104.852,-5.09],[104.8535,-5.089],[104.854,-5.0875],[104.855,-5.087],[104.8545,-5.084],[104.852,-5.0855],[104.849,-5.0885],[104.8465,-5.0885],[104.8405,-5.0885],[104.84,-5.0845]]]},"properties":{"code":"18.02.19.2019","name":"Payung Mulya"}},{"type":"Feature","geometry":{"type":"Polygon","coordinates":[[[104.867,-5.0735],[104.865,-5.0705],[104.855,-5.067],[104.8535,-5.067],[104.853,-5.067],[104.8525,-5.067],[104.8505,-5.073],[104.849,-5.0755],[104.84,-5.0845],[104.8405,-5.0885],[104.8465,-5.0885],[104.849,-5.0885],[104.852,-5.0855],[104.8545,-5.084],[104.8575,-5.084],[104.86,-5.083],[104.862,-5.0835],[104.864,-5.081],[104.867,-5.0735]]]},"properties":{"code":"18.02.19.2020","name":"Padang Rejo"}},{"type":"Feature","geometry":{"type":"Polygon","coordinates":[[[104.8525,-5.0595],[104.8515,-5.0615],[104.851,-5.0615],[104.849,-5.061],[104.848,-5.061],[104.8465,-5.0605],[104.8435,-5.0575],[104.8425,-5.0595],[104.842,-5.0605],[104.841,-5.0595],[104.8405,-5.0595],[104.841,-5.06],[104.841,-5.062],[104.8415,-5.067],[104.842,-5.0685],[104.839,-5.072],[104.8265,-5.074],[104.8225,-5.0735],[104.82,-5.073],[104.82,-5.071],[104.8195,-5.0665],[104.819,-5.066],[104.819,-5.065],[104.8175,-5.065],[104.8155,-5.0635],[104.8135,-5.063],[104.813,-5.0635],[104.811,-5.0625],[104.8085,-5.065],[104.808,-5.066],[104.807,-5.0665],[104.8055,-5.0675],[104.804,-5.0675],[104.7985,-5.066],[104.798,-5.062],[104.7965,-5.062],[104.794,-5.063],[104.792,-5.062],[104.786,-5.0665],[104.791,-5.072],[104.796,-5.0775],[104.8005,-5.0815],[104.8195,-5.0835],[104.82,-5.0855],[104.8245,-5.0935],[104.8275,-5.0895],[104.828,-5.0895],[104.831,-5.0885],[104.834,-5.0835],[104.84,-5.0845],[104.849,-5.0755],[104.8505,-5.073],[104.8525,-5.067],[104.854,-5.065],[104.854,-5.0645],[104.853,-5.063],[104.853,-5.06],[104.8525,-5.0595]]]},"properties":{"code":"18.02.20.2001","name":"Nyukang Harjo"}},{"type":"Feature","geometry":{"type":"Polygon","coordinates":[[[104.7965,-5.0465],[104.777,-5.0575],[104.7765,-5.0575],[104.771,-5.056],[104.7705,-5.054],[104.77,-5.0545],[104.7695,-5.054],[104.7685,-5.0535],[104.765,-5.055],[104.7655,-5.058],[104.766,-5.059],[104.766,-5.0605],[104.7635,-5.061],[104.7605,-5.0635],[104.758,-5.0635],[104.756,-5.0645],[104.753,-5.07],[104.7535,-5.0785],[104.76,-5.08],[104.769,-5.078],[104.772,-5.0785],[104.778,-5.076],[104.779,-5.0725],[104.783,-5.066],[104.786,-5.0665],[104.792,-5.062],[104.7945,-5.063],[104.794,-5.0615],[104.7955,-5.058],[104.7945,-5.0485],[104.7965,-5.0465]]]},"properties":{"code":"18.02.20.2002","name":"Lingga Pura"}},{"type":"Feature","geometry":{"type":"Polygon","coordinates":[[[104.8515,-5.0515],[104.8505,-5.051],[104.8375,-5.044],[104.8365,-5.0435],[104.835,-5.0445],[104.832,-5.0465],[104.827,-5.048],[104.83,-5.0515],[104.8305,-5.054],[104.832,-5.055],[104.8315,-5.059],[104.832,-5.0605],[104.8315,-5.0615],[104.833,-5.062],[104.8335,-5.062],[104.8345,-5.0605],[104.8375,-5.0595],[104.8385,-5.0595],[104.84,-5.06],[104.8405,-5.0595],[104.841,-5.0595],[104.842,-5.0605],[104.8425,-5.0595],[104.8435,-5.0575],[104.8465,-5.0605],[104.848,-5.061],[104.849,-5.061],[104.851,-5.0615],[104.8515,-5.0615],[104.8525,-5.0595],[104.8495,-5.058],[104.849,-5.055],[104.8495,-5.0525],[104.8515,-5.0515]]]},"properties":{"code":"18.02.20.2003","name":"Sido Harjo"}},{"type":"Feature","geometry":{"type":"Polygon","coordinates":[[[104.863,-5.038],[104.8435,-5.0365],[104.8375,-5.0405],[104.8375,-5.044],[104.8505,-5.051],[104.855,-5.052],[104.863,-5.049],[104.867,-5.047],[104.868,-5.046],[104.8665,-5.041],[104.865,-5.0395],[104.863,-5.038]]]},"properties":{"code":"18.02.20.2004","name":"Taman Sari"}},{"type":"Feature","geometry":{"type":"Polygon","coordinates":[[[104.899,-5],[104.893,-4.9985],[104.8925,-5],[104.8795,-5.0045],[104.872,-5.001],[104.871,-5.0015],[104.869,-5.009],[104.865,-5.0105],[104.866,-5.0155],[104.8645,-5.0225],[104.8665,-5.029],[104.868,-5.0305],[104.87,-5.0305],[104.8725,-5.029],[104.869,-5.0285],[104.8695,-5.0215],[104.87,-5.0205],[104.887,-5.02],[104.8945,-5.0155],[104.899,-5]]]},"properties":{"code":"18.02.20.2005","name":"Karang Anyar"}},{"type":"Feature","geometry":{"type":"Polygon","coordinates":[[[104.8655,-5.01],[104.8625,-5.009],[104.8595,-5.0065],[104.8575,-5.008],[104.836,-5.01],[104.835,-5.0105],[104.833,-5.0105],[104.8325,-5.0115],[104.832,-5.0115],[104.8315,-5.011],[104.83,-5.012],[104.8285,-5.0115],[104.8205,-5.012],[104.819,-5.0125],[104.82,-5.013],[104.8215,-5.0135],[104.81,-5.02],[104.7985,-5.0335],[104.7975,-5.036],[104.797,-5.0375],[104.7955,-5.038],[104.779,-5.0415],[104.7765,-5.0435],[104.776,-5.0485],[104.771,-5.0525],[104.771,-5.056],[104.7765,-5.0575],[104.777,-5.0575],[104.7965,-5.0465],[104.803,-5.0385],[104.83,-5.029],[104.8435,-5.0365],[104.863,-5.038],[104.861,-5.037],[104.8595,-5.0305],[104.8625,-5.0305],[104.8645,-5.0295],[104.8665,-5.0285],[104.8645,-5.0225],[104.866,-5.0155],[104.865,-5.0105],[104.8655,-5.01]]]},"properties":{"code":"18.02.20.2006","name":"Negeri Katon"}},{"type":"Feature","geometry":{"type":"Polygon","coordinates":[[[104.8435,-5.0365],[104.83,-5.029],[104.803,-5.0385],[104.7965,-5.0465],[104.7995,-5.0435],[104.808,-5.04],[104.81,-5.04],[104.811,-5.041],[104.827,-5.048],[104.832,-5.0465],[104.835,-5.0445],[104.8365,-5.0435],[104.8375,-5.0405],[104.8435,-5.0365]]]},"properties":{"code":"18.02.20.2007","name":"Gedung Harta"}},{"type":"Feature","geometry":{"type":"Polygon","coordinates":[[[104.823,-4.9805],[104.822,-4.9805],[104.8075,-4.9825],[104.806,-4.9835],[104.8035,-4.9845],[104.7945,-4.9945],[104.7915,-4.9975],[104.789,-4.9985],[104.789,-4.9995],[104.787,-5.003],[104.786,-5.008],[104.78,-5.0205],[104.769,-5.0335],[104.771,-5.037],[104.773,-5.038],[104.7745,-5.038],[104.777,-5.039],[104.777,-5.037],[104.779,-5.038],[104.779,-5.0415],[104.7955,-5.038],[104.797,-5.0375],[104.7975,-5.036],[104.7985,-5.0335],[104.81,-5.02],[104.8215,-5.0135],[104.82,-5.013],[104.819,-5.0125],[104.8205,-5.012],[104.8285,-5.0115],[104.83,-5.012],[104.8315,-5.011],[104.8325,-5.0115],[104.833,-5.0115],[104.833,-5.011],[104.8315,-5.0105],[104.832,-5.0095],[104.831,-5.0085],[104.831,-5.003],[104.8305,-5.0005],[104.8275,-4.9985],[104.8265,-4.9955],[104.826,-4.991],[104.8245,-4.987],[104.8245,-4.985],[104.8235,-4.983],[104.823,-4.9805]]]},"properties":{"code":"18.02.20.2008","name":"Tanjung Ratu"}},{"type":"Feature","geometry":{"type":"Polygon","coordinates":[[[104.8645,-4.9805],[104.8625,-4.979],[104.856,-4.9795],[104.8515,-4.979],[104.85,-4.9775],[104.848,-4.9775],[104.843,-4.98],[104.838,-4.975],[104.833,-4.976],[104.824,-4.9805],[104.823,-4.9805],[104.8235,-4.983],[104.8245,-4.985],[104.8245,-4.987],[104.826,-4.991],[104.8265,-4.9955],[104.8275,-4.9985],[104.8305,-5.0005],[104.831,-5.003],[104.831,-5.0085],[104.832,-5.0095],[104.8315,-5.0105],[104.833,-5.011],[104.833,-5.0105],[104.835,-5.0105],[104.836,-5.01],[104.8575,-5.008],[104.8605,-5.0055],[104.8605,-5.005],[104.8605,-5.0035],[104.854,-4.9945],[104.852,-4.9955],[104.8485,-4.9975],[104.8645,-4.982],[104.8645,-4.9805]]]},"properties":{"code":"18.02.20.2009","name":"Negeri Agung"}},{"type":"Feature","geometry":{"type":"Polygon","coordinates":[[[104.89,-4.989],[104.889,-4.9885],[104.883,-4.9895],[104.879,-4.9875],[104.8755,-4.9845],[104.857,-4.9905],[104.855,-4.994],[104.854,-4.9945],[104.8605,-5.0035],[104.87,-5.0025],[104.872,-5.001],[104.8795,-5.0045],[104.8925,-5],[104.891,-4.9955],[104.89,-4.9925],[104.8895,-4.991],[104.8905,-4.991],[104.891,-4.99],[104.89,-4.9895],[104.89,-4.989]]]},"properties":{"code":"18.02.20.2010","name":"Gilih Karang Jati"}},{"type":"Feature","geometry":{"type":"Polygon","coordinates":[[[104.758,-5.0635],[104.746,-5.0585],[104.726,-5.058],[104.7255,-5.0585],[104.7235,-5.059],[104.722,-5.061],[104.722,-5.0635],[104.721,-5.064],[104.7125,-5.0655],[104.712,-5.0675],[104.714,-5.0695],[104.7105,-5.0695],[104.71,-5.0705],[104.7085,-5.0675],[104.706,-5.064],[104.6995,-5.0645],[104.6955,-5.0655],[104.6945,-5.0665],[104.693,-5.0685],[104.686,-5.083],[104.683,-5.083],[104.681,-5.084],[104.68,-5.0845],[104.677,-5.0845],[104.676,-5.083],[104.6745,-5.084],[104.672,-5.084],[104.671,-5.0855],[104.67,-5.085],[104.658,-5.0795],[104.6455,-5.088],[104.624,-5.086],[104.6145,-5.0765],[104.606,-5.0765],[104.6035,-5.0765],[104.601,-5.077],[104.6,-5.077],[104.5995,-5.0765],[104.598,-5.0745],[104.591,-5.07],[104.5905,-5.0695],[104.59,-5.0705],[104.5895,-5.071],[104.587,-5.0725],[104.5755,-5.073],[104.573,-5.079],[104.572,-5.083],[104.5725,-5.0835],[104.5715,-5.085],[104.5675,-5.0905],[104.565,-5.092],[104.5645,-5.0915],[104.563,-5.0915],[104.5485,-5.094],[104.55,-5.095],[104.57,-5.107],[104.5795,-5.119],[104.583,-5.123],[104.6015,-5.1325],[104.603,-5.1345],[104.608,-5.138],[104.6095,-5.1345],[104.613,-5.1335],[104.624,-5.1315],[104.652,-5.1325],[104.683,-5.1565],[104.689,-5.1565],[104.6985,-5.1555],[104.6995,-5.1565],[104.702,-5.154],[104.715,-5.1395],[104.7215,-5.125],[104.735,-5.1245],[104.7505,-5.118],[104.752,-5.1265],[104.754,-5.129],[104.788,-5.145],[104.7935,-5.155],[104.8055,-5.154],[104.8075,-5.1525],[104.8105,-5.1215],[104.812,-5.117],[104.816,-5.115],[104.8245,-5.108],[104.8255,-5.1055],[104.826,-5.105],[104.8255,-5.1045],[104.8245,-5.1045],[104.822,-5.102],[104.8125,-5.104],[104.8025,-5.099],[104.7915,-5.087],[104.789,-5.085],[104.7875,-5.085],[104.7835,-5.086],[104.758,-5.0925],[104.7515,-5.09],[104.743,-5.0915],[104.742,-5.085],[104.744,-5.083],[104.7475,-5.082],[104.7515,-5.08],[104.7535,-5.0785],[104.753,-5.07],[104.756,-5.0645],[104.758,-5.0635]]]},"properties":{"code":"18.02.20.2011","name":"Marga Jaya"}},{"type":"Feature","geometry":{"type":"Polygon","coordinates":[[[104.779,-5.0415],[104.779,-5.038],[104.777,-5.037],[104.777,-5.039],[104.7745,-5.038],[104.773,-5.038],[104.771,-5.037],[104.769,-5.0335],[104.7565,-5.044],[104.7545,-5.045],[104.752,-5.046],[104.751,-5.046],[104.7465,-5.0485],[104.7445,-5.049],[104.7285,-5.0505],[104.726,-5.0575],[104.726,-5.058],[104.746,-5.0585],[104.758,-5.0635],[104.7605,-5.0635],[104.7635,-5.061],[104.766,-5.0605],[104.766,-5.059],[104.7655,-5.058],[104.765,-5.055],[104.7685,-5.0535],[104.7695,-5.054],[104.77,-5.0545],[104.7705,-5.054],[104.771,-5.0525],[104.776,-5.0485],[104.7765,-5.0435],[104.779,-5.0415]]]},"properties":{"code":"18.02.20.2012","name":"Gedung Aji"}},{"type":"Feature","geometry":{"type":"Polygon","coordinates":[[[104.827,-5.048],[104.811,-5.041],[104.81,-5.04],[104.808,-5.04],[104.7995,-5.0435],[104.7945,-5.0485],[104.7955,-5.058],[104.794,-5.0615],[104.7945,-5.063],[104.7965,-5.062],[104.798,-5.062],[104.7985,-5.066],[104.804,-5.0675],[104.8055,-5.0675],[104.807,-5.0665],[104.808,-5.066],[104.8085,-5.065],[104.811,-5.0625],[104.813,-5.0635],[104.8135,-5.063],[104.8155,-5.0635],[104.8175,-5.065],[104.8205,-5.0645],[104.8245,-5.0645],[104.83,-5.064],[104.83,-5.061],[104.8305,-5.061],[104.8315,-5.0615],[104.832,-5.0605],[104.8315,-5.059],[104.832,-5.055],[104.8305,-5.054],[104.83,-5.0515],[104.827,-5.048]]]},"properties":{"code":"18.02.20.2013","name":"Negeri Jaya"}},{"type":"Feature","geometry":{"type":"Polygon","coordinates":[[[104.819,-5.065],[104.819,-5.066],[104.8195,-5.0665],[104.82,-5.071],[104.82,-5.073],[104.8225,-5.0735],[104.8265,-5.074],[104.839,-5.072],[104.842,-5.0685],[104.8415,-5.067],[104.841,-5.062],[104.841,-5.06],[104.8405,-5.0595],[104.84,-5.06],[104.8385,-5.0595],[104.8375,-5.0595],[104.8345,-5.0605],[104.8335,-5.062],[104.833,-5.062],[104.831,-5.061],[104.8305,-5.061],[104.83,-5.061],[104.83,-5.064],[104.8245,-5.0645],[104.819,-5.065]]]},"properties":{"code":"18.02.20.2014","name":"Mekar Harjo"}},{"type":"Feature","geometry":{"type":"Polygon","coordinates":[[[105.0625,-5.0545],[105.052,-5.052],[105.0495,-5.053],[105.0485,-5.055],[105.047,-5.055],[105.0465,-5.056],[105.0435,-5.0565],[105.0425,-5.057],[105.0445,-5.059],[105.046,-5.061],[105.0455,-5.074],[105.0415,-5.0895],[105.0425,-5.0895],[105.0495,-5.0865],[105.0515,-5.086],[105.06,-5.066],[105.066,-5.062],[105.0625,-5.0545]]]},"properties":{"code":"18.02.21.2001","name":"Srikaton"}},{"type":"Feature","geometry":{"type":"Polygon","coordinates":[[[105.0935,-5.0665],[105.091,-5.0505],[105.086,-5.048],[105.082,-5.057],[105.066,-5.062],[105.06,-5.066],[105.0515,-5.086],[105.0505,-5.0865],[105.0525,-5.092],[105.0525,-5.0925],[105.057,-5.092],[105.064,-5.0915],[105.072,-5.0905],[105.081,-5.092],[105.084,-5.0895],[105.0935,-5.0665]]]},"properties":{"code":"18.02.21.2002","name":"Jaya Sakti"}},{"type":"Feature","geometry":{"type":"Polygon","coordinates":[[[105.0965,-4.977],[105.092,-4.967],[105.0905,-4.968],[105.09,-4.969],[105.098,-5.007],[105.099,-5.028],[105.1,-5.028],[105.1005,-5.027],[105.1015,-5.0265],[105.103,-5.0265],[105.105,-5.0275],[105.106,-5.027],[105.1075,-5.027],[105.108,-5.026],[105.11,-5.023],[105.1115,-5.0225],[105.114,-5.0135],[105.1095,-5.0085],[105.1085,-5.0065],[105.0965,-4.977]]]},"properties":{"code":"18.02.21.2003","name":"Haji Pemanggilan"}},{"type":"Feature","geometry":{"type":"Polygon","coordinates":[[[105.0905,-4.963],[105.09,-4.964],[105.081,-4.967],[105.07,-4.947],[105.069,-4.945],[105.069,-4.942],[105.0665,-4.944],[105.0605,-4.9465],[105.054,-4.952],[105.051,-4.9525],[105.0575,-4.968],[105.0595,-4.985],[105.0685,-4.9935],[105.0735,-5.013],[105.0835,-5.0275],[105.087,-5.041],[105.0875,-5.0405],[105.0885,-5.04],[105.089,-5.038],[105.089,-5.0375],[105.091,-5.036],[105.0915,-5.036],[105.0925,-5.0365],[105.095,-5.0345],[105.095,-5.031],[105.098,-5.0295],[105.098,-5.03],[105.0995,-5.0305],[105.099,-5.028],[105.098,-5.007],[105.09,-4.969],[105.0905,-4.968],[105.092,-4.967],[105.0905,-4.963]]]},"properties":{"code":"18.02.21.2004","name":"Negara Bumi Ilir"}},{"type":"Feature","geometry":{"type":"Polygon","coordinates":[[[105.087,-5.041],[105.0835,-5.0275],[105.0735,-5.013],[105.0685,-4.9935],[105.0595,-4.985],[105.0575,-4.968],[105.051,-4.9525],[105.043,-4.9555],[105.0415,-4.956],[105.04,-4.9565],[105.0395,-4.9575],[105.038,-4.959],[105.0385,-4.9595],[105.038,-4.96],[105.0375,-4.9605],[105.0365,-4.9615],[105.0355,-4.962],[105.0355,-4.9645],[105.033,-4.962],[105.032,-4.9625],[105.033,-4.9635],[105.032,-4.964],[105.0325,-4.964],[105.0305,-4.9665],[105.027,-4.969],[105.0265,-4.9695],[105.025,-4.97],[105.024,-4.9695],[105.0235,-4.9705],[105.023,-4.971],[105.0215,-4.971],[105.0215,-4.972],[105.023,-4.9725],[105.0225,-4.974],[105.0225,-4.9755],[105.0225,-4.976],[105.023,-4.977],[105.024,-4.9775],[105.0275,-4.9775],[105.03,-4.9795],[105.031,-4.979],[105.033,-4.979],[105.0345,-4.979],[105.038,-4.979],[105.045,-4.9975],[105.056,-5.017],[105.056,-5.0275],[105.066,-5.051],[105.0625,-5.0545],[105.066,-5.062],[105.082,-5.057],[105.086,-5.048],[105.0875,-5.0425],[105.087,-5.041]]]},"properties":{"code":"18.02.21.2005","name":"Bumi Aji"}},{"type":"Feature","geometry":{"type":"Polygon","coordinates":[[[105.0625,-5.0545],[105.066,-5.051],[105.056,-5.0275],[105.056,-5.017],[105.045,-4.9975],[105.038,-4.979],[105.0345,-4.979],[105.033,-4.979],[105.031,-4.979],[105.03,-4.9795],[105.0295,-4.979],[105.032,-4.985],[105.03,-4.99],[105.0315,-5.0005],[105.026,-5.024],[105.026,-5.0245],[105.029,-5.032],[105.0425,-5.0515],[105.047,-5.055],[105.0485,-5.055],[105.0495,-5.053],[105.052,-5.052],[105.0625,-5.0545]]]},"properties":{"code":"18.02.21.2006","name":"Negara Aji Tua"}},{"type":"Feature","geometry":{"type":"Polygon","coordinates":[[[105.032,-4.964],[105.031,-4.964],[105.025,-4.9625],[105.023,-4.961],[105.0195,-4.961],[105.016,-4.961],[105.005,-4.9555],[105.0045,-4.955],[105.004,-4.956],[105.004,-4.959],[104.991,-4.967],[104.9875,-4.98],[105,-4.9735],[105.004,-4.9715],[105.007,-4.972],[105.012,-4.9835],[105.0095,-4.983],[105.009,-4.9855],[105.012,-4.9955],[105.018,-4.9975],[105.0195,-5.0235],[105.025,-5.0245],[105.026,-5.024],[105.0315,-5.0005],[105.03,-4.99],[105.032,-4.985],[105.0295,-4.979],[105.024,-4.9775],[105.023,-4.977],[105.0225,-4.976],[105.0225,-4.9755],[105.0225,-4.974],[105.023,-4.9725],[105.0215,-4.972],[105.0215,-4.971],[105.023,-4.971],[105.0235,-4.9705],[105.024,-4.9695],[105.025,-4.97],[105.0265,-4.9695],[105.027,-4.969],[105.0305,-4.9665],[105.0325,-4.964],[105.032,-4.964]]]},"properties":{"code":"18.02.21.2007","name":"Negara Bumi Udik"}},{"type":"Feature","geometry":{"type":"Polygon","coordinates":[[[105.026,-5.0245],[105.025,-5.0245],[105.0195,-5.0235],[105.018,-4.9975],[105.012,-4.9955],[105.008,-5.0015],[105.0105,-5.019],[105.011,-5.0195],[105.0125,-5.02],[105.0185,-5.0365],[105.0295,-5.043],[105.029,-5.0465],[105.025,-5.06],[105.016,-5.063],[105.017,-5.064],[105.032,-5.0725],[105.0335,-5.072],[105.035,-5.072],[105.036,-5.071],[105.0365,-5.069],[105.0385,-5.066],[105.039,-5.063],[105.041,-5.06],[105.0405,-5.059],[105.0405,-5.0585],[105.041,-5.058],[105.0435,-5.0565],[105.0465,-5.056],[105.0425,-5.0515],[105.029,-5.032],[105.026,-5.0245]]]},"properties":{"code":"18.02.21.2008","name":"Negara Aji Baru"}},{"type":"Feature","geometry":{"type":"Polygon","coordinates":[[[105.0185,-5.0365],[105.0125,-5.02],[105.011,-5.0195],[105.0095,-5.021],[105.0125,-5.038],[105.0185,-5.0365]]]},"properties":{"code":"18.02.21.2009","name":"Gunung Agung"}},{"type":"Feature","geometry":{"type":"Polygon","coordinates":[[[105.012,-4.9955],[105.009,-4.9855],[105.0095,-4.983],[105.012,-4.9835],[105.007,-4.972],[105.004,-4.9715],[105,-4.9735],[104.9875,-4.98],[104.997,-4.9985],[104.9965,-4.9995],[105.0055,-5.0285],[105.006,-5.0375],[105.0045,-5.0485],[105.0125,-5.038],[105.0095,-5.021],[105.0105,-5.019],[105.008,-5.0015],[105.012,-4.9955]]]},"properties":{"code":"18.02.21.2010","name":"Tanjung Harapan"}},{"type":"Feature","geometry":{"type":"Polygon","coordinates":[[[105.11,-5.0695],[105.106,-5.0705],[105.1025,-5.071],[105.0955,-5.069],[105.0935,-5.0665],[105.084,-5.0895],[105.0905,-5.0905],[105.1,-5.0865],[105.1015,-5.086],[105.1025,-5.0825],[105.106,-5.0735],[105.109,-5.0705],[105.11,-5.0695]]]},"properties":{"code":"18.02.21.2011","name":"Bumi Jaya"}},{"type":"Feature","geometry":{"type":"Polygon","coordinates":[[[105.1315,-5.037],[105.114,-5.0135],[105.1115,-5.0225],[105.11,-5.023],[105.108,-5.026],[105.1075,-5.027],[105.106,-5.027],[105.105,-5.0275],[105.103,-5.0265],[105.1015,-5.0265],[105.1005,-5.027],[105.1,-5.028],[105.0995,-5.0305],[105.098,-5.03],[105.098,-5.0295],[105.095,-5.031],[105.095,-5.0345],[105.0925,-5.0365],[105.0915,-5.036],[105.091,-5.036],[105.089,-5.0375],[105.089,-5.038],[105.0885,-5.04],[105.0875,-5.0405],[105.0875,-5.0425],[105.086,-5.048],[105.091,-5.0505],[105.0935,-5.0665],[105.0955,-5.069],[105.1025,-5.071],[105.106,-5.0705],[105.11,-5.0695],[105.112,-5.0645],[105.116,-5.0475],[105.118,-5.045],[105.12,-5.0445],[105.1215,-5.045],[105.1215,-5.044],[105.1225,-5.043],[105.1235,-5.0425],[105.1255,-5.0415],[105.1265,-5.041],[105.129,-5.0395],[105.13,-5.038],[105.1315,-5.037]]]},"properties":{"code":"18.02.21.2012","name":"Mulyo Haji"}},{"type":"Feature","geometry":{"type":"Polygon","coordinates":[[[104.919,-5.21],[104.915,-5.209],[104.9125,-5.2085],[104.9075,-5.206],[104.8645,-5.2115],[104.8655,-5.2145],[104.872,-5.2325],[104.888,-5.2455],[104.898,-5.243],[104.9105,-5.247],[104.9105,-5.246],[104.9135,-5.2445],[104.9145,-5.244],[104.9145,-5.238],[104.9135,-5.2365],[104.913,-5.2355],[104.913,-5.2345],[104.9155,-5.232],[104.916,-5.2285],[104.916,-5.223],[104.9165,-5.2195],[104.918,-5.218],[104.9195,-5.2145],[104.9195,-5.214],[104.919,-5.212],[104.9185,-5.211],[104.919,-5.21]]]},"properties":{"code":"18.02.22.2001","name":"Sendang Mulyo"}},{"type":"Feature","geometry":{"type":"Polygon","coordinates":[[[104.9165,-5.1875],[104.9155,-5.188],[104.9055,-5.1935],[104.88,-5.1995],[104.8755,-5.2015],[104.8745,-5.2015],[104.8695,-5.202],[104.8625,-5.206],[104.863,-5.2075],[104.8635,-5.2095],[104.8645,-5.2115],[104.9075,-5.206],[104.9125,-5.2085],[104.915,-5.209],[104.919,-5.21],[104.9185,-5.2075],[104.917,-5.2055],[104.917,-5.205],[104.917,-5.204],[104.9175,-5.201],[104.9185,-5.199],[104.9165,-5.1875]]]},"properties":{"code":"18.02.22.2002","name":"Sendang Rejo"}},{"type":"Feature","geometry":{"type":"Polygon","coordinates":[[[104.856,-5.1765],[104.8555,-5.1765],[104.8545,-5.176],[104.8535,-5.176],[104.8435,-5.1575],[104.843,-5.159],[104.822,-5.1675],[104.818,-5.1695],[104.812,-5.173],[104.822,-5.1965],[104.8245,-5.1995],[104.8285,-5.201],[104.8305,-5.203],[104.8425,-5.205],[104.8575,-5.202],[104.86,-5.202],[104.856,-5.1945],[104.8555,-5.1845],[104.856,-5.183],[104.856,-5.18],[104.856,-5.1765]]]},"properties":{"code":"18.02.22.2003","name":"Sendang Baru"}},{"type":"Feature","geometry":{"type":"Polygon","coordinates":[[[104.887,-5.1695],[104.8865,-5.1695],[104.884,-5.169],[104.8835,-5.1695],[104.883,-5.1695],[104.8825,-5.1695],[104.8815,-5.17],[104.864,-5.1735],[104.857,-5.1765],[104.8565,-5.1765],[104.856,-5.1765],[104.856,-5.18],[104.856,-5.183],[104.8555,-5.1845],[104.856,-5.1945],[104.86,-5.202],[104.8615,-5.202],[104.862,-5.199],[104.864,-5.196],[104.874,-5.194],[104.876,-5.1925],[104.8855,-5.18],[104.889,-5.175],[104.8865,-5.1705],[104.887,-5.17],[104.887,-5.1695]]]},"properties":{"code":"18.02.22.2004","name":"Sendang Retno"}},{"type":"Feature","geometry":{"type":"Polygon","coordinates":[[[104.8815,-5.147],[104.881,-5.1465],[104.877,-5.145],[104.873,-5.1485],[104.868,-5.146],[104.8555,-5.148],[104.8475,-5.1505],[104.8455,-5.152],[104.8445,-5.1555],[104.8435,-5.1575],[104.8535,-5.176],[104.8545,-5.176],[104.8555,-5.1765],[104.8565,-5.1765],[104.857,-5.1765],[104.864,-5.1735],[104.8815,-5.17],[104.8825,-5.1695],[104.883,-5.1695],[104.8835,-5.1695],[104.8835,-5.1675],[104.8795,-5.16],[104.878,-5.149],[104.8815,-5.147]]]},"properties":{"code":"18.02.22.2005","name":"Sendang Asih"}},{"type":"Feature","geometry":{"type":"Polygon","coordinates":[[[104.8985,-5.1685],[104.8875,-5.1695],[104.887,-5.1695],[104.887,-5.17],[104.8865,-5.1705],[104.889,-5.175],[104.8855,-5.18],[104.876,-5.1925],[104.874,-5.194],[104.864,-5.196],[104.862,-5.199],[104.8615,-5.202],[104.8615,-5.2045],[104.8625,-5.206],[104.8695,-5.202],[104.8745,-5.2015],[104.8755,-5.2015],[104.88,-5.1995],[104.9055,-5.1935],[104.9155,-5.188],[104.917,-5.187],[104.924,-5.169],[104.8985,-5.1685]]]},"properties":{"code":"18.02.22.2006","name":"Sendang Agung"}},{"type":"Feature","geometry":{"type":"Polygon","coordinates":[[[104.9105,-5.1535],[104.883,-5.1475],[104.8815,-5.147],[104.878,-5.149],[104.8795,-5.16],[104.8835,-5.1675],[104.8835,-5.1695],[104.884,-5.169],[104.8865,-5.1695],[104.8875,-5.1695],[104.8985,-5.1685],[104.9105,-5.1535]]]},"properties":{"code":"18.02.22.2007","name":"Sendang Asri"}},{"type":"Feature","geometry":{"type":"Polygon","coordinates":[[[104.9105,-5.1535],[104.9175,-5.141],[104.9025,-5.127],[104.9025,-5.128],[104.8845,-5.1335],[104.8825,-5.136],[104.877,-5.1445],[104.881,-5.1465],[104.883,-5.1475],[104.9105,-5.1535]]]},"properties":{"code":"18.02.22.2008","name":"Sendang Mukti"}},{"type":"Feature","geometry":{"type":"Polygon","coordinates":[[[104.9315,-5.1695],[104.924,-5.169],[104.917,-5.187],[104.9165,-5.1875],[104.9185,-5.199],[104.9175,-5.201],[104.9175,-5.2025],[104.923,-5.202],[104.9315,-5.2025],[104.931,-5.196],[104.9315,-5.1695]]]},"properties":{"code":"18.02.22.2009","name":"Kutowinangun"}},{"type":"Feature","geometry":{"type":"Polygon","coordinates":[[[105.3635,-5.011],[105.3455,-5.0035],[105.337,-5.012],[105.3355,-5.0145],[105.333,-5.0275],[105.326,-5.031],[105.325,-5.0315],[105.324,-5.0325],[105.333,-5.036],[105.339,-5.032],[105.3425,-5.0385],[105.3435,-5.041],[105.3445,-5.04],[105.3465,-5.038],[105.3475,-5.0375],[105.348,-5.0375],[105.3485,-5.0375],[105.3615,-5.0295],[105.363,-5.03],[105.363,-5.0295],[105.364,-5.0285],[105.365,-5.0275],[105.366,-5.0265],[105.366,-5.0255],[105.3585,-5.023],[105.358,-5.022],[105.3585,-5.021],[105.3645,-5.0205],[105.365,-5.02],[105.3645,-5.017],[105.3635,-5.0125],[105.3635,-5.011]]]},"properties":{"code":"18.02.23.2001","name":"Sritejo Kencono"}},{"type":"Feature","geometry":{"type":"Polygon","coordinates":[[[105.324,-5.0325],[105.325,-5.0315],[105.326,-5.031],[105.333,-5.0275],[105.3355,-5.0145],[105.335,-5.0135],[105.3325,-5.0135],[105.332,-5.0155],[105.3305,-5.017],[105.329,-5.0165],[105.3285,-5.0175],[105.326,-5.0185],[105.3245,-5.019],[105.324,-5.0195],[105.323,-5.02],[105.3105,-5.028],[105.3025,-5.0465],[105.3005,-5.0485],[105.301,-5.052],[105.3045,-5.0475],[105.305,-5.047],[105.3085,-5.047],[105.316,-5.04],[105.318,-5.038],[105.319,-5.036],[105.324,-5.0325]]]},"properties":{"code":"18.02.23.2002","name":"Sapto Mulyo"}},{"type":"Feature","geometry":{"type":"Polygon","coordinates":[[[105.329,-5.0165],[105.3295,-5.0155],[105.317,-5.016],[105.3065,-5.0235],[105.3025,-5.007],[105.2935,-5.0065],[105.2915,-5.0045],[105.2895,-5.004],[105.289,-5.0025],[105.287,-5.0025],[105.284,-5.0035],[105.284,-5.016],[105.3,-5.022],[105.2995,-5.0295],[105.2915,-5.032],[105.291,-5.0335],[105.2915,-5.035],[105.288,-5.044],[105.291,-5.0505],[105.2925,-5.0495],[105.2955,-5.0495],[105.297,-5.0525],[105.3,-5.053],[105.301,-5.052],[105.3005,-5.0485],[105.3025,-5.0465],[105.3105,-5.028],[105.323,-5.02],[105.324,-5.0195],[105.3245,-5.019],[105.326,-5.0185],[105.3285,-5.0175],[105.329,-5.0165]]]},"properties":{"code":"18.02.23.2003","name":"Nambah Rejo"}},{"type":"Feature","geometry":{"type":"Polygon","coordinates":[[[105.321,-5.0035],[105.3165,-5.004],[105.2865,-5.0005],[105.2865,-5.001],[105.2865,-5.0025],[105.287,-5.0025],[105.289,-5.0025],[105.2895,-5.004],[105.2915,-5.0045],[105.2935,-5.0065],[105.3025,-5.007],[105.3065,-5.0235],[105.317,-5.016],[105.3295,-5.0155],[105.3305,-5.017],[105.332,-5.0155],[105.3325,-5.0135],[105.335,-5.0135],[105.3365,-5.012],[105.335,-5.0105],[105.327,-5.0075],[105.324,-5.006],[105.32,-5.005],[105.321,-5.0035]]]},"properties":{"code":"18.02.23.2004","name":"Sumber Rejo"}},{"type":"Feature","geometry":{"type":"Polygon","coordinates":[[[105.3225,-4.983],[105.311,-4.995],[105.3055,-4.989],[105.2975,-4.9925],[105.2905,-4.987],[105.2915,-4.9855],[105.2915,-4.985],[105.2875,-4.986],[105.2825,-4.9845],[105.2815,-4.9845],[105.281,-4.986],[105.2815,-4.986],[105.282,-4.9865],[105.2815,-4.988],[105.2805,-4.989],[105.2805,-4.99],[105.2815,-4.9905],[105.281,-4.991],[105.281,-4.992],[105.2865,-5.0005],[105.3165,-5.004],[105.321,-5.0035],[105.322,-5.001],[105.3275,-4.9925],[105.329,-4.99],[105.329,-4.9895],[105.326,-4.985],[105.3225,-4.983]]]},"properties":{"code":"18.02.23.2005","name":"Purworejo"}},{"type":"Feature","geometry":{"type":"Polygon","coordinates":[[[105.33,-4.966],[105.324,-4.9525],[105.313,-4.9485],[105.312,-4.9475],[105.3115,-4.9485],[105.315,-4.962],[105.315,-4.965],[105.317,-4.969],[105.3175,-4.9725],[105.3175,-4.975],[105.317,-4.9765],[105.31,-4.985],[105.3055,-4.989],[105.311,-4.995],[105.3225,-4.983],[105.33,-4.966]]]},"properties":{"code":"18.02.23.2006","name":"Kota Gajah"}},{"type":"Feature","geometry":{"type":"Polygon","coordinates":[[[105.358,-4.966],[105.335,-4.9565],[105.3305,-4.966],[105.33,-4.966],[105.3225,-4.983],[105.326,-4.985],[105.333,-4.98],[105.3465,-4.9645],[105.35,-4.963],[105.354,-4.9645],[105.358,-4.966]]]},"properties":{"code":"18.02.23.2007","name":"Kota Gajah Timur"}},{"type":"Feature","geometry":{"type":"Polygon","coordinates":[[[105.584,-4.7075],[105.581,-4.7095],[105.582,-4.7115],[105.577,-4.714],[105.5725,-4.7065],[105.563,-4.7115],[105.564,-4.72],[105.5645,-4.7225],[105.565,-4.7235],[105.565,-4.7255],[105.564,-4.727],[105.5635,-4.7275],[105.563,-4.7395],[105.568,-4.734],[105.5705,-4.7345],[105.578,-4.7355],[105.579,-4.7345],[105.5805,-4.7335],[105.583,-4.732],[105.5845,-4.732],[105.5865,-4.731],[105.5895,-4.73],[105.5925,-4.7295],[105.5955,-4.7305],[105.5965,-4.7295],[105.593,-4.7175],[105.589,-4.71],[105.5875,-4.707],[105.5845,-4.7085],[105.584,-4.7075]]]},"properties":{"code":"18.02.24.2001","name":"Sri Kencono"}},{"type":"Feature","geometry":{"type":"Polygon","coordinates":[[[105.5745,-4.617],[105.5525,-4.612],[105.551,-4.612],[105.55,-4.6335],[105.5275,-4.638],[105.513,-4.645],[105.5165,-4.6545],[105.5345,-4.664],[105.535,-4.6655],[105.5285,-4.68],[105.527,-4.6805],[105.5225,-4.687],[105.5225,-4.6875],[105.5385,-4.7],[105.5435,-4.693],[105.5535,-4.695],[105.554,-4.7155],[105.556,-4.7155],[105.5565,-4.7155],[105.559,-4.716],[105.559,-4.714],[105.559,-4.7075],[105.571,-4.687],[105.5715,-4.6775],[105.5695,-4.6695],[105.5585,-4.669],[105.562,-4.647],[105.5825,-4.6445],[105.587,-4.638],[105.5745,-4.617]]]},"properties":{"code":"18.02.24.2002","name":"Bumi Nabung Ilir"}},{"type":"Feature","geometry":{"type":"Polygon","coordinates":[[[105.597,-4.674],[105.5965,-4.672],[105.5965,-4.669],[105.597,-4.655],[105.591,-4.6465],[105.589,-4.64],[105.587,-4.638],[105.5825,-4.6445],[105.562,-4.647],[105.5585,-4.669],[105.5695,-4.6695],[105.5715,-4.6775],[105.578,-4.6705],[105.597,-4.674]]]},"properties":{"code":"18.02.24.2003","name":"Bumi Nabung Utara"}},{"type":"Feature","geometry":{"type":"Polygon","coordinates":[[[105.5085,-4.702],[105.507,-4.7035],[105.5065,-4.703],[105.5045,-4.7045],[105.504,-4.705],[105.5025,-4.7045],[105.503,-4.706],[105.5005,-4.705],[105.501,-4.715],[105.503,-4.7165],[105.505,-4.716],[105.5055,-4.7185],[105.506,-4.722],[105.506,-4.7245],[105.5035,-4.726],[105.504,-4.7285],[105.5065,-4.728],[105.5115,-4.732],[105.5165,-4.7335],[105.5215,-4.7395],[105.522,-4.743],[105.525,-4.7465],[105.5275,-4.7445],[105.5275,-4.744],[105.527,-4.7425],[105.53,-4.7365],[105.531,-4.7355],[105.534,-4.7345],[105.5345,-4.733],[105.5345,-4.719],[105.524,-4.716],[105.5215,-4.708],[105.5085,-4.702]]]},"properties":{"code":"18.02.24.2004","name":"Bumi Nabung Selatan"}},{"type":"Feature","geometry":{"type":"Polygon","coordinates":[[[105.597,-4.674],[105.578,-4.6705],[105.5715,-4.6775],[105.571,-4.687],[105.559,-4.7075],[105.559,-4.714],[105.559,-4.716],[105.5585,-4.717],[105.5635,-4.727],[105.564,-4.727],[105.565,-4.7255],[105.565,-4.7235],[105.5645,-4.7225],[105.564,-4.72],[105.563,-4.7115],[105.5725,-4.7065],[105.5785,-4.703],[105.5795,-4.7025],[105.5805,-4.7],[105.5865,-4.698],[105.596,-4.692],[105.5985,-4.69],[105.6005,-4.6885],[105.6015,-4.688],[105.6025,-4.687],[105.6005,-4.683],[105.597,-4.674]]]},"properties":{"code":"18.02.24.2005","name":"Bumi Nabung Timur"}},{"type":"Feature","geometry":{"type":"Polygon","coordinates":[[[105.5225,-4.6875],[105.5215,-4.687],[105.5205,-4.6875],[105.5215,-4.6935],[105.519,-4.696],[105.51,-4.7005],[105.5085,-4.702],[105.5215,-4.708],[105.524,-4.716],[105.5345,-4.719],[105.5345,-4.733],[105.534,-4.7345],[105.531,-4.7355],[105.53,-4.7365],[105.527,-4.7425],[105.5275,-4.744],[105.5275,-4.7445],[105.53,-4.747],[105.541,-4.7385],[105.5435,-4.7345],[105.542,-4.73],[105.5425,-4.7275],[105.546,-4.722],[105.547,-4.7205],[105.553,-4.7165],[105.554,-4.7155],[105.5535,-4.695],[105.5435,-4.693],[105.5385,-4.7],[105.5225,-4.6875]]]},"properties":{"code":"18.02.24.2006","name":"Bumi Nabung Baru"}},{"type":"Feature","geometry":{"type":"MultiPolygon","coordinates":[[[[105.6025,-4.7215],[105.6,-4.7165],[105.595,-4.707],[105.589,-4.7095],[105.593,-4.7175],[105.5965,-4.7295],[105.597,-4.73],[105.6005,-4.7305],[105.602,-4.7305],[105.605,-4.7295],[105.6025,-4.7215]]],[[[105.584,-4.7075],[105.5825,-4.705],[105.581,-4.7025],[105.5805,-4.7025],[105.5785,-4.703],[105.5725,-4.7065],[105.577,-4.714],[105.582,-4.7115],[105.581,-4.7095],[105.584,-4.7075]]]]},"properties":{"code":"18.02.24.2007","name":"Sri Kencono Baru"}},{"type":"Feature","geometry":{"type":"Polygon","coordinates":[[[105.4925,-4.8075],[105.491,-4.8065],[105.4905,-4.8065],[105.4845,-4.813],[105.463,-4.823],[105.4585,-4.8225],[105.455,-4.839],[105.453,-4.842],[105.4655,-4.847],[105.4705,-4.8455],[105.48,-4.843],[105.483,-4.839],[105.495,-4.824],[105.4995,-4.817],[105.4995,-4.8155],[105.4965,-4.816],[105.493,-4.8175],[105.492,-4.816],[105.493,-4.81],[105.4925,-4.8075]]]},"properties":{"code":"18.02.25.2001","name":"Sido Binangun"}},{"type":"Feature","geometry":{"type":"Polygon","coordinates":[[[105.422,-4.8125],[105.4205,-4.8135],[105.4185,-4.8135],[105.4175,-4.814],[105.4065,-4.8125],[105.4055,-4.8115],[105.405,-4.8115],[105.4005,-4.8085],[105.398,-4.808],[105.3975,-4.8055],[105.3985,-4.805],[105.4,-4.8045],[105.403,-4.8015],[105.403,-4.798],[105.404,-4.795],[105.402,-4.7965],[105.4005,-4.7965],[105.3985,-4.796],[105.3965,-4.8005],[105.398,-4.802],[105.395,-4.8045],[105.3935,-4.806],[105.391,-4.8055],[105.39,-4.805],[105.39,-4.806],[105.3905,-4.811],[105.385,-4.813],[105.3855,-4.8145],[105.3865,-4.8145],[105.388,-4.8145],[105.388,-4.8155],[105.3875,-4.8165],[105.391,-4.8355],[105.391,-4.8365],[105.392,-4.8375],[105.3925,-4.838],[105.393,-4.838],[105.393,-4.839],[105.394,-4.839],[105.3955,-4.8405],[105.3955,-4.841],[105.4,-4.8425],[105.401,-4.839],[105.401,-4.835],[105.403,-4.834],[105.4115,-4.8365],[105.421,-4.8295],[105.423,-4.829],[105.424,-4.8285],[105.435,-4.825],[105.422,-4.815],[105.422,-4.814],[105.422,-4.8125]]]},"properties":{"code":"18.02.25.2002","name":"Sri Bawono"}},{"type":"Feature","geometry":{"type":"Polygon","coordinates":[[[105.45,-4.7805],[105.449,-4.779],[105.4475,-4.7785],[105.439,-4.7795],[105.4265,-4.7855],[105.4225,-4.789],[105.4205,-4.7895],[105.42,-4.7905],[105.421,-4.7915],[105.4195,-4.7925],[105.417,-4.7905],[105.4155,-4.7915],[105.415,-4.7905],[105.4135,-4.7905],[105.407,-4.795],[105.403,-4.798],[105.403,-4.8015],[105.4,-4.8045],[105.3985,-4.805],[105.3975,-4.8055],[105.398,-4.808],[105.4005,-4.8085],[105.405,-4.8115],[105.4055,-4.8115],[105.4065,-4.8125],[105.4175,-4.814],[105.4185,-4.8135],[105.4205,-4.8135],[105.4225,-4.8125],[105.4365,-4.801],[105.4395,-4.7985],[105.4435,-4.794],[105.4425,-4.793],[105.449,-4.781],[105.45,-4.7805]]]},"properties":{"code":"18.02.25.2003","name":"Sri Budaya"}},{"type":"Feature","geometry":{"type":"Polygon","coordinates":[[[105.4605,-4.783],[105.457,-4.7805],[105.4545,-4.78],[105.4505,-4.7805],[105.449,-4.781],[105.4425,-4.793],[105.445,-4.7955],[105.4435,-4.81],[105.4555,-4.8155],[105.4575,-4.814],[105.458,-4.801],[105.461,-4.8005],[105.463,-4.801],[105.4685,-4.8025],[105.4695,-4.802],[105.469,-4.8025],[105.4685,-4.8015],[105.4665,-4.797],[105.4645,-4.794],[105.465,-4.7905],[105.4625,-4.786],[105.4605,-4.783]]]},"properties":{"code":"18.02.25.2004","name":"Suko Binangun"}},{"type":"Feature","geometry":{"type":"Polygon","coordinates":[[[105.5015,-4.783],[105.501,-4.7825],[105.4965,-4.774],[105.4935,-4.7735],[105.4935,-4.775],[105.494,-4.776],[105.494,-4.778],[105.4925,-4.78],[105.479,-4.7975],[105.4705,-4.801],[105.4695,-4.802],[105.4685,-4.8025],[105.463,-4.801],[105.461,-4.8005],[105.458,-4.801],[105.4575,-4.814],[105.458,-4.8145],[105.4585,-4.817],[105.458,-4.819],[105.458,-4.821],[105.463,-4.823],[105.4845,-4.813],[105.4905,-4.8065],[105.491,-4.8065],[105.493,-4.8075],[105.4935,-4.807],[105.495,-4.806],[105.494,-4.793],[105.495,-4.7915],[105.5015,-4.783]]]},"properties":{"code":"18.02.25.2005","name":"Sri Busono"}},{"type":"Feature","geometry":{"type":"Polygon","coordinates":[[[105.497,-4.7405],[105.493,-4.74],[105.4915,-4.741],[105.493,-4.742],[105.4935,-4.744],[105.4925,-4.745],[105.4915,-4.748],[105.4935,-4.753],[105.492,-4.7545],[105.493,-4.757],[105.488,-4.7635],[105.4865,-4.7645],[105.487,-4.7705],[105.4905,-4.773],[105.4915,-4.7735],[105.4955,-4.7735],[105.4965,-4.774],[105.501,-4.7825],[105.502,-4.783],[105.502,-4.782],[105.5025,-4.781],[105.505,-4.7825],[105.5075,-4.7835],[105.513,-4.7805],[105.512,-4.7795],[105.5125,-4.7735],[105.506,-4.753],[105.4965,-4.741],[105.497,-4.7405]]]},"properties":{"code":"18.02.25.2006","name":"Sangga Buana"}},{"type":"Feature","geometry":{"type":"Polygon","coordinates":[[[105.701,-4.676],[105.701,-4.677],[105.6785,-4.67],[105.679,-4.673],[105.679,-4.688],[105.68,-4.6915],[105.681,-4.6955],[105.6845,-4.695],[105.711,-4.695],[105.7095,-4.681],[105.701,-4.676]]]},"properties":{"code":"18.02.26.2001","name":"Gaya Baru V"}},{"type":"Feature","geometry":{"type":"Polygon","coordinates":[[[105.768,-4.6675],[105.7665,-4.6685],[105.765,-4.669],[105.763,-4.665],[105.7625,-4.665],[105.7615,-4.665],[105.761,-4.666],[105.759,-4.669],[105.7455,-4.6645],[105.7405,-4.6645],[105.729,-4.67],[105.7245,-4.669],[105.7155,-4.661],[105.714,-4.6565],[105.7125,-4.6575],[105.7015,-4.676],[105.701,-4.676],[105.7095,-4.681],[105.711,-4.695],[105.7235,-4.695],[105.7475,-4.7005],[105.7505,-4.701],[105.752,-4.6865],[105.758,-4.6865],[105.7665,-4.6855],[105.7665,-4.6815],[105.768,-4.6675]]]},"properties":{"code":"18.02.26.2002","name":"Surabaya Ilir"}},{"type":"Feature","geometry":{"type":"Polygon","coordinates":[[[105.711,-4.695],[105.6845,-4.695],[105.682,-4.695],[105.6815,-4.709],[105.6825,-4.7105],[105.6825,-4.717],[105.6805,-4.7205],[105.685,-4.721],[105.6835,-4.746],[105.6845,-4.746],[105.689,-4.7465],[105.69,-4.7465],[105.6935,-4.743],[105.699,-4.739],[105.725,-4.7365],[105.7255,-4.737],[105.7235,-4.695],[105.711,-4.695]]]},"properties":{"code":"18.02.26.2003","name":"Rajawali"}},{"type":"Feature","geometry":{"type":"Polygon","coordinates":[[[105.816,-4.6835],[105.7995,-4.6835],[105.779,-4.693],[105.7685,-4.693],[105.766,-4.6935],[105.7655,-4.707],[105.767,-4.7365],[105.7735,-4.7415],[105.784,-4.7395],[105.7875,-4.7435],[105.7885,-4.745],[105.789,-4.746],[105.788,-4.748],[105.788,-4.7485],[105.788,-4.7495],[105.7885,-4.75],[105.798,-4.7545],[105.805,-4.753],[105.815,-4.745],[105.815,-4.743],[105.812,-4.7405],[105.8095,-4.7395],[105.807,-4.7365],[105.8115,-4.7335],[105.8115,-4.73],[105.807,-4.7185],[105.8095,-4.71],[105.8095,-4.7065],[105.8125,-4.703],[105.8155,-4.706],[105.818,-4.7075],[105.819,-4.707],[105.821,-4.6995],[105.816,-4.6855],[105.816,-4.6835]]]},"properties":{"code":"18.02.26.2004","name":"Cempaka Putih"}},{"type":"Feature","geometry":{"type":"Polygon","coordinates":[[[105.714,-4.6565],[105.7125,-4.6505],[105.7025,-4.6405],[105.6995,-4.6415],[105.6985,-4.6405],[105.6985,-4.64],[105.6965,-4.641],[105.696,-4.642],[105.693,-4.644],[105.687,-4.6545],[105.6795,-4.67],[105.6785,-4.6695],[105.6785,-4.67],[105.701,-4.677],[105.7015,-4.676],[105.7125,-4.6575],[105.714,-4.6565]]]},"properties":{"code":"18.02.26.2005","name":"Subang Jaya"}},{"type":"Feature","geometry":{"type":"Polygon","coordinates":[[[105.8165,-4.65],[105.8095,-4.6535],[105.8045,-4.654],[105.803,-4.653],[105.801,-4.649],[105.8,-4.645],[105.797,-4.6425],[105.796,-4.643],[105.7955,-4.6545],[105.795,-4.671],[105.7985,-4.675],[105.799,-4.675],[105.8005,-4.674],[105.8135,-4.676],[105.816,-4.67],[105.8165,-4.65]]]},"properties":{"code":"18.02.26.2006","name":"Cabang"}},{"type":"Feature","geometry":{"type":"Polygon","coordinates":[[[105.7665,-4.687],[105.7665,-4.6855],[105.758,-4.6865],[105.752,-4.6865],[105.7505,-4.701],[105.75,-4.7005],[105.749,-4.705],[105.749,-4.708],[105.749,-4.7115],[105.75,-4.718],[105.7505,-4.7315],[105.756,-4.731],[105.76,-4.7365],[105.764,-4.738],[105.767,-4.7365],[105.7655,-4.707],[105.7665,-4.687]]]},"properties":{"code":"18.02.26.2007","name":"Beringin Jaya"}},{"type":"Feature","geometry":{"type":"Polygon","coordinates":[[[105.8135,-4.676],[105.8005,-4.674],[105.796,-4.676],[105.7825,-4.683],[105.7665,-4.687],[105.766,-4.6935],[105.7685,-4.693],[105.779,-4.693],[105.7995,-4.6835],[105.816,-4.6835],[105.8175,-4.681],[105.817,-4.679],[105.814,-4.6785],[105.813,-4.6765],[105.8135,-4.676]]]},"properties":{"code":"18.02.26.2008","name":"Sidodadi"}},{"type":"Feature","geometry":{"type":"Polygon","coordinates":[[[105.797,-4.6425],[105.795,-4.6405],[105.7935,-4.639],[105.782,-4.634],[105.7815,-4.634],[105.78,-4.6365],[105.779,-4.6385],[105.7825,-4.6605],[105.7795,-4.6605],[105.7745,-4.6595],[105.7695,-4.6655],[105.768,-4.6675],[105.7665,-4.6815],[105.7665,-4.687],[105.7825,-4.683],[105.796,-4.676],[105.799,-4.675],[105.795,-4.671],[105.7955,-4.6545],[105.796,-4.643],[105.797,-4.6425]]]},"properties":{"code":"18.02.26.2009","name":"Sumber Agung"}},{"type":"Feature","geometry":{"type":"Polygon","coordinates":[[[105.75,-4.7005],[105.7475,-4.7005],[105.7235,-4.695],[105.7255,-4.737],[105.7265,-4.738],[105.7315,-4.746],[105.7375,-4.7455],[105.7385,-4.7445],[105.747,-4.732],[105.7505,-4.7315],[105.75,-4.718],[105.749,-4.7115],[105.749,-4.7065],[105.75,-4.7005]]]},"properties":{"code":"18.02.26.2010","name":"Surabaya Baru"}},{"type":"Feature","geometry":{"type":"Polygon","coordinates":[[[104.956,-4.9445],[104.949,-4.9335],[104.949,-4.9185],[104.949,-4.9175],[104.948,-4.918],[104.947,-4.919],[104.9455,-4.919],[104.9445,-4.919],[104.942,-4.92],[104.9415,-4.922],[104.9405,-4.922],[104.94,-4.931],[104.9275,-4.9505],[104.926,-4.9515],[104.9425,-4.97],[104.951,-4.969],[104.9515,-4.9685],[104.952,-4.968],[104.954,-4.966],[104.955,-4.965],[104.961,-4.952],[104.96,-4.949],[104.956,-4.9445]]]},"properties":{"code":"18.02.27.2001","name":"Gedung Sari"}},{"type":"Feature","geometry":{"type":"Polygon","coordinates":[[[104.9265,-4.951],[104.9155,-4.9525],[104.912,-4.9505],[104.9125,-4.9515],[104.912,-4.952],[104.911,-4.9535],[104.9115,-4.956],[104.9125,-4.958],[104.9115,-4.9725],[104.908,-4.9725],[104.9075,-4.974],[104.907,-4.9745],[104.9075,-4.9755],[104.908,-4.977],[104.907,-4.9785],[104.9085,-4.98],[104.9115,-4.9815],[104.915,-4.981],[104.917,-4.986],[104.921,-4.9875],[104.9245,-4.9865],[104.924,-4.984],[104.9225,-4.983],[104.9155,-4.9765],[104.921,-4.975],[104.9425,-4.97],[104.926,-4.9515],[104.9265,-4.951]]]},"properties":{"code":"18.02.27.2002","name":"Srimulyo"}},{"type":"Feature","geometry":{"type":"Polygon","coordinates":[[[104.917,-4.986],[104.915,-4.981],[104.9115,-4.9815],[104.9085,-4.98],[104.907,-4.9785],[104.906,-4.979],[104.9055,-4.9795],[104.905,-4.982],[104.905,-4.9825],[104.9045,-4.9825],[104.8905,-4.9885],[104.89,-4.9895],[104.891,-4.99],[104.8905,-4.991],[104.8895,-4.991],[104.89,-4.9925],[104.891,-4.9955],[104.893,-4.9985],[104.899,-5],[104.904,-4.999],[104.907,-4.9995],[104.9145,-4.996],[104.914,-4.9945],[104.914,-4.992],[104.914,-4.989],[104.917,-4.986]]]},"properties":{"code":"18.02.27.2003","name":"Gedung Ratu"}},{"type":"Feature","geometry":{"type":"MultiPolygon","coordinates":[[[[104.911,-4.9535],[104.9105,-4.953],[104.9045,-4.9575],[104.9035,-4.9585],[104.9035,-4.959],[104.9065,-4.964],[104.906,-4.9645],[104.9055,-4.9645],[104.905,-4.966],[104.906,-4.968],[104.9065,-4.9705],[104.907,-4.973],[104.9075,-4.974],[104.908,-4.9725],[104.9115,-4.9725],[104.9125,-4.958],[104.9115,-4.956],[104.911,-4.9535]]],[[[104.935,-4.92],[104.9325,-4.92],[104.9285,-4.924],[104.9285,-4.9235],[104.9275,-4.9225],[104.9265,-4.923],[104.926,-4.924],[104.924,-4.928],[104.924,-4.9295],[104.922,-4.932],[104.9215,-4.934],[104.9225,-4.936],[104.9205,-4.9375],[104.921,-4.938],[104.9205,-4.939],[104.92,-4.9395],[104.9135,-4.9475],[104.914,-4.9475],[104.914,-4.948],[104.9135,-4.949],[104.9125,-4.95],[104.912,-4.9505],[104.9155,-4.9525],[104.9265,-4.951],[104.9275,-4.9505],[104.94,-4.931],[104.9405,-4.922],[104.94,-4.9215],[104.9395,-4.921],[104.936,-4.9195],[104.935,-4.92]]],[[[104.9655,-4.915],[104.965,-4.914],[104.9655,-4.913],[104.9635,-4.9135],[104.962,-4.916],[104.959,-4.9175],[104.9535,-4.92],[104.951,-4.9195],[104.95,-4.9185],[104.9495,-4.9175],[104.949,-4.9185],[104.949,-4.9335],[104.956,-4.9445],[104.9695,-4.934],[104.9705,-4.9335],[104.971,-4.933],[104.971,-4.929],[104.968,-4.9225],[104.968,-4.9195],[104.9655,-4.915]]]]},"properties":{"code":"18.02.27.2004","name":"Bandar Putih Tua"}},{"type":"Feature","geometry":{"type":"Polygon","coordinates":[[[105.011,-4.917],[105.0105,-4.916],[105.01,-4.9155],[105.0085,-4.9155],[105.0075,-4.916],[105.0065,-4.9165],[105.006,-4.9165],[105.005,-4.917],[104.9845,-4.9245],[104.9735,-4.9195],[104.9705,-4.921],[104.968,-4.9215],[104.968,-4.9225],[104.971,-4.929],[104.971,-4.933],[104.9705,-4.9335],[104.9695,-4.934],[104.956,-4.9445],[104.96,-4.949],[104.962,-4.951],[104.963,-4.9515],[104.9635,-4.95],[104.9635,-4.947],[104.965,-4.945],[104.965,-4.944],[104.9655,-4.944],[104.9765,-4.9425],[104.991,-4.967],[105.004,-4.959],[105.004,-4.956],[105.0045,-4.955],[105.0035,-4.9545],[105,-4.952],[104.9945,-4.938],[105.001,-4.929],[105.0015,-4.928],[105.011,-4.917]]]},"properties":{"code":"18.02.27.2005","name":"Karang Jawa"}},{"type":"Feature","geometry":{"type":"Polygon","coordinates":[[[104.991,-4.967],[104.9765,-4.9425],[104.9655,-4.944],[104.965,-4.944],[104.965,-4.945],[104.9635,-4.947],[104.9635,-4.95],[104.963,-4.9515],[104.962,-4.951],[104.961,-4.952],[104.955,-4.965],[104.954,-4.966],[104.952,-4.968],[104.9515,-4.9685],[104.951,-4.969],[104.9575,-4.9835],[104.9575,-4.9825],[104.958,-4.9825],[104.958,-4.9835],[104.959,-4.984],[104.9595,-4.9835],[104.961,-4.9835],[104.9615,-4.9835],[104.9615,-4.9825],[104.962,-4.983],[104.9635,-4.9845],[104.9645,-4.9845],[104.977,-4.9855],[104.9875,-4.98],[104.991,-4.967]]]},"properties":{"code":"18.02.27.2006","name":"Sukajaya"}},{"type":"Feature","geometry":{"type":"Polygon","coordinates":[[[105.5855,-4.7925],[105.5855,-4.7915],[105.5835,-4.7915],[105.5775,-4.7825],[105.5725,-4.78],[105.5705,-4.776],[105.5695,-4.777],[105.5645,-4.779],[105.563,-4.7795],[105.5615,-4.7795],[105.5605,-4.7785],[105.5555,-4.778],[105.542,-4.786],[105.5385,-4.7865],[105.5385,-4.787],[105.538,-4.789],[105.537,-4.791],[105.5365,-4.7925],[105.535,-4.795],[105.5355,-4.7955],[105.5345,-4.796],[105.5325,-4.7975],[105.5305,-4.7985],[105.526,-4.8],[105.5245,-4.801],[105.5245,-4.8025],[105.524,-4.804],[105.5235,-4.808],[105.524,-4.81],[105.5345,-4.8175],[105.5385,-4.8195],[105.5385,-4.819],[105.5425,-4.817],[105.5445,-4.82],[105.5535,-4.815],[105.569,-4.81],[105.575,-4.8085],[105.578,-4.808],[105.5825,-4.801],[105.583,-4.7985],[105.5855,-4.7925]]]},"properties":{"code":"18.02.28.2001","name":"Bina Karya Jaya"}},{"type":"Feature","geometry":{"type":"Polygon","coordinates":[[[105.605,-4.8135],[105.596,-4.8095],[105.5925,-4.792],[105.5865,-4.793],[105.5855,-4.7925],[105.583,-4.7985],[105.5825,-4.801],[105.578,-4.808],[105.5735,-4.809],[105.573,-4.811],[105.5755,-4.8125],[105.579,-4.813],[105.5845,-4.8215],[105.595,-4.823],[105.596,-4.8225],[105.6015,-4.816],[105.6025,-4.8145],[105.6035,-4.814],[105.6045,-4.814],[105.605,-4.8135]]]},"properties":{"code":"18.02.28.2002","name":"Bina Karya Utama"}},{"type":"Feature","geometry":{"type":"Polygon","coordinates":[[[105.5535,-4.815],[105.5445,-4.82],[105.5425,-4.817],[105.5385,-4.819],[105.5385,-4.8195],[105.541,-4.821],[105.548,-4.8335],[105.5475,-4.8385],[105.5485,-4.846],[105.551,-4.846],[105.5525,-4.846],[105.575,-4.851],[105.5795,-4.8445],[105.578,-4.8425],[105.5785,-4.839],[105.5755,-4.8355],[105.576,-4.8345],[105.576,-4.834],[105.568,-4.8335],[105.5535,-4.828],[105.5535,-4.815]]]},"properties":{"code":"18.02.28.2003","name":"Bina Karya Sakti"}},{"type":"Feature","geometry":{"type":"Polygon","coordinates":[[[105.575,-4.851],[105.5525,-4.846],[105.553,-4.8465],[105.5535,-4.8475],[105.553,-4.8505],[105.5575,-4.863],[105.5575,-4.8655],[105.562,-4.87],[105.563,-4.8715],[105.565,-4.8735],[105.568,-4.8755],[105.5685,-4.875],[105.5695,-4.876],[105.571,-4.8765],[105.572,-4.877],[105.579,-4.884],[105.581,-4.883],[105.5895,-4.8825],[105.594,-4.8715],[105.5845,-4.8745],[105.583,-4.8745],[105.58,-4.8725],[105.579,-4.871],[105.573,-4.8535],[105.5745,-4.852],[105.575,-4.851]]]},"properties":{"code":"18.02.28.2004","name":"Joharan"}},{"type":"Feature","geometry":{"type":"Polygon","coordinates":[[[105.645,-4.817],[105.6315,-4.812],[105.6175,-4.8],[105.6165,-4.8005],[105.613,-4.802],[105.6125,-4.804],[105.607,-4.813],[105.6045,-4.814],[105.6035,-4.814],[105.603,-4.8145],[105.603,-4.815],[105.6035,-4.815],[105.6035,-4.823],[105.611,-4.8225],[105.6225,-4.8155],[105.636,-4.8305],[105.637,-4.827],[105.64,-4.823],[105.645,-4.817]]]},"properties":{"code":"18.02.28.2005","name":"Rantau Jaya Baru"}},{"type":"Feature","geometry":{"type":"Polygon","coordinates":[[[105.6315,-4.8285],[105.627,-4.828],[105.593,-4.844],[105.5925,-4.847],[105.5905,-4.8525],[105.594,-4.856],[105.601,-4.858],[105.601,-4.8555],[105.618,-4.854],[105.6245,-4.86],[105.626,-4.859],[105.626,-4.858],[105.6265,-4.856],[105.628,-4.854],[105.629,-4.8535],[105.6335,-4.8515],[105.636,-4.852],[105.6375,-4.8475],[105.639,-4.8405],[105.639,-4.8375],[105.6375,-4.835],[105.6355,-4.834],[105.636,-4.8305],[105.6315,-4.8285]]]},"properties":{"code":"18.02.28.2006","name":"Rantau Jaya Ilir"}},{"type":"Feature","geometry":{"type":"Polygon","coordinates":[[[105.5845,-4.8215],[105.579,-4.813],[105.5755,-4.8125],[105.573,-4.811],[105.5735,-4.809],[105.569,-4.81],[105.5535,-4.815],[105.5535,-4.828],[105.568,-4.8335],[105.576,-4.834],[105.576,-4.8345],[105.5765,-4.834],[105.5845,-4.8215]]]},"properties":{"code":"18.02.28.2007","name":"Bina Karya Baru"}},{"type":"Feature","geometry":{"type":"Polygon","coordinates":[[[105.593,-4.844],[105.5925,-4.844],[105.5925,-4.8435],[105.589,-4.843],[105.5845,-4.8415],[105.5795,-4.8445],[105.575,-4.851],[105.5745,-4.852],[105.573,-4.8535],[105.579,-4.871],[105.58,-4.8725],[105.583,-4.8745],[105.5845,-4.8745],[105.594,-4.8715],[105.596,-4.865],[105.6,-4.8615],[105.6005,-4.86],[105.601,-4.858],[105.594,-4.856],[105.5905,-4.8525],[105.5925,-4.847],[105.593,-4.844]]]},"properties":{"code":"18.02.28.2008","name":"Meranggi Jaya"}},{"type":"Feature","geometry":{"type":"Polygon","coordinates":[[[105.636,-4.8305],[105.6225,-4.8155],[105.611,-4.8225],[105.6035,-4.823],[105.6035,-4.815],[105.603,-4.815],[105.603,-4.8145],[105.6015,-4.816],[105.596,-4.8225],[105.595,-4.823],[105.5845,-4.8215],[105.5765,-4.834],[105.5755,-4.8355],[105.5785,-4.839],[105.578,-4.8425],[105.5795,-4.8445],[105.5845,-4.8415],[105.589,-4.843],[105.5925,-4.8435],[105.5925,-4.844],[105.593,-4.844],[105.627,-4.828],[105.6315,-4.8285],[105.636,-4.8305]]]},"properties":{"code":"18.02.28.2009","name":"Mekar Jaya"}},{"type":"Feature","geometry":{"type":"Polygon","coordinates":[[[105.6575,-4.789],[105.6565,-4.7885],[105.6565,-4.788],[105.657,-4.7855],[105.6555,-4.7825],[105.6505,-4.781],[105.6495,-4.7805],[105.648,-4.7805],[105.6465,-4.781],[105.6425,-4.7845],[105.64,-4.7845],[105.637,-4.785],[105.636,-4.7855],[105.635,-4.7865],[105.6325,-4.787],[105.6185,-4.7995],[105.6175,-4.8],[105.6315,-4.812],[105.645,-4.817],[105.6465,-4.8155],[105.652,-4.8135],[105.654,-4.808],[105.6545,-4.805],[105.654,-4.8035],[105.649,-4.7955],[105.6555,-4.7895],[105.6575,-4.789]]]},"properties":{"code":"18.02.28.2010","name":"Rantau Jaya makmur"}}]}