{"type":"FeatureCollection","features":[{"type":"Feature","geometry":{"type":"Polygon","coordinates":[[[105.557,-5.058],[105.5565,-5.0575],[105.5565,-5.0585],[105.556,-5.0595],[105.555,-5.0605],[105.5545,-5.063],[105.5525,-5.063],[105.5515,-5.0645],[105.5495,-5.067],[105.548,-5.069],[105.547,-5.072],[105.5465,-5.073],[105.5465,-5.075],[105.548,-5.0755],[105.548,-5.0775],[105.545,-5.077],[105.546,-5.0795],[105.545,-5.0805],[105.547,-5.0805],[105.548,-5.081],[105.548,-5.0815],[105.5625,-5.0895],[105.5625,-5.0965],[105.575,-5.108],[105.575,-5.118],[105.5755,-5.1185],[105.5765,-5.119],[105.582,-5.1155],[105.581,-5.1045],[105.575,-5.0935],[105.563,-5.081],[105.562,-5.0805],[105.5585,-5.0615],[105.5575,-5.0605],[105.557,-5.0585],[105.557,-5.058]]]},"properties":{"code":"18.07.01.2001","name":"Sukadana","latitude":-5.087390307446876,"longitude":105.56340234371174}},{"type":"Feature","geometry":{"type":"Polygon","coordinates":[[[105.6405,-5.093],[105.635,-5.091],[105.6285,-5.092],[105.621,-5.0935],[105.62,-5.0935],[105.619,-5.0935],[105.6195,-5.095],[105.617,-5.098],[105.6195,-5.106],[105.615,-5.1125],[105.6155,-5.114],[105.615,-5.114],[105.615,-5.115],[105.6185,-5.132],[105.608,-5.1545],[105.5995,-5.1645],[105.6055,-5.195],[105.61,-5.1915],[105.612,-5.1885],[105.613,-5.1885],[105.6125,-5.188],[105.6135,-5.1805],[105.6145,-5.1805],[105.6075,-5.172],[105.6195,-5.151],[105.6285,-5.1285],[105.6305,-5.1235],[105.636,-5.1175],[105.6395,-5.096],[105.64,-5.0935],[105.6405,-5.093]]]},"properties":{"code":"18.07.01.2002","name":"Pakuan Aji","latitude":-5.1338011428194035,"longitude":105.61973544327897}},{"type":"Feature","geometry":{"type":"Polygon","coordinates":[[[105.619,-5.0935],[105.6155,-5.094],[105.6095,-5.0945],[105.6045,-5.096],[105.601,-5.0955],[105.602,-5.106],[105.6005,-5.1165],[105.601,-5.118],[105.6005,-5.1355],[105.614,-5.1165],[105.615,-5.114],[105.6155,-5.114],[105.615,-5.1125],[105.6195,-5.106],[105.617,-5.098],[105.6195,-5.095],[105.619,-5.0935]]]},"properties":{"code":"18.07.01.2003","name":"Bumi Nabung Udik","latitude":-5.110661640932076,"longitude":105.60847874499504}},{"type":"Feature","geometry":{"type":"Polygon","coordinates":[[[105.502,-5.084],[105.503,-5.074],[105.491,-5.063],[105.49,-5.0475],[105.473,-5.049],[105.473,-5.051],[105.471,-5.0795],[105.47,-5.0805],[105.4685,-5.084],[105.4685,-5.09],[105.4705,-5.09],[105.492,-5.092],[105.4955,-5.091],[105.4985,-5.0905],[105.4985,-5.09],[105.502,-5.084]]]},"properties":{"code":"18.07.01.2004","name":"Rajabasa Batanghari","latitude":-5.0733790847797025,"longitude":105.48477707437428}},{"type":"Feature","geometry":{"type":"Polygon","coordinates":[[[105.5165,-5.0505],[105.515,-5.051],[105.5095,-5.0275],[105.5215,-5.0245],[105.518,-5.013],[105.516,-5.012],[105.5165,-5.014],[105.516,-5.0155],[105.5135,-5.0165],[105.5125,-5.0165],[105.512,-5.016],[105.5105,-5.015],[105.508,-5.0145],[105.5065,-5.015],[105.5,-5.018],[105.4985,-5.019],[105.498,-5.02],[105.4965,-5.021],[105.4955,-5.021],[105.494,-5.0205],[105.4935,-5.0205],[105.493,-5.0205],[105.494,-5.022],[105.4925,-5.023],[105.4795,-5.0325],[105.475,-5.0355],[105.474,-5.037],[105.474,-5.041],[105.4755,-5.042],[105.475,-5.043],[105.474,-5.045],[105.472,-5.0465],[105.473,-5.049],[105.49,-5.0475],[105.491,-5.063],[105.503,-5.074],[105.502,-5.084],[105.514,-5.0815],[105.5155,-5.0775],[105.519,-5.071],[105.516,-5.0635],[105.516,-5.062],[105.516,-5.059],[105.5165,-5.0505]]]},"properties":{"code":"18.07.01.2005","name":"Negara Nabung","latitude":-5.046714255866804,"longitude":105.50055276141616}},{"type":"Feature","geometry":{"type":"Polygon","coordinates":[[[105.5215,-5.0785],[105.523,-5.072],[105.5205,-5.05],[105.5175,-5.0505],[105.517,-5.051],[105.5165,-5.0505],[105.516,-5.059],[105.516,-5.062],[105.516,-5.0635],[105.519,-5.071],[105.5155,-5.0775],[105.514,-5.0815],[105.502,-5.084],[105.5105,-5.09],[105.5135,-5.089],[105.5145,-5.09],[105.5155,-5.083],[105.519,-5.0805],[105.5195,-5.079],[105.52,-5.079],[105.5205,-5.079],[105.5215,-5.0785]]]},"properties":{"code":"18.07.01.2006","name":"Terbangi Marga","latitude":-5.071846820031104,"longitude":105.51669958499386}},{"type":"Feature","geometry":{"type":"Polygon","coordinates":[[[105.532,-5.05],[105.5215,-5.0495],[105.5205,-5.05],[105.523,-5.072],[105.523,-5.079],[105.525,-5.0795],[105.526,-5.08],[105.527,-5.0805],[105.528,-5.0765],[105.534,-5.0555],[105.532,-5.05]]]},"properties":{"code":"18.07.01.2007","name":"Mataram Marga","latitude":-5.062325551484209,"longitude":105.52799348827902}},{"type":"Feature","geometry":{"type":"Polygon","coordinates":[[[105.5485,-5.0335],[105.548,-5.033],[105.5505,-5.03],[105.5495,-5.0295],[105.55,-5.0285],[105.5495,-5.028],[105.5415,-5.033],[105.5455,-5.049],[105.532,-5.05],[105.534,-5.0555],[105.528,-5.0765],[105.5265,-5.0805],[105.528,-5.083],[105.5305,-5.0825],[105.535,-5.086],[105.537,-5.0865],[105.5425,-5.086],[105.5425,-5.0845],[105.543,-5.084],[105.5435,-5.084],[105.5435,-5.0845],[105.5445,-5.0835],[105.5465,-5.0835],[105.548,-5.081],[105.547,-5.0805],[105.545,-5.0805],[105.546,-5.0795],[105.545,-5.077],[105.548,-5.0775],[105.548,-5.0755],[105.5465,-5.075],[105.5465,-5.073],[105.547,-5.072],[105.548,-5.069],[105.5495,-5.067],[105.5515,-5.0645],[105.5525,-5.063],[105.5545,-5.063],[105.555,-5.0605],[105.556,-5.0595],[105.5565,-5.0585],[105.5565,-5.0575],[105.557,-5.058],[105.5565,-5.057],[105.5535,-5.04],[105.5485,-5.0335]]]},"properties":{"code":"18.07.01.2008","name":"Pasar Sukadana","latitude":-5.061589443005226,"longitude":105.5428952317888}},{"type":"Feature","geometry":{"type":"MultiPolygon","coordinates":[[[[105.573,-5.061],[105.564,-5.071],[105.5645,-5.0725],[105.571,-5.077],[105.571,-5.0765],[105.5725,-5.077],[105.582,-5.0585],[105.575,-5.0605],[105.573,-5.061]]],[[[105.5635,-5.007],[105.5625,-5.0055],[105.5615,-5.006],[105.5575,-5.0065],[105.5505,-5.0095],[105.5495,-5.01],[105.5475,-5.0125],[105.548,-5.015],[105.55,-5.025],[105.551,-5.0265],[105.55,-5.0275],[105.55,-5.0285],[105.5495,-5.0295],[105.5505,-5.03],[105.548,-5.033],[105.5485,-5.0335],[105.563,-5.036],[105.5775,-5.04],[105.5735,-5.028],[105.5675,-5.0145],[105.568,-5.0125],[105.5675,-5.0095],[105.5635,-5.007]]]]},"properties":{"code":"18.07.01.2009","name":"Surabaya Udik","latitude":-5.033119070437312,"longitude":105.56473080561072}},{"type":"Feature","geometry":{"type":"Polygon","coordinates":[[[105.643,-5.043],[105.67,-5.0205],[105.739,-4.9335],[105.7485,-4.922],[105.757,-4.834],[105.7515,-4.833],[105.723,-4.8475],[105.704,-4.8675],[105.6745,-4.8845],[105.654,-4.9355],[105.636,-5.0145],[105.636,-5.025],[105.6035,-5.0315],[105.5965,-5.0365],[105.5805,-5.0205],[105.5735,-5.028],[105.5775,-5.04],[105.563,-5.036],[105.5485,-5.0335],[105.5535,-5.04],[105.5565,-5.057],[105.557,-5.0575],[105.557,-5.0585],[105.5575,-5.0605],[105.5585,-5.0615],[105.562,-5.0805],[105.563,-5.081],[105.575,-5.0935],[105.576,-5.0905],[105.5765,-5.0825],[105.5755,-5.081],[105.571,-5.077],[105.5645,-5.0725],[105.564,-5.071],[105.573,-5.061],[105.575,-5.0605],[105.582,-5.0585],[105.59,-5.054],[105.595,-5.0515],[105.6255,-5.043],[105.643,-5.043]]]},"properties":{"code":"18.07.01.2010","name":"Rantau Jaya Udik","latitude":-4.948301640534143,"longitude":105.68108234587378}},{"type":"Feature","geometry":{"type":"Polygon","coordinates":[[[105.5495,-4.988],[105.541,-4.9965],[105.5405,-4.9975],[105.538,-4.9995],[105.5365,-5.0025],[105.536,-5.0025],[105.5355,-5.003],[105.535,-5.0045],[105.5335,-5.0055],[105.5305,-5.0075],[105.529,-5.009],[105.529,-5.0085],[105.5285,-5.009],[105.5345,-5.031],[105.5415,-5.033],[105.5495,-5.028],[105.55,-5.0275],[105.551,-5.0265],[105.55,-5.025],[105.548,-5.015],[105.5475,-5.0125],[105.5495,-5.01],[105.5505,-5.0095],[105.5575,-5.0065],[105.559,-5.006],[105.559,-4.991],[105.5495,-4.988]]]},"properties":{"code":"18.07.01.2011","name":"Muara Jaya","latitude":-5.009603672131434,"longitude":105.54373828292637}},{"type":"Feature","geometry":{"type":"Polygon","coordinates":[[[105.5285,-5.009],[105.5275,-5.009],[105.527,-5.009],[105.5245,-5.008],[105.522,-5.007],[105.521,-5.007],[105.517,-5.0095],[105.516,-5.012],[105.518,-5.013],[105.5215,-5.0245],[105.5095,-5.0275],[105.515,-5.051],[105.5165,-5.0505],[105.517,-5.051],[105.5175,-5.0505],[105.5215,-5.0495],[105.532,-5.05],[105.5455,-5.049],[105.5415,-5.033],[105.5345,-5.031],[105.5285,-5.009]]]},"properties":{"code":"18.07.01.2012","name":"Sukadana Ilir","latitude":-5.033763187915972,"longitude":105.5261789735244}},{"type":"Feature","geometry":{"type":"Polygon","coordinates":[[[105.489,-5.0175],[105.4885,-5.0175],[105.488,-5.0175],[105.487,-5.017],[105.4845,-5.016],[105.4835,-5.0155],[105.4825,-5.0155],[105.4815,-5.0135],[105.48,-5.0125],[105.477,-5.012],[105.4735,-5.0145],[105.473,-5.0155],[105.474,-5.0175],[105.4795,-5.0325],[105.4925,-5.023],[105.494,-5.022],[105.493,-5.0205],[105.493,-5.0195],[105.489,-5.0175]]]},"properties":{"code":"18.07.01.2013","name":"Bumi Ayu","latitude":-5.021678386504161,"longitude":105.48217710409698}},{"type":"Feature","geometry":{"type":"Polygon","coordinates":[[[105.643,-5.043],[105.6255,-5.043],[105.595,-5.0515],[105.597,-5.067],[105.589,-5.082],[105.5915,-5.085],[105.601,-5.0955],[105.6045,-5.096],[105.6095,-5.0945],[105.6155,-5.094],[105.6185,-5.094],[105.6195,-5.0935],[105.621,-5.0935],[105.6285,-5.092],[105.635,-5.091],[105.6405,-5.093],[105.6435,-5.0835],[105.6415,-5.077],[105.6385,-5.073],[105.6385,-5.07],[105.646,-5.053],[105.643,-5.043]]]},"properties":{"code":"18.07.01.2014","name":"Sukadana Timur","latitude":-5.06907955060689,"longitude":105.61895731171671}},{"type":"Feature","geometry":{"type":"Polygon","coordinates":[[[105.5735,-5.028],[105.5805,-5.0205],[105.5965,-5.0365],[105.6035,-5.0315],[105.636,-5.025],[105.636,-5.0145],[105.654,-4.9355],[105.6145,-4.954],[105.6065,-4.955],[105.589,-4.969],[105.571,-4.9785],[105.559,-4.991],[105.559,-5.006],[105.5615,-5.006],[105.5625,-5.0055],[105.5635,-5.007],[105.5675,-5.0095],[105.568,-5.0125],[105.5675,-5.0145],[105.5735,-5.028]]]},"properties":{"code":"18.07.01.2015","name":"Rantau Jaya Udik II","latitude":-4.990675066951773,"longitude":105.60834364625174}},{"type":"Feature","geometry":{"type":"Polygon","coordinates":[[[105.5995,-5.1645],[105.608,-5.1545],[105.6185,-5.132],[105.615,-5.115],[105.614,-5.1165],[105.6005,-5.1355],[105.6005,-5.1395],[105.5945,-5.142],[105.59,-5.1395],[105.585,-5.165],[105.5995,-5.1645]]]},"properties":{"code":"18.07.01.2016","name":"Putra Aji II","latitude":-5.144417059212309,"longitude":105.60309338907811}},{"type":"Feature","geometry":{"type":"Polygon","coordinates":[[[105.613,-5.1885],[105.612,-5.1885],[105.61,-5.1915],[105.6055,-5.195],[105.5995,-5.1645],[105.585,-5.165],[105.5765,-5.1785],[105.5765,-5.194],[105.582,-5.214],[105.576,-5.2175],[105.575,-5.219],[105.5745,-5.2225],[105.576,-5.221],[105.5805,-5.221],[105.587,-5.216],[105.6015,-5.2175],[105.6115,-5.2125],[105.614,-5.1995],[105.6155,-5.1985],[105.614,-5.194],[105.613,-5.1885]]]},"properties":{"code":"18.07.01.2017","name":"Putra Aji I","latitude":-5.19395938208327,"longitude":105.5933220458584}},{"type":"Feature","geometry":{"type":"Polygon","coordinates":[[[105.601,-5.1115],[105.5985,-5.1115],[105.5925,-5.1095],[105.5905,-5.11],[105.5815,-5.1095],[105.582,-5.1155],[105.574,-5.1205],[105.575,-5.132],[105.5805,-5.134],[105.589,-5.1385],[105.5945,-5.142],[105.6005,-5.1395],[105.601,-5.118],[105.6005,-5.1165],[105.601,-5.1115]]]},"properties":{"code":"18.07.01.2018","name":"Sukadana Selatan","latitude":-5.125019130155095,"longitude":105.58962502514973}},{"type":"Feature","geometry":{"type":"Polygon","coordinates":[[[105.5895,-5.082],[105.589,-5.082],[105.597,-5.067],[105.595,-5.0515],[105.59,-5.054],[105.582,-5.0585],[105.5725,-5.077],[105.571,-5.0765],[105.571,-5.077],[105.5785,-5.082],[105.5815,-5.0795],[105.5875,-5.0855],[105.5895,-5.082]]]},"properties":{"code":"18.07.01.2019","name":"Sukadana Jaya","latitude":-5.068841125175882,"longitude":105.58567665693097}},{"type":"Feature","geometry":{"type":"Polygon","coordinates":[[[105.5895,-5.082],[105.5875,-5.0855],[105.5815,-5.0795],[105.5785,-5.082],[105.5755,-5.081],[105.5765,-5.0825],[105.576,-5.0905],[105.575,-5.0935],[105.581,-5.1045],[105.5815,-5.1095],[105.5905,-5.11],[105.5915,-5.1095],[105.5925,-5.1095],[105.5985,-5.1115],[105.601,-5.1115],[105.602,-5.106],[105.601,-5.0955],[105.5915,-5.085],[105.5895,-5.082]]]},"properties":{"code":"18.07.01.2020","name":"Sukadana Tengah","latitude":-5.0963188141593125,"longitude":105.58882028511587}},{"type":"Feature","geometry":{"type":"Polygon","coordinates":[[[105.8145,-5.289],[105.807,-5.2895],[105.807,-5.2915],[105.802,-5.3015],[105.795,-5.3],[105.769,-5.3125],[105.758,-5.323],[105.7625,-5.341],[105.77,-5.3425],[105.7925,-5.334],[105.799,-5.349],[105.808,-5.356],[105.8085,-5.346],[105.8095,-5.3415],[105.811,-5.342],[105.8125,-5.334],[105.8095,-5.325],[105.816,-5.3],[105.8145,-5.289]]]},"properties":{"code":"18.07.02.2001","name":"Labuhan Maringgai","latitude":-5.322056779892182,"longitude":105.79062180353637}},{"type":"Feature","geometry":{"type":"Polygon","coordinates":[[[105.8235,-5.3115],[105.8165,-5.318],[105.811,-5.342],[105.8095,-5.3415],[105.8085,-5.346],[105.808,-5.356],[105.8065,-5.3575],[105.8055,-5.365],[105.806,-5.365],[105.806,-5.3695],[105.805,-5.377],[105.8045,-5.3825],[105.8175,-5.3845],[105.82,-5.3845],[105.8185,-5.336],[105.8235,-5.3115]]]},"properties":{"code":"18.07.02.2002","name":"Muara Gading Mas","latitude":-5.355582471982956,"longitude":105.81384448524675}},{"type":"Feature","geometry":{"type":"Polygon","coordinates":[[[105.829,-5.2815],[105.8155,-5.281],[105.8145,-5.289],[105.816,-5.3],[105.8095,-5.325],[105.8125,-5.334],[105.8165,-5.318],[105.8235,-5.3115],[105.8385,-5.285],[105.829,-5.2815]]]},"properties":{"code":"18.07.02.2003","name":"Sriminosari","latitude":-5.300338386302623,"longitude":105.82144221316565}},{"type":"Feature","geometry":{"type":"Polygon","coordinates":[[[105.82,-5.3845],[105.8175,-5.3845],[105.8045,-5.3825],[105.804,-5.3875],[105.804,-5.393],[105.803,-5.407],[105.804,-5.4075],[105.803,-5.408],[105.8035,-5.409],[105.803,-5.4115],[105.803,-5.4125],[105.803,-5.4155],[105.8025,-5.418],[105.803,-5.421],[105.8185,-5.428],[105.8195,-5.4265],[105.82,-5.4265],[105.8215,-5.428],[105.82,-5.3845]]]},"properties":{"code":"18.07.02.2004","name":"Bandar Negeri","latitude":-5.40498616967261,"longitude":105.81232234983217}},{"type":"Feature","geometry":{"type":"Polygon","coordinates":[[[105.8215,-5.428],[105.82,-5.4265],[105.8195,-5.4265],[105.8185,-5.428],[105.803,-5.421],[105.8025,-5.419],[105.794,-5.427],[105.796,-5.4275],[105.7945,-5.4345],[105.8215,-5.4385],[105.8215,-5.428]]]},"properties":{"code":"18.07.02.2005","name":"Karya Makmur","latitude":-5.429788817549648,"longitude":105.80779714834706}},{"type":"Feature","geometry":{"type":"Polygon","coordinates":[[[105.8215,-5.4385],[105.7945,-5.4345],[105.794,-5.4365],[105.7925,-5.443],[105.7905,-5.453],[105.79,-5.456],[105.792,-5.4565],[105.786,-5.467],[105.7845,-5.4735],[105.788,-5.473],[105.802,-5.474],[105.804,-5.471],[105.8225,-5.473],[105.8215,-5.4385]]]},"properties":{"code":"18.07.02.2006","name":"Karya Tani","latitude":-5.455586368412383,"longitude":105.80601532256337}},{"type":"Feature","geometry":{"type":"Polygon","coordinates":[[[105.8385,-5.285],[105.853,-5.2805],[105.8645,-5.2555],[105.8635,-5.2445],[105.8525,-5.2555],[105.836,-5.2545],[105.8345,-5.2565],[105.8345,-5.26],[105.829,-5.2815],[105.8385,-5.285]]]},"properties":{"code":"18.07.02.2007","name":"Margasari","latitude":-5.266780607857855,"longitude":105.84728655271574}},{"type":"Feature","geometry":{"type":"Polygon","coordinates":[[[105.8635,-5.2445],[105.861,-5.202],[105.8495,-5.2035],[105.837,-5.214],[105.8345,-5.2225],[105.8395,-5.232],[105.832,-5.25],[105.8315,-5.254],[105.8525,-5.2555],[105.8635,-5.2445]]]},"properties":{"code":"18.07.02.2008","name":"Sukorahayu","latitude":-5.22988158311124,"longitude":105.84907509079851}},{"type":"Feature","geometry":{"type":"Polygon","coordinates":[[[105.8345,-5.2575],[105.8325,-5.2575],[105.8235,-5.256],[105.819,-5.2565],[105.8155,-5.258],[105.815,-5.2555],[105.8085,-5.2565],[105.8065,-5.26],[105.799,-5.2725],[105.799,-5.273],[105.8085,-5.2835],[105.807,-5.2895],[105.8145,-5.289],[105.8155,-5.281],[105.829,-5.2815],[105.8345,-5.26],[105.8345,-5.2575]]]},"properties":{"code":"18.07.02.2009","name":"Srigading","latitude":-5.270236967607693,"longitude":105.81734056508166}},{"type":"Feature","geometry":{"type":"Polygon","coordinates":[[[105.861,-5.1745],[105.8295,-5.1745],[105.8255,-5.183],[105.8225,-5.211],[105.8135,-5.2185],[105.8165,-5.233],[105.8045,-5.2415],[105.8005,-5.2415],[105.8,-5.2415],[105.7985,-5.2435],[105.796,-5.252],[105.815,-5.2555],[105.8155,-5.258],[105.819,-5.2565],[105.8235,-5.256],[105.8325,-5.2575],[105.8345,-5.2575],[105.8345,-5.2565],[105.836,-5.2545],[105.8315,-5.254],[105.832,-5.25],[105.8395,-5.232],[105.8345,-5.2225],[105.837,-5.214],[105.8495,-5.2035],[105.861,-5.202],[105.861,-5.1745]]]},"properties":{"code":"18.07.02.2010","name":"Karang Anyar","latitude":-5.214201257285719,"longitude":105.83126400135933}},{"type":"Feature","geometry":{"type":"Polygon","coordinates":[[[105.808,-5.356],[105.799,-5.349],[105.7925,-5.334],[105.77,-5.3425],[105.774,-5.352],[105.789,-5.362],[105.806,-5.366],[105.806,-5.365],[105.8055,-5.365],[105.8065,-5.3575],[105.808,-5.356]]]},"properties":{"code":"18.07.02.2011","name":"Maringgai","latitude":-5.349080485246766,"longitude":105.78986837007947}},{"type":"Feature","geometry":{"type":"Polygon","coordinates":[[[105.6965,-5.426],[105.688,-5.4205],[105.6725,-5.3865],[105.661,-5.4175],[105.6495,-5.429],[105.645,-5.439],[105.645,-5.44],[105.643,-5.4395],[105.643,-5.441],[105.642,-5.442],[105.6425,-5.442],[105.643,-5.4425],[105.645,-5.443],[105.647,-5.4445],[105.6605,-5.455],[105.668,-5.4675],[105.67,-5.4655],[105.669,-5.4635],[105.668,-5.4605],[105.6695,-5.4585],[105.693,-5.4545],[105.6965,-5.426]]]},"properties":{"code":"18.07.03.2001","name":"Negara Batin","latitude":-5.433354912125276,"longitude":105.67162231129495}},{"type":"Feature","geometry":{"type":"Polygon","coordinates":[[[105.7115,-5.499],[105.703,-5.5],[105.6935,-5.502],[105.6855,-5.497],[105.673,-5.5015],[105.6835,-5.508],[105.6815,-5.5235],[105.6885,-5.533],[105.6895,-5.5325],[105.6915,-5.5315],[105.695,-5.5325],[105.692,-5.5355],[105.6965,-5.538],[105.695,-5.5415],[105.693,-5.5415],[105.6925,-5.543],[105.6955,-5.544],[105.7,-5.543],[105.7025,-5.545],[105.7025,-5.5455],[105.701,-5.5455],[105.7,-5.5465],[105.6995,-5.548],[105.7005,-5.548],[105.702,-5.5495],[105.702,-5.55],[105.7045,-5.5485],[105.7065,-5.5505],[105.711,-5.554],[105.712,-5.5505],[105.7125,-5.5505],[105.716,-5.552],[105.7175,-5.5545],[105.718,-5.557],[105.719,-5.5575],[105.722,-5.556],[105.7185,-5.5615],[105.721,-5.5625],[105.7225,-5.564],[105.725,-5.5635],[105.7255,-5.5625],[105.728,-5.561],[105.729,-5.5615],[105.7275,-5.5655],[105.7285,-5.5665],[105.7305,-5.5655],[105.733,-5.565],[105.7405,-5.5775],[105.745,-5.574],[105.7385,-5.5665],[105.7365,-5.556],[105.736,-5.5565],[105.7305,-5.55],[105.726,-5.5455],[105.7245,-5.5375],[105.724,-5.538],[105.716,-5.5315],[105.7045,-5.508],[105.7115,-5.499]]]},"properties":{"code":"18.07.03.2002","name":"Asahan","latitude":-5.531674369251023,"longitude":105.70692637618868}},{"type":"Feature","geometry":{"type":"Polygon","coordinates":[[[105.765,-5.496],[105.75,-5.4895],[105.735,-5.487],[105.734,-5.4895],[105.732,-5.4935],[105.732,-5.494],[105.7275,-5.498],[105.73,-5.5055],[105.731,-5.505],[105.7325,-5.5055],[105.7345,-5.5055],[105.754,-5.501],[105.7635,-5.506],[105.767,-5.5055],[105.7665,-5.4975],[105.765,-5.496]]]},"properties":{"code":"18.07.03.2003","name":"Adirejo","latitude":-5.497491596674612,"longitude":105.74590630183354}},{"type":"Feature","geometry":{"type":"Polygon","coordinates":[[[105.7665,-5.4715],[105.7595,-5.475],[105.752,-5.4745],[105.746,-5.4755],[105.7425,-5.4775],[105.7405,-5.4785],[105.7405,-5.477],[105.741,-5.476],[105.74,-5.4755],[105.733,-5.48],[105.7295,-5.4785],[105.729,-5.4785],[105.7285,-5.4875],[105.735,-5.4875],[105.735,-5.487],[105.75,-5.4895],[105.765,-5.496],[105.7645,-5.4955],[105.7655,-5.4755],[105.7665,-5.4715]]]},"properties":{"code":"18.07.03.2004","name":"Gunung Mekar","latitude":-5.482637295723469,"longitude":105.75077202847028}},{"type":"Feature","geometry":{"type":"Polygon","coordinates":[[[105.74,-5.45],[105.7325,-5.451],[105.731,-5.4535],[105.7325,-5.4605],[105.7325,-5.464],[105.7285,-5.472],[105.73,-5.4785],[105.7295,-5.4785],[105.733,-5.48],[105.74,-5.4755],[105.7425,-5.4765],[105.7445,-5.471],[105.745,-5.4665],[105.74,-5.45]]]},"properties":{"code":"18.07.03.2005","name":"Gunung Sugih Kecil","latitude":-5.465117361337825,"longitude":105.73666089547424}},{"type":"Feature","geometry":{"type":"Polygon","coordinates":[[[105.693,-5.3705],[105.6765,-5.342],[105.684,-5.3635],[105.6725,-5.3865],[105.688,-5.4205],[105.6965,-5.426],[105.7315,-5.429],[105.7365,-5.42],[105.7345,-5.416],[105.717,-5.407],[105.693,-5.3705]]]},"properties":{"code":"18.07.03.2006","name":"Pematang Tahalo","latitude":-5.400961332117764,"longitude":105.69922617372487}},{"type":"Feature","geometry":{"type":"Polygon","coordinates":[[[105.7315,-5.429],[105.6965,-5.426],[105.693,-5.4545],[105.6695,-5.4585],[105.668,-5.4605],[105.669,-5.4635],[105.67,-5.4655],[105.6745,-5.4645],[105.6945,-5.4815],[105.71,-5.481],[105.704,-5.474],[105.7285,-5.472],[105.7325,-5.464],[105.7325,-5.4605],[105.731,-5.4535],[105.7315,-5.451],[105.723,-5.4445],[105.7315,-5.429]]]},"properties":{"code":"18.07.03.2007","name":"Jabung","latitude":-5.454770968227155,"longitude":105.70596133359626}},{"type":"Feature","geometry":{"type":"Polygon","coordinates":[[[105.71,-5.481],[105.6945,-5.4815],[105.6745,-5.4645],[105.67,-5.4655],[105.668,-5.4675],[105.6685,-5.4685],[105.663,-5.472],[105.667,-5.478],[105.663,-5.4895],[105.6615,-5.4905],[105.659,-5.491],[105.6585,-5.49],[105.6575,-5.491],[105.6575,-5.4935],[105.6585,-5.495],[105.6595,-5.4955],[105.662,-5.4955],[105.6625,-5.494],[105.661,-5.4925],[105.6635,-5.4935],[105.665,-5.4945],[105.6695,-5.503],[105.67,-5.5045],[105.6705,-5.501],[105.6695,-5.5],[105.67,-5.4995],[105.672,-5.5],[105.673,-5.5015],[105.6855,-5.497],[105.6935,-5.502],[105.703,-5.5],[105.7155,-5.4985],[105.7155,-5.497],[105.715,-5.492],[105.7145,-5.4895],[105.71,-5.481]]]},"properties":{"code":"18.07.03.2008","name":"Negara Saka","latitude":-5.487057968323158,"longitude":105.68438626721095}},{"type":"Feature","geometry":{"type":"Polygon","coordinates":[[[105.735,-5.4875],[105.7285,-5.4875],[105.7275,-5.488],[105.7205,-5.49],[105.7145,-5.4895],[105.715,-5.492],[105.715,-5.4955],[105.721,-5.501],[105.722,-5.5325],[105.7245,-5.536],[105.725,-5.535],[105.7285,-5.5055],[105.73,-5.5055],[105.7275,-5.498],[105.732,-5.494],[105.732,-5.4935],[105.734,-5.4895],[105.735,-5.4875]]]},"properties":{"code":"18.07.03.2014","name":"Betengsari","latitude":-5.5055161955130485,"longitude":105.72473943187894}},{"type":"Feature","geometry":{"type":"Polygon","coordinates":[[[105.673,-5.5015],[105.672,-5.5],[105.67,-5.4995],[105.6695,-5.5],[105.6705,-5.501],[105.67,-5.5045],[105.6695,-5.5045],[105.6735,-5.514],[105.6575,-5.53],[105.6605,-5.5545],[105.661,-5.556],[105.669,-5.5655],[105.676,-5.573],[105.6845,-5.562],[105.6865,-5.559],[105.702,-5.5495],[105.7005,-5.548],[105.6995,-5.548],[105.7,-5.5465],[105.701,-5.5455],[105.7025,-5.5455],[105.7025,-5.545],[105.7,-5.543],[105.6955,-5.544],[105.6925,-5.543],[105.693,-5.5415],[105.695,-5.5415],[105.6965,-5.538],[105.692,-5.5355],[105.695,-5.5325],[105.6915,-5.5315],[105.6895,-5.5325],[105.6885,-5.533],[105.6815,-5.5235],[105.6835,-5.508],[105.673,-5.5015]]]},"properties":{"code":"18.07.03.2015","name":"Belimbing Sari","latitude":-5.539308458994852,"longitude":105.67638102057275}},{"type":"Feature","geometry":{"type":"Polygon","coordinates":[[[105.7405,-5.5775],[105.733,-5.565],[105.7305,-5.5655],[105.7285,-5.5665],[105.7275,-5.5655],[105.729,-5.5615],[105.728,-5.561],[105.7255,-5.5625],[105.725,-5.5635],[105.7225,-5.564],[105.721,-5.5625],[105.7185,-5.5615],[105.722,-5.556],[105.719,-5.5575],[105.718,-5.557],[105.7175,-5.5545],[105.716,-5.552],[105.7125,-5.5505],[105.712,-5.5505],[105.711,-5.554],[105.7065,-5.5505],[105.7045,-5.5485],[105.702,-5.55],[105.702,-5.5495],[105.6865,-5.559],[105.6845,-5.562],[105.676,-5.573],[105.6775,-5.574],[105.684,-5.5775],[105.6915,-5.5805],[105.702,-5.5845],[105.716,-5.589],[105.7225,-5.59],[105.7265,-5.59],[105.73,-5.586],[105.7295,-5.5885],[105.7305,-5.59],[105.732,-5.5905],[105.7335,-5.5905],[105.734,-5.59],[105.733,-5.5885],[105.7405,-5.5775]]]},"properties":{"code":"18.07.03.2016","name":"Mekar Jaya","latitude":-5.570881937398133,"longitude":105.70926961946154}},{"type":"Feature","geometry":{"type":"Polygon","coordinates":[[[105.7245,-5.536],[105.722,-5.5325],[105.721,-5.501],[105.715,-5.4955],[105.7155,-5.497],[105.7155,-5.4985],[105.7115,-5.499],[105.7045,-5.508],[105.716,-5.5315],[105.724,-5.538],[105.7245,-5.536]]]},"properties":{"code":"18.07.03.2018","name":"Mumbang Jaya","latitude":-5.51469749288812,"longitude":105.71618041341206}},{"type":"Feature","geometry":{"type":"Polygon","coordinates":[[[105.6695,-5.5045],[105.6695,-5.503],[105.665,-5.4945],[105.6635,-5.4935],[105.661,-5.4925],[105.6625,-5.494],[105.662,-5.4955],[105.6595,-5.4955],[105.6545,-5.5],[105.6575,-5.53],[105.6735,-5.514],[105.6695,-5.5045]]]},"properties":{"code":"18.07.03.2019","name":"Tanjung Sari","latitude":-5.509845666104835,"longitude":105.66212677298314}},{"type":"Feature","geometry":{"type":"Polygon","coordinates":[[[105.7635,-5.506],[105.754,-5.501],[105.7345,-5.5055],[105.7325,-5.5055],[105.731,-5.505],[105.7285,-5.5055],[105.725,-5.535],[105.7245,-5.5375],[105.726,-5.5455],[105.727,-5.5465],[105.749,-5.5225],[105.7625,-5.506],[105.7635,-5.506]]]},"properties":{"code":"18.07.03.2020","name":"Adi Luhur","latitude":-5.519631571946027,"longitude":105.7398146768133}},{"type":"Feature","geometry":{"type":"Polygon","coordinates":[[[105.7285,-5.472],[105.704,-5.474],[105.71,-5.481],[105.7145,-5.4895],[105.7205,-5.49],[105.7275,-5.488],[105.7285,-5.4875],[105.729,-5.4785],[105.73,-5.4785],[105.7285,-5.472]]]},"properties":{"code":"18.07.03.2021","name":"Sambirejo","latitude":-5.480054238371503,"longitude":105.71863048332264}},{"type":"Feature","geometry":{"type":"Polygon","coordinates":[[[105.3575,-5.0715],[105.357,-5.0715],[105.3565,-5.072],[105.351,-5.0765],[105.351,-5.0775],[105.3505,-5.078],[105.355,-5.089],[105.3625,-5.087],[105.3635,-5.0865],[105.3655,-5.0855],[105.367,-5.085],[105.366,-5.0835],[105.3655,-5.0805],[105.37,-5.0795],[105.3695,-5.0775],[105.369,-5.076],[105.366,-5.0745],[105.3615,-5.077],[105.3575,-5.0715]]]},"properties":{"code":"18.07.04.2001","name":"Pekalongan","latitude":-5.080267296592468,"longitude":105.35961092200326}},{"type":"Feature","geometry":{"type":"Polygon","coordinates":[[[105.355,-5.089],[105.3505,-5.078],[105.3505,-5.079],[105.3495,-5.081],[105.349,-5.083],[105.3485,-5.0835],[105.348,-5.083],[105.3475,-5.084],[105.347,-5.084],[105.335,-5.0905],[105.335,-5.091],[105.336,-5.095],[105.337,-5.0985],[105.349,-5.1085],[105.35,-5.1085],[105.3515,-5.0995],[105.353,-5.0995],[105.352,-5.0955],[105.355,-5.089]]]},"properties":{"code":"18.07.04.2002","name":"Adirejo","latitude":-5.092194035699264,"longitude":105.34637552410301}},{"type":"Feature","geometry":{"type":"Polygon","coordinates":[[[105.4035,-5.085],[105.397,-5.0865],[105.3925,-5.087],[105.3785,-5.09],[105.3775,-5.091],[105.3735,-5.094],[105.3725,-5.095],[105.372,-5.096],[105.3695,-5.0965],[105.3675,-5.0955],[105.365,-5.094],[105.364,-5.0915],[105.362,-5.0875],[105.3625,-5.087],[105.355,-5.089],[105.352,-5.0955],[105.353,-5.0995],[105.3545,-5.099],[105.366,-5.104],[105.368,-5.104],[105.381,-5.103],[105.3825,-5.1035],[105.3855,-5.1055],[105.387,-5.1045],[105.3875,-5.106],[105.3925,-5.1065],[105.393,-5.1055],[105.3935,-5.105],[105.3955,-5.1055],[105.396,-5.1025],[105.396,-5.1005],[105.403,-5.092],[105.404,-5.0905],[105.4045,-5.0865],[105.4055,-5.0855],[105.404,-5.0855],[105.4035,-5.085]]]},"properties":{"code":"18.07.04.2003","name":"Sidodadi","latitude":-5.095246021736694,"longitude":105.38147066060385}},{"type":"Feature","geometry":{"type":"Polygon","coordinates":[[[105.4115,-5.0655],[105.4105,-5.0655],[105.409,-5.066],[105.408,-5.065],[105.406,-5.066],[105.4035,-5.067],[105.401,-5.068],[105.4005,-5.068],[105.4,-5.0685],[105.399,-5.0695],[105.3985,-5.0695],[105.394,-5.0705],[105.3935,-5.071],[105.391,-5.072],[105.3905,-5.072],[105.39,-5.073],[105.369,-5.084],[105.3665,-5.0855],[105.3655,-5.0855],[105.3635,-5.0865],[105.362,-5.0875],[105.364,-5.0915],[105.365,-5.094],[105.3675,-5.0955],[105.3695,-5.0965],[105.372,-5.096],[105.3725,-5.095],[105.3735,-5.094],[105.3775,-5.091],[105.3785,-5.09],[105.3925,-5.087],[105.397,-5.0865],[105.4035,-5.085],[105.4045,-5.084],[105.4065,-5.0835],[105.4075,-5.082],[105.404,-5.0755],[105.4055,-5.0745],[105.4115,-5.067],[105.4115,-5.0655]]]},"properties":{"code":"18.07.04.2004","name":"Gondangrejo","latitude":-5.081506043913676,"longitude":105.38778054863704}},{"type":"Feature","geometry":{"type":"Polygon","coordinates":[[[105.4085,-5.065],[105.4105,-5.061],[105.4105,-5.0585],[105.406,-5.0575],[105.403,-5.0575],[105.394,-5.0625],[105.38,-5.068],[105.3775,-5.07],[105.3765,-5.072],[105.3705,-5.079],[105.3655,-5.0805],[105.366,-5.0835],[105.367,-5.085],[105.369,-5.084],[105.39,-5.073],[105.3905,-5.072],[105.391,-5.072],[105.3935,-5.071],[105.394,-5.0705],[105.3985,-5.0695],[105.399,-5.0695],[105.4,-5.0685],[105.4005,-5.068],[105.401,-5.068],[105.4035,-5.067],[105.406,-5.066],[105.408,-5.065],[105.4085,-5.065]]]},"properties":{"code":"18.07.04.2005","name":"Siraman","latitude":-5.069341041946651,"longitude":105.3893542062838}},{"type":"Feature","geometry":{"type":"Polygon","coordinates":[[[105.3825,-5.0505],[105.3815,-5.051],[105.3715,-5.06],[105.3725,-5.062],[105.371,-5.062],[105.3685,-5.062],[105.3675,-5.0605],[105.368,-5.06],[105.368,-5.0595],[105.3675,-5.0595],[105.3665,-5.061],[105.3665,-5.062],[105.3645,-5.062],[105.3645,-5.063],[105.361,-5.0655],[105.36,-5.0665],[105.3585,-5.0665],[105.3575,-5.067],[105.358,-5.0705],[105.358,-5.0715],[105.3575,-5.0715],[105.3615,-5.077],[105.366,-5.0745],[105.369,-5.076],[105.3695,-5.0775],[105.37,-5.0795],[105.3705,-5.079],[105.3765,-5.072],[105.3775,-5.07],[105.38,-5.068],[105.394,-5.0625],[105.401,-5.0585],[105.39,-5.0615],[105.3825,-5.0505]]]},"properties":{"code":"18.07.04.2006","name":"Tulusrejo","latitude":-5.06506016175123,"longitude":105.37509847245381}},{"type":"Feature","geometry":{"type":"Polygon","coordinates":[[[105.413,-5.041],[105.4115,-5.0385],[105.41,-5.036],[105.404,-5.0335],[105.4025,-5.0325],[105.402,-5.031],[105.4025,-5.03],[105.4015,-5.03],[105.3995,-5.035],[105.4,-5.0355],[105.3995,-5.0365],[105.399,-5.037],[105.389,-5.038],[105.3895,-5.037],[105.389,-5.037],[105.3875,-5.036],[105.3855,-5.0395],[105.3855,-5.042],[105.385,-5.043],[105.3835,-5.0425],[105.384,-5.0435],[105.3835,-5.0435],[105.3835,-5.048],[105.3825,-5.0475],[105.383,-5.0485],[105.3815,-5.049],[105.3825,-5.05],[105.3825,-5.0505],[105.39,-5.0615],[105.401,-5.0585],[105.403,-5.0575],[105.406,-5.0575],[105.4065,-5.0575],[105.412,-5.047],[105.412,-5.0455],[105.413,-5.0415],[105.413,-5.041]]]},"properties":{"code":"18.07.04.2007","name":"Jojog","latitude":-5.046395077557463,"longitude":105.39809138197164}},{"type":"Feature","geometry":{"type":"Polygon","coordinates":[[[105.3825,-5.049],[105.3805,-5.046],[105.369,-5.054],[105.3655,-5.049],[105.364,-5.0485],[105.3485,-5.049],[105.348,-5.0485],[105.343,-5.051],[105.343,-5.0515],[105.3435,-5.0625],[105.3465,-5.064],[105.347,-5.0635],[105.348,-5.064],[105.349,-5.0635],[105.356,-5.0665],[105.3585,-5.0665],[105.36,-5.0665],[105.361,-5.0655],[105.3645,-5.063],[105.3645,-5.062],[105.3665,-5.062],[105.3675,-5.06],[105.368,-5.0595],[105.368,-5.06],[105.3675,-5.0605],[105.3685,-5.062],[105.371,-5.062],[105.3725,-5.062],[105.3715,-5.06],[105.3815,-5.051],[105.3825,-5.05],[105.3815,-5.049],[105.3825,-5.049]]]},"properties":{"code":"18.07.04.2008","name":"Ganti Warno","latitude":-5.056930160787004,"longitude":105.35855128207936}},{"type":"Feature","geometry":{"type":"Polygon","coordinates":[[[105.343,-5.0515],[105.332,-5.053],[105.328,-5.057],[105.325,-5.059],[105.321,-5.068],[105.3205,-5.071],[105.315,-5.0725],[105.3155,-5.0735],[105.314,-5.074],[105.313,-5.0755],[105.3165,-5.0755],[105.3175,-5.0765],[105.318,-5.0765],[105.319,-5.0755],[105.329,-5.0705],[105.342,-5.071],[105.3425,-5.0705],[105.3435,-5.07],[105.344,-5.0695],[105.343,-5.069],[105.3455,-5.0655],[105.3435,-5.0625],[105.343,-5.0515]]]},"properties":{"code":"18.07.04.2009","name":"Kalibening","latitude":-5.0643522365418345,"longitude":105.33168456594453}},{"type":"Feature","geometry":{"type":"Polygon","coordinates":[[[105.363,-5.031],[105.363,-5.03],[105.3615,-5.0295],[105.3485,-5.0375],[105.348,-5.0375],[105.3475,-5.0375],[105.3465,-5.038],[105.3445,-5.04],[105.343,-5.042],[105.342,-5.042],[105.3425,-5.044],[105.3415,-5.0435],[105.319,-5.053],[105.3175,-5.055],[105.3165,-5.0545],[105.3155,-5.066],[105.309,-5.0695],[105.313,-5.073],[105.3205,-5.071],[105.321,-5.068],[105.325,-5.059],[105.328,-5.057],[105.332,-5.053],[105.343,-5.0515],[105.343,-5.051],[105.348,-5.0485],[105.3485,-5.049],[105.359,-5.043],[105.3615,-5.04],[105.363,-5.031]]]},"properties":{"code":"18.07.04.2010","name":"Wonosari","latitude":-5.049531770756993,"longitude":105.33800640619621}},{"type":"Feature","geometry":{"type":"Polygon","coordinates":[[[105.3675,-5.027],[105.367,-5.027],[105.365,-5.0275],[105.364,-5.0285],[105.363,-5.0295],[105.363,-5.031],[105.3615,-5.04],[105.359,-5.043],[105.3485,-5.049],[105.364,-5.0485],[105.3655,-5.049],[105.369,-5.054],[105.3805,-5.046],[105.3825,-5.049],[105.383,-5.0485],[105.3825,-5.0475],[105.3835,-5.048],[105.3835,-5.0435],[105.384,-5.0435],[105.3835,-5.0425],[105.385,-5.043],[105.3855,-5.042],[105.383,-5.0415],[105.3825,-5.0415],[105.3815,-5.041],[105.3685,-5.0325],[105.369,-5.0305],[105.3685,-5.03],[105.368,-5.0275],[105.3675,-5.027]]]},"properties":{"code":"18.07.04.2011","name":"Gantimulyo","latitude":-5.043405443231321,"longitude":105.36774949246063}},{"type":"Feature","geometry":{"type":"Polygon","coordinates":[[[105.3855,-5.1055],[105.3825,-5.1035],[105.381,-5.103],[105.368,-5.104],[105.366,-5.104],[105.3545,-5.099],[105.3515,-5.0995],[105.35,-5.1085],[105.352,-5.1095],[105.3525,-5.1105],[105.354,-5.111],[105.356,-5.112],[105.3575,-5.111],[105.3585,-5.113],[105.3625,-5.1075],[105.3675,-5.1085],[105.368,-5.11],[105.368,-5.1115],[105.371,-5.111],[105.3725,-5.1115],[105.372,-5.111],[105.3815,-5.1095],[105.3845,-5.109],[105.3845,-5.106],[105.3855,-5.1055]]]},"properties":{"code":"18.07.04.2012","name":"Adijaya","latitude":-5.104827953280011,"longitude":105.3657656255498}},{"type":"Feature","geometry":{"type":"Polygon","coordinates":[[[105.4275,-5.1195],[105.407,-5.133],[105.41,-5.1335],[105.4245,-5.1295],[105.4275,-5.135],[105.4365,-5.135],[105.446,-5.1305],[105.4475,-5.129],[105.443,-5.121],[105.4265,-5.1215],[105.4275,-5.1195]]]},"properties":{"code":"18.07.05.2001","name":"Sumber Gede","latitude":-5.126776795322021,"longitude":105.4323681807197}},{"type":"Feature","geometry":{"type":"Polygon","coordinates":[[[105.424,-5.1825],[105.4235,-5.1695],[105.405,-5.161],[105.4045,-5.1655],[105.4015,-5.176],[105.402,-5.1775],[105.402,-5.178],[105.403,-5.1785],[105.404,-5.18],[105.404,-5.181],[105.404,-5.182],[105.4045,-5.1825],[105.405,-5.183],[105.4125,-5.1865],[105.424,-5.1825]]]},"properties":{"code":"18.07.05.2002","name":"Sidomukti","latitude":-5.173172192628762,"longitude":105.41228952395245}},{"type":"Feature","geometry":{"type":"Polygon","coordinates":[[[105.434,-5.165],[105.431,-5.1655],[105.4235,-5.1585],[105.418,-5.157],[105.4115,-5.1515],[105.411,-5.149],[105.4045,-5.149],[105.4045,-5.1565],[105.405,-5.161],[105.4235,-5.1695],[105.424,-5.1825],[105.433,-5.1845],[105.4505,-5.1785],[105.4395,-5.1705],[105.44,-5.17],[105.4385,-5.1695],[105.434,-5.165]]]},"properties":{"code":"18.07.05.2003","name":"Sidomulyo","latitude":-5.168552447754125,"longitude":105.42585453485835}},{"type":"Feature","geometry":{"type":"Polygon","coordinates":[[[105.4595,-5.1595],[105.459,-5.159],[105.456,-5.1565],[105.455,-5.155],[105.4495,-5.1545],[105.4485,-5.1555],[105.447,-5.154],[105.446,-5.154],[105.446,-5.1545],[105.449,-5.1565],[105.45,-5.158],[105.4495,-5.16],[105.446,-5.1595],[105.443,-5.159],[105.443,-5.16],[105.44,-5.1695],[105.44,-5.17],[105.4395,-5.1705],[105.4505,-5.1785],[105.4525,-5.1905],[105.455,-5.1915],[105.4655,-5.196],[105.4675,-5.196],[105.4705,-5.1955],[105.472,-5.1945],[105.4795,-5.189],[105.4795,-5.1865],[105.478,-5.1855],[105.4775,-5.1775],[105.4545,-5.169],[105.455,-5.16],[105.4595,-5.1595]]]},"properties":{"code":"18.07.05.2004","name":"Trimulyo","latitude":-5.177441964280834,"longitude":105.45928876195347}},{"type":"Feature","geometry":{"type":"Polygon","coordinates":[[[105.4925,-5.158],[105.492,-5.1575],[105.4915,-5.148],[105.491,-5.1475],[105.4725,-5.1445],[105.4705,-5.1465],[105.469,-5.148],[105.468,-5.1485],[105.467,-5.149],[105.4665,-5.1505],[105.4665,-5.152],[105.4705,-5.1645],[105.4725,-5.1655],[105.4755,-5.1655],[105.476,-5.1665],[105.4785,-5.1665],[105.48,-5.166],[105.4825,-5.1595],[105.484,-5.159],[105.4925,-5.158]]]},"properties":{"code":"18.07.05.2005","name":"Girikarto","latitude":-5.15382759629504,"longitude":105.47878543339532}},{"type":"Feature","geometry":{"type":"Polygon","coordinates":[[[105.469,-5.1345],[105.468,-5.135],[105.4665,-5.135],[105.455,-5.1315],[105.4545,-5.134],[105.457,-5.1365],[105.463,-5.1395],[105.467,-5.147],[105.469,-5.148],[105.4705,-5.1465],[105.4725,-5.1445],[105.491,-5.1475],[105.4915,-5.148],[105.492,-5.1575],[105.4925,-5.158],[105.4995,-5.1565],[105.504,-5.153],[105.5055,-5.152],[105.5095,-5.146],[105.5105,-5.143],[105.512,-5.142],[105.5095,-5.1405],[105.508,-5.1405],[105.507,-5.1395],[105.507,-5.1365],[105.5065,-5.136],[105.502,-5.1345],[105.498,-5.135],[105.469,-5.1345]]]},"properties":{"code":"18.07.05.2006","name":"Hargomulyo","latitude":-5.1424480092424165,"longitude":105.48744608808005}},{"type":"Feature","geometry":{"type":"Polygon","coordinates":[[[105.455,-5.1315],[105.453,-5.1305],[105.4485,-5.131],[105.4565,-5.1455],[105.456,-5.1465],[105.455,-5.146],[105.4525,-5.1475],[105.4455,-5.1535],[105.446,-5.154],[105.447,-5.154],[105.4485,-5.1555],[105.4495,-5.1545],[105.455,-5.155],[105.456,-5.1565],[105.459,-5.159],[105.4595,-5.1595],[105.4705,-5.1645],[105.4665,-5.152],[105.4665,-5.1505],[105.467,-5.149],[105.468,-5.1485],[105.469,-5.148],[105.467,-5.147],[105.463,-5.1395],[105.457,-5.1365],[105.4545,-5.134],[105.455,-5.1315]]]},"properties":{"code":"18.07.05.2007","name":"Wonokarto","latitude":-5.1488433092376775,"longitude":105.45902184809151}},{"type":"Feature","geometry":{"type":"Polygon","coordinates":[[[105.446,-5.1305],[105.4365,-5.135],[105.435,-5.147],[105.442,-5.158],[105.443,-5.159],[105.446,-5.1595],[105.4495,-5.16],[105.45,-5.158],[105.449,-5.1565],[105.446,-5.1545],[105.4455,-5.1535],[105.4525,-5.1475],[105.455,-5.146],[105.456,-5.1465],[105.4565,-5.1455],[105.4485,-5.131],[105.448,-5.131],[105.4435,-5.134],[105.446,-5.1305]]]},"properties":{"code":"18.07.05.2008","name":"Sukoharjo","latitude":-5.1438956864769745,"longitude":105.44429662471917}},{"type":"Feature","geometry":{"type":"Polygon","coordinates":[[[105.4365,-5.135],[105.4275,-5.135],[105.427,-5.134],[105.418,-5.147],[105.434,-5.165],[105.4385,-5.1695],[105.44,-5.1695],[105.443,-5.16],[105.442,-5.158],[105.435,-5.147],[105.4365,-5.135]]]},"properties":{"code":"18.07.05.2009","name":"Giriklopomulyo","latitude":-5.149842376716033,"longitude":105.43082976134784}},{"type":"Feature","geometry":{"type":"Polygon","coordinates":[[[105.427,-5.134],[105.4245,-5.1295],[105.41,-5.1335],[105.4105,-5.1355],[105.4105,-5.137],[105.4085,-5.143],[105.406,-5.145],[105.405,-5.146],[105.4045,-5.147],[105.4045,-5.149],[105.411,-5.149],[105.4115,-5.1515],[105.418,-5.157],[105.4235,-5.1585],[105.431,-5.1655],[105.434,-5.165],[105.418,-5.147],[105.427,-5.134]]]},"properties":{"code":"18.07.05.2010","name":"Sidodadi","latitude":-5.145017166729047,"longitude":105.41793879399171}},{"type":"Feature","geometry":{"type":"Polygon","coordinates":[[[105.465,-5.095],[105.4645,-5.0945],[105.46,-5.0945],[105.458,-5.0945],[105.458,-5.095],[105.443,-5.1015],[105.4405,-5.1005],[105.4405,-5.1045],[105.4415,-5.1085],[105.4435,-5.114],[105.441,-5.115],[105.4265,-5.1215],[105.443,-5.121],[105.4475,-5.129],[105.4435,-5.134],[105.448,-5.131],[105.453,-5.1305],[105.4665,-5.135],[105.468,-5.135],[105.472,-5.1315],[105.472,-5.1205],[105.4965,-5.121],[105.4975,-5.118],[105.4935,-5.1175],[105.4765,-5.114],[105.4655,-5.107],[105.465,-5.095]]]},"properties":{"code":"18.07.05.2011","name":"Sambikarto","latitude":-5.115830267840831,"longitude":105.45892842204026}},{"type":"Feature","geometry":{"type":"Polygon","coordinates":[[[105.4965,-5.121],[105.472,-5.1205],[105.472,-5.1315],[105.469,-5.1345],[105.498,-5.135],[105.5005,-5.1345],[105.497,-5.132],[105.4955,-5.1305],[105.495,-5.13],[105.4945,-5.1285],[105.4965,-5.121]]]},"properties":{"code":"18.07.05.2012","name":"Sumber Sari","latitude":-5.128278450563319,"longitude":105.4845018044387}},{"type":"Feature","geometry":{"type":"Polygon","coordinates":[[[105.424,-5.1825],[105.4125,-5.1865],[105.405,-5.183],[105.4005,-5.2],[105.397,-5.2125],[105.4005,-5.215],[105.399,-5.2125],[105.4,-5.2105],[105.401,-5.21],[105.4025,-5.2115],[105.4035,-5.2115],[105.404,-5.2115],[105.405,-5.212],[105.4055,-5.213],[105.406,-5.2145],[105.417,-5.217],[105.418,-5.217],[105.4185,-5.218],[105.423,-5.21],[105.424,-5.205],[105.4245,-5.204],[105.424,-5.1825]]]},"properties":{"code":"18.07.05.2013","name":"Karya Mukti","latitude":-5.199967249883374,"longitude":105.41250911505794}},{"type":"Feature","geometry":{"type":"Polygon","coordinates":[[[105.4675,-5.196],[105.4655,-5.196],[105.455,-5.1915],[105.4535,-5.191],[105.45,-5.2035],[105.438,-5.209],[105.4365,-5.216],[105.4365,-5.2165],[105.46,-5.2235],[105.466,-5.2165],[105.4675,-5.196]]]},"properties":{"code":"18.07.05.2014","name":"Mekar Mulya","latitude":-5.208093191933272,"longitude":105.45492723938021}},{"type":"Feature","geometry":{"type":"Polygon","coordinates":[[[105.4705,-5.1645],[105.4595,-5.1595],[105.455,-5.16],[105.4545,-5.169],[105.4775,-5.1775],[105.4785,-5.1755],[105.4785,-5.174],[105.476,-5.1665],[105.4755,-5.1655],[105.4725,-5.1655],[105.4705,-5.1645]]]},"properties":{"code":"18.07.05.2015","name":"Jadi Mulyo","latitude":-5.168329091066187,"longitude":105.46491371384863}},{"type":"Feature","geometry":{"type":"Polygon","coordinates":[[[105.4505,-5.1785],[105.433,-5.1845],[105.424,-5.1825],[105.4245,-5.204],[105.424,-5.205],[105.423,-5.21],[105.419,-5.218],[105.4185,-5.2195],[105.4185,-5.22],[105.4175,-5.2205],[105.418,-5.2215],[105.4185,-5.2225],[105.417,-5.223],[105.4175,-5.224],[105.4185,-5.2255],[105.4185,-5.2265],[105.419,-5.227],[105.422,-5.228],[105.4325,-5.233],[105.4355,-5.225],[105.437,-5.223],[105.4365,-5.2215],[105.437,-5.2195],[105.4365,-5.2185],[105.4365,-5.2165],[105.4365,-5.216],[105.438,-5.209],[105.45,-5.2035],[105.4535,-5.191],[105.4525,-5.1905],[105.4505,-5.1785]]]},"properties":{"code":"18.07.05.2016","name":"Mekar Mukti","latitude":-5.202824752152404,"longitude":105.43494073104036}},{"type":"Feature","geometry":{"type":"Polygon","coordinates":[[[105.5165,-5.118],[105.5155,-5.1175],[105.5135,-5.108],[105.513,-5.1075],[105.5125,-5.1065],[105.5125,-5.1055],[105.512,-5.105],[105.512,-5.1055],[105.5115,-5.106],[105.509,-5.106],[105.5055,-5.1095],[105.505,-5.1095],[105.5,-5.118],[105.4975,-5.118],[105.4965,-5.121],[105.4945,-5.1285],[105.495,-5.13],[105.4955,-5.1305],[105.497,-5.132],[105.5005,-5.1345],[105.502,-5.1345],[105.5065,-5.136],[105.5075,-5.1355],[105.5115,-5.121],[105.5125,-5.1205],[105.513,-5.1215],[105.5145,-5.122],[105.5155,-5.1215],[105.516,-5.1215],[105.5165,-5.118]]]},"properties":{"code":"18.07.05.2017","name":"Mekar Sari","latitude":-5.1217618049848745,"longitude":105.50549572149285}},{"type":"Feature","geometry":{"type":"Polygon","coordinates":[[[105.3925,-5.15],[105.3925,-5.1495],[105.395,-5.145],[105.3955,-5.1445],[105.4,-5.144],[105.401,-5.143],[105.4,-5.1335],[105.3955,-5.136],[105.3765,-5.1405],[105.373,-5.137],[105.372,-5.136],[105.368,-5.138],[105.367,-5.142],[105.371,-5.144],[105.373,-5.1465],[105.3755,-5.149],[105.3765,-5.1495],[105.378,-5.151],[105.379,-5.1515],[105.3925,-5.15]]]},"properties":{"code":"18.07.06.2001","name":"Banarjoyo","latitude":-5.142893088629639,"longitude":105.38490470796418}},{"type":"Feature","geometry":{"type":"Polygon","coordinates":[[[105.397,-5.1735],[105.3915,-5.1775],[105.3865,-5.173],[105.3805,-5.1715],[105.3805,-5.169],[105.3795,-5.169],[105.3775,-5.1715],[105.371,-5.176],[105.3675,-5.1755],[105.3655,-5.1705],[105.3505,-5.1715],[105.349,-5.1715],[105.347,-5.181],[105.3485,-5.183],[105.351,-5.183],[105.352,-5.1835],[105.362,-5.1885],[105.3735,-5.2105],[105.3745,-5.21],[105.3755,-5.192],[105.3905,-5.191],[105.3915,-5.186],[105.3945,-5.1835],[105.3975,-5.185],[105.3975,-5.183],[105.3985,-5.182],[105.398,-5.181],[105.3985,-5.1805],[105.398,-5.18],[105.398,-5.1795],[105.399,-5.175],[105.398,-5.1705],[105.397,-5.1735]]]},"properties":{"code":"18.07.06.2002","name":"Buana Sakti","latitude":-5.1838051097018685,"longitude":105.37242301445751}},{"type":"Feature","geometry":{"type":"Polygon","coordinates":[[[105.4045,-5.134],[105.401,-5.133],[105.4,-5.1335],[105.401,-5.143],[105.4,-5.144],[105.3955,-5.1445],[105.395,-5.145],[105.3925,-5.1495],[105.3935,-5.1515],[105.3935,-5.152],[105.3945,-5.1535],[105.39,-5.162],[105.3895,-5.162],[105.389,-5.1625],[105.389,-5.1635],[105.392,-5.1705],[105.392,-5.1715],[105.395,-5.1735],[105.396,-5.174],[105.397,-5.1735],[105.398,-5.1705],[105.399,-5.175],[105.398,-5.1795],[105.3985,-5.1805],[105.401,-5.183],[105.4015,-5.1835],[105.405,-5.183],[105.4045,-5.1825],[105.404,-5.182],[105.404,-5.181],[105.404,-5.18],[105.403,-5.1785],[105.402,-5.178],[105.402,-5.1775],[105.4015,-5.176],[105.4045,-5.1655],[105.405,-5.161],[105.4045,-5.1505],[105.405,-5.147],[105.4055,-5.1455],[105.4085,-5.143],[105.4105,-5.137],[105.4105,-5.1355],[105.4045,-5.134]]]},"properties":{"code":"18.07.06.2003","name":"Balekencono","latitude":-5.155932567202281,"longitude":105.39991757027231}},{"type":"Feature","geometry":{"type":"Polygon","coordinates":[[[105.3895,-5.162],[105.3735,-5.163],[105.3675,-5.1625],[105.366,-5.161],[105.356,-5.158],[105.3545,-5.158],[105.3535,-5.158],[105.3535,-5.1605],[105.366,-5.1685],[105.377,-5.172],[105.3795,-5.169],[105.3805,-5.169],[105.3805,-5.1715],[105.3865,-5.173],[105.3915,-5.1775],[105.397,-5.1735],[105.396,-5.174],[105.395,-5.1735],[105.392,-5.1715],[105.392,-5.1705],[105.389,-5.1635],[105.389,-5.1625],[105.3895,-5.162]]]},"properties":{"code":"18.07.06.2004","name":"Rejo Agung","latitude":-5.166459312264875,"longitude":105.37753730439421}},{"type":"Feature","geometry":{"type":"Polygon","coordinates":[[[105.3535,-5.159],[105.3505,-5.158],[105.341,-5.155],[105.3415,-5.1515],[105.334,-5.153],[105.333,-5.153],[105.3305,-5.1525],[105.33,-5.1535],[105.3295,-5.155],[105.3275,-5.1575],[105.328,-5.158],[105.3275,-5.1595],[105.329,-5.161],[105.327,-5.166],[105.328,-5.167],[105.33,-5.1675],[105.332,-5.1665],[105.3385,-5.166],[105.34,-5.163],[105.3485,-5.1705],[105.3505,-5.1715],[105.3655,-5.1705],[105.3675,-5.1755],[105.371,-5.176],[105.377,-5.172],[105.366,-5.1685],[105.3535,-5.1605],[105.3535,-5.159]]]},"properties":{"code":"18.07.06.2005","name":"Adiwarno","latitude":-5.163256756476983,"longitude":105.34709119413041}},{"type":"Feature","geometry":{"type":"Polygon","coordinates":[[[105.3725,-5.149],[105.371,-5.1495],[105.3685,-5.148],[105.368,-5.1475],[105.3675,-5.147],[105.36,-5.142],[105.357,-5.1395],[105.342,-5.149],[105.342,-5.152],[105.365,-5.157],[105.371,-5.155],[105.3725,-5.15],[105.3725,-5.149]]]},"properties":{"code":"18.07.06.2006","name":"Telogorejo","latitude":-5.148818832419327,"longitude":105.35695706460993}},{"type":"Feature","geometry":{"type":"Polygon","coordinates":[[[105.3925,-5.15],[105.379,-5.1515],[105.378,-5.151],[105.3765,-5.1495],[105.3755,-5.1495],[105.3745,-5.1495],[105.3725,-5.149],[105.3725,-5.15],[105.371,-5.155],[105.365,-5.157],[105.342,-5.152],[105.342,-5.151],[105.3415,-5.151],[105.341,-5.155],[105.3505,-5.158],[105.3535,-5.159],[105.3535,-5.158],[105.3545,-5.158],[105.356,-5.158],[105.366,-5.161],[105.3675,-5.1625],[105.3735,-5.163],[105.3895,-5.162],[105.39,-5.162],[105.3945,-5.1535],[105.3935,-5.152],[105.3935,-5.1515],[105.3925,-5.15]]]},"properties":{"code":"18.07.06.2007","name":"Nampirejo","latitude":-5.156109446443897,"longitude":105.37428442166569}},{"type":"Feature","geometry":{"type":"Polygon","coordinates":[[[105.372,-5.136],[105.3695,-5.1345],[105.3575,-5.136],[105.3425,-5.1375],[105.3305,-5.1345],[105.33,-5.136],[105.3305,-5.136],[105.331,-5.1395],[105.3335,-5.1465],[105.3335,-5.1475],[105.3335,-5.152],[105.3335,-5.1525],[105.334,-5.153],[105.3415,-5.1515],[105.3415,-5.151],[105.342,-5.151],[105.342,-5.149],[105.357,-5.1395],[105.36,-5.142],[105.3675,-5.147],[105.368,-5.1475],[105.3685,-5.148],[105.371,-5.1495],[105.3725,-5.149],[105.3745,-5.1495],[105.3755,-5.1495],[105.3755,-5.149],[105.373,-5.1465],[105.371,-5.144],[105.367,-5.142],[105.368,-5.138],[105.372,-5.136]]]},"properties":{"code":"18.07.06.2008","name":"Sumberejo","latitude":-5.141678063451601,"longitude":105.34962562648778}},{"type":"Feature","geometry":{"type":"Polygon","coordinates":[[[105.35,-5.1085],[105.3475,-5.1085],[105.3315,-5.1185],[105.3315,-5.12],[105.325,-5.126],[105.325,-5.1265],[105.3245,-5.1285],[105.3225,-5.1315],[105.324,-5.134],[105.324,-5.1345],[105.328,-5.1355],[105.3295,-5.135],[105.3305,-5.1345],[105.336,-5.1355],[105.344,-5.1175],[105.345,-5.1165],[105.3475,-5.1145],[105.3495,-5.1135],[105.3495,-5.1125],[105.3525,-5.111],[105.3525,-5.1105],[105.352,-5.1095],[105.35,-5.1085]]]},"properties":{"code":"18.07.06.2009","name":"Banjarejo","latitude":-5.123098723392723,"longitude":105.33568228375503}},{"type":"Feature","geometry":{"type":"Polygon","coordinates":[[[105.3925,-5.1065],[105.3875,-5.106],[105.387,-5.1045],[105.3845,-5.106],[105.3845,-5.109],[105.3815,-5.1095],[105.372,-5.111],[105.3725,-5.1115],[105.3715,-5.1115],[105.371,-5.1115],[105.3705,-5.1125],[105.371,-5.113],[105.371,-5.1135],[105.3605,-5.1325],[105.361,-5.1345],[105.361,-5.134],[105.366,-5.128],[105.379,-5.126],[105.3895,-5.1165],[105.39,-5.1165],[105.39,-5.1155],[105.391,-5.112],[105.3915,-5.111],[105.3905,-5.109],[105.392,-5.108],[105.3925,-5.1065]]]},"properties":{"code":"18.07.06.2010","name":"Balerejo","latitude":-5.117366274344615,"longitude":105.37692509523045}},{"type":"Feature","geometry":{"type":"Polygon","coordinates":[[[105.3895,-5.1165],[105.379,-5.126],[105.366,-5.128],[105.361,-5.134],[105.3615,-5.134],[105.361,-5.1345],[105.3695,-5.1345],[105.3705,-5.135],[105.373,-5.137],[105.3765,-5.1405],[105.3955,-5.136],[105.398,-5.131],[105.3985,-5.124],[105.3965,-5.123],[105.3905,-5.122],[105.3905,-5.1205],[105.3905,-5.118],[105.3895,-5.1165]]]},"properties":{"code":"18.07.06.2011","name":"Batangharjo","latitude":-5.129514832620538,"longitude":105.38334362725374}},{"type":"Feature","geometry":{"type":"Polygon","coordinates":[[[105.3715,-5.1115],[105.368,-5.1115],[105.368,-5.11],[105.3675,-5.1085],[105.3625,-5.1075],[105.3585,-5.113],[105.3575,-5.111],[105.356,-5.112],[105.354,-5.111],[105.3525,-5.111],[105.3495,-5.1125],[105.3495,-5.1135],[105.3475,-5.1145],[105.345,-5.1165],[105.344,-5.1175],[105.336,-5.1355],[105.3425,-5.1375],[105.3575,-5.136],[105.361,-5.1345],[105.361,-5.134],[105.361,-5.1345],[105.3605,-5.1325],[105.371,-5.1135],[105.371,-5.113],[105.3705,-5.1125],[105.371,-5.1115],[105.3715,-5.1115]]]},"properties":{"code":"18.07.06.2012","name":"Bumi Harjo","latitude":-5.123367354611791,"longitude":105.35346840386005}},{"type":"Feature","geometry":{"type":"Polygon","coordinates":[[[105.402,-5.1145],[105.4,-5.1125],[105.3965,-5.1035],[105.3955,-5.1055],[105.3935,-5.105],[105.393,-5.1055],[105.3925,-5.1065],[105.392,-5.108],[105.3905,-5.109],[105.3915,-5.111],[105.391,-5.112],[105.39,-5.1155],[105.39,-5.1165],[105.3905,-5.118],[105.3905,-5.1205],[105.3905,-5.122],[105.3965,-5.123],[105.3985,-5.124],[105.398,-5.131],[105.401,-5.133],[105.4045,-5.134],[105.4055,-5.1275],[105.407,-5.125],[105.4065,-5.121],[105.4055,-5.12],[105.403,-5.115],[105.402,-5.1145]]]},"properties":{"code":"18.07.06.2013","name":"Bumi Mas","latitude":-5.118962055635011,"longitude":105.39844007598468}},{"type":"Feature","geometry":{"type":"Polygon","coordinates":[[[105.4355,-5.117],[105.4265,-5.104],[105.426,-5.1035],[105.4195,-5.1065],[105.4195,-5.1075],[105.413,-5.118],[105.4115,-5.12],[105.4055,-5.12],[105.4065,-5.121],[105.407,-5.125],[105.4055,-5.1275],[105.4045,-5.134],[105.407,-5.133],[105.4275,-5.1195],[105.4355,-5.117]]]},"properties":{"code":"18.07.06.2014","name":"Selorejo","latitude":-5.118964768284406,"longitude":105.41825189829102}},{"type":"Feature","geometry":{"type":"Polygon","coordinates":[[[105.4195,-5.097],[105.417,-5.0945],[105.4075,-5.102],[105.4025,-5.1135],[105.403,-5.115],[105.4055,-5.12],[105.4115,-5.12],[105.413,-5.118],[105.4195,-5.1075],[105.4195,-5.1065],[105.426,-5.1035],[105.4255,-5.1025],[105.4225,-5.101],[105.4195,-5.097]]]},"properties":{"code":"18.07.06.2015","name":"Sri Basuki","latitude":-5.107987604045417,"longitude":105.41316905848558}},{"type":"Feature","geometry":{"type":"Polygon","coordinates":[[[105.417,-5.0945],[105.4165,-5.094],[105.411,-5.088],[105.4105,-5.087],[105.407,-5.083],[105.4065,-5.0835],[105.4045,-5.084],[105.404,-5.0855],[105.4055,-5.0855],[105.4045,-5.0865],[105.404,-5.0905],[105.403,-5.092],[105.396,-5.1005],[105.396,-5.1025],[105.3965,-5.1035],[105.4,-5.1125],[105.402,-5.1145],[105.4025,-5.1135],[105.4075,-5.102],[105.417,-5.0945]]]},"properties":{"code":"18.07.06.2016","name":"Sumber Agung","latitude":-5.09806093351011,"longitude":105.40612223238597}},{"type":"Feature","geometry":{"type":"Polygon","coordinates":[[[105.405,-5.183],[105.3985,-5.1805],[105.398,-5.181],[105.3985,-5.182],[105.3975,-5.183],[105.3975,-5.185],[105.3945,-5.1835],[105.3915,-5.186],[105.3905,-5.191],[105.3755,-5.192],[105.3745,-5.21],[105.375,-5.21],[105.376,-5.2095],[105.3875,-5.2065],[105.3885,-5.2065],[105.39,-5.21],[105.3935,-5.2095],[105.3925,-5.2125],[105.3925,-5.2135],[105.393,-5.2135],[105.397,-5.2125],[105.4005,-5.2],[105.405,-5.183]]]},"properties":{"code":"18.07.06.2017","name":"Purwodadi Mekar","latitude":-5.198200962970205,"longitude":105.38961291446421}},{"type":"Feature","geometry":{"type":"Polygon","coordinates":[[[105.744,-5.165],[105.7435,-5.1625],[105.744,-5.1615],[105.744,-5.1605],[105.744,-5.16],[105.7425,-5.1625],[105.715,-5.1665],[105.712,-5.166],[105.7055,-5.163],[105.706,-5.164],[105.706,-5.1645],[105.705,-5.166],[105.7045,-5.1685],[105.703,-5.1725],[105.703,-5.1745],[105.7025,-5.176],[105.7015,-5.1785],[105.7095,-5.181],[105.7155,-5.1825],[105.7215,-5.191],[105.735,-5.193],[105.727,-5.177],[105.7235,-5.1735],[105.7365,-5.1755],[105.744,-5.165]]]},"properties":{"code":"18.07.07.2001","name":"Braja Sakti","latitude":-5.175083673029581,"longitude":105.72240025501279}},{"type":"Feature","geometry":{"type":"Polygon","coordinates":[[[105.768,-5.2645],[105.7545,-5.255],[105.7525,-5.255],[105.7525,-5.257],[105.7485,-5.259],[105.7475,-5.2585],[105.7515,-5.273],[105.754,-5.2725],[105.7665,-5.2785],[105.782,-5.2785],[105.783,-5.2785],[105.785,-5.279],[105.7845,-5.2735],[105.78,-5.273],[105.779,-5.2645],[105.768,-5.2645]]]},"properties":{"code":"18.07.07.2002","name":"Braja Fajar","latitude":-5.269401465555153,"longitude":105.76587391582841}},{"type":"Feature","geometry":{"type":"Polygon","coordinates":[[[105.776,-5.243],[105.7725,-5.2425],[105.771,-5.244],[105.766,-5.2445],[105.7595,-5.243],[105.752,-5.255],[105.7525,-5.255],[105.7545,-5.255],[105.768,-5.2645],[105.772,-5.256],[105.7745,-5.2565],[105.7805,-5.2565],[105.787,-5.243],[105.781,-5.2475],[105.778,-5.2465],[105.776,-5.243]]]},"properties":{"code":"18.07.07.2003","name":"Braja Emas","latitude":-5.251343117673169,"longitude":105.76886324903195}},{"type":"Feature","geometry":{"type":"Polygon","coordinates":[[[105.753,-5.225],[105.7295,-5.2155],[105.7285,-5.2155],[105.7265,-5.224],[105.7265,-5.2255],[105.732,-5.2295],[105.7365,-5.231],[105.737,-5.232],[105.7355,-5.2375],[105.7375,-5.2355],[105.756,-5.2345],[105.756,-5.231],[105.753,-5.225]]]},"properties":{"code":"18.07.07.2004","name":"Braja Dewa","latitude":-5.226898662574641,"longitude":105.74152058901107}},{"type":"Feature","geometry":{"type":"Polygon","coordinates":[[[105.7445,-5.1975],[105.743,-5.1955],[105.7385,-5.1935],[105.732,-5.203],[105.723,-5.215],[105.7295,-5.2155],[105.753,-5.225],[105.755,-5.2205],[105.752,-5.2055],[105.7495,-5.204],[105.7445,-5.1975]]]},"properties":{"code":"18.07.07.2005","name":"Braja Caka","latitude":-5.210601863522023,"longitude":105.74228111910811}},{"type":"Feature","geometry":{"type":"Polygon","coordinates":[[[105.732,-5.2295],[105.7265,-5.2255],[105.7265,-5.225],[105.711,-5.2265],[105.711,-5.2385],[105.7275,-5.2345],[105.732,-5.2295]]]},"properties":{"code":"18.07.07.2006","name":"Sri Wangi","latitude":-5.230715720992394,"longitude":105.72066339505304}},{"type":"Feature","geometry":{"type":"Polygon","coordinates":[[[105.736,-5.1965],[105.7195,-5.196],[105.695,-5.2],[105.687,-5.2165],[105.689,-5.2235],[105.6975,-5.225],[105.711,-5.2265],[105.7265,-5.225],[105.7265,-5.224],[105.7285,-5.2155],[105.723,-5.215],[105.732,-5.203],[105.736,-5.1965]]]},"properties":{"code":"18.07.07.2007","name":"Jepara","latitude":-5.211173601586839,"longitude":105.71122796093421}},{"type":"Feature","geometry":{"type":"Polygon","coordinates":[[[105.691,-5.1855],[105.6775,-5.1815],[105.6835,-5.2005],[105.675,-5.2075],[105.676,-5.211],[105.6755,-5.212],[105.674,-5.2135],[105.673,-5.214],[105.6705,-5.219],[105.687,-5.2165],[105.695,-5.2],[105.691,-5.1855]]]},"properties":{"code":"18.07.07.2008","name":"Sri Rejosari","latitude":-5.20061201090575,"longitude":105.68421668092145}},{"type":"Feature","geometry":{"type":"Polygon","coordinates":[[[105.735,-5.193],[105.7215,-5.191],[105.7155,-5.1825],[105.7095,-5.181],[105.7015,-5.1785],[105.7005,-5.182],[105.691,-5.1855],[105.695,-5.2],[105.7195,-5.196],[105.736,-5.1965],[105.7385,-5.1935],[105.735,-5.193]]]},"properties":{"code":"18.07.07.2009","name":"Sumberejo","latitude":-5.191061217358429,"longitude":105.7092595137071}},{"type":"Feature","geometry":{"type":"Polygon","coordinates":[[[105.7025,-5.176],[105.6965,-5.1745],[105.6905,-5.1735],[105.6855,-5.1715],[105.6785,-5.1715],[105.6675,-5.168],[105.66,-5.172],[105.6565,-5.1765],[105.675,-5.1795],[105.6765,-5.1805],[105.6775,-5.1815],[105.691,-5.1855],[105.7005,-5.182],[105.7025,-5.176]]]},"properties":{"code":"18.07.07.2010","name":"Labuhan Ratu II","latitude":-5.176840650504368,"longitude":105.68186205041881}},{"type":"Feature","geometry":{"type":"Polygon","coordinates":[[[105.744,-5.16],[105.744,-5.159],[105.743,-5.1575],[105.7415,-5.1565],[105.7395,-5.143],[105.717,-5.1425],[105.7035,-5.1515],[105.7055,-5.163],[105.712,-5.166],[105.715,-5.1665],[105.7425,-5.1625],[105.744,-5.16]]]},"properties":{"code":"18.07.07.2011","name":"Braja Asri","latitude":-5.154953659115093,"longitude":105.72353873557176}},{"type":"Feature","geometry":{"type":"Polygon","coordinates":[[[105.7055,-5.165],[105.7045,-5.165],[105.7035,-5.163],[105.701,-5.1645],[105.6955,-5.163],[105.691,-5.1605],[105.6895,-5.163],[105.681,-5.16],[105.6735,-5.1575],[105.67,-5.1585],[105.6585,-5.165],[105.6555,-5.1655],[105.6505,-5.165],[105.652,-5.1695],[105.651,-5.1715],[105.6515,-5.1725],[105.66,-5.172],[105.6675,-5.168],[105.6785,-5.1715],[105.6855,-5.1715],[105.6905,-5.1735],[105.6965,-5.1745],[105.7025,-5.176],[105.703,-5.1725],[105.7045,-5.1685],[105.7055,-5.165]]]},"properties":{"code":"18.07.07.2012","name":"Labuhan Ratu I","latitude":-5.167067193961728,"longitude":105.68021473100627}},{"type":"Feature","geometry":{"type":"Polygon","coordinates":[[[105.6565,-5.1765],[105.66,-5.172],[105.6515,-5.1725],[105.652,-5.1735],[105.6295,-5.1825],[105.6135,-5.1805],[105.6125,-5.188],[105.614,-5.194],[105.6155,-5.1985],[105.6345,-5.192],[105.645,-5.194],[105.6575,-5.203],[105.6565,-5.1765]]]},"properties":{"code":"18.07.07.2013","name":"Sumur Bandung","latitude":-5.1886258583657865,"longitude":105.63831924568466}},{"type":"Feature","geometry":{"type":"Polygon","coordinates":[[[105.6575,-5.203],[105.645,-5.194],[105.6345,-5.192],[105.614,-5.1995],[105.6115,-5.2125],[105.624,-5.223],[105.6285,-5.226],[105.6705,-5.219],[105.673,-5.214],[105.6575,-5.203]]]},"properties":{"code":"18.07.07.2014","name":"Sumber Marga","latitude":-5.210648037611718,"longitude":105.63878499685455}},{"type":"Feature","geometry":{"type":"Polygon","coordinates":[[[105.6775,-5.1815],[105.6765,-5.1805],[105.675,-5.1795],[105.6565,-5.1765],[105.6575,-5.203],[105.674,-5.2135],[105.6755,-5.212],[105.676,-5.211],[105.675,-5.2075],[105.6835,-5.2005],[105.6775,-5.1815]]]},"properties":{"code":"18.07.07.2015","name":"Labuhan Ratu Danau","latitude":-5.193810183851166,"longitude":105.66838125779093}},{"type":"Feature","geometry":{"type":"Polygon","coordinates":[[[105.7055,-5.163],[105.7035,-5.1515],[105.6825,-5.1525],[105.677,-5.1555],[105.6735,-5.1575],[105.681,-5.16],[105.6895,-5.163],[105.691,-5.1605],[105.6955,-5.163],[105.701,-5.1645],[105.7035,-5.163],[105.7045,-5.165],[105.7055,-5.165],[105.706,-5.164],[105.7055,-5.163]]]},"properties":{"code":"18.07.07.2016","name":"Labuhan Ratu Baru","latitude":-5.157830143859787,"longitude":105.69104798964261}},{"type":"Feature","geometry":{"type":"Polygon","coordinates":[[[105.563,-4.98],[105.5485,-4.9745],[105.5185,-4.9705],[105.517,-4.9705],[105.5155,-4.973],[105.5075,-4.9795],[105.4995,-4.972],[105.497,-4.981],[105.496,-4.9835],[105.4965,-4.985],[105.499,-4.9855],[105.5025,-4.9875],[105.5035,-4.9865],[105.505,-4.9855],[105.507,-4.985],[105.5145,-4.983],[105.515,-4.9825],[105.528,-4.976],[105.554,-4.986],[105.563,-4.98]]]},"properties":{"code":"18.07.08.2001","name":"Taman Fajar","latitude":-4.978142372275877,"longitude":105.52825978161127}},{"type":"Feature","geometry":{"type":"Polygon","coordinates":[[[105.486,-5.005],[105.482,-5.0065],[105.48,-5.0015],[105.4755,-4.9905],[105.474,-4.9905],[105.473,-4.9905],[105.4725,-4.99],[105.473,-4.9895],[105.473,-4.988],[105.473,-4.9875],[105.4725,-4.987],[105.472,-4.9875],[105.462,-5.004],[105.4605,-5.0045],[105.4605,-5.0085],[105.4605,-5.009],[105.475,-5.0125],[105.477,-5.012],[105.48,-5.0125],[105.4815,-5.0135],[105.4825,-5.0155],[105.4835,-5.0155],[105.4845,-5.016],[105.487,-5.017],[105.488,-5.0175],[105.4885,-5.0175],[105.489,-5.0175],[105.489,-5.016],[105.4875,-5.0135],[105.4875,-5.0125],[105.486,-5.005]]]},"properties":{"code":"18.07.08.2002","name":"Taman Asri","latitude":-5.003731335902152,"longitude":105.47462677995992}},{"type":"Feature","geometry":{"type":"Polygon","coordinates":[[[105.5125,-5.003],[105.4955,-4.9985],[105.486,-5.005],[105.4875,-5.0125],[105.4875,-5.0135],[105.489,-5.016],[105.489,-5.0175],[105.493,-5.0195],[105.493,-5.0205],[105.4935,-5.0205],[105.494,-5.0205],[105.4955,-5.021],[105.4965,-5.021],[105.498,-5.02],[105.4985,-5.019],[105.5,-5.018],[105.5065,-5.015],[105.508,-5.0145],[105.5105,-5.015],[105.512,-5.016],[105.5125,-5.0165],[105.5135,-5.0165],[105.516,-5.0155],[105.5165,-5.014],[105.516,-5.0125],[105.516,-5.0105],[105.517,-5.0095],[105.521,-5.007],[105.52,-5.0065],[105.5195,-5.0065],[105.518,-5.0055],[105.5175,-5.005],[105.5155,-5.0035],[105.5145,-5.003],[105.5125,-5.003]]]},"properties":{"code":"18.07.08.2003","name":"Taman Bogo","latitude":-5.009087381956604,"longitude":105.50130661289985}},{"type":"Feature","geometry":{"type":"Polygon","coordinates":[[[105.5495,-4.988],[105.5455,-4.9835],[105.544,-4.9835],[105.532,-4.9845],[105.5285,-4.985],[105.515,-4.996],[105.512,-4.9945],[105.5115,-5],[105.5125,-5.0025],[105.5125,-5.003],[105.5145,-5.003],[105.5155,-5.0035],[105.5175,-5.005],[105.518,-5.0055],[105.5195,-5.0065],[105.52,-5.0065],[105.522,-5.007],[105.5245,-5.008],[105.527,-5.009],[105.5275,-5.009],[105.529,-5.0085],[105.529,-5.009],[105.5305,-5.0075],[105.5335,-5.0055],[105.535,-5.0045],[105.5355,-5.003],[105.536,-5.0025],[105.5365,-5.0025],[105.538,-4.9995],[105.5405,-4.9975],[105.541,-4.9965],[105.5495,-4.988]]]},"properties":{"code":"18.07.08.2004","name":"Tambah Dadi","latitude":-4.995945100108038,"longitude":105.52897046833999}},{"type":"Feature","geometry":{"type":"Polygon","coordinates":[[[105.4895,-4.984],[105.489,-4.9835],[105.484,-4.9845],[105.4825,-4.9815],[105.4825,-4.979],[105.481,-4.9775],[105.4775,-4.9775],[105.4765,-4.9775],[105.4755,-4.9775],[105.474,-4.9775],[105.4745,-4.9785],[105.4745,-4.979],[105.474,-4.98],[105.474,-4.9805],[105.473,-4.982],[105.4735,-4.983],[105.4735,-4.985],[105.473,-4.986],[105.4725,-4.987],[105.473,-4.9875],[105.473,-4.988],[105.473,-4.9895],[105.4725,-4.99],[105.473,-4.9905],[105.474,-4.9905],[105.4755,-4.9905],[105.48,-5.0015],[105.482,-5.0065],[105.486,-5.005],[105.4955,-4.9985],[105.5125,-5.003],[105.5125,-5.0025],[105.5115,-5],[105.512,-4.9945],[105.509,-4.993],[105.4955,-4.9925],[105.4895,-4.984]]]},"properties":{"code":"18.07.08.2005","name":"Taman Cari","latitude":-4.992571455631144,"longitude":105.48987976232907}},{"type":"Feature","geometry":{"type":"Polygon","coordinates":[[[105.563,-4.98],[105.554,-4.986],[105.528,-4.976],[105.515,-4.9825],[105.5145,-4.983],[105.507,-4.985],[105.505,-4.9855],[105.5035,-4.9865],[105.5025,-4.9875],[105.499,-4.9855],[105.4965,-4.985],[105.496,-4.9835],[105.493,-4.9845],[105.4895,-4.984],[105.4955,-4.9925],[105.509,-4.993],[105.515,-4.996],[105.5285,-4.985],[105.532,-4.9845],[105.544,-4.9835],[105.5455,-4.9835],[105.5495,-4.988],[105.559,-4.991],[105.571,-4.9785],[105.563,-4.98]]]},"properties":{"code":"18.07.08.2006","name":"Taman Endah","latitude":-4.985530489087591,"longitude":105.5254716389623}},{"type":"Feature","geometry":{"type":"Polygon","coordinates":[[[105.4805,-4.9535],[105.4795,-4.952],[105.477,-4.953],[105.4755,-4.952],[105.4745,-4.954],[105.4745,-4.957],[105.4705,-4.9625],[105.472,-4.9645],[105.474,-4.9625],[105.4745,-4.974],[105.4735,-4.977],[105.474,-4.9775],[105.4755,-4.9775],[105.4765,-4.9775],[105.4775,-4.9775],[105.481,-4.9775],[105.4825,-4.979],[105.4825,-4.9815],[105.484,-4.9845],[105.489,-4.9835],[105.493,-4.9845],[105.496,-4.9835],[105.496,-4.9815],[105.4955,-4.981],[105.493,-4.98],[105.4875,-4.9775],[105.487,-4.9735],[105.4805,-4.954],[105.4805,-4.9535]]]},"properties":{"code":"18.07.08.2007","name":"Tegal Gondo","latitude":-4.970171576932313,"longitude":105.48160871232093}},{"type":"Feature","geometry":{"type":"Polygon","coordinates":[[[105.4995,-4.972],[105.503,-4.9595],[105.5005,-4.9555],[105.4965,-4.952],[105.481,-4.9535],[105.4805,-4.954],[105.487,-4.9735],[105.4875,-4.9775],[105.493,-4.98],[105.4955,-4.981],[105.496,-4.9815],[105.497,-4.981],[105.4995,-4.972]]]},"properties":{"code":"18.07.08.2008","name":"Toto Harjo","latitude":-4.965305983527857,"longitude":105.49234973645629}},{"type":"Feature","geometry":{"type":"Polygon","coordinates":[[[105.514,-4.944],[105.5045,-4.947],[105.4995,-4.9485],[105.4965,-4.952],[105.5005,-4.9555],[105.503,-4.9595],[105.4995,-4.972],[105.5075,-4.9795],[105.5155,-4.973],[105.517,-4.9705],[105.516,-4.9695],[105.5095,-4.9665],[105.5065,-4.9655],[105.509,-4.9625],[105.514,-4.9595],[105.514,-4.959],[105.516,-4.9505],[105.519,-4.9485],[105.519,-4.947],[105.518,-4.9465],[105.517,-4.946],[105.5145,-4.9455],[105.514,-4.944]]]},"properties":{"code":"18.07.08.2009","name":"Tanjung Inten","latitude":-4.9596774358555065,"longitude":105.50803015548593}},{"type":"Feature","geometry":{"type":"Polygon","coordinates":[[[105.595,-4.9505],[105.55,-4.944],[105.5495,-4.9455],[105.549,-4.9465],[105.544,-4.959],[105.5365,-4.965],[105.515,-4.9655],[105.5095,-4.9665],[105.516,-4.9695],[105.5185,-4.9705],[105.5485,-4.9745],[105.563,-4.98],[105.571,-4.9785],[105.589,-4.969],[105.6065,-4.955],[105.595,-4.9505]]]},"properties":{"code":"18.07.08.2010","name":"Tegal Yoso","latitude":-4.961842895065056,"longitude":105.56345611404899}},{"type":"Feature","geometry":{"type":"Polygon","coordinates":[[[105.492,-4.92],[105.4915,-4.919],[105.4895,-4.92],[105.4875,-4.921],[105.4855,-4.9205],[105.485,-4.9195],[105.4845,-4.921],[105.4825,-4.9235],[105.4815,-4.9235],[105.481,-4.928],[105.48,-4.9295],[105.4815,-4.9305],[105.4815,-4.9465],[105.48,-4.9465],[105.476,-4.948],[105.476,-4.95],[105.477,-4.9505],[105.477,-4.95],[105.4795,-4.952],[105.4805,-4.9535],[105.481,-4.9535],[105.4965,-4.952],[105.4995,-4.9485],[105.504,-4.947],[105.491,-4.9425],[105.491,-4.9335],[105.4905,-4.933],[105.491,-4.933],[105.492,-4.9295],[105.494,-4.9225],[105.494,-4.9215],[105.4935,-4.9215],[105.492,-4.9205],[105.492,-4.92]]]},"properties":{"code":"18.07.08.2011","name":"Tambah Luhur","latitude":-4.940198009315248,"longitude":105.48865869216738}},{"type":"Feature","geometry":{"type":"Polygon","coordinates":[[[105.549,-4.9465],[105.5485,-4.9465],[105.548,-4.9485],[105.548,-4.949],[105.545,-4.9495],[105.544,-4.95],[105.5435,-4.949],[105.5315,-4.946],[105.519,-4.948],[105.519,-4.9485],[105.516,-4.9505],[105.514,-4.959],[105.514,-4.9595],[105.509,-4.9625],[105.5065,-4.9655],[105.515,-4.9655],[105.5365,-4.965],[105.544,-4.959],[105.549,-4.9465]]]},"properties":{"code":"18.07.08.2012","name":"Tanjung Kesuma","latitude":-4.955829381472425,"longitude":105.52891953093689}},{"type":"Feature","geometry":{"type":"Polygon","coordinates":[[[105.45,-4.9845],[105.445,-4.972],[105.444,-4.9705],[105.4435,-4.971],[105.4435,-4.9715],[105.4405,-4.9735],[105.4375,-4.9805],[105.437,-4.9805],[105.436,-4.9815],[105.4345,-4.9855],[105.4365,-4.9885],[105.439,-4.9895],[105.4465,-4.989],[105.449,-4.989],[105.45,-4.9845]]]},"properties":{"code":"18.07.09.2001","name":"Kota Raman","latitude":-4.98151135952668,"longitude":105.44392300401299}},{"type":"Feature","geometry":{"type":"Polygon","coordinates":[[[105.4345,-4.9855],[105.434,-4.9855],[105.433,-4.9865],[105.4315,-4.987],[105.431,-4.987],[105.4275,-4.986],[105.424,-4.9855],[105.418,-4.9825],[105.4175,-4.983],[105.415,-4.9835],[105.415,-4.9845],[105.415,-4.9855],[105.4145,-4.986],[105.415,-4.988],[105.4155,-4.9895],[105.421,-5.0015],[105.42,-5.003],[105.4045,-5.0085],[105.404,-5.017],[105.422,-5.011],[105.423,-5.011],[105.428,-5.007],[105.429,-5.006],[105.432,-5.007],[105.436,-5.009],[105.4365,-5.01],[105.443,-5.0045],[105.438,-4.9945],[105.438,-4.991],[105.4365,-4.9885],[105.4345,-4.9855]]]},"properties":{"code":"18.07.09.2002","name":"Raman Aji","latitude":-4.999812789674072,"longitude":105.42465814908103}},{"type":"Feature","geometry":{"type":"Polygon","coordinates":[[[105.472,-4.9875],[105.473,-4.986],[105.4735,-4.985],[105.4735,-4.983],[105.473,-4.982],[105.473,-4.9815],[105.4655,-4.986],[105.45,-4.9845],[105.449,-4.989],[105.4465,-4.989],[105.439,-4.9895],[105.4365,-4.9885],[105.438,-4.991],[105.438,-4.9945],[105.443,-5.0045],[105.4365,-5.01],[105.436,-5.009],[105.432,-5.007],[105.429,-5.006],[105.428,-5.007],[105.423,-5.011],[105.43,-5.013],[105.43,-5.015],[105.433,-5.0185],[105.4355,-5.021],[105.436,-5.0205],[105.436,-5.019],[105.4465,-5.012],[105.447,-5.011],[105.449,-5.009],[105.457,-5.0115],[105.457,-5.0095],[105.46,-5.009],[105.4605,-5.0085],[105.4605,-5.0045],[105.462,-5.004],[105.472,-4.9875]]]},"properties":{"code":"18.07.09.2003","name":"Rukti Sedyo","latitude":-4.999475030178423,"longitude":105.45073251352393}},{"type":"Feature","geometry":{"type":"Polygon","coordinates":[[[105.4745,-4.9535],[105.474,-4.954],[105.4735,-4.9535],[105.4655,-4.9575],[105.4635,-4.9575],[105.462,-4.958],[105.4625,-4.9585],[105.462,-4.959],[105.4615,-4.959],[105.461,-4.9585],[105.459,-4.959],[105.4485,-4.965],[105.446,-4.964],[105.4435,-4.971],[105.444,-4.9705],[105.445,-4.972],[105.45,-4.9845],[105.4655,-4.986],[105.473,-4.9815],[105.474,-4.9805],[105.474,-4.98],[105.4745,-4.979],[105.4745,-4.9785],[105.4735,-4.977],[105.4745,-4.974],[105.474,-4.9625],[105.472,-4.9645],[105.4705,-4.9625],[105.4745,-4.957],[105.4745,-4.954],[105.4745,-4.9535]]]},"properties":{"code":"18.07.09.2004","name":"Ratna Daya","latitude":-4.970802573815427,"longitude":105.46179137857335}},{"type":"Feature","geometry":{"type":"Polygon","coordinates":[[[105.446,-4.964],[105.4455,-4.964],[105.436,-4.957],[105.4345,-4.957],[105.419,-4.96],[105.418,-4.9605],[105.418,-4.959],[105.4155,-4.959],[105.4155,-4.961],[105.414,-4.96],[105.413,-4.9615],[105.4115,-4.963],[105.4125,-4.964],[105.413,-4.965],[105.401,-4.9815],[105.4005,-4.9825],[105.4065,-4.9855],[105.41,-4.988],[105.4115,-4.987],[105.413,-4.9865],[105.414,-4.9855],[105.415,-4.9855],[105.415,-4.9845],[105.415,-4.9835],[105.4175,-4.983],[105.418,-4.9825],[105.424,-4.9855],[105.4275,-4.986],[105.431,-4.987],[105.4315,-4.987],[105.433,-4.9865],[105.434,-4.9855],[105.4345,-4.9855],[105.436,-4.9815],[105.437,-4.9805],[105.4375,-4.9805],[105.4405,-4.9735],[105.4435,-4.9715],[105.4435,-4.971],[105.444,-4.9695],[105.446,-4.964]]]},"properties":{"code":"18.07.09.2005","name":"Rejo Binangun","latitude":-4.972978395159784,"longitude":105.4236301307618}},{"type":"Feature","geometry":{"type":"Polygon","coordinates":[[[105.4195,-4.922],[105.421,-4.9165],[105.4195,-4.9165],[105.4185,-4.917],[105.4155,-4.918],[105.4145,-4.9185],[105.4125,-4.9205],[105.407,-4.925],[105.406,-4.926],[105.4065,-4.9265],[105.4055,-4.928],[105.4095,-4.9365],[105.4095,-4.9525],[105.41,-4.955],[105.4105,-4.9555],[105.412,-4.956],[105.4125,-4.9555],[105.4135,-4.9565],[105.4155,-4.9575],[105.418,-4.959],[105.418,-4.9605],[105.419,-4.96],[105.4345,-4.957],[105.434,-4.955],[105.435,-4.9535],[105.436,-4.952],[105.4365,-4.9525],[105.4375,-4.95],[105.437,-4.941],[105.4375,-4.94],[105.438,-4.9395],[105.4375,-4.9385],[105.4365,-4.9385],[105.4315,-4.94],[105.4295,-4.94],[105.4265,-4.9395],[105.4255,-4.9385],[105.4235,-4.9365],[105.4225,-4.9345],[105.4225,-4.931],[105.4215,-4.9285],[105.4205,-4.9275],[105.4195,-4.9255],[105.4195,-4.922]]]},"properties":{"code":"18.07.09.2006","name":"Rantau Fajar","latitude":-4.942310658626181,"longitude":105.42039622367504}},{"type":"Feature","geometry":{"type":"Polygon","coordinates":[[[105.4575,-4.934],[105.4535,-4.9325],[105.453,-4.9315],[105.4535,-4.931],[105.4535,-4.9295],[105.453,-4.9305],[105.451,-4.931],[105.45,-4.931],[105.449,-4.9305],[105.4485,-4.931],[105.4475,-4.9315],[105.447,-4.932],[105.447,-4.933],[105.4405,-4.9375],[105.439,-4.9375],[105.437,-4.938],[105.438,-4.9395],[105.4375,-4.94],[105.437,-4.941],[105.4375,-4.95],[105.4365,-4.9525],[105.436,-4.952],[105.435,-4.9535],[105.434,-4.955],[105.436,-4.957],[105.4455,-4.964],[105.4485,-4.965],[105.459,-4.959],[105.46,-4.9585],[105.457,-4.9375],[105.458,-4.9365],[105.4585,-4.9355],[105.4575,-4.934]]]},"properties":{"code":"18.07.09.2007","name":"Raman Endra","latitude":-4.948162213435269,"longitude":105.44747868557067}},{"type":"Feature","geometry":{"type":"Polygon","coordinates":[[[105.4805,-4.9285],[105.4705,-4.9225],[105.469,-4.9225],[105.464,-4.924],[105.463,-4.924],[105.4625,-4.925],[105.4605,-4.9255],[105.461,-4.9265],[105.458,-4.927],[105.4575,-4.9295],[105.4585,-4.9295],[105.459,-4.9305],[105.458,-4.9305],[105.458,-4.933],[105.4575,-4.934],[105.4585,-4.9355],[105.458,-4.9365],[105.457,-4.9375],[105.46,-4.9585],[105.461,-4.9585],[105.4615,-4.959],[105.462,-4.959],[105.4625,-4.9585],[105.462,-4.958],[105.4635,-4.9575],[105.4655,-4.9575],[105.4735,-4.9535],[105.474,-4.954],[105.4745,-4.9535],[105.4755,-4.952],[105.477,-4.953],[105.477,-4.95],[105.477,-4.9505],[105.476,-4.95],[105.476,-4.948],[105.48,-4.9465],[105.4815,-4.9465],[105.4815,-4.9305],[105.48,-4.9295],[105.4805,-4.9285]]]},"properties":{"code":"18.07.09.2008","name":"Raman Fajar","latitude":-4.939874400598801,"longitude":105.46975069607345}},{"type":"Feature","geometry":{"type":"Polygon","coordinates":[[[105.477,-4.888],[105.467,-4.889],[105.4655,-4.889],[105.4635,-4.893],[105.4635,-4.895],[105.4585,-4.9095],[105.4505,-4.922],[105.449,-4.922],[105.4505,-4.9305],[105.451,-4.931],[105.453,-4.9305],[105.4535,-4.9295],[105.4535,-4.931],[105.453,-4.9315],[105.4535,-4.9325],[105.4575,-4.934],[105.458,-4.933],[105.458,-4.9305],[105.459,-4.9305],[105.4585,-4.9295],[105.4575,-4.9295],[105.458,-4.927],[105.461,-4.9265],[105.4605,-4.9255],[105.4625,-4.925],[105.463,-4.924],[105.464,-4.924],[105.469,-4.9225],[105.4705,-4.9225],[105.4805,-4.9285],[105.481,-4.928],[105.4815,-4.9235],[105.4825,-4.9235],[105.4845,-4.921],[105.485,-4.9195],[105.4855,-4.9205],[105.4875,-4.921],[105.4895,-4.92],[105.4915,-4.919],[105.4925,-4.92],[105.4935,-4.92],[105.494,-4.9195],[105.4935,-4.919],[105.4955,-4.913],[105.497,-4.911],[105.4965,-4.91],[105.4905,-4.9],[105.492,-4.899],[105.4935,-4.899],[105.494,-4.8985],[105.492,-4.898],[105.49,-4.8975],[105.479,-4.8895],[105.478,-4.8885],[105.477,-4.888]]]},"properties":{"code":"18.07.09.2009","name":"Restu Rahayu","latitude":-4.909543273453884,"longitude":105.47399133775251}},{"type":"Feature","geometry":{"type":"Polygon","coordinates":[[[105.4505,-4.9305],[105.449,-4.922],[105.4505,-4.922],[105.4585,-4.9095],[105.4635,-4.895],[105.461,-4.8935],[105.46,-4.895],[105.4605,-4.896],[105.4595,-4.897],[105.4585,-4.897],[105.456,-4.899],[105.456,-4.8995],[105.454,-4.9],[105.454,-4.9005],[105.4535,-4.9015],[105.453,-4.9025],[105.452,-4.903],[105.45,-4.906],[105.449,-4.909],[105.446,-4.9125],[105.445,-4.9135],[105.4405,-4.9175],[105.44,-4.918],[105.43,-4.92],[105.429,-4.92],[105.4285,-4.921],[105.4195,-4.922],[105.4195,-4.9255],[105.4205,-4.9275],[105.4215,-4.9285],[105.4225,-4.931],[105.4225,-4.9345],[105.4235,-4.9365],[105.4255,-4.9385],[105.4265,-4.9395],[105.4295,-4.94],[105.4315,-4.94],[105.4365,-4.9385],[105.4375,-4.9385],[105.437,-4.938],[105.439,-4.9375],[105.4405,-4.9375],[105.447,-4.933],[105.447,-4.932],[105.4475,-4.9315],[105.4485,-4.931],[105.449,-4.9305],[105.45,-4.931],[105.4505,-4.9305]]]},"properties":{"code":"18.07.09.2010","name":"Rejo Katon","latitude":-4.92225374919177,"longitude":105.44184077023553}},{"type":"Feature","geometry":{"type":"Polygon","coordinates":[[[105.439,-4.8835],[105.4375,-4.884],[105.4375,-4.8845],[105.433,-4.8855],[105.4325,-4.8875],[105.431,-4.8875],[105.431,-4.8895],[105.4285,-4.8905],[105.428,-4.891],[105.4275,-4.8915],[105.4275,-4.8925],[105.425,-4.898],[105.424,-4.899],[105.4155,-4.9045],[105.414,-4.906],[105.4135,-4.9065],[105.4125,-4.908],[105.4075,-4.913],[105.406,-4.9145],[105.403,-4.915],[105.401,-4.9165],[105.4005,-4.918],[105.4,-4.919],[105.3995,-4.9205],[105.3995,-4.922],[105.406,-4.927],[105.4065,-4.9265],[105.406,-4.926],[105.407,-4.925],[105.4125,-4.9205],[105.4145,-4.9185],[105.4155,-4.918],[105.4185,-4.917],[105.4195,-4.9165],[105.421,-4.9165],[105.4195,-4.922],[105.4285,-4.921],[105.429,-4.92],[105.43,-4.92],[105.44,-4.918],[105.4405,-4.9175],[105.445,-4.9135],[105.446,-4.9125],[105.449,-4.909],[105.45,-4.906],[105.452,-4.903],[105.453,-4.9025],[105.4535,-4.9015],[105.454,-4.9005],[105.454,-4.9],[105.4525,-4.901],[105.4515,-4.9005],[105.451,-4.8995],[105.4435,-4.898],[105.444,-4.8965],[105.4435,-4.8955],[105.4435,-4.895],[105.442,-4.895],[105.441,-4.894],[105.441,-4.893],[105.4415,-4.8915],[105.442,-4.891],[105.4395,-4.8885],[105.44,-4.8875],[105.439,-4.8865],[105.4385,-4.8855],[105.4385,-4.885],[105.439,-4.8835]]]},"properties":{"code":"18.07.09.2011","name":"Rama Puja","latitude":-4.907486968384717,"longitude":105.42870571929978}},{"type":"Feature","geometry":{"type":"Polygon","coordinates":[[[105.3135,-5.1705],[105.31,-5.1705],[105.3065,-5.1725],[105.301,-5.178],[105.298,-5.173],[105.2975,-5.1735],[105.295,-5.174],[105.294,-5.1835],[105.295,-5.189],[105.3005,-5.1995],[105.3045,-5.2095],[105.304,-5.216],[105.3045,-5.218],[105.3055,-5.2185],[105.3055,-5.2195],[105.32,-5.21],[105.3185,-5.21],[105.3275,-5.207],[105.325,-5.195],[105.3165,-5.191],[105.314,-5.1775],[105.3135,-5.1705]]]},"properties":{"code":"18.07.10.2001","name":"Kibang","latitude":-5.194033519689004,"longitude":105.30981177371663}},{"type":"Feature","geometry":{"type":"Polygon","coordinates":[[[105.3425,-5.2055],[105.3385,-5.206],[105.331,-5.203],[105.3295,-5.2],[105.326,-5.2],[105.3275,-5.207],[105.3185,-5.21],[105.32,-5.21],[105.3315,-5.231],[105.343,-5.234],[105.344,-5.2345],[105.3445,-5.234],[105.3465,-5.232],[105.349,-5.2325],[105.349,-5.232],[105.348,-5.2305],[105.344,-5.2285],[105.3425,-5.2055]]]},"properties":{"code":"18.07.10.2002","name":"Marga Jaya","latitude":-5.217475780629412,"longitude":105.33420582018314}},{"type":"Feature","geometry":{"type":"Polygon","coordinates":[[[105.349,-5.1715],[105.3485,-5.1705],[105.34,-5.163],[105.3385,-5.166],[105.332,-5.1665],[105.331,-5.1675],[105.328,-5.168],[105.3245,-5.165],[105.3185,-5.1695],[105.3135,-5.1705],[105.314,-5.1775],[105.3165,-5.191],[105.325,-5.195],[105.326,-5.2],[105.3295,-5.2],[105.331,-5.203],[105.3385,-5.206],[105.3425,-5.2055],[105.3455,-5.186],[105.344,-5.178],[105.3455,-5.177],[105.347,-5.1765],[105.3485,-5.1755],[105.349,-5.1715]]]},"properties":{"code":"18.07.10.2003","name":"Margototo","latitude":-5.182364748698158,"longitude":105.33222593244236}},{"type":"Feature","geometry":{"type":"Polygon","coordinates":[[[105.3055,-5.2195],[105.3055,-5.2185],[105.3045,-5.218],[105.304,-5.216],[105.3045,-5.2095],[105.3005,-5.1995],[105.295,-5.189],[105.295,-5.191],[105.2935,-5.1995],[105.29,-5.202],[105.2875,-5.202],[105.2865,-5.214],[105.295,-5.2135],[105.304,-5.2205],[105.3055,-5.2195]]]},"properties":{"code":"18.07.10.2004","name":"Purbosembodo","latitude":-5.205548502082286,"longitude":105.2964931826154}},{"type":"Feature","geometry":{"type":"Polygon","coordinates":[[[105.295,-5.174],[105.2935,-5.1735],[105.2895,-5.1695],[105.2875,-5.1705],[105.2845,-5.171],[105.283,-5.1725],[105.283,-5.176],[105.282,-5.1755],[105.282,-5.177],[105.2825,-5.1795],[105.2825,-5.18],[105.282,-5.182],[105.2815,-5.184],[105.282,-5.1855],[105.2785,-5.198],[105.279,-5.1985],[105.279,-5.2],[105.2845,-5.202],[105.29,-5.202],[105.2935,-5.1995],[105.295,-5.191],[105.294,-5.1835],[105.295,-5.174]]]},"properties":{"code":"18.07.10.2005","name":"Sumber Agung","latitude":-5.18744741360835,"longitude":105.2877700552764}},{"type":"Feature","geometry":{"type":"Polygon","coordinates":[[[105.3735,-5.2105],[105.362,-5.1885],[105.352,-5.1835],[105.351,-5.183],[105.3485,-5.183],[105.347,-5.181],[105.3485,-5.1755],[105.347,-5.1765],[105.3455,-5.177],[105.344,-5.178],[105.3455,-5.186],[105.3425,-5.2055],[105.3585,-5.2075],[105.361,-5.2165],[105.364,-5.2195],[105.3645,-5.2215],[105.3655,-5.2215],[105.375,-5.218],[105.376,-5.216],[105.3735,-5.211],[105.3735,-5.2105]]]},"properties":{"code":"18.07.10.2006","name":"Margasari","latitude":-5.199984030577311,"longitude":105.35720811490883}},{"type":"Feature","geometry":{"type":"Polygon","coordinates":[[[105.3645,-5.2215],[105.364,-5.2195],[105.361,-5.2165],[105.3585,-5.2075],[105.3425,-5.2055],[105.344,-5.2285],[105.348,-5.2305],[105.3485,-5.231],[105.356,-5.2305],[105.355,-5.2275],[105.359,-5.224],[105.36,-5.2215],[105.3605,-5.2205],[105.362,-5.221],[105.3645,-5.2215]]]},"properties":{"code":"18.07.10.2007","name":"Jaya Asri","latitude":-5.217426812015711,"longitude":105.35145515155072}},{"type":"Feature","geometry":{"type":"Polygon","coordinates":[[[105.539,-5.1505],[105.531,-5.147],[105.5285,-5.1465],[105.528,-5.1445],[105.5265,-5.1435],[105.5235,-5.1485],[105.524,-5.148],[105.5185,-5.1475],[105.5165,-5.145],[105.517,-5.1425],[105.5145,-5.1415],[105.512,-5.142],[105.5105,-5.143],[105.5095,-5.146],[105.5055,-5.152],[105.502,-5.1545],[105.5035,-5.155],[105.5045,-5.158],[105.5195,-5.1585],[105.5315,-5.1765],[105.526,-5.182],[105.5355,-5.184],[105.536,-5.177],[105.5545,-5.167],[105.5625,-5.16],[105.561,-5.1575],[105.5605,-5.1565],[105.547,-5.156],[105.539,-5.1505]]]},"properties":{"code":"18.07.11.2001","name":"Tanjung Harapan","latitude":-5.159730525636911,"longitude":105.53284781565955}},{"type":"Feature","geometry":{"type":"Polygon","coordinates":[[[105.529,-5.116],[105.517,-5.1175],[105.5165,-5.118],[105.516,-5.1215],[105.5155,-5.1215],[105.5145,-5.122],[105.513,-5.1215],[105.5125,-5.1205],[105.5115,-5.121],[105.5075,-5.1355],[105.507,-5.1365],[105.507,-5.1395],[105.508,-5.1405],[105.5095,-5.1405],[105.512,-5.142],[105.5145,-5.1415],[105.517,-5.1425],[105.5165,-5.145],[105.5185,-5.1475],[105.524,-5.148],[105.5235,-5.1485],[105.5265,-5.1435],[105.528,-5.1445],[105.5285,-5.1465],[105.531,-5.147],[105.539,-5.1505],[105.5365,-5.134],[105.534,-5.126],[105.529,-5.116]]]},"properties":{"code":"18.07.11.2002","name":"Negeri Tua","latitude":-5.134116655343373,"longitude":105.52381705904844}},{"type":"Feature","geometry":{"type":"Polygon","coordinates":[[[105.526,-5.182],[105.5315,-5.1765],[105.5195,-5.1585],[105.5045,-5.158],[105.5035,-5.155],[105.502,-5.1545],[105.4995,-5.1565],[105.4925,-5.158],[105.484,-5.159],[105.4825,-5.1595],[105.48,-5.166],[105.4785,-5.1665],[105.476,-5.1665],[105.4785,-5.174],[105.4785,-5.1755],[105.4775,-5.1775],[105.478,-5.1855],[105.479,-5.186],[105.5015,-5.1855],[105.5145,-5.1885],[105.5235,-5.187],[105.5235,-5.186],[105.526,-5.182]]]},"properties":{"code":"18.07.11.2003","name":"Negeri Katon","latitude":-5.17237853387792,"longitude":105.50321762661484}},{"type":"Feature","geometry":{"type":"Polygon","coordinates":[[[105.5235,-5.187],[105.5145,-5.1885],[105.5015,-5.1855],[105.479,-5.186],[105.4795,-5.1865],[105.4795,-5.189],[105.4925,-5.1905],[105.5,-5.202],[105.5085,-5.2015],[105.5175,-5.1905],[105.5255,-5.189],[105.5235,-5.187]]]},"properties":{"code":"18.07.11.2004","name":"Negeri Agung","latitude":-5.192185553333044,"longitude":105.50296721344334}},{"type":"Feature","geometry":{"type":"Polygon","coordinates":[[[105.5255,-5.189],[105.5175,-5.1905],[105.5085,-5.2015],[105.5,-5.202],[105.4925,-5.1905],[105.4795,-5.189],[105.4875,-5.203],[105.488,-5.205],[105.4855,-5.2145],[105.4855,-5.216],[105.4885,-5.2145],[105.49,-5.2135],[105.494,-5.2135],[105.4945,-5.2145],[105.5135,-5.212],[105.5215,-5.2185],[105.538,-5.2135],[105.529,-5.2005],[105.5255,-5.189]]]},"properties":{"code":"18.07.11.2005","name":"Negeri Jemanten","latitude":-5.204198393762127,"longitude":105.50792089516362}},{"type":"Feature","geometry":{"type":"Polygon","coordinates":[[[105.538,-5.2135],[105.5215,-5.2185],[105.5135,-5.212],[105.4945,-5.2145],[105.494,-5.2135],[105.49,-5.2135],[105.4885,-5.2145],[105.4855,-5.216],[105.485,-5.2225],[105.4785,-5.225],[105.479,-5.229],[105.4965,-5.2305],[105.5245,-5.227],[105.528,-5.226],[105.5305,-5.2245],[105.535,-5.2235],[105.538,-5.2135]]]},"properties":{"code":"18.07.11.2006","name":"Sukaraja Tiga","latitude":-5.221358695054088,"longitude":105.50822602192486}},{"type":"Feature","geometry":{"type":"Polygon","coordinates":[[[105.5405,-5.2335],[105.5345,-5.228],[105.534,-5.227],[105.534,-5.226],[105.534,-5.225],[105.5335,-5.224],[105.5305,-5.2245],[105.528,-5.226],[105.5245,-5.227],[105.4965,-5.2305],[105.479,-5.229],[105.4855,-5.2455],[105.481,-5.2515],[105.487,-5.2615],[105.489,-5.2655],[105.482,-5.272],[105.4815,-5.274],[105.479,-5.278],[105.479,-5.279],[105.4785,-5.2795],[105.477,-5.28],[105.4795,-5.285],[105.4795,-5.286],[105.4805,-5.2865],[105.482,-5.286],[105.483,-5.2865],[105.4905,-5.288],[105.503,-5.2755],[105.5155,-5.258],[105.521,-5.243],[105.5315,-5.24],[105.537,-5.2335],[105.538,-5.233],[105.5385,-5.2335],[105.5405,-5.2335]]]},"properties":{"code":"18.07.11.2007","name":"Gedung Wani","latitude":-5.250325006381918,"longitude":105.5021957259345}},{"type":"Feature","geometry":{"type":"Polygon","coordinates":[[[105.479,-5.229],[105.4785,-5.2255],[105.4595,-5.237],[105.4575,-5.248],[105.4655,-5.2545],[105.466,-5.264],[105.4675,-5.264],[105.4685,-5.2645],[105.469,-5.2645],[105.4705,-5.266],[105.4715,-5.266],[105.4725,-5.2655],[105.477,-5.2665],[105.4825,-5.2705],[105.482,-5.272],[105.489,-5.2655],[105.487,-5.2615],[105.481,-5.2515],[105.4855,-5.2455],[105.479,-5.229]]]},"properties":{"code":"18.07.11.2008","name":"Jaya Guna","latitude":-5.249085909385281,"longitude":105.47382399809533}},{"type":"Feature","geometry":{"type":"Polygon","coordinates":[[[105.585,-5.165],[105.581,-5.1635],[105.564,-5.159],[105.5545,-5.167],[105.536,-5.177],[105.5355,-5.184],[105.547,-5.185],[105.549,-5.1945],[105.562,-5.182],[105.5765,-5.1785],[105.585,-5.165]]]},"properties":{"code":"18.07.11.2009","name":"Sukadana Baru","latitude":-5.173849720606781,"longitude":105.5598860440525}},{"type":"Feature","geometry":{"type":"Polygon","coordinates":[[[105.526,-5.182],[105.5235,-5.186],[105.5235,-5.187],[105.5255,-5.189],[105.529,-5.2005],[105.538,-5.2135],[105.5485,-5.216],[105.5485,-5.2145],[105.5535,-5.209],[105.549,-5.1945],[105.547,-5.185],[105.5355,-5.184],[105.526,-5.182]]]},"properties":{"code":"18.07.11.2010","name":"Nabang Baru","latitude":-5.197846734990041,"longitude":105.53930863836797}},{"type":"Feature","geometry":{"type":"Polygon","coordinates":[[[105.5765,-5.1785],[105.562,-5.182],[105.549,-5.1945],[105.5535,-5.209],[105.5485,-5.2145],[105.5485,-5.217],[105.5625,-5.22],[105.558,-5.231],[105.557,-5.2335],[105.568,-5.2265],[105.5745,-5.2225],[105.575,-5.219],[105.576,-5.2175],[105.582,-5.214],[105.5765,-5.194],[105.5765,-5.1785]]]},"properties":{"code":"18.07.11.2011","name":"Surya Mataram","latitude":-5.202370593166925,"longitude":105.56564648449192}},{"type":"Feature","geometry":{"type":"Polygon","coordinates":[[[105.5485,-5.216],[105.538,-5.2135],[105.535,-5.2235],[105.5335,-5.224],[105.534,-5.225],[105.534,-5.226],[105.534,-5.227],[105.5345,-5.228],[105.5405,-5.2335],[105.5485,-5.234],[105.557,-5.234],[105.557,-5.2335],[105.558,-5.231],[105.5625,-5.22],[105.5485,-5.217],[105.5485,-5.216]]]},"properties":{"code":"18.07.11.2012","name":"Gedungwani Timur","latitude":-5.225102608443747,"longitude":105.54784390149267}},{"type":"Feature","geometry":{"type":"Polygon","coordinates":[[[105.4795,-5.189],[105.472,-5.1945],[105.4705,-5.1955],[105.4675,-5.196],[105.466,-5.2165],[105.46,-5.2235],[105.4365,-5.2165],[105.437,-5.2195],[105.4365,-5.2215],[105.437,-5.223],[105.4355,-5.225],[105.4325,-5.233],[105.436,-5.2345],[105.4375,-5.2355],[105.436,-5.2375],[105.4355,-5.2375],[105.4345,-5.24],[105.434,-5.241],[105.434,-5.242],[105.434,-5.243],[105.4355,-5.243],[105.4345,-5.244],[105.432,-5.244],[105.4315,-5.2435],[105.4315,-5.245],[105.4325,-5.2465],[105.433,-5.2475],[105.4415,-5.244],[105.444,-5.245],[105.4485,-5.2505],[105.4495,-5.2515],[105.4525,-5.249],[105.4525,-5.248],[105.454,-5.2475],[105.4575,-5.248],[105.4595,-5.237],[105.4785,-5.2255],[105.4785,-5.225],[105.485,-5.2225],[105.4855,-5.217],[105.4855,-5.2145],[105.488,-5.205],[105.4875,-5.203],[105.4795,-5.189]]]},"properties":{"code":"18.07.11.2013","name":"Trisinar","latitude":-5.2231056181507975,"longitude":105.4606889652736}},{"type":"Feature","geometry":{"type":"Polygon","coordinates":[[[105.5925,-5.299],[105.5915,-5.2955],[105.5905,-5.292],[105.5905,-5.291],[105.587,-5.285],[105.5845,-5.2855],[105.579,-5.287],[105.5655,-5.292],[105.5535,-5.294],[105.549,-5.2975],[105.548,-5.2985],[105.5475,-5.2985],[105.549,-5.3],[105.5515,-5.3005],[105.5525,-5.301],[105.553,-5.3015],[105.556,-5.302],[105.5605,-5.3025],[105.5645,-5.3035],[105.565,-5.3025],[105.5665,-5.303],[105.575,-5.3015],[105.579,-5.3],[105.581,-5.301],[105.585,-5.3],[105.5925,-5.299]]]},"properties":{"code":"18.07.12.2001","name":"Pugung Raharjo","latitude":-5.2954592085682,"longitude":105.57256629178548}},{"type":"Feature","geometry":{"type":"Polygon","coordinates":[[[105.5345,-5.251],[105.5315,-5.24],[105.521,-5.243],[105.5155,-5.258],[105.503,-5.2755],[105.5035,-5.277],[105.506,-5.278],[105.512,-5.281],[105.513,-5.283],[105.514,-5.282],[105.515,-5.28],[105.524,-5.2695],[105.5245,-5.257],[105.5345,-5.251]]]},"properties":{"code":"18.07.12.2002","name":"Mengandung Sari","latitude":-5.260963072993026,"longitude":105.51871852571385}},{"type":"Feature","geometry":{"type":"Polygon","coordinates":[[[105.5345,-5.251],[105.5245,-5.257],[105.524,-5.2695],[105.515,-5.28],[105.516,-5.281],[105.516,-5.2885],[105.519,-5.287],[105.5195,-5.2885],[105.5165,-5.2955],[105.517,-5.2995],[105.5195,-5.2995],[105.52,-5.3055],[105.521,-5.307],[105.523,-5.3055],[105.525,-5.3035],[105.5255,-5.3035],[105.527,-5.301],[105.5335,-5.299],[105.5355,-5.2975],[105.535,-5.297],[105.534,-5.2855],[105.5355,-5.2845],[105.537,-5.2845],[105.54,-5.28],[105.5405,-5.278],[105.545,-5.276],[105.543,-5.2735],[105.546,-5.268],[105.5405,-5.2545],[105.5345,-5.251]]]},"properties":{"code":"18.07.12.2003","name":"Toba","latitude":-5.277176857405511,"longitude":105.52941253903383}},{"type":"Feature","geometry":{"type":"Polygon","coordinates":[[[105.574,-5.2595],[105.5735,-5.2595],[105.573,-5.259],[105.573,-5.2575],[105.5565,-5.239],[105.5525,-5.242],[105.552,-5.2495],[105.5405,-5.2545],[105.546,-5.268],[105.543,-5.2735],[105.545,-5.276],[105.548,-5.273],[105.554,-5.273],[105.5575,-5.271],[105.5655,-5.264],[105.568,-5.2595],[105.569,-5.2585],[105.5725,-5.2605],[105.573,-5.2605],[105.574,-5.2595]]]},"properties":{"code":"18.07.12.2004","name":"Banjar Agung","latitude":-5.258235539115454,"longitude":105.55515467208734}},{"type":"Feature","geometry":{"type":"Polygon","coordinates":[[[105.617,-5.2745],[105.6195,-5.2625],[105.611,-5.26],[105.594,-5.2465],[105.5915,-5.247],[105.5805,-5.262],[105.5795,-5.262],[105.576,-5.261],[105.574,-5.2595],[105.573,-5.2605],[105.5725,-5.2605],[105.569,-5.2585],[105.568,-5.2595],[105.5655,-5.264],[105.5575,-5.271],[105.554,-5.273],[105.548,-5.273],[105.5455,-5.2755],[105.5405,-5.278],[105.54,-5.28],[105.537,-5.2845],[105.5355,-5.2845],[105.534,-5.2855],[105.535,-5.297],[105.536,-5.299],[105.5405,-5.299],[105.542,-5.3005],[105.5475,-5.2985],[105.548,-5.2985],[105.549,-5.2975],[105.5535,-5.294],[105.5655,-5.292],[105.579,-5.287],[105.5845,-5.2855],[105.587,-5.285],[105.586,-5.2835],[105.614,-5.275],[105.617,-5.2745]]]},"properties":{"code":"18.07.12.2005","name":"Bojong","latitude":-5.2743864977841195,"longitude":105.57646409700853}},{"type":"Feature","geometry":{"type":"Polygon","coordinates":[[[105.515,-5.28],[105.514,-5.282],[105.513,-5.283],[105.512,-5.281],[105.506,-5.278],[105.5035,-5.277],[105.503,-5.2755],[105.4905,-5.288],[105.483,-5.2865],[105.4815,-5.286],[105.4835,-5.2875],[105.4845,-5.2885],[105.484,-5.302],[105.486,-5.3045],[105.4875,-5.305],[105.49,-5.3095],[105.516,-5.3205],[105.52,-5.3245],[105.5205,-5.3255],[105.5215,-5.3255],[105.5225,-5.3255],[105.524,-5.3245],[105.527,-5.325],[105.523,-5.321],[105.526,-5.318],[105.5265,-5.3185],[105.528,-5.3215],[105.5295,-5.32],[105.5315,-5.3105],[105.531,-5.31],[105.528,-5.31],[105.528,-5.3045],[105.525,-5.3035],[105.523,-5.3055],[105.521,-5.307],[105.52,-5.3055],[105.5195,-5.2995],[105.517,-5.2995],[105.5165,-5.2955],[105.5195,-5.2885],[105.519,-5.287],[105.516,-5.2885],[105.516,-5.281],[105.515,-5.28]]]},"properties":{"code":"18.07.12.2006","name":"Gunung Agung","latitude":-5.30011712981909,"longitude":105.5060841538514}},{"type":"Feature","geometry":{"type":"Polygon","coordinates":[[[105.4575,-5.248],[105.454,-5.2475],[105.4555,-5.276],[105.448,-5.2825],[105.449,-5.2835],[105.448,-5.284],[105.435,-5.2875],[105.4335,-5.289],[105.4305,-5.291],[105.4305,-5.292],[105.4165,-5.3005],[105.416,-5.301],[105.416,-5.3035],[105.4445,-5.305],[105.471,-5.3035],[105.4735,-5.302],[105.4775,-5.2875],[105.4785,-5.287],[105.4785,-5.2865],[105.4795,-5.286],[105.4795,-5.285],[105.477,-5.28],[105.4785,-5.2795],[105.479,-5.279],[105.479,-5.278],[105.4815,-5.274],[105.482,-5.272],[105.4825,-5.2705],[105.477,-5.2665],[105.4725,-5.2655],[105.4715,-5.266],[105.4705,-5.266],[105.469,-5.2645],[105.4685,-5.2645],[105.4675,-5.264],[105.466,-5.264],[105.4655,-5.2545],[105.4575,-5.248]]]},"properties":{"code":"18.07.12.2007","name":"Sindang Anom","latitude":-5.284854384801177,"longitude":105.45671279257142}},{"type":"Feature","geometry":{"type":"Polygon","coordinates":[[[105.607,-5.32],[105.607,-5.3185],[105.6065,-5.3165],[105.607,-5.3105],[105.6035,-5.31],[105.6015,-5.3065],[105.599,-5.3085],[105.593,-5.3045],[105.593,-5.303],[105.5925,-5.299],[105.585,-5.3],[105.581,-5.301],[105.579,-5.3],[105.575,-5.3015],[105.575,-5.3085],[105.5755,-5.3105],[105.577,-5.312],[105.578,-5.312],[105.5755,-5.3285],[105.584,-5.336],[105.5875,-5.337],[105.5915,-5.338],[105.5915,-5.3375],[105.605,-5.322],[105.6065,-5.3205],[105.607,-5.32]]]},"properties":{"code":"18.07.12.2008","name":"Bauh Gunung Sari","latitude":-5.3180522975745035,"longitude":105.58997901013467}},{"type":"Feature","geometry":{"type":"Polygon","coordinates":[[[105.5475,-5.2985],[105.542,-5.3005],[105.5405,-5.299],[105.536,-5.299],[105.5355,-5.2975],[105.5335,-5.299],[105.527,-5.301],[105.5255,-5.3035],[105.528,-5.3045],[105.528,-5.31],[105.531,-5.31],[105.5315,-5.3105],[105.5295,-5.32],[105.528,-5.3215],[105.5265,-5.3185],[105.526,-5.318],[105.523,-5.321],[105.527,-5.325],[105.524,-5.3245],[105.525,-5.328],[105.5255,-5.334],[105.526,-5.335],[105.5305,-5.3355],[105.5315,-5.3365],[105.53,-5.336],[105.5295,-5.3385],[105.5315,-5.3395],[105.5335,-5.3385],[105.5365,-5.338],[105.5405,-5.3395],[105.5435,-5.3375],[105.5445,-5.3355],[105.5455,-5.335],[105.5475,-5.3365],[105.549,-5.3315],[105.557,-5.3065],[105.557,-5.305],[105.556,-5.302],[105.553,-5.3015],[105.5525,-5.301],[105.5515,-5.3005],[105.549,-5.3],[105.5475,-5.2985]]]},"properties":{"code":"18.07.12.2009","name":"Gunung Pasir Jaya","latitude":-5.31769341974252,"longitude":105.53995502859458}},{"type":"Feature","geometry":{"type":"Polygon","coordinates":[[[105.575,-5.3015],[105.5665,-5.303],[105.565,-5.3025],[105.5645,-5.3035],[105.5605,-5.3025],[105.556,-5.302],[105.557,-5.305],[105.557,-5.3065],[105.549,-5.3315],[105.5475,-5.3365],[105.5455,-5.335],[105.5445,-5.3355],[105.5435,-5.3375],[105.543,-5.339],[105.558,-5.34],[105.5755,-5.3285],[105.578,-5.312],[105.577,-5.312],[105.5755,-5.3105],[105.575,-5.3085],[105.575,-5.3015]]]},"properties":{"code":"18.07.12.2010","name":"Gunung Sugih Besar","latitude":-5.321842606978563,"longitude":105.56375662237143}},{"type":"Feature","geometry":{"type":"Polygon","coordinates":[[[105.635,-5.2885],[105.635,-5.285],[105.634,-5.2795],[105.6335,-5.2765],[105.633,-5.275],[105.633,-5.271],[105.618,-5.274],[105.614,-5.275],[105.586,-5.2835],[105.588,-5.2865],[105.59,-5.29],[105.5915,-5.2945],[105.5925,-5.3],[105.593,-5.3045],[105.599,-5.3085],[105.6015,-5.3065],[105.6035,-5.31],[105.607,-5.3105],[105.6065,-5.3165],[105.607,-5.3185],[105.607,-5.32],[105.6075,-5.3195],[105.613,-5.32],[105.6185,-5.323],[105.626,-5.32],[105.632,-5.322],[105.6355,-5.315],[105.6355,-5.3135],[105.636,-5.3095],[105.636,-5.3],[105.6345,-5.29],[105.6345,-5.289],[105.635,-5.2885]]]},"properties":{"code":"18.07.12.2011","name":"Sidorejo","latitude":-5.296193207977329,"longitude":105.61555308167469}},{"type":"Feature","geometry":{"type":"Polygon","coordinates":[[[105.668,-5.327],[105.663,-5.311],[105.6485,-5.2945],[105.635,-5.294],[105.636,-5.3],[105.636,-5.3095],[105.6355,-5.3135],[105.6355,-5.315],[105.629,-5.328],[105.628,-5.3435],[105.6525,-5.3425],[105.657,-5.347],[105.668,-5.327]]]},"properties":{"code":"18.07.12.2012","name":"Brawijaya","latitude":-5.322026217757613,"longitude":105.64768879391491}},{"type":"Feature","geometry":{"type":"Polygon","coordinates":[[[105.584,-5.336],[105.5755,-5.3285],[105.558,-5.34],[105.543,-5.339],[105.5415,-5.34],[105.5335,-5.349],[105.543,-5.354],[105.5465,-5.3635],[105.5575,-5.3685],[105.567,-5.356],[105.566,-5.3555],[105.5745,-5.3515],[105.574,-5.3505],[105.573,-5.3505],[105.5655,-5.3495],[105.5665,-5.346],[105.568,-5.3465],[105.5775,-5.3375],[105.584,-5.336]]]},"properties":{"code":"18.07.12.2013","name":"Gunung Mulyo","latitude":-5.3491101625561575,"longitude":105.55712075145834}},{"type":"Feature","geometry":{"type":"Polygon","coordinates":[[[105.5805,-5.221],[105.576,-5.221],[105.568,-5.2265],[105.557,-5.234],[105.5485,-5.234],[105.5385,-5.2335],[105.538,-5.233],[105.537,-5.2335],[105.5315,-5.24],[105.5345,-5.251],[105.5405,-5.2545],[105.552,-5.2495],[105.5525,-5.242],[105.565,-5.2335],[105.5805,-5.221]]]},"properties":{"code":"18.07.12.2014","name":"Bumi Mulyo","latitude":-5.23986481446244,"longitude":105.54789830765299}},{"type":"Feature","geometry":{"type":"Polygon","coordinates":[[[105.6115,-5.2125],[105.6015,-5.2175],[105.587,-5.216],[105.565,-5.2335],[105.5565,-5.239],[105.573,-5.2575],[105.573,-5.259],[105.5735,-5.2595],[105.5745,-5.26],[105.576,-5.261],[105.5795,-5.262],[105.5805,-5.262],[105.5915,-5.247],[105.5965,-5.2465],[105.607,-5.2445],[105.608,-5.2435],[105.6085,-5.241],[105.6105,-5.239],[105.6285,-5.2335],[105.6255,-5.224],[105.624,-5.223],[105.6115,-5.2125]]]},"properties":{"code":"18.07.12.2015","name":"Purwokencono","latitude":-5.2344753133977635,"longitude":105.59121844577317}},{"type":"Feature","geometry":{"type":"Polygon","coordinates":[[[105.411,-5.0055],[105.4045,-5.001],[105.4035,-5.003],[105.392,-5.023],[105.3905,-5.0265],[105.3925,-5.032],[105.398,-5.0345],[105.3995,-5.036],[105.4,-5.0355],[105.3995,-5.035],[105.4015,-5.03],[105.4025,-5.03],[105.402,-5.031],[105.4025,-5.0325],[105.404,-5.0335],[105.41,-5.036],[105.4115,-5.0385],[105.413,-5.041],[105.4135,-5.041],[105.414,-5.0405],[105.4145,-5.041],[105.416,-5.041],[105.4165,-5.041],[105.4175,-5.042],[105.418,-5.0415],[105.419,-5.041],[105.4195,-5.0405],[105.4245,-5.035],[105.423,-5.0335],[105.418,-5.0255],[105.4195,-5.0245],[105.4205,-5.0225],[105.4215,-5.02],[105.4215,-5.0195],[105.424,-5.02],[105.4245,-5.021],[105.425,-5.021],[105.4255,-5.022],[105.426,-5.0215],[105.427,-5.022],[105.426,-5.022],[105.426,-5.023],[105.427,-5.0225],[105.431,-5.0235],[105.432,-5.022],[105.433,-5.0205],[105.433,-5.0185],[105.43,-5.015],[105.43,-5.013],[105.422,-5.011],[105.404,-5.017],[105.4045,-5.0085],[105.411,-5.0055]]]},"properties":{"code":"18.07.13.2001","name":"Sukaraja Nuban","latitude":-5.023020709824685,"longitude":105.41017214317391}},{"type":"Feature","geometry":{"type":"MultiPolygon","coordinates":[[[[105.35,-4.963],[105.3465,-4.9645],[105.333,-4.98],[105.329,-4.9895],[105.329,-4.99],[105.3275,-4.9925],[105.322,-5.001],[105.32,-5.005],[105.324,-5.006],[105.327,-5.0075],[105.3335,-5.01],[105.3345,-5.007],[105.3335,-5.0025],[105.337,-4.9905],[105.3545,-4.9795],[105.356,-4.9765],[105.3585,-4.971],[105.3605,-4.9665],[105.354,-4.9645],[105.35,-4.963]]],[[[105.368,-4.9555],[105.3665,-4.9555],[105.365,-4.9555],[105.3625,-4.963],[105.3615,-4.965],[105.3685,-4.967],[105.3725,-4.9685],[105.382,-4.972],[105.387,-4.9595],[105.387,-4.96],[105.386,-4.96],[105.3825,-4.9625],[105.381,-4.964],[105.3805,-4.9665],[105.3785,-4.966],[105.3725,-4.958],[105.37,-4.957],[105.368,-4.9555]]]]},"properties":{"code":"18.07.13.2002","name":"Purwosari","latitude":-4.979689915748796,"longitude":105.3471105692675}},{"type":"Feature","geometry":{"type":"Polygon","coordinates":[[[105.362,-4.9655],[105.3615,-4.965],[105.3605,-4.9665],[105.3585,-4.971],[105.356,-4.9765],[105.3545,-4.9795],[105.337,-4.9905],[105.3335,-5.0025],[105.3345,-5.007],[105.3335,-5.01],[105.335,-5.0105],[105.3365,-5.012],[105.337,-5.012],[105.3455,-5.0035],[105.3505,-4.9995],[105.352,-4.999],[105.35,-4.9945],[105.362,-4.9655]]]},"properties":{"code":"18.07.13.2003","name":"Tulung Balak","latitude":-4.993879517697538,"longitude":105.34487051681366}},{"type":"Feature","geometry":{"type":"Polygon","coordinates":[[[105.4015,-4.983],[105.4005,-4.9825],[105.3995,-4.9835],[105.398,-4.986],[105.3965,-4.9855],[105.396,-4.985],[105.3955,-4.9835],[105.3925,-4.9835],[105.392,-4.9835],[105.382,-4.988],[105.38,-4.9875],[105.38,-4.988],[105.3785,-4.989],[105.3725,-4.992],[105.3715,-4.992],[105.3715,-4.993],[105.3705,-4.9925],[105.3705,-4.9935],[105.3545,-5],[105.354,-4.9995],[105.3535,-4.999],[105.353,-4.998],[105.352,-4.999],[105.3505,-4.9995],[105.3455,-5.0035],[105.3635,-5.011],[105.3635,-5.0105],[105.373,-5.0085],[105.3895,-5.0145],[105.39,-5.0035],[105.4005,-4.987],[105.4005,-4.9845],[105.4015,-4.983]]]},"properties":{"code":"18.07.13.2004","name":"Kedaton","latitude":-4.999236143676905,"longitude":105.37754024484096}},{"type":"Feature","geometry":{"type":"Polygon","coordinates":[[[105.3735,-4.974],[105.3725,-4.9685],[105.3685,-4.967],[105.362,-4.9655],[105.35,-4.9945],[105.352,-4.999],[105.353,-4.998],[105.3535,-4.999],[105.354,-4.9995],[105.3545,-5],[105.3705,-4.9935],[105.3705,-4.9925],[105.3715,-4.993],[105.3715,-4.992],[105.3725,-4.992],[105.3785,-4.989],[105.38,-4.988],[105.38,-4.9875],[105.378,-4.988],[105.3765,-4.984],[105.3715,-4.9805],[105.3725,-4.9775],[105.3735,-4.974]]]},"properties":{"code":"18.07.13.2005","name":"Kedaton I","latitude":-4.9842584470751135,"longitude":105.36423978202397}},{"type":"Feature","geometry":{"type":"Polygon","coordinates":[[[105.396,-4.959],[105.392,-4.9595],[105.391,-4.9595],[105.3905,-4.9595],[105.3885,-4.96],[105.382,-4.972],[105.3735,-4.974],[105.3725,-4.9775],[105.3715,-4.9805],[105.3765,-4.984],[105.378,-4.988],[105.3795,-4.9875],[105.382,-4.988],[105.392,-4.9835],[105.3925,-4.9835],[105.3955,-4.9835],[105.396,-4.985],[105.3965,-4.9855],[105.398,-4.986],[105.3995,-4.9835],[105.401,-4.9815],[105.413,-4.965],[105.4125,-4.964],[105.4115,-4.963],[105.411,-4.961],[105.4095,-4.962],[105.4085,-4.962],[105.407,-4.962],[105.405,-4.9625],[105.4035,-4.96],[105.403,-4.9615],[105.4025,-4.9615],[105.399,-4.9605],[105.397,-4.9605],[105.396,-4.959]]]},"properties":{"code":"18.07.13.2006","name":"Kedaton II","latitude":-4.973197666534489,"longitude":105.3918384557303}},{"type":"Feature","geometry":{"type":"Polygon","coordinates":[[[105.3895,-5.0145],[105.373,-5.0085],[105.3635,-5.0105],[105.3635,-5.0125],[105.3645,-5.017],[105.365,-5.02],[105.3645,-5.0205],[105.3585,-5.021],[105.358,-5.022],[105.3585,-5.023],[105.366,-5.0255],[105.366,-5.0265],[105.367,-5.027],[105.368,-5.0265],[105.368,-5.025],[105.3685,-5.025],[105.3855,-5.0205],[105.3875,-5.02],[105.389,-5.021],[105.39,-5.0205],[105.389,-5.0195],[105.3895,-5.0145]]]},"properties":{"code":"18.07.13.2007","name":"Trisnomulyo","latitude":-5.016341280054209,"longitude":105.37329399583983}},{"type":"Feature","geometry":{"type":"Polygon","coordinates":[[[105.415,-4.9855],[105.414,-4.9855],[105.413,-4.9865],[105.4115,-4.987],[105.41,-4.988],[105.4065,-4.9855],[105.4015,-4.983],[105.4005,-4.9845],[105.4005,-4.987],[105.39,-5.0035],[105.3895,-5.0145],[105.389,-5.0195],[105.3915,-5.0225],[105.392,-5.023],[105.4035,-5.003],[105.4045,-5.001],[105.411,-5.0055],[105.42,-5.003],[105.421,-5.0015],[105.4155,-4.9895],[105.415,-4.988],[105.4145,-4.986],[105.415,-4.9855]]]},"properties":{"code":"18.07.13.2008","name":"Cempaka Nuban","latitude":-5.0005293458410405,"longitude":105.40278715655181}},{"type":"Feature","geometry":{"type":"MultiPolygon","coordinates":[[[[105.4265,-5.0365],[105.4275,-5.035],[105.428,-5.033],[105.428,-5.0325],[105.4265,-5.0315],[105.4235,-5.034],[105.4245,-5.035],[105.4195,-5.0405],[105.419,-5.041],[105.418,-5.0415],[105.4175,-5.042],[105.4165,-5.041],[105.416,-5.041],[105.4145,-5.041],[105.414,-5.0405],[105.4135,-5.041],[105.413,-5.0415],[105.412,-5.0455],[105.412,-5.047],[105.4065,-5.0575],[105.4105,-5.0585],[105.4105,-5.061],[105.4085,-5.065],[105.409,-5.066],[105.4105,-5.0655],[105.4115,-5.0655],[105.4125,-5.0645],[105.412,-5.0645],[105.4135,-5.063],[105.4225,-5.053],[105.424,-5.0525],[105.4245,-5.051],[105.425,-5.0505],[105.4255,-5.0495],[105.4255,-5.046],[105.425,-5.0435],[105.4265,-5.0365]]],[[[105.3875,-5.02],[105.3855,-5.0205],[105.3685,-5.025],[105.368,-5.025],[105.368,-5.0265],[105.3675,-5.027],[105.368,-5.0275],[105.3685,-5.03],[105.369,-5.0305],[105.3685,-5.0325],[105.3815,-5.041],[105.3825,-5.0415],[105.383,-5.0415],[105.3855,-5.0395],[105.3875,-5.036],[105.389,-5.037],[105.3895,-5.037],[105.389,-5.038],[105.399,-5.037],[105.3995,-5.0365],[105.3995,-5.036],[105.3985,-5.035],[105.3925,-5.032],[105.3905,-5.0265],[105.3915,-5.0225],[105.39,-5.0205],[105.389,-5.021],[105.3875,-5.02]]]]},"properties":{"code":"18.07.13.2009","name":"Gedung Dalem","latitude":-5.038620750364944,"longitude":105.397154369092}},{"type":"Feature","geometry":{"type":"Polygon","coordinates":[[[105.4605,-5.009],[105.46,-5.009],[105.457,-5.0095],[105.457,-5.0115],[105.449,-5.009],[105.447,-5.011],[105.4465,-5.012],[105.436,-5.019],[105.436,-5.0205],[105.4355,-5.021],[105.433,-5.0205],[105.432,-5.022],[105.431,-5.025],[105.432,-5.0265],[105.4315,-5.028],[105.43,-5.0285],[105.43,-5.03],[105.43,-5.0305],[105.428,-5.03],[105.4265,-5.0305],[105.4265,-5.0315],[105.428,-5.0325],[105.428,-5.033],[105.4275,-5.035],[105.4265,-5.0365],[105.425,-5.0435],[105.4255,-5.046],[105.4255,-5.0495],[105.425,-5.0505],[105.4245,-5.051],[105.424,-5.0525],[105.424,-5.053],[105.4245,-5.055],[105.4275,-5.056],[105.43,-5.055],[105.443,-5.033],[105.449,-5.03],[105.4515,-5.0315],[105.451,-5.0375],[105.453,-5.039],[105.467,-5.026],[105.4685,-5.027],[105.469,-5.0295],[105.4755,-5.034],[105.475,-5.0355],[105.4795,-5.0325],[105.474,-5.0175],[105.473,-5.0155],[105.4735,-5.0145],[105.475,-5.0125],[105.4605,-5.009]]]},"properties":{"code":"18.07.13.2010","name":"Bumi Jawa","latitude":-5.027435323930067,"longitude":105.44924159072085}},{"type":"Feature","geometry":{"type":"MultiPolygon","coordinates":[[[[105.439,-5.085],[105.4345,-5.082],[105.435,-5.092],[105.439,-5.1],[105.4415,-5.1005],[105.443,-5.1015],[105.458,-5.095],[105.458,-5.093],[105.4535,-5.0875],[105.439,-5.085]]],[[[105.449,-5.03],[105.443,-5.033],[105.43,-5.055],[105.4275,-5.056],[105.4245,-5.055],[105.424,-5.053],[105.4225,-5.053],[105.4135,-5.063],[105.412,-5.0645],[105.4125,-5.0645],[105.4115,-5.067],[105.4055,-5.0745],[105.404,-5.0755],[105.4075,-5.082],[105.407,-5.083],[105.4105,-5.087],[105.411,-5.088],[105.4165,-5.094],[105.4205,-5.096],[105.434,-5.08],[105.441,-5.0795],[105.4475,-5.0625],[105.455,-5.053],[105.4545,-5.0405],[105.451,-5.0375],[105.4515,-5.0315],[105.449,-5.03]]]]},"properties":{"code":"18.07.13.2011","name":"Gunung Tiga","latitude":-5.06946201448756,"longitude":105.4334631501007}},{"type":"Feature","geometry":{"type":"MultiPolygon","coordinates":[[[[105.4685,-5.027],[105.467,-5.026],[105.453,-5.039],[105.4545,-5.0405],[105.455,-5.053],[105.456,-5.0545],[105.456,-5.058],[105.4615,-5.0605],[105.4615,-5.062],[105.471,-5.0795],[105.473,-5.051],[105.472,-5.0465],[105.474,-5.045],[105.475,-5.043],[105.4755,-5.042],[105.474,-5.041],[105.474,-5.037],[105.4755,-5.034],[105.469,-5.0295],[105.4685,-5.027]]],[[[105.424,-5.02],[105.4215,-5.0195],[105.4215,-5.02],[105.4205,-5.0225],[105.4195,-5.0245],[105.418,-5.0255],[105.423,-5.0335],[105.4235,-5.034],[105.4265,-5.0305],[105.428,-5.03],[105.43,-5.0305],[105.43,-5.03],[105.43,-5.0285],[105.4315,-5.028],[105.432,-5.0265],[105.431,-5.025],[105.431,-5.0235],[105.427,-5.0225],[105.426,-5.023],[105.426,-5.022],[105.427,-5.022],[105.426,-5.0215],[105.4255,-5.022],[105.425,-5.021],[105.4245,-5.021],[105.424,-5.02]]]]},"properties":{"code":"18.07.13.2012","name":"Negara Ratu","latitude":-5.046907305094651,"longitude":105.45964185097196}},{"type":"Feature","geometry":{"type":"Polygon","coordinates":[[[105.471,-5.0795],[105.4615,-5.062],[105.4615,-5.0605],[105.456,-5.058],[105.456,-5.0545],[105.455,-5.053],[105.4475,-5.0625],[105.441,-5.0795],[105.434,-5.08],[105.4205,-5.096],[105.4195,-5.097],[105.421,-5.099],[105.435,-5.092],[105.4345,-5.082],[105.439,-5.085],[105.4535,-5.0875],[105.458,-5.093],[105.458,-5.0945],[105.46,-5.0945],[105.4645,-5.0945],[105.465,-5.095],[105.466,-5.095],[105.4665,-5.0935],[105.467,-5.093],[105.4685,-5.09],[105.4685,-5.084],[105.47,-5.0805],[105.471,-5.0795]]]},"properties":{"code":"18.07.13.2013","name":"Sukacari","latitude":-5.077884084571998,"longitude":105.45258719873786}},{"type":"Feature","geometry":{"type":"Polygon","coordinates":[[[105.496,-5.0905],[105.492,-5.092],[105.4705,-5.09],[105.467,-5.093],[105.4665,-5.0935],[105.466,-5.095],[105.465,-5.095],[105.4655,-5.107],[105.4765,-5.114],[105.4935,-5.1175],[105.5,-5.118],[105.505,-5.1095],[105.498,-5.1075],[105.497,-5.096],[105.496,-5.094],[105.496,-5.0905]]]},"properties":{"code":"18.07.14.2001","name":"Donomulyo","latitude":-5.103475218027167,"longitude":105.48386416793213}},{"type":"Feature","geometry":{"type":"Polygon","coordinates":[[[105.529,-5.116],[105.5285,-5.111],[105.523,-5.0835],[105.5215,-5.081],[105.5195,-5.08],[105.519,-5.0805],[105.5155,-5.083],[105.5145,-5.0905],[105.5145,-5.091],[105.5125,-5.1035],[105.5125,-5.104],[105.5115,-5.105],[105.5125,-5.106],[105.5125,-5.1065],[105.513,-5.1075],[105.5135,-5.108],[105.5155,-5.1175],[105.517,-5.1175],[105.529,-5.116]]]},"properties":{"code":"18.07.14.2002","name":"Nyampir","latitude":-5.10161257458053,"longitude":105.52002694772632}},{"type":"Feature","geometry":{"type":"Polygon","coordinates":[[[105.527,-5.0805],[105.526,-5.08],[105.525,-5.0795],[105.523,-5.079],[105.5215,-5.0785],[105.5205,-5.079],[105.52,-5.079],[105.5195,-5.079],[105.5195,-5.08],[105.5215,-5.081],[105.523,-5.0835],[105.5285,-5.111],[105.529,-5.116],[105.534,-5.126],[105.535,-5.1265],[105.5365,-5.1275],[105.5395,-5.1295],[105.543,-5.1245],[105.5495,-5.104],[105.549,-5.1025],[105.546,-5.0945],[105.544,-5.0895],[105.544,-5.0875],[105.5435,-5.087],[105.543,-5.084],[105.543,-5.0845],[105.5425,-5.086],[105.537,-5.0865],[105.535,-5.086],[105.5305,-5.0825],[105.528,-5.083],[105.5265,-5.0805],[105.527,-5.0805]]]},"properties":{"code":"18.07.14.2003","name":"Bumi Tinggi","latitude":-5.103279879654864,"longitude":105.5364631409709}},{"type":"Feature","geometry":{"type":"Polygon","coordinates":[[[105.5765,-5.119],[105.5755,-5.1185],[105.575,-5.118],[105.575,-5.108],[105.5625,-5.0965],[105.5625,-5.0895],[105.548,-5.0815],[105.5465,-5.0835],[105.5445,-5.0835],[105.5435,-5.0845],[105.5435,-5.084],[105.543,-5.084],[105.5435,-5.087],[105.544,-5.0875],[105.544,-5.0895],[105.546,-5.0945],[105.549,-5.1025],[105.5495,-5.104],[105.543,-5.1245],[105.551,-5.135],[105.564,-5.129],[105.575,-5.132],[105.574,-5.1205],[105.5765,-5.119]]]},"properties":{"code":"18.07.14.2004","name":"Lehan","latitude":-5.111581267515847,"longitude":105.55904618429904}},{"type":"Feature","geometry":{"type":"Polygon","coordinates":[[[105.435,-5.092],[105.421,-5.099],[105.4225,-5.101],[105.4255,-5.1025],[105.4265,-5.104],[105.4355,-5.117],[105.441,-5.115],[105.4435,-5.114],[105.4415,-5.1085],[105.4405,-5.1045],[105.4405,-5.1005],[105.439,-5.1],[105.435,-5.092]]]},"properties":{"code":"18.07.14.2005","name":"Marga Mulya","latitude":-5.104203038464468,"longitude":105.43311693513174}},{"type":"Feature","geometry":{"type":"Polygon","coordinates":[[[105.543,-5.1245],[105.5395,-5.1295],[105.5365,-5.1275],[105.535,-5.1265],[105.5365,-5.134],[105.539,-5.1505],[105.547,-5.156],[105.5605,-5.1565],[105.561,-5.1575],[105.5625,-5.16],[105.564,-5.159],[105.581,-5.1635],[105.585,-5.165],[105.59,-5.1395],[105.5805,-5.134],[105.575,-5.132],[105.564,-5.129],[105.551,-5.135],[105.543,-5.1245]]]},"properties":{"code":"18.07.14.2006","name":"Catur Swako","latitude":-5.144496027807158,"longitude":105.56352338415527}},{"type":"Feature","geometry":{"type":"Polygon","coordinates":[[[105.5145,-5.09],[105.5135,-5.089],[105.5105,-5.09],[105.4985,-5.09],[105.4985,-5.0905],[105.496,-5.0905],[105.496,-5.094],[105.497,-5.096],[105.498,-5.1075],[105.5055,-5.1095],[105.509,-5.106],[105.5115,-5.106],[105.512,-5.1055],[105.512,-5.105],[105.5115,-5.105],[105.5125,-5.104],[105.5125,-5.1035],[105.5145,-5.091],[105.5145,-5.09]]]},"properties":{"code":"18.07.14.2007","name":"Mulyo Asri","latitude":-5.098373302474439,"longitude":105.50482108783967}},{"type":"Feature","geometry":{"type":"Polygon","coordinates":[[[105.761,-5.3135],[105.758,-5.307],[105.7555,-5.303],[105.7215,-5.3055],[105.716,-5.3185],[105.737,-5.317],[105.737,-5.3245],[105.758,-5.323],[105.761,-5.3135]]]},"properties":{"code":"18.07.15.2001","name":"Sribhawono","latitude":-5.313182064440085,"longitude":105.74118081868052}},{"type":"Feature","geometry":{"type":"MultiPolygon","coordinates":[[[[105.6345,-5.29],[105.635,-5.292],[105.635,-5.29],[105.635,-5.289],[105.6345,-5.289],[105.6345,-5.29]]],[[[105.687,-5.2165],[105.6705,-5.219],[105.6285,-5.226],[105.6255,-5.224],[105.6285,-5.2335],[105.6105,-5.239],[105.6085,-5.241],[105.608,-5.2435],[105.607,-5.2445],[105.5965,-5.2465],[105.594,-5.2465],[105.611,-5.26],[105.6195,-5.2625],[105.617,-5.2745],[105.618,-5.274],[105.633,-5.271],[105.633,-5.275],[105.6335,-5.2765],[105.634,-5.2795],[105.635,-5.285],[105.635,-5.2885],[105.653,-5.2815],[105.698,-5.272],[105.702,-5.289],[105.7255,-5.288],[105.725,-5.286],[105.722,-5.282],[105.7175,-5.2645],[105.7125,-5.2605],[105.6975,-5.257],[105.6945,-5.2245],[105.689,-5.2235],[105.687,-5.2165]]]]},"properties":{"code":"18.07.15.2002","name":"Sadar Sriwijaya","latitude":-5.253090407153691,"longitude":105.66152234690125}},{"type":"Feature","geometry":{"type":"Polygon","coordinates":[[[105.7555,-5.303],[105.754,-5.3005],[105.7565,-5.2945],[105.756,-5.293],[105.7415,-5.282],[105.74,-5.283],[105.7385,-5.284],[105.73,-5.291],[105.726,-5.2905],[105.7255,-5.289],[105.7255,-5.288],[105.7225,-5.294],[105.722,-5.296],[105.722,-5.2975],[105.7215,-5.3055],[105.7555,-5.303]]]},"properties":{"code":"18.07.15.2003","name":"Srimenanti","latitude":-5.2963895271533925,"longitude":105.73830106970549}},{"type":"Feature","geometry":{"type":"Polygon","coordinates":[[[105.7255,-5.288],[105.702,-5.289],[105.703,-5.3105],[105.7065,-5.3225],[105.706,-5.3315],[105.708,-5.3355],[105.7125,-5.3385],[105.7125,-5.331],[105.716,-5.3185],[105.7215,-5.3055],[105.722,-5.2975],[105.722,-5.296],[105.7225,-5.294],[105.7255,-5.288]]]},"properties":{"code":"18.07.15.2004","name":"Sripendowo","latitude":-5.3065580381828035,"longitude":105.71226848454413}},{"type":"Feature","geometry":{"type":"Polygon","coordinates":[[[105.737,-5.3245],[105.737,-5.317],[105.716,-5.3185],[105.7125,-5.331],[105.7125,-5.342],[105.7355,-5.342],[105.737,-5.3245]]]},"properties":{"code":"18.07.15.2005","name":"Waringin Jaya","latitude":-5.329724744590103,"longitude":105.72498542024758}},{"type":"Feature","geometry":{"type":"Polygon","coordinates":[[[105.702,-5.289],[105.698,-5.272],[105.653,-5.2815],[105.635,-5.289],[105.635,-5.294],[105.6485,-5.2945],[105.663,-5.311],[105.668,-5.327],[105.671,-5.3275],[105.7065,-5.3225],[105.703,-5.3105],[105.702,-5.289]]]},"properties":{"code":"18.07.15.2006","name":"Bandar Agung","latitude":-5.298367343699725,"longitude":105.67821787080322}},{"type":"Feature","geometry":{"type":"Polygon","coordinates":[[[105.711,-5.2265],[105.6975,-5.225],[105.6945,-5.2245],[105.6975,-5.257],[105.7125,-5.2605],[105.712,-5.253],[105.711,-5.2455],[105.711,-5.2385],[105.711,-5.2265]]]},"properties":{"code":"18.07.15.2007","name":"Mekar Jaya","latitude":-5.240288452837666,"longitude":105.70383062516729}},{"type":"Feature","geometry":{"type":"Polygon","coordinates":[[[105.779,-5.2785],[105.7665,-5.2785],[105.754,-5.2725],[105.7535,-5.2725],[105.7535,-5.2735],[105.746,-5.28],[105.7415,-5.2815],[105.7415,-5.282],[105.756,-5.293],[105.7565,-5.2945],[105.754,-5.3005],[105.758,-5.307],[105.761,-5.3135],[105.771,-5.298],[105.779,-5.2945],[105.7805,-5.294],[105.7795,-5.293],[105.7785,-5.292],[105.779,-5.291],[105.777,-5.291],[105.779,-5.2785]]]},"properties":{"code":"18.07.16.2001","name":"Mataram Baru","latitude":-5.289535376894799,"longitude":105.76217434895327}},{"type":"Feature","geometry":{"type":"Polygon","coordinates":[[[105.7475,-5.2585],[105.745,-5.2575],[105.7355,-5.2615],[105.7255,-5.2565],[105.7125,-5.2605],[105.7175,-5.2645],[105.722,-5.282],[105.725,-5.286],[105.7255,-5.289],[105.726,-5.2905],[105.73,-5.291],[105.7385,-5.284],[105.74,-5.283],[105.7415,-5.2815],[105.746,-5.28],[105.7535,-5.2735],[105.7535,-5.2725],[105.7515,-5.273],[105.7475,-5.2585]]]},"properties":{"code":"18.07.16.2002","name":"Rajabasa Baru","latitude":-5.27194809816881,"longitude":105.73368225433038}},{"type":"Feature","geometry":{"type":"Polygon","coordinates":[[[105.756,-5.2345],[105.7375,-5.2355],[105.7355,-5.237],[105.735,-5.2375],[105.725,-5.252],[105.712,-5.252],[105.712,-5.253],[105.7125,-5.2605],[105.7255,-5.2565],[105.7355,-5.2615],[105.745,-5.2575],[105.7485,-5.259],[105.7525,-5.257],[105.7525,-5.255],[105.752,-5.255],[105.7595,-5.243],[105.766,-5.2445],[105.771,-5.244],[105.7725,-5.2425],[105.776,-5.243],[105.775,-5.2415],[105.7745,-5.2415],[105.757,-5.2355],[105.7565,-5.235],[105.756,-5.2345]]]},"properties":{"code":"18.07.16.2003","name":"Teluk Dalem","latitude":-5.247680458805035,"longitude":105.74187780010237}},{"type":"Feature","geometry":{"type":"Polygon","coordinates":[[[105.7355,-5.2375],[105.737,-5.232],[105.7365,-5.231],[105.732,-5.2295],[105.7275,-5.2345],[105.711,-5.2385],[105.711,-5.2455],[105.712,-5.252],[105.725,-5.252],[105.735,-5.2375],[105.7355,-5.2375]]]},"properties":{"code":"18.07.16.2004","name":"Way Areng","latitude":-5.242285168287585,"longitude":105.72270970641813}},{"type":"Feature","geometry":{"type":"Polygon","coordinates":[[[105.758,-5.323],[105.769,-5.3125],[105.795,-5.3],[105.802,-5.3015],[105.807,-5.2915],[105.807,-5.2895],[105.8055,-5.29],[105.8055,-5.293],[105.798,-5.297],[105.7815,-5.293],[105.781,-5.2935],[105.779,-5.2945],[105.771,-5.298],[105.761,-5.3135],[105.758,-5.323]]]},"properties":{"code":"18.07.16.2005","name":"Tulung Pasik","latitude":-5.303067162256072,"longitude":105.78023707160733}},{"type":"Feature","geometry":{"type":"Polygon","coordinates":[[[105.807,-5.2895],[105.8085,-5.2835],[105.799,-5.273],[105.7935,-5.276],[105.79,-5.277],[105.786,-5.279],[105.783,-5.2785],[105.782,-5.2785],[105.779,-5.2785],[105.777,-5.291],[105.779,-5.291],[105.7785,-5.292],[105.7795,-5.293],[105.7805,-5.294],[105.7815,-5.293],[105.798,-5.297],[105.8055,-5.293],[105.8055,-5.29],[105.807,-5.2895]]]},"properties":{"code":"18.07.16.2006","name":"Mandala Sari","latitude":-5.285970123691261,"longitude":105.79269536467996}},{"type":"Feature","geometry":{"type":"Polygon","coordinates":[[[105.8,-5.2415],[105.799,-5.239],[105.798,-5.239],[105.797,-5.239],[105.7955,-5.238],[105.7935,-5.236],[105.7905,-5.2355],[105.789,-5.236],[105.788,-5.2385],[105.788,-5.2395],[105.7885,-5.242],[105.787,-5.243],[105.7805,-5.2565],[105.7745,-5.2565],[105.772,-5.256],[105.768,-5.2645],[105.779,-5.2645],[105.78,-5.273],[105.7845,-5.2735],[105.785,-5.279],[105.786,-5.279],[105.7865,-5.279],[105.79,-5.277],[105.7935,-5.276],[105.799,-5.2725],[105.8065,-5.26],[105.8085,-5.2565],[105.796,-5.252],[105.7985,-5.2435],[105.8,-5.2415]]]},"properties":{"code":"18.07.16.2007","name":"Kebon Damar","latitude":-5.259248957754154,"longitude":105.78938045310281}},{"type":"Feature","geometry":{"type":"Polygon","coordinates":[[[105.7125,-5.3385],[105.708,-5.3355],[105.706,-5.3315],[105.7065,-5.3225],[105.671,-5.3275],[105.6765,-5.342],[105.693,-5.3705],[105.692,-5.351],[105.7195,-5.376],[105.7305,-5.3825],[105.745,-5.3705],[105.7485,-5.372],[105.7495,-5.372],[105.753,-5.373],[105.7555,-5.3685],[105.7585,-5.368],[105.757,-5.3675],[105.7595,-5.358],[105.774,-5.352],[105.77,-5.3425],[105.7625,-5.341],[105.758,-5.323],[105.737,-5.3245],[105.7355,-5.342],[105.7125,-5.342],[105.7125,-5.3385]]]},"properties":{"code":"18.07.17.2001","name":"Wana","latitude":-5.349362000851092,"longitude":105.72369440527143}},{"type":"Feature","geometry":{"type":"Polygon","coordinates":[[[105.774,-5.352],[105.7595,-5.358],[105.757,-5.3675],[105.762,-5.369],[105.7815,-5.372],[105.786,-5.373],[105.788,-5.3735],[105.788,-5.373],[105.789,-5.3725],[105.79,-5.3705],[105.7915,-5.371],[105.7935,-5.3735],[105.804,-5.393],[105.804,-5.3875],[105.805,-5.377],[105.806,-5.3695],[105.806,-5.366],[105.789,-5.362],[105.774,-5.352]]]},"properties":{"code":"18.07.17.2002","name":"Tanjung Aji","latitude":-5.365794556440917,"longitude":105.78237822626382}},{"type":"Feature","geometry":{"type":"Polygon","coordinates":[[[105.788,-5.3735],[105.786,-5.373],[105.7815,-5.372],[105.762,-5.369],[105.7585,-5.368],[105.7555,-5.3685],[105.7525,-5.3745],[105.752,-5.377],[105.741,-5.395],[105.776,-5.3975],[105.7835,-5.4075],[105.784,-5.405],[105.79,-5.379],[105.788,-5.374],[105.788,-5.3735]]]},"properties":{"code":"18.07.17.2003","name":"Tebing","latitude":-5.384707703329898,"longitude":105.76840407480636}},{"type":"Feature","geometry":{"type":"Polygon","coordinates":[[[105.804,-5.393],[105.7935,-5.3735],[105.7915,-5.371],[105.79,-5.3705],[105.789,-5.3725],[105.788,-5.373],[105.788,-5.374],[105.79,-5.379],[105.784,-5.405],[105.7835,-5.4075],[105.802,-5.4065],[105.803,-5.407],[105.804,-5.393]]]},"properties":{"code":"18.07.17.2004","name":"Sido Makmur","latitude":-5.392066899429024,"longitude":105.79405867055578}},{"type":"Feature","geometry":{"type":"Polygon","coordinates":[[[105.7305,-5.3825],[105.7195,-5.376],[105.692,-5.351],[105.693,-5.3705],[105.717,-5.407],[105.7345,-5.416],[105.7305,-5.3825]]]},"properties":{"code":"18.07.17.2005","name":"Itik Renday","latitude":-5.384290911610044,"longitude":105.71316526527833}},{"type":"Feature","geometry":{"type":"Polygon","coordinates":[[[105.753,-5.373],[105.7495,-5.372],[105.7485,-5.372],[105.745,-5.3705],[105.7305,-5.3825],[105.7345,-5.416],[105.7365,-5.42],[105.7435,-5.418],[105.741,-5.395],[105.752,-5.377],[105.7525,-5.3745],[105.753,-5.373]]]},"properties":{"code":"18.07.17.2006","name":"Sumber Hadi","latitude":-5.392412878780601,"longitude":105.73957506090895}},{"type":"Feature","geometry":{"type":"Polygon","coordinates":[[[105.769,-5.4455],[105.766,-5.4465],[105.7625,-5.448],[105.762,-5.449],[105.7485,-5.449],[105.74,-5.45],[105.745,-5.4665],[105.7445,-5.471],[105.7425,-5.4765],[105.741,-5.476],[105.7405,-5.477],[105.7405,-5.4785],[105.7425,-5.4775],[105.746,-5.4755],[105.752,-5.4745],[105.7595,-5.475],[105.7665,-5.4715],[105.7715,-5.4695],[105.7815,-5.471],[105.783,-5.4705],[105.784,-5.47],[105.7855,-5.47],[105.786,-5.467],[105.792,-5.4565],[105.7865,-5.4555],[105.7835,-5.4545],[105.7695,-5.446],[105.769,-5.4455]]]},"properties":{"code":"18.07.18.2001","name":"Negeri Agung","latitude":-5.460572729438045,"longitude":105.7643117674874}},{"type":"Feature","geometry":{"type":"Polygon","coordinates":[[[105.762,-5.4485],[105.7615,-5.4485],[105.761,-5.4465],[105.7605,-5.443],[105.76,-5.438],[105.753,-5.4305],[105.7315,-5.429],[105.723,-5.4445],[105.7315,-5.451],[105.7325,-5.451],[105.74,-5.45],[105.7485,-5.449],[105.762,-5.449],[105.762,-5.4485]]]},"properties":{"code":"18.07.18.2002","name":"Pempen","latitude":-5.4399887689476625,"longitude":105.74208769788437}},{"type":"Feature","geometry":{"type":"Polygon","coordinates":[[[105.78,-5.4295],[105.761,-5.423],[105.76,-5.426],[105.7655,-5.4425],[105.767,-5.4455],[105.769,-5.4455],[105.7685,-5.445],[105.78,-5.439],[105.78,-5.4295]]]},"properties":{"code":"18.07.18.2003","name":"Way Mili","latitude":-5.433108939700059,"longitude":105.7698254191909}},{"type":"Feature","geometry":{"type":"MultiPolygon","coordinates":[[[[105.7925,-5.443],[105.794,-5.4365],[105.796,-5.4275],[105.794,-5.427],[105.78,-5.4295],[105.78,-5.439],[105.7685,-5.445],[105.7695,-5.446],[105.7835,-5.4545],[105.7865,-5.4555],[105.79,-5.456],[105.7905,-5.453],[105.7925,-5.443]]],[[[105.7515,-5.421],[105.7435,-5.418],[105.7365,-5.42],[105.7315,-5.429],[105.753,-5.4305],[105.76,-5.438],[105.7605,-5.443],[105.761,-5.4465],[105.7615,-5.4485],[105.762,-5.4485],[105.7625,-5.448],[105.766,-5.4465],[105.767,-5.4455],[105.7655,-5.4425],[105.76,-5.426],[105.7605,-5.425],[105.7525,-5.4215],[105.7515,-5.421]]]]},"properties":{"code":"18.07.18.2004","name":"Pelindung Jaya","latitude":-5.435654844828451,"longitude":105.76979182491665}},{"type":"Feature","geometry":{"type":"Polygon","coordinates":[[[105.7835,-5.4075],[105.776,-5.3975],[105.741,-5.395],[105.7435,-5.418],[105.7515,-5.421],[105.7525,-5.4215],[105.7605,-5.425],[105.761,-5.423],[105.78,-5.4295],[105.794,-5.427],[105.8025,-5.419],[105.8025,-5.418],[105.803,-5.4155],[105.803,-5.4125],[105.803,-5.4115],[105.8035,-5.409],[105.803,-5.408],[105.804,-5.4075],[105.802,-5.4065],[105.7835,-5.4075]]]},"properties":{"code":"18.07.18.2005","name":"Nibung","latitude":-5.411803546660426,"longitude":105.77020474801186}},{"type":"Feature","geometry":{"type":"Polygon","coordinates":[[[105.8225,-5.473],[105.804,-5.471],[105.802,-5.474],[105.788,-5.473],[105.7845,-5.4735],[105.783,-5.48],[105.779,-5.504],[105.783,-5.5045],[105.787,-5.498],[105.8225,-5.501],[105.8225,-5.473]]]},"properties":{"code":"18.07.19.2001","name":"Pasir Sakti","latitude":-5.486824772828281,"longitude":105.80143631452546}},{"type":"Feature","geometry":{"type":"Polygon","coordinates":[[[105.8225,-5.501],[105.787,-5.498],[105.783,-5.5045],[105.777,-5.5035],[105.767,-5.5055],[105.7625,-5.506],[105.749,-5.5225],[105.773,-5.524],[105.787,-5.524],[105.8165,-5.526],[105.8235,-5.5125],[105.8225,-5.501]]]},"properties":{"code":"18.07.19.2002","name":"Mulyo Sari","latitude":-5.5130337333273145,"longitude":105.79117614423797}},{"type":"Feature","geometry":{"type":"Polygon","coordinates":[[[105.8165,-5.526],[105.792,-5.5245],[105.7845,-5.524],[105.784,-5.5315],[105.7845,-5.5535],[105.784,-5.556],[105.8185,-5.5555],[105.819,-5.5555],[105.8195,-5.5555],[105.8205,-5.5555],[105.823,-5.539],[105.8165,-5.526]]]},"properties":{"code":"18.07.19.2003","name":"Purworejo","latitude":-5.540867373339129,"longitude":105.80190921257197}},{"type":"Feature","geometry":{"type":"Polygon","coordinates":[[[105.7845,-5.524],[105.773,-5.524],[105.749,-5.5225],[105.727,-5.5465],[105.7305,-5.55],[105.736,-5.5565],[105.7455,-5.548],[105.7845,-5.5535],[105.784,-5.5315],[105.7845,-5.524]]]},"properties":{"code":"18.07.19.2004","name":"Rejo Mulyo","latitude":-5.538899081397748,"longitude":105.75997625428421}},{"type":"Feature","geometry":{"type":"Polygon","coordinates":[[[105.7845,-5.5535],[105.7455,-5.548],[105.7365,-5.556],[105.7385,-5.5665],[105.751,-5.581],[105.7745,-5.5745],[105.776,-5.5745],[105.7765,-5.574],[105.7815,-5.5735],[105.7845,-5.5535]]]},"properties":{"code":"18.07.19.2005","name":"Kedung Ringin","latitude":-5.563735029738188,"longitude":105.76072395026208}},{"type":"Feature","geometry":{"type":"Polygon","coordinates":[[[105.8185,-5.5555],[105.784,-5.556],[105.7815,-5.5735],[105.7765,-5.574],[105.776,-5.575],[105.7755,-5.5795],[105.776,-5.5825],[105.7835,-5.5935],[105.7855,-5.609],[105.786,-5.609],[105.7875,-5.6095],[105.7905,-5.6135],[105.792,-5.6145],[105.793,-5.614],[105.7915,-5.6085],[105.7995,-5.593],[105.801,-5.588],[105.818,-5.5755],[105.8185,-5.5555]]]},"properties":{"code":"18.07.19.2006","name":"Labuhan Ratu","latitude":-5.576364858811423,"longitude":105.79650883939051}},{"type":"Feature","geometry":{"type":"Polygon","coordinates":[[[105.776,-5.5745],[105.7745,-5.5745],[105.751,-5.581],[105.745,-5.574],[105.7405,-5.5775],[105.733,-5.5885],[105.734,-5.59],[105.7335,-5.5905],[105.732,-5.5905],[105.7305,-5.59],[105.7295,-5.5885],[105.73,-5.586],[105.7265,-5.59],[105.727,-5.5915],[105.7245,-5.5935],[105.726,-5.595],[105.7275,-5.595],[105.733,-5.5935],[105.7365,-5.592],[105.7365,-5.5925],[105.7365,-5.5935],[105.733,-5.6],[105.7345,-5.601],[105.738,-5.596],[105.741,-5.597],[105.7385,-5.6],[105.738,-5.601],[105.739,-5.602],[105.7405,-5.602],[105.7425,-5.6],[105.744,-5.597],[105.7505,-5.598],[105.755,-5.591],[105.756,-5.591],[105.757,-5.5925],[105.757,-5.5985],[105.7545,-5.6055],[105.755,-5.6095],[105.758,-5.608],[105.76,-5.6155],[105.7745,-5.621],[105.7785,-5.6165],[105.784,-5.617],[105.786,-5.6145],[105.7855,-5.609],[105.7835,-5.5935],[105.776,-5.5825],[105.7755,-5.5795],[105.776,-5.575],[105.776,-5.5745]]]},"properties":{"code":"18.07.19.2007","name":"Sumur Kucing","latitude":-5.595179624558975,"longitude":105.76182976164066}},{"type":"Feature","geometry":{"type":"Polygon","coordinates":[[[105.7855,-5.47],[105.784,-5.47],[105.783,-5.4705],[105.7815,-5.471],[105.7715,-5.4695],[105.7665,-5.4715],[105.7655,-5.4755],[105.7645,-5.4955],[105.7665,-5.4975],[105.767,-5.5055],[105.777,-5.5035],[105.779,-5.504],[105.783,-5.48],[105.7855,-5.47]]]},"properties":{"code":"18.07.19.2008","name":"Mekar Sari","latitude":-5.486377498767079,"longitude":105.77355372263843}},{"type":"Feature","geometry":{"type":"Polygon","coordinates":[[[105.618,-5.4295],[105.616,-5.424],[105.618,-5.418],[105.6135,-5.405],[105.6105,-5.404],[105.6105,-5.4015],[105.5995,-5.411],[105.598,-5.4125],[105.5925,-5.412],[105.5905,-5.413],[105.582,-5.4245],[105.579,-5.427],[105.5725,-5.431],[105.5725,-5.4325],[105.5755,-5.433],[105.5775,-5.432],[105.6025,-5.44],[105.604,-5.436],[105.6155,-5.4355],[105.616,-5.431],[105.618,-5.4295]]]},"properties":{"code":"18.07.20.2001","name":"Sumberejo","latitude":-5.4232557475905585,"longitude":105.60079522411995}},{"type":"Feature","geometry":{"type":"Polygon","coordinates":[[[105.548,-5.429],[105.544,-5.4265],[105.5325,-5.4255],[105.5275,-5.436],[105.5265,-5.449],[105.517,-5.461],[105.528,-5.4685],[105.537,-5.4535],[105.5455,-5.452],[105.545,-5.451],[105.548,-5.433],[105.548,-5.429]]]},"properties":{"code":"18.07.20.2002","name":"Ngesti Karya","latitude":-5.44529284980071,"longitude":105.5335742654689}},{"type":"Feature","geometry":{"type":"Polygon","coordinates":[[[105.552,-5.398],[105.5465,-5.377],[105.5365,-5.383],[105.5295,-5.3765],[105.5265,-5.376],[105.5245,-5.376],[105.525,-5.3765],[105.5295,-5.3875],[105.5295,-5.39],[105.5295,-5.397],[105.5255,-5.4035],[105.54,-5.4105],[105.542,-5.4105],[105.5485,-5.4085],[105.5495,-5.4085],[105.55,-5.4075],[105.5515,-5.407],[105.5515,-5.4025],[105.552,-5.398]]]},"properties":{"code":"18.07.20.2003","name":"Tri Tunggal","latitude":-5.3932663640716845,"longitude":105.53936352968313}},{"type":"Feature","geometry":{"type":"Polygon","coordinates":[[[105.6015,-5.4535],[105.592,-5.4545],[105.589,-5.4635],[105.5875,-5.476],[105.5945,-5.478],[105.5975,-5.482],[105.5995,-5.483],[105.6,-5.4865],[105.606,-5.486],[105.6105,-5.488],[105.6155,-5.4905],[105.6165,-5.492],[105.6235,-5.4855],[105.6205,-5.4665],[105.6185,-5.466],[105.6145,-5.457],[105.6015,-5.4535]]]},"properties":{"code":"18.07.20.2004","name":"Sidorahayu","latitude":-5.47110200166012,"longitude":105.60549514800297}},{"type":"Feature","geometry":{"type":"Polygon","coordinates":[[[105.5745,-5.3515],[105.566,-5.3555],[105.567,-5.356],[105.5575,-5.3685],[105.5465,-5.3635],[105.543,-5.354],[105.5335,-5.349],[105.531,-5.352],[105.523,-5.373],[105.524,-5.3755],[105.5245,-5.376],[105.5265,-5.376],[105.5295,-5.3765],[105.5365,-5.383],[105.5465,-5.377],[105.552,-5.398],[105.5845,-5.3925],[105.5935,-5.393],[105.5935,-5.3915],[105.5945,-5.3905],[105.5955,-5.389],[105.596,-5.3855],[105.598,-5.384],[105.598,-5.383],[105.595,-5.38],[105.588,-5.376],[105.5865,-5.374],[105.585,-5.3775],[105.582,-5.38],[105.581,-5.378],[105.58,-5.374],[105.5795,-5.3675],[105.579,-5.3615],[105.5785,-5.358],[105.575,-5.3525],[105.5745,-5.3515]]]},"properties":{"code":"18.07.20.2005","name":"Jembrana","latitude":-5.375258929736738,"longitude":105.55945787909306}},{"type":"Feature","geometry":{"type":"Polygon","coordinates":[[[105.5515,-5.407],[105.55,-5.4075],[105.5495,-5.4085],[105.5485,-5.4085],[105.542,-5.4105],[105.54,-5.4105],[105.5255,-5.4035],[105.525,-5.404],[105.5295,-5.419],[105.5325,-5.4255],[105.544,-5.4265],[105.548,-5.429],[105.548,-5.428],[105.5595,-5.4315],[105.563,-5.4245],[105.559,-5.4145],[105.558,-5.414],[105.5575,-5.414],[105.557,-5.414],[105.554,-5.4125],[105.554,-5.413],[105.554,-5.4125],[105.554,-5.411],[105.5515,-5.407]]]},"properties":{"code":"18.07.20.2006","name":"Tanjung Wangi","latitude":-5.417857148644789,"longitude":105.5451975801536}},{"type":"Feature","geometry":{"type":"Polygon","coordinates":[[[105.668,-5.4675],[105.6605,-5.455],[105.647,-5.4445],[105.645,-5.443],[105.643,-5.446],[105.6415,-5.448],[105.6385,-5.4495],[105.632,-5.4575],[105.62,-5.466],[105.6205,-5.4665],[105.6235,-5.4855],[105.6165,-5.492],[105.646,-5.4955],[105.656,-5.4935],[105.6585,-5.495],[105.6575,-5.4935],[105.6575,-5.491],[105.6585,-5.49],[105.659,-5.491],[105.6615,-5.4905],[105.663,-5.4895],[105.667,-5.478],[105.663,-5.472],[105.6685,-5.4685],[105.668,-5.4675]]]},"properties":{"code":"18.07.20.2007","name":"Marga Batin","latitude":-5.4733503281450915,"longitude":105.64308270281006}},{"type":"Feature","geometry":{"type":"Polygon","coordinates":[[[105.5935,-5.393],[105.5845,-5.3925],[105.552,-5.398],[105.5515,-5.4025],[105.5515,-5.407],[105.554,-5.411],[105.554,-5.4125],[105.554,-5.413],[105.554,-5.4125],[105.557,-5.414],[105.5575,-5.414],[105.558,-5.414],[105.559,-5.4145],[105.563,-5.4245],[105.5725,-5.431],[105.579,-5.427],[105.582,-5.4245],[105.5905,-5.413],[105.5925,-5.412],[105.598,-5.4125],[105.5995,-5.411],[105.6105,-5.4015],[105.6105,-5.3995],[105.6105,-5.398],[105.606,-5.399],[105.603,-5.3985],[105.6015,-5.3955],[105.5995,-5.397],[105.596,-5.3945],[105.596,-5.394],[105.5935,-5.393]]]},"properties":{"code":"18.07.20.2008","name":"Mekar Karya","latitude":-5.407980335161036,"longitude":105.57802808830264}},{"type":"Feature","geometry":{"type":"Polygon","coordinates":[[[105.642,-5.442],[105.6425,-5.438],[105.6395,-5.436],[105.62,-5.4305],[105.618,-5.4295],[105.616,-5.431],[105.6155,-5.4355],[105.604,-5.436],[105.602,-5.441],[105.6015,-5.4535],[105.6145,-5.457],[105.6185,-5.466],[105.62,-5.466],[105.632,-5.4575],[105.6385,-5.4495],[105.6415,-5.448],[105.643,-5.446],[105.645,-5.443],[105.6425,-5.442],[105.642,-5.442]]]},"properties":{"code":"18.07.20.2009","name":"Sumber Jaya","latitude":-5.44659315764526,"longitude":105.62176366254758}},{"type":"Feature","geometry":{"type":"Polygon","coordinates":[[[105.6025,-5.44],[105.5775,-5.432],[105.5755,-5.433],[105.5725,-5.4325],[105.575,-5.439],[105.5775,-5.45],[105.592,-5.4545],[105.6015,-5.4535],[105.602,-5.441],[105.6025,-5.44]]]},"properties":{"code":"18.07.20.2010","name":"Karang Anom","latitude":-5.443143797971325,"longitude":105.58795499711486}},{"type":"Feature","geometry":{"type":"Polygon","coordinates":[[[105.5725,-5.431],[105.563,-5.4245],[105.5595,-5.4315],[105.548,-5.428],[105.548,-5.433],[105.545,-5.451],[105.5455,-5.452],[105.5525,-5.451],[105.56,-5.456],[105.5735,-5.453],[105.5895,-5.4575],[105.589,-5.4635],[105.592,-5.4545],[105.5775,-5.45],[105.575,-5.439],[105.5725,-5.432],[105.5725,-5.431]]]},"properties":{"code":"18.07.20.2011","name":"Karya Basuki","latitude":-5.4429520460207135,"longitude":105.56309237947625}},{"type":"Feature","geometry":{"type":"Polygon","coordinates":[[[105.7,-5.1295],[105.6645,-5.103],[105.663,-5.1185],[105.6605,-5.123],[105.653,-5.1335],[105.6555,-5.144],[105.658,-5.1435],[105.6595,-5.144],[105.663,-5.1425],[105.676,-5.1395],[105.6845,-5.139],[105.691,-5.1375],[105.6945,-5.1375],[105.7,-5.1295]]]},"properties":{"code":"18.07.21.2001","name":"Labuhan Ratu","latitude":-5.127662417894543,"longitude":105.67393563285127}},{"type":"Feature","geometry":{"type":"Polygon","coordinates":[[[105.6795,-5.1405],[105.676,-5.1395],[105.663,-5.1425],[105.6595,-5.144],[105.658,-5.1435],[105.6545,-5.1465],[105.6525,-5.1465],[105.6515,-5.1475],[105.6495,-5.147],[105.642,-5.147],[105.641,-5.147],[105.6405,-5.148],[105.6415,-5.159],[105.6515,-5.172],[105.651,-5.1715],[105.652,-5.1695],[105.6505,-5.165],[105.6555,-5.1655],[105.6585,-5.165],[105.67,-5.1585],[105.677,-5.1555],[105.6825,-5.1525],[105.6775,-5.1525],[105.679,-5.146],[105.6795,-5.1405]]]},"properties":{"code":"18.07.21.2002","name":"Labuhan Ratu III","latitude":-5.152932695868755,"longitude":105.66031795692105}},{"type":"Feature","geometry":{"type":"Polygon","coordinates":[[[105.6515,-5.172],[105.6415,-5.159],[105.6405,-5.148],[105.6395,-5.149],[105.636,-5.15],[105.632,-5.152],[105.635,-5.1535],[105.6345,-5.1555],[105.634,-5.156],[105.63,-5.158],[105.629,-5.159],[105.6285,-5.16],[105.626,-5.162],[105.624,-5.1635],[105.6245,-5.1815],[105.6295,-5.1825],[105.652,-5.1735],[105.6515,-5.172]]]},"properties":{"code":"18.07.21.2003","name":"Labuhan Ratu IV","latitude":-5.168892082889115,"longitude":105.63584394376953}},{"type":"Feature","geometry":{"type":"Polygon","coordinates":[[[105.633,-5.1565],[105.623,-5.1525],[105.6195,-5.151],[105.6075,-5.172],[105.6145,-5.1805],[105.6245,-5.1815],[105.624,-5.1635],[105.626,-5.162],[105.6285,-5.16],[105.629,-5.159],[105.63,-5.158],[105.633,-5.1565]]]},"properties":{"code":"18.07.21.2004","name":"Labuhan Ratu V","latitude":-5.165717858049006,"longitude":105.61843734501566}},{"type":"Feature","geometry":{"type":"Polygon","coordinates":[[[105.858,-5.054],[105.778,-5.0525],[105.7105,-5.101],[105.702,-5.0895],[105.677,-5.095],[105.6645,-5.103],[105.7,-5.1295],[105.7415,-5.119],[105.757,-5.102],[105.7825,-5.078],[105.857,-5.0745],[105.858,-5.054]]]},"properties":{"code":"18.07.21.2005","name":"Labuhan Ratu VI","latitude":-5.086448863164414,"longitude":105.75958804973081}},{"type":"Feature","geometry":{"type":"Polygon","coordinates":[[[105.681,-5.085],[105.6765,-5.0835],[105.675,-5.0825],[105.6705,-5.081],[105.6695,-5.0835],[105.667,-5.0885],[105.6625,-5.089],[105.6525,-5.0865],[105.6535,-5.082],[105.6455,-5.083],[105.6435,-5.083],[105.6435,-5.0835],[105.6405,-5.093],[105.64,-5.0935],[105.6395,-5.096],[105.636,-5.1175],[105.6305,-5.1235],[105.63,-5.125],[105.643,-5.127],[105.661,-5.1225],[105.663,-5.1185],[105.6645,-5.103],[105.6775,-5.089],[105.681,-5.085]]]},"properties":{"code":"18.07.21.2006","name":"Rajabasa Lama","latitude":-5.103873701156152,"longitude":105.65286185811915}},{"type":"Feature","geometry":{"type":"Polygon","coordinates":[[[105.866,-4.99],[105.7555,-4.9645],[105.6755,-5.0305],[105.67,-5.043],[105.6675,-5.069],[105.6715,-5.0795],[105.6705,-5.081],[105.675,-5.0825],[105.6765,-5.0835],[105.681,-5.085],[105.6885,-5.076],[105.6975,-5.0655],[105.77,-5.0085],[105.8615,-5.0175],[105.866,-4.99]]]},"properties":{"code":"18.07.21.2007","name":"Rajabasa Lama I","latitude":-5.01218933334263,"longitude":105.75470657625702}},{"type":"Feature","geometry":{"type":"Polygon","coordinates":[[[105.8515,-4.6655],[105.8555,-4.6575],[105.8575,-4.6355],[105.8465,-4.631],[105.84,-4.6215],[105.8375,-4.6195],[105.8325,-4.621],[105.8315,-4.6225],[105.831,-4.6305],[105.8305,-4.634],[105.8195,-4.6465],[105.8165,-4.65],[105.816,-4.67],[105.813,-4.6765],[105.814,-4.6785],[105.817,-4.679],[105.8175,-4.681],[105.816,-4.6855],[105.821,-4.6995],[105.819,-4.707],[105.818,-4.7075],[105.8155,-4.706],[105.8125,-4.703],[105.8095,-4.7065],[105.8095,-4.71],[105.807,-4.7185],[105.8115,-4.73],[105.8115,-4.7335],[105.807,-4.7365],[105.8095,-4.7395],[105.812,-4.7405],[105.815,-4.743],[105.815,-4.745],[105.805,-4.753],[105.798,-4.7545],[105.7885,-4.75],[105.788,-4.7495],[105.788,-4.7485],[105.7885,-4.746],[105.789,-4.7455],[105.788,-4.7435],[105.7865,-4.742],[105.7775,-4.754],[105.7595,-4.7815],[105.757,-4.834],[105.7485,-4.922],[105.739,-4.9335],[105.67,-5.0205],[105.643,-5.043],[105.646,-5.053],[105.6385,-5.07],[105.6385,-5.073],[105.6415,-5.077],[105.6435,-5.083],[105.6455,-5.083],[105.6535,-5.082],[105.6525,-5.0865],[105.6625,-5.089],[105.667,-5.0885],[105.6695,-5.0835],[105.6715,-5.0795],[105.6675,-5.069],[105.67,-5.043],[105.6755,-5.0305],[105.7555,-4.9645],[105.866,-4.99],[105.8765,-4.958],[105.8965,-4.944],[105.9005,-4.9245],[105.8945,-4.9085],[105.8745,-4.8825],[105.866,-4.856],[105.8615,-4.817],[105.8635,-4.7655],[105.868,-4.7375],[105.8755,-4.714],[105.884,-4.7005],[105.878,-4.6825],[105.8705,-4.683],[105.852,-4.674],[105.851,-4.6695],[105.8515,-4.6655]]]},"properties":{"code":"18.07.21.2008","name":"Rajabasa Lama II","latitude":-4.858045964102762,"longitude":105.80754300181769}},{"type":"Feature","geometry":{"type":"Polygon","coordinates":[[[105.744,-5.16],[105.744,-5.1585],[105.744,-5.156],[105.7445,-5.155],[105.745,-5.148],[105.746,-5.142],[105.757,-5.102],[105.7415,-5.119],[105.7,-5.1295],[105.6945,-5.1375],[105.691,-5.1375],[105.6845,-5.139],[105.6795,-5.1405],[105.679,-5.146],[105.6775,-5.1525],[105.6825,-5.1525],[105.7035,-5.1515],[105.717,-5.1425],[105.7395,-5.143],[105.7415,-5.1565],[105.743,-5.1575],[105.744,-5.159],[105.744,-5.16]]]},"properties":{"code":"18.07.21.2009","name":"Labuhan Ratu VII","latitude":-5.135841783838516,"longitude":105.72015091887636}},{"type":"Feature","geometry":{"type":"Polygon","coordinates":[[[105.661,-5.1225],[105.643,-5.127],[105.63,-5.125],[105.6285,-5.1285],[105.6195,-5.151],[105.623,-5.1525],[105.633,-5.1565],[105.6345,-5.1555],[105.635,-5.1535],[105.632,-5.152],[105.636,-5.15],[105.6395,-5.149],[105.641,-5.147],[105.642,-5.147],[105.6495,-5.147],[105.6515,-5.1475],[105.6525,-5.1465],[105.6545,-5.1465],[105.6555,-5.144],[105.653,-5.1335],[105.6605,-5.123],[105.661,-5.1225]]]},"properties":{"code":"18.07.21.2010","name":"Labuhan Ratu VIII","latitude":-5.137627674664073,"longitude":105.63940285853606}},{"type":"Feature","geometry":{"type":"Polygon","coordinates":[[[105.8615,-5.0175],[105.77,-5.0085],[105.6975,-5.0655],[105.6885,-5.076],[105.6775,-5.089],[105.6645,-5.103],[105.677,-5.095],[105.702,-5.0895],[105.7105,-5.101],[105.778,-5.0525],[105.858,-5.054],[105.8615,-5.0175]]]},"properties":{"code":"18.07.21.2011","name":"Labuhan Ratu IX","latitude":-5.047288569235693,"longitude":105.77117241956088}},{"type":"Feature","geometry":{"type":"Polygon","coordinates":[[[105.8035,-5.182],[105.792,-5.181],[105.775,-5.176],[105.764,-5.1735],[105.7545,-5.18],[105.7535,-5.188],[105.7455,-5.1955],[105.7455,-5.198],[105.7455,-5.197],[105.7445,-5.1975],[105.7495,-5.204],[105.752,-5.2055],[105.7525,-5.2065],[105.7615,-5.2035],[105.775,-5.2085],[105.7805,-5.195],[105.7835,-5.1915],[105.785,-5.1895],[105.7935,-5.185],[105.8035,-5.182]]]},"properties":{"code":"18.07.22.2001","name":"Braja Harjosari","latitude":-5.190442122364816,"longitude":105.76793512862427}},{"type":"Feature","geometry":{"type":"Polygon","coordinates":[[[105.775,-5.2085],[105.7615,-5.2035],[105.7525,-5.2065],[105.755,-5.2205],[105.753,-5.225],[105.756,-5.231],[105.7565,-5.235],[105.757,-5.2355],[105.76,-5.2365],[105.77,-5.2395],[105.775,-5.2415],[105.778,-5.246],[105.779,-5.2465],[105.7795,-5.2455],[105.7815,-5.239],[105.782,-5.236],[105.777,-5.234],[105.7735,-5.222],[105.7835,-5.2105],[105.775,-5.2085]]]},"properties":{"code":"18.07.22.2002","name":"Braja Gemilang","latitude":-5.222533067477606,"longitude":105.76699330775968}},{"type":"Feature","geometry":{"type":"Polygon","coordinates":[[[105.764,-5.1735],[105.7575,-5.1685],[105.753,-5.167],[105.749,-5.1675],[105.7475,-5.1665],[105.745,-5.165],[105.744,-5.165],[105.7365,-5.1755],[105.7235,-5.1735],[105.727,-5.177],[105.735,-5.193],[105.7385,-5.1935],[105.743,-5.1955],[105.7445,-5.1975],[105.7455,-5.197],[105.7455,-5.198],[105.7455,-5.1955],[105.7535,-5.188],[105.7545,-5.18],[105.764,-5.1735]]]},"properties":{"code":"18.07.22.2003","name":"Braja Indah","latitude":-5.179711749964514,"longitude":105.74496869811848}},{"type":"Feature","geometry":{"type":"Polygon","coordinates":[[[105.861,-5.1695],[105.862,-5.1485],[105.8585,-5.1195],[105.857,-5.0745],[105.7825,-5.078],[105.757,-5.102],[105.746,-5.142],[105.745,-5.148],[105.7445,-5.155],[105.744,-5.156],[105.744,-5.1585],[105.744,-5.16],[105.744,-5.1605],[105.744,-5.1615],[105.7435,-5.1625],[105.745,-5.165],[105.7475,-5.1665],[105.749,-5.1675],[105.753,-5.167],[105.7575,-5.1685],[105.764,-5.1735],[105.775,-5.176],[105.792,-5.181],[105.8035,-5.182],[105.8265,-5.167],[105.861,-5.1695]]]},"properties":{"code":"18.07.22.2004","name":"Braja Yekti","latitude":-5.127721248660716,"longitude":105.80747527323777}},{"type":"Feature","geometry":{"type":"Polygon","coordinates":[[[105.861,-5.1695],[105.8265,-5.167],[105.8035,-5.182],[105.7935,-5.185],[105.785,-5.1895],[105.7835,-5.1915],[105.7805,-5.195],[105.775,-5.2085],[105.7835,-5.2105],[105.7875,-5.213],[105.789,-5.211],[105.7895,-5.211],[105.789,-5.2135],[105.7895,-5.214],[105.792,-5.212],[105.793,-5.2115],[105.7945,-5.2125],[105.7955,-5.209],[105.795,-5.209],[105.796,-5.208],[105.8255,-5.183],[105.8295,-5.1745],[105.861,-5.1745],[105.861,-5.1695]]]},"properties":{"code":"18.07.22.2005","name":"Braja Kencana","latitude":-5.188424831232393,"longitude":105.80802455610439}},{"type":"Feature","geometry":{"type":"Polygon","coordinates":[[[105.8,-5.2415],[105.8005,-5.2415],[105.8045,-5.2415],[105.8165,-5.233],[105.8135,-5.2185],[105.8225,-5.211],[105.8255,-5.183],[105.796,-5.208],[105.795,-5.209],[105.7955,-5.209],[105.7945,-5.2125],[105.793,-5.2115],[105.792,-5.212],[105.7895,-5.214],[105.789,-5.2135],[105.7895,-5.211],[105.789,-5.211],[105.7875,-5.213],[105.785,-5.22],[105.792,-5.235],[105.7935,-5.236],[105.7955,-5.238],[105.797,-5.239],[105.798,-5.239],[105.799,-5.239],[105.8,-5.2415]]]},"properties":{"code":"18.07.22.2006","name":"Braja Luhur","latitude":-5.215508415988,"longitude":105.80623002785332}},{"type":"Feature","geometry":{"type":"Polygon","coordinates":[[[105.7875,-5.213],[105.7835,-5.2105],[105.7735,-5.222],[105.777,-5.234],[105.782,-5.236],[105.7815,-5.239],[105.7795,-5.2455],[105.779,-5.2465],[105.781,-5.2475],[105.787,-5.243],[105.7885,-5.242],[105.788,-5.2395],[105.788,-5.2385],[105.789,-5.236],[105.7905,-5.2355],[105.792,-5.235],[105.785,-5.22],[105.7875,-5.213]]]},"properties":{"code":"18.07.22.2007","name":"Braja Mulya","latitude":-5.227484260691246,"longitude":105.7826999851481}},{"type":"Feature","geometry":{"type":"Polygon","coordinates":[[[105.5545,-4.894],[105.55,-4.8985],[105.5475,-4.8995],[105.545,-4.895],[105.5455,-4.8915],[105.545,-4.89],[105.5415,-4.893],[105.5405,-4.8915],[105.541,-4.891],[105.539,-4.887],[105.5355,-4.888],[105.5365,-4.8885],[105.537,-4.8915],[105.537,-4.893],[105.5365,-4.894],[105.523,-4.894],[105.5225,-4.8945],[105.5175,-4.9135],[105.52,-4.9165],[105.521,-4.918],[105.521,-4.919],[105.521,-4.92],[105.522,-4.9195],[105.5225,-4.9185],[105.525,-4.9185],[105.525,-4.919],[105.529,-4.9215],[105.5295,-4.922],[105.5385,-4.917],[105.5395,-4.9165],[105.554,-4.909],[105.5545,-4.908],[105.5615,-4.9025],[105.563,-4.902],[105.5635,-4.901],[105.5625,-4.898],[105.5615,-4.897],[105.562,-4.895],[105.5615,-4.894],[105.562,-4.8935],[105.5615,-4.893],[105.558,-4.894],[105.5545,-4.894]]]},"properties":{"code":"18.07.23.2001","name":"Tambah Subur","latitude":-4.904627616549527,"longitude":105.53707085710049}},{"type":"Feature","geometry":{"type":"Polygon","coordinates":[[[105.5195,-4.894],[105.509,-4.8915],[105.5085,-4.8925],[105.5085,-4.894],[105.5075,-4.896],[105.5065,-4.896],[105.5055,-4.8965],[105.5035,-4.897],[105.5015,-4.896],[105.4955,-4.8975],[105.4945,-4.898],[105.4935,-4.899],[105.492,-4.899],[105.4905,-4.9],[105.4965,-4.91],[105.4965,-4.9105],[105.497,-4.9105],[105.501,-4.912],[105.504,-4.9125],[105.5065,-4.9135],[105.508,-4.916],[105.5175,-4.9215],[105.521,-4.92],[105.521,-4.919],[105.521,-4.918],[105.52,-4.9165],[105.5175,-4.9135],[105.5225,-4.8945],[105.522,-4.894],[105.521,-4.893],[105.5195,-4.894]]]},"properties":{"code":"18.07.23.2002","name":"Tanjung Qencono","latitude":-4.90549645293498,"longitude":105.50818021875243}},{"type":"Feature","geometry":{"type":"Polygon","coordinates":[[[105.767,-4.7365],[105.764,-4.738],[105.76,-4.7365],[105.756,-4.731],[105.747,-4.732],[105.7385,-4.7445],[105.7375,-4.7455],[105.7315,-4.746],[105.7265,-4.738],[105.725,-4.7365],[105.699,-4.739],[105.6935,-4.743],[105.69,-4.7465],[105.689,-4.7465],[105.6845,-4.746],[105.6835,-4.746],[105.683,-4.7465],[105.6815,-4.7605],[105.6775,-4.776],[105.679,-4.782],[105.676,-4.7845],[105.674,-4.785],[105.668,-4.783],[105.6615,-4.784],[105.6575,-4.789],[105.6555,-4.7895],[105.649,-4.7955],[105.654,-4.8035],[105.6545,-4.805],[105.654,-4.808],[105.652,-4.8135],[105.6465,-4.8155],[105.64,-4.823],[105.637,-4.827],[105.6355,-4.834],[105.6375,-4.835],[105.639,-4.8375],[105.639,-4.8405],[105.6375,-4.8475],[105.636,-4.852],[105.6335,-4.8515],[105.629,-4.8535],[105.628,-4.854],[105.6265,-4.856],[105.626,-4.858],[105.626,-4.859],[105.6245,-4.86],[105.618,-4.854],[105.601,-4.8555],[105.601,-4.8585],[105.6005,-4.86],[105.6,-4.8615],[105.596,-4.865],[105.594,-4.8715],[105.5895,-4.8825],[105.581,-4.883],[105.575,-4.8915],[105.5645,-4.8895],[105.562,-4.89],[105.5615,-4.893],[105.562,-4.8935],[105.5615,-4.894],[105.562,-4.895],[105.5615,-4.897],[105.5625,-4.898],[105.5635,-4.901],[105.563,-4.902],[105.5615,-4.9025],[105.5545,-4.908],[105.554,-4.909],[105.552,-4.91],[105.5495,-4.912],[105.57,-4.928],[105.654,-4.9355],[105.6745,-4.8845],[105.704,-4.8675],[105.723,-4.8475],[105.7515,-4.833],[105.757,-4.834],[105.7595,-4.7815],[105.7775,-4.754],[105.7865,-4.742],[105.784,-4.7395],[105.7735,-4.7415],[105.767,-4.7365]]]},"properties":{"code":"18.07.23.2003","name":"Tanjung Tirto","latitude":-4.83627867264304,"longitude":105.67547813503553}},{"type":"Feature","geometry":{"type":"Polygon","coordinates":[[[105.508,-4.916],[105.5065,-4.9135],[105.504,-4.9125],[105.501,-4.912],[105.497,-4.9105],[105.4965,-4.9105],[105.497,-4.911],[105.4955,-4.913],[105.4935,-4.919],[105.494,-4.9195],[105.4935,-4.92],[105.4925,-4.92],[105.492,-4.92],[105.492,-4.9205],[105.4935,-4.9215],[105.494,-4.9215],[105.494,-4.9225],[105.492,-4.9295],[105.491,-4.933],[105.4905,-4.933],[105.491,-4.9335],[105.491,-4.9425],[105.504,-4.947],[105.5045,-4.947],[105.514,-4.944],[105.514,-4.9435],[105.515,-4.943],[105.5175,-4.942],[105.5115,-4.9355],[105.51,-4.9355],[105.5075,-4.9375],[105.5055,-4.934],[105.502,-4.9205],[105.508,-4.916]]]},"properties":{"code":"18.07.23.2004","name":"Toto Mulyo","latitude":-4.931144249553029,"longitude":105.50083771353411}},{"type":"Feature","geometry":{"type":"Polygon","coordinates":[[[105.554,-4.909],[105.5395,-4.9165],[105.5385,-4.917],[105.5295,-4.922],[105.5295,-4.924],[105.532,-4.926],[105.5325,-4.927],[105.5325,-4.932],[105.532,-4.9325],[105.532,-4.933],[105.5345,-4.9305],[105.543,-4.938],[105.545,-4.938],[105.546,-4.937],[105.55,-4.9365],[105.551,-4.9355],[105.5515,-4.935],[105.5515,-4.9345],[105.573,-4.932],[105.595,-4.9505],[105.6065,-4.955],[105.6145,-4.954],[105.654,-4.9355],[105.57,-4.928],[105.5495,-4.912],[105.552,-4.91],[105.554,-4.909]]]},"properties":{"code":"18.07.23.2005","name":"Toto Projo","latitude":-4.934922235596009,"longitude":105.58874152302437}},{"type":"Feature","geometry":{"type":"Polygon","coordinates":[[[105.508,-4.916],[105.502,-4.9205],[105.5055,-4.934],[105.5075,-4.9375],[105.51,-4.9355],[105.515,-4.936],[105.5155,-4.935],[105.523,-4.9385],[105.5245,-4.939],[105.5275,-4.939],[105.53,-4.935],[105.532,-4.933],[105.532,-4.9325],[105.5325,-4.932],[105.5325,-4.927],[105.532,-4.926],[105.5295,-4.924],[105.529,-4.9215],[105.525,-4.919],[105.525,-4.9185],[105.5225,-4.9185],[105.522,-4.9195],[105.521,-4.92],[105.5195,-4.92],[105.5175,-4.9215],[105.508,-4.916]]]},"properties":{"code":"18.07.23.2006","name":"Taman Negeri","latitude":-4.928039008897186,"longitude":105.51756130451481}},{"type":"Feature","geometry":{"type":"Polygon","coordinates":[[[105.595,-4.9505],[105.573,-4.932],[105.5515,-4.9345],[105.5515,-4.935],[105.551,-4.9355],[105.55,-4.9365],[105.546,-4.937],[105.545,-4.938],[105.543,-4.938],[105.5345,-4.9305],[105.53,-4.935],[105.5275,-4.939],[105.5245,-4.939],[105.523,-4.9385],[105.5155,-4.935],[105.515,-4.936],[105.5115,-4.9355],[105.5175,-4.942],[105.515,-4.943],[105.514,-4.9435],[105.5145,-4.9455],[105.517,-4.946],[105.518,-4.9465],[105.519,-4.947],[105.519,-4.948],[105.5315,-4.946],[105.5435,-4.949],[105.544,-4.95],[105.545,-4.9495],[105.548,-4.949],[105.548,-4.9485],[105.5485,-4.9465],[105.5495,-4.9455],[105.55,-4.944],[105.595,-4.9505]]]},"properties":{"code":"18.07.23.2007","name":"Tegal Ombo","latitude":-4.940951247728379,"longitude":105.55321299312905}},{"type":"Feature","geometry":{"type":"Polygon","coordinates":[[[105.579,-4.884],[105.572,-4.877],[105.571,-4.8765],[105.5695,-4.876],[105.5685,-4.875],[105.568,-4.876],[105.55,-4.8845],[105.5495,-4.889],[105.5505,-4.8915],[105.553,-4.893],[105.5545,-4.894],[105.558,-4.894],[105.562,-4.89],[105.5645,-4.8895],[105.575,-4.8915],[105.579,-4.884]]]},"properties":{"code":"18.07.23.2008","name":"Kali Pasir","latitude":-4.8849437376533125,"longitude":105.5630326303701}},{"type":"Feature","geometry":{"type":"Polygon","coordinates":[[[105.6725,-5.3865],[105.6515,-5.392],[105.6495,-5.38],[105.6385,-5.372],[105.6365,-5.3715],[105.634,-5.3715],[105.6335,-5.3765],[105.633,-5.3765],[105.6325,-5.376],[105.617,-5.395],[105.6135,-5.396],[105.612,-5.397],[105.6115,-5.399],[105.611,-5.3995],[105.6105,-5.399],[105.6105,-5.401],[105.6105,-5.404],[105.6135,-5.405],[105.618,-5.418],[105.616,-5.424],[105.62,-5.4305],[105.6395,-5.436],[105.6425,-5.438],[105.642,-5.442],[105.643,-5.441],[105.643,-5.4395],[105.645,-5.44],[105.645,-5.439],[105.6495,-5.429],[105.661,-5.4175],[105.6725,-5.3865]]]},"properties":{"code":"18.07.24.2001","name":"Bungkuk","latitude":-5.406025609295854,"longitude":105.63922397256692}},{"type":"Feature","geometry":{"type":"Polygon","coordinates":[[[105.6325,-5.376],[105.6315,-5.375],[105.6235,-5.374],[105.622,-5.3695],[105.6205,-5.3685],[105.6205,-5.367],[105.62,-5.3665],[105.6185,-5.3645],[105.617,-5.366],[105.613,-5.3785],[105.597,-5.389],[105.5945,-5.3905],[105.5935,-5.3915],[105.596,-5.394],[105.596,-5.3945],[105.5995,-5.397],[105.6015,-5.3955],[105.603,-5.3985],[105.606,-5.399],[105.6105,-5.398],[105.6105,-5.399],[105.611,-5.3995],[105.6115,-5.399],[105.612,-5.397],[105.6135,-5.396],[105.617,-5.395],[105.6325,-5.376]]]},"properties":{"code":"18.07.24.2002","name":"Batu Badak","latitude":-5.38469317762659,"longitude":105.61360046814823}},{"type":"Feature","geometry":{"type":"Polygon","coordinates":[[[105.6205,-5.3555],[105.607,-5.3565],[105.604,-5.3535],[105.603,-5.355],[105.597,-5.359],[105.593,-5.3635],[105.586,-5.3685],[105.583,-5.373],[105.581,-5.374],[105.58,-5.3745],[105.581,-5.378],[105.582,-5.38],[105.585,-5.3775],[105.5865,-5.374],[105.588,-5.376],[105.595,-5.38],[105.598,-5.383],[105.598,-5.384],[105.596,-5.3855],[105.5955,-5.389],[105.597,-5.389],[105.613,-5.3785],[105.617,-5.366],[105.6195,-5.3635],[105.6205,-5.3555]]]},"properties":{"code":"18.07.24.2003","name":"Peniangan","latitude":-5.369721951127842,"longitude":105.60239543063948}},{"type":"Feature","geometry":{"type":"Polygon","coordinates":[[[105.5915,-5.338],[105.5875,-5.337],[105.584,-5.336],[105.5775,-5.3375],[105.568,-5.3465],[105.5665,-5.346],[105.5655,-5.3495],[105.573,-5.3505],[105.574,-5.3505],[105.5745,-5.351],[105.575,-5.3525],[105.5785,-5.358],[105.579,-5.3615],[105.5795,-5.3675],[105.58,-5.3695],[105.58,-5.3745],[105.581,-5.374],[105.583,-5.373],[105.586,-5.3685],[105.593,-5.3635],[105.5935,-5.363],[105.5885,-5.346],[105.5915,-5.3385],[105.5915,-5.338]]]},"properties":{"code":"18.07.24.2004","name":"Gunung Raya","latitude":-5.352010329331562,"longitude":105.58175657440489}},{"type":"Feature","geometry":{"type":"Polygon","coordinates":[[[105.671,-5.3275],[105.668,-5.327],[105.657,-5.347],[105.6515,-5.358],[105.634,-5.3715],[105.6365,-5.3715],[105.6385,-5.372],[105.6495,-5.38],[105.6515,-5.392],[105.6725,-5.3865],[105.684,-5.3635],[105.671,-5.3275]]]},"properties":{"code":"18.07.24.2005","name":"Giri Mulyo","latitude":-5.363871755879653,"longitude":105.66363150405107}},{"type":"Feature","geometry":{"type":"Polygon","coordinates":[[[105.657,-5.347],[105.6525,-5.3425],[105.628,-5.3435],[105.6205,-5.3555],[105.6195,-5.3635],[105.6185,-5.3645],[105.62,-5.3665],[105.6205,-5.367],[105.6205,-5.3685],[105.622,-5.3695],[105.6235,-5.374],[105.6315,-5.375],[105.633,-5.3765],[105.6335,-5.3765],[105.634,-5.3715],[105.6515,-5.358],[105.657,-5.347]]]},"properties":{"code":"18.07.24.2006","name":"Gunung Mas","latitude":-5.35662659837859,"longitude":105.63597744594429}},{"type":"Feature","geometry":{"type":"Polygon","coordinates":[[[105.632,-5.322],[105.626,-5.32],[105.6185,-5.323],[105.613,-5.32],[105.6135,-5.3375],[105.6075,-5.3475],[105.604,-5.3535],[105.607,-5.3565],[105.6205,-5.3555],[105.628,-5.3435],[105.629,-5.328],[105.632,-5.322]]]},"properties":{"code":"18.07.24.2007","name":"Purwosari","latitude":-5.33837005653486,"longitude":105.61881774631205}},{"type":"Feature","geometry":{"type":"Polygon","coordinates":[[[105.613,-5.32],[105.6075,-5.3195],[105.607,-5.32],[105.605,-5.322],[105.5915,-5.3375],[105.5915,-5.3385],[105.5885,-5.346],[105.5935,-5.363],[105.597,-5.359],[105.603,-5.355],[105.6045,-5.352],[105.6075,-5.3475],[105.6135,-5.3375],[105.613,-5.32]]]},"properties":{"code":"18.07.24.2008","name":"Bukit Raya","latitude":-5.339971882547504,"longitude":105.60182584147711}}]}