{"type":"FeatureCollection","features":[{"type":"Feature","geometry":{"type":"Polygon","coordinates":[[[107.915,-7.2205],[107.912,-7.22],[107.9115,-7.221],[107.906,-7.2205],[107.9025,-7.2225],[107.9035,-7.2285],[107.9045,-7.229],[107.9075,-7.233],[107.909,-7.236],[107.9105,-7.239],[107.909,-7.236],[107.9085,-7.234],[107.91,-7.2335],[107.9115,-7.231],[107.9165,-7.2255],[107.915,-7.221],[107.915,-7.2205]]]},"properties":{"code":"32.05.01.1001","name":"Kota Kulon","latitude":-7.226084277434603,"longitude":107.9091433939161}},{"type":"Feature","geometry":{"type":"Polygon","coordinates":[[[107.917,-7.197],[107.911,-7.2125],[107.911,-7.213],[107.9115,-7.2155],[107.9115,-7.216],[107.9135,-7.2175],[107.914,-7.2195],[107.915,-7.22],[107.915,-7.221],[107.9165,-7.2255],[107.9155,-7.2335],[107.9155,-7.2315],[107.9175,-7.2305],[107.921,-7.229],[107.9225,-7.2285],[107.923,-7.228],[107.9245,-7.2285],[107.923,-7.227],[107.9175,-7.22],[107.9165,-7.2155],[107.9205,-7.202],[107.9195,-7.2],[107.917,-7.197]]]},"properties":{"code":"32.05.01.1002","name":"Kota Wetan","latitude":-7.214614600737733,"longitude":107.91594145910368}},{"type":"Feature","geometry":{"type":"Polygon","coordinates":[[[107.9155,-7.2335],[107.9165,-7.2255],[107.9115,-7.231],[107.91,-7.2335],[107.9085,-7.234],[107.909,-7.236],[107.9105,-7.239],[107.9105,-7.241],[107.912,-7.244],[107.9125,-7.245],[107.9125,-7.2465],[107.914,-7.252],[107.915,-7.2535],[107.9155,-7.255],[107.9155,-7.256],[107.9155,-7.2595],[107.915,-7.2625],[107.915,-7.2645],[107.916,-7.2665],[107.9165,-7.267],[107.917,-7.2675],[107.918,-7.2685],[107.918,-7.2695],[107.9185,-7.27],[107.9205,-7.2715],[107.922,-7.274],[107.923,-7.275],[107.924,-7.2745],[107.9535,-7.278],[107.955,-7.277],[107.955,-7.2775],[107.9555,-7.2775],[107.9675,-7.273],[107.9735,-7.2705],[107.974,-7.27],[107.9735,-7.2695],[107.972,-7.2695],[107.9685,-7.267],[107.967,-7.2655],[107.965,-7.266],[107.961,-7.265],[107.9485,-7.2695],[107.932,-7.2565],[107.916,-7.2515],[107.9155,-7.2485],[107.9165,-7.2425],[107.9155,-7.2405],[107.9155,-7.239],[107.915,-7.234],[107.9155,-7.2335]]]},"properties":{"code":"32.05.01.1003","name":"Margawati","latitude":-7.264516379319568,"longitude":107.93543068469022}},{"type":"Feature","geometry":{"type":"Polygon","coordinates":[[[107.9065,-7.2115],[107.904,-7.2115],[107.9035,-7.211],[107.903,-7.2105],[107.903,-7.2095],[107.9005,-7.2105],[107.8995,-7.2105],[107.902,-7.214],[107.9015,-7.2165],[107.907,-7.216],[107.9055,-7.216],[107.9055,-7.2135],[107.906,-7.2135],[107.906,-7.2125],[107.9065,-7.2115]]]},"properties":{"code":"32.05.01.1004","name":"Pakuwon","latitude":-7.213402161164908,"longitude":107.9031937084729}},{"type":"Feature","geometry":{"type":"Polygon","coordinates":[[[107.9025,-7.2225],[107.902,-7.222],[107.8995,-7.2215],[107.9,-7.221],[107.899,-7.2215],[107.894,-7.2255],[107.8945,-7.2275],[107.8925,-7.235],[107.893,-7.236],[107.8945,-7.2365],[107.8955,-7.2385],[107.8945,-7.2405],[107.8955,-7.2425],[107.8985,-7.243],[107.901,-7.243],[107.904,-7.24],[107.9045,-7.239],[107.9045,-7.2385],[107.905,-7.2365],[107.9035,-7.2295],[107.9035,-7.2285],[107.9025,-7.2225]]]},"properties":{"code":"32.05.01.1005","name":"Muara Sanding","latitude":-7.23284378838375,"longitude":107.89892785715425}},{"type":"Feature","geometry":{"type":"Polygon","coordinates":[[[107.9195,-7.1885],[107.9195,-7.186],[107.91,-7.1895],[107.908,-7.191],[107.909,-7.192],[107.911,-7.199],[107.9085,-7.203],[107.906,-7.208],[107.903,-7.2095],[107.903,-7.2105],[107.9035,-7.211],[107.904,-7.2115],[107.907,-7.2115],[107.909,-7.212],[107.911,-7.213],[107.911,-7.2125],[107.917,-7.197],[107.9185,-7.1955],[107.919,-7.1945],[107.9195,-7.1895],[107.919,-7.1885],[107.9195,-7.1885]]]},"properties":{"code":"32.05.01.1006","name":"Sukamentri","latitude":-7.198116045768896,"longitude":107.9123536400617}},{"type":"Feature","geometry":{"type":"Polygon","coordinates":[[[107.911,-7.213],[107.9085,-7.212],[107.9065,-7.2115],[107.906,-7.2125],[107.906,-7.2135],[107.9055,-7.2135],[107.9055,-7.216],[107.907,-7.216],[107.9075,-7.217],[107.9115,-7.217],[107.9115,-7.2155],[107.911,-7.213]]]},"properties":{"code":"32.05.01.1007","name":"Ciwalen","latitude":-7.21467889223234,"longitude":107.9085733206147}},{"type":"Feature","geometry":{"type":"Polygon","coordinates":[[[107.899,-7.2105],[107.8965,-7.212],[107.895,-7.2155],[107.898,-7.2175],[107.8995,-7.2195],[107.8995,-7.221],[107.9,-7.221],[107.8995,-7.2215],[107.902,-7.222],[107.9025,-7.2225],[107.9035,-7.2205],[107.9015,-7.2195],[107.902,-7.214],[107.8995,-7.2105],[107.899,-7.2105]]]},"properties":{"code":"32.05.01.1008","name":"Paminggir","latitude":-7.215759928094445,"longitude":107.89893578536369}},{"type":"Feature","geometry":{"type":"Polygon","coordinates":[[[107.915,-7.2205],[107.915,-7.22],[107.914,-7.2195],[107.9135,-7.2175],[107.9115,-7.216],[107.9115,-7.217],[107.9075,-7.217],[107.9015,-7.2195],[107.9035,-7.2205],[107.906,-7.2205],[107.9115,-7.221],[107.912,-7.22],[107.915,-7.2205]]]},"properties":{"code":"32.05.01.1009","name":"Regol","latitude":-7.21884359347879,"longitude":107.90784469671817}},{"type":"Feature","geometry":{"type":"Polygon","coordinates":[[[107.9635,-7.263],[107.946,-7.258],[107.9455,-7.2575],[107.9275,-7.247],[107.926,-7.247],[107.9255,-7.2465],[107.9245,-7.247],[107.9185,-7.2435],[107.918,-7.2425],[107.9165,-7.2425],[107.9155,-7.2485],[107.916,-7.2515],[107.932,-7.2565],[107.9485,-7.2695],[107.961,-7.265],[107.965,-7.266],[107.967,-7.2655],[107.9655,-7.264],[107.9635,-7.263]]]},"properties":{"code":"32.05.01.1010","name":"Sukanegla","latitude":-7.257380736748141,"longitude":107.9371797899449}},{"type":"Feature","geometry":{"type":"Polygon","coordinates":[[[107.961,-7.2615],[107.941,-7.244],[107.933,-7.242],[107.93,-7.2365],[107.926,-7.232],[107.9235,-7.231],[107.922,-7.2285],[107.921,-7.229],[107.9175,-7.2305],[107.9155,-7.2315],[107.9155,-7.2335],[107.915,-7.234],[107.9155,-7.239],[107.9155,-7.2405],[107.9165,-7.2425],[107.918,-7.2425],[107.9185,-7.2435],[107.9245,-7.247],[107.9255,-7.2465],[107.926,-7.247],[107.9275,-7.247],[107.9455,-7.2575],[107.946,-7.258],[107.9635,-7.263],[107.961,-7.2615]]]},"properties":{"code":"32.05.01.1011","name":"Cimuncang","latitude":-7.245284469731237,"longitude":107.93338156443063}},{"type":"Feature","geometry":{"type":"Polygon","coordinates":[[[107.9245,-7.2085],[107.9235,-7.2085],[107.9225,-7.205],[107.9205,-7.202],[107.9165,-7.2155],[107.917,-7.216],[107.927,-7.216],[107.9245,-7.2085]]]},"properties":{"code":"32.05.02.1001","name":"Suci Kaler","latitude":-7.209976221167521,"longitude":107.91978444820218}},{"type":"Feature","geometry":{"type":"Polygon","coordinates":[[[107.927,-7.216],[107.925,-7.216],[107.926,-7.218],[107.9265,-7.219],[107.9265,-7.222],[107.9275,-7.2235],[107.928,-7.2245],[107.9295,-7.226],[107.932,-7.228],[107.934,-7.234],[107.9385,-7.236],[107.939,-7.237],[107.9415,-7.2375],[107.943,-7.2375],[107.942,-7.236],[107.9425,-7.2345],[107.941,-7.2325],[107.9305,-7.222],[107.9285,-7.2175],[107.927,-7.216]]]},"properties":{"code":"32.05.02.1002","name":"Lebakjaya","latitude":-7.22774722635381,"longitude":107.93381236315766}},{"type":"Feature","geometry":{"type":"Polygon","coordinates":[[[107.937,-7.209],[107.931,-7.205],[107.931,-7.204],[107.9295,-7.2065],[107.9245,-7.2085],[107.927,-7.216],[107.9285,-7.2175],[107.929,-7.2185],[107.9305,-7.2175],[107.933,-7.2155],[107.9365,-7.214],[107.937,-7.209]]]},"properties":{"code":"32.05.02.1003","name":"Karangmulya","latitude":-7.211575270775878,"longitude":107.93036346599183}},{"type":"Feature","geometry":{"type":"Polygon","coordinates":[[[107.9305,-7.185],[107.9295,-7.184],[107.9275,-7.1845],[107.921,-7.1865],[107.9195,-7.1885],[107.919,-7.1885],[107.9195,-7.1895],[107.919,-7.1945],[107.9185,-7.1955],[107.917,-7.197],[107.9195,-7.2],[107.9225,-7.205],[107.9235,-7.2085],[107.9295,-7.2065],[107.931,-7.204],[107.9315,-7.203],[107.925,-7.1915],[107.9255,-7.189],[107.9305,-7.185]]]},"properties":{"code":"32.05.02.1014","name":"Lengkongjaya","latitude":-7.197475428948366,"longitude":107.92436339399453}},{"type":"Feature","geometry":{"type":"Polygon","coordinates":[[[107.959,-7.1945],[107.955,-7.1935],[107.955,-7.1925],[107.9535,-7.193],[107.9535,-7.196],[107.9585,-7.203],[107.9575,-7.2035],[107.9675,-7.218],[107.97,-7.218],[107.9665,-7.2055],[107.9655,-7.2015],[107.9645,-7.1975],[107.963,-7.199],[107.959,-7.1945]]]},"properties":{"code":"32.05.02.2004","name":"Karangpawitan","latitude":-7.204738108718221,"longitude":107.96214026028235}},{"type":"Feature","geometry":{"type":"Polygon","coordinates":[[[107.971,-7.194],[107.968,-7.1935],[107.9645,-7.1975],[107.9655,-7.2015],[107.9665,-7.2055],[107.97,-7.218],[107.978,-7.2295],[107.98,-7.233],[107.9815,-7.237],[107.9815,-7.2385],[107.981,-7.2395],[107.9825,-7.251],[107.9835,-7.2515],[107.986,-7.252],[107.986,-7.2505],[107.988,-7.2475],[107.9895,-7.2455],[107.989,-7.245],[107.9895,-7.2445],[107.989,-7.243],[107.9885,-7.2385],[107.987,-7.235],[107.986,-7.2345],[107.9855,-7.2325],[107.986,-7.2315],[107.98,-7.219],[107.9775,-7.216],[107.974,-7.2125],[107.9745,-7.211],[107.973,-7.2005],[107.9725,-7.1995],[107.972,-7.1975],[107.972,-7.196],[107.971,-7.194]]]},"properties":{"code":"32.05.02.2005","name":"Situgede","latitude":-7.222913954619464,"longitude":107.97710628169348}},{"type":"Feature","geometry":{"type":"Polygon","coordinates":[[[107.947,-7.1795],[107.9425,-7.1785],[107.9465,-7.1975],[107.9465,-7.205],[107.947,-7.2055],[107.954,-7.2035],[107.9585,-7.203],[107.9535,-7.196],[107.9535,-7.193],[107.953,-7.192],[107.9495,-7.18],[107.947,-7.1795]]]},"properties":{"code":"32.05.02.2006","name":"Cimurah","latitude":-7.1925417005806676,"longitude":107.94898146336512}},{"type":"Feature","geometry":{"type":"Polygon","coordinates":[[[107.925,-7.216],[107.917,-7.216],[107.9175,-7.22],[107.923,-7.227],[107.9245,-7.2275],[107.926,-7.228],[107.934,-7.234],[107.932,-7.228],[107.9295,-7.226],[107.928,-7.2245],[107.9275,-7.2235],[107.9265,-7.222],[107.9265,-7.219],[107.926,-7.218],[107.925,-7.216]]]},"properties":{"code":"32.05.02.2007","name":"Suci","latitude":-7.223741272331901,"longitude":107.92469253994493}},{"type":"Feature","geometry":{"type":"Polygon","coordinates":[[[107.943,-7.2005],[107.9405,-7.199],[107.9325,-7.2025],[107.9335,-7.206],[107.937,-7.208],[107.9365,-7.214],[107.9415,-7.2115],[107.9445,-7.208],[107.943,-7.2005]]]},"properties":{"code":"32.05.02.2008","name":"Jatisari","latitude":-7.204870295875581,"longitude":107.9384574896368}},{"type":"Feature","geometry":{"type":"Polygon","coordinates":[[[107.98,-7.2645],[107.9795,-7.263],[107.9775,-7.2615],[107.9775,-7.2605],[107.9775,-7.2595],[107.975,-7.2515],[107.961,-7.242],[107.96,-7.235],[107.956,-7.234],[107.9515,-7.227],[107.9445,-7.2205],[107.943,-7.2165],[107.941,-7.217],[107.9385,-7.213],[107.933,-7.2155],[107.9425,-7.225],[107.947,-7.2275],[107.949,-7.231],[107.95,-7.233],[107.9495,-7.2365],[107.951,-7.239],[107.951,-7.2405],[107.961,-7.2615],[107.9635,-7.263],[107.9655,-7.264],[107.9675,-7.2655],[107.9685,-7.267],[107.972,-7.2695],[107.9735,-7.2695],[107.974,-7.27],[107.9765,-7.2675],[107.9785,-7.2665],[107.98,-7.265],[107.98,-7.2645]]]},"properties":{"code":"32.05.02.2009","name":"Godog","latitude":-7.246478558174489,"longitude":107.96043711916285}},{"type":"Feature","geometry":{"type":"Polygon","coordinates":[[[107.9615,-7.1735],[107.9605,-7.1735],[107.957,-7.176],[107.9615,-7.1805],[107.971,-7.194],[107.972,-7.196],[107.972,-7.1975],[107.9735,-7.1955],[107.974,-7.193],[107.9715,-7.187],[107.9705,-7.1865],[107.9705,-7.1855],[107.9695,-7.1835],[107.9675,-7.182],[107.9615,-7.1735]]]},"properties":{"code":"32.05.02.2010","name":"Situsari","latitude":-7.182021835864796,"longitude":107.9652297761322}},{"type":"Feature","geometry":{"type":"Polygon","coordinates":[[[107.9615,-7.1805],[107.957,-7.176],[107.9495,-7.18],[107.953,-7.192],[107.9535,-7.193],[107.955,-7.1925],[107.955,-7.1935],[107.959,-7.1945],[107.959,-7.1865],[107.962,-7.1845],[107.9615,-7.1805]]]},"properties":{"code":"32.05.02.2011","name":"Karangsari","latitude":-7.184678996245659,"longitude":107.95563502004535}},{"type":"Feature","geometry":{"type":"Polygon","coordinates":[[[107.9575,-7.2035],[107.954,-7.2035],[107.947,-7.2055],[107.958,-7.217],[107.964,-7.2355],[107.984,-7.2595],[107.986,-7.258],[107.9855,-7.2565],[107.986,-7.252],[107.9835,-7.2515],[107.9825,-7.251],[107.981,-7.2395],[107.9815,-7.2385],[107.9815,-7.237],[107.98,-7.233],[107.978,-7.2295],[107.97,-7.218],[107.9675,-7.218],[107.9575,-7.2035]]]},"properties":{"code":"32.05.02.2012","name":"Sindangpalay","latitude":-7.228298545429457,"longitude":107.9682013310427}},{"type":"Feature","geometry":{"type":"Polygon","coordinates":[[[107.934,-7.234],[107.926,-7.228],[107.9245,-7.2275],[107.9245,-7.2285],[107.923,-7.228],[107.922,-7.2285],[107.9235,-7.231],[107.926,-7.232],[107.93,-7.2365],[107.933,-7.242],[107.941,-7.244],[107.961,-7.2615],[107.951,-7.2405],[107.951,-7.239],[107.9495,-7.2365],[107.949,-7.2365],[107.946,-7.2375],[107.945,-7.2375],[107.9435,-7.2375],[107.942,-7.2375],[107.9415,-7.2375],[107.939,-7.237],[107.9385,-7.236],[107.934,-7.234]]]},"properties":{"code":"32.05.02.2013","name":"Lebakagung","latitude":-7.243011034989159,"longitude":107.9434683932124}},{"type":"Feature","geometry":{"type":"Polygon","coordinates":[[[107.984,-7.2595],[107.964,-7.2355],[107.958,-7.217],[107.947,-7.2055],[107.9415,-7.2115],[107.9385,-7.213],[107.941,-7.217],[107.943,-7.2165],[107.9445,-7.2205],[107.9515,-7.227],[107.956,-7.234],[107.96,-7.235],[107.961,-7.242],[107.975,-7.2515],[107.9775,-7.2595],[107.9775,-7.2605],[107.9775,-7.2615],[107.9795,-7.263],[107.98,-7.2645],[107.98,-7.263],[107.9825,-7.261],[107.984,-7.2595]]]},"properties":{"code":"32.05.02.2015","name":"Sindanggalih","latitude":-7.230501676145099,"longitude":107.95918565590998}},{"type":"Feature","geometry":{"type":"Polygon","coordinates":[[[107.937,-7.181],[107.9365,-7.181],[107.932,-7.1845],[107.9315,-7.1855],[107.9305,-7.185],[107.9255,-7.189],[107.925,-7.1915],[107.9315,-7.203],[107.931,-7.205],[107.937,-7.209],[107.937,-7.208],[107.9335,-7.206],[107.9325,-7.2025],[107.9405,-7.199],[107.943,-7.2005],[107.944,-7.1995],[107.938,-7.1885],[107.9365,-7.183],[107.937,-7.181]]]},"properties":{"code":"32.05.02.2016","name":"Mekarsari","latitude":-7.192639499469962,"longitude":107.93359446307572}},{"type":"Feature","geometry":{"type":"Polygon","coordinates":[[[107.947,-7.2055],[107.9465,-7.205],[107.9465,-7.1975],[107.9425,-7.1785],[107.939,-7.18],[107.937,-7.181],[107.9365,-7.183],[107.938,-7.1885],[107.944,-7.1995],[107.943,-7.2005],[107.9445,-7.208],[107.947,-7.2055]]]},"properties":{"code":"32.05.02.2017","name":"Sindanglaya","latitude":-7.191010948341484,"longitude":107.94229029999593}},{"type":"Feature","geometry":{"type":"Polygon","coordinates":[[[107.9495,-7.2365],[107.95,-7.233],[107.949,-7.231],[107.947,-7.2275],[107.9425,-7.225],[107.933,-7.2155],[107.9305,-7.2175],[107.929,-7.2185],[107.9305,-7.222],[107.941,-7.2325],[107.9425,-7.2345],[107.942,-7.236],[107.943,-7.2375],[107.944,-7.2375],[107.945,-7.2375],[107.946,-7.2375],[107.949,-7.2365],[107.9495,-7.2365]]]},"properties":{"code":"32.05.02.2018","name":"Tanjungsari","latitude":-7.227254871522633,"longitude":107.9403921359326}},{"type":"Feature","geometry":{"type":"Polygon","coordinates":[[[107.968,-7.1935],[107.968,-7.193],[107.9625,-7.186],[107.962,-7.1855],[107.9615,-7.185],[107.959,-7.1865],[107.959,-7.1945],[107.963,-7.199],[107.968,-7.1935]]]},"properties":{"code":"32.05.02.2019","name":"Situsaeur","latitude":-7.192123418137031,"longitude":107.96258347828005}},{"type":"Feature","geometry":{"type":"Polygon","coordinates":[[[107.971,-7.194],[107.9615,-7.1805],[107.962,-7.1845],[107.9615,-7.185],[107.962,-7.1855],[107.9625,-7.186],[107.968,-7.193],[107.968,-7.1935],[107.971,-7.194]]]},"properties":{"code":"32.05.02.2020","name":"Situjaya","latitude":-7.187832826232486,"longitude":107.96661886027131}},{"type":"Feature","geometry":{"type":"Polygon","coordinates":[[[107.9815,-7.1725],[107.9735,-7.1675],[107.9695,-7.167],[107.969,-7.168],[107.978,-7.1795],[107.982,-7.175],[107.9825,-7.174],[107.9825,-7.1735],[107.982,-7.1725],[107.9815,-7.1725]]]},"properties":{"code":"32.05.03.2001","name":"Wanaraja","latitude":-7.17284065806969,"longitude":107.97530292409692}},{"type":"Feature","geometry":{"type":"Polygon","coordinates":[[[107.9905,-7.178],[107.9885,-7.1775],[107.9875,-7.177],[107.9835,-7.175],[107.983,-7.174],[107.9825,-7.1735],[107.982,-7.175],[107.978,-7.1795],[107.9905,-7.183],[107.9905,-7.181],[107.9905,-7.178]]]},"properties":{"code":"32.05.03.2002","name":"Wanamekar","latitude":-7.178985030444426,"longitude":107.98407819606241}},{"type":"Feature","geometry":{"type":"Polygon","coordinates":[[[107.9695,-7.167],[107.968,-7.164],[107.9635,-7.1675],[107.962,-7.168],[107.963,-7.17],[107.963,-7.171],[107.9615,-7.1735],[107.9675,-7.182],[107.9695,-7.1835],[107.9705,-7.1855],[107.9705,-7.1865],[107.971,-7.186],[107.972,-7.185],[107.974,-7.183],[107.9745,-7.1835],[107.975,-7.1855],[107.978,-7.1795],[107.969,-7.168],[107.9695,-7.167]]]},"properties":{"code":"32.05.03.2003","name":"Cinunuk","latitude":-7.175260315538762,"longitude":107.96889577286471}},{"type":"Feature","geometry":{"type":"Polygon","coordinates":[[[108.066,-7.2075],[108.0575,-7.2075],[108.0465,-7.198],[108.0335,-7.1935],[108.032,-7.193],[108.0175,-7.1855],[108.0165,-7.1865],[108.0175,-7.1885],[108.0175,-7.196],[108.0165,-7.1945],[108.0155,-7.194],[108.015,-7.1945],[108.0165,-7.195],[108.0165,-7.1965],[108.0125,-7.203],[108.013,-7.2035],[108.0155,-7.204],[108.0165,-7.2035],[108.0205,-7.2035],[108.042,-7.2105],[108.054,-7.215],[108.062,-7.2165],[108.0645,-7.2165],[108.0665,-7.216],[108.067,-7.2145],[108.066,-7.2075]]]},"properties":{"code":"32.05.03.2007","name":"Sukamenak","latitude":-7.202323196045218,"longitude":108.03771840658067}},{"type":"Feature","geometry":{"type":"Polygon","coordinates":[[[107.993,-7.1715],[107.9925,-7.172],[107.9915,-7.1715],[107.991,-7.171],[107.99,-7.1715],[107.99,-7.174],[107.9905,-7.179],[107.9905,-7.181],[107.9925,-7.1875],[107.991,-7.1915],[107.9935,-7.192],[107.9955,-7.1935],[107.999,-7.195],[108.0015,-7.1905],[108.004,-7.1915],[108.017,-7.1805],[108.0155,-7.181],[108.014,-7.1805],[108.0025,-7.178],[107.999,-7.175],[107.9955,-7.173],[107.9945,-7.173],[107.993,-7.1715]]]},"properties":{"code":"32.05.03.2008","name":"Sindangratu","latitude":-7.182958090088077,"longitude":107.99812422822109}},{"type":"Feature","geometry":{"type":"Polygon","coordinates":[[[107.9805,-7.156],[107.9775,-7.1625],[107.978,-7.163],[107.9815,-7.1725],[107.982,-7.173],[107.983,-7.174],[107.9835,-7.175],[107.9875,-7.177],[107.9885,-7.1775],[107.9905,-7.178],[107.99,-7.1715],[107.991,-7.171],[107.9895,-7.168],[107.986,-7.1645],[107.9825,-7.16],[107.9805,-7.156]]]},"properties":{"code":"32.05.03.2011","name":"Wanajaya","latitude":-7.168225182037882,"longitude":107.98463946500138}},{"type":"Feature","geometry":{"type":"Polygon","coordinates":[[[108.0175,-7.1855],[108.017,-7.182],[108.017,-7.1805],[108.004,-7.1915],[108.0015,-7.1905],[107.999,-7.195],[108.0075,-7.1935],[108.0135,-7.194],[108.015,-7.1945],[108.0155,-7.194],[108.016,-7.1945],[108.017,-7.195],[108.0175,-7.196],[108.0175,-7.1885],[108.0165,-7.1865],[108.0175,-7.1855]]]},"properties":{"code":"32.05.03.2015","name":"Sindangmekar","latitude":-7.188592043283306,"longitude":108.01017620290382}},{"type":"Feature","geometry":{"type":"Polygon","coordinates":[[[107.9735,-7.157],[107.9685,-7.163],[107.968,-7.164],[107.9695,-7.167],[107.9735,-7.1675],[107.9815,-7.1725],[107.978,-7.163],[107.9775,-7.1625],[107.9765,-7.159],[107.9735,-7.157]]]},"properties":{"code":"32.05.03.2019","name":"Wanasari","latitude":-7.1642766942415,"longitude":107.97561980029167}},{"type":"Feature","geometry":{"type":"Polygon","coordinates":[[[107.999,-7.195],[107.9955,-7.1935],[107.9935,-7.192],[107.9925,-7.1925],[107.9925,-7.1945],[107.997,-7.198],[108.0015,-7.2025],[108.004,-7.202],[108.006,-7.202],[108.0125,-7.203],[108.0165,-7.1965],[108.0165,-7.195],[108.0135,-7.194],[108.0075,-7.1935],[107.999,-7.195]]]},"properties":{"code":"32.05.03.2024","name":"Sindangprabu","latitude":-7.197651566361238,"longitude":108.00522569037601}},{"type":"Feature","geometry":{"type":"Polygon","coordinates":[[[107.8915,-7.1745],[107.8575,-7.155],[107.871,-7.178],[107.8715,-7.1785],[107.872,-7.178],[107.872,-7.1785],[107.8745,-7.178],[107.8765,-7.178],[107.88,-7.1825],[107.8895,-7.185],[107.8905,-7.1755],[107.8915,-7.1745]]]},"properties":{"code":"32.05.04.1012","name":"Pananjung","latitude":-7.170609103976839,"longitude":107.87610496981566}},{"type":"Feature","geometry":{"type":"Polygon","coordinates":[[[107.844,-7.201],[107.8435,-7.2015],[107.842,-7.198],[107.8405,-7.1975],[107.8395,-7.198],[107.838,-7.1995],[107.8375,-7.2],[107.836,-7.2015],[107.8335,-7.2035],[107.837,-7.208],[107.8395,-7.2095],[107.8405,-7.2085],[107.844,-7.2025],[107.8435,-7.2015],[107.844,-7.201]]]},"properties":{"code":"32.05.04.2001","name":"Sukajadi","latitude":-7.20362303345189,"longitude":107.83973609559727}},{"type":"Feature","geometry":{"type":"Polygon","coordinates":[[[107.891,-7.1905],[107.8895,-7.1855],[107.8895,-7.1865],[107.8795,-7.19],[107.8795,-7.1915],[107.8815,-7.193],[107.8815,-7.1935],[107.882,-7.1945],[107.885,-7.193],[107.8865,-7.1925],[107.8865,-7.1905],[107.891,-7.1905]]]},"properties":{"code":"32.05.04.2002","name":"Cimanganten","latitude":-7.19004035738078,"longitude":107.88542090665534}},{"type":"Feature","geometry":{"type":"Polygon","coordinates":[[[107.907,-7.1795],[107.9055,-7.1775],[107.9005,-7.176],[107.897,-7.173],[107.8945,-7.1725],[107.8935,-7.172],[107.893,-7.172],[107.8905,-7.1755],[107.8895,-7.1855],[107.891,-7.1905],[107.9035,-7.19],[107.905,-7.189],[107.9055,-7.181],[107.9065,-7.1795],[107.907,-7.1795]]]},"properties":{"code":"32.05.04.2003","name":"Jati","latitude":-7.1823609644650315,"longitude":107.89767136420154}},{"type":"Feature","geometry":{"type":"Polygon","coordinates":[[[107.8575,-7.155],[107.853,-7.146],[107.847,-7.1415],[107.8455,-7.1425],[107.843,-7.1435],[107.8455,-7.1495],[107.842,-7.1705],[107.8435,-7.1735],[107.863,-7.19],[107.867,-7.1975],[107.867,-7.1985],[107.877,-7.198],[107.88,-7.196],[107.882,-7.1945],[107.8815,-7.1935],[107.8815,-7.193],[107.8795,-7.1915],[107.8775,-7.1905],[107.876,-7.181],[107.872,-7.1785],[107.871,-7.178],[107.8575,-7.155]]]},"properties":{"code":"32.05.04.2004","name":"Rancabango","latitude":-7.17131086621159,"longitude":107.8581260281224}},{"type":"Feature","geometry":{"type":"Polygon","coordinates":[[[107.8425,-7.1735],[107.842,-7.1705],[107.8455,-7.1495],[107.843,-7.1435],[107.84,-7.144],[107.8375,-7.1465],[107.8345,-7.1475],[107.837,-7.155],[107.8325,-7.1645],[107.838,-7.1785],[107.8385,-7.199],[107.8395,-7.198],[107.8405,-7.1975],[107.842,-7.198],[107.8435,-7.2015],[107.845,-7.2],[107.848,-7.199],[107.8485,-7.1975],[107.848,-7.196],[107.8475,-7.193],[107.846,-7.1905],[107.8425,-7.1735]]]},"properties":{"code":"32.05.04.2005","name":"Sukawangi","latitude":-7.173136949212683,"longitude":107.8398778074482}},{"type":"Feature","geometry":{"type":"Polygon","coordinates":[[[107.866,-7.1985],[107.8585,-7.196],[107.851,-7.1955],[107.8495,-7.1955],[107.8495,-7.195],[107.8475,-7.194],[107.848,-7.196],[107.8485,-7.1975],[107.8485,-7.201],[107.8495,-7.203],[107.852,-7.2065],[107.8555,-7.208],[107.8565,-7.2105],[107.8575,-7.2115],[107.8595,-7.2095],[107.861,-7.2065],[107.8655,-7.2015],[107.8675,-7.201],[107.8675,-7.2],[107.8715,-7.199],[107.874,-7.199],[107.8765,-7.1985],[107.877,-7.198],[107.867,-7.1985],[107.866,-7.1985]]]},"properties":{"code":"32.05.04.2006","name":"Sirnajaya","latitude":-7.201305855661497,"longitude":107.85805187120465}},{"type":"Feature","geometry":{"type":"Polygon","coordinates":[[[107.9055,-7.1575],[107.9015,-7.1575],[107.8985,-7.1595],[107.8965,-7.1675],[107.893,-7.172],[107.8935,-7.172],[107.8945,-7.1725],[107.897,-7.173],[107.9005,-7.176],[107.9055,-7.1775],[107.907,-7.1795],[107.9075,-7.179],[107.906,-7.175],[107.906,-7.171],[107.9075,-7.1695],[107.909,-7.1685],[107.9105,-7.167],[107.9125,-7.1655],[107.9125,-7.1645],[107.9105,-7.1615],[107.9055,-7.1575]]]},"properties":{"code":"32.05.04.2007","name":"Tanjung Kamuning","latitude":-7.167244329239846,"longitude":107.90298211877791}},{"type":"Feature","geometry":{"type":"Polygon","coordinates":[[[107.866,-7.1985],[107.867,-7.1975],[107.863,-7.19],[107.8435,-7.1735],[107.8425,-7.1735],[107.846,-7.1905],[107.8475,-7.193],[107.8475,-7.194],[107.8495,-7.195],[107.8495,-7.1955],[107.851,-7.1955],[107.8585,-7.196],[107.866,-7.1985]]]},"properties":{"code":"32.05.04.2008","name":"Mekarjaya","latitude":-7.188065176188921,"longitude":107.85346146827908}},{"type":"Feature","geometry":{"type":"Polygon","coordinates":[[[107.8895,-7.185],[107.88,-7.1825],[107.8765,-7.178],[107.8745,-7.178],[107.872,-7.1785],[107.872,-7.178],[107.8715,-7.1785],[107.872,-7.1785],[107.876,-7.181],[107.8775,-7.1905],[107.8795,-7.19],[107.8895,-7.1865],[107.8895,-7.185]]]},"properties":{"code":"32.05.04.2009","name":"Langensari","latitude":-7.184659184631865,"longitude":107.88061279762562}},{"type":"Feature","geometry":{"type":"Polygon","coordinates":[[[107.848,-7.199],[107.845,-7.2],[107.844,-7.201],[107.8435,-7.2015],[107.844,-7.2025],[107.8405,-7.2085],[107.8395,-7.2095],[107.8385,-7.2095],[107.8435,-7.211],[107.845,-7.2125],[107.8465,-7.2125],[107.8565,-7.2125],[107.8565,-7.2105],[107.8555,-7.208],[107.852,-7.2065],[107.8495,-7.203],[107.8485,-7.201],[107.848,-7.199]]]},"properties":{"code":"32.05.04.2010","name":"Mekarwangi","latitude":-7.207387494066721,"longitude":107.84780517330366}},{"type":"Feature","geometry":{"type":"Polygon","coordinates":[[[107.8545,-7.138],[107.8535,-7.1365],[107.8525,-7.137],[107.8495,-7.138],[107.853,-7.146],[107.8575,-7.155],[107.8915,-7.1745],[107.8965,-7.1675],[107.8985,-7.1595],[107.899,-7.157],[107.8905,-7.1535],[107.8835,-7.151],[107.869,-7.142],[107.8675,-7.1405],[107.8555,-7.1395],[107.8545,-7.138]]]},"properties":{"code":"32.05.04.2011","name":"Pasawahan","latitude":-7.154981099931193,"longitude":107.87616734066604}},{"type":"Feature","geometry":{"type":"Polygon","coordinates":[[[107.8385,-7.199],[107.838,-7.1785],[107.8325,-7.1645],[107.837,-7.155],[107.8345,-7.1475],[107.8305,-7.1475],[107.8295,-7.1475],[107.8275,-7.163],[107.8275,-7.1925],[107.827,-7.1945],[107.829,-7.1975],[107.831,-7.1995],[107.8315,-7.2],[107.8335,-7.2035],[107.836,-7.2015],[107.8375,-7.2],[107.838,-7.1995],[107.8385,-7.199]]]},"properties":{"code":"32.05.04.2013","name":"Panjiwangi","latitude":-7.176590412289068,"longitude":107.83217159274234}},{"type":"Feature","geometry":{"type":"Polygon","coordinates":[[[107.895,-7.1935],[107.8875,-7.199],[107.8905,-7.2045],[107.8925,-7.206],[107.8945,-7.1985],[107.895,-7.1935]]]},"properties":{"code":"32.05.05.1001","name":"Pataruman","latitude":-7.199512535470693,"longitude":107.89204716018006}},{"type":"Feature","geometry":{"type":"Polygon","coordinates":[[[107.8875,-7.199],[107.8865,-7.1925],[107.885,-7.193],[107.88,-7.196],[107.8765,-7.1985],[107.874,-7.199],[107.8715,-7.199],[107.8675,-7.2],[107.8675,-7.201],[107.8695,-7.201],[107.875,-7.201],[107.874,-7.207],[107.8755,-7.211],[107.876,-7.214],[107.877,-7.2145],[107.8775,-7.2135],[107.879,-7.213],[107.88,-7.211],[107.884,-7.208],[107.8855,-7.2085],[107.887,-7.208],[107.8885,-7.2065],[107.8895,-7.206],[107.8905,-7.2045],[107.8875,-7.199]]]},"properties":{"code":"32.05.05.1002","name":"Sukagalih","latitude":-7.203062958705313,"longitude":107.880747063904}},{"type":"Feature","geometry":{"type":"Polygon","coordinates":[[[107.8925,-7.206],[107.8905,-7.2045],[107.8895,-7.206],[107.8885,-7.2065],[107.887,-7.208],[107.8855,-7.2085],[107.884,-7.208],[107.88,-7.211],[107.88,-7.2125],[107.894,-7.2145],[107.8965,-7.212],[107.899,-7.2105],[107.8925,-7.206]]]},"properties":{"code":"32.05.05.1006","name":"Jayawaras","latitude":-7.209962249011189,"longitude":107.89007707584031}},{"type":"Feature","geometry":{"type":"Polygon","coordinates":[[[107.8995,-7.221],[107.8995,-7.2195],[107.898,-7.2175],[107.895,-7.2155],[107.8935,-7.215],[107.895,-7.2185],[107.8935,-7.22],[107.89,-7.221],[107.888,-7.2215],[107.892,-7.224],[107.894,-7.226],[107.894,-7.2255],[107.899,-7.2215],[107.8995,-7.221]]]},"properties":{"code":"32.05.05.1009","name":"Sukakarya","latitude":-7.220939757054394,"longitude":107.89458843829217}},{"type":"Feature","geometry":{"type":"Polygon","coordinates":[[[107.894,-7.2145],[107.88,-7.2125],[107.879,-7.213],[107.8775,-7.2135],[107.877,-7.2145],[107.876,-7.215],[107.8735,-7.216],[107.8735,-7.2165],[107.874,-7.225],[107.8745,-7.2265],[107.8755,-7.226],[107.8795,-7.2225],[107.8805,-7.2225],[107.888,-7.2215],[107.89,-7.221],[107.8935,-7.22],[107.895,-7.2185],[107.8935,-7.215],[107.894,-7.2145]]]},"properties":{"code":"32.05.05.1012","name":"Sukajaya","latitude":-7.217944828593746,"longitude":107.88292759030946}},{"type":"Feature","geometry":{"type":"Polygon","coordinates":[[[107.899,-7.2085],[107.9035,-7.205],[107.9025,-7.19],[107.899,-7.1905],[107.895,-7.1935],[107.8945,-7.1985],[107.8925,-7.206],[107.899,-7.2085]]]},"properties":{"code":"32.05.05.2003","name":"Jayaraga","latitude":-7.199578904008695,"longitude":107.8989262201689}},{"type":"Feature","geometry":{"type":"Polygon","coordinates":[[[107.909,-7.192],[107.906,-7.1915],[107.905,-7.189],[107.9035,-7.19],[107.9025,-7.19],[107.9035,-7.205],[107.899,-7.2085],[107.899,-7.2105],[107.9005,-7.2105],[107.906,-7.208],[107.9085,-7.203],[107.911,-7.199],[107.909,-7.192]]]},"properties":{"code":"32.05.05.2004","name":"Haurpanggung","latitude":-7.199913841273841,"longitude":107.90573078345724}},{"type":"Feature","geometry":{"type":"Polygon","coordinates":[[[107.893,-7.226],[107.8875,-7.2295],[107.8835,-7.231],[107.8775,-7.233],[107.8765,-7.2415],[107.877,-7.242],[107.8775,-7.2425],[107.8785,-7.244],[107.8785,-7.2415],[107.8925,-7.2365],[107.8925,-7.235],[107.8945,-7.2275],[107.894,-7.226],[107.893,-7.226]]]},"properties":{"code":"32.05.05.2005","name":"Cibunar","latitude":-7.235206157762416,"longitude":107.88514196012137}},{"type":"Feature","geometry":{"type":"Polygon","coordinates":[[[107.888,-7.2215],[107.8805,-7.2225],[107.8795,-7.2225],[107.8755,-7.226],[107.8745,-7.2265],[107.874,-7.2275],[107.871,-7.229],[107.871,-7.2285],[107.873,-7.2325],[107.8745,-7.2335],[107.8775,-7.233],[107.8835,-7.231],[107.8875,-7.2295],[107.893,-7.226],[107.892,-7.224],[107.888,-7.2215]]]},"properties":{"code":"32.05.05.2007","name":"Sukabakti","latitude":-7.2273182764811805,"longitude":107.88144072529563}},{"type":"Feature","geometry":{"type":"Polygon","coordinates":[[[107.895,-7.1935],[107.899,-7.1905],[107.8865,-7.1905],[107.8865,-7.1925],[107.8875,-7.199],[107.895,-7.1935]]]},"properties":{"code":"32.05.05.2008","name":"Tarogong","latitude":-7.193427015274456,"longitude":107.89087823199438}},{"type":"Feature","geometry":{"type":"Polygon","coordinates":[[[107.877,-7.2145],[107.876,-7.214],[107.8755,-7.211],[107.874,-7.207],[107.875,-7.201],[107.8695,-7.201],[107.8655,-7.2015],[107.861,-7.2065],[107.862,-7.208],[107.8685,-7.2185],[107.8705,-7.218],[107.871,-7.2175],[107.873,-7.217],[107.8735,-7.216],[107.8755,-7.2155],[107.877,-7.2145]]]},"properties":{"code":"32.05.05.2010","name":"Mekargalih","latitude":-7.209319242028276,"longitude":107.86868446638887}},{"type":"Feature","geometry":{"type":"Polygon","coordinates":[[[107.871,-7.2285],[107.8705,-7.2285],[107.8685,-7.227],[107.8645,-7.229],[107.8575,-7.2335],[107.858,-7.2345],[107.8575,-7.2355],[107.8565,-7.237],[107.8745,-7.24],[107.8755,-7.242],[107.876,-7.2425],[107.8765,-7.242],[107.8765,-7.2415],[107.8745,-7.2335],[107.873,-7.2325],[107.871,-7.2285]]]},"properties":{"code":"32.05.05.2011","name":"Kersamenak","latitude":-7.2348608199835365,"longitude":107.86762174050932}},{"type":"Feature","geometry":{"type":"Polygon","coordinates":[[[107.957,-7.136],[107.9485,-7.149],[107.948,-7.1495],[107.9505,-7.16],[107.9595,-7.1565],[107.9595,-7.141],[107.959,-7.137],[107.9595,-7.1365],[107.9585,-7.136],[107.957,-7.136]]]},"properties":{"code":"32.05.06.2001","name":"Banyuresmi","latitude":-7.147723810526614,"longitude":107.95424520385676}},{"type":"Feature","geometry":{"type":"Polygon","coordinates":[[[107.9545,-7.115],[107.9545,-7.1155],[107.9535,-7.115],[107.952,-7.1145],[107.9515,-7.1145],[107.9465,-7.1125],[107.945,-7.114],[107.9445,-7.114],[107.9425,-7.1165],[107.942,-7.1235],[107.942,-7.1255],[107.9445,-7.126],[107.9525,-7.132],[107.9575,-7.1305],[107.959,-7.1265],[107.958,-7.118],[107.9565,-7.1165],[107.9555,-7.115],[107.955,-7.115],[107.9545,-7.115]]]},"properties":{"code":"32.05.06.2002","name":"Cimareme","latitude":-7.12208259233199,"longitude":107.95033648319692}},{"type":"Feature","geometry":{"type":"Polygon","coordinates":[[[107.947,-7.1795],[107.9505,-7.1605],[107.948,-7.1615],[107.9375,-7.1615],[107.936,-7.163],[107.9315,-7.169],[107.931,-7.17],[107.933,-7.1735],[107.93,-7.174],[107.928,-7.1755],[107.9275,-7.1775],[107.9275,-7.179],[107.932,-7.184],[107.932,-7.1845],[107.9365,-7.181],[107.939,-7.18],[107.9425,-7.1785],[107.947,-7.1795]]]},"properties":{"code":"32.05.06.2003","name":"Sukaratu","latitude":-7.171280924459113,"longitude":107.93996210607851}},{"type":"Feature","geometry":{"type":"Polygon","coordinates":[[[107.9275,-7.179],[107.906,-7.175],[107.9075,-7.179],[107.907,-7.1795],[107.9065,-7.1795],[107.9055,-7.181],[107.905,-7.189],[107.906,-7.1915],[107.909,-7.192],[107.908,-7.191],[107.91,-7.1895],[107.9195,-7.186],[107.921,-7.1865],[107.9275,-7.1845],[107.9295,-7.184],[107.9315,-7.1855],[107.932,-7.184],[107.9275,-7.179]]]},"properties":{"code":"32.05.06.2004","name":"Sukasenang","latitude":-7.182469328335557,"longitude":107.91612021840128}},{"type":"Feature","geometry":{"type":"Polygon","coordinates":[[[107.8995,-7.1355],[107.894,-7.135],[107.8835,-7.136],[107.875,-7.1375],[107.8735,-7.138],[107.869,-7.142],[107.8835,-7.151],[107.8905,-7.1535],[107.899,-7.157],[107.9015,-7.1575],[107.9055,-7.1575],[107.906,-7.1555],[107.906,-7.155],[107.9055,-7.1545],[107.906,-7.1495],[107.904,-7.148],[107.8995,-7.1355]]]},"properties":{"code":"32.05.06.2005","name":"Sukaraja","latitude":-7.14505362083708,"longitude":107.88964324903257}},{"type":"Feature","geometry":{"type":"Polygon","coordinates":[[[107.962,-7.169],[107.9505,-7.1605],[107.947,-7.1795],[107.9495,-7.18],[107.957,-7.176],[107.9605,-7.1735],[107.963,-7.171],[107.963,-7.17],[107.962,-7.169]]]},"properties":{"code":"32.05.06.2006","name":"Cipicung","latitude":-7.171078237320389,"longitude":107.95396719105895}},{"type":"Feature","geometry":{"type":"Polygon","coordinates":[[[107.978,-7.1215],[107.978,-7.121],[107.9765,-7.1215],[107.976,-7.118],[107.9725,-7.119],[107.972,-7.122],[107.9705,-7.1205],[107.969,-7.121],[107.965,-7.1325],[107.963,-7.138],[107.9635,-7.1385],[107.966,-7.1395],[107.973,-7.144],[107.973,-7.143],[107.9745,-7.1415],[107.977,-7.138],[107.978,-7.1365],[107.978,-7.135],[107.98,-7.1315],[107.982,-7.131],[107.982,-7.13],[107.981,-7.127],[107.9795,-7.1245],[107.978,-7.1215]]]},"properties":{"code":"32.05.06.2007","name":"Dangdeur","latitude":-7.130586841958016,"longitude":107.97247228900902}},{"type":"Feature","geometry":{"type":"Polygon","coordinates":[[[107.9155,-7.139],[107.914,-7.1385],[107.903,-7.132],[107.902,-7.1325],[107.8995,-7.1355],[107.904,-7.148],[107.9055,-7.1545],[107.91,-7.155],[107.9155,-7.1575],[107.9185,-7.1535],[107.921,-7.1525],[107.9285,-7.152],[107.925,-7.1495],[107.9155,-7.139]]]},"properties":{"code":"32.05.06.2008","name":"Sukakarya","latitude":-7.145213801715233,"longitude":107.91176100694106}},{"type":"Feature","geometry":{"type":"Polygon","coordinates":[[[107.924,-7.161],[107.9215,-7.162],[107.9185,-7.161],[107.914,-7.163],[107.912,-7.1635],[107.9125,-7.1645],[107.9125,-7.1655],[107.9105,-7.167],[107.909,-7.1685],[107.9075,-7.1695],[107.906,-7.171],[107.906,-7.175],[107.9275,-7.179],[107.9275,-7.1775],[107.928,-7.1755],[107.93,-7.174],[107.929,-7.1715],[107.9265,-7.17],[107.925,-7.163],[107.924,-7.161]]]},"properties":{"code":"32.05.06.2009","name":"Pamekarsari","latitude":-7.170570849898423,"longitude":107.91877439296212}},{"type":"Feature","geometry":{"type":"Polygon","coordinates":[[[107.963,-7.138],[107.961,-7.1365],[107.9595,-7.1365],[107.959,-7.137],[107.9595,-7.141],[107.9595,-7.1565],[107.967,-7.152],[107.9705,-7.1515],[107.973,-7.1515],[107.9745,-7.1515],[107.974,-7.148],[107.974,-7.1465],[107.973,-7.1445],[107.973,-7.144],[107.966,-7.1395],[107.9635,-7.1385],[107.963,-7.138]]]},"properties":{"code":"32.05.06.2010","name":"Binakarya","latitude":-7.1464206936283245,"longitude":107.96541187684318}},{"type":"Feature","geometry":{"type":"Polygon","coordinates":[[[107.9735,-7.157],[107.9745,-7.1515],[107.973,-7.1515],[107.9705,-7.1515],[107.967,-7.152],[107.9595,-7.1565],[107.9505,-7.16],[107.9505,-7.1605],[107.962,-7.169],[107.962,-7.168],[107.9635,-7.1675],[107.9685,-7.163],[107.9735,-7.157]]]},"properties":{"code":"32.05.06.2011","name":"Bagendit","latitude":-7.159261782725189,"longitude":107.96395159126314}},{"type":"Feature","geometry":{"type":"Polygon","coordinates":[[[107.9575,-7.1305],[107.9525,-7.132],[107.9445,-7.126],[107.943,-7.127],[107.941,-7.139],[107.9425,-7.1455],[107.946,-7.147],[107.948,-7.1495],[107.9485,-7.149],[107.957,-7.136],[107.957,-7.131],[107.9575,-7.1305]]]},"properties":{"code":"32.05.06.2012","name":"Karyamukti","latitude":-7.136233058912636,"longitude":107.94731498271604}},{"type":"Feature","geometry":{"type":"Polygon","coordinates":[[[107.9635,-7.111],[107.962,-7.111],[107.9575,-7.1125],[107.9555,-7.1145],[107.955,-7.1145],[107.9545,-7.115],[107.955,-7.115],[107.9555,-7.115],[107.9565,-7.1165],[107.958,-7.118],[107.959,-7.1265],[107.958,-7.1295],[107.957,-7.131],[107.957,-7.136],[107.9585,-7.136],[107.961,-7.1365],[107.963,-7.138],[107.965,-7.1325],[107.969,-7.121],[107.9705,-7.1195],[107.9685,-7.1165],[107.967,-7.116],[107.967,-7.1145],[107.965,-7.114],[107.9635,-7.111]]]},"properties":{"code":"32.05.06.2013","name":"Karyasari","latitude":-7.123126388598406,"longitude":107.96196125877644}},{"type":"Feature","geometry":{"type":"Polygon","coordinates":[[[107.9505,-7.16],[107.948,-7.1495],[107.946,-7.1515],[107.945,-7.153],[107.944,-7.154],[107.9425,-7.1545],[107.939,-7.156],[107.937,-7.1555],[107.9365,-7.1545],[107.9305,-7.1525],[107.9315,-7.161],[107.9305,-7.162],[107.926,-7.1605],[107.924,-7.161],[107.925,-7.163],[107.9265,-7.17],[107.929,-7.1715],[107.933,-7.1735],[107.931,-7.17],[107.9315,-7.169],[107.936,-7.163],[107.9375,-7.1615],[107.948,-7.1615],[107.9505,-7.1605],[107.9505,-7.16]]]},"properties":{"code":"32.05.06.2014","name":"Sukamukti","latitude":-7.161072786234838,"longitude":107.93696393319688}},{"type":"Feature","geometry":{"type":"Polygon","coordinates":[[[107.9305,-7.1525],[107.9285,-7.152],[107.921,-7.1525],[107.9185,-7.1535],[107.9155,-7.1575],[107.91,-7.155],[107.9055,-7.1545],[107.906,-7.1555],[107.9055,-7.1575],[107.9105,-7.1615],[107.912,-7.1635],[107.914,-7.163],[107.9185,-7.161],[107.9215,-7.162],[107.9245,-7.161],[107.926,-7.1605],[107.9305,-7.162],[107.9315,-7.161],[107.9305,-7.1525]]]},"properties":{"code":"32.05.06.2015","name":"Sukalaksana","latitude":-7.157670474464266,"longitude":107.92036619618678}},{"type":"Feature","geometry":{"type":"Polygon","coordinates":[[[107.8335,-7.2035],[107.8315,-7.202],[107.8315,-7.203],[107.83,-7.205],[107.8295,-7.206],[107.8285,-7.208],[107.828,-7.208],[107.835,-7.221],[107.837,-7.2215],[107.8385,-7.222],[107.8415,-7.2195],[107.845,-7.22],[107.8495,-7.222],[107.85,-7.2215],[107.8495,-7.2195],[107.8495,-7.2185],[107.8465,-7.2125],[107.845,-7.2125],[107.8435,-7.211],[107.8385,-7.2095],[107.837,-7.208],[107.8335,-7.2035]]]},"properties":{"code":"32.05.07.2001","name":"Samarang","latitude":-7.213884519517426,"longitude":107.83871210533347}},{"type":"Feature","geometry":{"type":"Polygon","coordinates":[[[107.8575,-7.2115],[107.8565,-7.2125],[107.8465,-7.2125],[107.8495,-7.2185],[107.8495,-7.2195],[107.85,-7.2215],[107.8495,-7.222],[107.8505,-7.2225],[107.8505,-7.223],[107.8525,-7.2235],[107.8585,-7.227],[107.859,-7.2235],[107.86,-7.2195],[107.858,-7.2175],[107.8575,-7.2115]]]},"properties":{"code":"32.05.07.2002","name":"Cintarakyat","latitude":-7.218581986071181,"longitude":107.85401967694898}},{"type":"Feature","geometry":{"type":"Polygon","coordinates":[[[107.8255,-7.2055],[107.819,-7.2085],[107.818,-7.211],[107.8205,-7.2125],[107.835,-7.224],[107.836,-7.2225],[107.837,-7.2215],[107.835,-7.221],[107.828,-7.208],[107.827,-7.208],[107.8255,-7.2055]]]},"properties":{"code":"32.05.07.2003","name":"Sukarasa","latitude":-7.2126969494827184,"longitude":107.82650470541225}},{"type":"Feature","geometry":{"type":"Polygon","coordinates":[[[107.7975,-7.183],[107.797,-7.1915],[107.786,-7.201],[107.7885,-7.202],[107.789,-7.202],[107.7895,-7.2025],[107.7895,-7.2035],[107.7915,-7.203],[107.8035,-7.2065],[107.8065,-7.207],[107.8075,-7.2],[107.808,-7.1995],[107.8085,-7.1995],[107.809,-7.201],[107.8105,-7.199],[107.8085,-7.1915],[107.807,-7.191],[107.7975,-7.183]]]},"properties":{"code":"32.05.07.2004","name":"Parakan","latitude":-7.197358355783274,"longitude":107.79993293781959}},{"type":"Feature","geometry":{"type":"Polygon","coordinates":[[[107.823,-7.1415],[107.8215,-7.138],[107.818,-7.133],[107.816,-7.1325],[107.8145,-7.1335],[107.813,-7.1345],[107.8115,-7.136],[107.8115,-7.1365],[107.8095,-7.139],[107.8085,-7.139],[107.8085,-7.1405],[107.8065,-7.1435],[107.8,-7.1475],[107.798,-7.149],[107.79,-7.1595],[107.7845,-7.1645],[107.7975,-7.183],[107.807,-7.191],[107.8085,-7.1915],[107.8105,-7.199],[107.819,-7.2085],[107.8255,-7.2055],[107.8265,-7.204],[107.8245,-7.2025],[107.8245,-7.202],[107.8245,-7.2015],[107.823,-7.2005],[107.8085,-7.183],[107.8105,-7.1655],[107.823,-7.1415]]]},"properties":{"code":"32.05.07.2005","name":"Sukakarya","latitude":-7.1665230469492665,"longitude":107.80586694819824}},{"type":"Feature","geometry":{"type":"Polygon","coordinates":[[[107.8585,-7.227],[107.8525,-7.2235],[107.8505,-7.224],[107.85,-7.225],[107.835,-7.2275],[107.833,-7.2295],[107.8455,-7.233],[107.845,-7.2315],[107.8505,-7.2335],[107.852,-7.2345],[107.853,-7.236],[107.854,-7.2365],[107.855,-7.2375],[107.8565,-7.237],[107.8575,-7.2355],[107.858,-7.2345],[107.8575,-7.2335],[107.8635,-7.2295],[107.8605,-7.228],[107.8595,-7.228],[107.8585,-7.227]]]},"properties":{"code":"32.05.07.2006","name":"Cintakarya","latitude":-7.229976537117227,"longitude":107.84993319686103}},{"type":"Feature","geometry":{"type":"Polygon","coordinates":[[[107.8295,-7.1475],[107.825,-7.144],[107.823,-7.1415],[107.8105,-7.1655],[107.8085,-7.183],[107.823,-7.2005],[107.825,-7.202],[107.8245,-7.197],[107.8235,-7.196],[107.8235,-7.1955],[107.826,-7.193],[107.826,-7.1925],[107.827,-7.193],[107.827,-7.1925],[107.8275,-7.193],[107.8275,-7.1925],[107.8275,-7.163],[107.8295,-7.1475]]]},"properties":{"code":"32.05.07.2007","name":"Tanjung Karya","latitude":-7.171452874594841,"longitude":107.82031891700557}},{"type":"Feature","geometry":{"type":"Polygon","coordinates":[[[107.78,-7.156],[107.774,-7.156],[107.771,-7.16],[107.7705,-7.1585],[107.767,-7.157],[107.7655,-7.156],[107.762,-7.1575],[107.7585,-7.159],[107.753,-7.1655],[107.759,-7.176],[107.7705,-7.1855],[107.774,-7.1895],[107.775,-7.1915],[107.7755,-7.195],[107.786,-7.201],[107.797,-7.1915],[107.7975,-7.183],[107.7845,-7.1645],[107.7815,-7.157],[107.78,-7.156]]]},"properties":{"code":"32.05.07.2008","name":"Cisarua","latitude":-7.17612952823186,"longitude":107.77698523175381}},{"type":"Feature","geometry":{"type":"Polygon","coordinates":[[[107.8735,-7.2165],[107.873,-7.217],[107.871,-7.2175],[107.8705,-7.218],[107.8685,-7.2185],[107.862,-7.208],[107.8595,-7.2095],[107.8575,-7.2115],[107.858,-7.2175],[107.86,-7.2195],[107.859,-7.2235],[107.8585,-7.227],[107.8595,-7.228],[107.8605,-7.228],[107.8635,-7.2295],[107.8645,-7.229],[107.8685,-7.227],[107.8705,-7.2285],[107.871,-7.229],[107.874,-7.2275],[107.874,-7.225],[107.8735,-7.2165]]]},"properties":{"code":"32.05.07.2009","name":"Cintarasa","latitude":-7.22109716518588,"longitude":107.86516278599838}},{"type":"Feature","geometry":{"type":"Polygon","coordinates":[[[107.8495,-7.222],[107.845,-7.22],[107.8415,-7.2195],[107.8385,-7.222],[107.837,-7.2215],[107.8355,-7.2235],[107.834,-7.226],[107.8335,-7.227],[107.835,-7.2275],[107.85,-7.225],[107.8505,-7.224],[107.8505,-7.223],[107.8505,-7.2225],[107.8495,-7.222]]]},"properties":{"code":"32.05.07.2010","name":"Cintaasih","latitude":-7.2243361597797175,"longitude":107.84205095500899}},{"type":"Feature","geometry":{"type":"Polygon","coordinates":[[[107.835,-7.224],[107.8205,-7.2125],[107.817,-7.216],[107.8165,-7.2165],[107.818,-7.2175],[107.819,-7.22],[107.822,-7.2215],[107.823,-7.2225],[107.8305,-7.227],[107.833,-7.2295],[107.8335,-7.2265],[107.835,-7.224]]]},"properties":{"code":"32.05.07.2011","name":"Sirnasari","latitude":-7.220505274926405,"longitude":107.8258678383808}},{"type":"Feature","geometry":{"type":"Polygon","coordinates":[[[107.8105,-7.199],[107.809,-7.201],[107.8085,-7.1995],[107.808,-7.1995],[107.8075,-7.2],[107.8065,-7.207],[107.805,-7.207],[107.8055,-7.2085],[107.8055,-7.2095],[107.805,-7.2115],[107.8155,-7.217],[107.8165,-7.2165],[107.817,-7.216],[107.818,-7.211],[107.819,-7.2085],[107.8105,-7.199]]]},"properties":{"code":"32.05.07.2012","name":"Sukalaksana","latitude":-7.209119764952791,"longitude":107.81228164822224}},{"type":"Feature","geometry":{"type":"Polygon","coordinates":[[[107.8275,-7.193],[107.827,-7.1925],[107.827,-7.193],[107.826,-7.1925],[107.826,-7.193],[107.8235,-7.1955],[107.8235,-7.196],[107.8245,-7.197],[107.825,-7.202],[107.8245,-7.2015],[107.8245,-7.202],[107.8245,-7.2025],[107.8265,-7.204],[107.8255,-7.2055],[107.827,-7.208],[107.8285,-7.208],[107.8295,-7.206],[107.83,-7.205],[107.8315,-7.203],[107.8315,-7.202],[107.8315,-7.2],[107.831,-7.1995],[107.829,-7.1975],[107.827,-7.1945],[107.8275,-7.193]]]},"properties":{"code":"32.05.07.2013","name":"Tanjunganom","latitude":-7.200824256886809,"longitude":107.82773576163144}},{"type":"Feature","geometry":{"type":"Polygon","coordinates":[[[107.786,-7.201],[107.7755,-7.195],[107.775,-7.1935],[107.772,-7.206],[107.7715,-7.2135],[107.7905,-7.2195],[107.7925,-7.2175],[107.792,-7.213],[107.791,-7.213],[107.7885,-7.211],[107.7885,-7.203],[107.789,-7.2025],[107.789,-7.202],[107.7885,-7.202],[107.786,-7.201]]]},"properties":{"code":"32.05.08.2001","name":"Pasirwangi","latitude":-7.2077915705097615,"longitude":107.78073200834432}},{"type":"Feature","geometry":{"type":"Polygon","coordinates":[[[107.816,-7.2305],[107.812,-7.2235],[107.802,-7.2265],[107.8005,-7.2275],[107.8005,-7.227],[107.7985,-7.228],[107.7975,-7.2275],[107.797,-7.2275],[107.782,-7.23],[107.779,-7.2305],[107.7775,-7.2365],[107.781,-7.2385],[107.782,-7.2385],[107.7855,-7.2375],[107.7865,-7.236],[107.798,-7.2345],[107.816,-7.2305]]]},"properties":{"code":"32.05.08.2002","name":"Pasirkiamis","latitude":-7.231521976881952,"longitude":107.79550179203771}},{"type":"Feature","geometry":{"type":"Polygon","coordinates":[[[107.805,-7.2115],[107.7985,-7.216],[107.8115,-7.2225],[107.813,-7.2235],[107.8135,-7.224],[107.818,-7.2185],[107.818,-7.2175],[107.8155,-7.217],[107.805,-7.2115]]]},"properties":{"code":"32.05.08.2003","name":"Padasuka","latitude":-7.2178483231205615,"longitude":107.8090910382529}},{"type":"Feature","geometry":{"type":"Polygon","coordinates":[[[107.769,-7.2135],[107.7675,-7.213],[107.7665,-7.213],[107.7615,-7.212],[107.751,-7.2105],[107.7415,-7.2185],[107.7395,-7.2195],[107.727,-7.219],[107.7255,-7.22],[107.7255,-7.2185],[107.722,-7.2155],[107.7205,-7.2165],[107.7105,-7.224],[107.7095,-7.226],[107.71,-7.2275],[107.7115,-7.2295],[107.7375,-7.227],[107.7515,-7.2195],[107.771,-7.2215],[107.77,-7.221],[107.769,-7.2135]]]},"properties":{"code":"32.05.08.2004","name":"Karyamekar","latitude":-7.220252701740903,"longitude":107.74061230632411}},{"type":"Feature","geometry":{"type":"Polygon","coordinates":[[[107.772,-7.206],[107.761,-7.197],[107.757,-7.188],[107.742,-7.183],[107.7385,-7.181],[107.738,-7.1795],[107.737,-7.1795],[107.735,-7.1795],[107.735,-7.18],[107.7345,-7.181],[107.733,-7.183],[107.726,-7.1905],[107.726,-7.1915],[107.7245,-7.192],[107.7225,-7.2075],[107.724,-7.2125],[107.722,-7.2155],[107.7255,-7.2185],[107.7255,-7.22],[107.727,-7.219],[107.7395,-7.2195],[107.7415,-7.2185],[107.751,-7.2105],[107.7615,-7.212],[107.7665,-7.213],[107.7675,-7.213],[107.77,-7.213],[107.7715,-7.2135],[107.772,-7.206]]]},"properties":{"code":"32.05.08.2005","name":"Padawaas","latitude":-7.201393610580243,"longitude":107.74290464357493}},{"type":"Feature","geometry":{"type":"Polygon","coordinates":[[[107.833,-7.2295],[107.8305,-7.227],[107.823,-7.2225],[107.822,-7.2215],[107.819,-7.22],[107.818,-7.2185],[107.8135,-7.224],[107.813,-7.2235],[107.812,-7.2235],[107.816,-7.2305],[107.8175,-7.2315],[107.8205,-7.2315],[107.8255,-7.234],[107.826,-7.2335],[107.828,-7.2325],[107.829,-7.233],[107.833,-7.2295]]]},"properties":{"code":"32.05.08.2006","name":"Padaasih","latitude":-7.227084479947883,"longitude":107.8221597463595}},{"type":"Feature","geometry":{"type":"Polygon","coordinates":[[[107.775,-7.1935],[107.775,-7.1915],[107.774,-7.1895],[107.7705,-7.1855],[107.759,-7.176],[107.753,-7.1655],[107.7505,-7.1685],[107.749,-7.1695],[107.746,-7.1695],[107.742,-7.1695],[107.74,-7.17],[107.736,-7.176],[107.735,-7.1795],[107.7375,-7.1795],[107.738,-7.1795],[107.7385,-7.181],[107.742,-7.183],[107.757,-7.188],[107.761,-7.197],[107.772,-7.206],[107.775,-7.1935]]]},"properties":{"code":"32.05.08.2007","name":"Barusari","latitude":-7.183131632175148,"longitude":107.75679586217005}},{"type":"Feature","geometry":{"type":"Polygon","coordinates":[[[107.7715,-7.2135],[107.77,-7.213],[107.769,-7.2135],[107.77,-7.221],[107.771,-7.2215],[107.7765,-7.2245],[107.7795,-7.2255],[107.78,-7.23],[107.782,-7.23],[107.797,-7.2275],[107.7975,-7.2275],[107.7985,-7.228],[107.7995,-7.2275],[107.8005,-7.227],[107.7975,-7.2255],[107.795,-7.225],[107.7905,-7.221],[107.7905,-7.2195],[107.7715,-7.2135]]]},"properties":{"code":"32.05.08.2008","name":"Talaga","latitude":-7.2228131236704955,"longitude":107.78265345111176}},{"type":"Feature","geometry":{"type":"Polygon","coordinates":[[[107.816,-7.2305],[107.798,-7.2345],[107.7995,-7.235],[107.803,-7.235],[107.8095,-7.2355],[107.829,-7.24],[107.8265,-7.235],[107.8255,-7.234],[107.8205,-7.2315],[107.8175,-7.2315],[107.816,-7.2305]]]},"properties":{"code":"32.05.08.2009","name":"Padamukti","latitude":-7.23462509967318,"longitude":107.81466752759299}},{"type":"Feature","geometry":{"type":"Polygon","coordinates":[[[107.7985,-7.216],[107.793,-7.213],[107.792,-7.213],[107.7925,-7.2175],[107.7905,-7.221],[107.795,-7.225],[107.7975,-7.2255],[107.8005,-7.227],[107.8005,-7.2275],[107.802,-7.2265],[107.812,-7.2235],[107.8115,-7.2225],[107.7985,-7.216]]]},"properties":{"code":"32.05.08.2010","name":"Sinarjaya","latitude":-7.221327435527116,"longitude":107.79996796781676}},{"type":"Feature","geometry":{"type":"Polygon","coordinates":[[[107.771,-7.2215],[107.7515,-7.2195],[107.7375,-7.227],[107.7115,-7.2295],[107.71,-7.2275],[107.7095,-7.226],[107.709,-7.227],[107.7075,-7.2275],[107.707,-7.229],[107.7085,-7.231],[107.7075,-7.235],[107.7065,-7.2375],[107.707,-7.2395],[107.7075,-7.241],[107.709,-7.2445],[107.711,-7.2415],[107.719,-7.235],[107.7345,-7.2335],[107.749,-7.2235],[107.7655,-7.2335],[107.7775,-7.2365],[107.779,-7.2305],[107.78,-7.23],[107.7795,-7.2255],[107.7765,-7.2245],[107.771,-7.2215]]]},"properties":{"code":"32.05.08.2011","name":"Sarimukti","latitude":-7.229453085719212,"longitude":107.74312235922436}},{"type":"Feature","geometry":{"type":"Polygon","coordinates":[[[107.805,-7.207],[107.8035,-7.2065],[107.7915,-7.203],[107.7895,-7.2035],[107.7895,-7.2025],[107.789,-7.202],[107.789,-7.2025],[107.7885,-7.203],[107.7885,-7.211],[107.791,-7.213],[107.793,-7.213],[107.7985,-7.216],[107.805,-7.2115],[107.8055,-7.2095],[107.8055,-7.2085],[107.805,-7.207]]]},"properties":{"code":"32.05.08.2012","name":"Padamulya","latitude":-7.209398353612677,"longitude":107.79612912710229}},{"type":"Feature","geometry":{"type":"Polygon","coordinates":[[[107.9035,-7.103],[107.9025,-7.1025],[107.9025,-7.0995],[107.898,-7.0995],[107.8975,-7.112],[107.9015,-7.1125],[107.902,-7.1055],[107.9025,-7.103],[107.9035,-7.103]]]},"properties":{"code":"32.05.09.2001","name":"Leles","latitude":-7.1056219424895355,"longitude":107.9002096578498}},{"type":"Feature","geometry":{"type":"Polygon","coordinates":[[[107.8975,-7.112],[107.895,-7.108],[107.894,-7.112],[107.8895,-7.1115],[107.8885,-7.1125],[107.888,-7.1135],[107.8825,-7.1175],[107.8545,-7.138],[107.8555,-7.1395],[107.8675,-7.1405],[107.8735,-7.138],[107.8765,-7.137],[107.878,-7.136],[107.8795,-7.134],[107.8805,-7.13],[107.8875,-7.1215],[107.8885,-7.12],[107.8975,-7.112]]]},"properties":{"code":"32.05.09.2002","name":"Ciburial","latitude":-7.127382374239461,"longitude":107.87691413367605}},{"type":"Feature","geometry":{"type":"Polygon","coordinates":[[[107.8675,-7.102],[107.8665,-7.0805],[107.85,-7.0715],[107.848,-7.0695],[107.8465,-7.0685],[107.849,-7.063],[107.849,-7.062],[107.8485,-7.0605],[107.848,-7.0625],[107.835,-7.0745],[107.835,-7.076],[107.8355,-7.0765],[107.8355,-7.08],[107.837,-7.082],[107.8365,-7.0835],[107.8365,-7.086],[107.8345,-7.089],[107.8325,-7.0905],[107.827,-7.094],[107.8255,-7.0945],[107.8245,-7.095],[107.8205,-7.0955],[107.816,-7.098],[107.831,-7.0975],[107.8335,-7.093],[107.8345,-7.092],[107.84,-7.091],[107.8435,-7.096],[107.864,-7.104],[107.8635,-7.1085],[107.865,-7.107],[107.8665,-7.103],[107.8675,-7.102]]]},"properties":{"code":"32.05.09.2003","name":"Jangkurang","latitude":-7.085488624782359,"longitude":107.8487313465217}},{"type":"Feature","geometry":{"type":"Polygon","coordinates":[[[107.931,-7.119],[107.929,-7.117],[107.9265,-7.115],[107.925,-7.114],[107.9225,-7.113],[107.9245,-7.115],[107.923,-7.1175],[107.9225,-7.128],[107.916,-7.1375],[107.9155,-7.139],[107.925,-7.1495],[107.9265,-7.1505],[107.9265,-7.1485],[107.9265,-7.147],[107.927,-7.146],[107.9265,-7.144],[107.927,-7.143],[107.932,-7.125],[107.9335,-7.1235],[107.9335,-7.123],[107.931,-7.1215],[107.93,-7.121],[107.931,-7.1205],[107.931,-7.119]]]},"properties":{"code":"32.05.09.2004","name":"Sukarame","latitude":-7.130524857054129,"longitude":107.9251149431917}},{"type":"Feature","geometry":{"type":"Polygon","coordinates":[[[107.8825,-7.095],[107.876,-7.091],[107.875,-7.0925],[107.872,-7.0995],[107.8705,-7.0995],[107.869,-7.1005],[107.8665,-7.103],[107.865,-7.107],[107.863,-7.109],[107.8625,-7.1095],[107.8585,-7.108],[107.8475,-7.118],[107.844,-7.135],[107.8415,-7.1425],[107.84,-7.144],[107.8455,-7.1425],[107.847,-7.1415],[107.8495,-7.138],[107.865,-7.1115],[107.8695,-7.11],[107.878,-7.1],[107.8825,-7.095]]]},"properties":{"code":"32.05.09.2005","name":"Lembang","latitude":-7.116352850149795,"longitude":107.85958691065983}},{"type":"Feature","geometry":{"type":"Polygon","coordinates":[[[107.9215,-7.092],[107.92,-7.092],[107.9185,-7.094],[107.908,-7.0985],[107.907,-7.099],[107.9055,-7.1005],[107.9045,-7.101],[107.9045,-7.102],[107.9035,-7.1025],[107.9025,-7.103],[107.902,-7.1055],[107.9015,-7.1125],[107.921,-7.113],[107.9205,-7.109],[107.923,-7.1065],[107.9225,-7.1045],[107.9235,-7.104],[107.9265,-7.0975],[107.9215,-7.092]]]},"properties":{"code":"32.05.09.2006","name":"Cangkuang","latitude":-7.103691821995636,"longitude":107.91443688134305}},{"type":"Feature","geometry":{"type":"Polygon","coordinates":[[[107.898,-7.0995],[107.898,-7.099],[107.8975,-7.1],[107.8945,-7.101],[107.89,-7.108],[107.889,-7.108],[107.888,-7.109],[107.8895,-7.1105],[107.8895,-7.1115],[107.894,-7.112],[107.895,-7.108],[107.8975,-7.112],[107.898,-7.0995]]]},"properties":{"code":"32.05.09.2007","name":"Salamnunggal","latitude":-7.106914102096583,"longitude":107.89464134906572}},{"type":"Feature","geometry":{"type":"Polygon","coordinates":[[[107.8925,-7.0985],[107.8895,-7.0965],[107.8885,-7.0965],[107.88,-7.1125],[107.866,-7.1195],[107.8605,-7.129],[107.8575,-7.134],[107.8555,-7.1355],[107.8535,-7.1365],[107.8545,-7.138],[107.8825,-7.1175],[107.888,-7.1135],[107.8885,-7.1125],[107.8895,-7.1105],[107.888,-7.109],[107.889,-7.108],[107.89,-7.108],[107.8945,-7.101],[107.8925,-7.0985]]]},"properties":{"code":"32.05.09.2008","name":"Kandangmukti","latitude":-7.117165702721604,"longitude":107.87648869492122}},{"type":"Feature","geometry":{"type":"Polygon","coordinates":[[[107.921,-7.113],[107.9015,-7.1125],[107.9025,-7.13],[107.903,-7.132],[107.914,-7.1385],[107.916,-7.1375],[107.9225,-7.128],[107.923,-7.1175],[107.9245,-7.115],[107.9225,-7.113],[107.9215,-7.1125],[107.921,-7.113]]]},"properties":{"code":"32.05.09.2009","name":"Margaluyu","latitude":-7.123062790332953,"longitude":107.91125329386834}},{"type":"Feature","geometry":{"type":"Polygon","coordinates":[[[107.8885,-7.0965],[107.8825,-7.095],[107.878,-7.1],[107.8695,-7.11],[107.865,-7.1115],[107.8495,-7.138],[107.8525,-7.137],[107.8555,-7.1355],[107.8575,-7.134],[107.8605,-7.129],[107.866,-7.1195],[107.88,-7.1125],[107.8885,-7.0965]]]},"properties":{"code":"32.05.09.2010","name":"Cipancar","latitude":-7.114609111726558,"longitude":107.87009546228964}},{"type":"Feature","geometry":{"type":"Polygon","coordinates":[[[107.9015,-7.1125],[107.8975,-7.112],[107.8885,-7.12],[107.8875,-7.1215],[107.8805,-7.13],[107.8795,-7.134],[107.878,-7.136],[107.8765,-7.137],[107.875,-7.1375],[107.8835,-7.136],[107.894,-7.135],[107.8995,-7.1355],[107.902,-7.1325],[107.9025,-7.13],[107.9015,-7.1125]]]},"properties":{"code":"32.05.09.2011","name":"Haruman","latitude":-7.127330726289008,"longitude":107.89203056329046}},{"type":"Feature","geometry":{"type":"Polygon","coordinates":[[[107.8635,-7.1085],[107.864,-7.104],[107.8435,-7.096],[107.84,-7.091],[107.8345,-7.092],[107.8335,-7.093],[107.831,-7.0975],[107.816,-7.098],[107.8155,-7.098],[107.8105,-7.101],[107.81,-7.103],[107.8105,-7.1045],[107.8105,-7.1065],[107.811,-7.11],[107.81,-7.122],[107.8105,-7.1245],[107.811,-7.1245],[107.8115,-7.126],[107.8115,-7.1265],[107.812,-7.1295],[107.811,-7.134],[107.8115,-7.136],[107.814,-7.134],[107.816,-7.1325],[107.818,-7.133],[107.8215,-7.138],[107.825,-7.144],[107.8305,-7.1475],[107.8375,-7.1465],[107.84,-7.144],[107.8415,-7.1425],[107.844,-7.135],[107.8475,-7.118],[107.8585,-7.108],[107.8625,-7.1095],[107.8635,-7.1085]]]},"properties":{"code":"32.05.09.2012","name":"Dano","latitude":-7.117278835843601,"longitude":107.832154375876}},{"type":"Feature","geometry":{"type":"Polygon","coordinates":[[[107.9045,-7.0785],[107.902,-7.077],[107.9005,-7.078],[107.8985,-7.078],[107.8985,-7.0885],[107.899,-7.0885],[107.9,-7.0885],[107.9015,-7.089],[107.9055,-7.088],[107.906,-7.0865],[107.908,-7.081],[107.908,-7.0805],[107.9065,-7.0795],[107.9045,-7.0785]]]},"properties":{"code":"32.05.10.2001","name":"Kadungora","latitude":-7.08316658484894,"longitude":107.90236693326946}},{"type":"Feature","geometry":{"type":"Polygon","coordinates":[[[107.9085,-7.0545],[107.9075,-7.0535],[107.897,-7.0545],[107.897,-7.055],[107.899,-7.072],[107.8985,-7.078],[107.9005,-7.078],[107.902,-7.077],[107.9045,-7.0785],[107.9075,-7.075],[107.908,-7.0735],[107.908,-7.073],[107.905,-7.072],[107.905,-7.0705],[107.9085,-7.0545]]]},"properties":{"code":"32.05.10.2002","name":"Gandamekar","latitude":-7.064828687896741,"longitude":107.90260956432134}},{"type":"Feature","geometry":{"type":"Polygon","coordinates":[[[107.9295,-7.077],[107.9265,-7.0775],[107.9255,-7.077],[107.923,-7.076],[107.9085,-7.08],[107.908,-7.0805],[107.908,-7.081],[107.906,-7.0865],[107.906,-7.0875],[107.9095,-7.087],[107.915,-7.0885],[107.92,-7.0865],[107.9205,-7.087],[107.925,-7.087],[107.93,-7.0825],[107.9315,-7.081],[107.9295,-7.077]]]},"properties":{"code":"32.05.10.2003","name":"Cikembulan","latitude":-7.082985514042075,"longitude":107.9192824883389}},{"type":"Feature","geometry":{"type":"Polygon","coordinates":[[[107.924,-7.0725],[107.9175,-7.0705],[107.917,-7.072],[107.9165,-7.073],[107.915,-7.074],[107.9095,-7.073],[107.908,-7.0735],[107.9075,-7.075],[107.9045,-7.0785],[107.9065,-7.0795],[107.9085,-7.08],[107.923,-7.076],[107.9235,-7.073],[107.924,-7.0725]]]},"properties":{"code":"32.05.10.2004","name":"Cisaat","latitude":-7.07674892806797,"longitude":107.91475612702074}},{"type":"Feature","geometry":{"type":"Polygon","coordinates":[[[107.8525,-7.0595],[107.852,-7.059],[107.851,-7.059],[107.8515,-7.065],[107.8525,-7.0645],[107.8525,-7.066],[107.853,-7.0715],[107.881,-7.087],[107.882,-7.0865],[107.8835,-7.081],[107.883,-7.08],[107.8805,-7.081],[107.859,-7.0645],[107.859,-7.062],[107.8595,-7.059],[107.8585,-7.059],[107.856,-7.0605],[107.8525,-7.0595]]]},"properties":{"code":"32.05.10.2005","name":"Mandalasari","latitude":-7.074528782897818,"longitude":107.86502694542108}},{"type":"Feature","geometry":{"type":"Polygon","coordinates":[[[107.931,-7.054],[107.9305,-7.0535],[107.9305,-7.053],[107.9295,-7.0525],[107.9285,-7.0525],[107.9275,-7.052],[107.927,-7.052],[107.926,-7.052],[107.9245,-7.053],[107.922,-7.0535],[107.9205,-7.0535],[107.9175,-7.0535],[107.9175,-7.0575],[107.9175,-7.0585],[107.916,-7.062],[107.918,-7.068],[107.9175,-7.0705],[107.924,-7.0725],[107.924,-7.072],[107.927,-7.0665],[107.9275,-7.0655],[107.9265,-7.0625],[107.9275,-7.0615],[107.931,-7.054]]]},"properties":{"code":"32.05.10.2006","name":"Tanggulun","latitude":-7.06161619355875,"longitude":107.92269991395092}},{"type":"Feature","geometry":{"type":"Polygon","coordinates":[[[107.9085,-7.0535],[107.9085,-7.0545],[107.905,-7.0705],[107.905,-7.072],[107.908,-7.073],[107.9095,-7.073],[107.915,-7.074],[107.9165,-7.073],[107.917,-7.072],[107.918,-7.068],[107.916,-7.062],[107.9175,-7.0585],[107.9175,-7.0575],[107.9175,-7.0535],[107.9155,-7.0535],[107.9085,-7.0535]]]},"properties":{"code":"32.05.10.2007","name":"Mekarbakti","latitude":-7.064462252492603,"longitude":107.91198915325948}},{"type":"Feature","geometry":{"type":"Polygon","coordinates":[[[107.8985,-7.0775],[107.885,-7.066],[107.8735,-7.0625],[107.8715,-7.061],[107.869,-7.06],[107.8635,-7.058],[107.863,-7.059],[107.862,-7.059],[107.8605,-7.0595],[107.8595,-7.059],[107.859,-7.062],[107.859,-7.0645],[107.8805,-7.081],[107.883,-7.08],[107.884,-7.08],[107.8855,-7.08],[107.8855,-7.081],[107.8905,-7.083],[107.892,-7.0825],[107.8945,-7.083],[107.8985,-7.0835],[107.8985,-7.0775]]]},"properties":{"code":"32.05.10.2008","name":"Karangmulya","latitude":-7.071462292633504,"longitude":107.87724627417518}},{"type":"Feature","geometry":{"type":"Polygon","coordinates":[[[107.9425,-7.074],[107.933,-7.0645],[107.932,-7.055],[107.931,-7.054],[107.9275,-7.0615],[107.9265,-7.0625],[107.9275,-7.0655],[107.927,-7.0665],[107.924,-7.072],[107.9235,-7.073],[107.923,-7.076],[107.9255,-7.077],[107.9265,-7.0775],[107.9315,-7.076],[107.9335,-7.0765],[107.9345,-7.078],[107.9395,-7.077],[107.9425,-7.074]]]},"properties":{"code":"32.05.10.2009","name":"Harumansari","latitude":-7.069680166285957,"longitude":107.93162285149145}},{"type":"Feature","geometry":{"type":"Polygon","coordinates":[[[107.8985,-7.0835],[107.8945,-7.083],[107.892,-7.0825],[107.892,-7.084],[107.893,-7.0855],[107.8925,-7.089],[107.8935,-7.09],[107.8925,-7.0985],[107.8945,-7.101],[107.8975,-7.1],[107.898,-7.099],[107.898,-7.0995],[107.9025,-7.0995],[107.9025,-7.1025],[107.9035,-7.103],[107.9045,-7.1015],[107.905,-7.101],[107.906,-7.1],[107.9055,-7.0985],[107.906,-7.0965],[107.904,-7.094],[107.9035,-7.0895],[107.9015,-7.089],[107.9,-7.0885],[107.899,-7.0885],[107.8985,-7.0885],[107.8985,-7.0835]]]},"properties":{"code":"32.05.10.2010","name":"Talagasari","latitude":-7.092945356275889,"longitude":107.8981543625224}},{"type":"Feature","geometry":{"type":"Polygon","coordinates":[[[107.892,-7.0825],[107.8905,-7.083],[107.8855,-7.081],[107.8855,-7.08],[107.884,-7.08],[107.8835,-7.081],[107.882,-7.0865],[107.8785,-7.0895],[107.8895,-7.0965],[107.8925,-7.0985],[107.8935,-7.09],[107.8925,-7.089],[107.893,-7.0855],[107.892,-7.084],[107.892,-7.0825]]]},"properties":{"code":"32.05.10.2011","name":"Hegarsari","latitude":-7.089239372796948,"longitude":107.88645811426514}},{"type":"Feature","geometry":{"type":"Polygon","coordinates":[[[107.9205,-7.087],[107.92,-7.0865],[107.915,-7.0885],[107.9095,-7.087],[107.906,-7.0875],[107.9055,-7.088],[107.9035,-7.0895],[107.904,-7.094],[107.906,-7.0965],[107.9055,-7.0985],[107.906,-7.1],[107.908,-7.0985],[107.9185,-7.094],[107.92,-7.092],[107.9215,-7.092],[107.9205,-7.089],[107.9195,-7.0875],[107.9205,-7.087]]]},"properties":{"code":"32.05.10.2012","name":"Neglasari","latitude":-7.092556858559389,"longitude":107.9115934292406}},{"type":"Feature","geometry":{"type":"Polygon","coordinates":[[[107.897,-7.055],[107.896,-7.054],[107.894,-7.0535],[107.8925,-7.0505],[107.892,-7.0505],[107.8885,-7.051],[107.887,-7.052],[107.8685,-7.057],[107.8675,-7.056],[107.865,-7.0565],[107.864,-7.0575],[107.8635,-7.058],[107.869,-7.06],[107.8715,-7.061],[107.8735,-7.0625],[107.885,-7.066],[107.8985,-7.0775],[107.899,-7.072],[107.897,-7.055]]]},"properties":{"code":"32.05.10.2013","name":"Karangtengah","latitude":-7.061767486217096,"longitude":107.88654401638858}},{"type":"Feature","geometry":{"type":"Polygon","coordinates":[[[107.851,-7.059],[107.8505,-7.059],[107.849,-7.06],[107.8485,-7.0605],[107.849,-7.062],[107.849,-7.063],[107.8465,-7.0685],[107.848,-7.0695],[107.85,-7.0715],[107.8665,-7.0805],[107.8675,-7.102],[107.869,-7.1005],[107.8705,-7.0995],[107.872,-7.0995],[107.875,-7.0925],[107.876,-7.091],[107.8785,-7.0895],[107.881,-7.087],[107.853,-7.0715],[107.8525,-7.066],[107.8525,-7.0645],[107.8515,-7.065],[107.851,-7.059]]]},"properties":{"code":"32.05.10.2014","name":"Rancasalak","latitude":-7.084499084345055,"longitude":107.86458479941649}},{"type":"Feature","geometry":{"type":"Polygon","coordinates":[[[107.975,-7.0855],[107.974,-7.0855],[107.967,-7.084],[107.9625,-7.083],[107.961,-7.083],[107.956,-7.0865],[107.9555,-7.0885],[107.955,-7.0895],[107.954,-7.0945],[107.9555,-7.097],[107.957,-7.1025],[107.9615,-7.1015],[107.9655,-7.1045],[107.9685,-7.102],[107.969,-7.104],[107.9695,-7.104],[107.978,-7.0985],[107.9785,-7.097],[107.9795,-7.0965],[107.979,-7.095],[107.9775,-7.0935],[107.977,-7.093],[107.975,-7.091],[107.975,-7.0855]]]},"properties":{"code":"32.05.11.2001","name":"Leuwigoong","latitude":-7.093540351359745,"longitude":107.96595028753738}},{"type":"Feature","geometry":{"type":"Polygon","coordinates":[[[107.9445,-7.0885],[107.9435,-7.085],[107.943,-7.0765],[107.9425,-7.074],[107.9395,-7.077],[107.9345,-7.078],[107.9335,-7.0765],[107.9315,-7.076],[107.9295,-7.077],[107.9315,-7.081],[107.93,-7.0825],[107.925,-7.087],[107.9205,-7.087],[107.9195,-7.0875],[107.9205,-7.089],[107.9215,-7.092],[107.9265,-7.0975],[107.928,-7.0965],[107.9385,-7.0895],[107.942,-7.088],[107.9445,-7.0885]]]},"properties":{"code":"32.05.11.2002","name":"Karanganyar","latitude":-7.086402922841565,"longitude":107.93327913473989}},{"type":"Feature","geometry":{"type":"Polygon","coordinates":[[[107.9425,-7.1165],[107.941,-7.115],[107.9405,-7.1155],[107.94,-7.1165],[107.9395,-7.1175],[107.9365,-7.118],[107.936,-7.119],[107.9355,-7.1195],[107.934,-7.1195],[107.933,-7.1195],[107.9315,-7.119],[107.931,-7.119],[107.931,-7.1205],[107.93,-7.121],[107.931,-7.1215],[107.9335,-7.123],[107.9335,-7.1235],[107.932,-7.125],[107.927,-7.143],[107.9265,-7.144],[107.927,-7.146],[107.9265,-7.1465],[107.9275,-7.147],[107.9285,-7.1475],[107.932,-7.148],[107.941,-7.14],[107.941,-7.139],[107.943,-7.127],[107.942,-7.1255],[107.942,-7.1235],[107.9425,-7.1165]]]},"properties":{"code":"32.05.11.2003","name":"Margacinta","latitude":-7.132390994067877,"longitude":107.93545686188443}},{"type":"Feature","geometry":{"type":"Polygon","coordinates":[[[107.941,-7.14],[107.932,-7.148],[107.9285,-7.1475],[107.9275,-7.147],[107.9265,-7.1465],[107.9265,-7.1485],[107.9265,-7.1505],[107.9305,-7.1525],[107.9365,-7.1545],[107.937,-7.1555],[107.939,-7.156],[107.9425,-7.1545],[107.944,-7.154],[107.945,-7.153],[107.946,-7.1515],[107.948,-7.1495],[107.946,-7.147],[107.9425,-7.1455],[107.941,-7.14]]]},"properties":{"code":"32.05.11.2004","name":"Margahayu","latitude":-7.148856154532463,"longitude":107.93794170560851}},{"type":"Feature","geometry":{"type":"Polygon","coordinates":[[[107.947,-7.091],[107.9465,-7.0905],[107.946,-7.09],[107.9465,-7.0905],[107.9445,-7.0925],[107.94,-7.0935],[107.9395,-7.097],[107.9385,-7.098],[107.939,-7.0995],[107.9385,-7.1035],[107.9385,-7.1165],[107.94,-7.1155],[107.941,-7.115],[107.9445,-7.114],[107.945,-7.114],[107.9465,-7.1125],[107.9465,-7.112],[107.9475,-7.1105],[107.948,-7.1105],[107.9495,-7.1085],[107.9485,-7.107],[107.9495,-7.102],[107.947,-7.091]]]},"properties":{"code":"32.05.11.2005","name":"Dungusiku","latitude":-7.103969382158587,"longitude":107.94327617865497}},{"type":"Feature","geometry":{"type":"Polygon","coordinates":[[[107.9385,-7.1035],[107.932,-7.1005],[107.923,-7.108],[107.9205,-7.109],[107.921,-7.113],[107.9215,-7.1125],[107.925,-7.114],[107.9265,-7.115],[107.929,-7.117],[107.931,-7.119],[107.9315,-7.119],[107.933,-7.1195],[107.934,-7.1195],[107.9355,-7.1195],[107.936,-7.119],[107.9365,-7.118],[107.9395,-7.1175],[107.94,-7.1165],[107.9405,-7.116],[107.9405,-7.1155],[107.9385,-7.1165],[107.9385,-7.1035]]]},"properties":{"code":"32.05.11.2006","name":"Tambak Sari","latitude":-7.110351127355893,"longitude":107.93171525069559}},{"type":"Feature","geometry":{"type":"Polygon","coordinates":[[[107.9545,-7.0925],[107.947,-7.091],[107.9495,-7.102],[107.9485,-7.107],[107.9495,-7.1085],[107.948,-7.1105],[107.9475,-7.1105],[107.9465,-7.112],[107.9465,-7.1125],[107.9515,-7.1145],[107.952,-7.1145],[107.9535,-7.115],[107.9545,-7.1155],[107.955,-7.1145],[107.9555,-7.1145],[107.9575,-7.1125],[107.96,-7.1095],[107.9635,-7.1055],[107.9655,-7.1045],[107.9615,-7.1015],[107.957,-7.1025],[107.9555,-7.097],[107.954,-7.0945],[107.9545,-7.0925]]]},"properties":{"code":"32.05.11.2007","name":"Sindangsari","latitude":-7.104575246573081,"longitude":107.95357072700554}},{"type":"Feature","geometry":{"type":"Polygon","coordinates":[[[107.9445,-7.0885],[107.942,-7.088],[107.9385,-7.0895],[107.928,-7.0965],[107.9265,-7.0975],[107.9235,-7.104],[107.9225,-7.1045],[107.923,-7.1065],[107.923,-7.108],[107.932,-7.1005],[107.9385,-7.1035],[107.939,-7.0995],[107.9385,-7.098],[107.9395,-7.097],[107.94,-7.0935],[107.9445,-7.0925],[107.9465,-7.0905],[107.946,-7.09],[107.9445,-7.089],[107.9445,-7.0885]]]},"properties":{"code":"32.05.11.2008","name":"Karangsari","latitude":-7.098277634080468,"longitude":107.93320468138884}},{"type":"Feature","geometry":{"type":"Polygon","coordinates":[[[107.985,-7.102],[107.983,-7.098],[107.9795,-7.1],[107.9785,-7.098],[107.978,-7.0985],[107.9695,-7.104],[107.969,-7.104],[107.9685,-7.102],[107.9645,-7.1055],[107.9635,-7.1055],[107.96,-7.1095],[107.962,-7.111],[107.9635,-7.111],[107.975,-7.1095],[107.9765,-7.1085],[107.9775,-7.1065],[107.9775,-7.1035],[107.9805,-7.104],[107.9835,-7.1045],[107.9835,-7.103],[107.9845,-7.1025],[107.985,-7.102]]]},"properties":{"code":"32.05.12.2001","name":"Cibatu","latitude":-7.105079428158263,"longitude":107.9719597846303}},{"type":"Feature","geometry":{"type":"Polygon","coordinates":[[[107.9985,-7.0455],[107.9965,-7.0425],[107.995,-7.043],[107.9915,-7.044],[107.9885,-7.044],[107.9895,-7.0555],[107.989,-7.0565],[107.987,-7.0685],[107.9875,-7.0695],[107.9965,-7.0725],[107.997,-7.073],[107.994,-7.0705],[107.9935,-7.07],[107.9975,-7.069],[107.997,-7.0655],[107.9985,-7.0635],[107.9985,-7.062],[107.9975,-7.062],[107.997,-7.061],[107.9985,-7.06],[107.9975,-7.055],[107.9985,-7.053],[107.9985,-7.0515],[107.999,-7.051],[107.998,-7.05],[107.9985,-7.0485],[107.9985,-7.048],[107.998,-7.047],[107.9985,-7.0455]]]},"properties":{"code":"32.05.12.2002","name":"Mekarsari","latitude":-7.056661610122391,"longitude":107.99291879706506}},{"type":"Feature","geometry":{"type":"Polygon","coordinates":[[[107.997,-7.0735],[107.9965,-7.0725],[107.9875,-7.0695],[107.9855,-7.0705],[107.983,-7.074],[107.9815,-7.074],[107.98,-7.075],[107.98,-7.0765],[107.9795,-7.077],[107.9775,-7.084],[107.9765,-7.085],[107.976,-7.084],[107.975,-7.0855],[107.975,-7.091],[107.977,-7.093],[107.9775,-7.0935],[107.9785,-7.0945],[107.9805,-7.0935],[107.988,-7.0925],[107.99,-7.0915],[107.9905,-7.091],[107.99,-7.0905],[107.99,-7.0825],[107.9905,-7.0825],[107.99,-7.0825],[107.992,-7.0795],[107.9935,-7.0765],[107.994,-7.075],[107.995,-7.0755],[107.9975,-7.0735],[107.997,-7.0735]]]},"properties":{"code":"32.05.12.2003","name":"Cibunar","latitude":-7.081655898682103,"longitude":107.98504482966298}},{"type":"Feature","geometry":{"type":"Polygon","coordinates":[[[107.9885,-7.044],[107.9875,-7.043],[107.984,-7.043],[107.9815,-7.042],[107.981,-7.042],[107.9805,-7.043],[107.978,-7.0455],[107.976,-7.0475],[107.975,-7.0485],[107.9755,-7.0495],[107.9765,-7.064],[107.978,-7.0625],[107.9795,-7.069],[107.981,-7.07],[107.9815,-7.071],[107.981,-7.0725],[107.9815,-7.0735],[107.9815,-7.074],[107.983,-7.074],[107.9855,-7.0705],[107.987,-7.0685],[107.989,-7.0565],[107.9895,-7.0555],[107.9885,-7.044]]]},"properties":{"code":"32.05.12.2004","name":"Sindangsuka","latitude":-7.056375769832954,"longitude":107.98200963005016}},{"type":"Feature","geometry":{"type":"Polygon","coordinates":[[[107.9835,-7.104],[107.9835,-7.1045],[107.9805,-7.104],[107.9775,-7.1035],[107.9775,-7.1065],[107.9765,-7.1085],[107.975,-7.1095],[107.9635,-7.111],[107.965,-7.114],[107.967,-7.1145],[107.967,-7.116],[107.9685,-7.1165],[107.9705,-7.1195],[107.9705,-7.1205],[107.972,-7.122],[107.9725,-7.119],[107.976,-7.118],[107.9765,-7.1215],[107.978,-7.121],[107.978,-7.1215],[107.982,-7.117],[107.987,-7.111],[107.985,-7.105],[107.985,-7.104],[107.9835,-7.104]]]},"properties":{"code":"32.05.12.2005","name":"Kertajaya","latitude":-7.11249511797617,"longitude":107.97647814705566}},{"type":"Feature","geometry":{"type":"Polygon","coordinates":[[[108.008,-7.0645],[108.008,-7.0625],[108.0045,-7.0555],[108,-7.0525],[107.999,-7.051],[107.9985,-7.0515],[107.9985,-7.053],[107.9975,-7.055],[107.9985,-7.06],[107.997,-7.061],[107.9975,-7.062],[107.9985,-7.062],[107.9985,-7.0635],[107.997,-7.0655],[107.9975,-7.069],[107.9935,-7.07],[107.994,-7.0705],[107.997,-7.073],[107.997,-7.0735],[107.9975,-7.0735],[107.9975,-7.074],[108.0045,-7.078],[108.008,-7.0645]]]},"properties":{"code":"32.05.12.2006","name":"Sukalilah","latitude":-7.064862448333617,"longitude":108.0023132851878}},{"type":"Feature","geometry":{"type":"Polygon","coordinates":[[[108.0285,-7.115],[108.024,-7.1045],[108.005,-7.0865],[107.991,-7.0825],[107.99,-7.0825],[107.99,-7.0905],[107.991,-7.0915],[107.9935,-7.0965],[107.994,-7.098],[108.0105,-7.1005],[108.016,-7.109],[108.0245,-7.117],[108.0265,-7.1155],[108.0275,-7.116],[108.0285,-7.115]]]},"properties":{"code":"32.05.12.2007","name":"Padasuka","latitude":-7.098252140606282,"longitude":108.00769914148535}},{"type":"Feature","geometry":{"type":"Polygon","coordinates":[[[108.0045,-7.078],[107.9975,-7.074],[107.995,-7.0755],[107.994,-7.075],[107.9935,-7.0765],[107.992,-7.0795],[107.99,-7.0825],[107.9905,-7.0825],[107.991,-7.0825],[108.005,-7.0865],[108.024,-7.1045],[108.0285,-7.115],[108.029,-7.115],[108.0375,-7.114],[108.038,-7.114],[108.038,-7.1125],[108.0375,-7.1105],[108.037,-7.1075],[108.036,-7.1045],[108.032,-7.1015],[108.027,-7.0965],[108.026,-7.096],[108.0235,-7.0935],[108.0045,-7.078]]]},"properties":{"code":"32.05.12.2008","name":"Karyamukti","latitude":-7.093509541404963,"longitude":108.01566599345175}},{"type":"Feature","geometry":{"type":"Polygon","coordinates":[[[108.014,-7.0665],[108.01,-7.065],[108.0085,-7.0655],[108.008,-7.065],[108.008,-7.0645],[108.0045,-7.078],[108.0235,-7.0935],[108.026,-7.096],[108.027,-7.0965],[108.028,-7.096],[108.03,-7.0965],[108.0315,-7.0965],[108.0335,-7.095],[108.0315,-7.091],[108.026,-7.087],[108.016,-7.0675],[108.014,-7.067],[108.014,-7.0665]]]},"properties":{"code":"32.05.12.2009","name":"Girimukti","latitude":-7.080281560528638,"longitude":108.01766234890214}},{"type":"Feature","geometry":{"type":"Polygon","coordinates":[[[107.994,-7.0965],[107.9935,-7.0965],[107.991,-7.0915],[107.9905,-7.091],[107.989,-7.092],[107.988,-7.0925],[107.9805,-7.0935],[107.9785,-7.0945],[107.979,-7.095],[107.9795,-7.0965],[107.9785,-7.098],[107.9795,-7.1],[107.983,-7.098],[107.985,-7.102],[107.986,-7.102],[107.9895,-7.099],[107.991,-7.098],[107.9925,-7.0975],[107.994,-7.0965]]]},"properties":{"code":"32.05.12.2010","name":"Keresek","latitude":-7.096265675674317,"longitude":107.98551942374488}},{"type":"Feature","geometry":{"type":"Polygon","coordinates":[[[108.016,-7.109],[108.0105,-7.1005],[107.994,-7.098],[107.994,-7.0965],[107.9925,-7.0975],[107.991,-7.098],[107.9895,-7.099],[107.986,-7.102],[107.9845,-7.1025],[107.9835,-7.104],[107.985,-7.105],[107.987,-7.111],[107.999,-7.106],[108.016,-7.109]]]},"properties":{"code":"32.05.12.2011","name":"Wanakerta","latitude":-7.104267585616406,"longitude":107.99813999235842}},{"type":"Feature","geometry":{"type":"Polygon","coordinates":[[[108.0425,-7.0545],[108.037,-7.0365],[108.033,-7.0485],[108.034,-7.05],[108.035,-7.051],[108.0255,-7.0585],[108.0255,-7.0595],[108.0355,-7.0615],[108.036,-7.061],[108.0375,-7.0625],[108.041,-7.0615],[108.04,-7.0585],[108.0415,-7.0585],[108.0425,-7.061],[108.043,-7.0555],[108.0425,-7.0545]]]},"properties":{"code":"32.05.13.2001","name":"Kersamanah","latitude":-7.053148237853092,"longitude":108.03459133267296}},{"type":"Feature","geometry":{"type":"Polygon","coordinates":[[[108.0355,-7.0335],[108.035,-7.035],[108.0315,-7.032],[108.03,-7.0325],[108.028,-7.0395],[108.0255,-7.0385],[108.0245,-7.039],[108.022,-7.0415],[108.0215,-7.0445],[108.02,-7.045],[108.02,-7.044],[108.0185,-7.043],[108.0125,-7.0545],[108.0125,-7.056],[108.012,-7.0605],[108.012,-7.0625],[108.0185,-7.057],[108.0255,-7.059],[108.0255,-7.0585],[108.035,-7.051],[108.034,-7.05],[108.033,-7.0485],[108.037,-7.0365],[108.0355,-7.0335]]]},"properties":{"code":"32.05.13.2002","name":"Nanjungjaya","latitude":-7.0488481440584625,"longitude":108.02473750366568}},{"type":"Feature","geometry":{"type":"Polygon","coordinates":[[[108.0185,-7.043],[108.017,-7.0415],[108.0155,-7.0395],[108.015,-7.039],[108.0145,-7.0415],[108.0145,-7.042],[108.0115,-7.0425],[108.012,-7.0455],[108.01,-7.045],[108.0095,-7.0435],[108.0075,-7.0435],[108.0075,-7.0445],[108.003,-7.0465],[108.0005,-7.046],[107.9985,-7.0455],[107.998,-7.047],[107.9985,-7.048],[107.9985,-7.0485],[107.998,-7.05],[107.9995,-7.051],[108,-7.0525],[108.0045,-7.0555],[108.008,-7.0625],[108.008,-7.065],[108.0085,-7.0655],[108.01,-7.065],[108.014,-7.0665],[108.012,-7.0625],[108.012,-7.0605],[108.0125,-7.056],[108.0125,-7.0545],[108.0185,-7.043]]]},"properties":{"code":"32.05.13.2003","name":"Sukamerang","latitude":-7.051047449508431,"longitude":108.00894257147242}},{"type":"Feature","geometry":{"type":"Polygon","coordinates":[[[108.0255,-7.059],[108.0185,-7.057],[108.012,-7.0625],[108.014,-7.0665],[108.014,-7.067],[108.016,-7.0675],[108.026,-7.087],[108.0315,-7.091],[108.033,-7.093],[108.0335,-7.0885],[108.034,-7.0835],[108.033,-7.0815],[108.032,-7.0785],[108.0355,-7.0655],[108.0355,-7.0645],[108.0355,-7.062],[108.0355,-7.0615],[108.0255,-7.0595],[108.0255,-7.059]]]},"properties":{"code":"32.05.13.2004","name":"Girijaya","latitude":-7.072104827647826,"longitude":108.02594404775846}},{"type":"Feature","geometry":{"type":"Polygon","coordinates":[[[108.047,-7.0675],[108.0445,-7.063],[108.043,-7.0605],[108.0425,-7.061],[108.043,-7.063],[108.0425,-7.0655],[108.044,-7.067],[108.041,-7.0795],[108.043,-7.116],[108.0445,-7.117],[108.0475,-7.115],[108.0485,-7.114],[108.05,-7.11],[108.051,-7.081],[108.047,-7.0675]]]},"properties":{"code":"32.05.13.2005","name":"Sukamaju","latitude":-7.090650815085579,"longitude":108.04590143384561}},{"type":"Feature","geometry":{"type":"Polygon","coordinates":[[[108.0425,-7.061],[108.0415,-7.0585],[108.04,-7.0585],[108.041,-7.0615],[108.0375,-7.0625],[108.036,-7.061],[108.0355,-7.0615],[108.0355,-7.062],[108.0355,-7.0645],[108.0355,-7.0655],[108.032,-7.0785],[108.033,-7.0815],[108.034,-7.0835],[108.0335,-7.0885],[108.033,-7.093],[108.0335,-7.095],[108.0315,-7.0965],[108.03,-7.0965],[108.028,-7.096],[108.032,-7.1015],[108.036,-7.1045],[108.037,-7.1075],[108.0375,-7.1105],[108.038,-7.1125],[108.038,-7.114],[108.039,-7.114],[108.041,-7.1155],[108.043,-7.116],[108.041,-7.0795],[108.044,-7.067],[108.0425,-7.0655],[108.043,-7.063],[108.0425,-7.061]]]},"properties":{"code":"32.05.13.2006","name":"Mekarraya","latitude":-7.087639338322538,"longitude":108.03823758526838}},{"type":"Feature","geometry":{"type":"Polygon","coordinates":[[[108.1355,-7.0625],[108.132,-7.0465],[108.1265,-7.045],[108.126,-7.045],[108.123,-7.046],[108.1185,-7.0465],[108.115,-7.05],[108.111,-7.0515],[108.109,-7.052],[108.1045,-7.052],[108.102,-7.051],[108.097,-7.0505],[108.089,-7.052],[108.087,-7.052],[108.084,-7.051],[108.083,-7.05],[108.082,-7.0495],[108.0795,-7.0495],[108.079,-7.049],[108.0785,-7.0485],[108.078,-7.049],[108.079,-7.0495],[108.079,-7.05],[108.079,-7.0505],[108.0785,-7.051],[108.0785,-7.0515],[108.08,-7.053],[108.081,-7.0575],[108.084,-7.0605],[108.0855,-7.062],[108.0885,-7.0625],[108.102,-7.061],[108.121,-7.07],[108.1235,-7.0695],[108.126,-7.07],[108.1275,-7.071],[108.128,-7.071],[108.1355,-7.0625]]]},"properties":{"code":"32.05.14.2001","name":"Malangbong","latitude":-7.057304665779784,"longitude":108.1123640182878}},{"type":"Feature","geometry":{"type":"Polygon","coordinates":[[[108.0895,-7.0945],[108.087,-7.0855],[108.0855,-7.0855],[108.0825,-7.084],[108.0815,-7.0845],[108.081,-7.087],[108.0805,-7.091],[108.077,-7.0895],[108.076,-7.0885],[108.0735,-7.0895],[108.0725,-7.0925],[108.07,-7.095],[108.0675,-7.11],[108.0695,-7.1085],[108.082,-7.097],[108.085,-7.096],[108.087,-7.0955],[108.0895,-7.0945]]]},"properties":{"code":"32.05.14.2002","name":"Karangmulya","latitude":-7.0957192917123,"longitude":108.07726361604165}},{"type":"Feature","geometry":{"type":"Polygon","coordinates":[[[108.0785,-7.0485],[108.0775,-7.047],[108.067,-7.037],[108.0655,-7.037],[108.0645,-7.0355],[108.056,-7.0315],[108.0535,-7.0365],[108.0535,-7.0385],[108.054,-7.0415],[108.0565,-7.049],[108.0585,-7.05],[108.0615,-7.0505],[108.077,-7.0525],[108.0775,-7.05],[108.0785,-7.0485]]]},"properties":{"code":"32.05.14.2003","name":"Cibunar","latitude":-7.044186065840458,"longitude":108.06494647519094}},{"type":"Feature","geometry":{"type":"Polygon","coordinates":[[[108.1225,-7.115],[108.1225,-7.1145],[108.123,-7.113],[108.126,-7.1015],[108.1235,-7.086],[108.1225,-7.0835],[108.118,-7.0795],[108.113,-7.0815],[108.1095,-7.0825],[108.1005,-7.083],[108.0975,-7.083],[108.0995,-7.0955],[108.102,-7.099],[108.1035,-7.1035],[108.1045,-7.103],[108.108,-7.1025],[108.1095,-7.1025],[108.111,-7.102],[108.1135,-7.1025],[108.1145,-7.1045],[108.116,-7.108],[108.1225,-7.115]]]},"properties":{"code":"32.05.14.2004","name":"Cikarag","latitude":-7.094117140407243,"longitude":108.11283020846275}},{"type":"Feature","geometry":{"type":"Polygon","coordinates":[[[108.081,-7.0375],[108.0815,-7.0335],[108.078,-7.029],[108.078,-7.023],[108.055,-7.03],[108.055,-7.031],[108.056,-7.0315],[108.0645,-7.0355],[108.0655,-7.037],[108.067,-7.037],[108.0775,-7.047],[108.079,-7.049],[108.0795,-7.0495],[108.082,-7.0495],[108.083,-7.05],[108.0835,-7.05],[108.084,-7.0495],[108.0845,-7.049],[108.0835,-7.0465],[108.082,-7.0455],[108.0805,-7.0455],[108.081,-7.0375]]]},"properties":{"code":"32.05.14.2005","name":"Sakawayana","latitude":-7.034144154726049,"longitude":108.07167105902312}},{"type":"Feature","geometry":{"type":"Polygon","coordinates":[[[108.119,-7.0355],[108.1175,-7.034],[108.1155,-7.0335],[108.1135,-7.0315],[108.1,-7.0195],[108.099,-7.0135],[108.0975,-7.012],[108.0935,-7.0205],[108.093,-7.021],[108.091,-7.021],[108.0895,-7.022],[108.082,-7.0205],[108.078,-7.0185],[108.078,-7.029],[108.0815,-7.033],[108.0815,-7.0335],[108.081,-7.0375],[108.088,-7.0305],[108.119,-7.0355]]]},"properties":{"code":"32.05.14.2006","name":"Mekarasih","latitude":-7.0268520920968,"longitude":108.09550827986702}},{"type":"Feature","geometry":{"type":"Polygon","coordinates":[[[108.119,-7.0355],[108.088,-7.0305],[108.081,-7.0375],[108.0805,-7.0455],[108.082,-7.0455],[108.0835,-7.0465],[108.0845,-7.049],[108.084,-7.0495],[108.0835,-7.05],[108.084,-7.051],[108.087,-7.052],[108.089,-7.052],[108.097,-7.0505],[108.102,-7.051],[108.1045,-7.052],[108.109,-7.052],[108.111,-7.0515],[108.115,-7.05],[108.1185,-7.0465],[108.123,-7.046],[108.126,-7.045],[108.128,-7.043],[108.126,-7.037],[108.1225,-7.037],[108.119,-7.0355]]]},"properties":{"code":"32.05.14.2007","name":"Cisitu","latitude":-7.042283851481172,"longitude":108.10160440044669}},{"type":"Feature","geometry":{"type":"Polygon","coordinates":[[[108.118,-7.0795],[108.116,-7.079],[108.1095,-7.076],[108.095,-7.0665],[108.0895,-7.0685],[108.091,-7.074],[108.0925,-7.076],[108.094,-7.078],[108.094,-7.08],[108.0965,-7.0835],[108.0975,-7.084],[108.0975,-7.083],[108.1005,-7.083],[108.1095,-7.0825],[108.113,-7.0815],[108.118,-7.0795]]]},"properties":{"code":"32.05.14.2008","name":"Campaka","latitude":-7.07611358739711,"longitude":108.10062161857721}},{"type":"Feature","geometry":{"type":"Polygon","coordinates":[[[108.054,-7.0585],[108.0465,-7.0575],[108.045,-7.056],[108.045,-7.057],[108.0445,-7.056],[108.0435,-7.0555],[108.043,-7.0555],[108.0425,-7.061],[108.043,-7.0605],[108.0445,-7.063],[108.047,-7.0675],[108.0565,-7.0695],[108.0585,-7.0695],[108.054,-7.06],[108.054,-7.0585]]]},"properties":{"code":"32.05.14.2009","name":"Lewobaru","latitude":-7.063256039097473,"longitude":108.05024751437642}},{"type":"Feature","geometry":{"type":"Polygon","coordinates":[[[108.119,-7.0765],[108.121,-7.07],[108.102,-7.061],[108.0885,-7.0625],[108.0855,-7.062],[108.084,-7.0605],[108.0865,-7.0645],[108.087,-7.066],[108.0875,-7.066],[108.0895,-7.068],[108.0895,-7.0685],[108.095,-7.0665],[108.1095,-7.076],[108.116,-7.079],[108.118,-7.0795],[108.119,-7.0765]]]},"properties":{"code":"32.05.14.2010","name":"Sukamanah","latitude":-7.06905069998914,"longitude":108.10599284432942}},{"type":"Feature","geometry":{"type":"Polygon","coordinates":[[[108.0975,-7.012],[108.0975,-7.011],[108.082,-6.987],[108.07,-6.987],[108.0665,-6.991],[108.0645,-6.9925],[108.0605,-6.995],[108.06,-6.995],[108.06,-6.9975],[108.059,-6.999],[108.058,-7.0015],[108.057,-7.005],[108.054,-7.01],[108.0565,-7.0125],[108.0575,-7.0135],[108.069,-7.018],[108.074,-7.018],[108.077,-7.0185],[108.078,-7.0185],[108.081,-7.0195],[108.082,-7.0205],[108.0895,-7.022],[108.091,-7.021],[108.093,-7.021],[108.0935,-7.0205],[108.0975,-7.012]]]},"properties":{"code":"32.05.14.2011","name":"Cilampuyang","latitude":-7.00556027203424,"longitude":108.07564719486528}},{"type":"Feature","geometry":{"type":"Polygon","coordinates":[[[108.1035,-7.1035],[108.102,-7.099],[108.0995,-7.0955],[108.0975,-7.083],[108.0975,-7.084],[108.097,-7.084],[108.0975,-7.085],[108.0975,-7.0865],[108.095,-7.093],[108.094,-7.0945],[108.0895,-7.0945],[108.087,-7.0955],[108.085,-7.096],[108.084,-7.0965],[108.0865,-7.0975],[108.087,-7.0995],[108.088,-7.1025],[108.088,-7.1035],[108.0885,-7.108],[108.092,-7.106],[108.094,-7.1065],[108.103,-7.103],[108.1035,-7.1035]]]},"properties":{"code":"32.05.14.2012","name":"Cinagara","latitude":-7.099018635052655,"longitude":108.09422984464429}},{"type":"Feature","geometry":{"type":"Polygon","coordinates":[[[108.054,-7.0415],[108.0525,-7.0425],[108.0515,-7.043],[108.0485,-7.043],[108.048,-7.0435],[108.0425,-7.0545],[108.0435,-7.0555],[108.0445,-7.056],[108.045,-7.057],[108.045,-7.056],[108.0465,-7.0575],[108.054,-7.0585],[108.0545,-7.056],[108.0605,-7.056],[108.0585,-7.051],[108.0565,-7.049],[108.054,-7.0415]]]},"properties":{"code":"32.05.14.2013","name":"Sukaratu","latitude":-7.050553520918893,"longitude":108.05164405187722}},{"type":"Feature","geometry":{"type":"Polygon","coordinates":[[[108.081,-7.0575],[108.08,-7.053],[108.0785,-7.051],[108.079,-7.05],[108.079,-7.0495],[108.0785,-7.0495],[108.078,-7.049],[108.077,-7.0525],[108.0615,-7.0505],[108.0585,-7.05],[108.0585,-7.051],[108.0605,-7.056],[108.061,-7.057],[108.0615,-7.0575],[108.07,-7.062],[108.07,-7.063],[108.071,-7.0645],[108.071,-7.065],[108.0725,-7.0645],[108.0735,-7.0635],[108.077,-7.0635],[108.081,-7.0575]]]},"properties":{"code":"32.05.14.2014","name":"Citeras","latitude":-7.056976525803707,"longitude":108.07100896738554}},{"type":"Feature","geometry":{"type":"Polygon","coordinates":[[[108.048,-7.0435],[108.0465,-7.0435],[108.0425,-7.0415],[108.0425,-7.0405],[108.042,-7.0385],[108.0425,-7.037],[108.0425,-7.036],[108.043,-7.0325],[108.042,-7.032],[108.041,-7.0325],[108.0395,-7.036],[108.0385,-7.034],[108.0365,-7.033],[108.0355,-7.0335],[108.037,-7.035],[108.037,-7.0365],[108.0425,-7.0545],[108.048,-7.0435]]]},"properties":{"code":"32.05.14.2015","name":"Sukarasa","latitude":-7.0438839639898845,"longitude":108.04192713951761}},{"type":"Feature","geometry":{"type":"Polygon","coordinates":[[[108.078,-7.0185],[108.077,-7.0185],[108.074,-7.018],[108.069,-7.018],[108.0575,-7.0135],[108.0565,-7.0125],[108.056,-7.013],[108.0495,-7.0135],[108.0435,-7.015],[108.0435,-7.0165],[108.0415,-7.0185],[108.041,-7.0195],[108.0405,-7.021],[108.0415,-7.024],[108.041,-7.0255],[108.055,-7.03],[108.078,-7.023],[108.078,-7.0185]]]},"properties":{"code":"32.05.14.2016","name":"Sekarwangi","latitude":-7.0211944855599056,"longitude":108.056917410757}},{"type":"Feature","geometry":{"type":"Polygon","coordinates":[[[108.0575,-7.0695],[108.0565,-7.0695],[108.047,-7.0675],[108.051,-7.081],[108.05,-7.11],[108.0485,-7.114],[108.0475,-7.115],[108.0515,-7.119],[108.052,-7.1195],[108.0585,-7.1045],[108.059,-7.089],[108.0585,-7.0865],[108.0585,-7.085],[108.058,-7.0845],[108.058,-7.084],[108.058,-7.082],[108.0585,-7.081],[108.0585,-7.08],[108.059,-7.073],[108.0575,-7.0695]]]},"properties":{"code":"32.05.14.2017","name":"Kutanagara","latitude":-7.090370186237386,"longitude":108.05373250870112}},{"type":"Feature","geometry":{"type":"Polygon","coordinates":[[[108.066,-7.073],[108.062,-7.072],[108.06,-7.0715],[108.0575,-7.0695],[108.059,-7.073],[108.0585,-7.08],[108.0585,-7.081],[108.0585,-7.0815],[108.059,-7.0815],[108.061,-7.0835],[108.0665,-7.084],[108.067,-7.085],[108.073,-7.09],[108.0685,-7.0765],[108.0675,-7.0755],[108.066,-7.073]]]},"properties":{"code":"32.05.14.2018","name":"Sanding","latitude":-7.079997957206403,"longitude":108.06569700870293}},{"type":"Feature","geometry":{"type":"Polygon","coordinates":[[[108.084,-7.0605],[108.081,-7.0575],[108.077,-7.0635],[108.0735,-7.0635],[108.0725,-7.0645],[108.071,-7.065],[108.0715,-7.066],[108.065,-7.0665],[108.0655,-7.0705],[108.0675,-7.0755],[108.0685,-7.0765],[108.073,-7.09],[108.0735,-7.0895],[108.076,-7.0885],[108.077,-7.0895],[108.0805,-7.091],[108.081,-7.087],[108.0815,-7.0845],[108.0825,-7.084],[108.088,-7.0675],[108.0875,-7.066],[108.087,-7.066],[108.0865,-7.0645],[108.084,-7.0605]]]},"properties":{"code":"32.05.14.2019","name":"Cihaurkuning","latitude":-7.073370510626512,"longitude":108.07695561693339}},{"type":"Feature","geometry":{"type":"Polygon","coordinates":[[[108.0885,-7.108],[108.088,-7.1035],[108.088,-7.1025],[108.087,-7.0995],[108.0865,-7.0975],[108.084,-7.0965],[108.082,-7.097],[108.0695,-7.1085],[108.067,-7.111],[108.052,-7.1195],[108.053,-7.1205],[108.0585,-7.125],[108.059,-7.126],[108.0635,-7.128],[108.068,-7.1305],[108.0685,-7.13],[108.088,-7.1085],[108.0885,-7.108]]]},"properties":{"code":"32.05.14.2020","name":"Baru Dua","latitude":-7.114123041910737,"longitude":108.07207255500865}},{"type":"Feature","geometry":{"type":"Polygon","coordinates":[[[108.055,-7.03],[108.041,-7.0255],[108.04,-7.0265],[108.042,-7.0315],[108.042,-7.032],[108.043,-7.0325],[108.0425,-7.036],[108.0425,-7.037],[108.042,-7.0385],[108.0425,-7.0405],[108.0425,-7.0415],[108.0465,-7.0435],[108.0485,-7.043],[108.0515,-7.043],[108.0525,-7.0425],[108.054,-7.0415],[108.0535,-7.0385],[108.0535,-7.0365],[108.056,-7.0315],[108.055,-7.031],[108.055,-7.03]]]},"properties":{"code":"32.05.14.2021","name":"Sukajaya","latitude":-7.034671465240293,"longitude":108.0479909482805}},{"type":"Feature","geometry":{"type":"Polygon","coordinates":[[[108.0605,-7.056],[108.0545,-7.056],[108.054,-7.06],[108.0585,-7.0695],[108.06,-7.0715],[108.062,-7.072],[108.066,-7.073],[108.0655,-7.0705],[108.065,-7.0665],[108.0715,-7.066],[108.071,-7.0655],[108.0715,-7.065],[108.071,-7.0645],[108.07,-7.063],[108.07,-7.062],[108.0615,-7.0575],[108.061,-7.057],[108.0605,-7.056]]]},"properties":{"code":"32.05.14.2022","name":"Bunisari","latitude":-7.063239758418799,"longitude":108.06131063767494}},{"type":"Feature","geometry":{"type":"Polygon","coordinates":[[[108.0895,-7.0685],[108.0895,-7.068],[108.088,-7.0675],[108.0825,-7.084],[108.0855,-7.0855],[108.087,-7.0855],[108.0895,-7.0945],[108.094,-7.0945],[108.095,-7.093],[108.0975,-7.0865],[108.0975,-7.085],[108.097,-7.084],[108.0965,-7.0835],[108.094,-7.08],[108.094,-7.078],[108.0925,-7.076],[108.091,-7.074],[108.0895,-7.0685]]]},"properties":{"code":"32.05.14.2023","name":"Mekarmulya","latitude":-7.082448028460866,"longitude":108.08974442567448}},{"type":"Feature","geometry":{"type":"Polygon","coordinates":[[[108.073,-7.09],[108.067,-7.085],[108.0665,-7.084],[108.061,-7.0835],[108.059,-7.0815],[108.0585,-7.0815],[108.058,-7.0825],[108.058,-7.084],[108.0585,-7.085],[108.0585,-7.0865],[108.059,-7.089],[108.0585,-7.1045],[108.052,-7.1195],[108.067,-7.111],[108.0675,-7.11],[108.07,-7.095],[108.0725,-7.0925],[108.073,-7.09]]]},"properties":{"code":"32.05.14.2024","name":"Girimakmur","latitude":-7.100601908676687,"longitude":108.06246273267368}},{"type":"Feature","geometry":{"type":"Polygon","coordinates":[[[108.0015,-7.1445],[108,-7.142],[107.999,-7.141],[107.9965,-7.141],[107.9955,-7.14],[107.995,-7.1385],[107.9915,-7.1375],[107.9945,-7.1435],[107.9935,-7.1435],[107.994,-7.1445],[107.9935,-7.145],[107.993,-7.1455],[107.994,-7.146],[107.9965,-7.149],[108.002,-7.153],[108.004,-7.1605],[108.004,-7.161],[108.0115,-7.1615],[108.0095,-7.16],[108.008,-7.1585],[108.0085,-7.1555],[108.009,-7.153],[108.006,-7.1505],[108.0055,-7.149],[108.0055,-7.148],[108.005,-7.146],[108.0015,-7.1445]]]},"properties":{"code":"32.05.15.2001","name":"Sukawening","latitude":-7.148652059795858,"longitude":108.00096921726929}},{"type":"Feature","geometry":{"type":"Polygon","coordinates":[[[108.035,-7.153],[108.0335,-7.153],[108.032,-7.152],[108.0315,-7.1525],[108.0305,-7.1535],[108.0295,-7.1535],[108.027,-7.1555],[108.0265,-7.157],[108.0095,-7.154],[108.0085,-7.154],[108.008,-7.1585],[108.0095,-7.16],[108.012,-7.162],[108.016,-7.161],[108.017,-7.161],[108.0215,-7.1605],[108.0255,-7.1595],[108.035,-7.1565],[108.0355,-7.156],[108.036,-7.1545],[108.035,-7.154],[108.035,-7.153]]]},"properties":{"code":"32.05.15.2002","name":"Sukamukti","latitude":-7.157112939770538,"longitude":108.01954124667027}},{"type":"Feature","geometry":{"type":"Polygon","coordinates":[[[108.0515,-7.119],[108.0475,-7.115],[108.0445,-7.117],[108.042,-7.127],[108.0395,-7.13],[108.023,-7.141],[108.0215,-7.1415],[108.005,-7.146],[108.006,-7.15],[108.007,-7.1505],[108.007,-7.1495],[108.0095,-7.1495],[108.011,-7.1515],[108.0125,-7.1515],[108.02,-7.1525],[108.0345,-7.1435],[108.0515,-7.119]]]},"properties":{"code":"32.05.15.2003","name":"Mekarluyu","latitude":-7.1397253323496255,"longitude":108.02758481258877}},{"type":"Feature","geometry":{"type":"Polygon","coordinates":[[[108.016,-7.109],[107.999,-7.106],[107.987,-7.111],[107.9895,-7.118],[107.9915,-7.1215],[107.9935,-7.1215],[107.9935,-7.12],[108.0035,-7.1175],[108.0115,-7.116],[108.0245,-7.117],[108.016,-7.109]]]},"properties":{"code":"32.05.15.2004","name":"Sukaluyu","latitude":-7.113311937330419,"longitude":108.00273196724574}},{"type":"Feature","geometry":{"type":"Polygon","coordinates":[[[108.043,-7.116],[108.041,-7.1155],[108.039,-7.114],[108.0375,-7.114],[108.029,-7.115],[108.0275,-7.116],[108.0265,-7.1155],[108.0245,-7.117],[108.0235,-7.1305],[108.0195,-7.1335],[108.015,-7.1375],[108.0125,-7.139],[108.011,-7.1395],[108.008,-7.1385],[108.0075,-7.1385],[108.0015,-7.1445],[108.005,-7.146],[108.0215,-7.1415],[108.023,-7.141],[108.0395,-7.13],[108.042,-7.127],[108.0445,-7.117],[108.043,-7.116]]]},"properties":{"code":"32.05.15.2005","name":"Sudalarang","latitude":-7.129737235665846,"longitude":108.02647358335162}},{"type":"Feature","geometry":{"type":"Polygon","coordinates":[[[108.0245,-7.117],[108.0115,-7.116],[108.0035,-7.1175],[107.9935,-7.12],[107.992,-7.1305],[107.9915,-7.1315],[107.99,-7.1355],[108.0075,-7.1375],[108.008,-7.1385],[108.011,-7.1395],[108.0125,-7.139],[108.015,-7.1375],[108.0195,-7.1335],[108.0235,-7.1305],[108.0245,-7.117]]]},"properties":{"code":"32.05.15.2006","name":"Sukasono","latitude":-7.126438552226417,"longitude":108.01017223066701}},{"type":"Feature","geometry":{"type":"Polygon","coordinates":[[[107.9935,-7.1215],[107.9895,-7.118],[107.987,-7.111],[107.982,-7.117],[107.98,-7.119],[107.9805,-7.1195],[107.9825,-7.1205],[107.9855,-7.121],[107.99,-7.1355],[107.9915,-7.1315],[107.9935,-7.1215]]]},"properties":{"code":"32.05.15.2007","name":"Sukahaji","latitude":-7.122004071545614,"longitude":107.98787030579226}},{"type":"Feature","geometry":{"type":"Polygon","coordinates":[[[108.0115,-7.1615],[108.004,-7.161],[108.0065,-7.167],[108.009,-7.1695],[108.0155,-7.1795],[108.02,-7.183],[108.0195,-7.1775],[108.021,-7.1775],[108.021,-7.1765],[108.0215,-7.175],[108.025,-7.1725],[108.019,-7.163],[108.0165,-7.1615],[108.016,-7.161],[108.012,-7.162],[108.0115,-7.1615]]]},"properties":{"code":"32.05.15.2008","name":"Pasanggrahan","latitude":-7.1700832519213336,"longitude":108.01545443990148}},{"type":"Feature","geometry":{"type":"Polygon","coordinates":[[[107.99,-7.1355],[107.9855,-7.121],[107.9825,-7.1205],[107.9805,-7.1195],[107.98,-7.119],[107.978,-7.1215],[107.9795,-7.1245],[107.981,-7.127],[107.982,-7.13],[107.982,-7.131],[107.98,-7.1315],[107.978,-7.135],[107.978,-7.1365],[107.9775,-7.137],[107.9785,-7.138],[107.9785,-7.139],[107.9805,-7.138],[107.981,-7.1385],[107.983,-7.1385],[107.9855,-7.1395],[107.9865,-7.14],[107.988,-7.141],[107.9895,-7.143],[107.9905,-7.1445],[107.9925,-7.1455],[107.993,-7.1455],[107.9935,-7.145],[107.994,-7.1445],[107.9935,-7.1435],[107.9945,-7.1435],[107.991,-7.137],[107.9905,-7.136],[107.99,-7.1355]]]},"properties":{"code":"32.05.15.2009","name":"Maripari","latitude":-7.132470090965808,"longitude":107.98503605360995}},{"type":"Feature","geometry":{"type":"Polygon","coordinates":[[[108.052,-7.1195],[108.0515,-7.119],[108.0345,-7.1435],[108.02,-7.1525],[108.0125,-7.1515],[108.011,-7.1515],[108.0095,-7.1495],[108.007,-7.1495],[108.007,-7.1505],[108.006,-7.15],[108.006,-7.1505],[108.009,-7.153],[108.0085,-7.154],[108.0095,-7.154],[108.0265,-7.157],[108.027,-7.1555],[108.0295,-7.1535],[108.0305,-7.1535],[108.0315,-7.1525],[108.032,-7.152],[108.0335,-7.153],[108.035,-7.153],[108.036,-7.1495],[108.0415,-7.1395],[108.054,-7.1285],[108.0585,-7.127],[108.059,-7.126],[108.0585,-7.125],[108.053,-7.1205],[108.052,-7.1195]]]},"properties":{"code":"32.05.15.2010","name":"Mekarwangi","latitude":-7.13915425201893,"longitude":108.03832027271963}},{"type":"Feature","geometry":{"type":"Polygon","coordinates":[[[108.0075,-7.1385],[108.0075,-7.1375],[107.99,-7.1355],[107.9905,-7.136],[107.991,-7.137],[107.9915,-7.1375],[107.995,-7.1385],[107.9955,-7.14],[107.9965,-7.141],[107.999,-7.141],[108,-7.142],[108.0015,-7.1445],[108.0075,-7.1385]]]},"properties":{"code":"32.05.15.2011","name":"Mekar Hurip","latitude":-7.136819123143273,"longitude":107.9985292404618}},{"type":"Feature","geometry":{"type":"Polygon","coordinates":[[[108.065,-7.1295],[108.0635,-7.128],[108.059,-7.126],[108.0585,-7.127],[108.054,-7.1285],[108.0415,-7.1395],[108.036,-7.1495],[108.035,-7.154],[108.036,-7.1545],[108.0355,-7.156],[108.035,-7.157],[108.0345,-7.158],[108.034,-7.158],[108.034,-7.159],[108.0435,-7.1695],[108.0635,-7.1845],[108.0675,-7.186],[108.0725,-7.1905],[108.073,-7.1895],[108.076,-7.1815],[108.055,-7.171],[108.044,-7.161],[108.042,-7.1565],[108.053,-7.148],[108.0615,-7.1345],[108.065,-7.1295]]]},"properties":{"code":"32.05.16.2001","name":"Caringin","latitude":-7.1568637241915765,"longitude":108.05292689152905}},{"type":"Feature","geometry":{"type":"Polygon","coordinates":[[[108.068,-7.1305],[108.065,-7.1295],[108.0615,-7.1345],[108.053,-7.148],[108.042,-7.1565],[108.044,-7.158],[108.065,-7.1565],[108.0765,-7.1615],[108.0795,-7.162],[108.0875,-7.162],[108.0875,-7.161],[108.085,-7.16],[108.083,-7.156],[108.0815,-7.152],[108.0815,-7.1495],[108.081,-7.145],[108.0785,-7.1405],[108.0775,-7.1385],[108.0735,-7.1355],[108.0715,-7.135],[108.071,-7.135],[108.068,-7.131],[108.068,-7.1305]]]},"properties":{"code":"32.05.16.2002","name":"Cintamanik","latitude":-7.148544223326267,"longitude":108.066880444733}},{"type":"Feature","geometry":{"type":"Polygon","coordinates":[[[108.0875,-7.162],[108.0795,-7.162],[108.0765,-7.1615],[108.065,-7.1565],[108.044,-7.158],[108.044,-7.161],[108.055,-7.171],[108.076,-7.1815],[108.078,-7.1805],[108.078,-7.18],[108.078,-7.176],[108.0775,-7.1745],[108.0785,-7.1715],[108.0795,-7.1695],[108.08,-7.1685],[108.0815,-7.1675],[108.0875,-7.163],[108.0875,-7.162]]]},"properties":{"code":"32.05.16.2003","name":"Cinta","latitude":-7.166576568674085,"longitude":108.06556658271691}},{"type":"Feature","geometry":{"type":"Polygon","coordinates":[[[108.035,-7.1565],[108.0255,-7.1595],[108.0215,-7.1605],[108.017,-7.161],[108.0165,-7.1615],[108.019,-7.163],[108.025,-7.1725],[108.026,-7.1725],[108.0355,-7.1775],[108.0425,-7.1805],[108.056,-7.1845],[108.0625,-7.19],[108.0705,-7.193],[108.0725,-7.1925],[108.072,-7.1925],[108.0725,-7.1905],[108.0675,-7.186],[108.0635,-7.1845],[108.0435,-7.1695],[108.034,-7.159],[108.034,-7.158],[108.0345,-7.158],[108.035,-7.157],[108.035,-7.1565]]]},"properties":{"code":"32.05.16.2004","name":"Sindanggalih","latitude":-7.17259731390809,"longitude":108.04077851261006}},{"type":"Feature","geometry":{"type":"Polygon","coordinates":[[[107.8305,-7.26],[107.8295,-7.2595],[107.829,-7.2595],[107.8295,-7.261],[107.828,-7.262],[107.8275,-7.263],[107.8265,-7.2635],[107.827,-7.2645],[107.8265,-7.265],[107.826,-7.2655],[107.825,-7.2655],[107.8245,-7.2675],[107.823,-7.267],[107.821,-7.268],[107.82,-7.268],[107.8195,-7.2695],[107.816,-7.272],[107.8155,-7.274],[107.818,-7.273],[107.8275,-7.2875],[107.8285,-7.2905],[107.8365,-7.3005],[107.839,-7.306],[107.8425,-7.3115],[107.846,-7.3145],[107.8495,-7.317],[107.841,-7.307],[107.8235,-7.2715],[107.8225,-7.271],[107.831,-7.2645],[107.8315,-7.2645],[107.8315,-7.264],[107.831,-7.264],[107.83,-7.2635],[107.831,-7.2625],[107.8305,-7.26]]]},"properties":{"code":"32.05.17.2001","name":"Bayongbong","latitude":-7.281968568713329,"longitude":107.8281344520821}},{"type":"Feature","geometry":{"type":"Polygon","coordinates":[[[107.855,-7.257],[107.854,-7.257],[107.8535,-7.256],[107.853,-7.256],[107.852,-7.252],[107.8515,-7.252],[107.8455,-7.2535],[107.8445,-7.2565],[107.8435,-7.2585],[107.8435,-7.2595],[107.8435,-7.2605],[107.843,-7.265],[107.8435,-7.269],[107.843,-7.2885],[107.848,-7.3025],[107.86,-7.3225],[107.856,-7.304],[107.851,-7.2945],[107.8495,-7.261],[107.85,-7.26],[107.8515,-7.26],[107.853,-7.2585],[107.8545,-7.2575],[107.855,-7.257]]]},"properties":{"code":"32.05.17.2002","name":"Panembong","latitude":-7.28389243304464,"longitude":107.84885314006638}},{"type":"Feature","geometry":{"type":"Polygon","coordinates":[[[107.866,-7.2565],[107.865,-7.2575],[107.8595,-7.2595],[107.861,-7.2535],[107.8595,-7.253],[107.8535,-7.267],[107.854,-7.282],[107.86,-7.3225],[107.861,-7.3],[107.8585,-7.292],[107.859,-7.2895],[107.858,-7.288],[107.857,-7.2855],[107.857,-7.283],[107.864,-7.258],[107.866,-7.2575],[107.866,-7.2565]]]},"properties":{"code":"32.05.17.2003","name":"Hegarmanah","latitude":-7.2822168047854765,"longitude":107.85791619289557}},{"type":"Feature","geometry":{"type":"Polygon","coordinates":[[[107.8785,-7.244],[107.8775,-7.2425],[107.877,-7.242],[107.8765,-7.242],[107.876,-7.2425],[107.8745,-7.243],[107.873,-7.243],[107.8735,-7.244],[107.8725,-7.2445],[107.8705,-7.244],[107.8695,-7.245],[107.8685,-7.2445],[107.8675,-7.245],[107.866,-7.2455],[107.865,-7.244],[107.8645,-7.245],[107.865,-7.246],[107.864,-7.2465],[107.864,-7.247],[107.862,-7.252],[107.861,-7.2535],[107.8595,-7.2595],[107.865,-7.2575],[107.866,-7.2565],[107.866,-7.2535],[107.8665,-7.251],[107.869,-7.2525],[107.8755,-7.2465],[107.8765,-7.246],[107.8765,-7.2455],[107.8785,-7.244]]]},"properties":{"code":"32.05.17.2004","name":"Salakuray","latitude":-7.249876157760997,"longitude":107.8675138011592}},{"type":"Feature","geometry":{"type":"Polygon","coordinates":[[[107.86,-7.3225],[107.848,-7.3025],[107.843,-7.2885],[107.8435,-7.269],[107.843,-7.265],[107.8435,-7.2605],[107.8435,-7.2595],[107.8435,-7.2585],[107.8445,-7.2565],[107.8435,-7.2545],[107.842,-7.2575],[107.841,-7.258],[107.839,-7.2565],[107.8375,-7.2575],[107.8365,-7.2565],[107.8355,-7.2565],[107.841,-7.2745],[107.84,-7.2915],[107.846,-7.306],[107.86,-7.3225]]]},"properties":{"code":"32.05.17.2005","name":"Karyajaya","latitude":-7.282402802773871,"longitude":107.84322982108311}},{"type":"Feature","geometry":{"type":"Polygon","coordinates":[[[107.826,-7.2655],[107.823,-7.264],[107.8235,-7.2595],[107.824,-7.259],[107.8235,-7.2585],[107.8215,-7.261],[107.8145,-7.267],[107.814,-7.267],[107.814,-7.271],[107.813,-7.2735],[107.812,-7.2755],[107.811,-7.276],[107.8125,-7.276],[107.814,-7.276],[107.8155,-7.274],[107.816,-7.272],[107.8195,-7.2695],[107.82,-7.268],[107.821,-7.268],[107.823,-7.267],[107.8245,-7.2675],[107.825,-7.2655],[107.826,-7.2655]]]},"properties":{"code":"32.05.17.2006","name":"Mulyasari","latitude":-7.267264255497063,"longitude":107.81851492706029}},{"type":"Feature","geometry":{"type":"Polygon","coordinates":[[[107.828,-7.2885],[107.8215,-7.293],[107.8335,-7.31],[107.841,-7.3155],[107.845,-7.318],[107.8505,-7.3195],[107.858,-7.323],[107.86,-7.3225],[107.858,-7.3225],[107.8505,-7.318],[107.846,-7.3145],[107.8425,-7.3115],[107.839,-7.306],[107.8365,-7.3005],[107.8285,-7.2905],[107.828,-7.2885]]]},"properties":{"code":"32.05.17.2007","name":"Pamalayan","latitude":-7.303481943820001,"longitude":107.83428958136662}},{"type":"Feature","geometry":{"type":"Polygon","coordinates":[[[107.831,-7.246],[107.826,-7.25],[107.826,-7.253],[107.8265,-7.255],[107.826,-7.2555],[107.8245,-7.2565],[107.8235,-7.2585],[107.824,-7.259],[107.8235,-7.2595],[107.823,-7.264],[107.826,-7.2655],[107.827,-7.2645],[107.8265,-7.2635],[107.8275,-7.263],[107.828,-7.262],[107.8295,-7.261],[107.829,-7.2595],[107.8295,-7.2595],[107.8305,-7.26],[107.831,-7.2575],[107.8305,-7.2495],[107.83,-7.2485],[107.832,-7.247],[107.831,-7.246]]]},"properties":{"code":"32.05.17.2008","name":"Mekarsari","latitude":-7.254612102084077,"longitude":107.82790873156445}},{"type":"Feature","geometry":{"type":"Polygon","coordinates":[[[107.828,-7.2885],[107.8275,-7.2875],[107.818,-7.273],[107.814,-7.276],[107.813,-7.2765],[107.8105,-7.2795],[107.8095,-7.2825],[107.8085,-7.2835],[107.808,-7.284],[107.8215,-7.293],[107.828,-7.2885]]]},"properties":{"code":"32.05.17.2009","name":"Ciburuy","latitude":-7.2835374975804665,"longitude":107.81715416891875}},{"type":"Feature","geometry":{"type":"Polygon","coordinates":[[[107.8355,-7.2565],[107.8345,-7.2565],[107.8335,-7.257],[107.833,-7.258],[107.8315,-7.258],[107.8305,-7.26],[107.831,-7.2625],[107.83,-7.2635],[107.831,-7.264],[107.8315,-7.264],[107.8315,-7.2645],[107.8325,-7.2645],[107.8355,-7.281],[107.837,-7.285],[107.837,-7.2855],[107.8365,-7.287],[107.8365,-7.2895],[107.843,-7.303],[107.8485,-7.313],[107.86,-7.3225],[107.846,-7.306],[107.84,-7.2915],[107.841,-7.2745],[107.8355,-7.2565]]]},"properties":{"code":"32.05.17.2010","name":"Ciela","latitude":-7.281247043248229,"longitude":107.8384468261471}},{"type":"Feature","geometry":{"type":"Polygon","coordinates":[[[107.843,-7.246],[107.842,-7.2455],[107.8385,-7.244],[107.8365,-7.243],[107.8315,-7.2445],[107.832,-7.247],[107.83,-7.2485],[107.8305,-7.2495],[107.831,-7.2575],[107.8315,-7.258],[107.833,-7.258],[107.8335,-7.257],[107.8345,-7.2565],[107.8365,-7.2565],[107.8375,-7.2575],[107.8395,-7.2565],[107.8415,-7.2545],[107.842,-7.2535],[107.84,-7.2505],[107.839,-7.2475],[107.8405,-7.246],[107.8415,-7.2465],[107.842,-7.246],[107.843,-7.246]]]},"properties":{"code":"32.05.17.2011","name":"Cikedokan","latitude":-7.250864771673844,"longitude":107.83581457754724}},{"type":"Feature","geometry":{"type":"Polygon","coordinates":[[[107.8455,-7.233],[107.833,-7.2295],[107.829,-7.233],[107.828,-7.2325],[107.826,-7.2335],[107.8265,-7.235],[107.829,-7.24],[107.833,-7.2395],[107.8355,-7.2415],[107.8385,-7.244],[107.842,-7.2455],[107.843,-7.246],[107.8515,-7.2415],[107.8515,-7.241],[107.843,-7.24],[107.8425,-7.24],[107.8455,-7.2345],[107.8455,-7.233]]]},"properties":{"code":"32.05.17.2012","name":"Banjarsari","latitude":-7.2377244212416905,"longitude":107.8382661338601}},{"type":"Feature","geometry":{"type":"Polygon","coordinates":[[[107.8595,-7.2495],[107.8605,-7.247],[107.853,-7.2415],[107.8515,-7.2415],[107.843,-7.246],[107.842,-7.246],[107.8415,-7.2465],[107.8405,-7.246],[107.839,-7.2475],[107.84,-7.2505],[107.842,-7.2535],[107.8415,-7.2545],[107.8395,-7.2565],[107.839,-7.2565],[107.841,-7.258],[107.842,-7.2575],[107.8435,-7.2545],[107.8455,-7.2535],[107.8515,-7.252],[107.852,-7.252],[107.853,-7.256],[107.8535,-7.256],[107.854,-7.257],[107.855,-7.257],[107.855,-7.2555],[107.8595,-7.2495]]]},"properties":{"code":"32.05.17.2013","name":"Sukasenang","latitude":-7.249142811838297,"longitude":107.84926117050934}},{"type":"Feature","geometry":{"type":"Polygon","coordinates":[[[107.8565,-7.237],[107.855,-7.2375],[107.854,-7.2365],[107.853,-7.236],[107.852,-7.2345],[107.8505,-7.2335],[107.845,-7.2315],[107.8455,-7.2345],[107.8425,-7.24],[107.843,-7.24],[107.8515,-7.241],[107.853,-7.2415],[107.8605,-7.247],[107.864,-7.2465],[107.865,-7.246],[107.8645,-7.245],[107.865,-7.244],[107.866,-7.2455],[107.8675,-7.245],[107.8685,-7.2445],[107.8695,-7.245],[107.8705,-7.244],[107.8725,-7.2445],[107.8735,-7.244],[107.873,-7.243],[107.8745,-7.243],[107.8755,-7.242],[107.8745,-7.24],[107.8565,-7.237]]]},"properties":{"code":"32.05.17.2014","name":"Mekarjaya","latitude":-7.239894113521,"longitude":107.8576918065755}},{"type":"Feature","geometry":{"type":"Polygon","coordinates":[[[107.872,-7.2565],[107.8775,-7.248],[107.8765,-7.246],[107.8755,-7.2465],[107.869,-7.2525],[107.8665,-7.251],[107.866,-7.2535],[107.866,-7.2565],[107.866,-7.2575],[107.864,-7.258],[107.857,-7.283],[107.857,-7.2855],[107.858,-7.288],[107.859,-7.2895],[107.8585,-7.292],[107.861,-7.3],[107.86,-7.3225],[107.8635,-7.311],[107.864,-7.3005],[107.864,-7.2845],[107.8715,-7.2565],[107.872,-7.2565]]]},"properties":{"code":"32.05.17.2015","name":"Sirnagalih","latitude":-7.2762997427206235,"longitude":107.86419525473961}},{"type":"Feature","geometry":{"type":"Polygon","coordinates":[[[107.864,-7.247],[107.8595,-7.2495],[107.855,-7.2555],[107.855,-7.2575],[107.853,-7.2585],[107.8515,-7.26],[107.8505,-7.26],[107.8505,-7.261],[107.8505,-7.2615],[107.8515,-7.265],[107.8515,-7.266],[107.8525,-7.2905],[107.8565,-7.302],[107.86,-7.3225],[107.854,-7.282],[107.8535,-7.267],[107.8595,-7.253],[107.862,-7.252],[107.864,-7.247]]]},"properties":{"code":"32.05.17.2016","name":"Sukarame","latitude":-7.271870980650251,"longitude":107.85559811445725}},{"type":"Feature","geometry":{"type":"Polygon","coordinates":[[[107.86,-7.3225],[107.8485,-7.313],[107.843,-7.303],[107.8365,-7.2895],[107.8365,-7.287],[107.837,-7.2855],[107.837,-7.285],[107.8355,-7.281],[107.8325,-7.2645],[107.831,-7.2645],[107.8225,-7.271],[107.8235,-7.2715],[107.841,-7.307],[107.8495,-7.317],[107.8505,-7.318],[107.858,-7.3225],[107.86,-7.3225]]]},"properties":{"code":"32.05.17.2017","name":"Cinisti","latitude":-7.287151762200222,"longitude":107.83528034620375}},{"type":"Feature","geometry":{"type":"Polygon","coordinates":[[[107.8505,-7.26],[107.85,-7.26],[107.8495,-7.261],[107.851,-7.2945],[107.856,-7.304],[107.86,-7.3225],[107.8565,-7.302],[107.8525,-7.2905],[107.8515,-7.266],[107.8515,-7.265],[107.8505,-7.2615],[107.8505,-7.26]]]},"properties":{"code":"32.05.17.2018","name":"Sukamanah","latitude":-7.285348255922722,"longitude":107.85246468739285}},{"type":"Feature","geometry":{"type":"Polygon","coordinates":[[[107.8055,-7.3475],[107.8065,-7.3485],[107.817,-7.348],[107.8285,-7.3405],[107.847,-7.3375],[107.855,-7.3295],[107.858,-7.325],[107.8565,-7.3255],[107.823,-7.3325],[107.81,-7.3335],[107.8005,-7.3295],[107.8,-7.3305],[107.7985,-7.3315],[107.799,-7.3325],[107.8055,-7.3475]]]},"properties":{"code":"32.05.18.2001","name":"Cigedug","latitude":-7.337262610561578,"longitude":107.82453825869241}},{"type":"Feature","geometry":{"type":"Polygon","coordinates":[[[107.8585,-7.336],[107.859,-7.3335],[107.86,-7.3225],[107.858,-7.325],[107.855,-7.3295],[107.847,-7.3375],[107.8285,-7.3405],[107.817,-7.348],[107.8065,-7.3485],[107.805,-7.348],[107.804,-7.352],[107.805,-7.353],[107.807,-7.354],[107.8075,-7.3545],[107.8075,-7.355],[107.808,-7.3555],[107.8095,-7.356],[107.8165,-7.358],[107.817,-7.3585],[107.8175,-7.3585],[107.8175,-7.3595],[107.8165,-7.3605],[107.8175,-7.362],[107.833,-7.361],[107.8365,-7.359],[107.8525,-7.3435],[107.854,-7.339],[107.8585,-7.336]]]},"properties":{"code":"32.05.18.2002","name":"Barusuda","latitude":-7.3485501172805,"longitude":107.83211186243977}},{"type":"Feature","geometry":{"type":"Polygon","coordinates":[[[107.86,-7.3225],[107.858,-7.324],[107.8485,-7.3245],[107.816,-7.322],[107.8045,-7.316],[107.8035,-7.323],[107.8035,-7.324],[107.8025,-7.324],[107.801,-7.3275],[107.8005,-7.3295],[107.81,-7.3335],[107.823,-7.3325],[107.8565,-7.3255],[107.86,-7.3225]]]},"properties":{"code":"32.05.18.2003","name":"Sukahurip","latitude":-7.326587316290329,"longitude":107.82257175949483}},{"type":"Feature","geometry":{"type":"Polygon","coordinates":[[[107.806,-7.2995],[107.805,-7.2995],[107.8055,-7.3055],[107.8055,-7.308],[107.805,-7.3095],[107.804,-7.311],[107.805,-7.313],[107.8045,-7.316],[107.816,-7.322],[107.8485,-7.3245],[107.858,-7.324],[107.86,-7.3225],[107.857,-7.3235],[107.853,-7.323],[107.83,-7.316],[107.806,-7.2995]]]},"properties":{"code":"32.05.18.2004","name":"Sindangsari","latitude":-7.315479945832156,"longitude":107.82193468919719}},{"type":"Feature","geometry":{"type":"Polygon","coordinates":[[[107.8215,-7.293],[107.808,-7.284],[107.807,-7.285],[107.8065,-7.2865],[107.8055,-7.2865],[107.8045,-7.289],[107.807,-7.2915],[107.806,-7.294],[107.8055,-7.295],[107.8055,-7.297],[107.8045,-7.2985],[107.806,-7.2995],[107.83,-7.316],[107.853,-7.323],[107.857,-7.3235],[107.86,-7.3225],[107.858,-7.323],[107.8505,-7.3195],[107.845,-7.318],[107.841,-7.3155],[107.8335,-7.31],[107.8215,-7.293]]]},"properties":{"code":"32.05.18.2005","name":"Cintanagara","latitude":-7.3032547510644354,"longitude":107.82202679622016}},{"type":"Feature","geometry":{"type":"Polygon","coordinates":[[[107.955,-7.2775],[107.955,-7.277],[107.9535,-7.278],[107.924,-7.2745],[107.923,-7.275],[107.922,-7.274],[107.9205,-7.2715],[107.9185,-7.27],[107.918,-7.2695],[107.918,-7.2685],[107.917,-7.2675],[107.917,-7.267],[107.9165,-7.2665],[107.916,-7.2675],[107.915,-7.2675],[107.913,-7.27],[107.914,-7.275],[107.9145,-7.2755],[107.9155,-7.2785],[107.923,-7.2835],[107.9265,-7.28],[107.929,-7.2795],[107.9315,-7.28],[107.942,-7.281],[107.9445,-7.2825],[107.946,-7.282],[107.952,-7.2785],[107.9535,-7.2785],[107.955,-7.2775]]]},"properties":{"code":"32.05.19.2001","name":"Cilawu","latitude":-7.27693568742501,"longitude":107.92739056471457}},{"type":"Feature","geometry":{"type":"Polygon","coordinates":[[[107.895,-7.264],[107.8905,-7.2595],[107.889,-7.258],[107.889,-7.259],[107.889,-7.266],[107.8765,-7.2905],[107.8685,-7.299],[107.86,-7.3225],[107.8715,-7.3095],[107.876,-7.305],[107.8815,-7.2885],[107.8965,-7.2675],[107.896,-7.266],[107.8955,-7.2655],[107.8955,-7.265],[107.895,-7.264]]]},"properties":{"code":"32.05.19.2002","name":"Sukamukti","latitude":-7.29075372121388,"longitude":107.87877028534261}},{"type":"Feature","geometry":{"type":"Polygon","coordinates":[[[107.9425,-7.2825],[107.942,-7.281],[107.9315,-7.28],[107.929,-7.2795],[107.9265,-7.28],[107.923,-7.2835],[107.9155,-7.2785],[107.904,-7.2835],[107.9035,-7.285],[107.903,-7.2875],[107.903,-7.289],[107.9035,-7.2915],[107.9075,-7.291],[107.91,-7.289],[107.9155,-7.2895],[107.922,-7.2915],[107.923,-7.2915],[107.9225,-7.291],[107.9225,-7.2905],[107.9225,-7.289],[107.9265,-7.2845],[107.928,-7.2845],[107.9425,-7.2825]]]},"properties":{"code":"32.05.19.2003","name":"Karyamekar","latitude":-7.284925898310972,"longitude":107.91830368854279}},{"type":"Feature","geometry":{"type":"Polygon","coordinates":[[[107.9015,-7.2685],[107.897,-7.2645],[107.895,-7.264],[107.8955,-7.265],[107.8955,-7.2655],[107.896,-7.266],[107.8965,-7.2675],[107.896,-7.2685],[107.897,-7.28],[107.8975,-7.2835],[107.8965,-7.2985],[107.9035,-7.2915],[107.903,-7.289],[107.903,-7.2875],[107.9035,-7.285],[107.904,-7.2835],[107.9045,-7.2815],[107.9075,-7.2735],[107.907,-7.271],[107.9015,-7.2685]]]},"properties":{"code":"32.05.19.2004","name":"Dawungsari","latitude":-7.279047290835996,"longitude":107.90084371362911}},{"type":"Feature","geometry":{"type":"Polygon","coordinates":[[[107.9165,-7.2665],[107.916,-7.2665],[107.915,-7.2645],[107.915,-7.2625],[107.9155,-7.2595],[107.9155,-7.256],[107.9155,-7.255],[107.915,-7.2535],[107.914,-7.2545],[107.9125,-7.257],[107.909,-7.259],[107.9085,-7.261],[107.9065,-7.261],[107.9015,-7.2685],[107.907,-7.271],[107.9075,-7.2735],[107.9045,-7.2815],[107.904,-7.2835],[107.9155,-7.2785],[107.9145,-7.2755],[107.914,-7.275],[107.913,-7.27],[107.915,-7.2675],[107.916,-7.2675],[107.9165,-7.2665]]]},"properties":{"code":"32.05.19.2005","name":"Pasanggrahan","latitude":-7.26962643181706,"longitude":107.90986482887922}},{"type":"Feature","geometry":{"type":"Polygon","coordinates":[[[107.8865,-7.26],[107.8845,-7.2605],[107.874,-7.2565],[107.8715,-7.2565],[107.864,-7.2845],[107.864,-7.3005],[107.8645,-7.3045],[107.8785,-7.266],[107.8865,-7.26]]]},"properties":{"code":"32.05.19.2006","name":"Sukahati","latitude":-7.274249310808633,"longitude":107.87167337519239}},{"type":"Feature","geometry":{"type":"Polygon","coordinates":[[[107.924,-7.2945],[107.9155,-7.2925],[107.88,-7.311],[107.8685,-7.3205],[107.86,-7.3225],[107.875,-7.32],[107.8925,-7.3095],[107.904,-7.3095],[107.9255,-7.3015],[107.9275,-7.3],[107.926,-7.2975],[107.9255,-7.297],[107.924,-7.2945]]]},"properties":{"code":"32.05.19.2007","name":"Mekarsari","latitude":-7.304344468113603,"longitude":107.90433091719858}},{"type":"Feature","geometry":{"type":"Polygon","coordinates":[[[107.889,-7.259],[107.888,-7.258],[107.8875,-7.258],[107.886,-7.2585],[107.886,-7.259],[107.8865,-7.26],[107.8785,-7.266],[107.8645,-7.3045],[107.8635,-7.311],[107.86,-7.3225],[107.8685,-7.299],[107.8765,-7.2905],[107.889,-7.266],[107.889,-7.259]]]},"properties":{"code":"32.05.19.2008","name":"Mekarmukti","latitude":-7.280709319962578,"longitude":107.87770039640156}},{"type":"Feature","geometry":{"type":"Polygon","coordinates":[[[107.9,-7.2445],[107.8985,-7.243],[107.8955,-7.2425],[107.8875,-7.2505],[107.887,-7.251],[107.8875,-7.2515],[107.888,-7.2525],[107.887,-7.2575],[107.888,-7.258],[107.889,-7.259],[107.889,-7.258],[107.8905,-7.2595],[107.895,-7.264],[107.895,-7.257],[107.9,-7.2565],[107.899,-7.253],[107.9005,-7.25],[107.9,-7.2445]]]},"properties":{"code":"32.05.19.2009","name":"Desakolot","latitude":-7.252412102736212,"longitude":107.8939042904784}},{"type":"Feature","geometry":{"type":"Polygon","coordinates":[[[107.9105,-7.239],[107.909,-7.236],[107.9075,-7.233],[107.9045,-7.229],[107.9035,-7.2295],[107.905,-7.2365],[107.9045,-7.2385],[107.9045,-7.239],[107.904,-7.24],[107.901,-7.243],[107.9,-7.2445],[107.909,-7.247],[107.9125,-7.2465],[107.9125,-7.245],[107.912,-7.244],[107.9105,-7.241],[107.9105,-7.239]]]},"properties":{"code":"32.05.19.2010","name":"Ngamplangsari","latitude":-7.240051119748897,"longitude":107.90679992622644}},{"type":"Feature","geometry":{"type":"Polygon","coordinates":[[[107.9065,-7.261],[107.903,-7.2555],[107.9005,-7.256],[107.895,-7.257],[107.895,-7.264],[107.897,-7.2645],[107.9015,-7.2685],[107.9065,-7.261]]]},"properties":{"code":"32.05.19.2011","name":"Margalaksana","latitude":-7.261396834759698,"longitude":107.90045793963617}},{"type":"Feature","geometry":{"type":"Polygon","coordinates":[[[107.8965,-7.2985],[107.8975,-7.2835],[107.897,-7.28],[107.896,-7.2685],[107.8965,-7.2675],[107.8815,-7.2885],[107.876,-7.305],[107.8715,-7.3095],[107.86,-7.3225],[107.868,-7.318],[107.8865,-7.301],[107.8965,-7.2985]]]},"properties":{"code":"32.05.19.2012","name":"Dangiang","latitude":-7.292793635701806,"longitude":107.88711545875528}},{"type":"Feature","geometry":{"type":"Polygon","coordinates":[[[107.923,-7.2915],[107.922,-7.2915],[107.9155,-7.2895],[107.91,-7.289],[107.9075,-7.291],[107.9035,-7.2915],[107.8965,-7.2985],[107.8865,-7.301],[107.868,-7.318],[107.86,-7.3225],[107.8685,-7.3205],[107.88,-7.311],[107.9155,-7.2925],[107.924,-7.2945],[107.923,-7.292],[107.923,-7.2915]]]},"properties":{"code":"32.05.19.2013","name":"Dayeuhmanggung","latitude":-7.302045615242356,"longitude":107.89407772595862}},{"type":"Feature","geometry":{"type":"Polygon","coordinates":[[[107.9365,-7.3165],[107.9345,-7.3165],[107.9335,-7.3165],[107.9285,-7.3125],[107.9215,-7.319],[107.8945,-7.319],[107.86,-7.3225],[107.901,-7.3295],[107.912,-7.3285],[107.9135,-7.328],[107.9185,-7.3265],[107.9205,-7.327],[107.9275,-7.3305],[107.931,-7.3315],[107.9345,-7.331],[107.9355,-7.3315],[107.937,-7.3315],[107.938,-7.331],[107.9415,-7.33],[107.9455,-7.329],[107.9365,-7.3165]]]},"properties":{"code":"32.05.19.2014","name":"Sukamaju","latitude":-7.323430435747574,"longitude":107.91409611693301}},{"type":"Feature","geometry":{"type":"Polygon","coordinates":[[[107.8955,-7.2425],[107.8945,-7.2405],[107.8955,-7.2385],[107.8945,-7.2365],[107.893,-7.236],[107.8925,-7.2365],[107.8785,-7.2415],[107.8785,-7.244],[107.8765,-7.2455],[107.8775,-7.248],[107.872,-7.2565],[107.874,-7.2565],[107.8845,-7.2605],[107.886,-7.259],[107.886,-7.2585],[107.8875,-7.258],[107.887,-7.2575],[107.888,-7.2525],[107.8875,-7.2515],[107.887,-7.251],[107.8875,-7.2505],[107.8955,-7.2425]]]},"properties":{"code":"32.05.19.2015","name":"Mangkurakyat","latitude":-7.248592023421855,"longitude":107.88411017812268}},{"type":"Feature","geometry":{"type":"Polygon","coordinates":[[[107.9125,-7.2465],[107.909,-7.247],[107.9,-7.2445],[107.9005,-7.25],[107.899,-7.253],[107.9,-7.2565],[107.903,-7.2555],[107.9065,-7.261],[107.9085,-7.261],[107.909,-7.259],[107.9125,-7.257],[107.914,-7.2545],[107.914,-7.252],[107.9125,-7.2465]]]},"properties":{"code":"32.05.19.2016","name":"Ngamplang","latitude":-7.252385406568851,"longitude":107.9064934792436}},{"type":"Feature","geometry":{"type":"Polygon","coordinates":[[[107.9285,-7.3125],[107.931,-7.303],[107.931,-7.302],[107.927,-7.301],[107.9255,-7.3015],[107.904,-7.3095],[107.8925,-7.3095],[107.875,-7.32],[107.86,-7.3225],[107.8945,-7.319],[107.9215,-7.319],[107.9285,-7.3125]]]},"properties":{"code":"32.05.19.2017","name":"Sukatani","latitude":-7.313560461856372,"longitude":107.9052517322696}},{"type":"Feature","geometry":{"type":"Polygon","coordinates":[[[107.937,-7.3315],[107.9355,-7.3315],[107.9345,-7.331],[107.931,-7.3315],[107.9275,-7.3305],[107.9205,-7.327],[107.9185,-7.3265],[107.9135,-7.328],[107.912,-7.3285],[107.901,-7.3295],[107.86,-7.3225],[107.863,-7.3235],[107.8795,-7.3345],[107.892,-7.3545],[107.895,-7.355],[107.897,-7.3555],[107.901,-7.358],[107.9045,-7.3605],[107.905,-7.3595],[107.915,-7.355],[107.917,-7.354],[107.929,-7.35],[107.93,-7.347],[107.9305,-7.345],[107.9315,-7.3445],[107.9315,-7.344],[107.931,-7.3405],[107.931,-7.3395],[107.9295,-7.3385],[107.9305,-7.3375],[107.9365,-7.332],[107.937,-7.3315]]]},"properties":{"code":"32.05.19.2018","name":"Sukamurni","latitude":-7.339994676724949,"longitude":107.90465937367313}},{"type":"Feature","geometry":{"type":"Polygon","coordinates":[[[107.7995,-7.3085],[107.7945,-7.3095],[107.787,-7.311],[107.758,-7.313],[107.7415,-7.3195],[107.725,-7.3225],[107.7225,-7.3215],[107.718,-7.321],[107.7175,-7.322],[107.7155,-7.327],[107.716,-7.3285],[107.7245,-7.331],[107.728,-7.3295],[107.734,-7.327],[107.74,-7.322],[107.7745,-7.321],[107.788,-7.318],[107.7905,-7.318],[107.7925,-7.3175],[107.793,-7.3165],[107.7935,-7.316],[107.8005,-7.313],[107.7995,-7.3115],[107.7995,-7.3085]]]},"properties":{"code":"32.05.20.2001","name":"Cisurupan","latitude":-7.318630327618761,"longitude":107.75935612195862}},{"type":"Feature","geometry":{"type":"Polygon","coordinates":[[[107.8035,-7.324],[107.8005,-7.3225],[107.7755,-7.3255],[107.7595,-7.324],[107.7515,-7.3265],[107.7735,-7.3255],[107.796,-7.334],[107.798,-7.3335],[107.799,-7.3325],[107.7985,-7.3315],[107.8,-7.3305],[107.801,-7.3275],[107.8025,-7.324],[107.8035,-7.324]]]},"properties":{"code":"32.05.20.2002","name":"Cidatar","latitude":-7.327215921753824,"longitude":107.78618509126113}},{"type":"Feature","geometry":{"type":"Polygon","coordinates":[[[107.794,-7.351],[107.792,-7.3505],[107.7865,-7.3515],[107.7835,-7.3515],[107.748,-7.336],[107.745,-7.336],[107.7355,-7.339],[107.747,-7.3455],[107.749,-7.348],[107.7665,-7.3655],[107.766,-7.368],[107.767,-7.3665],[107.7755,-7.3645],[107.777,-7.3635],[107.777,-7.363],[107.7775,-7.362],[107.777,-7.36],[107.7775,-7.359],[107.779,-7.3585],[107.7925,-7.3575],[107.7935,-7.3555],[107.794,-7.355],[107.794,-7.351]]]},"properties":{"code":"32.05.20.2003","name":"Sukawangi","latitude":-7.351003706217575,"longitude":107.76582759665231}},{"type":"Feature","geometry":{"type":"Polygon","coordinates":[[[107.7955,-7.3375],[107.7945,-7.3375],[107.792,-7.3385],[107.7855,-7.3375],[107.783,-7.337],[107.759,-7.3285],[107.73,-7.334],[107.7355,-7.339],[107.745,-7.336],[107.748,-7.336],[107.7835,-7.3515],[107.7865,-7.3515],[107.792,-7.3505],[107.794,-7.351],[107.7945,-7.3505],[107.7955,-7.339],[107.796,-7.338],[107.7955,-7.3375]]]},"properties":{"code":"32.05.20.2004","name":"Sukatani","latitude":-7.339027646877297,"longitude":107.76865857799905}},{"type":"Feature","geometry":{"type":"Polygon","coordinates":[[[107.796,-7.2585],[107.795,-7.2585],[107.787,-7.254],[107.7525,-7.2535],[107.7265,-7.257],[107.7275,-7.2575],[107.729,-7.259],[107.735,-7.261],[107.735,-7.262],[107.7355,-7.262],[107.738,-7.263],[107.754,-7.259],[107.775,-7.2635],[107.7765,-7.263],[107.7775,-7.2625],[107.7805,-7.2615],[107.7975,-7.2625],[107.7975,-7.2615],[107.798,-7.26],[107.796,-7.2585]]]},"properties":{"code":"32.05.20.2005","name":"Situsari","latitude":-7.257944166122414,"longitude":107.76400309290575}},{"type":"Feature","geometry":{"type":"Polygon","coordinates":[[[107.8125,-7.2745],[107.8115,-7.274],[107.8105,-7.274],[107.8085,-7.2735],[107.807,-7.2725],[107.798,-7.271],[107.7915,-7.273],[107.7885,-7.274],[107.788,-7.274],[107.788,-7.2745],[107.782,-7.279],[107.7845,-7.2805],[107.787,-7.2805],[107.7905,-7.2795],[107.811,-7.276],[107.8125,-7.2745]]]},"properties":{"code":"32.05.20.2006","name":"Pakuwon","latitude":-7.275728466460915,"longitude":107.79653927985854}},{"type":"Feature","geometry":{"type":"Polygon","coordinates":[[[107.79,-7.3015],[107.785,-7.301],[107.782,-7.302],[107.7795,-7.302],[107.7785,-7.3025],[107.7795,-7.304],[107.7815,-7.3075],[107.792,-7.307],[107.7925,-7.31],[107.7945,-7.3095],[107.7995,-7.3085],[107.798,-7.3065],[107.79,-7.3015]]]},"properties":{"code":"32.05.20.2007","name":"Balewangi","latitude":-7.304601497788179,"longitude":107.78905387652371}},{"type":"Feature","geometry":{"type":"Polygon","coordinates":[[[107.789,-7.292],[107.784,-7.284],[107.784,-7.2825],[107.7845,-7.2805],[107.7435,-7.2905],[107.74,-7.2915],[107.7315,-7.294],[107.731,-7.2945],[107.727,-7.2975],[107.7245,-7.2995],[107.724,-7.301],[107.7235,-7.313],[107.7235,-7.3135],[107.726,-7.315],[107.738,-7.3155],[107.744,-7.3125],[107.745,-7.312],[107.746,-7.3115],[107.746,-7.311],[107.751,-7.3095],[107.7545,-7.3085],[107.758,-7.3065],[107.7595,-7.308],[107.7655,-7.306],[107.778,-7.303],[107.7785,-7.3025],[107.7795,-7.302],[107.782,-7.302],[107.785,-7.301],[107.79,-7.3015],[107.789,-7.292]]]},"properties":{"code":"32.05.20.2008","name":"Sirnajaya","latitude":-7.298809360937374,"longitude":107.75581327764085}},{"type":"Feature","geometry":{"type":"Polygon","coordinates":[[[107.8045,-7.316],[107.805,-7.313],[107.804,-7.3115],[107.804,-7.3125],[107.8035,-7.313],[107.801,-7.314],[107.8005,-7.313],[107.7935,-7.316],[107.793,-7.3165],[107.7925,-7.3175],[107.7905,-7.318],[107.788,-7.318],[107.7745,-7.321],[107.74,-7.322],[107.736,-7.3255],[107.7425,-7.3275],[107.7445,-7.3275],[107.7595,-7.324],[107.7755,-7.3255],[107.8005,-7.3225],[107.8035,-7.324],[107.8035,-7.323],[107.8045,-7.316]]]},"properties":{"code":"32.05.20.2009","name":"Cisero","latitude":-7.32161468980391,"longitude":107.77406768713334}},{"type":"Feature","geometry":{"type":"Polygon","coordinates":[[[107.7925,-7.31],[107.792,-7.307],[107.7815,-7.3075],[107.7795,-7.304],[107.7785,-7.3025],[107.778,-7.303],[107.7655,-7.306],[107.7595,-7.308],[107.758,-7.3065],[107.7545,-7.3085],[107.751,-7.3095],[107.746,-7.311],[107.746,-7.3115],[107.745,-7.312],[107.744,-7.3125],[107.738,-7.3155],[107.726,-7.315],[107.7235,-7.3135],[107.723,-7.314],[107.718,-7.32],[107.718,-7.321],[107.7225,-7.3215],[107.725,-7.3225],[107.7415,-7.3195],[107.758,-7.313],[107.787,-7.311],[107.7925,-7.31]]]},"properties":{"code":"32.05.20.2010","name":"Karamatwangi","latitude":-7.3128566551264305,"longitude":107.75384346831048}},{"type":"Feature","geometry":{"type":"Polygon","coordinates":[[[107.782,-7.279],[107.776,-7.2775],[107.7755,-7.274],[107.773,-7.2745],[107.771,-7.2735],[107.7705,-7.2715],[107.77,-7.2715],[107.7685,-7.2725],[107.7635,-7.272],[107.7545,-7.2725],[107.751,-7.2735],[107.736,-7.2765],[107.723,-7.288],[107.7225,-7.29],[107.7225,-7.2905],[107.727,-7.292],[107.73,-7.294],[107.7315,-7.294],[107.74,-7.2915],[107.7435,-7.2905],[107.7845,-7.2805],[107.782,-7.279]]]},"properties":{"code":"32.05.20.2011","name":"Cipaganti","latitude":-7.281982979907782,"longitude":107.75185667818045}},{"type":"Feature","geometry":{"type":"Polygon","coordinates":[[[107.7975,-7.2615],[107.7975,-7.2625],[107.7805,-7.2615],[107.7775,-7.2625],[107.7765,-7.263],[107.775,-7.2635],[107.754,-7.259],[107.738,-7.263],[107.736,-7.2625],[107.735,-7.262],[107.7355,-7.2625],[107.7385,-7.2695],[107.739,-7.272],[107.7375,-7.273],[107.736,-7.2765],[107.751,-7.2735],[107.7545,-7.2725],[107.7635,-7.272],[107.7685,-7.2725],[107.77,-7.2715],[107.7725,-7.2705],[107.776,-7.2715],[107.777,-7.2715],[107.785,-7.27],[107.7895,-7.271],[107.791,-7.27],[107.7955,-7.2695],[107.7965,-7.2695],[107.8005,-7.2675],[107.7995,-7.2675],[107.7985,-7.2635],[107.7975,-7.263],[107.7975,-7.262],[107.7975,-7.2615]]]},"properties":{"code":"32.05.20.2012","name":"Pamulihan","latitude":-7.266809596718072,"longitude":107.76345491271758}},{"type":"Feature","geometry":{"type":"Polygon","coordinates":[[[107.8065,-7.2865],[107.806,-7.286],[107.8055,-7.286],[107.805,-7.2865],[107.8025,-7.2905],[107.789,-7.292],[107.79,-7.3015],[107.798,-7.3065],[107.7995,-7.308],[107.7995,-7.3115],[107.801,-7.314],[107.8035,-7.313],[107.804,-7.3125],[107.804,-7.3115],[107.804,-7.311],[107.805,-7.3095],[107.8055,-7.308],[107.8055,-7.3055],[107.805,-7.2995],[107.806,-7.2995],[107.8045,-7.2985],[107.8055,-7.297],[107.8055,-7.295],[107.806,-7.294],[107.807,-7.2915],[107.8045,-7.289],[107.8055,-7.2865],[107.8065,-7.2865]]]},"properties":{"code":"32.05.20.2013","name":"Tambakbaya","latitude":-7.299137001322618,"longitude":107.79947238819207}},{"type":"Feature","geometry":{"type":"Polygon","coordinates":[[[107.811,-7.276],[107.7905,-7.2795],[107.787,-7.2805],[107.7845,-7.2805],[107.784,-7.2825],[107.784,-7.284],[107.789,-7.292],[107.8025,-7.2905],[107.805,-7.2865],[107.8055,-7.286],[107.806,-7.286],[107.8065,-7.2865],[107.807,-7.285],[107.8085,-7.2835],[107.8095,-7.2825],[107.8105,-7.2795],[107.813,-7.2765],[107.8125,-7.276],[107.811,-7.276]]]},"properties":{"code":"32.05.20.2014","name":"Sirnagalih","latitude":-7.283861175219247,"longitude":107.7976069162535}},{"type":"Feature","geometry":{"type":"Polygon","coordinates":[[[107.7895,-7.271],[107.785,-7.27],[107.777,-7.2715],[107.776,-7.2715],[107.7725,-7.2705],[107.7705,-7.2715],[107.771,-7.2735],[107.773,-7.2745],[107.7755,-7.274],[107.776,-7.2775],[107.782,-7.279],[107.788,-7.2745],[107.788,-7.274],[107.7895,-7.273],[107.7895,-7.271]]]},"properties":{"code":"32.05.20.2015","name":"Pangauban","latitude":-7.2736061719399245,"longitude":107.78074892416193}},{"type":"Feature","geometry":{"type":"Polygon","coordinates":[[[107.814,-7.267],[107.8125,-7.2665],[107.811,-7.265],[107.809,-7.264],[107.8055,-7.2645],[107.8055,-7.2655],[107.805,-7.2655],[107.804,-7.266],[107.801,-7.2675],[107.8005,-7.2675],[107.7965,-7.2695],[107.7955,-7.2695],[107.791,-7.27],[107.7895,-7.271],[107.7895,-7.273],[107.788,-7.274],[107.7885,-7.274],[107.7905,-7.273],[107.7915,-7.273],[107.798,-7.271],[107.807,-7.2725],[107.8085,-7.2735],[107.8105,-7.274],[107.8115,-7.274],[107.8125,-7.2745],[107.814,-7.271],[107.814,-7.267]]]},"properties":{"code":"32.05.20.2016","name":"Simpangsari","latitude":-7.269610863640985,"longitude":107.80447561794904}},{"type":"Feature","geometry":{"type":"Polygon","coordinates":[[[107.796,-7.334],[107.7735,-7.3255],[107.7515,-7.3265],[107.7445,-7.3275],[107.7425,-7.3275],[107.736,-7.3255],[107.734,-7.327],[107.728,-7.3295],[107.7245,-7.331],[107.73,-7.334],[107.759,-7.3285],[107.783,-7.337],[107.7855,-7.3375],[107.792,-7.3385],[107.7945,-7.3375],[107.7955,-7.3375],[107.797,-7.336],[107.7945,-7.3355],[107.795,-7.335],[107.796,-7.3355],[107.796,-7.334]]]},"properties":{"code":"32.05.20.2017","name":"Cintaasih","latitude":-7.330847185069332,"longitude":107.76456125316072}},{"type":"Feature","geometry":{"type":"Polygon","coordinates":[[[107.8255,-7.2515],[107.8175,-7.252],[107.8165,-7.2525],[107.816,-7.253],[107.8135,-7.2535],[107.814,-7.2525],[107.8125,-7.253],[107.811,-7.2535],[107.811,-7.255],[107.811,-7.2605],[107.8055,-7.262],[107.8055,-7.265],[107.8055,-7.2645],[107.809,-7.264],[107.811,-7.265],[107.8125,-7.2665],[107.8145,-7.267],[107.8215,-7.261],[107.8245,-7.2565],[107.826,-7.2555],[107.8265,-7.255],[107.826,-7.253],[107.8255,-7.2515]]]},"properties":{"code":"32.05.21.2001","name":"Sukaresmi","latitude":-7.258551850535373,"longitude":107.81621638191936}},{"type":"Feature","geometry":{"type":"Polygon","coordinates":[[[107.798,-7.2345],[107.7865,-7.236],[107.7865,-7.2365],[107.7955,-7.2505],[107.8085,-7.253],[107.808,-7.2525],[107.808,-7.2495],[107.8025,-7.2355],[107.8,-7.2355],[107.798,-7.2345]]]},"properties":{"code":"32.05.21.2002","name":"Cintadamai","latitude":-7.242450843383066,"longitude":107.79967385606028}},{"type":"Feature","geometry":{"type":"Polygon","coordinates":[[[107.7775,-7.2365],[107.7655,-7.2335],[107.749,-7.2235],[107.7345,-7.2335],[107.719,-7.235],[107.711,-7.2415],[107.7095,-7.247],[107.717,-7.25],[107.72,-7.251],[107.72,-7.253],[107.7205,-7.2535],[107.744,-7.251],[107.7545,-7.247],[107.7605,-7.2495],[107.7625,-7.25],[107.764,-7.249],[107.765,-7.2485],[107.768,-7.2475],[107.773,-7.247],[107.7755,-7.2465],[107.7775,-7.244],[107.78,-7.2435],[107.7815,-7.2385],[107.781,-7.2385],[107.7775,-7.2365]]]},"properties":{"code":"32.05.21.2003","name":"Mekarjaya","latitude":-7.240532366152609,"longitude":107.74477044362958}},{"type":"Feature","geometry":{"type":"Polygon","coordinates":[[[107.7955,-7.2505],[107.7865,-7.2365],[107.7855,-7.2375],[107.782,-7.2385],[107.7815,-7.2385],[107.78,-7.2435],[107.7775,-7.244],[107.7755,-7.2465],[107.773,-7.247],[107.768,-7.2475],[107.765,-7.2485],[107.764,-7.249],[107.7625,-7.25],[107.7605,-7.2495],[107.7545,-7.247],[107.744,-7.251],[107.7205,-7.2535],[107.7205,-7.2545],[107.721,-7.2545],[107.7215,-7.254],[107.7455,-7.251],[107.7535,-7.249],[107.7605,-7.252],[107.7875,-7.2475],[107.795,-7.253],[107.7955,-7.252],[107.7955,-7.2505]]]},"properties":{"code":"32.05.21.2004","name":"Sukajaya","latitude":-7.246893361720398,"longitude":107.77521712560211}},{"type":"Feature","geometry":{"type":"Polygon","coordinates":[[[107.8085,-7.253],[107.7955,-7.2505],[107.7955,-7.252],[107.795,-7.253],[107.797,-7.2585],[107.796,-7.2585],[107.798,-7.26],[107.7975,-7.2615],[107.7975,-7.262],[107.7975,-7.263],[107.7985,-7.2635],[107.7995,-7.2675],[107.801,-7.2675],[107.804,-7.266],[107.8045,-7.266],[107.8055,-7.2655],[107.8055,-7.265],[107.8055,-7.262],[107.811,-7.2605],[107.811,-7.255],[107.811,-7.2535],[107.8125,-7.253],[107.8085,-7.253]]]},"properties":{"code":"32.05.21.2005","name":"Sukamulya","latitude":-7.257545895981425,"longitude":107.80234022064681}},{"type":"Feature","geometry":{"type":"Polygon","coordinates":[[[107.829,-7.24],[107.8095,-7.2355],[107.803,-7.235],[107.7995,-7.235],[107.8025,-7.2355],[107.808,-7.2495],[107.808,-7.2525],[107.8085,-7.253],[107.8125,-7.253],[107.814,-7.2525],[107.8135,-7.2535],[107.816,-7.253],[107.8165,-7.2525],[107.8175,-7.252],[107.8255,-7.2515],[107.826,-7.25],[107.831,-7.246],[107.8315,-7.2445],[107.8365,-7.243],[107.8355,-7.2415],[107.833,-7.2395],[107.829,-7.24]]]},"properties":{"code":"32.05.21.2006","name":"Padamukti","latitude":-7.2443618695601,"longitude":107.81856598245695}},{"type":"Feature","geometry":{"type":"Polygon","coordinates":[[[107.795,-7.253],[107.7875,-7.2475],[107.7605,-7.252],[107.7535,-7.249],[107.7455,-7.251],[107.7215,-7.254],[107.721,-7.2545],[107.7205,-7.2545],[107.721,-7.255],[107.725,-7.2565],[107.7265,-7.257],[107.7525,-7.2535],[107.787,-7.254],[107.795,-7.2585],[107.797,-7.2585],[107.795,-7.253]]]},"properties":{"code":"32.05.21.2007","name":"Sukalilah","latitude":-7.252493836835975,"longitude":107.76426404172777}},{"type":"Feature","geometry":{"type":"Polygon","coordinates":[[[107.8175,-7.3585],[107.8165,-7.358],[107.8095,-7.356],[107.808,-7.3555],[107.8075,-7.3555],[107.8075,-7.357],[107.8005,-7.3595],[107.7995,-7.3615],[107.8005,-7.3655],[107.803,-7.3665],[107.807,-7.3665],[107.809,-7.361],[107.8115,-7.361],[107.813,-7.3595],[107.815,-7.359],[107.8175,-7.3585]]]},"properties":{"code":"32.05.22.2001","name":"Cikajang","latitude":-7.361111933019416,"longitude":107.80659545037628}},{"type":"Feature","geometry":{"type":"Polygon","coordinates":[[[107.7955,-7.354],[107.7965,-7.353],[107.7945,-7.352],[107.794,-7.355],[107.7935,-7.3555],[107.7925,-7.3575],[107.779,-7.3585],[107.7775,-7.359],[107.777,-7.36],[107.7775,-7.362],[107.777,-7.363],[107.777,-7.3635],[107.7755,-7.3645],[107.767,-7.3665],[107.7665,-7.3685],[107.7655,-7.369],[107.7685,-7.377],[107.7685,-7.3785],[107.7705,-7.3795],[107.7875,-7.4055],[107.793,-7.408],[107.796,-7.4095],[107.8095,-7.406],[107.8085,-7.4055],[107.803,-7.3975],[107.804,-7.396],[107.8025,-7.393],[107.803,-7.392],[107.804,-7.3905],[107.803,-7.3895],[107.8025,-7.386],[107.7955,-7.3795],[107.7955,-7.378],[107.7945,-7.377],[107.7935,-7.3765],[107.7935,-7.3745],[107.7965,-7.3675],[107.7975,-7.364],[107.7955,-7.354]]]},"properties":{"code":"32.05.22.2002","name":"Simpang","latitude":-7.382040237077508,"longitude":107.78753683707744}},{"type":"Feature","geometry":{"type":"Polygon","coordinates":[[[107.8055,-7.3475],[107.799,-7.3325],[107.798,-7.3335],[107.796,-7.334],[107.796,-7.3355],[107.795,-7.335],[107.7945,-7.3355],[107.797,-7.336],[107.7955,-7.3375],[107.796,-7.338],[107.7955,-7.339],[107.7945,-7.3505],[107.7945,-7.352],[107.7965,-7.353],[107.7955,-7.354],[107.797,-7.3535],[107.803,-7.354],[107.804,-7.354],[107.8045,-7.353],[107.804,-7.352],[107.805,-7.348],[107.8055,-7.3475]]]},"properties":{"code":"32.05.22.2003","name":"Mekarsari","latitude":-7.344442179476161,"longitude":107.79986405681579}},{"type":"Feature","geometry":{"type":"Polygon","coordinates":[[[107.8335,-7.372],[107.8165,-7.3705],[107.8165,-7.37],[107.812,-7.372],[107.811,-7.3725],[107.8025,-7.386],[107.803,-7.3895],[107.804,-7.3905],[107.803,-7.392],[107.8025,-7.393],[107.804,-7.396],[107.803,-7.3975],[107.8085,-7.4055],[107.8095,-7.406],[107.8095,-7.4055],[107.812,-7.4045],[107.813,-7.4045],[107.8185,-7.401],[107.8205,-7.399],[107.8225,-7.3965],[107.8235,-7.3955],[107.8235,-7.394],[107.823,-7.389],[107.8225,-7.3855],[107.8325,-7.378],[107.835,-7.3775],[107.836,-7.376],[107.835,-7.3725],[107.8335,-7.372]]]},"properties":{"code":"32.05.22.2004","name":"Girijaya","latitude":-7.386729436198402,"longitude":107.81603828611966}},{"type":"Feature","geometry":{"type":"Polygon","coordinates":[[[107.8525,-7.3595],[107.8525,-7.357],[107.8535,-7.349],[107.854,-7.3465],[107.8575,-7.3385],[107.8585,-7.336],[107.854,-7.339],[107.8525,-7.3435],[107.8365,-7.359],[107.833,-7.361],[107.8175,-7.362],[107.817,-7.3615],[107.8165,-7.3695],[107.8165,-7.3705],[107.8335,-7.372],[107.8525,-7.3595]]]},"properties":{"code":"32.05.22.2005","name":"Giriawas","latitude":-7.360610672322151,"longitude":107.83761533417511}},{"type":"Feature","geometry":{"type":"Polygon","coordinates":[[[107.817,-7.3615],[107.8165,-7.3605],[107.8175,-7.3595],[107.8175,-7.3585],[107.815,-7.359],[107.813,-7.3595],[107.8115,-7.361],[107.809,-7.361],[107.807,-7.3665],[107.803,-7.3665],[107.8005,-7.3655],[107.8005,-7.366],[107.797,-7.3675],[107.7965,-7.3675],[107.7935,-7.3745],[107.7935,-7.3765],[107.7945,-7.377],[107.7955,-7.378],[107.7955,-7.3795],[107.8025,-7.386],[107.811,-7.3725],[107.812,-7.372],[107.8165,-7.37],[107.8165,-7.3695],[107.817,-7.3615]]]},"properties":{"code":"32.05.22.2006","name":"Cibodas","latitude":-7.372245354671555,"longitude":107.80558944624072}},{"type":"Feature","geometry":{"type":"Polygon","coordinates":[[[107.849,-7.3765],[107.853,-7.36],[107.8525,-7.3595],[107.8335,-7.372],[107.835,-7.3725],[107.836,-7.376],[107.835,-7.3775],[107.8325,-7.378],[107.8225,-7.3855],[107.823,-7.389],[107.8235,-7.394],[107.8235,-7.3955],[107.8225,-7.3965],[107.8205,-7.399],[107.8185,-7.401],[107.813,-7.4045],[107.8145,-7.4045],[107.8215,-7.4065],[107.8375,-7.39],[107.8475,-7.386],[107.849,-7.3765]]]},"properties":{"code":"32.05.22.2007","name":"Mekarjaya","latitude":-7.3831409793616904,"longitude":107.835932081074}},{"type":"Feature","geometry":{"type":"Polygon","coordinates":[[[107.73,-7.334],[107.7245,-7.331],[107.731,-7.358],[107.73,-7.383],[107.726,-7.3885],[107.7265,-7.39],[107.7385,-7.396],[107.7405,-7.3965],[107.7405,-7.3975],[107.741,-7.398],[107.7435,-7.401],[107.7445,-7.4025],[107.745,-7.4025],[107.7455,-7.401],[107.779,-7.4025],[107.7875,-7.4055],[107.7705,-7.3795],[107.7685,-7.3785],[107.7685,-7.377],[107.7655,-7.369],[107.759,-7.37],[107.755,-7.3695],[107.753,-7.3715],[107.742,-7.354],[107.74,-7.347],[107.735,-7.34],[107.7355,-7.339],[107.73,-7.334]]]},"properties":{"code":"32.05.22.2008","name":"Cikandang","latitude":-7.378765506497125,"longitude":107.7497375337029}},{"type":"Feature","geometry":{"type":"Polygon","coordinates":[[[107.8045,-7.353],[107.804,-7.354],[107.803,-7.354],[107.797,-7.3535],[107.796,-7.354],[107.7955,-7.354],[107.7975,-7.364],[107.797,-7.3675],[107.8005,-7.366],[107.8005,-7.3655],[107.7995,-7.3615],[107.8005,-7.3595],[107.8075,-7.357],[107.8075,-7.3555],[107.8075,-7.355],[107.8075,-7.3545],[107.807,-7.354],[107.805,-7.353],[107.8045,-7.353]]]},"properties":{"code":"32.05.22.2009","name":"Padasuka","latitude":-7.359598302485418,"longitude":107.80014889113693}},{"type":"Feature","geometry":{"type":"Polygon","coordinates":[[[107.767,-7.3665],[107.766,-7.368],[107.7665,-7.3655],[107.749,-7.348],[107.747,-7.3455],[107.7355,-7.339],[107.735,-7.34],[107.74,-7.347],[107.742,-7.354],[107.753,-7.3715],[107.755,-7.3695],[107.759,-7.37],[107.7665,-7.3685],[107.767,-7.3665]]]},"properties":{"code":"32.05.22.2010","name":"Margamulya","latitude":-7.358452091578533,"longitude":107.75130597722723}},{"type":"Feature","geometry":{"type":"Polygon","coordinates":[[[107.8485,-7.4395],[107.828,-7.423],[107.824,-7.421],[107.8155,-7.4325],[107.8145,-7.433],[107.8205,-7.4435],[107.834,-7.4465],[107.8475,-7.457],[107.853,-7.454],[107.858,-7.4555],[107.859,-7.456],[107.859,-7.4555],[107.861,-7.453],[107.8595,-7.4515],[107.858,-7.446],[107.856,-7.4445],[107.8555,-7.444],[107.85,-7.442],[107.8485,-7.4395]]]},"properties":{"code":"32.05.22.2011","name":"Cipangramatan","latitude":-7.439707566197716,"longitude":107.8361929706458}},{"type":"Feature","geometry":{"type":"Polygon","coordinates":[[[107.8095,-7.406],[107.796,-7.4095],[107.7985,-7.414],[107.7935,-7.441],[107.7915,-7.4495],[107.8085,-7.4595],[107.807,-7.4625],[107.805,-7.466],[107.805,-7.4675],[107.8065,-7.471],[107.83,-7.478],[107.834,-7.4715],[107.8545,-7.471],[107.8575,-7.462],[107.8575,-7.46],[107.8585,-7.4565],[107.859,-7.456],[107.858,-7.4555],[107.853,-7.454],[107.8475,-7.457],[107.834,-7.4465],[107.8205,-7.4435],[107.8145,-7.433],[107.8155,-7.4325],[107.824,-7.421],[107.8235,-7.42],[107.8185,-7.4105],[107.8165,-7.409],[107.81,-7.4065],[107.8095,-7.406]]]},"properties":{"code":"32.05.22.2012","name":"Karamatwangi","latitude":-7.446720399626138,"longitude":107.81915002525375}},{"type":"Feature","geometry":{"type":"Polygon","coordinates":[[[107.9075,-7.427],[107.896,-7.424],[107.895,-7.4235],[107.892,-7.421],[107.8895,-7.421],[107.8865,-7.4305],[107.8875,-7.4335],[107.894,-7.4325],[107.902,-7.4535],[107.906,-7.4495],[107.9195,-7.4485],[107.933,-7.44],[107.934,-7.4345],[107.9345,-7.4335],[107.932,-7.4325],[107.9245,-7.4325],[107.9225,-7.433],[107.92,-7.433],[107.9175,-7.432],[107.9075,-7.427]]]},"properties":{"code":"32.05.23.2001","name":"Banjarwangi","latitude":-7.436686680845425,"longitude":107.90835435275704}},{"type":"Feature","geometry":{"type":"Polygon","coordinates":[[[107.8705,-7.408],[107.859,-7.3985],[107.858,-7.399],[107.857,-7.399],[107.854,-7.4],[107.8545,-7.402],[107.8575,-7.416],[107.8585,-7.4185],[107.8625,-7.4265],[107.861,-7.428],[107.8625,-7.4315],[107.8635,-7.4335],[107.864,-7.434],[107.869,-7.424],[107.8695,-7.4255],[107.8705,-7.4235],[107.884,-7.431],[107.885,-7.4325],[107.886,-7.432],[107.8865,-7.431],[107.8865,-7.4305],[107.8895,-7.421],[107.8865,-7.4205],[107.87,-7.4085],[107.8705,-7.408]]]},"properties":{"code":"32.05.23.2002","name":"Talagajaya","latitude":-7.417124081087459,"longitude":107.86964745323073}},{"type":"Feature","geometry":{"type":"Polygon","coordinates":[[[107.933,-7.388],[107.9305,-7.386],[107.926,-7.382],[107.922,-7.3905],[107.912,-7.3945],[107.9045,-7.412],[107.9035,-7.4165],[107.9075,-7.427],[107.919,-7.4155],[107.9205,-7.4145],[107.9415,-7.4095],[107.9415,-7.4085],[107.9435,-7.3995],[107.9435,-7.398],[107.933,-7.388]]]},"properties":{"code":"32.05.23.2003","name":"Padahurip","latitude":-7.4043831570191445,"longitude":107.92244405795532}},{"type":"Feature","geometry":{"type":"Polygon","coordinates":[[[107.9045,-7.3605],[107.901,-7.358],[107.897,-7.3555],[107.896,-7.355],[107.8945,-7.358],[107.8945,-7.3605],[107.9025,-7.387],[107.8935,-7.4055],[107.8895,-7.421],[107.892,-7.421],[107.895,-7.4235],[107.896,-7.424],[107.9075,-7.427],[107.9035,-7.4165],[107.9045,-7.412],[107.912,-7.3945],[107.922,-7.3905],[107.926,-7.382],[107.9235,-7.3795],[107.9045,-7.3635],[107.9045,-7.3605]]]},"properties":{"code":"32.05.23.2004","name":"Kadongdong","latitude":-7.3897969634587914,"longitude":107.90607256662335}},{"type":"Feature","geometry":{"type":"Polygon","coordinates":[[[107.9415,-7.4095],[107.9205,-7.4145],[107.919,-7.4155],[107.9075,-7.427],[107.9175,-7.432],[107.92,-7.433],[107.9225,-7.433],[107.9245,-7.4325],[107.932,-7.4325],[107.9345,-7.4335],[107.9355,-7.4325],[107.944,-7.4215],[107.951,-7.4215],[107.949,-7.42],[107.942,-7.41],[107.9415,-7.4095]]]},"properties":{"code":"32.05.23.2005","name":"Talagasari","latitude":-7.421508390286915,"longitude":107.92969791216602}},{"type":"Feature","geometry":{"type":"Polygon","coordinates":[[[107.893,-7.4555],[107.8915,-7.4545],[107.89,-7.4535],[107.889,-7.4465],[107.876,-7.4435],[107.875,-7.4405],[107.869,-7.438],[107.866,-7.438],[107.865,-7.437],[107.8645,-7.436],[107.864,-7.4355],[107.862,-7.4365],[107.8485,-7.4395],[107.85,-7.442],[107.8555,-7.444],[107.856,-7.4445],[107.858,-7.446],[107.8595,-7.4515],[107.863,-7.4525],[107.8775,-7.454],[107.8825,-7.458],[107.8885,-7.4605],[107.891,-7.4545],[107.892,-7.456],[107.8925,-7.456],[107.893,-7.4555]]]},"properties":{"code":"32.05.23.2006","name":"Jayabakti","latitude":-7.4474853724115,"longitude":107.87128972356022}},{"type":"Feature","geometry":{"type":"Polygon","coordinates":[[[107.8705,-7.408],[107.8735,-7.4065],[107.8815,-7.3985],[107.8755,-7.3915],[107.8825,-7.373],[107.8765,-7.3455],[107.86,-7.3225],[107.859,-7.3335],[107.8585,-7.3365],[107.8575,-7.3385],[107.854,-7.3465],[107.8535,-7.349],[107.8525,-7.357],[107.853,-7.36],[107.849,-7.3765],[107.857,-7.398],[107.858,-7.399],[107.859,-7.3985],[107.8705,-7.408]]]},"properties":{"code":"32.05.23.2007","name":"Mulyajaya","latitude":-7.369772747292497,"longitude":107.86620185466371}},{"type":"Feature","geometry":{"type":"Polygon","coordinates":[[[107.8875,-7.4615],[107.8885,-7.4605],[107.8825,-7.458],[107.8775,-7.454],[107.863,-7.4525],[107.861,-7.453],[107.859,-7.4555],[107.859,-7.456],[107.8585,-7.4565],[107.8575,-7.46],[107.8575,-7.462],[107.8545,-7.471],[107.8745,-7.471],[107.8765,-7.471],[107.881,-7.4685],[107.884,-7.466],[107.885,-7.4635],[107.8875,-7.4615]]]},"properties":{"code":"32.05.23.2008","name":"Dangiang","latitude":-7.463040060265482,"longitude":107.86983235850067}},{"type":"Feature","geometry":{"type":"Polygon","coordinates":[[[107.857,-7.399],[107.857,-7.398],[107.849,-7.3765],[107.8475,-7.386],[107.8375,-7.39],[107.8215,-7.4065],[107.8145,-7.4045],[107.812,-7.4045],[107.8095,-7.4055],[107.81,-7.4065],[107.8165,-7.409],[107.8185,-7.4105],[107.8235,-7.42],[107.828,-7.423],[107.8485,-7.4395],[107.862,-7.4365],[107.8645,-7.4355],[107.864,-7.434],[107.8635,-7.4335],[107.8625,-7.4315],[107.861,-7.428],[107.8625,-7.4265],[107.8585,-7.4185],[107.8575,-7.416],[107.8545,-7.402],[107.854,-7.4],[107.857,-7.399]]]},"properties":{"code":"32.05.23.2009","name":"Tanjungjaya","latitude":-7.4121490093625715,"longitude":107.84310989500027}},{"type":"Feature","geometry":{"type":"Polygon","coordinates":[[[107.8865,-7.431],[107.886,-7.432],[107.885,-7.4325],[107.884,-7.431],[107.8705,-7.4235],[107.8695,-7.4255],[107.869,-7.424],[107.864,-7.434],[107.8645,-7.4355],[107.864,-7.4355],[107.8645,-7.436],[107.865,-7.437],[107.866,-7.438],[107.869,-7.438],[107.875,-7.4405],[107.876,-7.4435],[107.889,-7.4465],[107.89,-7.4535],[107.8915,-7.4545],[107.893,-7.4555],[107.8935,-7.4545],[107.8965,-7.4555],[107.9005,-7.455],[107.9015,-7.454],[107.902,-7.4535],[107.894,-7.4325],[107.8875,-7.4335],[107.8865,-7.431]]]},"properties":{"code":"32.05.23.2010","name":"Bojong","latitude":-7.439053767752662,"longitude":107.88292742932273}},{"type":"Feature","geometry":{"type":"Polygon","coordinates":[[[107.896,-7.355],[107.892,-7.3545],[107.8795,-7.3345],[107.863,-7.3235],[107.86,-7.3225],[107.8765,-7.3455],[107.8825,-7.373],[107.8755,-7.3915],[107.8815,-7.3985],[107.8735,-7.4065],[107.87,-7.4085],[107.8865,-7.4205],[107.8895,-7.421],[107.8935,-7.4055],[107.9025,-7.387],[107.8945,-7.3605],[107.8945,-7.358],[107.896,-7.355]]]},"properties":{"code":"32.05.23.2011","name":"Wangunjaya","latitude":-7.37855262359303,"longitude":107.88566458906507}},{"type":"Feature","geometry":{"type":"Polygon","coordinates":[[[107.908,-7.4795],[107.8945,-7.4765],[107.8925,-7.477],[107.883,-7.482],[107.8815,-7.4835],[107.8815,-7.483],[107.885,-7.492],[107.886,-7.4925],[107.888,-7.4915],[107.8965,-7.498],[107.913,-7.4915],[107.9145,-7.49],[107.9085,-7.4805],[107.908,-7.4795]]]},"properties":{"code":"32.05.24.2001","name":"Singajaya","latitude":-7.486963219014194,"longitude":107.89841880805517}},{"type":"Feature","geometry":{"type":"Polygon","coordinates":[[[107.9075,-7.4675],[107.908,-7.4665],[107.9085,-7.465],[107.909,-7.463],[107.907,-7.4605],[107.907,-7.459],[107.908,-7.4565],[107.9045,-7.452],[107.9045,-7.4515],[107.9015,-7.454],[107.9005,-7.455],[107.8965,-7.4555],[107.8935,-7.4545],[107.893,-7.4555],[107.8925,-7.456],[107.892,-7.456],[107.891,-7.4545],[107.8895,-7.46],[107.8875,-7.4615],[107.885,-7.4635],[107.884,-7.466],[107.8835,-7.4665],[107.9075,-7.4675]]]},"properties":{"code":"32.05.24.2002","name":"Ciudian","latitude":-7.461009982984034,"longitude":107.8980848893426}},{"type":"Feature","geometry":{"type":"Polygon","coordinates":[[[107.947,-7.4925],[107.9465,-7.4915],[107.9455,-7.4905],[107.944,-7.4895],[107.943,-7.488],[107.9385,-7.487],[107.9345,-7.488],[107.9275,-7.493],[107.927,-7.495],[107.923,-7.4965],[107.929,-7.5025],[107.927,-7.5205],[107.9275,-7.5205],[107.929,-7.522],[107.929,-7.5225],[107.9325,-7.524],[107.943,-7.525],[107.9425,-7.5145],[107.9445,-7.502],[107.945,-7.495],[107.947,-7.4925]]]},"properties":{"code":"32.05.24.2003","name":"Mekartani","latitude":-7.505205215993908,"longitude":107.93589790324957}},{"type":"Feature","geometry":{"type":"Polygon","coordinates":[[[107.951,-7.4215],[107.944,-7.4215],[107.9355,-7.4325],[107.934,-7.4345],[107.933,-7.44],[107.9195,-7.4485],[107.906,-7.4495],[107.9045,-7.4515],[107.9045,-7.452],[107.908,-7.4565],[107.907,-7.459],[107.907,-7.4605],[107.909,-7.463],[107.9085,-7.465],[107.908,-7.4665],[107.909,-7.469],[107.91,-7.4695],[107.9125,-7.4705],[107.9205,-7.469],[107.9205,-7.468],[107.922,-7.4635],[107.9225,-7.463],[107.9245,-7.4565],[107.94,-7.4475],[107.9455,-7.4385],[107.9485,-7.4285],[107.9515,-7.422],[107.951,-7.4215]]]},"properties":{"code":"32.05.24.2004","name":"Sukamulya","latitude":-7.447478710701487,"longitude":107.92719419991877}},{"type":"Feature","geometry":{"type":"Polygon","coordinates":[[[107.9525,-7.4595],[107.9355,-7.4645],[107.934,-7.465],[107.932,-7.465],[107.9305,-7.467],[107.9285,-7.4685],[107.9275,-7.4735],[107.9275,-7.4745],[107.9255,-7.478],[107.925,-7.481],[107.9275,-7.493],[107.9345,-7.488],[107.9385,-7.487],[107.943,-7.488],[107.944,-7.4895],[107.9455,-7.4905],[107.9465,-7.4915],[107.947,-7.4925],[107.948,-7.4915],[107.9515,-7.4805],[107.947,-7.4745],[107.9535,-7.4605],[107.9525,-7.4595]]]},"properties":{"code":"32.05.24.2005","name":"Sukawangi","latitude":-7.476601808379351,"longitude":107.93873314874368}},{"type":"Feature","geometry":{"type":"Polygon","coordinates":[[[107.9525,-7.4595],[107.9515,-7.458],[107.9465,-7.446],[107.947,-7.4455],[107.9455,-7.444],[107.9455,-7.4385],[107.94,-7.4475],[107.9245,-7.4565],[107.9225,-7.463],[107.922,-7.4635],[107.9205,-7.468],[107.9215,-7.471],[107.923,-7.473],[107.923,-7.4745],[107.9255,-7.474],[107.9265,-7.474],[107.9275,-7.4735],[107.9285,-7.4685],[107.9305,-7.467],[107.932,-7.465],[107.934,-7.465],[107.9355,-7.4645],[107.9525,-7.4595]]]},"properties":{"code":"32.05.24.2006","name":"Pancasura","latitude":-7.457684519954635,"longitude":107.93594439399845}},{"type":"Feature","geometry":{"type":"Polygon","coordinates":[[[107.923,-7.4965],[107.916,-7.491],[107.913,-7.4915],[107.8965,-7.498],[107.896,-7.506],[107.909,-7.5095],[107.923,-7.52],[107.927,-7.5205],[107.929,-7.5025],[107.923,-7.4965]]]},"properties":{"code":"32.05.24.2007","name":"Karangagung","latitude":-7.505084924334037,"longitude":107.91519384079575}},{"type":"Feature","geometry":{"type":"Polygon","coordinates":[[[107.9205,-7.469],[107.9125,-7.4705],[107.911,-7.471],[107.9115,-7.472],[107.9085,-7.476],[107.909,-7.477],[107.9085,-7.4805],[107.9145,-7.49],[107.916,-7.491],[107.923,-7.4965],[107.927,-7.495],[107.9275,-7.493],[107.925,-7.481],[107.9255,-7.478],[107.9275,-7.4745],[107.9275,-7.4735],[107.9265,-7.474],[107.9255,-7.474],[107.923,-7.4745],[107.923,-7.473],[107.9215,-7.471],[107.9205,-7.469]]]},"properties":{"code":"32.05.24.2008","name":"Cigintung","latitude":-7.481654669286445,"longitude":107.91865605133795}},{"type":"Feature","geometry":{"type":"Polygon","coordinates":[[[107.9075,-7.4675],[107.8835,-7.4665],[107.881,-7.4685],[107.8765,-7.471],[107.875,-7.471],[107.879,-7.474],[107.881,-7.477],[107.8815,-7.4785],[107.8815,-7.483],[107.8815,-7.4835],[107.883,-7.482],[107.8925,-7.477],[107.8945,-7.4765],[107.908,-7.4795],[107.909,-7.477],[107.9085,-7.476],[107.9115,-7.472],[107.911,-7.471],[107.91,-7.4695],[107.909,-7.469],[107.9075,-7.4675]]]},"properties":{"code":"32.05.24.2009","name":"Girimukti","latitude":-7.473067943074727,"longitude":107.89394587254968}},{"type":"Feature","geometry":{"type":"Polygon","coordinates":[[[107.8815,-7.483],[107.8815,-7.4785],[107.881,-7.477],[107.879,-7.474],[107.875,-7.471],[107.873,-7.479],[107.8585,-7.479],[107.855,-7.493],[107.846,-7.503],[107.845,-7.505],[107.8475,-7.518],[107.8495,-7.519],[107.868,-7.5055],[107.8705,-7.499],[107.8695,-7.497],[107.8695,-7.493],[107.872,-7.491],[107.8815,-7.483]]]},"properties":{"code":"32.05.25.2001","name":"Cihurip","latitude":-7.495888215430073,"longitude":107.861623151185}},{"type":"Feature","geometry":{"type":"Polygon","coordinates":[[[107.8805,-7.543],[107.878,-7.5365],[107.8765,-7.534],[107.8775,-7.522],[107.8775,-7.5205],[107.876,-7.522],[107.8745,-7.5225],[107.8635,-7.525],[107.859,-7.525],[107.855,-7.5325],[107.8555,-7.5355],[107.856,-7.538],[107.8555,-7.539],[107.8515,-7.543],[107.8605,-7.547],[107.8725,-7.5485],[107.8765,-7.5465],[107.8805,-7.543]]]},"properties":{"code":"32.05.25.2002","name":"Cisangkal","latitude":-7.536236530419562,"longitude":107.86700739555715}},{"type":"Feature","geometry":{"type":"Polygon","coordinates":[[[107.8545,-7.471],[107.834,-7.4715],[107.83,-7.478],[107.8065,-7.471],[107.804,-7.4715],[107.804,-7.474],[107.8045,-7.4755],[107.806,-7.4775],[107.807,-7.4785],[107.8075,-7.4805],[107.8075,-7.4815],[107.808,-7.495],[107.8195,-7.5145],[107.8215,-7.515],[107.8235,-7.517],[107.836,-7.5255],[107.84,-7.534],[107.8425,-7.537],[107.844,-7.538],[107.8515,-7.543],[107.8555,-7.539],[107.856,-7.538],[107.8555,-7.5355],[107.853,-7.533],[107.852,-7.532],[107.8505,-7.531],[107.849,-7.527],[107.8465,-7.526],[107.848,-7.519],[107.8475,-7.518],[107.845,-7.505],[107.846,-7.503],[107.855,-7.493],[107.8585,-7.479],[107.873,-7.479],[107.875,-7.471],[107.8745,-7.471],[107.8545,-7.471]]]},"properties":{"code":"32.05.25.2003","name":"Mekarwangi","latitude":-7.496362382963429,"longitude":107.8349275181331}},{"type":"Feature","geometry":{"type":"Polygon","coordinates":[[[107.8965,-7.498],[107.888,-7.4915],[107.886,-7.4925],[107.885,-7.492],[107.8815,-7.483],[107.872,-7.491],[107.8695,-7.493],[107.8695,-7.497],[107.8705,-7.499],[107.868,-7.5055],[107.8495,-7.519],[107.848,-7.519],[107.8465,-7.526],[107.849,-7.527],[107.8505,-7.531],[107.852,-7.532],[107.853,-7.533],[107.855,-7.5325],[107.859,-7.525],[107.8635,-7.525],[107.8745,-7.5225],[107.876,-7.522],[107.8775,-7.5205],[107.8775,-7.52],[107.876,-7.5195],[107.8805,-7.5135],[107.8925,-7.504],[107.896,-7.506],[107.8965,-7.498]]]},"properties":{"code":"32.05.25.2004","name":"Jayamukti","latitude":-7.508309704986132,"longitude":107.87198381255082}},{"type":"Feature","geometry":{"type":"Polygon","coordinates":[[[107.896,-7.506],[107.897,-7.508],[107.898,-7.512],[107.8985,-7.5165],[107.903,-7.53],[107.903,-7.533],[107.902,-7.535],[107.9025,-7.536],[107.904,-7.537],[107.9065,-7.5395],[107.9185,-7.5435],[107.922,-7.5395],[107.9295,-7.5245],[107.929,-7.522],[107.9275,-7.5205],[107.923,-7.52],[107.909,-7.5095],[107.896,-7.506]]]},"properties":{"code":"32.05.26.2001","name":"Peundeuy","latitude":-7.525120944100136,"longitude":107.9122097683795}},{"type":"Feature","geometry":{"type":"Polygon","coordinates":[[[107.9185,-7.5435],[107.9065,-7.5395],[107.904,-7.537],[107.9025,-7.536],[107.902,-7.535],[107.901,-7.5365],[107.899,-7.539],[107.897,-7.5405],[107.904,-7.546],[107.906,-7.5615],[107.906,-7.569],[107.906,-7.5725],[107.9075,-7.5815],[107.9065,-7.588],[107.904,-7.587],[107.9045,-7.5885],[107.9045,-7.589],[107.9165,-7.6025],[107.919,-7.5945],[107.9225,-7.592],[107.926,-7.5895],[107.926,-7.5865],[107.928,-7.5755],[107.9195,-7.5665],[107.9205,-7.5495],[107.9195,-7.549],[107.919,-7.548],[107.9185,-7.5455],[107.9185,-7.5445],[107.9185,-7.5435]]]},"properties":{"code":"32.05.26.2002","name":"Toblong","latitude":-7.568084429759267,"longitude":107.91415182001606}},{"type":"Feature","geometry":{"type":"Polygon","coordinates":[[[107.943,-7.525],[107.9325,-7.524],[107.929,-7.5225],[107.9295,-7.5245],[107.922,-7.5395],[107.9185,-7.5445],[107.919,-7.5475],[107.9195,-7.5475],[107.922,-7.548],[107.9255,-7.5475],[107.929,-7.548],[107.946,-7.545],[107.947,-7.5405],[107.9465,-7.5365],[107.9425,-7.527],[107.943,-7.525]]]},"properties":{"code":"32.05.26.2003","name":"Saribakti","latitude":-7.536626557930372,"longitude":107.93361176112457}},{"type":"Feature","geometry":{"type":"Polygon","coordinates":[[[107.897,-7.5405],[107.8935,-7.5455],[107.891,-7.5465],[107.8905,-7.547],[107.888,-7.5475],[107.885,-7.5465],[107.8805,-7.543],[107.8765,-7.5465],[107.8775,-7.562],[107.887,-7.5765],[107.8915,-7.578],[107.893,-7.5775],[107.894,-7.5785],[107.895,-7.583],[107.9015,-7.586],[107.9065,-7.588],[107.9075,-7.5815],[107.906,-7.5725],[107.906,-7.569],[107.906,-7.5615],[107.904,-7.546],[107.897,-7.5405]]]},"properties":{"code":"32.05.26.2004","name":"Pangrumasan","latitude":-7.562406478184623,"longitude":107.89377632495464}},{"type":"Feature","geometry":{"type":"Polygon","coordinates":[[[107.946,-7.545],[107.929,-7.548],[107.9255,-7.5475],[107.922,-7.548],[107.9195,-7.5475],[107.919,-7.5475],[107.9195,-7.549],[107.9205,-7.5495],[107.9195,-7.5665],[107.928,-7.5755],[107.926,-7.5865],[107.926,-7.588],[107.9395,-7.582],[107.9405,-7.5775],[107.935,-7.5575],[107.946,-7.545]]]},"properties":{"code":"32.05.26.2005","name":"Sukanagara","latitude":-7.564446350067748,"longitude":107.93129855886484}},{"type":"Feature","geometry":{"type":"Polygon","coordinates":[[[107.896,-7.506],[107.8925,-7.504],[107.8805,-7.5135],[107.876,-7.5195],[107.8775,-7.52],[107.8775,-7.5205],[107.8775,-7.522],[107.8765,-7.534],[107.878,-7.5365],[107.8805,-7.543],[107.885,-7.5465],[107.888,-7.5475],[107.8905,-7.547],[107.891,-7.5465],[107.8935,-7.5455],[107.897,-7.5405],[107.899,-7.539],[107.901,-7.5365],[107.9025,-7.534],[107.903,-7.533],[107.903,-7.53],[107.8985,-7.5165],[107.898,-7.512],[107.897,-7.508],[107.896,-7.506]]]},"properties":{"code":"32.05.26.2006","name":"Purwajaya","latitude":-7.525270149785034,"longitude":107.8891377777822}},{"type":"Feature","geometry":{"type":"Polygon","coordinates":[[[107.7365,-7.624],[107.7255,-7.621],[107.7245,-7.6205],[107.724,-7.6235],[107.7185,-7.637],[107.72,-7.6495],[107.718,-7.649],[107.712,-7.6565],[107.7145,-7.6665],[107.7235,-7.667],[107.724,-7.6655],[107.7265,-7.6565],[107.7275,-7.6505],[107.728,-7.645],[107.728,-7.643],[107.7325,-7.6405],[107.7365,-7.624]]]},"properties":{"code":"32.05.27.2001","name":"Pameungpeuk","latitude":-7.642858519131144,"longitude":107.72480895685871}},{"type":"Feature","geometry":{"type":"Polygon","coordinates":[[[107.718,-7.649],[107.7175,-7.6485],[107.703,-7.6465],[107.7025,-7.647],[107.7005,-7.6565],[107.689,-7.664],[107.6945,-7.669],[107.7145,-7.6665],[107.712,-7.6565],[107.718,-7.649]]]},"properties":{"code":"32.05.27.2002","name":"Mancagahar","latitude":-7.657773530476466,"longitude":107.70554991636709}},{"type":"Feature","geometry":{"type":"Polygon","coordinates":[[[107.7475,-7.6215],[107.746,-7.618],[107.7415,-7.615],[107.7415,-7.616],[107.737,-7.62],[107.7365,-7.624],[107.7325,-7.6405],[107.728,-7.643],[107.7285,-7.644],[107.732,-7.6465],[107.7385,-7.643],[107.747,-7.626],[107.7475,-7.6215]]]},"properties":{"code":"32.05.27.2003","name":"Paas","latitude":-7.630555363128539,"longitude":107.7389466298406}},{"type":"Feature","geometry":{"type":"Polygon","coordinates":[[[107.732,-7.6465],[107.7285,-7.644],[107.728,-7.645],[107.7275,-7.6505],[107.7265,-7.6565],[107.724,-7.6655],[107.7235,-7.667],[107.7405,-7.6705],[107.748,-7.67],[107.751,-7.661],[107.7485,-7.654],[107.743,-7.6545],[107.7345,-7.654],[107.731,-7.6515],[107.732,-7.6465]]]},"properties":{"code":"32.05.27.2004","name":"Mandalakasih","latitude":-7.661111317426789,"longitude":107.73738377632988}},{"type":"Feature","geometry":{"type":"Polygon","coordinates":[[[107.7245,-7.6205],[107.722,-7.619],[107.7105,-7.6115],[107.708,-7.6395],[107.7055,-7.6405],[107.7015,-7.645],[107.703,-7.6465],[107.7175,-7.6485],[107.72,-7.6495],[107.7185,-7.637],[107.724,-7.6235],[107.7245,-7.6205]]]},"properties":{"code":"32.05.27.2005","name":"Jatimulya","latitude":-7.63081512462934,"longitude":107.71469896113803}},{"type":"Feature","geometry":{"type":"Polygon","coordinates":[[[107.7605,-7.589],[107.7505,-7.574],[107.7355,-7.572],[107.734,-7.574],[107.7325,-7.576],[107.7325,-7.577],[107.723,-7.5955],[107.722,-7.597],[107.736,-7.6015],[107.737,-7.604],[107.738,-7.6035],[107.7515,-7.6],[107.752,-7.598],[107.756,-7.5955],[107.7575,-7.595],[107.7585,-7.595],[107.759,-7.5945],[107.7605,-7.589]]]},"properties":{"code":"32.05.27.2006","name":"Bojong","latitude":-7.588412323010639,"longitude":107.74172015782649}},{"type":"Feature","geometry":{"type":"Polygon","coordinates":[[[107.7675,-7.6185],[107.766,-7.6165],[107.7605,-7.619],[107.757,-7.6215],[107.753,-7.62],[107.7495,-7.62],[107.7475,-7.6215],[107.747,-7.626],[107.7385,-7.643],[107.732,-7.6465],[107.731,-7.6515],[107.7345,-7.654],[107.743,-7.6545],[107.749,-7.6535],[107.751,-7.6515],[107.752,-7.6405],[107.76,-7.629],[107.7625,-7.622],[107.767,-7.619],[107.7675,-7.6185]]]},"properties":{"code":"32.05.27.2007","name":"Sirnabakti","latitude":-7.637681796712717,"longitude":107.74801544110512}},{"type":"Feature","geometry":{"type":"Polygon","coordinates":[[[107.7515,-7.6],[107.738,-7.6035],[107.737,-7.604],[107.736,-7.6015],[107.722,-7.597],[107.7195,-7.5985],[107.7105,-7.6115],[107.722,-7.619],[107.7255,-7.621],[107.7365,-7.624],[107.737,-7.62],[107.7415,-7.616],[107.7415,-7.615],[107.74,-7.612],[107.74,-7.6075],[107.7415,-7.6065],[107.751,-7.6025],[107.7515,-7.6]]]},"properties":{"code":"32.05.27.2008","name":"Bojong Kidul","latitude":-7.609445987885425,"longitude":107.72890423758943}},{"type":"Feature","geometry":{"type":"Polygon","coordinates":[[[107.827,-7.542],[107.8255,-7.54],[107.822,-7.5415],[107.8165,-7.542],[107.8075,-7.5435],[107.7965,-7.5515],[107.816,-7.557],[107.8255,-7.551],[107.828,-7.551],[107.8315,-7.5475],[107.832,-7.5465],[107.8305,-7.546],[107.8295,-7.5445],[107.829,-7.542],[107.827,-7.542]]]},"properties":{"code":"32.05.28.2001","name":"Cisompet","latitude":-7.548760753130169,"longitude":107.81463410477481}},{"type":"Feature","geometry":{"type":"Polygon","coordinates":[[[107.841,-7.568],[107.836,-7.5615],[107.816,-7.557],[107.8065,-7.57],[107.7995,-7.5985],[107.802,-7.6035],[107.8065,-7.603],[107.821,-7.604],[107.824,-7.6045],[107.8255,-7.6055],[107.8285,-7.59],[107.841,-7.568]]]},"properties":{"code":"32.05.28.2002","name":"Cihaurkuning","latitude":-7.581159731090219,"longitude":107.81980423655337}},{"type":"Feature","geometry":{"type":"Polygon","coordinates":[[[107.7825,-7.5155],[107.789,-7.506],[107.7835,-7.489],[107.778,-7.4855],[107.777,-7.481],[107.777,-7.482],[107.7615,-7.5035],[107.76,-7.507],[107.76,-7.509],[107.7585,-7.5115],[107.7565,-7.5155],[107.7505,-7.5205],[107.742,-7.524],[107.7425,-7.526],[107.7455,-7.531],[107.748,-7.5375],[107.7485,-7.5385],[107.78,-7.543],[107.7825,-7.5155]]]},"properties":{"code":"32.05.28.2003","name":"Margamulya","latitude":-7.51743105223323,"longitude":107.76891303573476}},{"type":"Feature","geometry":{"type":"Polygon","coordinates":[[[107.7965,-7.5515],[107.794,-7.552],[107.78,-7.543],[107.774,-7.562],[107.773,-7.568],[107.7855,-7.5645],[107.7885,-7.5655],[107.792,-7.568],[107.7945,-7.5685],[107.8065,-7.57],[107.816,-7.557],[107.7965,-7.5515]]]},"properties":{"code":"32.05.28.2004","name":"Sukamukti","latitude":-7.559479532482486,"longitude":107.7931036962687}},{"type":"Feature","geometry":{"type":"Polygon","coordinates":[[[107.8065,-7.57],[107.7945,-7.5685],[107.792,-7.568],[107.7885,-7.5655],[107.7855,-7.5645],[107.773,-7.568],[107.772,-7.57],[107.769,-7.5735],[107.7605,-7.589],[107.774,-7.592],[107.781,-7.601],[107.7955,-7.5955],[107.7975,-7.597],[107.7995,-7.5985],[107.8065,-7.57]]]},"properties":{"code":"32.05.28.2005","name":"Sukanagara","latitude":-7.581815225544573,"longitude":107.78513227151909}},{"type":"Feature","geometry":{"type":"Polygon","coordinates":[[[107.895,-7.583],[107.894,-7.5785],[107.893,-7.5775],[107.8915,-7.578],[107.887,-7.5765],[107.8775,-7.562],[107.8765,-7.5465],[107.8725,-7.5485],[107.868,-7.5535],[107.8675,-7.5555],[107.8535,-7.568],[107.841,-7.568],[107.8285,-7.59],[107.8255,-7.6055],[107.846,-7.615],[107.854,-7.615],[107.857,-7.6145],[107.866,-7.6125],[107.8725,-7.614],[107.8765,-7.6145],[107.8775,-7.614],[107.888,-7.607],[107.8955,-7.6105],[107.9005,-7.601],[107.9025,-7.5975],[107.895,-7.583]]]},"properties":{"code":"32.05.28.2006","name":"Cikondang","latitude":-7.589202113026006,"longitude":107.86409601131577}},{"type":"Feature","geometry":{"type":"Polygon","coordinates":[[[107.781,-7.601],[107.774,-7.592],[107.7605,-7.589],[107.759,-7.5945],[107.7585,-7.595],[107.7575,-7.595],[107.756,-7.5955],[107.752,-7.598],[107.751,-7.6025],[107.7415,-7.6065],[107.74,-7.6075],[107.74,-7.612],[107.746,-7.618],[107.7475,-7.6215],[107.7495,-7.62],[107.753,-7.62],[107.757,-7.6215],[107.7605,-7.619],[107.766,-7.6165],[107.7685,-7.618],[107.779,-7.606],[107.7805,-7.603],[107.781,-7.601]]]},"properties":{"code":"32.05.28.2007","name":"Depok","latitude":-7.605944625690169,"longitude":107.76127301216077}},{"type":"Feature","geometry":{"type":"Polygon","coordinates":[[[107.78,-7.543],[107.7485,-7.5385],[107.7485,-7.5405],[107.745,-7.5515],[107.7375,-7.5585],[107.7355,-7.571],[107.7355,-7.572],[107.7505,-7.574],[107.7605,-7.589],[107.769,-7.5735],[107.772,-7.57],[107.774,-7.562],[107.78,-7.543]]]},"properties":{"code":"32.05.28.2008","name":"Panyindangan","latitude":-7.560081544962515,"longitude":107.75811471330732}},{"type":"Feature","geometry":{"type":"Polygon","coordinates":[[[107.8515,-7.543],[107.844,-7.538],[107.8425,-7.537],[107.841,-7.536],[107.838,-7.545],[107.8355,-7.5455],[107.834,-7.545],[107.832,-7.546],[107.8315,-7.5475],[107.828,-7.551],[107.8255,-7.551],[107.816,-7.557],[107.836,-7.5615],[107.841,-7.568],[107.8535,-7.568],[107.8675,-7.5555],[107.868,-7.5535],[107.8725,-7.5485],[107.8605,-7.547],[107.8515,-7.543]]]},"properties":{"code":"32.05.28.2009","name":"Jatisari","latitude":-7.554224201810515,"longitude":107.84583825090174}},{"type":"Feature","geometry":{"type":"Polygon","coordinates":[[[107.7915,-7.4495],[107.778,-7.4595],[107.776,-7.4675],[107.7765,-7.4805],[107.777,-7.481],[107.778,-7.4855],[107.7835,-7.489],[107.789,-7.506],[107.7825,-7.5155],[107.8165,-7.521],[107.827,-7.542],[107.829,-7.542],[107.8295,-7.5445],[107.8305,-7.546],[107.832,-7.5465],[107.832,-7.546],[107.834,-7.545],[107.8355,-7.5455],[107.838,-7.545],[107.841,-7.536],[107.84,-7.534],[107.836,-7.5255],[107.8235,-7.517],[107.8215,-7.515],[107.8195,-7.5145],[107.808,-7.495],[107.8075,-7.4815],[107.8075,-7.4805],[107.807,-7.4785],[107.806,-7.4775],[107.8045,-7.4755],[107.804,-7.474],[107.804,-7.4715],[107.805,-7.4675],[107.805,-7.466],[107.807,-7.4625],[107.8085,-7.4595],[107.7915,-7.4495]]]},"properties":{"code":"32.05.28.2010","name":"Neglasari","latitude":-7.494061030460303,"longitude":107.80193762161574}},{"type":"Feature","geometry":{"type":"Polygon","coordinates":[[[107.827,-7.542],[107.8165,-7.521],[107.7825,-7.5155],[107.78,-7.543],[107.794,-7.552],[107.7965,-7.5515],[107.8075,-7.5435],[107.8165,-7.542],[107.822,-7.5415],[107.8255,-7.54],[107.827,-7.542]]]},"properties":{"code":"32.05.28.2011","name":"Sindangsari","latitude":-7.532546391985191,"longitude":107.79916657955002}},{"type":"Feature","geometry":{"type":"Polygon","coordinates":[[[107.811,-7.653],[107.8035,-7.651],[107.7935,-7.648],[107.793,-7.649],[107.7855,-7.664],[107.77,-7.6765],[107.7955,-7.6835],[107.807,-7.6695],[107.8105,-7.661],[107.8095,-7.657],[107.8115,-7.6545],[107.811,-7.653]]]},"properties":{"code":"32.05.29.2001","name":"Karyasari","latitude":-7.666113631274782,"longitude":107.7943723013443}},{"type":"Feature","geometry":{"type":"Polygon","coordinates":[[[107.904,-7.587],[107.9015,-7.586],[107.895,-7.583],[107.9025,-7.5975],[107.9005,-7.601],[107.8955,-7.6105],[107.8915,-7.63],[107.881,-7.6445],[107.8805,-7.6445],[107.904,-7.6445],[107.9025,-7.6395],[107.908,-7.6135],[107.9055,-7.5925],[107.904,-7.587]]]},"properties":{"code":"32.05.29.2002","name":"Maroko","latitude":-7.62255715616215,"longitude":107.8980898727557}},{"type":"Feature","geometry":{"type":"Polygon","coordinates":[[[107.9015,-7.6735],[107.901,-7.671],[107.8995,-7.672],[107.893,-7.6715],[107.8885,-7.675],[107.8635,-7.682],[107.8465,-7.6925],[107.8455,-7.6935],[107.8345,-7.707],[107.8365,-7.728],[107.8475,-7.737],[107.873,-7.74],[107.9,-7.7395],[107.91,-7.731],[107.918,-7.7155],[107.9185,-7.7135],[107.9175,-7.711],[107.918,-7.71],[107.912,-7.705],[107.917,-7.69],[107.9015,-7.6735]]]},"properties":{"code":"32.05.29.2003","name":"Sancang","latitude":-7.708846958531379,"longitude":107.87798912987415}},{"type":"Feature","geometry":{"type":"Polygon","coordinates":[[[107.845,-7.649],[107.8155,-7.6375],[107.8145,-7.638],[107.8115,-7.6535],[107.811,-7.653],[107.8115,-7.6545],[107.8095,-7.657],[107.8105,-7.661],[107.807,-7.6695],[107.7955,-7.6835],[107.8115,-7.69],[107.8255,-7.679],[107.8285,-7.6665],[107.829,-7.6655],[107.839,-7.662],[107.844,-7.6505],[107.845,-7.649]]]},"properties":{"code":"32.05.29.2004","name":"Karyamukti","latitude":-7.663081335474165,"longitude":107.81946211246681}},{"type":"Feature","geometry":{"type":"Polygon","coordinates":[[[107.8955,-7.6105],[107.888,-7.607],[107.8775,-7.614],[107.8765,-7.6145],[107.8725,-7.614],[107.866,-7.6125],[107.861,-7.614],[107.853,-7.6405],[107.846,-7.648],[107.844,-7.6505],[107.839,-7.662],[107.829,-7.6655],[107.8285,-7.6665],[107.8255,-7.679],[107.8115,-7.69],[107.8255,-7.6975],[107.8345,-7.707],[107.8455,-7.6935],[107.861,-7.678],[107.862,-7.677],[107.869,-7.668],[107.871,-7.6535],[107.879,-7.645],[107.881,-7.6445],[107.8915,-7.63],[107.8955,-7.6105]]]},"properties":{"code":"32.05.29.2005","name":"Sagara","latitude":-7.654942020875854,"longitude":107.85615417987857}},{"type":"Feature","geometry":{"type":"Polygon","coordinates":[[[107.7945,-7.639],[107.7895,-7.6265],[107.79,-7.6225],[107.794,-7.609],[107.7935,-7.606],[107.796,-7.603],[107.7965,-7.599],[107.7975,-7.597],[107.7955,-7.5955],[107.781,-7.601],[107.7805,-7.603],[107.779,-7.606],[107.7685,-7.618],[107.7675,-7.6185],[107.767,-7.619],[107.7625,-7.622],[107.76,-7.629],[107.752,-7.6405],[107.751,-7.6515],[107.749,-7.6535],[107.7485,-7.654],[107.751,-7.661],[107.748,-7.67],[107.7405,-7.6705],[107.77,-7.6765],[107.7855,-7.664],[107.793,-7.649],[107.7945,-7.644],[107.7945,-7.639]]]},"properties":{"code":"32.05.29.2006","name":"Mekarsari","latitude":-7.641365025280824,"longitude":107.77365289361194}},{"type":"Feature","geometry":{"type":"Polygon","coordinates":[[[107.9165,-7.6025],[107.9045,-7.589],[107.9055,-7.5925],[107.908,-7.6135],[107.9025,-7.6395],[107.9035,-7.643],[107.925,-7.6455],[107.926,-7.644],[107.925,-7.618],[107.9185,-7.6045],[107.9165,-7.6025]]]},"properties":{"code":"32.05.29.2007","name":"Simpang","latitude":-7.622956197545053,"longitude":107.9139010214274}},{"type":"Feature","geometry":{"type":"Polygon","coordinates":[[[107.8255,-7.6055],[107.824,-7.6045],[107.822,-7.6045],[107.8185,-7.634],[107.8175,-7.6365],[107.816,-7.637],[107.8155,-7.6375],[107.845,-7.649],[107.846,-7.648],[107.853,-7.6405],[107.861,-7.614],[107.857,-7.6145],[107.854,-7.615],[107.846,-7.615],[107.8255,-7.6055]]]},"properties":{"code":"32.05.29.2008","name":"Mekar Mukti","latitude":-7.627015280655443,"longitude":107.83735811972814}},{"type":"Feature","geometry":{"type":"Polygon","coordinates":[[[107.7995,-7.5985],[107.7975,-7.597],[107.7965,-7.599],[107.796,-7.603],[107.7935,-7.606],[107.794,-7.609],[107.79,-7.6225],[107.7895,-7.6265],[107.7945,-7.639],[107.7945,-7.644],[107.7935,-7.648],[107.8035,-7.651],[107.8115,-7.6535],[107.8145,-7.638],[107.816,-7.637],[107.8175,-7.6365],[107.8185,-7.634],[107.822,-7.6045],[107.821,-7.604],[107.8065,-7.603],[107.802,-7.6035],[107.7995,-7.5985]]]},"properties":{"code":"32.05.29.2009","name":"Cigaronggong","latitude":-7.624345263348997,"longitude":107.80525477818331}},{"type":"Feature","geometry":{"type":"Polygon","coordinates":[[[107.904,-7.6445],[107.8805,-7.6445],[107.879,-7.645],[107.871,-7.6535],[107.869,-7.668],[107.862,-7.677],[107.861,-7.678],[107.8455,-7.6935],[107.8465,-7.6925],[107.8635,-7.682],[107.8885,-7.675],[107.893,-7.6715],[107.8995,-7.672],[107.9025,-7.6695],[107.903,-7.6675],[107.9075,-7.654],[107.904,-7.6445]]]},"properties":{"code":"32.05.29.2010","name":"Mekarwangi","latitude":-7.663194715652024,"longitude":107.88296863782449}},{"type":"Feature","geometry":{"type":"Polygon","coordinates":[[[107.925,-7.6455],[107.9035,-7.643],[107.904,-7.6445],[107.9075,-7.654],[107.903,-7.6675],[107.9025,-7.6695],[107.901,-7.671],[107.9015,-7.6735],[107.917,-7.69],[107.912,-7.705],[107.918,-7.71],[107.92,-7.708],[107.9215,-7.7065],[107.921,-7.704],[107.9225,-7.7015],[107.9235,-7.701],[107.9265,-7.699],[107.924,-7.6965],[107.931,-7.6835],[107.9275,-7.672],[107.9245,-7.6675],[107.929,-7.6605],[107.93,-7.6595],[107.9305,-7.6575],[107.93,-7.656],[107.925,-7.6475],[107.925,-7.6455]]]},"properties":{"code":"32.05.29.2011","name":"Najaten","latitude":-7.672904051683648,"longitude":107.9170696546069}},{"type":"Feature","geometry":{"type":"Polygon","coordinates":[[[107.7035,-7.5935],[107.6935,-7.5855],[107.6845,-7.5965],[107.682,-7.5975],[107.6805,-7.6075],[107.68,-7.609],[107.6785,-7.6095],[107.6765,-7.609],[107.6755,-7.6115],[107.669,-7.623],[107.6795,-7.6335],[107.683,-7.644],[107.694,-7.629],[107.692,-7.6205],[107.7025,-7.604],[107.7035,-7.5935]]]},"properties":{"code":"32.05.30.2001","name":"Cikelet","latitude":-7.612088007969882,"longitude":107.68761166506846}},{"type":"Feature","geometry":{"type":"Polygon","coordinates":[[[107.776,-7.4675],[107.7675,-7.468],[107.7675,-7.479],[107.7615,-7.49],[107.7455,-7.4965],[107.7365,-7.511],[107.727,-7.5175],[107.725,-7.5395],[107.7195,-7.557],[107.7185,-7.5575],[107.719,-7.5585],[107.7205,-7.5595],[107.7215,-7.5635],[107.7205,-7.5665],[107.725,-7.5675],[107.725,-7.569],[107.725,-7.5735],[107.7325,-7.5765],[107.7325,-7.576],[107.734,-7.574],[107.7355,-7.571],[107.7375,-7.5585],[107.745,-7.5515],[107.7485,-7.5405],[107.748,-7.5375],[107.7455,-7.531],[107.7425,-7.526],[107.742,-7.524],[107.7505,-7.5205],[107.7565,-7.5155],[107.7585,-7.5115],[107.76,-7.509],[107.76,-7.507],[107.7615,-7.5035],[107.777,-7.482],[107.7765,-7.4805],[107.776,-7.4675]]]},"properties":{"code":"32.05.30.2002","name":"Linggamanik","latitude":-7.52516356233382,"longitude":107.7429232875795}},{"type":"Feature","geometry":{"type":"Polygon","coordinates":[[[107.701,-7.531],[107.684,-7.5315],[107.678,-7.521],[107.666,-7.5295],[107.6695,-7.552],[107.669,-7.554],[107.67,-7.5565],[107.673,-7.558],[107.678,-7.559],[107.6785,-7.5595],[107.6785,-7.559],[107.6835,-7.558],[107.6845,-7.557],[107.686,-7.557],[107.687,-7.5555],[107.687,-7.5545],[107.6885,-7.554],[107.696,-7.5495],[107.6965,-7.547],[107.701,-7.533],[107.701,-7.5315],[107.701,-7.531]]]},"properties":{"code":"32.05.30.2003","name":"Kertamukti","latitude":-7.541080374387736,"longitude":107.68320804572726}},{"type":"Feature","geometry":{"type":"Polygon","coordinates":[[[107.6605,-7.5265],[107.6605,-7.527],[107.6545,-7.528],[107.6505,-7.529],[107.647,-7.538],[107.6225,-7.565],[107.6175,-7.5835],[107.6245,-7.5975],[107.636,-7.5995],[107.6545,-7.6115],[107.6535,-7.607],[107.6545,-7.6055],[107.6575,-7.603],[107.661,-7.6015],[107.663,-7.603],[107.6705,-7.5995],[107.6705,-7.585],[107.67,-7.583],[107.6715,-7.5825],[107.672,-7.58],[107.674,-7.579],[107.674,-7.5785],[107.6735,-7.5775],[107.6765,-7.5655],[107.6765,-7.563],[107.677,-7.5615],[107.678,-7.5605],[107.6785,-7.5605],[107.678,-7.559],[107.673,-7.558],[107.67,-7.5565],[107.669,-7.554],[107.6695,-7.552],[107.666,-7.5295],[107.6605,-7.5265]]]},"properties":{"code":"32.05.30.2004","name":"Cigadog","latitude":-7.57046748950278,"longitude":107.65004120966354}},{"type":"Feature","geometry":{"type":"Polygon","coordinates":[[[107.7105,-7.6115],[107.7145,-7.5915],[107.7075,-7.5865],[107.707,-7.587],[107.706,-7.5895],[107.7045,-7.5925],[107.7035,-7.5935],[107.7025,-7.604],[107.692,-7.6205],[107.694,-7.629],[107.683,-7.644],[107.689,-7.664],[107.7005,-7.6565],[107.7025,-7.647],[107.7015,-7.645],[107.7055,-7.6405],[107.708,-7.6395],[107.7105,-7.6115]]]},"properties":{"code":"32.05.30.2005","name":"Pamalayan","latitude":-7.627947905545524,"longitude":107.69993579960833}},{"type":"Feature","geometry":{"type":"Polygon","coordinates":[[[107.7675,-7.468],[107.765,-7.468],[107.753,-7.4685],[107.7375,-7.4755],[107.734,-7.4755],[107.734,-7.4775],[107.734,-7.4795],[107.734,-7.4815],[107.7345,-7.484],[107.7225,-7.5015],[107.712,-7.5035],[107.711,-7.506],[107.7035,-7.5225],[107.7015,-7.528],[107.7015,-7.5305],[107.701,-7.5315],[107.701,-7.533],[107.6965,-7.547],[107.6975,-7.548],[107.705,-7.551],[107.7045,-7.5555],[107.7,-7.569],[107.7,-7.571],[107.7015,-7.5715],[107.705,-7.569],[107.715,-7.56],[107.717,-7.5585],[107.7195,-7.557],[107.725,-7.5395],[107.727,-7.5175],[107.7365,-7.511],[107.7455,-7.4965],[107.7615,-7.49],[107.7675,-7.479],[107.7675,-7.468]]]},"properties":{"code":"32.05.30.2006","name":"Karangsari","latitude":-7.512625937049662,"longitude":107.72778152374121}},{"type":"Feature","geometry":{"type":"Polygon","coordinates":[[[107.6935,-7.5855],[107.6975,-7.5765],[107.6885,-7.5835],[107.674,-7.579],[107.672,-7.58],[107.6715,-7.5825],[107.67,-7.583],[107.6705,-7.585],[107.6705,-7.5995],[107.663,-7.603],[107.661,-7.6015],[107.6575,-7.603],[107.6545,-7.6055],[107.6535,-7.607],[107.6545,-7.6115],[107.669,-7.623],[107.6755,-7.6115],[107.6765,-7.609],[107.6785,-7.6095],[107.68,-7.609],[107.6805,-7.6075],[107.682,-7.5975],[107.6845,-7.5965],[107.6935,-7.5855]]]},"properties":{"code":"32.05.30.2007","name":"Cijambe","latitude":-7.599515508429082,"longitude":107.6739792503536}},{"type":"Feature","geometry":{"type":"Polygon","coordinates":[[[107.734,-7.4755],[107.731,-7.476],[107.7245,-7.4765],[107.7215,-7.474],[107.7115,-7.476],[107.71,-7.479],[107.704,-7.4805],[107.6955,-7.4905],[107.6855,-7.4975],[107.685,-7.502],[107.681,-7.5045],[107.678,-7.5035],[107.6725,-7.5045],[107.67,-7.5055],[107.6655,-7.5065],[107.66,-7.5255],[107.6605,-7.5265],[107.666,-7.5295],[107.678,-7.521],[107.684,-7.5315],[107.701,-7.531],[107.7015,-7.5305],[107.7015,-7.528],[107.7035,-7.5225],[107.711,-7.506],[107.712,-7.5035],[107.7225,-7.5015],[107.7345,-7.484],[107.734,-7.4815],[107.734,-7.4795],[107.734,-7.4775],[107.734,-7.4755]]]},"properties":{"code":"32.05.30.2008","name":"Girimukti","latitude":-7.503911318739193,"longitude":107.69815811757913}},{"type":"Feature","geometry":{"type":"Polygon","coordinates":[[[107.7005,-7.5735],[107.7,-7.571],[107.7,-7.569],[107.7045,-7.5555],[107.705,-7.551],[107.6975,-7.548],[107.6965,-7.547],[107.696,-7.5495],[107.6885,-7.554],[107.687,-7.5545],[107.687,-7.5555],[107.686,-7.557],[107.6845,-7.557],[107.6835,-7.558],[107.6785,-7.559],[107.6785,-7.5595],[107.6785,-7.5605],[107.678,-7.5605],[107.677,-7.5615],[107.6765,-7.563],[107.6765,-7.5655],[107.6735,-7.5775],[107.674,-7.5785],[107.674,-7.579],[107.6885,-7.5835],[107.6975,-7.5765],[107.7005,-7.5735]]]},"properties":{"code":"32.05.30.2009","name":"Ciroyom","latitude":-7.566367369364928,"longitude":107.68957869425284}},{"type":"Feature","geometry":{"type":"Polygon","coordinates":[[[107.7325,-7.5765],[107.725,-7.5735],[107.725,-7.569],[107.725,-7.5675],[107.7205,-7.5665],[107.708,-7.583],[107.7075,-7.5865],[107.7145,-7.5915],[107.7105,-7.6115],[107.7195,-7.5985],[107.723,-7.5955],[107.7325,-7.577],[107.7325,-7.5765]]]},"properties":{"code":"32.05.30.2010","name":"Awassagara","latitude":-7.58509705737832,"longitude":107.71993988802927}},{"type":"Feature","geometry":{"type":"Polygon","coordinates":[[[107.7205,-7.5665],[107.7215,-7.5635],[107.7205,-7.5595],[107.719,-7.5585],[107.7185,-7.5575],[107.715,-7.56],[107.705,-7.569],[107.7015,-7.5715],[107.7005,-7.5735],[107.6975,-7.5765],[107.6935,-7.5855],[107.7035,-7.5935],[107.7045,-7.5925],[107.706,-7.5895],[107.707,-7.587],[107.708,-7.583],[107.7205,-7.5665]]]},"properties":{"code":"32.05.30.2011","name":"Tipar","latitude":-7.575176047931064,"longitude":107.70828873399638}},{"type":"Feature","geometry":{"type":"Polygon","coordinates":[[[107.6125,-7.4695],[107.609,-7.464],[107.607,-7.463],[107.606,-7.462],[107.606,-7.4585],[107.6045,-7.4585],[107.5995,-7.452],[107.599,-7.4515],[107.5915,-7.445],[107.5905,-7.445],[107.5885,-7.447],[107.587,-7.448],[107.586,-7.45],[107.5855,-7.4515],[107.5865,-7.454],[107.5855,-7.457],[107.589,-7.459],[107.597,-7.461],[107.605,-7.4655],[107.6125,-7.479],[107.613,-7.478],[107.613,-7.476],[107.6125,-7.474],[107.6125,-7.4695]]]},"properties":{"code":"32.05.31.2001","name":"Bungbulang","latitude":-7.458419363065157,"longitude":107.59812188254283}},{"type":"Feature","geometry":{"type":"Polygon","coordinates":[[[107.597,-7.461],[107.589,-7.459],[107.5855,-7.457],[107.5825,-7.4595],[107.582,-7.459],[107.58,-7.4605],[107.5785,-7.462],[107.5785,-7.464],[107.5805,-7.4755],[107.578,-7.4795],[107.5735,-7.4795],[107.571,-7.482],[107.568,-7.4825],[107.564,-7.487],[107.5635,-7.488],[107.577,-7.4865],[107.578,-7.4855],[107.579,-7.4845],[107.58,-7.4855],[107.5835,-7.4845],[107.5955,-7.478],[107.595,-7.4765],[107.593,-7.475],[107.5925,-7.4725],[107.5915,-7.471],[107.5925,-7.47],[107.597,-7.461]]]},"properties":{"code":"32.05.31.2002","name":"Hanjuang","latitude":-7.47254187046939,"longitude":107.58399040796006}},{"type":"Feature","geometry":{"type":"Polygon","coordinates":[[[107.6305,-7.4585],[107.629,-7.457],[107.621,-7.457],[107.6175,-7.4565],[107.617,-7.4555],[107.616,-7.458],[107.6155,-7.4585],[107.616,-7.4595],[107.6155,-7.4615],[107.6125,-7.4655],[107.612,-7.467],[107.6135,-7.4695],[107.6125,-7.4695],[107.6125,-7.474],[107.613,-7.476],[107.613,-7.478],[107.6125,-7.479],[107.607,-7.488],[107.6085,-7.49],[107.608,-7.492],[107.608,-7.494],[107.605,-7.499],[107.6035,-7.501],[107.5975,-7.504],[107.596,-7.5045],[107.5975,-7.5095],[107.5975,-7.51],[107.5955,-7.5235],[107.5955,-7.5275],[107.5875,-7.541],[107.5845,-7.5545],[107.5865,-7.5545],[107.594,-7.5465],[107.593,-7.5435],[107.5975,-7.539],[107.599,-7.532],[107.5995,-7.5245],[107.6025,-7.517],[107.604,-7.514],[107.6075,-7.5095],[107.6085,-7.504],[107.6095,-7.5005],[107.61,-7.4995],[107.6255,-7.479],[107.6305,-7.4585]]]},"properties":{"code":"32.05.31.2003","name":"Gunamekar","latitude":-7.4957076196806955,"longitude":107.60927407691034}},{"type":"Feature","geometry":{"type":"Polygon","coordinates":[[[107.568,-7.4825],[107.5695,-7.481],[107.5715,-7.465],[107.572,-7.463],[107.559,-7.466],[107.5575,-7.466],[107.556,-7.465],[107.5535,-7.4665],[107.5515,-7.469],[107.549,-7.47],[107.549,-7.471],[107.5505,-7.4735],[107.5505,-7.477],[107.5515,-7.4855],[107.545,-7.504],[107.5265,-7.5175],[107.5275,-7.519],[107.5485,-7.531],[107.5545,-7.5245],[107.55,-7.509],[107.5555,-7.503],[107.558,-7.506],[107.5595,-7.5035],[107.5595,-7.495],[107.5615,-7.491],[107.562,-7.489],[107.564,-7.487],[107.568,-7.4825]]]},"properties":{"code":"32.05.31.2004","name":"Tegallega","latitude":-7.4957846035530045,"longitude":107.552958951856}},{"type":"Feature","geometry":{"type":"Polygon","coordinates":[[[107.609,-7.4475],[107.6095,-7.447],[107.6135,-7.435],[107.6255,-7.4235],[107.6305,-7.402],[107.6305,-7.3995],[107.6295,-7.3945],[107.629,-7.3935],[107.628,-7.3935],[107.6285,-7.391],[107.6285,-7.389],[107.627,-7.386],[107.6285,-7.3645],[107.6085,-7.3705],[107.602,-7.371],[107.603,-7.378],[107.592,-7.3995],[107.5915,-7.4],[107.5995,-7.4155],[107.5965,-7.4355],[107.609,-7.4475]]]},"properties":{"code":"32.05.31.2005","name":"Mekarbakti","latitude":-7.403610762196998,"longitude":107.61173697781753}},{"type":"Feature","geometry":{"type":"Polygon","coordinates":[[[107.607,-7.488],[107.596,-7.4775],[107.5955,-7.478],[107.5835,-7.4845],[107.587,-7.5015],[107.5945,-7.5075],[107.597,-7.5085],[107.596,-7.5045],[107.5975,-7.504],[107.6035,-7.501],[107.605,-7.499],[107.608,-7.494],[107.608,-7.492],[107.6085,-7.49],[107.607,-7.488]]]},"properties":{"code":"32.05.31.2006","name":"Margalaksana","latitude":-7.491271374405962,"longitude":107.59543843821933}},{"type":"Feature","geometry":{"type":"Polygon","coordinates":[[[107.6445,-7.417],[107.6395,-7.3975],[107.6405,-7.386],[107.635,-7.3625],[107.6355,-7.361],[107.6315,-7.363],[107.6285,-7.3645],[107.627,-7.386],[107.6285,-7.389],[107.6285,-7.391],[107.628,-7.3935],[107.629,-7.3935],[107.6295,-7.3945],[107.6305,-7.3995],[107.6305,-7.402],[107.6255,-7.4235],[107.6135,-7.435],[107.6095,-7.447],[107.6095,-7.4505],[107.6105,-7.4525],[107.612,-7.453],[107.612,-7.4525],[107.614,-7.453],[107.615,-7.453],[107.6155,-7.455],[107.6155,-7.4565],[107.6155,-7.4585],[107.616,-7.458],[107.617,-7.4555],[107.6175,-7.4565],[107.621,-7.457],[107.629,-7.457],[107.6305,-7.4545],[107.6315,-7.4485],[107.633,-7.4475],[107.6355,-7.4455],[107.6375,-7.4435],[107.6385,-7.4365],[107.6375,-7.4265],[107.6445,-7.417]]]},"properties":{"code":"32.05.31.2007","name":"Bojong","latitude":-7.418925074147456,"longitude":107.6297368787604}},{"type":"Feature","geometry":{"type":"Polygon","coordinates":[[[107.5265,-7.5175],[107.545,-7.504],[107.5515,-7.4855],[107.5505,-7.477],[107.5505,-7.4735],[107.5385,-7.4785],[107.535,-7.4815],[107.528,-7.482],[107.5265,-7.481],[107.527,-7.4815],[107.5165,-7.504],[107.503,-7.5085],[107.495,-7.527],[107.4955,-7.534],[107.5125,-7.539],[107.5205,-7.5305],[107.5235,-7.5175],[107.5265,-7.5175]]]},"properties":{"code":"32.05.31.2008","name":"Sinarjaya","latitude":-7.507470578986111,"longitude":107.52338973311223}},{"type":"Feature","geometry":{"type":"Polygon","coordinates":[[[107.5905,-7.445],[107.5895,-7.444],[107.5725,-7.4315],[107.568,-7.444],[107.56,-7.448],[107.5585,-7.4495],[107.5585,-7.4515],[107.5565,-7.4545],[107.554,-7.4595],[107.5535,-7.46],[107.554,-7.462],[107.555,-7.4635],[107.556,-7.465],[107.5575,-7.466],[107.559,-7.466],[107.572,-7.463],[107.5715,-7.465],[107.5695,-7.481],[107.568,-7.4825],[107.571,-7.482],[107.5735,-7.4795],[107.578,-7.4795],[107.5805,-7.4755],[107.5785,-7.464],[107.5785,-7.462],[107.58,-7.4605],[107.582,-7.459],[107.5825,-7.4595],[107.5855,-7.457],[107.5865,-7.454],[107.5855,-7.4515],[107.586,-7.45],[107.587,-7.448],[107.5885,-7.447],[107.5905,-7.445]]]},"properties":{"code":"32.05.31.2009","name":"Mekarjaya","latitude":-7.454374622311603,"longitude":107.57266167953021}},{"type":"Feature","geometry":{"type":"Polygon","coordinates":[[[107.609,-7.4475],[107.5965,-7.4355],[107.5995,-7.4155],[107.5915,-7.4],[107.5895,-7.401],[107.586,-7.402],[107.582,-7.403],[107.5805,-7.4045],[107.58,-7.4045],[107.578,-7.4065],[107.576,-7.408],[107.5745,-7.41],[107.57,-7.4165],[107.5695,-7.4185],[107.5725,-7.4315],[107.5895,-7.444],[107.5915,-7.445],[107.599,-7.4515],[107.5995,-7.452],[107.6045,-7.4585],[107.606,-7.4585],[107.606,-7.462],[107.607,-7.463],[107.609,-7.464],[107.6125,-7.4695],[107.6135,-7.4695],[107.612,-7.467],[107.6125,-7.4655],[107.6155,-7.4615],[107.616,-7.4595],[107.6155,-7.4585],[107.6155,-7.4575],[107.6155,-7.4565],[107.6155,-7.455],[107.615,-7.453],[107.614,-7.453],[107.612,-7.4525],[107.612,-7.453],[107.6105,-7.4525],[107.6095,-7.4505],[107.609,-7.4475]]]},"properties":{"code":"32.05.31.2010","name":"Cihikeu","latitude":-7.428430363878996,"longitude":107.58984107000478}},{"type":"Feature","geometry":{"type":"Polygon","coordinates":[[[107.5725,-7.4315],[107.5695,-7.4185],[107.568,-7.42],[107.5605,-7.424],[107.541,-7.448],[107.5295,-7.4695],[107.529,-7.4705],[107.5265,-7.479],[107.5265,-7.481],[107.528,-7.482],[107.535,-7.4815],[107.5385,-7.4785],[107.5505,-7.4735],[107.549,-7.471],[107.549,-7.47],[107.5515,-7.469],[107.5535,-7.4665],[107.555,-7.4635],[107.554,-7.462],[107.5535,-7.46],[107.554,-7.4595],[107.5565,-7.4545],[107.5585,-7.4515],[107.5585,-7.4495],[107.56,-7.448],[107.568,-7.444],[107.5725,-7.4315]]]},"properties":{"code":"32.05.31.2011","name":"Wangunjaya","latitude":-7.451959686754789,"longitude":107.5503294693203}},{"type":"Feature","geometry":{"type":"Polygon","coordinates":[[[107.6355,-7.361],[107.636,-7.361],[107.638,-7.351],[107.6405,-7.341],[107.647,-7.3335],[107.647,-7.332],[107.6415,-7.323],[107.649,-7.313],[107.6465,-7.3025],[107.647,-7.299],[107.645,-7.2975],[107.6445,-7.2975],[107.644,-7.297],[107.643,-7.2975],[107.6425,-7.2985],[107.641,-7.3005],[107.628,-7.299],[107.627,-7.3],[107.611,-7.3095],[107.61,-7.3095],[107.61,-7.313],[107.61,-7.3205],[107.6115,-7.3305],[107.6055,-7.3455],[107.605,-7.346],[107.5985,-7.3595],[107.598,-7.3615],[107.5985,-7.3635],[107.5995,-7.368],[107.602,-7.371],[107.6085,-7.3705],[107.6315,-7.363],[107.6355,-7.361]]]},"properties":{"code":"32.05.31.2012","name":"Gunung Jampang","latitude":-7.335320059779565,"longitude":107.62453107294812}},{"type":"Feature","geometry":{"type":"Polygon","coordinates":[[[107.6125,-7.479],[107.605,-7.4655],[107.597,-7.461],[107.5925,-7.47],[107.5915,-7.471],[107.5925,-7.4725],[107.593,-7.475],[107.595,-7.4765],[107.596,-7.4775],[107.607,-7.488],[107.6125,-7.479]]]},"properties":{"code":"32.05.31.2013","name":"Hegarmanah","latitude":-7.473989663413078,"longitude":107.60213306489868}},{"type":"Feature","geometry":{"type":"Polygon","coordinates":[[[107.5835,-7.4845],[107.58,-7.4855],[107.579,-7.4845],[107.578,-7.4855],[107.578,-7.486],[107.5795,-7.501],[107.5715,-7.5185],[107.5805,-7.518],[107.5805,-7.5175],[107.584,-7.5185],[107.595,-7.5255],[107.5955,-7.5235],[107.5975,-7.51],[107.597,-7.5085],[107.5945,-7.5075],[107.587,-7.5015],[107.5835,-7.4845]]]},"properties":{"code":"32.05.32.2001","name":"Mekarmukti","latitude":-7.50815325663161,"longitude":107.58436750503427}},{"type":"Feature","geometry":{"type":"Polygon","coordinates":[[[107.5565,-7.527],[107.5565,-7.526],[107.5575,-7.5135],[107.557,-7.5105],[107.558,-7.507],[107.558,-7.506],[107.5555,-7.503],[107.55,-7.509],[107.5545,-7.5245],[107.5485,-7.531],[107.5275,-7.519],[107.5235,-7.5175],[107.5205,-7.5305],[107.5125,-7.539],[107.5325,-7.551],[107.5505,-7.554],[107.548,-7.5445],[107.5475,-7.5435],[107.5485,-7.544],[107.5495,-7.543],[107.555,-7.527],[107.5565,-7.527]]]},"properties":{"code":"32.05.32.2002","name":"Karangwangi","latitude":-7.533686834657167,"longitude":107.53670670872451}},{"type":"Feature","geometry":{"type":"Polygon","coordinates":[[[107.595,-7.5255],[107.584,-7.5185],[107.5805,-7.5175],[107.5815,-7.5185],[107.5815,-7.52],[107.5805,-7.522],[107.5815,-7.5245],[107.582,-7.525],[107.582,-7.527],[107.581,-7.529],[107.5665,-7.5605],[107.5805,-7.566],[107.5815,-7.562],[107.5845,-7.556],[107.587,-7.5545],[107.5845,-7.5545],[107.5875,-7.541],[107.5955,-7.5275],[107.595,-7.5255]]]},"properties":{"code":"32.05.32.2003","name":"Jagabaya","latitude":-7.543082166565607,"longitude":107.58131752884333}},{"type":"Feature","geometry":{"type":"Polygon","coordinates":[[[107.5715,-7.5185],[107.565,-7.517],[107.5625,-7.5135],[107.5595,-7.5125],[107.557,-7.5125],[107.5575,-7.5135],[107.5565,-7.526],[107.5565,-7.527],[107.555,-7.527],[107.5495,-7.543],[107.5485,-7.544],[107.5475,-7.5435],[107.548,-7.5445],[107.5505,-7.554],[107.5665,-7.5605],[107.581,-7.529],[107.582,-7.527],[107.582,-7.525],[107.5815,-7.5245],[107.5805,-7.522],[107.5815,-7.52],[107.5815,-7.5185],[107.5805,-7.518],[107.5715,-7.5185]]]},"properties":{"code":"32.05.32.2004","name":"Cijayana","latitude":-7.536498136046215,"longitude":107.564307582088}},{"type":"Feature","geometry":{"type":"Polygon","coordinates":[[[107.5715,-7.5185],[107.5795,-7.501],[107.578,-7.486],[107.577,-7.4865],[107.5635,-7.488],[107.562,-7.489],[107.5615,-7.491],[107.5595,-7.495],[107.5595,-7.5035],[107.558,-7.507],[107.557,-7.5105],[107.557,-7.5125],[107.5595,-7.5125],[107.5625,-7.5135],[107.565,-7.517],[107.5715,-7.5185]]]},"properties":{"code":"32.05.32.2005","name":"Mekarsari","latitude":-7.500809744065563,"longitude":107.56846123973334}},{"type":"Feature","geometry":{"type":"Polygon","coordinates":[[[107.6855,-7.4975],[107.677,-7.4825],[107.676,-7.482],[107.673,-7.481],[107.664,-7.4755],[107.663,-7.4775],[107.66,-7.477],[107.6585,-7.4765],[107.655,-7.48],[107.6555,-7.48],[107.6555,-7.481],[107.656,-7.4825],[107.6575,-7.486],[107.6575,-7.4865],[107.656,-7.4885],[107.6555,-7.49],[107.6585,-7.4945],[107.6615,-7.5],[107.6725,-7.5045],[107.678,-7.5035],[107.681,-7.5045],[107.685,-7.502],[107.6855,-7.4975]]]},"properties":{"code":"32.05.33.2001","name":"Neglasari","latitude":-7.49108001587275,"longitude":107.66933430839502}},{"type":"Feature","geometry":{"type":"Polygon","coordinates":[[[107.6435,-7.483],[107.6355,-7.478],[107.633,-7.4665],[107.6345,-7.4505],[107.6335,-7.448],[107.633,-7.447],[107.6315,-7.4485],[107.6305,-7.4545],[107.6305,-7.4585],[107.6255,-7.479],[107.61,-7.4995],[107.609,-7.502],[107.6105,-7.5025],[107.612,-7.504],[107.616,-7.511],[107.621,-7.514],[107.622,-7.5145],[107.623,-7.514],[107.624,-7.5115],[107.6245,-7.5095],[107.6315,-7.506],[107.635,-7.503],[107.6435,-7.483]]]},"properties":{"code":"32.05.33.2002","name":"Tanjungjaya","latitude":-7.488893885071211,"longitude":107.62756230347212}},{"type":"Feature","geometry":{"type":"Polygon","coordinates":[[[107.6245,-7.5095],[107.624,-7.5115],[107.623,-7.514],[107.622,-7.5145],[107.621,-7.514],[107.616,-7.511],[107.612,-7.504],[107.6105,-7.5025],[107.609,-7.502],[107.608,-7.505],[107.6075,-7.5095],[107.604,-7.514],[107.6025,-7.517],[107.5995,-7.5245],[107.599,-7.532],[107.5975,-7.539],[107.593,-7.5435],[107.6,-7.549],[107.619,-7.538],[107.6235,-7.5315],[107.6285,-7.5265],[107.6305,-7.5235],[107.632,-7.5235],[107.6325,-7.522],[107.6315,-7.522],[107.6285,-7.5115],[107.6245,-7.5095]]]},"properties":{"code":"32.05.33.2003","name":"Tanjungmulya","latitude":-7.526656629696865,"longitude":107.61242988226432}},{"type":"Feature","geometry":{"type":"Polygon","coordinates":[[[107.6775,-7.432],[107.677,-7.431],[107.678,-7.4295],[107.678,-7.428],[107.673,-7.415],[107.666,-7.415],[107.664,-7.415],[107.6615,-7.4185],[107.6605,-7.4425],[107.661,-7.4435],[107.6615,-7.444],[107.6705,-7.458],[107.6725,-7.4545],[107.675,-7.4475],[107.6755,-7.4445],[107.674,-7.4435],[107.676,-7.44],[107.6785,-7.436],[107.678,-7.4335],[107.6775,-7.432]]]},"properties":{"code":"32.05.33.2004","name":"Wangunjaya","latitude":-7.433583022176187,"longitude":107.66885947379208}},{"type":"Feature","geometry":{"type":"Polygon","coordinates":[[[107.6885,-7.4665],[107.682,-7.4615],[107.671,-7.471],[107.6685,-7.471],[107.668,-7.4715],[107.668,-7.472],[107.664,-7.4755],[107.673,-7.481],[107.676,-7.482],[107.677,-7.4825],[107.6855,-7.4975],[107.6955,-7.4905],[107.704,-7.4805],[107.71,-7.479],[107.708,-7.477],[107.6885,-7.4665]]]},"properties":{"code":"32.05.33.2005","name":"Sukamulya","latitude":-7.478900237188654,"longitude":107.68648843277897}},{"type":"Feature","geometry":{"type":"Polygon","coordinates":[[[107.652,-7.444],[107.6515,-7.4435],[107.6505,-7.444],[107.648,-7.4445],[107.642,-7.4475],[107.6395,-7.4475],[107.6365,-7.4445],[107.6355,-7.4455],[107.633,-7.447],[107.6335,-7.448],[107.6345,-7.4505],[107.633,-7.4665],[107.6355,-7.478],[107.6435,-7.483],[107.6485,-7.4805],[107.652,-7.444]]]},"properties":{"code":"32.05.33.2006","name":"Pasirlangu","latitude":-7.4623885277775415,"longitude":107.64217889125123}},{"type":"Feature","geometry":{"type":"Polygon","coordinates":[[[107.7875,-7.4055],[107.779,-7.4025],[107.7455,-7.401],[107.745,-7.4015],[107.7455,-7.403],[107.746,-7.405],[107.7465,-7.4065],[107.7465,-7.4095],[107.7455,-7.415],[107.7325,-7.428],[107.725,-7.425],[107.7125,-7.4305],[107.711,-7.431],[107.71,-7.432],[107.7065,-7.439],[107.7065,-7.44],[107.7005,-7.4585],[107.6945,-7.4585],[107.6885,-7.4665],[107.708,-7.477],[107.7115,-7.476],[107.7215,-7.474],[107.7245,-7.4765],[107.731,-7.476],[107.7315,-7.4755],[107.7375,-7.4755],[107.753,-7.4685],[107.765,-7.468],[107.776,-7.4675],[107.778,-7.4595],[107.7915,-7.4495],[107.7935,-7.441],[107.7985,-7.414],[107.793,-7.408],[107.7875,-7.4055]]]},"properties":{"code":"32.05.33.2007","name":"Talagawangi","latitude":-7.4414431431651895,"longitude":107.74927652985005}},{"type":"Feature","geometry":{"type":"Polygon","coordinates":[[[107.6945,-7.4585],[107.6935,-7.44],[107.698,-7.4315],[107.6965,-7.4195],[107.696,-7.4205],[107.694,-7.4205],[107.685,-7.4275],[107.6755,-7.446],[107.675,-7.4475],[107.6725,-7.4545],[107.6705,-7.4595],[107.6685,-7.4705],[107.668,-7.4715],[107.669,-7.471],[107.671,-7.471],[107.682,-7.4615],[107.6885,-7.4665],[107.6945,-7.4585]]]},"properties":{"code":"32.05.33.2008","name":"Jatiwangi","latitude":-7.447573078373057,"longitude":107.68494709972789}},{"type":"Feature","geometry":{"type":"Polygon","coordinates":[[[107.6615,-7.4185],[107.6445,-7.417],[107.6375,-7.4265],[107.6385,-7.4365],[107.6375,-7.4435],[107.6365,-7.4445],[107.6395,-7.4475],[107.642,-7.4475],[107.648,-7.4445],[107.6505,-7.444],[107.6515,-7.4435],[107.654,-7.4445],[107.659,-7.443],[107.66,-7.443],[107.661,-7.4435],[107.6605,-7.4425],[107.6615,-7.4185]]]},"properties":{"code":"32.05.33.2009","name":"Panyindangan","latitude":-7.431713097368089,"longitude":107.64890459713158}},{"type":"Feature","geometry":{"type":"Polygon","coordinates":[[[107.6725,-7.5045],[107.6615,-7.5],[107.6585,-7.4945],[107.6555,-7.49],[107.656,-7.4885],[107.6575,-7.4865],[107.6575,-7.486],[107.656,-7.4825],[107.6555,-7.481],[107.6555,-7.48],[107.655,-7.48],[107.6545,-7.48],[107.6505,-7.4805],[107.6485,-7.4805],[107.6435,-7.483],[107.635,-7.503],[107.6315,-7.506],[107.6245,-7.5095],[107.6285,-7.5115],[107.6315,-7.522],[107.6335,-7.522],[107.6505,-7.529],[107.6545,-7.528],[107.6605,-7.527],[107.66,-7.5255],[107.6655,-7.5065],[107.67,-7.5055],[107.6725,-7.5045]]]},"properties":{"code":"32.05.33.2010","name":"Tegalgede","latitude":-7.507113907831931,"longitude":107.64852237031535}},{"type":"Feature","geometry":{"type":"Polygon","coordinates":[[[107.661,-7.4435],[107.66,-7.443],[107.659,-7.443],[107.654,-7.4445],[107.652,-7.444],[107.6485,-7.4805],[107.6505,-7.4805],[107.6545,-7.48],[107.6585,-7.4765],[107.66,-7.477],[107.663,-7.4775],[107.664,-7.4755],[107.668,-7.472],[107.6685,-7.471],[107.6685,-7.4705],[107.6705,-7.4595],[107.6705,-7.458],[107.6615,-7.444],[107.661,-7.4435]]]},"properties":{"code":"32.05.33.2011","name":"Depok","latitude":-7.462442542520782,"longitude":107.65846008322792}},{"type":"Feature","geometry":{"type":"Polygon","coordinates":[[[107.6505,-7.529],[107.6335,-7.522],[107.6325,-7.522],[107.632,-7.5235],[107.6305,-7.5235],[107.6285,-7.5265],[107.6235,-7.5315],[107.619,-7.538],[107.6,-7.549],[107.594,-7.5465],[107.5865,-7.5545],[107.587,-7.5545],[107.5845,-7.556],[107.5815,-7.562],[107.5805,-7.566],[107.599,-7.57],[107.6175,-7.5835],[107.6225,-7.565],[107.647,-7.538],[107.6505,-7.529]]]},"properties":{"code":"32.05.33.2012","name":"Karangsari","latitude":-7.552552529289203,"longitude":107.61654993917945}},{"type":"Feature","geometry":{"type":"Polygon","coordinates":[[[107.745,-7.4015],[107.745,-7.4025],[107.7445,-7.4025],[107.7435,-7.401],[107.741,-7.398],[107.7405,-7.3975],[107.7405,-7.3965],[107.7385,-7.396],[107.7265,-7.39],[107.719,-7.4105],[107.7075,-7.411],[107.706,-7.41],[107.705,-7.41],[107.704,-7.409],[107.6965,-7.4195],[107.698,-7.4315],[107.6935,-7.44],[107.6945,-7.4585],[107.7005,-7.4585],[107.7065,-7.44],[107.7065,-7.439],[107.71,-7.432],[107.711,-7.431],[107.7125,-7.4305],[107.725,-7.425],[107.7325,-7.428],[107.7455,-7.415],[107.7465,-7.4095],[107.7465,-7.4065],[107.746,-7.405],[107.7455,-7.403],[107.745,-7.4015]]]},"properties":{"code":"32.05.33.2013","name":"Jayamekar","latitude":-7.419512691187578,"longitude":107.71925725022412}},{"type":"Feature","geometry":{"type":"Polygon","coordinates":[[[107.7245,-7.331],[107.716,-7.3285],[107.7145,-7.329],[107.712,-7.333],[107.712,-7.3335],[107.7105,-7.3365],[107.702,-7.352],[107.7025,-7.366],[107.7035,-7.3685],[107.7025,-7.3705],[107.6935,-7.3805],[107.6915,-7.383],[107.69,-7.3835],[107.689,-7.3845],[107.6885,-7.385],[107.6885,-7.387],[107.6875,-7.3885],[107.686,-7.389],[107.6815,-7.3995],[107.688,-7.4175],[107.683,-7.4295],[107.6815,-7.43],[107.6805,-7.43],[107.678,-7.4315],[107.6775,-7.432],[107.678,-7.4335],[107.6785,-7.436],[107.676,-7.44],[107.674,-7.4435],[107.6755,-7.4445],[107.6755,-7.446],[107.685,-7.4275],[107.694,-7.4205],[107.696,-7.4205],[107.6965,-7.4195],[107.699,-7.4075],[107.7165,-7.3945],[107.7175,-7.3665],[107.721,-7.3375],[107.7245,-7.331]]]},"properties":{"code":"32.05.34.2001","name":"Pakenjeng","latitude":-7.3818232888590325,"longitude":107.70322302035443}},{"type":"Feature","geometry":{"type":"Polygon","coordinates":[[[107.689,-7.3845],[107.689,-7.3815],[107.689,-7.3805],[107.6805,-7.378],[107.664,-7.3655],[107.662,-7.347],[107.678,-7.3175],[107.6705,-7.304],[107.669,-7.3005],[107.6685,-7.3025],[107.6685,-7.315],[107.6515,-7.339],[107.651,-7.347],[107.648,-7.355],[107.6485,-7.358],[107.6515,-7.361],[107.6535,-7.37],[107.6675,-7.4025],[107.6645,-7.415],[107.666,-7.415],[107.673,-7.415],[107.678,-7.428],[107.678,-7.4295],[107.677,-7.431],[107.6775,-7.432],[107.678,-7.4315],[107.6805,-7.43],[107.6815,-7.43],[107.683,-7.4295],[107.688,-7.4175],[107.6815,-7.3995],[107.686,-7.389],[107.6875,-7.3885],[107.6885,-7.387],[107.6885,-7.385],[107.689,-7.3845]]]},"properties":{"code":"32.05.34.2002","name":"Garumukti","latitude":-7.372647973357213,"longitude":107.66887087996435}},{"type":"Feature","geometry":{"type":"Polygon","coordinates":[[[107.7245,-7.2995],[107.7255,-7.298],[107.7125,-7.2975],[107.71,-7.2965],[107.6945,-7.283],[107.6705,-7.2985],[107.668,-7.3],[107.668,-7.3005],[107.669,-7.3005],[107.6705,-7.304],[107.678,-7.3175],[107.662,-7.347],[107.664,-7.3655],[107.6805,-7.378],[107.689,-7.3805],[107.689,-7.3815],[107.689,-7.3845],[107.69,-7.3835],[107.6915,-7.383],[107.6935,-7.3805],[107.7025,-7.3705],[107.7035,-7.3685],[107.7025,-7.366],[107.702,-7.352],[107.7105,-7.3365],[107.712,-7.3335],[107.712,-7.333],[107.7145,-7.329],[107.716,-7.3285],[107.7155,-7.327],[107.7175,-7.322],[107.718,-7.32],[107.723,-7.314],[107.7235,-7.313],[107.724,-7.301],[107.7245,-7.2995]]]},"properties":{"code":"32.05.34.2003","name":"Panawa","latitude":-7.330495093584375,"longitude":107.6911048694084}},{"type":"Feature","geometry":{"type":"Polygon","coordinates":[[[107.7265,-7.39],[107.726,-7.3885],[107.73,-7.383],[107.731,-7.358],[107.7245,-7.331],[107.721,-7.3375],[107.7175,-7.3665],[107.7165,-7.3945],[107.699,-7.4075],[107.6965,-7.4195],[107.704,-7.409],[107.705,-7.41],[107.706,-7.41],[107.7075,-7.411],[107.719,-7.4105],[107.7265,-7.39]]]},"properties":{"code":"32.05.34.2004","name":"Pananjung","latitude":-7.379076878357244,"longitude":107.72044038404765}},{"type":"Feature","geometry":{"type":"Polygon","coordinates":[[[107.668,-7.3005],[107.6645,-7.2985],[107.664,-7.298],[107.6605,-7.291],[107.659,-7.2905],[107.658,-7.29],[107.657,-7.291],[107.6555,-7.291],[107.655,-7.2915],[107.6545,-7.2915],[107.654,-7.293],[107.6505,-7.294],[107.65,-7.294],[107.649,-7.2945],[107.6465,-7.2955],[107.644,-7.297],[107.6445,-7.2975],[107.645,-7.2975],[107.647,-7.299],[107.6465,-7.3025],[107.649,-7.313],[107.6415,-7.323],[107.647,-7.332],[107.647,-7.3335],[107.6405,-7.341],[107.638,-7.351],[107.636,-7.361],[107.635,-7.3625],[107.6405,-7.386],[107.6395,-7.3975],[107.6445,-7.417],[107.6615,-7.4185],[107.664,-7.415],[107.6645,-7.415],[107.6675,-7.4025],[107.6535,-7.37],[107.6515,-7.361],[107.6485,-7.358],[107.648,-7.355],[107.651,-7.347],[107.6515,-7.339],[107.6685,-7.315],[107.6685,-7.3025],[107.668,-7.3005]]]},"properties":{"code":"32.05.34.2005","name":"Linggarjati","latitude":-7.358361585367163,"longitude":107.65179752470114}},{"type":"Feature","geometry":{"type":"Polygon","coordinates":[[[107.5145,-7.3515],[107.514,-7.351],[107.507,-7.3585],[107.5035,-7.362],[107.499,-7.362],[107.489,-7.3585],[107.4835,-7.36],[107.482,-7.363],[107.48,-7.367],[107.477,-7.371],[107.476,-7.3725],[107.4765,-7.375],[107.477,-7.377],[107.4735,-7.386],[107.481,-7.3825],[107.4975,-7.383],[107.509,-7.3775],[107.517,-7.3635],[107.518,-7.362],[107.5205,-7.358],[107.5225,-7.356],[107.525,-7.3545],[107.5145,-7.3515]]]},"properties":{"code":"32.05.35.2001","name":"Cisewu","latitude":-7.369571513846136,"longitude":107.4966570113052}},{"type":"Feature","geometry":{"type":"Polygon","coordinates":[[[107.609,-7.309],[107.6075,-7.309],[107.603,-7.31],[107.575,-7.313],[107.5575,-7.329],[107.557,-7.3315],[107.555,-7.3305],[107.555,-7.329],[107.553,-7.329],[107.552,-7.328],[107.5515,-7.329],[107.5475,-7.328],[107.546,-7.3275],[107.5435,-7.327],[107.541,-7.328],[107.534,-7.33],[107.533,-7.331],[107.5325,-7.331],[107.529,-7.3305],[107.5085,-7.3295],[107.498,-7.3335],[107.497,-7.335],[107.496,-7.337],[107.4945,-7.339],[107.493,-7.3405],[107.4925,-7.3405],[107.517,-7.3445],[107.5145,-7.3515],[107.525,-7.3545],[107.5275,-7.354],[107.533,-7.354],[107.5485,-7.355],[107.5565,-7.351],[107.6025,-7.3165],[107.609,-7.309]]]},"properties":{"code":"32.05.35.2002","name":"Girimukti","latitude":-7.334923348221278,"longitude":107.550170628302}},{"type":"Feature","geometry":{"type":"Polygon","coordinates":[[[107.5205,-7.391],[107.5205,-7.3905],[107.5205,-7.3865],[107.5165,-7.386],[107.5155,-7.3845],[107.5175,-7.38],[107.518,-7.3755],[107.517,-7.3635],[107.509,-7.3775],[107.4975,-7.383],[107.481,-7.3825],[107.4735,-7.386],[107.473,-7.388],[107.472,-7.402],[107.4715,-7.4025],[107.4805,-7.4095],[107.4915,-7.395],[107.509,-7.389],[107.513,-7.3905],[107.518,-7.391],[107.52,-7.3905],[107.5205,-7.391]]]},"properties":{"code":"32.05.35.2003","name":"Pamalayan","latitude":-7.388390879253743,"longitude":107.4947949837742}},{"type":"Feature","geometry":{"type":"Polygon","coordinates":[[[107.4805,-7.4095],[107.4715,-7.4025],[107.4715,-7.403],[107.444,-7.415],[107.4405,-7.4175],[107.44,-7.417],[107.4375,-7.419],[107.4285,-7.4375],[107.4275,-7.438],[107.4325,-7.439],[107.4365,-7.4415],[107.443,-7.4515],[107.452,-7.453],[107.4665,-7.441],[107.4765,-7.4395],[107.484,-7.42],[107.4805,-7.4095]]]},"properties":{"code":"32.05.35.2004","name":"Cikarang","latitude":-7.427337323576403,"longitude":107.45724417052791}},{"type":"Feature","geometry":{"type":"Polygon","coordinates":[[[107.61,-7.3095],[107.6025,-7.3165],[107.5565,-7.351],[107.5485,-7.355],[107.533,-7.354],[107.5275,-7.354],[107.5225,-7.356],[107.5205,-7.358],[107.518,-7.362],[107.517,-7.3635],[107.518,-7.3755],[107.5175,-7.38],[107.5155,-7.3845],[107.5165,-7.386],[107.5205,-7.3865],[107.5205,-7.3905],[107.5205,-7.3915],[107.5205,-7.3935],[107.522,-7.396],[107.5255,-7.3995],[107.5275,-7.4005],[107.526,-7.4035],[107.5195,-7.423],[107.519,-7.4235],[107.5185,-7.4255],[107.5445,-7.412],[107.5465,-7.407],[107.566,-7.3965],[107.568,-7.395],[107.569,-7.394],[107.583,-7.387],[107.5905,-7.372],[107.592,-7.3715],[107.594,-7.3675],[107.5965,-7.367],[107.5985,-7.3655],[107.599,-7.3645],[107.5985,-7.3635],[107.598,-7.3615],[107.5985,-7.3595],[107.605,-7.346],[107.6055,-7.3455],[107.6115,-7.3305],[107.61,-7.3205],[107.61,-7.313],[107.61,-7.3095]]]},"properties":{"code":"32.05.35.2005","name":"Sukajaya","latitude":-7.3695242885133805,"longitude":107.56068855383225}},{"type":"Feature","geometry":{"type":"Polygon","coordinates":[[[107.516,-7.3085],[107.5135,-7.3095],[107.503,-7.3075],[107.495,-7.323],[107.495,-7.3265],[107.4945,-7.328],[107.496,-7.3295],[107.497,-7.332],[107.4965,-7.334],[107.497,-7.335],[107.498,-7.3335],[107.5085,-7.3295],[107.529,-7.3305],[107.5325,-7.331],[107.5275,-7.3285],[107.516,-7.3085]]]},"properties":{"code":"32.05.35.2006","name":"Nyalindung","latitude":-7.321163570102556,"longitude":107.50838928509366}},{"type":"Feature","geometry":{"type":"Polygon","coordinates":[[[107.5085,-7.4275],[107.507,-7.424],[107.5055,-7.4205],[107.504,-7.4195],[107.4805,-7.4095],[107.484,-7.42],[107.4765,-7.4395],[107.4665,-7.441],[107.452,-7.453],[107.4525,-7.453],[107.4555,-7.454],[107.4615,-7.4515],[107.4645,-7.452],[107.482,-7.4525],[107.4875,-7.4505],[107.4905,-7.4425],[107.5085,-7.4275]]]},"properties":{"code":"32.05.35.2007","name":"Karangsewu","latitude":-7.434874357781276,"longitude":107.484478991955}},{"type":"Feature","geometry":{"type":"Polygon","coordinates":[[[107.4925,-7.3405],[107.4915,-7.34],[107.4905,-7.341],[107.4835,-7.347],[107.483,-7.3485],[107.484,-7.35],[107.4845,-7.351],[107.485,-7.3525],[107.4845,-7.3555],[107.4835,-7.36],[107.489,-7.3585],[107.499,-7.362],[107.5035,-7.362],[107.507,-7.3585],[107.514,-7.351],[107.5145,-7.3515],[107.517,-7.3445],[107.4925,-7.3405]]]},"properties":{"code":"32.05.35.2008","name":"Mekarsewu","latitude":-7.35062634761947,"longitude":107.49936721490147}},{"type":"Feature","geometry":{"type":"Polygon","coordinates":[[[107.5205,-7.391],[107.52,-7.3905],[107.518,-7.391],[107.513,-7.3905],[107.509,-7.389],[107.4915,-7.395],[107.4805,-7.4095],[107.504,-7.4195],[107.5055,-7.4205],[107.507,-7.424],[107.5085,-7.4275],[107.5105,-7.4275],[107.511,-7.4285],[107.5135,-7.426],[107.519,-7.4235],[107.5195,-7.423],[107.526,-7.4035],[107.5275,-7.4005],[107.5255,-7.3995],[107.522,-7.396],[107.5205,-7.3935],[107.5205,-7.3915],[107.5205,-7.391]]]},"properties":{"code":"32.05.35.2009","name":"Panggalih","latitude":-7.406231302129913,"longitude":107.50651789408388}},{"type":"Feature","geometry":{"type":"Polygon","coordinates":[[[107.5105,-7.428],[107.5105,-7.4275],[107.5085,-7.4275],[107.4905,-7.4425],[107.4875,-7.4505],[107.49,-7.4555],[107.499,-7.4675],[107.497,-7.4905],[107.4975,-7.4905],[107.5265,-7.479],[107.529,-7.4705],[107.5295,-7.47],[107.5205,-7.461],[107.5195,-7.4455],[107.511,-7.444],[107.513,-7.433],[107.5085,-7.429],[107.509,-7.428],[107.51,-7.4285],[107.5105,-7.428]]]},"properties":{"code":"32.05.36.2001","name":"Caringin","latitude":-7.460243507438016,"longitude":107.5073279830551}},{"type":"Feature","geometry":{"type":"Polygon","coordinates":[[[107.4975,-7.4905],[107.497,-7.4905],[107.499,-7.4675],[107.49,-7.4555],[107.4855,-7.4525],[107.479,-7.4665],[107.4845,-7.479],[107.4625,-7.4955],[107.459,-7.514],[107.4735,-7.5185],[107.481,-7.5175],[107.482,-7.517],[107.485,-7.5145],[107.4855,-7.512],[107.4975,-7.4915],[107.4975,-7.4905]]]},"properties":{"code":"32.05.36.2002","name":"Indralayang","latitude":-7.489437390470714,"longitude":107.48203152001383}},{"type":"Feature","geometry":{"type":"Polygon","coordinates":[[[107.452,-7.453],[107.443,-7.4515],[107.4365,-7.4415],[107.4325,-7.439],[107.4275,-7.438],[107.427,-7.439],[107.427,-7.4505],[107.426,-7.4535],[107.4205,-7.463],[107.426,-7.4945],[107.4235,-7.505],[107.4355,-7.506],[107.4375,-7.503],[107.438,-7.5015],[107.4395,-7.4945],[107.4395,-7.4935],[107.437,-7.4925],[107.4405,-7.4885],[107.4415,-7.4905],[107.443,-7.4895],[107.4445,-7.481],[107.4445,-7.4805],[107.442,-7.475],[107.4435,-7.476],[107.445,-7.4745],[107.4465,-7.473],[107.4445,-7.47],[107.444,-7.466],[107.447,-7.4605],[107.4505,-7.457],[107.453,-7.4545],[107.453,-7.4535],[107.453,-7.453],[107.452,-7.453]]]},"properties":{"code":"32.05.36.2003","name":"Cimahi","latitude":-7.471774625494506,"longitude":107.43358242736903}},{"type":"Feature","geometry":{"type":"Polygon","coordinates":[[[107.602,-7.371],[107.5995,-7.368],[107.599,-7.3645],[107.5985,-7.3655],[107.5965,-7.367],[107.594,-7.3675],[107.592,-7.3715],[107.5905,-7.372],[107.583,-7.387],[107.569,-7.394],[107.568,-7.395],[107.566,-7.3965],[107.5465,-7.407],[107.5445,-7.412],[107.5185,-7.4255],[107.5135,-7.426],[107.511,-7.4285],[107.5105,-7.428],[107.51,-7.4285],[107.509,-7.428],[107.5085,-7.429],[107.513,-7.433],[107.511,-7.444],[107.5195,-7.4455],[107.5205,-7.461],[107.5295,-7.47],[107.5295,-7.4695],[107.541,-7.448],[107.5605,-7.424],[107.568,-7.42],[107.57,-7.4165],[107.5745,-7.41],[107.576,-7.408],[107.578,-7.4065],[107.58,-7.4045],[107.5805,-7.4045],[107.582,-7.403],[107.586,-7.402],[107.5895,-7.401],[107.592,-7.3995],[107.603,-7.378],[107.602,-7.371]]]},"properties":{"code":"32.05.36.2004","name":"Sukarame","latitude":-7.420268169521921,"longitude":107.55170593566669}},{"type":"Feature","geometry":{"type":"Polygon","coordinates":[[[107.5265,-7.479],[107.4975,-7.4905],[107.4975,-7.4915],[107.4855,-7.512],[107.485,-7.5145],[107.482,-7.517],[107.481,-7.5175],[107.4735,-7.5185],[107.4815,-7.538],[107.4955,-7.534],[107.495,-7.527],[107.503,-7.5085],[107.5165,-7.504],[107.527,-7.4815],[107.5265,-7.481],[107.5265,-7.479]]]},"properties":{"code":"32.05.36.2005","name":"Purbayani","latitude":-7.50746805880297,"longitude":107.49931324462611}},{"type":"Feature","geometry":{"type":"Polygon","coordinates":[[[107.4855,-7.4525],[107.482,-7.4525],[107.4645,-7.452],[107.4615,-7.4515],[107.4555,-7.454],[107.453,-7.453],[107.453,-7.4535],[107.453,-7.4545],[107.4505,-7.457],[107.447,-7.4605],[107.444,-7.466],[107.4445,-7.47],[107.4465,-7.473],[107.445,-7.4745],[107.4435,-7.476],[107.442,-7.475],[107.4445,-7.4805],[107.4445,-7.481],[107.443,-7.4895],[107.4415,-7.4905],[107.4405,-7.4885],[107.437,-7.4925],[107.4395,-7.4935],[107.4395,-7.4945],[107.438,-7.5015],[107.4375,-7.503],[107.4355,-7.506],[107.459,-7.514],[107.4625,-7.4955],[107.4845,-7.479],[107.479,-7.4665],[107.4855,-7.4525]]]},"properties":{"code":"32.05.36.2006","name":"Samuderajaya","latitude":-7.47972413418778,"longitude":107.45925424817558}},{"type":"Feature","geometry":{"type":"Polygon","coordinates":[[[107.588,-7.2795],[107.585,-7.278],[107.5845,-7.2775],[107.5835,-7.278],[107.583,-7.2785],[107.581,-7.279],[107.5785,-7.2805],[107.5775,-7.285],[107.548,-7.297],[107.54,-7.293],[107.5395,-7.2925],[107.5385,-7.2935],[107.5355,-7.2935],[107.517,-7.308],[107.516,-7.3085],[107.5275,-7.3285],[107.533,-7.331],[107.534,-7.33],[107.541,-7.328],[107.5435,-7.327],[107.546,-7.3275],[107.5475,-7.328],[107.5515,-7.329],[107.552,-7.328],[107.553,-7.329],[107.555,-7.329],[107.555,-7.3305],[107.557,-7.3315],[107.5575,-7.329],[107.575,-7.313],[107.603,-7.31],[107.6075,-7.309],[107.6065,-7.3085],[107.599,-7.283],[107.5915,-7.2815],[107.59,-7.281],[107.588,-7.2795]]]},"properties":{"code":"32.05.37.2001","name":"Sukamaju","latitude":-7.306062301936335,"longitude":107.56135139391252}},{"type":"Feature","geometry":{"type":"Polygon","coordinates":[[[107.537,-7.2935],[107.535,-7.255],[107.5345,-7.2515],[107.5325,-7.2495],[107.531,-7.25],[107.525,-7.256],[107.513,-7.2515],[107.51,-7.252],[107.509,-7.2535],[107.508,-7.254],[107.506,-7.2545],[107.4875,-7.2625],[107.4835,-7.2715],[107.484,-7.2735],[107.5025,-7.283],[107.506,-7.289],[107.503,-7.3075],[107.5135,-7.3095],[107.517,-7.308],[107.5355,-7.2935],[107.537,-7.2935]]]},"properties":{"code":"32.05.37.2002","name":"Sukamulya","latitude":-7.277052677465026,"longitude":107.51544782084908}},{"type":"Feature","geometry":{"type":"Polygon","coordinates":[[[107.506,-7.2545],[107.5075,-7.2525],[107.5075,-7.2515],[107.504,-7.2495],[107.5005,-7.25],[107.498,-7.2535],[107.493,-7.2585],[107.4835,-7.252],[107.481,-7.2515],[107.479,-7.253],[107.4765,-7.2565],[107.474,-7.262],[107.4745,-7.265],[107.4735,-7.2655],[107.4575,-7.2885],[107.4555,-7.29],[107.4555,-7.291],[107.4585,-7.2975],[107.458,-7.3],[107.459,-7.3075],[107.4595,-7.3095],[107.461,-7.31],[107.461,-7.3105],[107.464,-7.31],[107.467,-7.309],[107.479,-7.2995],[107.484,-7.287],[107.485,-7.2825],[107.4845,-7.275],[107.4835,-7.2715],[107.4875,-7.2625],[107.506,-7.2545]]]},"properties":{"code":"32.05.37.2003","name":"Mekarmukti","latitude":-7.281302260022242,"longitude":107.47486727907197}},{"type":"Feature","geometry":{"type":"Polygon","coordinates":[[[107.503,-7.3075],[107.506,-7.289],[107.5025,-7.283],[107.484,-7.2735],[107.485,-7.2755],[107.4865,-7.2805],[107.489,-7.296],[107.4815,-7.307],[107.4895,-7.3225],[107.491,-7.3235],[107.4945,-7.3245],[107.495,-7.323],[107.503,-7.3075]]]},"properties":{"code":"32.05.37.2004","name":"Mekarmulya","latitude":-7.298411454891716,"longitude":107.49414251462746}},{"type":"Feature","geometry":{"type":"Polygon","coordinates":[[[107.5465,-7.2575],[107.5325,-7.249],[107.5325,-7.2495],[107.5345,-7.2515],[107.535,-7.255],[107.537,-7.2935],[107.5385,-7.2935],[107.5395,-7.2925],[107.54,-7.293],[107.548,-7.297],[107.5775,-7.285],[107.5785,-7.2805],[107.581,-7.279],[107.583,-7.2785],[107.5835,-7.278],[107.5845,-7.2775],[107.584,-7.277],[107.5805,-7.274],[107.579,-7.2735],[107.579,-7.2725],[107.5785,-7.269],[107.562,-7.257],[107.561,-7.254],[107.5585,-7.2525],[107.5565,-7.2515],[107.553,-7.2515],[107.55,-7.2555],[107.5465,-7.2575]]]},"properties":{"code":"32.05.37.2005","name":"Sukalaksana","latitude":-7.273813219723557,"longitude":107.55528294342724}},{"type":"Feature","geometry":{"type":"Polygon","coordinates":[[[107.487,-7.3235],[107.4895,-7.3225],[107.4815,-7.307],[107.489,-7.296],[107.4865,-7.2805],[107.485,-7.2755],[107.484,-7.2735],[107.4845,-7.275],[107.485,-7.2825],[107.484,-7.287],[107.479,-7.2995],[107.467,-7.309],[107.464,-7.31],[107.461,-7.3105],[107.4605,-7.312],[107.464,-7.3215],[107.4655,-7.3255],[107.466,-7.327],[107.4665,-7.3275],[107.469,-7.327],[107.471,-7.3265],[107.4745,-7.3265],[107.4755,-7.3255],[107.483,-7.325],[107.487,-7.3235]]]},"properties":{"code":"32.05.37.2006","name":"Selaawi","latitude":-7.311643970886513,"longitude":107.47705855386701}},{"type":"Feature","geometry":{"type":"Polygon","coordinates":[[[107.4945,-7.3245],[107.491,-7.3235],[107.487,-7.3235],[107.483,-7.325],[107.4755,-7.3255],[107.4745,-7.3265],[107.471,-7.3265],[107.469,-7.327],[107.4665,-7.3275],[107.4675,-7.3285],[107.474,-7.3395],[107.4745,-7.341],[107.4745,-7.342],[107.475,-7.343],[107.481,-7.348],[107.483,-7.3485],[107.4835,-7.347],[107.4905,-7.341],[107.4915,-7.34],[107.493,-7.3405],[107.4945,-7.339],[107.496,-7.337],[107.497,-7.335],[107.4965,-7.334],[107.497,-7.332],[107.496,-7.3295],[107.4945,-7.328],[107.495,-7.3265],[107.4945,-7.3245]]]},"properties":{"code":"32.05.37.2007","name":"Mekarwangi","latitude":-7.334269927201803,"longitude":107.48358015675358}},{"type":"Feature","geometry":{"type":"Polygon","coordinates":[[[107.9825,-7.0305],[107.9755,-7.033],[107.974,-7.0345],[107.9745,-7.041],[107.977,-7.042],[107.9805,-7.043],[107.981,-7.042],[107.9835,-7.0305],[107.9825,-7.0305]]]},"properties":{"code":"32.05.38.2001","name":"Limbangan Tengah","latitude":-7.036800936399859,"longitude":107.97781166590038}},{"type":"Feature","geometry":{"type":"Polygon","coordinates":[[[107.9745,-7.041],[107.974,-7.0345],[107.972,-7.035],[107.971,-7.035],[107.9695,-7.036],[107.9685,-7.036],[107.966,-7.0395],[107.9655,-7.0425],[107.963,-7.0445],[107.961,-7.0475],[107.96,-7.0485],[107.9585,-7.049],[107.9575,-7.049],[107.958,-7.0495],[107.972,-7.045],[107.9735,-7.042],[107.9745,-7.041]]]},"properties":{"code":"32.05.38.2002","name":"Limbangan Barat","latitude":-7.042617146124149,"longitude":107.96838730073995}},{"type":"Feature","geometry":{"type":"Polygon","coordinates":[[[107.9995,-7.034],[107.999,-7.0335],[107.9925,-7.0335],[107.9905,-7.033],[107.9915,-7.038],[107.991,-7.04],[107.99,-7.0435],[107.9915,-7.044],[107.995,-7.043],[107.9965,-7.0425],[108.0005,-7.046],[108.003,-7.0465],[108.0075,-7.0445],[108.0075,-7.0435],[108.006,-7.043],[108.006,-7.042],[108.006,-7.0415],[108.0045,-7.041],[108.0045,-7.04],[108.001,-7.0355],[107.9995,-7.0345],[107.9995,-7.034]]]},"properties":{"code":"32.05.38.2003","name":"Galihpakuwon","latitude":-7.039601570567566,"longitude":107.99812477862368}},{"type":"Feature","geometry":{"type":"Polygon","coordinates":[[[108.0305,-7.032],[108.0305,-7.0315],[108.0305,-7.0265],[108.022,-7.02],[108.0215,-7.0205],[108.0145,-7.039],[108.0155,-7.0395],[108.017,-7.0415],[108.02,-7.044],[108.02,-7.045],[108.0215,-7.0445],[108.022,-7.0415],[108.0245,-7.039],[108.0255,-7.0385],[108.028,-7.0395],[108.03,-7.0325],[108.0305,-7.032]]]},"properties":{"code":"32.05.38.2004","name":"Surabaya","latitude":-7.03271482243427,"longitude":108.0229001441743}},{"type":"Feature","geometry":{"type":"Polygon","coordinates":[[[107.9515,-7.028],[107.948,-7.0165],[107.9455,-7.018],[107.943,-7.0185],[107.9415,-7.03],[107.9415,-7.032],[107.937,-7.0305],[107.931,-7.032],[107.9305,-7.0325],[107.931,-7.0345],[107.9365,-7.042],[107.938,-7.0425],[107.946,-7.043],[107.9485,-7.04],[107.95,-7.0305],[107.951,-7.0285],[107.9515,-7.028]]]},"properties":{"code":"32.05.38.2005","name":"Cijolang","latitude":-7.031645909077973,"longitude":107.94300504388926}},{"type":"Feature","geometry":{"type":"Polygon","coordinates":[[[108.0215,-7.0205],[108.0215,-7.02],[108.0125,-7.016],[108.0115,-7.019],[108.009,-7.0195],[108.003,-7.0225],[108,-7.0325],[108,-7.034],[107.9995,-7.034],[107.9995,-7.0345],[108.001,-7.0355],[108.0045,-7.04],[108.0045,-7.041],[108.006,-7.0415],[108.006,-7.042],[108.006,-7.043],[108.0075,-7.0435],[108.0095,-7.0435],[108.01,-7.045],[108.012,-7.0455],[108.0115,-7.0425],[108.0145,-7.042],[108.0145,-7.0415],[108.015,-7.039],[108.0145,-7.039],[108.0215,-7.0205]]]},"properties":{"code":"32.05.38.2006","name":"Neglasari","latitude":-7.03021182267511,"longitude":108.01020608220547}},{"type":"Feature","geometry":{"type":"Polygon","coordinates":[[[107.943,-7.0185],[107.9445,-7.0165],[107.938,-7.0075],[107.936,-7.005],[107.9065,-6.994],[107.908,-7.009],[107.906,-7.0105],[107.906,-7.0125],[107.9065,-7.0135],[107.9065,-7.0155],[107.907,-7.018],[107.909,-7.0205],[107.937,-7.0305],[107.9415,-7.032],[107.9415,-7.03],[107.943,-7.0185]]]},"properties":{"code":"32.05.38.2007","name":"Simpen Kaler","latitude":-7.012960859815325,"longitude":107.9237130111125}},{"type":"Feature","geometry":{"type":"Polygon","coordinates":[[[107.9845,-7.023],[107.9645,-7.0115],[107.964,-7.011],[107.9625,-7.0115],[107.962,-7.0175],[107.9615,-7.018],[107.9605,-7.018],[107.957,-7.0185],[107.948,-7.0165],[107.9515,-7.028],[107.9605,-7.0255],[107.9625,-7.027],[107.9625,-7.0275],[107.966,-7.0305],[107.9665,-7.033],[107.9675,-7.0345],[107.9695,-7.036],[107.971,-7.035],[107.972,-7.035],[107.9755,-7.033],[107.9825,-7.0305],[107.9815,-7.03],[107.983,-7.029],[107.987,-7.0275],[107.985,-7.0235],[107.9845,-7.023]]]},"properties":{"code":"32.05.38.2008","name":"Pasirwaru","latitude":-7.023861087130046,"longitude":107.96844415914406}},{"type":"Feature","geometry":{"type":"Polygon","coordinates":[[[107.937,-7.0305],[107.909,-7.0205],[107.9095,-7.022],[107.91,-7.0225],[107.91,-7.025],[107.91,-7.0295],[107.9105,-7.035],[107.915,-7.037],[107.922,-7.0345],[107.923,-7.0345],[107.931,-7.0345],[107.9305,-7.0325],[107.931,-7.032],[107.937,-7.0305]]]},"properties":{"code":"32.05.38.2009","name":"Simpen Kidul","latitude":-7.029334740186955,"longitude":107.92031111101002}},{"type":"Feature","geometry":{"type":"Polygon","coordinates":[[[107.958,-6.9605],[107.9575,-6.9605],[107.9525,-6.9585],[107.95,-6.9585],[107.949,-6.961],[107.9465,-6.9625],[107.9455,-6.965],[107.9395,-6.9685],[107.937,-6.975],[107.938,-6.9785],[107.944,-6.9815],[107.947,-6.984],[107.9555,-6.9925],[107.9625,-7.0105],[107.9635,-7.0105],[107.9645,-7.0115],[107.9845,-7.023],[107.9845,-7.007],[107.985,-7.005],[107.983,-7.0035],[107.9835,-7.003],[107.9885,-7.003],[107.9875,-7.002],[107.9885,-6.9915],[107.985,-6.9905],[107.981,-6.989],[107.972,-6.976],[107.9625,-6.971],[107.9605,-6.965],[107.958,-6.9605]]]},"properties":{"code":"32.05.38.2010","name":"Ciwangi","latitude":-6.989030360260557,"longitude":107.9642299121309}},{"type":"Feature","geometry":{"type":"Polygon","coordinates":[[[107.9685,-7.036],[107.9675,-7.0345],[107.9665,-7.033],[107.966,-7.0305],[107.9625,-7.0275],[107.9625,-7.027],[107.9605,-7.0255],[107.9515,-7.028],[107.951,-7.0285],[107.95,-7.0305],[107.9485,-7.04],[107.946,-7.043],[107.9475,-7.042],[107.9495,-7.0435],[107.9515,-7.044],[107.956,-7.048],[107.9575,-7.049],[107.959,-7.049],[107.96,-7.0485],[107.961,-7.0475],[107.963,-7.0445],[107.9655,-7.0425],[107.966,-7.0395],[107.9685,-7.036]]]},"properties":{"code":"32.05.38.2011","name":"Cigagade","latitude":-7.036783819787648,"longitude":107.95774126141059}},{"type":"Feature","geometry":{"type":"Polygon","coordinates":[[[107.9905,-7.028],[107.989,-7.028],[107.985,-7.0235],[107.987,-7.0275],[107.983,-7.029],[107.9815,-7.03],[107.9835,-7.0305],[107.981,-7.042],[107.9815,-7.042],[107.984,-7.043],[107.9875,-7.043],[107.99,-7.0435],[107.991,-7.04],[107.9915,-7.038],[107.9905,-7.033],[107.9905,-7.0325],[107.9905,-7.028]]]},"properties":{"code":"32.05.38.2012","name":"Limbangan Timur","latitude":-7.035472344784589,"longitude":107.98596739442571}},{"type":"Feature","geometry":{"type":"Polygon","coordinates":[[[108.003,-7.0225],[107.9995,-7.023],[107.999,-7.0225],[107.9955,-7.0215],[107.9945,-7.0205],[107.994,-7.02],[107.993,-7.021],[107.994,-7.0235],[107.9905,-7.028],[107.9905,-7.0325],[107.9925,-7.0335],[107.999,-7.0335],[108,-7.034],[108,-7.0325],[108.003,-7.0225]]]},"properties":{"code":"32.05.38.2013","name":"Dunguswiru","latitude":-7.027304924341054,"longitude":107.9967741144638}},{"type":"Feature","geometry":{"type":"Polygon","coordinates":[[[107.9195,-6.9475],[107.9175,-6.9475],[107.915,-6.9525],[107.9145,-6.953],[107.916,-6.968],[107.908,-6.9675],[107.8895,-6.9815],[107.8945,-6.9825],[107.898,-6.9835],[107.898,-6.9845],[107.8995,-6.9855],[107.9065,-6.994],[107.936,-7.005],[107.938,-7.0075],[107.9445,-7.0165],[107.9455,-7.018],[107.948,-7.0165],[107.957,-7.0185],[107.9605,-7.018],[107.9615,-7.018],[107.962,-7.0175],[107.9625,-7.0115],[107.964,-7.011],[107.9625,-7.0105],[107.9555,-6.9925],[107.947,-6.984],[107.944,-6.9815],[107.938,-6.9785],[107.937,-6.975],[107.9395,-6.9685],[107.9455,-6.965],[107.9465,-6.9625],[107.949,-6.961],[107.95,-6.9585],[107.948,-6.9585],[107.9365,-6.956],[107.934,-6.955],[107.9315,-6.956],[107.93,-6.9555],[107.9295,-6.954],[107.928,-6.9535],[107.9275,-6.9525],[107.927,-6.9515],[107.927,-6.95],[107.9215,-6.949],[107.9195,-6.9475]]]},"properties":{"code":"32.05.38.2014","name":"Pangeureunan","latitude":-6.9842217253143035,"longitude":107.93053049130853}},{"type":"Feature","geometry":{"type":"Polygon","coordinates":[[[108.0245,-6.9995],[108.0215,-6.999],[108.014,-6.998],[108.0155,-6.999],[108.0165,-7.001],[108.0175,-7.0115],[108.017,-7.0125],[108.018,-7.013],[108.018,-7.014],[108.0185,-7.014],[108.02,-7.014],[108.0215,-7.015],[108.023,-7.015],[108.0405,-7.0205],[108.041,-7.0195],[108.0415,-7.0185],[108.042,-7.018],[108.024,-7.0025],[108.0235,-7],[108.0245,-6.9995]]]},"properties":{"code":"32.05.39.2001","name":"Selaawi","latitude":-7.009934149518105,"longitude":108.02634814979758}},{"type":"Feature","geometry":{"type":"Polygon","coordinates":[[[107.9965,-6.991],[107.9885,-6.9915],[107.9875,-7.002],[107.9895,-7.0035],[108.003,-7.0115],[108.003,-7.014],[108.0105,-7.019],[108.0115,-7.019],[108.0125,-7.016],[108.0155,-7.0155],[108.0165,-7.014],[108.017,-7.0135],[108.0175,-7.0125],[108.0175,-7.0115],[108.0165,-7.001],[108.0155,-6.999],[108.014,-6.998],[107.9965,-6.991]]]},"properties":{"code":"32.05.39.2002","name":"Putrajawa","latitude":-7.003304036739232,"longitude":108.00332557192878}},{"type":"Feature","geometry":{"type":"Polygon","coordinates":[[[107.9885,-7.003],[107.9835,-7.003],[107.983,-7.0035],[107.985,-7.005],[107.9845,-7.007],[107.9845,-7.023],[107.985,-7.0235],[107.989,-7.028],[107.994,-7.0235],[107.993,-7.021],[107.994,-7.02],[107.9945,-7.0205],[107.9955,-7.0215],[107.999,-7.0225],[107.9995,-7.023],[108.003,-7.0225],[108.009,-7.0195],[108.0105,-7.019],[108.003,-7.014],[108.003,-7.0115],[107.9895,-7.0035],[107.9885,-7.003]]]},"properties":{"code":"32.05.39.2003","name":"Cigawir","latitude":-7.01496000696426,"longitude":107.99355590454728}},{"type":"Feature","geometry":{"type":"Polygon","coordinates":[[[107.9665,-6.959],[107.9655,-6.9595],[107.963,-6.9585],[107.96,-6.96],[107.958,-6.9605],[107.9605,-6.965],[107.9625,-6.971],[107.972,-6.976],[107.981,-6.989],[107.985,-6.9905],[107.9885,-6.9915],[107.9965,-6.991],[107.997,-6.99],[108,-6.989],[108.003,-6.989],[108.004,-6.9885],[108.002,-6.988],[108.0045,-6.988],[108.0105,-6.986],[108.011,-6.9855],[108.0155,-6.9815],[108.016,-6.98],[108.014,-6.98],[108,-6.9835],[107.986,-6.979],[107.9665,-6.959]]]},"properties":{"code":"32.05.39.2004","name":"Pelitaasih","latitude":-6.978440253640932,"longitude":107.9823074231571}},{"type":"Feature","geometry":{"type":"Polygon","coordinates":[[[108.0485,-6.9935],[108.0475,-6.9925],[108.0455,-6.9955],[108.037,-6.992],[108.0365,-6.9915],[108.032,-6.992],[108.0305,-6.9915],[108.028,-6.996],[108.025,-6.9995],[108.0245,-6.9995],[108.0235,-7],[108.024,-7.0025],[108.042,-7.018],[108.0435,-7.0165],[108.0435,-7.015],[108.0495,-7.0135],[108.056,-7.013],[108.054,-7.01],[108.057,-7.005],[108.06,-6.9975],[108.06,-6.9955],[108.0605,-6.995],[108.06,-6.995],[108.051,-6.9945],[108.0495,-6.9945],[108.0485,-6.9935]]]},"properties":{"code":"32.05.39.2005","name":"Cirapuhan","latitude":-7.0034183388295475,"longitude":108.04186023281821}},{"type":"Feature","geometry":{"type":"Polygon","coordinates":[[[108.0405,-7.0205],[108.023,-7.015],[108.0215,-7.015],[108.02,-7.014],[108.0185,-7.014],[108.018,-7.014],[108.0175,-7.013],[108.017,-7.0125],[108.017,-7.0135],[108.0165,-7.014],[108.0155,-7.0155],[108.0125,-7.016],[108.0215,-7.02],[108.022,-7.02],[108.0305,-7.0265],[108.0305,-7.0315],[108.0305,-7.032],[108.0315,-7.032],[108.035,-7.035],[108.036,-7.0335],[108.0365,-7.033],[108.0385,-7.034],[108.0395,-7.036],[108.041,-7.0325],[108.042,-7.0315],[108.04,-7.0265],[108.0415,-7.024],[108.0405,-7.021],[108.0405,-7.0205]]]},"properties":{"code":"32.05.39.2006","name":"Mekarsari","latitude":-7.023161169880101,"longitude":108.03049713821753}},{"type":"Feature","geometry":{"type":"Polygon","coordinates":[[[108.023,-6.982],[108.016,-6.9805],[108.016,-6.98],[108.0155,-6.9815],[108.011,-6.9855],[108.0105,-6.986],[108.0045,-6.988],[108.002,-6.988],[108.004,-6.9885],[108.003,-6.989],[108,-6.989],[107.997,-6.99],[107.9965,-6.991],[108.014,-6.998],[108.0215,-6.999],[108.025,-6.9995],[108.028,-6.996],[108.0305,-6.9915],[108.03,-6.9905],[108.0305,-6.9895],[108.029,-6.9885],[108.025,-6.985],[108.023,-6.982]]]},"properties":{"code":"32.05.39.2007","name":"Samida","latitude":-6.9908025281401,"longitude":108.01591866570571}},{"type":"Feature","geometry":{"type":"Polygon","coordinates":[[[107.962,-7.0715],[107.955,-7.069],[107.95,-7.071],[107.9435,-7.073],[107.943,-7.0765],[107.9435,-7.085],[107.9445,-7.089],[107.946,-7.09],[107.9465,-7.0905],[107.947,-7.091],[107.9545,-7.0925],[107.955,-7.0895],[107.9555,-7.0885],[107.956,-7.0865],[107.961,-7.083],[107.9605,-7.081],[107.962,-7.0715]]]},"properties":{"code":"32.05.40.2001","name":"Cipareuan","latitude":-7.079657207464905,"longitude":107.95223325681613}},{"type":"Feature","geometry":{"type":"Polygon","coordinates":[[[107.975,-7.0485],[107.9615,-7.062],[107.955,-7.063],[107.9525,-7.064],[107.954,-7.0645],[107.9545,-7.0645],[107.9565,-7.0665],[107.956,-7.068],[107.955,-7.069],[107.962,-7.0715],[107.9685,-7.071],[107.971,-7.072],[107.972,-7.074],[107.9755,-7.078],[107.977,-7.0765],[107.9785,-7.0765],[107.98,-7.076],[107.98,-7.075],[107.9815,-7.0735],[107.981,-7.0725],[107.9815,-7.071],[107.981,-7.07],[107.9795,-7.069],[107.978,-7.0625],[107.9765,-7.064],[107.9755,-7.0495],[107.975,-7.0485]]]},"properties":{"code":"32.05.40.2002","name":"Cibiuk Kaler","latitude":-7.0649001692304285,"longitude":107.96993253717872}},{"type":"Feature","geometry":{"type":"Polygon","coordinates":[[[107.98,-7.076],[107.9785,-7.0765],[107.977,-7.0765],[107.9755,-7.078],[107.972,-7.074],[107.971,-7.072],[107.9685,-7.071],[107.962,-7.0715],[107.9605,-7.081],[107.9625,-7.083],[107.967,-7.084],[107.974,-7.0855],[107.975,-7.0855],[107.976,-7.084],[107.9765,-7.085],[107.9775,-7.084],[107.9795,-7.077],[107.98,-7.076]]]},"properties":{"code":"32.05.40.2003","name":"Cibiuk Kidul","latitude":-7.078689524019204,"longitude":107.96911020527999}},{"type":"Feature","geometry":{"type":"Polygon","coordinates":[[[107.978,-7.0455],[107.977,-7.042],[107.9745,-7.041],[107.9735,-7.042],[107.972,-7.045],[107.958,-7.0495],[107.9575,-7.049],[107.956,-7.048],[107.9515,-7.044],[107.9495,-7.0435],[107.9475,-7.042],[107.945,-7.0435],[107.948,-7.056],[107.9475,-7.058],[107.948,-7.059],[107.9505,-7.0615],[107.951,-7.0625],[107.9525,-7.064],[107.955,-7.063],[107.9615,-7.062],[107.975,-7.0485],[107.976,-7.0475],[107.978,-7.0455]]]},"properties":{"code":"32.05.40.2004","name":"Majasari","latitude":-7.052775125868265,"longitude":107.95899510209745}},{"type":"Feature","geometry":{"type":"Polygon","coordinates":[[[107.946,-7.043],[107.938,-7.0425],[107.9385,-7.044],[107.936,-7.0435],[107.9345,-7.044],[107.9305,-7.0455],[107.926,-7.0505],[107.9275,-7.052],[107.927,-7.052],[107.9275,-7.052],[107.9285,-7.0525],[107.9295,-7.0525],[107.9305,-7.053],[107.9305,-7.0535],[107.932,-7.055],[107.933,-7.0645],[107.9425,-7.074],[107.9435,-7.073],[107.95,-7.071],[107.956,-7.068],[107.9565,-7.0665],[107.9545,-7.0645],[107.954,-7.0645],[107.952,-7.064],[107.951,-7.0625],[107.9505,-7.0615],[107.948,-7.059],[107.9475,-7.058],[107.948,-7.056],[107.945,-7.0435],[107.946,-7.043]]]},"properties":{"code":"32.05.40.2005","name":"Lingkungpasir","latitude":-7.057791518327237,"longitude":107.94095933804326}},{"type":"Feature","geometry":{"type":"Polygon","coordinates":[[[107.988,-7.156],[107.9875,-7.156],[107.9855,-7.156],[107.9825,-7.1545],[107.982,-7.153],[107.9805,-7.156],[107.9825,-7.16],[107.986,-7.1645],[107.9895,-7.168],[107.991,-7.17],[107.9915,-7.1715],[107.9925,-7.172],[107.9945,-7.1705],[107.988,-7.156]]]},"properties":{"code":"32.05.41.2001","name":"Citangtu","latitude":-7.162030140846375,"longitude":107.98706081921623}},{"type":"Feature","geometry":{"type":"MultiPolygon","coordinates":[[[[107.9965,-7.1545],[107.995,-7.155],[107.995,-7.1555],[107.9935,-7.157],[107.994,-7.1635],[107.9955,-7.1645],[107.9975,-7.1635],[107.9975,-7.163],[107.9985,-7.1625],[107.9985,-7.1615],[107.997,-7.1565],[107.9965,-7.1545]]],[[[107.9905,-7.1445],[107.99,-7.1435],[107.9915,-7.15],[107.9975,-7.1515],[107.999,-7.1515],[107.9965,-7.149],[107.994,-7.146],[107.9925,-7.1455],[107.9905,-7.1445]]]]},"properties":{"code":"32.05.41.2002","name":"Cimaragas","latitude":-7.154899107267266,"longitude":107.99493104342554}},{"type":"Feature","geometry":{"type":"Polygon","coordinates":[[[108.004,-7.161],[108.0015,-7.1615],[107.9985,-7.1615],[107.9985,-7.1625],[107.998,-7.1635],[108.0015,-7.17],[108.004,-7.1725],[108.0085,-7.177],[108.0155,-7.181],[108.0155,-7.1795],[108.009,-7.1695],[108.0065,-7.167],[108.004,-7.161]]]},"properties":{"code":"32.05.41.2003","name":"Babakan Loa","latitude":-7.17013915364756,"longitude":108.00594669985065}},{"type":"Feature","geometry":{"type":"Polygon","coordinates":[[[108.0725,-7.1925],[108.0705,-7.193],[108.0625,-7.19],[108.056,-7.1845],[108.0425,-7.1805],[108.0355,-7.1775],[108.026,-7.1725],[108.0215,-7.175],[108.021,-7.1765],[108.021,-7.1775],[108.0195,-7.1775],[108.02,-7.183],[108.017,-7.182],[108.0175,-7.1855],[108.032,-7.193],[108.0335,-7.1935],[108.0465,-7.198],[108.0575,-7.2075],[108.066,-7.2075],[108.0675,-7.2035],[108.0685,-7.2015],[108.0745,-7.199],[108.075,-7.1975],[108.075,-7.1965],[108.0745,-7.1955],[108.0725,-7.1925]]]},"properties":{"code":"32.05.41.2004","name":"Sukahurip","latitude":-7.190656753072212,"longitude":108.04685189962058}},{"type":"Feature","geometry":{"type":"Polygon","coordinates":[[[107.9875,-7.1405],[107.9865,-7.14],[107.9855,-7.1395],[107.983,-7.1385],[107.981,-7.1385],[107.9805,-7.138],[107.9785,-7.139],[107.9785,-7.138],[107.9775,-7.137],[107.977,-7.138],[107.9745,-7.1415],[107.973,-7.143],[107.973,-7.1445],[107.974,-7.1465],[107.974,-7.148],[107.9745,-7.1515],[107.9735,-7.157],[107.9765,-7.159],[107.9775,-7.1625],[107.9785,-7.1605],[107.9875,-7.1405]]]},"properties":{"code":"32.05.41.2005","name":"Sukamulya","latitude":-7.147453127172636,"longitude":107.97926638031667}},{"type":"Feature","geometry":{"type":"Polygon","coordinates":[[[107.9935,-7.1595],[107.9895,-7.1555],[107.988,-7.1555],[107.988,-7.156],[107.9945,-7.1705],[107.993,-7.1715],[107.9945,-7.173],[107.9955,-7.173],[107.999,-7.175],[108.0025,-7.178],[108.014,-7.1805],[108.0085,-7.177],[108.004,-7.1725],[108.0015,-7.17],[107.998,-7.1635],[107.9985,-7.1625],[107.9975,-7.163],[107.9975,-7.1635],[107.9955,-7.1645],[107.994,-7.1635],[107.9935,-7.1595]]]},"properties":{"code":"32.05.41.2006","name":"Cihuni","latitude":-7.169721341626597,"longitude":107.99843143778928}},{"type":"Feature","geometry":{"type":"Polygon","coordinates":[[[107.999,-7.1515],[107.9975,-7.1515],[107.9915,-7.15],[107.9935,-7.157],[107.995,-7.1555],[107.995,-7.155],[107.9965,-7.1545],[107.997,-7.1565],[107.9985,-7.1615],[108.0015,-7.1615],[108.004,-7.1605],[108.002,-7.153],[107.999,-7.1515]]]},"properties":{"code":"32.05.41.2007","name":"Sukarasa","latitude":-7.1561856401276644,"longitude":107.99950846590818}},{"type":"Feature","geometry":{"type":"Polygon","coordinates":[[[107.99,-7.1435],[107.9895,-7.143],[107.988,-7.141],[107.9875,-7.1405],[107.982,-7.153],[107.9825,-7.1545],[107.9855,-7.156],[107.9875,-7.156],[107.988,-7.1555],[107.9895,-7.1555],[107.9935,-7.1595],[107.99,-7.1435]]]},"properties":{"code":"32.05.41.2008","name":"Karangsari","latitude":-7.150574386916445,"longitude":107.98784208127852}},{"type":"Feature","geometry":{"type":"Polygon","coordinates":[[[107.9755,-7.185],[107.975,-7.1855],[107.9745,-7.1835],[107.974,-7.183],[107.972,-7.185],[107.971,-7.186],[107.9705,-7.1865],[107.9715,-7.187],[107.974,-7.193],[107.9735,-7.1955],[107.9725,-7.197],[107.976,-7.1975],[107.9765,-7.197],[107.9775,-7.196],[107.978,-7.196],[107.979,-7.195],[107.978,-7.1945],[107.9815,-7.1925],[107.98,-7.1905],[107.981,-7.1875],[107.9785,-7.186],[107.9765,-7.185],[107.976,-7.185],[107.9755,-7.185]]]},"properties":{"code":"32.05.42.2001","name":"Sadang","latitude":-7.189902050732798,"longitude":107.97576645109731}},{"type":"Feature","geometry":{"type":"Polygon","coordinates":[[[107.9935,-7.192],[107.991,-7.1915],[107.9925,-7.1875],[107.99,-7.1905],[107.99,-7.191],[107.988,-7.199],[107.9965,-7.207],[108.0015,-7.2085],[108.006,-7.2125],[108.007,-7.2085],[108.003,-7.2025],[108.0015,-7.2025],[107.997,-7.198],[107.9925,-7.1945],[107.9925,-7.1925],[107.9935,-7.192]]]},"properties":{"code":"32.05.42.2002","name":"Sukaratu","latitude":-7.201281493530645,"longitude":107.9960261994316}},{"type":"Feature","geometry":{"type":"Polygon","coordinates":[[[108.0125,-7.203],[108.006,-7.202],[108.004,-7.202],[108.003,-7.2025],[108.007,-7.2085],[108.0065,-7.212],[108.016,-7.2185],[108.0305,-7.221],[108.0355,-7.224],[108.0395,-7.227],[108.042,-7.2265],[108.0635,-7.22],[108.0665,-7.216],[108.0645,-7.2165],[108.062,-7.2165],[108.054,-7.215],[108.042,-7.2105],[108.0205,-7.2035],[108.0165,-7.2035],[108.0155,-7.204],[108.013,-7.2035],[108.0125,-7.203]]]},"properties":{"code":"32.05.42.2003","name":"Tenjonagara","latitude":-7.214884227160131,"longitude":108.03252884033833}},{"type":"Feature","geometry":{"type":"Polygon","coordinates":[[[107.9905,-7.183],[107.978,-7.1795],[107.9755,-7.185],[107.976,-7.185],[107.9765,-7.185],[107.9785,-7.186],[107.981,-7.1875],[107.98,-7.1905],[107.9815,-7.1925],[107.978,-7.1945],[107.979,-7.195],[107.979,-7.1955],[107.9865,-7.197],[107.987,-7.1975],[107.988,-7.198],[107.99,-7.191],[107.99,-7.1905],[107.9905,-7.183]]]},"properties":{"code":"32.05.42.2004","name":"Tegalpanjang","latitude":-7.18873766355307,"longitude":107.98387512978128}},{"type":"Feature","geometry":{"type":"Polygon","coordinates":[[[108.0065,-7.212],[108.006,-7.2125],[108.0015,-7.2085],[107.999,-7.208],[107.9985,-7.2135],[107.9965,-7.214],[107.997,-7.2155],[107.9975,-7.217],[107.996,-7.223],[107.9955,-7.2285],[107.997,-7.2365],[108.0055,-7.24],[108.0185,-7.231],[108.0365,-7.2265],[108.0375,-7.2265],[108.0395,-7.227],[108.0355,-7.224],[108.0305,-7.221],[108.016,-7.2185],[108.0065,-7.212]]]},"properties":{"code":"32.05.42.2005","name":"Cigadog","latitude":-7.225727403832802,"longitude":108.01024352463052}},{"type":"Feature","geometry":{"type":"Polygon","coordinates":[[[107.987,-7.1975],[107.9865,-7.197],[107.979,-7.1955],[107.979,-7.195],[107.978,-7.196],[107.9775,-7.196],[107.9765,-7.197],[107.9765,-7.1975],[107.9755,-7.1975],[107.9725,-7.197],[107.972,-7.1975],[107.9725,-7.1995],[107.973,-7.2005],[107.9745,-7.211],[107.974,-7.2125],[107.9775,-7.216],[107.98,-7.219],[107.986,-7.2315],[107.9855,-7.2325],[107.986,-7.2345],[107.987,-7.235],[107.9885,-7.2385],[107.989,-7.243],[107.9895,-7.2445],[107.989,-7.245],[107.9895,-7.2455],[107.9895,-7.245],[107.9955,-7.2435],[107.993,-7.2335],[107.984,-7.213],[107.9865,-7.2075],[107.986,-7.204],[107.9865,-7.202],[107.9865,-7.2],[107.987,-7.199],[107.987,-7.1975]]]},"properties":{"code":"32.05.42.2006","name":"Linggamukti","latitude":-7.215742101910354,"longitude":107.982940512047}},{"type":"Feature","geometry":{"type":"Polygon","coordinates":[[[107.988,-7.198],[107.987,-7.1975],[107.987,-7.199],[107.9865,-7.2],[107.9865,-7.202],[107.986,-7.204],[107.9865,-7.2075],[107.984,-7.213],[107.993,-7.2335],[107.9955,-7.2435],[107.997,-7.2365],[107.9955,-7.2285],[107.996,-7.223],[107.9975,-7.217],[107.997,-7.2155],[107.9965,-7.214],[107.9985,-7.2135],[107.999,-7.208],[107.9965,-7.207],[107.988,-7.199],[107.988,-7.198]]]},"properties":{"code":"32.05.42.2007","name":"Sukalaksana","latitude":-7.217803300293721,"longitude":107.99185692949015}}]}