{"type":"FeatureCollection","features":[{"type":"Feature","geometry":{"type":"Polygon","coordinates":[[[107.141,-6.819],[107.1375,-6.818],[107.1305,-6.814],[107.13,-6.8145],[107.1295,-6.8155],[107.129,-6.815],[107.1275,-6.82],[107.139,-6.8255],[107.1425,-6.8195],[107.141,-6.819]]]},"properties":{"code":"32.03.01.1006","name":"Pamoyanan"}},{"type":"Feature","geometry":{"type":"Polygon","coordinates":[[[107.1275,-6.82],[107.123,-6.8285],[107.125,-6.8295],[107.124,-6.8305],[107.1235,-6.83],[107.1255,-6.8325],[107.129,-6.834],[107.132,-6.835],[107.132,-6.8355],[107.1325,-6.8355],[107.134,-6.8335],[107.1355,-6.8295],[107.1385,-6.827],[107.139,-6.8255],[107.1275,-6.82]]]},"properties":{"code":"32.03.01.1007","name":"Sawahgede"}},{"type":"Feature","geometry":{"type":"Polygon","coordinates":[[[107.143,-6.8035],[107.1415,-6.8035],[107.139,-6.8035],[107.137,-6.8015],[107.136,-6.801],[107.1345,-6.8005],[107.133,-6.8],[107.1325,-6.805],[107.134,-6.8065],[107.1335,-6.8065],[107.132,-6.807],[107.1325,-6.807],[107.132,-6.807],[107.1315,-6.8075],[107.1315,-6.808],[107.131,-6.8095],[107.1315,-6.8105],[107.1315,-6.8115],[107.1295,-6.8135],[107.1375,-6.818],[107.141,-6.819],[107.141,-6.8175],[107.143,-6.812],[107.143,-6.8035]]]},"properties":{"code":"32.03.01.1008","name":"Bojongherang"}},{"type":"Feature","geometry":{"type":"Polygon","coordinates":[[[107.15,-6.8215],[107.141,-6.8235],[107.1385,-6.827],[107.1355,-6.8295],[107.134,-6.8325],[107.1355,-6.8335],[107.138,-6.835],[107.1385,-6.8355],[107.141,-6.837],[107.142,-6.837],[107.143,-6.837],[107.1455,-6.8345],[107.147,-6.835],[107.1475,-6.834],[107.149,-6.8335],[107.151,-6.83],[107.151,-6.824],[107.151,-6.823],[107.15,-6.8215]]]},"properties":{"code":"32.03.01.1009","name":"Sayang"}},{"type":"Feature","geometry":{"type":"Polygon","coordinates":[[[107.1505,-6.816],[107.1415,-6.8165],[107.141,-6.8175],[107.141,-6.819],[107.1425,-6.8195],[107.141,-6.8235],[107.15,-6.8215],[107.1505,-6.8165],[107.1505,-6.816]]]},"properties":{"code":"32.03.01.1010","name":"Solokpandan"}},{"type":"Feature","geometry":{"type":"Polygon","coordinates":[[[107.1515,-6.8075],[107.149,-6.8045],[107.1485,-6.803],[107.148,-6.803],[107.148,-6.8035],[107.1475,-6.8045],[107.144,-6.8035],[107.143,-6.8035],[107.143,-6.812],[107.1415,-6.8165],[107.1505,-6.816],[107.151,-6.815],[107.152,-6.8095],[107.1505,-6.8095],[107.1495,-6.809],[107.1515,-6.8075]]]},"properties":{"code":"32.03.01.1011","name":"Muka"}},{"type":"Feature","geometry":{"type":"Polygon","coordinates":[[[107.151,-6.791],[107.146,-6.794],[107.1385,-6.792],[107.1385,-6.791],[107.137,-6.791],[107.1365,-6.79],[107.1355,-6.79],[107.135,-6.789],[107.129,-6.7865],[107.127,-6.7875],[107.127,-6.788],[107.126,-6.7875],[107.1245,-6.7825],[107.1235,-6.782],[107.1185,-6.7975],[107.119,-6.798],[107.119,-6.7985],[107.122,-6.805],[107.13,-6.8075],[107.1325,-6.807],[107.133,-6.8065],[107.134,-6.8065],[107.1325,-6.805],[107.133,-6.8],[107.1345,-6.8005],[107.136,-6.801],[107.137,-6.8015],[107.139,-6.8035],[107.1415,-6.8035],[107.144,-6.8035],[107.1475,-6.8045],[107.148,-6.8035],[107.148,-6.803],[107.1485,-6.803],[107.147,-6.8015],[107.1535,-6.7905],[107.155,-6.789],[107.1555,-6.7885],[107.1555,-6.7875],[107.152,-6.7895],[107.1515,-6.7905],[107.151,-6.791]]]},"properties":{"code":"32.03.01.2001","name":"Babakankaret"}},{"type":"Feature","geometry":{"type":"Polygon","coordinates":[[[107.1235,-6.83],[107.1225,-6.8295],[107.111,-6.8205],[107.111,-6.821],[107.1105,-6.822],[107.1075,-6.825],[107.1005,-6.8265],[107.099,-6.827],[107.0965,-6.8305],[107.094,-6.8315],[107.092,-6.8325],[107.09,-6.833],[107.088,-6.8345],[107.0885,-6.8345],[107.0895,-6.8345],[107.0925,-6.8355],[107.1085,-6.836],[107.1105,-6.837],[107.127,-6.8435],[107.1285,-6.8405],[107.131,-6.8385],[107.1325,-6.8355],[107.132,-6.8355],[107.132,-6.835],[107.129,-6.834],[107.1255,-6.8325],[107.1235,-6.83]]]},"properties":{"code":"32.03.01.2002","name":"Nagrak"}},{"type":"Feature","geometry":{"type":"Polygon","coordinates":[[[107.1575,-6.8365],[107.1555,-6.835],[107.1535,-6.833],[107.152,-6.8335],[107.1515,-6.832],[107.15,-6.8315],[107.149,-6.8335],[107.1475,-6.834],[107.147,-6.835],[107.1455,-6.8345],[107.143,-6.837],[107.142,-6.837],[107.141,-6.837],[107.1385,-6.8355],[107.138,-6.835],[107.1355,-6.8335],[107.134,-6.8325],[107.1335,-6.834],[107.131,-6.838],[107.1285,-6.8405],[107.127,-6.8435],[107.1425,-6.843],[107.146,-6.843],[107.1555,-6.844],[107.1575,-6.845],[107.16,-6.844],[107.1575,-6.8365]]]},"properties":{"code":"32.03.01.2003","name":"Sukamaju"}},{"type":"Feature","geometry":{"type":"Polygon","coordinates":[[[107.132,-6.807],[107.13,-6.8075],[107.122,-6.805],[107.115,-6.8085],[107.1155,-6.811],[107.109,-6.8115],[107.1065,-6.8175],[107.106,-6.8185],[107.1095,-6.8225],[107.1105,-6.822],[107.111,-6.821],[107.111,-6.819],[107.1295,-6.8135],[107.1315,-6.8115],[107.1315,-6.8105],[107.131,-6.8095],[107.1315,-6.808],[107.1315,-6.8075],[107.132,-6.807],[107.1325,-6.807],[107.132,-6.807]]]},"properties":{"code":"32.03.01.2004","name":"Mekarsari"}},{"type":"Feature","geometry":{"type":"Polygon","coordinates":[[[107.1295,-6.8135],[107.111,-6.819],[107.111,-6.8205],[107.1225,-6.8295],[107.124,-6.8305],[107.125,-6.8295],[107.123,-6.8285],[107.1275,-6.82],[107.129,-6.815],[107.1295,-6.8155],[107.13,-6.8145],[107.1305,-6.814],[107.1295,-6.8135]]]},"properties":{"code":"32.03.01.2005","name":"Limbangansari"}},{"type":"Feature","geometry":{"type":"Polygon","coordinates":[[[107.0985,-6.8695],[107.0975,-6.8695],[107.097,-6.8695],[107.097,-6.869],[107.0925,-6.8675],[107.0905,-6.867],[107.076,-6.8615],[107.0745,-6.859],[107.074,-6.8585],[107.073,-6.858],[107.074,-6.8615],[107.0775,-6.867],[107.087,-6.8755],[107.0885,-6.876],[107.0965,-6.871],[107.0985,-6.8695]]]},"properties":{"code":"32.03.02.2002","name":"Jambudipa"}},{"type":"Feature","geometry":{"type":"Polygon","coordinates":[[[107.1005,-6.8825],[107.1,-6.882],[107.1,-6.8805],[107.0965,-6.8785],[107.0935,-6.8785],[107.093,-6.877],[107.092,-6.878],[107.091,-6.8805],[107.0925,-6.8835],[107.0925,-6.884],[107.091,-6.8875],[107.0915,-6.8875],[107.091,-6.889],[107.09,-6.8905],[107.09,-6.894],[107.093,-6.904],[107.093,-6.9055],[107.0925,-6.9065],[107.092,-6.9095],[107.091,-6.912],[107.0985,-6.915],[107.1,-6.9175],[107.101,-6.9175],[107.096,-6.903],[107.0955,-6.9015],[107.0975,-6.9005],[107.1,-6.895],[107.101,-6.8945],[107.1045,-6.8935],[107.1045,-6.8925],[107.105,-6.887],[107.106,-6.8865],[107.1055,-6.886],[107.1055,-6.885],[107.1005,-6.8825]]]},"properties":{"code":"32.03.02.2006","name":"Cisarandi"}},{"type":"Feature","geometry":{"type":"Polygon","coordinates":[[[107.114,-6.8805],[107.111,-6.8775],[107.1095,-6.8765],[107.1045,-6.8725],[107.1045,-6.872],[107.104,-6.8715],[107.1015,-6.8705],[107.0985,-6.87],[107.0965,-6.871],[107.0885,-6.876],[107.092,-6.878],[107.093,-6.877],[107.0935,-6.8785],[107.0965,-6.8785],[107.1,-6.8805],[107.1,-6.882],[107.1015,-6.882],[107.1035,-6.8815],[107.1125,-6.883],[107.113,-6.8815],[107.1135,-6.8815],[107.1145,-6.882],[107.114,-6.8805]]]},"properties":{"code":"32.03.02.2007","name":"Cikaroya"}},{"type":"Feature","geometry":{"type":"Polygon","coordinates":[[[107.0735,-6.844],[107.073,-6.844],[107.0725,-6.8435],[107.071,-6.8425],[107.0645,-6.8415],[107.0365,-6.822],[107.025,-6.808],[107.004,-6.8],[107.002,-6.7995],[106.992,-6.798],[106.993,-6.7995],[107.024,-6.82],[107.038,-6.835],[107.051,-6.838],[107.059,-6.8475],[107.063,-6.848],[107.066,-6.8495],[107.0675,-6.8505],[107.081,-6.852],[107.082,-6.851],[107.0795,-6.848],[107.0785,-6.848],[107.078,-6.847],[107.0745,-6.845],[107.0735,-6.844]]]},"properties":{"code":"32.03.02.2008","name":"Bunikasih"}},{"type":"Feature","geometry":{"type":"Polygon","coordinates":[[[107.1045,-6.855],[107.1035,-6.855],[107.0895,-6.851],[107.087,-6.8505],[107.0865,-6.8505],[107.0855,-6.85],[107.084,-6.8495],[107.082,-6.851],[107.081,-6.852],[107.089,-6.862],[107.1025,-6.865],[107.105,-6.8655],[107.108,-6.8655],[107.1095,-6.8655],[107.1105,-6.865],[107.1115,-6.865],[107.116,-6.856],[107.1145,-6.854],[107.1125,-6.854],[107.1095,-6.8545],[107.108,-6.8545],[107.107,-6.855],[107.1065,-6.8555],[107.1055,-6.8555],[107.1045,-6.855]]]},"properties":{"code":"32.03.02.2009","name":"Ciwalen"}},{"type":"Feature","geometry":{"type":"Polygon","coordinates":[[[107.066,-6.8495],[107.063,-6.848],[107.059,-6.8475],[107.051,-6.838],[107.038,-6.835],[107.024,-6.82],[106.993,-6.7995],[106.993,-6.8015],[106.993,-6.8025],[107.0155,-6.827],[107.0175,-6.827],[107.043,-6.8445],[107.0565,-6.847],[107.068,-6.8545],[107.067,-6.8535],[107.066,-6.8495]]]},"properties":{"code":"32.03.02.2010","name":"Tegallega"}},{"type":"Feature","geometry":{"type":"Polygon","coordinates":[[[107.101,-6.8445],[107.098,-6.8435],[107.095,-6.843],[107.087,-6.8405],[107.0845,-6.84],[107.0825,-6.84],[107.0785,-6.8385],[107.078,-6.8425],[107.0775,-6.8435],[107.0795,-6.845],[107.08,-6.848],[107.0795,-6.848],[107.084,-6.8495],[107.0855,-6.85],[107.0865,-6.8505],[107.087,-6.8505],[107.0895,-6.851],[107.1035,-6.855],[107.1045,-6.855],[107.101,-6.8445]]]},"properties":{"code":"32.03.02.2011","name":"Sukawangi"}},{"type":"Feature","geometry":{"type":"Polygon","coordinates":[[[107.081,-6.852],[107.0675,-6.8505],[107.066,-6.8495],[107.067,-6.8535],[107.068,-6.8545],[107.0715,-6.8575],[107.074,-6.8585],[107.0745,-6.859],[107.076,-6.8615],[107.0905,-6.867],[107.0925,-6.8675],[107.097,-6.869],[107.0975,-6.8695],[107.098,-6.87],[107.0985,-6.8695],[107.1035,-6.865],[107.1025,-6.865],[107.089,-6.862],[107.081,-6.852]]]},"properties":{"code":"32.03.02.2014","name":"Bunisari"}},{"type":"Feature","geometry":{"type":"Polygon","coordinates":[[[107.1135,-6.8815],[107.1125,-6.883],[107.1035,-6.8815],[107.1015,-6.882],[107.1005,-6.8825],[107.1055,-6.885],[107.1055,-6.886],[107.106,-6.8865],[107.105,-6.887],[107.1045,-6.8925],[107.1045,-6.8935],[107.101,-6.8945],[107.1,-6.895],[107.0975,-6.9005],[107.0955,-6.9015],[107.096,-6.903],[107.101,-6.9175],[107.1055,-6.919],[107.106,-6.918],[107.111,-6.9135],[107.1125,-6.9115],[107.108,-6.8985],[107.111,-6.8975],[107.118,-6.8895],[107.1165,-6.8885],[107.1125,-6.886],[107.1135,-6.883],[107.114,-6.882],[107.1135,-6.8815]]]},"properties":{"code":"32.03.02.2016","name":"Sukamulya"}},{"type":"Feature","geometry":{"type":"Polygon","coordinates":[[[107.109,-6.8655],[107.108,-6.8655],[107.105,-6.8655],[107.1035,-6.865],[107.0985,-6.87],[107.1015,-6.8705],[107.104,-6.8715],[107.1045,-6.872],[107.1045,-6.8725],[107.1095,-6.8765],[107.111,-6.8775],[107.114,-6.8805],[107.1205,-6.8705],[107.1205,-6.87],[107.12,-6.87],[107.119,-6.87],[107.1155,-6.868],[107.114,-6.8665],[107.1115,-6.8655],[107.109,-6.8655]]]},"properties":{"code":"32.03.02.2017","name":"Cieundeur"}},{"type":"Feature","geometry":{"type":"Polygon","coordinates":[[[107.068,-6.8545],[107.0565,-6.847],[107.043,-6.8445],[107.0175,-6.827],[107.015,-6.827],[107.0205,-6.835],[107.0395,-6.848],[107.057,-6.857],[107.06,-6.857],[107.068,-6.861],[107.069,-6.8615],[107.074,-6.8615],[107.073,-6.858],[107.0715,-6.8575],[107.068,-6.8545]]]},"properties":{"code":"32.03.02.2018","name":"Mekarwangi"}},{"type":"Feature","geometry":{"type":"Polygon","coordinates":[[[107.1255,-6.928],[107.122,-6.928],[107.106,-6.921],[107.1055,-6.9205],[107.098,-6.9345],[107.097,-6.9345],[107.0955,-6.936],[107.0945,-6.937],[107.096,-6.937],[107.0985,-6.936],[107.102,-6.9385],[107.1195,-6.941],[107.124,-6.9375],[107.1285,-6.9375],[107.1285,-6.937],[107.1285,-6.936],[107.1285,-6.9355],[107.129,-6.934],[107.129,-6.933],[107.129,-6.9325],[107.1255,-6.928]]]},"properties":{"code":"32.03.03.2001","name":"Cipetir"}},{"type":"Feature","geometry":{"type":"Polygon","coordinates":[[[107.142,-6.9335],[107.1335,-6.9345],[107.1325,-6.934],[107.129,-6.933],[107.129,-6.934],[107.1285,-6.9355],[107.1285,-6.936],[107.1285,-6.937],[107.1285,-6.9375],[107.128,-6.939],[107.1285,-6.9395],[107.13,-6.94],[107.1385,-6.9415],[107.1385,-6.942],[107.141,-6.9395],[107.143,-6.9395],[107.1435,-6.939],[107.1425,-6.938],[107.143,-6.937],[107.1425,-6.934],[107.142,-6.9335]]]},"properties":{"code":"32.03.03.2002","name":"Cihaur"}},{"type":"Feature","geometry":{"type":"Polygon","coordinates":[[[107.1655,-6.9245],[107.164,-6.924],[107.1505,-6.9285],[107.1495,-6.9275],[107.148,-6.9275],[107.147,-6.9265],[107.1435,-6.9305],[107.1425,-6.931],[107.142,-6.9325],[107.1425,-6.934],[107.143,-6.937],[107.145,-6.9365],[107.1455,-6.936],[107.1475,-6.9365],[107.1465,-6.9375],[107.146,-6.938],[107.1465,-6.939],[107.147,-6.9395],[107.1475,-6.9385],[107.149,-6.9375],[107.1705,-6.946],[107.1715,-6.944],[107.1655,-6.9245]]]},"properties":{"code":"32.03.03.2003","name":"Cimanggu"}},{"type":"Feature","geometry":{"type":"Polygon","coordinates":[[[107.196,-6.8915],[107.192,-6.8925],[107.189,-6.8945],[107.1885,-6.895],[107.1875,-6.8965],[107.1875,-6.8985],[107.1845,-6.901],[107.1845,-6.902],[107.1825,-6.902],[107.178,-6.904],[107.1775,-6.9045],[107.1755,-6.903],[107.174,-6.9025],[107.1725,-6.902],[107.17,-6.9025],[107.166,-6.902],[107.164,-6.9015],[107.163,-6.9025],[107.163,-6.904],[107.1665,-6.924],[107.1695,-6.924],[107.1805,-6.9175],[107.1815,-6.9185],[107.183,-6.9165],[107.184,-6.9145],[107.1825,-6.9135],[107.1855,-6.91],[107.185,-6.9085],[107.191,-6.9025],[107.193,-6.9015],[107.1945,-6.901],[107.1955,-6.901],[107.1965,-6.8995],[107.197,-6.8995],[107.197,-6.898],[107.197,-6.895],[107.196,-6.8915]]]},"properties":{"code":"32.03.03.2004","name":"Cibaregbeg"}},{"type":"Feature","geometry":{"type":"Polygon","coordinates":[[[107.148,-6.8965],[107.1475,-6.8955],[107.1465,-6.896],[107.14,-6.8995],[107.1395,-6.9005],[107.1395,-6.901],[107.139,-6.902],[107.139,-6.903],[107.1385,-6.9045],[107.1385,-6.9055],[107.138,-6.9065],[107.1365,-6.907],[107.1355,-6.9095],[107.134,-6.916],[107.133,-6.917],[107.1325,-6.9175],[107.1315,-6.918],[107.1305,-6.9185],[107.1305,-6.919],[107.131,-6.919],[107.132,-6.919],[107.133,-6.9195],[107.147,-6.9265],[107.1485,-6.9225],[107.1535,-6.897],[107.148,-6.8965]]]},"properties":{"code":"32.03.03.2005","name":"Sukaraharja"}},{"type":"Feature","geometry":{"type":"Polygon","coordinates":[[[107.13,-6.893],[107.1205,-6.8905],[107.118,-6.8895],[107.111,-6.8975],[107.108,-6.8985],[107.1125,-6.9115],[107.1145,-6.9105],[107.1175,-6.9125],[107.1285,-6.911],[107.1305,-6.9105],[107.131,-6.9105],[107.133,-6.909],[107.1355,-6.908],[107.1365,-6.907],[107.138,-6.9065],[107.1385,-6.9055],[107.1385,-6.9045],[107.139,-6.903],[107.139,-6.902],[107.1395,-6.901],[107.139,-6.901],[107.138,-6.9015],[107.135,-6.901],[107.134,-6.901],[107.13,-6.893]]]},"properties":{"code":"32.03.03.2006","name":"Peuteuycondong"}},{"type":"Feature","geometry":{"type":"Polygon","coordinates":[[[107.1355,-6.908],[107.133,-6.909],[107.131,-6.9105],[107.1305,-6.9105],[107.1285,-6.911],[107.1175,-6.9125],[107.1145,-6.9105],[107.1125,-6.9115],[107.111,-6.9135],[107.106,-6.918],[107.1055,-6.919],[107.106,-6.921],[107.122,-6.928],[107.1275,-6.925],[107.1305,-6.9205],[107.1305,-6.9185],[107.1315,-6.918],[107.1325,-6.9175],[107.134,-6.916],[107.1355,-6.9095],[107.1355,-6.908]]]},"properties":{"code":"32.03.03.2007","name":"Mayak"}},{"type":"Feature","geometry":{"type":"Polygon","coordinates":[[[107.102,-6.9385],[107.0985,-6.936],[107.096,-6.937],[107.095,-6.937],[107.0945,-6.9365],[107.0945,-6.9375],[107.097,-6.9405],[107.097,-6.9415],[107.099,-6.942],[107.103,-6.943],[107.104,-6.9445],[107.115,-6.9455],[107.1255,-6.9535],[107.126,-6.954],[107.127,-6.9535],[107.127,-6.9505],[107.1285,-6.9405],[107.1285,-6.9395],[107.128,-6.939],[107.124,-6.9375],[107.1195,-6.941],[107.102,-6.9385]]]},"properties":{"code":"32.03.03.2008","name":"Cikondang"}},{"type":"Feature","geometry":{"type":"Polygon","coordinates":[[[107.0665,-6.935],[107.066,-6.934],[107.0515,-6.922],[107.0495,-6.9205],[107.049,-6.926],[107.049,-6.9315],[107.0485,-6.9415],[107.0495,-6.9435],[107.054,-6.949],[107.056,-6.9525],[107.058,-6.953],[107.0585,-6.9535],[107.0615,-6.95],[107.0735,-6.956],[107.079,-6.9595],[107.081,-6.963],[107.081,-6.9635],[107.0785,-6.965],[107.078,-6.9655],[107.0785,-6.9665],[107.0785,-6.969],[107.079,-6.9705],[107.0795,-6.9715],[107.0815,-6.9745],[107.091,-6.9825],[107.096,-6.9785],[107.098,-6.974],[107.105,-6.9645],[107.1055,-6.9605],[107.105,-6.959],[107.0875,-6.954],[107.0875,-6.9525],[107.0865,-6.9525],[107.087,-6.9515],[107.087,-6.9505],[107.0865,-6.947],[107.0835,-6.9445],[107.083,-6.943],[107.0685,-6.942],[107.068,-6.9405],[107.0665,-6.935]]]},"properties":{"code":"32.03.03.2009","name":"Cibokor"}},{"type":"Feature","geometry":{"type":"Polygon","coordinates":[[[107.1655,-6.972],[107.1425,-6.954],[107.1415,-6.9535],[107.1415,-6.9545],[107.141,-6.957],[107.141,-6.958],[107.141,-6.959],[107.1405,-6.9615],[107.1405,-6.9625],[107.1325,-6.9825],[107.13,-6.9845],[107.1285,-6.996],[107.128,-6.996],[107.13,-6.9975],[107.1285,-6.9995],[107.156,-6.9855],[107.158,-6.9825],[107.1595,-6.9775],[107.16,-6.977],[107.16,-6.976],[107.162,-6.975],[107.1655,-6.972]]]},"properties":{"code":"32.03.03.2010","name":"Selagedang"}},{"type":"Feature","geometry":{"type":"Polygon","coordinates":[[[107.1955,-6.901],[107.1945,-6.901],[107.193,-6.9015],[107.191,-6.9025],[107.185,-6.9085],[107.1855,-6.91],[107.1825,-6.9135],[107.184,-6.9145],[107.183,-6.9165],[107.1815,-6.9185],[107.1805,-6.9205],[107.18,-6.9215],[107.1795,-6.924],[107.18,-6.926],[107.1795,-6.9265],[107.18,-6.927],[107.181,-6.9275],[107.1815,-6.928],[107.1895,-6.9345],[107.1905,-6.937],[107.191,-6.9465],[107.1905,-6.9505],[107.197,-6.961],[107.2,-6.9625],[107.201,-6.963],[107.2015,-6.9625],[107.218,-6.95],[107.2255,-6.9425],[107.228,-6.9405],[107.23,-6.9395],[107.22,-6.943],[107.219,-6.943],[107.214,-6.9415],[107.2115,-6.9385],[107.2105,-6.936],[107.209,-6.9335],[107.2085,-6.9295],[107.209,-6.927],[107.2095,-6.9245],[107.209,-6.9235],[107.2085,-6.9225],[107.2075,-6.9205],[107.2065,-6.9205],[107.2065,-6.92],[107.2075,-6.9185],[107.207,-6.917],[107.2055,-6.918],[107.2045,-6.9165],[107.2035,-6.915],[107.2045,-6.9135],[107.203,-6.9115],[107.198,-6.91],[107.1975,-6.9095],[107.1965,-6.9085],[107.197,-6.907],[107.195,-6.902],[107.1955,-6.901]]]},"properties":{"code":"32.03.03.2011","name":"Karangnunggal"}},{"type":"Feature","geometry":{"type":"Polygon","coordinates":[[[107.091,-6.912],[107.09,-6.913],[107.0865,-6.9155],[107.083,-6.913],[107.0605,-6.9075],[107.053,-6.909],[107.0485,-6.911],[107.048,-6.9115],[107.049,-6.915],[107.0515,-6.922],[107.066,-6.934],[107.0665,-6.935],[107.068,-6.9405],[107.0685,-6.942],[107.083,-6.943],[107.0835,-6.9445],[107.0865,-6.947],[107.089,-6.946],[107.0905,-6.9455],[107.091,-6.9435],[107.094,-6.942],[107.095,-6.9425],[107.097,-6.9405],[107.0945,-6.9375],[107.0945,-6.9365],[107.0945,-6.937],[107.0955,-6.936],[107.097,-6.9345],[107.098,-6.9345],[107.1055,-6.9205],[107.1055,-6.919],[107.101,-6.9175],[107.1,-6.9175],[107.0985,-6.915],[107.091,-6.912]]]},"properties":{"code":"32.03.03.2012","name":"Kanoman"}},{"type":"Feature","geometry":{"type":"Polygon","coordinates":[[[107.164,-6.9015],[107.1645,-6.901],[107.163,-6.901],[107.162,-6.901],[107.161,-6.9],[107.1585,-6.898],[107.1575,-6.898],[107.1535,-6.897],[107.1485,-6.9225],[107.147,-6.9265],[107.148,-6.9275],[107.1495,-6.9275],[107.1505,-6.9285],[107.164,-6.924],[107.1665,-6.924],[107.163,-6.904],[107.163,-6.9025],[107.164,-6.9015]]]},"properties":{"code":"32.03.03.2013","name":"Sukamaju"}},{"type":"Feature","geometry":{"type":"Polygon","coordinates":[[[107.1815,-6.9185],[107.1805,-6.9175],[107.1695,-6.924],[107.1655,-6.9245],[107.1715,-6.944],[107.172,-6.95],[107.175,-6.9565],[107.177,-6.9615],[107.19,-6.9725],[107.191,-6.972],[107.1905,-6.971],[107.191,-6.9705],[107.196,-6.9635],[107.201,-6.963],[107.2,-6.9625],[107.197,-6.961],[107.1905,-6.9505],[107.191,-6.9465],[107.1905,-6.937],[107.1895,-6.9345],[107.1815,-6.928],[107.181,-6.9275],[107.18,-6.927],[107.1795,-6.9265],[107.18,-6.926],[107.1795,-6.924],[107.18,-6.9215],[107.1805,-6.9205],[107.1815,-6.9185]]]},"properties":{"code":"32.03.03.2014","name":"Girimulya"}},{"type":"Feature","geometry":{"type":"Polygon","coordinates":[[[107.147,-6.9265],[107.133,-6.9195],[107.132,-6.919],[107.131,-6.919],[107.1305,-6.919],[107.1305,-6.9205],[107.1275,-6.925],[107.1255,-6.928],[107.129,-6.9325],[107.1325,-6.934],[107.1335,-6.9345],[107.142,-6.9335],[107.142,-6.9325],[107.1425,-6.931],[107.1435,-6.9305],[107.147,-6.9265]]]},"properties":{"code":"32.03.03.2015","name":"Cisalak"}},{"type":"Feature","geometry":{"type":"Polygon","coordinates":[[[107.1465,-6.9375],[107.1475,-6.9365],[107.1455,-6.936],[107.145,-6.9365],[107.1425,-6.938],[107.1435,-6.939],[107.143,-6.9395],[107.141,-6.9395],[107.1385,-6.942],[107.1385,-6.9425],[107.1415,-6.9525],[107.1415,-6.953],[107.1425,-6.954],[107.1655,-6.972],[107.1665,-6.9715],[107.172,-6.9645],[107.1715,-6.9645],[107.1705,-6.963],[107.175,-6.959],[107.175,-6.9565],[107.172,-6.95],[107.1705,-6.946],[107.149,-6.9375],[107.1475,-6.9385],[107.147,-6.9395],[107.1465,-6.939],[107.146,-6.938],[107.1465,-6.9375]]]},"properties":{"code":"32.03.03.2016","name":"Cibadak"}},{"type":"Feature","geometry":{"type":"Polygon","coordinates":[[[107.13,-6.94],[107.1285,-6.9405],[107.127,-6.9505],[107.127,-6.9535],[107.126,-6.954],[107.127,-6.955],[107.128,-6.96],[107.1285,-6.9615],[107.131,-6.9765],[107.1305,-6.977],[107.13,-6.979],[107.13,-6.98],[107.1295,-6.9805],[107.1295,-6.982],[107.13,-6.983],[107.1305,-6.9845],[107.1325,-6.9825],[107.1405,-6.9625],[107.1405,-6.9615],[107.141,-6.959],[107.141,-6.958],[107.141,-6.957],[107.1415,-6.9545],[107.1415,-6.9535],[107.1415,-6.953],[107.1415,-6.9525],[107.1385,-6.9425],[107.1385,-6.9415],[107.13,-6.94]]]},"properties":{"code":"32.03.03.2017","name":"Sukamanah"}},{"type":"Feature","geometry":{"type":"Polygon","coordinates":[[[107.21,-6.882],[107.2095,-6.882],[107.2075,-6.8815],[107.2055,-6.882],[107.2045,-6.8815],[107.203,-6.882],[107.203,-6.8825],[107.2,-6.8855],[107.196,-6.8915],[107.197,-6.895],[107.197,-6.898],[107.197,-6.8995],[107.1965,-6.8995],[107.195,-6.902],[107.197,-6.907],[107.1965,-6.9085],[107.1975,-6.9095],[107.198,-6.91],[107.203,-6.9115],[107.2045,-6.9135],[107.205,-6.9135],[107.2065,-6.915],[107.2075,-6.9125],[107.2165,-6.8995],[107.2165,-6.898],[107.216,-6.8975],[107.214,-6.8965],[107.2155,-6.8955],[107.2175,-6.895],[107.217,-6.894],[107.2155,-6.8945],[107.2145,-6.894],[107.214,-6.8935],[107.215,-6.893],[107.215,-6.8915],[107.216,-6.89],[107.2145,-6.89],[107.213,-6.8885],[107.212,-6.89],[107.209,-6.884],[107.2095,-6.883],[107.21,-6.882]]]},"properties":{"code":"32.03.03.2018","name":"Salamnunggal"}},{"type":"Feature","geometry":{"type":"Polygon","coordinates":[[[107.127,-6.8435],[107.1105,-6.837],[107.1085,-6.836],[107.0925,-6.8355],[107.0895,-6.8345],[107.0885,-6.8345],[107.088,-6.835],[107.087,-6.8355],[107.0865,-6.836],[107.0945,-6.837],[107.0975,-6.8385],[107.1015,-6.8435],[107.101,-6.8445],[107.1045,-6.855],[107.1055,-6.8555],[107.1065,-6.8555],[107.107,-6.855],[107.108,-6.8545],[107.1095,-6.8545],[107.1115,-6.854],[107.1205,-6.845],[107.122,-6.8445],[107.127,-6.8435]]]},"properties":{"code":"32.03.04.2001","name":"Rancagoong"}},{"type":"Feature","geometry":{"type":"Polygon","coordinates":[[[107.138,-6.8705],[107.1365,-6.868],[107.1355,-6.868],[107.1195,-6.87],[107.12,-6.87],[107.1205,-6.87],[107.1205,-6.8705],[107.114,-6.8805],[107.1145,-6.882],[107.1135,-6.8815],[107.114,-6.882],[107.1135,-6.883],[107.1125,-6.886],[107.1165,-6.8885],[107.1205,-6.8905],[107.13,-6.893],[107.1335,-6.8895],[107.1355,-6.888],[107.136,-6.888],[107.136,-6.8865],[107.1325,-6.876],[107.138,-6.8705]]]},"properties":{"code":"32.03.04.2002","name":"Sukasari"}},{"type":"Feature","geometry":{"type":"Polygon","coordinates":[[[107.1425,-6.8435],[107.1425,-6.843],[107.127,-6.8435],[107.122,-6.8445],[107.1205,-6.845],[107.1115,-6.854],[107.1125,-6.854],[107.1145,-6.854],[107.116,-6.856],[107.1115,-6.865],[107.111,-6.865],[107.1095,-6.8655],[107.109,-6.8655],[107.11,-6.8655],[107.1115,-6.8655],[107.114,-6.8665],[107.1155,-6.868],[107.119,-6.87],[107.1195,-6.87],[107.1355,-6.868],[107.1365,-6.868],[107.138,-6.8705],[107.138,-6.8515],[107.139,-6.8505],[107.139,-6.85],[107.1425,-6.8435]]]},"properties":{"code":"32.03.04.2003","name":"Sirnagalih"}},{"type":"Feature","geometry":{"type":"Polygon","coordinates":[[[107.1595,-6.8755],[107.1595,-6.875],[107.138,-6.8705],[107.1325,-6.876],[107.136,-6.8865],[107.136,-6.888],[107.1355,-6.888],[107.1335,-6.8895],[107.13,-6.893],[107.134,-6.901],[107.135,-6.901],[107.138,-6.9015],[107.139,-6.901],[107.1395,-6.9005],[107.14,-6.8995],[107.1465,-6.896],[107.1475,-6.8955],[107.148,-6.8965],[107.152,-6.891],[107.153,-6.89],[107.156,-6.8825],[107.157,-6.882],[107.157,-6.8795],[107.158,-6.878],[107.159,-6.876],[107.1595,-6.8755]]]},"properties":{"code":"32.03.04.2004","name":"Sukakerta"}},{"type":"Feature","geometry":{"type":"Polygon","coordinates":[[[107.1515,-6.85],[107.152,-6.849],[107.1495,-6.848],[107.147,-6.8485],[107.138,-6.8515],[107.138,-6.8705],[107.1595,-6.875],[107.1605,-6.876],[107.1625,-6.876],[107.1625,-6.8755],[107.1565,-6.8675],[107.153,-6.8515],[107.1515,-6.8505],[107.1515,-6.85]]]},"properties":{"code":"32.03.04.2005","name":"Cibinonghilir"}},{"type":"Feature","geometry":{"type":"Polygon","coordinates":[[[107.16,-6.844],[107.1575,-6.845],[107.1555,-6.844],[107.146,-6.843],[107.1425,-6.8435],[107.139,-6.85],[107.139,-6.8505],[107.138,-6.8515],[107.147,-6.8485],[107.1495,-6.848],[107.152,-6.849],[107.1525,-6.8495],[107.1545,-6.849],[107.16,-6.8455],[107.177,-6.871],[107.177,-6.8695],[107.1775,-6.869],[107.1775,-6.868],[107.177,-6.867],[107.179,-6.8645],[107.18,-6.8645],[107.1825,-6.8625],[107.184,-6.8615],[107.185,-6.8575],[107.186,-6.8565],[107.187,-6.8565],[107.189,-6.858],[107.1915,-6.856],[107.192,-6.856],[107.1925,-6.8555],[107.1935,-6.8545],[107.194,-6.8535],[107.1955,-6.853],[107.1955,-6.852],[107.195,-6.85],[107.1935,-6.8505],[107.193,-6.8505],[107.191,-6.851],[107.19,-6.85],[107.1885,-6.85],[107.1875,-6.8495],[107.1745,-6.8485],[107.174,-6.847],[107.1655,-6.845],[107.162,-6.845],[107.16,-6.844]]]},"properties":{"code":"32.03.04.2006","name":"Rahong"}},{"type":"Feature","geometry":{"type":"Polygon","coordinates":[[[107.173,-6.8375],[107.1635,-6.839],[107.1625,-6.838],[107.159,-6.837],[107.158,-6.8365],[107.1575,-6.8365],[107.16,-6.844],[107.162,-6.845],[107.1655,-6.845],[107.174,-6.847],[107.1745,-6.8485],[107.1875,-6.8495],[107.1885,-6.85],[107.19,-6.85],[107.191,-6.851],[107.193,-6.8505],[107.1935,-6.8505],[107.195,-6.85],[107.196,-6.8495],[107.1975,-6.8485],[107.1975,-6.848],[107.197,-6.8475],[107.195,-6.8465],[107.1865,-6.8425],[107.182,-6.8415],[107.1815,-6.8405],[107.181,-6.8405],[107.1795,-6.839],[107.1785,-6.8385],[107.178,-6.839],[107.1775,-6.8395],[107.1765,-6.84],[107.1755,-6.8405],[107.174,-6.8405],[107.1735,-6.84],[107.174,-6.8375],[107.173,-6.8375]]]},"properties":{"code":"32.03.04.2007","name":"Munjul"}},{"type":"Feature","geometry":{"type":"Polygon","coordinates":[[[107.158,-6.878],[107.157,-6.8795],[107.157,-6.882],[107.156,-6.8825],[107.153,-6.89],[107.152,-6.891],[107.148,-6.8965],[107.1535,-6.897],[107.1575,-6.898],[107.1585,-6.898],[107.161,-6.9],[107.162,-6.901],[107.163,-6.901],[107.1645,-6.901],[107.164,-6.9015],[107.166,-6.902],[107.17,-6.9025],[107.1725,-6.902],[107.174,-6.9025],[107.1755,-6.903],[107.1775,-6.9045],[107.178,-6.904],[107.1825,-6.902],[107.1845,-6.902],[107.1845,-6.901],[107.1875,-6.8985],[107.1875,-6.8965],[107.1875,-6.8955],[107.18,-6.896],[107.179,-6.8955],[107.178,-6.895],[107.1775,-6.894],[107.169,-6.8835],[107.1675,-6.883],[107.1595,-6.879],[107.158,-6.878]]]},"properties":{"code":"32.03.04.2008","name":"Sindangsari"}},{"type":"Feature","geometry":{"type":"Polygon","coordinates":[[[107.1775,-6.869],[107.177,-6.871],[107.16,-6.8455],[107.1545,-6.849],[107.1525,-6.8495],[107.1515,-6.85],[107.1515,-6.8505],[107.153,-6.8515],[107.1565,-6.8675],[107.1625,-6.8755],[107.1625,-6.876],[107.163,-6.8755],[107.1635,-6.8765],[107.166,-6.876],[107.173,-6.8785],[107.174,-6.8785],[107.1745,-6.8775],[107.1755,-6.877],[107.176,-6.8745],[107.178,-6.874],[107.18,-6.872],[107.1785,-6.8705],[107.178,-6.87],[107.178,-6.8695],[107.1775,-6.869]]]},"properties":{"code":"32.03.04.2009","name":"Ciharashas"}},{"type":"Feature","geometry":{"type":"Polygon","coordinates":[[[107.1625,-6.876],[107.1605,-6.876],[107.1595,-6.8755],[107.159,-6.876],[107.158,-6.878],[107.1595,-6.879],[107.1675,-6.883],[107.169,-6.8835],[107.1775,-6.894],[107.178,-6.895],[107.179,-6.8955],[107.18,-6.896],[107.1875,-6.8955],[107.1885,-6.895],[107.189,-6.8945],[107.192,-6.8925],[107.196,-6.8915],[107.2,-6.8855],[107.203,-6.8825],[107.203,-6.882],[107.204,-6.8815],[107.202,-6.881],[107.2,-6.882],[107.199,-6.8825],[107.193,-6.883],[107.1905,-6.883],[107.19,-6.8825],[107.1895,-6.8815],[107.184,-6.8795],[107.1835,-6.8795],[107.183,-6.88],[107.181,-6.879],[107.1805,-6.8785],[107.18,-6.8785],[107.1795,-6.878],[107.1775,-6.8765],[107.176,-6.877],[107.1755,-6.877],[107.1745,-6.8775],[107.174,-6.8785],[107.173,-6.8785],[107.166,-6.876],[107.1635,-6.8765],[107.163,-6.8755],[107.1625,-6.876]]]},"properties":{"code":"32.03.04.2010","name":"Mulyasari"}},{"type":"Feature","geometry":{"type":"Polygon","coordinates":[[[107.2505,-6.8025],[107.2505,-6.803],[107.2445,-6.8075],[107.242,-6.809],[107.242,-6.8095],[107.2445,-6.81],[107.2425,-6.817],[107.2415,-6.8175],[107.2415,-6.8245],[107.242,-6.827],[107.2435,-6.825],[107.245,-6.827],[107.2545,-6.831],[107.2555,-6.829],[107.2555,-6.8275],[107.256,-6.825],[107.2555,-6.824],[107.255,-6.8215],[107.256,-6.8215],[107.2565,-6.8185],[107.2565,-6.817],[107.254,-6.814],[107.2545,-6.813],[107.252,-6.8085],[107.252,-6.804],[107.251,-6.803],[107.2505,-6.8025]]]},"properties":{"code":"32.03.05.2001","name":"Ciranjang"}},{"type":"Feature","geometry":{"type":"Polygon","coordinates":[[[107.2845,-6.765],[107.281,-6.7645],[107.2795,-6.7645],[107.276,-6.763],[107.2745,-6.765],[107.268,-6.7695],[107.2685,-6.776],[107.267,-6.778],[107.267,-6.7795],[107.266,-6.7815],[107.263,-6.794],[107.263,-6.796],[107.2645,-6.7965],[107.2655,-6.7975],[107.265,-6.8015],[107.2685,-6.8085],[107.2685,-6.8095],[107.269,-6.81],[107.2715,-6.8085],[107.2745,-6.808],[107.276,-6.8075],[107.27,-6.792],[107.2695,-6.788],[107.274,-6.775],[107.284,-6.771],[107.284,-6.77],[107.2845,-6.766],[107.2845,-6.765]]]},"properties":{"code":"32.03.05.2002","name":"Sindangjaya"}},{"type":"Feature","geometry":{"type":"Polygon","coordinates":[[[107.265,-6.8015],[107.252,-6.803],[107.252,-6.804],[107.252,-6.8085],[107.2545,-6.813],[107.254,-6.814],[107.2565,-6.817],[107.2585,-6.817],[107.262,-6.82],[107.2645,-6.8195],[107.2665,-6.819],[107.2705,-6.82],[107.273,-6.82],[107.273,-6.817],[107.271,-6.811],[107.2705,-6.809],[107.269,-6.81],[107.2685,-6.8095],[107.2685,-6.8085],[107.265,-6.8015]]]},"properties":{"code":"32.03.05.2004","name":"Cibiuk"}},{"type":"Feature","geometry":{"type":"Polygon","coordinates":[[[107.301,-6.7915],[107.3005,-6.791],[107.29,-6.7835],[107.2895,-6.7825],[107.287,-6.7835],[107.2865,-6.785],[107.287,-6.787],[107.281,-6.7975],[107.2795,-6.8005],[107.281,-6.8075],[107.282,-6.8075],[107.287,-6.809],[107.288,-6.808],[107.2955,-6.8005],[107.2975,-6.7975],[107.301,-6.7915]]]},"properties":{"code":"32.03.05.2005","name":"Gunungsari"}},{"type":"Feature","geometry":{"type":"Polygon","coordinates":[[[107.287,-6.809],[107.282,-6.8075],[107.2745,-6.808],[107.2715,-6.8085],[107.2705,-6.809],[107.271,-6.811],[107.273,-6.817],[107.273,-6.8205],[107.2805,-6.8255],[107.2825,-6.824],[107.284,-6.819],[107.2845,-6.8185],[107.284,-6.817],[107.2825,-6.817],[107.287,-6.8095],[107.287,-6.809]]]},"properties":{"code":"32.03.05.2006","name":"Karangwangi"}},{"type":"Feature","geometry":{"type":"Polygon","coordinates":[[[107.2545,-6.831],[107.245,-6.827],[107.2435,-6.825],[107.242,-6.827],[107.242,-6.8275],[107.24,-6.827],[107.2375,-6.845],[107.236,-6.846],[107.235,-6.8475],[107.2365,-6.848],[107.236,-6.8485],[107.244,-6.8515],[107.245,-6.8515],[107.257,-6.848],[107.2575,-6.8445],[107.258,-6.8445],[107.2585,-6.8435],[107.258,-6.8425],[107.2585,-6.8425],[107.2585,-6.842],[107.264,-6.842],[107.2625,-6.84],[107.262,-6.8385],[107.261,-6.837],[107.259,-6.837],[107.2565,-6.8355],[107.256,-6.8335],[107.2545,-6.831]]]},"properties":{"code":"32.03.05.2007","name":"Nanggalamekar"}},{"type":"Feature","geometry":{"type":"Polygon","coordinates":[[[107.2895,-6.7825],[107.2895,-6.7815],[107.2875,-6.779],[107.2845,-6.7745],[107.284,-6.771],[107.274,-6.775],[107.2695,-6.788],[107.27,-6.792],[107.276,-6.8075],[107.281,-6.8075],[107.2795,-6.8005],[107.281,-6.7975],[107.287,-6.787],[107.2865,-6.785],[107.287,-6.7835],[107.2895,-6.7825]]]},"properties":{"code":"32.03.05.2008","name":"Kertajaya"}},{"type":"Feature","geometry":{"type":"Polygon","coordinates":[[[107.265,-6.8015],[107.2655,-6.7975],[107.2645,-6.7965],[107.263,-6.796],[107.263,-6.794],[107.266,-6.7815],[107.267,-6.7795],[107.267,-6.778],[107.2685,-6.776],[107.268,-6.7695],[107.2665,-6.77],[107.2655,-6.77],[107.257,-6.785],[107.253,-6.787],[107.251,-6.8],[107.2505,-6.8025],[107.251,-6.803],[107.252,-6.803],[107.265,-6.8015]]]},"properties":{"code":"32.03.05.2009","name":"Sindangsari"}},{"type":"Feature","geometry":{"type":"Polygon","coordinates":[[[107.2665,-6.822],[107.2665,-6.819],[107.2645,-6.8195],[107.262,-6.82],[107.2585,-6.817],[107.2565,-6.817],[107.2565,-6.8185],[107.256,-6.8215],[107.255,-6.8215],[107.2555,-6.824],[107.256,-6.825],[107.2555,-6.8275],[107.2555,-6.829],[107.2545,-6.831],[107.256,-6.8335],[107.2565,-6.8355],[107.259,-6.837],[107.261,-6.837],[107.262,-6.837],[107.2665,-6.822]]]},"properties":{"code":"32.03.05.2012","name":"Mekargalih"}},{"type":"Feature","geometry":{"type":"Polygon","coordinates":[[[107.273,-6.82],[107.2705,-6.82],[107.2665,-6.822],[107.262,-6.837],[107.262,-6.8385],[107.2625,-6.84],[107.264,-6.841],[107.28,-6.8335],[107.2865,-6.837],[107.2885,-6.8315],[107.2885,-6.8305],[107.2835,-6.8275],[107.2805,-6.8255],[107.273,-6.8205],[107.273,-6.82]]]},"properties":{"code":"32.03.06.2001","name":"Hegarmanah"}},{"type":"Feature","geometry":{"type":"Polygon","coordinates":[[[107.264,-6.842],[107.2585,-6.842],[107.2585,-6.8425],[107.258,-6.8425],[107.2585,-6.8435],[107.258,-6.8445],[107.2575,-6.8445],[107.2575,-6.847],[107.258,-6.847],[107.2595,-6.848],[107.2605,-6.8465],[107.2605,-6.8495],[107.2605,-6.8505],[107.26,-6.8515],[107.2545,-6.8605],[107.259,-6.866],[107.2615,-6.8665],[107.262,-6.8655],[107.267,-6.8635],[107.268,-6.8625],[107.268,-6.861],[107.268,-6.859],[107.269,-6.858],[107.271,-6.8545],[107.272,-6.8525],[107.272,-6.8515],[107.272,-6.8505],[107.264,-6.842]]]},"properties":{"code":"32.03.06.2002","name":"Bojongpicung"}},{"type":"Feature","geometry":{"type":"Polygon","coordinates":[[[107.262,-6.8655],[107.2615,-6.8665],[107.259,-6.866],[107.2545,-6.8605],[107.249,-6.864],[107.2485,-6.865],[107.248,-6.865],[107.2475,-6.866],[107.247,-6.867],[107.2465,-6.867],[107.246,-6.8685],[107.246,-6.869],[107.246,-6.87],[107.251,-6.8835],[107.2525,-6.8845],[107.2545,-6.884],[107.263,-6.881],[107.262,-6.868],[107.2625,-6.8665],[107.262,-6.8665],[107.262,-6.8655]]]},"properties":{"code":"32.03.06.2004","name":"Cibarengkok"}},{"type":"Feature","geometry":{"type":"Polygon","coordinates":[[[107.3145,-6.8975],[107.305,-6.894],[107.301,-6.8935],[107.3005,-6.8935],[107.2995,-6.8925],[107.2985,-6.8925],[107.297,-6.889],[107.2935,-6.88],[107.293,-6.879],[107.2925,-6.879],[107.2915,-6.879],[107.2905,-6.879],[107.2875,-6.878],[107.2835,-6.8765],[107.283,-6.8775],[107.2725,-6.8785],[107.265,-6.88],[107.263,-6.881],[107.2545,-6.884],[107.2535,-6.8845],[107.254,-6.9],[107.2425,-6.9075],[107.2555,-6.927],[107.256,-6.9275],[107.273,-6.925],[107.2745,-6.9245],[107.2765,-6.925],[107.279,-6.9245],[107.3055,-6.9075],[107.3065,-6.907],[107.315,-6.9],[107.3145,-6.898],[107.3145,-6.8975]]]},"properties":{"code":"32.03.06.2006","name":"Kemang"}},{"type":"Feature","geometry":{"type":"Polygon","coordinates":[[[107.2335,-6.8885],[107.2185,-6.882],[107.213,-6.8815],[107.21,-6.8825],[107.2095,-6.883],[107.209,-6.884],[107.212,-6.89],[107.213,-6.8885],[107.2145,-6.89],[107.216,-6.89],[107.215,-6.8915],[107.215,-6.893],[107.214,-6.8935],[107.2145,-6.894],[107.2155,-6.8945],[107.217,-6.8935],[107.2185,-6.8935],[107.2195,-6.895],[107.222,-6.899],[107.2235,-6.8995],[107.224,-6.9015],[107.2345,-6.9045],[107.234,-6.902],[107.232,-6.897],[107.2335,-6.8885]]]},"properties":{"code":"32.03.06.2007","name":"Sukajaya"}},{"type":"Feature","geometry":{"type":"Polygon","coordinates":[[[107.2545,-6.8605],[107.26,-6.8515],[107.2605,-6.8505],[107.2605,-6.8495],[107.2605,-6.8465],[107.2595,-6.848],[107.258,-6.847],[107.2575,-6.847],[107.257,-6.848],[107.245,-6.8515],[107.244,-6.8515],[107.236,-6.8485],[107.2345,-6.8495],[107.2335,-6.851],[107.233,-6.8535],[107.2325,-6.857],[107.2325,-6.8575],[107.2325,-6.8625],[107.233,-6.8655],[107.2425,-6.869],[107.2425,-6.8685],[107.245,-6.8645],[107.2445,-6.867],[107.246,-6.8665],[107.247,-6.867],[107.2475,-6.866],[107.248,-6.865],[107.2485,-6.865],[107.249,-6.864],[107.2545,-6.8605]]]},"properties":{"code":"32.03.06.2008","name":"Jati"}},{"type":"Feature","geometry":{"type":"Polygon","coordinates":[[[107.228,-6.8665],[107.226,-6.8655],[107.2255,-6.866],[107.2255,-6.867],[107.22,-6.8675],[107.217,-6.874],[107.2175,-6.875],[107.2175,-6.8755],[107.216,-6.876],[107.215,-6.872],[107.2125,-6.8715],[107.212,-6.8725],[107.212,-6.873],[107.2115,-6.8755],[107.21,-6.8755],[107.2105,-6.8785],[107.2105,-6.8805],[107.21,-6.8825],[107.213,-6.8815],[107.2185,-6.882],[107.2335,-6.8885],[107.2335,-6.888],[107.2335,-6.8845],[107.231,-6.8705],[107.2285,-6.8705],[107.228,-6.8705],[107.227,-6.8695],[107.2275,-6.8685],[107.228,-6.8665]]]},"properties":{"code":"32.03.06.2009","name":"Cikondang"}},{"type":"Feature","geometry":{"type":"Polygon","coordinates":[[[107.2345,-6.9045],[107.224,-6.9015],[107.2235,-6.8995],[107.222,-6.899],[107.2195,-6.895],[107.2185,-6.8935],[107.217,-6.894],[107.2175,-6.895],[107.2155,-6.8955],[107.214,-6.8965],[107.216,-6.8975],[107.2165,-6.898],[107.2165,-6.8995],[107.2075,-6.9125],[107.2065,-6.915],[107.205,-6.9135],[107.2045,-6.9135],[107.2035,-6.915],[107.2045,-6.9165],[107.2055,-6.918],[107.207,-6.917],[107.2075,-6.9185],[107.2065,-6.92],[107.2065,-6.9205],[107.2075,-6.9205],[107.2085,-6.9225],[107.209,-6.9235],[107.2095,-6.9245],[107.209,-6.927],[107.2085,-6.9295],[107.209,-6.9335],[107.2105,-6.936],[107.2115,-6.9385],[107.214,-6.9415],[107.219,-6.943],[107.22,-6.943],[107.23,-6.9395],[107.2315,-6.939],[107.246,-6.9325],[107.248,-6.931],[107.25,-6.9295],[107.254,-6.928],[107.2545,-6.9275],[107.2555,-6.927],[107.2425,-6.9075],[107.2345,-6.9045]]]},"properties":{"code":"32.03.06.2010","name":"Sukarama"}},{"type":"Feature","geometry":{"type":"Polygon","coordinates":[[[107.2915,-6.854],[107.291,-6.854],[107.2905,-6.8535],[107.2885,-6.853],[107.2835,-6.8515],[107.281,-6.8505],[107.2735,-6.8515],[107.272,-6.8515],[107.272,-6.8525],[107.271,-6.8545],[107.269,-6.858],[107.268,-6.859],[107.268,-6.861],[107.268,-6.8625],[107.267,-6.8635],[107.262,-6.8655],[107.262,-6.8665],[107.2625,-6.8665],[107.262,-6.868],[107.263,-6.881],[107.265,-6.88],[107.2725,-6.8785],[107.283,-6.8775],[107.2835,-6.8765],[107.284,-6.8765],[107.295,-6.8715],[107.2955,-6.8705],[107.294,-6.8605],[107.2965,-6.8585],[107.292,-6.8545],[107.2915,-6.854]]]},"properties":{"code":"32.03.06.2012","name":"Sukaratu"}},{"type":"Feature","geometry":{"type":"Polygon","coordinates":[[[107.2865,-6.837],[107.28,-6.8335],[107.264,-6.841],[107.264,-6.842],[107.272,-6.8505],[107.272,-6.8515],[107.2735,-6.8515],[107.281,-6.8505],[107.2835,-6.8515],[107.2885,-6.853],[107.2905,-6.8535],[107.291,-6.854],[107.2915,-6.854],[107.292,-6.8525],[107.289,-6.8455],[107.2885,-6.8445],[107.2885,-6.8435],[107.2865,-6.837]]]},"properties":{"code":"32.03.06.2013","name":"Neglasari"}},{"type":"Feature","geometry":{"type":"Polygon","coordinates":[[[107.2325,-6.8625],[107.232,-6.8625],[107.23,-6.8625],[107.2285,-6.865],[107.229,-6.866],[107.228,-6.8665],[107.2275,-6.8685],[107.227,-6.8695],[107.228,-6.8705],[107.2285,-6.8705],[107.231,-6.8705],[107.2335,-6.8845],[107.2335,-6.888],[107.2335,-6.8885],[107.232,-6.897],[107.234,-6.902],[107.2345,-6.9045],[107.2425,-6.9075],[107.254,-6.9],[107.2535,-6.8845],[107.2525,-6.8845],[107.251,-6.8835],[107.246,-6.87],[107.246,-6.869],[107.246,-6.8685],[107.2465,-6.867],[107.247,-6.867],[107.246,-6.8665],[107.2445,-6.867],[107.245,-6.8645],[107.2425,-6.8685],[107.2425,-6.869],[107.233,-6.8655],[107.2325,-6.8625]]]},"properties":{"code":"32.03.06.2014","name":"Jatisari"}},{"type":"Feature","geometry":{"type":"Polygon","coordinates":[[[107.1625,-6.821],[107.15,-6.8215],[107.151,-6.823],[107.151,-6.824],[107.151,-6.83],[107.15,-6.8315],[107.1515,-6.832],[107.152,-6.8335],[107.1535,-6.833],[107.1555,-6.835],[107.158,-6.8365],[107.159,-6.837],[107.1625,-6.838],[107.1635,-6.839],[107.173,-6.8375],[107.1715,-6.8365],[107.159,-6.8265],[107.159,-6.826],[107.162,-6.8245],[107.162,-6.8235],[107.1625,-6.8215],[107.1625,-6.821]]]},"properties":{"code":"32.03.07.2001","name":"Sukamanah"}},{"type":"Feature","geometry":{"type":"Polygon","coordinates":[[[107.171,-6.7905],[107.17,-6.791],[107.169,-6.792],[107.1665,-6.7935],[107.165,-6.794],[107.165,-6.7935],[107.164,-6.794],[107.1645,-6.7945],[107.1555,-6.8045],[107.1495,-6.809],[107.1505,-6.8095],[107.169,-6.8035],[107.17,-6.808],[107.1705,-6.8145],[107.1715,-6.8145],[107.1725,-6.815],[107.178,-6.808],[107.1785,-6.8065],[107.179,-6.8045],[107.179,-6.8035],[107.1785,-6.804],[107.178,-6.801],[107.175,-6.8015],[107.1765,-6.7945],[107.1765,-6.794],[107.1725,-6.7925],[107.1715,-6.7925],[107.171,-6.7905]]]},"properties":{"code":"32.03.07.2002","name":"Bojong"}},{"type":"Feature","geometry":{"type":"Polygon","coordinates":[[[107.184,-6.777],[107.1745,-6.7745],[107.17,-6.783],[107.1685,-6.7845],[107.1675,-6.784],[107.1665,-6.7835],[107.166,-6.7875],[107.1645,-6.7875],[107.162,-6.7885],[107.1615,-6.791],[107.161,-6.791],[107.1615,-6.7915],[107.164,-6.792],[107.164,-6.793],[107.1645,-6.794],[107.165,-6.7935],[107.165,-6.794],[107.1665,-6.7935],[107.169,-6.792],[107.17,-6.791],[107.1705,-6.7905],[107.173,-6.79],[107.1805,-6.781],[107.1815,-6.779],[107.184,-6.777]]]},"properties":{"code":"32.03.07.2003","name":"Sindanglaka"}},{"type":"Feature","geometry":{"type":"Polygon","coordinates":[[[107.18,-6.8275],[107.189,-6.824],[107.1885,-6.8235],[107.1845,-6.817],[107.1755,-6.818],[107.167,-6.8185],[107.165,-6.8185],[107.1625,-6.8205],[107.1625,-6.8215],[107.162,-6.8235],[107.162,-6.824],[107.1665,-6.8245],[107.1705,-6.8245],[107.1705,-6.8255],[107.18,-6.8275]]]},"properties":{"code":"32.03.07.2004","name":"Maleber"}},{"type":"Feature","geometry":{"type":"Polygon","coordinates":[[[107.229,-6.791],[107.2325,-6.783],[107.2295,-6.779],[107.226,-6.782],[107.206,-6.792],[107.2055,-6.7925],[107.1935,-6.796],[107.1925,-6.7965],[107.195,-6.805],[107.196,-6.805],[107.1985,-6.8045],[107.2095,-6.798],[107.2095,-6.7965],[107.217,-6.793],[107.222,-6.7925],[107.226,-6.7915],[107.229,-6.791]]]},"properties":{"code":"32.03.07.2005","name":"Ciherang"}},{"type":"Feature","geometry":{"type":"Polygon","coordinates":[[[107.2,-6.782],[107.1985,-6.782],[107.184,-6.7785],[107.184,-6.778],[107.1835,-6.777],[107.1815,-6.779],[107.1805,-6.781],[107.1825,-6.7815],[107.183,-6.7815],[107.1825,-6.782],[107.188,-6.7955],[107.184,-6.7965],[107.1845,-6.7985],[107.1845,-6.799],[107.1915,-6.7965],[107.1925,-6.7965],[107.1935,-6.796],[107.2055,-6.7925],[107.2055,-6.792],[107.204,-6.791],[107.1975,-6.791],[107.1955,-6.792],[107.195,-6.792],[107.1945,-6.792],[107.1985,-6.786],[107.1995,-6.785],[107.199,-6.7835],[107.2,-6.783],[107.2,-6.782]]]},"properties":{"code":"32.03.07.2006","name":"Sukamantri"}},{"type":"Feature","geometry":{"type":"Polygon","coordinates":[[[107.226,-6.782],[107.222,-6.7775],[107.219,-6.7775],[107.2185,-6.7775],[107.2175,-6.7785],[107.214,-6.7785],[107.2115,-6.7785],[107.202,-6.7815],[107.201,-6.782],[107.2,-6.7835],[107.1995,-6.783],[107.199,-6.7835],[107.1995,-6.785],[107.1985,-6.786],[107.1945,-6.792],[107.195,-6.792],[107.1955,-6.792],[107.1975,-6.791],[107.204,-6.791],[107.2055,-6.792],[107.206,-6.792],[107.226,-6.782]]]},"properties":{"code":"32.03.07.2007","name":"Sukasarana"}},{"type":"Feature","geometry":{"type":"Polygon","coordinates":[[[107.194,-6.812],[107.193,-6.812],[107.1895,-6.8135],[107.1875,-6.814],[107.185,-6.813],[107.184,-6.813],[107.183,-6.815],[107.1815,-6.816],[107.183,-6.817],[107.1845,-6.817],[107.1885,-6.8235],[107.189,-6.824],[107.18,-6.8275],[107.1815,-6.8285],[107.1825,-6.829],[107.184,-6.829],[107.182,-6.8335],[107.1815,-6.8335],[107.1815,-6.8345],[107.187,-6.8335],[107.1885,-6.835],[107.1985,-6.8325],[107.2005,-6.8335],[107.201,-6.8335],[107.2015,-6.833],[107.2015,-6.8325],[107.1965,-6.8235],[107.197,-6.8225],[107.1975,-6.82],[107.197,-6.8195],[107.195,-6.817],[107.1945,-6.8155],[107.196,-6.8135],[107.1945,-6.813],[107.194,-6.812]]]},"properties":{"code":"32.03.07.2008","name":"Sukasari"}},{"type":"Feature","geometry":{"type":"Polygon","coordinates":[[[107.2205,-6.793],[107.217,-6.793],[107.2095,-6.7965],[107.2095,-6.798],[107.1985,-6.8045],[107.1965,-6.805],[107.1965,-6.806],[107.196,-6.807],[107.197,-6.8075],[107.197,-6.809],[107.195,-6.812],[107.194,-6.812],[107.1945,-6.813],[107.196,-6.8135],[107.1945,-6.8155],[107.195,-6.817],[107.197,-6.8195],[107.1975,-6.82],[107.197,-6.8225],[107.209,-6.8175],[107.2175,-6.816],[107.2175,-6.8145],[107.214,-6.802],[107.2205,-6.793]]]},"properties":{"code":"32.03.07.2009","name":"Babakancaringin"}},{"type":"Feature","geometry":{"type":"Polygon","coordinates":[[[107.172,-6.8145],[107.1705,-6.8145],[107.17,-6.808],[107.169,-6.8035],[107.1505,-6.8095],[107.152,-6.8095],[107.151,-6.815],[107.1505,-6.8165],[107.15,-6.8215],[107.1625,-6.821],[107.1625,-6.8205],[107.165,-6.8185],[107.1655,-6.8185],[107.167,-6.8165],[107.17,-6.815],[107.172,-6.815],[107.172,-6.8145]]]},"properties":{"code":"32.03.07.2010","name":"Sabandar"}},{"type":"Feature","geometry":{"type":"Polygon","coordinates":[[[107.18,-6.8275],[107.1705,-6.8255],[107.1705,-6.8245],[107.1665,-6.8245],[107.162,-6.824],[107.162,-6.8245],[107.159,-6.826],[107.159,-6.8265],[107.1715,-6.8365],[107.174,-6.8375],[107.1735,-6.84],[107.174,-6.8405],[107.1755,-6.8405],[107.1765,-6.84],[107.1775,-6.8395],[107.178,-6.839],[107.179,-6.838],[107.18,-6.838],[107.1805,-6.838],[107.1815,-6.8375],[107.182,-6.8375],[107.182,-6.837],[107.181,-6.837],[107.181,-6.8355],[107.1805,-6.834],[107.182,-6.8335],[107.184,-6.829],[107.1825,-6.829],[107.1815,-6.8285],[107.18,-6.8275]]]},"properties":{"code":"32.03.07.2011","name":"Sindangasih"}},{"type":"Feature","geometry":{"type":"Polygon","coordinates":[[[107.161,-6.791],[107.1595,-6.79],[107.1555,-6.7885],[107.155,-6.789],[107.1535,-6.7905],[107.147,-6.8015],[107.148,-6.8025],[107.1485,-6.8025],[107.1485,-6.803],[107.149,-6.8045],[107.1515,-6.8075],[107.1555,-6.8045],[107.1645,-6.7945],[107.164,-6.794],[107.1645,-6.794],[107.164,-6.793],[107.164,-6.792],[107.1615,-6.7915],[107.161,-6.791]]]},"properties":{"code":"32.03.07.2012","name":"Sukataris"}},{"type":"Feature","geometry":{"type":"Polygon","coordinates":[[[107.201,-6.8335],[107.2005,-6.8335],[107.1985,-6.8325],[107.1885,-6.835],[107.187,-6.8335],[107.1815,-6.8345],[107.1815,-6.8335],[107.1805,-6.834],[107.181,-6.8355],[107.181,-6.837],[107.182,-6.837],[107.182,-6.8375],[107.1815,-6.8375],[107.1805,-6.838],[107.18,-6.838],[107.179,-6.838],[107.1785,-6.8385],[107.1795,-6.839],[107.181,-6.8405],[107.1815,-6.8405],[107.182,-6.8415],[107.1865,-6.8425],[107.195,-6.8465],[107.197,-6.8475],[107.1975,-6.848],[107.201,-6.849],[107.2015,-6.8485],[107.2025,-6.8495],[107.2045,-6.8505],[107.2015,-6.8335],[107.201,-6.8335]]]},"properties":{"code":"32.03.07.2013","name":"Langensari"}},{"type":"Feature","geometry":{"type":"Polygon","coordinates":[[[107.1925,-6.7965],[107.1915,-6.7965],[107.178,-6.801],[107.1785,-6.804],[107.179,-6.8035],[107.179,-6.8045],[107.1785,-6.8065],[107.178,-6.808],[107.1725,-6.815],[107.172,-6.8145],[107.172,-6.815],[107.17,-6.815],[107.167,-6.8165],[107.1655,-6.8185],[107.167,-6.8185],[107.1755,-6.818],[107.183,-6.817],[107.1815,-6.816],[107.183,-6.815],[107.184,-6.813],[107.185,-6.813],[107.1875,-6.814],[107.1895,-6.8135],[107.193,-6.812],[107.195,-6.812],[107.197,-6.809],[107.197,-6.8075],[107.196,-6.807],[107.1965,-6.806],[107.1965,-6.805],[107.195,-6.805],[107.1925,-6.7965]]]},"properties":{"code":"32.03.07.2014","name":"Hegarmanah"}},{"type":"Feature","geometry":{"type":"Polygon","coordinates":[[[107.257,-6.7595],[107.2515,-6.7575],[107.229,-6.7655],[107.2215,-6.775],[107.219,-6.7755],[107.222,-6.7775],[107.226,-6.782],[107.2295,-6.779],[107.2445,-6.7685],[107.2495,-6.766],[107.2555,-6.761],[107.257,-6.7595]]]},"properties":{"code":"32.03.07.2015","name":"Sukajadi"}},{"type":"Feature","geometry":{"type":"Polygon","coordinates":[[[107.1845,-6.799],[107.1845,-6.7985],[107.184,-6.7965],[107.188,-6.7955],[107.1825,-6.782],[107.183,-6.7815],[107.1825,-6.7815],[107.1805,-6.781],[107.173,-6.79],[107.171,-6.7905],[107.1715,-6.7925],[107.1725,-6.7925],[107.1765,-6.794],[107.1765,-6.7945],[107.175,-6.8015],[107.1755,-6.8015],[107.1845,-6.799]]]},"properties":{"code":"32.03.07.2016","name":"Sukamulya"}},{"type":"Feature","geometry":{"type":"Polygon","coordinates":[[[107.2055,-6.7655],[107.205,-6.766],[107.203,-6.766],[107.202,-6.7655],[107.2,-6.766],[107.1915,-6.771],[107.1835,-6.777],[107.184,-6.778],[107.184,-6.7785],[107.1985,-6.782],[107.2005,-6.78],[107.2045,-6.7765],[107.2045,-6.7725],[107.205,-6.771],[107.205,-6.768],[107.2055,-6.768],[107.2055,-6.7655]]]},"properties":{"code":"32.03.08.2001","name":"Kademangan"}},{"type":"Feature","geometry":{"type":"Polygon","coordinates":[[[107.289,-6.743],[107.2595,-6.7445],[107.2575,-6.751],[107.2575,-6.753],[107.2395,-6.759],[107.2375,-6.762],[107.228,-6.7615],[107.227,-6.7615],[107.226,-6.7625],[107.223,-6.7645],[107.2215,-6.7655],[107.208,-6.766],[107.2065,-6.7665],[107.206,-6.7665],[107.206,-6.766],[107.206,-6.7655],[107.2055,-6.7655],[107.2055,-6.768],[107.205,-6.768],[107.205,-6.771],[107.2045,-6.7725],[107.2045,-6.7765],[107.2005,-6.78],[107.2,-6.782],[107.2,-6.783],[107.1995,-6.783],[107.2,-6.7835],[107.201,-6.782],[107.202,-6.7815],[107.2115,-6.7785],[107.214,-6.7785],[107.2175,-6.7785],[107.2185,-6.7775],[107.219,-6.7775],[107.219,-6.7755],[107.2215,-6.775],[107.229,-6.7655],[107.2515,-6.7575],[107.257,-6.7595],[107.263,-6.7545],[107.2665,-6.7525],[107.2805,-6.753],[107.2825,-6.75],[107.2865,-6.7525],[107.2905,-6.7525],[107.2915,-6.75],[107.2895,-6.745],[107.289,-6.743]]]},"properties":{"code":"32.03.08.2002","name":"Bobojong"}},{"type":"Feature","geometry":{"type":"Polygon","coordinates":[[[107.213,-6.739],[107.1895,-6.7365],[107.1855,-6.74],[107.184,-6.743],[107.187,-6.758],[107.186,-6.761],[107.1875,-6.762],[107.1875,-6.763],[107.187,-6.7745],[107.1915,-6.771],[107.2,-6.766],[107.202,-6.7655],[107.203,-6.766],[107.205,-6.766],[107.2055,-6.7655],[107.206,-6.7655],[107.206,-6.766],[107.206,-6.7665],[107.2065,-6.7665],[107.2075,-6.766],[107.2165,-6.74],[107.216,-6.74],[107.213,-6.739]]]},"properties":{"code":"32.03.08.2003","name":"Jamali"}},{"type":"Feature","geometry":{"type":"Polygon","coordinates":[[[107.2905,-6.7525],[107.2865,-6.7525],[107.2825,-6.75],[107.2805,-6.753],[107.2665,-6.7525],[107.263,-6.7545],[107.257,-6.7595],[107.2555,-6.761],[107.2495,-6.766],[107.2485,-6.7735],[107.2495,-6.7735],[107.2505,-6.773],[107.255,-6.774],[107.256,-6.7735],[107.2655,-6.77],[107.2665,-6.77],[107.2745,-6.765],[107.276,-6.763],[107.2795,-6.7645],[107.281,-6.7645],[107.2845,-6.765],[107.2845,-6.764],[107.2895,-6.754],[107.2905,-6.7525]]]},"properties":{"code":"32.03.08.2004","name":"Cikidangbayabang"}},{"type":"Feature","geometry":{"type":"Polygon","coordinates":[[[107.2945,-6.732],[107.257,-6.7215],[107.25,-6.7195],[107.2455,-6.7255],[107.246,-6.727],[107.2465,-6.7275],[107.246,-6.728],[107.2355,-6.736],[107.233,-6.7355],[107.232,-6.738],[107.2325,-6.7405],[107.232,-6.742],[107.2335,-6.7425],[107.236,-6.7415],[107.2425,-6.739],[107.245,-6.7395],[107.246,-6.74],[107.248,-6.74],[107.2595,-6.7445],[107.289,-6.743],[107.289,-6.7415],[107.2935,-6.7325],[107.2945,-6.732]]]},"properties":{"code":"32.03.08.2005","name":"Mande"}},{"type":"Feature","geometry":{"type":"Polygon","coordinates":[[[107.23,-6.7425],[107.2295,-6.742],[107.228,-6.742],[107.2235,-6.741],[107.218,-6.74],[107.2165,-6.74],[107.2075,-6.766],[107.208,-6.766],[107.2215,-6.7655],[107.223,-6.7645],[107.226,-6.7625],[107.227,-6.7615],[107.2275,-6.761],[107.23,-6.7425]]]},"properties":{"code":"32.03.08.2006","name":"Mulyasari"}},{"type":"Feature","geometry":{"type":"Polygon","coordinates":[[[107.1895,-6.7365],[107.1725,-6.732],[107.1675,-6.7325],[107.166,-6.7325],[107.162,-6.7335],[107.158,-6.737],[107.1555,-6.738],[107.148,-6.741],[107.1475,-6.743],[107.164,-6.7525],[107.1645,-6.752],[107.1665,-6.752],[107.182,-6.7615],[107.1845,-6.7625],[107.1855,-6.7625],[107.186,-6.7625],[107.1865,-6.7625],[107.187,-6.7625],[107.1875,-6.7625],[107.1875,-6.762],[107.186,-6.761],[107.187,-6.758],[107.184,-6.743],[107.1855,-6.74],[107.1895,-6.7365]]]},"properties":{"code":"32.03.08.2007","name":"Ciandam"}},{"type":"Feature","geometry":{"type":"Polygon","coordinates":[[[107.1875,-6.7625],[107.187,-6.7625],[107.1865,-6.7625],[107.186,-6.7625],[107.1855,-6.7625],[107.1845,-6.7625],[107.182,-6.7615],[107.1665,-6.752],[107.1645,-6.752],[107.163,-6.753],[107.162,-6.753],[107.1575,-6.754],[107.155,-6.7595],[107.1545,-6.761],[107.1555,-6.763],[107.159,-6.776],[107.1605,-6.7775],[107.164,-6.779],[107.1645,-6.78],[107.1655,-6.7825],[107.166,-6.7835],[107.1665,-6.7835],[107.1675,-6.784],[107.1685,-6.7845],[107.17,-6.783],[107.1745,-6.7745],[107.184,-6.777],[107.187,-6.7745],[107.1875,-6.763],[107.1875,-6.7625]]]},"properties":{"code":"32.03.08.2008","name":"Sukamanah"}},{"type":"Feature","geometry":{"type":"Polygon","coordinates":[[[107.1545,-6.761],[107.154,-6.76],[107.152,-6.76],[107.152,-6.761],[107.15,-6.761],[107.1485,-6.761],[107.144,-6.7615],[107.141,-6.7605],[107.1395,-6.763],[107.145,-6.7915],[107.1455,-6.7915],[107.1455,-6.79],[107.1465,-6.7885],[107.148,-6.788],[107.148,-6.789],[107.148,-6.79],[107.1485,-6.7905],[107.15,-6.7875],[107.1505,-6.7895],[107.15,-6.79],[107.1515,-6.7905],[107.152,-6.7895],[107.1555,-6.7875],[107.1595,-6.79],[107.1615,-6.791],[107.162,-6.7885],[107.1645,-6.7875],[107.166,-6.7875],[107.166,-6.7835],[107.1655,-6.7825],[107.1645,-6.78],[107.164,-6.779],[107.1605,-6.7775],[107.159,-6.776],[107.1555,-6.763],[107.1545,-6.761]]]},"properties":{"code":"32.03.08.2009","name":"Leuwikoja"}},{"type":"Feature","geometry":{"type":"Polygon","coordinates":[[[107.1395,-6.763],[107.139,-6.763],[107.119,-6.765],[107.099,-6.757],[107.096,-6.7575],[107.0935,-6.7575],[107.091,-6.761],[107.1055,-6.767],[107.106,-6.767],[107.107,-6.7675],[107.109,-6.769],[107.111,-6.7715],[107.113,-6.7745],[107.114,-6.775],[107.1145,-6.7755],[107.1145,-6.7765],[107.1205,-6.78],[107.121,-6.78],[107.1225,-6.7805],[107.1245,-6.7825],[107.126,-6.7875],[107.127,-6.788],[107.127,-6.7875],[107.129,-6.7865],[107.135,-6.789],[107.1355,-6.79],[107.1365,-6.79],[107.137,-6.791],[107.1385,-6.791],[107.1385,-6.792],[107.146,-6.794],[107.151,-6.791],[107.15,-6.79],[107.1505,-6.7895],[107.15,-6.7875],[107.1485,-6.7905],[107.148,-6.79],[107.148,-6.789],[107.148,-6.788],[107.1465,-6.7885],[107.1455,-6.79],[107.1455,-6.7915],[107.145,-6.7915],[107.1395,-6.763]]]},"properties":{"code":"32.03.08.2010","name":"Mekarjaya"}},{"type":"Feature","geometry":{"type":"Polygon","coordinates":[[[107.164,-6.7525],[107.1475,-6.743],[107.1435,-6.7435],[107.137,-6.745],[107.118,-6.7515],[107.1165,-6.7515],[107.109,-6.7465],[107.098,-6.752],[107.1,-6.7535],[107.098,-6.757],[107.099,-6.757],[107.119,-6.765],[107.139,-6.763],[107.141,-6.7605],[107.144,-6.7615],[107.1485,-6.761],[107.15,-6.761],[107.152,-6.761],[107.152,-6.76],[107.154,-6.76],[107.155,-6.7595],[107.1575,-6.754],[107.162,-6.753],[107.163,-6.753],[107.164,-6.7525]]]},"properties":{"code":"32.03.08.2011","name":"Kutawaringin"}},{"type":"Feature","geometry":{"type":"Polygon","coordinates":[[[107.2595,-6.7445],[107.248,-6.74],[107.246,-6.74],[107.245,-6.7395],[107.2425,-6.739],[107.236,-6.7415],[107.2335,-6.7425],[107.2325,-6.7425],[107.231,-6.7415],[107.23,-6.7425],[107.2275,-6.761],[107.228,-6.7615],[107.2375,-6.762],[107.2395,-6.759],[107.2575,-6.753],[107.2575,-6.751],[107.2595,-6.7445]]]},"properties":{"code":"32.03.08.2012","name":"Murnisari"}},{"type":"Feature","geometry":{"type":"Polygon","coordinates":[[[107.214,-6.802],[107.2175,-6.8145],[107.2175,-6.8155],[107.218,-6.815],[107.219,-6.815],[107.221,-6.815],[107.2235,-6.8155],[107.2315,-6.8145],[107.232,-6.81],[107.2325,-6.8095],[107.2335,-6.808],[107.234,-6.807],[107.234,-6.8075],[107.2345,-6.8065],[107.234,-6.806],[107.2335,-6.806],[107.214,-6.802]]]},"properties":{"code":"32.03.09.2001","name":"Selajambe"}},{"type":"Feature","geometry":{"type":"Polygon","coordinates":[[[107.2415,-6.8175],[107.24,-6.818],[107.2375,-6.8185],[107.238,-6.8195],[107.239,-6.82],[107.2385,-6.8205],[107.2385,-6.8215],[107.2375,-6.821],[107.2365,-6.8205],[107.2365,-6.8225],[107.235,-6.8225],[107.2335,-6.8225],[107.2315,-6.8235],[107.229,-6.823],[107.2255,-6.8245],[107.2255,-6.8255],[107.2255,-6.826],[107.2255,-6.8265],[107.2245,-6.829],[107.222,-6.8295],[107.2195,-6.842],[107.219,-6.8435],[107.219,-6.846],[107.2255,-6.866],[107.226,-6.8655],[107.229,-6.866],[107.2285,-6.865],[107.23,-6.8625],[107.232,-6.8625],[107.2325,-6.8625],[107.2325,-6.8575],[107.2325,-6.857],[107.233,-6.8535],[107.2335,-6.851],[107.2345,-6.8495],[107.2365,-6.848],[107.235,-6.8475],[107.236,-6.846],[107.2375,-6.845],[107.24,-6.827],[107.242,-6.8275],[107.2415,-6.8245],[107.2415,-6.8175]]]},"properties":{"code":"32.03.09.2002","name":"Sukamulya"}},{"type":"Feature","geometry":{"type":"Polygon","coordinates":[[[107.22,-6.8675],[107.2155,-6.8685],[107.214,-6.868],[107.207,-6.861],[107.2055,-6.86],[107.204,-6.8585],[107.2025,-6.8585],[107.1965,-6.8595],[107.193,-6.859],[107.1925,-6.8595],[107.1935,-6.876],[107.1915,-6.879],[107.1905,-6.879],[107.1905,-6.8805],[107.19,-6.8825],[107.1905,-6.883],[107.193,-6.883],[107.199,-6.8825],[107.2,-6.882],[107.202,-6.881],[107.204,-6.8815],[107.2045,-6.8815],[107.2055,-6.882],[107.2075,-6.8815],[107.209,-6.882],[107.21,-6.882],[107.2105,-6.8805],[107.2105,-6.8785],[107.21,-6.8755],[107.2115,-6.8755],[107.212,-6.873],[107.212,-6.8725],[107.2125,-6.8715],[107.215,-6.872],[107.216,-6.876],[107.2175,-6.8755],[107.2175,-6.875],[107.217,-6.874],[107.22,-6.8675]]]},"properties":{"code":"32.03.09.2003","name":"Panyusuhan"}},{"type":"Feature","geometry":{"type":"Polygon","coordinates":[[[107.2315,-6.8145],[107.2235,-6.8155],[107.221,-6.815],[107.219,-6.815],[107.218,-6.815],[107.2175,-6.8155],[107.2175,-6.816],[107.209,-6.8175],[107.1965,-6.8235],[107.2015,-6.8325],[107.202,-6.8325],[107.203,-6.8305],[107.2045,-6.83],[107.214,-6.828],[107.215,-6.828],[107.2185,-6.825],[107.2195,-6.8255],[107.2215,-6.825],[107.223,-6.8255],[107.225,-6.825],[107.2255,-6.825],[107.2255,-6.8245],[107.229,-6.823],[107.2315,-6.8235],[107.2335,-6.8225],[107.235,-6.8225],[107.2365,-6.8225],[107.2365,-6.8205],[107.2375,-6.821],[107.2385,-6.8215],[107.2385,-6.8205],[107.2375,-6.8195],[107.237,-6.819],[107.2315,-6.8145]]]},"properties":{"code":"32.03.09.2004","name":"Tanjungsari"}},{"type":"Feature","geometry":{"type":"Polygon","coordinates":[[[107.2655,-6.77],[107.256,-6.7735],[107.255,-6.774],[107.2505,-6.773],[107.2495,-6.7735],[107.2485,-6.7735],[107.2495,-6.766],[107.2445,-6.7685],[107.2315,-6.778],[107.2325,-6.783],[107.229,-6.791],[107.2295,-6.791],[107.231,-6.7895],[107.2345,-6.788],[107.2405,-6.788],[107.2445,-6.787],[107.2465,-6.7875],[107.247,-6.7885],[107.2495,-6.7845],[107.25,-6.7845],[107.2505,-6.785],[107.2505,-6.7855],[107.252,-6.786],[107.254,-6.785],[107.2535,-6.786],[107.254,-6.7865],[107.257,-6.785],[107.2655,-6.77]]]},"properties":{"code":"32.03.09.2005","name":"Sindangraja"}},{"type":"Feature","geometry":{"type":"Polygon","coordinates":[[[107.1925,-6.8595],[107.1915,-6.8585],[107.1865,-6.858],[107.1865,-6.857],[107.186,-6.8565],[107.1855,-6.8565],[107.185,-6.8575],[107.184,-6.8615],[107.1825,-6.8625],[107.18,-6.8645],[107.179,-6.8645],[107.177,-6.867],[107.1775,-6.868],[107.1775,-6.869],[107.178,-6.8695],[107.178,-6.87],[107.1785,-6.8705],[107.18,-6.872],[107.178,-6.874],[107.176,-6.8745],[107.176,-6.877],[107.1775,-6.8765],[107.1795,-6.878],[107.18,-6.8785],[107.1805,-6.8785],[107.181,-6.879],[107.183,-6.88],[107.1835,-6.8795],[107.184,-6.8795],[107.1895,-6.8815],[107.19,-6.8825],[107.1905,-6.8805],[107.1905,-6.879],[107.1915,-6.879],[107.1935,-6.876],[107.1925,-6.8595]]]},"properties":{"code":"32.03.09.2006","name":"Mekarjaya"}},{"type":"Feature","geometry":{"type":"Polygon","coordinates":[[[107.2505,-6.7855],[107.2505,-6.785],[107.25,-6.7845],[107.2495,-6.7845],[107.247,-6.7885],[107.2465,-6.7875],[107.2445,-6.787],[107.2405,-6.788],[107.2345,-6.788],[107.231,-6.7895],[107.2295,-6.791],[107.226,-6.7915],[107.222,-6.7925],[107.2205,-6.793],[107.214,-6.802],[107.2335,-6.806],[107.234,-6.806],[107.2345,-6.8065],[107.2345,-6.806],[107.246,-6.791],[107.247,-6.7895],[107.2475,-6.7875],[107.25,-6.785],[107.2505,-6.7855]]]},"properties":{"code":"32.03.09.2007","name":"Sukasirna"}},{"type":"Feature","geometry":{"type":"Polygon","coordinates":[[[107.2255,-6.866],[107.219,-6.846],[107.218,-6.847],[107.216,-6.847],[107.2155,-6.8475],[107.216,-6.848],[107.2155,-6.8495],[107.2145,-6.8495],[107.214,-6.85],[107.2045,-6.8505],[107.2025,-6.8495],[107.2015,-6.8485],[107.201,-6.849],[107.1975,-6.8485],[107.196,-6.8495],[107.1955,-6.852],[107.1955,-6.853],[107.194,-6.8535],[107.1935,-6.8545],[107.1925,-6.8555],[107.192,-6.856],[107.1915,-6.856],[107.189,-6.858],[107.187,-6.8565],[107.186,-6.8565],[107.1865,-6.857],[107.1865,-6.858],[107.1915,-6.8585],[107.193,-6.859],[107.1965,-6.8595],[107.2025,-6.8585],[107.204,-6.8585],[107.2055,-6.86],[107.207,-6.861],[107.214,-6.868],[107.2155,-6.8685],[107.22,-6.8675],[107.2255,-6.867],[107.2255,-6.866]]]},"properties":{"code":"32.03.09.2008","name":"Sukaluyu"}},{"type":"Feature","geometry":{"type":"Polygon","coordinates":[[[107.2255,-6.825],[107.225,-6.825],[107.223,-6.8255],[107.2215,-6.825],[107.2195,-6.8255],[107.2185,-6.825],[107.215,-6.828],[107.214,-6.828],[107.2045,-6.83],[107.203,-6.8305],[107.202,-6.8325],[107.2015,-6.833],[107.2015,-6.8335],[107.2045,-6.8505],[107.214,-6.85],[107.2145,-6.8495],[107.2155,-6.8495],[107.216,-6.848],[107.2155,-6.8475],[107.216,-6.847],[107.218,-6.847],[107.219,-6.846],[107.219,-6.8435],[107.2195,-6.842],[107.222,-6.8295],[107.2245,-6.829],[107.2255,-6.8265],[107.2255,-6.826],[107.2255,-6.825]]]},"properties":{"code":"32.03.09.2009","name":"Babakansari"}},{"type":"Feature","geometry":{"type":"Polygon","coordinates":[[[107.254,-6.7865],[107.2535,-6.786],[107.254,-6.785],[107.252,-6.786],[107.25,-6.785],[107.2475,-6.7875],[107.247,-6.7895],[107.246,-6.791],[107.2345,-6.806],[107.234,-6.8075],[107.234,-6.807],[107.2335,-6.808],[107.2325,-6.8095],[107.232,-6.81],[107.2315,-6.8145],[107.237,-6.819],[107.2375,-6.8195],[107.238,-6.8205],[107.239,-6.82],[107.238,-6.8195],[107.2375,-6.8185],[107.24,-6.818],[107.2425,-6.817],[107.2445,-6.81],[107.242,-6.8095],[107.242,-6.809],[107.2445,-6.8075],[107.2505,-6.803],[107.251,-6.8],[107.253,-6.787],[107.254,-6.7865]]]},"properties":{"code":"32.03.09.2010","name":"Hegarmanah"}},{"type":"Feature","geometry":{"type":"Polygon","coordinates":[[[107.0635,-6.7545],[107.063,-6.754],[107.062,-6.7545],[107.061,-6.7535],[107.059,-6.754],[107.0525,-6.752],[107.0275,-6.7605],[107.026,-6.7605],[107.025,-6.7605],[107.0235,-6.762],[107.021,-6.762],[107.0165,-6.7635],[107.0125,-6.7655],[107.0025,-6.771],[106.9965,-6.774],[106.993,-6.778],[106.9905,-6.779],[106.988,-6.7805],[106.986,-6.7835],[106.9835,-6.79],[106.9845,-6.7895],[106.985,-6.7895],[106.992,-6.7865],[106.996,-6.7805],[107.017,-6.7705],[107.049,-6.764],[107.058,-6.77],[107.065,-6.763],[107.0655,-6.761],[107.064,-6.759],[107.063,-6.758],[107.063,-6.757],[107.063,-6.755],[107.0635,-6.7545]]]},"properties":{"code":"32.03.10.2001","name":"Ciherang"}},{"type":"Feature","geometry":{"type":"Polygon","coordinates":[[[107.0655,-6.721],[107.064,-6.7195],[107.0595,-6.7185],[107.056,-6.717],[107.0545,-6.7165],[107.054,-6.7175],[107.0545,-6.718],[107.055,-6.7195],[107.0555,-6.724],[107.053,-6.73],[107.0555,-6.7405],[107.056,-6.7415],[107.0565,-6.7425],[107.0565,-6.744],[107.0575,-6.7455],[107.058,-6.7445],[107.06,-6.7425],[107.061,-6.741],[107.0655,-6.736],[107.0665,-6.735],[107.067,-6.735],[107.0685,-6.7345],[107.072,-6.733],[107.0785,-6.733],[107.0785,-6.7325],[107.0785,-6.7295],[107.0655,-6.721]]]},"properties":{"code":"32.03.10.2003","name":"Cibodas"}},{"type":"Feature","geometry":{"type":"Polygon","coordinates":[[[107.055,-6.6855],[107.0545,-6.686],[107.048,-6.691],[107.0485,-6.692],[107.0365,-6.701],[107.0365,-6.703],[107.0465,-6.715],[107.048,-6.7145],[107.061,-6.713],[107.064,-6.71],[107.064,-6.7075],[107.063,-6.7065],[107.0635,-6.6935],[107.0625,-6.691],[107.062,-6.69],[107.0585,-6.688],[107.057,-6.6875],[107.0555,-6.687],[107.055,-6.6855]]]},"properties":{"code":"32.03.10.2005","name":"Sukanagalih"}},{"type":"Feature","geometry":{"type":"Polygon","coordinates":[[[107.0565,-6.7435],[107.056,-6.743],[107.056,-6.7425],[107.055,-6.742],[107.054,-6.7415],[107.0465,-6.742],[107.046,-6.7415],[107.0455,-6.7415],[107.038,-6.7435],[107.0275,-6.7535],[107.0045,-6.7635],[107.002,-6.765],[106.9995,-6.767],[106.9965,-6.768],[106.9955,-6.7695],[106.991,-6.7775],[106.9905,-6.779],[106.993,-6.778],[106.9965,-6.774],[107.0025,-6.771],[107.0125,-6.7655],[107.0165,-6.7635],[107.021,-6.762],[107.0235,-6.762],[107.025,-6.7605],[107.026,-6.7605],[107.0275,-6.7605],[107.0525,-6.752],[107.059,-6.754],[107.061,-6.7535],[107.062,-6.7545],[107.063,-6.754],[107.0635,-6.7545],[107.0635,-6.753],[107.063,-6.7525],[107.0635,-6.752],[107.0635,-6.7515],[107.0605,-6.742],[107.06,-6.7425],[107.058,-6.7445],[107.0575,-6.7455],[107.0565,-6.744],[107.0565,-6.7435]]]},"properties":{"code":"32.03.10.2007","name":"Cipendawa"}},{"type":"Feature","geometry":{"type":"Polygon","coordinates":[[[107.0785,-6.77],[107.076,-6.7655],[107.0735,-6.7645],[107.067,-6.7615],[107.0655,-6.761],[107.065,-6.763],[107.058,-6.77],[107.049,-6.764],[107.017,-6.7705],[106.996,-6.7805],[106.992,-6.7865],[106.996,-6.7865],[106.997,-6.7855],[107.002,-6.782],[107.022,-6.7735],[107.0365,-6.7745],[107.0385,-6.774],[107.042,-6.775],[107.043,-6.775],[107.0455,-6.777],[107.0495,-6.7785],[107.073,-6.7765],[107.0785,-6.77]]]},"properties":{"code":"32.03.10.2010","name":"Ciputri"}},{"type":"Feature","geometry":{"type":"Polygon","coordinates":[[[107.0565,-6.7435],[107.056,-6.7415],[107.0555,-6.7405],[107.053,-6.73],[107.0555,-6.724],[107.055,-6.7195],[107.0545,-6.718],[107.054,-6.7175],[107.054,-6.718],[107.053,-6.719],[107.0505,-6.724],[107.05,-6.725],[107.047,-6.729],[107.045,-6.73],[107.0415,-6.7315],[107.042,-6.735],[107.045,-6.74],[107.0465,-6.742],[107.054,-6.7415],[107.055,-6.742],[107.056,-6.7425],[107.056,-6.743],[107.0565,-6.7435]]]},"properties":{"code":"32.03.10.2012","name":"Gadog"}},{"type":"Feature","geometry":{"type":"Polygon","coordinates":[[[107.038,-6.7435],[107.0365,-6.7435],[107.0355,-6.7435],[107.0345,-6.7415],[107.0345,-6.7395],[107.0345,-6.736],[107.0285,-6.7355],[107.0275,-6.7365],[107.027,-6.737],[107.025,-6.7385],[107.0115,-6.7505],[107.0055,-6.7575],[107.0055,-6.76],[107.002,-6.7635],[107.0025,-6.7645],[107.0045,-6.7635],[107.0275,-6.7535],[107.038,-6.7435]]]},"properties":{"code":"32.03.10.2013","name":"Sukatani"}},{"type":"Feature","geometry":{"type":"Polygon","coordinates":[[[107.122,-6.805],[107.119,-6.7985],[107.119,-6.798],[107.118,-6.7985],[107.116,-6.7985],[107.112,-6.8],[107.1105,-6.7995],[107.109,-6.8005],[107.1075,-6.8005],[107.1075,-6.8025],[107.1065,-6.8025],[107.0995,-6.803],[107.098,-6.805],[107.0965,-6.8045],[107.0965,-6.805],[107.097,-6.806],[107.1025,-6.809],[107.109,-6.8115],[107.1155,-6.811],[107.115,-6.8085],[107.122,-6.805]]]},"properties":{"code":"32.03.11.2001","name":"Sukamanah"}},{"type":"Feature","geometry":{"type":"Polygon","coordinates":[[[107.0965,-6.8045],[107.096,-6.8045],[107.095,-6.805],[107.094,-6.804],[107.0895,-6.8035],[107.088,-6.8035],[107.087,-6.803],[107.087,-6.8035],[107.088,-6.8035],[107.089,-6.8045],[107.0895,-6.8045],[107.089,-6.806],[107.0865,-6.805],[107.0845,-6.807],[107.098,-6.8185],[107.1,-6.8205],[107.1015,-6.82],[107.1045,-6.8195],[107.1055,-6.819],[107.1065,-6.8175],[107.109,-6.8115],[107.1025,-6.809],[107.097,-6.806],[107.0965,-6.805],[107.0965,-6.8045]]]},"properties":{"code":"32.03.11.2002","name":"Gasol"}},{"type":"Feature","geometry":{"type":"Polygon","coordinates":[[[107.1075,-6.8005],[107.106,-6.794],[107.089,-6.7855],[107.0865,-6.7685],[107.0785,-6.77],[107.073,-6.7765],[107.0795,-6.7885],[107.076,-6.794],[107.0755,-6.7945],[107.079,-6.797],[107.0795,-6.797],[107.08,-6.798],[107.0805,-6.7985],[107.086,-6.8035],[107.0865,-6.803],[107.088,-6.8035],[107.0895,-6.8035],[107.094,-6.804],[107.096,-6.8045],[107.098,-6.805],[107.0995,-6.803],[107.1065,-6.8025],[107.1075,-6.8025],[107.1075,-6.8005]]]},"properties":{"code":"32.03.11.2003","name":"Cijedil"}},{"type":"Feature","geometry":{"type":"Polygon","coordinates":[[[107.073,-6.7765],[107.0495,-6.7785],[107.0515,-6.78],[107.0525,-6.781],[107.056,-6.783],[107.0565,-6.783],[107.0575,-6.7845],[107.058,-6.785],[107.0595,-6.787],[107.0605,-6.7875],[107.061,-6.7885],[107.072,-6.7935],[107.0735,-6.794],[107.075,-6.7945],[107.0755,-6.7945],[107.076,-6.794],[107.0795,-6.7885],[107.073,-6.7765]]]},"properties":{"code":"32.03.11.2004","name":"Cibeureum"}},{"type":"Feature","geometry":{"type":"Polygon","coordinates":[[[107.0575,-6.7845],[107.0575,-6.785],[107.053,-6.7905],[107.052,-6.7915],[107.054,-6.793],[107.0535,-6.7945],[107.055,-6.7955],[107.0555,-6.7965],[107.0795,-6.798],[107.0795,-6.797],[107.079,-6.797],[107.075,-6.7945],[107.0735,-6.794],[107.072,-6.7935],[107.061,-6.7885],[107.0605,-6.7875],[107.0595,-6.787],[107.058,-6.785],[107.0575,-6.7845]]]},"properties":{"code":"32.03.11.2005","name":"Nyalindung"}},{"type":"Feature","geometry":{"type":"Polygon","coordinates":[[[107.0795,-6.798],[107.0555,-6.7965],[107.0545,-6.7965],[107.0595,-6.8045],[107.0675,-6.801],[107.069,-6.8015],[107.072,-6.8015],[107.076,-6.8025],[107.0795,-6.8025],[107.0805,-6.804],[107.0815,-6.8045],[107.0825,-6.806],[107.084,-6.8065],[107.0845,-6.807],[107.0865,-6.805],[107.089,-6.806],[107.0895,-6.8045],[107.089,-6.8045],[107.088,-6.8035],[107.087,-6.8035],[107.087,-6.803],[107.0865,-6.803],[107.086,-6.8035],[107.0805,-6.7985],[107.08,-6.798],[107.0795,-6.798]]]},"properties":{"code":"32.03.11.2006","name":"Mangunkerta"}},{"type":"Feature","geometry":{"type":"Polygon","coordinates":[[[107.0595,-6.8045],[107.0595,-6.805],[107.059,-6.8055],[107.054,-6.8065],[107.015,-6.799],[107.026,-6.806],[107.028,-6.8065],[107.0325,-6.8065],[107.043,-6.809],[107.0485,-6.81],[107.053,-6.812],[107.0575,-6.8125],[107.059,-6.812],[107.0815,-6.817],[107.0825,-6.817],[107.083,-6.816],[107.084,-6.809],[107.083,-6.8065],[107.0825,-6.806],[107.0815,-6.8045],[107.0805,-6.804],[107.0795,-6.8025],[107.076,-6.8025],[107.072,-6.8015],[107.069,-6.8015],[107.0675,-6.801],[107.0595,-6.8045]]]},"properties":{"code":"32.03.11.2007","name":"Sarampad"}},{"type":"Feature","geometry":{"type":"Polygon","coordinates":[[[107.0815,-6.818],[107.0815,-6.817],[107.059,-6.812],[107.0575,-6.8125],[107.053,-6.812],[107.0485,-6.81],[107.044,-6.8095],[107.0585,-6.817],[107.0595,-6.8175],[107.0625,-6.8185],[107.066,-6.82],[107.073,-6.824],[107.074,-6.824],[107.077,-6.826],[107.081,-6.827],[107.0815,-6.827],[107.0805,-6.822],[107.081,-6.822],[107.0815,-6.818]]]},"properties":{"code":"32.03.11.2008","name":"Talaga"}},{"type":"Feature","geometry":{"type":"Polygon","coordinates":[[[107.0865,-6.836],[107.086,-6.8355],[107.084,-6.8365],[107.0815,-6.836],[107.0795,-6.8355],[107.0705,-6.8315],[107.069,-6.8285],[107.0675,-6.833],[107.068,-6.8335],[107.073,-6.8435],[107.0735,-6.844],[107.0745,-6.845],[107.078,-6.847],[107.0785,-6.848],[107.08,-6.848],[107.0795,-6.845],[107.0775,-6.8435],[107.078,-6.8425],[107.0785,-6.8385],[107.0825,-6.84],[107.0845,-6.84],[107.087,-6.8405],[107.095,-6.843],[107.098,-6.8435],[107.101,-6.8445],[107.1015,-6.8435],[107.0975,-6.8385],[107.0945,-6.837],[107.0865,-6.836]]]},"properties":{"code":"32.03.11.2009","name":"Sukajaya"}},{"type":"Feature","geometry":{"type":"Polygon","coordinates":[[[107.1095,-6.8225],[107.106,-6.8185],[107.1055,-6.819],[107.1045,-6.8195],[107.1015,-6.82],[107.1,-6.8205],[107.0985,-6.819],[107.0925,-6.8255],[107.0815,-6.8225],[107.0805,-6.822],[107.0815,-6.827],[107.0845,-6.8285],[107.0865,-6.8285],[107.088,-6.828],[107.09,-6.8295],[107.0925,-6.8315],[107.094,-6.8315],[107.0965,-6.8305],[107.099,-6.827],[107.1005,-6.8265],[107.1075,-6.825],[107.1095,-6.8225]]]},"properties":{"code":"32.03.11.2010","name":"Cibulakan"}},{"type":"Feature","geometry":{"type":"Polygon","coordinates":[[[107.0845,-6.807],[107.084,-6.8065],[107.083,-6.8065],[107.084,-6.809],[107.083,-6.816],[107.0825,-6.817],[107.0815,-6.818],[107.081,-6.822],[107.0815,-6.8225],[107.0925,-6.8255],[107.0985,-6.819],[107.098,-6.8185],[107.0845,-6.807]]]},"properties":{"code":"32.03.11.2011","name":"Benjot"}},{"type":"Feature","geometry":{"type":"Polygon","coordinates":[[[107.052,-6.791],[107.052,-6.7905],[107.051,-6.7905],[107.042,-6.784],[107.0275,-6.784],[107.0245,-6.7815],[106.997,-6.7865],[106.996,-6.7865],[106.992,-6.7865],[106.985,-6.7895],[106.9855,-6.79],[106.9865,-6.7905],[106.9885,-6.794],[106.9895,-6.7955],[107.0055,-6.7945],[107.015,-6.799],[107.054,-6.8065],[107.059,-6.8055],[107.0595,-6.805],[107.0595,-6.8045],[107.0545,-6.7965],[107.055,-6.7955],[107.0535,-6.7945],[107.054,-6.793],[107.052,-6.7915],[107.052,-6.791]]]},"properties":{"code":"32.03.11.2012","name":"Sukamulya"}},{"type":"Feature","geometry":{"type":"Polygon","coordinates":[[[107.1235,-6.782],[107.1225,-6.7805],[107.121,-6.78],[107.1205,-6.78],[107.1145,-6.7765],[107.1145,-6.7755],[107.114,-6.775],[107.113,-6.7745],[107.111,-6.7715],[107.109,-6.769],[107.107,-6.7675],[107.106,-6.767],[107.1055,-6.767],[107.091,-6.761],[107.0865,-6.7685],[107.089,-6.7855],[107.106,-6.794],[107.1075,-6.8005],[107.109,-6.8005],[107.1105,-6.7995],[107.112,-6.8],[107.116,-6.7985],[107.118,-6.7985],[107.1185,-6.7975],[107.1235,-6.782]]]},"properties":{"code":"32.03.11.2013","name":"Wangunjaya"}},{"type":"Feature","geometry":{"type":"Polygon","coordinates":[[[107.015,-6.799],[107.0055,-6.7945],[106.9895,-6.7955],[106.9905,-6.7965],[107.006,-6.7955],[107.019,-6.8045],[107.0335,-6.8085],[107.0625,-6.8265],[107.0635,-6.827],[107.066,-6.8275],[107.069,-6.8285],[107.0705,-6.8315],[107.0795,-6.8355],[107.0815,-6.836],[107.084,-6.8365],[107.086,-6.8355],[107.087,-6.8355],[107.088,-6.835],[107.088,-6.8345],[107.09,-6.833],[107.092,-6.8325],[107.0925,-6.8315],[107.09,-6.8295],[107.088,-6.828],[107.0865,-6.8285],[107.0845,-6.8285],[107.0815,-6.827],[107.081,-6.827],[107.077,-6.826],[107.074,-6.824],[107.073,-6.824],[107.066,-6.82],[107.0625,-6.8185],[107.0595,-6.8175],[107.0585,-6.817],[107.044,-6.8095],[107.043,-6.809],[107.0325,-6.8065],[107.028,-6.8065],[107.026,-6.806],[107.015,-6.799]]]},"properties":{"code":"32.03.11.2014","name":"Cirumput"}},{"type":"Feature","geometry":{"type":"Polygon","coordinates":[[[107.069,-6.8285],[107.066,-6.8275],[107.0635,-6.827],[107.0625,-6.8265],[107.0335,-6.8085],[107.019,-6.8045],[107.006,-6.7955],[106.9905,-6.7965],[106.992,-6.798],[107.002,-6.7995],[107.004,-6.8],[107.025,-6.808],[107.0365,-6.822],[107.0645,-6.8415],[107.071,-6.8425],[107.0725,-6.8435],[107.073,-6.844],[107.073,-6.8435],[107.068,-6.8335],[107.0675,-6.833],[107.069,-6.8285]]]},"properties":{"code":"32.03.11.2015","name":"Padaluyu"}},{"type":"Feature","geometry":{"type":"Polygon","coordinates":[[[107.0495,-6.7785],[107.0455,-6.777],[107.043,-6.775],[107.042,-6.775],[107.0385,-6.774],[107.0365,-6.7745],[107.022,-6.7735],[107.002,-6.782],[106.997,-6.7855],[106.997,-6.7865],[107.0245,-6.7815],[107.0275,-6.784],[107.042,-6.784],[107.051,-6.7905],[107.052,-6.7905],[107.052,-6.791],[107.053,-6.7905],[107.0575,-6.785],[107.0565,-6.783],[107.056,-6.783],[107.0525,-6.781],[107.0515,-6.78],[107.0495,-6.7785]]]},"properties":{"code":"32.03.11.2016","name":"Galudra"}},{"type":"Feature","geometry":{"type":"Polygon","coordinates":[[[107.206,-6.7125],[107.203,-6.7175],[107.2055,-6.7185],[107.2055,-6.7195],[107.213,-6.721],[107.2155,-6.7215],[107.2165,-6.7225],[107.219,-6.722],[107.2195,-6.721],[107.2235,-6.717],[107.222,-6.7155],[107.223,-6.7145],[107.206,-6.7125]]]},"properties":{"code":"32.03.12.2001","name":"Sukagalih"}},{"type":"Feature","geometry":{"type":"Polygon","coordinates":[[[107.2435,-6.7105],[107.229,-6.7115],[107.227,-6.7105],[107.2275,-6.71],[107.222,-6.712],[107.2215,-6.714],[107.223,-6.7145],[107.222,-6.7155],[107.2235,-6.717],[107.2195,-6.721],[107.22,-6.7205],[107.221,-6.7205],[107.222,-6.7205],[107.2285,-6.719],[107.229,-6.72],[107.232,-6.735],[107.2355,-6.736],[107.246,-6.728],[107.2465,-6.7275],[107.246,-6.727],[107.2455,-6.7255],[107.25,-6.7195],[107.247,-6.7175],[107.2435,-6.7105]]]},"properties":{"code":"32.03.12.2002","name":"Gudang"}},{"type":"Feature","geometry":{"type":"Polygon","coordinates":[[[107.2055,-6.7195],[107.2025,-6.7185],[107.2015,-6.718],[107.1895,-6.7365],[107.213,-6.739],[107.213,-6.7375],[107.212,-6.7355],[107.211,-6.7335],[107.211,-6.733],[107.211,-6.7315],[107.211,-6.729],[107.2125,-6.7245],[107.214,-6.7235],[107.2155,-6.722],[107.2155,-6.7215],[107.213,-6.721],[107.2055,-6.7195]]]},"properties":{"code":"32.03.12.2003","name":"Cinangsi"}},{"type":"Feature","geometry":{"type":"Polygon","coordinates":[[[107.1885,-6.672],[107.1875,-6.672],[107.177,-6.6735],[107.16,-6.6885],[107.1585,-6.6895],[107.1565,-6.688],[107.157,-6.686],[107.156,-6.686],[107.1555,-6.686],[107.155,-6.686],[107.155,-6.688],[107.1585,-6.6935],[107.1605,-6.693],[107.1695,-6.696],[107.171,-6.6965],[107.176,-6.705],[107.1875,-6.7085],[107.1865,-6.7075],[107.1865,-6.7065],[107.1845,-6.704],[107.1835,-6.702],[107.182,-6.7005],[107.182,-6.698],[107.181,-6.686],[107.1865,-6.677],[107.1875,-6.6735],[107.1885,-6.672]]]},"properties":{"code":"32.03.12.2004","name":"Cijagang"}},{"type":"Feature","geometry":{"type":"Polygon","coordinates":[[[107.155,-6.688],[107.154,-6.6875],[107.152,-6.688],[107.1505,-6.6875],[107.15,-6.687],[107.149,-6.6865],[107.1485,-6.6875],[107.148,-6.688],[107.1475,-6.6885],[107.1475,-6.689],[107.147,-6.691],[107.1455,-6.7005],[107.1455,-6.703],[107.1535,-6.713],[107.1545,-6.716],[107.1635,-6.712],[107.1645,-6.7135],[107.165,-6.714],[107.1655,-6.714],[107.1665,-6.714],[107.1685,-6.7145],[107.168,-6.7205],[107.1705,-6.7215],[107.1755,-6.7175],[107.1765,-6.717],[107.178,-6.7175],[107.187,-6.7175],[107.188,-6.7175],[107.1925,-6.714],[107.1905,-6.711],[107.19,-6.711],[107.1875,-6.7085],[107.176,-6.705],[107.171,-6.6965],[107.1695,-6.696],[107.1605,-6.693],[107.1585,-6.6935],[107.155,-6.688]]]},"properties":{"code":"32.03.12.2005","name":"Majalaya"}},{"type":"Feature","geometry":{"type":"Polygon","coordinates":[[[107.2515,-6.694],[107.2515,-6.6935],[107.2495,-6.691],[107.249,-6.691],[107.2475,-6.6905],[107.241,-6.698],[107.2435,-6.7105],[107.247,-6.7175],[107.257,-6.7215],[107.2945,-6.732],[107.2975,-6.73],[107.302,-6.7285],[107.295,-6.715],[107.2925,-6.711],[107.272,-6.7075],[107.265,-6.7],[107.2595,-6.6975],[107.2515,-6.694]]]},"properties":{"code":"32.03.12.2006","name":"Kamurang"}},{"type":"Feature","geometry":{"type":"Polygon","coordinates":[[[107.2475,-6.6905],[107.247,-6.69],[107.246,-6.6905],[107.2455,-6.6895],[107.2435,-6.687],[107.241,-6.689],[107.24,-6.69],[107.229,-6.699],[107.2275,-6.71],[107.227,-6.7105],[107.229,-6.7115],[107.2435,-6.7105],[107.241,-6.698],[107.2475,-6.6905]]]},"properties":{"code":"32.03.12.2007","name":"Warudoyong"}},{"type":"Feature","geometry":{"type":"Polygon","coordinates":[[[107.261,-6.6565],[107.2475,-6.658],[107.246,-6.657],[107.245,-6.6555],[107.2445,-6.6555],[107.2415,-6.653],[107.2255,-6.6645],[107.224,-6.6785],[107.23,-6.68],[107.2315,-6.681],[107.2325,-6.681],[107.234,-6.6825],[107.236,-6.6825],[107.238,-6.684],[107.243,-6.6875],[107.2435,-6.687],[107.2455,-6.6895],[107.246,-6.6905],[107.247,-6.69],[107.249,-6.691],[107.2495,-6.691],[107.2515,-6.6935],[107.2525,-6.6925],[107.2535,-6.6905],[107.2555,-6.688],[107.257,-6.6735],[107.259,-6.669],[107.259,-6.6685],[107.259,-6.665],[107.26,-6.662],[107.261,-6.6575],[107.261,-6.6565]]]},"properties":{"code":"32.03.12.2008","name":"Ciramagirang"}},{"type":"Feature","geometry":{"type":"Polygon","coordinates":[[[107.177,-6.6735],[107.167,-6.663],[107.1575,-6.6685],[107.1545,-6.6675],[107.1515,-6.66],[107.1505,-6.6625],[107.144,-6.665],[107.141,-6.667],[107.145,-6.6825],[107.1445,-6.6825],[107.1475,-6.6865],[107.15,-6.687],[107.1505,-6.6875],[107.152,-6.688],[107.154,-6.6875],[107.155,-6.688],[107.155,-6.686],[107.1555,-6.686],[107.156,-6.686],[107.157,-6.686],[107.1565,-6.688],[107.1585,-6.6895],[107.16,-6.6885],[107.177,-6.6735]]]},"properties":{"code":"32.03.12.2009","name":"Mekarjaya"}},{"type":"Feature","geometry":{"type":"Polygon","coordinates":[[[107.197,-6.716],[107.197,-6.7145],[107.1955,-6.708],[107.1945,-6.7075],[107.1935,-6.7055],[107.192,-6.7035],[107.1925,-6.7025],[107.193,-6.7],[107.196,-6.697],[107.1965,-6.6955],[107.196,-6.6925],[107.1965,-6.6895],[107.198,-6.6895],[107.203,-6.6815],[107.204,-6.6805],[107.2045,-6.6775],[107.2045,-6.674],[107.199,-6.663],[107.1965,-6.6615],[107.1955,-6.662],[107.195,-6.662],[107.194,-6.664],[107.1935,-6.668],[107.191,-6.6715],[107.1895,-6.672],[107.1885,-6.672],[107.1875,-6.6735],[107.1865,-6.677],[107.181,-6.686],[107.182,-6.698],[107.182,-6.7005],[107.1835,-6.702],[107.1845,-6.704],[107.1865,-6.7065],[107.1865,-6.7075],[107.1875,-6.7085],[107.19,-6.711],[107.1905,-6.711],[107.1945,-6.714],[107.197,-6.716]]]},"properties":{"code":"32.03.12.2010","name":"Sukamulya"}},{"type":"Feature","geometry":{"type":"Polygon","coordinates":[[[107.1925,-6.714],[107.188,-6.7175],[107.187,-6.7175],[107.178,-6.7175],[107.1765,-6.717],[107.1755,-6.7175],[107.1705,-6.7215],[107.168,-6.7205],[107.1685,-6.7145],[107.1665,-6.714],[107.1655,-6.714],[107.165,-6.714],[107.1645,-6.7135],[107.1635,-6.712],[107.1545,-6.716],[107.1545,-6.7165],[107.1555,-6.7165],[107.156,-6.723],[107.1555,-6.7235],[107.156,-6.725],[107.1555,-6.7265],[107.1555,-6.7285],[107.1565,-6.729],[107.158,-6.7345],[107.1585,-6.735],[107.1595,-6.7355],[107.162,-6.7335],[107.166,-6.7325],[107.1675,-6.7325],[107.1725,-6.732],[107.1895,-6.7365],[107.2015,-6.718],[107.201,-6.7175],[107.197,-6.716],[107.1945,-6.714],[107.1925,-6.714]]]},"properties":{"code":"32.03.12.2011","name":"Padajaya"}},{"type":"Feature","geometry":{"type":"Polygon","coordinates":[[[107.2645,-6.6385],[107.2635,-6.637],[107.263,-6.6355],[107.2385,-6.616],[107.229,-6.6045],[107.227,-6.602],[107.2265,-6.604],[107.226,-6.6045],[107.2255,-6.608],[107.227,-6.615],[107.2265,-6.619],[107.2255,-6.621],[107.2245,-6.622],[107.222,-6.625],[107.214,-6.6265],[107.213,-6.638],[107.2125,-6.6385],[107.2125,-6.639],[107.215,-6.639],[107.217,-6.6395],[107.222,-6.6445],[107.2395,-6.6385],[107.2405,-6.65],[107.241,-6.651],[107.2415,-6.653],[107.2445,-6.6555],[107.245,-6.6555],[107.246,-6.657],[107.2475,-6.658],[107.261,-6.6565],[107.2615,-6.656],[107.2645,-6.6385]]]},"properties":{"code":"32.03.12.2012","name":"Cigunungherang"}},{"type":"Feature","geometry":{"type":"Polygon","coordinates":[[[107.231,-6.6805],[107.23,-6.68],[107.224,-6.6785],[107.22,-6.6895],[107.211,-6.696],[107.2105,-6.696],[107.2085,-6.697],[107.208,-6.6975],[107.2065,-6.6985],[107.205,-6.699],[107.2045,-6.7015],[107.207,-6.701],[107.212,-6.708],[107.209,-6.71],[107.2075,-6.71],[107.207,-6.712],[107.206,-6.7125],[107.215,-6.7135],[107.225,-6.703],[107.226,-6.7025],[107.2275,-6.6975],[107.228,-6.695],[107.2285,-6.687],[107.231,-6.6805]]]},"properties":{"code":"32.03.12.2013","name":"Neglasari"}},{"type":"Feature","geometry":{"type":"Polygon","coordinates":[[[107.2125,-6.6405],[107.211,-6.6405],[107.2085,-6.639],[107.204,-6.6385],[107.192,-6.646],[107.1895,-6.6465],[107.188,-6.6455],[107.1865,-6.6455],[107.188,-6.6495],[107.1885,-6.6535],[107.1955,-6.661],[107.199,-6.663],[107.2045,-6.674],[107.2045,-6.6775],[107.204,-6.6805],[107.203,-6.6815],[107.198,-6.6895],[107.1965,-6.6895],[107.196,-6.6925],[107.1965,-6.6955],[107.196,-6.697],[107.193,-6.7],[107.1925,-6.7025],[107.192,-6.7035],[107.1935,-6.7055],[107.1945,-6.7075],[107.1955,-6.708],[107.197,-6.7145],[107.201,-6.7175],[107.2025,-6.7185],[107.2055,-6.7195],[107.2055,-6.7185],[107.203,-6.7175],[107.206,-6.7125],[107.207,-6.712],[107.2075,-6.71],[107.209,-6.71],[107.212,-6.708],[107.207,-6.701],[107.2045,-6.7015],[107.205,-6.699],[107.2065,-6.6985],[107.208,-6.6975],[107.2085,-6.697],[107.2105,-6.696],[107.21,-6.6955],[107.2095,-6.694],[107.2165,-6.6825],[107.2175,-6.659],[107.2125,-6.641],[107.2125,-6.6405]]]},"properties":{"code":"32.03.12.2014","name":"Mekargalih"}},{"type":"Feature","geometry":{"type":"Polygon","coordinates":[[[107.243,-6.6875],[107.238,-6.684],[107.236,-6.6825],[107.234,-6.6825],[107.2325,-6.681],[107.2315,-6.681],[107.231,-6.6805],[107.2285,-6.687],[107.228,-6.695],[107.2275,-6.6975],[107.226,-6.7025],[107.225,-6.703],[107.215,-6.7135],[107.2215,-6.714],[107.222,-6.712],[107.2275,-6.71],[107.229,-6.699],[107.24,-6.69],[107.241,-6.689],[107.243,-6.6875]]]},"properties":{"code":"32.03.12.2015","name":"Lembahsari"}},{"type":"Feature","geometry":{"type":"Polygon","coordinates":[[[107.233,-6.7355],[107.232,-6.735],[107.229,-6.72],[107.2285,-6.719],[107.222,-6.7205],[107.221,-6.7205],[107.22,-6.7205],[107.219,-6.722],[107.2165,-6.7225],[107.2155,-6.722],[107.214,-6.7235],[107.2125,-6.7245],[107.211,-6.729],[107.211,-6.7315],[107.211,-6.733],[107.211,-6.7335],[107.212,-6.7355],[107.213,-6.7375],[107.213,-6.739],[107.216,-6.74],[107.218,-6.74],[107.2235,-6.741],[107.228,-6.742],[107.2295,-6.742],[107.231,-6.7415],[107.232,-6.742],[107.2325,-6.7405],[107.232,-6.738],[107.233,-6.7355]]]},"properties":{"code":"32.03.12.2016","name":"Mentengsari"}},{"type":"Feature","geometry":{"type":"Polygon","coordinates":[[[107.1865,-6.6455],[107.1845,-6.646],[107.175,-6.642],[107.1725,-6.6405],[107.1705,-6.64],[107.1705,-6.6385],[107.17,-6.6385],[107.168,-6.6405],[107.168,-6.6415],[107.1505,-6.6545],[107.1515,-6.66],[107.1545,-6.6675],[107.1575,-6.6685],[107.167,-6.663],[107.177,-6.6735],[107.1875,-6.672],[107.1895,-6.672],[107.191,-6.6715],[107.1935,-6.668],[107.194,-6.664],[107.195,-6.662],[107.1955,-6.662],[107.1965,-6.6615],[107.1955,-6.661],[107.1885,-6.6535],[107.188,-6.6495],[107.1865,-6.6455]]]},"properties":{"code":"32.03.12.2017","name":"Mekarsari"}},{"type":"Feature","geometry":{"type":"Polygon","coordinates":[[[107.2415,-6.653],[107.241,-6.651],[107.2405,-6.65],[107.2395,-6.6385],[107.222,-6.6445],[107.217,-6.6395],[107.215,-6.639],[107.2125,-6.639],[107.2125,-6.6405],[107.213,-6.6405],[107.2125,-6.641],[107.2175,-6.659],[107.2165,-6.6825],[107.2095,-6.694],[107.21,-6.6955],[107.2105,-6.696],[107.211,-6.696],[107.22,-6.6895],[107.224,-6.6785],[107.2255,-6.6645],[107.2415,-6.653]]]},"properties":{"code":"32.03.12.2018","name":"Mekarmulya"}},{"type":"Feature","geometry":{"type":"Polygon","coordinates":[[[107.109,-6.7465],[107.1,-6.7205],[107.098,-6.7215],[107.0975,-6.7215],[107.0965,-6.723],[107.0955,-6.723],[107.095,-6.724],[107.095,-6.7245],[107.095,-6.726],[107.094,-6.7265],[107.0785,-6.7295],[107.0785,-6.7325],[107.0785,-6.733],[107.0795,-6.733],[107.0835,-6.733],[107.0845,-6.733],[107.0865,-6.7325],[107.0875,-6.733],[107.0875,-6.7335],[107.0915,-6.7555],[107.0935,-6.7575],[107.096,-6.7575],[107.098,-6.757],[107.1,-6.7535],[107.098,-6.752],[107.109,-6.7465]]]},"properties":{"code":"32.03.13.2001","name":"Cikanyere"}},{"type":"Feature","geometry":{"type":"Polygon","coordinates":[[[107.149,-6.6865],[107.1475,-6.6865],[107.1445,-6.6825],[107.144,-6.6825],[107.134,-6.7005],[107.1315,-6.7035],[107.12,-6.706],[107.1175,-6.7065],[107.1195,-6.712],[107.117,-6.713],[107.1165,-6.7135],[107.1145,-6.7155],[107.1155,-6.718],[107.126,-6.713],[107.1415,-6.7195],[107.149,-6.727],[107.1525,-6.7265],[107.1525,-6.7255],[107.1545,-6.7255],[107.1555,-6.7255],[107.156,-6.725],[107.1555,-6.7235],[107.156,-6.723],[107.1555,-6.7165],[107.1545,-6.7165],[107.1535,-6.713],[107.1455,-6.703],[107.1455,-6.7005],[107.147,-6.691],[107.1475,-6.689],[107.1475,-6.6885],[107.148,-6.688],[107.1485,-6.6875],[107.149,-6.6865]]]},"properties":{"code":"32.03.13.2002","name":"Cikancana"}},{"type":"Feature","geometry":{"type":"Polygon","coordinates":[[[107.097,-6.7065],[107.078,-6.698],[107.075,-6.6955],[107.074,-6.695],[107.073,-6.6945],[107.072,-6.6965],[107.0725,-6.697],[107.0715,-6.6975],[107.0715,-6.6985],[107.0705,-6.7005],[107.071,-6.701],[107.069,-6.7045],[107.0695,-6.715],[107.0735,-6.7185],[107.0915,-6.7235],[107.093,-6.7235],[107.094,-6.7225],[107.096,-6.7215],[107.0965,-6.722],[107.097,-6.722],[107.0975,-6.721],[107.098,-6.7215],[107.1,-6.7205],[107.0995,-6.7205],[107.1005,-6.7165],[107.1025,-6.7145],[107.1015,-6.713],[107.1,-6.7095],[107.097,-6.7065]]]},"properties":{"code":"32.03.13.2003","name":"Ciwalen"}},{"type":"Feature","geometry":{"type":"Polygon","coordinates":[[[107.069,-6.7155],[107.0655,-6.721],[107.0785,-6.7295],[107.094,-6.7265],[107.095,-6.726],[107.095,-6.7245],[107.095,-6.724],[107.0955,-6.723],[107.0965,-6.723],[107.0975,-6.7215],[107.098,-6.7215],[107.0975,-6.721],[107.0965,-6.722],[107.096,-6.722],[107.096,-6.7215],[107.094,-6.7225],[107.093,-6.7235],[107.0915,-6.7235],[107.0735,-6.7185],[107.069,-6.7155]]]},"properties":{"code":"32.03.13.2004","name":"Kawungluwuk"}},{"type":"Feature","geometry":{"type":"Polygon","coordinates":[[[107.0705,-6.693],[107.058,-6.684],[107.056,-6.683],[107.0555,-6.684],[107.0555,-6.685],[107.055,-6.6855],[107.0555,-6.687],[107.057,-6.6875],[107.0585,-6.688],[107.062,-6.69],[107.0625,-6.691],[107.0635,-6.6935],[107.063,-6.7065],[107.064,-6.7075],[107.064,-6.71],[107.061,-6.713],[107.048,-6.7145],[107.046,-6.715],[107.0455,-6.7155],[107.0435,-6.7175],[107.047,-6.7165],[107.0505,-6.7165],[107.0535,-6.7155],[107.054,-6.7165],[107.056,-6.717],[107.0595,-6.7185],[107.064,-6.7195],[107.0655,-6.721],[107.069,-6.7155],[107.0695,-6.715],[107.069,-6.7045],[107.071,-6.701],[107.0705,-6.7005],[107.0715,-6.6985],[107.0715,-6.6975],[107.0725,-6.697],[107.072,-6.6965],[107.073,-6.6945],[107.0715,-6.694],[107.0705,-6.693]]]},"properties":{"code":"32.03.13.2005","name":"Cibadak"}},{"type":"Feature","geometry":{"type":"Polygon","coordinates":[[[107.141,-6.667],[107.1395,-6.6665],[107.138,-6.6665],[107.134,-6.6705],[107.13,-6.67],[107.13,-6.6695],[107.122,-6.6725],[107.11,-6.698],[107.1095,-6.7015],[107.1165,-6.7135],[107.117,-6.713],[107.1195,-6.712],[107.1175,-6.7065],[107.12,-6.706],[107.1315,-6.7035],[107.134,-6.7005],[107.144,-6.6825],[107.145,-6.6825],[107.141,-6.667]]]},"properties":{"code":"32.03.13.2006","name":"Sukamahi"}},{"type":"Feature","geometry":{"type":"Polygon","coordinates":[[[107.156,-6.725],[107.1555,-6.7255],[107.1545,-6.7255],[107.1525,-6.7255],[107.1525,-6.7265],[107.149,-6.727],[107.1415,-6.7195],[107.126,-6.713],[107.1155,-6.718],[107.1145,-6.7155],[107.1165,-6.7135],[107.1,-6.7205],[107.109,-6.7465],[107.1165,-6.7515],[107.118,-6.7515],[107.137,-6.745],[107.1435,-6.7435],[107.148,-6.741],[107.1555,-6.738],[107.158,-6.737],[107.1595,-6.7355],[107.1585,-6.735],[107.158,-6.7345],[107.1565,-6.729],[107.1555,-6.7285],[107.1555,-6.7265],[107.156,-6.725]]]},"properties":{"code":"32.03.13.2007","name":"Sukaresmi"}},{"type":"Feature","geometry":{"type":"Polygon","coordinates":[[[107.0985,-6.664],[107.0715,-6.6645],[107.0695,-6.6645],[107.0675,-6.664],[107.067,-6.6635],[107.061,-6.6695],[107.071,-6.6815],[107.07,-6.6925],[107.0705,-6.693],[107.0715,-6.694],[107.073,-6.6945],[107.0745,-6.695],[107.075,-6.6955],[107.078,-6.698],[107.097,-6.7065],[107.095,-6.6835],[107.099,-6.668],[107.1,-6.666],[107.102,-6.6665],[107.0985,-6.664]]]},"properties":{"code":"32.03.13.2008","name":"Cibanteng"}},{"type":"Feature","geometry":{"type":"Polygon","coordinates":[[[107.13,-6.6695],[107.1295,-6.6685],[107.1225,-6.6635],[107.119,-6.663],[107.102,-6.6665],[107.1,-6.666],[107.099,-6.668],[107.095,-6.6835],[107.097,-6.7065],[107.1,-6.7095],[107.1015,-6.713],[107.1025,-6.7145],[107.1005,-6.7165],[107.0995,-6.7205],[107.1,-6.7205],[107.1165,-6.7135],[107.1095,-6.7015],[107.11,-6.698],[107.122,-6.6725],[107.13,-6.6695]]]},"properties":{"code":"32.03.13.2009","name":"Kubang"}},{"type":"Feature","geometry":{"type":"Polygon","coordinates":[[[107.091,-6.761],[107.0915,-6.7555],[107.0875,-6.7335],[107.0875,-6.733],[107.0865,-6.7325],[107.0845,-6.733],[107.083,-6.733],[107.0795,-6.733],[107.074,-6.732],[107.072,-6.733],[107.0685,-6.7345],[107.067,-6.735],[107.0665,-6.735],[107.0655,-6.736],[107.061,-6.741],[107.0605,-6.742],[107.0635,-6.7515],[107.0635,-6.752],[107.063,-6.7525],[107.0635,-6.7535],[107.0635,-6.754],[107.0635,-6.7545],[107.063,-6.755],[107.063,-6.7555],[107.063,-6.757],[107.063,-6.758],[107.064,-6.759],[107.067,-6.7615],[107.0735,-6.7645],[107.076,-6.7655],[107.0785,-6.77],[107.0865,-6.7685],[107.091,-6.761]]]},"properties":{"code":"32.03.13.2010","name":"Pakuon"}},{"type":"Feature","geometry":{"type":"Polygon","coordinates":[[[107.067,-6.6635],[107.066,-6.662],[107.062,-6.6605],[107.0595,-6.6605],[107.059,-6.6605],[107.0565,-6.6615],[107.0555,-6.6615],[107.0545,-6.6625],[107.0505,-6.6675],[107.05,-6.6685],[107.0485,-6.6715],[107.047,-6.673],[107.0475,-6.676],[107.0535,-6.6835],[107.0555,-6.684],[107.056,-6.683],[107.058,-6.684],[107.0705,-6.693],[107.07,-6.6925],[107.071,-6.6815],[107.061,-6.6695],[107.067,-6.6635]]]},"properties":{"code":"32.03.13.2011","name":"Rawabelut"}},{"type":"Feature","geometry":{"type":"Polygon","coordinates":[[[107.1605,-7.092],[107.1465,-7.0955],[107.1405,-7.0925],[107.1285,-7.087],[107.1175,-7.091],[107.1125,-7.0625],[107.0955,-7.069],[107.0995,-7.0805],[107.101,-7.0815],[107.1075,-7.094],[107.104,-7.102],[107.105,-7.101],[107.1075,-7.101],[107.1085,-7.101],[107.111,-7.102],[107.1135,-7.103],[107.116,-7.1045],[107.1205,-7.106],[107.132,-7.11],[107.1335,-7.1125],[107.1345,-7.1135],[107.1525,-7.106],[107.154,-7.1045],[107.1615,-7.106],[107.164,-7.1055],[107.1605,-7.092]]]},"properties":{"code":"32.03.14.2001","name":"Sukanagara"}},{"type":"Feature","geometry":{"type":"Polygon","coordinates":[[[107.0545,-7.032],[107.0525,-7.031],[107.049,-7.0305],[107.048,-7.0325],[107.0395,-7.046],[107.039,-7.0455],[107.0495,-7.0575],[107.049,-7.0735],[107.0555,-7.0835],[107.0555,-7.084],[107.062,-7.089],[107.078,-7.0765],[107.077,-7.0655],[107.0845,-7.061],[107.084,-7.0605],[107.0845,-7.0565],[107.081,-7.056],[107.0765,-7.0535],[107.0645,-7.0365],[107.0585,-7.035],[107.055,-7.0325],[107.0545,-7.032]]]},"properties":{"code":"32.03.14.2002","name":"Sukajembar"}},{"type":"Feature","geometry":{"type":"Polygon","coordinates":[[[107.098,-7.132],[107.096,-7.1325],[107.0955,-7.132],[107.0945,-7.132],[107.075,-7.1345],[107.072,-7.1325],[107.062,-7.1335],[107.06,-7.133],[107.0605,-7.1335],[107.06,-7.1365],[107.061,-7.1375],[107.0625,-7.1365],[107.0625,-7.138],[107.0625,-7.1405],[107.062,-7.1415],[107.062,-7.142],[107.061,-7.1425],[107.061,-7.1435],[107.0605,-7.144],[107.06,-7.1445],[107.0595,-7.147],[107.0595,-7.148],[107.058,-7.15],[107.0575,-7.1505],[107.0555,-7.1515],[107.0635,-7.1635],[107.0665,-7.166],[107.0825,-7.165],[107.086,-7.166],[107.087,-7.1675],[107.0885,-7.1665],[107.089,-7.166],[107.0945,-7.1645],[107.113,-7.1525],[107.098,-7.132]]]},"properties":{"code":"32.03.14.2003","name":"Sukakarya"}},{"type":"Feature","geometry":{"type":"Polygon","coordinates":[[[107.062,-7.089],[107.0555,-7.084],[107.0555,-7.086],[107.0415,-7.092],[107.0415,-7.093],[107.044,-7.095],[107.0435,-7.096],[107.0425,-7.095],[107.043,-7.0965],[107.036,-7.1055],[107.0365,-7.106],[107.044,-7.1175],[107.0415,-7.1335],[107.041,-7.1345],[107.0415,-7.1355],[107.0425,-7.1375],[107.043,-7.139],[107.0425,-7.1425],[107.0435,-7.143],[107.0475,-7.143],[107.048,-7.1435],[107.0475,-7.141],[107.0495,-7.1415],[107.056,-7.145],[107.059,-7.147],[107.06,-7.1445],[107.0605,-7.144],[107.061,-7.1435],[107.061,-7.1425],[107.062,-7.142],[107.062,-7.1415],[107.0625,-7.1405],[107.0625,-7.138],[107.0625,-7.1365],[107.061,-7.1375],[107.06,-7.1365],[107.0605,-7.1335],[107.06,-7.133],[107.0655,-7.126],[107.0665,-7.125],[107.0665,-7.1245],[107.067,-7.124],[107.0675,-7.1245],[107.069,-7.105],[107.062,-7.089]]]},"properties":{"code":"32.03.14.2004","name":"Ciguha"}},{"type":"Feature","geometry":{"type":"Polygon","coordinates":[[[107.1395,-7.0475],[107.138,-7.0475],[107.1365,-7.047],[107.137,-7.0455],[107.1285,-7.0405],[107.1265,-7.041],[107.112,-7.0495],[107.1085,-7.057],[107.1075,-7.0575],[107.107,-7.0575],[107.106,-7.0575],[107.104,-7.0595],[107.104,-7.0605],[107.103,-7.0615],[107.1015,-7.0595],[107.0995,-7.0565],[107.099,-7.0545],[107.0985,-7.053],[107.0975,-7.053],[107.095,-7.0525],[107.094,-7.052],[107.0915,-7.052],[107.0885,-7.0535],[107.0865,-7.055],[107.085,-7.056],[107.084,-7.0605],[107.0845,-7.061],[107.0845,-7.062],[107.086,-7.063],[107.0955,-7.069],[107.1125,-7.0625],[107.1175,-7.091],[107.1285,-7.087],[107.1405,-7.0925],[107.1465,-7.0955],[107.1605,-7.092],[107.169,-7.0895],[107.1625,-7.0785],[107.1605,-7.0635],[107.16,-7.0615],[107.158,-7.0605],[107.158,-7.06],[107.157,-7.06],[107.153,-7.057],[107.1495,-7.0505],[107.1395,-7.0475]]]},"properties":{"code":"32.03.14.2005","name":"Sukamekar"}},{"type":"Feature","geometry":{"type":"Polygon","coordinates":[[[107.0845,-7.061],[107.077,-7.0655],[107.078,-7.0765],[107.062,-7.089],[107.069,-7.105],[107.0675,-7.1245],[107.067,-7.124],[107.0665,-7.1245],[107.0665,-7.125],[107.0655,-7.126],[107.06,-7.133],[107.0605,-7.133],[107.062,-7.1335],[107.072,-7.1325],[107.075,-7.1345],[107.0945,-7.132],[107.0955,-7.132],[107.096,-7.1325],[107.1015,-7.1305],[107.103,-7.1185],[107.105,-7.1175],[107.106,-7.118],[107.1075,-7.117],[107.1025,-7.105],[107.104,-7.102],[107.1075,-7.094],[107.101,-7.0815],[107.0995,-7.0805],[107.0955,-7.069],[107.086,-7.063],[107.0845,-7.062],[107.0845,-7.061]]]},"properties":{"code":"32.03.14.2006","name":"Gunungsari"}},{"type":"Feature","geometry":{"type":"Polygon","coordinates":[[[107.169,-7.0895],[107.1605,-7.092],[107.164,-7.1055],[107.1615,-7.106],[107.154,-7.1045],[107.1525,-7.106],[107.1345,-7.1135],[107.1335,-7.1125],[107.132,-7.11],[107.1205,-7.106],[107.116,-7.1045],[107.1135,-7.103],[107.111,-7.102],[107.1085,-7.101],[107.1075,-7.101],[107.105,-7.101],[107.1025,-7.105],[107.1075,-7.117],[107.1085,-7.1165],[107.1145,-7.1205],[107.1195,-7.121],[107.1195,-7.1215],[107.122,-7.121],[107.129,-7.1225],[107.13,-7.1255],[107.1305,-7.1255],[107.13,-7.1275],[107.1315,-7.1305],[107.1325,-7.1305],[107.1345,-7.1305],[107.1395,-7.13],[107.141,-7.1295],[107.145,-7.132],[107.1465,-7.131],[107.1465,-7.13],[107.1495,-7.128],[107.157,-7.115],[107.169,-7.107],[107.1705,-7.105],[107.1715,-7.0925],[107.172,-7.09],[107.1705,-7.0895],[107.169,-7.0895]]]},"properties":{"code":"32.03.14.2007","name":"Sukalaksana"}},{"type":"Feature","geometry":{"type":"Polygon","coordinates":[[[107.1315,-7.1305],[107.13,-7.1275],[107.1305,-7.1255],[107.13,-7.1255],[107.129,-7.1225],[107.122,-7.121],[107.1195,-7.1215],[107.1195,-7.121],[107.1145,-7.1205],[107.1085,-7.1165],[107.106,-7.118],[107.105,-7.1175],[107.103,-7.1185],[107.1015,-7.1305],[107.098,-7.132],[107.113,-7.1525],[107.113,-7.1535],[107.1135,-7.1555],[107.115,-7.158],[107.115,-7.161],[107.1155,-7.1625],[107.116,-7.164],[107.116,-7.163],[107.1265,-7.1655],[107.1245,-7.1625],[107.124,-7.1615],[107.125,-7.1605],[107.127,-7.15],[107.1295,-7.1455],[107.131,-7.131],[107.1315,-7.1305]]]},"properties":{"code":"32.03.14.2008","name":"Sukarame"}},{"type":"Feature","geometry":{"type":"Polygon","coordinates":[[[107.0385,-7.045],[107.035,-7.0435],[107.0305,-7.0435],[107.029,-7.0455],[107.029,-7.0475],[107.028,-7.053],[107.0275,-7.053],[107.0195,-7.058],[107.022,-7.063],[107.022,-7.072],[107.0215,-7.072],[107.0215,-7.073],[107.0235,-7.0745],[107.0385,-7.0885],[107.0385,-7.089],[107.0405,-7.0905],[107.0425,-7.09],[107.0415,-7.0905],[107.0415,-7.092],[107.0555,-7.086],[107.0555,-7.0835],[107.049,-7.0735],[107.0495,-7.0575],[107.039,-7.0455],[107.0385,-7.045]]]},"properties":{"code":"32.03.14.2009","name":"Sindangsari"}},{"type":"Feature","geometry":{"type":"Polygon","coordinates":[[[107.036,-7.1055],[107.027,-7.109],[107.025,-7.11],[107.0235,-7.1135],[107.0235,-7.114],[107.027,-7.1185],[107.028,-7.12],[107.024,-7.122],[107.023,-7.121],[107.0195,-7.118],[107.0185,-7.119],[107.019,-7.1195],[107.0185,-7.1205],[107.0205,-7.1285],[107.0215,-7.1315],[107.022,-7.1315],[107.023,-7.1315],[107.024,-7.1305],[107.0265,-7.131],[107.028,-7.1395],[107.028,-7.14],[107.0245,-7.14],[107.0235,-7.142],[107.0225,-7.1435],[107.022,-7.1445],[107.0215,-7.1465],[107.021,-7.1485],[107.0205,-7.1505],[107.022,-7.1505],[107.0235,-7.153],[107.027,-7.152],[107.0315,-7.151],[107.0325,-7.1505],[107.0375,-7.1445],[107.0395,-7.142],[107.041,-7.144],[107.042,-7.1435],[107.0425,-7.1425],[107.043,-7.139],[107.0425,-7.1375],[107.0415,-7.1355],[107.041,-7.1345],[107.0415,-7.1335],[107.044,-7.1175],[107.0365,-7.106],[107.036,-7.1055]]]},"properties":{"code":"32.03.14.2010","name":"Jayagiri"}},{"type":"Feature","geometry":{"type":"Polygon","coordinates":[[[107.1845,-6.9955],[107.176,-6.9995],[107.174,-7.0005],[107.173,-7.001],[107.1725,-7.0015],[107.171,-7.003],[107.1335,-7.0085],[107.133,-7.0115],[107.1275,-7.031],[107.15,-7.035],[107.1505,-7.035],[107.151,-7.034],[107.149,-7.029],[107.1505,-7.021],[107.1575,-7.0125],[107.175,-7.0085],[107.1835,-7.0105],[107.1875,-7.0135],[107.1895,-7.014],[107.191,-7.0135],[107.1905,-7.013],[107.185,-6.9965],[107.1845,-6.9955]]]},"properties":{"code":"32.03.15.2001","name":"Cidadap"}},{"type":"Feature","geometry":{"type":"Polygon","coordinates":[[[107.081,-6.963],[107.079,-6.9595],[107.0735,-6.956],[107.0615,-6.95],[107.0585,-6.9535],[107.059,-6.9545],[107.062,-6.9565],[107.0635,-6.9585],[107.0635,-6.9605],[107.0635,-6.962],[107.0555,-6.963],[107.0535,-6.9635],[107.05,-6.962],[107.0485,-6.961],[107.046,-6.9615],[107.0455,-6.9625],[107.044,-6.963],[107.0425,-6.963],[107.042,-6.9625],[107.041,-6.9635],[107.0325,-6.981],[107.034,-6.9865],[107.0335,-6.9875],[107.0415,-6.996],[107.0485,-6.992],[107.07,-6.9755],[107.0725,-6.9745],[107.074,-6.9745],[107.075,-6.9745],[107.0775,-6.975],[107.0805,-6.974],[107.0795,-6.9715],[107.079,-6.9705],[107.0785,-6.969],[107.0785,-6.9665],[107.078,-6.9655],[107.0785,-6.965],[107.081,-6.9635],[107.081,-6.963]]]},"properties":{"code":"32.03.15.2002","name":"Cimenteng"}},{"type":"Feature","geometry":{"type":"Polygon","coordinates":[[[107.1255,-6.9535],[107.115,-6.9455],[107.104,-6.9445],[107.103,-6.944],[107.104,-6.9475],[107.1065,-6.9515],[107.109,-6.952],[107.1105,-6.954],[107.1125,-6.957],[107.114,-6.963],[107.1135,-6.9635],[107.1135,-6.967],[107.115,-6.972],[107.124,-6.978],[107.126,-6.979],[107.13,-6.98],[107.13,-6.9795],[107.1295,-6.979],[107.13,-6.979],[107.1305,-6.977],[107.131,-6.9765],[107.1285,-6.9615],[107.128,-6.96],[107.127,-6.955],[107.1255,-6.9535]]]},"properties":{"code":"32.03.15.2003","name":"Susukan"}},{"type":"Feature","geometry":{"type":"Polygon","coordinates":[[[107.173,-7.001],[107.1655,-6.989],[107.163,-6.98],[107.1605,-6.981],[107.16,-6.9795],[107.1595,-6.977],[107.1595,-6.9775],[107.158,-6.9825],[107.156,-6.9855],[107.1285,-6.9995],[107.13,-7.002],[107.131,-7.0045],[107.1335,-7.008],[107.1335,-7.0085],[107.171,-7.003],[107.1725,-7.0015],[107.173,-7.001]]]},"properties":{"code":"32.03.15.2004","name":"Sukajadi"}},{"type":"Feature","geometry":{"type":"Polygon","coordinates":[[[107.128,-6.996],[107.127,-6.996],[107.0985,-6.9805],[107.091,-6.9825],[107.0905,-6.983],[107.09,-6.9845],[107.0895,-6.9845],[107.089,-6.9865],[107.0925,-7.0085],[107.092,-7.0095],[107.092,-7.0105],[107.0915,-7.0125],[107.0945,-7.016],[107.095,-7.017],[107.098,-7.0235],[107.0985,-7.025],[107.099,-7.026],[107.1,-7.025],[107.1045,-7.0235],[107.104,-7.023],[107.1055,-7.023],[107.11,-7.0145],[107.111,-7.014],[107.1335,-7.01],[107.1335,-7.008],[107.131,-7.0045],[107.13,-7.002],[107.1285,-6.9995],[107.13,-6.9975],[107.128,-6.996]]]},"properties":{"code":"32.03.15.2005","name":"Sukadana"}},{"type":"Feature","geometry":{"type":"Polygon","coordinates":[[[107.19,-6.9725],[107.177,-6.9615],[107.175,-6.959],[107.1705,-6.963],[107.1715,-6.9645],[107.172,-6.9645],[107.1665,-6.9715],[107.1655,-6.972],[107.162,-6.975],[107.16,-6.976],[107.16,-6.977],[107.1595,-6.977],[107.16,-6.9795],[107.1605,-6.981],[107.163,-6.98],[107.1655,-6.989],[107.173,-7.001],[107.174,-7.0005],[107.176,-6.9995],[107.1845,-6.9955],[107.1845,-6.995],[107.186,-6.9775],[107.1865,-6.973],[107.189,-6.973],[107.1895,-6.973],[107.19,-6.9725]]]},"properties":{"code":"32.03.15.2006","name":"Margaluyu"}},{"type":"Feature","geometry":{"type":"Polygon","coordinates":[[[107.0805,-6.974],[107.0775,-6.975],[107.075,-6.9745],[107.074,-6.9745],[107.0725,-6.9745],[107.07,-6.9755],[107.0485,-6.992],[107.043,-6.9975],[107.0445,-7.001],[107.0455,-7.002],[107.0475,-7.0035],[107.049,-7.0045],[107.058,-7.019],[107.06,-7.0185],[107.0885,-7.0145],[107.09,-7.015],[107.09,-7.0135],[107.0915,-7.0125],[107.092,-7.0105],[107.092,-7.0095],[107.0925,-7.0085],[107.089,-6.9865],[107.0895,-6.9845],[107.09,-6.9845],[107.0905,-6.983],[107.091,-6.9825],[107.0815,-6.9745],[107.0805,-6.974]]]},"properties":{"code":"32.03.15.2007","name":"Karyamukti"}},{"type":"Feature","geometry":{"type":"Polygon","coordinates":[[[107.1335,-7.01],[107.111,-7.014],[107.11,-7.0145],[107.1055,-7.023],[107.104,-7.023],[107.1045,-7.0235],[107.1,-7.025],[107.0995,-7.026],[107.1,-7.027],[107.101,-7.0275],[107.11,-7.036],[107.1065,-7.057],[107.107,-7.0575],[107.1075,-7.0575],[107.1085,-7.057],[107.112,-7.0495],[107.1265,-7.041],[107.1285,-7.0405],[107.137,-7.0455],[107.1365,-7.047],[107.138,-7.0475],[107.1395,-7.0475],[107.1495,-7.041],[107.15,-7.041],[107.1515,-7.038],[107.1525,-7.0365],[107.152,-7.036],[107.1515,-7.035],[107.151,-7.035],[107.15,-7.0355],[107.15,-7.035],[107.1275,-7.031],[107.133,-7.0115],[107.1335,-7.01]]]},"properties":{"code":"32.03.15.2008","name":"Campaka"}},{"type":"Feature","geometry":{"type":"Polygon","coordinates":[[[107.0915,-7.0125],[107.09,-7.0135],[107.09,-7.015],[107.0885,-7.0145],[107.06,-7.0185],[107.0585,-7.0205],[107.0555,-7.032],[107.0545,-7.032],[107.055,-7.0325],[107.0585,-7.035],[107.0645,-7.0365],[107.0765,-7.0535],[107.081,-7.056],[107.0845,-7.0565],[107.085,-7.056],[107.0865,-7.055],[107.0885,-7.0535],[107.0915,-7.052],[107.094,-7.052],[107.095,-7.0525],[107.0975,-7.053],[107.0985,-7.053],[107.099,-7.0545],[107.0995,-7.0565],[107.1015,-7.0595],[107.103,-7.0615],[107.104,-7.0605],[107.104,-7.0595],[107.106,-7.0575],[107.1065,-7.057],[107.11,-7.036],[107.101,-7.0275],[107.1,-7.027],[107.0995,-7.026],[107.099,-7.026],[107.0985,-7.025],[107.098,-7.0235],[107.095,-7.017],[107.0945,-7.016],[107.0915,-7.0125]]]},"properties":{"code":"32.03.15.2009","name":"Wangunjaya"}},{"type":"Feature","geometry":{"type":"Polygon","coordinates":[[[107.099,-6.942],[107.097,-6.9415],[107.095,-6.9425],[107.094,-6.942],[107.091,-6.9435],[107.0905,-6.9455],[107.089,-6.946],[107.087,-6.9505],[107.087,-6.9515],[107.0865,-6.9525],[107.0875,-6.9525],[107.0875,-6.954],[107.105,-6.959],[107.1055,-6.9605],[107.105,-6.9645],[107.098,-6.974],[107.096,-6.9785],[107.091,-6.9825],[107.0985,-6.9805],[107.127,-6.996],[107.1285,-6.996],[107.13,-6.9845],[107.1305,-6.9845],[107.13,-6.983],[107.1295,-6.982],[107.1295,-6.9805],[107.13,-6.98],[107.1255,-6.979],[107.124,-6.978],[107.115,-6.972],[107.1135,-6.967],[107.1135,-6.9635],[107.114,-6.963],[107.1125,-6.957],[107.1105,-6.954],[107.109,-6.952],[107.1065,-6.9515],[107.104,-6.9475],[107.103,-6.944],[107.103,-6.943],[107.099,-6.942]]]},"properties":{"code":"32.03.15.2010","name":"Girimukti"}},{"type":"Feature","geometry":{"type":"Polygon","coordinates":[[[107.191,-7.0135],[107.1895,-7.014],[107.1875,-7.0135],[107.1835,-7.0105],[107.175,-7.0085],[107.1575,-7.0125],[107.1505,-7.021],[107.149,-7.029],[107.151,-7.034],[107.1505,-7.035],[107.1525,-7.035],[107.17,-7.045],[107.186,-7.0495],[107.187,-7.0475],[107.1875,-7.0445],[107.189,-7.043],[107.1885,-7.043],[107.188,-7.0425],[107.1885,-7.0405],[107.1945,-7.0185],[107.1935,-7.0185],[107.1925,-7.018],[107.1915,-7.015],[107.191,-7.0135]]]},"properties":{"code":"32.03.15.2011","name":"Mekarjaya"}},{"type":"Feature","geometry":{"type":"Polygon","coordinates":[[[107.0195,-7.0335],[106.997,-7.031],[106.996,-7.032],[106.9955,-7.0315],[106.997,-7.0475],[106.9955,-7.0475],[106.991,-7.0485],[106.99,-7.047],[106.9905,-7.048],[106.9895,-7.049],[106.9775,-7.0485],[106.977,-7.049],[106.9765,-7.049],[106.9765,-7.0505],[106.987,-7.0675],[107.007,-7.071],[107.0085,-7.072],[107.008,-7.0745],[107.009,-7.075],[107.0105,-7.0755],[107.011,-7.0765],[107.012,-7.077],[107.0135,-7.0765],[107.014,-7.0775],[107.014,-7.078],[107.0145,-7.0775],[107.016,-7.078],[107.0165,-7.0775],[107.017,-7.077],[107.0175,-7.0765],[107.0175,-7.075],[107.018,-7.0745],[107.019,-7.073],[107.021,-7.0715],[107.021,-7.072],[107.022,-7.072],[107.022,-7.063],[107.0195,-7.058],[107.0275,-7.053],[107.028,-7.053],[107.029,-7.0475],[107.029,-7.0455],[107.0305,-7.0435],[107.035,-7.0435],[107.0385,-7.045],[107.038,-7.043],[107.036,-7.0415],[107.0325,-7.04],[107.032,-7.0405],[107.03,-7.039],[107.0195,-7.0335]]]},"properties":{"code":"32.03.16.2001","name":"Pasawahan"}},{"type":"Feature","geometry":{"type":"Polygon","coordinates":[[[106.987,-7.102],[106.987,-7.1005],[106.9875,-7.1],[106.988,-7.099],[106.985,-7.0815],[106.9845,-7.081],[106.9595,-7.081],[106.9585,-7.081],[106.9575,-7.08],[106.956,-7.08],[106.9635,-7.0735],[106.9635,-7.072],[106.9675,-7.0615],[106.967,-7.057],[106.9605,-7.055],[106.96,-7.052],[106.958,-7.052],[106.956,-7.0495],[106.954,-7.049],[106.954,-7.05],[106.9535,-7.0675],[106.9535,-7.069],[106.9435,-7.075],[106.9475,-7.084],[106.9485,-7.0855],[106.944,-7.088],[106.945,-7.089],[106.9445,-7.089],[106.9455,-7.09],[106.9455,-7.0915],[106.944,-7.092],[106.9435,-7.092],[106.943,-7.0925],[106.9435,-7.093],[106.941,-7.101],[106.9405,-7.102],[106.944,-7.1035],[106.9445,-7.1045],[106.9455,-7.1055],[106.9465,-7.1065],[106.947,-7.106],[106.9475,-7.1065],[106.959,-7.105],[106.978,-7.1105],[106.987,-7.102]]]},"properties":{"code":"32.03.16.2002","name":"Sindangresmi"}},{"type":"Feature","geometry":{"type":"Polygon","coordinates":[[[106.987,-7.102],[106.978,-7.1105],[106.959,-7.105],[106.9475,-7.1065],[106.947,-7.106],[106.9465,-7.1065],[106.9455,-7.1055],[106.9445,-7.1045],[106.944,-7.1035],[106.9405,-7.102],[106.9405,-7.1025],[106.9395,-7.102],[106.9395,-7.1035],[106.9375,-7.121],[106.9375,-7.1225],[106.9375,-7.123],[106.942,-7.1285],[106.944,-7.128],[106.942,-7.132],[106.9435,-7.132],[106.9505,-7.132],[106.9645,-7.1425],[106.9655,-7.1485],[106.967,-7.146],[106.971,-7.1365],[106.974,-7.1385],[106.979,-7.149],[106.9805,-7.148],[106.9845,-7.1385],[106.985,-7.1355],[106.988,-7.133],[106.987,-7.1315],[106.986,-7.1315],[106.9815,-7.1265],[106.982,-7.124],[106.9825,-7.12],[106.985,-7.1205],[106.9855,-7.12],[106.9855,-7.117],[106.984,-7.115],[106.984,-7.1125],[106.9855,-7.112],[106.9865,-7.112],[106.987,-7.1085],[106.9875,-7.108],[106.9875,-7.1065],[106.9885,-7.106],[106.987,-7.1025],[106.987,-7.102]]]},"properties":{"code":"32.03.16.2003","name":"Sindanghayu"}},{"type":"Feature","geometry":{"type":"Polygon","coordinates":[[[107.0185,-7.118],[107.0085,-7.124],[106.999,-7.122],[106.998,-7.1215],[106.998,-7.1205],[106.997,-7.1185],[106.9975,-7.1175],[106.998,-7.117],[106.998,-7.1155],[106.9985,-7.113],[107.005,-7.107],[107.0045,-7.1],[107.002,-7.098],[107.001,-7.0985],[106.9995,-7.097],[106.999,-7.0965],[106.9985,-7.098],[106.9975,-7.0985],[106.997,-7.1005],[106.9895,-7.112],[106.987,-7.113],[106.9855,-7.112],[106.984,-7.1125],[106.984,-7.115],[106.9855,-7.117],[106.9855,-7.12],[106.985,-7.1205],[106.9825,-7.12],[106.982,-7.124],[106.9815,-7.1265],[106.986,-7.1315],[106.987,-7.1315],[106.988,-7.133],[106.985,-7.1355],[106.985,-7.138],[106.986,-7.139],[106.991,-7.1395],[106.992,-7.14],[106.9955,-7.1445],[106.997,-7.1455],[106.9975,-7.1455],[106.998,-7.1465],[106.998,-7.147],[106.999,-7.1475],[107.0035,-7.165],[107.0055,-7.166],[107.0065,-7.1705],[107.0045,-7.1725],[107.005,-7.173],[107.005,-7.1735],[107.006,-7.173],[107.0135,-7.1745],[107.014,-7.178],[107.0145,-7.178],[107.018,-7.1775],[107.0175,-7.177],[107.0155,-7.1745],[107.0145,-7.1675],[107.013,-7.1675],[107.012,-7.1665],[107.012,-7.1655],[107.014,-7.1595],[107.015,-7.158],[107.019,-7.1575],[107.02,-7.156],[107.0195,-7.155],[107.02,-7.151],[107.02,-7.1505],[107.0205,-7.1505],[107.021,-7.1485],[107.0215,-7.1465],[107.022,-7.1445],[107.0225,-7.1435],[107.0235,-7.142],[107.0245,-7.14],[107.028,-7.14],[107.028,-7.1395],[107.0265,-7.131],[107.024,-7.1305],[107.023,-7.1315],[107.022,-7.1315],[107.0215,-7.1315],[107.0205,-7.1285],[107.0185,-7.1205],[107.019,-7.1195],[107.0185,-7.119],[107.0185,-7.118]]]},"properties":{"code":"32.03.16.2004","name":"Simpang"}},{"type":"Feature","geometry":{"type":"Polygon","coordinates":[[[106.985,-7.138],[106.9845,-7.1385],[106.9805,-7.148],[106.979,-7.149],[106.974,-7.1385],[106.971,-7.1365],[106.967,-7.146],[106.9655,-7.1485],[106.9575,-7.162],[106.97,-7.1755],[106.9705,-7.176],[106.9705,-7.178],[106.9715,-7.1795],[106.972,-7.18],[106.973,-7.182],[106.981,-7.1765],[107,-7.1835],[106.9995,-7.191],[107,-7.19],[107.002,-7.1895],[107.0025,-7.188],[107.004,-7.187],[107.0035,-7.184],[107.003,-7.1835],[107.003,-7.181],[107.002,-7.1805],[107.0005,-7.18],[107.002,-7.177],[107.0005,-7.1755],[107.0025,-7.173],[107.0035,-7.174],[107.0045,-7.174],[107.005,-7.1735],[107.005,-7.173],[107.0045,-7.1725],[107.0065,-7.1705],[107.0055,-7.166],[107.0035,-7.165],[106.999,-7.1475],[106.998,-7.147],[106.998,-7.1465],[106.9975,-7.1455],[106.997,-7.1455],[106.9955,-7.1445],[106.992,-7.14],[106.991,-7.1395],[106.986,-7.139],[106.985,-7.138]]]},"properties":{"code":"32.03.16.2005","name":"Sukagalih"}},{"type":"Feature","geometry":{"type":"Polygon","coordinates":[[[106.9775,-7.0485],[106.968,-7.0495],[106.966,-7.0495],[106.9565,-7.043],[106.9545,-7.048],[106.954,-7.049],[106.956,-7.0495],[106.958,-7.052],[106.96,-7.052],[106.9605,-7.055],[106.967,-7.057],[106.9675,-7.0615],[106.9635,-7.072],[106.9635,-7.0735],[106.956,-7.08],[106.9575,-7.08],[106.9585,-7.081],[106.9595,-7.081],[106.9845,-7.081],[106.985,-7.0815],[106.988,-7.099],[106.9875,-7.1],[106.987,-7.1005],[106.987,-7.102],[106.987,-7.1025],[106.9885,-7.106],[106.9875,-7.1065],[106.9875,-7.108],[106.987,-7.1085],[106.9865,-7.112],[106.987,-7.113],[106.9895,-7.112],[106.997,-7.1005],[106.9975,-7.0985],[106.9985,-7.098],[106.999,-7.096],[107,-7.0965],[107.01,-7.079],[107.0105,-7.078],[107.0105,-7.077],[107.011,-7.0765],[107.0105,-7.0755],[107.009,-7.075],[107.008,-7.0745],[107.0085,-7.072],[107.007,-7.071],[106.987,-7.0675],[106.9765,-7.0505],[106.9765,-7.049],[106.977,-7.049],[106.9775,-7.0485]]]},"properties":{"code":"32.03.16.2006","name":"Bungbangsari"}},{"type":"Feature","geometry":{"type":"Polygon","coordinates":[[[107.021,-7.072],[107.021,-7.0715],[107.019,-7.073],[107.018,-7.0745],[107.0175,-7.075],[107.0175,-7.0765],[107.017,-7.077],[107.0165,-7.0775],[107.016,-7.078],[107.0145,-7.0775],[107.014,-7.078],[107.014,-7.0775],[107.0135,-7.0765],[107.012,-7.077],[107.011,-7.0765],[107.0105,-7.077],[107.0105,-7.078],[107.01,-7.079],[107,-7.0965],[106.999,-7.096],[106.999,-7.0965],[106.9995,-7.097],[107.001,-7.0985],[107.002,-7.098],[107.0045,-7.1],[107.005,-7.107],[106.9985,-7.113],[106.998,-7.1155],[106.998,-7.117],[106.9975,-7.1175],[106.997,-7.1185],[106.998,-7.1205],[106.998,-7.1215],[106.999,-7.122],[107.0085,-7.124],[107.0185,-7.118],[107.0195,-7.118],[107.023,-7.121],[107.024,-7.122],[107.028,-7.12],[107.027,-7.1185],[107.0235,-7.114],[107.0235,-7.1135],[107.025,-7.11],[107.027,-7.109],[107.036,-7.1055],[107.043,-7.0965],[107.0425,-7.095],[107.0435,-7.096],[107.044,-7.095],[107.0415,-7.093],[107.0415,-7.092],[107.0415,-7.0905],[107.0425,-7.09],[107.0405,-7.0905],[107.0385,-7.089],[107.0385,-7.0885],[107.0235,-7.0745],[107.0215,-7.073],[107.0215,-7.072],[107.021,-7.072]]]},"properties":{"code":"32.03.16.2007","name":"Cisujen"}},{"type":"Feature","geometry":{"type":"Polygon","coordinates":[[[106.9955,-7.0315],[106.9955,-7.029],[106.99,-7.0185],[106.979,-7.0145],[106.973,-7.0185],[106.9695,-7.023],[106.9665,-7.0245],[106.9625,-7.028],[106.961,-7.0305],[106.9565,-7.042],[106.9565,-7.043],[106.966,-7.0495],[106.968,-7.0495],[106.9775,-7.0485],[106.9895,-7.049],[106.9905,-7.048],[106.99,-7.047],[106.991,-7.0485],[106.9955,-7.0475],[106.997,-7.0475],[106.9955,-7.0315]]]},"properties":{"code":"32.03.16.2008","name":"Hegarmanah"}},{"type":"Feature","geometry":{"type":"Polygon","coordinates":[[[106.9995,-7.191],[107,-7.1835],[106.981,-7.1765],[106.973,-7.182],[106.973,-7.1825],[106.967,-7.1895],[106.9675,-7.1905],[106.979,-7.2165],[106.98,-7.2165],[106.9855,-7.2105],[106.9865,-7.2105],[106.9875,-7.21],[106.9895,-7.21],[106.991,-7.208],[106.992,-7.207],[106.9915,-7.2045],[106.9935,-7.1995],[106.9955,-7.1965],[106.9975,-7.1965],[107,-7.196],[107.001,-7.1945],[106.9995,-7.192],[106.9995,-7.191]]]},"properties":{"code":"32.03.16.2009","name":"Waringinsari"}},{"type":"Feature","geometry":{"type":"Polygon","coordinates":[[[107.05,-7.183],[107.0345,-7.175],[107.034,-7.188],[107.0325,-7.192],[107.03,-7.202],[107.0295,-7.2025],[107.0315,-7.2125],[107.029,-7.2125],[107.028,-7.2135],[107.0285,-7.2135],[107.0305,-7.2165],[107.0315,-7.2155],[107.0325,-7.2155],[107.035,-7.2165],[107.0355,-7.216],[107.0365,-7.2155],[107.046,-7.209],[107.0465,-7.208],[107.0545,-7.1955],[107.0545,-7.193],[107.05,-7.183]]]},"properties":{"code":"32.03.17.2003","name":"Sukasari"}},{"type":"Feature","geometry":{"type":"Polygon","coordinates":[[[107.0765,-7.2155],[107.075,-7.2155],[107.073,-7.214],[107.07,-7.214],[107.07,-7.2145],[107.0675,-7.216],[107.065,-7.216],[107.063,-7.217],[107.06,-7.2275],[107.06,-7.243],[107.06,-7.2435],[107.062,-7.2545],[107.06,-7.2555],[107.0575,-7.2555],[107.0585,-7.2575],[107.0765,-7.2585],[107.0795,-7.2485],[107.0745,-7.2385],[107.0745,-7.2245],[107.074,-7.2235],[107.074,-7.223],[107.0755,-7.222],[107.0765,-7.216],[107.0765,-7.2155]]]},"properties":{"code":"32.03.17.2006","name":"Pasirdalem"}},{"type":"Feature","geometry":{"type":"Polygon","coordinates":[[[107.036,-7.2405],[107.029,-7.2385],[107.0265,-7.238],[107.0255,-7.2345],[107.0255,-7.237],[107.025,-7.238],[107.0165,-7.2355],[107.0115,-7.242],[107.012,-7.243],[107.02,-7.251],[107.0205,-7.254],[107.019,-7.2545],[107.0175,-7.255],[107.0155,-7.255],[107.02,-7.257],[107.0245,-7.2595],[107.0265,-7.2595],[107.029,-7.2575],[107.0305,-7.253],[107.033,-7.2515],[107.0355,-7.2525],[107.036,-7.2515],[107.036,-7.2495],[107.035,-7.247],[107.035,-7.2425],[107.0355,-7.242],[107.036,-7.2405]]]},"properties":{"code":"32.03.17.2008","name":"Talagasari"}},{"type":"Feature","geometry":{"type":"Polygon","coordinates":[[[107.0355,-7.216],[107.035,-7.2165],[107.0325,-7.2155],[107.0315,-7.2155],[107.0305,-7.2165],[107.0285,-7.2135],[107.028,-7.2135],[107.028,-7.214],[107.028,-7.2145],[107.0275,-7.2175],[107.028,-7.2195],[107.025,-7.227],[107.0235,-7.2295],[107.025,-7.2345],[107.0255,-7.2345],[107.0265,-7.238],[107.029,-7.2385],[107.036,-7.2405],[107.038,-7.2405],[107.0385,-7.24],[107.042,-7.2315],[107.0425,-7.231],[107.0415,-7.2305],[107.0445,-7.2205],[107.0445,-7.2195],[107.042,-7.2175],[107.0365,-7.217],[107.0355,-7.216]]]},"properties":{"code":"32.03.17.2009","name":"Bojongkasih"}},{"type":"Feature","geometry":{"type":"Polygon","coordinates":[[[107.0345,-7.175],[107.032,-7.174],[107.0315,-7.174],[107.0295,-7.1745],[107.0205,-7.1725],[107.0195,-7.1735],[107.0185,-7.173],[107.017,-7.1725],[107.016,-7.174],[107.016,-7.175],[107.0175,-7.177],[107.018,-7.1775],[107.0145,-7.178],[107.014,-7.178],[107.0135,-7.1745],[107.006,-7.173],[107.0045,-7.1735],[107.004,-7.174],[107.0035,-7.1735],[107.0025,-7.173],[107.0005,-7.1755],[107.002,-7.177],[107.0005,-7.18],[107.002,-7.1805],[107.003,-7.181],[107.003,-7.1835],[107.0035,-7.184],[107.004,-7.187],[107.0025,-7.188],[107.003,-7.189],[107.015,-7.189],[107.029,-7.202],[107.03,-7.202],[107.0325,-7.192],[107.034,-7.188],[107.0345,-7.175]]]},"properties":{"code":"32.03.17.2010","name":"Wargaasih"}},{"type":"Feature","geometry":{"type":"Polygon","coordinates":[[[107.0005,-7.218],[106.99,-7.2095],[106.9895,-7.21],[106.9875,-7.21],[106.9865,-7.2105],[106.9855,-7.2105],[106.98,-7.2165],[106.981,-7.2185],[106.9825,-7.2285],[106.9805,-7.23],[106.9805,-7.2325],[106.9795,-7.236],[106.9795,-7.237],[106.98,-7.2405],[106.98,-7.241],[106.978,-7.2415],[106.967,-7.2455],[106.9815,-7.2495],[107.002,-7.2445],[107,-7.244],[106.9995,-7.242],[106.998,-7.2285],[106.997,-7.225],[106.999,-7.223],[107,-7.22],[107.001,-7.219],[107.0005,-7.218]]]},"properties":{"code":"32.03.17.2011","name":"Sukaraharja"}},{"type":"Feature","geometry":{"type":"Polygon","coordinates":[[[107.002,-7.2445],[106.9815,-7.2495],[106.967,-7.2455],[106.967,-7.2505],[106.9665,-7.251],[106.9635,-7.25],[106.9635,-7.2505],[106.9635,-7.2515],[106.9605,-7.26],[106.9625,-7.2635],[106.97,-7.2665],[106.972,-7.279],[106.9725,-7.28],[106.9735,-7.281],[106.9765,-7.275],[106.9795,-7.2745],[106.98,-7.274],[106.9805,-7.2715],[106.9885,-7.2655],[106.9905,-7.261],[106.9935,-7.261],[106.9995,-7.257],[107.0025,-7.255],[107.002,-7.2445]]]},"properties":{"code":"32.03.17.2014","name":"Sukakerta"}},{"type":"Feature","geometry":{"type":"Polygon","coordinates":[[[107.028,-7.2135],[107.0215,-7.216],[107.02,-7.216],[107.0065,-7.219],[107.005,-7.2195],[107.0035,-7.217],[107.003,-7.217],[107.001,-7.2175],[107.001,-7.219],[107,-7.22],[106.999,-7.223],[106.997,-7.225],[106.998,-7.2285],[106.9995,-7.242],[107,-7.244],[107.002,-7.2445],[107.0025,-7.255],[107.005,-7.2545],[107.007,-7.256],[107.009,-7.259],[107.0115,-7.2605],[107.015,-7.2565],[107.015,-7.2555],[107.016,-7.2545],[107.0175,-7.255],[107.019,-7.2545],[107.0205,-7.254],[107.02,-7.251],[107.012,-7.243],[107.0115,-7.242],[107.0165,-7.2355],[107.025,-7.238],[107.0255,-7.237],[107.0255,-7.2345],[107.025,-7.2345],[107.0235,-7.2295],[107.025,-7.227],[107.028,-7.2195],[107.0275,-7.2175],[107.028,-7.2145],[107.028,-7.214],[107.028,-7.2135]]]},"properties":{"code":"32.03.17.2016","name":"Neglasari"}},{"type":"Feature","geometry":{"type":"Polygon","coordinates":[[[107.0595,-7.147],[107.059,-7.147],[107.056,-7.145],[107.0495,-7.1415],[107.0475,-7.141],[107.048,-7.1435],[107.0475,-7.143],[107.0435,-7.143],[107.042,-7.1435],[107.041,-7.144],[107.0395,-7.142],[107.0375,-7.1445],[107.0325,-7.1505],[107.0315,-7.151],[107.027,-7.152],[107.0235,-7.153],[107.022,-7.1505],[107.02,-7.1505],[107.02,-7.151],[107.0195,-7.155],[107.02,-7.156],[107.019,-7.1575],[107.015,-7.158],[107.014,-7.1595],[107.012,-7.1655],[107.012,-7.1665],[107.013,-7.1675],[107.0145,-7.1675],[107.0155,-7.1745],[107.016,-7.175],[107.016,-7.174],[107.017,-7.1725],[107.0185,-7.173],[107.0195,-7.1735],[107.0205,-7.1725],[107.0295,-7.1745],[107.0315,-7.174],[107.032,-7.174],[107.0345,-7.175],[107.05,-7.183],[107.0665,-7.166],[107.0635,-7.1635],[107.0555,-7.1515],[107.0575,-7.1505],[107.058,-7.15],[107.0595,-7.148],[107.0595,-7.147]]]},"properties":{"code":"32.03.17.2017","name":"Sukaresmi"}},{"type":"Feature","geometry":{"type":"Polygon","coordinates":[[[107.0295,-7.2025],[107.029,-7.202],[107.015,-7.189],[107.003,-7.189],[107.002,-7.1895],[107,-7.19],[106.9995,-7.192],[107.001,-7.1945],[107,-7.196],[106.9975,-7.1965],[106.9955,-7.1965],[106.9935,-7.1995],[106.9915,-7.2045],[106.992,-7.207],[106.991,-7.208],[106.99,-7.2095],[107.0005,-7.218],[107.001,-7.2175],[107.003,-7.217],[107.0035,-7.217],[107.005,-7.2195],[107.0065,-7.219],[107.02,-7.216],[107.0215,-7.216],[107.028,-7.2135],[107.029,-7.2125],[107.0315,-7.2125],[107.0295,-7.2025]]]},"properties":{"code":"32.03.17.2019","name":"Wargasari"}},{"type":"Feature","geometry":{"type":"Polygon","coordinates":[[[107.062,-7.2545],[107.06,-7.2435],[107.06,-7.243],[107.06,-7.2275],[107.0505,-7.2385],[107.039,-7.24],[107.038,-7.2405],[107.036,-7.2405],[107.0355,-7.242],[107.035,-7.2425],[107.035,-7.247],[107.036,-7.2495],[107.036,-7.2515],[107.0355,-7.2525],[107.04,-7.257],[107.041,-7.2565],[107.042,-7.2555],[107.0425,-7.2545],[107.0455,-7.254],[107.046,-7.2535],[107.0465,-7.2525],[107.062,-7.2545]]]},"properties":{"code":"32.03.17.2020","name":"Sukaraja"}},{"type":"Feature","geometry":{"type":"Polygon","coordinates":[[[107.062,-7.2545],[107.0465,-7.2525],[107.046,-7.2535],[107.0455,-7.254],[107.0425,-7.2545],[107.042,-7.2555],[107.041,-7.2565],[107.038,-7.258],[107.0375,-7.2605],[107.038,-7.2615],[107.0395,-7.262],[107.0415,-7.2615],[107.043,-7.2625],[107.043,-7.2655],[107.048,-7.2675],[107.0575,-7.2565],[107.0575,-7.2555],[107.06,-7.2555],[107.062,-7.2545]]]},"properties":{"code":"32.03.17.2021","name":"Kadupandak"}},{"type":"Feature","geometry":{"type":"Polygon","coordinates":[[[107.07,-7.214],[107.0695,-7.213],[107.07,-7.212],[107.0565,-7.197],[107.0545,-7.1955],[107.0465,-7.208],[107.046,-7.209],[107.0365,-7.2155],[107.0355,-7.216],[107.0365,-7.217],[107.042,-7.2175],[107.0445,-7.2195],[107.045,-7.219],[107.05,-7.2225],[107.051,-7.2265],[107.06,-7.2275],[107.063,-7.217],[107.065,-7.216],[107.0675,-7.216],[107.07,-7.2145],[107.07,-7.214]]]},"properties":{"code":"32.03.17.2022","name":"Gandasari"}},{"type":"Feature","geometry":{"type":"Polygon","coordinates":[[[107.06,-7.2275],[107.051,-7.2265],[107.05,-7.2225],[107.045,-7.219],[107.0445,-7.2205],[107.0415,-7.2305],[107.0425,-7.231],[107.042,-7.2315],[107.0385,-7.24],[107.039,-7.24],[107.0505,-7.2385],[107.06,-7.2275]]]},"properties":{"code":"32.03.17.2023","name":"Sindangsari"}},{"type":"Feature","geometry":{"type":"Polygon","coordinates":[[[107.169,-7.205],[107.1545,-7.2055],[107.1485,-7.197],[107.148,-7.197],[107.148,-7.198],[107.1425,-7.1995],[107.141,-7.203],[107.1405,-7.2075],[107.14,-7.208],[107.1355,-7.2095],[107.1345,-7.216],[107.1345,-7.2165],[107.1395,-7.2175],[107.142,-7.2185],[107.1405,-7.22],[107.1475,-7.2275],[107.147,-7.2265],[107.1615,-7.215],[107.162,-7.215],[107.1625,-7.215],[107.1645,-7.2135],[107.1685,-7.2055],[107.169,-7.205]]]},"properties":{"code":"32.03.18.2001","name":"Pagelaran"}},{"type":"Feature","geometry":{"type":"Polygon","coordinates":[[[107.17,-7.152],[107.1665,-7.1455],[107.1545,-7.1505],[107.1525,-7.1515],[107.1495,-7.1555],[107.1485,-7.1575],[107.1495,-7.1625],[107.151,-7.1675],[107.1505,-7.1685],[107.1555,-7.173],[107.156,-7.174],[107.158,-7.1725],[107.159,-7.172],[107.1595,-7.1725],[107.161,-7.1725],[107.162,-7.1715],[107.17,-7.157],[107.169,-7.1555],[107.1685,-7.154],[107.17,-7.152]]]},"properties":{"code":"32.03.18.2002","name":"Pangadegan"}},{"type":"Feature","geometry":{"type":"Polygon","coordinates":[[[107.1115,-7.208],[107.1125,-7.2055],[107.113,-7.2045],[107.112,-7.2035],[107.112,-7.203],[107.1115,-7.203],[107.1115,-7.2025],[107.112,-7.2015],[107.102,-7.192],[107.096,-7.1795],[107.0945,-7.1645],[107.089,-7.166],[107.0885,-7.1665],[107.087,-7.1675],[107.0805,-7.1855],[107.0805,-7.2],[107.086,-7.2035],[107.0875,-7.203],[107.0945,-7.2005],[107.1115,-7.208]]]},"properties":{"code":"32.03.18.2004","name":"Gelaranyar"}},{"type":"Feature","geometry":{"type":"Polygon","coordinates":[[[107.2815,-7.1375],[107.281,-7.137],[107.2775,-7.136],[107.264,-7.134],[107.2515,-7.134],[107.245,-7.1345],[107.223,-7.1425],[107.1965,-7.162],[107.196,-7.164],[107.1945,-7.1655],[107.1925,-7.166],[107.1545,-7.179],[107.154,-7.181],[107.154,-7.1885],[107.154,-7.189],[107.1545,-7.1885],[107.156,-7.189],[107.164,-7.1895],[107.1645,-7.19],[107.1655,-7.1905],[107.1665,-7.191],[107.1675,-7.191],[107.1835,-7.191],[107.187,-7.188],[107.191,-7.186],[107.192,-7.1855],[107.198,-7.185],[107.199,-7.1845],[107.199,-7.184],[107.199,-7.1835],[107.1995,-7.1835],[107.2005,-7.183],[107.2015,-7.182],[107.2025,-7.182],[107.203,-7.182],[107.2035,-7.1805],[107.213,-7.177],[107.215,-7.178],[107.2145,-7.177],[107.215,-7.1765],[107.2165,-7.1765],[107.2185,-7.1755],[107.2195,-7.1755],[107.2275,-7.1715],[107.2475,-7.152],[107.2675,-7.1515],[107.2805,-7.139],[107.2815,-7.1375]]]},"properties":{"code":"32.03.18.2005","name":"Buniwangi"}},{"type":"Feature","geometry":{"type":"Polygon","coordinates":[[[107.1265,-7.1655],[107.116,-7.163],[107.1155,-7.165],[107.1275,-7.1745],[107.131,-7.1845],[107.131,-7.186],[107.1305,-7.186],[107.129,-7.1865],[107.1285,-7.188],[107.132,-7.19],[107.1425,-7.1995],[107.148,-7.198],[107.148,-7.196],[107.149,-7.1935],[107.154,-7.1895],[107.154,-7.1885],[107.154,-7.181],[107.1535,-7.1805],[107.144,-7.1805],[107.127,-7.1665],[107.1265,-7.1655]]]},"properties":{"code":"32.03.18.2007","name":"Sindangkerta"}},{"type":"Feature","geometry":{"type":"Polygon","coordinates":[[[107.14,-7.13],[107.1395,-7.13],[107.1345,-7.1305],[107.1325,-7.1305],[107.131,-7.131],[107.1295,-7.1455],[107.127,-7.15],[107.125,-7.1605],[107.124,-7.1615],[107.1245,-7.1625],[107.1265,-7.1655],[107.127,-7.1665],[107.144,-7.1805],[107.1535,-7.1805],[107.1545,-7.179],[107.157,-7.175],[107.1555,-7.173],[107.1505,-7.1685],[107.151,-7.1675],[107.1495,-7.1625],[107.1485,-7.1575],[107.1495,-7.1555],[107.1525,-7.1515],[107.1545,-7.1505],[107.154,-7.15],[107.148,-7.14],[107.148,-7.139],[107.148,-7.1375],[107.147,-7.135],[107.1465,-7.1335],[107.145,-7.1355],[107.1445,-7.1355],[107.1395,-7.1315],[107.1395,-7.1305],[107.14,-7.13]]]},"properties":{"code":"32.03.18.2008","name":"Pasirbaru"}},{"type":"Feature","geometry":{"type":"Polygon","coordinates":[[[107.3195,-7.1065],[107.318,-7.1055],[107.307,-7.088],[107.3055,-7.0865],[107.3045,-7.0855],[107.299,-7.0985],[107.2895,-7.109],[107.2885,-7.1095],[107.254,-7.1195],[107.204,-7.1435],[107.172,-7.15],[107.17,-7.152],[107.1685,-7.154],[107.169,-7.1555],[107.17,-7.157],[107.162,-7.1715],[107.161,-7.1725],[107.1595,-7.1725],[107.159,-7.172],[107.158,-7.1725],[107.156,-7.174],[107.157,-7.175],[107.1545,-7.179],[107.1925,-7.166],[107.1945,-7.1655],[107.196,-7.164],[107.1965,-7.162],[107.223,-7.1425],[107.245,-7.1345],[107.2515,-7.134],[107.264,-7.134],[107.2775,-7.136],[107.281,-7.137],[107.2815,-7.1375],[107.2845,-7.1345],[107.2895,-7.1315],[107.2915,-7.131],[107.311,-7.1295],[107.3115,-7.1285],[107.3135,-7.127],[107.3125,-7.1265],[107.3135,-7.117],[107.32,-7.112],[107.3205,-7.1085],[107.32,-7.107],[107.3195,-7.1065]]]},"properties":{"code":"32.03.18.2009","name":"Bunijaya"}},{"type":"Feature","geometry":{"type":"Polygon","coordinates":[[[107.299,-7.0845],[107.2915,-7.087],[107.29,-7.09],[107.2875,-7.092],[107.2705,-7.1],[107.269,-7.104],[107.267,-7.1045],[107.264,-7.1055],[107.2595,-7.105],[107.2575,-7.105],[107.2435,-7.0975],[107.233,-7.0995],[107.21,-7.1105],[107.209,-7.112],[107.192,-7.1105],[107.188,-7.1125],[107.18,-7.1085],[107.171,-7.107],[107.169,-7.107],[107.157,-7.115],[107.1495,-7.128],[107.1465,-7.13],[107.1465,-7.131],[107.145,-7.132],[107.141,-7.1295],[107.14,-7.13],[107.1395,-7.1305],[107.1395,-7.1315],[107.1445,-7.1355],[107.145,-7.1355],[107.1465,-7.1335],[107.147,-7.135],[107.148,-7.1375],[107.148,-7.139],[107.148,-7.14],[107.154,-7.15],[107.1545,-7.1505],[107.1665,-7.1455],[107.17,-7.152],[107.172,-7.15],[107.204,-7.1435],[107.254,-7.1195],[107.2885,-7.1095],[107.2895,-7.109],[107.299,-7.0985],[107.3045,-7.0855],[107.299,-7.085],[107.299,-7.0845]]]},"properties":{"code":"32.03.18.2010","name":"Situhiang"}},{"type":"Feature","geometry":{"type":"Polygon","coordinates":[[[107.087,-7.1675],[107.086,-7.166],[107.0825,-7.165],[107.0665,-7.166],[107.05,-7.183],[107.0545,-7.193],[107.0565,-7.197],[107.07,-7.212],[107.0695,-7.213],[107.073,-7.214],[107.075,-7.2155],[107.0765,-7.2155],[107.077,-7.2145],[107.0775,-7.211],[107.0765,-7.201],[107.077,-7.2005],[107.0805,-7.2],[107.0805,-7.1855],[107.087,-7.1675]]]},"properties":{"code":"32.03.18.2011","name":"Mekarsari"}},{"type":"Feature","geometry":{"type":"Polygon","coordinates":[[[107.1425,-7.1995],[107.132,-7.19],[107.1285,-7.188],[107.125,-7.1995],[107.124,-7.2015],[107.121,-7.202],[107.12,-7.202],[107.1185,-7.201],[107.12,-7.2035],[107.121,-7.204],[107.12,-7.204],[107.119,-7.2045],[107.118,-7.2045],[107.1175,-7.2065],[107.1165,-7.206],[107.1145,-7.2075],[107.113,-7.208],[107.113,-7.2085],[107.114,-7.21],[107.116,-7.218],[107.1165,-7.2185],[107.1185,-7.22],[107.12,-7.2195],[107.1255,-7.215],[107.127,-7.215],[107.128,-7.2165],[107.129,-7.2165],[107.131,-7.216],[107.1345,-7.2175],[107.1345,-7.216],[107.1355,-7.2095],[107.14,-7.208],[107.1405,-7.2075],[107.141,-7.203],[107.1425,-7.1995]]]},"properties":{"code":"32.03.18.2012","name":"Kertaraharja"}},{"type":"Feature","geometry":{"type":"Polygon","coordinates":[[[107.116,-7.164],[107.1155,-7.1625],[107.115,-7.161],[107.115,-7.158],[107.1135,-7.1555],[107.113,-7.1535],[107.113,-7.1525],[107.0945,-7.1645],[107.096,-7.1795],[107.102,-7.192],[107.112,-7.2015],[107.1115,-7.2025],[107.1115,-7.203],[107.112,-7.203],[107.112,-7.2035],[107.113,-7.2045],[107.1125,-7.2055],[107.1115,-7.208],[107.113,-7.209],[107.1135,-7.209],[107.113,-7.2085],[107.113,-7.208],[107.1145,-7.2075],[107.1165,-7.206],[107.1175,-7.2065],[107.118,-7.2045],[107.119,-7.2045],[107.12,-7.204],[107.121,-7.204],[107.12,-7.2035],[107.1185,-7.201],[107.1185,-7.2005],[107.12,-7.2],[107.12,-7.1995],[107.1195,-7.1995],[107.1185,-7.199],[107.12,-7.1905],[107.112,-7.1735],[107.114,-7.1695],[107.1145,-7.166],[107.115,-7.165],[107.116,-7.164]]]},"properties":{"code":"32.03.18.2013","name":"Selagedang"}},{"type":"Feature","geometry":{"type":"Polygon","coordinates":[[[107.1835,-7.191],[107.1675,-7.191],[107.1665,-7.191],[107.1655,-7.1905],[107.1645,-7.19],[107.164,-7.1895],[107.156,-7.189],[107.1545,-7.1885],[107.154,-7.189],[107.154,-7.1895],[107.149,-7.1935],[107.148,-7.197],[107.1485,-7.197],[107.1545,-7.2055],[107.169,-7.205],[107.1695,-7.205],[107.1735,-7.2025],[107.177,-7.2],[107.1795,-7.198],[107.182,-7.194],[107.1835,-7.1915],[107.1835,-7.191]]]},"properties":{"code":"32.03.18.2014","name":"Padamaju"}},{"type":"Feature","geometry":{"type":"Polygon","coordinates":[[[107.1285,-7.188],[107.129,-7.1865],[107.1305,-7.186],[107.131,-7.186],[107.131,-7.1845],[107.1275,-7.1745],[107.1155,-7.165],[107.116,-7.164],[107.115,-7.165],[107.1145,-7.166],[107.114,-7.1695],[107.112,-7.1735],[107.12,-7.1905],[107.1185,-7.199],[107.1195,-7.1995],[107.12,-7.1995],[107.12,-7.2],[107.1185,-7.2005],[107.1185,-7.201],[107.12,-7.202],[107.121,-7.202],[107.124,-7.2015],[107.125,-7.1995],[107.1285,-7.188]]]},"properties":{"code":"32.03.18.2015","name":"Karangharja"}},{"type":"Feature","geometry":{"type":"Polygon","coordinates":[[[107.0805,-7.2],[107.077,-7.2005],[107.0765,-7.201],[107.0775,-7.211],[107.077,-7.2145],[107.0765,-7.216],[107.0755,-7.222],[107.074,-7.223],[107.074,-7.2235],[107.0745,-7.2245],[107.076,-7.2255],[107.091,-7.2285],[107.0995,-7.2395],[107.1,-7.231],[107.1125,-7.2215],[107.116,-7.2195],[107.116,-7.218],[107.114,-7.21],[107.1135,-7.209],[107.113,-7.209],[107.1115,-7.208],[107.0945,-7.2005],[107.0875,-7.203],[107.086,-7.2035],[107.0805,-7.2]]]},"properties":{"code":"32.03.18.2018","name":"Sukamaju"}},{"type":"Feature","geometry":{"type":"Polygon","coordinates":[[[107.1255,-7.263],[107.1195,-7.2555],[107.118,-7.274],[107.115,-7.2775],[107.1165,-7.287],[107.1185,-7.288],[107.1205,-7.288],[107.1215,-7.2875],[107.1235,-7.2855],[107.1305,-7.273],[107.1295,-7.2715],[107.1255,-7.263]]]},"properties":{"code":"32.03.19.2001","name":"Tanggeung"}},{"type":"Feature","geometry":{"type":"Polygon","coordinates":[[[107.096,-7.264],[107.0935,-7.259],[107.0925,-7.259],[107.087,-7.263],[107.088,-7.284],[107.097,-7.2865],[107.0995,-7.274],[107.096,-7.272],[107.096,-7.2655],[107.096,-7.264]]]},"properties":{"code":"32.03.19.2002","name":"Rawagede"}},{"type":"Feature","geometry":{"type":"Polygon","coordinates":[[[107.144,-7.259],[107.141,-7.245],[107.1415,-7.243],[107.1405,-7.244],[107.137,-7.244],[107.129,-7.243],[107.124,-7.2465],[107.123,-7.246],[107.121,-7.244],[107.121,-7.2445],[107.121,-7.245],[107.119,-7.2475],[107.118,-7.2495],[107.118,-7.251],[107.119,-7.253],[107.1195,-7.2555],[107.1255,-7.263],[107.133,-7.266],[107.134,-7.2655],[107.1355,-7.265],[107.137,-7.265],[107.1395,-7.2635],[107.143,-7.2595],[107.144,-7.259]]]},"properties":{"code":"32.03.19.2003","name":"Cilongsong"}},{"type":"Feature","geometry":{"type":"Polygon","coordinates":[[[107.1185,-7.248],[107.118,-7.2475],[107.1105,-7.243],[107.112,-7.2495],[107.1005,-7.257],[107.099,-7.2575],[107.0985,-7.262],[107.097,-7.264],[107.096,-7.264],[107.096,-7.2655],[107.096,-7.272],[107.102,-7.2725],[107.1145,-7.2775],[107.118,-7.274],[107.1195,-7.2555],[107.119,-7.253],[107.118,-7.251],[107.118,-7.2495],[107.1185,-7.248]]]},"properties":{"code":"32.03.19.2004","name":"Margaluyu"}},{"type":"Feature","geometry":{"type":"Polygon","coordinates":[[[107.087,-7.263],[107.0855,-7.2635],[107.083,-7.262],[107.082,-7.2625],[107.0795,-7.2605],[107.0765,-7.2585],[107.0755,-7.2635],[107.075,-7.266],[107.0745,-7.268],[107.0745,-7.2695],[107.0735,-7.2725],[107.079,-7.282],[107.0795,-7.2825],[107.084,-7.284],[107.088,-7.284],[107.087,-7.263]]]},"properties":{"code":"32.03.19.2005","name":"Karangtengah"}},{"type":"Feature","geometry":{"type":"Polygon","coordinates":[[[107.0995,-7.2395],[107.091,-7.2285],[107.076,-7.2255],[107.0745,-7.2245],[107.0745,-7.2385],[107.0795,-7.2485],[107.0765,-7.2585],[107.0795,-7.2605],[107.082,-7.2625],[107.083,-7.262],[107.0855,-7.2635],[107.087,-7.263],[107.0925,-7.259],[107.0935,-7.259],[107.096,-7.264],[107.097,-7.264],[107.0985,-7.262],[107.099,-7.2575],[107.1005,-7.257],[107.112,-7.2495],[107.1105,-7.243],[107.1045,-7.243],[107.1005,-7.241],[107.0995,-7.2395]]]},"properties":{"code":"32.03.19.2006","name":"Pagermaneuh"}},{"type":"Feature","geometry":{"type":"Polygon","coordinates":[[[107.1345,-7.2165],[107.1345,-7.2175],[107.131,-7.216],[107.129,-7.2165],[107.128,-7.2165],[107.127,-7.215],[107.1255,-7.215],[107.12,-7.2195],[107.1185,-7.22],[107.1165,-7.2185],[107.116,-7.2195],[107.1125,-7.2215],[107.1,-7.231],[107.0995,-7.2395],[107.1005,-7.241],[107.1045,-7.243],[107.1105,-7.243],[107.118,-7.2475],[107.1185,-7.248],[107.119,-7.2475],[107.121,-7.245],[107.121,-7.2445],[107.1205,-7.243],[107.1215,-7.243],[107.1215,-7.242],[107.1225,-7.239],[107.1235,-7.239],[107.129,-7.2375],[107.129,-7.237],[107.123,-7.2285],[107.1395,-7.221],[107.14,-7.22],[107.1405,-7.22],[107.142,-7.2185],[107.1395,-7.2175],[107.1345,-7.2165]]]},"properties":{"code":"32.03.19.2007","name":"Bojongpetir"}},{"type":"Feature","geometry":{"type":"Polygon","coordinates":[[[107.182,-7.241],[107.1795,-7.2395],[107.162,-7.2395],[107.1515,-7.2475],[107.146,-7.259],[107.158,-7.262],[107.1595,-7.264],[107.1605,-7.265],[107.1615,-7.2655],[107.1635,-7.2645],[107.177,-7.2465],[107.178,-7.2435],[107.1785,-7.2425],[107.18,-7.241],[107.182,-7.241]]]},"properties":{"code":"32.03.19.2009","name":"Pasirjambu"}},{"type":"Feature","geometry":{"type":"Polygon","coordinates":[[[107.146,-7.259],[107.143,-7.2595],[107.1395,-7.2635],[107.137,-7.265],[107.136,-7.265],[107.136,-7.2665],[107.1345,-7.268],[107.134,-7.2705],[107.135,-7.2765],[107.1495,-7.29],[107.1485,-7.292],[107.1625,-7.2945],[107.163,-7.2945],[107.163,-7.2935],[107.162,-7.2905],[107.161,-7.2885],[107.16,-7.285],[107.1625,-7.2765],[107.162,-7.276],[107.161,-7.2755],[107.16,-7.269],[107.1595,-7.2675],[107.161,-7.2665],[107.1605,-7.265],[107.1595,-7.264],[107.158,-7.262],[107.146,-7.259]]]},"properties":{"code":"32.03.19.2010","name":"Sirnajaya"}},{"type":"Feature","geometry":{"type":"Polygon","coordinates":[[[107.136,-7.265],[107.133,-7.266],[107.1255,-7.263],[107.1295,-7.2715],[107.1305,-7.273],[107.1235,-7.2855],[107.1215,-7.289],[107.1235,-7.2925],[107.1365,-7.2965],[107.137,-7.297],[107.1415,-7.296],[107.1415,-7.2955],[107.143,-7.293],[107.1485,-7.292],[107.1495,-7.29],[107.135,-7.2765],[107.134,-7.2705],[107.1345,-7.268],[107.136,-7.2665],[107.136,-7.265]]]},"properties":{"code":"32.03.19.2013","name":"Kertajaya"}},{"type":"Feature","geometry":{"type":"Polygon","coordinates":[[[107.115,-7.2775],[107.1145,-7.2775],[107.102,-7.2725],[107.0995,-7.274],[107.097,-7.2865],[107.098,-7.287],[107.1005,-7.286],[107.105,-7.2865],[107.109,-7.2855],[107.1165,-7.287],[107.115,-7.2775]]]},"properties":{"code":"32.03.19.2014","name":"Sukajaya"}},{"type":"Feature","geometry":{"type":"Polygon","coordinates":[[[107.1405,-7.22],[107.14,-7.22],[107.1395,-7.221],[107.123,-7.2285],[107.129,-7.237],[107.129,-7.2375],[107.1235,-7.239],[107.1225,-7.239],[107.1215,-7.242],[107.1215,-7.243],[107.121,-7.244],[107.123,-7.246],[107.124,-7.2465],[107.129,-7.243],[107.137,-7.244],[107.1405,-7.244],[107.1415,-7.243],[107.141,-7.242],[107.141,-7.24],[107.1415,-7.238],[107.143,-7.236],[107.144,-7.2345],[107.1445,-7.234],[107.1455,-7.2325],[107.1465,-7.231],[107.1475,-7.2275],[107.1405,-7.22]]]},"properties":{"code":"32.03.19.2015","name":"Padaluyu"}},{"type":"Feature","geometry":{"type":"Polygon","coordinates":[[[107.088,-7.284],[107.084,-7.284],[107.0795,-7.2825],[107.0805,-7.2835],[107.0795,-7.284],[107.083,-7.3],[107.0795,-7.307],[107.0815,-7.3105],[107.0815,-7.3115],[107.08,-7.314],[107.08,-7.315],[107.08,-7.3285],[107.07,-7.3335],[107.0685,-7.335],[107.0685,-7.3375],[107.0695,-7.338],[107.0715,-7.3375],[107.072,-7.3375],[107.0725,-7.339],[107.073,-7.3415],[107.0735,-7.3455],[107.0745,-7.346],[107.075,-7.345],[107.0745,-7.3445],[107.075,-7.342],[107.0755,-7.338],[107.0755,-7.3365],[107.0905,-7.3335],[107.0955,-7.3435],[107.0975,-7.343],[107.0955,-7.326],[107.102,-7.303],[107.097,-7.2865],[107.088,-7.284]]]},"properties":{"code":"32.03.20.2001","name":"Pananggapan"}},{"type":"Feature","geometry":{"type":"Polygon","coordinates":[[[107.192,-7.3305],[107.1865,-7.321],[107.1745,-7.315],[107.174,-7.304],[107.1735,-7.305],[107.172,-7.305],[107.1695,-7.3055],[107.161,-7.3415],[107.1615,-7.343],[107.1615,-7.344],[107.1615,-7.345],[107.155,-7.354],[107.1555,-7.3655],[107.1665,-7.3635],[107.175,-7.368],[107.1975,-7.369],[107.1965,-7.368],[107.1955,-7.3425],[107.1915,-7.3335],[107.192,-7.3305]]]},"properties":{"code":"32.03.20.2002","name":"Cikangkareng"}},{"type":"Feature","geometry":{"type":"Polygon","coordinates":[[[107.1165,-7.287],[107.109,-7.2855],[107.106,-7.286],[107.106,-7.287],[107.107,-7.287],[107.1075,-7.2885],[107.109,-7.2905],[107.1125,-7.2935],[107.1155,-7.302],[107.1155,-7.3025],[107.1145,-7.304],[107.116,-7.305],[107.1165,-7.3105],[107.115,-7.3125],[107.117,-7.324],[107.1155,-7.3235],[107.115,-7.323],[107.116,-7.3255],[107.12,-7.3285],[107.1185,-7.3295],[107.119,-7.352],[107.118,-7.354],[107.117,-7.354],[107.1165,-7.356],[107.117,-7.356],[107.1175,-7.3595],[107.143,-7.3655],[107.1445,-7.356],[107.1335,-7.344],[107.1335,-7.3415],[107.1415,-7.3065],[107.1495,-7.306],[107.1495,-7.3045],[107.1485,-7.3025],[107.148,-7.301],[107.147,-7.2995],[107.1465,-7.2985],[107.145,-7.2975],[107.142,-7.295],[107.1415,-7.296],[107.137,-7.297],[107.1365,-7.2965],[107.1235,-7.2925],[107.1215,-7.289],[107.1215,-7.2875],[107.1205,-7.288],[107.1185,-7.288],[107.1165,-7.287]]]},"properties":{"code":"32.03.20.2003","name":"Sukajadi"}},{"type":"Feature","geometry":{"type":"Polygon","coordinates":[[[107.116,-7.368],[107.1005,-7.3595],[107.1,-7.3585],[107.099,-7.3595],[107.098,-7.3605],[107.087,-7.3635],[107.087,-7.3645],[107.087,-7.3655],[107.088,-7.3665],[107.0855,-7.367],[107.098,-7.379],[107.1,-7.3815],[107.1005,-7.382],[107.1015,-7.3825],[107.1015,-7.3835],[107.099,-7.3865],[107.098,-7.3895],[107.0795,-7.3975],[107.0875,-7.409],[107.0875,-7.411],[107.079,-7.4345],[107.079,-7.435],[107.0805,-7.434],[107.0825,-7.4355],[107.0845,-7.4365],[107.088,-7.435],[107.0915,-7.435],[107.096,-7.436],[107.1,-7.437],[107.0995,-7.436],[107.1,-7.434],[107.1015,-7.434],[107.1015,-7.437],[107.103,-7.438],[107.104,-7.438],[107.107,-7.4375],[107.108,-7.4375],[107.1105,-7.4385],[107.112,-7.4375],[107.1135,-7.4375],[107.113,-7.4355],[107.114,-7.432],[107.1135,-7.4295],[107.1135,-7.429],[107.112,-7.4275],[107.1125,-7.424],[107.108,-7.4155],[107.109,-7.414],[107.1255,-7.41],[107.1295,-7.3905],[107.1215,-7.382],[107.1195,-7.3785],[107.116,-7.368]]]},"properties":{"code":"32.03.20.2004","name":"Panyindangan"}},{"type":"Feature","geometry":{"type":"Polygon","coordinates":[[[107.251,-7.208],[107.2495,-7.207],[107.2415,-7.2095],[107.229,-7.221],[107.228,-7.2215],[107.2245,-7.2235],[107.2235,-7.2255],[107.221,-7.237],[107.213,-7.242],[107.2125,-7.2415],[107.2125,-7.2425],[107.2135,-7.243],[107.2135,-7.244],[107.2155,-7.2445],[107.212,-7.2555],[107.2165,-7.265],[107.22,-7.2705],[107.2195,-7.273],[107.222,-7.273],[107.2285,-7.2725],[107.23,-7.2725],[107.242,-7.26],[107.243,-7.259],[107.2435,-7.258],[107.2455,-7.256],[107.2465,-7.2545],[107.2475,-7.2525],[107.248,-7.2515],[107.252,-7.252],[107.2525,-7.252],[107.253,-7.25],[107.2525,-7.2495],[107.253,-7.249],[107.2555,-7.245],[107.2545,-7.242],[107.2415,-7.2195],[107.251,-7.208]]]},"properties":{"code":"32.03.20.2005","name":"Padasuka"}},{"type":"Feature","geometry":{"type":"Polygon","coordinates":[[[107.2195,-7.273],[107.22,-7.2705],[107.2165,-7.265],[107.212,-7.2555],[107.2155,-7.2445],[107.2135,-7.244],[107.2135,-7.243],[107.2125,-7.2425],[107.2125,-7.2415],[107.212,-7.2425],[107.2075,-7.246],[107.2055,-7.247],[107.2045,-7.2475],[107.197,-7.264],[107.194,-7.265],[107.194,-7.2655],[107.1935,-7.266],[107.193,-7.267],[107.1925,-7.2675],[107.1895,-7.272],[107.189,-7.274],[107.186,-7.2875],[107.198,-7.2965],[107.1995,-7.298],[107.2005,-7.297],[107.2145,-7.288],[107.217,-7.278],[107.2155,-7.278],[107.216,-7.2765],[107.2185,-7.274],[107.2195,-7.273]]]},"properties":{"code":"32.03.20.2006","name":"Cimaskara"}},{"type":"Feature","geometry":{"type":"Polygon","coordinates":[[[107.188,-7.2735],[107.181,-7.281],[107.1715,-7.298],[107.1705,-7.2995],[107.1705,-7.3005],[107.172,-7.3],[107.1725,-7.3],[107.173,-7.302],[107.1745,-7.303],[107.174,-7.304],[107.1745,-7.315],[107.1865,-7.321],[107.192,-7.3305],[107.193,-7.3295],[107.194,-7.328],[107.1955,-7.329],[107.198,-7.3275],[107.1965,-7.3265],[107.1965,-7.3225],[107.1965,-7.3215],[107.1945,-7.3205],[107.195,-7.3185],[107.197,-7.3195],[107.2,-7.3185],[107.201,-7.3145],[107.1995,-7.3125],[107.2,-7.3085],[107.1995,-7.3065],[107.201,-7.3035],[107.201,-7.3015],[107.2,-7.3005],[107.2,-7.299],[107.1995,-7.298],[107.198,-7.2965],[107.186,-7.2875],[107.189,-7.274],[107.188,-7.2735]]]},"properties":{"code":"32.03.20.2007","name":"Pamoyanan"}},{"type":"Feature","geometry":{"type":"Polygon","coordinates":[[[107.175,-7.368],[107.1665,-7.3635],[107.1555,-7.3655],[107.155,-7.354],[107.1615,-7.345],[107.1615,-7.3435],[107.1595,-7.344],[107.158,-7.3435],[107.1545,-7.3445],[107.143,-7.3655],[107.1175,-7.3595],[107.115,-7.36],[107.1155,-7.3625],[107.116,-7.368],[107.1195,-7.3785],[107.1215,-7.382],[107.1295,-7.3905],[107.1435,-7.3985],[107.148,-7.3985],[107.156,-7.3875],[107.166,-7.3835],[107.175,-7.368]]]},"properties":{"code":"32.03.20.2008","name":"Batulawang"}},{"type":"Feature","geometry":{"type":"Polygon","coordinates":[[[107.181,-7.281],[107.172,-7.275],[107.165,-7.2935],[107.1625,-7.2945],[107.1485,-7.292],[107.143,-7.293],[107.142,-7.295],[107.145,-7.2975],[107.1465,-7.2985],[107.147,-7.2995],[107.148,-7.301],[107.1485,-7.3025],[107.1495,-7.3045],[107.1495,-7.306],[107.1415,-7.3065],[107.1335,-7.3415],[107.1335,-7.344],[107.1445,-7.356],[107.143,-7.3655],[107.1545,-7.3445],[107.158,-7.3435],[107.1595,-7.344],[107.1615,-7.3435],[107.1615,-7.343],[107.161,-7.3415],[107.1695,-7.3055],[107.172,-7.305],[107.1735,-7.305],[107.1745,-7.303],[107.173,-7.302],[107.1725,-7.3],[107.172,-7.3],[107.1705,-7.3005],[107.1705,-7.2995],[107.1715,-7.298],[107.181,-7.281]]]},"properties":{"code":"32.03.20.2009","name":"Sukamekar"}},{"type":"Feature","geometry":{"type":"Polygon","coordinates":[[[107.073,-7.3415],[107.064,-7.3455],[107.0635,-7.353],[107.063,-7.3545],[107.0625,-7.355],[107.0615,-7.355],[107.0605,-7.356],[107.059,-7.356],[107.0585,-7.3565],[107.057,-7.3575],[107.0465,-7.3555],[107.048,-7.3575],[107.0495,-7.361],[107.05,-7.3625],[107.0505,-7.3635],[107.0525,-7.367],[107.055,-7.3685],[107.0585,-7.37],[107.0615,-7.371],[107.062,-7.3695],[107.068,-7.36],[107.0795,-7.368],[107.08,-7.367],[107.0855,-7.367],[107.088,-7.3665],[107.087,-7.3655],[107.087,-7.3645],[107.087,-7.3635],[107.098,-7.3605],[107.099,-7.3595],[107.1,-7.3585],[107.099,-7.3575],[107.094,-7.354],[107.0905,-7.3515],[107.0755,-7.346],[107.0735,-7.3455],[107.073,-7.3415]]]},"properties":{"code":"32.03.20.2010","name":"Hamerang"}},{"type":"Feature","geometry":{"type":"Polygon","coordinates":[[[107.1165,-7.356],[107.117,-7.354],[107.118,-7.354],[107.119,-7.352],[107.1185,-7.3295],[107.12,-7.3285],[107.116,-7.3255],[107.115,-7.323],[107.1155,-7.3235],[107.117,-7.324],[107.115,-7.3125],[107.1165,-7.3105],[107.116,-7.305],[107.1145,-7.304],[107.1155,-7.3025],[107.1155,-7.302],[107.1125,-7.2935],[107.109,-7.2905],[107.1075,-7.2885],[107.107,-7.287],[107.106,-7.287],[107.106,-7.286],[107.105,-7.2865],[107.1005,-7.286],[107.098,-7.287],[107.097,-7.2865],[107.102,-7.303],[107.0955,-7.326],[107.0975,-7.343],[107.0975,-7.3435],[107.102,-7.352],[107.1155,-7.357],[107.1165,-7.356]]]},"properties":{"code":"32.03.20.2011","name":"Girijaya"}},{"type":"Feature","geometry":{"type":"Polygon","coordinates":[[[107.0855,-7.367],[107.08,-7.367],[107.0795,-7.368],[107.068,-7.36],[107.062,-7.3695],[107.0615,-7.371],[107.0585,-7.37],[107.055,-7.3685],[107.0525,-7.367],[107.0505,-7.3635],[107.05,-7.3625],[107.0495,-7.3615],[107.049,-7.3755],[107.047,-7.376],[107.0495,-7.3785],[107.047,-7.3825],[107.05,-7.385],[107.053,-7.393],[107.0535,-7.3925],[107.055,-7.3925],[107.055,-7.395],[107.0555,-7.397],[107.061,-7.3985],[107.0615,-7.3985],[107.076,-7.4],[107.077,-7.3975],[107.0795,-7.3975],[107.098,-7.3895],[107.099,-7.3865],[107.1015,-7.3835],[107.1015,-7.3825],[107.1005,-7.382],[107.1,-7.3815],[107.098,-7.379],[107.0855,-7.367]]]},"properties":{"code":"32.03.20.2012","name":"Wargaluyu"}},{"type":"Feature","geometry":{"type":"Polygon","coordinates":[[[107.3055,-7.204],[107.289,-7.214],[107.2865,-7.213],[107.2845,-7.2135],[107.275,-7.2095],[107.252,-7.208],[107.251,-7.208],[107.2415,-7.2195],[107.2545,-7.242],[107.2555,-7.245],[107.253,-7.249],[107.2525,-7.2495],[107.253,-7.25],[107.2525,-7.252],[107.254,-7.252],[107.26,-7.251],[107.2885,-7.2385],[107.298,-7.2185],[107.307,-7.208],[107.3055,-7.204]]]},"properties":{"code":"32.03.20.2013","name":"Mekarmukti"}},{"type":"Feature","geometry":{"type":"Polygon","coordinates":[[[107.0975,-7.3435],[107.0955,-7.3435],[107.0905,-7.3335],[107.0755,-7.3365],[107.0755,-7.338],[107.075,-7.342],[107.0745,-7.3445],[107.075,-7.345],[107.0745,-7.346],[107.0755,-7.346],[107.0905,-7.3515],[107.094,-7.354],[107.099,-7.3575],[107.1005,-7.3595],[107.116,-7.368],[107.1155,-7.3625],[107.115,-7.36],[107.1175,-7.3595],[107.117,-7.356],[107.1155,-7.357],[107.102,-7.352],[107.0975,-7.3435]]]},"properties":{"code":"32.03.20.2014","name":"Ciburial"}},{"type":"Feature","geometry":{"type":"Polygon","coordinates":[[[107.1605,-7.438],[107.142,-7.435],[107.1345,-7.4385],[107.136,-7.44],[107.128,-7.461],[107.154,-7.467],[107.16,-7.4505],[107.1605,-7.438]]]},"properties":{"code":"32.03.21.2001","name":"Saganten"}},{"type":"Feature","geometry":{"type":"Polygon","coordinates":[[[107.197,-7.397],[107.193,-7.394],[107.1915,-7.3935],[107.177,-7.395],[107.1755,-7.3955],[107.1705,-7.4095],[107.17,-7.4265],[107.1675,-7.427],[107.166,-7.425],[107.165,-7.4235],[107.164,-7.423],[107.1575,-7.4215],[107.152,-7.4075],[107.147,-7.4065],[107.145,-7.4065],[107.1385,-7.4205],[107.142,-7.435],[107.1605,-7.438],[107.1645,-7.439],[107.179,-7.44],[107.205,-7.4445],[107.2055,-7.4445],[107.206,-7.445],[107.2075,-7.445],[107.209,-7.4445],[107.2105,-7.444],[107.2125,-7.439],[107.216,-7.429],[107.216,-7.428],[107.2145,-7.427],[107.214,-7.425],[107.2145,-7.4205],[107.214,-7.4195],[107.199,-7.411],[107.197,-7.397]]]},"properties":{"code":"32.03.21.2002","name":"Muaracikadu"}},{"type":"Feature","geometry":{"type":"Polygon","coordinates":[[[107.053,-7.393],[107.05,-7.385],[107.047,-7.3825],[107.046,-7.385],[107.043,-7.389],[107.011,-7.3895],[107.009,-7.39],[106.9985,-7.3995],[106.9975,-7.399],[106.996,-7.398],[106.9955,-7.398],[106.994,-7.3985],[106.993,-7.398],[106.989,-7.3965],[106.9885,-7.3965],[106.988,-7.3955],[106.987,-7.3965],[106.9865,-7.3975],[106.986,-7.397],[106.9855,-7.397],[106.984,-7.397],[106.9835,-7.397],[106.9845,-7.3975],[106.985,-7.3985],[106.9855,-7.398],[106.9865,-7.3995],[106.9855,-7.4075],[106.9985,-7.4245],[107.0005,-7.426],[107.0005,-7.4275],[106.9985,-7.431],[106.9955,-7.4345],[106.9985,-7.437],[107.008,-7.4335],[107.035,-7.4345],[107.0405,-7.431],[107.0405,-7.4295],[107.0415,-7.4275],[107.043,-7.4275],[107.047,-7.427],[107.047,-7.4265],[107.0475,-7.4255],[107.048,-7.4245],[107.0485,-7.4225],[107.049,-7.4215],[107.0495,-7.4205],[107.05,-7.4175],[107.053,-7.393]]]},"properties":{"code":"32.03.21.2003","name":"Jatisari"}},{"type":"Feature","geometry":{"type":"Polygon","coordinates":[[[107.1435,-7.3985],[107.1295,-7.3905],[107.1255,-7.41],[107.109,-7.414],[107.108,-7.4155],[107.1125,-7.424],[107.112,-7.4275],[107.1135,-7.429],[107.1135,-7.4295],[107.114,-7.432],[107.113,-7.4355],[107.1135,-7.4375],[107.112,-7.4375],[107.1105,-7.4385],[107.108,-7.4375],[107.107,-7.4375],[107.104,-7.438],[107.1065,-7.4495],[107.1155,-7.459],[107.128,-7.461],[107.136,-7.44],[107.1345,-7.4385],[107.142,-7.435],[107.1385,-7.4205],[107.145,-7.4065],[107.1445,-7.4065],[107.1415,-7.403],[107.1385,-7.4015],[107.1435,-7.3985]]]},"properties":{"code":"32.03.21.2004","name":"Sirnagalih"}},{"type":"Feature","geometry":{"type":"Polygon","coordinates":[[[107.2105,-7.444],[107.209,-7.4445],[107.2075,-7.445],[107.206,-7.445],[107.2055,-7.4445],[107.205,-7.4445],[107.179,-7.44],[107.1805,-7.457],[107.1715,-7.461],[107.173,-7.4715],[107.2195,-7.482],[107.212,-7.473],[107.2105,-7.4685],[107.2115,-7.466],[107.214,-7.463],[107.21,-7.46],[107.2115,-7.4585],[107.2125,-7.4575],[107.211,-7.4515],[107.2105,-7.4455],[107.2105,-7.444]]]},"properties":{"code":"32.03.21.2005","name":"Jayagiri"}},{"type":"Feature","geometry":{"type":"Polygon","coordinates":[[[107.0795,-7.3975],[107.077,-7.3975],[107.076,-7.4],[107.0615,-7.3985],[107.061,-7.3985],[107.0555,-7.397],[107.055,-7.395],[107.055,-7.3925],[107.0535,-7.3925],[107.053,-7.393],[107.05,-7.4175],[107.0495,-7.4205],[107.049,-7.4215],[107.0485,-7.4225],[107.048,-7.4245],[107.0475,-7.4255],[107.047,-7.4265],[107.049,-7.428],[107.062,-7.428],[107.0655,-7.4375],[107.0675,-7.4385],[107.07,-7.4385],[107.07,-7.438],[107.072,-7.4385],[107.0785,-7.4355],[107.079,-7.4345],[107.0875,-7.411],[107.0875,-7.409],[107.0795,-7.3975]]]},"properties":{"code":"32.03.21.2006","name":"Kertasari"}},{"type":"Feature","geometry":{"type":"Polygon","coordinates":[[[107.1975,-7.369],[107.175,-7.368],[107.166,-7.3835],[107.156,-7.3875],[107.148,-7.3985],[107.1385,-7.4015],[107.1415,-7.403],[107.1445,-7.4065],[107.147,-7.4065],[107.152,-7.4075],[107.1575,-7.4215],[107.164,-7.423],[107.165,-7.4235],[107.166,-7.425],[107.1675,-7.427],[107.17,-7.4265],[107.1705,-7.4095],[107.1755,-7.3955],[107.1765,-7.395],[107.1785,-7.3915],[107.1775,-7.386],[107.1975,-7.369]]]},"properties":{"code":"32.03.21.2007","name":"Girimukti"}},{"type":"Feature","geometry":{"type":"Polygon","coordinates":[[[107.104,-7.438],[107.103,-7.438],[107.1015,-7.437],[107.1015,-7.434],[107.1,-7.434],[107.0995,-7.436],[107.1,-7.437],[107.096,-7.436],[107.0915,-7.435],[107.088,-7.435],[107.0845,-7.4365],[107.0825,-7.4355],[107.0805,-7.434],[107.079,-7.435],[107.0785,-7.4355],[107.072,-7.4385],[107.071,-7.4385],[107.0695,-7.44],[107.0695,-7.4415],[107.0655,-7.4455],[107.0635,-7.452],[107.0795,-7.4525],[107.1155,-7.459],[107.1065,-7.4495],[107.104,-7.438]]]},"properties":{"code":"32.03.21.2008","name":"Talagasari"}},{"type":"Feature","geometry":{"type":"Polygon","coordinates":[[[107.0405,-7.431],[107.035,-7.4345],[107.008,-7.4335],[106.9985,-7.437],[106.9925,-7.435],[106.993,-7.4365],[106.992,-7.441],[106.991,-7.445],[107.0115,-7.448],[107.0385,-7.4485],[107.0405,-7.432],[107.0405,-7.431]]]},"properties":{"code":"32.03.21.2009","name":"Hegarsari"}},{"type":"Feature","geometry":{"type":"Polygon","coordinates":[[[107.179,-7.44],[107.1645,-7.439],[107.1605,-7.438],[107.16,-7.4505],[107.154,-7.467],[107.173,-7.4715],[107.1715,-7.461],[107.1805,-7.457],[107.179,-7.44]]]},"properties":{"code":"32.03.21.2010","name":"Mekarlaksana"}},{"type":"Feature","geometry":{"type":"Polygon","coordinates":[[[107.047,-7.427],[107.043,-7.4275],[107.0415,-7.4275],[107.0405,-7.4295],[107.0405,-7.432],[107.0385,-7.4485],[107.0635,-7.452],[107.0655,-7.4455],[107.0695,-7.4415],[107.0695,-7.44],[107.071,-7.4385],[107.07,-7.4385],[107.0675,-7.4385],[107.0655,-7.4375],[107.062,-7.428],[107.049,-7.428],[107.047,-7.427]]]},"properties":{"code":"32.03.21.2011","name":"Kertamukti"}},{"type":"Feature","geometry":{"type":"Polygon","coordinates":[[[106.9345,-7.372],[106.9135,-7.3685],[106.9005,-7.3625],[106.887,-7.363],[106.885,-7.366],[106.8825,-7.367],[106.8815,-7.369],[106.8805,-7.3695],[106.8785,-7.3705],[106.8785,-7.3835],[106.868,-7.39],[106.8685,-7.3905],[106.885,-7.392],[106.887,-7.392],[106.888,-7.392],[106.8915,-7.392],[106.8965,-7.394],[106.898,-7.3965],[106.9015,-7.3975],[106.904,-7.399],[106.9065,-7.401],[106.9075,-7.4025],[106.907,-7.402],[106.907,-7.4035],[106.9065,-7.404],[106.9055,-7.405],[106.9055,-7.4075],[106.9085,-7.408],[106.91,-7.4075],[106.9165,-7.401],[106.9155,-7.3975],[106.9155,-7.395],[106.9185,-7.396],[106.919,-7.3955],[106.92,-7.392],[106.9235,-7.395],[106.9275,-7.3945],[106.9275,-7.393],[106.928,-7.39],[106.93,-7.391],[106.9315,-7.39],[106.931,-7.3885],[106.9345,-7.387],[106.9385,-7.3885],[106.938,-7.3865],[106.9365,-7.384],[106.937,-7.3815],[106.938,-7.38],[106.941,-7.377],[106.942,-7.3745],[106.9405,-7.374],[106.939,-7.3735],[106.9375,-7.3725],[106.9345,-7.372]]]},"properties":{"code":"32.03.22.2004","name":"Sukamanah"}},{"type":"Feature","geometry":{"type":"Polygon","coordinates":[[[106.877,-7.362],[106.877,-7.363],[106.8765,-7.3635],[106.874,-7.3645],[106.863,-7.3615],[106.861,-7.3635],[106.86,-7.364],[106.8585,-7.3635],[106.8555,-7.362],[106.8555,-7.361],[106.8605,-7.357],[106.861,-7.3555],[106.86,-7.3545],[106.8595,-7.3545],[106.858,-7.354],[106.8535,-7.357],[106.8525,-7.3585],[106.832,-7.358],[106.831,-7.3585],[106.806,-7.3875],[106.7955,-7.3915],[106.7955,-7.392],[106.796,-7.395],[106.8105,-7.3945],[106.8175,-7.401],[106.82,-7.401],[106.826,-7.3995],[106.8285,-7.4005],[106.828,-7.389],[106.848,-7.3895],[106.8505,-7.39],[106.855,-7.389],[106.8595,-7.3895],[106.862,-7.3895],[106.8645,-7.3895],[106.866,-7.39],[106.868,-7.39],[106.8785,-7.3835],[106.8785,-7.3705],[106.8805,-7.3695],[106.8815,-7.369],[106.8825,-7.367],[106.885,-7.366],[106.885,-7.3645],[106.877,-7.362]]]},"properties":{"code":"32.03.22.2005","name":"Bojongkaso"}},{"type":"Feature","geometry":{"type":"Polygon","coordinates":[[[106.9705,-7.326],[106.9645,-7.322],[106.962,-7.32],[106.962,-7.3165],[106.961,-7.3185],[106.958,-7.318],[106.9435,-7.318],[106.9405,-7.318],[106.94,-7.319],[106.937,-7.321],[106.934,-7.324],[106.9335,-7.3255],[106.9355,-7.3325],[106.9355,-7.333],[106.934,-7.334],[106.931,-7.333],[106.928,-7.3335],[106.9275,-7.333],[106.9315,-7.343],[106.925,-7.3525],[106.923,-7.353],[106.923,-7.3535],[106.9235,-7.354],[106.9245,-7.355],[106.9255,-7.3575],[106.926,-7.358],[106.9475,-7.3645],[106.95,-7.3515],[106.951,-7.3475],[106.953,-7.346],[106.9535,-7.3455],[106.954,-7.3425],[106.954,-7.341],[106.9525,-7.334],[106.952,-7.3315],[106.956,-7.3295],[106.9585,-7.329],[106.9615,-7.3285],[106.963,-7.328],[106.9705,-7.326]]]},"properties":{"code":"32.03.22.2006","name":"Bunisari"}},{"type":"Feature","geometry":{"type":"Polygon","coordinates":[[[106.9635,-7.402],[106.936,-7.397],[106.934,-7.3975],[106.932,-7.405],[106.9305,-7.4155],[106.9645,-7.415],[106.9805,-7.4285],[106.9815,-7.4445],[106.991,-7.445],[106.992,-7.441],[106.993,-7.4365],[106.9925,-7.435],[106.9955,-7.4345],[106.9985,-7.431],[107.0005,-7.4275],[107.0005,-7.426],[106.9985,-7.4245],[106.9855,-7.4075],[106.9865,-7.3995],[106.9855,-7.398],[106.985,-7.3985],[106.9845,-7.3975],[106.9835,-7.397],[106.9815,-7.3975],[106.9635,-7.402]]]},"properties":{"code":"32.03.22.2007","name":"Wanasari"}},{"type":"Feature","geometry":{"type":"Polygon","coordinates":[[[106.85,-7.39],[106.848,-7.3895],[106.828,-7.389],[106.8285,-7.4005],[106.826,-7.3995],[106.82,-7.401],[106.8125,-7.4105],[106.805,-7.4305],[106.806,-7.436],[106.832,-7.434],[106.881,-7.4335],[106.8695,-7.4325],[106.8655,-7.4325],[106.863,-7.43],[106.862,-7.4265],[106.862,-7.4245],[106.8615,-7.424],[106.86,-7.425],[106.859,-7.424],[106.8585,-7.422],[106.857,-7.421],[106.8565,-7.42],[106.857,-7.4185],[106.8565,-7.4185],[106.8565,-7.4175],[106.857,-7.4165],[106.8575,-7.416],[106.858,-7.4145],[106.8585,-7.4145],[106.857,-7.4105],[106.859,-7.409],[106.8545,-7.403],[106.8535,-7.403],[106.8525,-7.4025],[106.852,-7.401],[106.852,-7.3995],[106.8505,-7.3965],[106.8505,-7.3945],[106.85,-7.39]]]},"properties":{"code":"32.03.22.2010","name":"Sinarlaut"}},{"type":"Feature","geometry":{"type":"Polygon","coordinates":[[[106.97,-7.3545],[106.954,-7.341],[106.954,-7.3425],[106.9535,-7.3455],[106.953,-7.346],[106.951,-7.3475],[106.95,-7.3515],[106.9475,-7.3645],[106.926,-7.358],[106.9265,-7.359],[106.9345,-7.372],[106.9375,-7.3725],[106.939,-7.3735],[106.9405,-7.374],[106.942,-7.3745],[106.9555,-7.3765],[106.9585,-7.368],[106.9675,-7.3645],[106.97,-7.3665],[106.9695,-7.3645],[106.968,-7.3585],[106.969,-7.3555],[106.97,-7.3545]]]},"properties":{"code":"32.03.22.2014","name":"Neglasari"}},{"type":"Feature","geometry":{"type":"Polygon","coordinates":[[[106.9555,-7.3765],[106.942,-7.3745],[106.941,-7.377],[106.938,-7.38],[106.937,-7.3815],[106.9365,-7.384],[106.938,-7.3865],[106.9385,-7.3885],[106.9355,-7.391],[106.934,-7.393],[106.9335,-7.3945],[106.934,-7.397],[106.934,-7.3975],[106.936,-7.397],[106.9635,-7.402],[106.964,-7.3925],[106.964,-7.392],[106.961,-7.3895],[106.9555,-7.3765]]]},"properties":{"code":"32.03.22.2016","name":"Karangsari"}},{"type":"Feature","geometry":{"type":"Polygon","coordinates":[[[106.9195,-7.322],[106.9115,-7.3285],[106.9035,-7.346],[106.9025,-7.342],[106.8955,-7.3415],[106.893,-7.343],[106.8815,-7.3515],[106.881,-7.3515],[106.876,-7.356],[106.8765,-7.3585],[106.877,-7.362],[106.885,-7.3645],[106.887,-7.363],[106.9005,-7.3625],[106.9135,-7.3685],[106.9345,-7.372],[106.9265,-7.359],[106.9255,-7.3575],[106.9245,-7.355],[106.9235,-7.354],[106.923,-7.3535],[106.923,-7.353],[106.925,-7.3525],[106.9315,-7.343],[106.9275,-7.333],[106.9275,-7.3315],[106.9195,-7.322]]]},"properties":{"code":"32.03.22.2017","name":"Mulyasari"}},{"type":"Feature","geometry":{"type":"Polygon","coordinates":[[[106.9815,-7.4445],[106.9805,-7.4285],[106.9645,-7.415],[106.9305,-7.4155],[106.93,-7.4165],[106.927,-7.4215],[106.928,-7.4225],[106.9285,-7.4235],[106.933,-7.4395],[106.9815,-7.4445]]]},"properties":{"code":"32.03.22.2018","name":"Tanjung Sari"}},{"type":"Feature","geometry":{"type":"Polygon","coordinates":[[[106.9385,-7.3885],[106.9345,-7.387],[106.931,-7.3885],[106.9315,-7.39],[106.93,-7.391],[106.928,-7.39],[106.9275,-7.393],[106.9275,-7.3945],[106.9235,-7.395],[106.92,-7.392],[106.919,-7.3955],[106.9185,-7.396],[106.9155,-7.395],[106.9155,-7.3975],[106.9165,-7.401],[106.91,-7.4075],[106.9085,-7.408],[106.9055,-7.4075],[106.9055,-7.405],[106.9065,-7.404],[106.907,-7.4035],[106.907,-7.402],[106.9075,-7.4025],[106.9065,-7.401],[106.904,-7.399],[106.9015,-7.3975],[106.898,-7.3965],[106.8965,-7.394],[106.8915,-7.392],[106.888,-7.392],[106.887,-7.392],[106.885,-7.392],[106.8685,-7.3905],[106.866,-7.39],[106.8645,-7.3895],[106.862,-7.3895],[106.8595,-7.3895],[106.855,-7.389],[106.8505,-7.39],[106.85,-7.39],[106.8505,-7.3945],[106.8505,-7.3965],[106.852,-7.3995],[106.852,-7.401],[106.8525,-7.4025],[106.8535,-7.403],[106.8545,-7.403],[106.859,-7.409],[106.857,-7.4105],[106.8585,-7.4145],[106.858,-7.4145],[106.8575,-7.416],[106.857,-7.4165],[106.8565,-7.4175],[106.8565,-7.4185],[106.857,-7.4185],[106.8565,-7.42],[106.857,-7.421],[106.8585,-7.422],[106.859,-7.424],[106.86,-7.425],[106.8615,-7.424],[106.862,-7.4245],[106.862,-7.4265],[106.863,-7.43],[106.8655,-7.4325],[106.8695,-7.4325],[106.881,-7.4335],[106.884,-7.435],[106.933,-7.4395],[106.9285,-7.4235],[106.928,-7.4225],[106.927,-7.4215],[106.93,-7.4165],[106.9305,-7.4155],[106.932,-7.405],[106.934,-7.3975],[106.934,-7.397],[106.9335,-7.3945],[106.934,-7.393],[106.9355,-7.391],[106.9385,-7.3885]]]},"properties":{"code":"32.03.22.2019","name":"Mekarsari"}},{"type":"Feature","geometry":{"type":"Polygon","coordinates":[[[106.82,-7.401],[106.8175,-7.401],[106.8105,-7.3945],[106.796,-7.395],[106.796,-7.396],[106.7945,-7.397],[106.794,-7.3975],[106.7885,-7.3965],[106.7845,-7.3965],[106.7805,-7.398],[106.779,-7.399],[106.777,-7.402],[106.7765,-7.4045],[106.7795,-7.4135],[106.781,-7.4155],[106.7835,-7.416],[106.7865,-7.4105],[106.7875,-7.4095],[106.7885,-7.409],[106.7935,-7.423],[106.794,-7.437],[106.806,-7.436],[106.805,-7.4305],[106.8125,-7.4105],[106.82,-7.401]]]},"properties":{"code":"32.03.22.2022","name":"Wangunjaya"}},{"type":"Feature","geometry":{"type":"Polygon","coordinates":[[[107.382,-7.4565],[107.3815,-7.4555],[107.3805,-7.455],[107.3795,-7.4555],[107.379,-7.4575],[107.371,-7.4595],[107.37,-7.4605],[107.37,-7.461],[107.372,-7.4645],[107.3655,-7.4795],[107.3625,-7.4835],[107.3525,-7.483],[107.344,-7.498],[107.378,-7.4985],[107.393,-7.4945],[107.3925,-7.491],[107.3805,-7.469],[107.3805,-7.468],[107.3825,-7.4665],[107.383,-7.4655],[107.383,-7.4645],[107.3835,-7.4625],[107.3835,-7.46],[107.382,-7.4565]]]},"properties":{"code":"32.03.23.2001","name":"Cidamar"}},{"type":"Feature","geometry":{"type":"Polygon","coordinates":[[[107.4745,-7.3405],[107.47,-7.3395],[107.467,-7.34],[107.4645,-7.339],[107.45,-7.3475],[107.447,-7.341],[107.424,-7.3445],[107.431,-7.367],[107.4435,-7.378],[107.4575,-7.369],[107.4585,-7.369],[107.4745,-7.377],[107.4755,-7.378],[107.477,-7.377],[107.4765,-7.375],[107.476,-7.3725],[107.477,-7.371],[107.48,-7.367],[107.482,-7.363],[107.4845,-7.3555],[107.485,-7.3525],[107.4845,-7.351],[107.484,-7.35],[107.481,-7.348],[107.475,-7.343],[107.4745,-7.342],[107.4745,-7.3405]]]},"properties":{"code":"32.03.23.2002","name":"Cibuluh"}},{"type":"Feature","geometry":{"type":"Polygon","coordinates":[[[107.2595,-7.44],[107.257,-7.445],[107.258,-7.4455],[107.255,-7.4605],[107.2545,-7.4625],[107.254,-7.4665],[107.247,-7.466],[107.251,-7.472],[107.2515,-7.473],[107.2495,-7.4735],[107.2515,-7.489],[107.2765,-7.492],[107.271,-7.4805],[107.2695,-7.4585],[107.2685,-7.4555],[107.2635,-7.446],[107.263,-7.444],[107.2595,-7.4415],[107.2595,-7.44]]]},"properties":{"code":"32.03.23.2003","name":"Cisalak"}},{"type":"Feature","geometry":{"type":"Polygon","coordinates":[[[107.4235,-7.404],[107.4225,-7.4035],[107.405,-7.408],[107.4015,-7.408],[107.3995,-7.409],[107.397,-7.411],[107.396,-7.4115],[107.396,-7.4125],[107.396,-7.414],[107.3935,-7.4355],[107.39,-7.438],[107.3885,-7.438],[107.3885,-7.439],[107.3885,-7.4395],[107.4,-7.451],[107.402,-7.453],[107.426,-7.451],[107.427,-7.4505],[107.427,-7.439],[107.4285,-7.4375],[107.4375,-7.419],[107.439,-7.4175],[107.4235,-7.404]]]},"properties":{"code":"32.03.23.2004","name":"Cimaragang"}},{"type":"Feature","geometry":{"type":"Polygon","coordinates":[[[107.438,-7.252],[107.4205,-7.257],[107.4175,-7.2525],[107.415,-7.2515],[107.41,-7.2605],[107.41,-7.266],[107.4105,-7.269],[107.4155,-7.279],[107.4155,-7.2815],[107.411,-7.2905],[107.408,-7.3105],[107.428,-7.3125],[107.464,-7.3215],[107.4605,-7.312],[107.461,-7.31],[107.4595,-7.3095],[107.459,-7.3075],[107.458,-7.3],[107.4585,-7.2975],[107.4555,-7.291],[107.4555,-7.29],[107.4545,-7.289],[107.45,-7.2855],[107.448,-7.2845],[107.447,-7.284],[107.4305,-7.2795],[107.438,-7.2595],[107.438,-7.252]]]},"properties":{"code":"32.03.23.2005","name":"Mekarjaya"}},{"type":"Feature","geometry":{"type":"Polygon","coordinates":[[[107.3705,-7.4645],[107.369,-7.4645],[107.3685,-7.465],[107.3665,-7.464],[107.351,-7.449],[107.3505,-7.4415],[107.3505,-7.439],[107.35,-7.4385],[107.3495,-7.4395],[107.3475,-7.441],[107.3435,-7.4415],[107.342,-7.442],[107.3335,-7.45],[107.3095,-7.445],[107.294,-7.443],[107.2875,-7.443],[107.2865,-7.443],[107.2855,-7.4425],[107.2855,-7.443],[107.287,-7.4455],[107.2845,-7.449],[107.282,-7.447],[107.2785,-7.4505],[107.278,-7.455],[107.2775,-7.455],[107.2795,-7.4575],[107.2795,-7.4605],[107.2955,-7.483],[107.2955,-7.494],[107.316,-7.494],[107.344,-7.498],[107.3525,-7.483],[107.3625,-7.4835],[107.3655,-7.4795],[107.372,-7.4645],[107.3705,-7.4645]]]},"properties":{"code":"32.03.23.2006","name":"Kertajadi"}},{"type":"Feature","geometry":{"type":"Polygon","coordinates":[[[107.247,-7.466],[107.2295,-7.451],[107.2145,-7.453],[107.2135,-7.455],[107.213,-7.4555],[107.2125,-7.4575],[107.2115,-7.4585],[107.21,-7.46],[107.214,-7.463],[107.2115,-7.466],[107.2105,-7.4685],[107.212,-7.473],[107.2195,-7.482],[107.2515,-7.489],[107.2495,-7.4735],[107.2515,-7.473],[107.251,-7.472],[107.247,-7.466]]]},"properties":{"code":"32.03.23.2007","name":"Sukapura"}},{"type":"Feature","geometry":{"type":"Polygon","coordinates":[[[107.428,-7.3125],[107.408,-7.3105],[107.407,-7.311],[107.4075,-7.3125],[107.4065,-7.3135],[107.406,-7.3155],[107.391,-7.353],[107.377,-7.373],[107.383,-7.3885],[107.3835,-7.391],[107.3825,-7.3915],[107.382,-7.3925],[107.38,-7.407],[107.373,-7.413],[107.3815,-7.43],[107.378,-7.4475],[107.379,-7.4485],[107.3795,-7.4555],[107.3805,-7.455],[107.3815,-7.4555],[107.382,-7.4565],[107.3845,-7.4475],[107.386,-7.446],[107.3885,-7.4395],[107.3885,-7.439],[107.3885,-7.438],[107.39,-7.438],[107.3935,-7.4355],[107.396,-7.414],[107.396,-7.4125],[107.396,-7.4115],[107.397,-7.411],[107.3995,-7.409],[107.4015,-7.408],[107.405,-7.408],[107.4225,-7.4035],[107.4235,-7.4045],[107.4255,-7.402],[107.4395,-7.391],[107.4435,-7.378],[107.431,-7.367],[107.424,-7.3445],[107.429,-7.3255],[107.428,-7.3125]]]},"properties":{"code":"32.03.23.2008","name":"Gelarpawitan"}},{"type":"Feature","geometry":{"type":"Polygon","coordinates":[[[107.426,-7.451],[107.402,-7.453],[107.4,-7.451],[107.3885,-7.4395],[107.386,-7.446],[107.3845,-7.4475],[107.382,-7.4565],[107.3835,-7.46],[107.3835,-7.4625],[107.383,-7.4645],[107.383,-7.4655],[107.3825,-7.4665],[107.3805,-7.468],[107.3805,-7.469],[107.3925,-7.491],[107.393,-7.4945],[107.4065,-7.502],[107.4235,-7.505],[107.426,-7.4945],[107.4205,-7.463],[107.426,-7.4535],[107.426,-7.451]]]},"properties":{"code":"32.03.23.2009","name":"Karangwangi"}},{"type":"Feature","geometry":{"type":"Polygon","coordinates":[[[107.228,-7.4245],[107.2205,-7.4255],[107.22,-7.426],[107.216,-7.429],[107.2125,-7.439],[107.2105,-7.4455],[107.211,-7.4515],[107.213,-7.4555],[107.2135,-7.455],[107.2145,-7.453],[107.2295,-7.451],[107.247,-7.466],[107.254,-7.4665],[107.2545,-7.4625],[107.255,-7.4605],[107.258,-7.4455],[107.257,-7.445],[107.2595,-7.44],[107.2605,-7.437],[107.2615,-7.4365],[107.2595,-7.431],[107.255,-7.431],[107.255,-7.4295],[107.2535,-7.4305],[107.2525,-7.4325],[107.2405,-7.443],[107.2395,-7.443],[107.237,-7.4405],[107.2355,-7.4415],[107.2325,-7.4445],[107.231,-7.4435],[107.228,-7.4435],[107.227,-7.4435],[107.227,-7.4425],[107.2275,-7.442],[107.23,-7.4405],[107.228,-7.4315],[107.228,-7.4245]]]},"properties":{"code":"32.03.23.2010","name":"Karyabakti"}},{"type":"Feature","geometry":{"type":"Polygon","coordinates":[[[107.287,-7.4385],[107.287,-7.4375],[107.284,-7.4365],[107.2785,-7.4345],[107.276,-7.4395],[107.2765,-7.4405],[107.2755,-7.442],[107.275,-7.444],[107.272,-7.4465],[107.2715,-7.448],[107.2705,-7.4495],[107.2685,-7.449],[107.2665,-7.4505],[107.2685,-7.451],[107.2695,-7.4585],[107.271,-7.4805],[107.2765,-7.492],[107.2955,-7.494],[107.2955,-7.483],[107.2795,-7.4605],[107.2795,-7.4575],[107.2775,-7.455],[107.278,-7.455],[107.2785,-7.4505],[107.282,-7.447],[107.2845,-7.449],[107.287,-7.4455],[107.2855,-7.443],[107.2855,-7.4425],[107.2855,-7.442],[107.2865,-7.442],[107.2885,-7.442],[107.2885,-7.4415],[107.286,-7.4395],[107.287,-7.4385]]]},"properties":{"code":"32.03.23.2011","name":"Jayapura"}},{"type":"Feature","geometry":{"type":"Polygon","coordinates":[[[107.4755,-7.378],[107.4745,-7.377],[107.4585,-7.369],[107.4575,-7.369],[107.4435,-7.378],[107.4395,-7.391],[107.4255,-7.402],[107.4235,-7.4045],[107.4235,-7.404],[107.439,-7.4175],[107.44,-7.417],[107.4405,-7.4175],[107.444,-7.415],[107.4715,-7.403],[107.472,-7.402],[107.473,-7.388],[107.4735,-7.382],[107.4755,-7.378]]]},"properties":{"code":"32.03.23.2012","name":"Neglasari"}},{"type":"Feature","geometry":{"type":"Polygon","coordinates":[[[107.464,-7.3215],[107.428,-7.3125],[107.429,-7.3255],[107.424,-7.3445],[107.447,-7.341],[107.45,-7.3475],[107.4645,-7.339],[107.467,-7.34],[107.47,-7.3395],[107.4745,-7.3405],[107.474,-7.3395],[107.4675,-7.3285],[107.466,-7.327],[107.4655,-7.3255],[107.464,-7.3215]]]},"properties":{"code":"32.03.23.2013","name":"Puncakbaru"}},{"type":"Feature","geometry":{"type":"Polygon","coordinates":[[[107.467,-7.249],[107.456,-7.25],[107.447,-7.2445],[107.444,-7.2425],[107.4385,-7.25],[107.438,-7.2595],[107.4305,-7.2795],[107.447,-7.284],[107.448,-7.2845],[107.45,-7.2855],[107.4545,-7.289],[107.4575,-7.2885],[107.4735,-7.2655],[107.4745,-7.265],[107.474,-7.262],[107.4765,-7.2565],[107.4765,-7.255],[107.475,-7.254],[107.474,-7.2535],[107.47,-7.25],[107.4685,-7.2485],[107.467,-7.249]]]},"properties":{"code":"32.03.23.2014","name":"Gelarwangi"}},{"type":"Feature","geometry":{"type":"Polygon","coordinates":[[[107.3555,-7.3265],[107.336,-7.3155],[107.336,-7.3165],[107.3255,-7.329],[107.3225,-7.3405],[107.322,-7.3415],[107.311,-7.333],[107.311,-7.3345],[107.311,-7.335],[107.311,-7.337],[107.3105,-7.3395],[107.311,-7.341],[107.31,-7.3415],[107.3105,-7.342],[107.3085,-7.343],[107.3,-7.36],[107.3035,-7.3725],[107.313,-7.374],[107.314,-7.3575],[107.3155,-7.3565],[107.329,-7.36],[107.334,-7.353],[107.343,-7.353],[107.3435,-7.3525],[107.3475,-7.3415],[107.348,-7.3395],[107.354,-7.3295],[107.355,-7.327],[107.3555,-7.3265]]]},"properties":{"code":"32.03.24.2001","name":"Naringgul"}},{"type":"Feature","geometry":{"type":"Polygon","coordinates":[[[107.3525,-7.234],[107.3475,-7.244],[107.328,-7.2555],[107.3275,-7.257],[107.328,-7.2575],[107.3275,-7.2585],[107.3265,-7.2585],[107.323,-7.2595],[107.32,-7.263],[107.318,-7.2645],[107.3195,-7.2705],[107.3245,-7.2695],[107.331,-7.272],[107.3355,-7.2745],[107.34,-7.28],[107.3435,-7.2825],[107.3505,-7.2825],[107.351,-7.282],[107.3525,-7.2815],[107.372,-7.2735],[107.3755,-7.277],[107.3765,-7.279],[107.3785,-7.2785],[107.387,-7.272],[107.3895,-7.2705],[107.3885,-7.268],[107.386,-7.266],[107.386,-7.2625],[107.3865,-7.2595],[107.392,-7.2505],[107.3905,-7.2505],[107.388,-7.249],[107.3865,-7.2505],[107.384,-7.2515],[107.3815,-7.2495],[107.3815,-7.2485],[107.381,-7.244],[107.3785,-7.2395],[107.369,-7.239],[107.361,-7.2375],[107.3585,-7.2365],[107.3535,-7.2355],[107.3525,-7.234]]]},"properties":{"code":"32.03.24.2002","name":"Balegede"}},{"type":"Feature","geometry":{"type":"Polygon","coordinates":[[[107.334,-7.394],[107.3195,-7.394],[107.3145,-7.397],[107.299,-7.4135],[107.2995,-7.4145],[107.2965,-7.4165],[107.295,-7.4175],[107.2975,-7.418],[107.2975,-7.4195],[107.2955,-7.4205],[107.295,-7.4215],[107.2935,-7.4235],[107.292,-7.433],[107.29,-7.434],[107.288,-7.4365],[107.2885,-7.438],[107.286,-7.4395],[107.2885,-7.4415],[107.2885,-7.442],[107.2865,-7.442],[107.2855,-7.4425],[107.2865,-7.443],[107.2875,-7.443],[107.294,-7.443],[107.3095,-7.445],[107.3335,-7.45],[107.342,-7.442],[107.3435,-7.4415],[107.3475,-7.441],[107.3495,-7.4395],[107.35,-7.4385],[107.3485,-7.438],[107.348,-7.436],[107.3475,-7.4305],[107.3485,-7.4295],[107.3515,-7.427],[107.3465,-7.4085],[107.3465,-7.407],[107.3495,-7.4045],[107.35,-7.4015],[107.35,-7.4],[107.35,-7.397],[107.35,-7.395],[107.3495,-7.3945],[107.3445,-7.3955],[107.342,-7.397],[107.334,-7.394]]]},"properties":{"code":"32.03.24.2003","name":"Wangunjaya"}},{"type":"Feature","geometry":{"type":"Polygon","coordinates":[[[107.408,-7.3105],[107.411,-7.2905],[107.4155,-7.2815],[107.4155,-7.279],[107.4035,-7.2845],[107.3845,-7.319],[107.382,-7.3195],[107.381,-7.321],[107.3785,-7.323],[107.378,-7.324],[107.3775,-7.325],[107.3765,-7.3285],[107.3745,-7.332],[107.374,-7.3325],[107.373,-7.334],[107.3595,-7.3405],[107.3585,-7.3475],[107.365,-7.366],[107.363,-7.37],[107.361,-7.3755],[107.36,-7.3805],[107.352,-7.39],[107.35,-7.395],[107.35,-7.397],[107.35,-7.4],[107.35,-7.4015],[107.3495,-7.4045],[107.3465,-7.407],[107.3465,-7.4085],[107.3515,-7.427],[107.3485,-7.4295],[107.3475,-7.4305],[107.348,-7.436],[107.3485,-7.438],[107.3495,-7.4385],[107.35,-7.439],[107.3505,-7.4405],[107.3505,-7.4415],[107.351,-7.449],[107.3665,-7.464],[107.3685,-7.465],[107.369,-7.4645],[107.3705,-7.4645],[107.37,-7.461],[107.37,-7.4605],[107.371,-7.4595],[107.379,-7.4575],[107.379,-7.4485],[107.378,-7.4475],[107.3815,-7.43],[107.373,-7.413],[107.38,-7.407],[107.382,-7.3925],[107.3825,-7.3915],[107.3835,-7.391],[107.383,-7.3885],[107.377,-7.373],[107.391,-7.353],[107.406,-7.3155],[107.4065,-7.3135],[107.4075,-7.3125],[107.407,-7.311],[107.408,-7.3105]]]},"properties":{"code":"32.03.24.2004","name":"Mekarsari"}},{"type":"Feature","geometry":{"type":"Polygon","coordinates":[[[107.2915,-7.3855],[107.2675,-7.392],[107.2655,-7.3935],[107.263,-7.3965],[107.2615,-7.3965],[107.259,-7.3975],[107.257,-7.398],[107.2545,-7.3975],[107.254,-7.397],[107.253,-7.3975],[107.252,-7.3995],[107.2515,-7.401],[107.2505,-7.401],[107.2485,-7.402],[107.247,-7.402],[107.2435,-7.4065],[107.241,-7.407],[107.239,-7.4055],[107.2355,-7.4055],[107.236,-7.4065],[107.2385,-7.409],[107.238,-7.413],[107.2405,-7.414],[107.2425,-7.417],[107.256,-7.4155],[107.2575,-7.416],[107.2585,-7.416],[107.2595,-7.4175],[107.259,-7.418],[107.259,-7.419],[107.264,-7.428],[107.2735,-7.4315],[107.2775,-7.432],[107.2775,-7.4335],[107.2785,-7.4345],[107.284,-7.4365],[107.287,-7.4375],[107.287,-7.4385],[107.288,-7.4365],[107.29,-7.434],[107.292,-7.433],[107.2935,-7.4235],[107.295,-7.4215],[107.2955,-7.4205],[107.2975,-7.4195],[107.2975,-7.418],[107.295,-7.4175],[107.295,-7.4155],[107.294,-7.4125],[107.291,-7.402],[107.291,-7.401],[107.2895,-7.3925],[107.289,-7.3905],[107.2915,-7.3865],[107.2915,-7.3855]]]},"properties":{"code":"32.03.24.2005","name":"Cinerang"}},{"type":"Feature","geometry":{"type":"Polygon","coordinates":[[[107.3505,-7.2825],[107.3435,-7.2825],[107.34,-7.28],[107.3355,-7.2745],[107.331,-7.272],[107.3245,-7.2695],[107.3195,-7.2985],[107.313,-7.3025],[107.3085,-7.3205],[107.3085,-7.324],[107.311,-7.333],[107.322,-7.3415],[107.3225,-7.3405],[107.3255,-7.329],[107.336,-7.3165],[107.336,-7.315],[107.3375,-7.3035],[107.35,-7.283],[107.3505,-7.2825]]]},"properties":{"code":"32.03.24.2006","name":"Wanasari"}},{"type":"Feature","geometry":{"type":"Polygon","coordinates":[[[107.4115,-7.25],[107.4105,-7.25],[107.4075,-7.2475],[107.404,-7.247],[107.393,-7.2455],[107.39,-7.246],[107.389,-7.2485],[107.388,-7.249],[107.3905,-7.2505],[107.392,-7.2505],[107.3865,-7.2595],[107.386,-7.2625],[107.386,-7.266],[107.3885,-7.268],[107.3895,-7.2705],[107.387,-7.272],[107.3785,-7.2785],[107.3765,-7.279],[107.3755,-7.277],[107.372,-7.2735],[107.3525,-7.2815],[107.351,-7.282],[107.35,-7.283],[107.3375,-7.3035],[107.336,-7.315],[107.336,-7.3155],[107.3555,-7.3265],[107.3565,-7.3265],[107.358,-7.3245],[107.362,-7.3075],[107.364,-7.3075],[107.3655,-7.306],[107.364,-7.305],[107.366,-7.299],[107.366,-7.2985],[107.386,-7.281],[107.3935,-7.264],[107.399,-7.258],[107.4035,-7.2565],[107.4075,-7.2535],[107.409,-7.2525],[107.4115,-7.25]]]},"properties":{"code":"32.03.24.2007","name":"Sukabakti"}},{"type":"Feature","geometry":{"type":"Polygon","coordinates":[[[107.343,-7.353],[107.334,-7.353],[107.329,-7.36],[107.3155,-7.3565],[107.314,-7.3575],[107.313,-7.374],[107.3035,-7.3725],[107.303,-7.373],[107.304,-7.3745],[107.297,-7.3795],[107.295,-7.381],[107.294,-7.384],[107.2925,-7.3845],[107.2915,-7.3865],[107.289,-7.3905],[107.2895,-7.3925],[107.291,-7.401],[107.291,-7.402],[107.294,-7.4125],[107.295,-7.4155],[107.2965,-7.4165],[107.2995,-7.4145],[107.299,-7.4135],[107.3145,-7.397],[107.3195,-7.394],[107.334,-7.394],[107.334,-7.392],[107.335,-7.388],[107.3355,-7.386],[107.3355,-7.3695],[107.3395,-7.365],[107.34,-7.363],[107.3405,-7.3625],[107.341,-7.3605],[107.343,-7.356],[107.3425,-7.3535],[107.343,-7.353]]]},"properties":{"code":"32.03.24.2008","name":"Malati"}},{"type":"Feature","geometry":{"type":"Polygon","coordinates":[[[107.415,-7.2515],[107.4145,-7.2515],[107.4125,-7.2505],[107.4115,-7.25],[107.409,-7.2525],[107.4075,-7.2535],[107.4035,-7.2565],[107.399,-7.258],[107.3935,-7.264],[107.386,-7.281],[107.366,-7.2985],[107.366,-7.299],[107.364,-7.305],[107.3655,-7.306],[107.364,-7.3075],[107.362,-7.3075],[107.358,-7.3245],[107.3565,-7.3265],[107.3555,-7.3265],[107.355,-7.327],[107.354,-7.3295],[107.348,-7.3395],[107.3475,-7.3415],[107.3435,-7.3525],[107.3425,-7.3535],[107.343,-7.356],[107.341,-7.3605],[107.3405,-7.3625],[107.34,-7.363],[107.3395,-7.365],[107.3355,-7.3695],[107.3355,-7.386],[107.335,-7.388],[107.334,-7.392],[107.334,-7.394],[107.342,-7.397],[107.3445,-7.3955],[107.3495,-7.3945],[107.352,-7.39],[107.36,-7.3805],[107.361,-7.3755],[107.363,-7.37],[107.365,-7.366],[107.3585,-7.3475],[107.3595,-7.3405],[107.373,-7.334],[107.374,-7.3325],[107.3745,-7.332],[107.3765,-7.3285],[107.3775,-7.325],[107.378,-7.324],[107.3785,-7.323],[107.381,-7.321],[107.382,-7.3195],[107.3845,-7.319],[107.4035,-7.2845],[107.4155,-7.279],[107.4105,-7.269],[107.41,-7.266],[107.41,-7.2605],[107.415,-7.2515]]]},"properties":{"code":"32.03.24.2009","name":"Wangunsari"}},{"type":"Feature","geometry":{"type":"Polygon","coordinates":[[[107.318,-7.2645],[107.3175,-7.265],[107.3135,-7.268],[107.3125,-7.2815],[107.3095,-7.2835],[107.3015,-7.29],[107.2995,-7.2905],[107.2915,-7.293],[107.2905,-7.2945],[107.298,-7.313],[107.292,-7.3325],[107.272,-7.3505],[107.263,-7.3675],[107.264,-7.376],[107.257,-7.386],[107.258,-7.39],[107.2575,-7.3935],[107.258,-7.3965],[107.257,-7.398],[107.259,-7.3975],[107.2615,-7.3965],[107.263,-7.3965],[107.2655,-7.3935],[107.2675,-7.392],[107.2915,-7.3855],[107.2925,-7.3845],[107.294,-7.384],[107.295,-7.381],[107.297,-7.3795],[107.304,-7.3745],[107.303,-7.373],[107.3035,-7.3725],[107.3,-7.36],[107.3085,-7.343],[107.3105,-7.342],[107.31,-7.3415],[107.311,-7.341],[107.3105,-7.3395],[107.311,-7.337],[107.311,-7.335],[107.311,-7.3345],[107.311,-7.333],[107.3085,-7.324],[107.3085,-7.3205],[107.313,-7.3025],[107.3195,-7.2985],[107.3245,-7.2695],[107.3195,-7.2705],[107.318,-7.2645]]]},"properties":{"code":"32.03.24.2010","name":"Sukamulya"}},{"type":"Feature","geometry":{"type":"Polygon","coordinates":[[[107.2425,-7.417],[107.242,-7.4175],[107.24,-7.417],[107.237,-7.416],[107.2305,-7.4145],[107.2285,-7.4165],[107.227,-7.42],[107.226,-7.422],[107.228,-7.4245],[107.228,-7.4315],[107.23,-7.4405],[107.2275,-7.442],[107.227,-7.4425],[107.227,-7.4435],[107.228,-7.4435],[107.231,-7.4435],[107.2325,-7.4445],[107.2355,-7.4415],[107.237,-7.4405],[107.2395,-7.443],[107.2405,-7.443],[107.2525,-7.4325],[107.2535,-7.4305],[107.255,-7.4295],[107.255,-7.431],[107.2595,-7.431],[107.2615,-7.4365],[107.2605,-7.437],[107.2595,-7.4415],[107.263,-7.444],[107.2635,-7.446],[107.2685,-7.4555],[107.2685,-7.451],[107.2665,-7.4505],[107.2685,-7.449],[107.2705,-7.4495],[107.2715,-7.448],[107.272,-7.4465],[107.275,-7.444],[107.2755,-7.442],[107.2765,-7.4405],[107.276,-7.4395],[107.2775,-7.4335],[107.2775,-7.432],[107.2735,-7.4315],[107.264,-7.428],[107.259,-7.419],[107.259,-7.418],[107.2595,-7.4175],[107.2585,-7.416],[107.2575,-7.416],[107.256,-7.4155],[107.2425,-7.417]]]},"properties":{"code":"32.03.24.2011","name":"Margasari"}},{"type":"Feature","geometry":{"type":"Polygon","coordinates":[[[107.204,-7.057],[107.2035,-7.0555],[107.1965,-7.058],[107.1955,-7.0585],[107.1925,-7.059],[107.191,-7.0595],[107.1915,-7.061],[107.191,-7.061],[107.191,-7.0615],[107.192,-7.062],[107.1925,-7.062],[107.1935,-7.063],[107.195,-7.063],[107.198,-7.065],[107.2025,-7.0685],[107.2135,-7.088],[107.208,-7.1025],[107.21,-7.111],[107.21,-7.1105],[107.233,-7.0995],[107.2245,-7.0935],[107.22,-7.082],[107.2185,-7.0795],[107.217,-7.0795],[107.217,-7.078],[107.217,-7.077],[107.2165,-7.076],[107.216,-7.074],[107.2145,-7.074],[107.214,-7.073],[107.2135,-7.0725],[107.2135,-7.072],[107.2145,-7.0715],[107.2125,-7.0645],[107.2115,-7.063],[107.2055,-7.058],[107.204,-7.057]]]},"properties":{"code":"32.03.25.2001","name":"Cibanggala"}},{"type":"Feature","geometry":{"type":"Polygon","coordinates":[[[107.186,-7.0495],[107.17,-7.045],[107.1525,-7.035],[107.1515,-7.035],[107.152,-7.036],[107.1525,-7.0365],[107.1515,-7.038],[107.15,-7.041],[107.1495,-7.041],[107.1395,-7.0475],[107.1495,-7.0505],[107.153,-7.057],[107.157,-7.06],[107.158,-7.0595],[107.16,-7.0595],[107.164,-7.061],[107.1655,-7.0615],[107.174,-7.0665],[107.186,-7.06],[107.1875,-7.06],[107.1865,-7.058],[107.182,-7.0585],[107.182,-7.058],[107.1855,-7.05],[107.186,-7.0495]]]},"properties":{"code":"32.03.25.2002","name":"Campakawarna"}},{"type":"Feature","geometry":{"type":"Polygon","coordinates":[[[107.247,-7.0505],[107.246,-7.0505],[107.2455,-7.0495],[107.238,-7.047],[107.2375,-7.047],[107.237,-7.048],[107.2295,-7.0495],[107.228,-7.05],[107.2235,-7.0505],[107.223,-7.0515],[107.224,-7.052],[107.2225,-7.052],[107.21,-7.056],[107.2095,-7.0545],[107.209,-7.054],[107.208,-7.0565],[107.2055,-7.0565],[107.204,-7.057],[107.2055,-7.058],[107.2115,-7.063],[107.2125,-7.0645],[107.2145,-7.0715],[107.2135,-7.072],[107.2135,-7.0725],[107.214,-7.073],[107.2145,-7.074],[107.216,-7.074],[107.2165,-7.076],[107.217,-7.077],[107.217,-7.078],[107.217,-7.0795],[107.2185,-7.0795],[107.22,-7.082],[107.2245,-7.0935],[107.233,-7.0995],[107.2435,-7.0975],[107.2575,-7.105],[107.2595,-7.105],[107.264,-7.1055],[107.267,-7.1045],[107.269,-7.104],[107.2705,-7.1],[107.2875,-7.092],[107.29,-7.09],[107.2915,-7.087],[107.286,-7.0855],[107.2845,-7.0835],[107.283,-7.0795],[107.2825,-7.078],[107.275,-7.075],[107.264,-7.0615],[107.262,-7.061],[107.2575,-7.058],[107.2575,-7.0565],[107.247,-7.0505]]]},"properties":{"code":"32.03.25.2003","name":"Sukasirna"}},{"type":"Feature","geometry":{"type":"Polygon","coordinates":[[[107.1875,-7.06],[107.186,-7.06],[107.174,-7.0665],[107.1655,-7.0615],[107.164,-7.061],[107.16,-7.0595],[107.158,-7.06],[107.158,-7.0605],[107.16,-7.0615],[107.1605,-7.0635],[107.1625,-7.0785],[107.169,-7.0895],[107.1705,-7.0895],[107.172,-7.09],[107.1715,-7.0925],[107.1705,-7.105],[107.171,-7.107],[107.18,-7.1085],[107.181,-7.106],[107.18,-7.1035],[107.182,-7.101],[107.1855,-7.097],[107.188,-7.093],[107.1885,-7.092],[107.1845,-7.087],[107.1825,-7.0855],[107.183,-7.0855],[107.1835,-7.082],[107.186,-7.0645],[107.187,-7.064],[107.1875,-7.0605],[107.1875,-7.06]]]},"properties":{"code":"32.03.25.2004","name":"Campakamulya"}},{"type":"Feature","geometry":{"type":"Polygon","coordinates":[[[107.191,-7.061],[107.1905,-7.061],[107.1895,-7.0615],[107.189,-7.06],[107.188,-7.0605],[107.1875,-7.0605],[107.187,-7.064],[107.186,-7.0645],[107.1835,-7.082],[107.183,-7.0855],[107.1825,-7.0855],[107.1845,-7.087],[107.1885,-7.092],[107.188,-7.093],[107.1855,-7.097],[107.182,-7.101],[107.18,-7.1035],[107.181,-7.106],[107.18,-7.1085],[107.188,-7.1125],[107.192,-7.1105],[107.209,-7.112],[107.21,-7.111],[107.208,-7.1025],[107.2135,-7.088],[107.2025,-7.0685],[107.198,-7.065],[107.195,-7.063],[107.1935,-7.063],[107.1925,-7.062],[107.192,-7.062],[107.191,-7.0615],[107.191,-7.061]]]},"properties":{"code":"32.03.25.2005","name":"Sukabungah"}},{"type":"Feature","geometry":{"type":"Polygon","coordinates":[[[107.2275,-7.327],[107.223,-7.3135],[107.2115,-7.324],[107.2,-7.328],[107.199,-7.3285],[107.1995,-7.327],[107.198,-7.3275],[107.1955,-7.329],[107.194,-7.328],[107.193,-7.3295],[107.1915,-7.3335],[107.1955,-7.3425],[107.1965,-7.368],[107.1975,-7.369],[107.202,-7.3625],[107.205,-7.3605],[107.2065,-7.3605],[107.2095,-7.3595],[107.2115,-7.3595],[107.2125,-7.3595],[107.2155,-7.3595],[107.2175,-7.359],[107.2215,-7.3555],[107.225,-7.3475],[107.224,-7.346],[107.2235,-7.344],[107.224,-7.3315],[107.224,-7.33],[107.2275,-7.327]]]},"properties":{"code":"32.03.26.2001","name":"Kalapanunggal"}},{"type":"Feature","geometry":{"type":"Polygon","coordinates":[[[107.2885,-7.2965],[107.288,-7.297],[107.287,-7.296],[107.2805,-7.2975],[107.2795,-7.297],[107.261,-7.299],[107.244,-7.3185],[107.232,-7.327],[107.2305,-7.327],[107.2275,-7.327],[107.224,-7.33],[107.224,-7.3315],[107.2235,-7.344],[107.224,-7.346],[107.225,-7.3475],[107.2215,-7.3555],[107.2195,-7.3585],[107.2225,-7.3585],[107.224,-7.3645],[107.222,-7.367],[107.222,-7.37],[107.2215,-7.372],[107.223,-7.3755],[107.224,-7.376],[107.232,-7.388],[107.232,-7.389],[107.232,-7.391],[107.2335,-7.3915],[107.2395,-7.394],[107.24,-7.3945],[107.2415,-7.395],[107.243,-7.3955],[107.247,-7.39],[107.2465,-7.349],[107.2455,-7.347],[107.2435,-7.345],[107.246,-7.3425],[107.2575,-7.323],[107.27,-7.3175],[107.2765,-7.3035],[107.288,-7.2975],[107.2885,-7.2965]]]},"properties":{"code":"32.03.26.2002","name":"Cikadu"}},{"type":"Feature","geometry":{"type":"Polygon","coordinates":[[[107.237,-7.298],[107.2325,-7.293],[107.232,-7.2775],[107.2185,-7.274],[107.216,-7.2765],[107.2155,-7.278],[107.217,-7.278],[107.2145,-7.288],[107.2005,-7.297],[107.2,-7.299],[107.2,-7.3005],[107.201,-7.3015],[107.201,-7.3035],[107.204,-7.3045],[107.2055,-7.302],[107.2095,-7.2985],[107.21,-7.2995],[107.211,-7.304],[107.2125,-7.3035],[107.2195,-7.2995],[107.2205,-7.298],[107.2215,-7.298],[107.231,-7.301],[107.234,-7.3015],[107.237,-7.298]]]},"properties":{"code":"32.03.26.2003","name":"Mekarwangi"}},{"type":"Feature","geometry":{"type":"Polygon","coordinates":[[[107.2395,-7.394],[107.2335,-7.3915],[107.232,-7.391],[107.232,-7.389],[107.232,-7.388],[107.224,-7.376],[107.223,-7.3755],[107.2215,-7.372],[107.222,-7.37],[107.222,-7.367],[107.224,-7.3645],[107.2225,-7.3585],[107.2195,-7.3585],[107.2175,-7.359],[107.2155,-7.3595],[107.2125,-7.3595],[107.2115,-7.3595],[107.2095,-7.3595],[107.2065,-7.3605],[107.205,-7.3605],[107.202,-7.3625],[107.1975,-7.369],[107.1775,-7.386],[107.1785,-7.3915],[107.1765,-7.395],[107.177,-7.395],[107.1915,-7.3935],[107.193,-7.394],[107.197,-7.397],[107.1975,-7.397],[107.199,-7.397],[107.2,-7.3975],[107.2015,-7.3965],[107.2075,-7.3915],[107.226,-7.3895],[107.2395,-7.394]]]},"properties":{"code":"32.03.26.2004","name":"Padaluyu"}},{"type":"Feature","geometry":{"type":"Polygon","coordinates":[[[107.3525,-7.234],[107.352,-7.233],[107.352,-7.2265],[107.353,-7.2235],[107.3565,-7.219],[107.3555,-7.217],[107.3525,-7.2165],[107.344,-7.205],[107.3345,-7.206],[107.3335,-7.207],[107.3345,-7.225],[107.3225,-7.2355],[107.3115,-7.2385],[107.305,-7.247],[107.289,-7.255],[107.2705,-7.2605],[107.262,-7.2585],[107.259,-7.2605],[107.2565,-7.2625],[107.255,-7.262],[107.25,-7.26],[107.246,-7.261],[107.244,-7.26],[107.2435,-7.26],[107.2425,-7.2595],[107.242,-7.26],[107.23,-7.2725],[107.2285,-7.2725],[107.222,-7.273],[107.2205,-7.2735],[107.2195,-7.273],[107.2185,-7.274],[107.232,-7.2775],[107.2325,-7.293],[107.237,-7.298],[107.239,-7.296],[107.2395,-7.295],[107.241,-7.2955],[107.243,-7.2955],[107.243,-7.2965],[107.2495,-7.297],[107.252,-7.2935],[107.2585,-7.284],[107.261,-7.281],[107.2625,-7.2805],[107.276,-7.276],[107.285,-7.281],[107.302,-7.268],[107.313,-7.2655],[107.3175,-7.265],[107.32,-7.263],[107.323,-7.2595],[107.3265,-7.2585],[107.3275,-7.2585],[107.328,-7.2575],[107.3275,-7.257],[107.328,-7.2555],[107.3475,-7.244],[107.3525,-7.234]]]},"properties":{"code":"32.03.26.2005","name":"Sukamulya"}},{"type":"Feature","geometry":{"type":"Polygon","coordinates":[[[107.3135,-7.268],[107.313,-7.2655],[107.302,-7.268],[107.285,-7.281],[107.276,-7.276],[107.2625,-7.2805],[107.261,-7.281],[107.2585,-7.284],[107.252,-7.2935],[107.2495,-7.297],[107.243,-7.2965],[107.243,-7.2955],[107.241,-7.2955],[107.2395,-7.295],[107.239,-7.296],[107.237,-7.298],[107.234,-7.3015],[107.23,-7.3015],[107.228,-7.302],[107.227,-7.304],[107.2255,-7.305],[107.225,-7.306],[107.2245,-7.307],[107.225,-7.31],[107.223,-7.3135],[107.2275,-7.327],[107.2305,-7.327],[107.232,-7.327],[107.244,-7.3185],[107.261,-7.299],[107.2795,-7.297],[107.2805,-7.2975],[107.287,-7.296],[107.288,-7.297],[107.2885,-7.2965],[107.288,-7.2965],[107.2885,-7.296],[107.2915,-7.293],[107.2995,-7.2905],[107.3015,-7.29],[107.3095,-7.2835],[107.3125,-7.2815],[107.3135,-7.268]]]},"properties":{"code":"32.03.26.2006","name":"Cisaranten"}},{"type":"Feature","geometry":{"type":"Polygon","coordinates":[[[107.257,-7.398],[107.258,-7.3965],[107.2575,-7.3935],[107.258,-7.39],[107.257,-7.386],[107.264,-7.376],[107.263,-7.3675],[107.272,-7.3505],[107.292,-7.3325],[107.298,-7.313],[107.2905,-7.2945],[107.2885,-7.296],[107.288,-7.2965],[107.2885,-7.297],[107.288,-7.2975],[107.2765,-7.3035],[107.27,-7.3175],[107.2575,-7.323],[107.246,-7.3425],[107.2435,-7.345],[107.2455,-7.347],[107.2465,-7.349],[107.247,-7.39],[107.243,-7.3955],[107.2415,-7.395],[107.24,-7.3945],[107.2395,-7.394],[107.2385,-7.396],[107.239,-7.397],[107.241,-7.3975],[107.247,-7.402],[107.2485,-7.402],[107.2505,-7.401],[107.2515,-7.401],[107.252,-7.3995],[107.253,-7.3975],[107.254,-7.397],[107.257,-7.398]]]},"properties":{"code":"32.03.26.2007","name":"Mekarlaksana"}},{"type":"Feature","geometry":{"type":"Polygon","coordinates":[[[107.2395,-7.394],[107.226,-7.3895],[107.2075,-7.3915],[107.2015,-7.3965],[107.2,-7.3975],[107.199,-7.397],[107.1975,-7.397],[107.197,-7.397],[107.199,-7.411],[107.214,-7.4195],[107.2145,-7.4205],[107.214,-7.425],[107.2145,-7.427],[107.216,-7.428],[107.22,-7.426],[107.2205,-7.4255],[107.226,-7.422],[107.227,-7.42],[107.2285,-7.4165],[107.2305,-7.4145],[107.237,-7.416],[107.24,-7.417],[107.242,-7.4175],[107.2405,-7.414],[107.238,-7.413],[107.2385,-7.409],[107.236,-7.4065],[107.2355,-7.4055],[107.239,-7.4055],[107.241,-7.407],[107.2435,-7.4065],[107.247,-7.402],[107.241,-7.3975],[107.239,-7.397],[107.2385,-7.396],[107.2395,-7.394]]]},"properties":{"code":"32.03.26.2008","name":"Sukaluyu"}},{"type":"Feature","geometry":{"type":"Polygon","coordinates":[[[107.231,-7.301],[107.2215,-7.298],[107.2205,-7.298],[107.2195,-7.2995],[107.2125,-7.3035],[107.211,-7.304],[107.21,-7.2995],[107.2095,-7.2985],[107.2055,-7.302],[107.204,-7.3045],[107.201,-7.3035],[107.1995,-7.3065],[107.2,-7.3085],[107.1995,-7.3125],[107.201,-7.3145],[107.2,-7.3185],[107.197,-7.3195],[107.195,-7.3185],[107.1945,-7.3205],[107.1965,-7.3215],[107.1965,-7.3225],[107.1965,-7.3265],[107.198,-7.3275],[107.1995,-7.327],[107.199,-7.3285],[107.2,-7.328],[107.2115,-7.324],[107.223,-7.3135],[107.225,-7.31],[107.2245,-7.307],[107.225,-7.306],[107.2255,-7.305],[107.227,-7.304],[107.228,-7.302],[107.23,-7.3015],[107.231,-7.301]]]},"properties":{"code":"32.03.26.2009","name":"Mekarjaya"}},{"type":"Feature","geometry":{"type":"Polygon","coordinates":[[[107.319,-7.1905],[107.3055,-7.194],[107.3065,-7.204],[107.3055,-7.204],[107.307,-7.208],[107.298,-7.2185],[107.2885,-7.2385],[107.26,-7.251],[107.254,-7.252],[107.253,-7.252],[107.252,-7.252],[107.248,-7.2515],[107.2475,-7.2525],[107.2465,-7.2545],[107.2455,-7.256],[107.2435,-7.258],[107.243,-7.259],[107.2425,-7.2595],[107.2435,-7.26],[107.244,-7.26],[107.246,-7.261],[107.25,-7.26],[107.255,-7.262],[107.2565,-7.2625],[107.259,-7.2605],[107.262,-7.2585],[107.2705,-7.2605],[107.289,-7.255],[107.305,-7.247],[107.3115,-7.2385],[107.3225,-7.2355],[107.3345,-7.225],[107.3335,-7.207],[107.332,-7.2075],[107.319,-7.1905]]]},"properties":{"code":"32.03.26.2010","name":"Sukamanah"}},{"type":"Feature","geometry":{"type":"Polygon","coordinates":[[[107.0775,-6.867],[107.0685,-6.8635],[107.0675,-6.8645],[107.0665,-6.867],[107.066,-6.8685],[107.0645,-6.874],[107.0655,-6.875],[107.0655,-6.8755],[107.0655,-6.876],[107.0665,-6.878],[107.067,-6.8785],[107.0695,-6.88],[107.0775,-6.88],[107.0795,-6.8795],[107.0815,-6.8785],[107.083,-6.8785],[107.084,-6.878],[107.0855,-6.8775],[107.089,-6.8765],[107.087,-6.8755],[107.0775,-6.867]]]},"properties":{"code":"32.03.27.2001","name":"Bangbayang"}},{"type":"Feature","geometry":{"type":"Polygon","coordinates":[[[107.074,-6.8615],[107.069,-6.8615],[107.068,-6.861],[107.06,-6.857],[107.0575,-6.857],[107.0545,-6.8655],[107.054,-6.8665],[107.052,-6.8685],[107.0525,-6.869],[107.055,-6.872],[107.056,-6.8725],[107.0575,-6.8735],[107.059,-6.8745],[107.061,-6.8745],[107.064,-6.875],[107.0645,-6.874],[107.066,-6.8685],[107.0665,-6.867],[107.0675,-6.8645],[107.0685,-6.8635],[107.0775,-6.867],[107.074,-6.8615]]]},"properties":{"code":"32.03.27.2002","name":"Songgom"}},{"type":"Feature","geometry":{"type":"Polygon","coordinates":[[[107.0595,-6.8745],[107.059,-6.875],[107.0575,-6.8755],[107.05,-6.871],[107.04,-6.876],[107.0415,-6.8955],[107.0415,-6.897],[107.0665,-6.8895],[107.0685,-6.8885],[107.0785,-6.8835],[107.081,-6.8835],[107.0845,-6.878],[107.084,-6.878],[107.083,-6.8785],[107.0815,-6.8785],[107.0795,-6.8795],[107.0775,-6.88],[107.0695,-6.88],[107.067,-6.8785],[107.0665,-6.878],[107.0655,-6.876],[107.0655,-6.8755],[107.0655,-6.875],[107.064,-6.875],[107.061,-6.8745],[107.0595,-6.8745]]]},"properties":{"code":"32.03.27.2003","name":"Sukaratu"}},{"type":"Feature","geometry":{"type":"Polygon","coordinates":[[[107.092,-6.878],[107.0885,-6.876],[107.089,-6.8765],[107.0855,-6.8775],[107.0845,-6.878],[107.081,-6.8835],[107.0785,-6.8835],[107.0685,-6.8885],[107.0855,-6.8915],[107.086,-6.89],[107.086,-6.889],[107.09,-6.891],[107.09,-6.8905],[107.091,-6.889],[107.0915,-6.8875],[107.091,-6.8875],[107.0925,-6.884],[107.0925,-6.8835],[107.091,-6.8805],[107.092,-6.878]]]},"properties":{"code":"32.03.27.2004","name":"Cikancana"}},{"type":"Feature","geometry":{"type":"Polygon","coordinates":[[[107.0155,-6.827],[106.993,-6.8025],[106.9925,-6.803],[106.993,-6.806],[106.995,-6.812],[106.996,-6.819],[106.9975,-6.8205],[107.0155,-6.842],[107.04,-6.8625],[107.048,-6.8655],[107.049,-6.8665],[107.052,-6.8685],[107.054,-6.8665],[107.0545,-6.8655],[107.0575,-6.857],[107.057,-6.857],[107.0395,-6.848],[107.0205,-6.835],[107.015,-6.827],[107.0155,-6.827]]]},"properties":{"code":"32.03.27.2005","name":"Kebonpeuteuy"}},{"type":"Feature","geometry":{"type":"Polygon","coordinates":[[[107.052,-6.8685],[107.049,-6.8665],[107.048,-6.8655],[107.04,-6.8625],[107.0155,-6.842],[106.9975,-6.8205],[106.996,-6.82],[106.995,-6.8315],[106.997,-6.8355],[107.0025,-6.843],[107.0035,-6.8455],[107.006,-6.849],[107.0095,-6.849],[107.0265,-6.8665],[107.0285,-6.868],[107.029,-6.869],[107.0295,-6.869],[107.034,-6.868],[107.046,-6.867],[107.0525,-6.869],[107.0525,-6.8685],[107.052,-6.8685]]]},"properties":{"code":"32.03.27.2006","name":"Gekbrong"}},{"type":"Feature","geometry":{"type":"Polygon","coordinates":[[[107.0525,-6.869],[107.046,-6.867],[107.034,-6.868],[107.0295,-6.869],[107.029,-6.869],[107.03,-6.8705],[107.0325,-6.873],[107.0345,-6.886],[107.035,-6.887],[107.0335,-6.8875],[107.0315,-6.887],[107.03,-6.8885],[107.0295,-6.8905],[107.033,-6.893],[107.036,-6.898],[107.038,-6.898],[107.0405,-6.899],[107.041,-6.8985],[107.0415,-6.8955],[107.04,-6.876],[107.05,-6.871],[107.0575,-6.8755],[107.059,-6.875],[107.0595,-6.8745],[107.059,-6.8745],[107.0575,-6.8735],[107.056,-6.8725],[107.055,-6.872],[107.0525,-6.869]]]},"properties":{"code":"32.03.27.2007","name":"Cikahuripan"}},{"type":"Feature","geometry":{"type":"Polygon","coordinates":[[[107.09,-6.891],[107.086,-6.889],[107.086,-6.89],[107.0855,-6.8915],[107.0685,-6.8885],[107.0665,-6.8895],[107.0415,-6.897],[107.041,-6.8985],[107.0405,-6.899],[107.0395,-6.903],[107.0405,-6.9055],[107.042,-6.909],[107.044,-6.91],[107.046,-6.9095],[107.0465,-6.9095],[107.0485,-6.9105],[107.0485,-6.911],[107.053,-6.909],[107.0605,-6.9075],[107.083,-6.913],[107.0865,-6.9155],[107.09,-6.913],[107.091,-6.912],[107.092,-6.9095],[107.0925,-6.9065],[107.093,-6.9055],[107.093,-6.904],[107.09,-6.894],[107.09,-6.891]]]},"properties":{"code":"32.03.27.2008","name":"Cintaasih"}},{"type":"Feature","geometry":{"type":"Polygon","coordinates":[[[107.0415,-6.7315],[107.035,-6.733],[107.0295,-6.7345],[107.0285,-6.7355],[107.0345,-6.736],[107.0345,-6.7395],[107.0345,-6.7415],[107.035,-6.7435],[107.0355,-6.7435],[107.037,-6.7435],[107.046,-6.7415],[107.045,-6.74],[107.042,-6.735],[107.0415,-6.7315]]]},"properties":{"code":"32.03.28.2001","name":"Cipanas"}},{"type":"Feature","geometry":{"type":"Polygon","coordinates":[[[107.033,-6.7225],[107.0325,-6.722],[107.0305,-6.7175],[107.021,-6.7125],[107.02,-6.7125],[107.0195,-6.7125],[107.019,-6.7135],[107.009,-6.723],[107.0075,-6.7235],[107.0055,-6.7235],[107.0045,-6.7235],[106.988,-6.7285],[106.988,-6.7295],[106.9865,-6.74],[106.968,-6.7545],[106.965,-6.7705],[106.97,-6.779],[106.973,-6.7815],[106.974,-6.783],[106.9765,-6.7845],[106.989,-6.759],[107.0075,-6.7385],[107.024,-6.731],[107.0325,-6.7225],[107.033,-6.7225]]]},"properties":{"code":"32.03.28.2002","name":"Cimacan"}},{"type":"Feature","geometry":{"type":"Polygon","coordinates":[[[107.0225,-6.7075],[107.023,-6.706],[107.0225,-6.7055],[107.0005,-6.698],[106.996,-6.704],[106.9945,-6.705],[106.992,-6.7055],[106.9875,-6.7195],[106.9865,-6.721],[106.988,-6.725],[106.988,-6.7285],[107.0045,-6.7235],[107.0055,-6.7235],[107.0075,-6.7235],[107.009,-6.723],[107.019,-6.7135],[107.0195,-6.7135],[107.0195,-6.7125],[107.02,-6.712],[107.021,-6.709],[107.021,-6.7075],[107.0225,-6.7075]]]},"properties":{"code":"32.03.28.2003","name":"Ciloto"}},{"type":"Feature","geometry":{"type":"Polygon","coordinates":[[[107.0545,-6.7165],[107.054,-6.7165],[107.0535,-6.7155],[107.0505,-6.7165],[107.047,-6.7165],[107.0435,-6.7175],[107.043,-6.7165],[107.041,-6.7165],[107.04,-6.7175],[107.038,-6.7195],[107.039,-6.7205],[107.0375,-6.721],[107.0265,-6.7375],[107.027,-6.737],[107.0275,-6.7365],[107.0295,-6.7345],[107.035,-6.733],[107.0415,-6.7315],[107.045,-6.73],[107.047,-6.729],[107.05,-6.725],[107.0505,-6.724],[107.053,-6.719],[107.054,-6.718],[107.0545,-6.7165]]]},"properties":{"code":"32.03.28.2004","name":"Sindanglaya"}},{"type":"Feature","geometry":{"type":"Polygon","coordinates":[[[107.059,-6.6605],[107.0585,-6.6595],[107.055,-6.659],[107.053,-6.658],[107.052,-6.6575],[107.013,-6.6665],[107.0095,-6.6645],[106.9925,-6.668],[106.992,-6.669],[107.002,-6.6855],[107.0005,-6.698],[107.0225,-6.7055],[107.023,-6.706],[107.0225,-6.7075],[107.0235,-6.7075],[107.0245,-6.706],[107.0255,-6.705],[107.0265,-6.7035],[107.028,-6.704],[107.03,-6.703],[107.031,-6.702],[107.0325,-6.702],[107.0345,-6.7015],[107.0355,-6.7015],[107.0365,-6.701],[107.0485,-6.692],[107.048,-6.691],[107.0545,-6.686],[107.0555,-6.685],[107.0555,-6.684],[107.0535,-6.6835],[107.0475,-6.676],[107.047,-6.673],[107.0485,-6.6715],[107.05,-6.6685],[107.0505,-6.6675],[107.0545,-6.6625],[107.0555,-6.6615],[107.0565,-6.6615],[107.059,-6.6605]]]},"properties":{"code":"32.03.28.2005","name":"Batulawang"}},{"type":"Feature","geometry":{"type":"Polygon","coordinates":[[[107.0365,-6.703],[107.0355,-6.7015],[107.0345,-6.7015],[107.0325,-6.702],[107.031,-6.702],[107.03,-6.703],[107.028,-6.704],[107.0265,-6.7035],[107.0255,-6.705],[107.0245,-6.706],[107.0235,-6.7075],[107.0225,-6.7075],[107.021,-6.7075],[107.021,-6.709],[107.02,-6.712],[107.0195,-6.7125],[107.02,-6.7125],[107.021,-6.7125],[107.0305,-6.7175],[107.0325,-6.722],[107.033,-6.7225],[107.0335,-6.7225],[107.0365,-6.7205],[107.04,-6.7175],[107.041,-6.7165],[107.043,-6.7165],[107.0455,-6.7155],[107.046,-6.715],[107.0465,-6.715],[107.0365,-6.703]]]},"properties":{"code":"32.03.28.2006","name":"Palasari"}},{"type":"Feature","geometry":{"type":"Polygon","coordinates":[[[107.0265,-6.7375],[107.0375,-6.721],[107.039,-6.7205],[107.038,-6.7195],[107.0365,-6.7205],[107.0335,-6.7225],[107.0325,-6.7225],[107.024,-6.731],[107.0075,-6.7385],[106.989,-6.759],[106.9765,-6.7845],[106.978,-6.7855],[106.979,-6.7875],[106.982,-6.79],[106.9835,-6.79],[106.986,-6.7835],[106.988,-6.7805],[106.991,-6.7775],[106.9955,-6.7695],[106.9965,-6.768],[106.9995,-6.767],[107.0025,-6.7645],[107.002,-6.7635],[107.0055,-6.76],[107.0055,-6.7575],[107.0115,-6.7505],[107.025,-6.7385],[107.0265,-6.7375]]]},"properties":{"code":"32.03.28.2007","name":"Sindangjaya"}},{"type":"Feature","geometry":{"type":"Polygon","coordinates":[[[107.0765,-7.2585],[107.0585,-7.2575],[107.0575,-7.2565],[107.048,-7.2675],[107.047,-7.2675],[107.047,-7.269],[107.0475,-7.2705],[107.0475,-7.272],[107.0495,-7.273],[107.0525,-7.2745],[107.057,-7.268],[107.069,-7.2645],[107.0745,-7.264],[107.0755,-7.264],[107.0755,-7.2645],[107.0755,-7.2635],[107.0765,-7.2585]]]},"properties":{"code":"32.03.29.2001","name":"Parakantugu"}},{"type":"Feature","geometry":{"type":"Polygon","coordinates":[[[107.0355,-7.2525],[107.033,-7.2515],[107.0305,-7.253],[107.029,-7.2575],[107.0265,-7.2595],[107.0255,-7.2595],[107.024,-7.2785],[107.0235,-7.281],[107.025,-7.285],[107.026,-7.285],[107.03,-7.281],[107.03,-7.2795],[107.03,-7.279],[107.03,-7.2755],[107.0385,-7.262],[107.038,-7.2615],[107.0375,-7.2605],[107.038,-7.258],[107.04,-7.257],[107.0355,-7.2525]]]},"properties":{"code":"32.03.29.2002","name":"Cijati"}},{"type":"Feature","geometry":{"type":"Polygon","coordinates":[[[107.0115,-7.2605],[107.009,-7.259],[107.007,-7.256],[107.005,-7.2545],[106.9995,-7.257],[106.9935,-7.261],[106.9905,-7.261],[106.9895,-7.265],[106.991,-7.2655],[106.993,-7.268],[106.9955,-7.272],[106.9955,-7.2725],[106.997,-7.273],[106.998,-7.2735],[106.9985,-7.2755],[106.999,-7.276],[107,-7.276],[107.0005,-7.276],[107.007,-7.273],[107.008,-7.2725],[107.014,-7.2685],[107.0115,-7.2605]]]},"properties":{"code":"32.03.29.2003","name":"Bojonglarang"}},{"type":"Feature","geometry":{"type":"Polygon","coordinates":[[[107.004,-7.298],[107.002,-7.292],[107.002,-7.289],[107.0015,-7.2875],[107.0005,-7.2855],[106.994,-7.28],[106.981,-7.2925],[106.977,-7.2945],[106.9735,-7.294],[106.9725,-7.2965],[106.988,-7.3035],[106.9875,-7.305],[106.9935,-7.3075],[106.9955,-7.307],[106.995,-7.3065],[106.996,-7.3055],[107.004,-7.298]]]},"properties":{"code":"32.03.29.2004","name":"Padaasih"}},{"type":"Feature","geometry":{"type":"Polygon","coordinates":[[[107.038,-7.2615],[107.0385,-7.262],[107.03,-7.2755],[107.03,-7.279],[107.03,-7.2795],[107.03,-7.281],[107.026,-7.285],[107.0265,-7.2855],[107.0275,-7.2855],[107.0305,-7.2855],[107.0315,-7.286],[107.034,-7.292],[107.036,-7.292],[107.043,-7.2885],[107.0435,-7.2885],[107.0445,-7.2885],[107.047,-7.286],[107.056,-7.2845],[107.057,-7.2825],[107.0545,-7.2785],[107.0545,-7.2755],[107.0535,-7.2745],[107.0495,-7.273],[107.0475,-7.272],[107.0475,-7.2705],[107.047,-7.269],[107.047,-7.2675],[107.043,-7.2655],[107.043,-7.2625],[107.0415,-7.2615],[107.0395,-7.262],[107.038,-7.2615]]]},"properties":{"code":"32.03.29.2005","name":"Cibodas"}},{"type":"Feature","geometry":{"type":"Polygon","coordinates":[[[107.0255,-7.2595],[107.0245,-7.2595],[107.02,-7.257],[107.0155,-7.255],[107.015,-7.2565],[107.0115,-7.2605],[107.014,-7.2685],[107.0145,-7.269],[107.0165,-7.275],[107.017,-7.2755],[107.0165,-7.277],[107.016,-7.278],[107.02,-7.2865],[107.019,-7.292],[107.02,-7.296],[107.0215,-7.295],[107.0335,-7.292],[107.034,-7.292],[107.0315,-7.286],[107.0305,-7.2855],[107.0275,-7.2855],[107.0265,-7.2855],[107.026,-7.285],[107.025,-7.285],[107.0235,-7.281],[107.024,-7.2785],[107.0255,-7.2595]]]},"properties":{"code":"32.03.29.2006","name":"Sukamahi"}},{"type":"Feature","geometry":{"type":"Polygon","coordinates":[[[107.014,-7.2685],[107.008,-7.2725],[107.007,-7.273],[107.0005,-7.276],[107,-7.276],[106.999,-7.276],[106.9985,-7.2755],[106.998,-7.2735],[106.997,-7.273],[106.9955,-7.2725],[106.995,-7.2735],[106.994,-7.2735],[106.9935,-7.274],[106.9935,-7.2755],[106.994,-7.28],[107.0005,-7.2855],[107.0015,-7.2875],[107.002,-7.289],[107.002,-7.292],[107.004,-7.298],[107.008,-7.2945],[107.0095,-7.294],[107.013,-7.2955],[107.02,-7.296],[107.019,-7.292],[107.02,-7.2865],[107.016,-7.278],[107.0165,-7.277],[107.017,-7.2755],[107.0165,-7.275],[107.0145,-7.269],[107.014,-7.2685]]]},"properties":{"code":"32.03.29.2007","name":"Sukaluyu"}},{"type":"Feature","geometry":{"type":"Polygon","coordinates":[[[107.0755,-7.2645],[107.0755,-7.264],[107.0745,-7.264],[107.069,-7.2645],[107.057,-7.268],[107.0525,-7.2745],[107.0535,-7.2745],[107.0545,-7.2755],[107.0545,-7.2785],[107.057,-7.2825],[107.0565,-7.2835],[107.0795,-7.284],[107.0805,-7.2835],[107.079,-7.282],[107.0735,-7.2725],[107.0745,-7.2695],[107.0745,-7.268],[107.075,-7.266],[107.0755,-7.2645]]]},"properties":{"code":"32.03.29.2008","name":"Caringin"}},{"type":"Feature","geometry":{"type":"Polygon","coordinates":[[[106.995,-7.2735],[106.9955,-7.272],[106.993,-7.268],[106.991,-7.2655],[106.9895,-7.265],[106.9885,-7.2655],[106.9805,-7.2715],[106.98,-7.274],[106.9795,-7.2745],[106.9765,-7.275],[106.9735,-7.281],[106.9755,-7.283],[106.976,-7.285],[106.9755,-7.2865],[106.974,-7.287],[106.973,-7.29],[106.9735,-7.294],[106.977,-7.2945],[106.981,-7.2925],[106.994,-7.28],[106.9935,-7.2755],[106.9935,-7.274],[106.994,-7.2735],[106.995,-7.2735]]]},"properties":{"code":"32.03.29.2009","name":"Sinarbakti"}},{"type":"Feature","geometry":{"type":"Polygon","coordinates":[[[106.995,-7.307],[106.9935,-7.3075],[106.9875,-7.305],[106.988,-7.3035],[106.9725,-7.2965],[106.9715,-7.3],[106.962,-7.3165],[106.962,-7.32],[106.9645,-7.322],[106.9705,-7.326],[106.9715,-7.3265],[106.974,-7.3265],[106.9775,-7.3205],[106.9915,-7.316],[106.993,-7.3115],[106.994,-7.31],[106.995,-7.307]]]},"properties":{"code":"32.03.29.2010","name":"Sukamaju"}},{"type":"Feature","geometry":{"type":"Polygon","coordinates":[[[106.976,-7.354],[106.975,-7.354],[106.97,-7.3545],[106.969,-7.3555],[106.968,-7.3585],[106.9695,-7.3645],[106.97,-7.3665],[106.97,-7.367],[106.9765,-7.374],[106.9785,-7.3765],[106.9765,-7.3825],[106.981,-7.3825],[106.991,-7.369],[106.99,-7.368],[106.989,-7.3675],[106.988,-7.3655],[106.992,-7.364],[106.9915,-7.3635],[106.9765,-7.3595],[106.975,-7.3565],[106.976,-7.354]]]},"properties":{"code":"32.03.30.2001","name":"Pusakasari"}},{"type":"Feature","geometry":{"type":"Polygon","coordinates":[[[107.0605,-7.319],[107.0605,-7.3175],[107.0605,-7.3165],[107.06,-7.3165],[107.0605,-7.3135],[107.063,-7.308],[107.056,-7.307],[107.0525,-7.2985],[107.0515,-7.2965],[107.0455,-7.288],[107.0445,-7.2885],[107.044,-7.2885],[107.0435,-7.2885],[107.0435,-7.289],[107.0435,-7.29],[107.042,-7.2905],[107.04,-7.2945],[107.0385,-7.3025],[107.032,-7.3155],[107.033,-7.335],[107.0315,-7.337],[107.031,-7.337],[107.0305,-7.3385],[107.0325,-7.339],[107.0415,-7.3365],[107.05,-7.3405],[107.0495,-7.34],[107.05,-7.338],[107.05,-7.3295],[107.0525,-7.328],[107.0525,-7.3235],[107.054,-7.323],[107.06,-7.319],[107.0605,-7.319]]]},"properties":{"code":"32.03.30.2002","name":"Walahir"}},{"type":"Feature","geometry":{"type":"Polygon","coordinates":[[[107.031,-7.337],[107.0295,-7.337],[107.0285,-7.3365],[107.026,-7.337],[107.024,-7.3375],[107.02,-7.327],[107.0175,-7.328],[107.0075,-7.33],[107.005,-7.3335],[106.9825,-7.3465],[106.9815,-7.348],[106.983,-7.3485],[106.983,-7.349],[106.984,-7.3495],[106.9885,-7.348],[106.993,-7.344],[107.002,-7.347],[107.0045,-7.3485],[107.0105,-7.356],[107.011,-7.3575],[107.0155,-7.367],[107.0205,-7.3625],[107.02,-7.36],[107.03,-7.341],[107.031,-7.337]]]},"properties":{"code":"32.03.30.2003","name":"Purabaya"}},{"type":"Feature","geometry":{"type":"Polygon","coordinates":[[[107.0795,-7.284],[107.0565,-7.2835],[107.056,-7.2845],[107.047,-7.286],[107.0455,-7.288],[107.0515,-7.2965],[107.0525,-7.2985],[107.056,-7.307],[107.063,-7.308],[107.0605,-7.3135],[107.06,-7.3165],[107.0605,-7.3165],[107.0605,-7.3175],[107.0605,-7.319],[107.0615,-7.3175],[107.08,-7.315],[107.08,-7.314],[107.0815,-7.3115],[107.0815,-7.3105],[107.0795,-7.307],[107.083,-7.3],[107.0795,-7.284]]]},"properties":{"code":"32.03.30.2004","name":"Puncakwangi"}},{"type":"Feature","geometry":{"type":"Polygon","coordinates":[[[107.006,-7.331],[106.9975,-7.322],[106.996,-7.3055],[106.995,-7.3065],[106.9955,-7.307],[106.995,-7.307],[106.994,-7.31],[106.993,-7.3115],[106.9915,-7.316],[106.9775,-7.3205],[106.974,-7.3265],[106.9715,-7.3265],[106.9705,-7.326],[106.963,-7.328],[106.9615,-7.3285],[106.9585,-7.329],[106.956,-7.3295],[106.952,-7.3315],[106.9525,-7.334],[106.954,-7.341],[106.97,-7.3545],[106.975,-7.354],[106.9765,-7.354],[106.9815,-7.3485],[106.9825,-7.3465],[107.005,-7.3335],[107.006,-7.331]]]},"properties":{"code":"32.03.30.2005","name":"Sukajaya"}},{"type":"Feature","geometry":{"type":"Polygon","coordinates":[[[106.97,-7.3665],[106.9675,-7.3645],[106.9585,-7.368],[106.9555,-7.3765],[106.961,-7.3895],[106.964,-7.392],[106.964,-7.3925],[106.9715,-7.388],[106.973,-7.3895],[106.9745,-7.388],[106.9765,-7.3825],[106.9785,-7.3765],[106.9765,-7.374],[106.97,-7.367],[106.97,-7.3665]]]},"properties":{"code":"32.03.30.2006","name":"Nagasari"}},{"type":"Feature","geometry":{"type":"Polygon","coordinates":[[[107.05,-7.339],[107.05,-7.3405],[107.0415,-7.3365],[107.0325,-7.339],[107.0305,-7.3385],[107.03,-7.341],[107.02,-7.36],[107.0205,-7.3625],[107.0155,-7.367],[107.0135,-7.3685],[107.0105,-7.374],[107.013,-7.3745],[107.0155,-7.375],[107.017,-7.3745],[107.038,-7.3765],[107.049,-7.3755],[107.0495,-7.3615],[107.0495,-7.361],[107.048,-7.3575],[107.0465,-7.3555],[107.057,-7.3575],[107.0585,-7.3565],[107.059,-7.356],[107.0605,-7.356],[107.0615,-7.355],[107.0625,-7.355],[107.063,-7.3545],[107.0635,-7.353],[107.064,-7.3455],[107.056,-7.3395],[107.0525,-7.3405],[107.05,-7.3405],[107.05,-7.339]]]},"properties":{"code":"32.03.30.2007","name":"Sukasirna"}},{"type":"Feature","geometry":{"type":"Polygon","coordinates":[[[107.0155,-7.367],[107.011,-7.3575],[107.0105,-7.356],[107.0045,-7.3485],[107.002,-7.347],[106.993,-7.344],[106.9885,-7.348],[106.984,-7.3495],[106.983,-7.349],[106.983,-7.3485],[106.9815,-7.348],[106.9815,-7.3485],[106.9765,-7.354],[106.976,-7.354],[106.975,-7.3565],[106.9765,-7.3595],[106.9915,-7.3635],[106.992,-7.364],[106.988,-7.3655],[106.989,-7.3675],[106.9895,-7.368],[106.991,-7.367],[106.994,-7.3675],[107.0105,-7.374],[107.0135,-7.3685],[107.0155,-7.367]]]},"properties":{"code":"32.03.30.2008","name":"Sukamulya"}},{"type":"Feature","geometry":{"type":"Polygon","coordinates":[[[107.0435,-7.2885],[107.043,-7.2885],[107.036,-7.292],[107.0335,-7.292],[107.0215,-7.295],[107.0185,-7.2965],[107.016,-7.297],[107.013,-7.2955],[107.0095,-7.294],[107.008,-7.2945],[107.004,-7.298],[106.996,-7.3055],[106.9975,-7.322],[107.006,-7.331],[107.0075,-7.33],[107.0175,-7.328],[107.02,-7.327],[107.024,-7.3375],[107.026,-7.337],[107.0285,-7.3365],[107.0295,-7.337],[107.031,-7.3365],[107.0315,-7.337],[107.033,-7.335],[107.032,-7.3155],[107.0385,-7.3025],[107.04,-7.2945],[107.042,-7.2905],[107.0435,-7.29],[107.0435,-7.289],[107.0435,-7.2885]]]},"properties":{"code":"32.03.30.2009","name":"Sirnasari"}},{"type":"Feature","geometry":{"type":"Polygon","coordinates":[[[107.0105,-7.374],[106.994,-7.3675],[106.991,-7.367],[106.9895,-7.368],[106.99,-7.368],[106.991,-7.369],[106.981,-7.3825],[106.9825,-7.3835],[106.988,-7.3935],[106.988,-7.395],[106.988,-7.3955],[106.9885,-7.3965],[106.989,-7.3965],[106.993,-7.398],[106.994,-7.3985],[106.9955,-7.398],[106.996,-7.398],[106.9975,-7.399],[106.9985,-7.3995],[107.009,-7.39],[107.011,-7.3895],[107.043,-7.389],[107.046,-7.385],[107.047,-7.381],[107.0495,-7.3785],[107.047,-7.376],[107.038,-7.3765],[107.017,-7.3745],[107.0155,-7.375],[107.013,-7.3745],[107.0105,-7.374]]]},"properties":{"code":"32.03.30.2010","name":"Karyamukti"}},{"type":"Feature","geometry":{"type":"Polygon","coordinates":[[[107.08,-7.315],[107.0615,-7.3175],[107.061,-7.3185],[107.06,-7.319],[107.054,-7.323],[107.0525,-7.3235],[107.0525,-7.328],[107.05,-7.3295],[107.05,-7.338],[107.05,-7.339],[107.05,-7.3405],[107.0525,-7.3405],[107.056,-7.3395],[107.064,-7.3455],[107.073,-7.3415],[107.0725,-7.339],[107.072,-7.3375],[107.0715,-7.3375],[107.0695,-7.338],[107.0685,-7.3375],[107.0685,-7.335],[107.07,-7.3335],[107.08,-7.3285],[107.08,-7.315]]]},"properties":{"code":"32.03.30.2011","name":"Mandalawangi"}},{"type":"Feature","geometry":{"type":"Polygon","coordinates":[[[106.9765,-7.3825],[106.9745,-7.388],[106.973,-7.3895],[106.9715,-7.388],[106.964,-7.3925],[106.9635,-7.402],[106.9815,-7.3975],[106.9855,-7.397],[106.986,-7.397],[106.9865,-7.3975],[106.987,-7.3965],[106.988,-7.3955],[106.988,-7.395],[106.988,-7.3935],[106.9825,-7.3835],[106.981,-7.3825],[106.9765,-7.3825]]]},"properties":{"code":"32.03.30.2012","name":"Sindangsari"}},{"type":"Feature","geometry":{"type":"Polygon","coordinates":[[[107.3165,-6.823],[107.3085,-6.823],[107.309,-6.824],[107.309,-6.8245],[107.306,-6.8285],[107.2985,-6.8395],[107.302,-6.842],[107.3015,-6.841],[107.303,-6.8385],[107.3045,-6.8385],[107.308,-6.839],[107.3125,-6.835],[107.313,-6.8355],[107.314,-6.84],[107.317,-6.842],[107.3235,-6.8415],[107.3235,-6.8405],[107.3225,-6.84],[107.3225,-6.837],[107.323,-6.8355],[107.323,-6.8315],[107.3235,-6.83],[107.3225,-6.825],[107.3175,-6.8235],[107.3165,-6.823]]]},"properties":{"code":"32.03.31.2001","name":"Haurwangi"}},{"type":"Feature","geometry":{"type":"Polygon","coordinates":[[[107.325,-6.842],[107.3235,-6.8415],[107.317,-6.842],[107.3145,-6.8415],[107.3135,-6.842],[107.314,-6.843],[107.314,-6.8445],[107.3135,-6.853],[107.311,-6.8525],[107.2965,-6.8585],[107.2955,-6.8595],[107.294,-6.8605],[107.2955,-6.8705],[107.295,-6.8715],[107.284,-6.8765],[107.2835,-6.8765],[107.2875,-6.878],[107.2905,-6.879],[107.2915,-6.879],[107.2925,-6.879],[107.293,-6.879],[107.2935,-6.88],[107.297,-6.889],[107.2985,-6.8925],[107.2995,-6.8925],[107.3005,-6.8935],[107.301,-6.8935],[107.305,-6.894],[107.3145,-6.8975],[107.3145,-6.8965],[107.323,-6.888],[107.3315,-6.888],[107.334,-6.887],[107.3355,-6.887],[107.3395,-6.8865],[107.341,-6.8855],[107.343,-6.879],[107.3415,-6.8765],[107.349,-6.8645],[107.3425,-6.8525],[107.3295,-6.856],[107.3245,-6.849],[107.326,-6.849],[107.325,-6.842]]]},"properties":{"code":"32.03.31.2002","name":"Cihea"}},{"type":"Feature","geometry":{"type":"Polygon","coordinates":[[[107.3075,-6.8265],[107.3065,-6.826],[107.306,-6.8255],[107.303,-6.823],[107.2985,-6.8285],[107.291,-6.83],[107.291,-6.8295],[107.2895,-6.831],[107.2885,-6.8315],[107.2865,-6.837],[107.2885,-6.8435],[107.289,-6.845],[107.2915,-6.844],[107.292,-6.8445],[107.2935,-6.8445],[107.2955,-6.844],[107.296,-6.844],[107.2985,-6.8405],[107.2985,-6.8395],[107.306,-6.8285],[107.3075,-6.8265]]]},"properties":{"code":"32.03.31.2003","name":"Ramasari"}},{"type":"Feature","geometry":{"type":"Polygon","coordinates":[[[107.3145,-6.8415],[107.314,-6.84],[107.313,-6.8355],[107.3125,-6.835],[107.308,-6.839],[107.3045,-6.8385],[107.303,-6.8385],[107.3015,-6.841],[107.302,-6.842],[107.2985,-6.8405],[107.296,-6.844],[107.2955,-6.844],[107.2935,-6.8445],[107.292,-6.8445],[107.2915,-6.844],[107.289,-6.845],[107.289,-6.8455],[107.292,-6.8525],[107.2915,-6.854],[107.2915,-6.8545],[107.2965,-6.8585],[107.311,-6.8525],[107.3135,-6.853],[107.314,-6.8445],[107.314,-6.843],[107.3135,-6.842],[107.3145,-6.8415]]]},"properties":{"code":"32.03.31.2004","name":"Mekarwangi/Sukatani"}},{"type":"Feature","geometry":{"type":"Polygon","coordinates":[[[107.3,-6.8185],[107.284,-6.817],[107.2845,-6.8185],[107.284,-6.819],[107.2825,-6.824],[107.2835,-6.8275],[107.2885,-6.8305],[107.2895,-6.831],[107.291,-6.8295],[107.291,-6.8285],[107.301,-6.819],[107.301,-6.8185],[107.3,-6.8185]]]},"properties":{"code":"32.03.31.2005","name":"Mekarwangi"}},{"type":"Feature","geometry":{"type":"Polygon","coordinates":[[[107.32,-6.8145],[107.3155,-6.8085],[107.315,-6.8085],[107.3125,-6.8095],[107.306,-6.812],[107.3035,-6.813],[107.303,-6.8135],[107.3025,-6.8145],[107.301,-6.819],[107.291,-6.8285],[107.291,-6.83],[107.2985,-6.8285],[107.303,-6.823],[107.306,-6.8255],[107.3065,-6.826],[107.3075,-6.8265],[107.309,-6.824],[107.3085,-6.823],[107.3165,-6.823],[107.316,-6.8195],[107.32,-6.8145]]]},"properties":{"code":"32.03.31.2006","name":"Kertasari"}},{"type":"Feature","geometry":{"type":"Polygon","coordinates":[[[107.3,-6.8185],[107.299,-6.8175],[107.294,-6.8115],[107.2965,-6.799],[107.2955,-6.8005],[107.288,-6.808],[107.287,-6.8095],[107.2825,-6.817],[107.3,-6.8185]]]},"properties":{"code":"32.03.31.2007","name":"Cipeuyeum"}},{"type":"Feature","geometry":{"type":"Polygon","coordinates":[[[107.301,-6.7915],[107.2975,-6.7975],[107.2965,-6.799],[107.294,-6.8115],[107.299,-6.8175],[107.301,-6.8185],[107.3025,-6.8145],[107.303,-6.8135],[107.3035,-6.813],[107.306,-6.812],[107.3125,-6.8095],[107.315,-6.8085],[107.315,-6.8075],[107.3155,-6.807],[107.3155,-6.8055],[107.315,-6.8045],[107.3055,-6.796],[107.3015,-6.7935],[107.301,-6.7925],[107.301,-6.7915]]]},"properties":{"code":"32.03.31.2008","name":"Kertamukti"}},{"type":"Feature","geometry":{"type":"Polygon","coordinates":[[[107.184,-7.213],[107.1835,-7.2115],[107.184,-7.2105],[107.185,-7.2105],[107.1845,-7.209],[107.185,-7.208],[107.186,-7.207],[107.199,-7.191],[107.201,-7.187],[107.199,-7.185],[107.199,-7.184],[107.199,-7.1845],[107.198,-7.185],[107.192,-7.1855],[107.191,-7.186],[107.187,-7.188],[107.1835,-7.191],[107.1835,-7.1915],[107.182,-7.194],[107.1795,-7.198],[107.177,-7.2],[107.1735,-7.2025],[107.1695,-7.205],[107.1685,-7.2055],[107.1645,-7.2135],[107.1625,-7.215],[107.163,-7.215],[107.1635,-7.2155],[107.1635,-7.2165],[107.1655,-7.2165],[107.166,-7.218],[107.1645,-7.2205],[107.1655,-7.2235],[107.166,-7.2235],[107.1665,-7.2235],[107.167,-7.2225],[107.172,-7.22],[107.1735,-7.2195],[107.175,-7.2195],[107.1765,-7.2205],[107.1775,-7.22],[107.1785,-7.2195],[107.184,-7.214],[107.184,-7.213]]]},"properties":{"code":"32.03.32.2001","name":"Simpang"}},{"type":"Feature","geometry":{"type":"Polygon","coordinates":[[[107.2035,-7.223],[107.203,-7.2045],[107.202,-7.2035],[107.1985,-7.2035],[107.195,-7.2055],[107.1855,-7.212],[107.184,-7.214],[107.1785,-7.2195],[107.1775,-7.22],[107.1765,-7.2205],[107.175,-7.2195],[107.1735,-7.2195],[107.172,-7.22],[107.167,-7.2225],[107.1665,-7.2235],[107.166,-7.224],[107.1655,-7.228],[107.165,-7.2315],[107.167,-7.234],[107.168,-7.232],[107.176,-7.2265],[107.178,-7.2275],[107.1795,-7.228],[107.1835,-7.2405],[107.1865,-7.238],[107.189,-7.237],[107.1895,-7.2365],[107.1895,-7.2345],[107.194,-7.2315],[107.194,-7.229],[107.1985,-7.226],[107.1995,-7.2245],[107.202,-7.223],[107.2035,-7.223]]]},"properties":{"code":"32.03.32.2002","name":"Kalibaru"}},{"type":"Feature","geometry":{"type":"Polygon","coordinates":[[[107.215,-7.178],[107.213,-7.177],[107.2035,-7.1805],[107.203,-7.182],[107.2025,-7.182],[107.2015,-7.182],[107.2005,-7.183],[107.1995,-7.1835],[107.199,-7.1835],[107.199,-7.184],[107.199,-7.185],[107.201,-7.187],[107.199,-7.191],[107.186,-7.207],[107.185,-7.208],[107.1845,-7.209],[107.185,-7.2105],[107.184,-7.2105],[107.1835,-7.2115],[107.184,-7.213],[107.1855,-7.212],[107.195,-7.2055],[107.1985,-7.2035],[107.202,-7.2035],[107.203,-7.2045],[107.2035,-7.223],[107.205,-7.223],[107.211,-7.2195],[107.2115,-7.2185],[107.212,-7.2185],[107.213,-7.2175],[107.215,-7.2165],[107.216,-7.216],[107.217,-7.2155],[107.2195,-7.2125],[107.222,-7.2095],[107.2225,-7.2075],[107.2205,-7.185],[107.215,-7.178]]]},"properties":{"code":"32.03.32.2003","name":"Pusakajaya"}},{"type":"Feature","geometry":{"type":"Polygon","coordinates":[[[107.1665,-7.2235],[107.166,-7.2235],[107.1655,-7.2235],[107.1645,-7.2235],[107.155,-7.235],[107.1505,-7.2375],[107.1485,-7.2375],[107.147,-7.2365],[107.146,-7.236],[107.1455,-7.2355],[107.144,-7.2345],[107.143,-7.236],[107.1415,-7.238],[107.141,-7.24],[107.141,-7.242],[107.1415,-7.2425],[107.141,-7.245],[107.144,-7.259],[107.146,-7.259],[107.1515,-7.2475],[107.162,-7.2395],[107.1795,-7.2395],[107.1835,-7.2405],[107.1795,-7.228],[107.178,-7.2275],[107.176,-7.2265],[107.168,-7.232],[107.167,-7.234],[107.165,-7.2315],[107.1655,-7.228],[107.166,-7.224],[107.1665,-7.2235]]]},"properties":{"code":"32.03.32.2004","name":"Kubang"}},{"type":"Feature","geometry":{"type":"Polygon","coordinates":[[[107.2865,-7.213],[107.287,-7.2115],[107.282,-7.2065],[107.252,-7.2015],[107.25,-7.201],[107.2355,-7.204],[107.2315,-7.2025],[107.23,-7.2025],[107.228,-7.204],[107.227,-7.2055],[107.224,-7.2075],[107.222,-7.2095],[107.2195,-7.2125],[107.217,-7.2155],[107.216,-7.216],[107.215,-7.2165],[107.213,-7.2175],[107.2115,-7.2185],[107.211,-7.2195],[107.213,-7.2195],[107.2165,-7.2205],[107.22,-7.2215],[107.221,-7.2215],[107.222,-7.222],[107.2225,-7.2225],[107.223,-7.224],[107.2245,-7.2235],[107.228,-7.2215],[107.229,-7.221],[107.2415,-7.2095],[107.2495,-7.207],[107.252,-7.208],[107.275,-7.2095],[107.2845,-7.2135],[107.2865,-7.213]]]},"properties":{"code":"32.03.32.2005","name":"Girimukti"}},{"type":"Feature","geometry":{"type":"Polygon","coordinates":[[[107.311,-7.1295],[107.3,-7.128],[107.2915,-7.131],[107.2895,-7.1315],[107.2845,-7.1345],[107.2805,-7.139],[107.2675,-7.1515],[107.2475,-7.152],[107.2275,-7.1715],[107.2195,-7.1755],[107.2185,-7.1755],[107.2165,-7.1765],[107.215,-7.1765],[107.2145,-7.177],[107.215,-7.178],[107.2205,-7.185],[107.2225,-7.2075],[107.224,-7.2075],[107.227,-7.2055],[107.228,-7.204],[107.23,-7.2025],[107.2315,-7.2025],[107.2355,-7.204],[107.25,-7.201],[107.251,-7.2],[107.2595,-7.184],[107.2675,-7.1755],[107.2775,-7.1785],[107.302,-7.1665],[107.3035,-7.166],[107.3045,-7.1625],[107.3035,-7.161],[107.303,-7.1595],[107.3025,-7.158],[107.3055,-7.1475],[107.3065,-7.146],[107.308,-7.145],[107.3105,-7.13],[107.311,-7.1295]]]},"properties":{"code":"32.03.32.2006","name":"Karangjaya"}},{"type":"Feature","geometry":{"type":"Polygon","coordinates":[[[107.1625,-7.215],[107.162,-7.215],[107.1615,-7.215],[107.147,-7.2265],[107.1475,-7.2275],[107.1465,-7.231],[107.1455,-7.2325],[107.1445,-7.234],[107.144,-7.2345],[107.1455,-7.2355],[107.146,-7.236],[107.147,-7.2365],[107.1485,-7.2375],[107.1505,-7.2375],[107.155,-7.235],[107.1645,-7.2235],[107.1645,-7.2205],[107.166,-7.218],[107.1655,-7.2165],[107.1635,-7.2165],[107.1635,-7.2155],[107.163,-7.215],[107.1625,-7.215]]]},"properties":{"code":"32.03.32.2007","name":"Mekarmulya"}},{"type":"Feature","geometry":{"type":"Polygon","coordinates":[[[107.2055,-7.247],[107.2035,-7.2465],[107.204,-7.244],[107.2045,-7.2435],[107.205,-7.243],[107.2045,-7.2415],[107.2035,-7.241],[107.196,-7.2385],[107.1955,-7.2385],[107.1895,-7.2365],[107.189,-7.237],[107.1865,-7.238],[107.1835,-7.2405],[107.182,-7.241],[107.18,-7.241],[107.1785,-7.2425],[107.178,-7.2435],[107.177,-7.2465],[107.1635,-7.2645],[107.1615,-7.2655],[107.161,-7.2665],[107.1595,-7.2675],[107.16,-7.269],[107.161,-7.2755],[107.162,-7.276],[107.1625,-7.2765],[107.16,-7.285],[107.161,-7.2885],[107.162,-7.2905],[107.163,-7.2935],[107.163,-7.2945],[107.165,-7.2935],[107.172,-7.275],[107.181,-7.281],[107.188,-7.2735],[107.1895,-7.272],[107.1925,-7.2675],[107.193,-7.267],[107.1935,-7.266],[107.194,-7.2655],[107.194,-7.265],[107.197,-7.264],[107.2045,-7.2475],[107.2055,-7.247]]]},"properties":{"code":"32.03.32.2008","name":"Girijaya"}},{"type":"Feature","geometry":{"type":"Polygon","coordinates":[[[107.2235,-7.2255],[107.223,-7.224],[107.2225,-7.2225],[107.222,-7.222],[107.221,-7.2215],[107.22,-7.2215],[107.2165,-7.2205],[107.213,-7.2195],[107.2115,-7.2195],[107.211,-7.2195],[107.205,-7.223],[107.202,-7.223],[107.1995,-7.2245],[107.1985,-7.226],[107.194,-7.229],[107.194,-7.2315],[107.1895,-7.2345],[107.1895,-7.2365],[107.1955,-7.2385],[107.196,-7.2385],[107.2035,-7.241],[107.2045,-7.2415],[107.205,-7.243],[107.2045,-7.2435],[107.204,-7.244],[107.2035,-7.2465],[107.2075,-7.246],[107.212,-7.2425],[107.2125,-7.242],[107.213,-7.242],[107.221,-7.237],[107.2235,-7.2255]]]},"properties":{"code":"32.03.32.2009","name":"Padamulya"}}]}