{"type":"FeatureCollection","features":[{"type":"Feature","geometry":{"type":"Polygon","coordinates":[[[108.1955,-7.0465],[108.1855,-7.0495],[108.1755,-7.044],[108.166,-7.0465],[108.1645,-7.0475],[108.157,-7.0495],[108.154,-7.051],[108.148,-7.049],[108.1475,-7.048],[108.147,-7.048],[108.146,-7.048],[108.1465,-7.0525],[108.154,-7.063],[108.156,-7.067],[108.157,-7.0665],[108.1655,-7.0645],[108.167,-7.0635],[108.1905,-7.0565],[108.195,-7.056],[108.1955,-7.053],[108.195,-7.051],[108.1975,-7.0495],[108.197,-7.049],[108.196,-7.048],[108.1955,-7.0465]]]},"properties":{"code":"32.10.01.2001","name":"Cipasung","latitude":-7.054157532562052,"longitude":108.17011156948615}},{"type":"Feature","geometry":{"type":"Polygon","coordinates":[[[108.2125,-7.0375],[108.211,-7.0355],[108.2135,-7.0235],[108.2125,-7.023],[108.211,-7.0235],[108.211,-7.024],[108.2055,-7.0255],[108.19,-7.0285],[108.197,-7.0375],[108.198,-7.0395],[108.195,-7.041],[108.195,-7.0415],[108.195,-7.0445],[108.196,-7.048],[108.197,-7.049],[108.198,-7.049],[108.2,-7.0485],[108.212,-7.04],[108.212,-7.0395],[108.212,-7.0385],[108.2125,-7.038],[108.2125,-7.0375]]]},"properties":{"code":"32.10.01.2002","name":"Bangbayang","latitude":-7.034916774996752,"longitude":108.20288479055931}},{"type":"Feature","geometry":{"type":"Polygon","coordinates":[[[108.185,-7.017],[108.1835,-7.017],[108.18,-7.0195],[108.1795,-7.02],[108.178,-7.021],[108.1755,-7.0225],[108.1625,-7.035],[108.16,-7.037],[108.1475,-7.048],[108.148,-7.049],[108.154,-7.051],[108.157,-7.0495],[108.1645,-7.0475],[108.166,-7.0465],[108.1755,-7.044],[108.1855,-7.0495],[108.1955,-7.0465],[108.195,-7.0445],[108.195,-7.0415],[108.1945,-7.0415],[108.192,-7.0415],[108.186,-7.041],[108.185,-7.041],[108.1865,-7.039],[108.187,-7.037],[108.187,-7.0335],[108.1855,-7.033],[108.1845,-7.0305],[108.1835,-7.0305],[108.183,-7.0295],[108.1825,-7.03],[108.1825,-7.031],[108.182,-7.028],[108.182,-7.0265],[108.182,-7.0225],[108.184,-7.0215],[108.1845,-7.0205],[108.185,-7.017]]]},"properties":{"code":"32.10.01.2003","name":"Borogojol","latitude":-7.03786408648439,"longitude":108.17318451449043}},{"type":"Feature","geometry":{"type":"Polygon","coordinates":[[[108.1985,-7.01],[108.192,-7.0055],[108.1915,-7.006],[108.191,-7.007],[108.1905,-7.0075],[108.185,-7.016],[108.185,-7.017],[108.1845,-7.0205],[108.184,-7.0215],[108.182,-7.0225],[108.182,-7.0265],[108.182,-7.028],[108.1825,-7.031],[108.1825,-7.03],[108.183,-7.0295],[108.1835,-7.0305],[108.1845,-7.0305],[108.1855,-7.033],[108.187,-7.0335],[108.187,-7.037],[108.1865,-7.039],[108.185,-7.041],[108.186,-7.041],[108.192,-7.0415],[108.1945,-7.0415],[108.195,-7.041],[108.198,-7.0395],[108.197,-7.0375],[108.19,-7.0285],[108.2055,-7.0255],[108.211,-7.024],[108.211,-7.0235],[108.2035,-7.018],[108.2015,-7.0165],[108.1985,-7.01]]]},"properties":{"code":"32.10.01.2004","name":"Cibulan","latitude":-7.02287984319404,"longitude":108.19326311180271}},{"type":"Feature","geometry":{"type":"Polygon","coordinates":[[[108.176,-6.985],[108.174,-6.985],[108.1725,-6.9855],[108.1725,-6.986],[108.1695,-6.9865],[108.1685,-6.987],[108.168,-6.9885],[108.167,-6.99],[108.1545,-7.0125],[108.1535,-7.0135],[108.1535,-7.014],[108.153,-7.0165],[108.1415,-7.0335],[108.1375,-7.0365],[108.1365,-7.0385],[108.14,-7.0405],[108.1445,-7.046],[108.146,-7.048],[108.147,-7.048],[108.1475,-7.048],[108.16,-7.037],[108.1615,-7.036],[108.161,-7.0355],[108.161,-7.0345],[108.1625,-7.033],[108.1635,-7.03],[108.1675,-7.0235],[108.1685,-7.022],[108.169,-7.0175],[108.1695,-7.015],[108.1705,-7.012],[108.171,-7.0115],[108.172,-7.011],[108.174,-7.007],[108.182,-6.9945],[108.1825,-6.9935],[108.1825,-6.9925],[108.1825,-6.991],[108.1835,-6.989],[108.1835,-6.988],[108.1805,-6.9865],[108.1795,-6.9865],[108.178,-6.9855],[108.178,-6.985],[108.176,-6.985]]]},"properties":{"code":"32.10.01.2005","name":"Lemahputih","latitude":-7.017020689052311,"longitude":108.16076707866453}},{"type":"Feature","geometry":{"type":"Polygon","coordinates":[[[108.1805,-6.966],[108.1795,-6.9625],[108.179,-6.963],[108.178,-6.963],[108.177,-6.9635],[108.1765,-6.965],[108.1775,-6.9655],[108.177,-6.9665],[108.176,-6.9695],[108.1765,-6.971],[108.1765,-6.9815],[108.1765,-6.9825],[108.1765,-6.983],[108.178,-6.9835],[108.178,-6.9855],[108.1795,-6.9865],[108.1805,-6.9865],[108.1835,-6.988],[108.185,-6.99],[108.187,-6.9915],[108.188,-6.988],[108.1855,-6.984],[108.1855,-6.9835],[108.187,-6.982],[108.192,-6.978],[108.1935,-6.977],[108.193,-6.976],[108.192,-6.9755],[108.191,-6.9755],[108.189,-6.9735],[108.1885,-6.9735],[108.187,-6.973],[108.184,-6.9675],[108.1845,-6.967],[108.1845,-6.9655],[108.183,-6.966],[108.182,-6.9665],[108.181,-6.967],[108.1805,-6.966]]]},"properties":{"code":"32.10.01.2006","name":"Sadawangi","latitude":-6.976789160722662,"longitude":108.18283179136986}},{"type":"Feature","geometry":{"type":"Polygon","coordinates":[[[108.207,-6.9505],[108.2045,-6.95],[108.2035,-6.9515],[108.2025,-6.951],[108.195,-6.953],[108.185,-6.9665],[108.184,-6.9675],[108.187,-6.973],[108.1885,-6.9735],[108.189,-6.9735],[108.191,-6.9755],[108.192,-6.9755],[108.193,-6.976],[108.195,-6.9725],[108.198,-6.966],[108.1985,-6.965],[108.2045,-6.9595],[108.204,-6.9585],[108.2045,-6.958],[108.204,-6.956],[108.205,-6.9535],[108.2075,-6.952],[108.207,-6.9505]]]},"properties":{"code":"32.10.01.2007","name":"Kepuh","latitude":-6.962606207654313,"longitude":108.19487245977659}},{"type":"Feature","geometry":{"type":"Polygon","coordinates":[[[108.2235,-6.9785],[108.2235,-6.978],[108.223,-6.978],[108.2205,-6.978],[108.2085,-6.9805],[108.2075,-6.9815],[108.2075,-6.9825],[108.206,-6.9835],[108.203,-6.9815],[108.202,-6.981],[108.2015,-6.9815],[108.197,-6.9855],[108.196,-6.986],[108.199,-6.995],[108.2105,-6.9945],[108.2115,-6.9945],[108.2175,-6.9905],[108.219,-6.9905],[108.2205,-6.989],[108.2205,-6.988],[108.2215,-6.9835],[108.223,-6.982],[108.2235,-6.9785]]]},"properties":{"code":"32.10.01.2008","name":"Padarek","latitude":-6.986230992654401,"longitude":108.21026087891181}},{"type":"Feature","geometry":{"type":"Polygon","coordinates":[[[108.223,-6.996],[108.222,-6.996],[108.221,-6.996],[108.22,-6.996],[108.22,-6.997],[108.2195,-6.998],[108.2195,-7.0005],[108.2125,-7.0065],[108.2125,-7.01],[108.2135,-7.0115],[108.2155,-7.012],[108.226,-7.013],[108.2265,-7.012],[108.23,-7.003],[108.23,-7.0025],[108.2255,-7.0005],[108.2255,-7.001],[108.2245,-6.999],[108.224,-6.997],[108.2235,-6.996],[108.223,-6.996]]]},"properties":{"code":"32.10.01.2009","name":"Kalapadua","latitude":-7.005626583210679,"longitude":108.22120894016602}},{"type":"Feature","geometry":{"type":"Polygon","coordinates":[[[108.235,-6.997],[108.2335,-6.9965],[108.2315,-6.9965],[108.231,-6.997],[108.2315,-6.9985],[108.232,-6.999],[108.2325,-6.9995],[108.23,-7.003],[108.2265,-7.012],[108.2285,-7.012],[108.23,-7.0115],[108.233,-7.0115],[108.2455,-7.005],[108.249,-7.0025],[108.248,-7.0005],[108.246,-6.998],[108.2395,-6.998],[108.238,-6.9985],[108.235,-6.997]]]},"properties":{"code":"32.10.01.2010","name":"Cigaleuh","latitude":-7.003672382557914,"longitude":108.23689938860448}},{"type":"Feature","geometry":{"type":"Polygon","coordinates":[[[108.196,-6.986],[108.1955,-6.986],[108.1945,-6.975],[108.1935,-6.977],[108.192,-6.978],[108.187,-6.982],[108.1855,-6.9835],[108.1855,-6.984],[108.188,-6.988],[108.187,-6.9915],[108.1925,-7.0035],[108.192,-7.0045],[108.192,-7.005],[108.192,-7.0055],[108.1985,-7.01],[108.21,-7.004],[108.21,-7.0035],[108.2085,-6.997],[108.2085,-6.9965],[108.21,-6.995],[108.2105,-6.9945],[108.199,-6.995],[108.196,-6.986]]]},"properties":{"code":"32.10.01.2011","name":"Margajaya","latitude":-6.995436620403123,"longitude":108.19706924825482}},{"type":"Feature","geometry":{"type":"Polygon","coordinates":[[[108.2045,-6.9595],[108.1985,-6.965],[108.198,-6.966],[108.195,-6.9725],[108.1945,-6.975],[108.1955,-6.986],[108.197,-6.9855],[108.2015,-6.9815],[108.202,-6.981],[108.203,-6.9815],[108.206,-6.9835],[108.2075,-6.9825],[108.2075,-6.9815],[108.2075,-6.9805],[108.2075,-6.98],[108.208,-6.9785],[108.2095,-6.9775],[108.2125,-6.9735],[108.213,-6.972],[108.2125,-6.972],[108.212,-6.971],[108.2125,-6.9695],[108.212,-6.9685],[108.2095,-6.967],[108.211,-6.9635],[108.2115,-6.963],[108.2095,-6.9615],[108.207,-6.9605],[108.2045,-6.9595]]]},"properties":{"code":"32.10.01.2012","name":"Sukajadi","latitude":-6.972517153956454,"longitude":108.20300229473928}},{"type":"Feature","geometry":{"type":"Polygon","coordinates":[[[108.209,-6.9465],[108.204,-6.9425],[108.2025,-6.942],[108.1835,-6.954],[108.1805,-6.9585],[108.179,-6.9625],[108.178,-6.963],[108.179,-6.963],[108.1795,-6.9625],[108.1805,-6.966],[108.181,-6.967],[108.182,-6.9665],[108.183,-6.966],[108.1845,-6.9655],[108.1845,-6.967],[108.185,-6.9665],[108.195,-6.953],[108.2025,-6.951],[108.2035,-6.9515],[108.2045,-6.95],[108.207,-6.9505],[108.209,-6.95],[108.21,-6.95],[108.209,-6.949],[108.209,-6.9465]]]},"properties":{"code":"32.10.01.2013","name":"Mekarwangi","latitude":-6.953941588768533,"longitude":108.19282572024899}},{"type":"Feature","geometry":{"type":"Polygon","coordinates":[[[108.2305,-6.974],[108.2305,-6.973],[108.2295,-6.974],[108.228,-6.9735],[108.2275,-6.974],[108.227,-6.9735],[108.227,-6.975],[108.2265,-6.976],[108.2255,-6.976],[108.2235,-6.9775],[108.2235,-6.9785],[108.223,-6.982],[108.2215,-6.9835],[108.2205,-6.988],[108.221,-6.9905],[108.2205,-6.9905],[108.2215,-6.991],[108.2215,-6.9925],[108.2225,-6.994],[108.2225,-6.995],[108.223,-6.9955],[108.2235,-6.996],[108.224,-6.997],[108.2245,-6.999],[108.2255,-7.001],[108.2255,-7.0005],[108.23,-7.0025],[108.2325,-6.9995],[108.232,-6.999],[108.2315,-6.9985],[108.231,-6.997],[108.2315,-6.9965],[108.2335,-6.9965],[108.235,-6.997],[108.236,-6.9895],[108.236,-6.9885],[108.235,-6.987],[108.233,-6.984],[108.233,-6.983],[108.234,-6.9825],[108.235,-6.982],[108.2305,-6.974]]]},"properties":{"code":"32.10.01.2014","name":"Sinargalih","latitude":-6.987305009205493,"longitude":108.22826935105005}},{"type":"Feature","geometry":{"type":"Polygon","coordinates":[[[108.2435,-6.9815],[108.235,-6.982],[108.234,-6.9825],[108.233,-6.983],[108.233,-6.984],[108.235,-6.987],[108.236,-6.9885],[108.236,-6.9895],[108.235,-6.997],[108.238,-6.9985],[108.2395,-6.998],[108.246,-6.998],[108.248,-7.0005],[108.249,-7.0025],[108.25,-7.003],[108.2515,-7.0025],[108.252,-7.002],[108.2515,-7.0005],[108.248,-6.9955],[108.2475,-6.9935],[108.2455,-6.9885],[108.245,-6.987],[108.2445,-6.9845],[108.244,-6.9825],[108.2435,-6.9815]]]},"properties":{"code":"32.10.01.2015","name":"Mekarmulya","latitude":-6.991724014314945,"longitude":108.24129005489148}},{"type":"Feature","geometry":{"type":"Polygon","coordinates":[[[108.221,-6.9905],[108.2205,-6.989],[108.219,-6.9905],[108.2175,-6.9905],[108.2115,-6.9945],[108.21,-6.995],[108.2085,-6.9965],[108.2085,-6.997],[108.21,-7.0035],[108.2105,-7.004],[108.2115,-7.0055],[108.2125,-7.0065],[108.2195,-7.0005],[108.2195,-6.998],[108.22,-6.997],[108.22,-6.996],[108.221,-6.996],[108.222,-6.996],[108.223,-6.996],[108.2225,-6.995],[108.2225,-6.994],[108.2215,-6.9925],[108.2215,-6.991],[108.2205,-6.9905],[108.221,-6.9905]]]},"properties":{"code":"32.10.01.2016","name":"Sukamaju","latitude":-6.9973520966519045,"longitude":108.21499369340441}},{"type":"Feature","geometry":{"type":"Polygon","coordinates":[[[108.229,-6.967],[108.218,-6.9685],[108.216,-6.97],[108.2145,-6.9715],[108.2125,-6.9735],[108.2095,-6.9775],[108.208,-6.9785],[108.2075,-6.98],[108.2075,-6.9805],[108.2085,-6.9805],[108.2205,-6.978],[108.223,-6.978],[108.2235,-6.978],[108.2235,-6.9775],[108.2255,-6.976],[108.2265,-6.976],[108.227,-6.975],[108.227,-6.9735],[108.2275,-6.973],[108.229,-6.972],[108.23,-6.9715],[108.229,-6.967]]]},"properties":{"code":"32.10.01.2017","name":"Cisalak","latitude":-6.970673204595783,"longitude":108.22113503471317}},{"type":"Feature","geometry":{"type":"Polygon","coordinates":[[[108.177,-6.9665],[108.1775,-6.9655],[108.1755,-6.965],[108.171,-6.9685],[108.1705,-6.971],[108.17,-6.9725],[108.17,-6.9755],[108.1685,-6.987],[108.1695,-6.9865],[108.1725,-6.986],[108.1725,-6.9855],[108.174,-6.985],[108.176,-6.985],[108.178,-6.985],[108.1765,-6.983],[108.1765,-6.9825],[108.1765,-6.9815],[108.1765,-6.971],[108.176,-6.9695],[108.177,-6.9665]]]},"properties":{"code":"32.10.01.2018","name":"Dayeuhwangi","latitude":-6.97732968476955,"longitude":108.17335930455208}},{"type":"Feature","geometry":{"type":"Polygon","coordinates":[[[108.187,-6.9915],[108.185,-6.99],[108.1835,-6.989],[108.1825,-6.991],[108.1825,-6.9925],[108.1825,-6.9935],[108.182,-6.9945],[108.174,-7.007],[108.172,-7.011],[108.171,-7.0115],[108.1705,-7.012],[108.1695,-7.015],[108.169,-7.0175],[108.1685,-7.022],[108.1675,-7.0235],[108.1635,-7.03],[108.1625,-7.033],[108.161,-7.0345],[108.161,-7.0355],[108.1615,-7.036],[108.1625,-7.035],[108.1755,-7.0225],[108.178,-7.021],[108.1795,-7.02],[108.18,-7.0195],[108.1835,-7.017],[108.185,-7.016],[108.1905,-7.0075],[108.191,-7.007],[108.1915,-7.006],[108.192,-7.005],[108.192,-7.0045],[108.1925,-7.0035],[108.187,-6.9915]]]},"properties":{"code":"32.10.01.2019","name":"Lemahsugih","latitude":-7.009391704230074,"longitude":108.17967982282396}},{"type":"Feature","geometry":{"type":"Polygon","coordinates":[[[108.2475,-7.005],[108.2455,-7.005],[108.233,-7.0115],[108.23,-7.0125],[108.2295,-7.013],[108.229,-7.0135],[108.225,-7.0175],[108.2245,-7.02],[108.2245,-7.0205],[108.224,-7.022],[108.2255,-7.0235],[108.232,-7.032],[108.2325,-7.032],[108.235,-7.031],[108.2365,-7.0295],[108.2365,-7.027],[108.236,-7.0245],[108.2365,-7.024],[108.2365,-7.0225],[108.237,-7.022],[108.236,-7.0205],[108.2475,-7.0085],[108.2475,-7.005]]]},"properties":{"code":"32.10.02.2002","name":"Cipeundeuy","latitude":-7.018184788634414,"longitude":108.23403617724615}},{"type":"Feature","geometry":{"type":"Polygon","coordinates":[[[108.265,-6.9955],[108.2555,-6.995],[108.254,-6.995],[108.2485,-6.995],[108.248,-6.9955],[108.2515,-7.0005],[108.252,-7.002],[108.2515,-7.0025],[108.253,-7.0045],[108.2535,-7.007],[108.2545,-7.009],[108.2565,-7.0115],[108.2595,-7.013],[108.26,-7.014],[108.2605,-7.015],[108.2615,-7.0145],[108.2675,-7.014],[108.268,-7.0135],[108.2715,-7.0035],[108.2665,-6.9975],[108.265,-6.9955]]]},"properties":{"code":"32.10.02.2008","name":"Cimangguhilir","latitude":-7.00365537135036,"longitude":108.26067437305367}},{"type":"Feature","geometry":{"type":"Polygon","coordinates":[[[108.28,-6.9735],[108.27,-6.968],[108.269,-6.97],[108.2695,-6.97],[108.272,-6.972],[108.273,-6.9725],[108.274,-6.9735],[108.2735,-6.9755],[108.2735,-6.9765],[108.272,-6.9905],[108.2705,-6.991],[108.266,-6.9935],[108.2665,-6.9975],[108.2715,-7.0035],[108.278,-7.0015],[108.2815,-7],[108.282,-6.999],[108.2815,-6.9965],[108.2815,-6.9935],[108.281,-6.99],[108.2795,-6.974],[108.2795,-6.9735],[108.28,-6.9735]]]},"properties":{"code":"32.10.02.2009","name":"Salawangi","latitude":-6.9888841434160165,"longitude":108.27475622640347}},{"type":"Feature","geometry":{"type":"Polygon","coordinates":[[[108.248,-6.9625],[108.2475,-6.9615],[108.2455,-6.956],[108.245,-6.9555],[108.2425,-6.954],[108.2415,-6.9545],[108.2405,-6.9645],[108.2395,-6.9655],[108.2385,-6.966],[108.2355,-6.9655],[108.229,-6.967],[108.23,-6.9715],[108.229,-6.972],[108.2275,-6.973],[108.227,-6.9735],[108.2275,-6.974],[108.228,-6.9735],[108.2295,-6.974],[108.2305,-6.973],[108.2305,-6.974],[108.235,-6.982],[108.2435,-6.9815],[108.243,-6.9805],[108.248,-6.9625]]]},"properties":{"code":"32.10.02.2010","name":"Bantarujeg","latitude":-6.970243705638697,"longitude":108.23881759490914}},{"type":"Feature","geometry":{"type":"Polygon","coordinates":[[[108.2475,-6.9285],[108.246,-6.9285],[108.2455,-6.9275],[108.2455,-6.927],[108.2445,-6.9265],[108.225,-6.923],[108.224,-6.9225],[108.224,-6.922],[108.2225,-6.9215],[108.2175,-6.9205],[108.2165,-6.922],[108.22,-6.927],[108.22,-6.928],[108.205,-6.937],[108.205,-6.938],[108.206,-6.94],[108.206,-6.9405],[108.2025,-6.9405],[108.202,-6.9415],[108.204,-6.9425],[108.209,-6.9465],[108.2415,-6.9545],[108.242,-6.954],[108.242,-6.9525],[108.2435,-6.9485],[108.2455,-6.9465],[108.2465,-6.945],[108.2455,-6.944],[108.2475,-6.944],[108.248,-6.944],[108.2485,-6.945],[108.252,-6.949],[108.252,-6.9495],[108.2595,-6.9485],[108.26,-6.945],[108.2465,-6.937],[108.2475,-6.9285]]]},"properties":{"code":"32.10.02.2011","name":"Gununglarang","latitude":-6.9385938775541876,"longitude":108.2308505345496}},{"type":"Feature","geometry":{"type":"Polygon","coordinates":[[[108.26,-6.9455],[108.2595,-6.9485],[108.252,-6.9495],[108.252,-6.949],[108.2485,-6.945],[108.248,-6.944],[108.2475,-6.944],[108.2455,-6.944],[108.2465,-6.945],[108.2455,-6.9465],[108.2435,-6.9485],[108.242,-6.9525],[108.242,-6.954],[108.2425,-6.954],[108.245,-6.9555],[108.2455,-6.956],[108.2475,-6.9615],[108.2495,-6.9635],[108.252,-6.962],[108.255,-6.961],[108.2565,-6.961],[108.2565,-6.9625],[108.2615,-6.9675],[108.2655,-6.9655],[108.267,-6.966],[108.2725,-6.9635],[108.2735,-6.9635],[108.2755,-6.963],[108.276,-6.962],[108.2775,-6.961],[108.2775,-6.96],[108.275,-6.9585],[108.2725,-6.9545],[108.269,-6.953],[108.2685,-6.9525],[108.267,-6.952],[108.26,-6.9455]]]},"properties":{"code":"32.10.02.2012","name":"Cikidang","latitude":-6.956130301368741,"longitude":108.25901437228582}},{"type":"Feature","geometry":{"type":"Polygon","coordinates":[[[108.29,-6.965],[108.2895,-6.965],[108.287,-6.965],[108.2845,-6.9635],[108.2835,-6.9625],[108.2815,-6.9605],[108.2795,-6.9615],[108.276,-6.962],[108.2755,-6.963],[108.2735,-6.9635],[108.2725,-6.9635],[108.267,-6.966],[108.2655,-6.9655],[108.2615,-6.9675],[108.264,-6.9685],[108.2645,-6.969],[108.267,-6.9695],[108.267,-6.971],[108.268,-6.971],[108.27,-6.968],[108.28,-6.9735],[108.2805,-6.973],[108.2825,-6.972],[108.287,-6.972],[108.2895,-6.969],[108.291,-6.9685],[108.29,-6.965]]]},"properties":{"code":"32.10.02.2013","name":"Cinambo","latitude":-6.966942969938259,"longitude":108.27792433882935}},{"type":"Feature","geometry":{"type":"Polygon","coordinates":[[[108.2925,-6.95],[108.2915,-6.948],[108.2895,-6.942],[108.287,-6.942],[108.287,-6.943],[108.2845,-6.9435],[108.283,-6.9465],[108.282,-6.947],[108.268,-6.9515],[108.2685,-6.9525],[108.269,-6.953],[108.2725,-6.9545],[108.275,-6.9585],[108.2775,-6.96],[108.2775,-6.961],[108.2795,-6.9615],[108.2815,-6.9605],[108.2835,-6.9625],[108.2845,-6.9635],[108.287,-6.965],[108.2895,-6.965],[108.29,-6.9645],[108.29,-6.963],[108.2915,-6.9605],[108.2915,-6.9595],[108.29,-6.953],[108.2915,-6.9525],[108.292,-6.9505],[108.2925,-6.95]]]},"properties":{"code":"32.10.02.2014","name":"Haurgeulis","latitude":-6.953251294186837,"longitude":108.28232889365957}},{"type":"Feature","geometry":{"type":"Polygon","coordinates":[[[108.2845,-6.9245],[108.284,-6.924],[108.277,-6.9195],[108.274,-6.9175],[108.2735,-6.917],[108.2725,-6.9155],[108.2715,-6.9155],[108.268,-6.916],[108.267,-6.916],[108.265,-6.919],[108.266,-6.9225],[108.2665,-6.9225],[108.2655,-6.924],[108.2595,-6.932],[108.258,-6.9325],[108.257,-6.9315],[108.2565,-6.9315],[108.2555,-6.9315],[108.254,-6.932],[108.2495,-6.929],[108.2475,-6.9285],[108.2465,-6.937],[108.26,-6.945],[108.26,-6.9455],[108.267,-6.952],[108.268,-6.9515],[108.282,-6.947],[108.283,-6.9465],[108.2845,-6.9435],[108.287,-6.943],[108.287,-6.942],[108.287,-6.9415],[108.2855,-6.9415],[108.284,-6.941],[108.2825,-6.941],[108.2805,-6.9405],[108.281,-6.9395],[108.2845,-6.9245]]]},"properties":{"code":"32.10.02.2015","name":"Sukamenak","latitude":-6.934247844803514,"longitude":108.2698481666276}},{"type":"Feature","geometry":{"type":"Polygon","coordinates":[[[108.2615,-6.9675],[108.2565,-6.9625],[108.2565,-6.961],[108.255,-6.961],[108.252,-6.962],[108.2495,-6.9635],[108.248,-6.9625],[108.243,-6.9805],[108.244,-6.9825],[108.2445,-6.9845],[108.2455,-6.9845],[108.258,-6.9795],[108.2605,-6.9765],[108.2625,-6.969],[108.2615,-6.9675]]]},"properties":{"code":"32.10.02.2016","name":"Wadowetan","latitude":-6.973255972125287,"longitude":108.25149635518898}},{"type":"Feature","geometry":{"type":"Polygon","coordinates":[[[108.2415,-6.9545],[108.209,-6.9465],[108.209,-6.949],[108.21,-6.95],[108.209,-6.95],[108.207,-6.9505],[108.2075,-6.952],[108.205,-6.9535],[108.204,-6.956],[108.2045,-6.958],[108.204,-6.9585],[108.2045,-6.9595],[108.207,-6.9605],[108.2095,-6.9615],[108.2115,-6.963],[108.211,-6.9635],[108.2095,-6.967],[108.212,-6.9685],[108.2125,-6.9695],[108.212,-6.971],[108.2125,-6.972],[108.213,-6.972],[108.2145,-6.9715],[108.216,-6.97],[108.218,-6.9685],[108.229,-6.967],[108.2355,-6.9655],[108.2385,-6.966],[108.2395,-6.9655],[108.2405,-6.9645],[108.2415,-6.9545]]]},"properties":{"code":"32.10.02.2017","name":"Babakansari","latitude":-6.958166888680854,"longitude":108.22189416804785}},{"type":"Feature","geometry":{"type":"Polygon","coordinates":[[[108.269,-6.97],[108.268,-6.971],[108.267,-6.971],[108.267,-6.9695],[108.2645,-6.969],[108.264,-6.9685],[108.2625,-6.969],[108.2605,-6.9765],[108.258,-6.9795],[108.2455,-6.9845],[108.2445,-6.9845],[108.245,-6.987],[108.2455,-6.9885],[108.2475,-6.9935],[108.2485,-6.995],[108.254,-6.995],[108.2555,-6.995],[108.265,-6.9955],[108.266,-6.9935],[108.2705,-6.991],[108.272,-6.9905],[108.2735,-6.9765],[108.2735,-6.9755],[108.274,-6.9735],[108.273,-6.9725],[108.272,-6.972],[108.2695,-6.97],[108.269,-6.97]]]},"properties":{"code":"32.10.02.2018","name":"Silihwangi","latitude":-6.984141974656524,"longitude":108.26156111461036}},{"type":"Feature","geometry":{"type":"Polygon","coordinates":[[[108.257,-7.0125],[108.2565,-7.0115],[108.2545,-7.009],[108.2535,-7.007],[108.253,-7.0045],[108.2515,-7.0025],[108.25,-7.003],[108.2475,-7.005],[108.2475,-7.0085],[108.236,-7.0205],[108.237,-7.022],[108.2365,-7.0225],[108.237,-7.0225],[108.238,-7.0225],[108.239,-7.023],[108.2495,-7.023],[108.254,-7.0225],[108.255,-7.0205],[108.2545,-7.0195],[108.2545,-7.0185],[108.256,-7.0155],[108.2565,-7.0135],[108.257,-7.0125]]]},"properties":{"code":"32.10.02.2022","name":"Sindanghurip","latitude":-7.015157161202739,"longitude":108.24716162973898}},{"type":"Feature","geometry":{"type":"MultiPolygon","coordinates":[[[[108.3485,-7.0225],[108.348,-7.022],[108.342,-7.0235],[108.342,-7.025],[108.342,-7.0265],[108.342,-7.027],[108.342,-7.028],[108.342,-7.0295],[108.343,-7.0325],[108.3435,-7.0325],[108.344,-7.0335],[108.345,-7.0325],[108.3485,-7.0225]]],[[[108.3575,-6.9835],[108.358,-6.9835],[108.3575,-6.983],[108.3575,-6.9835],[108.3525,-6.988],[108.351,-6.9885],[108.3505,-6.9885],[108.348,-6.9885],[108.348,-6.989],[108.348,-6.9925],[108.3475,-6.995],[108.345,-6.9975],[108.346,-6.9985],[108.3505,-7.0025],[108.3515,-7.0015],[108.3515,-7.001],[108.352,-7],[108.3515,-6.9975],[108.3525,-6.996],[108.353,-6.9955],[108.352,-6.9945],[108.352,-6.994],[108.353,-6.9905],[108.3535,-6.99],[108.357,-6.9905],[108.3575,-6.9895],[108.358,-6.988],[108.3575,-6.9875],[108.3575,-6.987],[108.358,-6.9865],[108.3575,-6.9835]]]]},"properties":{"code":"32.10.03.2001","name":"Sukasari","latitude":-7.005065584393592,"longitude":108.34902546785088}},{"type":"Feature","geometry":{"type":"Polygon","coordinates":[[[108.388,-7.0365],[108.3855,-7.0345],[108.3815,-7.032],[108.367,-7.0315],[108.3655,-7.0325],[108.3655,-7.033],[108.3655,-7.0345],[108.366,-7.0355],[108.3665,-7.0365],[108.3675,-7.037],[108.3695,-7.038],[108.371,-7.0395],[108.373,-7.042],[108.374,-7.0455],[108.375,-7.046],[108.3775,-7.0475],[108.379,-7.0505],[108.38,-7.0505],[108.3845,-7.052],[108.3875,-7.052],[108.3875,-7.0515],[108.389,-7.0515],[108.3835,-7.0425],[108.383,-7.0415],[108.3865,-7.038],[108.388,-7.0365]]]},"properties":{"code":"32.10.03.2002","name":"Cisoka","latitude":-7.040430086965519,"longitude":108.37886979890845}},{"type":"Feature","geometry":{"type":"Polygon","coordinates":[[[108.388,-7.0175],[108.385,-7.0125],[108.384,-7.0115],[108.3775,-7.0235],[108.3765,-7.0245],[108.3725,-7.024],[108.371,-7.024],[108.3705,-7.0245],[108.3705,-7.0275],[108.3665,-7.0315],[108.367,-7.0315],[108.3815,-7.032],[108.3855,-7.0345],[108.388,-7.0365],[108.3895,-7.035],[108.394,-7.032],[108.388,-7.0175]]]},"properties":{"code":"32.10.03.2003","name":"Sindangpanji","latitude":-7.025337108796635,"longitude":108.3826080489281}},{"type":"Feature","geometry":{"type":"Polygon","coordinates":[[[108.37,-7.016],[108.369,-7.0155],[108.3685,-7.016],[108.3675,-7.016],[108.366,-7.0155],[108.3645,-7.0175],[108.365,-7.019],[108.365,-7.022],[108.365,-7.023],[108.3575,-7.0255],[108.3565,-7.0255],[108.3565,-7.026],[108.357,-7.026],[108.3565,-7.027],[108.3575,-7.027],[108.3595,-7.03],[108.36,-7.0305],[108.363,-7.0305],[108.364,-7.032],[108.3645,-7.0325],[108.3655,-7.033],[108.3655,-7.0325],[108.3665,-7.0315],[108.3705,-7.0275],[108.3705,-7.0245],[108.371,-7.024],[108.373,-7.0235],[108.3735,-7.0225],[108.373,-7.021],[108.3695,-7.016],[108.37,-7.016]]]},"properties":{"code":"32.10.03.2004","name":"Cikijing","latitude":-7.023906331192968,"longitude":108.36620642395607}},{"type":"Feature","geometry":{"type":"Polygon","coordinates":[[[108.3435,-6.9975],[108.342,-6.9965],[108.3375,-6.9935],[108.335,-6.9915],[108.3335,-6.994],[108.331,-6.994],[108.33,-6.9975],[108.329,-7.001],[108.3325,-7.0055],[108.332,-7.007],[108.328,-7.0065],[108.327,-7.006],[108.326,-7.0065],[108.327,-7.0075],[108.3265,-7.008],[108.327,-7.0085],[108.327,-7.009],[108.327,-7.0095],[108.328,-7.0105],[108.333,-7.015],[108.3335,-7.015],[108.339,-7.0145],[108.339,-7.0135],[108.3395,-7.0065],[108.3415,-7.0035],[108.3435,-6.9975]]]},"properties":{"code":"32.10.03.2005","name":"Sindang","latitude":-7.003465268190038,"longitude":108.33528985665555}},{"type":"Feature","geometry":{"type":"Polygon","coordinates":[[[108.3445,-6.998],[108.3435,-6.9975],[108.3415,-7.0035],[108.3395,-7.0065],[108.339,-7.0135],[108.34,-7.0165],[108.3405,-7.017],[108.342,-7.021],[108.3415,-7.023],[108.342,-7.0235],[108.348,-7.022],[108.348,-7.0215],[108.3485,-7.0205],[108.349,-7.02],[108.3505,-7.015],[108.3505,-7.014],[108.349,-7.012],[108.35,-7.011],[108.3525,-7.0095],[108.351,-7.0045],[108.3505,-7.0035],[108.35,-7.003],[108.3505,-7.0025],[108.346,-6.9985],[108.3445,-6.998]]]},"properties":{"code":"32.10.03.2006","name":"Banjaransari","latitude":-7.011134928890878,"longitude":108.34505207717174}},{"type":"Feature","geometry":{"type":"Polygon","coordinates":[[[108.3635,-7.011],[108.3635,-7.0105],[108.3605,-7.009],[108.359,-7.009],[108.3585,-7.009],[108.3575,-7.009],[108.357,-7.009],[108.355,-7.01],[108.354,-7.0095],[108.353,-7.0095],[108.3525,-7.0095],[108.35,-7.011],[108.349,-7.012],[108.3505,-7.014],[108.3505,-7.015],[108.349,-7.02],[108.349,-7.0205],[108.353,-7.023],[108.3535,-7.022],[108.354,-7.0225],[108.356,-7.0195],[108.358,-7.0195],[108.359,-7.019],[108.3605,-7.0195],[108.3635,-7.011]]]},"properties":{"code":"32.10.03.2007","name":"Kasturi","latitude":-7.015013773029714,"longitude":108.3555865280861}},{"type":"Feature","geometry":{"type":"MultiPolygon","coordinates":[[[[108.365,-7.019],[108.364,-7.018],[108.3635,-7.0195],[108.363,-7.0195],[108.3605,-7.0195],[108.359,-7.019],[108.358,-7.0195],[108.356,-7.0195],[108.354,-7.0225],[108.3565,-7.0245],[108.3565,-7.0255],[108.3575,-7.0255],[108.365,-7.023],[108.365,-7.022],[108.365,-7.019]]],[[[108.383,-7.0065],[108.374,-7.01],[108.372,-7.01],[108.37,-7.01],[108.3695,-7.0105],[108.37,-7.0155],[108.3695,-7.016],[108.373,-7.021],[108.3735,-7.0225],[108.373,-7.0235],[108.3725,-7.024],[108.3765,-7.0245],[108.3775,-7.0235],[108.384,-7.0115],[108.3835,-7.0105],[108.3835,-7.008],[108.383,-7.0065]]]]},"properties":{"code":"32.10.03.2008","name":"Cidulang","latitude":-7.016493058155139,"longitude":108.3718328042222}},{"type":"Feature","geometry":{"type":"Polygon","coordinates":[[[108.3775,-6.9915],[108.376,-6.9915],[108.3755,-6.9955],[108.373,-6.996],[108.3715,-6.9975],[108.3675,-6.9985],[108.362,-7.0055],[108.361,-7.006],[108.36,-7.0075],[108.3605,-7.009],[108.3635,-7.0105],[108.3645,-7.01],[108.3695,-7.01],[108.37,-7.01],[108.372,-7.01],[108.374,-7.01],[108.383,-7.0065],[108.3825,-7.0005],[108.3835,-6.9975],[108.384,-6.996],[108.383,-6.993],[108.3835,-6.9915],[108.3825,-6.994],[108.379,-6.9935],[108.3775,-6.9915]]]},"properties":{"code":"32.10.03.2009","name":"Jagasari","latitude":-7.00242980458149,"longitude":108.37359474799696}},{"type":"Feature","geometry":{"type":"Polygon","coordinates":[[[108.3615,-6.9975],[108.3615,-6.9955],[108.352,-7.0005],[108.3515,-7.001],[108.3515,-7.0015],[108.3505,-7.0025],[108.35,-7.003],[108.3505,-7.0035],[108.351,-7.0045],[108.3525,-7.0095],[108.353,-7.0095],[108.354,-7.0095],[108.355,-7.01],[108.357,-7.009],[108.3575,-7.009],[108.3585,-7.009],[108.359,-7.009],[108.36,-7.0075],[108.361,-7.006],[108.362,-7.0055],[108.3675,-6.9985],[108.3675,-6.998],[108.3655,-6.997],[108.3615,-6.9975]]]},"properties":{"code":"32.10.03.2010","name":"Bagjasari","latitude":-7.002714636605242,"longitude":108.35847409203039}},{"type":"Feature","geometry":{"type":"Polygon","coordinates":[[[108.364,-6.988],[108.362,-6.989],[108.361,-6.989],[108.359,-6.988],[108.358,-6.987],[108.3575,-6.987],[108.358,-6.988],[108.3575,-6.9895],[108.357,-6.9905],[108.3535,-6.99],[108.353,-6.9905],[108.352,-6.994],[108.352,-6.9945],[108.353,-6.9955],[108.3525,-6.996],[108.3515,-6.9975],[108.352,-7],[108.352,-7.0005],[108.3615,-6.9955],[108.3625,-6.9955],[108.364,-6.988]]]},"properties":{"code":"32.10.03.2011","name":"Sunalari","latitude":-6.993805272895854,"longitude":108.35724225381848}},{"type":"Feature","geometry":{"type":"Polygon","coordinates":[[[108.3865,-6.952],[108.3775,-6.9575],[108.3765,-6.9585],[108.3765,-6.959],[108.3775,-6.9595],[108.38,-6.9645],[108.3765,-6.989],[108.3775,-6.9915],[108.379,-6.9935],[108.3825,-6.994],[108.3835,-6.9915],[108.384,-6.9905],[108.385,-6.9615],[108.385,-6.959],[108.386,-6.9525],[108.3865,-6.952]]]},"properties":{"code":"32.10.03.2012","name":"Cipulus","latitude":-6.9729679532384194,"longitude":108.38126653086982}},{"type":"Feature","geometry":{"type":"Polygon","coordinates":[[[108.376,-6.9915],[108.3765,-6.989],[108.38,-6.9645],[108.3775,-6.9595],[108.377,-6.9595],[108.3735,-6.961],[108.362,-6.9815],[108.3615,-6.982],[108.3585,-6.9825],[108.3575,-6.983],[108.3575,-6.9835],[108.358,-6.9865],[108.3575,-6.987],[108.358,-6.987],[108.359,-6.988],[108.361,-6.989],[108.362,-6.989],[108.365,-6.987],[108.3665,-6.9865],[108.367,-6.986],[108.368,-6.985],[108.3705,-6.984],[108.372,-6.9855],[108.3685,-6.9925],[108.3695,-6.9975],[108.3675,-6.9985],[108.3715,-6.9975],[108.373,-6.996],[108.3755,-6.9955],[108.376,-6.9915]]]},"properties":{"code":"32.10.03.2013","name":"Kancana","latitude":-6.978401215510787,"longitude":108.37106985273617}},{"type":"Feature","geometry":{"type":"Polygon","coordinates":[[[108.3695,-7.01],[108.3645,-7.01],[108.3635,-7.011],[108.3605,-7.0195],[108.363,-7.0195],[108.3635,-7.0195],[108.364,-7.018],[108.3645,-7.0175],[108.366,-7.0155],[108.3675,-7.016],[108.3685,-7.016],[108.369,-7.0155],[108.37,-7.016],[108.37,-7.0155],[108.3695,-7.0105],[108.3695,-7.01]]]},"properties":{"code":"32.10.03.2014","name":"Sukamukti","latitude":-7.014291341121236,"longitude":108.36517696687501}},{"type":"Feature","geometry":{"type":"Polygon","coordinates":[[[108.3675,-6.998],[108.3695,-6.9975],[108.3685,-6.9925],[108.372,-6.9855],[108.3705,-6.984],[108.368,-6.985],[108.367,-6.986],[108.3665,-6.9865],[108.365,-6.987],[108.364,-6.988],[108.3625,-6.9955],[108.3615,-6.9975],[108.3655,-6.997],[108.3675,-6.998]]]},"properties":{"code":"32.10.03.2015","name":"Cilangcang","latitude":-6.991071319817543,"longitude":108.36773863605428}},{"type":"Feature","geometry":{"type":"Polygon","coordinates":[[[108.296,-6.9975],[108.2825,-7],[108.2815,-7],[108.278,-7.0015],[108.2875,-7.01],[108.285,-7.018],[108.285,-7.0195],[108.285,-7.02],[108.2845,-7.02],[108.285,-7.024],[108.287,-7.025],[108.2935,-7.021],[108.294,-7.0205],[108.2975,-7.0185],[108.298,-7.015],[108.3,-7.013],[108.3005,-7.011],[108.3015,-7.0035],[108.3,-7.0015],[108.299,-7.001],[108.2975,-7.001],[108.2965,-7],[108.296,-6.998],[108.296,-6.9975]]]},"properties":{"code":"32.10.04.2001","name":"Lampuyang","latitude":-7.008655456185171,"longitude":108.29138001428105}},{"type":"Feature","geometry":{"type":"Polygon","coordinates":[[[108.309,-7.021],[108.3095,-7.0205],[108.3085,-7.0195],[108.3095,-7.019],[108.3,-7.013],[108.298,-7.015],[108.2975,-7.0185],[108.294,-7.0205],[108.2935,-7.0225],[108.2915,-7.0245],[108.291,-7.0255],[108.2985,-7.032],[108.2995,-7.031],[108.3045,-7.024],[108.306,-7.0235],[108.3085,-7.021],[108.309,-7.021]]]},"properties":{"code":"32.10.04.2002","name":"Cibeureum","latitude":-7.022100400949587,"longitude":108.30002927674565}},{"type":"Feature","geometry":{"type":"Polygon","coordinates":[[[108.312,-7.002],[108.31,-7.002],[108.3025,-7.002],[108.3015,-7.0035],[108.3005,-7.011],[108.3,-7.013],[108.3095,-7.019],[108.3085,-7.0195],[108.3095,-7.0205],[108.309,-7.021],[108.31,-7.0215],[108.3105,-7.0205],[108.311,-7.0195],[108.316,-7.0155],[108.317,-7.0145],[108.318,-7.0135],[108.318,-7.013],[108.3175,-7.013],[108.3185,-7.0125],[108.318,-7.012],[108.3175,-7.012],[108.318,-7.0115],[108.318,-7.0105],[108.3165,-7.007],[108.3155,-7.005],[108.312,-7.002]]]},"properties":{"code":"32.10.04.2003","name":"Cikeusal","latitude":-7.010433837678279,"longitude":108.3089236299088}},{"type":"Feature","geometry":{"type":"Polygon","coordinates":[[[108.327,-7.0095],[108.327,-7.009],[108.327,-7.0085],[108.3265,-7.008],[108.327,-7.0075],[108.326,-7.0065],[108.327,-7.006],[108.328,-7.0065],[108.332,-7.007],[108.3325,-7.0055],[108.329,-7.001],[108.33,-6.9975],[108.331,-6.994],[108.3305,-6.994],[108.319,-6.997],[108.3185,-6.998],[108.32,-6.999],[108.319,-7],[108.32,-7.001],[108.323,-7.006],[108.324,-7.006],[108.324,-7.0065],[108.327,-7.0095]]]},"properties":{"code":"32.10.04.2004","name":"Jatipamor","latitude":-7.001636742376304,"longitude":108.32631519666504}},{"type":"Feature","geometry":{"type":"Polygon","coordinates":[[[108.348,-6.9885],[108.3465,-6.987],[108.345,-6.982],[108.3455,-6.9805],[108.345,-6.974],[108.345,-6.973],[108.344,-6.974],[108.3435,-6.975],[108.3435,-6.977],[108.337,-6.98],[108.3355,-6.981],[108.3345,-6.9805],[108.333,-6.982],[108.331,-6.984],[108.331,-6.9845],[108.33,-6.985],[108.3325,-6.989],[108.3375,-6.9935],[108.342,-6.9965],[108.3445,-6.998],[108.345,-6.9975],[108.3475,-6.995],[108.348,-6.9925],[108.348,-6.989],[108.348,-6.9885]]]},"properties":{"code":"32.10.04.2005","name":"Argasari","latitude":-6.986866502772395,"longitude":108.3404222160207}},{"type":"Feature","geometry":{"type":"Polygon","coordinates":[[[108.334,-6.9905],[108.326,-6.991],[108.3235,-6.992],[108.314,-6.993],[108.3125,-6.993],[108.312,-6.9935],[108.314,-6.9965],[108.314,-6.997],[108.3145,-6.997],[108.3145,-6.9965],[108.316,-6.996],[108.3165,-6.996],[108.3185,-6.9995],[108.32,-6.999],[108.3185,-6.998],[108.319,-6.997],[108.3305,-6.994],[108.3335,-6.994],[108.335,-6.9915],[108.334,-6.9905]]]},"properties":{"code":"32.10.04.2006","name":"Cicanir","latitude":-6.994061557536486,"longitude":108.32323775475182}},{"type":"Feature","geometry":{"type":"Polygon","coordinates":[[[108.3095,-6.989],[108.298,-6.994],[108.296,-6.994],[108.2955,-6.994],[108.2965,-6.9975],[108.296,-6.998],[108.2965,-7],[108.2975,-7.001],[108.299,-7.001],[108.3,-7.0015],[108.3025,-7.002],[108.31,-7.002],[108.312,-7.002],[108.3155,-7.005],[108.316,-7.0055],[108.317,-7.0055],[108.317,-7.0045],[108.3145,-6.998],[108.3145,-6.997],[108.314,-6.997],[108.314,-6.9965],[108.312,-6.9935],[108.3125,-6.992],[108.3125,-6.9915],[108.312,-6.9905],[108.3095,-6.989]]]},"properties":{"code":"32.10.04.2007","name":"Campaga","latitude":-6.996876512276479,"longitude":108.30621236845907}},{"type":"Feature","geometry":{"type":"MultiPolygon","coordinates":[[[[108.3165,-6.9725],[108.316,-6.971],[108.3155,-6.9715],[108.3145,-6.9715],[108.3115,-6.9715],[108.3095,-6.9715],[108.3085,-6.972],[108.3085,-6.9725],[108.3085,-6.9735],[108.31,-6.9735],[108.3125,-6.9745],[108.3165,-6.973],[108.316,-6.9725],[108.3165,-6.9725]]],[[[108.2995,-6.9675],[108.2995,-6.967],[108.299,-6.9675],[108.297,-6.968],[108.296,-6.968],[108.292,-6.969],[108.2895,-6.969],[108.287,-6.972],[108.2915,-6.975],[108.292,-6.9755],[108.2985,-6.9765],[108.301,-6.976],[108.3015,-6.976],[108.3025,-6.9765],[108.303,-6.9765],[108.306,-6.973],[108.306,-6.9725],[108.3055,-6.9725],[108.305,-6.9725],[108.3005,-6.9725],[108.3005,-6.9715],[108.3035,-6.97],[108.304,-6.9695],[108.3045,-6.9695],[108.304,-6.968],[108.2995,-6.9675]]]]},"properties":{"code":"32.10.04.2008","name":"Sukaperna","latitude":-6.972275404151059,"longitude":108.29926500540692}},{"type":"Feature","geometry":{"type":"MultiPolygon","coordinates":[[[[108.353,-7.023],[108.349,-7.0205],[108.3485,-7.0205],[108.348,-7.0215],[108.3485,-7.0225],[108.345,-7.0325],[108.344,-7.034],[108.344,-7.035],[108.344,-7.0365],[108.347,-7.036],[108.348,-7.0355],[108.3505,-7.0345],[108.351,-7.034],[108.356,-7.0305],[108.3565,-7.0305],[108.357,-7.031],[108.357,-7.0315],[108.3575,-7.0315],[108.3595,-7.0315],[108.36,-7.0305],[108.3595,-7.03],[108.3575,-7.027],[108.3565,-7.027],[108.357,-7.026],[108.3565,-7.026],[108.3565,-7.0255],[108.3565,-7.0245],[108.354,-7.0225],[108.3535,-7.022],[108.353,-7.023]]],[[[108.319,-7.013],[108.319,-7.0125],[108.3185,-7.0125],[108.318,-7.012],[108.3185,-7.0125],[108.3175,-7.013],[108.318,-7.013],[108.3185,-7.0135],[108.319,-7.013]]],[[[108.3225,-7.006],[108.319,-7.0015],[108.317,-7.003],[108.317,-7.0055],[108.316,-7.0055],[108.3165,-7.007],[108.318,-7.0105],[108.3195,-7.0115],[108.3195,-7.01],[108.32,-7.01],[108.3205,-7.009],[108.3225,-7.0065],[108.3225,-7.006]]],[[[108.3055,-6.9695],[108.3055,-6.969],[108.305,-6.969],[108.3045,-6.9695],[108.304,-6.9695],[108.3035,-6.97],[108.3005,-6.9715],[108.3005,-6.9725],[108.305,-6.9725],[108.3055,-6.9725],[108.306,-6.9725],[108.306,-6.973],[108.303,-6.9765],[108.303,-6.9775],[108.297,-6.983],[108.2865,-6.9805],[108.2865,-6.981],[108.287,-6.9835],[108.2875,-6.9835],[108.288,-6.983],[108.29,-6.9845],[108.2905,-6.9855],[108.29,-6.987],[108.29,-6.9875],[108.2905,-6.988],[108.291,-6.9885],[108.2925,-6.9905],[108.2945,-6.9925],[108.294,-6.993],[108.2955,-6.994],[108.296,-6.994],[108.298,-6.994],[108.3095,-6.989],[108.3115,-6.9765],[108.31,-6.9735],[108.3085,-6.9735],[108.3085,-6.9725],[108.3085,-6.972],[108.308,-6.972],[108.3065,-6.972],[108.306,-6.971],[108.3055,-6.9705],[108.3055,-6.9695]]]]},"properties":{"code":"32.10.04.2009","name":"Talagakulon","latitude":-6.998569538573016,"longitude":108.31713885774109}},{"type":"Feature","geometry":{"type":"MultiPolygon","coordinates":[[[[108.324,-7.0065],[108.324,-7.006],[108.323,-7.006],[108.3225,-7.006],[108.3225,-7.0065],[108.3205,-7.009],[108.32,-7.01],[108.3215,-7.011],[108.3215,-7.0115],[108.3225,-7.012],[108.322,-7.012],[108.323,-7.013],[108.324,-7.0135],[108.3245,-7.014],[108.3255,-7.0145],[108.326,-7.0145],[108.3265,-7.015],[108.334,-7.0155],[108.333,-7.015],[108.328,-7.0105],[108.327,-7.0095],[108.324,-7.0065]]],[[[108.316,-6.996],[108.3145,-6.9965],[108.3145,-6.998],[108.317,-7.0045],[108.317,-7.003],[108.319,-7.0015],[108.32,-7.001],[108.319,-7],[108.3185,-6.9995],[108.3165,-6.996],[108.316,-6.996]]],[[[108.3165,-6.973],[108.3125,-6.9745],[108.3115,-6.9765],[108.3095,-6.989],[108.312,-6.9905],[108.3125,-6.9915],[108.3125,-6.992],[108.3125,-6.993],[108.314,-6.993],[108.3235,-6.992],[108.3245,-6.9915],[108.325,-6.989],[108.325,-6.9875],[108.3215,-6.987],[108.3175,-6.9865],[108.3185,-6.983],[108.3185,-6.9825],[108.3215,-6.979],[108.3215,-6.978],[108.321,-6.9755],[108.319,-6.9765],[108.317,-6.9775],[108.3165,-6.973]]]]},"properties":{"code":"32.10.04.2010","name":"Talagawetan","latitude":-6.993135060998116,"longitude":108.31917842453272}},{"type":"Feature","geometry":{"type":"Polygon","coordinates":[[[108.3315,-6.9775],[108.319,-6.9825],[108.3185,-6.983],[108.3175,-6.9865],[108.319,-6.9865],[108.324,-6.986],[108.3265,-6.983],[108.33,-6.984],[108.33,-6.985],[108.331,-6.984],[108.333,-6.982],[108.334,-6.981],[108.3315,-6.978],[108.3315,-6.9775]]]},"properties":{"code":"32.10.04.2011","name":"Ganeas","latitude":-6.9826394404501455,"longitude":108.3257614023448}},{"type":"Feature","geometry":{"type":"Polygon","coordinates":[[[108.33,-6.985],[108.33,-6.984],[108.3265,-6.983],[108.324,-6.986],[108.319,-6.9865],[108.3215,-6.987],[108.325,-6.9875],[108.325,-6.989],[108.3245,-6.9915],[108.326,-6.991],[108.334,-6.9905],[108.3325,-6.989],[108.33,-6.985]]]},"properties":{"code":"32.10.04.2012","name":"Salado","latitude":-6.987354954271163,"longitude":108.32790136407137}},{"type":"Feature","geometry":{"type":"Polygon","coordinates":[[[108.401,-6.936],[108.3985,-6.934],[108.396,-6.933],[108.394,-6.9315],[108.392,-6.9325],[108.384,-6.9445],[108.358,-6.9585],[108.349,-6.9645],[108.3485,-6.965],[108.346,-6.9705],[108.345,-6.9725],[108.345,-6.973],[108.345,-6.974],[108.3455,-6.9805],[108.345,-6.982],[108.3465,-6.987],[108.3505,-6.9885],[108.351,-6.9885],[108.3525,-6.988],[108.3575,-6.9835],[108.358,-6.983],[108.3585,-6.9825],[108.361,-6.982],[108.3665,-6.9635],[108.367,-6.9615],[108.374,-6.9595],[108.377,-6.9595],[108.3765,-6.959],[108.3765,-6.9585],[108.3775,-6.9575],[108.3865,-6.952],[108.3875,-6.9515],[108.388,-6.948],[108.3895,-6.946],[108.395,-6.941],[108.3995,-6.936],[108.401,-6.936]]]},"properties":{"code":"32.10.04.2013","name":"Gunungmanik","latitude":-6.962614397936936,"longitude":108.36581692788663}},{"type":"Feature","geometry":{"type":"Polygon","coordinates":[[[108.3735,-6.961],[108.374,-6.9595],[108.367,-6.9615],[108.3665,-6.9635],[108.361,-6.982],[108.3615,-6.982],[108.362,-6.9815],[108.3735,-6.961]]]},"properties":{"code":"32.10.04.2014","name":"Kertarahayu","latitude":-6.969791565310504,"longitude":108.36643053471535}},{"type":"Feature","geometry":{"type":"Polygon","coordinates":[[[108.287,-6.972],[108.2825,-6.972],[108.2805,-6.973],[108.28,-6.9735],[108.2795,-6.9735],[108.2795,-6.974],[108.281,-6.99],[108.282,-6.989],[108.283,-6.9885],[108.2835,-6.9905],[108.2845,-6.99],[108.285,-6.99],[108.286,-6.988],[108.287,-6.987],[108.2885,-6.9845],[108.288,-6.984],[108.288,-6.9835],[108.2885,-6.983],[108.288,-6.983],[108.2875,-6.9835],[108.287,-6.9835],[108.2865,-6.981],[108.2865,-6.9805],[108.297,-6.983],[108.303,-6.9775],[108.3025,-6.9765],[108.3015,-6.976],[108.301,-6.976],[108.2985,-6.9765],[108.292,-6.9755],[108.2915,-6.975],[108.287,-6.972]]]},"properties":{"code":"32.10.04.2015","name":"Mekarraharja","latitude":-6.979693533931959,"longitude":108.28894063342706}},{"type":"Feature","geometry":{"type":"Polygon","coordinates":[[[108.2845,-7.02],[108.285,-7.02],[108.285,-7.0195],[108.285,-7.018],[108.2875,-7.01],[108.278,-7.0015],[108.2715,-7.0035],[108.268,-7.0135],[108.269,-7.0155],[108.2825,-7.019],[108.284,-7.02],[108.2845,-7.02]]]},"properties":{"code":"32.10.04.2016","name":"Margamukti","latitude":-7.010808960889804,"longitude":108.2784783793934}},{"type":"Feature","geometry":{"type":"Polygon","coordinates":[[[108.2955,-6.994],[108.294,-6.993],[108.2945,-6.9925],[108.2925,-6.9905],[108.291,-6.9885],[108.29,-6.988],[108.29,-6.987],[108.2905,-6.986],[108.2905,-6.9855],[108.29,-6.9845],[108.2885,-6.983],[108.288,-6.9835],[108.288,-6.984],[108.2885,-6.9845],[108.287,-6.987],[108.286,-6.988],[108.285,-6.99],[108.2845,-6.99],[108.2835,-6.9905],[108.283,-6.9885],[108.282,-6.989],[108.281,-6.99],[108.2815,-6.9935],[108.2815,-6.9965],[108.282,-6.999],[108.2815,-7],[108.2825,-7],[108.296,-6.9975],[108.2965,-6.9975],[108.2955,-6.994]]]},"properties":{"code":"32.10.04.2017","name":"Mekarhurip","latitude":-6.992715340263412,"longitude":108.2875377551313}},{"type":"Feature","geometry":{"type":"Polygon","coordinates":[[[108.309,-6.908],[108.307,-6.907],[108.3045,-6.907],[108.3045,-6.911],[108.3045,-6.913],[108.303,-6.915],[108.3025,-6.915],[108.3055,-6.9225],[108.3125,-6.9225],[108.315,-6.9275],[108.3175,-6.9295],[108.3195,-6.93],[108.321,-6.93],[108.3215,-6.931],[108.323,-6.9295],[108.325,-6.9285],[108.329,-6.9275],[108.33,-6.9275],[108.3385,-6.928],[108.3355,-6.926],[108.334,-6.926],[108.332,-6.925],[108.3275,-6.922],[108.3245,-6.921],[108.3245,-6.9195],[108.324,-6.92],[108.3235,-6.9195],[108.323,-6.919],[108.3225,-6.919],[108.3215,-6.919],[108.3165,-6.9145],[108.3145,-6.9145],[108.314,-6.914],[108.313,-6.913],[108.308,-6.908],[108.309,-6.908]]]},"properties":{"code":"32.10.05.2001","name":"Sagara","latitude":-6.920761664580146,"longitude":108.31646918887924}},{"type":"Feature","geometry":{"type":"Polygon","coordinates":[[[108.402,-6.928],[108.3985,-6.9255],[108.3955,-6.927],[108.39,-6.9255],[108.387,-6.9265],[108.383,-6.924],[108.3755,-6.9265],[108.34,-6.924],[108.338,-6.924],[108.338,-6.9265],[108.337,-6.9265],[108.3365,-6.927],[108.3385,-6.928],[108.33,-6.9275],[108.329,-6.9275],[108.325,-6.9285],[108.332,-6.9355],[108.333,-6.936],[108.3335,-6.9365],[108.3345,-6.937],[108.335,-6.937],[108.3355,-6.9365],[108.3375,-6.9365],[108.3415,-6.935],[108.3425,-6.9355],[108.344,-6.935],[108.36,-6.9335],[108.3655,-6.9335],[108.374,-6.931],[108.3775,-6.9305],[108.383,-6.9285],[108.387,-6.9305],[108.3875,-6.9315],[108.3885,-6.932],[108.393,-6.9315],[108.394,-6.9315],[108.396,-6.933],[108.3985,-6.934],[108.401,-6.936],[108.4015,-6.9355],[108.402,-6.928]]]},"properties":{"code":"32.10.05.2002","name":"Cibunut","latitude":-6.9294271477769565,"longitude":108.36023853817865}},{"type":"Feature","geometry":{"type":"Polygon","coordinates":[[[108.3335,-6.915],[108.333,-6.9145],[108.332,-6.914],[108.329,-6.9155],[108.327,-6.92],[108.325,-6.9195],[108.3235,-6.9195],[108.3245,-6.9195],[108.3245,-6.921],[108.3275,-6.922],[108.332,-6.925],[108.334,-6.926],[108.3355,-6.926],[108.3365,-6.927],[108.337,-6.9265],[108.338,-6.9265],[108.338,-6.924],[108.34,-6.924],[108.3755,-6.9265],[108.383,-6.924],[108.387,-6.9265],[108.39,-6.9255],[108.3955,-6.927],[108.3985,-6.9255],[108.402,-6.928],[108.402,-6.9255],[108.4025,-6.9225],[108.402,-6.9185],[108.4025,-6.916],[108.3975,-6.9175],[108.3955,-6.9155],[108.3885,-6.918],[108.3625,-6.9195],[108.35,-6.9165],[108.349,-6.9165],[108.3465,-6.918],[108.344,-6.9195],[108.3395,-6.9185],[108.335,-6.9155],[108.3335,-6.915]]]},"properties":{"code":"32.10.05.2003","name":"Tejamulya","latitude":-6.921371190016996,"longitude":108.36647703268606}},{"type":"Feature","geometry":{"type":"Polygon","coordinates":[[[108.313,-6.901],[108.312,-6.9],[108.309,-6.8975],[108.3085,-6.8975],[108.307,-6.9055],[108.309,-6.908],[108.3095,-6.908],[108.312,-6.9075],[108.3315,-6.9125],[108.3295,-6.9145],[108.3295,-6.915],[108.332,-6.914],[108.333,-6.9145],[108.3345,-6.915],[108.3355,-6.915],[108.336,-6.9155],[108.3385,-6.9155],[108.339,-6.9155],[108.3415,-6.9165],[108.345,-6.9175],[108.3495,-6.9165],[108.3505,-6.914],[108.35,-6.9135],[108.3475,-6.9125],[108.3465,-6.9115],[108.3425,-6.91],[108.3415,-6.909],[108.329,-6.905],[108.324,-6.9025],[108.322,-6.902],[108.319,-6.903],[108.3185,-6.902],[108.3165,-6.902],[108.313,-6.901]]]},"properties":{"code":"32.10.05.2004","name":"Sukasari Kaler","latitude":-6.908712047277673,"longitude":108.32885149514887}},{"type":"Feature","geometry":{"type":"Polygon","coordinates":[[[108.4025,-6.916],[108.4025,-6.915],[108.4035,-6.912],[108.4035,-6.909],[108.404,-6.9035],[108.4065,-6.898],[108.401,-6.8995],[108.3855,-6.9035],[108.3705,-6.8995],[108.3525,-6.907],[108.353,-6.9085],[108.3535,-6.909],[108.3525,-6.9095],[108.352,-6.9105],[108.352,-6.9125],[108.352,-6.913],[108.3505,-6.914],[108.3495,-6.9165],[108.349,-6.9165],[108.35,-6.9165],[108.3625,-6.9195],[108.3885,-6.918],[108.3955,-6.9155],[108.3975,-6.9175],[108.4025,-6.916]]]},"properties":{"code":"32.10.05.2005","name":"Argamukti","latitude":-6.909777990199988,"longitude":108.37783633266147}},{"type":"Feature","geometry":{"type":"Polygon","coordinates":[[[108.328,-6.8945],[108.3275,-6.8945],[108.327,-6.895],[108.3255,-6.8935],[108.3245,-6.8955],[108.3265,-6.8965],[108.324,-6.8985],[108.32,-6.898],[108.3205,-6.9025],[108.322,-6.902],[108.324,-6.9025],[108.329,-6.905],[108.3415,-6.909],[108.342,-6.9095],[108.343,-6.9065],[108.3435,-6.9025],[108.342,-6.894],[108.3405,-6.8945],[108.328,-6.895],[108.328,-6.8945]]]},"properties":{"code":"32.10.05.2006","name":"Sukadana","latitude":-6.900580609417481,"longitude":108.33344951175486}},{"type":"Feature","geometry":{"type":"Polygon","coordinates":[[[108.322,-6.893],[108.313,-6.901],[108.3165,-6.902],[108.3185,-6.902],[108.3205,-6.9025],[108.32,-6.898],[108.324,-6.8985],[108.3265,-6.8965],[108.3245,-6.8955],[108.3255,-6.8935],[108.327,-6.895],[108.3275,-6.8945],[108.328,-6.8945],[108.327,-6.894],[108.3265,-6.8935],[108.325,-6.893],[108.3245,-6.8935],[108.324,-6.8935],[108.324,-6.894],[108.323,-6.8935],[108.322,-6.893]]]},"properties":{"code":"32.10.05.2007","name":"Sadasari","latitude":-6.896599304847379,"longitude":108.31788127854328}},{"type":"Feature","geometry":{"type":"Polygon","coordinates":[[[108.348,-6.89],[108.346,-6.889],[108.339,-6.888],[108.3375,-6.887],[108.3245,-6.8855],[108.322,-6.8845],[108.3215,-6.885],[108.321,-6.8845],[108.322,-6.893],[108.323,-6.8935],[108.324,-6.894],[108.324,-6.8935],[108.325,-6.893],[108.3265,-6.8935],[108.327,-6.894],[108.328,-6.8945],[108.328,-6.895],[108.3405,-6.8945],[108.345,-6.892],[108.348,-6.89]]]},"properties":{"code":"32.10.05.2008","name":"Haurseah","latitude":-6.890393632794843,"longitude":108.33250689689717}},{"type":"Feature","geometry":{"type":"Polygon","coordinates":[[[108.3405,-6.875],[108.34,-6.8745],[108.3225,-6.862],[108.322,-6.8615],[108.316,-6.872],[108.3145,-6.8745],[108.3155,-6.8765],[108.3155,-6.8775],[108.319,-6.878],[108.3205,-6.8785],[108.3405,-6.875]]]},"properties":{"code":"32.10.05.2009","name":"Mekarwangi","latitude":-6.871366410875004,"longitude":108.3255599580063}},{"type":"Feature","geometry":{"type":"Polygon","coordinates":[[[108.356,-6.8575],[108.339,-6.857],[108.3345,-6.8575],[108.3305,-6.8565],[108.331,-6.8575],[108.32,-6.857],[108.3205,-6.8575],[108.3215,-6.861],[108.3225,-6.862],[108.34,-6.8745],[108.3405,-6.8755],[108.342,-6.876],[108.343,-6.877],[108.3435,-6.8785],[108.345,-6.8795],[108.346,-6.8805],[108.352,-6.885],[108.354,-6.8855],[108.3545,-6.886],[108.3565,-6.887],[108.357,-6.887],[108.358,-6.8875],[108.3585,-6.888],[108.36,-6.888],[108.361,-6.888],[108.3625,-6.8885],[108.37,-6.885],[108.3955,-6.893],[108.401,-6.893],[108.3975,-6.8885],[108.391,-6.8795],[108.364,-6.8645],[108.357,-6.859],[108.356,-6.8575]]]},"properties":{"code":"32.10.05.2010","name":"Cikaracak","latitude":-6.873995365061356,"longitude":108.3596643685097}},{"type":"Feature","geometry":{"type":"Polygon","coordinates":[[[108.3195,-6.8505],[108.3185,-6.851],[108.317,-6.8505],[108.3145,-6.8515],[108.314,-6.8525],[108.311,-6.853],[108.311,-6.8545],[108.3105,-6.8545],[108.311,-6.8565],[108.3105,-6.857],[108.3105,-6.8575],[108.3115,-6.8615],[108.313,-6.863],[108.3115,-6.869],[108.314,-6.872],[108.316,-6.872],[108.322,-6.8615],[108.3215,-6.861],[108.3205,-6.8575],[108.3195,-6.856],[108.3185,-6.8545],[108.319,-6.8535],[108.3185,-6.8515],[108.3195,-6.8505]]]},"properties":{"code":"32.10.05.2011","name":"Heubeulisuk","latitude":-6.861162664402493,"longitude":108.31579401143043}},{"type":"Feature","geometry":{"type":"MultiPolygon","coordinates":[[[[108.3345,-6.915],[108.3335,-6.915],[108.335,-6.9155],[108.3395,-6.9185],[108.344,-6.9195],[108.3465,-6.918],[108.345,-6.9175],[108.3415,-6.9165],[108.339,-6.9155],[108.3385,-6.9155],[108.336,-6.9155],[108.3355,-6.915],[108.3345,-6.915]]],[[[108.3315,-6.9125],[108.312,-6.9075],[108.3095,-6.908],[108.309,-6.908],[108.308,-6.908],[108.313,-6.913],[108.314,-6.914],[108.3145,-6.9145],[108.3165,-6.9145],[108.3215,-6.919],[108.3225,-6.919],[108.323,-6.919],[108.3235,-6.9195],[108.325,-6.9195],[108.327,-6.92],[108.329,-6.9155],[108.3295,-6.915],[108.3295,-6.9145],[108.3315,-6.9125]]]]},"properties":{"code":"32.10.05.2012","name":"Sukasari Kidul","latitude":-6.913380328758971,"longitude":108.32195285626372}},{"type":"Feature","geometry":{"type":"Polygon","coordinates":[[[108.3405,-6.875],[108.3205,-6.8785],[108.319,-6.878],[108.3155,-6.8775],[108.315,-6.88],[108.3195,-6.884],[108.3205,-6.8845],[108.3215,-6.885],[108.322,-6.8845],[108.3245,-6.8855],[108.3375,-6.887],[108.339,-6.888],[108.346,-6.889],[108.348,-6.89],[108.3485,-6.891],[108.35,-6.891],[108.375,-6.8925],[108.3795,-6.8955],[108.407,-6.8965],[108.4075,-6.895],[108.406,-6.895],[108.4035,-6.894],[108.3955,-6.893],[108.37,-6.885],[108.3625,-6.8885],[108.361,-6.888],[108.36,-6.888],[108.3585,-6.888],[108.358,-6.8875],[108.357,-6.887],[108.3565,-6.887],[108.3545,-6.886],[108.354,-6.8855],[108.352,-6.885],[108.346,-6.8805],[108.345,-6.8795],[108.3435,-6.8785],[108.343,-6.877],[108.342,-6.876],[108.3405,-6.8755],[108.3405,-6.875]]]},"properties":{"code":"32.10.05.2013","name":"Gunungwangi","latitude":-6.8860870606761635,"longitude":108.35193875776005}},{"type":"Feature","geometry":{"type":"Polygon","coordinates":[[[108.407,-6.8965],[108.3795,-6.8955],[108.375,-6.8925],[108.35,-6.891],[108.3485,-6.891],[108.348,-6.89],[108.345,-6.892],[108.342,-6.894],[108.3435,-6.9025],[108.343,-6.9065],[108.342,-6.9095],[108.3425,-6.91],[108.3465,-6.9115],[108.3475,-6.9125],[108.35,-6.9135],[108.352,-6.913],[108.352,-6.9125],[108.352,-6.9105],[108.3525,-6.9095],[108.3535,-6.909],[108.353,-6.9085],[108.3525,-6.907],[108.3705,-6.8995],[108.3855,-6.9035],[108.401,-6.8995],[108.4065,-6.898],[108.407,-6.8965]]]},"properties":{"code":"32.10.05.2014","name":"Argalingga","latitude":-6.899432172826755,"longitude":108.36599761956336}},{"type":"Feature","geometry":{"type":"Polygon","coordinates":[[[108.2915,-6.9265],[108.2895,-6.9255],[108.287,-6.925],[108.286,-6.9245],[108.2845,-6.9245],[108.281,-6.9395],[108.2805,-6.9405],[108.2825,-6.941],[108.284,-6.941],[108.2855,-6.9415],[108.287,-6.9415],[108.2895,-6.942],[108.2915,-6.948],[108.2925,-6.95],[108.2965,-6.9495],[108.299,-6.9495],[108.2995,-6.9495],[108.3005,-6.949],[108.302,-6.949],[108.303,-6.949],[108.304,-6.948],[108.304,-6.9475],[108.3045,-6.947],[108.3045,-6.946],[108.305,-6.9455],[108.3055,-6.945],[108.311,-6.939],[108.3105,-6.937],[108.3095,-6.9365],[108.3075,-6.9355],[108.3055,-6.9345],[108.304,-6.9345],[108.303,-6.934],[108.301,-6.933],[108.2915,-6.9265]]]},"properties":{"code":"32.10.06.2001","name":"Cihaur","latitude":-6.938540705604357,"longitude":108.2962695823325}},{"type":"Feature","geometry":{"type":"Polygon","coordinates":[[[108.3025,-6.915],[108.3005,-6.915],[108.2935,-6.9115],[108.292,-6.914],[108.291,-6.9145],[108.2905,-6.92],[108.291,-6.923],[108.2915,-6.926],[108.2915,-6.9265],[108.301,-6.933],[108.303,-6.934],[108.304,-6.9345],[108.3055,-6.9345],[108.3075,-6.9355],[108.3095,-6.9365],[108.3105,-6.937],[108.3125,-6.9385],[108.313,-6.9375],[108.315,-6.9345],[108.3185,-6.931],[108.3205,-6.931],[108.3215,-6.931],[108.321,-6.93],[108.3195,-6.93],[108.3175,-6.9295],[108.315,-6.9275],[108.3125,-6.9225],[108.3055,-6.9225],[108.3025,-6.915]]]},"properties":{"code":"32.10.06.2002","name":"Wanahayu","latitude":-6.9254794694906705,"longitude":108.30306919484629}},{"type":"Feature","geometry":{"type":"Polygon","coordinates":[[[108.291,-6.9145],[108.2895,-6.9145],[108.2885,-6.913],[108.279,-6.9045],[108.2625,-6.9],[108.259,-6.8975],[108.258,-6.8965],[108.2575,-6.895],[108.255,-6.897],[108.247,-6.8975],[108.245,-6.897],[108.2465,-6.8985],[108.25,-6.899],[108.263,-6.9135],[108.2655,-6.914],[108.2655,-6.9155],[108.2665,-6.9165],[108.2675,-6.9155],[108.268,-6.916],[108.2715,-6.9155],[108.2725,-6.9155],[108.2735,-6.917],[108.274,-6.9175],[108.277,-6.9195],[108.284,-6.924],[108.286,-6.9245],[108.287,-6.925],[108.2895,-6.9255],[108.2915,-6.9265],[108.2915,-6.926],[108.291,-6.923],[108.2905,-6.92],[108.291,-6.9145]]]},"properties":{"code":"32.10.06.2003","name":"Cengal","latitude":-6.910354887279318,"longitude":108.27116591442626}},{"type":"Feature","geometry":{"type":"Polygon","coordinates":[[[108.2955,-6.892],[108.2925,-6.8915],[108.2875,-6.893],[108.2875,-6.8935],[108.2895,-6.8995],[108.2885,-6.8995],[108.28,-6.9005],[108.2775,-6.9015],[108.272,-6.899],[108.27,-6.8975],[108.268,-6.896],[108.2645,-6.893],[108.264,-6.893],[108.263,-6.8935],[108.2575,-6.895],[108.258,-6.8965],[108.259,-6.8975],[108.2625,-6.9],[108.279,-6.9045],[108.2885,-6.913],[108.2895,-6.9145],[108.291,-6.9145],[108.292,-6.914],[108.2935,-6.9115],[108.3005,-6.915],[108.303,-6.915],[108.3045,-6.913],[108.3045,-6.911],[108.3035,-6.908],[108.3,-6.9055],[108.3,-6.905],[108.299,-6.904],[108.298,-6.904],[108.2985,-6.9025],[108.297,-6.903],[108.2955,-6.9025],[108.2955,-6.892]]]},"properties":{"code":"32.10.06.2004","name":"Anggrawati","latitude":-6.904862857278937,"longitude":108.28271269754302}},{"type":"Feature","geometry":{"type":"Polygon","coordinates":[[[108.281,-6.8785],[108.2685,-6.884],[108.2655,-6.884],[108.2665,-6.8875],[108.266,-6.889],[108.2645,-6.892],[108.2645,-6.8925],[108.264,-6.893],[108.2645,-6.893],[108.268,-6.896],[108.27,-6.8975],[108.272,-6.899],[108.2775,-6.9015],[108.28,-6.9005],[108.2885,-6.8995],[108.2895,-6.8995],[108.2875,-6.8935],[108.287,-6.8915],[108.2835,-6.885],[108.2835,-6.8845],[108.284,-6.8835],[108.283,-6.883],[108.281,-6.8805],[108.2815,-6.8795],[108.281,-6.8785]]]},"properties":{"code":"32.10.06.2005","name":"Cipicung","latitude":-6.891520289123516,"longitude":108.27725473437135}},{"type":"Feature","geometry":{"type":"Polygon","coordinates":[[[108.294,-6.8885],[108.288,-6.8845],[108.2855,-6.885],[108.2845,-6.8845],[108.284,-6.8845],[108.2835,-6.8845],[108.2835,-6.885],[108.287,-6.8915],[108.2875,-6.893],[108.2925,-6.8915],[108.2955,-6.892],[108.2955,-6.9025],[108.297,-6.903],[108.2985,-6.9025],[108.298,-6.904],[108.299,-6.904],[108.3,-6.905],[108.2995,-6.904],[108.297,-6.8935],[108.2955,-6.8905],[108.294,-6.8905],[108.294,-6.8885]]]},"properties":{"code":"32.10.06.2006","name":"Malongpong","latitude":-6.894222280852674,"longitude":108.2941941006261}},{"type":"Feature","geometry":{"type":"Polygon","coordinates":[[[108.3085,-6.8975],[108.3085,-6.8965],[108.301,-6.892],[108.3,-6.892],[108.297,-6.8925],[108.297,-6.8935],[108.2995,-6.904],[108.3,-6.9045],[108.3,-6.9055],[108.3035,-6.908],[108.3045,-6.907],[108.307,-6.907],[108.307,-6.9055],[108.3085,-6.8975]]]},"properties":{"code":"32.10.06.2007","name":"Tegalsari","latitude":-6.89996956043016,"longitude":108.30393130387118}},{"type":"Feature","geometry":{"type":"Polygon","coordinates":[[[108.3015,-6.875],[108.301,-6.8745],[108.3005,-6.8745],[108.2975,-6.876],[108.295,-6.88],[108.2915,-6.879],[108.291,-6.8775],[108.2905,-6.877],[108.2935,-6.886],[108.296,-6.887],[108.3095,-6.8885],[108.3095,-6.885],[108.308,-6.8825],[108.3025,-6.878],[108.302,-6.877],[108.3015,-6.875]]]},"properties":{"code":"32.10.06.2008","name":"Maja Utara","latitude":-6.882841382944259,"longitude":108.29977792948448}},{"type":"Feature","geometry":{"type":"Polygon","coordinates":[[[108.2905,-6.877],[108.282,-6.8785],[108.2805,-6.8775],[108.2815,-6.8795],[108.281,-6.8805],[108.283,-6.883],[108.284,-6.8835],[108.284,-6.8845],[108.2845,-6.8845],[108.2855,-6.885],[108.288,-6.8845],[108.294,-6.8885],[108.2945,-6.887],[108.2935,-6.886],[108.2905,-6.877]]]},"properties":{"code":"32.10.06.2009","name":"Pasanggrahan","latitude":-6.882209008741343,"longitude":108.28741864319377}},{"type":"Feature","geometry":{"type":"Polygon","coordinates":[[[108.2755,-6.8665],[108.275,-6.8665],[108.273,-6.8665],[108.273,-6.8655],[108.271,-6.865],[108.2685,-6.8645],[108.268,-6.8625],[108.2665,-6.8625],[108.267,-6.8655],[108.2675,-6.8665],[108.2625,-6.888],[108.2665,-6.8875],[108.2655,-6.884],[108.2685,-6.884],[108.281,-6.8785],[108.2805,-6.878],[108.281,-6.8765],[108.2795,-6.876],[108.279,-6.875],[108.278,-6.8735],[108.2785,-6.872],[108.2775,-6.871],[108.2775,-6.8705],[108.276,-6.868],[108.2755,-6.867],[108.2755,-6.8665]]]},"properties":{"code":"32.10.06.2010","name":"Cieurih","latitude":-6.87641510466024,"longitude":108.270755525573}},{"type":"Feature","geometry":{"type":"Polygon","coordinates":[[[108.2815,-6.865],[108.2805,-6.865],[108.2795,-6.8645],[108.2755,-6.8665],[108.2755,-6.867],[108.276,-6.868],[108.2775,-6.8705],[108.2775,-6.871],[108.2785,-6.872],[108.278,-6.8735],[108.279,-6.875],[108.2795,-6.876],[108.281,-6.8765],[108.2805,-6.8775],[108.282,-6.8785],[108.2905,-6.877],[108.2905,-6.8755],[108.29,-6.8755],[108.2815,-6.866],[108.2815,-6.865]]]},"properties":{"code":"32.10.06.2011","name":"Kertabasuki","latitude":-6.8718565708020725,"longitude":108.28212253994803}},{"type":"Feature","geometry":{"type":"Polygon","coordinates":[[[108.2915,-6.868],[108.291,-6.8675],[108.2875,-6.8625],[108.2855,-6.8605],[108.2845,-6.8605],[108.2835,-6.862],[108.2825,-6.8645],[108.2815,-6.866],[108.29,-6.8755],[108.2915,-6.873],[108.292,-6.8715],[108.2915,-6.8685],[108.2915,-6.868]]]},"properties":{"code":"32.10.06.2012","name":"Sindangkerta","latitude":-6.867975903325693,"longitude":108.2873673210828}},{"type":"Feature","geometry":{"type":"Polygon","coordinates":[[[108.292,-6.868],[108.2915,-6.868],[108.2915,-6.8685],[108.292,-6.8715],[108.2915,-6.873],[108.2905,-6.8755],[108.291,-6.8775],[108.2915,-6.879],[108.295,-6.88],[108.2975,-6.876],[108.3005,-6.8745],[108.301,-6.8745],[108.3015,-6.875],[108.301,-6.8745],[108.301,-6.874],[108.3005,-6.8735],[108.299,-6.8725],[108.297,-6.8705],[108.2945,-6.87],[108.293,-6.8695],[108.292,-6.868]]]},"properties":{"code":"32.10.06.2013","name":"Banjaran","latitude":-6.874731884130898,"longitude":108.2947209375669}},{"type":"Feature","geometry":{"type":"Polygon","coordinates":[[[108.3115,-6.869],[108.306,-6.8715],[108.305,-6.871],[108.303,-6.8715],[108.3005,-6.8735],[108.301,-6.874],[108.301,-6.8745],[108.3015,-6.875],[108.302,-6.877],[108.3025,-6.878],[108.308,-6.8825],[108.3095,-6.885],[108.3095,-6.8885],[108.321,-6.8845],[108.3205,-6.8845],[108.3195,-6.884],[108.315,-6.88],[108.3155,-6.8765],[108.3145,-6.8745],[108.314,-6.872],[108.3115,-6.869]]]},"properties":{"code":"32.10.06.2014","name":"Paniis","latitude":-6.879081083012159,"longitude":108.31045032101466}},{"type":"Feature","geometry":{"type":"Polygon","coordinates":[[[108.305,-6.871],[108.304,-6.8705],[108.2965,-6.8605],[108.296,-6.859],[108.293,-6.8635],[108.2945,-6.8665],[108.2955,-6.867],[108.296,-6.869],[108.299,-6.8725],[108.3005,-6.8735],[108.303,-6.8715],[108.305,-6.871]]]},"properties":{"code":"32.10.06.2015","name":"Cicalung","latitude":-6.866864452051881,"longitude":108.29822735572499}},{"type":"Feature","geometry":{"type":"Polygon","coordinates":[[[108.311,-6.8545],[108.309,-6.855],[108.308,-6.8545],[108.3025,-6.8525],[108.3015,-6.852],[108.299,-6.852],[108.299,-6.8535],[108.296,-6.8575],[108.296,-6.8585],[108.2965,-6.8605],[108.304,-6.8705],[108.306,-6.8715],[108.3115,-6.869],[108.313,-6.863],[108.3115,-6.8615],[108.3105,-6.8575],[108.3105,-6.857],[108.311,-6.8565],[108.3105,-6.8545],[108.311,-6.8545]]]},"properties":{"code":"32.10.06.2016","name":"Pageraji","latitude":-6.861348243436249,"longitude":108.30469119952838}},{"type":"Feature","geometry":{"type":"Polygon","coordinates":[[[108.322,-6.893],[108.321,-6.8845],[108.3095,-6.8885],[108.296,-6.887],[108.2945,-6.887],[108.294,-6.8885],[108.294,-6.8905],[108.2955,-6.8905],[108.297,-6.8925],[108.3,-6.892],[108.301,-6.892],[108.3085,-6.8965],[108.309,-6.8975],[108.312,-6.9],[108.313,-6.901],[108.322,-6.893]]]},"properties":{"code":"32.10.06.2017","name":"Maja Selatan","latitude":-6.8914317775574645,"longitude":108.30855711412231}},{"type":"Feature","geometry":{"type":"Polygon","coordinates":[[[108.245,-6.897],[108.2415,-6.8975],[108.2365,-6.8965],[108.2295,-6.8975],[108.23,-6.8965],[108.2195,-6.888],[108.218,-6.887],[108.2125,-6.888],[108.21,-6.9075],[108.215,-6.9025],[108.2115,-6.914],[108.211,-6.9155],[108.213,-6.9185],[108.2165,-6.919],[108.2175,-6.9195],[108.2175,-6.9205],[108.2225,-6.9215],[108.224,-6.922],[108.224,-6.9225],[108.225,-6.923],[108.2445,-6.9265],[108.2455,-6.927],[108.2455,-6.9275],[108.246,-6.9285],[108.2475,-6.9285],[108.2495,-6.929],[108.254,-6.932],[108.2555,-6.9315],[108.2565,-6.9315],[108.257,-6.9315],[108.258,-6.9325],[108.2595,-6.932],[108.2655,-6.924],[108.2665,-6.9225],[108.266,-6.9225],[108.265,-6.919],[108.267,-6.916],[108.2675,-6.9155],[108.2665,-6.9165],[108.2655,-6.9155],[108.2655,-6.914],[108.263,-6.9135],[108.25,-6.899],[108.2465,-6.8985],[108.245,-6.897]]]},"properties":{"code":"32.10.06.2018","name":"Nunuk Baru","latitude":-6.911383183813412,"longitude":108.23688108884542}},{"type":"Feature","geometry":{"type":"Polygon","coordinates":[[[108.197,-6.825],[108.1955,-6.824],[108.195,-6.8255],[108.195,-6.827],[108.1875,-6.842],[108.185,-6.843],[108.1865,-6.8435],[108.188,-6.845],[108.1895,-6.845],[108.195,-6.845],[108.1965,-6.844],[108.199,-6.844],[108.2025,-6.8475],[108.2175,-6.856],[108.2175,-6.8555],[108.2155,-6.8525],[108.2175,-6.847],[108.2165,-6.845],[108.214,-6.846],[108.214,-6.847],[108.214,-6.848],[108.212,-6.848],[108.2125,-6.8425],[108.21,-6.84],[108.2085,-6.836],[108.2075,-6.835],[108.2065,-6.8305],[108.202,-6.827],[108.197,-6.825]]]},"properties":{"code":"32.10.07.1001","name":"Munjul","latitude":-6.83874337921557,"longitude":108.20055687805876}},{"type":"Feature","geometry":{"type":"Polygon","coordinates":[[[108.2275,-6.839],[108.2245,-6.841],[108.2225,-6.84],[108.214,-6.8355],[108.213,-6.8355],[108.2085,-6.835],[108.2075,-6.835],[108.2085,-6.836],[108.21,-6.84],[108.2125,-6.8425],[108.212,-6.848],[108.214,-6.848],[108.214,-6.847],[108.214,-6.846],[108.2165,-6.845],[108.2175,-6.847],[108.2155,-6.8525],[108.2175,-6.8555],[108.218,-6.856],[108.2185,-6.8575],[108.22,-6.8625],[108.201,-6.873],[108.1985,-6.8725],[108.198,-6.873],[108.1925,-6.882],[108.193,-6.8845],[108.2005,-6.8895],[108.203,-6.8905],[108.2125,-6.888],[108.218,-6.887],[108.2185,-6.8865],[108.2265,-6.876],[108.2225,-6.869],[108.2235,-6.864],[108.2255,-6.863],[108.2285,-6.8635],[108.228,-6.863],[108.2275,-6.8605],[108.2275,-6.859],[108.2285,-6.8585],[108.228,-6.8585],[108.2275,-6.8575],[108.2275,-6.855],[108.23,-6.853],[108.2345,-6.849],[108.232,-6.8465],[108.2315,-6.846],[108.232,-6.8445],[108.233,-6.846],[108.2335,-6.846],[108.2335,-6.845],[108.234,-6.8435],[108.2335,-6.8425],[108.233,-6.8425],[108.2275,-6.839]]]},"properties":{"code":"32.10.07.1002","name":"Babakan Jawa","latitude":-6.866184498191764,"longitude":108.21481754529269}},{"type":"Feature","geometry":{"type":"Polygon","coordinates":[[[108.2465,-6.8395],[108.2335,-6.846],[108.233,-6.845],[108.232,-6.8445],[108.2315,-6.846],[108.232,-6.8465],[108.2345,-6.849],[108.23,-6.853],[108.2275,-6.855],[108.2275,-6.8575],[108.228,-6.8585],[108.2285,-6.8585],[108.23,-6.8575],[108.2465,-6.8465],[108.2545,-6.846],[108.2545,-6.845],[108.2535,-6.845],[108.25,-6.8435],[108.2485,-6.8415],[108.2465,-6.8395]]]},"properties":{"code":"32.10.07.1003","name":"Cicurug","latitude":-6.847122651650248,"longitude":108.24022561065138}},{"type":"Feature","geometry":{"type":"Polygon","coordinates":[[[108.2545,-6.846],[108.2465,-6.8465],[108.23,-6.8575],[108.2295,-6.859],[108.2275,-6.859],[108.2275,-6.8605],[108.228,-6.863],[108.2285,-6.8635],[108.2255,-6.863],[108.2235,-6.864],[108.2395,-6.863],[108.245,-6.8615],[108.246,-6.861],[108.248,-6.8605],[108.248,-6.86],[108.249,-6.86],[108.257,-6.8475],[108.2545,-6.846]]]},"properties":{"code":"32.10.07.1004","name":"Sindangkasih","latitude":-6.856026665136166,"longitude":108.24152205775759}},{"type":"Feature","geometry":{"type":"Polygon","coordinates":[[[108.2355,-6.828],[108.223,-6.8285],[108.218,-6.823],[108.217,-6.8225],[108.216,-6.8235],[108.2165,-6.825],[108.2175,-6.825],[108.2285,-6.833],[108.2275,-6.839],[108.233,-6.8425],[108.2335,-6.8425],[108.234,-6.8435],[108.2335,-6.845],[108.2335,-6.846],[108.233,-6.846],[108.2335,-6.846],[108.2465,-6.8395],[108.2455,-6.8365],[108.2445,-6.8355],[108.2435,-6.8365],[108.242,-6.8355],[108.24,-6.833],[108.2355,-6.83],[108.2355,-6.828]]]},"properties":{"code":"32.10.07.1007","name":"Majalengka Wetan","latitude":-6.834287206602098,"longitude":108.23259552325948}},{"type":"Feature","geometry":{"type":"Polygon","coordinates":[[[108.2055,-6.826],[108.197,-6.825],[108.202,-6.827],[108.2065,-6.8305],[108.2075,-6.835],[108.2085,-6.835],[108.213,-6.8355],[108.214,-6.8355],[108.2225,-6.84],[108.2245,-6.841],[108.2275,-6.839],[108.2285,-6.833],[108.2175,-6.825],[108.215,-6.825],[108.2055,-6.826]]]},"properties":{"code":"32.10.07.1008","name":"Majalengka Kulon","latitude":-6.832794655731419,"longitude":108.21689209670076}},{"type":"Feature","geometry":{"type":"Polygon","coordinates":[[[108.2305,-6.823],[108.224,-6.823],[108.222,-6.822],[108.2215,-6.8225],[108.217,-6.8175],[108.2175,-6.8215],[108.216,-6.8215],[108.2155,-6.823],[108.2165,-6.823],[108.217,-6.8225],[108.218,-6.823],[108.223,-6.8285],[108.2355,-6.828],[108.235,-6.827],[108.2305,-6.823]]]},"properties":{"code":"32.10.07.1009","name":"Tarikolot","latitude":-6.823768992785471,"longitude":108.223673514237}},{"type":"Feature","geometry":{"type":"Polygon","coordinates":[[[108.2185,-6.806],[108.218,-6.807],[108.214,-6.8055],[108.213,-6.805],[108.2055,-6.8035],[108.205,-6.804],[108.2065,-6.8045],[108.205,-6.8095],[108.2075,-6.8115],[108.207,-6.812],[108.2085,-6.813],[108.211,-6.814],[108.211,-6.815],[108.217,-6.8175],[108.2215,-6.8225],[108.222,-6.822],[108.224,-6.823],[108.2305,-6.823],[108.231,-6.819],[108.231,-6.818],[108.23,-6.817],[108.226,-6.8125],[108.2255,-6.812],[108.225,-6.8115],[108.2235,-6.8115],[108.221,-6.81],[108.2205,-6.809],[108.2185,-6.806]]]},"properties":{"code":"32.10.07.1010","name":"Cikasarung","latitude":-6.813565231078201,"longitude":108.21843247992949}},{"type":"Feature","geometry":{"type":"Polygon","coordinates":[[[108.235,-6.817],[108.2325,-6.8135],[108.231,-6.814],[108.2315,-6.8145],[108.2315,-6.8165],[108.231,-6.818],[108.231,-6.819],[108.2305,-6.823],[108.235,-6.827],[108.2355,-6.828],[108.2355,-6.83],[108.24,-6.833],[108.242,-6.8355],[108.2435,-6.8365],[108.245,-6.835],[108.249,-6.8315],[108.2465,-6.8325],[108.245,-6.831],[108.235,-6.817]]]},"properties":{"code":"32.10.07.1011","name":"Tonjong","latitude":-6.826181723865857,"longitude":108.23847736621826}},{"type":"Feature","geometry":{"type":"Polygon","coordinates":[[[108.217,-6.8175],[108.211,-6.815],[108.211,-6.814],[108.2085,-6.813],[108.207,-6.812],[108.2075,-6.8135],[108.2075,-6.814],[108.208,-6.815],[108.206,-6.8205],[108.2055,-6.821],[108.204,-6.82],[108.203,-6.8185],[108.2005,-6.819],[108.2005,-6.8205],[108.202,-6.823],[108.2045,-6.824],[108.2055,-6.826],[108.215,-6.825],[108.2165,-6.825],[108.216,-6.8235],[108.2165,-6.823],[108.2155,-6.823],[108.216,-6.8215],[108.2175,-6.8215],[108.217,-6.8175]]]},"properties":{"code":"32.10.07.1013","name":"Cijati","latitude":-6.821945189290025,"longitude":108.20967458718671}},{"type":"Feature","geometry":{"type":"Polygon","coordinates":[[[108.2575,-6.8475],[108.257,-6.8475],[108.249,-6.86],[108.248,-6.86],[108.248,-6.8605],[108.248,-6.861],[108.248,-6.8785],[108.2495,-6.8815],[108.2625,-6.888],[108.2675,-6.8665],[108.267,-6.8655],[108.2665,-6.8625],[108.2635,-6.8615],[108.263,-6.8585],[108.26,-6.8575],[108.2575,-6.8485],[108.2575,-6.8475]]]},"properties":{"code":"32.10.07.2005","name":"Kulur","latitude":-6.8690949207411975,"longitude":108.2567110374436}},{"type":"Feature","geometry":{"type":"Polygon","coordinates":[[[108.2795,-6.8645],[108.2795,-6.864],[108.278,-6.863],[108.274,-6.856],[108.273,-6.855],[108.2695,-6.8535],[108.268,-6.8555],[108.264,-6.859],[108.263,-6.8585],[108.2635,-6.8615],[108.268,-6.8625],[108.2685,-6.8645],[108.271,-6.865],[108.273,-6.8655],[108.273,-6.8665],[108.275,-6.8665],[108.2755,-6.8665],[108.2795,-6.8645]]]},"properties":{"code":"32.10.07.2006","name":"Kawunggirang","latitude":-6.860398041098418,"longitude":108.2714007146449}},{"type":"Feature","geometry":{"type":"Polygon","coordinates":[[[108.185,-6.843],[108.184,-6.844],[108.1825,-6.845],[108.1805,-6.8455],[108.181,-6.846],[108.186,-6.8595],[108.189,-6.8625],[108.189,-6.8655],[108.19,-6.8655],[108.1985,-6.8705],[108.1985,-6.8725],[108.201,-6.873],[108.22,-6.8625],[108.2185,-6.8575],[108.218,-6.856],[108.2175,-6.856],[108.2025,-6.8475],[108.199,-6.844],[108.1965,-6.844],[108.195,-6.845],[108.1895,-6.845],[108.188,-6.845],[108.1865,-6.8435],[108.185,-6.843]]]},"properties":{"code":"32.10.07.2012","name":"Sidamukti","latitude":-6.857577510014939,"longitude":108.20005485179486}},{"type":"Feature","geometry":{"type":"Polygon","coordinates":[[[108.2625,-6.888],[108.2495,-6.8815],[108.248,-6.8785],[108.248,-6.861],[108.248,-6.8605],[108.246,-6.861],[108.245,-6.8615],[108.2395,-6.863],[108.2235,-6.864],[108.2225,-6.869],[108.2265,-6.876],[108.2185,-6.8865],[108.2195,-6.888],[108.23,-6.8965],[108.2295,-6.8975],[108.2365,-6.8965],[108.2415,-6.8975],[108.243,-6.897],[108.2455,-6.897],[108.247,-6.8975],[108.255,-6.897],[108.2575,-6.895],[108.263,-6.8935],[108.2645,-6.8925],[108.2645,-6.892],[108.266,-6.889],[108.2665,-6.8875],[108.2625,-6.888]]]},"properties":{"code":"32.10.07.2014","name":"Cibodas","latitude":-6.881876849886226,"longitude":108.23936467291612}},{"type":"Feature","geometry":{"type":"Polygon","coordinates":[[[108.2975,-6.8475],[108.296,-6.8465],[108.2945,-6.846],[108.2915,-6.8475],[108.288,-6.8485],[108.284,-6.8485],[108.293,-6.862],[108.293,-6.8625],[108.292,-6.868],[108.293,-6.8695],[108.2945,-6.87],[108.297,-6.8705],[108.296,-6.869],[108.2955,-6.867],[108.2945,-6.8665],[108.293,-6.8635],[108.296,-6.859],[108.296,-6.8585],[108.296,-6.8575],[108.299,-6.8535],[108.299,-6.852],[108.2995,-6.8515],[108.2975,-6.8495],[108.2975,-6.8485],[108.2975,-6.8475]]]},"properties":{"code":"32.10.08.2001","name":"Ciomas","latitude":-6.854199048948082,"longitude":108.29318560397168}},{"type":"Feature","geometry":{"type":"Polygon","coordinates":[[[108.3025,-6.8325],[108.2995,-6.83],[108.2985,-6.8305],[108.2975,-6.8285],[108.2965,-6.828],[108.295,-6.8285],[108.2935,-6.8295],[108.2935,-6.831],[108.292,-6.831],[108.2925,-6.8355],[108.287,-6.835],[108.285,-6.838],[108.28,-6.837],[108.281,-6.8475],[108.2815,-6.849],[108.2835,-6.8475],[108.288,-6.8485],[108.2915,-6.8475],[108.2945,-6.846],[108.296,-6.8465],[108.2975,-6.8475],[108.298,-6.845],[108.299,-6.843],[108.2995,-6.84],[108.2995,-6.839],[108.2995,-6.8365],[108.3025,-6.8325]]]},"properties":{"code":"32.10.08.2002","name":"Padahanten","latitude":-6.839957970056839,"longitude":108.29100154810135}},{"type":"Feature","geometry":{"type":"Polygon","coordinates":[[[108.2925,-6.811],[108.287,-6.8095],[108.286,-6.81],[108.287,-6.8105],[108.2875,-6.8125],[108.286,-6.8145],[108.285,-6.8155],[108.285,-6.8165],[108.287,-6.8175],[108.287,-6.8225],[108.2915,-6.83],[108.291,-6.833],[108.2905,-6.8345],[108.2885,-6.8335],[108.288,-6.8325],[108.2855,-6.832],[108.2865,-6.8345],[108.2805,-6.833],[108.28,-6.837],[108.285,-6.838],[108.287,-6.835],[108.2925,-6.8355],[108.292,-6.831],[108.2935,-6.831],[108.2935,-6.8295],[108.295,-6.8285],[108.2965,-6.828],[108.2935,-6.8165],[108.294,-6.8155],[108.2925,-6.811]]]},"properties":{"code":"32.10.08.2009","name":"Sukahaji","latitude":-6.823943815433361,"longitude":108.28962024357088}},{"type":"Feature","geometry":{"type":"Polygon","coordinates":[[[108.322,-6.792],[108.3205,-6.7925],[108.3095,-6.784],[108.3045,-6.785],[108.304,-6.7845],[108.3015,-6.785],[108.2935,-6.7865],[108.298,-6.7925],[108.3025,-6.792],[108.3035,-6.792],[108.3115,-6.8065],[108.314,-6.8095],[108.315,-6.812],[108.3155,-6.8125],[108.3185,-6.812],[108.3225,-6.8065],[108.324,-6.804],[108.323,-6.8025],[108.322,-6.7995],[108.322,-6.792]]]},"properties":{"code":"32.10.08.2010","name":"Salagedang","latitude":-6.796800533649396,"longitude":108.31178040644531}},{"type":"Feature","geometry":{"type":"Polygon","coordinates":[[[108.3115,-6.8065],[108.3035,-6.792],[108.3025,-6.792],[108.298,-6.7925],[108.293,-6.808],[108.2925,-6.811],[108.294,-6.8155],[108.2935,-6.816],[108.2965,-6.8155],[108.307,-6.814],[108.3115,-6.8065]]]},"properties":{"code":"32.10.08.2011","name":"Cikeusik","latitude":-6.804973423219477,"longitude":108.30079636292245}},{"type":"Feature","geometry":{"type":"Polygon","coordinates":[[[108.3215,-6.7835],[108.321,-6.783],[108.3205,-6.7815],[108.319,-6.7805],[108.314,-6.779],[108.3115,-6.781],[108.307,-6.7835],[108.304,-6.7845],[108.3045,-6.785],[108.3095,-6.784],[108.3205,-6.7925],[108.3235,-6.7915],[108.3245,-6.7905],[108.324,-6.7895],[108.323,-6.789],[108.3225,-6.787],[108.3225,-6.7865],[108.3215,-6.7865],[108.3215,-6.786],[108.3215,-6.7835]]]},"properties":{"code":"32.10.08.2012","name":"Jayi","latitude":-6.785348516860019,"longitude":108.31633116331554}},{"type":"Feature","geometry":{"type":"Polygon","coordinates":[[[108.3085,-6.776],[108.2925,-6.7835],[108.2935,-6.7865],[108.313,-6.778],[108.3105,-6.776],[108.3085,-6.776]]]},"properties":{"code":"32.10.08.2013","name":"Nanggewer","latitude":-6.780099929891594,"longitude":108.30375546459119}},{"type":"Feature","geometry":{"type":"Polygon","coordinates":[[[108.298,-6.7925],[108.2935,-6.7865],[108.286,-6.792],[108.2795,-6.793],[108.2795,-6.794],[108.2815,-6.7955],[108.2825,-6.7975],[108.285,-6.808],[108.285,-6.8085],[108.287,-6.8095],[108.2925,-6.811],[108.293,-6.808],[108.298,-6.7925]]]},"properties":{"code":"32.10.08.2014","name":"Palabuan","latitude":-6.798903902533189,"longitude":108.28954735093531}},{"type":"Feature","geometry":{"type":"Polygon","coordinates":[[[108.285,-6.808],[108.2775,-6.8085],[108.2735,-6.809],[108.272,-6.8095],[108.2715,-6.8105],[108.271,-6.812],[108.2715,-6.8145],[108.2715,-6.815],[108.2745,-6.8215],[108.276,-6.8215],[108.282,-6.819],[108.2825,-6.8185],[108.284,-6.8165],[108.286,-6.8145],[108.2875,-6.8125],[108.287,-6.8105],[108.286,-6.81],[108.285,-6.8085],[108.285,-6.808]]]},"properties":{"code":"32.10.08.2015","name":"Cikoneng","latitude":-6.813860560696468,"longitude":108.27851611908254}},{"type":"Feature","geometry":{"type":"Polygon","coordinates":[[[108.2755,-6.806],[108.265,-6.807],[108.2635,-6.807],[108.2605,-6.8215],[108.261,-6.8245],[108.261,-6.824],[108.2615,-6.8235],[108.2665,-6.8235],[108.267,-6.8235],[108.27,-6.822],[108.2725,-6.8215],[108.2745,-6.8215],[108.2715,-6.815],[108.2715,-6.8145],[108.271,-6.812],[108.2715,-6.8105],[108.272,-6.8095],[108.2735,-6.809],[108.2775,-6.8085],[108.2755,-6.806]]]},"properties":{"code":"32.10.08.2016","name":"Babakanmanjeti","latitude":-6.814716530211768,"longitude":108.26708128448855}},{"type":"Feature","geometry":{"type":"Polygon","coordinates":[[[108.3295,-6.797],[108.329,-6.7965],[108.3285,-6.7945],[108.325,-6.791],[108.3245,-6.7905],[108.3235,-6.7915],[108.322,-6.792],[108.322,-6.7995],[108.323,-6.8025],[108.324,-6.804],[108.3245,-6.8055],[108.3245,-6.807],[108.3235,-6.8085],[108.3235,-6.81],[108.329,-6.8125],[108.331,-6.81],[108.3325,-6.8085],[108.332,-6.802],[108.3325,-6.801],[108.332,-6.7995],[108.332,-6.799],[108.3315,-6.7985],[108.331,-6.799],[108.3295,-6.797]]]},"properties":{"code":"32.10.08.2017","name":"Tanjungsari","latitude":-6.802201761323099,"longitude":108.32659893082219}},{"type":"Feature","geometry":{"type":"Polygon","coordinates":[[[108.2805,-6.833],[108.2865,-6.8345],[108.2855,-6.832],[108.288,-6.8325],[108.2885,-6.8335],[108.2905,-6.8345],[108.291,-6.833],[108.2915,-6.83],[108.287,-6.8225],[108.287,-6.8175],[108.285,-6.8165],[108.285,-6.8155],[108.2835,-6.817],[108.283,-6.818],[108.282,-6.819],[108.276,-6.8215],[108.2725,-6.8215],[108.27,-6.822],[108.269,-6.823],[108.2805,-6.833]]]},"properties":{"code":"32.10.08.2018","name":"Cikalong","latitude":-6.8263645487347775,"longitude":108.28075521636856}},{"type":"Feature","geometry":{"type":"Polygon","coordinates":[[[108.284,-6.8485],[108.2835,-6.8475],[108.2815,-6.849],[108.282,-6.8495],[108.2825,-6.8585],[108.2835,-6.86],[108.2845,-6.8605],[108.2855,-6.8605],[108.2875,-6.8625],[108.291,-6.8675],[108.292,-6.868],[108.293,-6.8625],[108.293,-6.862],[108.284,-6.8485]]]},"properties":{"code":"32.10.08.2019","name":"Candrajaya","latitude":-6.857611205815865,"longitude":108.28754389422564}},{"type":"Feature","geometry":{"type":"Polygon","coordinates":[[[108.3405,-6.813],[108.3335,-6.812],[108.331,-6.81],[108.329,-6.8125],[108.332,-6.821],[108.335,-6.824],[108.3415,-6.8295],[108.3445,-6.8265],[108.344,-6.825],[108.3445,-6.824],[108.344,-6.8215],[108.3405,-6.813]]]},"properties":{"code":"32.10.09.2001","name":"Pajajar","latitude":-6.818923369552325,"longitude":108.3371252892945}},{"type":"Feature","geometry":{"type":"Polygon","coordinates":[[[108.3495,-6.807],[108.3405,-6.813],[108.344,-6.8215],[108.3445,-6.824],[108.344,-6.825],[108.3445,-6.8265],[108.3415,-6.8295],[108.341,-6.8305],[108.3405,-6.8325],[108.3445,-6.843],[108.3545,-6.8475],[108.364,-6.861],[108.391,-6.8795],[108.3975,-6.8885],[108.3935,-6.8775],[108.38,-6.866],[108.3765,-6.8625],[108.375,-6.859],[108.3675,-6.8475],[108.36,-6.8355],[108.3575,-6.823],[108.356,-6.821],[108.3555,-6.821],[108.3555,-6.8205],[108.3555,-6.82],[108.355,-6.8195],[108.354,-6.8175],[108.353,-6.817],[108.3525,-6.8115],[108.3505,-6.81],[108.35,-6.809],[108.3495,-6.8075],[108.3495,-6.807]]]},"properties":{"code":"32.10.09.2002","name":"Teja","latitude":-6.840484936896496,"longitude":108.35852851018855}},{"type":"Feature","geometry":{"type":"Polygon","coordinates":[[[108.378,-6.8205],[108.364,-6.8225],[108.3585,-6.8205],[108.3575,-6.821],[108.3555,-6.82],[108.3555,-6.8205],[108.3555,-6.821],[108.356,-6.821],[108.3575,-6.823],[108.36,-6.8355],[108.3675,-6.8475],[108.375,-6.859],[108.3765,-6.8625],[108.38,-6.866],[108.3935,-6.8775],[108.3975,-6.8885],[108.401,-6.893],[108.4035,-6.894],[108.406,-6.895],[108.406,-6.8925],[108.399,-6.8725],[108.398,-6.8605],[108.384,-6.845],[108.3805,-6.824],[108.3795,-6.8235],[108.379,-6.823],[108.378,-6.821],[108.378,-6.8205]]]},"properties":{"code":"32.10.09.2003","name":"Payung","latitude":-6.851263844036063,"longitude":108.38124155156193}},{"type":"Feature","geometry":{"type":"Polygon","coordinates":[[[108.363,-6.7945],[108.3615,-6.7945],[108.361,-6.794],[108.36,-6.7945],[108.3605,-6.7955],[108.36,-6.797],[108.3585,-6.797],[108.3585,-6.7985],[108.359,-6.798],[108.3595,-6.7995],[108.3575,-6.801],[108.3565,-6.8005],[108.3565,-6.801],[108.356,-6.801],[108.3575,-6.806],[108.3595,-6.8045],[108.3585,-6.806],[108.361,-6.8075],[108.3695,-6.8],[108.363,-6.7945]]]},"properties":{"code":"32.10.09.2004","name":"Babakankareo","latitude":-6.800812758542362,"longitude":108.36207679880675}},{"type":"Feature","geometry":{"type":"Polygon","coordinates":[[[108.3715,-6.805],[108.3695,-6.8],[108.361,-6.8075],[108.359,-6.807],[108.356,-6.809],[108.353,-6.809],[108.352,-6.809],[108.351,-6.81],[108.351,-6.8105],[108.3525,-6.8115],[108.353,-6.817],[108.354,-6.8175],[108.355,-6.8195],[108.3575,-6.821],[108.3585,-6.8205],[108.364,-6.8225],[108.378,-6.8205],[108.378,-6.82],[108.3715,-6.805]]]},"properties":{"code":"32.10.09.2005","name":"Sindangpano","latitude":-6.813448210123756,"longitude":108.3648238216979}},{"type":"Feature","geometry":{"type":"Polygon","coordinates":[[[108.356,-6.801],[108.3555,-6.8015],[108.3535,-6.799],[108.353,-6.799],[108.3525,-6.8],[108.349,-6.8015],[108.349,-6.802],[108.3495,-6.8055],[108.3495,-6.8065],[108.3495,-6.8075],[108.35,-6.809],[108.351,-6.8105],[108.351,-6.81],[108.352,-6.809],[108.353,-6.809],[108.356,-6.809],[108.359,-6.807],[108.3585,-6.806],[108.3595,-6.8045],[108.3575,-6.806],[108.356,-6.801]]]},"properties":{"code":"32.10.09.2006","name":"Sadomas","latitude":-6.804923486952512,"longitude":108.3534548445148}},{"type":"Feature","geometry":{"type":"Polygon","coordinates":[[[108.349,-6.8015],[108.3475,-6.796],[108.3435,-6.7965],[108.336,-6.7995],[108.336,-6.8005],[108.334,-6.801],[108.332,-6.8015],[108.332,-6.802],[108.3325,-6.8085],[108.3335,-6.812],[108.3405,-6.813],[108.3495,-6.807],[108.3495,-6.8065],[108.3495,-6.8055],[108.349,-6.802],[108.349,-6.8015]]]},"properties":{"code":"32.10.09.2007","name":"Kumbung","latitude":-6.804049362811675,"longitude":108.34024578998746}},{"type":"Feature","geometry":{"type":"Polygon","coordinates":[[[108.351,-6.788],[108.3495,-6.788],[108.333,-6.798],[108.332,-6.7985],[108.3315,-6.7985],[108.332,-6.799],[108.332,-6.7995],[108.3325,-6.801],[108.332,-6.8015],[108.334,-6.801],[108.336,-6.8005],[108.336,-6.7995],[108.3435,-6.7965],[108.3475,-6.796],[108.349,-6.8015],[108.3525,-6.8],[108.351,-6.7975],[108.35,-6.7955],[108.3495,-6.794],[108.349,-6.7935],[108.349,-6.792],[108.349,-6.7915],[108.349,-6.792],[108.35,-6.793],[108.3505,-6.7935],[108.3515,-6.793],[108.352,-6.7905],[108.3515,-6.79],[108.3515,-6.789],[108.351,-6.788]]]},"properties":{"code":"32.10.09.2008","name":"Rajagaluh Kidul","latitude":-6.794142879879661,"longitude":108.34471177470333}},{"type":"Feature","geometry":{"type":"Polygon","coordinates":[[[108.361,-6.794],[108.361,-6.793],[108.357,-6.7905],[108.357,-6.789],[108.356,-6.7875],[108.355,-6.787],[108.3545,-6.787],[108.3545,-6.786],[108.352,-6.784],[108.3505,-6.784],[108.3505,-6.7845],[108.3515,-6.7855],[108.3515,-6.788],[108.351,-6.788],[108.3515,-6.789],[108.3515,-6.79],[108.352,-6.7905],[108.3515,-6.793],[108.3505,-6.7935],[108.35,-6.793],[108.349,-6.792],[108.349,-6.7915],[108.349,-6.792],[108.349,-6.7935],[108.3495,-6.794],[108.35,-6.7955],[108.351,-6.7975],[108.353,-6.799],[108.3535,-6.799],[108.3555,-6.8015],[108.3565,-6.801],[108.3565,-6.8005],[108.3575,-6.801],[108.3595,-6.7995],[108.359,-6.798],[108.3585,-6.7985],[108.3585,-6.797],[108.36,-6.797],[108.3605,-6.7955],[108.36,-6.7945],[108.361,-6.794]]]},"properties":{"code":"32.10.09.2009","name":"Singawada","latitude":-6.793543286813695,"longitude":108.35484938760852}},{"type":"Feature","geometry":{"type":"Polygon","coordinates":[[[108.349,-6.7825],[108.3485,-6.7825],[108.348,-6.782],[108.3485,-6.7815],[108.347,-6.7805],[108.346,-6.7795],[108.346,-6.778],[108.341,-6.775],[108.34,-6.7735],[108.339,-6.772],[108.339,-6.7715],[108.334,-6.774],[108.334,-6.7755],[108.336,-6.777],[108.34,-6.7855],[108.3475,-6.783],[108.349,-6.7825]]]},"properties":{"code":"32.10.09.2010","name":"Rajagaluh Lor","latitude":-6.778853793784002,"longitude":108.3411194757935}},{"type":"Feature","geometry":{"type":"Polygon","coordinates":[[[108.34,-6.7855],[108.336,-6.777],[108.335,-6.7765],[108.335,-6.78],[108.3325,-6.7815],[108.33,-6.7815],[108.334,-6.7925],[108.3345,-6.7925],[108.3355,-6.794],[108.338,-6.793],[108.3385,-6.7925],[108.34,-6.7855]]]},"properties":{"code":"32.10.09.2011","name":"Cipinang","latitude":-6.786096828051826,"longitude":108.33580951165408}},{"type":"Feature","geometry":{"type":"Polygon","coordinates":[[[108.33,-6.7815],[108.3295,-6.7815],[108.329,-6.7815],[108.3275,-6.781],[108.3215,-6.7775],[108.321,-6.7775],[108.3215,-6.7835],[108.3215,-6.786],[108.3215,-6.7865],[108.3225,-6.7865],[108.3225,-6.787],[108.323,-6.789],[108.3235,-6.7895],[108.3245,-6.79],[108.325,-6.791],[108.3285,-6.7945],[108.329,-6.7965],[108.3305,-6.797],[108.3325,-6.7965],[108.334,-6.795],[108.335,-6.793],[108.334,-6.7925],[108.33,-6.7815]]]},"properties":{"code":"32.10.09.2012","name":"Cisetu","latitude":-6.787597287868038,"longitude":108.32767331991153}},{"type":"Feature","geometry":{"type":"Polygon","coordinates":[[[108.35,-6.783],[108.3495,-6.782],[108.349,-6.7825],[108.3475,-6.783],[108.34,-6.7855],[108.3385,-6.7925],[108.338,-6.793],[108.3355,-6.794],[108.335,-6.793],[108.334,-6.795],[108.3325,-6.7965],[108.3305,-6.797],[108.3295,-6.797],[108.331,-6.799],[108.332,-6.7985],[108.333,-6.798],[108.3495,-6.788],[108.3515,-6.788],[108.3515,-6.7855],[108.3505,-6.7845],[108.35,-6.783]]]},"properties":{"code":"32.10.09.2013","name":"Rajagaluh","latitude":-6.79152749252206,"longitude":108.33977546011685}},{"type":"Feature","geometry":{"type":"Polygon","coordinates":[[[108.334,-6.774],[108.328,-6.7655],[108.3265,-6.7635],[108.326,-6.762],[108.3275,-6.7625],[108.328,-6.764],[108.3285,-6.765],[108.3295,-6.765],[108.3295,-6.764],[108.329,-6.763],[108.3295,-6.762],[108.329,-6.7605],[108.329,-6.76],[108.324,-6.761],[108.324,-6.7615],[108.321,-6.7675],[108.3145,-6.769],[108.316,-6.773],[108.3175,-6.774],[108.3205,-6.7775],[108.3215,-6.7775],[108.3275,-6.781],[108.329,-6.7815],[108.3295,-6.7815],[108.3325,-6.7815],[108.335,-6.78],[108.335,-6.7765],[108.334,-6.7755],[108.334,-6.774]]]},"properties":{"code":"32.10.10.2001","name":"Parakan","latitude":-6.772265813510296,"longitude":108.32626672102252}},{"type":"Feature","geometry":{"type":"Polygon","coordinates":[[[108.324,-6.744],[108.3215,-6.743],[108.3205,-6.7405],[108.32,-6.74],[108.3175,-6.74],[108.317,-6.739],[108.315,-6.739],[108.3135,-6.74],[108.314,-6.7405],[108.315,-6.7525],[108.3225,-6.756],[108.3245,-6.756],[108.324,-6.7545],[108.3265,-6.7545],[108.326,-6.7525],[108.325,-6.75],[108.3255,-6.7475],[108.325,-6.7465],[108.324,-6.744]]]},"properties":{"code":"32.10.10.2002","name":"Patuanan","latitude":-6.74748624849715,"longitude":108.31958381601025}},{"type":"Feature","geometry":{"type":"Polygon","coordinates":[[[108.3265,-6.7545],[108.324,-6.7545],[108.325,-6.7565],[108.3255,-6.7605],[108.329,-6.7605],[108.3295,-6.76],[108.3305,-6.76],[108.334,-6.7595],[108.3345,-6.7585],[108.3325,-6.758],[108.333,-6.757],[108.3335,-6.7565],[108.3345,-6.755],[108.3335,-6.7555],[108.3295,-6.7555],[108.3265,-6.7545]]]},"properties":{"code":"32.10.10.2003","name":"Nanggerang","latitude":-6.757550962390737,"longitude":108.32886574424714}},{"type":"Feature","geometry":{"type":"Polygon","coordinates":[[[108.334,-6.7595],[108.3305,-6.76],[108.329,-6.76],[108.329,-6.7605],[108.3295,-6.762],[108.329,-6.763],[108.3295,-6.764],[108.3295,-6.765],[108.3285,-6.765],[108.328,-6.764],[108.3275,-6.7625],[108.326,-6.762],[108.3265,-6.7635],[108.328,-6.7655],[108.334,-6.774],[108.339,-6.7715],[108.3385,-6.77],[108.334,-6.7625],[108.335,-6.7605],[108.336,-6.7595],[108.334,-6.7595]]]},"properties":{"code":"32.10.10.2004","name":"Lame","latitude":-6.766217430853467,"longitude":108.33317438099085}},{"type":"Feature","geometry":{"type":"Polygon","coordinates":[[[108.3475,-6.7665],[108.34,-6.7505],[108.3385,-6.7535],[108.339,-6.756],[108.3365,-6.757],[108.336,-6.7595],[108.335,-6.7605],[108.334,-6.7625],[108.3385,-6.77],[108.3435,-6.768],[108.3475,-6.7665]]]},"properties":{"code":"32.10.10.2005","name":"Mindi","latitude":-6.761615369694941,"longitude":108.34114912967797}},{"type":"Feature","geometry":{"type":"Polygon","coordinates":[[[108.3545,-6.754],[108.3535,-6.752],[108.353,-6.751],[108.35,-6.752],[108.3485,-6.7465],[108.3465,-6.7455],[108.3445,-6.746],[108.344,-6.746],[108.3435,-6.7475],[108.3405,-6.75],[108.34,-6.7505],[108.3475,-6.7665],[108.3525,-6.7695],[108.3555,-6.765],[108.356,-6.7615],[108.355,-6.755],[108.3545,-6.754]]]},"properties":{"code":"32.10.10.2006","name":"Rajawangi","latitude":-6.756691979251311,"longitude":108.34924251038345}},{"type":"Feature","geometry":{"type":"Polygon","coordinates":[[[108.3595,-6.7425],[108.353,-6.7395],[108.3515,-6.739],[108.35,-6.7425],[108.3465,-6.7425],[108.3445,-6.743],[108.3435,-6.7425],[108.34,-6.7435],[108.339,-6.7455],[108.337,-6.751],[108.335,-6.755],[108.3345,-6.755],[108.3335,-6.7565],[108.333,-6.757],[108.3325,-6.758],[108.3345,-6.7585],[108.334,-6.7595],[108.336,-6.7595],[108.3365,-6.757],[108.339,-6.756],[108.3385,-6.7535],[108.3405,-6.75],[108.3435,-6.7475],[108.344,-6.746],[108.3445,-6.746],[108.3465,-6.7455],[108.3485,-6.7465],[108.35,-6.752],[108.353,-6.751],[108.3535,-6.752],[108.355,-6.754],[108.359,-6.751],[108.3585,-6.746],[108.359,-6.744],[108.3595,-6.7425]]]},"properties":{"code":"32.10.10.2007","name":"Leuwikujang","latitude":-6.747386907917693,"longitude":108.34881647515611}},{"type":"Feature","geometry":{"type":"Polygon","coordinates":[[[108.3525,-6.722],[108.349,-6.7425],[108.35,-6.7425],[108.3515,-6.739],[108.353,-6.7395],[108.3595,-6.7425],[108.3605,-6.7415],[108.366,-6.7385],[108.3655,-6.7375],[108.365,-6.7365],[108.3645,-6.7355],[108.3545,-6.7305],[108.3525,-6.722]]]},"properties":{"code":"32.10.10.2008","name":"Mirat","latitude":-6.734772726064074,"longitude":108.35524425975579}},{"type":"Feature","geometry":{"type":"Polygon","coordinates":[[[108.346,-6.713],[108.345,-6.7125],[108.344,-6.7125],[108.3445,-6.7195],[108.345,-6.72],[108.346,-6.7195],[108.344,-6.726],[108.345,-6.728],[108.3435,-6.73],[108.344,-6.7325],[108.3435,-6.74],[108.343,-6.7415],[108.343,-6.742],[108.3445,-6.743],[108.3465,-6.7425],[108.349,-6.7425],[108.3525,-6.722],[108.3515,-6.721],[108.3525,-6.717],[108.3455,-6.714],[108.346,-6.713]]]},"properties":{"code":"32.10.10.2009","name":"Leuwimunding","latitude":-6.727284430277903,"longitude":108.34706032325981}},{"type":"Feature","geometry":{"type":"Polygon","coordinates":[[[108.344,-6.7125],[108.3425,-6.7125],[108.34,-6.7035],[108.3355,-6.7045],[108.337,-6.7165],[108.337,-6.7275],[108.338,-6.742],[108.3395,-6.7405],[108.3425,-6.7405],[108.3435,-6.7405],[108.3435,-6.74],[108.344,-6.7325],[108.3435,-6.73],[108.345,-6.728],[108.344,-6.726],[108.346,-6.7195],[108.345,-6.72],[108.3445,-6.7195],[108.344,-6.7125]]]},"properties":{"code":"32.10.10.2010","name":"Ciparay","latitude":-6.7232798834706715,"longitude":108.33990576502215}},{"type":"Feature","geometry":{"type":"Polygon","coordinates":[[[108.336,-6.7275],[108.3325,-6.7275],[108.331,-6.7285],[108.3315,-6.7285],[108.3335,-6.7365],[108.333,-6.7385],[108.332,-6.74],[108.332,-6.7405],[108.3315,-6.7555],[108.3335,-6.7555],[108.3345,-6.755],[108.335,-6.755],[108.337,-6.751],[108.339,-6.7455],[108.34,-6.7435],[108.3435,-6.7425],[108.343,-6.742],[108.343,-6.7415],[108.3435,-6.7405],[108.3425,-6.7405],[108.3395,-6.7405],[108.338,-6.742],[108.337,-6.7275],[108.336,-6.7275]]]},"properties":{"code":"32.10.10.2011","name":"Heuleut","latitude":-6.742264224245239,"longitude":108.33555369064094}},{"type":"Feature","geometry":{"type":"Polygon","coordinates":[[[108.329,-6.7195],[108.327,-6.7205],[108.326,-6.7235],[108.3245,-6.7245],[108.322,-6.719],[108.317,-6.7185],[108.3165,-6.72],[108.3185,-6.739],[108.317,-6.739],[108.3175,-6.74],[108.32,-6.74],[108.3205,-6.7405],[108.3215,-6.743],[108.324,-6.744],[108.3275,-6.7385],[108.3285,-6.738],[108.3315,-6.7405],[108.332,-6.74],[108.333,-6.7385],[108.3335,-6.7365],[108.3315,-6.7285],[108.331,-6.7285],[108.3305,-6.728],[108.327,-6.7265],[108.326,-6.725],[108.3285,-6.723],[108.3295,-6.7225],[108.3295,-6.722],[108.3295,-6.7205],[108.329,-6.7205],[108.329,-6.7195]]]},"properties":{"code":"32.10.10.2012","name":"Karangasem","latitude":-6.732906480614145,"longitude":108.32599611136207}},{"type":"Feature","geometry":{"type":"Polygon","coordinates":[[[108.332,-6.7405],[108.3315,-6.7405],[108.3285,-6.738],[108.3275,-6.7385],[108.324,-6.744],[108.325,-6.7465],[108.3255,-6.7475],[108.325,-6.75],[108.326,-6.7525],[108.3265,-6.7545],[108.3295,-6.7555],[108.3315,-6.7555],[108.332,-6.7405]]]},"properties":{"code":"32.10.10.2013","name":"Tanjungsari","latitude":-6.746976762578784,"longitude":108.32884131539038}},{"type":"Feature","geometry":{"type":"Polygon","coordinates":[[[108.3565,-6.714],[108.353,-6.7165],[108.3515,-6.721],[108.3525,-6.722],[108.3545,-6.7305],[108.3645,-6.7355],[108.365,-6.7365],[108.3655,-6.7375],[108.366,-6.7385],[108.3685,-6.7365],[108.37,-6.734],[108.37,-6.7325],[108.367,-6.7305],[108.3645,-6.7245],[108.3615,-6.7215],[108.3595,-6.7205],[108.3555,-6.717],[108.3565,-6.714]]]},"properties":{"code":"32.10.10.2014","name":"Parungjaya","latitude":-6.7270297519283435,"longitude":108.36016960502727}},{"type":"Feature","geometry":{"type":"Polygon","coordinates":[[[108.242,-6.7275],[108.238,-6.7245],[108.2365,-6.7235],[108.2335,-6.7225],[108.232,-6.7205],[108.231,-6.7195],[108.23,-6.7195],[108.229,-6.7185],[108.2285,-6.72],[108.2295,-6.7205],[108.23,-6.721],[108.2305,-6.722],[108.2305,-6.7225],[108.2375,-6.7355],[108.229,-6.7395],[108.2335,-6.7485],[108.243,-6.749],[108.2435,-6.749],[108.244,-6.749],[108.2445,-6.7485],[108.244,-6.747],[108.242,-6.734],[108.242,-6.7275]]]},"properties":{"code":"32.10.11.2001","name":"Burujul Kulon","latitude":-6.737460844274382,"longitude":108.23776257676853}},{"type":"Feature","geometry":{"type":"Polygon","coordinates":[[[108.251,-6.7335],[108.242,-6.727],[108.242,-6.734],[108.244,-6.747],[108.2445,-6.7485],[108.244,-6.749],[108.2435,-6.749],[108.244,-6.7495],[108.2445,-6.7495],[108.2445,-6.75],[108.246,-6.7505],[108.2475,-6.752],[108.2475,-6.7535],[108.2505,-6.7525],[108.254,-6.7545],[108.255,-6.757],[108.2585,-6.7665],[108.2575,-6.7625],[108.2595,-6.7615],[108.262,-6.7595],[108.262,-6.7575],[108.264,-6.7515],[108.264,-6.75],[108.263,-6.748],[108.254,-6.7455],[108.251,-6.7335]]]},"properties":{"code":"32.10.11.2002","name":"Burujul Wetan","latitude":-6.745428912318103,"longitude":108.25201803051964}},{"type":"Feature","geometry":{"type":"Polygon","coordinates":[[[108.257,-6.7365],[108.251,-6.7335],[108.254,-6.7455],[108.263,-6.748],[108.2645,-6.7455],[108.264,-6.7435],[108.257,-6.7365]]]},"properties":{"code":"32.10.11.2003","name":"Cicadas","latitude":-6.740912922174148,"longitude":108.25746269860454}},{"type":"Feature","geometry":{"type":"Polygon","coordinates":[[[108.276,-6.7655],[108.269,-6.7475],[108.2685,-6.7455],[108.269,-6.744],[108.2685,-6.742],[108.2685,-6.741],[108.264,-6.7435],[108.2645,-6.7455],[108.263,-6.748],[108.264,-6.75],[108.264,-6.7515],[108.262,-6.7575],[108.262,-6.7595],[108.2595,-6.7615],[108.2575,-6.763],[108.2695,-6.761],[108.27,-6.765],[108.276,-6.7655]]]},"properties":{"code":"32.10.11.2004","name":"Andir","latitude":-6.755567264284167,"longitude":108.26831270702165}},{"type":"Feature","geometry":{"type":"Polygon","coordinates":[[[108.276,-6.7655],[108.27,-6.765],[108.2695,-6.7625],[108.267,-6.7625],[108.268,-6.767],[108.27,-6.767],[108.271,-6.784],[108.2705,-6.7895],[108.2795,-6.793],[108.286,-6.792],[108.2835,-6.7915],[108.283,-6.7895],[108.2815,-6.7695],[108.276,-6.7655]]]},"properties":{"code":"32.10.11.2005","name":"Sukaraja Wetan","latitude":-6.778994315600321,"longitude":108.27646168008424}},{"type":"Feature","geometry":{"type":"Polygon","coordinates":[[[108.2705,-6.7895],[108.2685,-6.7895],[108.2685,-6.789],[108.2685,-6.7895],[108.266,-6.7875],[108.2655,-6.7885],[108.266,-6.7885],[108.266,-6.789],[108.267,-6.8005],[108.2755,-6.8055],[108.2775,-6.8085],[108.285,-6.808],[108.2825,-6.7975],[108.2815,-6.7955],[108.2795,-6.794],[108.2795,-6.793],[108.2705,-6.7895]]]},"properties":{"code":"32.10.11.2006","name":"Pinangraja","latitude":-6.79827338361575,"longitude":108.27571329756009}},{"type":"Feature","geometry":{"type":"Polygon","coordinates":[[[108.2845,-6.7635],[108.281,-6.7685],[108.282,-6.7695],[108.2815,-6.7695],[108.283,-6.7895],[108.2835,-6.7915],[108.286,-6.792],[108.2935,-6.7865],[108.2905,-6.78],[108.2905,-6.777],[108.289,-6.774],[108.288,-6.7735],[108.287,-6.771],[108.2845,-6.765],[108.2845,-6.7635]]]},"properties":{"code":"32.10.11.2007","name":"Cibentar","latitude":-6.7773038471648075,"longitude":108.28581557547551}},{"type":"Feature","geometry":{"type":"Polygon","coordinates":[[[108.279,-6.7415],[108.271,-6.733],[108.2705,-6.736],[108.269,-6.7405],[108.2685,-6.7405],[108.2685,-6.742],[108.269,-6.744],[108.2685,-6.7455],[108.269,-6.7475],[108.276,-6.7655],[108.2815,-6.7695],[108.282,-6.7695],[108.281,-6.7685],[108.2845,-6.7635],[108.2845,-6.763],[108.2855,-6.76],[108.284,-6.76],[108.2815,-6.7555],[108.2785,-6.7515],[108.2795,-6.7465],[108.28,-6.745],[108.279,-6.7415]]]},"properties":{"code":"32.10.11.2008","name":"Leuweunggede","latitude":-6.748100029801751,"longitude":108.27560868365633}},{"type":"Feature","geometry":{"type":"Polygon","coordinates":[[[108.2735,-6.7285],[108.2735,-6.728],[108.2735,-6.7265],[108.2735,-6.725],[108.2735,-6.723],[108.271,-6.723],[108.27,-6.718],[108.2695,-6.7185],[108.269,-6.7165],[108.2665,-6.717],[108.264,-6.717],[108.261,-6.725],[108.262,-6.728],[108.2645,-6.736],[108.2655,-6.7375],[108.2685,-6.7405],[108.269,-6.7405],[108.2705,-6.736],[108.2705,-6.7315],[108.2715,-6.73],[108.2735,-6.7285]]]},"properties":{"code":"32.10.11.2009","name":"Cibolerang","latitude":-6.727076320607338,"longitude":108.26692291558665}},{"type":"Feature","geometry":{"type":"Polygon","coordinates":[[[108.264,-6.717],[108.2655,-6.714],[108.261,-6.714],[108.259,-6.7145],[108.259,-6.718],[108.257,-6.7225],[108.2585,-6.7255],[108.2535,-6.7255],[108.254,-6.726],[108.257,-6.7365],[108.264,-6.7435],[108.2685,-6.741],[108.2685,-6.7405],[108.2655,-6.7375],[108.2645,-6.736],[108.262,-6.728],[108.261,-6.725],[108.264,-6.717]]]},"properties":{"code":"32.10.11.2010","name":"Sutawangi","latitude":-6.729447426521553,"longitude":108.26094979422705}},{"type":"Feature","geometry":{"type":"Polygon","coordinates":[[[108.2445,-6.694],[108.242,-6.692],[108.2405,-6.6905],[108.2375,-6.6995],[108.237,-6.7005],[108.24,-6.7065],[108.241,-6.709],[108.2535,-6.717],[108.2535,-6.7255],[108.2585,-6.7255],[108.257,-6.7225],[108.259,-6.718],[108.259,-6.7145],[108.2575,-6.715],[108.255,-6.7075],[108.2555,-6.706],[108.2445,-6.704],[108.2445,-6.694]]]},"properties":{"code":"32.10.11.2011","name":"Jatisura","latitude":-6.7090674795451,"longitude":108.24827832117339}},{"type":"Feature","geometry":{"type":"Polygon","coordinates":[[[108.2535,-6.721],[108.246,-6.7185],[108.23,-6.705],[108.2275,-6.703],[108.227,-6.7],[108.225,-6.7],[108.225,-6.702],[108.2205,-6.702],[108.221,-6.705],[108.228,-6.718],[108.229,-6.718],[108.2375,-6.719],[108.241,-6.719],[108.2535,-6.726],[108.2535,-6.721]]]},"properties":{"code":"32.10.11.2012","name":"Jatiwangi","latitude":-6.713060754770281,"longitude":108.23478491733167}},{"type":"Feature","geometry":{"type":"Polygon","coordinates":[[[108.28,-6.7155],[108.2725,-6.716],[108.272,-6.716],[108.27,-6.7165],[108.269,-6.7165],[108.2695,-6.7185],[108.27,-6.718],[108.271,-6.723],[108.2735,-6.723],[108.2735,-6.725],[108.2735,-6.7265],[108.2735,-6.728],[108.2735,-6.7285],[108.275,-6.7275],[108.277,-6.729],[108.2815,-6.7265],[108.2805,-6.723],[108.281,-6.7215],[108.281,-6.7205],[108.284,-6.7205],[108.2845,-6.719],[108.2865,-6.716],[108.28,-6.7155]]]},"properties":{"code":"32.10.11.2013","name":"Loji","latitude":-6.720650116082006,"longitude":108.27714711266115}},{"type":"Feature","geometry":{"type":"Polygon","coordinates":[[[108.2695,-6.7625],[108.2695,-6.761],[108.2575,-6.763],[108.2575,-6.7625],[108.2585,-6.7665],[108.259,-6.768],[108.26,-6.7695],[108.2605,-6.7695],[108.2595,-6.771],[108.2645,-6.7835],[108.2645,-6.786],[108.265,-6.787],[108.266,-6.7875],[108.2685,-6.7895],[108.2685,-6.789],[108.2685,-6.7895],[108.2705,-6.7895],[108.271,-6.784],[108.27,-6.767],[108.268,-6.767],[108.267,-6.7625],[108.2695,-6.7625]]]},"properties":{"code":"32.10.11.2014","name":"Sukaraja Kulon","latitude":-6.77350840886242,"longitude":108.2655984045964}},{"type":"Feature","geometry":{"type":"Polygon","coordinates":[[[108.2535,-6.726],[108.241,-6.719],[108.2375,-6.719],[108.229,-6.718],[108.229,-6.7185],[108.23,-6.7195],[108.231,-6.7195],[108.232,-6.7205],[108.2335,-6.7225],[108.2365,-6.7235],[108.238,-6.7245],[108.242,-6.7275],[108.242,-6.727],[108.251,-6.7335],[108.257,-6.7365],[108.254,-6.726],[108.2535,-6.726]]]},"properties":{"code":"32.10.11.2015","name":"Mekarsari","latitude":-6.725288412263812,"longitude":108.24436797318035}},{"type":"Feature","geometry":{"type":"Polygon","coordinates":[[[108.237,-6.7005],[108.231,-6.7],[108.227,-6.7],[108.2275,-6.703],[108.23,-6.705],[108.246,-6.7185],[108.2535,-6.721],[108.2535,-6.717],[108.241,-6.709],[108.24,-6.7065],[108.237,-6.7005]]]},"properties":{"code":"32.10.11.2016","name":"Surawangi","latitude":-6.709165385565237,"longitude":108.23906043981441}},{"type":"Feature","geometry":{"type":"Polygon","coordinates":[[[108.199,-6.7265],[108.1945,-6.7295],[108.197,-6.7335],[108.1925,-6.74],[108.195,-6.7555],[108.1955,-6.757],[108.197,-6.756],[108.198,-6.756],[108.1985,-6.755],[108.1985,-6.7525],[108.2015,-6.753],[108.2035,-6.7505],[108.203,-6.7495],[108.2035,-6.7485],[108.2035,-6.741],[108.203,-6.739],[108.204,-6.7395],[108.2045,-6.738],[108.203,-6.7345],[108.2025,-6.7325],[108.201,-6.7305],[108.2005,-6.73],[108.198,-6.7285],[108.198,-6.7275],[108.199,-6.727],[108.199,-6.7265]]]},"properties":{"code":"32.10.12.2006","name":"Gandu","latitude":-6.742056976729754,"longitude":108.19783439495316}},{"type":"Feature","geometry":{"type":"Polygon","coordinates":[[[108.183,-6.754],[108.182,-6.7535],[108.17,-6.7605],[108.169,-6.763],[108.171,-6.765],[108.1735,-6.766],[108.1805,-6.7635],[108.183,-6.763],[108.182,-6.759],[108.183,-6.756],[108.183,-6.754]]]},"properties":{"code":"32.10.12.2007","name":"Dawuan","latitude":-6.7611807243210205,"longitude":108.17663511981586}},{"type":"Feature","geometry":{"type":"Polygon","coordinates":[[[108.199,-6.7265],[108.2,-6.7255],[108.202,-6.7225],[108.201,-6.7205],[108.199,-6.719],[108.1985,-6.7195],[108.195,-6.719],[108.1935,-6.721],[108.1885,-6.7255],[108.185,-6.726],[108.183,-6.73],[108.182,-6.733],[108.1855,-6.752],[108.1885,-6.755],[108.1935,-6.756],[108.1945,-6.7565],[108.1955,-6.759],[108.1965,-6.76],[108.1965,-6.7625],[108.1955,-6.763],[108.197,-6.763],[108.1965,-6.7585],[108.1955,-6.7575],[108.195,-6.7555],[108.1925,-6.74],[108.197,-6.7335],[108.1945,-6.7295],[108.199,-6.7265]]]},"properties":{"code":"32.10.12.2008","name":"Genteng","latitude":-6.736074512591214,"longitude":108.19053401009299}},{"type":"Feature","geometry":{"type":"Polygon","coordinates":[[[108.229,-6.718],[108.228,-6.718],[108.221,-6.705],[108.22,-6.7045],[108.2155,-6.73],[108.217,-6.7295],[108.22,-6.732],[108.2205,-6.736],[108.2255,-6.7295],[108.227,-6.726],[108.2285,-6.721],[108.229,-6.718]]]},"properties":{"code":"32.10.12.2010","name":"Mandapa","latitude":-6.720575460091842,"longitude":108.22253549243345}},{"type":"Feature","geometry":{"type":"Polygon","coordinates":[[[108.2195,-6.7025],[108.2145,-6.701],[108.214,-6.7005],[108.2135,-6.7005],[108.2135,-6.709],[108.2025,-6.718],[108.202,-6.7175],[108.198,-6.7085],[108.1935,-6.7105],[108.193,-6.711],[108.1925,-6.712],[108.193,-6.7125],[108.1945,-6.716],[108.195,-6.717],[108.195,-6.7175],[108.195,-6.719],[108.1985,-6.7195],[108.199,-6.719],[108.201,-6.7205],[108.202,-6.7225],[108.2,-6.7255],[108.199,-6.727],[108.198,-6.7275],[108.198,-6.7285],[108.2005,-6.73],[108.201,-6.7305],[108.2025,-6.7325],[108.203,-6.7345],[108.203,-6.7335],[108.2035,-6.7325],[108.2045,-6.733],[108.207,-6.732],[108.2105,-6.7315],[108.214,-6.73],[108.218,-6.7315],[108.2175,-6.7305],[108.2155,-6.73],[108.22,-6.7045],[108.2195,-6.7025]]]},"properties":{"code":"32.10.12.2011","name":"Balida","latitude":-6.718113182963135,"longitude":108.20890278321515}},{"type":"Feature","geometry":{"type":"Polygon","coordinates":[[[108.2255,-6.6845],[108.216,-6.683],[108.2155,-6.685],[108.207,-6.686],[108.2065,-6.6885],[108.211,-6.6925],[108.2125,-6.695],[108.2105,-6.697],[108.209,-6.697],[108.2075,-6.696],[108.2085,-6.699],[108.211,-6.699],[108.211,-6.6995],[108.211,-6.7],[108.214,-6.7005],[108.2145,-6.701],[108.2195,-6.7025],[108.219,-6.699],[108.2225,-6.689],[108.223,-6.6885],[108.225,-6.6865],[108.226,-6.6865],[108.226,-6.686],[108.226,-6.6845],[108.2255,-6.6845]]]},"properties":{"code":"32.10.12.2012","name":"Karanganyar","latitude":-6.691404467788035,"longitude":108.21543194372774}},{"type":"Feature","geometry":{"type":"Polygon","coordinates":[[[108.2225,-6.689],[108.219,-6.699],[108.2205,-6.702],[108.225,-6.702],[108.225,-6.7],[108.231,-6.7],[108.237,-6.7005],[108.2375,-6.6995],[108.2405,-6.6905],[108.2395,-6.6895],[108.223,-6.6905],[108.2225,-6.689]]]},"properties":{"code":"32.10.12.2013","name":"Salawana","latitude":-6.695814915314877,"longitude":108.22855433011573}},{"type":"Feature","geometry":{"type":"Polygon","coordinates":[[[108.186,-6.754],[108.1855,-6.7545],[108.183,-6.754],[108.183,-6.756],[108.182,-6.759],[108.183,-6.763],[108.1855,-6.763],[108.1905,-6.7615],[108.1915,-6.7605],[108.1965,-6.761],[108.1955,-6.759],[108.1945,-6.7565],[108.1935,-6.756],[108.1885,-6.755],[108.186,-6.754]]]},"properties":{"code":"32.10.12.2015","name":"Bojongcideres","latitude":-6.7586022224117,"longitude":108.18791403631613}},{"type":"Feature","geometry":{"type":"Polygon","coordinates":[[[108.2205,-6.736],[108.22,-6.732],[108.217,-6.7295],[108.2175,-6.7305],[108.218,-6.7315],[108.214,-6.73],[108.2105,-6.7315],[108.207,-6.732],[108.2045,-6.733],[108.2035,-6.7325],[108.203,-6.7335],[108.203,-6.7345],[108.2045,-6.738],[108.204,-6.7395],[108.203,-6.739],[108.2035,-6.741],[108.2035,-6.7485],[108.203,-6.7495],[108.204,-6.751],[108.205,-6.7515],[108.205,-6.753],[108.2035,-6.7555],[108.208,-6.753],[108.219,-6.743],[108.221,-6.741],[108.224,-6.741],[108.2205,-6.736]]]},"properties":{"code":"32.10.12.2017","name":"Sinarjati","latitude":-6.740402579198756,"longitude":108.21134266230118}},{"type":"Feature","geometry":{"type":"Polygon","coordinates":[[[108.2075,-6.696],[108.205,-6.694],[108.201,-6.694],[108.1985,-6.696],[108.1985,-6.702],[108.1995,-6.7055],[108.199,-6.7075],[108.198,-6.7085],[108.202,-6.7175],[108.2025,-6.718],[108.2135,-6.709],[108.2135,-6.7005],[108.211,-6.6995],[108.211,-6.699],[108.2085,-6.699],[108.2075,-6.696]]]},"properties":{"code":"32.10.12.2018","name":"Pasirmalati","latitude":-6.704387150508671,"longitude":108.20467464388706}},{"type":"Feature","geometry":{"type":"Polygon","coordinates":[[[108.229,-6.7395],[108.2375,-6.7355],[108.2305,-6.7225],[108.2305,-6.722],[108.23,-6.721],[108.2295,-6.7205],[108.2285,-6.72],[108.2285,-6.721],[108.227,-6.726],[108.2255,-6.7295],[108.2205,-6.736],[108.224,-6.741],[108.228,-6.74],[108.229,-6.7395]]]},"properties":{"code":"32.10.12.2021","name":"Baturuyuk","latitude":-6.73244339012783,"longitude":108.2289688377272}},{"type":"Feature","geometry":{"type":"Polygon","coordinates":[[[108.1965,-6.788],[108.197,-6.7875],[108.1935,-6.7825],[108.193,-6.782],[108.1815,-6.772],[108.1795,-6.772],[108.18,-6.7735],[108.179,-6.773],[108.1785,-6.7725],[108.1775,-6.7735],[108.1735,-6.7795],[108.1735,-6.7855],[108.1755,-6.791],[108.176,-6.792],[108.179,-6.7925],[108.1885,-6.788],[108.1895,-6.788],[108.193,-6.7895],[108.1945,-6.789],[108.1965,-6.788]]]},"properties":{"code":"32.10.13.2001","name":"Heuleut","latitude":-6.782109289813993,"longitude":108.18342186510584}},{"type":"Feature","geometry":{"type":"Polygon","coordinates":[[[108.1595,-6.752],[108.157,-6.7505],[108.154,-6.749],[108.153,-6.749],[108.1525,-6.7485],[108.1515,-6.748],[108.152,-6.7485],[108.1485,-6.755],[108.149,-6.7585],[108.153,-6.762],[108.155,-6.7615],[108.164,-6.7645],[108.164,-6.768],[108.165,-6.769],[108.168,-6.769],[108.175,-6.7685],[108.1755,-6.7695],[108.1775,-6.77],[108.1775,-6.7685],[108.1785,-6.7695],[108.1795,-6.7695],[108.1795,-6.768],[108.1795,-6.767],[108.1795,-6.7645],[108.179,-6.764],[108.1735,-6.766],[108.171,-6.765],[108.1675,-6.762],[108.1655,-6.758],[108.1595,-6.752]]]},"properties":{"code":"32.10.13.2002","name":"Kadipaten","latitude":-6.759854013979173,"longitude":108.16137765709881}},{"type":"Feature","geometry":{"type":"Polygon","coordinates":[[[108.1595,-6.752],[108.1615,-6.743],[108.1645,-6.74],[108.1585,-6.737],[108.1575,-6.74],[108.152,-6.7445],[108.152,-6.745],[108.1515,-6.748],[108.1525,-6.7485],[108.153,-6.749],[108.154,-6.749],[108.157,-6.7505],[108.1595,-6.752]]]},"properties":{"code":"32.10.13.2003","name":"Babakananyar","latitude":-6.744445898859185,"longitude":108.1578774727837}},{"type":"Feature","geometry":{"type":"Polygon","coordinates":[[[108.185,-6.726],[108.183,-6.721],[108.1775,-6.7185],[108.1765,-6.719],[108.1745,-6.729],[108.173,-6.7345],[108.1675,-6.7325],[108.1655,-6.725],[108.1645,-6.724],[108.1625,-6.7235],[108.162,-6.724],[108.1635,-6.728],[108.1635,-6.73],[108.1595,-6.7345],[108.1585,-6.737],[108.1645,-6.74],[108.1615,-6.743],[108.1595,-6.752],[108.1655,-6.758],[108.1685,-6.7625],[108.1725,-6.7495],[108.1765,-6.7395],[108.1825,-6.731],[108.183,-6.73],[108.185,-6.726]]]},"properties":{"code":"32.10.13.2004","name":"Karangsambung","latitude":-6.739126613975357,"longitude":108.17021132372219}},{"type":"Feature","geometry":{"type":"Polygon","coordinates":[[[108.1795,-6.7695],[108.1785,-6.7695],[108.1775,-6.7685],[108.1775,-6.77],[108.1755,-6.7695],[108.175,-6.7685],[108.168,-6.769],[108.165,-6.769],[108.164,-6.768],[108.1635,-6.7675],[108.164,-6.7735],[108.1645,-6.7755],[108.1695,-6.787],[108.169,-6.7875],[108.172,-6.791],[108.1735,-6.7915],[108.175,-6.791],[108.1755,-6.791],[108.1735,-6.7855],[108.1735,-6.7795],[108.1775,-6.7735],[108.178,-6.773],[108.179,-6.772],[108.179,-6.7715],[108.1795,-6.7695]]]},"properties":{"code":"32.10.13.2005","name":"Liangjulang","latitude":-6.776671793846041,"longitude":108.1711437536381}},{"type":"Feature","geometry":{"type":"Polygon","coordinates":[[[108.186,-6.754],[108.1855,-6.752],[108.182,-6.733],[108.1825,-6.731],[108.1765,-6.7395],[108.1725,-6.7495],[108.1685,-6.7625],[108.169,-6.763],[108.17,-6.7605],[108.182,-6.7535],[108.1855,-6.7545],[108.186,-6.754]]]},"properties":{"code":"32.10.13.2006","name":"Pagandon","latitude":-6.747372273503238,"longitude":108.17855481447027}},{"type":"Feature","geometry":{"type":"Polygon","coordinates":[[[108.1965,-6.761],[108.1915,-6.7605],[108.1905,-6.7615],[108.1855,-6.763],[108.1805,-6.7635],[108.179,-6.764],[108.1795,-6.7645],[108.1795,-6.767],[108.1795,-6.768],[108.1795,-6.7695],[108.179,-6.7715],[108.179,-6.772],[108.1785,-6.7725],[108.179,-6.773],[108.18,-6.7735],[108.1795,-6.772],[108.1815,-6.772],[108.193,-6.782],[108.1935,-6.7825],[108.197,-6.7875],[108.1965,-6.7885],[108.1975,-6.788],[108.2,-6.7875],[108.2005,-6.7865],[108.201,-6.7865],[108.203,-6.787],[108.204,-6.7875],[108.2045,-6.7875],[108.206,-6.7875],[108.2055,-6.787],[108.2045,-6.785],[108.204,-6.786],[108.2025,-6.7855],[108.201,-6.7825],[108.2015,-6.781],[108.202,-6.7795],[108.202,-6.776],[108.201,-6.7745],[108.1985,-6.7735],[108.1975,-6.7715],[108.199,-6.7695],[108.1975,-6.767],[108.198,-6.7665],[108.198,-6.765],[108.1965,-6.764],[108.1955,-6.763],[108.1965,-6.7625],[108.1965,-6.761]]]},"properties":{"code":"32.10.13.2007","name":"Cipaku","latitude":-6.772514257888282,"longitude":108.19252309839975}},{"type":"Feature","geometry":{"type":"Polygon","coordinates":[[[108.1935,-6.714],[108.193,-6.7145],[108.1925,-6.715],[108.1915,-6.716],[108.1885,-6.7165],[108.1835,-6.7145],[108.184,-6.711],[108.1785,-6.708],[108.1675,-6.71],[108.1655,-6.7115],[108.1645,-6.71],[108.1625,-6.711],[108.162,-6.711],[108.16,-6.7125],[108.151,-6.7185],[108.1545,-6.721],[108.155,-6.721],[108.155,-6.72],[108.156,-6.721],[108.158,-6.721],[108.159,-6.7205],[108.161,-6.724],[108.162,-6.724],[108.1625,-6.7235],[108.1645,-6.724],[108.1655,-6.725],[108.1675,-6.7325],[108.173,-6.7345],[108.1745,-6.729],[108.1765,-6.719],[108.1775,-6.7185],[108.183,-6.721],[108.185,-6.726],[108.1885,-6.7255],[108.1935,-6.721],[108.195,-6.7175],[108.195,-6.717],[108.1945,-6.715],[108.1935,-6.714]]]},"properties":{"code":"32.10.14.2001","name":"Pakubeureum","latitude":-6.719312208671111,"longitude":108.1721609881069}},{"type":"Feature","geometry":{"type":"Polygon","coordinates":[[[108.216,-6.682],[108.2075,-6.6755],[108.201,-6.6815],[108.2005,-6.683],[108.182,-6.7005],[108.182,-6.702],[108.178,-6.708],[108.184,-6.711],[108.1835,-6.7145],[108.1885,-6.7165],[108.1915,-6.716],[108.1925,-6.715],[108.1935,-6.7145],[108.1935,-6.714],[108.193,-6.7125],[108.1925,-6.712],[108.193,-6.711],[108.1935,-6.7105],[108.199,-6.7075],[108.1995,-6.7055],[108.1985,-6.702],[108.1985,-6.696],[108.201,-6.694],[108.205,-6.694],[108.209,-6.697],[108.2105,-6.697],[108.2125,-6.695],[108.211,-6.6925],[108.2065,-6.6885],[108.207,-6.686],[108.2155,-6.685],[108.216,-6.682]]]},"properties":{"code":"32.10.14.2002","name":"Sukawana","latitude":-6.697285768278035,"longitude":108.1959936643763}},{"type":"Feature","geometry":{"type":"Polygon","coordinates":[[[108.182,-6.702],[108.1715,-6.6925],[108.171,-6.693],[108.1705,-6.692],[108.1695,-6.692],[108.167,-6.6925],[108.166,-6.693],[108.1645,-6.6915],[108.164,-6.691],[108.163,-6.691],[108.1425,-6.6845],[108.142,-6.6855],[108.142,-6.6865],[108.1415,-6.689],[108.1405,-6.69],[108.142,-6.6945],[108.1415,-6.6955],[108.1425,-6.696],[108.1475,-6.6995],[108.148,-6.7],[108.151,-6.701],[108.152,-6.7015],[108.152,-6.704],[108.153,-6.7045],[108.1535,-6.7045],[108.154,-6.7025],[108.1615,-6.7105],[108.1625,-6.7095],[108.1635,-6.7095],[108.163,-6.711],[108.1645,-6.71],[108.1655,-6.7115],[108.1675,-6.71],[108.1785,-6.708],[108.178,-6.708],[108.182,-6.702]]]},"properties":{"code":"32.10.14.2003","name":"Kertawinangun","latitude":-6.698716098383329,"longitude":108.16121110332524}},{"type":"Feature","geometry":{"type":"Polygon","coordinates":[[[108.142,-6.6855],[108.1325,-6.6695],[108.1325,-6.669],[108.118,-6.6785],[108.1095,-6.6905],[108.108,-6.6915],[108.111,-6.696],[108.1125,-6.6985],[108.118,-6.7015],[108.1175,-6.703],[108.1165,-6.7045],[108.1175,-6.705],[108.1215,-6.704],[108.123,-6.7045],[108.1335,-6.7075],[108.1335,-6.709],[108.1345,-6.708],[108.1345,-6.7075],[108.1355,-6.7065],[108.14,-6.7105],[108.143,-6.7105],[108.1485,-6.7165],[108.149,-6.718],[108.149,-6.719],[108.151,-6.7185],[108.16,-6.7125],[108.162,-6.711],[108.163,-6.711],[108.1635,-6.7095],[108.1625,-6.7095],[108.1615,-6.7105],[108.154,-6.7025],[108.1535,-6.7045],[108.153,-6.7045],[108.152,-6.704],[108.152,-6.7015],[108.151,-6.701],[108.148,-6.7],[108.1475,-6.6995],[108.1425,-6.696],[108.1415,-6.6955],[108.142,-6.6945],[108.1405,-6.69],[108.1415,-6.689],[108.142,-6.6865],[108.142,-6.6855]]]},"properties":{"code":"32.10.14.2004","name":"Palasah","latitude":-6.694891526501675,"longitude":108.1321827112395}},{"type":"Feature","geometry":{"type":"Polygon","coordinates":[[[108.1435,-6.6725],[108.1325,-6.6685],[108.1325,-6.6695],[108.142,-6.6855],[108.1425,-6.6845],[108.163,-6.691],[108.164,-6.691],[108.1645,-6.6915],[108.166,-6.693],[108.167,-6.6925],[108.1695,-6.692],[108.1705,-6.692],[108.171,-6.693],[108.1715,-6.6925],[108.182,-6.702],[108.182,-6.7005],[108.2005,-6.683],[108.201,-6.682],[108.2,-6.681],[108.199,-6.6815],[108.1985,-6.6815],[108.1965,-6.682],[108.195,-6.682],[108.191,-6.6805],[108.183,-6.681],[108.1435,-6.6725]]]},"properties":{"code":"32.10.14.2005","name":"Babakan","latitude":-6.683771092169988,"longitude":108.16615820764987}},{"type":"Feature","geometry":{"type":"Polygon","coordinates":[[[108.198,-6.6685],[108.171,-6.656],[108.158,-6.65],[108.155,-6.65],[108.1435,-6.6725],[108.183,-6.681],[108.191,-6.6805],[108.195,-6.682],[108.1965,-6.682],[108.1985,-6.6815],[108.199,-6.6815],[108.2,-6.681],[108.199,-6.6795],[108.1975,-6.6745],[108.196,-6.674],[108.1945,-6.673],[108.1945,-6.6735],[108.1935,-6.6725],[108.193,-6.671],[108.193,-6.6695],[108.197,-6.6685],[108.198,-6.6685]]]},"properties":{"code":"32.10.14.2006","name":"Kertajati","latitude":-6.667713273995646,"longitude":108.1716787458716}},{"type":"Feature","geometry":{"type":"Polygon","coordinates":[[[108.168,-6.6415],[108.1645,-6.6395],[108.1605,-6.638],[108.1605,-6.6375],[108.159,-6.638],[108.1585,-6.6385],[108.1565,-6.638],[108.147,-6.64],[108.1445,-6.6455],[108.1445,-6.6465],[108.144,-6.647],[108.1445,-6.647],[108.147,-6.648],[108.1505,-6.649],[108.155,-6.65],[108.158,-6.65],[108.171,-6.656],[108.198,-6.6685],[108.1995,-6.6625],[108.1985,-6.662],[108.1925,-6.655],[108.1915,-6.656],[108.1895,-6.655],[108.188,-6.6545],[108.188,-6.6515],[108.168,-6.6415]]]},"properties":{"code":"32.10.14.2007","name":"Bantarjati","latitude":-6.650836874428407,"longitude":108.17197340128723}},{"type":"Feature","geometry":{"type":"Polygon","coordinates":[[[108.186,-6.61],[108.185,-6.61],[108.181,-6.609],[108.1795,-6.6085],[108.174,-6.6035],[108.1725,-6.6035],[108.174,-6.6045],[108.1745,-6.606],[108.1735,-6.61],[108.173,-6.6355],[108.168,-6.6415],[108.188,-6.6515],[108.188,-6.6545],[108.1895,-6.655],[108.1915,-6.656],[108.1925,-6.655],[108.2065,-6.6435],[108.2085,-6.6425],[108.203,-6.6375],[108.2005,-6.636],[108.195,-6.627],[108.1835,-6.6215],[108.186,-6.61]]]},"properties":{"code":"32.10.14.2008","name":"Pasiripis","latitude":-6.6340334000116785,"longitude":108.18557016743274}},{"type":"Feature","geometry":{"type":"Polygon","coordinates":[[[108.1505,-6.6075],[108.146,-6.6125],[108.133,-6.6325],[108.1245,-6.651],[108.1405,-6.6565],[108.1425,-6.6525],[108.143,-6.651],[108.1435,-6.65],[108.1435,-6.6495],[108.1435,-6.647],[108.144,-6.647],[108.1445,-6.6465],[108.1445,-6.6455],[108.147,-6.64],[108.1565,-6.638],[108.1585,-6.6385],[108.159,-6.638],[108.1605,-6.6375],[108.1545,-6.632],[108.148,-6.625],[108.148,-6.614],[108.1485,-6.6145],[108.1505,-6.6075]]]},"properties":{"code":"32.10.14.2009","name":"Sukamulya","latitude":-6.6368322586737625,"longitude":108.14094995028017}},{"type":"Feature","geometry":{"type":"Polygon","coordinates":[[[108.155,-6.65],[108.1505,-6.649],[108.147,-6.648],[108.1445,-6.647],[108.1435,-6.647],[108.1435,-6.6495],[108.1435,-6.65],[108.143,-6.651],[108.1425,-6.6525],[108.1405,-6.6565],[108.1245,-6.651],[108.1195,-6.659],[108.1135,-6.67],[108.1325,-6.6685],[108.1435,-6.6725],[108.155,-6.65]]]},"properties":{"code":"32.10.14.2010","name":"Kertasari","latitude":-6.66057828603329,"longitude":108.13521642622301}},{"type":"Feature","geometry":{"type":"Polygon","coordinates":[[[108.122,-6.655],[108.102,-6.6365],[108.093,-6.6395],[108.0875,-6.6395],[108.0785,-6.638],[108.08,-6.6455],[108.0815,-6.6695],[108.092,-6.6725],[108.0975,-6.683],[108.1075,-6.689],[108.1065,-6.69],[108.1085,-6.69],[108.1095,-6.6905],[108.118,-6.6785],[108.1325,-6.669],[108.1325,-6.6685],[108.1135,-6.67],[108.1195,-6.659],[108.122,-6.655]]]},"properties":{"code":"32.10.14.2011","name":"Mekarjaya","latitude":-6.661273959428847,"longitude":108.1011374364421}},{"type":"Feature","geometry":{"type":"Polygon","coordinates":[[[108.125,-6.5445],[108.121,-6.541],[108.1195,-6.5415],[108.118,-6.543],[108.1185,-6.544],[108.1185,-6.545],[108.118,-6.545],[108.117,-6.547],[108.1185,-6.548],[108.1175,-6.5495],[108.118,-6.55],[108.117,-6.5505],[108.1155,-6.551],[108.1155,-6.5535],[108.1075,-6.5555],[108.1065,-6.556],[108.1055,-6.5615],[108.1035,-6.5615],[108.0975,-6.5645],[108.098,-6.563],[108.096,-6.5635],[108.0955,-6.564],[108.0945,-6.5625],[108.0935,-6.563],[108.092,-6.5675],[108.091,-6.568],[108.074,-6.5805],[108.0745,-6.582],[108.0755,-6.582],[108.076,-6.583],[108.0705,-6.599],[108.07,-6.6],[108.072,-6.6],[108.0715,-6.601],[108.069,-6.6015],[108.0695,-6.602],[108.0725,-6.602],[108.0725,-6.6025],[108.0715,-6.603],[108.07,-6.6035],[108.0695,-6.606],[108.071,-6.609],[108.071,-6.6095],[108.0705,-6.6115],[108.071,-6.614],[108.0785,-6.6155],[108.078,-6.636],[108.0785,-6.638],[108.0875,-6.6395],[108.093,-6.6395],[108.102,-6.6365],[108.122,-6.655],[108.133,-6.6325],[108.146,-6.6125],[108.1485,-6.6055],[108.1485,-6.604],[108.1425,-6.575],[108.143,-6.573],[108.142,-6.5675],[108.1415,-6.5665],[108.142,-6.5665],[108.142,-6.565],[108.1405,-6.565],[108.128,-6.566],[108.132,-6.555],[108.125,-6.5445]]]},"properties":{"code":"32.10.14.2012","name":"Mekarmulya","latitude":-6.599588566515059,"longitude":108.11043393443258}},{"type":"Feature","geometry":{"type":"Polygon","coordinates":[[[108.1725,-6.6035],[108.171,-6.6035],[108.1585,-6.612],[108.1505,-6.6075],[108.1485,-6.6145],[108.148,-6.614],[108.148,-6.625],[108.1545,-6.632],[108.1595,-6.637],[108.1605,-6.6375],[108.1605,-6.638],[108.1645,-6.6395],[108.168,-6.6415],[108.173,-6.6355],[108.1735,-6.61],[108.1745,-6.606],[108.174,-6.6045],[108.1725,-6.6035]]]},"properties":{"code":"32.10.14.2013","name":"Sukakerta","latitude":-6.622482412163363,"longitude":108.16210443636623}},{"type":"Feature","geometry":{"type":"Polygon","coordinates":[[[108.071,-6.614],[108.0705,-6.6145],[108.068,-6.613],[108.0675,-6.613],[108.068,-6.615],[108.067,-6.6165],[108.0655,-6.615],[108.0645,-6.6165],[108.0475,-6.628],[108.0475,-6.6295],[108.048,-6.632],[108.047,-6.633],[108.045,-6.631],[108.0455,-6.6325],[108.046,-6.633],[108.0455,-6.634],[108.042,-6.637],[108.043,-6.639],[108.0495,-6.6375],[108.063,-6.658],[108.0645,-6.6575],[108.066,-6.656],[108.0665,-6.656],[108.07,-6.6575],[108.0675,-6.658],[108.0665,-6.6605],[108.0685,-6.664],[108.069,-6.6655],[108.07,-6.664],[108.0725,-6.664],[108.0785,-6.666],[108.0795,-6.6665],[108.08,-6.67],[108.081,-6.669],[108.0815,-6.6695],[108.08,-6.6455],[108.0785,-6.639],[108.078,-6.636],[108.0785,-6.6155],[108.071,-6.614]]]},"properties":{"code":"32.10.14.2014","name":"Sahbandar","latitude":-6.639231997196671,"longitude":108.0664507119641}},{"type":"Feature","geometry":{"type":"Polygon","coordinates":[[[108.216,-6.6635],[108.208,-6.6465],[108.2075,-6.6455],[108.2065,-6.6435],[108.1925,-6.655],[108.1985,-6.662],[108.2,-6.663],[108.2105,-6.658],[108.2145,-6.6635],[108.216,-6.6635]]]},"properties":{"code":"32.10.15.2001","name":"Biyawak","latitude":-6.655181395989709,"longitude":108.20411702124697}},{"type":"Feature","geometry":{"type":"Polygon","coordinates":[[[108.1985,-6.629],[108.1965,-6.629],[108.195,-6.6265],[108.1835,-6.6215],[108.195,-6.627],[108.2005,-6.636],[108.203,-6.6375],[108.2085,-6.6425],[108.2065,-6.6435],[108.2075,-6.6455],[108.208,-6.6465],[108.216,-6.6635],[108.2165,-6.6655],[108.218,-6.6665],[108.22,-6.6665],[108.2205,-6.662],[108.2245,-6.6585],[108.2225,-6.658],[108.223,-6.6575],[108.221,-6.6535],[108.219,-6.6505],[108.2095,-6.642],[108.209,-6.6415],[108.1985,-6.63],[108.1985,-6.629]]]},"properties":{"code":"32.10.15.2002","name":"Panyingkiran","latitude":-6.645149643519929,"longitude":108.207740804841}},{"type":"Feature","geometry":{"type":"Polygon","coordinates":[[[108.229,-6.661],[108.2265,-6.662],[108.226,-6.661],[108.225,-6.657],[108.2235,-6.6575],[108.2225,-6.658],[108.2245,-6.6585],[108.2205,-6.662],[108.22,-6.6665],[108.218,-6.6665],[108.2165,-6.6655],[108.2165,-6.665],[108.216,-6.682],[108.216,-6.683],[108.2255,-6.6845],[108.226,-6.683],[108.229,-6.677],[108.2305,-6.6765],[108.2305,-6.676],[108.2305,-6.6745],[108.2315,-6.6705],[108.232,-6.67],[108.232,-6.663],[108.231,-6.662],[108.23,-6.6615],[108.229,-6.6615],[108.229,-6.661]]]},"properties":{"code":"32.10.15.2003","name":"Panongan","latitude":-6.671736434954517,"longitude":108.2235544548039}},{"type":"Feature","geometry":{"type":"Polygon","coordinates":[[[108.26,-6.6465],[108.2595,-6.6465],[108.246,-6.6445],[108.2465,-6.654],[108.244,-6.6555],[108.248,-6.6665],[108.25,-6.665],[108.253,-6.6565],[108.2595,-6.653],[108.26,-6.6465]]]},"properties":{"code":"32.10.15.2004","name":"Randegan Wetan","latitude":-6.65245168484536,"longitude":108.25138984162515}},{"type":"Feature","geometry":{"type":"Polygon","coordinates":[[[108.258,-6.632],[108.2575,-6.632],[108.2505,-6.6295],[108.2445,-6.634],[108.238,-6.648],[108.242,-6.655],[108.243,-6.6555],[108.2465,-6.654],[108.246,-6.6445],[108.2595,-6.6465],[108.2605,-6.6465],[108.2635,-6.646],[108.2675,-6.6415],[108.2655,-6.639],[108.265,-6.639],[108.261,-6.639],[108.258,-6.636],[108.2565,-6.6345],[108.258,-6.6335],[108.2575,-6.633],[108.258,-6.633],[108.258,-6.632]]]},"properties":{"code":"32.10.15.2005","name":"Putridalem","latitude":-6.641318847995137,"longitude":108.25107322967567}},{"type":"Feature","geometry":{"type":"Polygon","coordinates":[[[108.236,-6.6175],[108.235,-6.616],[108.236,-6.6105],[108.2325,-6.606],[108.227,-6.603],[108.227,-6.615],[108.2265,-6.618],[108.229,-6.625],[108.2265,-6.6295],[108.223,-6.631],[108.218,-6.632],[108.2155,-6.6345],[108.216,-6.635],[108.2165,-6.6345],[108.217,-6.634],[108.2215,-6.636],[108.2285,-6.637],[108.231,-6.6405],[108.2285,-6.647],[108.2295,-6.6475],[108.235,-6.6475],[108.238,-6.648],[108.2445,-6.634],[108.2365,-6.62],[108.2365,-6.6205],[108.236,-6.6215],[108.234,-6.6215],[108.2345,-6.6195],[108.236,-6.6175]]]},"properties":{"code":"32.10.15.2006","name":"Jatitengah","latitude":-6.62867178123041,"longitude":108.23285241539514}},{"type":"Feature","geometry":{"type":"Polygon","coordinates":[[[108.2295,-6.6475],[108.2285,-6.647],[108.231,-6.6405],[108.2285,-6.637],[108.2215,-6.636],[108.217,-6.634],[108.2165,-6.6345],[108.216,-6.635],[108.209,-6.641],[108.2095,-6.642],[108.219,-6.6505],[108.221,-6.6535],[108.223,-6.6575],[108.2235,-6.6575],[108.225,-6.657],[108.226,-6.661],[108.2265,-6.662],[108.23,-6.661],[108.2315,-6.6595],[108.2325,-6.656],[108.232,-6.6535],[108.2245,-6.65],[108.226,-6.6485],[108.228,-6.6475],[108.2295,-6.6475]]]},"properties":{"code":"32.10.15.2007","name":"Jatitujuh","latitude":-6.646100936134208,"longitude":108.22179861341799}},{"type":"Feature","geometry":{"type":"Polygon","coordinates":[[[108.218,-6.632],[108.218,-6.631],[108.211,-6.6245],[108.1995,-6.626],[108.201,-6.6275],[108.1985,-6.628],[108.1975,-6.6275],[108.1985,-6.6285],[108.1985,-6.629],[108.1985,-6.63],[108.209,-6.6415],[108.209,-6.641],[108.216,-6.635],[108.2155,-6.6345],[108.218,-6.632]]]},"properties":{"code":"32.10.15.2008","name":"Babajurang","latitude":-6.63143761468972,"longitude":108.20896484920883}},{"type":"Feature","geometry":{"type":"MultiPolygon","coordinates":[[[[108.2365,-6.618],[108.236,-6.6175],[108.2345,-6.6195],[108.234,-6.6215],[108.236,-6.6215],[108.2365,-6.6205],[108.237,-6.6185],[108.2365,-6.618]]],[[[108.2235,-6.5735],[108.21,-6.5735],[108.2085,-6.5745],[108.206,-6.575],[108.2045,-6.5785],[108.203,-6.5805],[108.2015,-6.584],[108.2,-6.586],[108.1875,-6.61],[108.186,-6.61],[108.1835,-6.6215],[108.195,-6.6265],[108.1965,-6.629],[108.1985,-6.629],[108.1985,-6.6285],[108.1975,-6.6275],[108.1985,-6.628],[108.201,-6.6275],[108.1995,-6.626],[108.211,-6.6245],[108.218,-6.631],[108.223,-6.631],[108.2265,-6.6295],[108.229,-6.625],[108.2265,-6.618],[108.227,-6.615],[108.227,-6.603],[108.237,-6.5935],[108.252,-6.587],[108.238,-6.5825],[108.2235,-6.5735]]]]},"properties":{"code":"32.10.15.2009","name":"Pilangsari","latitude":-6.601250667705915,"longitude":108.21450062882005}},{"type":"Feature","geometry":{"type":"Polygon","coordinates":[[[108.2505,-6.6295],[108.251,-6.615],[108.242,-6.606],[108.237,-6.5935],[108.227,-6.603],[108.2325,-6.606],[108.236,-6.6105],[108.235,-6.616],[108.2365,-6.618],[108.237,-6.6185],[108.2365,-6.62],[108.2445,-6.634],[108.2505,-6.6295]]]},"properties":{"code":"32.10.15.2010","name":"Jatiraga","latitude":-6.615490747094171,"longitude":108.24228574778562}},{"type":"Feature","geometry":{"type":"Polygon","coordinates":[[[108.2635,-6.5875],[108.253,-6.587],[108.253,-6.594],[108.2605,-6.606],[108.266,-6.6175],[108.2755,-6.6185],[108.2775,-6.616],[108.273,-6.6105],[108.2745,-6.5985],[108.275,-6.5975],[108.2765,-6.592],[108.2755,-6.591],[108.2635,-6.5875]]]},"properties":{"code":"32.10.15.2011","name":"Sumber Wetan","latitude":-6.60070543794726,"longitude":108.26585532690277}},{"type":"Feature","geometry":{"type":"Polygon","coordinates":[[[108.281,-6.6205],[108.28,-6.6185],[108.2775,-6.616],[108.2755,-6.6185],[108.266,-6.6175],[108.26,-6.632],[108.258,-6.632],[108.258,-6.633],[108.2575,-6.633],[108.258,-6.6335],[108.2565,-6.6345],[108.258,-6.636],[108.261,-6.639],[108.265,-6.639],[108.2655,-6.639],[108.266,-6.6395],[108.266,-6.6355],[108.2665,-6.6345],[108.268,-6.6345],[108.2685,-6.635],[108.2695,-6.639],[108.27,-6.6415],[108.273,-6.643],[108.277,-6.634],[108.2785,-6.634],[108.281,-6.6355],[108.283,-6.6385],[108.286,-6.637],[108.2865,-6.636],[108.2865,-6.6335],[108.2855,-6.632],[108.284,-6.6315],[108.276,-6.6285],[108.2765,-6.6245],[108.281,-6.6205]]]},"properties":{"code":"32.10.15.2012","name":"Pangkalanpari","latitude":-6.629793246937555,"longitude":108.27049538880311}},{"type":"Feature","geometry":{"type":"Polygon","coordinates":[[[108.238,-6.648],[108.235,-6.6475],[108.228,-6.6475],[108.226,-6.6485],[108.2245,-6.65],[108.232,-6.6535],[108.2325,-6.656],[108.232,-6.6585],[108.248,-6.6665],[108.244,-6.6555],[108.243,-6.6555],[108.242,-6.655],[108.238,-6.648]]]},"properties":{"code":"32.10.15.2013","name":"Randegan Kulon","latitude":-6.655501670961424,"longitude":108.23712017980607}},{"type":"Feature","geometry":{"type":"Polygon","coordinates":[[[108.253,-6.587],[108.252,-6.587],[108.237,-6.5935],[108.242,-6.606],[108.251,-6.615],[108.2505,-6.6295],[108.2575,-6.632],[108.26,-6.632],[108.266,-6.6175],[108.2605,-6.606],[108.253,-6.594],[108.253,-6.587]]]},"properties":{"code":"32.10.15.2014","name":"Sumber Kulon","latitude":-6.609035406156569,"longitude":108.25276395979508}},{"type":"Feature","geometry":{"type":"Polygon","coordinates":[[[108.216,-6.6635],[108.2145,-6.6635],[108.2105,-6.658],[108.2,-6.663],[108.1995,-6.6625],[108.198,-6.6685],[108.197,-6.6685],[108.193,-6.6695],[108.193,-6.671],[108.1935,-6.6725],[108.1945,-6.6735],[108.1945,-6.673],[108.196,-6.674],[108.1975,-6.6745],[108.199,-6.6795],[108.1995,-6.6805],[108.201,-6.682],[108.201,-6.6815],[108.2075,-6.6755],[108.216,-6.682],[108.2165,-6.665],[108.216,-6.6635]]]},"properties":{"code":"32.10.15.2015","name":"Pasindangan","latitude":-6.671268006373043,"longitude":108.2062509479616}},{"type":"Feature","geometry":{"type":"Polygon","coordinates":[[[108.2395,-6.6895],[108.2325,-6.678],[108.2305,-6.676],[108.2305,-6.6765],[108.229,-6.677],[108.226,-6.683],[108.226,-6.6845],[108.226,-6.686],[108.226,-6.6865],[108.225,-6.6865],[108.223,-6.6885],[108.223,-6.6905],[108.2395,-6.6895]]]},"properties":{"code":"32.10.16.2001","name":"Cibogor","latitude":-6.685883968496764,"longitude":108.23119939439448}},{"type":"Feature","geometry":{"type":"Polygon","coordinates":[[[108.248,-6.6665],[108.232,-6.6585],[108.2315,-6.6595],[108.23,-6.661],[108.229,-6.661],[108.229,-6.6615],[108.23,-6.6615],[108.231,-6.662],[108.232,-6.663],[108.232,-6.67],[108.2355,-6.6705],[108.2355,-6.6775],[108.2395,-6.6735],[108.2395,-6.679],[108.253,-6.6795],[108.251,-6.6675],[108.25,-6.665],[108.248,-6.6665]]]},"properties":{"code":"32.10.16.2002","name":"Beber","latitude":-6.670899347937148,"longitude":108.2419001399536}},{"type":"Feature","geometry":{"type":"Polygon","coordinates":[[[108.2655,-6.703],[108.263,-6.703],[108.263,-6.695],[108.2545,-6.7015],[108.245,-6.6945],[108.2445,-6.694],[108.2445,-6.704],[108.2555,-6.706],[108.255,-6.7075],[108.2575,-6.715],[108.261,-6.714],[108.2655,-6.714],[108.267,-6.7135],[108.267,-6.7125],[108.2655,-6.704],[108.2655,-6.703]]]},"properties":{"code":"32.10.16.2003","name":"Beusi","latitude":-6.704341030484331,"longitude":108.2569386022557}},{"type":"Feature","geometry":{"type":"Polygon","coordinates":[[[108.2735,-6.6905],[108.2675,-6.702],[108.2655,-6.7025],[108.2655,-6.704],[108.267,-6.7125],[108.267,-6.7135],[108.2655,-6.714],[108.264,-6.717],[108.2665,-6.717],[108.27,-6.7165],[108.272,-6.716],[108.2725,-6.716],[108.28,-6.7155],[108.2795,-6.706],[108.28,-6.704],[108.284,-6.697],[108.2855,-6.6955],[108.285,-6.695],[108.277,-6.6935],[108.2755,-6.692],[108.2755,-6.6925],[108.274,-6.691],[108.2735,-6.6905]]]},"properties":{"code":"32.10.16.2004","name":"Tegalaren","latitude":-6.704467375124112,"longitude":108.27351489101666}},{"type":"Feature","geometry":{"type":"Polygon","coordinates":[[[108.2695,-6.6685],[108.262,-6.662],[108.26,-6.6625],[108.251,-6.6675],[108.253,-6.6795],[108.27,-6.681],[108.2725,-6.682],[108.2735,-6.6825],[108.274,-6.6825],[108.274,-6.6815],[108.2795,-6.6855],[108.2755,-6.6735],[108.2685,-6.672],[108.2695,-6.6685]]]},"properties":{"code":"32.10.16.2005","name":"Buntu","latitude":-6.673319440631692,"longitude":108.26407838922194}},{"type":"Feature","geometry":{"type":"Polygon","coordinates":[[[108.2845,-6.6525],[108.2705,-6.6655],[108.2685,-6.672],[108.2755,-6.6735],[108.2795,-6.6855],[108.283,-6.6875],[108.283,-6.687],[108.2845,-6.684],[108.285,-6.6835],[108.2865,-6.6775],[108.287,-6.6755],[108.289,-6.673],[108.2875,-6.672],[108.2885,-6.6705],[108.288,-6.6695],[108.287,-6.6685],[108.288,-6.6675],[108.2885,-6.6605],[108.2875,-6.657],[108.2875,-6.655],[108.287,-6.655],[108.286,-6.656],[108.2845,-6.6575],[108.2845,-6.6525]]]},"properties":{"code":"32.10.16.2006","name":"Ligung","latitude":-6.668197681238314,"longitude":108.28084844548549}},{"type":"Feature","geometry":{"type":"Polygon","coordinates":[[[108.282,-6.6375],[108.281,-6.6355],[108.2785,-6.634],[108.277,-6.634],[108.273,-6.643],[108.27,-6.6415],[108.2695,-6.639],[108.2685,-6.635],[108.268,-6.6345],[108.2665,-6.6345],[108.266,-6.6355],[108.266,-6.6395],[108.2675,-6.6415],[108.2635,-6.646],[108.26,-6.6465],[108.2595,-6.653],[108.253,-6.6565],[108.25,-6.665],[108.251,-6.6675],[108.26,-6.6625],[108.263,-6.6615],[108.275,-6.652],[108.2795,-6.643],[108.279,-6.6415],[108.279,-6.641],[108.2795,-6.64],[108.28,-6.639],[108.282,-6.6375]]]},"properties":{"code":"32.10.16.2007","name":"Wanasalam","latitude":-6.650393194362238,"longitude":108.26588084065718}},{"type":"Feature","geometry":{"type":"Polygon","coordinates":[[[108.307,-6.624],[108.3055,-6.624],[108.3045,-6.623],[108.3,-6.6165],[108.2985,-6.616],[108.2985,-6.615],[108.294,-6.6085],[108.2925,-6.6095],[108.2895,-6.6085],[108.2865,-6.6095],[108.2875,-6.6155],[108.289,-6.6155],[108.291,-6.6145],[108.293,-6.6145],[108.294,-6.616],[108.2925,-6.621],[108.2905,-6.622],[108.287,-6.622],[108.284,-6.621],[108.281,-6.6205],[108.2765,-6.6245],[108.276,-6.6285],[108.284,-6.6315],[108.2855,-6.632],[108.2865,-6.6335],[108.2865,-6.636],[108.286,-6.637],[108.283,-6.6385],[108.282,-6.6375],[108.28,-6.639],[108.2795,-6.64],[108.279,-6.641],[108.279,-6.6415],[108.279,-6.642],[108.28,-6.642],[108.281,-6.6415],[108.281,-6.64],[108.2815,-6.6425],[108.285,-6.6415],[108.287,-6.6415],[108.301,-6.6435],[108.3095,-6.641],[108.31,-6.6395],[108.307,-6.6325],[108.3075,-6.631],[108.306,-6.6285],[108.3055,-6.626],[108.307,-6.624]]]},"properties":{"code":"32.10.16.2008","name":"Ampel","latitude":-6.628504014517552,"longitude":108.29345249708251}},{"type":"Feature","geometry":{"type":"Polygon","coordinates":[[[108.301,-6.6435],[108.287,-6.6415],[108.285,-6.6415],[108.2865,-6.6495],[108.286,-6.6515],[108.2845,-6.652],[108.2845,-6.6575],[108.286,-6.656],[108.287,-6.655],[108.2875,-6.655],[108.2875,-6.6575],[108.2895,-6.6575],[108.2915,-6.6535],[108.304,-6.654],[108.301,-6.6435]]]},"properties":{"code":"32.10.16.2009","name":"Bantarwaru","latitude":-6.648297056173171,"longitude":108.29344773505072}},{"type":"Feature","geometry":{"type":"Polygon","coordinates":[[[108.304,-6.654],[108.3005,-6.654],[108.2985,-6.661],[108.287,-6.6685],[108.288,-6.6695],[108.2885,-6.6705],[108.2875,-6.672],[108.289,-6.673],[108.287,-6.6755],[108.2865,-6.6775],[108.285,-6.6835],[108.287,-6.684],[108.2905,-6.69],[108.306,-6.6915],[108.3075,-6.692],[108.31,-6.692],[108.3105,-6.6895],[108.3105,-6.682],[108.3115,-6.679],[108.309,-6.6785],[108.3075,-6.6775],[108.307,-6.677],[108.3085,-6.674],[108.3095,-6.672],[108.3075,-6.6685],[108.308,-6.668],[108.308,-6.667],[108.308,-6.6665],[108.3085,-6.6645],[108.308,-6.663],[108.302,-6.6585],[108.304,-6.656],[108.3045,-6.6555],[108.305,-6.655],[108.3045,-6.655],[108.304,-6.654]]]},"properties":{"code":"32.10.16.2010","name":"Majasari","latitude":-6.676871443901157,"longitude":108.29924885467562}},{"type":"Feature","geometry":{"type":"Polygon","coordinates":[[[108.3235,-6.621],[108.3225,-6.6205],[108.3215,-6.619],[108.3195,-6.613],[108.3145,-6.608],[108.3115,-6.6185],[108.3075,-6.624],[108.307,-6.624],[108.3055,-6.626],[108.306,-6.6285],[108.3075,-6.631],[108.307,-6.6325],[108.31,-6.6395],[108.31,-6.64],[108.3155,-6.6395],[108.322,-6.6395],[108.329,-6.6295],[108.3335,-6.6225],[108.3235,-6.621]]]},"properties":{"code":"32.10.16.2011","name":"Kedungkencana","latitude":-6.626773191869335,"longitude":108.31717228876914}},{"type":"Feature","geometry":{"type":"Polygon","coordinates":[[[108.2395,-6.679],[108.2395,-6.6735],[108.2355,-6.6775],[108.2355,-6.6705],[108.2315,-6.6705],[108.2305,-6.6745],[108.2325,-6.678],[108.2395,-6.6895],[108.2405,-6.6905],[108.253,-6.6795],[108.2395,-6.679]]]},"properties":{"code":"32.10.16.2012","name":"Kertasari","latitude":-6.6808123134394,"longitude":108.24098837438123}},{"type":"Feature","geometry":{"type":"Polygon","coordinates":[[[108.316,-6.6395],[108.3155,-6.6395],[108.31,-6.64],[108.3095,-6.641],[108.301,-6.6435],[108.304,-6.654],[108.314,-6.6525],[108.3155,-6.654],[108.317,-6.653],[108.3155,-6.6525],[108.3185,-6.6515],[108.318,-6.651],[108.323,-6.643],[108.317,-6.6405],[108.316,-6.6395]]]},"properties":{"code":"32.10.16.2013","name":"Leuweunghapit","latitude":-6.646606318387012,"longitude":108.31193223409302}},{"type":"Feature","geometry":{"type":"Polygon","coordinates":[[[108.285,-6.6415],[108.2815,-6.6425],[108.281,-6.64],[108.281,-6.6415],[108.28,-6.642],[108.279,-6.642],[108.2795,-6.643],[108.275,-6.652],[108.263,-6.6615],[108.262,-6.662],[108.2695,-6.6685],[108.2705,-6.6655],[108.2845,-6.6525],[108.2845,-6.652],[108.286,-6.6515],[108.2865,-6.6495],[108.285,-6.6415]]]},"properties":{"code":"32.10.16.2014","name":"Ligung Lor","latitude":-6.654159128564223,"longitude":108.27510085651632}},{"type":"Feature","geometry":{"type":"MultiPolygon","coordinates":[[[[108.287,-6.684],[108.285,-6.6835],[108.2845,-6.684],[108.283,-6.687],[108.283,-6.6875],[108.2845,-6.6935],[108.2855,-6.6955],[108.2915,-6.6905],[108.2905,-6.69],[108.287,-6.684]]],[[[108.3095,-6.672],[108.3085,-6.668],[108.3075,-6.6685],[108.3095,-6.672]]],[[[108.3055,-6.656],[108.305,-6.6555],[108.3055,-6.655],[108.305,-6.655],[108.3045,-6.6555],[108.304,-6.656],[108.302,-6.6585],[108.308,-6.663],[108.308,-6.662],[108.3075,-6.661],[108.3075,-6.6595],[108.3055,-6.656]]],[[[108.3005,-6.654],[108.2915,-6.6535],[108.2895,-6.6575],[108.2875,-6.6575],[108.2885,-6.6605],[108.288,-6.6675],[108.287,-6.6685],[108.2985,-6.661],[108.3005,-6.654]]]]},"properties":{"code":"32.10.16.2015","name":"Sukawera","latitude":-6.667829726402714,"longitude":108.29402614255795}},{"type":"Feature","geometry":{"type":"Polygon","coordinates":[[[108.2715,-6.6815],[108.27,-6.681],[108.253,-6.6795],[108.2405,-6.6905],[108.242,-6.692],[108.245,-6.6945],[108.2545,-6.7015],[108.263,-6.695],[108.263,-6.703],[108.2655,-6.703],[108.2655,-6.7025],[108.2675,-6.702],[108.2735,-6.6905],[108.2735,-6.6895],[108.2725,-6.6885],[108.2715,-6.688],[108.2715,-6.6815]]]},"properties":{"code":"32.10.16.2016","name":"Gandawesi","latitude":-6.689955721671722,"longitude":108.25919287853813}},{"type":"Feature","geometry":{"type":"Polygon","coordinates":[[[108.329,-6.6295],[108.322,-6.6395],[108.316,-6.6395],[108.317,-6.6405],[108.323,-6.643],[108.318,-6.651],[108.3185,-6.6515],[108.318,-6.6515],[108.32,-6.6555],[108.3265,-6.655],[108.3265,-6.6545],[108.33,-6.6525],[108.3385,-6.6535],[108.338,-6.6555],[108.34,-6.659],[108.342,-6.657],[108.344,-6.649],[108.344,-6.6475],[108.345,-6.6435],[108.3465,-6.6415],[108.347,-6.6385],[108.3455,-6.6375],[108.3445,-6.636],[108.335,-6.6385],[108.329,-6.6295]]]},"properties":{"code":"32.10.16.2017","name":"Kodasari","latitude":-6.644073121519492,"longitude":108.3321511901203}},{"type":"Feature","geometry":{"type":"Polygon","coordinates":[[[108.2795,-6.6855],[108.274,-6.6815],[108.274,-6.6825],[108.2735,-6.6825],[108.2725,-6.682],[108.2715,-6.6815],[108.2715,-6.688],[108.2725,-6.6885],[108.2735,-6.6895],[108.274,-6.691],[108.2755,-6.6925],[108.2755,-6.692],[108.277,-6.6935],[108.285,-6.695],[108.2845,-6.6935],[108.283,-6.6875],[108.2795,-6.6855]]]},"properties":{"code":"32.10.16.2018","name":"Leuwiliang Baru","latitude":-6.68845194222874,"longitude":108.27747514293993}},{"type":"Feature","geometry":{"type":"Polygon","coordinates":[[[108.346,-6.627],[108.3445,-6.623],[108.3365,-6.623],[108.3335,-6.6225],[108.329,-6.6295],[108.335,-6.6385],[108.3445,-6.636],[108.3445,-6.6345],[108.346,-6.627]]]},"properties":{"code":"32.10.16.2019","name":"Kedungsari","latitude":-6.629416268209699,"longitude":108.33887624663076}},{"type":"Feature","geometry":{"type":"Polygon","coordinates":[[[108.3295,-6.6845],[108.326,-6.6845],[108.323,-6.685],[108.321,-6.683],[108.319,-6.6825],[108.319,-6.6845],[108.318,-6.686],[108.321,-6.6905],[108.3215,-6.698],[108.322,-6.7055],[108.3285,-6.7055],[108.328,-6.705],[108.3405,-6.691],[108.3405,-6.6875],[108.335,-6.687],[108.3355,-6.684],[108.3295,-6.6845]]]},"properties":{"code":"32.10.17.2001","name":"Bongas Wetan","latitude":-6.693047154966782,"longitude":108.32782055389276}},{"type":"Feature","geometry":{"type":"Polygon","coordinates":[[[108.321,-6.6935],[108.315,-6.6935],[108.31,-6.694],[108.3055,-6.695],[108.3055,-6.6965],[108.3055,-6.708],[108.3055,-6.7095],[108.306,-6.711],[108.3065,-6.714],[108.308,-6.7165],[108.3125,-6.715],[108.313,-6.7145],[108.313,-6.7115],[108.322,-6.7055],[108.3215,-6.698],[108.321,-6.6935]]]},"properties":{"code":"32.10.17.2002","name":"Bongas Kulon","latitude":-6.702661338620292,"longitude":108.31219047416032}},{"type":"Feature","geometry":{"type":"Polygon","coordinates":[[[108.3405,-6.691],[108.328,-6.705],[108.329,-6.706],[108.3295,-6.7075],[108.3305,-6.708],[108.3295,-6.719],[108.329,-6.7195],[108.329,-6.7205],[108.3295,-6.7205],[108.3295,-6.722],[108.3295,-6.7225],[108.3285,-6.723],[108.326,-6.725],[108.327,-6.7265],[108.3305,-6.728],[108.331,-6.7285],[108.3325,-6.7275],[108.336,-6.7275],[108.337,-6.7165],[108.3355,-6.7045],[108.3395,-6.7035],[108.339,-6.696],[108.339,-6.695],[108.3395,-6.695],[108.34,-6.694],[108.3395,-6.6935],[108.3405,-6.693],[108.3405,-6.692],[108.3405,-6.691]]]},"properties":{"code":"32.10.17.2003","name":"Garawangi","latitude":-6.710827007848339,"longitude":108.33331060768168}},{"type":"Feature","geometry":{"type":"Polygon","coordinates":[[[108.3475,-6.693],[108.3455,-6.6935],[108.345,-6.6935],[108.3405,-6.6925],[108.3405,-6.6915],[108.3405,-6.692],[108.3405,-6.693],[108.3395,-6.6935],[108.34,-6.694],[108.3395,-6.695],[108.339,-6.695],[108.339,-6.696],[108.3445,-6.7045],[108.351,-6.7055],[108.3525,-6.7045],[108.353,-6.704],[108.3545,-6.704],[108.355,-6.7045],[108.3565,-6.7045],[108.348,-6.6945],[108.3475,-6.693]]]},"properties":{"code":"32.10.17.2004","name":"Rancaputat","latitude":-6.699233779164707,"longitude":108.34695324963016}},{"type":"Feature","geometry":{"type":"Polygon","coordinates":[[[108.3515,-6.7055],[108.3525,-6.7045],[108.351,-6.7055],[108.3445,-6.7045],[108.339,-6.696],[108.3395,-6.7035],[108.34,-6.7035],[108.3425,-6.7125],[108.345,-6.7125],[108.346,-6.713],[108.348,-6.712],[108.3515,-6.7055]]]},"properties":{"code":"32.10.17.2005","name":"Banjaran","latitude":-6.7060815627605335,"longitude":108.34390635611136}},{"type":"Feature","geometry":{"type":"Polygon","coordinates":[[[108.3585,-6.7145],[108.357,-6.7135],[108.3555,-6.717],[108.3595,-6.7205],[108.3615,-6.7175],[108.359,-6.7155],[108.3585,-6.7145]]]},"properties":{"code":"32.10.17.2006","name":"Sepat","latitude":-6.717163366579652,"longitude":108.35864774824007}},{"type":"Feature","geometry":{"type":"Polygon","coordinates":[[[108.3655,-6.706],[108.364,-6.706],[108.364,-6.705],[108.362,-6.705],[108.3625,-6.7025],[108.3605,-6.7035],[108.36,-6.7075],[108.3565,-6.7065],[108.3565,-6.705],[108.3545,-6.7055],[108.3545,-6.7065],[108.357,-6.713],[108.357,-6.7135],[108.3585,-6.7145],[108.3635,-6.71],[108.3655,-6.707],[108.3655,-6.706]]]},"properties":{"code":"32.10.17.2007","name":"Paningkiran","latitude":-6.708393135444756,"longitude":108.35972689231177}},{"type":"Feature","geometry":{"type":"Polygon","coordinates":[[[108.3655,-6.7035],[108.3625,-6.701],[108.3625,-6.7025],[108.362,-6.705],[108.364,-6.705],[108.364,-6.706],[108.3655,-6.706],[108.365,-6.7045],[108.365,-6.704],[108.3655,-6.7035]]]},"properties":{"code":"32.10.17.2008","name":"Parapatan","latitude":-6.702799214655084,"longitude":108.36405682538381}},{"type":"Feature","geometry":{"type":"Polygon","coordinates":[[[108.3675,-6.6985],[108.362,-6.6935],[108.3605,-6.689],[108.3495,-6.6895],[108.347,-6.691],[108.348,-6.6925],[108.3475,-6.693],[108.348,-6.6945],[108.3565,-6.7045],[108.3565,-6.7065],[108.36,-6.7075],[108.3605,-6.7035],[108.3625,-6.7025],[108.3625,-6.701],[108.3655,-6.7035],[108.366,-6.7035],[108.3675,-6.6995],[108.368,-6.699],[108.3675,-6.6985]]]},"properties":{"code":"32.10.17.2009","name":"Panjalin Kidul","latitude":-6.697896119374119,"longitude":108.35767317884957}},{"type":"Feature","geometry":{"type":"Polygon","coordinates":[[[108.34,-6.659],[108.338,-6.6555],[108.3385,-6.6535],[108.33,-6.6525],[108.3265,-6.6545],[108.3265,-6.655],[108.3285,-6.6785],[108.3285,-6.6805],[108.3295,-6.6845],[108.3355,-6.684],[108.338,-6.6845],[108.3405,-6.6865],[108.34,-6.6855],[108.338,-6.674],[108.337,-6.673],[108.3365,-6.6705],[108.34,-6.66],[108.34,-6.659]]]},"properties":{"code":"32.10.17.2010","name":"Cidenok","latitude":-6.668132052880634,"longitude":108.33280854673254}},{"type":"Feature","geometry":{"type":"Polygon","coordinates":[[[108.3265,-6.655],[108.32,-6.6555],[108.318,-6.6515],[108.3185,-6.6515],[108.3155,-6.6525],[108.317,-6.653],[108.3155,-6.654],[108.314,-6.6525],[108.304,-6.654],[108.3045,-6.655],[108.305,-6.655],[108.3055,-6.655],[108.305,-6.6555],[108.3055,-6.656],[108.3075,-6.6595],[108.3075,-6.661],[108.308,-6.662],[108.308,-6.663],[108.3085,-6.6645],[108.308,-6.6665],[108.308,-6.667],[108.308,-6.668],[108.3085,-6.668],[108.3095,-6.672],[108.3085,-6.674],[108.307,-6.677],[108.3075,-6.6775],[108.309,-6.6785],[108.3125,-6.6795],[108.3165,-6.6825],[108.321,-6.683],[108.323,-6.685],[108.326,-6.6845],[108.3295,-6.6845],[108.3285,-6.6805],[108.3285,-6.6785],[108.3265,-6.655]]]},"properties":{"code":"32.10.17.2011","name":"Lojikobong","latitude":-6.668320611658731,"longitude":108.31774009028078}},{"type":"Feature","geometry":{"type":"Polygon","coordinates":[[[108.3605,-6.689],[108.3525,-6.679],[108.3415,-6.6745],[108.338,-6.674],[108.34,-6.6855],[108.3405,-6.6865],[108.338,-6.6845],[108.3355,-6.684],[108.335,-6.687],[108.3405,-6.6875],[108.3405,-6.691],[108.3405,-6.6915],[108.341,-6.692],[108.3405,-6.6925],[108.345,-6.6935],[108.3455,-6.6935],[108.3475,-6.693],[108.348,-6.6925],[108.347,-6.691],[108.3495,-6.6895],[108.3605,-6.689]]]},"properties":{"code":"32.10.17.2012","name":"Panjalin Lor","latitude":-6.68469503980738,"longitude":108.34731800375145}},{"type":"Feature","geometry":{"type":"Polygon","coordinates":[[[108.322,-6.7055],[108.313,-6.7115],[108.318,-6.714],[108.317,-6.7185],[108.322,-6.719],[108.3245,-6.7245],[108.326,-6.7235],[108.327,-6.7205],[108.3295,-6.719],[108.3305,-6.708],[108.3295,-6.7075],[108.329,-6.706],[108.3285,-6.7055],[108.322,-6.7055]]]},"properties":{"code":"32.10.17.2013","name":"Sumberjaya","latitude":-6.712593975663657,"longitude":108.32257535057792}},{"type":"Feature","geometry":{"type":"Polygon","coordinates":[[[108.319,-6.6825],[108.3165,-6.6825],[108.3125,-6.6795],[108.3115,-6.679],[108.3105,-6.682],[108.3105,-6.6895],[108.31,-6.692],[108.3095,-6.692],[108.3085,-6.6925],[108.3055,-6.6945],[108.3055,-6.695],[108.31,-6.694],[108.315,-6.6935],[108.321,-6.6935],[108.321,-6.6905],[108.318,-6.686],[108.319,-6.6845],[108.319,-6.6825]]]},"properties":{"code":"32.10.17.2014","name":"Pancaksuji","latitude":-6.688237568657734,"longitude":108.3146409407155}},{"type":"Feature","geometry":{"type":"Polygon","coordinates":[[[108.3565,-6.7045],[108.355,-6.7045],[108.3545,-6.704],[108.353,-6.704],[108.3515,-6.7055],[108.348,-6.712],[108.3455,-6.714],[108.3525,-6.717],[108.353,-6.7165],[108.3565,-6.714],[108.357,-6.713],[108.3545,-6.7065],[108.3545,-6.7055],[108.3565,-6.705],[108.3565,-6.7045]]]},"properties":{"code":"32.10.17.2015","name":"Gelok Mulya","latitude":-6.711314073840373,"longitude":108.35205274373826}},{"type":"Feature","geometry":{"type":"Polygon","coordinates":[[[108.179,-6.8185],[108.167,-6.8155],[108.164,-6.817],[108.1605,-6.817],[108.16,-6.8175],[108.159,-6.821],[108.163,-6.8305],[108.1645,-6.835],[108.1665,-6.8345],[108.1665,-6.8315],[108.167,-6.831],[108.1705,-6.832],[108.17,-6.831],[108.1695,-6.83],[108.1715,-6.827],[108.1745,-6.8205],[108.1785,-6.8195],[108.179,-6.8185]]]},"properties":{"code":"32.10.18.2001","name":"Cijurey","latitude":-6.823547115027101,"longitude":108.16678196973105}},{"type":"Feature","geometry":{"type":"Polygon","coordinates":[[[108.1875,-6.819],[108.187,-6.819],[108.184,-6.8185],[108.182,-6.819],[108.1805,-6.8195],[108.179,-6.8195],[108.1785,-6.8195],[108.1745,-6.8205],[108.1715,-6.827],[108.1695,-6.83],[108.17,-6.831],[108.1705,-6.832],[108.1725,-6.832],[108.179,-6.8335],[108.179,-6.835],[108.181,-6.842],[108.181,-6.8435],[108.18,-6.8445],[108.18,-6.8455],[108.1805,-6.8455],[108.1825,-6.845],[108.184,-6.844],[108.1845,-6.843],[108.1875,-6.842],[108.195,-6.827],[108.195,-6.8255],[108.195,-6.8245],[108.1935,-6.823],[108.192,-6.822],[108.1875,-6.819]]]},"properties":{"code":"32.10.18.2002","name":"Pasirmuncang","latitude":-6.829571374541676,"longitude":108.18233777660657}},{"type":"Feature","geometry":{"type":"Polygon","coordinates":[[[108.1985,-6.802],[108.197,-6.803],[108.196,-6.806],[108.196,-6.8145],[108.1925,-6.8135],[108.196,-6.818],[108.193,-6.818],[108.1915,-6.817],[108.1915,-6.8175],[108.1915,-6.818],[108.188,-6.819],[108.1875,-6.819],[108.192,-6.822],[108.1935,-6.823],[108.195,-6.8245],[108.1955,-6.824],[108.197,-6.825],[108.2055,-6.826],[108.2045,-6.824],[108.202,-6.823],[108.2005,-6.8205],[108.2005,-6.819],[108.203,-6.8185],[108.204,-6.82],[108.2055,-6.821],[108.206,-6.8205],[108.208,-6.815],[108.2075,-6.814],[108.2075,-6.8135],[108.207,-6.813],[108.2075,-6.8115],[108.205,-6.8095],[108.2065,-6.8045],[108.205,-6.804],[108.2045,-6.804],[108.2035,-6.8035],[108.203,-6.8035],[108.202,-6.8035],[108.1995,-6.803],[108.198,-6.8025],[108.1985,-6.802]]]},"properties":{"code":"32.10.18.2003","name":"Jatipamor","latitude":-6.8145497491317935,"longitude":108.19995959037468}},{"type":"Feature","geometry":{"type":"Polygon","coordinates":[[[108.1885,-6.812],[108.188,-6.813],[108.188,-6.8145],[108.186,-6.8115],[108.1845,-6.813],[108.1825,-6.8115],[108.1815,-6.8115],[108.1805,-6.814],[108.18,-6.8145],[108.18,-6.8155],[108.1795,-6.8165],[108.179,-6.8195],[108.1805,-6.8195],[108.182,-6.819],[108.184,-6.8185],[108.187,-6.819],[108.188,-6.819],[108.1915,-6.818],[108.1915,-6.8175],[108.1915,-6.817],[108.193,-6.818],[108.196,-6.818],[108.1925,-6.8135],[108.1915,-6.811],[108.1885,-6.812]]]},"properties":{"code":"32.10.18.2004","name":"Bantrangsana","latitude":-6.8155467167835075,"longitude":108.18691739715278}},{"type":"Feature","geometry":{"type":"Polygon","coordinates":[[[108.172,-6.8045],[108.172,-6.804],[108.171,-6.803],[108.1705,-6.804],[108.1695,-6.8055],[108.1645,-6.808],[108.1615,-6.809],[108.161,-6.8095],[108.162,-6.8105],[108.1605,-6.8155],[108.16,-6.8175],[108.1605,-6.817],[108.164,-6.817],[108.167,-6.8155],[108.179,-6.8185],[108.1795,-6.8165],[108.18,-6.8155],[108.18,-6.8145],[108.1805,-6.814],[108.1815,-6.8115],[108.1805,-6.8105],[108.181,-6.81],[108.1775,-6.8085],[108.175,-6.808],[108.173,-6.809],[108.1725,-6.8075],[108.172,-6.8045]]]},"properties":{"code":"32.10.18.2005","name":"Jatiserang","latitude":-6.812480129054561,"longitude":108.17102263702868}},{"type":"Feature","geometry":{"type":"Polygon","coordinates":[[[108.165,-6.797],[108.1635,-6.7975],[108.155,-6.798],[108.1545,-6.801],[108.1585,-6.8075],[108.161,-6.8095],[108.1615,-6.809],[108.1645,-6.808],[108.1695,-6.8055],[108.1705,-6.804],[108.171,-6.803],[108.1695,-6.802],[108.1675,-6.8015],[108.1665,-6.8005],[108.1665,-6.7995],[108.165,-6.797]]]},"properties":{"code":"32.10.18.2006","name":"Bonang","latitude":-6.802688148163002,"longitude":108.16177748185245}},{"type":"Feature","geometry":{"type":"Polygon","coordinates":[[[108.169,-6.7875],[108.1675,-6.786],[108.1655,-6.7965],[108.165,-6.797],[108.1665,-6.7995],[108.1665,-6.8005],[108.1675,-6.8015],[108.1695,-6.802],[108.172,-6.804],[108.172,-6.8045],[108.1765,-6.7925],[108.176,-6.792],[108.175,-6.791],[108.1735,-6.7915],[108.172,-6.791],[108.169,-6.7875]]]},"properties":{"code":"32.10.18.2007","name":"Leuwiseeng","latitude":-6.795440788814386,"longitude":108.17022879998422}},{"type":"Feature","geometry":{"type":"Polygon","coordinates":[[[108.1985,-6.802],[108.1985,-6.8015],[108.198,-6.8015],[108.1975,-6.801],[108.197,-6.7995],[108.1975,-6.7995],[108.1975,-6.7985],[108.197,-6.7985],[108.195,-6.794],[108.1945,-6.7935],[108.193,-6.7935],[108.193,-6.793],[108.185,-6.8015],[108.1885,-6.8085],[108.188,-6.81],[108.1885,-6.812],[108.1915,-6.811],[108.196,-6.8145],[108.196,-6.806],[108.197,-6.803],[108.1985,-6.802]]]},"properties":{"code":"32.10.18.2008","name":"Panyingkiran","latitude":-6.803769308094563,"longitude":108.19246270887551}},{"type":"Feature","geometry":{"type":"Polygon","coordinates":[[[108.193,-6.7895],[108.1895,-6.788],[108.1885,-6.788],[108.179,-6.7925],[108.1765,-6.7925],[108.172,-6.8045],[108.1725,-6.8075],[108.173,-6.809],[108.175,-6.808],[108.1775,-6.8085],[108.181,-6.81],[108.1805,-6.8105],[108.1825,-6.8115],[108.1845,-6.813],[108.186,-6.8115],[108.188,-6.8145],[108.188,-6.813],[108.1885,-6.812],[108.188,-6.81],[108.1885,-6.8085],[108.185,-6.8015],[108.193,-6.793],[108.193,-6.7895]]]},"properties":{"code":"32.10.18.2009","name":"Karyamukti","latitude":-6.8000585169052465,"longitude":108.18252690979422}},{"type":"Feature","geometry":{"type":"Polygon","coordinates":[[[108.3095,-6.692],[108.3075,-6.692],[108.306,-6.6915],[108.2915,-6.6905],[108.2855,-6.6955],[108.2865,-6.697],[108.2885,-6.699],[108.2885,-6.7005],[108.285,-6.701],[108.2845,-6.7035],[108.2855,-6.7045],[108.2905,-6.716],[108.291,-6.717],[108.2925,-6.721],[108.293,-6.7215],[108.295,-6.721],[108.295,-6.7185],[108.296,-6.7135],[108.296,-6.708],[108.3005,-6.703],[108.306,-6.7135],[108.3055,-6.709],[108.3055,-6.708],[108.3055,-6.6965],[108.3055,-6.6945],[108.3085,-6.6925],[108.3095,-6.692]]]},"properties":{"code":"32.10.19.2001","name":"Majasuka","latitude":-6.703246522125728,"longitude":108.29621022413288}},{"type":"Feature","geometry":{"type":"MultiPolygon","coordinates":[[[[108.3005,-6.703],[108.296,-6.708],[108.296,-6.7135],[108.295,-6.7185],[108.295,-6.721],[108.3,-6.7205],[108.3015,-6.72],[108.308,-6.7165],[108.3065,-6.714],[108.306,-6.711],[108.3055,-6.7095],[108.306,-6.7135],[108.3005,-6.703]]],[[[108.284,-6.697],[108.28,-6.704],[108.2795,-6.706],[108.28,-6.7155],[108.2865,-6.716],[108.2855,-6.7185],[108.286,-6.7195],[108.2855,-6.7205],[108.287,-6.719],[108.29,-6.724],[108.293,-6.7225],[108.2925,-6.721],[108.291,-6.717],[108.2905,-6.716],[108.2855,-6.7045],[108.2845,-6.7035],[108.285,-6.701],[108.2885,-6.7005],[108.2885,-6.699],[108.2865,-6.697],[108.284,-6.697]]]]},"properties":{"code":"32.10.19.2002","name":"Cisambeng","latitude":-6.710484566964597,"longitude":108.28976826535248}},{"type":"Feature","geometry":{"type":"Polygon","coordinates":[[[108.3035,-6.733],[108.303,-6.733],[108.303,-6.732],[108.3025,-6.7315],[108.3025,-6.73],[108.303,-6.7275],[108.3015,-6.723],[108.301,-6.72],[108.3,-6.7205],[108.295,-6.721],[108.293,-6.7215],[108.293,-6.7225],[108.29,-6.724],[108.29,-6.725],[108.2905,-6.726],[108.2905,-6.7285],[108.2995,-6.7405],[108.302,-6.7405],[108.3035,-6.733]]]},"properties":{"code":"32.10.19.2003","name":"Palasah","latitude":-6.728599421657566,"longitude":108.29817207129717}},{"type":"Feature","geometry":{"type":"Polygon","coordinates":[[[108.3025,-6.761],[108.302,-6.761],[108.2915,-6.7575],[108.285,-6.7625],[108.2845,-6.763],[108.2845,-6.765],[108.287,-6.771],[108.288,-6.7735],[108.289,-6.774],[108.2905,-6.777],[108.2905,-6.78],[108.2925,-6.7835],[108.3085,-6.776],[108.3085,-6.7745],[108.307,-6.771],[108.3075,-6.7705],[108.3045,-6.768],[108.3025,-6.761]]]},"properties":{"code":"32.10.19.2004","name":"Weragati","latitude":-6.769844021880374,"longitude":108.29565185626257}},{"type":"Feature","geometry":{"type":"Polygon","coordinates":[[[108.3145,-6.769],[108.3065,-6.7695],[108.3075,-6.7705],[108.307,-6.771],[108.3085,-6.7745],[108.3085,-6.776],[108.3105,-6.776],[108.313,-6.778],[108.2935,-6.7865],[108.3015,-6.785],[108.307,-6.7835],[108.3115,-6.781],[108.314,-6.779],[108.319,-6.7805],[108.3205,-6.7815],[108.321,-6.783],[108.3215,-6.7835],[108.321,-6.7775],[108.3205,-6.7775],[108.3175,-6.774],[108.316,-6.773],[108.3145,-6.769]]]},"properties":{"code":"32.10.19.2005","name":"Trajaya","latitude":-6.775863774891807,"longitude":108.31259083586535}},{"type":"Feature","geometry":{"type":"Polygon","coordinates":[[[108.321,-6.7675],[108.3115,-6.7525],[108.2995,-6.7445],[108.2995,-6.746],[108.3065,-6.7555],[108.308,-6.7565],[108.3085,-6.7575],[108.3025,-6.7605],[108.3025,-6.761],[108.3045,-6.768],[108.3065,-6.7695],[108.3145,-6.769],[108.321,-6.7675]]]},"properties":{"code":"32.10.19.2006","name":"Tarikolot","latitude":-6.758266189155059,"longitude":108.30941931198446}},{"type":"Feature","geometry":{"type":"Polygon","coordinates":[[[108.3125,-6.715],[108.308,-6.7165],[108.3015,-6.72],[108.301,-6.72],[108.3015,-6.723],[108.303,-6.7275],[108.3025,-6.73],[108.3025,-6.7315],[108.303,-6.732],[108.303,-6.733],[108.3035,-6.733],[108.306,-6.733],[108.309,-6.735],[108.31,-6.7375],[108.3105,-6.7395],[108.313,-6.739],[108.314,-6.739],[108.3135,-6.739],[108.313,-6.716],[108.3125,-6.715]]]},"properties":{"code":"32.10.19.2007","name":"Buniwangi","latitude":-6.725628798876038,"longitude":108.30891103310015}},{"type":"Feature","geometry":{"type":"Polygon","coordinates":[[[108.314,-6.739],[108.313,-6.739],[108.3105,-6.7395],[108.31,-6.7375],[108.309,-6.735],[108.306,-6.733],[108.3035,-6.733],[108.302,-6.7405],[108.3005,-6.7405],[108.301,-6.7415],[108.2995,-6.7445],[108.3115,-6.7525],[108.321,-6.7675],[108.324,-6.7615],[108.324,-6.761],[108.3255,-6.7605],[108.325,-6.7565],[108.3245,-6.756],[108.3225,-6.756],[108.315,-6.7525],[108.314,-6.7405],[108.3135,-6.7395],[108.314,-6.739]]]},"properties":{"code":"32.10.19.2008","name":"Sindanghaji","latitude":-6.749582315103636,"longitude":108.31330814351597}},{"type":"Feature","geometry":{"type":"Polygon","coordinates":[[[108.2995,-6.746],[108.29,-6.7395],[108.2885,-6.7385],[108.288,-6.7375],[108.288,-6.737],[108.287,-6.7365],[108.287,-6.736],[108.287,-6.7355],[108.2865,-6.7355],[108.279,-6.7415],[108.28,-6.745],[108.2795,-6.7465],[108.2785,-6.7515],[108.2815,-6.7555],[108.284,-6.76],[108.2855,-6.76],[108.285,-6.7625],[108.2915,-6.7575],[108.302,-6.761],[108.3025,-6.7605],[108.3085,-6.7575],[108.308,-6.7565],[108.3065,-6.7555],[108.2995,-6.746]]]},"properties":{"code":"32.10.19.2009","name":"Waringin","latitude":-6.751060374634246,"longitude":108.29167044970045}},{"type":"Feature","geometry":{"type":"Polygon","coordinates":[[[108.2905,-6.726],[108.289,-6.7255],[108.288,-6.7255],[108.288,-6.729],[108.2855,-6.73],[108.286,-6.7305],[108.287,-6.7355],[108.287,-6.736],[108.287,-6.7365],[108.288,-6.737],[108.288,-6.7375],[108.2885,-6.7385],[108.29,-6.7395],[108.2995,-6.746],[108.2995,-6.7445],[108.301,-6.7415],[108.3005,-6.7405],[108.2995,-6.7405],[108.2905,-6.7285],[108.2905,-6.726]]]},"properties":{"code":"32.10.19.2010","name":"Pasir","latitude":-6.736738742384636,"longitude":108.29330914234832}},{"type":"Feature","geometry":{"type":"Polygon","coordinates":[[[108.2855,-6.73],[108.281,-6.727],[108.277,-6.729],[108.275,-6.7275],[108.2735,-6.7285],[108.2715,-6.73],[108.2705,-6.7315],[108.271,-6.733],[108.279,-6.7415],[108.2865,-6.7355],[108.286,-6.7305],[108.2855,-6.73]]]},"properties":{"code":"32.10.19.2011","name":"Karamat","latitude":-6.733782590117311,"longitude":108.27974196283003}},{"type":"Feature","geometry":{"type":"Polygon","coordinates":[[[108.313,-6.7115],[108.313,-6.7145],[108.313,-6.716],[108.3135,-6.739],[108.314,-6.739],[108.3135,-6.7395],[108.3135,-6.74],[108.315,-6.739],[108.3185,-6.739],[108.3165,-6.72],[108.317,-6.7175],[108.318,-6.714],[108.313,-6.7115]]]},"properties":{"code":"32.10.19.2012","name":"Enggalwangi","latitude":-6.726698519755946,"longitude":108.31744009024972}},{"type":"Feature","geometry":{"type":"Polygon","coordinates":[[[108.29,-6.724],[108.287,-6.719],[108.2855,-6.7205],[108.286,-6.7195],[108.2855,-6.7185],[108.2845,-6.719],[108.284,-6.7205],[108.281,-6.7205],[108.281,-6.7215],[108.2805,-6.723],[108.2815,-6.7265],[108.281,-6.727],[108.2855,-6.73],[108.288,-6.729],[108.288,-6.7255],[108.289,-6.7255],[108.2905,-6.726],[108.29,-6.725],[108.29,-6.724]]]},"properties":{"code":"32.10.19.2013","name":"Sindangwasa","latitude":-6.72430375779078,"longitude":108.28517906446307}},{"type":"Feature","geometry":{"type":"Polygon","coordinates":[[[108.255,-6.83],[108.253,-6.83],[108.2505,-6.831],[108.249,-6.8315],[108.245,-6.835],[108.2445,-6.8355],[108.2455,-6.8365],[108.2465,-6.8395],[108.2485,-6.8415],[108.25,-6.8435],[108.2535,-6.845],[108.2545,-6.845],[108.2545,-6.846],[108.2575,-6.8475],[108.2595,-6.8445],[108.261,-6.845],[108.2665,-6.848],[108.2735,-6.8495],[108.2745,-6.851],[108.275,-6.8505],[108.276,-6.851],[108.277,-6.8515],[108.2765,-6.851],[108.276,-6.8495],[108.2735,-6.8485],[108.2725,-6.8485],[108.271,-6.8485],[108.2555,-6.841],[108.255,-6.8365],[108.2555,-6.8345],[108.255,-6.8325],[108.2555,-6.832],[108.255,-6.831],[108.255,-6.83]]]},"properties":{"code":"32.10.20.1004","name":"Cigasong","latitude":-6.8399251838624355,"longitude":108.25515907082523}},{"type":"Feature","geometry":{"type":"Polygon","coordinates":[[[108.2625,-6.8235],[108.261,-6.824],[108.261,-6.8245],[108.26,-6.825],[108.26,-6.8255],[108.2605,-6.826],[108.2565,-6.83],[108.255,-6.83],[108.255,-6.831],[108.2555,-6.832],[108.255,-6.8325],[108.2555,-6.8345],[108.255,-6.8365],[108.2555,-6.841],[108.271,-6.8485],[108.2725,-6.8485],[108.2735,-6.8485],[108.2745,-6.8465],[108.2735,-6.844],[108.2725,-6.8425],[108.2725,-6.842],[108.2665,-6.8335],[108.2655,-6.8325],[108.2625,-6.8235]]]},"properties":{"code":"32.10.20.1005","name":"Simpeureum","latitude":-6.837559006011996,"longitude":108.26417992265284}},{"type":"Feature","geometry":{"type":"Polygon","coordinates":[[[108.249,-6.819],[108.2475,-6.819],[108.246,-6.8175],[108.246,-6.8155],[108.2435,-6.815],[108.235,-6.817],[108.245,-6.831],[108.2465,-6.8325],[108.249,-6.8315],[108.2515,-6.8305],[108.2535,-6.83],[108.2565,-6.83],[108.2605,-6.826],[108.26,-6.826],[108.2595,-6.8245],[108.26,-6.8245],[108.2595,-6.822],[108.257,-6.8205],[108.2495,-6.819],[108.249,-6.819]]]},"properties":{"code":"32.10.20.1006","name":"Cicenang","latitude":-6.823528815969588,"longitude":108.24841769961878}},{"type":"Feature","geometry":{"type":"Polygon","coordinates":[[[108.268,-6.8555],[108.2685,-6.8535],[108.264,-6.851],[108.264,-6.8505],[108.2625,-6.8505],[108.261,-6.8495],[108.26,-6.8495],[108.2595,-6.849],[108.259,-6.8495],[108.2585,-6.849],[108.2575,-6.8485],[108.26,-6.8575],[108.263,-6.8585],[108.264,-6.859],[108.268,-6.8555]]]},"properties":{"code":"32.10.20.2001","name":"Kawunghilir","latitude":-6.854266193909995,"longitude":108.26286333362748}},{"type":"Feature","geometry":{"type":"Polygon","coordinates":[[[108.277,-6.8515],[108.276,-6.851],[108.275,-6.8505],[108.2745,-6.851],[108.2735,-6.8495],[108.2665,-6.848],[108.261,-6.845],[108.2595,-6.8445],[108.2575,-6.8475],[108.2575,-6.8485],[108.2585,-6.849],[108.259,-6.8495],[108.2595,-6.849],[108.26,-6.8495],[108.261,-6.8495],[108.2625,-6.8505],[108.264,-6.8505],[108.264,-6.851],[108.2685,-6.8535],[108.2695,-6.8535],[108.273,-6.855],[108.274,-6.856],[108.278,-6.863],[108.2795,-6.864],[108.2805,-6.865],[108.2815,-6.865],[108.2825,-6.8645],[108.2835,-6.862],[108.2845,-6.8605],[108.2835,-6.86],[108.2815,-6.8585],[108.2805,-6.858],[108.2795,-6.857],[108.279,-6.856],[108.278,-6.8555],[108.2775,-6.854],[108.276,-6.8525],[108.277,-6.852],[108.277,-6.8515]]]},"properties":{"code":"32.10.20.2002","name":"Tajur","latitude":-6.853782610565775,"longitude":108.27163973715862}},{"type":"Feature","geometry":{"type":"Polygon","coordinates":[[[108.2805,-6.833],[108.269,-6.823],[108.267,-6.8235],[108.2665,-6.8235],[108.2625,-6.8235],[108.2655,-6.8325],[108.2665,-6.8335],[108.2725,-6.842],[108.2725,-6.8425],[108.2735,-6.844],[108.2745,-6.8465],[108.2735,-6.8485],[108.276,-6.8495],[108.2765,-6.851],[108.277,-6.852],[108.276,-6.8525],[108.2775,-6.854],[108.278,-6.8555],[108.279,-6.856],[108.2795,-6.857],[108.2805,-6.858],[108.2815,-6.8585],[108.2825,-6.8585],[108.282,-6.8495],[108.281,-6.8475],[108.28,-6.837],[108.2805,-6.833]]]},"properties":{"code":"32.10.20.2003","name":"Tenjolayar","latitude":-6.839336066454703,"longitude":108.2744389120873}},{"type":"Feature","geometry":{"type":"Polygon","coordinates":[[[108.2395,-6.797],[108.239,-6.797],[108.226,-6.8025],[108.225,-6.803],[108.231,-6.8135],[108.231,-6.814],[108.2325,-6.8135],[108.235,-6.817],[108.2435,-6.815],[108.246,-6.8155],[108.246,-6.8175],[108.2475,-6.819],[108.249,-6.819],[108.2505,-6.815],[108.2505,-6.812],[108.257,-6.807],[108.257,-6.8065],[108.252,-6.806],[108.2515,-6.806],[108.25,-6.8055],[108.2395,-6.799],[108.2395,-6.797]]]},"properties":{"code":"32.10.20.2007","name":"Baribis","latitude":-6.8086133067889065,"longitude":108.23926110006471}},{"type":"Feature","geometry":{"type":"Polygon","coordinates":[[[108.2385,-6.789],[108.231,-6.788],[108.23,-6.788],[108.23,-6.7875],[108.2295,-6.7865],[108.2235,-6.7865],[108.2225,-6.7885],[108.2205,-6.791],[108.221,-6.793],[108.221,-6.7935],[108.2255,-6.802],[108.226,-6.8025],[108.239,-6.797],[108.24,-6.797],[108.2385,-6.789]]]},"properties":{"code":"32.10.20.2008","name":"Batujaya","latitude":-6.794366350433077,"longitude":108.2298299770361}},{"type":"Feature","geometry":{"type":"Polygon","coordinates":[[[108.2635,-6.807],[108.2615,-6.807],[108.259,-6.8065],[108.257,-6.807],[108.2505,-6.812],[108.2505,-6.815],[108.249,-6.819],[108.2495,-6.819],[108.257,-6.8205],[108.2595,-6.822],[108.26,-6.8245],[108.26,-6.8255],[108.26,-6.825],[108.2605,-6.8215],[108.2635,-6.807]]]},"properties":{"code":"32.10.20.2009","name":"Kutamanggu","latitude":-6.814422857796499,"longitude":108.25601889256721}},{"type":"Feature","geometry":{"type":"Polygon","coordinates":[[[108.2645,-6.7845],[108.2635,-6.785],[108.263,-6.7845],[108.263,-6.7835],[108.262,-6.782],[108.2475,-6.79],[108.2455,-6.7905],[108.2435,-6.7905],[108.2425,-6.79],[108.2385,-6.789],[108.24,-6.797],[108.2395,-6.797],[108.2395,-6.799],[108.25,-6.8055],[108.2515,-6.806],[108.252,-6.806],[108.257,-6.8065],[108.259,-6.8065],[108.2615,-6.807],[108.265,-6.807],[108.2755,-6.806],[108.2755,-6.8055],[108.267,-6.8005],[108.266,-6.789],[108.266,-6.7885],[108.2655,-6.7885],[108.266,-6.7875],[108.265,-6.787],[108.2645,-6.786],[108.2645,-6.7845]]]},"properties":{"code":"32.10.20.2010","name":"Karayunan","latitude":-6.796782407941085,"longitude":108.25594041796677}},{"type":"Feature","geometry":{"type":"Polygon","coordinates":[[[108.3985,-6.8275],[108.3955,-6.8265],[108.392,-6.824],[108.387,-6.807],[108.385,-6.8055],[108.384,-6.805],[108.383,-6.8025],[108.382,-6.802],[108.3715,-6.805],[108.378,-6.82],[108.378,-6.821],[108.379,-6.823],[108.3795,-6.8235],[108.3805,-6.824],[108.384,-6.845],[108.398,-6.8605],[108.399,-6.8725],[108.406,-6.8925],[108.4075,-6.895],[108.4075,-6.8925],[108.4075,-6.8755],[108.407,-6.8715],[108.4065,-6.867],[108.4015,-6.855],[108.402,-6.842],[108.398,-6.829],[108.3985,-6.8275]]]},"properties":{"code":"32.10.21.2001","name":"Bantaragung","latitude":-6.838605381364503,"longitude":108.39196349368655}},{"type":"Feature","geometry":{"type":"Polygon","coordinates":[[[108.3985,-6.8275],[108.3985,-6.8265],[108.395,-6.8075],[108.397,-6.799],[108.398,-6.799],[108.3975,-6.7985],[108.398,-6.794],[108.3975,-6.793],[108.3965,-6.791],[108.3955,-6.7905],[108.3935,-6.79],[108.3915,-6.79],[108.3895,-6.7905],[108.39,-6.791],[108.389,-6.792],[108.387,-6.792],[108.385,-6.7935],[108.383,-6.796],[108.382,-6.802],[108.383,-6.8025],[108.384,-6.805],[108.385,-6.8055],[108.387,-6.807],[108.392,-6.824],[108.3955,-6.8265],[108.3985,-6.8275]]]},"properties":{"code":"32.10.21.2002","name":"Padaherang","latitude":-6.806030460336355,"longitude":108.39178687046878}},{"type":"Feature","geometry":{"type":"Polygon","coordinates":[[[108.393,-6.775],[108.391,-6.7755],[108.387,-6.776],[108.3865,-6.7765],[108.383,-6.779],[108.3815,-6.7795],[108.3785,-6.782],[108.3785,-6.7825],[108.3845,-6.7875],[108.388,-6.7855],[108.388,-6.7875],[108.3885,-6.7885],[108.387,-6.7885],[108.3865,-6.7875],[108.385,-6.7895],[108.3855,-6.792],[108.386,-6.792],[108.387,-6.792],[108.389,-6.792],[108.39,-6.791],[108.3895,-6.7905],[108.39,-6.79],[108.39,-6.7895],[108.3905,-6.788],[108.393,-6.7755],[108.393,-6.775]]]},"properties":{"code":"32.10.21.2003","name":"Lengkong Kulon","latitude":-6.782857935231899,"longitude":108.38714919072794}},{"type":"Feature","geometry":{"type":"Polygon","coordinates":[[[108.3865,-6.7765],[108.379,-6.7765],[108.376,-6.778],[108.376,-6.7785],[108.3745,-6.7795],[108.3815,-6.796],[108.385,-6.7935],[108.386,-6.792],[108.3855,-6.792],[108.385,-6.7895],[108.3865,-6.7875],[108.387,-6.7885],[108.3885,-6.7885],[108.388,-6.7875],[108.388,-6.7855],[108.3845,-6.7875],[108.3785,-6.7825],[108.3785,-6.782],[108.3815,-6.7795],[108.383,-6.779],[108.3865,-6.7765]]]},"properties":{"code":"32.10.21.2004","name":"Jerukleueut","latitude":-6.785638648789823,"longitude":108.38115479334371}},{"type":"Feature","geometry":{"type":"Polygon","coordinates":[[[108.383,-6.796],[108.3815,-6.796],[108.3745,-6.7795],[108.373,-6.78],[108.367,-6.789],[108.3655,-6.788],[108.3655,-6.7885],[108.364,-6.7905],[108.363,-6.7925],[108.363,-6.7945],[108.3695,-6.8],[108.3715,-6.805],[108.382,-6.802],[108.383,-6.796]]]},"properties":{"code":"32.10.21.2005","name":"Sindangwangi","latitude":-6.794564707968296,"longitude":108.37344264746774}},{"type":"Feature","geometry":{"type":"Polygon","coordinates":[[[108.3645,-6.7815],[108.3545,-6.783],[108.35,-6.783],[108.3505,-6.7845],[108.3505,-6.784],[108.352,-6.784],[108.3545,-6.786],[108.3545,-6.787],[108.355,-6.787],[108.356,-6.7875],[108.357,-6.789],[108.357,-6.7905],[108.361,-6.793],[108.3615,-6.7945],[108.363,-6.7945],[108.363,-6.7925],[108.364,-6.7905],[108.3655,-6.7885],[108.365,-6.787],[108.3655,-6.7855],[108.365,-6.7815],[108.3645,-6.7815]]]},"properties":{"code":"32.10.21.2006","name":"Buahkapas","latitude":-6.786599458261751,"longitude":108.3599789290601}},{"type":"Feature","geometry":{"type":"Polygon","coordinates":[[[108.4,-6.778],[108.4,-6.7755],[108.3815,-6.7635],[108.3785,-6.762],[108.379,-6.7625],[108.3785,-6.763],[108.379,-6.764],[108.3785,-6.766],[108.371,-6.7675],[108.3595,-6.775],[108.36,-6.7765],[108.3645,-6.7815],[108.365,-6.7815],[108.3655,-6.7855],[108.365,-6.787],[108.3655,-6.788],[108.367,-6.789],[108.373,-6.78],[108.376,-6.7785],[108.376,-6.778],[108.379,-6.7765],[108.3865,-6.7765],[108.387,-6.776],[108.391,-6.7755],[108.393,-6.775],[108.3935,-6.775],[108.4,-6.778]]]},"properties":{"code":"32.10.21.2007","name":"Ujungberung","latitude":-6.774416922917212,"longitude":108.37715957239206}},{"type":"Feature","geometry":{"type":"Polygon","coordinates":[[[108.3785,-6.762],[108.377,-6.762],[108.3765,-6.7615],[108.363,-6.756],[108.359,-6.751],[108.355,-6.754],[108.3545,-6.754],[108.355,-6.755],[108.356,-6.7615],[108.3555,-6.765],[108.3525,-6.7695],[108.3535,-6.771],[108.3545,-6.771],[108.3585,-6.774],[108.3595,-6.775],[108.371,-6.7675],[108.3785,-6.766],[108.379,-6.764],[108.3785,-6.763],[108.379,-6.7625],[108.3785,-6.762]]]},"properties":{"code":"32.10.21.2008","name":"Balagedog","latitude":-6.763880478147423,"longitude":108.36368839297117}},{"type":"Feature","geometry":{"type":"Polygon","coordinates":[[[108.3525,-6.7695],[108.3475,-6.7665],[108.3435,-6.768],[108.339,-6.772],[108.34,-6.7735],[108.341,-6.775],[108.346,-6.778],[108.346,-6.7795],[108.347,-6.7805],[108.3485,-6.7815],[108.348,-6.782],[108.3485,-6.7825],[108.349,-6.7825],[108.3495,-6.782],[108.35,-6.783],[108.3545,-6.783],[108.3645,-6.7815],[108.36,-6.7765],[108.3585,-6.774],[108.3545,-6.771],[108.3535,-6.771],[108.3525,-6.7695]]]},"properties":{"code":"32.10.21.2009","name":"Leuwilaja","latitude":-6.775349002670175,"longitude":108.35088604482664}},{"type":"Feature","geometry":{"type":"Polygon","coordinates":[[[108.4,-6.778],[108.3935,-6.775],[108.393,-6.7755],[108.3905,-6.788],[108.39,-6.7895],[108.39,-6.79],[108.3895,-6.7905],[108.3915,-6.79],[108.3935,-6.79],[108.3925,-6.7885],[108.4,-6.778]]]},"properties":{"code":"32.10.21.2010","name":"Lengkong Wetan","latitude":-6.7818475366253175,"longitude":108.39485301025832}},{"type":"Feature","geometry":{"type":"Polygon","coordinates":[[[108.333,-6.972],[108.3315,-6.9695],[108.331,-6.97],[108.325,-6.974],[108.323,-6.9745],[108.3225,-6.975],[108.321,-6.9755],[108.3215,-6.978],[108.3215,-6.979],[108.3185,-6.9825],[108.319,-6.9825],[108.3315,-6.9775],[108.3325,-6.9765],[108.334,-6.976],[108.333,-6.9755],[108.333,-6.9745],[108.333,-6.974],[108.333,-6.9725],[108.333,-6.972]]]},"properties":{"code":"32.10.22.2001","name":"Genteng","latitude":-6.976674589525557,"longitude":108.32679383641074}},{"type":"Feature","geometry":{"type":"Polygon","coordinates":[[[108.393,-6.9315],[108.3885,-6.932],[108.3875,-6.9315],[108.387,-6.9305],[108.385,-6.931],[108.3825,-6.933],[108.373,-6.9425],[108.374,-6.942],[108.3755,-6.9425],[108.373,-6.9445],[108.372,-6.945],[108.3685,-6.946],[108.367,-6.9465],[108.349,-6.9485],[108.3475,-6.9485],[108.333,-6.949],[108.3325,-6.9475],[108.331,-6.9555],[108.3305,-6.9565],[108.331,-6.956],[108.3315,-6.9565],[108.332,-6.958],[108.333,-6.958],[108.334,-6.958],[108.335,-6.958],[108.34,-6.9605],[108.34,-6.962],[108.335,-6.968],[108.3485,-6.9575],[108.3515,-6.9545],[108.358,-6.9585],[108.384,-6.9445],[108.392,-6.9325],[108.393,-6.9315]]]},"properties":{"code":"32.10.22.2002","name":"Sunia","latitude":-6.9494085042927445,"longitude":108.35981910460846}},{"type":"Feature","geometry":{"type":"Polygon","coordinates":[[[108.335,-6.968],[108.34,-6.962],[108.34,-6.9605],[108.335,-6.958],[108.334,-6.958],[108.333,-6.958],[108.3305,-6.9595],[108.3275,-6.96],[108.328,-6.964],[108.328,-6.9655],[108.3285,-6.9665],[108.329,-6.967],[108.332,-6.9695],[108.3315,-6.9695],[108.333,-6.972],[108.3335,-6.972],[108.335,-6.968]]]},"properties":{"code":"32.10.22.2003","name":"Darmalarang","latitude":-6.9635509925968435,"longitude":108.33314679467567}},{"type":"Feature","geometry":{"type":"Polygon","coordinates":[[[108.3275,-6.96],[108.327,-6.96],[108.32,-6.961],[108.319,-6.963],[108.3135,-6.9675],[108.3145,-6.9675],[108.316,-6.967],[108.3165,-6.9675],[108.317,-6.9675],[108.3175,-6.9675],[108.3185,-6.9665],[108.3195,-6.9665],[108.319,-6.967],[108.3195,-6.968],[108.32,-6.97],[108.321,-6.9695],[108.3285,-6.9665],[108.328,-6.9655],[108.328,-6.964],[108.3275,-6.96]]]},"properties":{"code":"32.10.22.2004","name":"Sindangpala","latitude":-6.964638229532573,"longitude":108.32247769904372}},{"type":"Feature","geometry":{"type":"Polygon","coordinates":[[[108.332,-6.958],[108.3315,-6.9565],[108.331,-6.956],[108.3305,-6.9565],[108.33,-6.957],[108.3215,-6.9575],[108.3205,-6.958],[108.315,-6.96],[108.313,-6.96],[108.309,-6.9615],[108.3085,-6.962],[108.3115,-6.962],[108.311,-6.963],[108.308,-6.964],[108.3075,-6.964],[108.307,-6.964],[108.308,-6.9685],[108.3065,-6.969],[108.306,-6.9695],[108.3055,-6.9695],[108.3055,-6.9705],[108.306,-6.971],[108.3065,-6.972],[108.308,-6.972],[108.3085,-6.972],[108.3095,-6.9715],[108.3115,-6.9715],[108.3145,-6.9715],[108.3155,-6.9715],[108.316,-6.971],[108.3195,-6.97],[108.32,-6.97],[108.3195,-6.968],[108.3195,-6.967],[108.319,-6.967],[108.318,-6.968],[108.319,-6.97],[108.316,-6.97],[108.316,-6.968],[108.316,-6.967],[108.3155,-6.967],[108.314,-6.9675],[108.3135,-6.9675],[108.319,-6.963],[108.32,-6.961],[108.327,-6.96],[108.3275,-6.96],[108.3305,-6.9595],[108.332,-6.958]]]},"properties":{"code":"32.10.22.2005","name":"Banjaran","latitude":-6.964137398587012,"longitude":108.31608881624481}},{"type":"Feature","geometry":{"type":"Polygon","coordinates":[[[108.307,-6.964],[108.2915,-6.9595],[108.2915,-6.9605],[108.29,-6.963],[108.29,-6.9645],[108.29,-6.965],[108.291,-6.9685],[108.292,-6.969],[108.296,-6.968],[108.297,-6.968],[108.299,-6.9675],[108.2995,-6.967],[108.2995,-6.9675],[108.304,-6.968],[108.3045,-6.9695],[108.305,-6.969],[108.306,-6.9695],[108.3065,-6.969],[108.308,-6.9685],[108.307,-6.964]]]},"properties":{"code":"32.10.22.2006","name":"Kagok","latitude":-6.964738452371455,"longitude":108.29859023900737}},{"type":"Feature","geometry":{"type":"Polygon","coordinates":[[[108.3135,-6.9515],[108.3125,-6.952],[108.3115,-6.9525],[108.31,-6.953],[108.3085,-6.952],[108.3075,-6.952],[108.304,-6.9485],[108.303,-6.949],[108.302,-6.949],[108.3005,-6.949],[108.2995,-6.9495],[108.299,-6.9495],[108.2965,-6.9495],[108.292,-6.9505],[108.2915,-6.9525],[108.29,-6.953],[108.2915,-6.9595],[108.307,-6.964],[108.3075,-6.964],[108.308,-6.964],[108.311,-6.963],[108.3115,-6.962],[108.3085,-6.962],[108.309,-6.9615],[108.313,-6.96],[108.314,-6.9595],[108.3115,-6.954],[108.3115,-6.9535],[108.3125,-6.954],[108.3135,-6.9515]]]},"properties":{"code":"32.10.22.2007","name":"Cimeong","latitude":-6.955934332381632,"longitude":108.30226188183074}},{"type":"Feature","geometry":{"type":"Polygon","coordinates":[[[108.3255,-6.9465],[108.3235,-6.9435],[108.323,-6.9435],[108.3225,-6.944],[108.322,-6.9445],[108.3205,-6.9455],[108.314,-6.95],[108.313,-6.9515],[108.3135,-6.9515],[108.3125,-6.954],[108.3115,-6.9535],[108.3115,-6.954],[108.314,-6.9595],[108.315,-6.96],[108.3205,-6.958],[108.321,-6.957],[108.3235,-6.948],[108.323,-6.948],[108.3225,-6.9475],[108.325,-6.9465],[108.3255,-6.9465]]]},"properties":{"code":"32.10.22.2008","name":"Panyindangan","latitude":-6.951976579851601,"longitude":108.31865682373964}},{"type":"Feature","geometry":{"type":"Polygon","coordinates":[[[108.3335,-6.946],[108.333,-6.945],[108.329,-6.947],[108.3275,-6.947],[108.326,-6.9465],[108.325,-6.9465],[108.3225,-6.9475],[108.323,-6.948],[108.3235,-6.948],[108.321,-6.957],[108.3215,-6.9575],[108.33,-6.957],[108.331,-6.9555],[108.3325,-6.9475],[108.3335,-6.946]]]},"properties":{"code":"32.10.22.2009","name":"Kareo","latitude":-6.951899122881178,"longitude":108.327071801312}},{"type":"Feature","geometry":{"type":"Polygon","coordinates":[[[108.387,-6.9305],[108.383,-6.9285],[108.3775,-6.9305],[108.374,-6.931],[108.3655,-6.9335],[108.36,-6.9335],[108.344,-6.935],[108.3425,-6.9355],[108.3415,-6.935],[108.3375,-6.9365],[108.3355,-6.9365],[108.335,-6.937],[108.3345,-6.937],[108.3345,-6.9385],[108.3355,-6.94],[108.334,-6.9445],[108.3335,-6.946],[108.3325,-6.9475],[108.333,-6.949],[108.3475,-6.9485],[108.349,-6.9485],[108.367,-6.9465],[108.3685,-6.946],[108.372,-6.945],[108.373,-6.9445],[108.3755,-6.9425],[108.374,-6.942],[108.373,-6.9425],[108.3825,-6.933],[108.385,-6.931],[108.387,-6.9305]]]},"properties":{"code":"32.10.22.2010","name":"Sangiang","latitude":-6.940663090832718,"longitude":108.35691567446918}},{"type":"Feature","geometry":{"type":"Polygon","coordinates":[[[108.358,-6.9585],[108.3515,-6.9545],[108.3485,-6.9575],[108.335,-6.968],[108.3335,-6.972],[108.333,-6.9725],[108.333,-6.974],[108.333,-6.9745],[108.333,-6.9755],[108.334,-6.976],[108.3325,-6.9765],[108.3315,-6.978],[108.334,-6.981],[108.3345,-6.9805],[108.3355,-6.981],[108.337,-6.98],[108.3435,-6.977],[108.3435,-6.975],[108.344,-6.974],[108.345,-6.973],[108.345,-6.9725],[108.346,-6.9705],[108.3485,-6.965],[108.349,-6.9645],[108.358,-6.9585]]]},"properties":{"code":"32.10.22.2011","name":"Sunia Baru","latitude":-6.967783294612818,"longitude":108.34369671621793}},{"type":"Feature","geometry":{"type":"MultiPolygon","coordinates":[[[[108.329,-6.967],[108.3285,-6.9665],[108.321,-6.9695],[108.3195,-6.97],[108.316,-6.971],[108.3165,-6.9725],[108.316,-6.9725],[108.3165,-6.973],[108.317,-6.9775],[108.319,-6.9765],[108.321,-6.9755],[108.3225,-6.975],[108.323,-6.9745],[108.325,-6.974],[108.331,-6.97],[108.332,-6.9695],[108.329,-6.967]]],[[[108.3195,-6.967],[108.3195,-6.9665],[108.3185,-6.9665],[108.3175,-6.9675],[108.317,-6.9675],[108.3165,-6.9675],[108.316,-6.967],[108.316,-6.968],[108.316,-6.97],[108.319,-6.97],[108.318,-6.968],[108.319,-6.967],[108.3195,-6.967]]]]},"properties":{"code":"32.10.22.2012","name":"Hegarmanah","latitude":-6.971587978406861,"longitude":108.32215653957861}},{"type":"Feature","geometry":{"type":"Polygon","coordinates":[[[108.325,-6.9285],[108.323,-6.9295],[108.322,-6.9305],[108.321,-6.931],[108.321,-6.9305],[108.3205,-6.931],[108.3185,-6.931],[108.315,-6.9345],[108.313,-6.9375],[108.3125,-6.9385],[108.311,-6.939],[108.3055,-6.945],[108.305,-6.9455],[108.3045,-6.946],[108.3045,-6.947],[108.304,-6.9475],[108.304,-6.948],[108.304,-6.9485],[108.3075,-6.952],[108.3085,-6.952],[108.31,-6.953],[108.3115,-6.9525],[108.3125,-6.952],[108.313,-6.9515],[108.314,-6.95],[108.3205,-6.9455],[108.322,-6.9445],[108.3225,-6.944],[108.323,-6.9435],[108.3235,-6.9435],[108.3255,-6.9465],[108.326,-6.9465],[108.3275,-6.947],[108.329,-6.947],[108.333,-6.945],[108.334,-6.9445],[108.3355,-6.94],[108.3345,-6.9385],[108.3345,-6.937],[108.3335,-6.9365],[108.333,-6.936],[108.332,-6.9355],[108.325,-6.9285]]]},"properties":{"code":"32.10.22.2013","name":"Girimulya","latitude":-6.940699300639911,"longitude":108.32045623865211}},{"type":"Feature","geometry":{"type":"Polygon","coordinates":[[[108.2935,-7.021],[108.287,-7.025],[108.2885,-7.0265],[108.287,-7.034],[108.2875,-7.0355],[108.288,-7.0355],[108.2885,-7.0355],[108.295,-7.0485],[108.295,-7.0495],[108.2945,-7.0525],[108.2955,-7.055],[108.2965,-7.0555],[108.2965,-7.059],[108.2985,-7.06],[108.2995,-7.06],[108.2995,-7.0535],[108.2985,-7.052],[108.2985,-7.0505],[108.299,-7.049],[108.3025,-7.0455],[108.304,-7.044],[108.31,-7.025],[108.31,-7.024],[108.309,-7.0235],[108.309,-7.022],[108.31,-7.0215],[108.3085,-7.021],[108.306,-7.0235],[108.3045,-7.024],[108.2995,-7.031],[108.2985,-7.032],[108.291,-7.0255],[108.2915,-7.0245],[108.2935,-7.0225],[108.2935,-7.021]]]},"properties":{"code":"32.10.23.2001","name":"Sedareja","latitude":-7.03735877640425,"longitude":108.29801817450955}},{"type":"Feature","geometry":{"type":"Polygon","coordinates":[[[108.326,-7.0145],[108.3255,-7.0145],[108.3245,-7.014],[108.324,-7.0135],[108.323,-7.013],[108.322,-7.012],[108.3225,-7.012],[108.3215,-7.0115],[108.3215,-7.011],[108.32,-7.01],[108.3195,-7.01],[108.3195,-7.0115],[108.318,-7.0115],[108.3175,-7.012],[108.318,-7.012],[108.3185,-7.0125],[108.319,-7.0125],[108.319,-7.013],[108.3185,-7.0135],[108.318,-7.0135],[108.317,-7.0145],[108.316,-7.0155],[108.311,-7.0195],[108.3105,-7.0205],[108.31,-7.0215],[108.309,-7.022],[108.309,-7.0235],[108.31,-7.024],[108.3105,-7.025],[108.311,-7.0255],[108.311,-7.027],[108.31,-7.028],[108.309,-7.03],[108.3165,-7.034],[108.3175,-7.035],[108.318,-7.035],[108.3215,-7.034],[108.3255,-7.03],[108.3235,-7.024],[108.326,-7.02],[108.3255,-7.018],[108.326,-7.0165],[108.3255,-7.0155],[108.326,-7.015],[108.326,-7.0145]]]},"properties":{"code":"32.10.23.2002","name":"Cidadap","latitude":-7.023328841088995,"longitude":108.31854801445085}},{"type":"Feature","geometry":{"type":"Polygon","coordinates":[[[108.3215,-7.034],[108.318,-7.035],[108.317,-7.036],[108.3095,-7.038],[108.3095,-7.0385],[108.3075,-7.045],[108.3075,-7.046],[108.3075,-7.0465],[108.3075,-7.0475],[108.3095,-7.057],[108.3105,-7.0575],[108.3115,-7.058],[108.3135,-7.0565],[108.3175,-7.0575],[108.3215,-7.06],[108.3225,-7.06],[108.324,-7.0585],[108.323,-7.056],[108.3245,-7.0525],[108.325,-7.05],[108.325,-7.049],[108.325,-7.0475],[108.3325,-7.0355],[108.3335,-7.0345],[108.326,-7.034],[108.325,-7.0345],[108.3245,-7.0345],[108.3235,-7.035],[108.3215,-7.034]]]},"properties":{"code":"32.10.23.2003","name":"Maniis","latitude":-7.045847393346783,"longitude":108.31820495785801}},{"type":"Feature","geometry":{"type":"Polygon","coordinates":[[[108.343,-7.0325],[108.342,-7.0295],[108.342,-7.028],[108.3415,-7.028],[108.341,-7.0285],[108.334,-7.0345],[108.3325,-7.0355],[108.325,-7.0475],[108.325,-7.048],[108.3255,-7.048],[108.3255,-7.0485],[108.326,-7.0485],[108.327,-7.049],[108.33,-7.0495],[108.333,-7.0515],[108.3335,-7.0435],[108.3425,-7.0335],[108.343,-7.0325]]]},"properties":{"code":"32.10.23.2004","name":"Nagarakembang","latitude":-7.040699378020544,"longitude":108.33294907504836}},{"type":"Feature","geometry":{"type":"Polygon","coordinates":[[[108.344,-7.0335],[108.3435,-7.0325],[108.3425,-7.0335],[108.3335,-7.0435],[108.333,-7.0515],[108.33,-7.0495],[108.327,-7.049],[108.326,-7.0485],[108.3255,-7.0485],[108.3255,-7.048],[108.325,-7.048],[108.325,-7.049],[108.325,-7.05],[108.3245,-7.0525],[108.323,-7.056],[108.324,-7.0585],[108.3225,-7.06],[108.3245,-7.0595],[108.3375,-7.0655],[108.3425,-7.07],[108.345,-7.0625],[108.348,-7.057],[108.3435,-7.055],[108.3425,-7.054],[108.342,-7.05],[108.3435,-7.0495],[108.3455,-7.041],[108.3465,-7.0395],[108.346,-7.0395],[108.347,-7.0375],[108.3475,-7.036],[108.347,-7.036],[108.344,-7.0365],[108.344,-7.035],[108.344,-7.034],[108.344,-7.0335]]]},"properties":{"code":"32.10.23.2005","name":"Wangkelang","latitude":-7.052710283497993,"longitude":108.33720768936848}},{"type":"Feature","geometry":{"type":"Polygon","coordinates":[[[108.3505,-7.0345],[108.348,-7.0355],[108.3475,-7.036],[108.347,-7.0375],[108.346,-7.0395],[108.3465,-7.0395],[108.3455,-7.041],[108.3435,-7.0495],[108.342,-7.05],[108.3425,-7.054],[108.3435,-7.055],[108.348,-7.057],[108.349,-7.056],[108.348,-7.056],[108.3475,-7.0555],[108.347,-7.055],[108.35,-7.042],[108.351,-7.0405],[108.351,-7.0385],[108.351,-7.037],[108.3505,-7.0355],[108.3505,-7.035],[108.3505,-7.0345]]]},"properties":{"code":"32.10.23.2006","name":"Cimanggugirang","latitude":-7.045192539937309,"longitude":108.3469664747101}},{"type":"Feature","geometry":{"type":"Polygon","coordinates":[[[108.3565,-7.041],[108.3515,-7.04],[108.35,-7.042],[108.347,-7.055],[108.3475,-7.0555],[108.348,-7.056],[108.349,-7.056],[108.3495,-7.054],[108.362,-7.054],[108.3625,-7.0535],[108.3625,-7.0525],[108.3625,-7.052],[108.362,-7.0515],[108.362,-7.051],[108.3565,-7.041]]]},"properties":{"code":"32.10.23.2007","name":"Cingambul","latitude":-7.0482518131468215,"longitude":108.35391467960724}},{"type":"Feature","geometry":{"type":"Polygon","coordinates":[[[108.3825,-7.052],[108.38,-7.0505],[108.379,-7.0505],[108.3775,-7.0475],[108.375,-7.046],[108.374,-7.0455],[108.373,-7.042],[108.371,-7.0395],[108.3695,-7.038],[108.3675,-7.037],[108.367,-7.0365],[108.365,-7.038],[108.3645,-7.0395],[108.3655,-7.0475],[108.3635,-7.0505],[108.3625,-7.0525],[108.3625,-7.0535],[108.362,-7.054],[108.3715,-7.06],[108.3825,-7.052]]]},"properties":{"code":"32.10.23.2008","name":"Cikondang","latitude":-7.049441662139033,"longitude":108.37054096028373}},{"type":"Feature","geometry":{"type":"Polygon","coordinates":[[[108.3565,-7.0305],[108.356,-7.0305],[108.351,-7.034],[108.3505,-7.035],[108.3505,-7.0355],[108.351,-7.037],[108.351,-7.0385],[108.351,-7.0405],[108.3515,-7.04],[108.3565,-7.041],[108.3565,-7.0375],[108.3565,-7.0355],[108.3565,-7.0325],[108.3565,-7.032],[108.3565,-7.031],[108.3565,-7.0305]]]},"properties":{"code":"32.10.23.2009","name":"Ciranjeng","latitude":-7.036327976785077,"longitude":108.35410792347122}},{"type":"Feature","geometry":{"type":"Polygon","coordinates":[[[108.339,-7.0145],[108.3335,-7.015],[108.334,-7.0155],[108.3265,-7.015],[108.326,-7.0145],[108.326,-7.015],[108.3255,-7.0155],[108.326,-7.0165],[108.3255,-7.018],[108.326,-7.02],[108.3235,-7.024],[108.3255,-7.03],[108.3215,-7.034],[108.3235,-7.035],[108.3245,-7.0345],[108.325,-7.0345],[108.326,-7.034],[108.3335,-7.0345],[108.334,-7.0345],[108.341,-7.0285],[108.3415,-7.028],[108.342,-7.027],[108.342,-7.0265],[108.342,-7.025],[108.3415,-7.023],[108.342,-7.021],[108.3405,-7.017],[108.34,-7.0165],[108.339,-7.0145]]]},"properties":{"code":"32.10.23.2010","name":"Rawa","latitude":-7.025110967019598,"longitude":108.33266576923178}},{"type":"Feature","geometry":{"type":"Polygon","coordinates":[[[108.389,-7.0515],[108.3875,-7.0515],[108.3875,-7.052],[108.3845,-7.052],[108.3825,-7.052],[108.3715,-7.06],[108.372,-7.0615],[108.377,-7.063],[108.38,-7.068],[108.3805,-7.069],[108.3855,-7.0735],[108.3855,-7.0705],[108.391,-7.0605],[108.393,-7.0575],[108.389,-7.0515]]]},"properties":{"code":"32.10.23.2011","name":"Kondangmekar","latitude":-7.060564650278457,"longitude":108.3831658351641}},{"type":"Feature","geometry":{"type":"Polygon","coordinates":[[[108.3105,-7.025],[108.31,-7.025],[108.304,-7.044],[108.3025,-7.0455],[108.299,-7.049],[108.2985,-7.0505],[108.2985,-7.052],[108.2995,-7.0535],[108.2995,-7.06],[108.301,-7.06],[108.304,-7.0625],[108.3085,-7.06],[108.3115,-7.058],[108.3105,-7.0575],[108.3095,-7.057],[108.3075,-7.0475],[108.3075,-7.0465],[108.3075,-7.046],[108.3075,-7.045],[108.3095,-7.0385],[108.3095,-7.038],[108.317,-7.036],[108.3175,-7.035],[108.3165,-7.034],[108.309,-7.03],[108.31,-7.028],[108.311,-7.027],[108.311,-7.0255],[108.3105,-7.025]]]},"properties":{"code":"32.10.23.2012","name":"Cintaasih","latitude":-7.0458685854275505,"longitude":108.30671275262975}},{"type":"Feature","geometry":{"type":"Polygon","coordinates":[[[108.36,-7.0305],[108.3595,-7.0315],[108.3575,-7.0315],[108.357,-7.0315],[108.357,-7.0305],[108.3565,-7.0305],[108.3565,-7.031],[108.3565,-7.032],[108.3565,-7.0325],[108.3565,-7.0355],[108.3565,-7.0375],[108.3565,-7.041],[108.362,-7.051],[108.362,-7.0515],[108.3625,-7.052],[108.3635,-7.0505],[108.3655,-7.0475],[108.3645,-7.0395],[108.365,-7.038],[108.367,-7.0365],[108.3665,-7.0365],[108.366,-7.0355],[108.3655,-7.0345],[108.3645,-7.0325],[108.364,-7.032],[108.363,-7.0305],[108.36,-7.0305]]]},"properties":{"code":"32.10.23.2013","name":"Muktisari","latitude":-7.039548505062229,"longitude":108.36146155478487}},{"type":"Feature","geometry":{"type":"Polygon","coordinates":[[[108.206,-6.7875],[108.2045,-6.7875],[108.204,-6.7875],[108.203,-6.787],[108.201,-6.7865],[108.2005,-6.7865],[108.2,-6.7875],[108.1975,-6.788],[108.1965,-6.7885],[108.1965,-6.788],[108.1945,-6.789],[108.193,-6.7935],[108.1945,-6.7935],[108.195,-6.794],[108.197,-6.7985],[108.1975,-6.7985],[108.1975,-6.7995],[108.197,-6.7995],[108.1975,-6.801],[108.198,-6.8015],[108.1985,-6.802],[108.198,-6.8025],[108.1995,-6.803],[108.202,-6.8035],[108.203,-6.8035],[108.2035,-6.8035],[108.2045,-6.804],[108.2055,-6.8035],[108.213,-6.805],[108.214,-6.8055],[108.218,-6.807],[108.219,-6.805],[108.2185,-6.8035],[108.217,-6.8025],[108.2165,-6.7985],[108.216,-6.7975],[108.214,-6.796],[108.2145,-6.7945],[108.206,-6.7885],[108.206,-6.7875]]]},"properties":{"code":"32.10.24.2001","name":"Jatisawit","latitude":-6.796741952549621,"longitude":108.20562607649721}},{"type":"Feature","geometry":{"type":"Polygon","coordinates":[[[108.225,-6.803],[108.2255,-6.802],[108.221,-6.7935],[108.2205,-6.793],[108.22,-6.7935],[108.2195,-6.7965],[108.22,-6.7975],[108.2155,-6.795],[108.2145,-6.7955],[108.214,-6.796],[108.216,-6.7975],[108.2165,-6.7985],[108.217,-6.8025],[108.2185,-6.8035],[108.219,-6.805],[108.2185,-6.806],[108.2205,-6.809],[108.221,-6.81],[108.2235,-6.8115],[108.225,-6.8115],[108.2255,-6.812],[108.226,-6.8125],[108.23,-6.817],[108.2315,-6.8165],[108.2315,-6.8145],[108.231,-6.8135],[108.225,-6.803]]]},"properties":{"code":"32.10.24.2002","name":"Leuwikidang","latitude":-6.805337075203539,"longitude":108.22284674924911}},{"type":"Feature","geometry":{"type":"Polygon","coordinates":[[[108.2545,-6.756],[108.254,-6.7545],[108.2505,-6.7525],[108.2475,-6.7535],[108.2445,-6.754],[108.241,-6.754],[108.2375,-6.7555],[108.23,-6.757],[108.226,-6.758],[108.2235,-6.7585],[108.224,-6.759],[108.224,-6.7595],[108.223,-6.7595],[108.2125,-6.763],[108.217,-6.7645],[108.2195,-6.768],[108.2335,-6.777],[108.235,-6.7775],[108.2355,-6.775],[108.241,-6.758],[108.2545,-6.756]]]},"properties":{"code":"32.10.24.2003","name":"Ranji Kulon","latitude":-6.763354344786158,"longitude":108.23249405780737}},{"type":"Feature","geometry":{"type":"Polygon","coordinates":[[[108.2585,-6.7665],[108.255,-6.757],[108.2545,-6.756],[108.241,-6.758],[108.2355,-6.775],[108.235,-6.7775],[108.2335,-6.777],[108.235,-6.7785],[108.2385,-6.789],[108.2425,-6.79],[108.244,-6.788],[108.2455,-6.7845],[108.246,-6.7845],[108.2465,-6.7845],[108.246,-6.7825],[108.248,-6.7705],[108.248,-6.7695],[108.247,-6.768],[108.2485,-6.766],[108.2585,-6.7665]]]},"properties":{"code":"32.10.24.2004","name":"Ranji Wetan","latitude":-6.770710283088829,"longitude":108.24440796669779}},{"type":"Feature","geometry":{"type":"Polygon","coordinates":[[[108.2435,-6.749],[108.243,-6.749],[108.2335,-6.7485],[108.229,-6.7395],[108.228,-6.74],[108.224,-6.741],[108.221,-6.741],[108.219,-6.743],[108.218,-6.744],[108.2265,-6.758],[108.23,-6.757],[108.2375,-6.7555],[108.241,-6.754],[108.2445,-6.754],[108.2475,-6.7535],[108.2475,-6.752],[108.246,-6.7505],[108.2445,-6.75],[108.2445,-6.7495],[108.244,-6.7495],[108.2435,-6.749]]]},"properties":{"code":"32.10.24.2005","name":"Gunungsari","latitude":-6.749328465394146,"longitude":108.22961608580661}},{"type":"Feature","geometry":{"type":"Polygon","coordinates":[[[108.2265,-6.758],[108.218,-6.744],[108.208,-6.753],[108.2035,-6.7555],[108.204,-6.757],[108.2065,-6.7655],[108.209,-6.766],[108.2115,-6.763],[108.2125,-6.763],[108.223,-6.7595],[108.224,-6.7595],[108.224,-6.759],[108.2235,-6.7585],[108.226,-6.758],[108.2265,-6.758]]]},"properties":{"code":"32.10.24.2006","name":"Kasokandel","latitude":-6.756220442063116,"longitude":108.21400637561176}},{"type":"Feature","geometry":{"type":"Polygon","coordinates":[[[108.201,-6.769],[108.199,-6.7685],[108.199,-6.7695],[108.1975,-6.7715],[108.1985,-6.7735],[108.201,-6.7745],[108.202,-6.776],[108.202,-6.7795],[108.2015,-6.781],[108.201,-6.7825],[108.2025,-6.7855],[108.204,-6.786],[108.2045,-6.785],[108.2055,-6.787],[108.206,-6.7875],[108.206,-6.7885],[108.2145,-6.7945],[108.2145,-6.7955],[108.2155,-6.795],[108.22,-6.7975],[108.2195,-6.7965],[108.22,-6.7935],[108.2205,-6.793],[108.221,-6.793],[108.2205,-6.791],[108.2225,-6.7885],[108.222,-6.7875],[108.2165,-6.789],[108.214,-6.788],[108.213,-6.7855],[108.2125,-6.7855],[108.2125,-6.784],[108.208,-6.776],[108.207,-6.7745],[108.206,-6.7735],[108.205,-6.7725],[108.2045,-6.7725],[108.2035,-6.772],[108.2035,-6.7715],[108.203,-6.771],[108.203,-6.7705],[108.201,-6.769]]]},"properties":{"code":"32.10.24.2007","name":"Girimukti","latitude":-6.784145053437151,"longitude":108.20943587092901}},{"type":"Feature","geometry":{"type":"MultiPolygon","coordinates":[[[[108.201,-6.769],[108.1985,-6.765],[108.198,-6.7665],[108.1975,-6.767],[108.199,-6.7685],[108.201,-6.769]]],[[[108.217,-6.7645],[108.2115,-6.763],[108.209,-6.766],[108.2065,-6.7655],[108.2065,-6.769],[108.2065,-6.771],[108.206,-6.771],[108.205,-6.771],[108.2035,-6.772],[108.2045,-6.7725],[108.205,-6.7725],[108.206,-6.7735],[108.207,-6.7745],[108.208,-6.776],[108.2125,-6.784],[108.2125,-6.7855],[108.213,-6.7855],[108.214,-6.788],[108.2165,-6.789],[108.222,-6.7875],[108.2235,-6.7865],[108.2295,-6.7865],[108.23,-6.7875],[108.23,-6.788],[108.231,-6.788],[108.2385,-6.789],[108.235,-6.7785],[108.2195,-6.768],[108.217,-6.7645]]]]},"properties":{"code":"32.10.24.2008","name":"Jatimulya","latitude":-6.777127881047389,"longitude":108.22034758706226}},{"type":"Feature","geometry":{"type":"Polygon","coordinates":[[[108.2585,-6.7665],[108.2485,-6.766],[108.247,-6.768],[108.248,-6.7695],[108.248,-6.7705],[108.246,-6.7825],[108.2465,-6.7845],[108.246,-6.7845],[108.2455,-6.7845],[108.244,-6.788],[108.2435,-6.7905],[108.2455,-6.7905],[108.2475,-6.79],[108.262,-6.782],[108.263,-6.7835],[108.263,-6.7845],[108.2635,-6.785],[108.2645,-6.7845],[108.2645,-6.7835],[108.2595,-6.771],[108.2605,-6.7695],[108.26,-6.7695],[108.259,-6.768],[108.2585,-6.7665]]]},"properties":{"code":"32.10.24.2009","name":"Wanajaya","latitude":-6.777875761975881,"longitude":108.2538806119286}},{"type":"Feature","geometry":{"type":"Polygon","coordinates":[[[108.2035,-6.7555],[108.205,-6.753],[108.205,-6.7515],[108.204,-6.751],[108.2035,-6.7505],[108.2015,-6.753],[108.1985,-6.7525],[108.1985,-6.755],[108.198,-6.756],[108.197,-6.756],[108.1955,-6.757],[108.1965,-6.7585],[108.197,-6.763],[108.1965,-6.764],[108.198,-6.765],[108.1985,-6.765],[108.201,-6.769],[108.203,-6.7705],[108.203,-6.771],[108.2035,-6.7715],[108.205,-6.771],[108.206,-6.771],[108.2065,-6.771],[108.2065,-6.769],[108.2065,-6.7655],[108.204,-6.757],[108.2035,-6.7555]]]},"properties":{"code":"32.10.24.2010","name":"Gandasari","latitude":-6.761007392490413,"longitude":108.2017915731923}},{"type":"Feature","geometry":{"type":"Polygon","coordinates":[[[108.3075,-6.8375],[108.3025,-6.8325],[108.2995,-6.8365],[108.2995,-6.839],[108.2995,-6.84],[108.299,-6.843],[108.298,-6.845],[108.2975,-6.8485],[108.2975,-6.8495],[108.2995,-6.8515],[108.3015,-6.852],[108.3025,-6.8525],[108.308,-6.8545],[108.309,-6.855],[108.311,-6.853],[108.314,-6.8525],[108.3145,-6.8515],[108.317,-6.8505],[108.3185,-6.851],[108.3195,-6.8505],[108.3195,-6.85],[108.3195,-6.8455],[108.3175,-6.843],[108.317,-6.8425],[108.3155,-6.8415],[108.3095,-6.8395],[108.3075,-6.8375]]]},"properties":{"code":"32.10.25.2001","name":"Pasirayu","latitude":-6.84546727161893,"longitude":108.30755635208844}},{"type":"Feature","geometry":{"type":"Polygon","coordinates":[[[108.3285,-6.827],[108.315,-6.8255],[108.315,-6.826],[108.3095,-6.8345],[108.308,-6.837],[108.3075,-6.8375],[108.3095,-6.8395],[108.3155,-6.8415],[108.317,-6.8425],[108.3175,-6.843],[108.3195,-6.8455],[108.32,-6.845],[108.321,-6.845],[108.3235,-6.8455],[108.337,-6.8415],[108.342,-6.847],[108.3425,-6.846],[108.3445,-6.8455],[108.345,-6.845],[108.3445,-6.8435],[108.341,-6.8365],[108.3385,-6.8355],[108.328,-6.8275],[108.3285,-6.827]]]},"properties":{"code":"32.10.25.2002","name":"Sindang","latitude":-6.8358381261392545,"longitude":108.32425753745277}},{"type":"Feature","geometry":{"type":"Polygon","coordinates":[[[108.337,-6.8415],[108.3235,-6.8455],[108.321,-6.845],[108.32,-6.845],[108.3195,-6.8455],[108.3195,-6.85],[108.3195,-6.851],[108.3185,-6.8515],[108.319,-6.8535],[108.3185,-6.8545],[108.3195,-6.856],[108.32,-6.857],[108.331,-6.8575],[108.3305,-6.8565],[108.3295,-6.8545],[108.3315,-6.8545],[108.337,-6.8415]]]},"properties":{"code":"32.10.25.2003","name":"Garawastu","latitude":-6.849701089482588,"longitude":108.32804231269606}},{"type":"Feature","geometry":{"type":"Polygon","coordinates":[[[108.3415,-6.8295],[108.335,-6.824],[108.333,-6.822],[108.331,-6.825],[108.3305,-6.8255],[108.3305,-6.826],[108.329,-6.827],[108.3285,-6.827],[108.328,-6.8275],[108.3385,-6.8355],[108.341,-6.8365],[108.3445,-6.8435],[108.356,-6.8575],[108.357,-6.859],[108.364,-6.8645],[108.391,-6.8795],[108.364,-6.861],[108.3545,-6.8475],[108.3445,-6.843],[108.3405,-6.8325],[108.341,-6.8305],[108.3415,-6.8295]]]},"properties":{"code":"32.10.25.2004","name":"Indrakila","latitude":-6.846901119067088,"longitude":108.35164641845213}},{"type":"Feature","geometry":{"type":"Polygon","coordinates":[[[108.329,-6.8125],[108.3235,-6.81],[108.3235,-6.8085],[108.3245,-6.807],[108.3245,-6.8055],[108.324,-6.804],[108.3225,-6.8065],[108.3185,-6.812],[108.3155,-6.8125],[108.315,-6.8245],[108.315,-6.8255],[108.3285,-6.827],[108.329,-6.827],[108.3305,-6.826],[108.3305,-6.8255],[108.331,-6.825],[108.333,-6.822],[108.332,-6.821],[108.329,-6.8125]]]},"properties":{"code":"32.10.25.2005","name":"Gunungkuning","latitude":-6.818573620161342,"longitude":108.32250964048033}},{"type":"Feature","geometry":{"type":"Polygon","coordinates":[[[108.3445,-6.8435],[108.345,-6.845],[108.3445,-6.8455],[108.3425,-6.846],[108.342,-6.847],[108.337,-6.8415],[108.3315,-6.8545],[108.3295,-6.8545],[108.3305,-6.8565],[108.3345,-6.8575],[108.339,-6.857],[108.356,-6.8575],[108.3445,-6.8435]]]},"properties":{"code":"32.10.25.2007","name":"Sangkanhurip","latitude":-6.851995759978148,"longitude":108.3437884387121}},{"type":"Feature","geometry":{"type":"Polygon","coordinates":[[[108.3155,-6.8125],[108.315,-6.812],[108.314,-6.8095],[108.3115,-6.8065],[108.307,-6.814],[108.2965,-6.8155],[108.2935,-6.816],[108.2935,-6.8165],[108.2965,-6.828],[108.2975,-6.8285],[108.2985,-6.8305],[108.2995,-6.83],[108.3025,-6.8325],[108.3075,-6.8375],[108.308,-6.837],[108.3095,-6.8345],[108.315,-6.826],[108.315,-6.8245],[108.3155,-6.8125]]]},"properties":{"code":"32.10.25.2008","name":"Bayureja","latitude":-6.8222217731105586,"longitude":108.30579368578626}},{"type":"Feature","geometry":{"type":"Polygon","coordinates":[[[108.21,-7.004],[108.1985,-7.01],[108.2015,-7.0165],[108.2035,-7.018],[108.211,-7.0235],[108.2125,-7.023],[108.2135,-7.0235],[108.211,-7.0355],[108.212,-7.036],[108.221,-7.0285],[108.221,-7.027],[108.221,-7.0255],[108.2215,-7.0255],[108.222,-7.025],[108.222,-7.0245],[108.2225,-7.0235],[108.2225,-7.0215],[108.2255,-7.0235],[108.224,-7.022],[108.2245,-7.0205],[108.2245,-7.02],[108.225,-7.0175],[108.229,-7.0135],[108.2295,-7.013],[108.23,-7.0125],[108.23,-7.0115],[108.2285,-7.012],[108.226,-7.013],[108.2155,-7.012],[108.2135,-7.0115],[108.2125,-7.01],[108.2125,-7.0065],[108.2115,-7.0055],[108.2105,-7.004],[108.21,-7.004]]]},"properties":{"code":"32.10.26.2001","name":"Sukadana","latitude":-7.018404498591998,"longitude":108.21358008229375}},{"type":"Feature","geometry":{"type":"Polygon","coordinates":[[[108.246,-7.051],[108.2455,-7.051],[108.2445,-7.0515],[108.244,-7.0515],[108.2435,-7.051],[108.2425,-7.051],[108.242,-7.051],[108.2385,-7.0485],[108.238,-7.048],[108.238,-7.047],[108.239,-7.0465],[108.241,-7.043],[108.243,-7.0415],[108.2435,-7.0415],[108.2435,-7.0395],[108.2385,-7.0285],[108.2365,-7.0295],[108.235,-7.031],[108.2325,-7.032],[108.232,-7.032],[108.231,-7.0375],[108.232,-7.04],[108.229,-7.051],[108.229,-7.0535],[108.229,-7.0555],[108.231,-7.057],[108.2325,-7.0625],[108.2485,-7.0655],[108.246,-7.051]]]},"properties":{"code":"32.10.26.2002","name":"Werasari","latitude":-7.049299688343844,"longitude":108.23769195654447}},{"type":"Feature","geometry":{"type":"Polygon","coordinates":[[[108.254,-7.0225],[108.2495,-7.023],[108.239,-7.023],[108.238,-7.0225],[108.237,-7.0225],[108.2365,-7.0225],[108.2365,-7.024],[108.236,-7.0245],[108.2365,-7.027],[108.2385,-7.0285],[108.2435,-7.0395],[108.2435,-7.0415],[108.243,-7.0415],[108.241,-7.043],[108.239,-7.0465],[108.238,-7.047],[108.238,-7.048],[108.2385,-7.0485],[108.242,-7.051],[108.2425,-7.051],[108.2435,-7.051],[108.244,-7.0515],[108.2445,-7.0515],[108.2455,-7.051],[108.2465,-7.05],[108.247,-7.0505],[108.248,-7.051],[108.253,-7.0465],[108.2535,-7.046],[108.2545,-7.045],[108.252,-7.029],[108.252,-7.0275],[108.252,-7.026],[108.253,-7.024],[108.2535,-7.0235],[108.254,-7.0225]]]},"properties":{"code":"32.10.26.2003","name":"Malausma","latitude":-7.036137583116106,"longitude":108.24677065849316}},{"type":"Feature","geometry":{"type":"Polygon","coordinates":[[[108.261,-7.015],[108.2605,-7.015],[108.26,-7.014],[108.2595,-7.013],[108.257,-7.0125],[108.2565,-7.0135],[108.256,-7.0155],[108.2545,-7.0185],[108.2545,-7.0195],[108.2555,-7.021],[108.26,-7.0285],[108.261,-7.029],[108.2615,-7.0305],[108.2625,-7.0305],[108.263,-7.0325],[108.263,-7.0335],[108.2635,-7.0345],[108.265,-7.036],[108.2655,-7.037],[108.2655,-7.036],[108.268,-7.035],[108.2695,-7.0365],[108.2725,-7.042],[108.2725,-7.039],[108.2725,-7.037],[108.2725,-7.035],[108.2735,-7.035],[108.275,-7.0325],[108.2755,-7.0325],[108.2765,-7.0325],[108.277,-7.03],[108.2745,-7.027],[108.275,-7.026],[108.2745,-7.0255],[108.274,-7.025],[108.2725,-7.024],[108.272,-7.0235],[108.27,-7.0225],[108.264,-7.019],[108.2625,-7.0165],[108.2615,-7.016],[108.261,-7.0155],[108.261,-7.015]]]},"properties":{"code":"32.10.26.2004","name":"Lebakwangi","latitude":-7.026179009771993,"longitude":108.26543523429876}},{"type":"Feature","geometry":{"type":"Polygon","coordinates":[[[108.2885,-7.0355],[108.2875,-7.036],[108.2835,-7.0405],[108.2805,-7.0405],[108.2795,-7.0395],[108.279,-7.0375],[108.2785,-7.0355],[108.278,-7.0335],[108.2765,-7.0325],[108.2755,-7.0325],[108.275,-7.0325],[108.2735,-7.035],[108.2725,-7.035],[108.2725,-7.037],[108.2725,-7.039],[108.2725,-7.042],[108.273,-7.0445],[108.2725,-7.0485],[108.2735,-7.0525],[108.2745,-7.0535],[108.276,-7.055],[108.27,-7.0595],[108.269,-7.0585],[108.266,-7.051],[108.2645,-7.0485],[108.2635,-7.0495],[108.263,-7.049],[108.263,-7.0485],[108.2625,-7.0485],[108.2625,-7.0495],[108.2625,-7.05],[108.262,-7.0515],[108.2595,-7.0645],[108.2615,-7.0645],[108.2785,-7.0625],[108.2955,-7.0585],[108.2965,-7.059],[108.2965,-7.0555],[108.2955,-7.055],[108.2945,-7.0525],[108.295,-7.0495],[108.295,-7.0485],[108.2885,-7.0355]]]},"properties":{"code":"32.10.26.2005","name":"Cimuncang","latitude":-7.051743900530874,"longitude":108.27856807479631}},{"type":"Feature","geometry":{"type":"Polygon","coordinates":[[[108.2675,-7.014],[108.2615,-7.0145],[108.261,-7.015],[108.261,-7.0155],[108.2615,-7.016],[108.2625,-7.0165],[108.264,-7.019],[108.27,-7.0225],[108.272,-7.0235],[108.2725,-7.024],[108.274,-7.025],[108.2745,-7.0255],[108.275,-7.026],[108.2745,-7.027],[108.277,-7.03],[108.278,-7.0335],[108.2785,-7.0355],[108.279,-7.0375],[108.2795,-7.0395],[108.2805,-7.0405],[108.2835,-7.0405],[108.2875,-7.036],[108.288,-7.0355],[108.2875,-7.0355],[108.287,-7.034],[108.2885,-7.0265],[108.285,-7.024],[108.2845,-7.02],[108.284,-7.02],[108.2825,-7.019],[108.269,-7.0155],[108.2675,-7.014]]]},"properties":{"code":"32.10.26.2006","name":"Ciranca","latitude":-7.0261232768222035,"longitude":108.27841989655066}},{"type":"Feature","geometry":{"type":"Polygon","coordinates":[[[108.2655,-7.037],[108.265,-7.036],[108.2635,-7.0345],[108.263,-7.0335],[108.263,-7.0325],[108.2625,-7.0305],[108.2615,-7.0305],[108.261,-7.029],[108.26,-7.0285],[108.2555,-7.021],[108.255,-7.0205],[108.2535,-7.0235],[108.253,-7.024],[108.252,-7.026],[108.252,-7.0275],[108.252,-7.029],[108.2545,-7.045],[108.2535,-7.046],[108.253,-7.0465],[108.248,-7.051],[108.247,-7.0505],[108.2465,-7.05],[108.246,-7.051],[108.2485,-7.0655],[108.2515,-7.0665],[108.2565,-7.0645],[108.2595,-7.0645],[108.262,-7.0515],[108.2625,-7.05],[108.2625,-7.0495],[108.2625,-7.0475],[108.2625,-7.047],[108.262,-7.0465],[108.2625,-7.046],[108.2625,-7.045],[108.2625,-7.0445],[108.263,-7.042],[108.2635,-7.042],[108.2655,-7.037]]]},"properties":{"code":"32.10.26.2007","name":"Banyusari","latitude":-7.046839834187086,"longitude":108.25591171555418}},{"type":"Feature","geometry":{"type":"Polygon","coordinates":[[[108.232,-7.04],[108.231,-7.038],[108.2305,-7.0375],[108.2235,-7.0325],[108.2235,-7.0315],[108.225,-7.027],[108.222,-7.0255],[108.2215,-7.026],[108.221,-7.0255],[108.221,-7.027],[108.221,-7.0285],[108.212,-7.036],[108.2125,-7.0375],[108.2125,-7.038],[108.212,-7.0385],[108.212,-7.0395],[108.215,-7.041],[108.215,-7.0445],[108.2165,-7.044],[108.218,-7.043],[108.2265,-7.0545],[108.228,-7.0545],[108.229,-7.0555],[108.229,-7.0535],[108.229,-7.051],[108.232,-7.04]]]},"properties":{"code":"32.10.26.2008","name":"Buninagara","latitude":-7.039736949231994,"longitude":108.2232555709172}},{"type":"Feature","geometry":{"type":"Polygon","coordinates":[[[108.2725,-7.042],[108.2695,-7.0365],[108.268,-7.035],[108.2655,-7.036],[108.2655,-7.037],[108.2635,-7.042],[108.263,-7.042],[108.2625,-7.0445],[108.2625,-7.045],[108.2625,-7.046],[108.262,-7.0465],[108.2625,-7.047],[108.2625,-7.0475],[108.2625,-7.0485],[108.263,-7.0485],[108.263,-7.049],[108.2635,-7.0495],[108.2645,-7.0485],[108.266,-7.051],[108.269,-7.0585],[108.27,-7.0595],[108.276,-7.055],[108.2745,-7.0535],[108.2735,-7.0525],[108.2725,-7.0485],[108.273,-7.0445],[108.2725,-7.042]]]},"properties":{"code":"32.10.26.2009","name":"Jagamulya","latitude":-7.048360378855402,"longitude":108.26945336556513}},{"type":"Feature","geometry":{"type":"Polygon","coordinates":[[[108.215,-7.041],[108.212,-7.04],[108.2,-7.0485],[108.198,-7.049],[108.1975,-7.0495],[108.195,-7.051],[108.1955,-7.053],[108.195,-7.056],[108.2095,-7.0535],[108.2185,-7.057],[108.22,-7.0555],[108.222,-7.055],[108.225,-7.0555],[108.2265,-7.0545],[108.218,-7.043],[108.2165,-7.044],[108.215,-7.0445],[108.215,-7.041]]]},"properties":{"code":"32.10.26.2010","name":"Girimukti","latitude":-7.049833860519956,"longitude":108.21241566893035}},{"type":"Feature","geometry":{"type":"Polygon","coordinates":[[[108.2255,-7.0235],[108.2225,-7.0215],[108.2225,-7.0235],[108.222,-7.0245],[108.2215,-7.0255],[108.222,-7.0255],[108.225,-7.027],[108.2235,-7.0315],[108.2235,-7.0325],[108.2305,-7.0375],[108.231,-7.038],[108.231,-7.0375],[108.232,-7.032],[108.2255,-7.0235]]]},"properties":{"code":"32.10.26.2011","name":"Kramat Jaya","latitude":-7.030455478463763,"longitude":108.22693162671668}}]}