{"type":"FeatureCollection","features":[{"type":"Feature","geometry":{"type":"Polygon","coordinates":[[[109.9165,-7.823],[109.9145,-7.8215],[109.909,-7.8195],[109.909,-7.823],[109.907,-7.8275],[109.9065,-7.8295],[109.906,-7.8345],[109.904,-7.842],[109.902,-7.8485],[109.906,-7.85],[109.907,-7.848],[109.9125,-7.849],[109.916,-7.837],[109.9195,-7.829],[109.9215,-7.8235],[109.921,-7.823],[109.92,-7.823],[109.9165,-7.823]]]},"properties":{"code":"33.06.01.2001","name":"Harjobinangun"}},{"type":"Feature","geometry":{"type":"Polygon","coordinates":[[[109.909,-7.8195],[109.904,-7.8195],[109.9025,-7.8195],[109.902,-7.819],[109.8905,-7.848],[109.901,-7.851],[109.901,-7.8505],[109.9015,-7.8505],[109.902,-7.849],[109.904,-7.842],[109.906,-7.8345],[109.9065,-7.833],[109.9065,-7.831],[109.907,-7.828],[109.909,-7.8225],[109.909,-7.8195]]]},"properties":{"code":"33.06.01.2002","name":"Patutrejo"}},{"type":"Feature","geometry":{"type":"Polygon","coordinates":[[[109.8875,-7.807],[109.8845,-7.8055],[109.8845,-7.813],[109.8825,-7.819],[109.8815,-7.8255],[109.8835,-7.826],[109.8855,-7.8265],[109.88,-7.845],[109.8905,-7.848],[109.902,-7.819],[109.901,-7.817],[109.9,-7.816],[109.898,-7.8155],[109.892,-7.815],[109.888,-7.813],[109.8865,-7.8085],[109.8875,-7.807]]]},"properties":{"code":"33.06.01.2003","name":"Ketawangrejo"}},{"type":"Feature","geometry":{"type":"Polygon","coordinates":[[[109.871,-7.822],[109.8675,-7.821],[109.865,-7.83],[109.871,-7.832],[109.8685,-7.842],[109.88,-7.845],[109.8855,-7.8265],[109.8835,-7.826],[109.8815,-7.8255],[109.8775,-7.8245],[109.871,-7.822]]]},"properties":{"code":"33.06.01.2004","name":"Munggangsari"}},{"type":"Feature","geometry":{"type":"Polygon","coordinates":[[[109.8455,-7.8245],[109.83,-7.8205],[109.8275,-7.8255],[109.8235,-7.831],[109.8685,-7.842],[109.871,-7.832],[109.854,-7.827],[109.8455,-7.8245]]]},"properties":{"code":"33.06.01.2005","name":"Kertojayan"}},{"type":"Feature","geometry":{"type":"Polygon","coordinates":[[[109.855,-7.8155],[109.8515,-7.815],[109.8485,-7.814],[109.8455,-7.8245],[109.854,-7.827],[109.865,-7.83],[109.8675,-7.821],[109.868,-7.819],[109.8655,-7.8185],[109.863,-7.8185],[109.8575,-7.817],[109.855,-7.8155]]]},"properties":{"code":"33.06.01.2006","name":"Pasaranom"}},{"type":"Feature","geometry":{"type":"Polygon","coordinates":[[[109.8395,-7.812],[109.832,-7.8095],[109.8305,-7.8165],[109.83,-7.8195],[109.83,-7.8205],[109.8455,-7.8245],[109.8485,-7.814],[109.8395,-7.812]]]},"properties":{"code":"33.06.01.2007","name":"Ukirsari"}},{"type":"Feature","geometry":{"type":"Polygon","coordinates":[[[109.8425,-7.7845],[109.8415,-7.7845],[109.836,-7.7855],[109.835,-7.7895],[109.8345,-7.7915],[109.834,-7.7945],[109.831,-7.804],[109.8325,-7.809],[109.832,-7.8095],[109.8395,-7.812],[109.8405,-7.794],[109.8425,-7.7845]]]},"properties":{"code":"33.06.01.2008","name":"Nambangan"}},{"type":"Feature","geometry":{"type":"Polygon","coordinates":[[[109.8575,-7.799],[109.856,-7.799],[109.851,-7.798],[109.8535,-7.781],[109.8515,-7.787],[109.841,-7.791],[109.8405,-7.794],[109.8395,-7.812],[109.8515,-7.815],[109.855,-7.8155],[109.8575,-7.8],[109.8575,-7.799]]]},"properties":{"code":"33.06.01.2009","name":"Sumberagung"}},{"type":"Feature","geometry":{"type":"Polygon","coordinates":[[[109.859,-7.7815],[109.8545,-7.7785],[109.8535,-7.781],[109.851,-7.798],[109.856,-7.799],[109.8575,-7.799],[109.8585,-7.795],[109.8595,-7.7915],[109.862,-7.7835],[109.859,-7.7815]]]},"properties":{"code":"33.06.01.2010","name":"Bendungan"}},{"type":"Feature","geometry":{"type":"Polygon","coordinates":[[[109.8625,-7.784],[109.862,-7.7835],[109.859,-7.792],[109.8625,-7.794],[109.866,-7.795],[109.869,-7.797],[109.8715,-7.7895],[109.8675,-7.7865],[109.8625,-7.784]]]},"properties":{"code":"33.06.01.2011","name":"Rowodadi"}},{"type":"Feature","geometry":{"type":"Polygon","coordinates":[[[109.869,-7.797],[109.866,-7.795],[109.8625,-7.794],[109.859,-7.792],[109.8585,-7.795],[109.8575,-7.8],[109.855,-7.8155],[109.8575,-7.817],[109.863,-7.8185],[109.8655,-7.8185],[109.868,-7.819],[109.8685,-7.818],[109.8675,-7.8035],[109.869,-7.797]]]},"properties":{"code":"33.06.01.2012","name":"Bakurejo"}},{"type":"Feature","geometry":{"type":"Polygon","coordinates":[[[109.88,-7.8045],[109.8775,-7.803],[109.871,-7.822],[109.8735,-7.823],[109.877,-7.811],[109.88,-7.8045]]]},"properties":{"code":"33.06.01.2013","name":"Duduwetan"}},{"type":"Feature","geometry":{"type":"Polygon","coordinates":[[[109.8775,-7.803],[109.869,-7.7975],[109.8675,-7.8035],[109.8685,-7.818],[109.8675,-7.821],[109.871,-7.822],[109.8775,-7.803]]]},"properties":{"code":"33.06.01.2014","name":"Dudukulon"}},{"type":"Feature","geometry":{"type":"Polygon","coordinates":[[[109.884,-7.8035],[109.8815,-7.8015],[109.8815,-7.805],[109.88,-7.8045],[109.877,-7.811],[109.8735,-7.823],[109.8815,-7.8255],[109.8825,-7.819],[109.8845,-7.813],[109.8845,-7.8055],[109.8845,-7.804],[109.884,-7.8035]]]},"properties":{"code":"33.06.01.2015","name":"Rejosari"}},{"type":"Feature","geometry":{"type":"Polygon","coordinates":[[[109.8765,-7.794],[109.875,-7.7825],[109.8715,-7.7895],[109.869,-7.7975],[109.8815,-7.805],[109.8815,-7.8015],[109.8765,-7.794]]]},"properties":{"code":"33.06.01.2016","name":"Trimulyo"}},{"type":"Feature","geometry":{"type":"Polygon","coordinates":[[[109.8805,-7.7795],[109.877,-7.778],[109.8765,-7.778],[109.8755,-7.7815],[109.875,-7.7825],[109.8765,-7.794],[109.8855,-7.788],[109.8875,-7.783],[109.8875,-7.782],[109.8805,-7.7795]]]},"properties":{"code":"33.06.01.2017","name":"Tulusrejo"}},{"type":"Feature","geometry":{"type":"Polygon","coordinates":[[[109.8915,-7.79],[109.89,-7.7845],[109.8875,-7.783],[109.8855,-7.788],[109.8765,-7.794],[109.8815,-7.8015],[109.884,-7.8035],[109.885,-7.801],[109.8915,-7.79]]]},"properties":{"code":"33.06.01.2018","name":"Tegalrejo"}},{"type":"Feature","geometry":{"type":"Polygon","coordinates":[[[109.8915,-7.79],[109.885,-7.801],[109.884,-7.8035],[109.8845,-7.804],[109.8845,-7.8045],[109.8915,-7.793],[109.8905,-7.7925],[109.8915,-7.79]]]},"properties":{"code":"33.06.01.2019","name":"Kalirejo"}},{"type":"Feature","geometry":{"type":"Polygon","coordinates":[[[109.901,-7.7905],[109.899,-7.79],[109.8985,-7.7905],[109.893,-7.791],[109.892,-7.7905],[109.8915,-7.79],[109.8905,-7.7925],[109.8915,-7.793],[109.8845,-7.8045],[109.8845,-7.8055],[109.8875,-7.807],[109.889,-7.804],[109.894,-7.8015],[109.8965,-7.797],[109.8995,-7.793],[109.901,-7.7905]]]},"properties":{"code":"33.06.01.2020","name":"Wonoenggal"}},{"type":"Feature","geometry":{"type":"Polygon","coordinates":[[[109.891,-7.8145],[109.8975,-7.798],[109.8965,-7.7975],[109.896,-7.7975],[109.894,-7.8015],[109.889,-7.804],[109.8865,-7.8085],[109.888,-7.813],[109.891,-7.8145]]]},"properties":{"code":"33.06.01.2021","name":"Banyuyoso"}},{"type":"Feature","geometry":{"type":"Polygon","coordinates":[[[109.9025,-7.7905],[109.901,-7.7895],[109.901,-7.791],[109.896,-7.7975],[109.8975,-7.798],[109.891,-7.8145],[109.892,-7.815],[109.898,-7.8155],[109.9075,-7.8075],[109.9105,-7.8075],[109.912,-7.8045],[109.912,-7.8035],[109.912,-7.8025],[109.9115,-7.8005],[109.9115,-7.7965],[109.9115,-7.7955],[109.911,-7.794],[109.9055,-7.7915],[109.904,-7.7915],[109.9025,-7.7905]]]},"properties":{"code":"33.06.01.2022","name":"Grabag"}},{"type":"Feature","geometry":{"type":"Polygon","coordinates":[[[109.9095,-7.8075],[109.9075,-7.8075],[109.898,-7.8155],[109.9,-7.816],[109.901,-7.817],[109.9025,-7.8195],[109.904,-7.8195],[109.909,-7.8195],[109.912,-7.8205],[109.911,-7.814],[109.9105,-7.812],[109.9105,-7.8115],[109.91,-7.81],[109.909,-7.8085],[109.9095,-7.8075]]]},"properties":{"code":"33.06.01.2023","name":"Aglik"}},{"type":"Feature","geometry":{"type":"Polygon","coordinates":[[[109.921,-7.807],[109.914,-7.8055],[109.915,-7.8015],[109.9135,-7.8015],[109.9115,-7.8015],[109.912,-7.8025],[109.912,-7.8035],[109.912,-7.8045],[109.9105,-7.8075],[109.9095,-7.8075],[109.909,-7.8085],[109.91,-7.81],[109.9105,-7.8115],[109.9105,-7.812],[109.911,-7.814],[109.912,-7.8205],[109.9145,-7.821],[109.918,-7.818],[109.92,-7.8105],[109.921,-7.807]]]},"properties":{"code":"33.06.01.2024","name":"Roworejo"}},{"type":"Feature","geometry":{"type":"Polygon","coordinates":[[[109.922,-7.791],[109.9145,-7.79],[109.914,-7.791],[109.9135,-7.792],[109.9115,-7.795],[109.9115,-7.7965],[109.9115,-7.8005],[109.9115,-7.8015],[109.9135,-7.8015],[109.915,-7.8015],[109.914,-7.8055],[109.921,-7.807],[109.9215,-7.807],[109.922,-7.807],[109.9225,-7.806],[109.922,-7.8],[109.9215,-7.797],[109.9215,-7.792],[109.922,-7.791]]]},"properties":{"code":"33.06.01.2025","name":"Tunggulrejo"}},{"type":"Feature","geometry":{"type":"Polygon","coordinates":[[[109.9215,-7.7775],[109.9175,-7.7755],[109.916,-7.779],[109.914,-7.7805],[109.914,-7.791],[109.9145,-7.79],[109.922,-7.791],[109.922,-7.787],[109.9215,-7.7775]]]},"properties":{"code":"33.06.01.2026","name":"Kedungkamal"}},{"type":"Feature","geometry":{"type":"Polygon","coordinates":[[[109.914,-7.7805],[109.9135,-7.7805],[109.913,-7.7805],[109.9125,-7.7815],[109.912,-7.781],[109.9035,-7.7875],[109.9025,-7.7905],[109.904,-7.7915],[109.9055,-7.7915],[109.911,-7.794],[109.9115,-7.7955],[109.9115,-7.795],[109.9135,-7.792],[109.914,-7.791],[109.914,-7.7805]]]},"properties":{"code":"33.06.01.2027","name":"Sangubanyu"}},{"type":"Feature","geometry":{"type":"Polygon","coordinates":[[[109.913,-7.7745],[109.912,-7.7715],[109.9115,-7.7735],[109.9055,-7.7735],[109.903,-7.777],[109.9015,-7.7755],[109.899,-7.7785],[109.8995,-7.7885],[109.899,-7.79],[109.901,-7.7905],[109.901,-7.7895],[109.9025,-7.7905],[109.9035,-7.7875],[109.912,-7.781],[109.911,-7.778],[109.911,-7.777],[109.913,-7.777],[109.913,-7.7745]]]},"properties":{"code":"33.06.01.2028","name":"Dukuhdungus"}},{"type":"Feature","geometry":{"type":"Polygon","coordinates":[[[109.899,-7.7785],[109.898,-7.7775],[109.8975,-7.7775],[109.897,-7.7775],[109.8955,-7.7785],[109.895,-7.7795],[109.8935,-7.783],[109.8925,-7.7845],[109.8935,-7.79],[109.893,-7.791],[109.8985,-7.7905],[109.8995,-7.7885],[109.899,-7.7785]]]},"properties":{"code":"33.06.01.2029","name":"Tlepokwetan"}},{"type":"Feature","geometry":{"type":"Polygon","coordinates":[[[109.8955,-7.7775],[109.8875,-7.782],[109.89,-7.7845],[109.8915,-7.79],[109.892,-7.7905],[109.893,-7.791],[109.8935,-7.79],[109.8925,-7.7845],[109.8935,-7.783],[109.895,-7.7795],[109.896,-7.7775],[109.8955,-7.7775]]]},"properties":{"code":"33.06.01.2030","name":"Tlepokkulon"}},{"type":"Feature","geometry":{"type":"Polygon","coordinates":[[[109.898,-7.7685],[109.8975,-7.769],[109.893,-7.7685],[109.8915,-7.7695],[109.8845,-7.769],[109.883,-7.7735],[109.8805,-7.7795],[109.8875,-7.782],[109.8955,-7.7775],[109.898,-7.7685]]]},"properties":{"code":"33.06.01.2031","name":"Kumpulrejo"}},{"type":"Feature","geometry":{"type":"Polygon","coordinates":[[[109.9015,-7.7755],[109.8995,-7.7675],[109.899,-7.767],[109.898,-7.768],[109.898,-7.7685],[109.8955,-7.7775],[109.896,-7.7775],[109.8955,-7.7785],[109.897,-7.7775],[109.8975,-7.7775],[109.898,-7.7775],[109.899,-7.7785],[109.9015,-7.7755]]]},"properties":{"code":"33.06.01.2032","name":"Kese"}},{"type":"Feature","geometry":{"type":"Polygon","coordinates":[[[109.97,-7.8665],[109.9665,-7.8735],[109.9785,-7.878],[109.981,-7.8705],[109.9725,-7.8675],[109.97,-7.8665]]]},"properties":{"code":"33.06.02.2001","name":"Ngentak"}},{"type":"Feature","geometry":{"type":"Polygon","coordinates":[[[109.97,-7.8665],[109.971,-7.8655],[109.9655,-7.8635],[109.964,-7.868],[109.9635,-7.8725],[109.9665,-7.8735],[109.97,-7.8665]]]},"properties":{"code":"33.06.02.2002","name":"Girirejo"}},{"type":"Feature","geometry":{"type":"Polygon","coordinates":[[[109.9635,-7.864],[109.955,-7.862],[109.954,-7.869],[109.9635,-7.8725],[109.964,-7.868],[109.965,-7.864],[109.9635,-7.864]]]},"properties":{"code":"33.06.02.2003","name":"Wero"}},{"type":"Feature","geometry":{"type":"Polygon","coordinates":[[[109.955,-7.862],[109.955,-7.861],[109.945,-7.8585],[109.9425,-7.8575],[109.94,-7.864],[109.954,-7.869],[109.955,-7.862]]]},"properties":{"code":"33.06.02.2004","name":"Pagak"}},{"type":"Feature","geometry":{"type":"Polygon","coordinates":[[[109.925,-7.8515],[109.924,-7.852],[109.924,-7.8525],[109.924,-7.853],[109.9235,-7.8545],[109.9225,-7.858],[109.94,-7.864],[109.9425,-7.8575],[109.9385,-7.856],[109.9355,-7.855],[109.932,-7.8535],[109.9315,-7.854],[109.931,-7.854],[109.931,-7.8535],[109.927,-7.8525],[109.925,-7.8515]]]},"properties":{"code":"33.06.02.2005","name":"Malang"}},{"type":"Feature","geometry":{"type":"Polygon","coordinates":[[[109.925,-7.8515],[109.928,-7.841],[109.9215,-7.8395],[109.9205,-7.839],[109.919,-7.8435],[109.917,-7.85],[109.922,-7.852],[109.924,-7.852],[109.925,-7.8515]]]},"properties":{"code":"33.06.02.2006","name":"Depokrejo"}},{"type":"Feature","geometry":{"type":"Polygon","coordinates":[[[109.9205,-7.839],[109.916,-7.8375],[109.9125,-7.849],[109.907,-7.848],[109.906,-7.85],[109.902,-7.8485],[109.9015,-7.8505],[109.901,-7.851],[109.9225,-7.858],[109.924,-7.8525],[109.922,-7.852],[109.917,-7.85],[109.919,-7.8435],[109.9205,-7.839]]]},"properties":{"code":"33.06.02.2007","name":"Keburuhan"}},{"type":"Feature","geometry":{"type":"Polygon","coordinates":[[[109.9235,-7.8235],[109.9225,-7.823],[109.921,-7.823],[109.9215,-7.8235],[109.9195,-7.829],[109.916,-7.837],[109.916,-7.8375],[109.9215,-7.8395],[109.923,-7.8395],[109.9245,-7.836],[109.9265,-7.8315],[109.9285,-7.8265],[109.9235,-7.8235]]]},"properties":{"code":"33.06.02.2008","name":"Awu-awu"}},{"type":"Feature","geometry":{"type":"Polygon","coordinates":[[[109.931,-7.832],[109.93,-7.832],[109.9275,-7.8315],[109.9245,-7.836],[109.923,-7.8395],[109.928,-7.841],[109.925,-7.8515],[109.927,-7.8525],[109.928,-7.8525],[109.931,-7.832]]]},"properties":{"code":"33.06.02.2009","name":"Kumpulsari"}},{"type":"Feature","geometry":{"type":"Polygon","coordinates":[[[109.9385,-7.8325],[109.936,-7.831],[109.931,-7.832],[109.928,-7.8525],[109.931,-7.8535],[109.931,-7.854],[109.9315,-7.854],[109.9315,-7.8535],[109.934,-7.846],[109.936,-7.838],[109.938,-7.8335],[109.9385,-7.8325]]]},"properties":{"code":"33.06.02.2010","name":"Kesidan"}},{"type":"Feature","geometry":{"type":"Polygon","coordinates":[[[109.9405,-7.8355],[109.94,-7.8345],[109.9395,-7.833],[109.9385,-7.8325],[109.938,-7.8335],[109.936,-7.838],[109.934,-7.846],[109.9315,-7.8535],[109.9315,-7.854],[109.932,-7.8535],[109.9355,-7.855],[109.9365,-7.855],[109.9405,-7.8355]]]},"properties":{"code":"33.06.02.2011","name":"Wonoroto"}},{"type":"Feature","geometry":{"type":"Polygon","coordinates":[[[109.9445,-7.84],[109.9425,-7.8385],[109.9405,-7.8355],[109.9365,-7.855],[109.9385,-7.856],[109.942,-7.857],[109.947,-7.844],[109.947,-7.843],[109.945,-7.842],[109.9445,-7.84]]]},"properties":{"code":"33.06.02.2012","name":"Pejagran"}},{"type":"Feature","geometry":{"type":"Polygon","coordinates":[[[109.9555,-7.8475],[109.9505,-7.8465],[109.947,-7.843],[109.947,-7.844],[109.942,-7.857],[109.9435,-7.858],[109.945,-7.8585],[109.955,-7.861],[109.955,-7.862],[109.9635,-7.864],[109.966,-7.8555],[109.9665,-7.854],[109.9655,-7.8535],[109.9605,-7.8515],[109.96,-7.851],[109.9555,-7.8475]]]},"properties":{"code":"33.06.02.2013","name":"Wonosari"}},{"type":"Feature","geometry":{"type":"Polygon","coordinates":[[[109.974,-7.8385],[109.9735,-7.838],[109.971,-7.8425],[109.962,-7.8465],[109.9605,-7.8495],[109.96,-7.85],[109.96,-7.851],[109.9605,-7.8515],[109.9655,-7.8535],[109.9665,-7.854],[109.968,-7.855],[109.973,-7.857],[109.978,-7.8515],[109.978,-7.852],[109.9785,-7.8515],[109.9795,-7.851],[109.982,-7.843],[109.981,-7.8425],[109.9785,-7.841],[109.9775,-7.841],[109.976,-7.84],[109.975,-7.839],[109.974,-7.8385]]]},"properties":{"code":"33.06.02.2014","name":"Wonosri"}},{"type":"Feature","geometry":{"type":"Polygon","coordinates":[[[109.9795,-7.8525],[109.9785,-7.8515],[109.978,-7.852],[109.978,-7.8515],[109.973,-7.857],[109.9775,-7.8585],[109.9815,-7.8565],[109.981,-7.8535],[109.9795,-7.8525]]]},"properties":{"code":"33.06.02.2015","name":"Jeruken"}},{"type":"Feature","geometry":{"type":"Polygon","coordinates":[[[109.99,-7.8535],[109.9895,-7.8525],[109.9875,-7.852],[109.9855,-7.855],[109.9835,-7.854],[109.9815,-7.8545],[109.9815,-7.8565],[109.9775,-7.8585],[109.9835,-7.8605],[109.9845,-7.86],[109.99,-7.8535]]]},"properties":{"code":"33.06.02.2016","name":"Tanjungrejo"}},{"type":"Feature","geometry":{"type":"Polygon","coordinates":[[[109.986,-7.843],[109.9835,-7.8415],[109.982,-7.8415],[109.9815,-7.8425],[109.982,-7.843],[109.9795,-7.851],[109.9795,-7.8525],[109.981,-7.8535],[109.9815,-7.8545],[109.9835,-7.854],[109.9855,-7.855],[109.9875,-7.852],[109.9855,-7.851],[109.986,-7.843]]]},"properties":{"code":"33.06.02.2017","name":"Kalitanjung"}},{"type":"Feature","geometry":{"type":"Polygon","coordinates":[[[109.9805,-7.828],[109.9795,-7.828],[109.9765,-7.833],[109.9785,-7.8355],[109.9785,-7.837],[109.978,-7.839],[109.978,-7.841],[109.9785,-7.841],[109.981,-7.8425],[109.982,-7.8375],[109.982,-7.833],[109.982,-7.83],[109.9805,-7.83],[109.9805,-7.828]]]},"properties":{"code":"33.06.02.2018","name":"Kuwukan"}},{"type":"Feature","geometry":{"type":"Polygon","coordinates":[[[109.9805,-7.828],[109.982,-7.825],[109.9795,-7.8245],[109.976,-7.834],[109.976,-7.8345],[109.976,-7.835],[109.9755,-7.8375],[109.9735,-7.836],[109.9725,-7.836],[109.9715,-7.8395],[109.972,-7.84],[109.9735,-7.838],[109.974,-7.8385],[109.9755,-7.8385],[109.975,-7.839],[109.976,-7.84],[109.978,-7.841],[109.978,-7.839],[109.9785,-7.837],[109.9785,-7.8355],[109.9765,-7.833],[109.9795,-7.828],[109.9805,-7.828]]]},"properties":{"code":"33.06.02.2019","name":"Kedondong"}},{"type":"Feature","geometry":{"type":"Polygon","coordinates":[[[109.9715,-7.8395],[109.971,-7.839],[109.9685,-7.8385],[109.968,-7.839],[109.967,-7.8405],[109.962,-7.846],[109.962,-7.8465],[109.971,-7.8425],[109.972,-7.84],[109.9715,-7.8395]]]},"properties":{"code":"33.06.02.2020","name":"Rasukan"}},{"type":"Feature","geometry":{"type":"Polygon","coordinates":[[[109.9645,-7.838],[109.964,-7.8385],[109.9625,-7.837],[109.96,-7.84],[109.959,-7.841],[109.957,-7.843],[109.9555,-7.8475],[109.96,-7.85],[109.9605,-7.8495],[109.962,-7.846],[109.967,-7.8405],[109.9655,-7.8385],[109.9645,-7.838]]]},"properties":{"code":"33.06.02.2021","name":"Laban"}},{"type":"Feature","geometry":{"type":"Polygon","coordinates":[[[109.9585,-7.83],[109.954,-7.8305],[109.9535,-7.83],[109.952,-7.828],[109.9495,-7.831],[109.9445,-7.84],[109.945,-7.842],[109.948,-7.8435],[109.9505,-7.8465],[109.9555,-7.8475],[109.957,-7.843],[109.959,-7.841],[109.96,-7.84],[109.962,-7.837],[109.9585,-7.83]]]},"properties":{"code":"33.06.02.2022","name":"Wasiat"}},{"type":"Feature","geometry":{"type":"Polygon","coordinates":[[[109.9495,-7.831],[109.9435,-7.8265],[109.9415,-7.829],[109.9425,-7.83],[109.9425,-7.831],[109.9405,-7.83],[109.94,-7.8305],[109.938,-7.8325],[109.939,-7.8325],[109.9395,-7.833],[109.94,-7.8345],[109.9425,-7.8385],[109.9445,-7.84],[109.9495,-7.831]]]},"properties":{"code":"33.06.02.2023","name":"Tunjungan"}},{"type":"Feature","geometry":{"type":"Polygon","coordinates":[[[109.937,-7.821],[109.9365,-7.821],[109.936,-7.821],[109.934,-7.8265],[109.9335,-7.828],[109.933,-7.829],[109.934,-7.8295],[109.9365,-7.8315],[109.938,-7.8325],[109.94,-7.8305],[109.9405,-7.83],[109.9425,-7.831],[109.9425,-7.83],[109.9415,-7.829],[109.9435,-7.8265],[109.9495,-7.831],[109.952,-7.828],[109.949,-7.826],[109.946,-7.825],[109.9445,-7.824],[109.9435,-7.823],[109.9415,-7.8215],[109.937,-7.821]]]},"properties":{"code":"33.06.02.2024","name":"Ringgit"}},{"type":"Feature","geometry":{"type":"Polygon","coordinates":[[[109.9365,-7.8315],[109.934,-7.8295],[109.932,-7.8285],[109.9315,-7.828],[109.9285,-7.8265],[109.9265,-7.8315],[109.9275,-7.8315],[109.93,-7.832],[109.931,-7.832],[109.936,-7.831],[109.938,-7.8325],[109.9385,-7.8325],[109.9365,-7.8315]]]},"properties":{"code":"33.06.02.2025","name":"Kaliwungukidul"}},{"type":"Feature","geometry":{"type":"Polygon","coordinates":[[[109.936,-7.821],[109.9345,-7.82],[109.9235,-7.8185],[109.923,-7.8205],[109.9235,-7.8235],[109.9285,-7.8265],[109.9315,-7.828],[109.933,-7.829],[109.9335,-7.828],[109.934,-7.8265],[109.936,-7.821]]]},"properties":{"code":"33.06.02.2026","name":"Kaliwungulor"}},{"type":"Feature","geometry":{"type":"Polygon","coordinates":[[[109.925,-7.803],[109.924,-7.8],[109.9215,-7.7995],[109.922,-7.8],[109.9225,-7.806],[109.922,-7.807],[109.92,-7.8105],[109.918,-7.818],[109.9215,-7.823],[109.9225,-7.823],[109.9235,-7.8235],[109.923,-7.8205],[109.9245,-7.814],[109.927,-7.804],[109.9275,-7.8035],[109.925,-7.803]]]},"properties":{"code":"33.06.02.2027","name":"Cokroyasan"}},{"type":"Feature","geometry":{"type":"Polygon","coordinates":[[[109.918,-7.818],[109.9145,-7.821],[109.916,-7.8225],[109.9165,-7.823],[109.92,-7.823],[109.9215,-7.823],[109.918,-7.818]]]},"properties":{"code":"33.06.02.2028","name":"Bojong"}},{"type":"Feature","geometry":{"type":"Polygon","coordinates":[[[109.943,-7.8145],[109.9295,-7.815],[109.929,-7.815],[109.9265,-7.815],[109.925,-7.815],[109.924,-7.8155],[109.9235,-7.8185],[109.9345,-7.82],[109.9365,-7.821],[109.937,-7.821],[109.9435,-7.8145],[109.943,-7.8145]]]},"properties":{"code":"33.06.02.2029","name":"Karangtalun"}},{"type":"Feature","geometry":{"type":"Polygon","coordinates":[[[109.949,-7.817],[109.9475,-7.816],[109.9465,-7.8155],[109.945,-7.8145],[109.9445,-7.815],[109.9435,-7.8145],[109.937,-7.821],[109.9415,-7.8215],[109.9435,-7.823],[109.9445,-7.824],[109.9455,-7.8245],[109.9465,-7.8245],[109.9455,-7.823],[109.948,-7.8185],[109.948,-7.8175],[109.9485,-7.818],[109.949,-7.817]]]},"properties":{"code":"33.06.02.2030","name":"Susuk"}},{"type":"Feature","geometry":{"type":"Polygon","coordinates":[[[109.952,-7.8195],[109.952,-7.819],[109.951,-7.8175],[109.951,-7.817],[109.9495,-7.8165],[109.9485,-7.818],[109.948,-7.8175],[109.948,-7.8185],[109.9455,-7.823],[109.9475,-7.8235],[109.9515,-7.8215],[109.952,-7.8195]]]},"properties":{"code":"33.06.02.2031","name":"Klandaran"}},{"type":"Feature","geometry":{"type":"Polygon","coordinates":[[[109.956,-7.822],[109.9545,-7.8205],[109.952,-7.8195],[109.9515,-7.8215],[109.9475,-7.8235],[109.9465,-7.8245],[109.9455,-7.8245],[109.949,-7.826],[109.953,-7.829],[109.954,-7.83],[109.954,-7.8305],[109.9585,-7.83],[109.956,-7.822]]]},"properties":{"code":"33.06.02.2032","name":"Briyan"}},{"type":"Feature","geometry":{"type":"Polygon","coordinates":[[[109.9685,-7.824],[109.9675,-7.8235],[109.963,-7.8225],[109.9625,-7.82],[109.961,-7.8195],[109.96,-7.8215],[109.96,-7.822],[109.956,-7.822],[109.9585,-7.83],[109.962,-7.837],[109.9625,-7.837],[109.964,-7.8385],[109.965,-7.835],[109.9685,-7.824]]]},"properties":{"code":"33.06.02.2033","name":"Ngombol"}},{"type":"Feature","geometry":{"type":"Polygon","coordinates":[[[109.97,-7.824],[109.9685,-7.824],[109.965,-7.835],[109.9645,-7.838],[109.9655,-7.8385],[109.968,-7.839],[109.9685,-7.8385],[109.9695,-7.834],[109.97,-7.828],[109.97,-7.824]]]},"properties":{"code":"33.06.02.2034","name":"Joso"}},{"type":"Feature","geometry":{"type":"Polygon","coordinates":[[[109.9795,-7.8245],[109.978,-7.8245],[109.972,-7.824],[109.9715,-7.8255],[109.97,-7.8255],[109.97,-7.828],[109.9695,-7.834],[109.9685,-7.8385],[109.971,-7.839],[109.9715,-7.8395],[109.9725,-7.836],[109.976,-7.834],[109.9795,-7.8245]]]},"properties":{"code":"33.06.02.2035","name":"Candi"}},{"type":"Feature","geometry":{"type":"Polygon","coordinates":[[[109.972,-7.817],[109.9715,-7.817],[109.971,-7.821],[109.971,-7.8225],[109.97,-7.824],[109.97,-7.8255],[109.9715,-7.8255],[109.972,-7.824],[109.978,-7.8245],[109.98,-7.8245],[109.9805,-7.8195],[109.9775,-7.819],[109.972,-7.817]]]},"properties":{"code":"33.06.02.2036","name":"Pulutan"}},{"type":"Feature","geometry":{"type":"Polygon","coordinates":[[[109.9775,-7.819],[109.977,-7.818],[109.9785,-7.814],[109.9745,-7.813],[109.973,-7.8125],[109.9725,-7.8135],[109.973,-7.8135],[109.972,-7.817],[109.9775,-7.819]]]},"properties":{"code":"33.06.02.2037","name":"Walikoro"}},{"type":"Feature","geometry":{"type":"Polygon","coordinates":[[[109.973,-7.8125],[109.97,-7.812],[109.9695,-7.81],[109.9675,-7.8095],[109.9675,-7.81],[109.964,-7.8155],[109.9715,-7.818],[109.9715,-7.817],[109.972,-7.817],[109.973,-7.8135],[109.9725,-7.8135],[109.973,-7.8125]]]},"properties":{"code":"33.06.02.2038","name":"Sruwoh"}},{"type":"Feature","geometry":{"type":"Polygon","coordinates":[[[109.9675,-7.809],[109.964,-7.802],[109.9625,-7.8035],[109.9595,-7.806],[109.9585,-7.81],[109.962,-7.8115],[109.962,-7.8125],[109.961,-7.8135],[109.961,-7.8145],[109.964,-7.8155],[109.9675,-7.81],[109.9675,-7.809]]]},"properties":{"code":"33.06.02.2039","name":"Wonoboyo"}},{"type":"Feature","geometry":{"type":"Polygon","coordinates":[[[109.964,-7.8155],[109.9635,-7.8155],[109.9625,-7.8175],[109.961,-7.819],[109.961,-7.8195],[109.9625,-7.82],[109.963,-7.8225],[109.9675,-7.8235],[109.97,-7.824],[109.971,-7.8225],[109.971,-7.821],[109.9715,-7.818],[109.964,-7.8155]]]},"properties":{"code":"33.06.02.2040","name":"Kembangkuning"}},{"type":"Feature","geometry":{"type":"Polygon","coordinates":[[[109.9515,-7.812],[109.949,-7.816],[109.951,-7.817],[109.951,-7.8175],[109.952,-7.819],[109.9545,-7.8205],[109.96,-7.822],[109.96,-7.8215],[109.961,-7.819],[109.9625,-7.8175],[109.9635,-7.8155],[109.9605,-7.8145],[109.956,-7.816],[109.954,-7.8145],[109.9535,-7.813],[109.9515,-7.812]]]},"properties":{"code":"33.06.02.2041","name":"Jombang"}},{"type":"Feature","geometry":{"type":"Polygon","coordinates":[[[109.944,-7.807],[109.9405,-7.8065],[109.9405,-7.8075],[109.94,-7.8075],[109.943,-7.8145],[109.9445,-7.815],[109.945,-7.8145],[109.9465,-7.8155],[109.9475,-7.816],[109.949,-7.817],[109.9495,-7.8165],[109.949,-7.816],[109.9515,-7.812],[109.952,-7.8105],[109.944,-7.807]]]},"properties":{"code":"33.06.02.2042","name":"Mendiro"}},{"type":"Feature","geometry":{"type":"Polygon","coordinates":[[[109.94,-7.8075],[109.939,-7.807],[109.9355,-7.8075],[109.9315,-7.808],[109.928,-7.815],[109.9295,-7.815],[109.943,-7.8145],[109.94,-7.8075]]]},"properties":{"code":"33.06.02.2043","name":"Wunut"}},{"type":"Feature","geometry":{"type":"Polygon","coordinates":[[[109.9345,-7.7935],[109.9325,-7.7925],[109.928,-7.803],[109.927,-7.804],[109.9245,-7.814],[109.924,-7.8155],[109.926,-7.815],[109.928,-7.815],[109.9315,-7.808],[109.9355,-7.8075],[109.94,-7.803],[109.937,-7.801],[109.9355,-7.804],[109.9325,-7.805],[109.933,-7.796],[109.9345,-7.7935]]]},"properties":{"code":"33.06.02.2044","name":"Sumberrejo"}},{"type":"Feature","geometry":{"type":"Polygon","coordinates":[[[109.94,-7.803],[109.9465,-7.799],[109.949,-7.7955],[109.948,-7.7935],[109.948,-7.793],[109.945,-7.794],[109.944,-7.794],[109.937,-7.8005],[109.937,-7.801],[109.94,-7.803]]]},"properties":{"code":"33.06.02.2045","name":"Wingkosigromulyo"}},{"type":"Feature","geometry":{"type":"MultiPolygon","coordinates":[[[[109.944,-7.8055],[109.9405,-7.8065],[109.944,-7.807],[109.9445,-7.806],[109.944,-7.8055]]],[[[109.9585,-7.7995],[109.96,-7.796],[109.9605,-7.794],[109.9575,-7.7905],[109.946,-7.806],[109.9475,-7.8055],[109.9585,-7.7995]]]]},"properties":{"code":"33.06.02.2046","name":"Wingkoharjo"}},{"type":"Feature","geometry":{"type":"Polygon","coordinates":[[[109.9635,-7.7965],[109.963,-7.7965],[109.9605,-7.796],[109.9585,-7.7995],[109.9475,-7.8055],[109.945,-7.8065],[109.9445,-7.806],[109.944,-7.807],[109.952,-7.8105],[109.9535,-7.813],[109.954,-7.8145],[109.9545,-7.8145],[109.956,-7.803],[109.9635,-7.7965]]]},"properties":{"code":"33.06.02.2047","name":"Singkilkulon"}},{"type":"Feature","geometry":{"type":"Polygon","coordinates":[[[109.9655,-7.7965],[109.9655,-7.7955],[109.9635,-7.7965],[109.956,-7.803],[109.9545,-7.8145],[109.956,-7.816],[109.9605,-7.8145],[109.961,-7.8145],[109.961,-7.8135],[109.962,-7.8125],[109.962,-7.8115],[109.9585,-7.81],[109.9595,-7.806],[109.9625,-7.8035],[109.962,-7.8025],[109.9655,-7.7965]]]},"properties":{"code":"33.06.02.2048","name":"Singkilwetan"}},{"type":"Feature","geometry":{"type":"Polygon","coordinates":[[[109.9665,-7.7845],[109.9655,-7.784],[109.965,-7.7835],[109.9635,-7.784],[109.963,-7.784],[109.961,-7.792],[109.9605,-7.794],[109.96,-7.796],[109.9605,-7.796],[109.963,-7.7965],[109.9655,-7.7955],[109.9665,-7.796],[109.968,-7.7925],[109.9705,-7.7915],[109.971,-7.789],[109.971,-7.7885],[109.9685,-7.788],[109.9665,-7.7845]]]},"properties":{"code":"33.06.02.2049","name":"Tumenggungan"}},{"type":"Feature","geometry":{"type":"Polygon","coordinates":[[[109.963,-7.784],[109.962,-7.7835],[109.959,-7.785],[109.959,-7.7865],[109.959,-7.7875],[109.958,-7.7885],[109.956,-7.7895],[109.961,-7.792],[109.963,-7.784]]]},"properties":{"code":"33.06.02.2050","name":"Curug"}},{"type":"Feature","geometry":{"type":"Polygon","coordinates":[[[109.9535,-7.785],[109.953,-7.7855],[109.951,-7.784],[109.9475,-7.7925],[109.948,-7.7935],[109.949,-7.7955],[109.9465,-7.799],[109.94,-7.803],[109.939,-7.807],[109.94,-7.8075],[109.9405,-7.8075],[109.9405,-7.8065],[109.944,-7.8055],[109.945,-7.8065],[109.946,-7.806],[109.9575,-7.7905],[109.956,-7.7895],[109.958,-7.7885],[109.959,-7.7875],[109.959,-7.7865],[109.9585,-7.785],[109.9535,-7.785]]]},"properties":{"code":"33.06.02.2051","name":"Wingkosanggrahan"}},{"type":"Feature","geometry":{"type":"Polygon","coordinates":[[[109.951,-7.784],[109.9495,-7.783],[109.948,-7.7825],[109.9445,-7.788],[109.9445,-7.794],[109.945,-7.794],[109.948,-7.793],[109.9475,-7.7925],[109.951,-7.784]]]},"properties":{"code":"33.06.02.2052","name":"Wingkomulyo"}},{"type":"Feature","geometry":{"type":"Polygon","coordinates":[[[109.9445,-7.788],[109.94,-7.787],[109.9375,-7.7885],[109.937,-7.789],[109.937,-7.7915],[109.933,-7.796],[109.9325,-7.805],[109.9355,-7.804],[109.937,-7.8005],[109.944,-7.794],[109.9445,-7.794],[109.9445,-7.788]]]},"properties":{"code":"33.06.02.2053","name":"Wingkotinumpuk"}},{"type":"Feature","geometry":{"type":"Polygon","coordinates":[[[109.9325,-7.7925],[109.935,-7.786],[109.9345,-7.785],[109.93,-7.7825],[109.9295,-7.7845],[109.929,-7.788],[109.928,-7.79],[109.925,-7.803],[109.9275,-7.8035],[109.928,-7.803],[109.9325,-7.7925]]]},"properties":{"code":"33.06.02.2054","name":"Piyono"}},{"type":"Feature","geometry":{"type":"Polygon","coordinates":[[[109.9285,-7.7895],[109.9255,-7.788],[109.924,-7.789],[109.922,-7.7885],[109.9215,-7.792],[109.9215,-7.797],[109.9215,-7.7995],[109.924,-7.8],[109.925,-7.803],[109.928,-7.79],[109.9285,-7.7895]]]},"properties":{"code":"33.06.02.2055","name":"Tanjung"}},{"type":"Feature","geometry":{"type":"Polygon","coordinates":[[[109.928,-7.78],[109.9255,-7.7795],[109.9245,-7.778],[109.923,-7.778],[109.9215,-7.7775],[109.922,-7.787],[109.922,-7.7885],[109.924,-7.789],[109.9255,-7.788],[109.9285,-7.7895],[109.929,-7.788],[109.9295,-7.7845],[109.9295,-7.783],[109.928,-7.78]]]},"properties":{"code":"33.06.02.2056","name":"Secang"}},{"type":"Feature","geometry":{"type":"Polygon","coordinates":[[[109.939,-7.7795],[109.9285,-7.779],[109.928,-7.78],[109.9295,-7.783],[109.93,-7.7825],[109.9345,-7.785],[109.935,-7.786],[109.9325,-7.7925],[109.9345,-7.7935],[109.937,-7.7915],[109.937,-7.789],[109.9375,-7.7885],[109.94,-7.787],[109.9375,-7.786],[109.9375,-7.785],[109.939,-7.7795]]]},"properties":{"code":"33.06.02.2057","name":"Seboropasar"}},{"type":"Feature","geometry":{"type":"Polygon","coordinates":[[[109.991,-7.871],[109.9875,-7.8695],[109.9865,-7.871],[109.9825,-7.871],[109.981,-7.8705],[109.9785,-7.878],[109.9955,-7.885],[109.997,-7.882],[109.9955,-7.8775],[109.9945,-7.877],[109.995,-7.8755],[109.9955,-7.874],[109.9905,-7.872],[109.991,-7.871]]]},"properties":{"code":"33.06.03.2001","name":"Jatimalang"}},{"type":"Feature","geometry":{"type":"Polygon","coordinates":[[[110.01,-7.8795],[110.0035,-7.877],[109.997,-7.8745],[109.9955,-7.874],[109.995,-7.8755],[109.9945,-7.877],[109.9955,-7.8775],[109.997,-7.882],[109.9955,-7.885],[110.005,-7.885],[110.009,-7.887],[110.0085,-7.884],[110.0095,-7.8805],[110.01,-7.8795]]]},"properties":{"code":"33.06.03.2002","name":"Jatikontal"}},{"type":"Feature","geometry":{"type":"Polygon","coordinates":[[[110.0165,-7.8815],[110.015,-7.881],[110.01,-7.8795],[110.0095,-7.8805],[110.0085,-7.884],[110.009,-7.887],[110.01,-7.8875],[110.015,-7.89],[110.0165,-7.887],[110.0165,-7.8815]]]},"properties":{"code":"33.06.03.2003","name":"Gedangan"}},{"type":"Feature","geometry":{"type":"Polygon","coordinates":[[[110.022,-7.8835],[110.0175,-7.8815],[110.017,-7.8815],[110.0165,-7.8815],[110.0165,-7.887],[110.018,-7.8905],[110.0245,-7.89],[110.025,-7.889],[110.022,-7.8835]]]},"properties":{"code":"33.06.03.2004","name":"Karanganyar"}},{"type":"Feature","geometry":{"type":"MultiPolygon","coordinates":[[[[110.0335,-7.8865],[110.036,-7.884],[110.0365,-7.884],[110.0365,-7.8835],[110.0315,-7.8805],[110.0305,-7.88],[110.0295,-7.88],[110.0285,-7.879],[110.027,-7.8785],[110.0255,-7.8815],[110.0245,-7.8845],[110.022,-7.8835],[110.025,-7.889],[110.026,-7.8895],[110.0335,-7.8875],[110.0335,-7.8865]]],[[[110.025,-7.869],[110.0245,-7.869],[110.023,-7.8725],[110.0225,-7.875],[110.023,-7.874],[110.0245,-7.8745],[110.025,-7.873],[110.0265,-7.869],[110.025,-7.869]]]]},"properties":{"code":"33.06.03.2005","name":"Jogoboyo"}},{"type":"Feature","geometry":{"type":"MultiPolygon","coordinates":[[[[110.0415,-7.8845],[110.0415,-7.8825],[110.039,-7.8825],[110.0335,-7.88],[110.0325,-7.8785],[110.0315,-7.8795],[110.031,-7.8805],[110.036,-7.883],[110.0365,-7.8835],[110.0365,-7.884],[110.0375,-7.8835],[110.0415,-7.8845]]],[[[110.0285,-7.8795],[110.0285,-7.879],[110.029,-7.8765],[110.0285,-7.8715],[110.026,-7.8705],[110.025,-7.873],[110.0245,-7.8745],[110.024,-7.8755],[110.025,-7.878],[110.027,-7.8785],[110.0285,-7.8795]]]]},"properties":{"code":"33.06.03.2006","name":"Watukuro"}},{"type":"Feature","geometry":{"type":"Polygon","coordinates":[[[110.0285,-7.8715],[110.036,-7.861],[110.035,-7.86],[110.03,-7.8635],[110.0285,-7.865],[110.025,-7.869],[110.0265,-7.869],[110.026,-7.8705],[110.0285,-7.8715]]]},"properties":{"code":"33.06.03.2007","name":"Karangsari"}},{"type":"Feature","geometry":{"type":"Polygon","coordinates":[[[110.027,-7.856],[110.0235,-7.856],[110.0175,-7.8645],[110.017,-7.866],[110.0205,-7.867],[110.025,-7.869],[110.0285,-7.865],[110.0295,-7.8635],[110.0295,-7.8625],[110.0265,-7.858],[110.027,-7.856]]]},"properties":{"code":"33.06.03.2008","name":"Banjarsari"}},{"type":"Feature","geometry":{"type":"Polygon","coordinates":[[[110.0235,-7.856],[110.021,-7.855],[110.0205,-7.8545],[110.02,-7.853],[110.022,-7.8485],[110.021,-7.848],[110.019,-7.849],[110.017,-7.851],[110.016,-7.8505],[110.0105,-7.8615],[110.011,-7.8625],[110.013,-7.8645],[110.0175,-7.8645],[110.0235,-7.856]]]},"properties":{"code":"33.06.03.2009","name":"Kebonsari"}},{"type":"Feature","geometry":{"type":"Polygon","coordinates":[[[110.016,-7.8505],[110.015,-7.85],[110.016,-7.8465],[110.0155,-7.846],[110.014,-7.8465],[110.011,-7.8445],[110.009,-7.854],[110.007,-7.856],[110.0045,-7.858],[110.0085,-7.8605],[110.009,-7.8605],[110.0105,-7.862],[110.0105,-7.8615],[110.016,-7.8505]]]},"properties":{"code":"33.06.03.2010","name":"Sidoharjo"}},{"type":"Feature","geometry":{"type":"Polygon","coordinates":[[[110.0105,-7.862],[110.009,-7.8605],[110.007,-7.8615],[110.0075,-7.8685],[110.0065,-7.87],[110.0055,-7.8725],[110.006,-7.873],[110.0045,-7.8775],[110.0065,-7.878],[110.0115,-7.88],[110.015,-7.881],[110.017,-7.8815],[110.0175,-7.8815],[110.0245,-7.8845],[110.0255,-7.8815],[110.027,-7.8785],[110.025,-7.878],[110.024,-7.8755],[110.0245,-7.8745],[110.023,-7.874],[110.0225,-7.875],[110.023,-7.8725],[110.0245,-7.869],[110.0205,-7.867],[110.017,-7.866],[110.013,-7.8645],[110.011,-7.8625],[110.0105,-7.862]]]},"properties":{"code":"33.06.03.2011","name":"Jogoresan"}},{"type":"Feature","geometry":{"type":"Polygon","coordinates":[[[109.9975,-7.865],[109.9945,-7.8645],[109.9935,-7.864],[109.9935,-7.865],[109.9905,-7.872],[109.997,-7.8745],[110.0045,-7.8775],[110.006,-7.873],[110.0055,-7.8725],[110.0065,-7.87],[110.005,-7.869],[109.9975,-7.865]]]},"properties":{"code":"33.06.03.2012","name":"Geparang"}},{"type":"Feature","geometry":{"type":"Polygon","coordinates":[[[109.9845,-7.8605],[109.9835,-7.8605],[109.98,-7.8595],[109.9765,-7.869],[109.9825,-7.871],[109.9865,-7.871],[109.9875,-7.8695],[109.991,-7.871],[109.9935,-7.865],[109.9935,-7.864],[109.9925,-7.863],[109.9915,-7.863],[109.991,-7.863],[109.9895,-7.8635],[109.988,-7.8635],[109.9845,-7.8605]]]},"properties":{"code":"33.06.03.2013","name":"Nampurejo"}},{"type":"Feature","geometry":{"type":"Polygon","coordinates":[[[109.973,-7.857],[109.968,-7.855],[109.9665,-7.854],[109.966,-7.8555],[109.9635,-7.864],[109.965,-7.864],[109.9655,-7.8635],[109.971,-7.8655],[109.97,-7.8665],[109.9725,-7.8675],[109.9765,-7.869],[109.98,-7.8595],[109.973,-7.857]]]},"properties":{"code":"33.06.03.2014","name":"Kentengrejo"}},{"type":"Feature","geometry":{"type":"Polygon","coordinates":[[[109.99,-7.8535],[109.9845,-7.86],[109.9845,-7.8605],[109.988,-7.8635],[109.9895,-7.8635],[109.9905,-7.863],[109.9905,-7.862],[109.991,-7.86],[109.9935,-7.854],[109.99,-7.8535]]]},"properties":{"code":"33.06.03.2015","name":"Nampu"}},{"type":"Feature","geometry":{"type":"Polygon","coordinates":[[[109.9995,-7.8555],[109.9965,-7.854],[109.9945,-7.8535],[109.994,-7.8535],[109.994,-7.8545],[109.9935,-7.8545],[109.991,-7.86],[109.9905,-7.862],[109.9905,-7.863],[109.991,-7.863],[109.992,-7.863],[109.993,-7.8635],[109.9945,-7.8645],[109.9975,-7.865],[109.9995,-7.8555]]]},"properties":{"code":"33.06.03.2016","name":"Gesing"}},{"type":"Feature","geometry":{"type":"Polygon","coordinates":[[[110.0045,-7.858],[110.0035,-7.8565],[110.003,-7.855],[110.002,-7.855],[109.9995,-7.8555],[109.9975,-7.865],[110.005,-7.869],[110.0065,-7.87],[110.0075,-7.8685],[110.007,-7.8615],[110.0085,-7.8605],[110.0045,-7.858]]]},"properties":{"code":"33.06.03.2017","name":"Keponggok"}},{"type":"Feature","geometry":{"type":"Polygon","coordinates":[[[110.011,-7.8445],[110.0065,-7.843],[110.004,-7.8435],[110.003,-7.843],[110.0015,-7.8435],[110.001,-7.8435],[110.001,-7.8445],[110.0015,-7.847],[110.0015,-7.848],[110.002,-7.8495],[110.002,-7.8515],[110.002,-7.853],[110.003,-7.855],[110.0035,-7.8565],[110.0045,-7.858],[110.007,-7.856],[110.009,-7.854],[110.011,-7.8445]]]},"properties":{"code":"33.06.03.2018","name":"Bubutan"}},{"type":"Feature","geometry":{"type":"Polygon","coordinates":[[[110.002,-7.855],[110.002,-7.853],[110.002,-7.8515],[110.002,-7.8495],[110.0015,-7.848],[109.999,-7.848],[109.999,-7.8495],[109.9965,-7.8495],[109.994,-7.85],[109.994,-7.851],[109.9945,-7.8535],[109.9965,-7.854],[109.9995,-7.8555],[110.002,-7.855]]]},"properties":{"code":"33.06.03.2019","name":"Tegalaren"}},{"type":"Feature","geometry":{"type":"Polygon","coordinates":[[[109.992,-7.838],[109.9905,-7.838],[109.986,-7.843],[109.9855,-7.851],[109.9895,-7.8525],[109.99,-7.8535],[109.9935,-7.854],[109.9935,-7.8545],[109.994,-7.8545],[109.994,-7.8535],[109.9945,-7.8535],[109.994,-7.851],[109.9945,-7.846],[109.997,-7.8385],[109.992,-7.838]]]},"properties":{"code":"33.06.03.2020","name":"Sukomanah"}},{"type":"Feature","geometry":{"type":"Polygon","coordinates":[[[110.001,-7.8435],[109.9985,-7.841],[109.9975,-7.8385],[109.997,-7.8385],[109.9945,-7.846],[109.994,-7.85],[109.9965,-7.8495],[109.999,-7.8495],[109.999,-7.848],[110.0015,-7.847],[110.001,-7.8445],[110.001,-7.8435]]]},"properties":{"code":"33.06.03.2021","name":"Blendung"}},{"type":"Feature","geometry":{"type":"Polygon","coordinates":[[[109.9995,-7.833],[109.9905,-7.834],[109.99,-7.834],[109.991,-7.8355],[109.992,-7.837],[109.992,-7.838],[109.9975,-7.8385],[109.9985,-7.841],[110.0015,-7.8435],[110.003,-7.843],[110.003,-7.8425],[110.003,-7.841],[110.007,-7.8405],[110.0035,-7.8365],[110.0015,-7.8355],[109.9995,-7.833]]]},"properties":{"code":"33.06.03.2022","name":"Guyangan"}},{"type":"Feature","geometry":{"type":"Polygon","coordinates":[[[109.9895,-7.8325],[109.9845,-7.8305],[109.982,-7.83],[109.982,-7.833],[109.982,-7.8375],[109.981,-7.8425],[109.9815,-7.8425],[109.982,-7.8415],[109.9835,-7.8415],[109.986,-7.843],[109.9905,-7.838],[109.992,-7.837],[109.991,-7.8355],[109.99,-7.834],[109.9895,-7.8335],[109.9895,-7.8325]]]},"properties":{"code":"33.06.03.2023","name":"Bongkot"}},{"type":"Feature","geometry":{"type":"Polygon","coordinates":[[[110.005,-7.8205],[110.0025,-7.82],[109.9955,-7.8215],[109.9945,-7.8215],[109.9945,-7.823],[109.9935,-7.8235],[109.9915,-7.826],[109.99,-7.8305],[109.9895,-7.831],[109.9895,-7.833],[109.99,-7.834],[109.9905,-7.834],[109.9995,-7.833],[110.0015,-7.832],[110.0005,-7.8275],[110.0015,-7.8245],[110.005,-7.8215],[110.005,-7.8205]]]},"properties":{"code":"33.06.03.2024","name":"Purwodadi"}},{"type":"Feature","geometry":{"type":"Polygon","coordinates":[[[109.9945,-7.8215],[109.994,-7.8215],[109.9905,-7.8195],[109.988,-7.819],[109.9835,-7.819],[109.9795,-7.8185],[109.9795,-7.8195],[109.9805,-7.8195],[109.98,-7.8245],[109.982,-7.825],[109.9805,-7.828],[109.9805,-7.83],[109.9845,-7.8305],[109.9895,-7.8325],[109.99,-7.8305],[109.9915,-7.826],[109.9935,-7.8235],[109.9945,-7.823],[109.9945,-7.8215]]]},"properties":{"code":"33.06.03.2025","name":"Sumbersari"}},{"type":"Feature","geometry":{"type":"Polygon","coordinates":[[[110.006,-7.8125],[110.006,-7.81],[109.98,-7.817],[109.9795,-7.8185],[109.9835,-7.819],[109.988,-7.819],[109.9905,-7.8195],[109.994,-7.8215],[109.9955,-7.8215],[110.0025,-7.82],[110.005,-7.8205],[110.0045,-7.8185],[110.0005,-7.8185],[109.999,-7.8165],[109.999,-7.8145],[110.004,-7.812],[110.006,-7.8125]]]},"properties":{"code":"33.06.03.2026","name":"Purwosari"}},{"type":"Feature","geometry":{"type":"Polygon","coordinates":[[[110.0095,-7.805],[110.004,-7.8055],[110.002,-7.8055],[110.0005,-7.8055],[110.0005,-7.805],[109.9975,-7.805],[109.996,-7.8105],[109.9675,-7.809],[109.9675,-7.8095],[109.9695,-7.81],[109.97,-7.812],[109.9745,-7.813],[109.9785,-7.814],[109.977,-7.818],[109.9775,-7.819],[109.9795,-7.8195],[109.98,-7.817],[110.006,-7.81],[110.006,-7.8125],[110.0075,-7.814],[110.0085,-7.814],[110.012,-7.809],[110.0125,-7.8075],[110.0135,-7.8075],[110.013,-7.806],[110.013,-7.805],[110.0105,-7.8055],[110.0095,-7.8055],[110.0095,-7.805]]]},"properties":{"code":"33.06.03.2027","name":"Jenarwetan"}},{"type":"Feature","geometry":{"type":"Polygon","coordinates":[[[109.9965,-7.8075],[109.964,-7.8],[109.962,-7.8025],[109.964,-7.802],[109.9675,-7.809],[109.996,-7.8105],[109.9965,-7.8075]]]},"properties":{"code":"33.06.03.2028","name":"Jenarkidul"}},{"type":"Feature","geometry":{"type":"Polygon","coordinates":[[[109.9905,-7.7975],[109.9865,-7.7985],[109.9825,-7.801],[109.971,-7.8005],[109.9695,-7.7985],[109.967,-7.7975],[109.9655,-7.7965],[109.964,-7.8],[109.9965,-7.8075],[109.9975,-7.805],[110.0005,-7.805],[110.0005,-7.804],[109.9975,-7.7995],[109.9975,-7.799],[109.991,-7.7985],[109.9905,-7.7975]]]},"properties":{"code":"33.06.03.2029","name":"Jenarlor"}},{"type":"Feature","geometry":{"type":"Polygon","coordinates":[[[109.9705,-7.7915],[109.968,-7.7925],[109.9665,-7.796],[109.9655,-7.7955],[109.967,-7.7975],[109.9695,-7.7985],[109.971,-7.8005],[109.9825,-7.801],[109.9865,-7.7985],[109.9855,-7.797],[109.985,-7.7955],[109.9735,-7.797],[109.972,-7.7945],[109.972,-7.792],[109.9715,-7.7915],[109.9705,-7.7915]]]},"properties":{"code":"33.06.03.2030","name":"Pundensari"}},{"type":"Feature","geometry":{"type":"Polygon","coordinates":[[[109.976,-7.7875],[109.9715,-7.7885],[109.971,-7.7885],[109.971,-7.789],[109.9705,-7.7915],[109.9715,-7.7915],[109.972,-7.792],[109.972,-7.7945],[109.9735,-7.797],[109.985,-7.7955],[109.9855,-7.79],[109.9845,-7.7895],[109.976,-7.7875]]]},"properties":{"code":"33.06.03.2031","name":"Kesugihan"}},{"type":"Feature","geometry":{"type":"Polygon","coordinates":[[[109.985,-7.785],[109.9845,-7.786],[109.98,-7.7845],[109.9795,-7.785],[109.978,-7.7865],[109.976,-7.7875],[109.9845,-7.7895],[109.9855,-7.79],[109.985,-7.7955],[109.9855,-7.797],[109.9905,-7.7975],[109.9905,-7.7965],[109.994,-7.7895],[109.994,-7.7885],[109.9945,-7.785],[109.986,-7.785],[109.985,-7.785]]]},"properties":{"code":"33.06.03.2032","name":"Tlogorejo"}},{"type":"Feature","geometry":{"type":"Polygon","coordinates":[[[109.9995,-7.791],[109.997,-7.7875],[109.996,-7.7875],[109.994,-7.7885],[109.994,-7.7895],[109.9905,-7.7965],[109.991,-7.7985],[109.9975,-7.799],[109.9965,-7.7975],[109.9975,-7.7955],[109.999,-7.792],[109.9995,-7.791]]]},"properties":{"code":"33.06.03.2033","name":"Plandi"}},{"type":"Feature","geometry":{"type":"Polygon","coordinates":[[[110.0105,-7.793],[110.009,-7.793],[110.0075,-7.7925],[110.006,-7.79],[109.9995,-7.791],[109.999,-7.792],[109.9975,-7.7955],[109.9965,-7.7975],[109.9975,-7.799],[109.9975,-7.7995],[110.0005,-7.804],[110.0005,-7.8055],[110.002,-7.8055],[110.004,-7.8055],[110.0095,-7.805],[110.01,-7.802],[110.0105,-7.7945],[110.0105,-7.793]]]},"properties":{"code":"33.06.03.2034","name":"Bragolan"}},{"type":"Feature","geometry":{"type":"Polygon","coordinates":[[[110.019,-7.7905],[110.014,-7.7915],[110.0105,-7.7925],[110.0105,-7.7945],[110.01,-7.802],[110.0095,-7.8055],[110.0105,-7.8055],[110.013,-7.805],[110.013,-7.806],[110.0135,-7.8075],[110.015,-7.807],[110.017,-7.807],[110.017,-7.8055],[110.0225,-7.8015],[110.0225,-7.8],[110.0225,-7.794],[110.022,-7.7925],[110.019,-7.791],[110.019,-7.7905]]]},"properties":{"code":"33.06.03.2035","name":"Ketangi"}},{"type":"Feature","geometry":{"type":"Polygon","coordinates":[[[110.022,-7.7795],[110.014,-7.782],[110.0195,-7.79],[110.0205,-7.7895],[110.022,-7.7895],[110.0225,-7.7865],[110.0235,-7.7815],[110.022,-7.7795]]]},"properties":{"code":"33.06.03.2036","name":"Karangmulyo"}},{"type":"Feature","geometry":{"type":"Polygon","coordinates":[[[110.014,-7.782],[110.0065,-7.778],[110.006,-7.778],[110.0045,-7.7785],[110.0055,-7.78],[110.0025,-7.779],[110.002,-7.7795],[110.002,-7.78],[110.0015,-7.788],[110.0015,-7.7885],[109.998,-7.7875],[109.997,-7.7875],[109.9995,-7.791],[110.006,-7.79],[110.0075,-7.7925],[110.009,-7.793],[110.0105,-7.793],[110.0105,-7.7925],[110.014,-7.7915],[110.019,-7.7905],[110.0195,-7.79],[110.014,-7.782]]]},"properties":{"code":"33.06.03.2037","name":"Keduren"}},{"type":"Feature","geometry":{"type":"Polygon","coordinates":[[[110.002,-7.78],[109.9995,-7.78],[109.9905,-7.78],[109.9875,-7.7795],[109.985,-7.784],[109.985,-7.785],[109.986,-7.785],[109.9945,-7.785],[109.994,-7.7885],[109.996,-7.7875],[109.998,-7.7875],[110.0015,-7.7885],[110.0015,-7.788],[110.002,-7.78]]]},"properties":{"code":"33.06.03.2038","name":"Sumberrejo"}},{"type":"Feature","geometry":{"type":"Polygon","coordinates":[[[109.989,-7.7715],[109.9815,-7.7775],[109.9805,-7.778],[109.9795,-7.785],[109.98,-7.7845],[109.9845,-7.786],[109.985,-7.784],[109.9875,-7.7795],[109.989,-7.7725],[109.989,-7.7715]]]},"properties":{"code":"33.06.03.2039","name":"Brondongrejo"}},{"type":"Feature","geometry":{"type":"Polygon","coordinates":[[[109.9805,-7.778],[109.978,-7.7775],[109.976,-7.775],[109.971,-7.7845],[109.971,-7.7875],[109.97,-7.788],[109.9715,-7.7885],[109.976,-7.7875],[109.978,-7.7865],[109.9795,-7.785],[109.9805,-7.778]]]},"properties":{"code":"33.06.03.2040","name":"Sendangsari"}},{"type":"Feature","geometry":{"type":"Polygon","coordinates":[[[110.051,-7.8425],[110.0505,-7.843],[110.048,-7.843],[110.044,-7.8425],[110.0415,-7.841],[110.041,-7.841],[110.0415,-7.846],[110.038,-7.8495],[110.0305,-7.854],[110.027,-7.856],[110.0265,-7.858],[110.0295,-7.8625],[110.0295,-7.8635],[110.03,-7.8635],[110.035,-7.86],[110.036,-7.861],[110.0285,-7.8715],[110.029,-7.8765],[110.0285,-7.879],[110.0285,-7.8795],[110.0295,-7.88],[110.0305,-7.88],[110.031,-7.8805],[110.0315,-7.8795],[110.0325,-7.8785],[110.0335,-7.88],[110.039,-7.8825],[110.0415,-7.8825],[110.0415,-7.8815],[110.045,-7.869],[110.043,-7.868],[110.0425,-7.868],[110.043,-7.8675],[110.0515,-7.8435],[110.051,-7.8425]]]},"properties":{"code":"33.06.04.2001","name":"Dadirejo"}},{"type":"Feature","geometry":{"type":"Polygon","coordinates":[[[110.024,-7.832],[110.0235,-7.8355],[110.0235,-7.8365],[110.0385,-7.8415],[110.0415,-7.841],[110.044,-7.8425],[110.048,-7.843],[110.0505,-7.843],[110.051,-7.8425],[110.05,-7.8415],[110.0525,-7.8395],[110.0565,-7.839],[110.059,-7.8385],[110.0595,-7.8385],[110.0595,-7.8375],[110.0535,-7.8385],[110.053,-7.8385],[110.0525,-7.838],[110.048,-7.8345],[110.024,-7.832]]]},"properties":{"code":"33.06.04.2002","name":"Tlogokotes"}},{"type":"Feature","geometry":{"type":"Polygon","coordinates":[[[110.0235,-7.8365],[110.0145,-7.837],[110.014,-7.8375],[110.0085,-7.839],[110.007,-7.8405],[110.003,-7.841],[110.003,-7.8425],[110.004,-7.8435],[110.0065,-7.843],[110.009,-7.8425],[110.014,-7.8465],[110.0155,-7.846],[110.016,-7.8465],[110.015,-7.85],[110.017,-7.851],[110.019,-7.849],[110.021,-7.848],[110.022,-7.8485],[110.02,-7.853],[110.0205,-7.8545],[110.021,-7.855],[110.027,-7.856],[110.0305,-7.854],[110.038,-7.8495],[110.0415,-7.846],[110.041,-7.841],[110.0385,-7.8415],[110.0235,-7.8365]]]},"properties":{"code":"33.06.04.2003","name":"Bapangsari"}},{"type":"Feature","geometry":{"type":"Polygon","coordinates":[[[110.0075,-7.8275],[110.0045,-7.822],[110.0015,-7.8245],[110.0005,-7.8275],[110.0015,-7.832],[110.0015,-7.8355],[110.0035,-7.8365],[110.0085,-7.839],[110.014,-7.8375],[110.0145,-7.8365],[110.014,-7.836],[110.0135,-7.835],[110.0075,-7.8275]]]},"properties":{"code":"33.06.04.2004","name":"Bugel"}},{"type":"Feature","geometry":{"type":"Polygon","coordinates":[[[110.0285,-7.81],[110.027,-7.8105],[110.0225,-7.8115],[110.0195,-7.81],[110.0175,-7.8095],[110.017,-7.8055],[110.017,-7.807],[110.0155,-7.807],[110.0135,-7.8075],[110.0125,-7.8075],[110.012,-7.809],[110.0085,-7.814],[110.0075,-7.814],[110.004,-7.812],[109.999,-7.8145],[109.999,-7.8165],[110.0005,-7.8185],[110.0045,-7.8185],[110.005,-7.8205],[110.005,-7.8215],[110.0045,-7.822],[110.0075,-7.8275],[110.01,-7.83],[110.013,-7.8305],[110.0165,-7.8175],[110.0285,-7.81]]]},"properties":{"code":"33.06.04.2005","name":"Bagelen"}},{"type":"Feature","geometry":{"type":"Polygon","coordinates":[[[110.031,-7.812],[110.0295,-7.8115],[110.0285,-7.8105],[110.0285,-7.81],[110.0165,-7.8175],[110.013,-7.8305],[110.01,-7.83],[110.0075,-7.8275],[110.0135,-7.835],[110.014,-7.836],[110.0145,-7.8365],[110.0145,-7.837],[110.0235,-7.8365],[110.0235,-7.8355],[110.024,-7.832],[110.032,-7.821],[110.03,-7.821],[110.03,-7.817],[110.031,-7.812]]]},"properties":{"code":"33.06.04.2006","name":"Krendetan"}},{"type":"Feature","geometry":{"type":"Polygon","coordinates":[[[110.0605,-7.822],[110.0565,-7.8235],[110.054,-7.8245],[110.05,-7.825],[110.0325,-7.821],[110.032,-7.821],[110.024,-7.832],[110.048,-7.8345],[110.0525,-7.838],[110.0535,-7.8385],[110.0595,-7.8375],[110.059,-7.836],[110.0585,-7.8355],[110.059,-7.8255],[110.0605,-7.8225],[110.0605,-7.822]]]},"properties":{"code":"33.06.04.2007","name":"Somorejo"}},{"type":"Feature","geometry":{"type":"Polygon","coordinates":[[[110.065,-7.8115],[110.0555,-7.807],[110.032,-7.812],[110.031,-7.812],[110.03,-7.817],[110.03,-7.821],[110.0325,-7.821],[110.05,-7.825],[110.054,-7.8245],[110.0565,-7.8235],[110.0605,-7.822],[110.0605,-7.8215],[110.0615,-7.8215],[110.062,-7.819],[110.062,-7.8155],[110.063,-7.813],[110.063,-7.8125],[110.0635,-7.812],[110.064,-7.812],[110.065,-7.8115]]]},"properties":{"code":"33.06.04.2008","name":"Hargorojo"}},{"type":"Feature","geometry":{"type":"Polygon","coordinates":[[[110.0895,-7.7925],[110.074,-7.7835],[110.0735,-7.788],[110.0735,-7.7895],[110.0725,-7.797],[110.072,-7.799],[110.0715,-7.8005],[110.0705,-7.8015],[110.068,-7.803],[110.071,-7.8065],[110.0725,-7.8085],[110.073,-7.811],[110.081,-7.805],[110.0815,-7.804],[110.082,-7.804],[110.0835,-7.802],[110.0845,-7.801],[110.0895,-7.794],[110.0895,-7.7925]]]},"properties":{"code":"33.06.04.2009","name":"Durensari"}},{"type":"Feature","geometry":{"type":"Polygon","coordinates":[[[110.074,-7.7865],[110.066,-7.784],[110.0595,-7.781],[110.0575,-7.7805],[110.0555,-7.783],[110.0555,-7.7865],[110.0555,-7.792],[110.0545,-7.792],[110.055,-7.7925],[110.0585,-7.794],[110.0685,-7.8005],[110.069,-7.8005],[110.071,-7.801],[110.072,-7.799],[110.0725,-7.797],[110.0735,-7.7895],[110.074,-7.7865]]]},"properties":{"code":"33.06.04.2010","name":"Semono"}},{"type":"Feature","geometry":{"type":"Polygon","coordinates":[[[110.0545,-7.792],[110.052,-7.7915],[110.0485,-7.79],[110.044,-7.793],[110.0375,-7.7965],[110.0365,-7.7965],[110.0345,-7.797],[110.0315,-7.8025],[110.029,-7.8065],[110.0285,-7.81],[110.0285,-7.8105],[110.0295,-7.8115],[110.032,-7.812],[110.0555,-7.807],[110.065,-7.8115],[110.066,-7.8115],[110.072,-7.8105],[110.073,-7.811],[110.0725,-7.8085],[110.071,-7.8065],[110.068,-7.803],[110.0705,-7.8015],[110.071,-7.801],[110.069,-7.8005],[110.0685,-7.8005],[110.0585,-7.794],[110.055,-7.7925],[110.0545,-7.792]]]},"properties":{"code":"33.06.04.2011","name":"Sokoagung"}},{"type":"Feature","geometry":{"type":"Polygon","coordinates":[[[110.0345,-7.797],[110.0335,-7.797],[110.029,-7.795],[110.0285,-7.795],[110.0255,-7.7935],[110.0235,-7.7935],[110.0225,-7.794],[110.0225,-7.8],[110.0225,-7.8015],[110.017,-7.8055],[110.0175,-7.8095],[110.0195,-7.81],[110.0225,-7.8115],[110.027,-7.8105],[110.0285,-7.81],[110.029,-7.8065],[110.0315,-7.8025],[110.0345,-7.797]]]},"properties":{"code":"33.06.04.2012","name":"Kalirejo"}},{"type":"Feature","geometry":{"type":"Polygon","coordinates":[[[110.042,-7.789],[110.041,-7.79],[110.0385,-7.7895],[110.0225,-7.7875],[110.022,-7.7895],[110.0205,-7.7895],[110.019,-7.791],[110.022,-7.7925],[110.0235,-7.7935],[110.0255,-7.7935],[110.0285,-7.795],[110.029,-7.795],[110.0335,-7.797],[110.0365,-7.7965],[110.0375,-7.7965],[110.044,-7.793],[110.0465,-7.79],[110.044,-7.789],[110.042,-7.789]]]},"properties":{"code":"33.06.04.2013","name":"Clapar"}},{"type":"Feature","geometry":{"type":"Polygon","coordinates":[[[110.04,-7.7735],[110.0335,-7.7735],[110.0235,-7.7765],[110.023,-7.7785],[110.022,-7.7795],[110.0235,-7.7815],[110.0225,-7.7865],[110.0225,-7.7875],[110.0385,-7.7895],[110.041,-7.79],[110.042,-7.789],[110.0425,-7.787],[110.0415,-7.7815],[110.04,-7.7735]]]},"properties":{"code":"33.06.04.2014","name":"Soko"}},{"type":"Feature","geometry":{"type":"Polygon","coordinates":[[[110.059,-7.7775],[110.0495,-7.77],[110.046,-7.7715],[110.0425,-7.7735],[110.04,-7.7735],[110.0415,-7.7815],[110.0425,-7.787],[110.042,-7.789],[110.044,-7.789],[110.0465,-7.79],[110.0485,-7.79],[110.052,-7.7915],[110.0535,-7.7915],[110.055,-7.792],[110.0555,-7.792],[110.0555,-7.7865],[110.0555,-7.783],[110.0585,-7.7785],[110.059,-7.7775]]]},"properties":{"code":"33.06.04.2015","name":"Semagung"}},{"type":"Feature","geometry":{"type":"Polygon","coordinates":[[[110.047,-7.7705],[110.022,-7.7675],[110.0215,-7.767],[110.017,-7.7675],[110.016,-7.767],[110.016,-7.7675],[110.016,-7.7685],[110.0165,-7.7695],[110.0175,-7.7695],[110.019,-7.772],[110.0205,-7.7715],[110.022,-7.773],[110.0225,-7.774],[110.023,-7.7775],[110.0235,-7.7765],[110.0335,-7.7735],[110.039,-7.773],[110.0425,-7.7735],[110.046,-7.7715],[110.047,-7.7705]]]},"properties":{"code":"33.06.04.2016","name":"Piji"}},{"type":"Feature","geometry":{"type":"Polygon","coordinates":[[[110.0355,-7.7535],[110.0265,-7.7525],[110.0215,-7.766],[110.022,-7.7675],[110.047,-7.7705],[110.048,-7.7695],[110.0475,-7.758],[110.039,-7.7565],[110.0355,-7.7535]]]},"properties":{"code":"33.06.04.2017","name":"Kemanukan"}},{"type":"Feature","geometry":{"type":"Polygon","coordinates":[[[110.1025,-7.7785],[110.0875,-7.7615],[110.081,-7.764],[110.0745,-7.7695],[110.066,-7.7765],[110.059,-7.7775],[110.0585,-7.7785],[110.0575,-7.7805],[110.0595,-7.781],[110.066,-7.784],[110.074,-7.7865],[110.074,-7.7835],[110.0895,-7.7925],[110.0905,-7.79],[110.1025,-7.7785]]]},"properties":{"code":"33.06.05.2001","name":"Jatirejo"}},{"type":"Feature","geometry":{"type":"Polygon","coordinates":[[[110.0875,-7.7595],[110.068,-7.7535],[110.0675,-7.7545],[110.0635,-7.7565],[110.058,-7.7575],[110.054,-7.7575],[110.0475,-7.758],[110.048,-7.7695],[110.0495,-7.77],[110.059,-7.7775],[110.066,-7.7765],[110.0745,-7.7695],[110.081,-7.764],[110.0875,-7.7595]]]},"properties":{"code":"33.06.05.2002","name":"Somongari"}},{"type":"Feature","geometry":{"type":"Polygon","coordinates":[[[110.1195,-7.757],[110.1165,-7.745],[110.102,-7.7385],[110.101,-7.7405],[110.095,-7.746],[110.093,-7.7545],[110.0885,-7.759],[110.0875,-7.7595],[110.0875,-7.7615],[110.1025,-7.7785],[110.1105,-7.778],[110.1105,-7.7775],[110.1175,-7.759],[110.119,-7.7575],[110.1195,-7.7575],[110.1195,-7.757]]]},"properties":{"code":"33.06.05.2003","name":"Donorejo"}},{"type":"Feature","geometry":{"type":"Polygon","coordinates":[[[110.095,-7.746],[110.0865,-7.744],[110.082,-7.7425],[110.078,-7.7455],[110.069,-7.749],[110.068,-7.75],[110.0685,-7.752],[110.068,-7.7535],[110.0875,-7.7595],[110.0885,-7.759],[110.093,-7.7545],[110.095,-7.746]]]},"properties":{"code":"33.06.05.2004","name":"Hulosobo"}},{"type":"Feature","geometry":{"type":"Polygon","coordinates":[[[110.082,-7.7425],[110.0775,-7.74],[110.0745,-7.7385],[110.074,-7.7365],[110.0765,-7.728],[110.077,-7.727],[110.0675,-7.729],[110.064,-7.737],[110.064,-7.7375],[110.0645,-7.738],[110.0645,-7.741],[110.066,-7.7465],[110.0675,-7.749],[110.068,-7.75],[110.069,-7.749],[110.078,-7.7455],[110.082,-7.7425]]]},"properties":{"code":"33.06.05.2005","name":"Kaliharjo"}},{"type":"Feature","geometry":{"type":"Polygon","coordinates":[[[110.085,-7.7105],[110.0835,-7.7105],[110.0845,-7.711],[110.0855,-7.718],[110.083,-7.722],[110.0805,-7.7235],[110.077,-7.727],[110.0765,-7.728],[110.074,-7.7365],[110.0745,-7.7385],[110.0775,-7.74],[110.082,-7.7425],[110.0865,-7.744],[110.095,-7.746],[110.101,-7.7405],[110.102,-7.7385],[110.1015,-7.7305],[110.102,-7.7225],[110.1035,-7.717],[110.097,-7.7155],[110.093,-7.7155],[110.085,-7.7105]]]},"properties":{"code":"33.06.05.2006","name":"Kaligono"}},{"type":"Feature","geometry":{"type":"Polygon","coordinates":[[[110.107,-7.7165],[110.1055,-7.7165],[110.102,-7.7225],[110.1015,-7.7305],[110.102,-7.7385],[110.1165,-7.745],[110.1195,-7.757],[110.12,-7.7565],[110.1215,-7.755],[110.13,-7.748],[110.1305,-7.747],[110.129,-7.744],[110.13,-7.7405],[110.1305,-7.7395],[110.131,-7.7385],[110.128,-7.733],[110.126,-7.7315],[110.1245,-7.731],[110.1225,-7.73],[110.119,-7.7295],[110.1175,-7.729],[110.115,-7.7255],[110.1155,-7.72],[110.115,-7.72],[110.107,-7.7165]]]},"properties":{"code":"33.06.05.2007","name":"Tlogoguwo"}},{"type":"Feature","geometry":{"type":"Polygon","coordinates":[[[110.1225,-7.73],[110.124,-7.7305],[110.124,-7.7295],[110.132,-7.723],[110.134,-7.7195],[110.1285,-7.716],[110.128,-7.7165],[110.1255,-7.717],[110.1195,-7.7175],[110.1185,-7.718],[110.1165,-7.7195],[110.116,-7.7195],[110.1155,-7.72],[110.115,-7.7255],[110.1175,-7.729],[110.119,-7.7295],[110.1225,-7.73]]]},"properties":{"code":"33.06.05.2008","name":"Pandanrejo"}},{"type":"Feature","geometry":{"type":"Polygon","coordinates":[[[110.133,-7.6985],[110.1325,-7.6985],[110.132,-7.699],[110.131,-7.698],[110.1305,-7.6975],[110.129,-7.701],[110.128,-7.701],[110.126,-7.701],[110.1245,-7.7005],[110.123,-7.7015],[110.121,-7.704],[110.1175,-7.709],[110.1175,-7.7115],[110.1195,-7.7175],[110.1255,-7.717],[110.128,-7.7165],[110.1275,-7.7165],[110.13,-7.711],[110.13,-7.71],[110.131,-7.71],[110.1315,-7.7015],[110.133,-7.7],[110.133,-7.6995],[110.133,-7.6985]]]},"properties":{"code":"33.06.05.2009","name":"Tawangsari"}},{"type":"Feature","geometry":{"type":"Polygon","coordinates":[[[110.1245,-7.7005],[110.114,-7.691],[110.1125,-7.6945],[110.109,-7.698],[110.1085,-7.7005],[110.108,-7.702],[110.108,-7.7025],[110.109,-7.704],[110.1095,-7.706],[110.1095,-7.7075],[110.111,-7.706],[110.1225,-7.702],[110.123,-7.7015],[110.1245,-7.7005]]]},"properties":{"code":"33.06.05.2010","name":"Tlogobulu"}},{"type":"Feature","geometry":{"type":"Polygon","coordinates":[[[110.1225,-7.702],[110.111,-7.706],[110.1095,-7.7075],[110.109,-7.7075],[110.109,-7.708],[110.109,-7.7095],[110.107,-7.7165],[110.115,-7.72],[110.116,-7.7195],[110.1165,-7.7195],[110.1185,-7.718],[110.1195,-7.7175],[110.1175,-7.7115],[110.1175,-7.709],[110.121,-7.704],[110.1225,-7.702]]]},"properties":{"code":"33.06.05.2011","name":"Purbowono"}},{"type":"Feature","geometry":{"type":"Polygon","coordinates":[[[110.109,-7.707],[110.094,-7.7015],[110.0935,-7.702],[110.093,-7.7055],[110.0845,-7.706],[110.0855,-7.708],[110.085,-7.7105],[110.093,-7.7155],[110.097,-7.7155],[110.1035,-7.717],[110.1055,-7.7165],[110.107,-7.7165],[110.109,-7.7095],[110.109,-7.708],[110.109,-7.7075],[110.1095,-7.7075],[110.109,-7.707]]]},"properties":{"code":"33.06.05.2012","name":"Ngaran"}},{"type":"Feature","geometry":{"type":"Polygon","coordinates":[[[110.0835,-7.7105],[110.0815,-7.71],[110.0685,-7.7145],[110.063,-7.724],[110.062,-7.7275],[110.0675,-7.729],[110.077,-7.727],[110.0805,-7.7235],[110.083,-7.722],[110.0855,-7.718],[110.0845,-7.711],[110.0835,-7.7105]]]},"properties":{"code":"33.06.05.2013","name":"Kedunggubah"}},{"type":"Feature","geometry":{"type":"Polygon","coordinates":[[[110.075,-7.7105],[110.062,-7.7045],[110.06,-7.7055],[110.057,-7.7115],[110.052,-7.72],[110.0435,-7.722],[110.043,-7.722],[110.0445,-7.727],[110.0435,-7.727],[110.0445,-7.7275],[110.0445,-7.728],[110.0455,-7.7285],[110.0515,-7.7245],[110.054,-7.725],[110.062,-7.7275],[110.063,-7.724],[110.0685,-7.7145],[110.075,-7.7105]]]},"properties":{"code":"33.06.05.2014","name":"Jelok"}},{"type":"Feature","geometry":{"type":"Polygon","coordinates":[[[110.077,-7.6885],[110.0755,-7.689],[110.073,-7.691],[110.0735,-7.6925],[110.072,-7.695],[110.072,-7.6975],[110.075,-7.7105],[110.0815,-7.71],[110.085,-7.7105],[110.0855,-7.708],[110.0845,-7.706],[110.088,-7.697],[110.077,-7.6885]]]},"properties":{"code":"33.06.05.2015","name":"Tlogorejo"}},{"type":"Feature","geometry":{"type":"Polygon","coordinates":[[[110.0955,-7.699],[110.0935,-7.699],[110.088,-7.697],[110.0845,-7.706],[110.093,-7.7055],[110.0935,-7.702],[110.0955,-7.699]]]},"properties":{"code":"33.06.05.2016","name":"Gunungwangi"}},{"type":"Feature","geometry":{"type":"Polygon","coordinates":[[[110.098,-7.6855],[110.094,-7.6855],[110.093,-7.686],[110.0915,-7.686],[110.087,-7.6855],[110.083,-7.6855],[110.0815,-7.686],[110.077,-7.6885],[110.088,-7.697],[110.0935,-7.699],[110.0955,-7.699],[110.097,-7.6965],[110.101,-7.69],[110.1025,-7.686],[110.1,-7.6865],[110.098,-7.6855]]]},"properties":{"code":"33.06.05.2017","name":"Hardimulyo"}},{"type":"Feature","geometry":{"type":"Polygon","coordinates":[[[110.112,-7.6885],[110.1085,-7.6845],[110.1075,-7.684],[110.1055,-7.685],[110.1045,-7.6855],[110.1025,-7.686],[110.101,-7.69],[110.097,-7.6965],[110.0955,-7.699],[110.094,-7.7015],[110.109,-7.707],[110.1095,-7.706],[110.109,-7.704],[110.108,-7.7025],[110.108,-7.702],[110.1085,-7.7005],[110.109,-7.698],[110.1125,-7.6945],[110.113,-7.691],[110.112,-7.6885]]]},"properties":{"code":"33.06.05.2018","name":"Sudorogo"}},{"type":"Feature","geometry":{"type":"Polygon","coordinates":[[[110.124,-7.6865],[110.122,-7.6855],[110.112,-7.6885],[110.113,-7.691],[110.114,-7.691],[110.1245,-7.7005],[110.126,-7.701],[110.128,-7.701],[110.129,-7.701],[110.1305,-7.6975],[110.129,-7.696],[110.124,-7.6865]]]},"properties":{"code":"33.06.05.2019","name":"Sumowono"}},{"type":"Feature","geometry":{"type":"Polygon","coordinates":[[[110.1155,-7.6735],[110.113,-7.6735],[110.109,-7.677],[110.1075,-7.6775],[110.1075,-7.6825],[110.1075,-7.684],[110.1085,-7.6845],[110.112,-7.6885],[110.122,-7.6855],[110.124,-7.6865],[110.125,-7.686],[110.1265,-7.686],[110.1285,-7.685],[110.1285,-7.684],[110.128,-7.683],[110.1275,-7.683],[110.116,-7.6755],[110.1155,-7.6735]]]},"properties":{"code":"33.06.05.2020","name":"Ngadirejo"}},{"type":"Feature","geometry":{"type":"Polygon","coordinates":[[[110.1375,-7.6955],[110.1385,-7.6945],[110.1285,-7.683],[110.128,-7.683],[110.1285,-7.684],[110.1285,-7.685],[110.1265,-7.686],[110.125,-7.686],[110.124,-7.6865],[110.129,-7.696],[110.131,-7.698],[110.132,-7.699],[110.1325,-7.6985],[110.133,-7.6985],[110.133,-7.698],[110.134,-7.697],[110.1375,-7.6955]]]},"properties":{"code":"33.06.05.2021","name":"Pucungroto"}},{"type":"Feature","geometry":{"type":"Polygon","coordinates":[[[110.041,-7.7305],[110.036,-7.734],[110.0175,-7.7265],[110.017,-7.727],[110.021,-7.7395],[110.021,-7.7405],[110.0215,-7.742],[110.0225,-7.7415],[110.0265,-7.743],[110.027,-7.742],[110.0295,-7.742],[110.031,-7.7415],[110.0325,-7.7415],[110.034,-7.7425],[110.0365,-7.7395],[110.0375,-7.739],[110.039,-7.739],[110.039,-7.7375],[110.039,-7.735],[110.0405,-7.732],[110.041,-7.7305]]]},"properties":{"code":"33.06.06.1007","name":"Cangkrepkidul"}},{"type":"Feature","geometry":{"type":"Polygon","coordinates":[[[110.043,-7.722],[110.042,-7.723],[110.036,-7.7225],[110.028,-7.722],[110.0185,-7.723],[110.0175,-7.726],[110.0175,-7.7265],[110.036,-7.734],[110.041,-7.7305],[110.0415,-7.729],[110.043,-7.7275],[110.0445,-7.727],[110.043,-7.722]]]},"properties":{"code":"33.06.06.1008","name":"Cangkreplor"}},{"type":"Feature","geometry":{"type":"Polygon","coordinates":[[[110.0315,-7.717],[110.0315,-7.7135],[110.03,-7.712],[110.0325,-7.711],[110.032,-7.71],[110.03,-7.709],[110.027,-7.7095],[110.0265,-7.709],[110.026,-7.7085],[110.025,-7.71],[110.023,-7.7125],[110.0205,-7.7165],[110.0195,-7.7175],[110.0185,-7.7175],[110.018,-7.7235],[110.0185,-7.723],[110.028,-7.722],[110.0295,-7.722],[110.031,-7.717],[110.0315,-7.717]]]},"properties":{"code":"33.06.06.1010","name":"Tambakrejo"}},{"type":"Feature","geometry":{"type":"Polygon","coordinates":[[[110.0185,-7.7175],[110.0175,-7.7175],[110.0155,-7.7175],[110.0115,-7.722],[110.0065,-7.7235],[110.006,-7.7245],[110.006,-7.726],[110.011,-7.729],[110.01,-7.732],[110.007,-7.734],[110.0075,-7.736],[110.0075,-7.738],[110.0075,-7.7385],[110.0065,-7.7395],[110.007,-7.743],[110.007,-7.7445],[110.0105,-7.745],[110.014,-7.745],[110.02,-7.7385],[110.021,-7.7395],[110.017,-7.727],[110.0175,-7.726],[110.0185,-7.723],[110.018,-7.7235],[110.0185,-7.7175]]]},"properties":{"code":"33.06.06.1011","name":"Kedungsari"}},{"type":"Feature","geometry":{"type":"Polygon","coordinates":[[[110.0135,-7.7195],[110.0105,-7.718],[110.0075,-7.718],[110.007,-7.7175],[110.0065,-7.7185],[110.0055,-7.72],[110.004,-7.7255],[109.989,-7.729],[109.9885,-7.73],[109.988,-7.7315],[109.988,-7.734],[109.9905,-7.7365],[109.9965,-7.7365],[110.0015,-7.7355],[110.002,-7.737],[110.0045,-7.7375],[110.006,-7.737],[110.0075,-7.737],[110.0075,-7.736],[110.007,-7.734],[110.01,-7.732],[110.011,-7.729],[110.006,-7.726],[110.006,-7.7245],[110.0065,-7.7235],[110.0115,-7.722],[110.0135,-7.7195]]]},"properties":{"code":"33.06.06.1012","name":"Pangenrejo"}},{"type":"Feature","geometry":{"type":"Polygon","coordinates":[[[110.0055,-7.716],[110.0035,-7.7145],[110.0035,-7.7155],[110.003,-7.716],[109.9995,-7.716],[109.9975,-7.72],[109.9935,-7.7205],[109.988,-7.725],[109.989,-7.7255],[109.9885,-7.7265],[109.9875,-7.729],[109.988,-7.73],[109.9885,-7.73],[109.9885,-7.7295],[109.989,-7.729],[110.004,-7.7255],[110.0055,-7.72],[110.006,-7.719],[110.007,-7.7175],[110.0055,-7.716]]]},"properties":{"code":"33.06.06.1013","name":"Pangenjurutengah"}},{"type":"Feature","geometry":{"type":"Polygon","coordinates":[[[110.0035,-7.7145],[110.002,-7.714],[109.9975,-7.712],[109.9945,-7.71],[109.993,-7.708],[109.992,-7.7065],[109.991,-7.7065],[109.992,-7.709],[109.991,-7.7095],[109.99,-7.711],[109.9885,-7.7145],[109.986,-7.7175],[109.9905,-7.72],[109.99,-7.722],[109.991,-7.722],[109.991,-7.7225],[109.991,-7.723],[109.9975,-7.72],[109.9995,-7.716],[110.003,-7.716],[110.0035,-7.7155],[110.0035,-7.7145]]]},"properties":{"code":"33.06.06.1014","name":"Doplang"}},{"type":"Feature","geometry":{"type":"Polygon","coordinates":[[[110.0045,-7.707],[110.004,-7.7075],[109.993,-7.706],[109.993,-7.7055],[109.992,-7.706],[109.992,-7.7065],[109.9915,-7.7065],[109.991,-7.7065],[109.992,-7.7065],[109.993,-7.708],[109.9945,-7.71],[109.9975,-7.712],[110.002,-7.714],[110.0055,-7.716],[110.0105,-7.709],[110.007,-7.706],[110.0045,-7.707]]]},"properties":{"code":"33.06.06.1015","name":"Sindurjan"}},{"type":"Feature","geometry":{"type":"Polygon","coordinates":[[[110.0005,-7.701],[109.9945,-7.7005],[109.9935,-7.7015],[109.991,-7.7035],[109.991,-7.703],[109.991,-7.7045],[109.9915,-7.706],[109.9915,-7.7055],[109.993,-7.706],[110.004,-7.7075],[110.0045,-7.707],[110.004,-7.706],[110.0015,-7.703],[110.0005,-7.701]]]},"properties":{"code":"33.06.06.1016","name":"Paduroso"}},{"type":"Feature","geometry":{"type":"Polygon","coordinates":[[[110.015,-7.699],[110.0145,-7.699],[110.0125,-7.7],[110.0095,-7.7005],[110.01,-7.704],[110.007,-7.706],[110.0105,-7.709],[110.0055,-7.716],[110.007,-7.7175],[110.0075,-7.718],[110.0105,-7.718],[110.0135,-7.7195],[110.0145,-7.7185],[110.0135,-7.718],[110.022,-7.705],[110.019,-7.702],[110.0175,-7.7015],[110.015,-7.699]]]},"properties":{"code":"33.06.06.1017","name":"Purworejo"}},{"type":"Feature","geometry":{"type":"Polygon","coordinates":[[[110.008,-7.6935],[110.0055,-7.693],[110.003,-7.6905],[109.9995,-7.6965],[110,-7.6985],[110.0005,-7.7005],[110.0015,-7.703],[110.004,-7.706],[110.0045,-7.707],[110.01,-7.704],[110.0095,-7.7005],[110.009,-7.7],[110.008,-7.699],[110.008,-7.6945],[110.0075,-7.694],[110.008,-7.6935]]]},"properties":{"code":"33.06.06.1018","name":"Mranti"}},{"type":"Feature","geometry":{"type":"Polygon","coordinates":[[[110.015,-7.69],[110.014,-7.6885],[110.013,-7.688],[110.011,-7.6895],[110.011,-7.6905],[110.0085,-7.694],[110.008,-7.6935],[110.0075,-7.694],[110.008,-7.6945],[110.008,-7.699],[110.009,-7.7],[110.0125,-7.7],[110.0145,-7.699],[110.015,-7.6985],[110.018,-7.6935],[110.018,-7.693],[110.0185,-7.6925],[110.018,-7.693],[110.0145,-7.6915],[110.015,-7.69]]]},"properties":{"code":"33.06.06.1019","name":"Mudal"}},{"type":"Feature","geometry":{"type":"Polygon","coordinates":[[[110.026,-7.6895],[110.023,-7.689],[110.0215,-7.6895],[110.0205,-7.6915],[110.0185,-7.6925],[110.018,-7.693],[110.018,-7.6935],[110.015,-7.6985],[110.015,-7.699],[110.0175,-7.7015],[110.018,-7.701],[110.0195,-7.701],[110.019,-7.7005],[110.0185,-7.6995],[110.0205,-7.6995],[110.0265,-7.6995],[110.0295,-7.6965],[110.026,-7.6895]]]},"properties":{"code":"33.06.06.1020","name":"Keseneng"}},{"type":"Feature","geometry":{"type":"Polygon","coordinates":[[[110.033,-7.7045],[110.03,-7.7005],[110.0265,-7.6995],[110.0205,-7.6995],[110.0185,-7.6995],[110.019,-7.7005],[110.0195,-7.701],[110.018,-7.701],[110.0175,-7.7015],[110.019,-7.702],[110.022,-7.705],[110.0135,-7.718],[110.0145,-7.7185],[110.0155,-7.7175],[110.0175,-7.7175],[110.0195,-7.7175],[110.0205,-7.7165],[110.023,-7.7125],[110.025,-7.71],[110.0265,-7.7085],[110.031,-7.7065],[110.032,-7.705],[110.033,-7.7045]]]},"properties":{"code":"33.06.06.1021","name":"Baledono"}},{"type":"Feature","geometry":{"type":"Polygon","coordinates":[[[110.064,-7.7435],[110.0425,-7.741],[110.0415,-7.7435],[110.0355,-7.7535],[110.039,-7.7565],[110.054,-7.7575],[110.058,-7.7575],[110.0635,-7.7565],[110.0675,-7.7545],[110.0685,-7.752],[110.068,-7.75],[110.0675,-7.749],[110.066,-7.7465],[110.064,-7.7435]]]},"properties":{"code":"33.06.06.2001","name":"Pacekelan"}},{"type":"Feature","geometry":{"type":"Polygon","coordinates":[[[110.064,-7.7375],[110.063,-7.7375],[110.053,-7.7345],[110.043,-7.74],[110.0425,-7.741],[110.064,-7.7435],[110.0645,-7.741],[110.0645,-7.738],[110.064,-7.7375]]]},"properties":{"code":"33.06.06.2002","name":"Plipir"}},{"type":"Feature","geometry":{"type":"Polygon","coordinates":[[[110.062,-7.7275],[110.054,-7.725],[110.0515,-7.7245],[110.0455,-7.7285],[110.0445,-7.728],[110.0445,-7.7275],[110.0435,-7.727],[110.043,-7.7275],[110.0415,-7.729],[110.041,-7.7305],[110.0405,-7.732],[110.039,-7.735],[110.039,-7.7375],[110.039,-7.738],[110.039,-7.739],[110.0425,-7.7415],[110.043,-7.74],[110.053,-7.7345],[110.063,-7.7375],[110.064,-7.737],[110.0675,-7.729],[110.062,-7.7275]]]},"properties":{"code":"33.06.06.2003","name":"Brenggong"}},{"type":"Feature","geometry":{"type":"Polygon","coordinates":[[[110.039,-7.739],[110.0375,-7.739],[110.0365,-7.7395],[110.034,-7.7425],[110.0325,-7.7415],[110.031,-7.7415],[110.0295,-7.742],[110.027,-7.742],[110.025,-7.745],[110.024,-7.7455],[110.0265,-7.7525],[110.0355,-7.7535],[110.0415,-7.7435],[110.0425,-7.7415],[110.039,-7.739]]]},"properties":{"code":"33.06.06.2004","name":"Ganggeng"}},{"type":"Feature","geometry":{"type":"Polygon","coordinates":[[[110.021,-7.7415],[110.02,-7.745],[110.02,-7.746],[110.0155,-7.752],[110.0145,-7.755],[110.011,-7.7665],[110.0145,-7.7665],[110.017,-7.7675],[110.0215,-7.767],[110.0215,-7.766],[110.0265,-7.7525],[110.024,-7.7455],[110.0265,-7.743],[110.0225,-7.7415],[110.0215,-7.742],[110.021,-7.7415]]]},"properties":{"code":"33.06.06.2005","name":"Semawung"}},{"type":"Feature","geometry":{"type":"Polygon","coordinates":[[[110.021,-7.7405],[110.02,-7.7385],[110.014,-7.745],[110.0105,-7.745],[110.0095,-7.745],[110.012,-7.7525],[110.011,-7.7535],[110.0135,-7.754],[110.0155,-7.752],[110.02,-7.746],[110.02,-7.745],[110.021,-7.7415],[110.021,-7.7405]]]},"properties":{"code":"33.06.06.2006","name":"Wonoroto"}},{"type":"Feature","geometry":{"type":"Polygon","coordinates":[[[110.057,-7.7115],[110.039,-7.7135],[110.036,-7.7145],[110.033,-7.717],[110.031,-7.717],[110.0295,-7.722],[110.036,-7.7225],[110.042,-7.723],[110.0435,-7.722],[110.052,-7.72],[110.057,-7.7115]]]},"properties":{"code":"33.06.06.2009","name":"Sidorejo"}},{"type":"Feature","geometry":{"type":"Polygon","coordinates":[[[110.0515,-7.6985],[110.037,-7.6875],[110.0375,-7.688],[110.036,-7.6915],[110.036,-7.6955],[110.034,-7.6985],[110.037,-7.699],[110.0385,-7.701],[110.039,-7.7025],[110.043,-7.703],[110.045,-7.7025],[110.0475,-7.7015],[110.0515,-7.6985]]]},"properties":{"code":"33.06.06.2022","name":"Wonotulus"}},{"type":"Feature","geometry":{"type":"Polygon","coordinates":[[[110.056,-7.699],[110.052,-7.6985],[110.0475,-7.7015],[110.045,-7.7025],[110.043,-7.703],[110.039,-7.7025],[110.0385,-7.704],[110.0335,-7.7035],[110.032,-7.705],[110.031,-7.7065],[110.026,-7.7085],[110.0265,-7.709],[110.027,-7.7095],[110.03,-7.709],[110.032,-7.71],[110.0325,-7.711],[110.03,-7.712],[110.0315,-7.7135],[110.0315,-7.717],[110.033,-7.717],[110.036,-7.7145],[110.039,-7.7135],[110.057,-7.7115],[110.06,-7.7055],[110.061,-7.7045],[110.0595,-7.6985],[110.056,-7.699]]]},"properties":{"code":"33.06.06.2023","name":"Sidomulyo"}},{"type":"Feature","geometry":{"type":"Polygon","coordinates":[[[110.072,-7.6955],[110.0595,-7.6985],[110.061,-7.7045],[110.062,-7.7045],[110.075,-7.7105],[110.072,-7.6975],[110.072,-7.6955]]]},"properties":{"code":"33.06.06.2024","name":"Sudimoro"}},{"type":"Feature","geometry":{"type":"Polygon","coordinates":[[[110.063,-7.6855],[110.053,-7.6855],[110.0545,-7.6925],[110.056,-7.699],[110.0595,-7.6985],[110.072,-7.6955],[110.072,-7.695],[110.0735,-7.6925],[110.073,-7.691],[110.0715,-7.6895],[110.063,-7.6855]]]},"properties":{"code":"33.06.06.2025","name":"Donorati"}},{"type":"Feature","geometry":{"type":"Polygon","coordinates":[[[110.0075,-7.737],[110.006,-7.737],[110.0045,-7.7375],[110.002,-7.737],[110.0015,-7.7355],[109.9965,-7.7365],[109.9905,-7.7365],[109.991,-7.7405],[109.99,-7.741],[109.992,-7.7465],[109.992,-7.747],[109.9935,-7.747],[109.994,-7.7445],[110.003,-7.749],[110.0045,-7.7495],[110.0065,-7.7455],[110.007,-7.743],[110.0065,-7.7395],[110.0075,-7.7385],[110.0075,-7.737]]]},"properties":{"code":"33.06.07.1010","name":"Borokulon"}},{"type":"Feature","geometry":{"type":"Polygon","coordinates":[[[109.98,-7.7215],[109.98,-7.7195],[109.975,-7.7205],[109.973,-7.72],[109.9715,-7.722],[109.97,-7.7285],[109.972,-7.729],[109.973,-7.73],[109.9755,-7.7305],[109.9775,-7.73],[109.982,-7.733],[109.9815,-7.735],[109.9825,-7.736],[109.985,-7.737],[109.9855,-7.736],[109.988,-7.734],[109.988,-7.7315],[109.9885,-7.7295],[109.9885,-7.73],[109.988,-7.73],[109.9875,-7.729],[109.9885,-7.7265],[109.989,-7.7255],[109.988,-7.725],[109.988,-7.7255],[109.98,-7.7215]]]},"properties":{"code":"33.06.07.1026","name":"Kledungkradenan"}},{"type":"Feature","geometry":{"type":"MultiPolygon","coordinates":[[[[109.985,-7.711],[109.9805,-7.7115],[109.98,-7.713],[109.981,-7.713],[109.982,-7.715],[109.981,-7.719],[109.98,-7.7215],[109.988,-7.7255],[109.991,-7.723],[109.991,-7.7225],[109.991,-7.722],[109.99,-7.722],[109.9905,-7.72],[109.986,-7.7175],[109.986,-7.7155],[109.985,-7.711]]],[[[109.9855,-7.702],[109.9845,-7.702],[109.984,-7.7005],[109.9825,-7.6985],[109.982,-7.699],[109.988,-7.709],[109.989,-7.71],[109.9905,-7.71],[109.991,-7.7095],[109.992,-7.709],[109.991,-7.707],[109.9915,-7.7065],[109.992,-7.7065],[109.992,-7.706],[109.993,-7.7055],[109.9915,-7.7055],[109.9915,-7.706],[109.991,-7.7045],[109.991,-7.703],[109.989,-7.702],[109.9865,-7.703],[109.9855,-7.702]]]]},"properties":{"code":"33.06.07.1027","name":"Kledung Karangdalem"}},{"type":"Feature","geometry":{"type":"Polygon","coordinates":[[[109.9455,-7.763],[109.94,-7.7625],[109.94,-7.763],[109.9395,-7.768],[109.939,-7.7685],[109.9375,-7.768],[109.9375,-7.7685],[109.939,-7.7795],[109.9375,-7.785],[109.9375,-7.786],[109.94,-7.787],[109.9445,-7.788],[109.946,-7.7855],[109.949,-7.7715],[109.949,-7.7705],[109.9455,-7.763]]]},"properties":{"code":"33.06.07.2001","name":"Seborokrapyak"}},{"type":"Feature","geometry":{"type":"Polygon","coordinates":[[[109.958,-7.7685],[109.957,-7.7685],[109.9565,-7.768],[109.9565,-7.7685],[109.9555,-7.768],[109.953,-7.7685],[109.9525,-7.768],[109.951,-7.7705],[109.9505,-7.771],[109.9495,-7.772],[109.9495,-7.7715],[109.949,-7.7715],[109.946,-7.7855],[109.948,-7.7825],[109.9495,-7.783],[109.953,-7.7855],[109.9545,-7.783],[109.9605,-7.7745],[109.961,-7.774],[109.962,-7.7735],[109.9625,-7.773],[109.963,-7.7715],[109.964,-7.7715],[109.9635,-7.7705],[109.9615,-7.7695],[109.958,-7.769],[109.958,-7.7685]]]},"properties":{"code":"33.06.07.2002","name":"Triwarno"}},{"type":"Feature","geometry":{"type":"Polygon","coordinates":[[[109.966,-7.7695],[109.966,-7.769],[109.966,-7.7695],[109.9645,-7.7705],[109.964,-7.7715],[109.963,-7.7715],[109.9625,-7.773],[109.962,-7.7735],[109.961,-7.774],[109.9605,-7.7745],[109.9545,-7.783],[109.9535,-7.785],[109.9585,-7.785],[109.959,-7.785],[109.962,-7.7835],[109.9635,-7.784],[109.965,-7.7835],[109.9655,-7.784],[109.9665,-7.7845],[109.962,-7.7775],[109.9625,-7.777],[109.966,-7.7695]]]},"properties":{"code":"33.06.07.2003","name":"Bajangrejo"}},{"type":"Feature","geometry":{"type":"Polygon","coordinates":[[[109.972,-7.7705],[109.969,-7.77],[109.968,-7.768],[109.966,-7.7695],[109.9625,-7.777],[109.962,-7.7775],[109.9665,-7.7845],[109.9685,-7.788],[109.97,-7.788],[109.971,-7.7875],[109.971,-7.7845],[109.976,-7.775],[109.9755,-7.774],[109.975,-7.7735],[109.972,-7.7705]]]},"properties":{"code":"33.06.07.2004","name":"Bencorejo"}},{"type":"Feature","geometry":{"type":"Polygon","coordinates":[[[109.9905,-7.7645],[109.99,-7.7635],[109.9895,-7.763],[109.987,-7.762],[109.9865,-7.762],[109.9855,-7.7615],[109.9855,-7.762],[109.984,-7.762],[109.9805,-7.7645],[109.978,-7.767],[109.9765,-7.7685],[109.972,-7.7705],[109.975,-7.7735],[109.9755,-7.774],[109.976,-7.775],[109.978,-7.7775],[109.9815,-7.7775],[109.989,-7.7715],[109.9895,-7.769],[109.99,-7.7665],[109.99,-7.7655],[109.9905,-7.765],[109.9905,-7.7645]]]},"properties":{"code":"33.06.07.2005","name":"Surorejo"}},{"type":"Feature","geometry":{"type":"Polygon","coordinates":[[[109.99,-7.7655],[109.99,-7.7665],[109.9895,-7.769],[109.989,-7.7725],[109.9875,-7.7795],[109.9905,-7.78],[109.9995,-7.78],[110.002,-7.7795],[110.0025,-7.779],[110.0055,-7.78],[110.0045,-7.7785],[110.006,-7.778],[110.0055,-7.7775],[110.004,-7.776],[110.0035,-7.775],[109.9955,-7.7705],[109.995,-7.77],[109.994,-7.7695],[109.9935,-7.7675],[109.992,-7.767],[109.992,-7.766],[109.99,-7.7655]]]},"properties":{"code":"33.06.07.2006","name":"Wangunrejo"}},{"type":"Feature","geometry":{"type":"Polygon","coordinates":[[[110.011,-7.7665],[109.9955,-7.7695],[109.995,-7.77],[109.9955,-7.7705],[110.0035,-7.775],[110.004,-7.776],[110.0055,-7.7775],[110.0065,-7.778],[110.014,-7.782],[110.022,-7.7795],[110.023,-7.7785],[110.023,-7.7775],[110.0225,-7.774],[110.022,-7.773],[110.0205,-7.7715],[110.019,-7.772],[110.0175,-7.7695],[110.0165,-7.7695],[110.016,-7.7685],[110.016,-7.7675],[110.016,-7.767],[110.0145,-7.7665],[110.011,-7.7665]]]},"properties":{"code":"33.06.07.2007","name":"Cengkawakrejo"}},{"type":"Feature","geometry":{"type":"Polygon","coordinates":[[[110.0135,-7.754],[110.0105,-7.755],[109.993,-7.7595],[109.9925,-7.7605],[109.9905,-7.763],[109.9905,-7.7645],[109.9905,-7.765],[109.99,-7.7655],[109.992,-7.766],[109.992,-7.767],[109.9935,-7.7675],[109.994,-7.7695],[109.9955,-7.7695],[110.011,-7.7665],[110.0145,-7.755],[110.0135,-7.754]]]},"properties":{"code":"33.06.07.2008","name":"Popongan"}},{"type":"Feature","geometry":{"type":"Polygon","coordinates":[[[110.007,-7.7445],[110.0065,-7.7455],[110.0045,-7.7495],[110.003,-7.749],[109.994,-7.7445],[109.9935,-7.747],[109.992,-7.747],[109.992,-7.7475],[109.9935,-7.758],[109.993,-7.7595],[110.0105,-7.755],[110.011,-7.7535],[110.012,-7.7525],[110.0095,-7.745],[110.007,-7.7445]]]},"properties":{"code":"33.06.07.2009","name":"Borowetan"}},{"type":"Feature","geometry":{"type":"Polygon","coordinates":[[[109.99,-7.741],[109.988,-7.741],[109.9875,-7.741],[109.9875,-7.7415],[109.9865,-7.7475],[109.985,-7.749],[109.9855,-7.749],[109.9865,-7.7505],[109.986,-7.753],[109.987,-7.7535],[109.9855,-7.761],[109.9855,-7.7615],[109.9865,-7.762],[109.987,-7.762],[109.9895,-7.763],[109.99,-7.7635],[109.9905,-7.763],[109.9925,-7.7605],[109.9935,-7.758],[109.992,-7.7475],[109.992,-7.7465],[109.99,-7.741]]]},"properties":{"code":"33.06.07.2011","name":"Tegalrejo"}},{"type":"Feature","geometry":{"type":"Polygon","coordinates":[[[109.986,-7.753],[109.973,-7.7555],[109.9705,-7.761],[109.9705,-7.762],[109.97,-7.7635],[109.9715,-7.766],[109.9755,-7.7655],[109.977,-7.765],[109.984,-7.762],[109.9855,-7.762],[109.9855,-7.761],[109.987,-7.7535],[109.986,-7.753]]]},"properties":{"code":"33.06.07.2012","name":"Banyuurip"}},{"type":"Feature","geometry":{"type":"Polygon","coordinates":[[[109.97,-7.7635],[109.9695,-7.7635],[109.9695,-7.762],[109.9675,-7.7635],[109.967,-7.7625],[109.9625,-7.759],[109.958,-7.767],[109.958,-7.769],[109.9615,-7.7695],[109.9635,-7.7705],[109.9645,-7.7705],[109.966,-7.7695],[109.966,-7.769],[109.966,-7.7695],[109.968,-7.768],[109.969,-7.77],[109.972,-7.7705],[109.9765,-7.7685],[109.978,-7.767],[109.9805,-7.7645],[109.977,-7.765],[109.9755,-7.7655],[109.9715,-7.766],[109.97,-7.7635]]]},"properties":{"code":"33.06.07.2013","name":"Malangrejo"}},{"type":"Feature","geometry":{"type":"Polygon","coordinates":[[[109.9625,-7.759],[109.963,-7.7575],[109.9635,-7.756],[109.9625,-7.7495],[109.962,-7.75],[109.961,-7.7515],[109.957,-7.755],[109.9525,-7.763],[109.952,-7.7675],[109.953,-7.7685],[109.9555,-7.768],[109.9565,-7.7685],[109.9565,-7.768],[109.957,-7.7685],[109.958,-7.7685],[109.958,-7.767],[109.9625,-7.759]]]},"properties":{"code":"33.06.07.2014","name":"Tegalkuning"}},{"type":"Feature","geometry":{"type":"Polygon","coordinates":[[[109.957,-7.755],[109.955,-7.755],[109.9525,-7.7555],[109.9525,-7.756],[109.952,-7.7565],[109.9465,-7.7625],[109.9455,-7.763],[109.949,-7.7705],[109.9495,-7.7715],[109.9495,-7.772],[109.9505,-7.771],[109.951,-7.7705],[109.9525,-7.768],[109.952,-7.7675],[109.9525,-7.763],[109.957,-7.755]]]},"properties":{"code":"33.06.07.2015","name":"Kliwonan"}},{"type":"Feature","geometry":{"type":"Polygon","coordinates":[[[109.952,-7.752],[109.9415,-7.756],[109.94,-7.7625],[109.9465,-7.7625],[109.952,-7.7565],[109.9525,-7.756],[109.9525,-7.7545],[109.953,-7.754],[109.952,-7.752]]]},"properties":{"code":"33.06.07.2016","name":"Kertosono"}},{"type":"Feature","geometry":{"type":"Polygon","coordinates":[[[109.9535,-7.7445],[109.9525,-7.7445],[109.951,-7.7445],[109.9495,-7.742],[109.949,-7.741],[109.9475,-7.7405],[109.9475,-7.741],[109.947,-7.7415],[109.946,-7.742],[109.9445,-7.742],[109.936,-7.744],[109.936,-7.7445],[109.939,-7.753],[109.939,-7.755],[109.9415,-7.756],[109.952,-7.752],[109.9525,-7.75],[109.9535,-7.748],[109.9535,-7.7445]]]},"properties":{"code":"33.06.07.2017","name":"Tanjunganom"}},{"type":"Feature","geometry":{"type":"Polygon","coordinates":[[[109.9625,-7.749],[109.962,-7.7485],[109.9615,-7.749],[109.9605,-7.7485],[109.959,-7.747],[109.9555,-7.7465],[109.9555,-7.744],[109.955,-7.7445],[109.9535,-7.7445],[109.9535,-7.748],[109.9525,-7.75],[109.952,-7.752],[109.953,-7.754],[109.9525,-7.7555],[109.955,-7.755],[109.957,-7.755],[109.961,-7.7515],[109.962,-7.75],[109.9625,-7.749]]]},"properties":{"code":"33.06.07.2018","name":"Sawit"}},{"type":"Feature","geometry":{"type":"Polygon","coordinates":[[[109.981,-7.749],[109.979,-7.75],[109.978,-7.75],[109.978,-7.749],[109.9665,-7.7475],[109.966,-7.7475],[109.9655,-7.747],[109.965,-7.7475],[109.9625,-7.7485],[109.9625,-7.7495],[109.9635,-7.756],[109.963,-7.7575],[109.9625,-7.759],[109.967,-7.7625],[109.9675,-7.7635],[109.9695,-7.762],[109.9695,-7.7635],[109.9705,-7.762],[109.9705,-7.761],[109.973,-7.7555],[109.986,-7.753],[109.9865,-7.7505],[109.9855,-7.749],[109.985,-7.749],[109.9855,-7.748],[109.9835,-7.7485],[109.9815,-7.7495],[109.981,-7.749]]]},"properties":{"code":"33.06.07.2019","name":"Sumbersari"}},{"type":"Feature","geometry":{"type":"Polygon","coordinates":[[[109.9905,-7.7365],[109.988,-7.734],[109.9855,-7.736],[109.9845,-7.7385],[109.982,-7.7465],[109.9815,-7.7495],[109.9835,-7.7485],[109.9855,-7.748],[109.9865,-7.7475],[109.9875,-7.7415],[109.9875,-7.741],[109.988,-7.741],[109.99,-7.741],[109.991,-7.7405],[109.9905,-7.7365]]]},"properties":{"code":"33.06.07.2020","name":"Pakisrejo"}},{"type":"Feature","geometry":{"type":"Polygon","coordinates":[[[109.982,-7.734],[109.969,-7.739],[109.9675,-7.7405],[109.9655,-7.7455],[109.9655,-7.747],[109.966,-7.7475],[109.9665,-7.7475],[109.978,-7.749],[109.978,-7.75],[109.979,-7.75],[109.981,-7.749],[109.982,-7.7465],[109.9845,-7.7385],[109.985,-7.737],[109.9825,-7.736],[109.9815,-7.735],[109.982,-7.734]]]},"properties":{"code":"33.06.07.2021","name":"Candingasinan"}},{"type":"Feature","geometry":{"type":"Polygon","coordinates":[[[109.9675,-7.7405],[109.9675,-7.739],[109.9625,-7.7355],[109.9615,-7.736],[109.961,-7.738],[109.9605,-7.74],[109.958,-7.7405],[109.957,-7.741],[109.956,-7.743],[109.9555,-7.743],[109.9555,-7.7465],[109.959,-7.747],[109.9605,-7.7485],[109.9615,-7.749],[109.962,-7.7485],[109.9625,-7.749],[109.9625,-7.7485],[109.965,-7.7475],[109.9655,-7.7455],[109.9675,-7.7405]]]},"properties":{"code":"33.06.07.2022","name":"Sokowaten"}},{"type":"Feature","geometry":{"type":"Polygon","coordinates":[[[109.9595,-7.7345],[109.9575,-7.735],[109.9535,-7.736],[109.9525,-7.733],[109.9515,-7.734],[109.95,-7.7345],[109.948,-7.7395],[109.9475,-7.7405],[109.949,-7.741],[109.9495,-7.742],[109.951,-7.7445],[109.9525,-7.7445],[109.955,-7.7445],[109.9555,-7.744],[109.9555,-7.743],[109.956,-7.743],[109.957,-7.741],[109.958,-7.7405],[109.9605,-7.74],[109.961,-7.738],[109.9615,-7.736],[109.9595,-7.7345]]]},"properties":{"code":"33.06.07.2023","name":"Golok"}},{"type":"Feature","geometry":{"type":"Polygon","coordinates":[[[109.9715,-7.722],[109.968,-7.7225],[109.965,-7.7225],[109.964,-7.7235],[109.9615,-7.724],[109.961,-7.7245],[109.9605,-7.7245],[109.96,-7.7255],[109.9555,-7.726],[109.9555,-7.7265],[109.96,-7.734],[109.9595,-7.7345],[109.962,-7.734],[109.9625,-7.7345],[109.9645,-7.7315],[109.969,-7.73],[109.97,-7.7285],[109.9715,-7.722]]]},"properties":{"code":"33.06.07.2024","name":"Candisari"}},{"type":"Feature","geometry":{"type":"Polygon","coordinates":[[[109.982,-7.734],[109.982,-7.733],[109.9775,-7.73],[109.9755,-7.7305],[109.973,-7.73],[109.972,-7.729],[109.969,-7.73],[109.9645,-7.7315],[109.9625,-7.7345],[109.962,-7.734],[109.9625,-7.7355],[109.9675,-7.739],[109.969,-7.739],[109.982,-7.734]]]},"properties":{"code":"33.06.07.2025","name":"Condongsari"}},{"type":"Feature","geometry":{"type":"Polygon","coordinates":[[[109.9825,-7.692],[109.976,-7.691],[109.9765,-7.691],[109.975,-7.692],[109.975,-7.693],[109.975,-7.6945],[109.973,-7.695],[109.9735,-7.695],[109.974,-7.695],[109.973,-7.6965],[109.973,-7.699],[109.9685,-7.702],[109.966,-7.7015],[109.9625,-7.7065],[109.963,-7.708],[109.963,-7.7085],[109.969,-7.7135],[109.9705,-7.717],[109.9715,-7.718],[109.9725,-7.719],[109.975,-7.7205],[109.98,-7.7195],[109.981,-7.719],[109.982,-7.715],[109.981,-7.713],[109.98,-7.713],[109.9805,-7.7115],[109.985,-7.711],[109.986,-7.7155],[109.9885,-7.7145],[109.99,-7.711],[109.9905,-7.71],[109.989,-7.71],[109.988,-7.709],[109.982,-7.699],[109.983,-7.698],[109.983,-7.696],[109.9825,-7.692]]]},"properties":{"code":"33.06.08.1020","name":"Sucenjurutengah"}},{"type":"Feature","geometry":{"type":"Polygon","coordinates":[[[109.92,-7.768],[109.918,-7.7645],[109.9175,-7.7645],[109.9155,-7.7645],[109.9145,-7.767],[109.913,-7.7745],[109.913,-7.777],[109.911,-7.777],[109.911,-7.778],[109.912,-7.781],[109.9125,-7.7815],[109.913,-7.7805],[109.9135,-7.7805],[109.916,-7.779],[109.9205,-7.7685],[109.92,-7.768]]]},"properties":{"code":"33.06.08.2001","name":"Jono"}},{"type":"Feature","geometry":{"type":"Polygon","coordinates":[[[109.9325,-7.769],[109.932,-7.7685],[109.9315,-7.768],[109.932,-7.767],[109.931,-7.767],[109.9225,-7.7655],[109.922,-7.766],[109.92,-7.768],[109.9205,-7.7685],[109.9175,-7.7755],[109.9215,-7.7775],[109.923,-7.778],[109.923,-7.777],[109.9325,-7.7695],[109.9325,-7.769]]]},"properties":{"code":"33.06.08.2002","name":"Pogungjurutengah"}},{"type":"Feature","geometry":{"type":"Polygon","coordinates":[[[109.9375,-7.7685],[109.937,-7.7675],[109.9355,-7.7655],[109.935,-7.7665],[109.935,-7.767],[109.9345,-7.7675],[109.934,-7.767],[109.9335,-7.7675],[109.9335,-7.767],[109.9325,-7.7685],[109.9325,-7.7695],[109.923,-7.777],[109.9245,-7.778],[109.9255,-7.7795],[109.9285,-7.779],[109.939,-7.7795],[109.9375,-7.7685]]]},"properties":{"code":"33.06.08.2003","name":"Pogungrejo"}},{"type":"Feature","geometry":{"type":"Polygon","coordinates":[[[109.9415,-7.756],[109.939,-7.755],[109.9375,-7.755],[109.934,-7.7585],[109.933,-7.7625],[109.934,-7.767],[109.9345,-7.7675],[109.935,-7.767],[109.935,-7.7665],[109.9355,-7.7655],[109.937,-7.7675],[109.9375,-7.768],[109.939,-7.7685],[109.9395,-7.768],[109.94,-7.763],[109.94,-7.7625],[109.9415,-7.756]]]},"properties":{"code":"33.06.08.2004","name":"Banjarejo"}},{"type":"Feature","geometry":{"type":"Polygon","coordinates":[[[109.933,-7.7625],[109.9315,-7.7595],[109.9225,-7.76],[109.9225,-7.7645],[109.923,-7.7645],[109.9225,-7.7655],[109.931,-7.767],[109.932,-7.767],[109.9315,-7.768],[109.932,-7.7685],[109.9325,-7.769],[109.9325,-7.7685],[109.9335,-7.767],[109.9335,-7.7675],[109.934,-7.767],[109.933,-7.7625]]]},"properties":{"code":"33.06.08.2005","name":"Pogungkalangan"}},{"type":"Feature","geometry":{"type":"Polygon","coordinates":[[[109.92,-7.7545],[109.919,-7.7535],[109.917,-7.755],[109.918,-7.7555],[109.9145,-7.7545],[109.9145,-7.7565],[109.916,-7.7605],[109.915,-7.7605],[109.9145,-7.761],[109.9145,-7.762],[109.916,-7.764],[109.9155,-7.7645],[109.9175,-7.7645],[109.918,-7.7645],[109.92,-7.768],[109.922,-7.766],[109.923,-7.7645],[109.9225,-7.7645],[109.923,-7.7605],[109.9215,-7.7605],[109.92,-7.759],[109.92,-7.7545]]]},"properties":{"code":"33.06.08.2006","name":"Ketiwijayan"}},{"type":"Feature","geometry":{"type":"Polygon","coordinates":[[[109.9335,-7.7585],[109.929,-7.749],[109.927,-7.748],[109.9265,-7.7485],[109.926,-7.748],[109.925,-7.7475],[109.9225,-7.747],[109.9225,-7.749],[109.922,-7.7495],[109.9215,-7.7495],[109.92,-7.7505],[109.9205,-7.751],[109.9215,-7.753],[109.92,-7.7545],[109.92,-7.759],[109.9215,-7.7605],[109.923,-7.7605],[109.9225,-7.76],[109.9315,-7.7595],[109.9335,-7.7585]]]},"properties":{"code":"33.06.08.2007","name":"Krandegan"}},{"type":"Feature","geometry":{"type":"Polygon","coordinates":[[[109.936,-7.7445],[109.9295,-7.7435],[109.924,-7.7425],[109.9225,-7.7465],[109.9225,-7.747],[109.925,-7.7475],[109.926,-7.748],[109.9265,-7.7485],[109.927,-7.748],[109.929,-7.749],[109.9335,-7.7585],[109.934,-7.7585],[109.9375,-7.755],[109.939,-7.753],[109.936,-7.7445]]]},"properties":{"code":"33.06.08.2008","name":"Tanjungrejo"}},{"type":"Feature","geometry":{"type":"Polygon","coordinates":[[[109.951,-7.734],[109.951,-7.7335],[109.952,-7.732],[109.95,-7.73],[109.949,-7.73],[109.949,-7.7305],[109.9475,-7.731],[109.9375,-7.739],[109.9255,-7.7375],[109.925,-7.74],[109.924,-7.7395],[109.9235,-7.742],[109.9295,-7.7435],[109.936,-7.7445],[109.936,-7.744],[109.9445,-7.742],[109.946,-7.742],[109.947,-7.7415],[109.9475,-7.741],[109.948,-7.7405],[109.948,-7.7395],[109.95,-7.7345],[109.951,-7.734]]]},"properties":{"code":"33.06.08.2009","name":"Dewi"}},{"type":"Feature","geometry":{"type":"MultiPolygon","coordinates":[[[[109.918,-7.7395],[109.9135,-7.7385],[109.914,-7.739],[109.9145,-7.739],[109.9145,-7.74],[109.914,-7.7415],[109.9185,-7.7425],[109.9185,-7.7485],[109.92,-7.7505],[109.9215,-7.7495],[109.922,-7.7495],[109.9225,-7.749],[109.9225,-7.7465],[109.924,-7.7425],[109.9235,-7.742],[109.924,-7.7395],[109.92,-7.739],[109.919,-7.739],[109.918,-7.7395]]],[[[109.913,-7.7405],[109.913,-7.7395],[109.913,-7.739],[109.913,-7.738],[109.912,-7.738],[109.91,-7.7375],[109.913,-7.7405]]]]},"properties":{"code":"33.06.08.2010","name":"Tangkisan"}},{"type":"Feature","geometry":{"type":"Polygon","coordinates":[[[109.9165,-7.728],[109.916,-7.7275],[109.9125,-7.7285],[109.911,-7.7285],[109.911,-7.732],[109.908,-7.736],[109.9085,-7.7375],[109.9095,-7.7375],[109.909,-7.7365],[109.9095,-7.7375],[109.91,-7.7375],[109.912,-7.738],[109.9145,-7.739],[109.918,-7.7395],[109.919,-7.739],[109.9165,-7.728]]]},"properties":{"code":"33.06.08.2011","name":"Jatingarang"}},{"type":"Feature","geometry":{"type":"Polygon","coordinates":[[[109.923,-7.7395],[109.924,-7.714],[109.9225,-7.716],[109.9195,-7.717],[109.92,-7.7185],[109.919,-7.726],[109.9165,-7.728],[109.919,-7.739],[109.92,-7.739],[109.923,-7.7395]]]},"properties":{"code":"33.06.08.2012","name":"Bandungkidul"}},{"type":"Feature","geometry":{"type":"Polygon","coordinates":[[[109.933,-7.7145],[109.928,-7.711],[109.9235,-7.7085],[109.9225,-7.71],[109.925,-7.713],[109.924,-7.714],[109.923,-7.7395],[109.925,-7.74],[109.9255,-7.736],[109.9265,-7.7315],[109.9255,-7.7305],[109.9325,-7.715],[109.933,-7.715],[109.933,-7.7145]]]},"properties":{"code":"33.06.08.2013","name":"Bandungrejo"}},{"type":"Feature","geometry":{"type":"Polygon","coordinates":[[[109.935,-7.7145],[109.933,-7.7145],[109.933,-7.715],[109.9325,-7.715],[109.9255,-7.7305],[109.927,-7.732],[109.931,-7.73],[109.9315,-7.7285],[109.9345,-7.7255],[109.9355,-7.7235],[109.9355,-7.723],[109.935,-7.7215],[109.935,-7.721],[109.935,-7.7145]]]},"properties":{"code":"33.06.08.2014","name":"Besole"}},{"type":"Feature","geometry":{"type":"Polygon","coordinates":[[[109.95,-7.73],[109.9495,-7.73],[109.949,-7.7295],[109.948,-7.729],[109.947,-7.727],[109.9455,-7.7285],[109.945,-7.7295],[109.946,-7.7305],[109.9315,-7.73],[109.931,-7.73],[109.927,-7.732],[109.9265,-7.7315],[109.9255,-7.736],[109.9255,-7.7375],[109.9375,-7.739],[109.9475,-7.731],[109.949,-7.7305],[109.949,-7.73],[109.95,-7.73]]]},"properties":{"code":"33.06.08.2015","name":"Botorejo"}},{"type":"Feature","geometry":{"type":"Polygon","coordinates":[[[109.9445,-7.7225],[109.938,-7.722],[109.935,-7.7215],[109.9355,-7.723],[109.9355,-7.7235],[109.9345,-7.7255],[109.9315,-7.7285],[109.9315,-7.73],[109.946,-7.7305],[109.945,-7.7295],[109.9455,-7.7285],[109.946,-7.7275],[109.9455,-7.7275],[109.9445,-7.726],[109.9445,-7.7225]]]},"properties":{"code":"33.06.08.2016","name":"Botodaleman"}},{"type":"Feature","geometry":{"type":"Polygon","coordinates":[[[109.9555,-7.726],[109.955,-7.726],[109.955,-7.7255],[109.954,-7.7255],[109.9525,-7.7245],[109.9445,-7.7225],[109.9445,-7.726],[109.9455,-7.7275],[109.946,-7.7275],[109.947,-7.727],[109.948,-7.729],[109.949,-7.7295],[109.9495,-7.73],[109.95,-7.73],[109.951,-7.7305],[109.952,-7.732],[109.951,-7.7335],[109.951,-7.734],[109.952,-7.733],[109.9525,-7.733],[109.9535,-7.736],[109.9575,-7.735],[109.96,-7.734],[109.9555,-7.7265],[109.9555,-7.726]]]},"properties":{"code":"33.06.08.2017","name":"Dukuhrejo"}},{"type":"Feature","geometry":{"type":"Polygon","coordinates":[[[109.9605,-7.7135],[109.9605,-7.713],[109.9485,-7.715],[109.9465,-7.7155],[109.945,-7.7155],[109.9445,-7.716],[109.9445,-7.7225],[109.9525,-7.7245],[109.954,-7.7255],[109.955,-7.7255],[109.955,-7.726],[109.9555,-7.726],[109.96,-7.7255],[109.961,-7.7235],[109.961,-7.714],[109.9605,-7.7135]]]},"properties":{"code":"33.06.08.2018","name":"Grantung"}},{"type":"Feature","geometry":{"type":"Polygon","coordinates":[[[109.963,-7.708],[109.962,-7.709],[109.961,-7.71],[109.9605,-7.7135],[109.961,-7.714],[109.961,-7.7235],[109.9605,-7.7245],[109.961,-7.7245],[109.9615,-7.724],[109.964,-7.7235],[109.965,-7.7225],[109.968,-7.7225],[109.9715,-7.722],[109.973,-7.72],[109.9725,-7.719],[109.9715,-7.718],[109.9705,-7.717],[109.969,-7.7135],[109.963,-7.7085],[109.963,-7.708]]]},"properties":{"code":"33.06.08.2019","name":"Kalimiru"}},{"type":"Feature","geometry":{"type":"Polygon","coordinates":[[[109.9625,-7.7065],[109.944,-7.7065],[109.9435,-7.7075],[109.9415,-7.7105],[109.9435,-7.7105],[109.9445,-7.7115],[109.9445,-7.7155],[109.945,-7.7155],[109.9465,-7.7155],[109.9485,-7.715],[109.9605,-7.713],[109.9605,-7.7135],[109.961,-7.71],[109.962,-7.709],[109.9625,-7.7065]]]},"properties":{"code":"33.06.08.2021","name":"Bringin"}},{"type":"Feature","geometry":{"type":"Polygon","coordinates":[[[109.9445,-7.7155],[109.9445,-7.7115],[109.9435,-7.7105],[109.941,-7.7105],[109.935,-7.7145],[109.935,-7.721],[109.938,-7.722],[109.9445,-7.7225],[109.9445,-7.716],[109.9445,-7.7155]]]},"properties":{"code":"33.06.08.2022","name":"Bayan"}},{"type":"Feature","geometry":{"type":"Polygon","coordinates":[[[109.949,-7.6985],[109.9345,-7.692],[109.9295,-7.699],[109.9265,-7.7015],[109.922,-7.704],[109.9235,-7.7085],[109.928,-7.711],[109.933,-7.7145],[109.935,-7.7145],[109.941,-7.7105],[109.9415,-7.7105],[109.9435,-7.7075],[109.944,-7.705],[109.9485,-7.699],[109.949,-7.6985]]]},"properties":{"code":"33.06.08.2023","name":"Pekutan"}},{"type":"Feature","geometry":{"type":"Polygon","coordinates":[[[109.96,-7.6945],[109.956,-7.693],[109.9535,-7.694],[109.9515,-7.696],[109.9515,-7.697],[109.9505,-7.698],[109.9495,-7.698],[109.9485,-7.699],[109.944,-7.705],[109.944,-7.7065],[109.9625,-7.7065],[109.966,-7.7015],[109.966,-7.7005],[109.96,-7.6945]]]},"properties":{"code":"33.06.08.2024","name":"Jrakah"}},{"type":"Feature","geometry":{"type":"Polygon","coordinates":[[[109.976,-7.691],[109.966,-7.6885],[109.9625,-7.687],[109.961,-7.6875],[109.961,-7.688],[109.96,-7.6945],[109.966,-7.7005],[109.9685,-7.702],[109.973,-7.699],[109.973,-7.6965],[109.974,-7.695],[109.9735,-7.695],[109.973,-7.695],[109.975,-7.6945],[109.975,-7.693],[109.975,-7.692],[109.9765,-7.691],[109.976,-7.691]]]},"properties":{"code":"33.06.08.2025","name":"Sambeng"}},{"type":"Feature","geometry":{"type":"Polygon","coordinates":[[[109.9485,-7.6725],[109.948,-7.6725],[109.9475,-7.672],[109.9465,-7.673],[109.9445,-7.673],[109.94,-7.676],[109.939,-7.6805],[109.936,-7.69],[109.9375,-7.691],[109.9365,-7.6915],[109.9345,-7.692],[109.949,-7.6985],[109.9495,-7.698],[109.9505,-7.698],[109.9515,-7.697],[109.9515,-7.696],[109.9535,-7.694],[109.956,-7.693],[109.96,-7.6945],[109.961,-7.688],[109.9615,-7.683],[109.961,-7.6825],[109.9605,-7.6825],[109.958,-7.6825],[109.9565,-7.6825],[109.9525,-7.6815],[109.951,-7.681],[109.9485,-7.6815],[109.9505,-7.6785],[109.951,-7.676],[109.9495,-7.675],[109.9485,-7.674],[109.9485,-7.673],[109.9485,-7.6725]]]},"properties":{"code":"33.06.08.2026","name":"Pucangagung"}},{"type":"Feature","geometry":{"type":"Polygon","coordinates":[[[109.9,-7.7255],[109.899,-7.7255],[109.895,-7.725],[109.892,-7.725],[109.889,-7.7265],[109.889,-7.7285],[109.8895,-7.7385],[109.8945,-7.74],[109.896,-7.74],[109.8965,-7.7385],[109.9,-7.7255]]]},"properties":{"code":"33.06.09.1009","name":"Bayem"}},{"type":"Feature","geometry":{"type":"Polygon","coordinates":[[[109.9025,-7.738],[109.9055,-7.733],[109.9035,-7.7315],[109.9055,-7.724],[109.902,-7.725],[109.902,-7.7255],[109.9,-7.7255],[109.8965,-7.7385],[109.896,-7.74],[109.8945,-7.74],[109.9005,-7.7465],[109.9005,-7.743],[109.8985,-7.7395],[109.9025,-7.738]]]},"properties":{"code":"33.06.09.1010","name":"Semawung Kembaran"}},{"type":"Feature","geometry":{"type":"Polygon","coordinates":[[[109.9105,-7.726],[109.907,-7.7255],[109.906,-7.724],[109.9055,-7.724],[109.9035,-7.7315],[109.9055,-7.733],[109.9025,-7.738],[109.905,-7.7375],[109.9035,-7.747],[109.906,-7.748],[109.9065,-7.747],[109.9075,-7.7475],[109.9075,-7.747],[109.9055,-7.7465],[109.9065,-7.74],[109.908,-7.7385],[109.9085,-7.7375],[109.908,-7.736],[109.911,-7.732],[109.9105,-7.7285],[109.9105,-7.726]]]},"properties":{"code":"33.06.09.1014","name":"Semawung Daleman"}},{"type":"Feature","geometry":{"type":"Polygon","coordinates":[[[109.9235,-7.7085],[109.922,-7.704],[109.9195,-7.7055],[109.9175,-7.7085],[109.915,-7.71],[109.916,-7.71],[109.9175,-7.7105],[109.917,-7.712],[109.9175,-7.7215],[109.919,-7.726],[109.92,-7.7185],[109.9195,-7.717],[109.9225,-7.716],[109.925,-7.713],[109.9225,-7.71],[109.9235,-7.7085]]]},"properties":{"code":"33.06.09.1015","name":"Bandung"}},{"type":"Feature","geometry":{"type":"Polygon","coordinates":[[[109.915,-7.71],[109.9145,-7.7105],[109.913,-7.71],[109.91,-7.707],[109.9085,-7.709],[109.908,-7.7095],[109.907,-7.713],[109.9075,-7.715],[109.9055,-7.7185],[109.905,-7.7205],[109.9035,-7.7245],[109.906,-7.724],[109.907,-7.7255],[109.9105,-7.726],[109.9105,-7.7285],[109.911,-7.7285],[109.9125,-7.7285],[109.916,-7.7275],[109.9165,-7.728],[109.9175,-7.7215],[109.917,-7.712],[109.9175,-7.7105],[109.916,-7.71],[109.915,-7.71]]]},"properties":{"code":"33.06.09.1016","name":"Kutoarjo"}},{"type":"Feature","geometry":{"type":"Polygon","coordinates":[[[109.9055,-7.7175],[109.895,-7.713],[109.8935,-7.713],[109.893,-7.7225],[109.8935,-7.7235],[109.8935,-7.725],[109.895,-7.725],[109.899,-7.7255],[109.902,-7.7255],[109.902,-7.725],[109.9035,-7.7245],[109.905,-7.7205],[109.9055,-7.7185],[109.9055,-7.7175]]]},"properties":{"code":"33.06.09.1017","name":"Katerban"}},{"type":"Feature","geometry":{"type":"Polygon","coordinates":[[[109.903,-7.762],[109.8995,-7.762],[109.899,-7.762],[109.899,-7.763],[109.9005,-7.764],[109.901,-7.7655],[109.8985,-7.767],[109.8995,-7.7675],[109.9015,-7.7755],[109.903,-7.777],[109.9055,-7.7735],[109.9115,-7.7735],[109.912,-7.772],[109.91,-7.771],[109.907,-7.768],[109.907,-7.766],[109.906,-7.7665],[109.903,-7.764],[109.903,-7.7625],[109.903,-7.762]]]},"properties":{"code":"33.06.09.2001","name":"Kebondalem"}},{"type":"Feature","geometry":{"type":"Polygon","coordinates":[[[109.9145,-7.767],[109.907,-7.765],[109.9065,-7.7655],[109.907,-7.7655],[109.907,-7.768],[109.91,-7.771],[109.912,-7.772],[109.912,-7.7715],[109.913,-7.7745],[109.9145,-7.767]]]},"properties":{"code":"33.06.09.2002","name":"Tuntungpait"}},{"type":"Feature","geometry":{"type":"Polygon","coordinates":[[[109.9145,-7.7565],[109.914,-7.758],[109.911,-7.7575],[109.91,-7.7565],[109.9085,-7.7575],[109.903,-7.762],[109.903,-7.7625],[109.903,-7.764],[109.906,-7.7665],[109.907,-7.766],[109.907,-7.7655],[109.9065,-7.7655],[109.907,-7.765],[109.9145,-7.767],[109.9145,-7.765],[109.916,-7.764],[109.9145,-7.762],[109.9145,-7.761],[109.915,-7.7605],[109.916,-7.7605],[109.9145,-7.7565]]]},"properties":{"code":"33.06.09.2003","name":"Kiyangkongrejo"}},{"type":"Feature","geometry":{"type":"Polygon","coordinates":[[[109.8945,-7.74],[109.8895,-7.7385],[109.892,-7.741],[109.8915,-7.7435],[109.8915,-7.744],[109.8915,-7.746],[109.891,-7.7475],[109.89,-7.7535],[109.894,-7.761],[109.895,-7.761],[109.898,-7.7625],[109.898,-7.762],[109.8995,-7.762],[109.903,-7.762],[109.9085,-7.7575],[109.909,-7.757],[109.9055,-7.753],[109.9055,-7.7525],[109.9015,-7.7515],[109.901,-7.748],[109.9005,-7.7465],[109.8945,-7.74]]]},"properties":{"code":"33.06.09.2004","name":"Suren"}},{"type":"Feature","geometry":{"type":"Polygon","coordinates":[[[109.899,-7.762],[109.898,-7.762],[109.898,-7.7625],[109.895,-7.761],[109.894,-7.761],[109.8895,-7.7625],[109.8885,-7.762],[109.8875,-7.7625],[109.8855,-7.763],[109.884,-7.769],[109.8845,-7.769],[109.8915,-7.7695],[109.893,-7.7685],[109.8975,-7.769],[109.898,-7.768],[109.899,-7.767],[109.8985,-7.767],[109.901,-7.7655],[109.9005,-7.764],[109.899,-7.763],[109.899,-7.762]]]},"properties":{"code":"33.06.09.2005","name":"Karangwuluh"}},{"type":"Feature","geometry":{"type":"Polygon","coordinates":[[[109.89,-7.7535],[109.881,-7.753],[109.8785,-7.7535],[109.8765,-7.754],[109.877,-7.7575],[109.8775,-7.76],[109.8785,-7.7625],[109.8845,-7.763],[109.8875,-7.7625],[109.8885,-7.762],[109.8895,-7.7625],[109.894,-7.761],[109.89,-7.7535]]]},"properties":{"code":"33.06.09.2006","name":"Purwosari"}},{"type":"Feature","geometry":{"type":"Polygon","coordinates":[[[109.89,-7.7535],[109.891,-7.7475],[109.8915,-7.746],[109.8915,-7.744],[109.8915,-7.7435],[109.8905,-7.7435],[109.8895,-7.7445],[109.8875,-7.7445],[109.8855,-7.745],[109.8845,-7.7455],[109.8835,-7.7455],[109.8835,-7.7465],[109.878,-7.7465],[109.878,-7.7475],[109.8775,-7.7535],[109.8785,-7.7535],[109.881,-7.753],[109.89,-7.7535]]]},"properties":{"code":"33.06.09.2007","name":"Kepuh"}},{"type":"Feature","geometry":{"type":"Polygon","coordinates":[[[109.8895,-7.7385],[109.889,-7.7285],[109.889,-7.7265],[109.8865,-7.7265],[109.8855,-7.727],[109.884,-7.728],[109.883,-7.7305],[109.882,-7.7345],[109.884,-7.742],[109.8835,-7.7455],[109.8845,-7.7455],[109.8855,-7.745],[109.8875,-7.7445],[109.8895,-7.7445],[109.8905,-7.7435],[109.8915,-7.7435],[109.892,-7.741],[109.8895,-7.7385]]]},"properties":{"code":"33.06.09.2008","name":"Majir"}},{"type":"Feature","geometry":{"type":"Polygon","coordinates":[[[109.906,-7.748],[109.9035,-7.747],[109.905,-7.7375],[109.8985,-7.7395],[109.9005,-7.743],[109.901,-7.748],[109.9015,-7.7515],[109.9055,-7.7525],[109.905,-7.7515],[109.906,-7.748]]]},"properties":{"code":"33.06.09.2011","name":"Kuwurejo"}},{"type":"Feature","geometry":{"type":"Polygon","coordinates":[[[109.9185,-7.7485],[109.9165,-7.747],[109.913,-7.7465],[109.909,-7.747],[109.9075,-7.747],[109.9075,-7.7475],[109.9065,-7.747],[109.905,-7.7515],[109.9055,-7.753],[109.909,-7.757],[109.91,-7.7565],[109.911,-7.7575],[109.914,-7.758],[109.9145,-7.7545],[109.918,-7.7555],[109.917,-7.755],[109.919,-7.7535],[109.92,-7.7545],[109.9215,-7.753],[109.9205,-7.751],[109.9185,-7.7485]]]},"properties":{"code":"33.06.09.2012","name":"Pringgowijayan"}},{"type":"Feature","geometry":{"type":"Polygon","coordinates":[[[109.91,-7.7375],[109.9095,-7.7375],[109.9085,-7.7375],[109.908,-7.7385],[109.9065,-7.74],[109.9055,-7.7465],[109.909,-7.747],[109.913,-7.7465],[109.9165,-7.747],[109.9185,-7.7485],[109.9185,-7.7425],[109.914,-7.7415],[109.9145,-7.74],[109.9145,-7.739],[109.914,-7.739],[109.9135,-7.7385],[109.913,-7.738],[109.913,-7.739],[109.913,-7.7395],[109.913,-7.7405],[109.91,-7.7375]]]},"properties":{"code":"33.06.09.2013","name":"Sidarum"}},{"type":"Feature","geometry":{"type":"Polygon","coordinates":[[[109.905,-7.7025],[109.9045,-7.7025],[109.9025,-7.7025],[109.9025,-7.703],[109.9015,-7.703],[109.8935,-7.711],[109.8935,-7.712],[109.8935,-7.713],[109.895,-7.713],[109.9055,-7.7175],[109.9075,-7.715],[109.907,-7.713],[109.908,-7.7095],[109.9085,-7.709],[109.91,-7.707],[109.9095,-7.706],[109.905,-7.7025]]]},"properties":{"code":"33.06.09.2018","name":"Pacor"}},{"type":"Feature","geometry":{"type":"Polygon","coordinates":[[[109.902,-7.701],[109.892,-7.7],[109.8915,-7.7025],[109.8895,-7.704],[109.888,-7.7065],[109.8915,-7.7105],[109.8935,-7.7115],[109.8935,-7.711],[109.9015,-7.703],[109.902,-7.703],[109.902,-7.7025],[109.902,-7.701]]]},"properties":{"code":"33.06.09.2019","name":"Tunggorono"}},{"type":"Feature","geometry":{"type":"Polygon","coordinates":[[[109.9055,-7.685],[109.9025,-7.685],[109.9015,-7.685],[109.9015,-7.6855],[109.9015,-7.6885],[109.9005,-7.6885],[109.902,-7.689],[109.9015,-7.6905],[109.901,-7.69],[109.902,-7.701],[109.902,-7.7025],[109.902,-7.703],[109.9025,-7.703],[109.9025,-7.7025],[109.9045,-7.7025],[109.9075,-7.7],[109.91,-7.697],[109.911,-7.6945],[109.9055,-7.686],[109.9055,-7.685]]]},"properties":{"code":"33.06.09.2020","name":"Tepus Kulon"}},{"type":"Feature","geometry":{"type":"Polygon","coordinates":[[[109.9155,-7.7045],[109.9105,-7.6965],[109.91,-7.697],[109.9075,-7.7],[109.905,-7.7025],[109.9095,-7.706],[109.91,-7.707],[109.913,-7.71],[109.9145,-7.7105],[109.916,-7.7095],[109.9175,-7.7085],[109.9195,-7.7055],[109.9155,-7.7045]]]},"properties":{"code":"33.06.09.2021","name":"Sokoharjo"}},{"type":"Feature","geometry":{"type":"Polygon","coordinates":[[[109.9155,-7.7045],[109.9155,-7.6915],[109.914,-7.691],[109.9125,-7.6935],[109.911,-7.6955],[109.9105,-7.6965],[109.9155,-7.7045]]]},"properties":{"code":"33.06.09.2022","name":"Kemadu Lor"}},{"type":"Feature","geometry":{"type":"Polygon","coordinates":[[[109.924,-7.6915],[109.915,-7.6885],[109.9145,-7.69],[109.914,-7.6905],[109.914,-7.691],[109.9155,-7.6915],[109.9155,-7.7045],[109.9195,-7.7055],[109.9225,-7.7035],[109.9265,-7.7015],[109.9295,-7.699],[109.9345,-7.692],[109.9335,-7.691],[109.9325,-7.691],[109.924,-7.6915]]]},"properties":{"code":"33.06.09.2023","name":"Kaligesing"}},{"type":"Feature","geometry":{"type":"Polygon","coordinates":[[[109.9065,-7.6805],[109.906,-7.6825],[109.9055,-7.686],[109.911,-7.6945],[109.911,-7.6955],[109.9125,-7.6935],[109.914,-7.6905],[109.9145,-7.69],[109.915,-7.688],[109.9125,-7.686],[109.908,-7.683],[109.9095,-7.681],[109.9065,-7.6805]]]},"properties":{"code":"33.06.09.2024","name":"Tepus Wetan"}},{"type":"Feature","geometry":{"type":"Polygon","coordinates":[[[109.9265,-7.6725],[109.923,-7.6735],[109.921,-7.6725],[109.9145,-7.6755],[109.9135,-7.675],[109.9125,-7.6755],[109.9115,-7.6765],[109.9115,-7.6785],[109.913,-7.6785],[109.915,-7.68],[109.913,-7.682],[109.912,-7.6815],[109.9105,-7.683],[109.911,-7.683],[109.9115,-7.683],[109.9135,-7.6835],[109.912,-7.685],[109.9125,-7.686],[109.915,-7.688],[109.915,-7.6885],[109.924,-7.6915],[109.925,-7.689],[109.9255,-7.6875],[109.9255,-7.6805],[109.926,-7.679],[109.926,-7.676],[109.9265,-7.6735],[109.9265,-7.6725]]]},"properties":{"code":"33.06.09.2025","name":"Wirun"}},{"type":"Feature","geometry":{"type":"Polygon","coordinates":[[[109.9255,-7.6805],[109.9255,-7.6875],[109.925,-7.689],[109.924,-7.6915],[109.9325,-7.691],[109.9335,-7.691],[109.9345,-7.692],[109.9365,-7.6915],[109.9375,-7.691],[109.936,-7.69],[109.939,-7.6805],[109.9255,-7.6805]]]},"properties":{"code":"33.06.09.2026","name":"Karangrejo"}},{"type":"Feature","geometry":{"type":"Polygon","coordinates":[[[109.94,-7.676],[109.9325,-7.67],[109.9325,-7.6685],[109.928,-7.6685],[109.9275,-7.671],[109.9265,-7.6735],[109.926,-7.676],[109.926,-7.679],[109.9255,-7.6805],[109.939,-7.6805],[109.94,-7.676]]]},"properties":{"code":"33.06.09.2027","name":"Tursino"}},{"type":"Feature","geometry":{"type":"Polygon","coordinates":[[[109.853,-7.7775],[109.8445,-7.7735],[109.8445,-7.776],[109.8425,-7.7845],[109.841,-7.791],[109.8515,-7.787],[109.8545,-7.7785],[109.853,-7.7775]]]},"properties":{"code":"33.06.10.2001","name":"Kedungmulyo"}},{"type":"Feature","geometry":{"type":"Polygon","coordinates":[[[109.8415,-7.7735],[109.8395,-7.7735],[109.836,-7.7855],[109.8415,-7.7845],[109.8445,-7.776],[109.8445,-7.7735],[109.8415,-7.7735]]]},"properties":{"code":"33.06.10.2002","name":"Mangunjayan"}},{"type":"Feature","geometry":{"type":"Polygon","coordinates":[[[109.841,-7.7675],[109.838,-7.768],[109.838,-7.7675],[109.8345,-7.7675],[109.835,-7.773],[109.8395,-7.7735],[109.8415,-7.7735],[109.841,-7.7675]]]},"properties":{"code":"33.06.10.2003","name":"Karanganom"}},{"type":"Feature","geometry":{"type":"Polygon","coordinates":[[[109.8455,-7.7625],[109.843,-7.7635],[109.8405,-7.7635],[109.8405,-7.7665],[109.841,-7.7665],[109.8415,-7.7735],[109.8445,-7.7735],[109.8445,-7.7655],[109.8455,-7.7655],[109.8455,-7.7625]]]},"properties":{"code":"33.06.10.2004","name":"Tanjunganom"}},{"type":"Feature","geometry":{"type":"Polygon","coordinates":[[[109.853,-7.7715],[109.848,-7.7655],[109.8445,-7.7655],[109.8445,-7.7735],[109.853,-7.7775],[109.853,-7.7715]]]},"properties":{"code":"33.06.10.2005","name":"Sidomulyo"}},{"type":"Feature","geometry":{"type":"Polygon","coordinates":[[[109.859,-7.7815],[109.86,-7.771],[109.8565,-7.7715],[109.853,-7.7775],[109.859,-7.7815]]]},"properties":{"code":"33.06.10.2006","name":"Sumbersari"}},{"type":"Feature","geometry":{"type":"Polygon","coordinates":[[[109.867,-7.7695],[109.8685,-7.7665],[109.8675,-7.7655],[109.865,-7.763],[109.863,-7.7665],[109.8665,-7.7665],[109.8635,-7.77],[109.862,-7.7675],[109.861,-7.768],[109.862,-7.7705],[109.86,-7.771],[109.859,-7.7815],[109.8625,-7.784],[109.8655,-7.7735],[109.866,-7.7735],[109.867,-7.7695]]]},"properties":{"code":"33.06.10.2007","name":"Langenrejo"}},{"type":"Feature","geometry":{"type":"Polygon","coordinates":[[[109.866,-7.7735],[109.8655,-7.7735],[109.8625,-7.784],[109.8675,-7.7865],[109.8755,-7.7815],[109.8765,-7.778],[109.87,-7.7755],[109.866,-7.7735]]]},"properties":{"code":"33.06.10.2008","name":"Tamansari"}},{"type":"Feature","geometry":{"type":"Polygon","coordinates":[[[109.8855,-7.763],[109.8845,-7.763],[109.8785,-7.7625],[109.867,-7.7695],[109.866,-7.7735],[109.87,-7.7755],[109.877,-7.778],[109.8805,-7.7795],[109.883,-7.7735],[109.884,-7.769],[109.8855,-7.763]]]},"properties":{"code":"33.06.10.2009","name":"Wareng"}},{"type":"Feature","geometry":{"type":"Polygon","coordinates":[[[109.8765,-7.754],[109.865,-7.757],[109.8585,-7.757],[109.8585,-7.7575],[109.859,-7.7575],[109.86,-7.7615],[109.8595,-7.764],[109.8565,-7.764],[109.857,-7.7645],[109.8605,-7.765],[109.861,-7.768],[109.862,-7.7675],[109.8635,-7.77],[109.8665,-7.7665],[109.863,-7.7665],[109.865,-7.763],[109.8675,-7.7655],[109.8685,-7.7665],[109.867,-7.7695],[109.8785,-7.7625],[109.8775,-7.76],[109.877,-7.7575],[109.8765,-7.754]]]},"properties":{"code":"33.06.10.2010","name":"Ketug"}},{"type":"Feature","geometry":{"type":"Polygon","coordinates":[[[109.8565,-7.764],[109.8455,-7.764],[109.8455,-7.7655],[109.848,-7.7655],[109.853,-7.7715],[109.8565,-7.7715],[109.862,-7.7705],[109.861,-7.767],[109.8605,-7.765],[109.857,-7.7645],[109.8565,-7.764]]]},"properties":{"code":"33.06.10.2011","name":"Rowodadi"}},{"type":"Feature","geometry":{"type":"Polygon","coordinates":[[[109.8585,-7.757],[109.856,-7.757],[109.853,-7.7575],[109.853,-7.757],[109.8525,-7.7575],[109.8515,-7.758],[109.8515,-7.7585],[109.8455,-7.7595],[109.8455,-7.764],[109.8565,-7.764],[109.8595,-7.764],[109.86,-7.7615],[109.859,-7.7575],[109.8585,-7.7575],[109.8585,-7.757]]]},"properties":{"code":"33.06.10.2012","name":"Kedungsari"}},{"type":"Feature","geometry":{"type":"Polygon","coordinates":[[[109.8455,-7.7595],[109.845,-7.7595],[109.846,-7.749],[109.844,-7.749],[109.844,-7.7495],[109.842,-7.749],[109.84,-7.76],[109.8405,-7.7635],[109.843,-7.7635],[109.8455,-7.7625],[109.8455,-7.7595]]]},"properties":{"code":"33.06.10.2013","name":"Sruwohdukuh"}},{"type":"Feature","geometry":{"type":"Polygon","coordinates":[[[109.84,-7.76],[109.8395,-7.7575],[109.8375,-7.758],[109.834,-7.758],[109.8345,-7.7675],[109.838,-7.7675],[109.838,-7.768],[109.841,-7.7675],[109.841,-7.7665],[109.8405,-7.7665],[109.84,-7.76]]]},"properties":{"code":"33.06.10.2014","name":"Wonodadi"}},{"type":"Feature","geometry":{"type":"Polygon","coordinates":[[[109.842,-7.749],[109.8385,-7.749],[109.839,-7.7555],[109.84,-7.7585],[109.84,-7.76],[109.842,-7.749]]]},"properties":{"code":"33.06.10.2015","name":"Wonorejowetan"}},{"type":"Feature","geometry":{"type":"Polygon","coordinates":[[[109.8385,-7.749],[109.837,-7.749],[109.833,-7.7485],[109.833,-7.7535],[109.834,-7.7555],[109.834,-7.758],[109.8375,-7.758],[109.8395,-7.7575],[109.839,-7.7555],[109.8385,-7.749]]]},"properties":{"code":"33.06.10.2016","name":"Wonorejokulon"}},{"type":"Feature","geometry":{"type":"Polygon","coordinates":[[[109.838,-7.741],[109.836,-7.741],[109.83,-7.7415],[109.833,-7.7485],[109.837,-7.749],[109.8385,-7.749],[109.838,-7.745],[109.838,-7.741]]]},"properties":{"code":"33.06.10.2017","name":"Kunirejokulon"}},{"type":"Feature","geometry":{"type":"Polygon","coordinates":[[[109.8445,-7.746],[109.8405,-7.742],[109.84,-7.7415],[109.8395,-7.742],[109.838,-7.7415],[109.838,-7.745],[109.8385,-7.749],[109.844,-7.7495],[109.844,-7.7465],[109.8445,-7.746]]]},"properties":{"code":"33.06.10.2018","name":"Kunirejowetan"}},{"type":"Feature","geometry":{"type":"Polygon","coordinates":[[[109.853,-7.757],[109.853,-7.753],[109.8525,-7.7495],[109.8465,-7.7485],[109.846,-7.749],[109.845,-7.7595],[109.8515,-7.7585],[109.8515,-7.758],[109.8525,-7.7575],[109.853,-7.757]]]},"properties":{"code":"33.06.10.2019","name":"Kedungsri"}},{"type":"Feature","geometry":{"type":"Polygon","coordinates":[[[109.8625,-7.757],[109.8615,-7.752],[109.8645,-7.752],[109.865,-7.7495],[109.864,-7.749],[109.8645,-7.748],[109.864,-7.7465],[109.8625,-7.747],[109.8465,-7.7475],[109.8525,-7.7495],[109.853,-7.753],[109.853,-7.7575],[109.856,-7.757],[109.8625,-7.757]]]},"properties":{"code":"33.06.10.2020","name":"Kedungagung"}},{"type":"Feature","geometry":{"type":"Polygon","coordinates":[[[109.8715,-7.746],[109.867,-7.746],[109.8655,-7.746],[109.8655,-7.7465],[109.864,-7.7465],[109.8645,-7.748],[109.864,-7.749],[109.865,-7.7495],[109.8645,-7.752],[109.8615,-7.752],[109.8625,-7.757],[109.865,-7.757],[109.8765,-7.754],[109.8775,-7.7535],[109.878,-7.7475],[109.878,-7.7465],[109.8715,-7.747],[109.8715,-7.746]]]},"properties":{"code":"33.06.10.2021","name":"Sruwohrejo"}},{"type":"Feature","geometry":{"type":"Polygon","coordinates":[[[109.882,-7.733],[109.8735,-7.7465],[109.8715,-7.747],[109.878,-7.7465],[109.8835,-7.7465],[109.8835,-7.7445],[109.884,-7.7445],[109.884,-7.742],[109.882,-7.7345],[109.882,-7.733]]]},"properties":{"code":"33.06.10.2022","name":"Lugurejo"}},{"type":"Feature","geometry":{"type":"Polygon","coordinates":[[[109.882,-7.733],[109.8825,-7.7305],[109.873,-7.7255],[109.8725,-7.7265],[109.8725,-7.727],[109.873,-7.7295],[109.8705,-7.7395],[109.871,-7.743],[109.871,-7.745],[109.8735,-7.7465],[109.882,-7.733]]]},"properties":{"code":"33.06.10.2023","name":"Lugu"}},{"type":"Feature","geometry":{"type":"Polygon","coordinates":[[[109.8705,-7.74],[109.868,-7.7365],[109.868,-7.7375],[109.866,-7.738],[109.864,-7.738],[109.861,-7.742],[109.8575,-7.7425],[109.8515,-7.743],[109.8465,-7.743],[109.8465,-7.7455],[109.8445,-7.746],[109.844,-7.7465],[109.844,-7.749],[109.8465,-7.7485],[109.8465,-7.7475],[109.8625,-7.747],[109.8645,-7.7465],[109.867,-7.746],[109.8715,-7.746],[109.871,-7.745],[109.871,-7.743],[109.8705,-7.74]]]},"properties":{"code":"33.06.10.2024","name":"Kunir"}},{"type":"Feature","geometry":{"type":"Polygon","coordinates":[[[109.839,-7.7375],[109.836,-7.737],[109.839,-7.741],[109.838,-7.741],[109.838,-7.7415],[109.8395,-7.742],[109.84,-7.7415],[109.8405,-7.742],[109.8445,-7.746],[109.8465,-7.7455],[109.8465,-7.7425],[109.845,-7.7425],[109.844,-7.739],[109.839,-7.7375]]]},"properties":{"code":"33.06.10.2025","name":"Lubangdukuh"}},{"type":"Feature","geometry":{"type":"Polygon","coordinates":[[[109.836,-7.737],[109.8355,-7.737],[109.8315,-7.737],[109.8315,-7.738],[109.83,-7.7385],[109.83,-7.741],[109.83,-7.7415],[109.836,-7.741],[109.839,-7.741],[109.836,-7.737]]]},"properties":{"code":"33.06.10.2026","name":"Tlogorejo"}},{"type":"Feature","geometry":{"type":"Polygon","coordinates":[[[109.839,-7.734],[109.8365,-7.7335],[109.8355,-7.724],[109.832,-7.724],[109.8315,-7.7335],[109.8315,-7.737],[109.8355,-7.737],[109.836,-7.737],[109.839,-7.7375],[109.839,-7.7365],[109.839,-7.734]]]},"properties":{"code":"33.06.10.2027","name":"Polomarto"}},{"type":"Feature","geometry":{"type":"Polygon","coordinates":[[[109.8435,-7.7245],[109.846,-7.721],[109.8385,-7.723],[109.8355,-7.724],[109.8365,-7.7335],[109.8405,-7.734],[109.8415,-7.7295],[109.8435,-7.7245]]]},"properties":{"code":"33.06.10.2028","name":"Tegalgondo"}},{"type":"Feature","geometry":{"type":"MultiPolygon","coordinates":[[[[109.8635,-7.7365],[109.8635,-7.733],[109.8625,-7.732],[109.8625,-7.733],[109.8595,-7.738],[109.86,-7.7425],[109.861,-7.742],[109.864,-7.738],[109.8635,-7.7365]]],[[[109.8435,-7.7245],[109.8415,-7.7295],[109.8445,-7.7295],[109.85,-7.7305],[109.8525,-7.732],[109.853,-7.733],[109.8565,-7.732],[109.859,-7.732],[109.86,-7.732],[109.8605,-7.73],[109.855,-7.727],[109.852,-7.7275],[109.8435,-7.7245]]]]},"properties":{"code":"33.06.10.2029","name":"Lubanglor"}},{"type":"Feature","geometry":{"type":"MultiPolygon","coordinates":[[[[109.856,-7.739],[109.855,-7.739],[109.854,-7.7395],[109.8525,-7.7395],[109.852,-7.743],[109.856,-7.743],[109.856,-7.739]]],[[[109.843,-7.7295],[109.8415,-7.7295],[109.8405,-7.734],[109.839,-7.734],[109.839,-7.7365],[109.839,-7.7375],[109.844,-7.739],[109.847,-7.7395],[109.8525,-7.737],[109.8525,-7.732],[109.85,-7.7305],[109.85,-7.73],[109.843,-7.7295]]]]},"properties":{"code":"33.06.10.2030","name":"Lubangindangan"}},{"type":"Feature","geometry":{"type":"MultiPolygon","coordinates":[[[[109.857,-7.7325],[109.858,-7.7325],[109.858,-7.732],[109.8565,-7.732],[109.853,-7.733],[109.8525,-7.737],[109.847,-7.7395],[109.845,-7.7425],[109.8465,-7.7425],[109.8465,-7.743],[109.852,-7.743],[109.8525,-7.7395],[109.854,-7.7395],[109.855,-7.739],[109.8575,-7.7395],[109.857,-7.7335],[109.857,-7.7325]]],[[[109.851,-7.721],[109.8485,-7.7185],[109.847,-7.7195],[109.846,-7.721],[109.8435,-7.7245],[109.852,-7.7275],[109.855,-7.7265],[109.851,-7.721]]]]},"properties":{"code":"33.06.10.2031","name":"Lubangkidul"}},{"type":"Feature","geometry":{"type":"MultiPolygon","coordinates":[[[[109.8615,-7.732],[109.86,-7.731],[109.86,-7.732],[109.859,-7.732],[109.858,-7.732],[109.858,-7.7325],[109.857,-7.7325],[109.857,-7.7335],[109.8575,-7.7395],[109.856,-7.739],[109.856,-7.743],[109.8575,-7.7425],[109.86,-7.7425],[109.8595,-7.738],[109.8625,-7.733],[109.8615,-7.732]]],[[[109.8445,-7.7295],[109.843,-7.7295],[109.85,-7.73],[109.8445,-7.7295]]]]},"properties":{"code":"33.06.10.2032","name":"Lubangsampang"}},{"type":"Feature","geometry":{"type":"Polygon","coordinates":[[[109.873,-7.7185],[109.8735,-7.716],[109.874,-7.713],[109.871,-7.713],[109.87,-7.7135],[109.8655,-7.716],[109.8645,-7.7165],[109.8625,-7.7165],[109.868,-7.7355],[109.868,-7.7365],[109.8705,-7.74],[109.8705,-7.7395],[109.873,-7.7295],[109.8725,-7.727],[109.8725,-7.7265],[109.872,-7.725],[109.873,-7.7185]]]},"properties":{"code":"33.06.10.2033","name":"Dlangu"}},{"type":"Feature","geometry":{"type":"Polygon","coordinates":[[[109.8845,-7.7265],[109.873,-7.719],[109.873,-7.7185],[109.872,-7.725],[109.873,-7.7255],[109.8825,-7.7305],[109.883,-7.7305],[109.884,-7.728],[109.8845,-7.7265]]]},"properties":{"code":"33.06.10.2034","name":"Andong"}},{"type":"Feature","geometry":{"type":"Polygon","coordinates":[[[109.8935,-7.7115],[109.8915,-7.7105],[109.888,-7.7065],[109.8885,-7.704],[109.8805,-7.706],[109.8805,-7.7075],[109.882,-7.711],[109.881,-7.7145],[109.8845,-7.725],[109.8855,-7.727],[109.8865,-7.7265],[109.888,-7.7265],[109.889,-7.7265],[109.892,-7.725],[109.8935,-7.725],[109.8935,-7.7235],[109.893,-7.7225],[109.8935,-7.713],[109.8935,-7.712],[109.8935,-7.7115]]]},"properties":{"code":"33.06.10.2035","name":"Kaliwatubumi"}},{"type":"Feature","geometry":{"type":"Polygon","coordinates":[[[109.8845,-7.7265],[109.8845,-7.725],[109.881,-7.7145],[109.882,-7.711],[109.8805,-7.7075],[109.8805,-7.706],[109.877,-7.7065],[109.876,-7.708],[109.8725,-7.708],[109.8715,-7.7085],[109.8725,-7.713],[109.874,-7.713],[109.8735,-7.716],[109.873,-7.719],[109.8845,-7.7265]]]},"properties":{"code":"33.06.10.2036","name":"Kaliwatukranggan"}},{"type":"Feature","geometry":{"type":"Polygon","coordinates":[[[109.8715,-7.7085],[109.87,-7.7065],[109.8675,-7.7075],[109.866,-7.7075],[109.865,-7.708],[109.8615,-7.7085],[109.8595,-7.709],[109.86,-7.7135],[109.8595,-7.7135],[109.8595,-7.714],[109.861,-7.7165],[109.8645,-7.7165],[109.8655,-7.716],[109.87,-7.7135],[109.871,-7.713],[109.8725,-7.713],[109.8715,-7.7085]]]},"properties":{"code":"33.06.10.2037","name":"Panggeldlangu"}},{"type":"Feature","geometry":{"type":"Polygon","coordinates":[[[109.851,-7.711],[109.8485,-7.7105],[109.8475,-7.71],[109.8445,-7.7085],[109.845,-7.7115],[109.852,-7.7135],[109.852,-7.7175],[109.8525,-7.7175],[109.8525,-7.714],[109.859,-7.716],[109.859,-7.7135],[109.86,-7.7135],[109.8565,-7.7095],[109.855,-7.709],[109.8535,-7.7095],[109.8525,-7.71],[109.851,-7.7105],[109.851,-7.711]]]},"properties":{"code":"33.06.10.2038","name":"Binangun"}},{"type":"Feature","geometry":{"type":"Polygon","coordinates":[[[109.8595,-7.7135],[109.859,-7.7135],[109.859,-7.716],[109.8525,-7.714],[109.8525,-7.7175],[109.852,-7.7175],[109.852,-7.7135],[109.845,-7.7115],[109.8455,-7.712],[109.8465,-7.7165],[109.847,-7.7165],[109.8475,-7.717],[109.851,-7.721],[109.855,-7.7265],[109.855,-7.727],[109.8605,-7.73],[109.86,-7.731],[109.8615,-7.732],[109.8625,-7.732],[109.8635,-7.733],[109.8635,-7.7365],[109.864,-7.738],[109.866,-7.738],[109.868,-7.7375],[109.868,-7.7355],[109.8625,-7.7165],[109.861,-7.7165],[109.8595,-7.714],[109.8595,-7.7135]]]},"properties":{"code":"33.06.10.2039","name":"Butuh"}},{"type":"Feature","geometry":{"type":"Polygon","coordinates":[[[109.847,-7.7195],[109.837,-7.7175],[109.837,-7.7195],[109.8375,-7.723],[109.8385,-7.723],[109.846,-7.721],[109.847,-7.7195]]]},"properties":{"code":"33.06.10.2040","name":"Klepu"}},{"type":"Feature","geometry":{"type":"Polygon","coordinates":[[[109.8445,-7.7085],[109.8415,-7.708],[109.8415,-7.7075],[109.837,-7.708],[109.834,-7.7085],[109.8315,-7.71],[109.8305,-7.71],[109.8265,-7.7115],[109.826,-7.715],[109.828,-7.7145],[109.832,-7.724],[109.8355,-7.724],[109.8375,-7.723],[109.837,-7.7195],[109.837,-7.7175],[109.847,-7.7195],[109.8485,-7.7185],[109.847,-7.7165],[109.8465,-7.7165],[109.8455,-7.712],[109.8445,-7.7085]]]},"properties":{"code":"33.06.10.2041","name":"Wironatan"}},{"type":"Feature","geometry":{"type":"Polygon","coordinates":[[[109.865,-7.691],[109.8635,-7.694],[109.858,-7.6935],[109.8575,-7.6935],[109.857,-7.694],[109.8535,-7.7035],[109.854,-7.707],[109.854,-7.7085],[109.855,-7.709],[109.8565,-7.7095],[109.8595,-7.709],[109.8615,-7.7085],[109.865,-7.708],[109.8645,-7.693],[109.865,-7.691]]]},"properties":{"code":"33.06.11.2001","name":"Kendalrejo"}},{"type":"Feature","geometry":{"type":"Polygon","coordinates":[[[109.8485,-7.701],[109.8465,-7.702],[109.8445,-7.7085],[109.8475,-7.71],[109.8485,-7.7105],[109.851,-7.711],[109.851,-7.7105],[109.8525,-7.71],[109.8535,-7.7095],[109.854,-7.7085],[109.854,-7.707],[109.8535,-7.7035],[109.8485,-7.701]]]},"properties":{"code":"33.06.11.2002","name":"Kalimati"}},{"type":"Feature","geometry":{"type":"Polygon","coordinates":[[[109.8465,-7.702],[109.8415,-7.6995],[109.8395,-7.7075],[109.8415,-7.7075],[109.8415,-7.708],[109.8445,-7.7085],[109.8465,-7.702]]]},"properties":{"code":"33.06.11.2003","name":"Pepe"}},{"type":"Feature","geometry":{"type":"Polygon","coordinates":[[[109.847,-7.694],[109.838,-7.689],[109.838,-7.691],[109.8385,-7.6915],[109.8385,-7.6925],[109.8415,-7.6995],[109.8465,-7.702],[109.8485,-7.701],[109.847,-7.694]]]},"properties":{"code":"33.06.11.2004","name":"Tunjungtejo"}},{"type":"Feature","geometry":{"type":"Polygon","coordinates":[[[109.8385,-7.6915],[109.837,-7.6915],[109.837,-7.6965],[109.8345,-7.708],[109.837,-7.708],[109.8395,-7.7075],[109.8415,-7.6995],[109.8385,-7.6925],[109.8385,-7.6915]]]},"properties":{"code":"33.06.11.2005","name":"Sekartejo"}},{"type":"Feature","geometry":{"type":"Polygon","coordinates":[[[109.837,-7.6925],[109.835,-7.692],[109.831,-7.6915],[109.8285,-7.6895],[109.8255,-7.69],[109.8255,-7.691],[109.8275,-7.694],[109.827,-7.697],[109.8265,-7.699],[109.8245,-7.7],[109.8245,-7.701],[109.8295,-7.7015],[109.8315,-7.702],[109.8305,-7.71],[109.832,-7.7095],[109.834,-7.7085],[109.8345,-7.708],[109.837,-7.6965],[109.837,-7.6925]]]},"properties":{"code":"33.06.11.2006","name":"Tersidilor"}},{"type":"Feature","geometry":{"type":"Polygon","coordinates":[[[109.8305,-7.709],[109.8315,-7.702],[109.8295,-7.7015],[109.8245,-7.701],[109.8245,-7.702],[109.8245,-7.7065],[109.8235,-7.7085],[109.8305,-7.709]]]},"properties":{"code":"33.06.11.2007","name":"Tersidikidul"}},{"type":"Feature","geometry":{"type":"MultiPolygon","coordinates":[[[[109.8305,-7.71],[109.8315,-7.71],[109.832,-7.7095],[109.8305,-7.71]]],[[[109.8305,-7.71],[109.8305,-7.709],[109.8235,-7.7085],[109.8245,-7.7065],[109.8215,-7.706],[109.816,-7.7045],[109.816,-7.705],[109.8135,-7.707],[109.814,-7.712],[109.8145,-7.7125],[109.818,-7.7135],[109.8235,-7.7145],[109.826,-7.715],[109.8265,-7.7115],[109.8305,-7.71]]]]},"properties":{"code":"33.06.11.2008","name":"Tasikmadu"}},{"type":"Feature","geometry":{"type":"Polygon","coordinates":[[[109.812,-7.704],[109.8105,-7.707],[109.8095,-7.7075],[109.8085,-7.7075],[109.808,-7.709],[109.808,-7.71],[109.809,-7.7105],[109.811,-7.71],[109.812,-7.712],[109.814,-7.712],[109.8135,-7.707],[109.814,-7.7045],[109.812,-7.704]]]},"properties":{"code":"33.06.11.2009","name":"Pangkalan"}},{"type":"Feature","geometry":{"type":"Polygon","coordinates":[[[109.812,-7.701],[109.8115,-7.701],[109.808,-7.699],[109.807,-7.704],[109.803,-7.7035],[109.8,-7.7035],[109.8,-7.7065],[109.801,-7.707],[109.802,-7.707],[109.805,-7.708],[109.808,-7.7085],[109.8085,-7.7075],[109.8095,-7.7075],[109.8105,-7.707],[109.812,-7.704],[109.812,-7.7035],[109.8125,-7.7015],[109.812,-7.7015],[109.812,-7.701]]]},"properties":{"code":"33.06.11.2010","name":"Sumber"}},{"type":"Feature","geometry":{"type":"Polygon","coordinates":[[[109.8045,-7.6985],[109.804,-7.696],[109.8005,-7.6965],[109.8005,-7.698],[109.8005,-7.7005],[109.8,-7.7025],[109.8,-7.7035],[109.803,-7.7035],[109.807,-7.704],[109.808,-7.699],[109.8045,-7.6985]]]},"properties":{"code":"33.06.11.2011","name":"Gumawangrejo"}},{"type":"Feature","geometry":{"type":"Polygon","coordinates":[[[109.8205,-7.689],[109.8195,-7.687],[109.818,-7.6865],[109.816,-7.6865],[109.815,-7.6865],[109.813,-7.6865],[109.814,-7.688],[109.807,-7.6985],[109.808,-7.699],[109.8115,-7.701],[109.8125,-7.7015],[109.8145,-7.697],[109.814,-7.6965],[109.8145,-7.6935],[109.8165,-7.6935],[109.817,-7.6925],[109.818,-7.6925],[109.819,-7.692],[109.8195,-7.6915],[109.8205,-7.6915],[109.8205,-7.69],[109.82,-7.69],[109.8205,-7.689]]]},"properties":{"code":"33.06.11.2012","name":"Keburusan"}},{"type":"Feature","geometry":{"type":"MultiPolygon","coordinates":[[[[109.8125,-7.7015],[109.812,-7.701],[109.812,-7.7015],[109.8125,-7.7015]]],[[[109.819,-7.697],[109.815,-7.6965],[109.815,-7.697],[109.8145,-7.697],[109.8125,-7.7015],[109.812,-7.7035],[109.812,-7.704],[109.814,-7.7045],[109.816,-7.705],[109.816,-7.7045],[109.818,-7.705],[109.819,-7.697]]]]},"properties":{"code":"33.06.11.2013","name":"Wonoyoso"}},{"type":"Feature","geometry":{"type":"Polygon","coordinates":[[[109.824,-7.697],[109.8225,-7.6965],[109.8225,-7.6945],[109.8205,-7.6945],[109.819,-7.697],[109.818,-7.705],[109.8215,-7.706],[109.8245,-7.7065],[109.8245,-7.702],[109.8245,-7.701],[109.8245,-7.7],[109.8265,-7.699],[109.8265,-7.698],[109.824,-7.697]]]},"properties":{"code":"33.06.11.2014","name":"Tapen"}},{"type":"Feature","geometry":{"type":"Polygon","coordinates":[[[109.8205,-7.6915],[109.8195,-7.6915],[109.819,-7.692],[109.818,-7.6925],[109.817,-7.6925],[109.8165,-7.6935],[109.8145,-7.6935],[109.814,-7.6965],[109.815,-7.697],[109.815,-7.6965],[109.819,-7.697],[109.8205,-7.6945],[109.8225,-7.6945],[109.8225,-7.6965],[109.824,-7.697],[109.8245,-7.6945],[109.8205,-7.692],[109.8205,-7.6915]]]},"properties":{"code":"33.06.11.2015","name":"Waru"}},{"type":"Feature","geometry":{"type":"Polygon","coordinates":[[[109.8255,-7.69],[109.821,-7.6895],[109.82,-7.69],[109.8205,-7.69],[109.8205,-7.6915],[109.8205,-7.692],[109.8245,-7.6945],[109.824,-7.697],[109.8265,-7.698],[109.827,-7.697],[109.8275,-7.694],[109.8255,-7.691],[109.8255,-7.69]]]},"properties":{"code":"33.06.11.2016","name":"Blekatuk"}},{"type":"Feature","geometry":{"type":"Polygon","coordinates":[[[109.8355,-7.6835],[109.829,-7.687],[109.8285,-7.6895],[109.831,-7.6915],[109.835,-7.692],[109.837,-7.6925],[109.837,-7.6915],[109.8385,-7.6915],[109.838,-7.691],[109.838,-7.689],[109.836,-7.6865],[109.8355,-7.6835]]]},"properties":{"code":"33.06.11.2017","name":"Dlisen Wetan"}},{"type":"Feature","geometry":{"type":"Polygon","coordinates":[[[109.829,-7.687],[109.8245,-7.683],[109.823,-7.6825],[109.8205,-7.689],[109.8255,-7.69],[109.8285,-7.6895],[109.829,-7.687]]]},"properties":{"code":"33.06.11.2018","name":"Dlisenkulon"}},{"type":"Feature","geometry":{"type":"Polygon","coordinates":[[[109.809,-7.687],[109.8085,-7.687],[109.8045,-7.6985],[109.807,-7.6985],[109.814,-7.688],[109.8135,-7.6875],[109.809,-7.687]]]},"properties":{"code":"33.06.11.2019","name":"Semampir"}},{"type":"Feature","geometry":{"type":"Polygon","coordinates":[[[109.8085,-7.687],[109.8065,-7.6865],[109.803,-7.6875],[109.8025,-7.6905],[109.8005,-7.693],[109.798,-7.6945],[109.798,-7.696],[109.798,-7.6965],[109.8005,-7.6965],[109.804,-7.696],[109.8045,-7.6985],[109.8085,-7.687]]]},"properties":{"code":"33.06.11.2020","name":"Petuguran"}},{"type":"Feature","geometry":{"type":"Polygon","coordinates":[[[109.8105,-7.6785],[109.8095,-7.6785],[109.807,-7.677],[109.8065,-7.679],[109.805,-7.6855],[109.802,-7.685],[109.798,-7.688],[109.798,-7.6945],[109.8005,-7.693],[109.8025,-7.6905],[109.803,-7.6875],[109.8065,-7.6865],[109.809,-7.687],[109.8095,-7.687],[109.8095,-7.685],[109.809,-7.684],[109.809,-7.6815],[109.8105,-7.6795],[109.8105,-7.6785]]]},"properties":{"code":"33.06.11.2021","name":"Pekacangan"}},{"type":"Feature","geometry":{"type":"Polygon","coordinates":[[[109.811,-7.6695],[109.8085,-7.6705],[109.807,-7.6725],[109.8065,-7.6745],[109.807,-7.677],[109.8095,-7.6785],[109.811,-7.6785],[109.8125,-7.6745],[109.814,-7.675],[109.8145,-7.6715],[109.8145,-7.6705],[109.811,-7.6695]]]},"properties":{"code":"33.06.11.2022","name":"Karanggetas"}},{"type":"Feature","geometry":{"type":"Polygon","coordinates":[[[109.8135,-7.6745],[109.8125,-7.6745],[109.811,-7.6785],[109.8105,-7.6785],[109.8105,-7.6795],[109.809,-7.6815],[109.809,-7.684],[109.8095,-7.685],[109.8095,-7.687],[109.809,-7.687],[109.8135,-7.6875],[109.813,-7.6865],[109.815,-7.6865],[109.815,-7.686],[109.818,-7.6815],[109.819,-7.679],[109.8135,-7.678],[109.8135,-7.6745]]]},"properties":{"code":"33.06.11.2023","name":"Luweng Kidul"}},{"type":"Feature","geometry":{"type":"Polygon","coordinates":[[[109.823,-7.6825],[109.8215,-7.6825],[109.8195,-7.6785],[109.818,-7.6815],[109.815,-7.686],[109.816,-7.6865],[109.818,-7.6865],[109.8195,-7.687],[109.8205,-7.689],[109.823,-7.6825]]]},"properties":{"code":"33.06.11.2024","name":"Sambeng"}},{"type":"Feature","geometry":{"type":"Polygon","coordinates":[[[109.836,-7.6775],[109.821,-7.672],[109.8205,-7.673],[109.8205,-7.6725],[109.8195,-7.6725],[109.8195,-7.6755],[109.8195,-7.677],[109.8195,-7.6785],[109.8215,-7.6825],[109.8245,-7.683],[109.829,-7.687],[109.8355,-7.6835],[109.836,-7.6775]]]},"properties":{"code":"33.06.11.2025","name":"Megulungkidul"}},{"type":"Feature","geometry":{"type":"Polygon","coordinates":[[[109.8465,-7.677],[109.838,-7.6725],[109.837,-7.6755],[109.8365,-7.6765],[109.836,-7.6865],[109.838,-7.689],[109.847,-7.694],[109.847,-7.6925],[109.85,-7.69],[109.854,-7.6865],[109.8535,-7.683],[109.8465,-7.677]]]},"properties":{"code":"33.06.11.2026","name":"Pituruh"}},{"type":"Feature","geometry":{"type":"Polygon","coordinates":[[[109.8565,-7.684],[109.854,-7.6865],[109.85,-7.69],[109.847,-7.6925],[109.847,-7.694],[109.8485,-7.701],[109.8535,-7.7035],[109.857,-7.694],[109.8575,-7.6935],[109.858,-7.6935],[109.859,-7.6925],[109.857,-7.692],[109.854,-7.692],[109.854,-7.6905],[109.855,-7.687],[109.8565,-7.684]]]},"properties":{"code":"33.06.11.2027","name":"Sikambang"}},{"type":"Feature","geometry":{"type":"Polygon","coordinates":[[[109.862,-7.672],[109.8615,-7.672],[109.858,-7.6805],[109.8575,-7.683],[109.857,-7.683],[109.855,-7.687],[109.854,-7.6905],[109.854,-7.692],[109.857,-7.692],[109.859,-7.6925],[109.858,-7.6935],[109.8635,-7.694],[109.865,-7.691],[109.865,-7.6875],[109.868,-7.681],[109.8685,-7.6805],[109.862,-7.672]]]},"properties":{"code":"33.06.11.2028","name":"Ngampel"}},{"type":"Feature","geometry":{"type":"Polygon","coordinates":[[[109.8615,-7.67],[109.855,-7.6695],[109.853,-7.67],[109.851,-7.6705],[109.849,-7.671],[109.849,-7.673],[109.8485,-7.674],[109.848,-7.6755],[109.8465,-7.677],[109.8535,-7.683],[109.8565,-7.684],[109.857,-7.683],[109.8575,-7.683],[109.858,-7.6805],[109.8615,-7.672],[109.8625,-7.6715],[109.8625,-7.671],[109.8615,-7.67]]]},"properties":{"code":"33.06.11.2029","name":"Prigelan"}},{"type":"Feature","geometry":{"type":"Polygon","coordinates":[[[109.8525,-7.657],[109.849,-7.6585],[109.848,-7.6595],[109.8445,-7.6665],[109.8445,-7.668],[109.844,-7.668],[109.8425,-7.6705],[109.847,-7.6715],[109.8475,-7.671],[109.8485,-7.671],[109.851,-7.6705],[109.853,-7.67],[109.854,-7.6695],[109.8545,-7.6685],[109.8545,-7.6675],[109.8545,-7.662],[109.853,-7.6595],[109.8525,-7.658],[109.8525,-7.657]]]},"properties":{"code":"33.06.11.2030","name":"Ngandagan"}},{"type":"Feature","geometry":{"type":"Polygon","coordinates":[[[109.8425,-7.671],[109.8395,-7.669],[109.839,-7.668],[109.839,-7.6685],[109.8385,-7.6685],[109.8385,-7.669],[109.838,-7.672],[109.838,-7.6725],[109.8465,-7.677],[109.848,-7.6755],[109.8485,-7.674],[109.849,-7.673],[109.849,-7.671],[109.8475,-7.671],[109.847,-7.6715],[109.8425,-7.671]]]},"properties":{"code":"33.06.11.2031","name":"Karanganyar"}},{"type":"Feature","geometry":{"type":"Polygon","coordinates":[[[109.839,-7.668],[109.8365,-7.667],[109.836,-7.666],[109.834,-7.6655],[109.8215,-7.6715],[109.821,-7.672],[109.836,-7.6775],[109.8365,-7.6765],[109.837,-7.6755],[109.838,-7.672],[109.8385,-7.669],[109.8385,-7.6685],[109.839,-7.6685],[109.839,-7.668]]]},"properties":{"code":"33.06.11.2032","name":"Megulunglor"}},{"type":"Feature","geometry":{"type":"Polygon","coordinates":[[[109.834,-7.6655],[109.8315,-7.6645],[109.8315,-7.666],[109.822,-7.665],[109.8215,-7.6675],[109.8205,-7.669],[109.8205,-7.6725],[109.8205,-7.673],[109.8215,-7.6715],[109.834,-7.6655]]]},"properties":{"code":"33.06.11.2033","name":"Prapagkidul"}},{"type":"Feature","geometry":{"type":"Polygon","coordinates":[[[109.8165,-7.6605],[109.814,-7.6605],[109.811,-7.6695],[109.8145,-7.6705],[109.8145,-7.6715],[109.818,-7.672],[109.819,-7.672],[109.8205,-7.6725],[109.8205,-7.669],[109.8165,-7.6605]]]},"properties":{"code":"33.06.11.2034","name":"Kembangkuning"}},{"type":"Feature","geometry":{"type":"Polygon","coordinates":[[[109.8195,-7.6725],[109.819,-7.672],[109.818,-7.672],[109.8145,-7.6715],[109.814,-7.675],[109.8135,-7.6745],[109.8135,-7.678],[109.819,-7.679],[109.8195,-7.677],[109.8195,-7.6755],[109.8195,-7.6725]]]},"properties":{"code":"33.06.11.2035","name":"Luwenglor"}},{"type":"Feature","geometry":{"type":"Polygon","coordinates":[[[109.8125,-7.6445],[109.8155,-7.6405],[109.81,-7.641],[109.806,-7.639],[109.8055,-7.6395],[109.8025,-7.6435],[109.802,-7.6445],[109.802,-7.659],[109.8025,-7.6605],[109.8025,-7.663],[109.8025,-7.665],[109.807,-7.6695],[109.8085,-7.6705],[109.811,-7.6695],[109.814,-7.6605],[109.818,-7.6605],[109.814,-7.657],[109.813,-7.6555],[109.812,-7.6505],[109.8125,-7.6445]]]},"properties":{"code":"33.06.11.2036","name":"Brengkol"}},{"type":"Feature","geometry":{"type":"Polygon","coordinates":[[[109.825,-7.6475],[109.8125,-7.6445],[109.812,-7.6505],[109.813,-7.6555],[109.814,-7.657],[109.818,-7.6605],[109.8165,-7.6605],[109.8205,-7.669],[109.8215,-7.6675],[109.822,-7.665],[109.825,-7.6475]]]},"properties":{"code":"33.06.11.2037","name":"Girigondo"}},{"type":"Feature","geometry":{"type":"Polygon","coordinates":[[[109.83,-7.641],[109.825,-7.6475],[109.822,-7.665],[109.8315,-7.666],[109.832,-7.6595],[109.8335,-7.65],[109.83,-7.641]]]},"properties":{"code":"33.06.11.2038","name":"Prapaglor"}},{"type":"Feature","geometry":{"type":"Polygon","coordinates":[[[109.8405,-7.6515],[109.8335,-7.65],[109.832,-7.6595],[109.8315,-7.6645],[109.834,-7.6655],[109.836,-7.666],[109.8365,-7.667],[109.839,-7.668],[109.8395,-7.669],[109.8425,-7.671],[109.8425,-7.6705],[109.844,-7.668],[109.8445,-7.668],[109.8425,-7.668],[109.8415,-7.661],[109.8425,-7.655],[109.8425,-7.6525],[109.8405,-7.6515]]]},"properties":{"code":"33.06.11.2039","name":"Kalikotes"}},{"type":"Feature","geometry":{"type":"Polygon","coordinates":[[[109.8485,-7.651],[109.843,-7.651],[109.843,-7.6525],[109.8425,-7.655],[109.8415,-7.661],[109.8425,-7.668],[109.8445,-7.668],[109.8445,-7.6665],[109.848,-7.6595],[109.849,-7.6585],[109.8525,-7.657],[109.8485,-7.651]]]},"properties":{"code":"33.06.11.2040","name":"Kesawen"}},{"type":"Feature","geometry":{"type":"Polygon","coordinates":[[[109.8465,-7.6455],[109.842,-7.6445],[109.8405,-7.643],[109.84,-7.643],[109.84,-7.6435],[109.8405,-7.644],[109.8395,-7.646],[109.84,-7.65],[109.8405,-7.6515],[109.8425,-7.6525],[109.843,-7.651],[109.8485,-7.651],[109.8465,-7.6455]]]},"properties":{"code":"33.06.11.2041","name":"Kedungbatur"}},{"type":"Feature","geometry":{"type":"Polygon","coordinates":[[[109.8395,-7.6335],[109.838,-7.6335],[109.832,-7.636],[109.8305,-7.637],[109.83,-7.641],[109.8335,-7.65],[109.8405,-7.6515],[109.84,-7.65],[109.8395,-7.646],[109.8405,-7.644],[109.84,-7.643],[109.84,-7.641],[109.8385,-7.6355],[109.839,-7.6345],[109.8395,-7.6335]]]},"properties":{"code":"33.06.11.2042","name":"Polowangi"}},{"type":"Feature","geometry":{"type":"Polygon","coordinates":[[[109.822,-7.6205],[109.821,-7.62],[109.813,-7.6155],[109.812,-7.6185],[109.8105,-7.623],[109.81,-7.6335],[109.8085,-7.633],[109.808,-7.633],[109.806,-7.6355],[109.8055,-7.637],[109.8065,-7.6385],[109.806,-7.639],[109.81,-7.641],[109.8155,-7.6405],[109.8125,-7.6445],[109.825,-7.6475],[109.83,-7.641],[109.8305,-7.637],[109.8295,-7.6375],[109.822,-7.6205]]]},"properties":{"code":"33.06.11.2043","name":"Kalijering"}},{"type":"Feature","geometry":{"type":"Polygon","coordinates":[[[109.8245,-7.59],[109.822,-7.5895],[109.8185,-7.5905],[109.815,-7.5965],[109.816,-7.5975],[109.8165,-7.598],[109.8155,-7.6],[109.8125,-7.6045],[109.813,-7.6155],[109.821,-7.62],[109.827,-7.621],[109.832,-7.614],[109.831,-7.6115],[109.8235,-7.597],[109.8245,-7.59]]]},"properties":{"code":"33.06.11.2044","name":"Somogede"}},{"type":"Feature","geometry":{"type":"Polygon","coordinates":[[[109.8385,-7.6075],[109.8305,-7.584],[109.825,-7.59],[109.8245,-7.59],[109.8235,-7.597],[109.831,-7.6115],[109.832,-7.6135],[109.8355,-7.6135],[109.838,-7.61],[109.8385,-7.6075]]]},"properties":{"code":"33.06.11.2045","name":"Kaligondang"}},{"type":"Feature","geometry":{"type":"Polygon","coordinates":[[[109.8465,-7.6045],[109.8425,-7.604],[109.8405,-7.607],[109.8385,-7.6075],[109.838,-7.61],[109.8355,-7.6135],[109.832,-7.6135],[109.832,-7.614],[109.827,-7.621],[109.822,-7.6205],[109.8295,-7.6375],[109.832,-7.636],[109.838,-7.6335],[109.843,-7.634],[109.8515,-7.621],[109.85,-7.6105],[109.85,-7.6085],[109.8465,-7.605],[109.8465,-7.6045]]]},"properties":{"code":"33.06.11.2046","name":"Kaligintung"}},{"type":"Feature","geometry":{"type":"Polygon","coordinates":[[[109.8605,-7.62],[109.8595,-7.619],[109.8515,-7.6135],[109.8515,-7.621],[109.843,-7.634],[109.8395,-7.6335],[109.839,-7.6345],[109.8385,-7.6355],[109.84,-7.641],[109.84,-7.643],[109.8405,-7.643],[109.842,-7.6445],[109.8465,-7.6455],[109.847,-7.644],[109.847,-7.641],[109.85,-7.637],[109.8585,-7.626],[109.86,-7.6215],[109.8605,-7.62]]]},"properties":{"code":"33.06.11.2047","name":"Sawangan"}},{"type":"Feature","geometry":{"type":"Polygon","coordinates":[[[109.8695,-7.5845],[109.863,-7.5835],[109.8605,-7.584],[109.853,-7.5965],[109.85,-7.595],[109.8455,-7.5925],[109.8465,-7.6045],[109.8465,-7.605],[109.85,-7.6085],[109.85,-7.6105],[109.8515,-7.6135],[109.8595,-7.619],[109.8615,-7.6205],[109.863,-7.615],[109.873,-7.591],[109.8725,-7.59],[109.8695,-7.5845]]]},"properties":{"code":"33.06.11.2048","name":"Wonosido"}},{"type":"Feature","geometry":{"type":"Polygon","coordinates":[[[109.8605,-7.584],[109.8625,-7.5805],[109.8655,-7.573],[109.861,-7.5695],[109.8575,-7.561],[109.855,-7.562],[109.8485,-7.562],[109.832,-7.583],[109.8305,-7.584],[109.8385,-7.6075],[109.8405,-7.607],[109.8425,-7.604],[109.8465,-7.6045],[109.8455,-7.5925],[109.85,-7.595],[109.853,-7.5965],[109.8605,-7.584]]]},"properties":{"code":"33.06.11.2049","name":"Pamriyan"}},{"type":"Feature","geometry":{"type":"Polygon","coordinates":[[[109.8695,-7.6965],[109.8665,-7.7075],[109.8675,-7.7075],[109.87,-7.7065],[109.8705,-7.705],[109.871,-7.704],[109.8715,-7.698],[109.8695,-7.6965]]]},"properties":{"code":"33.06.12.2001","name":"Waled"}},{"type":"Feature","geometry":{"type":"Polygon","coordinates":[[[109.8735,-7.6825],[109.8695,-7.6815],[109.8685,-7.6815],[109.868,-7.681],[109.865,-7.6875],[109.865,-7.6905],[109.8645,-7.693],[109.865,-7.708],[109.866,-7.7075],[109.8665,-7.7075],[109.8695,-7.6965],[109.8735,-7.6825]]]},"properties":{"code":"33.06.12.2002","name":"Kroyokulon"}},{"type":"Feature","geometry":{"type":"Polygon","coordinates":[[[109.88,-7.69],[109.88,-7.689],[109.881,-7.683],[109.881,-7.682],[109.88,-7.682],[109.8735,-7.6825],[109.8695,-7.6965],[109.8715,-7.698],[109.871,-7.7025],[109.8735,-7.7015],[109.88,-7.69]]]},"properties":{"code":"33.06.12.2003","name":"Rejosari"}},{"type":"Feature","geometry":{"type":"Polygon","coordinates":[[[109.88,-7.69],[109.8735,-7.7015],[109.882,-7.698],[109.8825,-7.698],[109.883,-7.6945],[109.8785,-7.6945],[109.88,-7.6935],[109.881,-7.693],[109.881,-7.691],[109.88,-7.691],[109.88,-7.69]]]},"properties":{"code":"33.06.12.2004","name":"Gesikan"}},{"type":"Feature","geometry":{"type":"Polygon","coordinates":[[[109.887,-7.7045],[109.8865,-7.6975],[109.8855,-7.6975],[109.8845,-7.6985],[109.883,-7.698],[109.882,-7.698],[109.8735,-7.7015],[109.871,-7.7025],[109.871,-7.704],[109.8705,-7.705],[109.8715,-7.7085],[109.8725,-7.708],[109.876,-7.708],[109.877,-7.7065],[109.8775,-7.7065],[109.887,-7.7045]]]},"properties":{"code":"33.06.12.2005","name":"Paitan"}},{"type":"Feature","geometry":{"type":"Polygon","coordinates":[[[109.891,-7.691],[109.8905,-7.691],[109.8865,-7.6915],[109.881,-7.692],[109.881,-7.693],[109.88,-7.6935],[109.8785,-7.6945],[109.883,-7.6945],[109.8825,-7.698],[109.883,-7.698],[109.8845,-7.6985],[109.8855,-7.6975],[109.8865,-7.6975],[109.887,-7.7045],[109.889,-7.704],[109.8895,-7.704],[109.8915,-7.7025],[109.892,-7.6995],[109.891,-7.691]]]},"properties":{"code":"33.06.12.2006","name":"Gedong"}},{"type":"Feature","geometry":{"type":"Polygon","coordinates":[[[109.9005,-7.6885],[109.9015,-7.6885],[109.9015,-7.687],[109.901,-7.687],[109.901,-7.686],[109.899,-7.688],[109.896,-7.69],[109.8925,-7.69],[109.891,-7.691],[109.892,-7.6995],[109.892,-7.7],[109.902,-7.701],[109.901,-7.69],[109.9015,-7.6905],[109.902,-7.689],[109.9005,-7.6885]]]},"properties":{"code":"33.06.12.2007","name":"Rowobayem"}},{"type":"Feature","geometry":{"type":"Polygon","coordinates":[[[109.9,-7.686],[109.8945,-7.6825],[109.8945,-7.681],[109.888,-7.684],[109.8865,-7.6915],[109.8905,-7.691],[109.891,-7.691],[109.8925,-7.69],[109.896,-7.69],[109.899,-7.688],[109.9,-7.686]]]},"properties":{"code":"33.06.12.2008","name":"Kemiri Kidul"}},{"type":"Feature","geometry":{"type":"Polygon","coordinates":[[[109.905,-7.669],[109.903,-7.6695],[109.9005,-7.6685],[109.9005,-7.6675],[109.8995,-7.6675],[109.9,-7.6685],[109.8985,-7.6715],[109.898,-7.6715],[109.8945,-7.6805],[109.8945,-7.6825],[109.9,-7.686],[109.901,-7.686],[109.901,-7.687],[109.9015,-7.687],[109.9015,-7.685],[109.9025,-7.685],[109.9055,-7.685],[109.906,-7.6825],[109.9065,-7.6805],[109.905,-7.669]]]},"properties":{"code":"33.06.12.2009","name":"Bedono Kluwung"}},{"type":"Feature","geometry":{"type":"Polygon","coordinates":[[[109.913,-7.6575],[109.905,-7.669],[109.9065,-7.6805],[109.908,-7.681],[109.9085,-7.6805],[109.909,-7.675],[109.9105,-7.675],[109.913,-7.6575]]]},"properties":{"code":"33.06.12.2010","name":"Bedono Pageron"}},{"type":"Feature","geometry":{"type":"Polygon","coordinates":[[[109.915,-7.659],[109.9145,-7.657],[109.913,-7.6575],[109.9105,-7.675],[109.909,-7.675],[109.9085,-7.6805],[109.908,-7.681],[109.9095,-7.681],[109.908,-7.683],[109.912,-7.685],[109.9135,-7.6835],[109.9115,-7.683],[109.911,-7.683],[109.9105,-7.683],[109.912,-7.6815],[109.913,-7.682],[109.915,-7.68],[109.913,-7.6785],[109.9115,-7.6785],[109.9115,-7.6765],[109.9125,-7.6755],[109.9135,-7.675],[109.9145,-7.6755],[109.92,-7.6725],[109.9165,-7.6605],[109.915,-7.661],[109.915,-7.659]]]},"properties":{"code":"33.06.12.2011","name":"Bedono Karangduwur"}},{"type":"Feature","geometry":{"type":"Polygon","coordinates":[[[109.9325,-7.6685],[109.933,-7.665],[109.933,-7.663],[109.933,-7.659],[109.9315,-7.659],[109.9295,-7.6605],[109.927,-7.6625],[109.9255,-7.661],[109.9215,-7.6625],[109.919,-7.66],[109.9185,-7.66],[109.9185,-7.6605],[109.917,-7.66],[109.9165,-7.6605],[109.92,-7.6725],[109.921,-7.6725],[109.923,-7.6735],[109.9265,-7.6725],[109.9275,-7.671],[109.928,-7.6685],[109.9325,-7.6685]]]},"properties":{"code":"33.06.12.2012","name":"Rebug"}},{"type":"Feature","geometry":{"type":"Polygon","coordinates":[[[109.9495,-7.6515],[109.9345,-7.6495],[109.9325,-7.65],[109.933,-7.65],[109.933,-7.6515],[109.933,-7.6525],[109.933,-7.6555],[109.933,-7.658],[109.933,-7.6585],[109.933,-7.663],[109.933,-7.665],[109.9325,-7.67],[109.94,-7.676],[109.9445,-7.673],[109.9465,-7.673],[109.9475,-7.672],[109.948,-7.6725],[109.9485,-7.6725],[109.948,-7.6695],[109.945,-7.6685],[109.944,-7.6665],[109.949,-7.658],[109.9495,-7.6515]]]},"properties":{"code":"33.06.12.2013","name":"Loning"}},{"type":"Feature","geometry":{"type":"Polygon","coordinates":[[[109.957,-7.6705],[109.9575,-7.6695],[109.9575,-7.6685],[109.949,-7.658],[109.944,-7.6665],[109.945,-7.6685],[109.948,-7.6695],[109.947,-7.6705],[109.9485,-7.6725],[109.9485,-7.674],[109.9495,-7.675],[109.9505,-7.6755],[109.9515,-7.674],[109.957,-7.6705]]]},"properties":{"code":"33.06.12.2014","name":"Winong"}},{"type":"Feature","geometry":{"type":"Polygon","coordinates":[[[109.967,-7.656],[109.9565,-7.654],[109.9545,-7.6535],[109.9545,-7.6525],[109.951,-7.65],[109.9505,-7.6515],[109.9495,-7.6515],[109.949,-7.658],[109.9575,-7.6685],[109.9575,-7.6695],[109.9575,-7.67],[109.9655,-7.664],[109.967,-7.6615],[109.966,-7.6605],[109.967,-7.656]]]},"properties":{"code":"33.06.12.2015","name":"Sutoragan"}},{"type":"Feature","geometry":{"type":"Polygon","coordinates":[[[109.953,-7.6415],[109.9505,-7.641],[109.951,-7.641],[109.9515,-7.642],[109.952,-7.644],[109.952,-7.6475],[109.95,-7.6495],[109.9525,-7.651],[109.9545,-7.6525],[109.9545,-7.6535],[109.9565,-7.654],[109.967,-7.656],[109.966,-7.654],[109.966,-7.6505],[109.966,-7.649],[109.9615,-7.645],[109.96,-7.643],[109.9585,-7.642],[109.953,-7.6415]]]},"properties":{"code":"33.06.12.2016","name":"Jatiwangsan"}},{"type":"Feature","geometry":{"type":"Polygon","coordinates":[[[109.963,-7.6215],[109.9615,-7.6205],[109.959,-7.62],[109.959,-7.6195],[109.959,-7.617],[109.9565,-7.6205],[109.957,-7.623],[109.96,-7.636],[109.9565,-7.6345],[109.9515,-7.6335],[109.953,-7.6415],[109.9585,-7.642],[109.96,-7.643],[109.9615,-7.645],[109.966,-7.649],[109.9665,-7.649],[109.966,-7.6475],[109.966,-7.6465],[109.9675,-7.6255],[109.9715,-7.6215],[109.972,-7.621],[109.9725,-7.62],[109.971,-7.62],[109.9705,-7.6205],[109.9665,-7.624],[109.9625,-7.624],[109.963,-7.6215]]]},"properties":{"code":"33.06.12.2017","name":"Girimulyo"}},{"type":"Feature","geometry":{"type":"Polygon","coordinates":[[[109.959,-7.617],[109.9595,-7.616],[109.951,-7.62],[109.946,-7.6185],[109.9455,-7.6095],[109.947,-7.605],[109.942,-7.598],[109.9395,-7.603],[109.9345,-7.6085],[109.9335,-7.609],[109.933,-7.609],[109.9295,-7.612],[109.928,-7.613],[109.93,-7.6155],[109.9335,-7.6175],[109.935,-7.619],[109.9365,-7.617],[109.939,-7.618],[109.939,-7.6215],[109.9465,-7.6355],[109.9485,-7.635],[109.9515,-7.6335],[109.9565,-7.6345],[109.96,-7.636],[109.957,-7.623],[109.9565,-7.6205],[109.959,-7.617]]]},"properties":{"code":"33.06.12.2018","name":"Girijoyo"}},{"type":"Feature","geometry":{"type":"Polygon","coordinates":[[[109.9515,-7.6335],[109.9485,-7.635],[109.9465,-7.6355],[109.939,-7.6215],[109.939,-7.618],[109.9365,-7.617],[109.935,-7.619],[109.935,-7.62],[109.936,-7.6215],[109.933,-7.6445],[109.9315,-7.647],[109.929,-7.6475],[109.9315,-7.649],[109.932,-7.65],[109.9345,-7.6495],[109.9495,-7.6515],[109.9505,-7.6515],[109.951,-7.65],[109.95,-7.6495],[109.952,-7.6475],[109.952,-7.644],[109.9515,-7.642],[109.951,-7.641],[109.9505,-7.641],[109.953,-7.6415],[109.9515,-7.6335]]]},"properties":{"code":"33.06.12.2019","name":"Turus"}},{"type":"Feature","geometry":{"type":"Polygon","coordinates":[[[109.935,-7.619],[109.9335,-7.6175],[109.93,-7.6155],[109.928,-7.613],[109.9275,-7.6135],[109.925,-7.6145],[109.923,-7.616],[109.9215,-7.627],[109.9285,-7.6345],[109.92,-7.643],[109.921,-7.6505],[109.924,-7.6515],[109.925,-7.652],[109.926,-7.6505],[109.929,-7.6475],[109.9315,-7.647],[109.933,-7.6445],[109.936,-7.6215],[109.935,-7.62],[109.935,-7.619]]]},"properties":{"code":"33.06.12.2020","name":"Dilem"}},{"type":"Feature","geometry":{"type":"Polygon","coordinates":[[[109.9325,-7.65],[109.932,-7.65],[109.9315,-7.649],[109.929,-7.6475],[109.9265,-7.6525],[109.915,-7.659],[109.915,-7.661],[109.917,-7.66],[109.9185,-7.6605],[109.9185,-7.66],[109.919,-7.66],[109.9215,-7.6625],[109.9255,-7.661],[109.927,-7.6625],[109.9295,-7.6605],[109.9315,-7.659],[109.933,-7.659],[109.933,-7.6585],[109.933,-7.658],[109.933,-7.6555],[109.933,-7.6525],[109.933,-7.6515],[109.933,-7.65],[109.9325,-7.65]]]},"properties":{"code":"33.06.12.2021","name":"Kedunglo"}},{"type":"Feature","geometry":{"type":"Polygon","coordinates":[[[109.924,-7.6135],[109.918,-7.6105],[109.917,-7.611],[109.9165,-7.6375],[109.9125,-7.6405],[109.9125,-7.644],[109.9145,-7.6555],[109.915,-7.659],[109.9265,-7.6525],[109.929,-7.6475],[109.926,-7.6505],[109.925,-7.652],[109.924,-7.6515],[109.921,-7.6505],[109.92,-7.643],[109.9285,-7.6345],[109.9215,-7.627],[109.923,-7.616],[109.924,-7.6135]]]},"properties":{"code":"33.06.12.2022","name":"Wonosuko"}},{"type":"Feature","geometry":{"type":"Polygon","coordinates":[[[109.9125,-7.6425],[109.912,-7.642],[109.9105,-7.642],[109.9095,-7.6455],[109.9065,-7.6475],[109.9065,-7.648],[109.907,-7.6485],[109.9065,-7.65],[109.8995,-7.6625],[109.8995,-7.667],[109.8995,-7.6675],[109.9005,-7.6675],[109.9005,-7.6685],[109.903,-7.6695],[109.905,-7.669],[109.913,-7.6575],[109.9145,-7.657],[109.9145,-7.6555],[109.9125,-7.644],[109.9125,-7.6425]]]},"properties":{"code":"33.06.12.2023","name":"Sidodadi"}},{"type":"Feature","geometry":{"type":"Polygon","coordinates":[[[109.8995,-7.6625],[109.8915,-7.6595],[109.888,-7.6675],[109.887,-7.6715],[109.8975,-7.671],[109.8985,-7.6715],[109.9,-7.6685],[109.8995,-7.667],[109.8995,-7.6625]]]},"properties":{"code":"33.06.12.2024","name":"Kalimeneng"}},{"type":"Feature","geometry":{"type":"Polygon","coordinates":[[[109.898,-7.6715],[109.8975,-7.671],[109.887,-7.6715],[109.8865,-7.6735],[109.884,-7.6795],[109.892,-7.682],[109.8945,-7.681],[109.8945,-7.6805],[109.898,-7.6715]]]},"properties":{"code":"33.06.12.2025","name":"Kemirilor"}},{"type":"Feature","geometry":{"type":"Polygon","coordinates":[[[109.884,-7.6795],[109.8805,-7.682],[109.881,-7.682],[109.881,-7.683],[109.88,-7.689],[109.88,-7.691],[109.881,-7.691],[109.881,-7.692],[109.8865,-7.6915],[109.888,-7.684],[109.892,-7.682],[109.884,-7.6795]]]},"properties":{"code":"33.06.12.2026","name":"Kerep"}},{"type":"Feature","geometry":{"type":"Polygon","coordinates":[[[109.879,-7.671],[109.8685,-7.68],[109.868,-7.681],[109.8685,-7.6815],[109.8695,-7.6815],[109.8735,-7.6825],[109.88,-7.682],[109.8805,-7.682],[109.884,-7.6795],[109.8865,-7.6735],[109.881,-7.671],[109.879,-7.672],[109.879,-7.671]]]},"properties":{"code":"33.06.12.2027","name":"Kroyolor"}},{"type":"Feature","geometry":{"type":"Polygon","coordinates":[[[109.881,-7.655],[109.867,-7.644],[109.8645,-7.6465],[109.8625,-7.648],[109.8625,-7.649],[109.8615,-7.656],[109.861,-7.659],[109.8595,-7.6605],[109.8615,-7.67],[109.8625,-7.671],[109.8625,-7.6715],[109.862,-7.672],[109.8685,-7.6805],[109.8685,-7.68],[109.879,-7.671],[109.879,-7.669],[109.881,-7.655]]]},"properties":{"code":"33.06.12.2028","name":"Samping"}},{"type":"Feature","geometry":{"type":"Polygon","coordinates":[[[109.8595,-7.6605],[109.8565,-7.66],[109.8545,-7.6605],[109.8535,-7.66],[109.8545,-7.662],[109.8545,-7.6675],[109.8545,-7.6685],[109.854,-7.6695],[109.855,-7.6695],[109.8615,-7.67],[109.8595,-7.6605]]]},"properties":{"code":"33.06.12.2029","name":"Wonosari"}},{"type":"Feature","geometry":{"type":"Polygon","coordinates":[[[109.8655,-7.6365],[109.8595,-7.6245],[109.8585,-7.626],[109.85,-7.637],[109.849,-7.639],[109.863,-7.6465],[109.8645,-7.6465],[109.867,-7.644],[109.8675,-7.642],[109.867,-7.6375],[109.8655,-7.6365]]]},"properties":{"code":"33.06.12.2030","name":"Kaliglagah"}},{"type":"Feature","geometry":{"type":"Polygon","coordinates":[[[109.863,-7.6465],[109.849,-7.639],[109.847,-7.641],[109.847,-7.644],[109.8465,-7.6455],[109.8485,-7.651],[109.8525,-7.657],[109.8525,-7.658],[109.8535,-7.66],[109.8545,-7.6605],[109.8565,-7.66],[109.8595,-7.6605],[109.861,-7.659],[109.8615,-7.656],[109.8625,-7.649],[109.8625,-7.648],[109.863,-7.6465]]]},"properties":{"code":"33.06.12.2031","name":"Kapiteran"}},{"type":"Feature","geometry":{"type":"Polygon","coordinates":[[[109.8855,-7.6505],[109.8775,-7.6335],[109.8765,-7.632],[109.8655,-7.6365],[109.867,-7.6375],[109.8675,-7.642],[109.867,-7.644],[109.881,-7.655],[109.8825,-7.6535],[109.8855,-7.6505]]]},"properties":{"code":"33.06.12.2032","name":"Wanurojo"}},{"type":"Feature","geometry":{"type":"Polygon","coordinates":[[[109.8915,-7.6595],[109.888,-7.6485],[109.8855,-7.6505],[109.8825,-7.6535],[109.881,-7.655],[109.879,-7.669],[109.879,-7.672],[109.881,-7.671],[109.888,-7.6675],[109.8915,-7.6595]]]},"properties":{"code":"33.06.12.2033","name":"Rejowinangun"}},{"type":"Feature","geometry":{"type":"Polygon","coordinates":[[[109.9005,-7.6405],[109.899,-7.6405],[109.888,-7.6485],[109.8915,-7.6595],[109.8995,-7.6625],[109.9065,-7.65],[109.907,-7.6485],[109.9065,-7.648],[109.906,-7.647],[109.9005,-7.6405]]]},"properties":{"code":"33.06.12.2034","name":"Kaliurip"}},{"type":"Feature","geometry":{"type":"Polygon","coordinates":[[[109.917,-7.611],[109.916,-7.6105],[109.911,-7.6105],[109.9085,-7.6105],[109.908,-7.611],[109.907,-7.613],[109.906,-7.6155],[109.9045,-7.6195],[109.9025,-7.6235],[109.901,-7.628],[109.901,-7.63],[109.9005,-7.6345],[109.9005,-7.637],[109.9005,-7.6405],[109.906,-7.647],[109.9065,-7.6475],[109.9095,-7.6455],[109.9105,-7.642],[109.912,-7.642],[109.9125,-7.6425],[109.9125,-7.6405],[109.9165,-7.6375],[109.917,-7.611]]]},"properties":{"code":"33.06.12.2035","name":"Kedungpomahanwetan"}},{"type":"Feature","geometry":{"type":"Polygon","coordinates":[[[109.9085,-7.6105],[109.9045,-7.611],[109.886,-7.609],[109.894,-7.6155],[109.901,-7.6295],[109.901,-7.628],[109.9025,-7.6235],[109.9045,-7.6195],[109.906,-7.6155],[109.907,-7.613],[109.908,-7.611],[109.9085,-7.6105]]]},"properties":{"code":"33.06.12.2036","name":"Karangluas"}},{"type":"Feature","geometry":{"type":"Polygon","coordinates":[[[109.901,-7.6295],[109.894,-7.6155],[109.886,-7.609],[109.879,-7.623],[109.879,-7.6245],[109.879,-7.6265],[109.876,-7.6305],[109.8775,-7.6335],[109.8855,-7.6505],[109.888,-7.6485],[109.899,-7.6405],[109.9005,-7.6405],[109.9005,-7.637],[109.9005,-7.6345],[109.901,-7.63],[109.901,-7.6295]]]},"properties":{"code":"33.06.12.2037","name":"Kedungpomahankulon"}},{"type":"Feature","geometry":{"type":"Polygon","coordinates":[[[109.8695,-7.6195],[109.863,-7.615],[109.8615,-7.6205],[109.8605,-7.62],[109.86,-7.6215],[109.8595,-7.6245],[109.8655,-7.6365],[109.8765,-7.632],[109.876,-7.6305],[109.879,-7.6265],[109.879,-7.6245],[109.879,-7.624],[109.8775,-7.624],[109.877,-7.624],[109.875,-7.6245],[109.8725,-7.6245],[109.8695,-7.6195]]]},"properties":{"code":"33.06.12.2038","name":"Sukogelap"}},{"type":"Feature","geometry":{"type":"Polygon","coordinates":[[[109.886,-7.609],[109.885,-7.6075],[109.884,-7.6075],[109.882,-7.6095],[109.8695,-7.6195],[109.8725,-7.6245],[109.875,-7.6245],[109.877,-7.624],[109.8775,-7.624],[109.879,-7.624],[109.879,-7.623],[109.886,-7.609]]]},"properties":{"code":"33.06.12.2039","name":"Gunungteges"}},{"type":"Feature","geometry":{"type":"Polygon","coordinates":[[[109.886,-7.5915],[109.8765,-7.5915],[109.8735,-7.591],[109.873,-7.591],[109.863,-7.615],[109.8695,-7.6195],[109.882,-7.6095],[109.884,-7.6075],[109.885,-7.6075],[109.885,-7.6065],[109.884,-7.6015],[109.8845,-7.6],[109.8845,-7.5955],[109.8855,-7.594],[109.8865,-7.592],[109.886,-7.5915]]]},"properties":{"code":"33.06.12.2040","name":"Purbayan"}},{"type":"Feature","geometry":{"type":"Polygon","coordinates":[[[109.979,-7.6015],[109.9585,-7.5965],[109.962,-7.587],[109.9625,-7.5835],[109.957,-7.579],[109.953,-7.58],[109.95,-7.582],[109.9475,-7.5835],[109.9465,-7.5845],[109.944,-7.587],[109.9425,-7.5885],[109.942,-7.598],[109.947,-7.605],[109.9455,-7.6095],[109.946,-7.6185],[109.951,-7.62],[109.9595,-7.616],[109.959,-7.6195],[109.959,-7.62],[109.9615,-7.6205],[109.963,-7.6215],[109.9635,-7.6185],[109.9755,-7.609],[109.9765,-7.6075],[109.979,-7.6015]]]},"properties":{"code":"33.06.13.2001","name":"Puspo"}},{"type":"Feature","geometry":{"type":"Polygon","coordinates":[[[109.9265,-7.592],[109.9145,-7.591],[109.9145,-7.592],[109.9145,-7.6105],[109.916,-7.6105],[109.918,-7.6105],[109.924,-7.6135],[109.925,-7.6145],[109.9275,-7.6135],[109.9295,-7.612],[109.933,-7.609],[109.9335,-7.609],[109.9345,-7.6085],[109.9395,-7.603],[109.942,-7.598],[109.9265,-7.5925],[109.9265,-7.592]]]},"properties":{"code":"33.06.13.2002","name":"Plipiran"}},{"type":"Feature","geometry":{"type":"Polygon","coordinates":[[[109.912,-7.5765],[109.8965,-7.573],[109.893,-7.5715],[109.8905,-7.574],[109.8875,-7.59],[109.8865,-7.591],[109.8865,-7.592],[109.8855,-7.594],[109.8845,-7.5955],[109.8845,-7.6],[109.884,-7.6015],[109.885,-7.6065],[109.886,-7.609],[109.9045,-7.611],[109.9085,-7.6105],[109.9145,-7.6105],[109.9145,-7.592],[109.914,-7.5885],[109.912,-7.5765]]]},"properties":{"code":"33.06.13.2003","name":"Pakisarum"}},{"type":"Feature","geometry":{"type":"Polygon","coordinates":[[[109.932,-7.568],[109.93,-7.566],[109.921,-7.5585],[109.9245,-7.565],[109.925,-7.5725],[109.912,-7.5765],[109.914,-7.5885],[109.9145,-7.591],[109.9265,-7.592],[109.9265,-7.5915],[109.928,-7.5905],[109.927,-7.5875],[109.927,-7.5815],[109.9285,-7.577],[109.933,-7.5745],[109.9325,-7.572],[109.9335,-7.5695],[109.932,-7.568]]]},"properties":{"code":"33.06.13.2004","name":"Brunorejo"}},{"type":"Feature","geometry":{"type":"Polygon","coordinates":[[[109.949,-7.5645],[109.9355,-7.564],[109.933,-7.5645],[109.9335,-7.566],[109.934,-7.567],[109.9335,-7.5695],[109.9325,-7.572],[109.933,-7.5745],[109.9285,-7.577],[109.927,-7.5815],[109.927,-7.5875],[109.928,-7.5905],[109.9265,-7.5915],[109.9265,-7.5925],[109.942,-7.598],[109.9425,-7.5885],[109.944,-7.587],[109.9465,-7.5845],[109.9475,-7.5835],[109.95,-7.582],[109.953,-7.58],[109.956,-7.579],[109.9485,-7.5665],[109.9495,-7.5655],[109.949,-7.5645]]]},"properties":{"code":"33.06.13.2005","name":"Brunosari"}},{"type":"Feature","geometry":{"type":"Polygon","coordinates":[[[109.9725,-7.569],[109.9725,-7.5695],[109.972,-7.5695],[109.968,-7.569],[109.966,-7.57],[109.9595,-7.5695],[109.9515,-7.5655],[109.949,-7.5655],[109.9485,-7.5665],[109.956,-7.579],[109.957,-7.579],[109.9625,-7.5835],[109.962,-7.587],[109.9585,-7.5965],[109.979,-7.6015],[109.9805,-7.5925],[109.9755,-7.587],[109.9755,-7.586],[109.9825,-7.5775],[109.9735,-7.569],[109.9725,-7.569]]]},"properties":{"code":"33.06.13.2006","name":"Somoleter"}},{"type":"Feature","geometry":{"type":"Polygon","coordinates":[[[109.9675,-7.5545],[109.9675,-7.5535],[109.9575,-7.5485],[109.9495,-7.5615],[109.949,-7.5645],[109.9495,-7.5655],[109.949,-7.5655],[109.9515,-7.5655],[109.9595,-7.5695],[109.966,-7.57],[109.968,-7.569],[109.9715,-7.5695],[109.9725,-7.5695],[109.9725,-7.569],[109.9725,-7.5695],[109.9715,-7.569],[109.9715,-7.5665],[109.9695,-7.5635],[109.9685,-7.563],[109.968,-7.5615],[109.9675,-7.555],[109.9675,-7.5545]]]},"properties":{"code":"33.06.13.2007","name":"Blimbing"}},{"type":"Feature","geometry":{"type":"Polygon","coordinates":[[[109.933,-7.5455],[109.932,-7.546],[109.931,-7.5455],[109.92,-7.544],[109.9155,-7.5465],[109.9135,-7.547],[109.919,-7.556],[109.921,-7.5585],[109.93,-7.566],[109.932,-7.568],[109.934,-7.567],[109.9335,-7.566],[109.933,-7.5645],[109.9355,-7.564],[109.949,-7.5645],[109.9495,-7.5615],[109.9345,-7.5585],[109.9345,-7.547],[109.933,-7.5455]]]},"properties":{"code":"33.06.13.2008","name":"Gowong"}},{"type":"Feature","geometry":{"type":"Polygon","coordinates":[[[109.9135,-7.547],[109.9125,-7.548],[109.9105,-7.5475],[109.902,-7.539],[109.901,-7.5395],[109.894,-7.551],[109.9055,-7.5565],[109.912,-7.5765],[109.925,-7.5725],[109.9245,-7.565],[109.921,-7.5585],[109.919,-7.556],[109.9135,-7.547]]]},"properties":{"code":"33.06.13.2009","name":"Brondong"}},{"type":"Feature","geometry":{"type":"Polygon","coordinates":[[[109.894,-7.551],[109.8935,-7.552],[109.8915,-7.5545],[109.8875,-7.554],[109.8825,-7.5515],[109.88,-7.551],[109.8775,-7.5505],[109.876,-7.5505],[109.8755,-7.5525],[109.871,-7.5595],[109.877,-7.5595],[109.877,-7.5605],[109.877,-7.5625],[109.8795,-7.5625],[109.881,-7.563],[109.882,-7.5635],[109.8825,-7.5685],[109.8815,-7.5695],[109.885,-7.572],[109.8905,-7.574],[109.893,-7.5715],[109.8965,-7.573],[109.912,-7.5765],[109.9055,-7.5565],[109.894,-7.551]]]},"properties":{"code":"33.06.13.2010","name":"Cepedak"}},{"type":"Feature","geometry":{"type":"Polygon","coordinates":[[[109.8905,-7.574],[109.885,-7.572],[109.8815,-7.5695],[109.881,-7.57],[109.8715,-7.583],[109.8695,-7.5845],[109.8725,-7.59],[109.8735,-7.591],[109.8765,-7.5915],[109.886,-7.5915],[109.8865,-7.591],[109.8875,-7.59],[109.8905,-7.574]]]},"properties":{"code":"33.06.13.2011","name":"Gunungcondong"}},{"type":"Feature","geometry":{"type":"Polygon","coordinates":[[[109.877,-7.5625],[109.877,-7.565],[109.873,-7.5675],[109.872,-7.5705],[109.869,-7.5695],[109.858,-7.561],[109.8575,-7.561],[109.861,-7.5695],[109.8655,-7.573],[109.8625,-7.5805],[109.863,-7.5835],[109.8695,-7.5845],[109.8715,-7.583],[109.881,-7.57],[109.8825,-7.5685],[109.882,-7.5635],[109.881,-7.563],[109.8795,-7.5625],[109.877,-7.5625]]]},"properties":{"code":"33.06.13.2012","name":"Kemranggen"}},{"type":"Feature","geometry":{"type":"Polygon","coordinates":[[[109.8775,-7.5505],[109.8735,-7.544],[109.8735,-7.5455],[109.8585,-7.5605],[109.858,-7.561],[109.869,-7.5695],[109.872,-7.5705],[109.873,-7.5675],[109.877,-7.565],[109.877,-7.5605],[109.877,-7.5595],[109.871,-7.5595],[109.8755,-7.5525],[109.876,-7.5505],[109.8775,-7.5505]]]},"properties":{"code":"33.06.13.2013","name":"Karanggedang"}},{"type":"Feature","geometry":{"type":"Polygon","coordinates":[[[109.886,-7.5295],[109.885,-7.5295],[109.874,-7.5265],[109.8715,-7.528],[109.867,-7.5355],[109.868,-7.5365],[109.8725,-7.542],[109.8735,-7.544],[109.8775,-7.5505],[109.88,-7.551],[109.8825,-7.5515],[109.8875,-7.554],[109.8915,-7.5545],[109.8935,-7.552],[109.894,-7.551],[109.901,-7.5395],[109.886,-7.5295]]]},"properties":{"code":"33.06.13.2014","name":"Giyombong"}},{"type":"Feature","geometry":{"type":"Polygon","coordinates":[[[109.9055,-7.519],[109.8865,-7.529],[109.886,-7.5295],[109.901,-7.5395],[109.911,-7.5205],[109.91,-7.5205],[109.9055,-7.519]]]},"properties":{"code":"33.06.13.2015","name":"Kambangan"}},{"type":"Feature","geometry":{"type":"Polygon","coordinates":[[[109.9315,-7.528],[109.9115,-7.5205],[109.911,-7.5205],[109.901,-7.5395],[109.902,-7.539],[109.9105,-7.5475],[109.9125,-7.548],[109.9135,-7.547],[109.9155,-7.5465],[109.92,-7.544],[109.931,-7.5455],[109.932,-7.546],[109.933,-7.5455],[109.9335,-7.545],[109.9325,-7.54],[109.9325,-7.5375],[109.932,-7.5305],[109.9315,-7.528]]]},"properties":{"code":"33.06.13.2016","name":"Watuduwur"}},{"type":"Feature","geometry":{"type":"Polygon","coordinates":[[[109.9505,-7.53],[109.941,-7.534],[109.9315,-7.528],[109.932,-7.5305],[109.9325,-7.5375],[109.9325,-7.54],[109.9335,-7.545],[109.9345,-7.547],[109.9345,-7.5585],[109.9495,-7.5615],[109.9575,-7.5485],[109.9535,-7.5405],[109.952,-7.5395],[109.952,-7.5385],[109.953,-7.5335],[109.9505,-7.53]]]},"properties":{"code":"33.06.13.2017","name":"Kaliwungu"}},{"type":"Feature","geometry":{"type":"Polygon","coordinates":[[[109.954,-7.531],[109.9505,-7.53],[109.953,-7.5335],[109.952,-7.5385],[109.952,-7.5395],[109.9535,-7.5405],[109.9575,-7.5485],[109.9675,-7.5535],[109.9675,-7.554],[109.9675,-7.5545],[109.9675,-7.554],[109.969,-7.5545],[109.9705,-7.5535],[109.9705,-7.5505],[109.9715,-7.5495],[109.973,-7.5385],[109.9725,-7.5375],[109.9735,-7.535],[109.954,-7.531]]]},"properties":{"code":"33.06.13.2018","name":"Tegalsari"}},{"type":"Feature","geometry":{"type":"Polygon","coordinates":[[[109.9995,-7.697],[109.9985,-7.6955],[109.9985,-7.6945],[109.997,-7.694],[109.9965,-7.6925],[109.991,-7.6895],[109.9895,-7.689],[109.989,-7.688],[109.988,-7.687],[109.9825,-7.692],[109.983,-7.696],[109.983,-7.698],[109.9825,-7.6985],[109.984,-7.7005],[109.9845,-7.702],[109.9855,-7.702],[109.9865,-7.703],[109.989,-7.702],[109.991,-7.7035],[109.9935,-7.7015],[109.9945,-7.7005],[110.0005,-7.701],[110.0005,-7.7005],[110,-7.6985],[109.9995,-7.697]]]},"properties":{"code":"33.06.14.1003","name":"Lugosobo"}},{"type":"Feature","geometry":{"type":"Polygon","coordinates":[[[109.9675,-7.676],[109.9585,-7.67],[109.957,-7.6705],[109.9515,-7.674],[109.9505,-7.6755],[109.951,-7.676],[109.9505,-7.6785],[109.9485,-7.6815],[109.951,-7.681],[109.9525,-7.6815],[109.9565,-7.6825],[109.958,-7.6825],[109.9605,-7.6825],[109.9615,-7.6825],[109.962,-7.682],[109.9635,-7.6815],[109.966,-7.679],[109.9675,-7.677],[109.967,-7.6755],[109.9675,-7.676]]]},"properties":{"code":"33.06.14.2001","name":"Winongkidul"}},{"type":"Feature","geometry":{"type":"Polygon","coordinates":[[[109.985,-7.679],[109.983,-7.6795],[109.982,-7.679],[109.9805,-7.678],[109.9765,-7.6755],[109.9735,-7.6745],[109.9735,-7.675],[109.972,-7.674],[109.9715,-7.674],[109.969,-7.6765],[109.967,-7.6755],[109.9675,-7.677],[109.966,-7.679],[109.9635,-7.6815],[109.962,-7.682],[109.9615,-7.6825],[109.961,-7.6825],[109.9615,-7.683],[109.961,-7.6875],[109.9625,-7.687],[109.966,-7.6885],[109.976,-7.691],[109.9825,-7.692],[109.988,-7.687],[109.9885,-7.6855],[109.988,-7.683],[109.988,-7.6825],[109.9865,-7.6815],[109.987,-7.6795],[109.9865,-7.68],[109.9865,-7.6795],[109.985,-7.679]]]},"properties":{"code":"33.06.14.2002","name":"Seren"}},{"type":"Feature","geometry":{"type":"Polygon","coordinates":[[[110.003,-7.6905],[110.004,-7.679],[110.004,-7.677],[110.0045,-7.673],[109.9995,-7.674],[109.9995,-7.677],[109.988,-7.6825],[109.988,-7.683],[109.9885,-7.6855],[109.988,-7.687],[109.989,-7.688],[109.9895,-7.689],[109.991,-7.6895],[109.9965,-7.6925],[109.997,-7.694],[109.9985,-7.6945],[109.9985,-7.6955],[109.9995,-7.697],[109.9995,-7.6965],[110.003,-7.6905]]]},"properties":{"code":"33.06.14.2004","name":"Gintungan"}},{"type":"Feature","geometry":{"type":"Polygon","coordinates":[[[110.0165,-7.6705],[110.0115,-7.6705],[110.005,-7.669],[110.0045,-7.673],[110.004,-7.677],[110.004,-7.679],[110.003,-7.6905],[110.0055,-7.693],[110.007,-7.6935],[110.0085,-7.694],[110.011,-7.6905],[110.011,-7.6895],[110.013,-7.688],[110.014,-7.6885],[110.015,-7.69],[110.0155,-7.6885],[110.015,-7.6875],[110.0145,-7.676],[110.016,-7.675],[110.0165,-7.6705]]]},"properties":{"code":"33.06.14.2005","name":"Bulus"}},{"type":"Feature","geometry":{"type":"Polygon","coordinates":[[[110.005,-7.669],[109.993,-7.6675],[109.9915,-7.6705],[109.9885,-7.673],[109.986,-7.678],[109.9855,-7.679],[109.985,-7.679],[109.986,-7.679],[109.9865,-7.68],[109.987,-7.6795],[109.9865,-7.6815],[109.988,-7.6825],[109.9995,-7.677],[109.9995,-7.674],[110.0045,-7.673],[110.005,-7.669]]]},"properties":{"code":"33.06.14.2006","name":"Rendeng"}},{"type":"Feature","geometry":{"type":"Polygon","coordinates":[[[109.9825,-7.663],[109.981,-7.6625],[109.9775,-7.6625],[109.9765,-7.664],[109.9755,-7.6655],[109.975,-7.6665],[109.973,-7.6705],[109.972,-7.674],[109.9735,-7.675],[109.9735,-7.6745],[109.9765,-7.6755],[109.9805,-7.678],[109.982,-7.679],[109.983,-7.6795],[109.984,-7.6795],[109.9845,-7.679],[109.9855,-7.679],[109.986,-7.678],[109.9885,-7.673],[109.989,-7.6705],[109.9885,-7.6665],[109.9845,-7.6645],[109.9825,-7.663]]]},"properties":{"code":"33.06.14.2007","name":"Kroyo"}},{"type":"Feature","geometry":{"type":"Polygon","coordinates":[[[109.9765,-7.664],[109.969,-7.6585],[109.9665,-7.6605],[109.967,-7.6615],[109.9655,-7.664],[109.9575,-7.67],[109.9585,-7.67],[109.9675,-7.676],[109.969,-7.6765],[109.9715,-7.674],[109.973,-7.6705],[109.975,-7.6665],[109.9755,-7.6655],[109.9765,-7.664]]]},"properties":{"code":"33.06.14.2008","name":"Winonglor"}},{"type":"Feature","geometry":{"type":"Polygon","coordinates":[[[109.9765,-7.6465],[109.97,-7.646],[109.969,-7.647],[109.968,-7.6475],[109.9665,-7.647],[109.966,-7.6475],[109.9665,-7.649],[109.966,-7.6505],[109.966,-7.654],[109.967,-7.656],[109.966,-7.6605],[109.9665,-7.6605],[109.969,-7.6585],[109.9765,-7.664],[109.9775,-7.6625],[109.981,-7.6625],[109.9825,-7.663],[109.983,-7.663],[109.983,-7.661],[109.983,-7.655],[109.979,-7.653],[109.98,-7.652],[109.981,-7.6515],[109.981,-7.65],[109.9765,-7.65],[109.9765,-7.649],[109.9765,-7.648],[109.9765,-7.6465]]]},"properties":{"code":"33.06.14.2009","name":"Mlaran"}},{"type":"Feature","geometry":{"type":"Polygon","coordinates":[[[109.994,-7.6345],[109.994,-7.633],[109.9925,-7.6335],[109.9925,-7.634],[109.9915,-7.6345],[109.985,-7.6375],[109.9815,-7.64],[109.9805,-7.6395],[109.9795,-7.64],[109.9795,-7.6415],[109.9805,-7.643],[109.9795,-7.6435],[109.9775,-7.646],[109.9765,-7.648],[109.9765,-7.649],[109.9765,-7.65],[109.981,-7.65],[109.981,-7.6515],[109.98,-7.652],[109.979,-7.653],[109.983,-7.655],[109.986,-7.6565],[109.994,-7.6345]]]},"properties":{"code":"33.06.14.2010","name":"Pelutan"}},{"type":"Feature","geometry":{"type":"Polygon","coordinates":[[[110,-7.6365],[109.996,-7.6345],[109.994,-7.6345],[109.986,-7.6565],[109.983,-7.661],[109.983,-7.663],[109.9825,-7.663],[109.9845,-7.6645],[109.986,-7.665],[109.9885,-7.662],[109.99,-7.659],[109.99,-7.6575],[109.994,-7.6575],[109.9995,-7.6425],[110.001,-7.642],[109.9995,-7.638],[110,-7.6365]]]},"properties":{"code":"33.06.14.2011","name":"Bendosari"}},{"type":"Feature","geometry":{"type":"Polygon","coordinates":[[[110.0015,-7.643],[109.9995,-7.6425],[109.994,-7.6575],[109.99,-7.6575],[109.99,-7.659],[109.9885,-7.662],[109.986,-7.665],[109.9885,-7.6665],[109.989,-7.6705],[109.9915,-7.6705],[109.993,-7.6675],[109.993,-7.6665],[109.994,-7.6655],[109.9945,-7.661],[109.996,-7.6605],[110.0005,-7.657],[110,-7.656],[109.9985,-7.654],[109.9995,-7.652],[110,-7.6485],[110.0005,-7.6445],[110.0015,-7.643]]]},"properties":{"code":"33.06.14.2012","name":"Gebang"}},{"type":"Feature","geometry":{"type":"Polygon","coordinates":[[[110.011,-7.644],[110.007,-7.6385],[110.0035,-7.64],[110.0025,-7.642],[110.0005,-7.6445],[110,-7.6485],[109.9995,-7.652],[109.9985,-7.654],[110,-7.656],[110.001,-7.657],[110.011,-7.644]]]},"properties":{"code":"33.06.14.2013","name":"Salam"}},{"type":"Feature","geometry":{"type":"Polygon","coordinates":[[[110.016,-7.645],[110.011,-7.644],[110.001,-7.657],[110.0005,-7.657],[109.996,-7.6605],[109.9945,-7.661],[109.994,-7.6655],[109.993,-7.6665],[109.993,-7.6675],[110.005,-7.669],[110.014,-7.658],[110.0135,-7.6565],[110.016,-7.645]]]},"properties":{"code":"33.06.14.2014","name":"Pakem"}},{"type":"Feature","geometry":{"type":"Polygon","coordinates":[[[110.024,-7.649],[110.017,-7.6455],[110.0165,-7.645],[110.016,-7.645],[110.0135,-7.6565],[110.019,-7.6555],[110.031,-7.659],[110.0305,-7.658],[110.0285,-7.655],[110.024,-7.649]]]},"properties":{"code":"33.06.14.2015","name":"Wonotopo"}},{"type":"Feature","geometry":{"type":"Polygon","coordinates":[[[110.0125,-7.623],[110.004,-7.6245],[110.0025,-7.6245],[110.003,-7.6255],[110.0025,-7.629],[109.9995,-7.634],[110,-7.6365],[109.9995,-7.638],[110.001,-7.642],[110.0015,-7.643],[110.0025,-7.642],[110.0035,-7.64],[110.007,-7.6385],[110.011,-7.644],[110.016,-7.645],[110.0145,-7.641],[110.014,-7.635],[110.0135,-7.6275],[110.0125,-7.6255],[110.0125,-7.625],[110.0125,-7.6235],[110.0125,-7.623]]]},"properties":{"code":"33.06.14.2016","name":"Sidoleren"}},{"type":"Feature","geometry":{"type":"Polygon","coordinates":[[[110.0365,-7.622],[110.035,-7.6225],[110.031,-7.623],[110.0195,-7.6195],[110.015,-7.619],[110.0135,-7.621],[110.013,-7.6215],[110.0125,-7.6235],[110.0125,-7.625],[110.0125,-7.6255],[110.0135,-7.6275],[110.014,-7.635],[110.0145,-7.639],[110.025,-7.6395],[110.034,-7.6385],[110.035,-7.637],[110.0345,-7.635],[110.033,-7.633],[110.035,-7.6245],[110.0365,-7.622]]]},"properties":{"code":"33.06.14.2017","name":"Penungkulan"}},{"type":"Feature","geometry":{"type":"Polygon","coordinates":[[[110.015,-7.619],[110.0145,-7.619],[110.013,-7.6135],[110.013,-7.612],[110.013,-7.6115],[110.013,-7.606],[110.0135,-7.6035],[110.0125,-7.602],[110.0115,-7.601],[110.011,-7.6005],[110.0105,-7.6005],[110.01,-7.601],[110.0085,-7.601],[109.9995,-7.601],[109.9985,-7.6015],[109.99,-7.615],[109.9885,-7.6155],[109.9875,-7.6165],[110.001,-7.6245],[110.004,-7.6245],[110.0125,-7.623],[110.013,-7.6215],[110.0135,-7.621],[110.015,-7.619]]]},"properties":{"code":"33.06.14.2018","name":"Redin"}},{"type":"Feature","geometry":{"type":"Polygon","coordinates":[[[110.0025,-7.6245],[110.001,-7.6245],[109.9875,-7.6165],[109.9845,-7.6195],[109.9895,-7.6285],[109.99,-7.629],[109.99,-7.6355],[109.9915,-7.6345],[109.9925,-7.634],[109.9925,-7.6335],[109.994,-7.633],[109.994,-7.6345],[109.996,-7.6345],[110,-7.6365],[109.9995,-7.634],[110.0025,-7.629],[110.003,-7.6255],[110.0025,-7.6245]]]},"properties":{"code":"33.06.14.2019","name":"Tlogosono"}},{"type":"Feature","geometry":{"type":"Polygon","coordinates":[[[109.99,-7.629],[109.9875,-7.628],[109.984,-7.63],[109.983,-7.6315],[109.9815,-7.633],[109.9815,-7.6325],[109.978,-7.6345],[109.976,-7.6355],[109.9735,-7.638],[109.971,-7.644],[109.97,-7.646],[109.9765,-7.6465],[109.9775,-7.646],[109.9795,-7.6435],[109.9805,-7.643],[109.9795,-7.6415],[109.9795,-7.64],[109.9805,-7.6395],[109.9815,-7.64],[109.985,-7.6375],[109.99,-7.6355],[109.99,-7.629]]]},"properties":{"code":"33.06.14.2020","name":"Ngemplak"}},{"type":"Feature","geometry":{"type":"Polygon","coordinates":[[[109.9815,-7.6325],[109.979,-7.63],[109.9765,-7.6275],[109.968,-7.625],[109.9675,-7.6255],[109.966,-7.6465],[109.966,-7.6475],[109.9665,-7.647],[109.968,-7.6475],[109.969,-7.647],[109.971,-7.644],[109.9735,-7.638],[109.976,-7.6355],[109.978,-7.6345],[109.9815,-7.6325]]]},"properties":{"code":"33.06.14.2021","name":"Kragilan"}},{"type":"Feature","geometry":{"type":"Polygon","coordinates":[[[109.9895,-7.6155],[109.9725,-7.6195],[109.9725,-7.6205],[109.972,-7.621],[109.968,-7.625],[109.9765,-7.6275],[109.979,-7.63],[109.9815,-7.633],[109.983,-7.6315],[109.984,-7.63],[109.9875,-7.628],[109.99,-7.629],[109.9895,-7.6285],[109.9845,-7.6195],[109.9885,-7.6155],[109.9895,-7.6155]]]},"properties":{"code":"33.06.14.2022","name":"Prumben"}},{"type":"Feature","geometry":{"type":"Polygon","coordinates":[[[109.998,-7.596],[109.9805,-7.5925],[109.979,-7.6015],[109.9765,-7.6075],[109.9755,-7.609],[109.9635,-7.6185],[109.9625,-7.624],[109.9665,-7.624],[109.9705,-7.6205],[109.971,-7.62],[109.9725,-7.62],[109.9725,-7.6195],[109.9895,-7.6155],[109.99,-7.615],[109.9985,-7.6015],[109.9995,-7.601],[109.9995,-7.599],[109.9985,-7.5965],[109.998,-7.596]]]},"properties":{"code":"33.06.14.2023","name":"Ngaglik"}},{"type":"Feature","geometry":{"type":"Polygon","coordinates":[[[110.0185,-7.592],[110.019,-7.591],[110.0185,-7.5895],[110.017,-7.586],[110.0155,-7.5865],[110.01,-7.5865],[110.001,-7.5895],[109.999,-7.5895],[109.9975,-7.595],[109.9985,-7.5965],[109.9995,-7.599],[109.9995,-7.601],[110.0085,-7.601],[110.01,-7.601],[110.0105,-7.6005],[110.012,-7.6],[110.0185,-7.592]]]},"properties":{"code":"33.06.14.2024","name":"Kemiri"}},{"type":"Feature","geometry":{"type":"Polygon","coordinates":[[[109.999,-7.5895],[109.998,-7.5895],[109.997,-7.5885],[109.996,-7.585],[109.9955,-7.5775],[109.9965,-7.5765],[109.9955,-7.5755],[109.9825,-7.5775],[109.9755,-7.586],[109.9755,-7.587],[109.9805,-7.5925],[109.998,-7.596],[109.9975,-7.595],[109.999,-7.5895]]]},"properties":{"code":"33.06.14.2025","name":"Kalitengkek"}},{"type":"Feature","geometry":{"type":"Polygon","coordinates":[[[110.0295,-7.6845],[110.0295,-7.6835],[110.02,-7.675],[110.0175,-7.676],[110.016,-7.676],[110.015,-7.6755],[110.0145,-7.676],[110.015,-7.6875],[110.0155,-7.6885],[110.0145,-7.6915],[110.018,-7.693],[110.0205,-7.6915],[110.0215,-7.6895],[110.023,-7.689],[110.026,-7.6895],[110.0295,-7.6845]]]},"properties":{"code":"33.06.15.2001","name":"Kalinongko"}},{"type":"Feature","geometry":{"type":"Polygon","coordinates":[[[110.036,-7.686],[110.0355,-7.6855],[110.031,-7.6845],[110.0295,-7.6845],[110.026,-7.6895],[110.0295,-7.6965],[110.03,-7.7005],[110.033,-7.7045],[110.0335,-7.7035],[110.0385,-7.704],[110.0385,-7.701],[110.037,-7.699],[110.034,-7.6985],[110.036,-7.6955],[110.036,-7.6915],[110.0375,-7.688],[110.037,-7.687],[110.036,-7.686]]]},"properties":{"code":"33.06.15.2002","name":"Trirejo"}},{"type":"Feature","geometry":{"type":"Polygon","coordinates":[[[110.057,-7.675],[110.0425,-7.6735],[110.0405,-7.678],[110.0365,-7.685],[110.036,-7.686],[110.037,-7.687],[110.037,-7.6875],[110.0515,-7.6985],[110.052,-7.6985],[110.056,-7.699],[110.0545,-7.6925],[110.053,-7.6845],[110.0505,-7.682],[110.057,-7.675]]]},"properties":{"code":"33.06.15.2003","name":"Karangrejo"}},{"type":"Feature","geometry":{"type":"Polygon","coordinates":[[[110.0655,-7.6745],[110.057,-7.675],[110.0505,-7.682],[110.053,-7.6845],[110.053,-7.6855],[110.063,-7.6855],[110.062,-7.68],[110.0655,-7.6745]]]},"properties":{"code":"33.06.15.2004","name":"Kalikalong"}},{"type":"Feature","geometry":{"type":"Polygon","coordinates":[[[110.0885,-7.686],[110.084,-7.684],[110.065,-7.677],[110.062,-7.68],[110.063,-7.6855],[110.0715,-7.6895],[110.073,-7.691],[110.0755,-7.689],[110.077,-7.6885],[110.0815,-7.686],[110.084,-7.6855],[110.0885,-7.686]]]},"properties":{"code":"33.06.15.2005","name":"Rimun"}},{"type":"Feature","geometry":{"type":"Polygon","coordinates":[[[110.084,-7.6675],[110.068,-7.6685],[110.0655,-7.6745],[110.065,-7.677],[110.084,-7.684],[110.0885,-7.686],[110.091,-7.686],[110.0905,-7.684],[110.0895,-7.6825],[110.089,-7.6805],[110.0865,-7.678],[110.0835,-7.6715],[110.084,-7.669],[110.0855,-7.6685],[110.084,-7.6675]]]},"properties":{"code":"33.06.15.2006","name":"Tepansari"}},{"type":"Feature","geometry":{"type":"Polygon","coordinates":[[[110.0985,-7.674],[110.095,-7.6725],[110.0855,-7.6685],[110.084,-7.669],[110.0835,-7.6715],[110.0865,-7.678],[110.089,-7.6805],[110.0895,-7.6825],[110.0905,-7.684],[110.091,-7.686],[110.0925,-7.686],[110.094,-7.6855],[110.098,-7.6855],[110.0975,-7.6835],[110.0985,-7.674]]]},"properties":{"code":"33.06.15.2007","name":"Kaliglagah"}},{"type":"Feature","geometry":{"type":"Polygon","coordinates":[[[110.1075,-7.6775],[110.102,-7.6735],[110.0985,-7.674],[110.0975,-7.6835],[110.098,-7.6855],[110.1,-7.6865],[110.1045,-7.6855],[110.1055,-7.685],[110.1075,-7.6825],[110.1075,-7.6775]]]},"properties":{"code":"33.06.15.2008","name":"Tridadi"}},{"type":"Feature","geometry":{"type":"Polygon","coordinates":[[[110.0905,-7.6595],[110.085,-7.6605],[110.084,-7.6675],[110.095,-7.6725],[110.0985,-7.674],[110.102,-7.6735],[110.1075,-7.6775],[110.109,-7.677],[110.1095,-7.676],[110.106,-7.6725],[110.105,-7.6675],[110.1055,-7.6665],[110.1035,-7.6665],[110.0905,-7.6595]]]},"properties":{"code":"33.06.15.2009","name":"Banyuasin Separe"}},{"type":"Feature","geometry":{"type":"Polygon","coordinates":[[[110.085,-7.6605],[110.0775,-7.661],[110.075,-7.66],[110.0735,-7.6595],[110.0715,-7.66],[110.068,-7.6645],[110.068,-7.6685],[110.084,-7.6675],[110.085,-7.6605]]]},"properties":{"code":"33.06.15.2010","name":"Guyangan"}},{"type":"Feature","geometry":{"type":"Polygon","coordinates":[[[110.0715,-7.66],[110.06,-7.661],[110.049,-7.6695],[110.0465,-7.67],[110.043,-7.6695],[110.0425,-7.6705],[110.0425,-7.6735],[110.057,-7.675],[110.0655,-7.6745],[110.068,-7.6645],[110.0715,-7.66]]]},"properties":{"code":"33.06.15.2011","name":"Kalisemo"}},{"type":"Feature","geometry":{"type":"Polygon","coordinates":[[[110.0405,-7.6655],[110.0345,-7.664],[110.034,-7.663],[110.0345,-7.665],[110.036,-7.668],[110.0165,-7.6705],[110.016,-7.675],[110.015,-7.6755],[110.016,-7.676],[110.0175,-7.676],[110.02,-7.675],[110.0295,-7.6835],[110.031,-7.6845],[110.0355,-7.6855],[110.0365,-7.685],[110.0405,-7.678],[110.0425,-7.6705],[110.041,-7.6685],[110.0405,-7.6655]]]},"properties":{"code":"33.06.15.2012","name":"Loano"}},{"type":"Feature","geometry":{"type":"Polygon","coordinates":[[[110.031,-7.659],[110.019,-7.6555],[110.014,-7.658],[110.005,-7.669],[110.0115,-7.6705],[110.0165,-7.6705],[110.036,-7.668],[110.0345,-7.665],[110.0335,-7.6635],[110.033,-7.662],[110.032,-7.66],[110.031,-7.659]]]},"properties":{"code":"33.06.15.2013","name":"Jetis"}},{"type":"Feature","geometry":{"type":"Polygon","coordinates":[[[110.0405,-7.6485],[110.039,-7.648],[110.0385,-7.648],[110.0375,-7.647],[110.038,-7.646],[110.037,-7.6455],[110.037,-7.6435],[110.035,-7.637],[110.034,-7.6385],[110.025,-7.6395],[110.0145,-7.639],[110.016,-7.645],[110.0165,-7.645],[110.017,-7.6455],[110.024,-7.649],[110.038,-7.6505],[110.038,-7.65],[110.0385,-7.6495],[110.0405,-7.6485]]]},"properties":{"code":"33.06.15.2014","name":"Kedungpoh"}},{"type":"Feature","geometry":{"type":"Polygon","coordinates":[[[110.038,-7.6505],[110.024,-7.649],[110.0285,-7.655],[110.0305,-7.658],[110.032,-7.66],[110.033,-7.662],[110.0335,-7.6635],[110.034,-7.663],[110.0345,-7.664],[110.0405,-7.6655],[110.043,-7.6645],[110.044,-7.6635],[110.0445,-7.6615],[110.041,-7.6585],[110.0405,-7.6575],[110.041,-7.657],[110.0405,-7.656],[110.04,-7.6535],[110.0385,-7.6525],[110.039,-7.6515],[110.0385,-7.6505],[110.038,-7.6505]]]},"properties":{"code":"33.06.15.2015","name":"Maron"}},{"type":"Feature","geometry":{"type":"Polygon","coordinates":[[[110.058,-7.654],[110.052,-7.6495],[110.0495,-7.651],[110.041,-7.6515],[110.04,-7.651],[110.0415,-7.654],[110.04,-7.6535],[110.0405,-7.656],[110.041,-7.657],[110.0405,-7.6575],[110.041,-7.6585],[110.0445,-7.6615],[110.045,-7.661],[110.0465,-7.662],[110.048,-7.661],[110.058,-7.654]]]},"properties":{"code":"33.06.15.2016","name":"Kebongunung"}},{"type":"Feature","geometry":{"type":"Polygon","coordinates":[[[110.0735,-7.6595],[110.072,-7.6575],[110.0715,-7.652],[110.058,-7.654],[110.048,-7.661],[110.0465,-7.662],[110.045,-7.661],[110.044,-7.6635],[110.043,-7.6645],[110.041,-7.6685],[110.0425,-7.6705],[110.043,-7.6695],[110.0465,-7.67],[110.049,-7.6695],[110.06,-7.661],[110.0715,-7.66],[110.0735,-7.6595]]]},"properties":{"code":"33.06.15.2017","name":"Mudalrejo"}},{"type":"Feature","geometry":{"type":"Polygon","coordinates":[[[110.097,-7.654],[110.0905,-7.6465],[110.0875,-7.647],[110.0855,-7.6485],[110.0825,-7.6495],[110.0795,-7.6515],[110.0755,-7.651],[110.0735,-7.6515],[110.0715,-7.652],[110.072,-7.6575],[110.0735,-7.6595],[110.075,-7.66],[110.0775,-7.661],[110.085,-7.6605],[110.0905,-7.6595],[110.0955,-7.6545],[110.097,-7.654]]]},"properties":{"code":"33.06.15.2018","name":"Kemejing"}},{"type":"Feature","geometry":{"type":"Polygon","coordinates":[[[110.112,-7.655],[110.103,-7.6535],[110.099,-7.654],[110.0985,-7.6535],[110.0955,-7.6545],[110.0905,-7.6595],[110.1035,-7.6665],[110.105,-7.6665],[110.106,-7.6665],[110.111,-7.657],[110.112,-7.655]]]},"properties":{"code":"33.06.15.2019","name":"Banyuasin Kembaran"}},{"type":"Feature","geometry":{"type":"Polygon","coordinates":[[[110.139,-7.6535],[110.1365,-7.651],[110.1365,-7.65],[110.132,-7.6485],[110.1225,-7.6485],[110.1225,-7.645],[110.122,-7.644],[110.121,-7.643],[110.1195,-7.644],[110.1145,-7.654],[110.111,-7.657],[110.106,-7.6665],[110.1055,-7.6665],[110.106,-7.6725],[110.1095,-7.676],[110.113,-7.6735],[110.1155,-7.6735],[110.1335,-7.654],[110.1365,-7.654],[110.1385,-7.654],[110.139,-7.6535]]]},"properties":{"code":"33.06.15.2020","name":"Sedayu"}},{"type":"Feature","geometry":{"type":"Polygon","coordinates":[[[110.1195,-7.644],[110.1195,-7.6435],[110.117,-7.6425],[110.115,-7.6405],[110.1135,-7.641],[110.112,-7.6425],[110.1105,-7.642],[110.1075,-7.644],[110.1055,-7.6445],[110.098,-7.6405],[110.0975,-7.6405],[110.0975,-7.641],[110.093,-7.6455],[110.0905,-7.6465],[110.097,-7.654],[110.0985,-7.6535],[110.099,-7.654],[110.103,-7.6535],[110.112,-7.655],[110.1145,-7.654],[110.1195,-7.644]]]},"properties":{"code":"33.06.15.2021","name":"Ngargosari"}},{"type":"Feature","geometry":{"type":"Polygon","coordinates":[[[110.133,-7.6355],[110.124,-7.6265],[110.1215,-7.6235],[110.1225,-7.6205],[110.122,-7.619],[110.119,-7.6215],[110.1165,-7.6235],[110.116,-7.625],[110.1115,-7.642],[110.112,-7.6425],[110.1135,-7.641],[110.115,-7.6405],[110.117,-7.6425],[110.1195,-7.6435],[110.121,-7.643],[110.122,-7.644],[110.1225,-7.645],[110.1225,-7.6485],[110.132,-7.6485],[110.1365,-7.65],[110.1365,-7.651],[110.139,-7.6535],[110.14,-7.6515],[110.141,-7.6485],[110.141,-7.6455],[110.1415,-7.645],[110.1405,-7.6445],[110.133,-7.6355]]]},"properties":{"code":"33.06.16.2001","name":"Benowo"}},{"type":"Feature","geometry":{"type":"Polygon","coordinates":[[[110.1165,-7.624],[110.107,-7.6265],[110.1075,-7.628],[110.1065,-7.6275],[110.1065,-7.628],[110.106,-7.629],[110.1055,-7.631],[110.105,-7.6325],[110.0995,-7.6345],[110.0985,-7.639],[110.098,-7.6405],[110.1055,-7.6445],[110.1075,-7.644],[110.1105,-7.642],[110.1115,-7.642],[110.116,-7.625],[110.1165,-7.624]]]},"properties":{"code":"33.06.16.2002","name":"Kalitapas"}},{"type":"Feature","geometry":{"type":"Polygon","coordinates":[[[110.0995,-7.6345],[110.095,-7.633],[110.083,-7.6365],[110.0785,-7.6365],[110.077,-7.6355],[110.076,-7.635],[110.072,-7.634],[110.071,-7.6365],[110.0675,-7.6355],[110.0635,-7.641],[110.0615,-7.6435],[110.0625,-7.646],[110.065,-7.6475],[110.0735,-7.6515],[110.0755,-7.651],[110.0795,-7.6515],[110.0825,-7.6495],[110.0855,-7.6485],[110.0875,-7.647],[110.093,-7.6455],[110.0975,-7.641],[110.0975,-7.6405],[110.098,-7.6405],[110.0985,-7.639],[110.0995,-7.6345]]]},"properties":{"code":"33.06.16.2003","name":"Kaliwader"}},{"type":"Feature","geometry":{"type":"Polygon","coordinates":[[[110.0485,-7.639],[110.0425,-7.639],[110.042,-7.641],[110.0415,-7.643],[110.0415,-7.647],[110.0405,-7.6485],[110.0385,-7.6495],[110.038,-7.65],[110.0385,-7.6505],[110.039,-7.6515],[110.0385,-7.6525],[110.0415,-7.654],[110.04,-7.651],[110.041,-7.6515],[110.0495,-7.651],[110.052,-7.6495],[110.058,-7.654],[110.0715,-7.652],[110.0735,-7.6515],[110.065,-7.6475],[110.061,-7.647],[110.0485,-7.639]]]},"properties":{"code":"33.06.16.2004","name":"Kedungpucang"}},{"type":"Feature","geometry":{"type":"Polygon","coordinates":[[[110.044,-7.6325],[110.038,-7.6245],[110.037,-7.623],[110.037,-7.6225],[110.0365,-7.622],[110.035,-7.6245],[110.033,-7.633],[110.0345,-7.635],[110.035,-7.637],[110.037,-7.6435],[110.037,-7.6455],[110.038,-7.646],[110.0375,-7.647],[110.0385,-7.648],[110.039,-7.648],[110.0405,-7.6485],[110.0415,-7.647],[110.0415,-7.643],[110.042,-7.641],[110.042,-7.64],[110.041,-7.639],[110.0405,-7.638],[110.0415,-7.6365],[110.042,-7.636],[110.0425,-7.635],[110.044,-7.633],[110.044,-7.6325]]]},"properties":{"code":"33.06.16.2005","name":"Sendangsari"}},{"type":"Feature","geometry":{"type":"Polygon","coordinates":[[[110.054,-7.634],[110.0525,-7.628],[110.052,-7.6265],[110.052,-7.6235],[110.051,-7.622],[110.0465,-7.6315],[110.045,-7.632],[110.044,-7.633],[110.0425,-7.635],[110.042,-7.636],[110.0415,-7.6365],[110.0405,-7.638],[110.041,-7.639],[110.042,-7.64],[110.0425,-7.639],[110.0485,-7.639],[110.051,-7.6385],[110.0525,-7.6355],[110.054,-7.634]]]},"properties":{"code":"33.06.16.2006","name":"Kaliboto"}},{"type":"Feature","geometry":{"type":"Polygon","coordinates":[[[110.0675,-7.6355],[110.0615,-7.632],[110.061,-7.632],[110.054,-7.634],[110.0525,-7.6355],[110.051,-7.6385],[110.0485,-7.639],[110.061,-7.647],[110.0625,-7.646],[110.0615,-7.6435],[110.0635,-7.641],[110.0675,-7.6355]]]},"properties":{"code":"33.06.16.2007","name":"Kaliurip"}},{"type":"Feature","geometry":{"type":"Polygon","coordinates":[[[110.075,-7.6205],[110.0745,-7.6215],[110.0735,-7.622],[110.0725,-7.621],[110.07,-7.621],[110.0685,-7.621],[110.068,-7.6215],[110.0675,-7.6215],[110.0675,-7.6225],[110.061,-7.631],[110.0615,-7.632],[110.0675,-7.6355],[110.071,-7.6365],[110.0715,-7.633],[110.075,-7.6205]]]},"properties":{"code":"33.06.16.2008","name":"Kedungloteng"}},{"type":"Feature","geometry":{"type":"Polygon","coordinates":[[[110.08,-7.616],[110.0795,-7.616],[110.0785,-7.617],[110.0775,-7.617],[110.0775,-7.6175],[110.0765,-7.619],[110.0755,-7.619],[110.075,-7.6195],[110.075,-7.6205],[110.0715,-7.633],[110.072,-7.634],[110.076,-7.635],[110.077,-7.6355],[110.0785,-7.6365],[110.083,-7.6365],[110.095,-7.633],[110.0945,-7.6325],[110.0945,-7.631],[110.095,-7.623],[110.095,-7.6225],[110.0925,-7.62],[110.0855,-7.618],[110.0815,-7.6175],[110.0805,-7.6175],[110.0805,-7.6165],[110.08,-7.616]]]},"properties":{"code":"33.06.16.2009","name":"Wadas"}},{"type":"Feature","geometry":{"type":"Polygon","coordinates":[[[110.122,-7.619],[110.1175,-7.6205],[110.1155,-7.6205],[110.097,-7.622],[110.095,-7.623],[110.0945,-7.631],[110.0945,-7.6325],[110.095,-7.633],[110.0995,-7.6345],[110.105,-7.6325],[110.1055,-7.631],[110.106,-7.629],[110.1065,-7.628],[110.1065,-7.6275],[110.1075,-7.628],[110.107,-7.6265],[110.1165,-7.624],[110.1165,-7.6235],[110.119,-7.6215],[110.122,-7.619]]]},"properties":{"code":"33.06.16.2010","name":"Cacaban Kidul"}},{"type":"Feature","geometry":{"type":"Polygon","coordinates":[[[110.1215,-7.6145],[110.116,-7.612],[110.0955,-7.62],[110.095,-7.6225],[110.097,-7.622],[110.1155,-7.6205],[110.1175,-7.6205],[110.122,-7.619],[110.1215,-7.6165],[110.1215,-7.6145]]]},"properties":{"code":"33.06.16.2011","name":"Cacaban Lor"}},{"type":"Feature","geometry":{"type":"Polygon","coordinates":[[[110.116,-7.6035],[110.116,-7.603],[110.1135,-7.6015],[110.113,-7.6015],[110.112,-7.602],[110.1085,-7.6025],[110.097,-7.6095],[110.0945,-7.6095],[110.091,-7.6085],[110.0855,-7.6095],[110.083,-7.614],[110.08,-7.616],[110.0805,-7.6165],[110.0805,-7.6175],[110.0815,-7.6175],[110.0855,-7.618],[110.0925,-7.62],[110.0955,-7.62],[110.116,-7.612],[110.1215,-7.6145],[110.1215,-7.6125],[110.116,-7.6035]]]},"properties":{"code":"33.06.16.2012","name":"Pekacangan"}},{"type":"Feature","geometry":{"type":"Polygon","coordinates":[[[110.103,-7.5895],[110.0915,-7.596],[110.088,-7.595],[110.088,-7.5965],[110.0865,-7.599],[110.0855,-7.6015],[110.0855,-7.603],[110.0845,-7.6035],[110.0865,-7.609],[110.091,-7.6085],[110.0945,-7.6095],[110.097,-7.6095],[110.1085,-7.6025],[110.112,-7.602],[110.113,-7.6015],[110.109,-7.595],[110.1075,-7.593],[110.1075,-7.5925],[110.1055,-7.591],[110.103,-7.5905],[110.103,-7.5895]]]},"properties":{"code":"33.06.16.2013","name":"Medono"}},{"type":"Feature","geometry":{"type":"Polygon","coordinates":[[[110.0845,-7.6035],[110.084,-7.6035],[110.078,-7.608],[110.0755,-7.607],[110.075,-7.607],[110.074,-7.607],[110.073,-7.607],[110.0725,-7.6085],[110.073,-7.609],[110.073,-7.61],[110.069,-7.612],[110.0685,-7.615],[110.069,-7.616],[110.0685,-7.619],[110.068,-7.6205],[110.0675,-7.6215],[110.068,-7.6215],[110.0685,-7.621],[110.07,-7.621],[110.0725,-7.621],[110.0735,-7.622],[110.0745,-7.6215],[110.075,-7.6195],[110.0755,-7.619],[110.0765,-7.619],[110.0775,-7.6175],[110.0775,-7.617],[110.0785,-7.617],[110.0795,-7.616],[110.08,-7.616],[110.083,-7.614],[110.0855,-7.6095],[110.0865,-7.609],[110.0845,-7.6035]]]},"properties":{"code":"33.06.16.2014","name":"Bleber"}},{"type":"Feature","geometry":{"type":"Polygon","coordinates":[[[110.069,-7.612],[110.064,-7.6095],[110.0635,-7.609],[110.053,-7.6155],[110.05,-7.617],[110.051,-7.621],[110.052,-7.6235],[110.052,-7.6265],[110.0525,-7.628],[110.054,-7.634],[110.061,-7.632],[110.061,-7.631],[110.0675,-7.6225],[110.068,-7.6205],[110.0685,-7.619],[110.069,-7.616],[110.0685,-7.615],[110.069,-7.612]]]},"properties":{"code":"33.06.16.2015","name":"Bener"}},{"type":"Feature","geometry":{"type":"Polygon","coordinates":[[[110.0505,-7.615],[110.051,-7.6105],[110.049,-7.61],[110.0475,-7.608],[110.0475,-7.6065],[110.0465,-7.606],[110.046,-7.6055],[110.0455,-7.6055],[110.0375,-7.6125],[110.0375,-7.613],[110.037,-7.6135],[110.0375,-7.6135],[110.039,-7.6145],[110.0415,-7.617],[110.0385,-7.6205],[110.037,-7.6225],[110.037,-7.623],[110.038,-7.6245],[110.044,-7.6325],[110.045,-7.632],[110.0465,-7.6315],[110.051,-7.622],[110.051,-7.621],[110.05,-7.617],[110.0505,-7.615]]]},"properties":{"code":"33.06.16.2016","name":"Karangsari"}},{"type":"Feature","geometry":{"type":"Polygon","coordinates":[[[110.0345,-7.5965],[110.023,-7.5905],[110.02,-7.5915],[110.0185,-7.592],[110.012,-7.6],[110.011,-7.6005],[110.0115,-7.601],[110.0125,-7.602],[110.0135,-7.6035],[110.013,-7.606],[110.013,-7.6115],[110.013,-7.612],[110.013,-7.6135],[110.0145,-7.619],[110.0195,-7.6195],[110.031,-7.623],[110.035,-7.6225],[110.0365,-7.622],[110.0385,-7.6205],[110.0415,-7.617],[110.039,-7.6145],[110.0375,-7.6135],[110.037,-7.6135],[110.037,-7.613],[110.0355,-7.6115],[110.0345,-7.6095],[110.0315,-7.605],[110.031,-7.602],[110.0315,-7.6005],[110.034,-7.598],[110.0345,-7.5965]]]},"properties":{"code":"33.06.16.2017","name":"Guntur"}},{"type":"Feature","geometry":{"type":"Polygon","coordinates":[[[110.0545,-7.5915],[110.053,-7.5915],[110.0505,-7.5915],[110.048,-7.59],[110.0465,-7.5895],[110.0445,-7.5905],[110.0395,-7.591],[110.0375,-7.5915],[110.037,-7.5925],[110.0355,-7.595],[110.035,-7.5955],[110.034,-7.598],[110.0315,-7.6005],[110.031,-7.602],[110.0315,-7.605],[110.0345,-7.6095],[110.0355,-7.6115],[110.037,-7.613],[110.037,-7.6135],[110.0375,-7.6125],[110.0455,-7.6055],[110.046,-7.6055],[110.047,-7.6035],[110.048,-7.602],[110.05,-7.601],[110.0545,-7.5915]]]},"properties":{"code":"33.06.16.2018","name":"Legetan"}},{"type":"Feature","geometry":{"type":"Polygon","coordinates":[[[110.0655,-7.5975],[110.063,-7.5945],[110.06,-7.5945],[110.059,-7.592],[110.0585,-7.591],[110.058,-7.5915],[110.0545,-7.5915],[110.05,-7.601],[110.048,-7.602],[110.047,-7.6035],[110.046,-7.6055],[110.0465,-7.606],[110.0475,-7.6065],[110.0475,-7.608],[110.049,-7.61],[110.051,-7.6105],[110.0505,-7.615],[110.053,-7.6155],[110.0635,-7.609],[110.0615,-7.607],[110.0625,-7.601],[110.0635,-7.5995],[110.0655,-7.5975]]]},"properties":{"code":"33.06.16.2019","name":"Ketosari"}},{"type":"Feature","geometry":{"type":"Polygon","coordinates":[[[110.075,-7.607],[110.0755,-7.607],[110.0765,-7.6055],[110.0775,-7.604],[110.076,-7.597],[110.0725,-7.5955],[110.0695,-7.5955],[110.0695,-7.595],[110.07,-7.594],[110.07,-7.5935],[110.068,-7.595],[110.0665,-7.5975],[110.0655,-7.5975],[110.0635,-7.5995],[110.0625,-7.601],[110.0615,-7.607],[110.064,-7.6095],[110.069,-7.612],[110.073,-7.61],[110.073,-7.609],[110.0725,-7.6085],[110.073,-7.607],[110.074,-7.607],[110.075,-7.607]]]},"properties":{"code":"33.06.16.2020","name":"Kamijoro"}},{"type":"Feature","geometry":{"type":"Polygon","coordinates":[[[110.103,-7.5895],[110.103,-7.589],[110.102,-7.584],[110.102,-7.5815],[110.1015,-7.582],[110.099,-7.5815],[110.094,-7.5835],[110.0915,-7.5835],[110.0815,-7.5865],[110.0805,-7.588],[110.072,-7.5905],[110.071,-7.591],[110.071,-7.5915],[110.071,-7.5925],[110.07,-7.5935],[110.07,-7.594],[110.0695,-7.595],[110.0695,-7.5955],[110.0725,-7.5955],[110.076,-7.597],[110.0775,-7.604],[110.0765,-7.6055],[110.0755,-7.607],[110.075,-7.607],[110.0755,-7.607],[110.078,-7.608],[110.084,-7.6035],[110.0855,-7.603],[110.0855,-7.6015],[110.0865,-7.599],[110.088,-7.5965],[110.088,-7.595],[110.0915,-7.596],[110.103,-7.5895]]]},"properties":{"code":"33.06.16.2021","name":"Jati"}},{"type":"Feature","geometry":{"type":"Polygon","coordinates":[[[110.0985,-7.5675],[110.09,-7.5665],[110.089,-7.5665],[110.0895,-7.567],[110.09,-7.569],[110.087,-7.573],[110.0775,-7.577],[110.078,-7.5795],[110.0775,-7.58],[110.078,-7.582],[110.0785,-7.5835],[110.081,-7.5875],[110.0815,-7.5865],[110.0915,-7.5835],[110.094,-7.5835],[110.099,-7.5815],[110.1015,-7.582],[110.102,-7.5815],[110.102,-7.577],[110.1005,-7.576],[110.103,-7.572],[110.0985,-7.5675]]]},"properties":{"code":"33.06.16.2022","name":"Mayungsari"}},{"type":"Feature","geometry":{"type":"Polygon","coordinates":[[[110.081,-7.5875],[110.0785,-7.5835],[110.078,-7.582],[110.0775,-7.58],[110.078,-7.5795],[110.0775,-7.577],[110.087,-7.573],[110.09,-7.569],[110.0895,-7.567],[110.089,-7.5665],[110.0855,-7.567],[110.072,-7.5725],[110.068,-7.571],[110.06,-7.575],[110.0595,-7.5755],[110.06,-7.5765],[110.0595,-7.577],[110.0575,-7.579],[110.058,-7.5805],[110.0575,-7.586],[110.0585,-7.5875],[110.059,-7.5885],[110.059,-7.592],[110.06,-7.5945],[110.063,-7.5945],[110.0655,-7.5975],[110.0665,-7.5975],[110.068,-7.595],[110.07,-7.5935],[110.07,-7.593],[110.071,-7.5925],[110.071,-7.5915],[110.071,-7.591],[110.072,-7.5905],[110.0805,-7.588],[110.081,-7.5875]]]},"properties":{"code":"33.06.16.2023","name":"Kalijambe"}},{"type":"Feature","geometry":{"type":"Polygon","coordinates":[[[110.0565,-7.5715],[110.0535,-7.571],[110.0515,-7.5705],[110.0495,-7.5695],[110.049,-7.57],[110.041,-7.5725],[110.04,-7.574],[110.04,-7.575],[110.0345,-7.5855],[110.034,-7.5865],[110.036,-7.5915],[110.0395,-7.591],[110.0445,-7.5905],[110.0465,-7.5895],[110.048,-7.59],[110.0505,-7.5915],[110.053,-7.5915],[110.058,-7.5915],[110.0585,-7.591],[110.059,-7.5885],[110.0585,-7.5875],[110.0575,-7.586],[110.058,-7.5805],[110.0575,-7.579],[110.0595,-7.577],[110.06,-7.5765],[110.0595,-7.5755],[110.059,-7.574],[110.0565,-7.5725],[110.0565,-7.5715]]]},"properties":{"code":"33.06.16.2024","name":"Sukowuwuh"}},{"type":"Feature","geometry":{"type":"Polygon","coordinates":[[[110.0405,-7.5735],[110.034,-7.569],[110.0275,-7.577],[110.015,-7.577],[110.0145,-7.579],[110.017,-7.5855],[110.0185,-7.589],[110.019,-7.591],[110.0185,-7.592],[110.02,-7.5915],[110.023,-7.5905],[110.0345,-7.5965],[110.035,-7.5955],[110.0355,-7.595],[110.037,-7.5925],[110.0375,-7.5915],[110.036,-7.5915],[110.034,-7.5865],[110.0345,-7.5855],[110.04,-7.575],[110.04,-7.574],[110.0405,-7.5735]]]},"properties":{"code":"33.06.16.2025","name":"Limbangan"}},{"type":"Feature","geometry":{"type":"Polygon","coordinates":[[[110.0345,-7.553],[110.0345,-7.5535],[110.0255,-7.5555],[110.0245,-7.5565],[110.024,-7.557],[110.022,-7.56],[110.0195,-7.561],[110.019,-7.562],[110.017,-7.563],[110.016,-7.5655],[110.0155,-7.575],[110.015,-7.577],[110.0275,-7.577],[110.034,-7.569],[110.0395,-7.555],[110.0395,-7.5545],[110.0345,-7.553]]]},"properties":{"code":"33.06.16.2026","name":"Nglaris"}},{"type":"Feature","geometry":{"type":"Polygon","coordinates":[[[110.0515,-7.5495],[110.0505,-7.549],[110.0425,-7.549],[110.0415,-7.55],[110.04,-7.5515],[110.0395,-7.555],[110.034,-7.569],[110.0405,-7.5735],[110.041,-7.5725],[110.049,-7.57],[110.0495,-7.5695],[110.0515,-7.5705],[110.0535,-7.571],[110.0565,-7.5715],[110.0565,-7.571],[110.059,-7.56],[110.059,-7.559],[110.058,-7.5585],[110.0575,-7.5565],[110.0515,-7.5495]]]},"properties":{"code":"33.06.16.2027","name":"Sidomukti"}},{"type":"Feature","geometry":{"type":"Polygon","coordinates":[[[110.0445,-7.5345],[110.0385,-7.532],[110.035,-7.553],[110.0345,-7.553],[110.0395,-7.5545],[110.04,-7.5515],[110.0415,-7.55],[110.0425,-7.549],[110.0505,-7.549],[110.0525,-7.5485],[110.0445,-7.5345]]]},"properties":{"code":"33.06.16.2028","name":"Ngasinan"}}]}