{"type":"FeatureCollection","features":[{"type":"Feature","geometry":{"type":"Polygon","coordinates":[[[109.042,-7.4885],[109.042,-7.488],[109.0425,-7.4845],[109.042,-7.4665],[109.0415,-7.4625],[109.039,-7.4605],[109.03,-7.4535],[109.029,-7.4545],[109.027,-7.4545],[109.0115,-7.467],[109.0245,-7.479],[109.0285,-7.489],[109.0335,-7.4935],[109.035,-7.4975],[109.0355,-7.499],[109.036,-7.5],[109.036,-7.5005],[109.038,-7.4995],[109.0375,-7.4985],[109.042,-7.4885]]]},"properties":{"code":"33.02.01.2001","name":"Cirahab"}},{"type":"Feature","geometry":{"type":"Polygon","coordinates":[[[109.0115,-7.467],[109.007,-7.4635],[109.0045,-7.4745],[109.0045,-7.476],[109.0045,-7.4765],[109.0015,-7.478],[109.0015,-7.4805],[109.003,-7.4905],[109.0045,-7.492],[109.007,-7.4935],[109.0105,-7.4945],[109.021,-7.504],[109.033,-7.5055],[109.0345,-7.5045],[109.0335,-7.5015],[109.034,-7.5],[109.0345,-7.5005],[109.035,-7.5005],[109.036,-7.5005],[109.036,-7.5],[109.0355,-7.499],[109.035,-7.4975],[109.0335,-7.4935],[109.0285,-7.489],[109.0245,-7.479],[109.0115,-7.467]]]},"properties":{"code":"33.02.01.2002","name":"Canduk"}},{"type":"Feature","geometry":{"type":"Polygon","coordinates":[[[109.033,-7.5055],[109.021,-7.504],[109.0105,-7.4945],[109.007,-7.4935],[109.0045,-7.492],[109.003,-7.4905],[108.9985,-7.4935],[108.998,-7.496],[109.0035,-7.5025],[109.008,-7.5105],[109.0085,-7.5135],[109.015,-7.5205],[109.016,-7.5205],[109.023,-7.5255],[109.026,-7.5255],[109.0275,-7.525],[109.0305,-7.5215],[109.034,-7.5155],[109.0345,-7.5115],[109.0345,-7.511],[109.031,-7.512],[109.0325,-7.5075],[109.033,-7.5055]]]},"properties":{"code":"33.02.01.2003","name":"Parungkamal"}},{"type":"Feature","geometry":{"type":"Polygon","coordinates":[[[109.0035,-7.5025],[109,-7.5005],[108.995,-7.5],[108.993,-7.501],[108.991,-7.499],[108.989,-7.499],[108.988,-7.499],[108.9875,-7.5005],[108.9865,-7.5045],[108.9845,-7.5085],[108.982,-7.5105],[108.9815,-7.511],[108.9815,-7.5205],[108.9835,-7.5235],[108.985,-7.524],[109.0015,-7.5265],[109.004,-7.5335],[109.005,-7.5315],[109.006,-7.528],[109.0145,-7.521],[109.015,-7.5205],[109.0085,-7.5135],[109.008,-7.5105],[109.0035,-7.5025]]]},"properties":{"code":"33.02.01.2004","name":"Besuki"}},{"type":"Feature","geometry":{"type":"Polygon","coordinates":[[[109.007,-7.4635],[108.9955,-7.455],[108.984,-7.4665],[108.9865,-7.471],[108.988,-7.474],[108.9805,-7.477],[108.9805,-7.4905],[108.983,-7.4945],[108.988,-7.498],[108.988,-7.499],[108.989,-7.499],[108.991,-7.499],[108.993,-7.501],[108.995,-7.5],[109,-7.5005],[109.0035,-7.5025],[108.998,-7.496],[108.9985,-7.4935],[109.003,-7.4905],[109.0015,-7.4805],[109.0015,-7.478],[109.0045,-7.4765],[109.0045,-7.476],[109.0045,-7.4745],[109.007,-7.4635]]]},"properties":{"code":"33.02.01.2005","name":"Karanggayam"}},{"type":"Feature","geometry":{"type":"Polygon","coordinates":[[[108.984,-7.4665],[108.982,-7.467],[108.969,-7.467],[108.9595,-7.4705],[108.9585,-7.47],[108.958,-7.47],[108.9575,-7.47],[108.956,-7.471],[108.9555,-7.472],[108.964,-7.485],[108.958,-7.4905],[108.957,-7.493],[108.963,-7.4995],[108.9635,-7.5005],[108.964,-7.504],[108.9645,-7.505],[108.9735,-7.515],[108.9725,-7.518],[108.973,-7.5185],[108.9815,-7.5205],[108.9815,-7.511],[108.982,-7.5105],[108.9845,-7.5085],[108.9865,-7.5045],[108.9875,-7.5005],[108.988,-7.498],[108.983,-7.4945],[108.9805,-7.4905],[108.9805,-7.477],[108.988,-7.474],[108.9865,-7.471],[108.984,-7.4665]]]},"properties":{"code":"33.02.01.2006","name":"Cidora"}},{"type":"Feature","geometry":{"type":"Polygon","coordinates":[[[108.976,-7.428],[108.957,-7.4255],[108.9495,-7.425],[108.9485,-7.426],[108.946,-7.427],[108.9405,-7.433],[108.946,-7.4425],[108.946,-7.443],[108.9505,-7.452],[108.969,-7.467],[108.982,-7.467],[108.984,-7.4665],[108.9955,-7.455],[108.986,-7.443],[108.984,-7.4415],[108.9815,-7.4395],[108.9805,-7.437],[108.976,-7.4335],[108.976,-7.428]]]},"properties":{"code":"33.02.01.2007","name":"Lumbir"}},{"type":"Feature","geometry":{"type":"Polygon","coordinates":[[[108.969,-7.409],[108.968,-7.4075],[108.967,-7.405],[108.9675,-7.402],[108.9615,-7.3965],[108.947,-7.3865],[108.946,-7.385],[108.9455,-7.384],[108.9435,-7.3845],[108.94,-7.3855],[108.938,-7.3865],[108.938,-7.3875],[108.9395,-7.3885],[108.938,-7.418],[108.936,-7.419],[108.9425,-7.423],[108.946,-7.426],[108.9485,-7.426],[108.9495,-7.425],[108.957,-7.4255],[108.976,-7.428],[108.9765,-7.4185],[108.972,-7.4155],[108.97,-7.4125],[108.97,-7.4115],[108.97,-7.4105],[108.969,-7.409]]]},"properties":{"code":"33.02.01.2008","name":"Dermaji"}},{"type":"Feature","geometry":{"type":"Polygon","coordinates":[[[108.946,-7.427],[108.946,-7.426],[108.9425,-7.423],[108.936,-7.419],[108.934,-7.4205],[108.923,-7.428],[108.9215,-7.431],[108.921,-7.4315],[108.9195,-7.4315],[108.9195,-7.432],[108.919,-7.4335],[108.9185,-7.435],[108.922,-7.4365],[108.922,-7.437],[108.9385,-7.445],[108.9375,-7.465],[108.956,-7.47],[108.956,-7.471],[108.9585,-7.47],[108.9595,-7.4705],[108.969,-7.467],[108.9505,-7.452],[108.946,-7.443],[108.946,-7.4425],[108.9405,-7.433],[108.946,-7.427]]]},"properties":{"code":"33.02.01.2009","name":"Kedunggede"}},{"type":"Feature","geometry":{"type":"Polygon","coordinates":[[[108.9375,-7.465],[108.9385,-7.445],[108.922,-7.437],[108.9205,-7.439],[108.912,-7.4445],[108.912,-7.4455],[108.911,-7.4465],[108.9075,-7.4465],[108.8945,-7.451],[108.893,-7.4515],[108.8925,-7.45],[108.8915,-7.4505],[108.8895,-7.45],[108.8895,-7.451],[108.899,-7.4715],[108.8995,-7.4725],[108.902,-7.4715],[108.912,-7.4625],[108.915,-7.465],[108.918,-7.4635],[108.923,-7.464],[108.924,-7.463],[108.929,-7.463],[108.933,-7.4635],[108.9355,-7.465],[108.9375,-7.465]]]},"properties":{"code":"33.02.01.2010","name":"Cingebul"}},{"type":"Feature","geometry":{"type":"Polygon","coordinates":[[[109.0295,-7.523],[109.0275,-7.525],[109.026,-7.5255],[109.023,-7.5255],[109.016,-7.5205],[109.0145,-7.521],[109.006,-7.528],[109.005,-7.5315],[109.004,-7.5335],[109.0035,-7.543],[109.003,-7.5445],[109.004,-7.545],[109.015,-7.544],[109.016,-7.544],[109.019,-7.5435],[109.027,-7.5465],[109.0295,-7.548],[109.0475,-7.538],[109.0515,-7.539],[109.0515,-7.5365],[109.0505,-7.5355],[109.05,-7.534],[109.0525,-7.531],[109.0515,-7.53],[109.0495,-7.5295],[109.0475,-7.53],[109.047,-7.5295],[109.0475,-7.528],[109.0475,-7.527],[109.047,-7.5265],[109.045,-7.5245],[109.044,-7.525],[109.0295,-7.523]]]},"properties":{"code":"33.02.02.2001","name":"Randegan"}},{"type":"Feature","geometry":{"type":"Polygon","coordinates":[[[109.0515,-7.5365],[109.0515,-7.539],[109.0475,-7.538],[109.0295,-7.548],[109.0285,-7.5495],[109.031,-7.5535],[109.035,-7.555],[109.038,-7.5575],[109.039,-7.5565],[109.04,-7.5565],[109.0435,-7.5595],[109.0455,-7.5595],[109.058,-7.556],[109.0645,-7.539],[109.062,-7.539],[109.06,-7.54],[109.0585,-7.5395],[109.0525,-7.538],[109.0515,-7.5365]]]},"properties":{"code":"33.02.02.2002","name":"Rawaheng"}},{"type":"Feature","geometry":{"type":"Polygon","coordinates":[[[109.068,-7.537],[109.0675,-7.537],[109.0665,-7.539],[109.0645,-7.539],[109.058,-7.556],[109.0605,-7.57],[109.0665,-7.573],[109.068,-7.5735],[109.0775,-7.5735],[109.0805,-7.573],[109.081,-7.5625],[109.089,-7.5495],[109.0895,-7.549],[109.0895,-7.5475],[109.085,-7.5465],[109.083,-7.547],[109.079,-7.5415],[109.078,-7.541],[109.075,-7.5405],[109.074,-7.5425],[109.072,-7.5415],[109.0715,-7.5395],[109.068,-7.537]]]},"properties":{"code":"33.02.02.2003","name":"Pengadegan"}},{"type":"Feature","geometry":{"type":"Polygon","coordinates":[[[109.075,-7.5095],[109.074,-7.509],[109.0715,-7.507],[109.066,-7.5105],[109.0645,-7.5115],[109.0635,-7.5325],[109.0725,-7.537],[109.0735,-7.5365],[109.0795,-7.5255],[109.0805,-7.5245],[109.079,-7.5165],[109.076,-7.513],[109.0745,-7.5115],[109.0745,-7.5095],[109.075,-7.5095]]]},"properties":{"code":"33.02.02.2004","name":"Klapagading"}},{"type":"Feature","geometry":{"type":"Polygon","coordinates":[[[109.049,-7.5095],[109.034,-7.505],[109.033,-7.5055],[109.0325,-7.5075],[109.031,-7.512],[109.0345,-7.511],[109.0345,-7.5115],[109.034,-7.5155],[109.0305,-7.5215],[109.0295,-7.523],[109.044,-7.525],[109.045,-7.5245],[109.0475,-7.5265],[109.0475,-7.528],[109.048,-7.5285],[109.05,-7.5265],[109.06,-7.5145],[109.057,-7.512],[109.0565,-7.511],[109.056,-7.511],[109.055,-7.512],[109.049,-7.5095]]]},"properties":{"code":"33.02.02.2005","name":"Wangon"}},{"type":"Feature","geometry":{"type":"Polygon","coordinates":[[[109.0805,-7.499],[109.065,-7.495],[109.0575,-7.509],[109.057,-7.51],[109.057,-7.511],[109.056,-7.511],[109.0565,-7.5115],[109.057,-7.512],[109.06,-7.5145],[109.062,-7.5125],[109.066,-7.5105],[109.0715,-7.507],[109.074,-7.509],[109.075,-7.5095],[109.076,-7.509],[109.0805,-7.499]]]},"properties":{"code":"33.02.02.2006","name":"Banteran"}},{"type":"Feature","geometry":{"type":"Polygon","coordinates":[[[109.09,-7.4845],[109.074,-7.4815],[109.071,-7.4875],[109.0705,-7.4875],[109.055,-7.4895],[109.055,-7.491],[109.054,-7.4915],[109.05,-7.494],[109.049,-7.5095],[109.055,-7.512],[109.057,-7.511],[109.057,-7.51],[109.0575,-7.509],[109.065,-7.495],[109.0805,-7.499],[109.0805,-7.498],[109.081,-7.496],[109.09,-7.4855],[109.09,-7.4845]]]},"properties":{"code":"33.02.02.2007","name":"Jambu"}},{"type":"Feature","geometry":{"type":"Polygon","coordinates":[[[109.05,-7.494],[109.048,-7.494],[109.046,-7.492],[109.042,-7.4885],[109.0375,-7.4985],[109.038,-7.499],[109.0375,-7.4995],[109.0365,-7.5],[109.035,-7.5005],[109.0345,-7.5005],[109.034,-7.5],[109.0335,-7.5015],[109.0345,-7.5045],[109.034,-7.505],[109.049,-7.5095],[109.05,-7.494]]]},"properties":{"code":"33.02.02.2008","name":"Jurangbahas"}},{"type":"Feature","geometry":{"type":"Polygon","coordinates":[[[109.058,-7.4595],[109.0565,-7.459],[109.0545,-7.4585],[109.0505,-7.4535],[109.0345,-7.45],[109.03,-7.4535],[109.039,-7.4605],[109.0415,-7.4625],[109.042,-7.4665],[109.0425,-7.4845],[109.042,-7.488],[109.042,-7.4885],[109.046,-7.492],[109.048,-7.494],[109.05,-7.494],[109.054,-7.4915],[109.055,-7.491],[109.055,-7.4895],[109.0705,-7.4875],[109.07,-7.4865],[109.0685,-7.4845],[109.0695,-7.483],[109.0685,-7.4795],[109.066,-7.4775],[109.058,-7.4595]]]},"properties":{"code":"33.02.02.2009","name":"Cikakak"}},{"type":"Feature","geometry":{"type":"Polygon","coordinates":[[[109.089,-7.4625],[109.0805,-7.46],[109.07,-7.466],[109.0705,-7.474],[109.068,-7.4785],[109.0685,-7.4795],[109.0695,-7.483],[109.0685,-7.4845],[109.07,-7.4865],[109.071,-7.4875],[109.074,-7.4815],[109.0785,-7.4755],[109.0805,-7.471],[109.0905,-7.463],[109.089,-7.4625]]]},"properties":{"code":"33.02.02.2010","name":"Wlahar"}},{"type":"Feature","geometry":{"type":"Polygon","coordinates":[[[109.08,-7.455],[109.067,-7.4525],[109.058,-7.4585],[109.058,-7.4595],[109.066,-7.4775],[109.068,-7.4785],[109.0705,-7.474],[109.07,-7.466],[109.0805,-7.46],[109.089,-7.4625],[109.0865,-7.4585],[109.085,-7.456],[109.08,-7.455]]]},"properties":{"code":"33.02.02.2011","name":"Windunegara"}},{"type":"Feature","geometry":{"type":"Polygon","coordinates":[[[109.0725,-7.537],[109.0635,-7.5325],[109.0645,-7.5115],[109.062,-7.5125],[109.06,-7.5145],[109.05,-7.5265],[109.048,-7.5285],[109.0495,-7.5295],[109.0515,-7.53],[109.0525,-7.531],[109.05,-7.534],[109.0505,-7.5355],[109.0515,-7.5365],[109.0525,-7.538],[109.0585,-7.5395],[109.06,-7.54],[109.062,-7.539],[109.0645,-7.539],[109.0665,-7.539],[109.0675,-7.537],[109.069,-7.5375],[109.0725,-7.537]]]},"properties":{"code":"33.02.02.2012","name":"Klapagading Kulon"}},{"type":"Feature","geometry":{"type":"Polygon","coordinates":[[[109.104,-7.555],[109.092,-7.55],[109.091,-7.551],[109.089,-7.5495],[109.081,-7.5625],[109.0805,-7.573],[109.0815,-7.573],[109.0825,-7.573],[109.0855,-7.5745],[109.0915,-7.5775],[109.0955,-7.5785],[109.1115,-7.58],[109.114,-7.5775],[109.101,-7.5695],[109.1,-7.5665],[109.104,-7.5585],[109.103,-7.5585],[109.103,-7.5575],[109.104,-7.555]]]},"properties":{"code":"33.02.03.2001","name":"Gunung Wetan"}},{"type":"Feature","geometry":{"type":"Polygon","coordinates":[[[109.128,-7.559],[109.1145,-7.555],[109.111,-7.557],[109.109,-7.5565],[109.1055,-7.5575],[109.103,-7.558],[109.104,-7.5585],[109.1,-7.5665],[109.101,-7.5695],[109.114,-7.5775],[109.115,-7.577],[109.1185,-7.577],[109.1235,-7.577],[109.125,-7.5765],[109.1275,-7.5765],[109.128,-7.559]]]},"properties":{"code":"33.02.03.2002","name":"Pekuncen"}},{"type":"Feature","geometry":{"type":"Polygon","coordinates":[[[109.147,-7.553],[109.1445,-7.553],[109.14,-7.551],[109.1395,-7.548],[109.1375,-7.545],[109.1385,-7.5435],[109.137,-7.544],[109.1345,-7.5515],[109.131,-7.554],[109.13,-7.5545],[109.128,-7.559],[109.1275,-7.5765],[109.128,-7.5765],[109.136,-7.577],[109.1385,-7.5795],[109.147,-7.553]]]},"properties":{"code":"33.02.03.2003","name":"Karanglewas"}},{"type":"Feature","geometry":{"type":"Polygon","coordinates":[[[109.1465,-7.532],[109.137,-7.544],[109.1385,-7.5435],[109.1375,-7.545],[109.1395,-7.548],[109.14,-7.551],[109.1445,-7.553],[109.1485,-7.553],[109.1485,-7.544],[109.146,-7.533],[109.1465,-7.532]]]},"properties":{"code":"33.02.03.2004","name":"Karanganyar"}},{"type":"Feature","geometry":{"type":"Polygon","coordinates":[[[109.144,-7.526],[109.1355,-7.5215],[109.135,-7.521],[109.1345,-7.521],[109.1335,-7.5335],[109.1335,-7.5395],[109.1335,-7.542],[109.137,-7.544],[109.1465,-7.532],[109.147,-7.531],[109.144,-7.526]]]},"properties":{"code":"33.02.03.2005","name":"Margasana"}},{"type":"Feature","geometry":{"type":"Polygon","coordinates":[[[109.1335,-7.5335],[109.127,-7.5365],[109.12,-7.539],[109.12,-7.548],[109.1345,-7.5515],[109.137,-7.544],[109.1335,-7.542],[109.1335,-7.5395],[109.1335,-7.5335]]]},"properties":{"code":"33.02.03.2006","name":"Adisara"}},{"type":"Feature","geometry":{"type":"Polygon","coordinates":[[[109.12,-7.539],[109.1135,-7.5375],[109.1125,-7.5385],[109.108,-7.539],[109.1055,-7.5395],[109.106,-7.54],[109.1045,-7.544],[109.1045,-7.547],[109.104,-7.547],[109.104,-7.554],[109.104,-7.555],[109.103,-7.5575],[109.103,-7.558],[109.1055,-7.5575],[109.109,-7.5565],[109.111,-7.557],[109.1145,-7.555],[109.128,-7.559],[109.13,-7.5545],[109.131,-7.554],[109.1345,-7.5515],[109.12,-7.548],[109.12,-7.539]]]},"properties":{"code":"33.02.03.2007","name":"Kedungwringin"}},{"type":"Feature","geometry":{"type":"Polygon","coordinates":[[[109.1045,-7.545],[109.0735,-7.5365],[109.069,-7.5375],[109.068,-7.537],[109.0715,-7.5395],[109.072,-7.5415],[109.074,-7.5425],[109.075,-7.5405],[109.078,-7.541],[109.079,-7.5415],[109.083,-7.547],[109.085,-7.5465],[109.0895,-7.5475],[109.0895,-7.549],[109.089,-7.5495],[109.091,-7.551],[109.092,-7.55],[109.104,-7.555],[109.104,-7.554],[109.104,-7.547],[109.1045,-7.547],[109.1045,-7.545]]]},"properties":{"code":"33.02.03.2008","name":"Bantar"}},{"type":"Feature","geometry":{"type":"Polygon","coordinates":[[[109.1,-7.5265],[109.0855,-7.521],[109.0825,-7.5205],[109.0805,-7.5245],[109.0795,-7.5255],[109.0735,-7.5365],[109.1045,-7.545],[109.1045,-7.544],[109.106,-7.54],[109.1055,-7.5395],[109.1055,-7.535],[109.1,-7.5265]]]},"properties":{"code":"33.02.03.2009","name":"Tinggarjaya"}},{"type":"Feature","geometry":{"type":"Polygon","coordinates":[[[109.1085,-7.502],[109.1005,-7.503],[109.1,-7.5265],[109.1055,-7.535],[109.1055,-7.5395],[109.108,-7.539],[109.1125,-7.5385],[109.1135,-7.5375],[109.12,-7.539],[109.127,-7.5365],[109.126,-7.5345],[109.122,-7.5275],[109.121,-7.5285],[109.1185,-7.511],[109.1185,-7.5065],[109.1185,-7.506],[109.119,-7.503],[109.1185,-7.5025],[109.1085,-7.502]]]},"properties":{"code":"33.02.03.2010","name":"Tunjung"}},{"type":"Feature","geometry":{"type":"Polygon","coordinates":[[[109.124,-7.5105],[109.1215,-7.5105],[109.121,-7.509],[109.1195,-7.509],[109.1185,-7.509],[109.1185,-7.511],[109.121,-7.5285],[109.122,-7.5275],[109.126,-7.5345],[109.127,-7.5365],[109.1335,-7.5335],[109.1345,-7.521],[109.132,-7.521],[109.131,-7.5195],[109.1305,-7.5195],[109.13,-7.519],[109.129,-7.5185],[109.1245,-7.516],[109.124,-7.515],[109.123,-7.5105],[109.124,-7.5105]]]},"properties":{"code":"33.02.03.2011","name":"Gentawangi"}},{"type":"Feature","geometry":{"type":"Polygon","coordinates":[[[109.1625,-7.5525],[109.1605,-7.555],[109.1485,-7.5525],[109.1485,-7.553],[109.147,-7.553],[109.1385,-7.5795],[109.1495,-7.578],[109.152,-7.5785],[109.153,-7.5785],[109.1545,-7.578],[109.1655,-7.5725],[109.168,-7.569],[109.1685,-7.563],[109.1685,-7.561],[109.1655,-7.5595],[109.1625,-7.5525]]]},"properties":{"code":"33.02.04.2001","name":"Losari"}},{"type":"Feature","geometry":{"type":"Polygon","coordinates":[[[109.151,-7.5275],[109.1505,-7.5275],[109.1485,-7.5275],[109.1475,-7.5265],[109.144,-7.5255],[109.144,-7.526],[109.147,-7.531],[109.146,-7.533],[109.1485,-7.544],[109.1485,-7.5525],[109.1605,-7.555],[109.1625,-7.5525],[109.163,-7.552],[109.1545,-7.534],[109.154,-7.5335],[109.151,-7.5275]]]},"properties":{"code":"33.02.04.2002","name":"Menganti"}},{"type":"Feature","geometry":{"type":"Polygon","coordinates":[[[109.1525,-7.5255],[109.1515,-7.5255],[109.151,-7.527],[109.151,-7.5275],[109.154,-7.5335],[109.1545,-7.534],[109.163,-7.552],[109.1625,-7.5525],[109.1655,-7.5595],[109.1685,-7.561],[109.1695,-7.558],[109.169,-7.5535],[109.168,-7.55],[109.168,-7.5435],[109.1685,-7.543],[109.167,-7.5415],[109.1665,-7.54],[109.169,-7.5385],[109.1675,-7.5355],[109.1665,-7.5345],[109.1675,-7.531],[109.165,-7.529],[109.1525,-7.5255]]]},"properties":{"code":"33.02.04.2003","name":"Banjarparakan"}},{"type":"Feature","geometry":{"type":"Polygon","coordinates":[[[109.171,-7.527],[109.1695,-7.527],[109.1695,-7.5275],[109.168,-7.5275],[109.168,-7.5295],[109.1675,-7.531],[109.1665,-7.5345],[109.1675,-7.5355],[109.169,-7.5385],[109.1665,-7.54],[109.167,-7.541],[109.1685,-7.543],[109.169,-7.5425],[109.1835,-7.5425],[109.1895,-7.5375],[109.19,-7.536],[109.1915,-7.5335],[109.1935,-7.532],[109.171,-7.527]]]},"properties":{"code":"33.02.04.2004","name":"Rawalo"}},{"type":"Feature","geometry":{"type":"Polygon","coordinates":[[[109.2145,-7.4995],[109.2085,-7.4995],[109.202,-7.4995],[109.1965,-7.4985],[109.193,-7.4995],[109.188,-7.4985],[109.1805,-7.506],[109.1855,-7.5135],[109.171,-7.527],[109.1935,-7.532],[109.198,-7.5295],[109.2035,-7.519],[109.2065,-7.5175],[109.209,-7.517],[109.212,-7.5155],[109.214,-7.5],[109.2145,-7.4995]]]},"properties":{"code":"33.02.04.2005","name":"Tambaknegara"}},{"type":"Feature","geometry":{"type":"Polygon","coordinates":[[[109.184,-7.498],[109.175,-7.4955],[109.1735,-7.494],[109.1585,-7.517],[109.169,-7.5195],[109.167,-7.5305],[109.168,-7.5295],[109.168,-7.5275],[109.1695,-7.5275],[109.1695,-7.527],[109.171,-7.527],[109.1855,-7.5135],[109.1805,-7.506],[109.188,-7.4985],[109.186,-7.498],[109.184,-7.498]]]},"properties":{"code":"33.02.04.2006","name":"Sidamulih"}},{"type":"Feature","geometry":{"type":"Polygon","coordinates":[[[109.167,-7.5305],[109.169,-7.5195],[109.1585,-7.517],[109.1525,-7.5255],[109.165,-7.529],[109.167,-7.5305]]]},"properties":{"code":"33.02.04.2007","name":"Pesawahan"}},{"type":"Feature","geometry":{"type":"Polygon","coordinates":[[[109.1705,-7.491],[109.168,-7.488],[109.164,-7.4815],[109.1635,-7.481],[109.157,-7.4835],[109.1545,-7.4825],[109.154,-7.483],[109.1535,-7.484],[109.1535,-7.4845],[109.153,-7.4865],[109.1435,-7.488],[109.142,-7.4885],[109.1405,-7.4885],[109.142,-7.49],[109.1475,-7.504],[109.1415,-7.513],[109.142,-7.515],[109.1425,-7.517],[109.142,-7.518],[109.1425,-7.519],[109.144,-7.5245],[109.144,-7.5255],[109.1475,-7.5265],[109.1485,-7.5275],[109.1505,-7.5275],[109.151,-7.527],[109.1515,-7.5255],[109.1525,-7.5255],[109.1585,-7.517],[109.1735,-7.494],[109.1725,-7.4925],[109.1705,-7.491]]]},"properties":{"code":"33.02.04.2008","name":"Tipar"}},{"type":"Feature","geometry":{"type":"Polygon","coordinates":[[[109.1405,-7.4885],[109.134,-7.4915],[109.1315,-7.4855],[109.129,-7.486],[109.13,-7.506],[109.128,-7.507],[109.1245,-7.5095],[109.1235,-7.51],[109.124,-7.51],[109.124,-7.5105],[109.1235,-7.5105],[109.123,-7.5105],[109.124,-7.515],[109.1245,-7.516],[109.129,-7.5185],[109.13,-7.519],[109.1305,-7.5195],[109.131,-7.5195],[109.132,-7.521],[109.135,-7.521],[109.1355,-7.5215],[109.144,-7.526],[109.144,-7.5255],[109.144,-7.5245],[109.1425,-7.519],[109.142,-7.518],[109.1425,-7.517],[109.142,-7.515],[109.1415,-7.513],[109.1475,-7.504],[109.142,-7.49],[109.1405,-7.4885]]]},"properties":{"code":"33.02.04.2009","name":"Sanggreman"}},{"type":"Feature","geometry":{"type":"Polygon","coordinates":[[[109.27,-7.5595],[109.2655,-7.5585],[109.263,-7.5585],[109.262,-7.563],[109.2585,-7.571],[109.2555,-7.5845],[109.254,-7.5885],[109.253,-7.5885],[109.252,-7.59],[109.2555,-7.5915],[109.2655,-7.592],[109.2685,-7.5915],[109.2705,-7.582],[109.271,-7.5815],[109.2725,-7.5775],[109.274,-7.57],[109.277,-7.563],[109.2755,-7.562],[109.27,-7.5595]]]},"properties":{"code":"33.02.05.2001","name":"Adisana"}},{"type":"Feature","geometry":{"type":"Polygon","coordinates":[[[109.263,-7.5585],[109.261,-7.5585],[109.258,-7.5575],[109.2555,-7.556],[109.254,-7.5545],[109.253,-7.5565],[109.252,-7.559],[109.252,-7.569],[109.243,-7.583],[109.248,-7.5875],[109.252,-7.59],[109.253,-7.5885],[109.254,-7.5885],[109.2555,-7.5845],[109.2585,-7.571],[109.262,-7.563],[109.263,-7.5585]]]},"properties":{"code":"33.02.05.2002","name":"Bangsa"}},{"type":"Feature","geometry":{"type":"Polygon","coordinates":[[[109.2535,-7.554],[109.25,-7.551],[109.2425,-7.561],[109.241,-7.5625],[109.236,-7.579],[109.243,-7.583],[109.252,-7.569],[109.252,-7.559],[109.253,-7.5565],[109.254,-7.5545],[109.2535,-7.554]]]},"properties":{"code":"33.02.05.2003","name":"Karangsari"}},{"type":"Feature","geometry":{"type":"Polygon","coordinates":[[[109.236,-7.579],[109.241,-7.5625],[109.2415,-7.5615],[109.24,-7.562],[109.2285,-7.563],[109.225,-7.5715],[109.232,-7.5765],[109.236,-7.579]]]},"properties":{"code":"33.02.05.2004","name":"Randegan"}},{"type":"Feature","geometry":{"type":"Polygon","coordinates":[[[109.25,-7.551],[109.2475,-7.552],[109.245,-7.5505],[109.217,-7.557],[109.215,-7.5645],[109.2185,-7.567],[109.225,-7.5715],[109.2285,-7.563],[109.24,-7.562],[109.2415,-7.5615],[109.2425,-7.561],[109.25,-7.551]]]},"properties":{"code":"33.02.05.2005","name":"Kaliwedi"}},{"type":"Feature","geometry":{"type":"Polygon","coordinates":[[[109.245,-7.5505],[109.2445,-7.5495],[109.2445,-7.548],[109.2475,-7.5465],[109.248,-7.5445],[109.2475,-7.543],[109.229,-7.5495],[109.212,-7.551],[109.211,-7.552],[109.2055,-7.555],[109.206,-7.5595],[109.206,-7.5605],[109.211,-7.563],[109.215,-7.5645],[109.217,-7.557],[109.245,-7.5505]]]},"properties":{"code":"33.02.05.2006","name":"Sawangan"}},{"type":"Feature","geometry":{"type":"Polygon","coordinates":[[[109.2475,-7.543],[109.247,-7.541],[109.246,-7.538],[109.245,-7.5365],[109.244,-7.5335],[109.2435,-7.531],[109.2405,-7.528],[109.2415,-7.5255],[109.242,-7.5235],[109.241,-7.5205],[109.2395,-7.5195],[109.236,-7.521],[109.2355,-7.5215],[109.2295,-7.5305],[109.205,-7.544],[109.203,-7.544],[109.204,-7.5465],[109.204,-7.5475],[109.205,-7.55],[109.2055,-7.555],[109.211,-7.552],[109.212,-7.551],[109.229,-7.5495],[109.2475,-7.543]]]},"properties":{"code":"33.02.05.2007","name":"Kalisalak"}},{"type":"Feature","geometry":{"type":"Polygon","coordinates":[[[109.203,-7.544],[109.202,-7.5445],[109.196,-7.539],[109.193,-7.5385],[109.19,-7.536],[109.1895,-7.5375],[109.1835,-7.5425],[109.169,-7.5425],[109.168,-7.5435],[109.168,-7.55],[109.169,-7.5535],[109.1695,-7.558],[109.1715,-7.5515],[109.1845,-7.552],[109.188,-7.5535],[109.191,-7.555],[109.1975,-7.5575],[109.206,-7.5605],[109.206,-7.5595],[109.205,-7.55],[109.204,-7.5475],[109.204,-7.5465],[109.203,-7.544]]]},"properties":{"code":"33.02.05.2008","name":"Cindaga"}},{"type":"Feature","geometry":{"type":"Polygon","coordinates":[[[109.2365,-7.5175],[109.227,-7.515],[109.2265,-7.521],[109.214,-7.533],[109.2015,-7.538],[109.198,-7.5295],[109.1935,-7.532],[109.1915,-7.5335],[109.19,-7.536],[109.193,-7.5385],[109.196,-7.539],[109.202,-7.5445],[109.203,-7.544],[109.205,-7.544],[109.2295,-7.5305],[109.2355,-7.5215],[109.236,-7.521],[109.2395,-7.5195],[109.2375,-7.5185],[109.2365,-7.5175]]]},"properties":{"code":"33.02.05.2009","name":"Kebasen"}},{"type":"Feature","geometry":{"type":"Polygon","coordinates":[[[109.227,-7.518],[109.211,-7.516],[109.209,-7.517],[109.2065,-7.5175],[109.2035,-7.519],[109.198,-7.5295],[109.2015,-7.538],[109.214,-7.533],[109.2265,-7.521],[109.227,-7.518]]]},"properties":{"code":"33.02.05.2010","name":"Gambarsari"}},{"type":"Feature","geometry":{"type":"Polygon","coordinates":[[[109.227,-7.515],[109.226,-7.5],[109.216,-7.4975],[109.214,-7.5],[109.212,-7.5155],[109.211,-7.516],[109.227,-7.518],[109.227,-7.515]]]},"properties":{"code":"33.02.05.2011","name":"Tumiyang"}},{"type":"Feature","geometry":{"type":"Polygon","coordinates":[[[109.228,-7.492],[109.2205,-7.4945],[109.2175,-7.4965],[109.216,-7.4975],[109.226,-7.5],[109.227,-7.515],[109.2365,-7.5175],[109.238,-7.507],[109.237,-7.5035],[109.2345,-7.497],[109.234,-7.496],[109.2335,-7.496],[109.228,-7.492]]]},"properties":{"code":"33.02.05.2012","name":"Mandirancan"}},{"type":"Feature","geometry":{"type":"Polygon","coordinates":[[[109.276,-7.604],[109.2635,-7.6025],[109.261,-7.612],[109.261,-7.6195],[109.2615,-7.62],[109.2655,-7.621],[109.27,-7.621],[109.274,-7.622],[109.276,-7.604]]]},"properties":{"code":"33.02.06.2001","name":"Grujugan"}},{"type":"Feature","geometry":{"type":"Polygon","coordinates":[[[109.292,-7.609],[109.2925,-7.6085],[109.2885,-7.607],[109.276,-7.604],[109.274,-7.622],[109.287,-7.625],[109.289,-7.6245],[109.29,-7.6245],[109.2915,-7.625],[109.298,-7.6195],[109.2985,-7.617],[109.298,-7.617],[109.292,-7.609]]]},"properties":{"code":"33.02.06.2002","name":"Sirau"}},{"type":"Feature","geometry":{"type":"Polygon","coordinates":[[[109.3155,-7.6125],[109.3135,-7.62],[109.3015,-7.618],[109.2985,-7.617],[109.298,-7.6195],[109.2915,-7.625],[109.3115,-7.6285],[109.3125,-7.6285],[109.3155,-7.63],[109.3315,-7.635],[109.332,-7.633],[109.3315,-7.6265],[109.3245,-7.625],[109.3205,-7.623],[109.3205,-7.6175],[109.3205,-7.615],[109.3155,-7.6125]]]},"properties":{"code":"33.02.06.2003","name":"Sibalung"}},{"type":"Feature","geometry":{"type":"Polygon","coordinates":[[[109.3275,-7.597],[109.322,-7.599],[109.3215,-7.602],[109.321,-7.6035],[109.3205,-7.6125],[109.3205,-7.6175],[109.3205,-7.623],[109.3245,-7.625],[109.3315,-7.6265],[109.3305,-7.625],[109.33,-7.606],[109.3275,-7.597]]]},"properties":{"code":"33.02.06.2004","name":"Sibrama"}},{"type":"Feature","geometry":{"type":"Polygon","coordinates":[[[109.3395,-7.592],[109.3375,-7.5905],[109.337,-7.59],[109.334,-7.5915],[109.3275,-7.597],[109.33,-7.606],[109.3305,-7.6225],[109.336,-7.609],[109.339,-7.603],[109.3395,-7.592]]]},"properties":{"code":"33.02.06.2005","name":"Kedungpring"}},{"type":"Feature","geometry":{"type":"Polygon","coordinates":[[[109.335,-7.5905],[109.319,-7.589],[109.317,-7.5865],[109.3175,-7.5855],[109.3175,-7.5845],[109.317,-7.585],[109.3165,-7.5855],[109.314,-7.5865],[109.3115,-7.586],[109.311,-7.5925],[109.302,-7.5945],[109.3015,-7.595],[109.3035,-7.595],[109.304,-7.5945],[109.307,-7.5955],[109.311,-7.5955],[109.315,-7.601],[109.315,-7.602],[109.307,-7.601],[109.3055,-7.601],[109.305,-7.603],[109.3035,-7.605],[109.3025,-7.6095],[109.3035,-7.6095],[109.304,-7.612],[109.3045,-7.6125],[109.307,-7.6125],[109.3095,-7.6085],[109.315,-7.612],[109.3205,-7.615],[109.3205,-7.6125],[109.321,-7.6035],[109.3215,-7.602],[109.322,-7.599],[109.3275,-7.597],[109.334,-7.5915],[109.335,-7.5905]]]},"properties":{"code":"33.02.06.2006","name":"Kecila"}},{"type":"Feature","geometry":{"type":"Polygon","coordinates":[[[109.293,-7.6055],[109.294,-7.6075],[109.292,-7.609],[109.298,-7.617],[109.3015,-7.618],[109.3135,-7.62],[109.3155,-7.6125],[109.315,-7.612],[109.3095,-7.6085],[109.307,-7.6125],[109.3045,-7.6125],[109.304,-7.612],[109.3035,-7.6095],[109.301,-7.609],[109.293,-7.6055]]]},"properties":{"code":"33.02.06.2007","name":"Nusamangir"}},{"type":"Feature","geometry":{"type":"Polygon","coordinates":[[[109.3025,-7.6095],[109.3035,-7.605],[109.305,-7.603],[109.3055,-7.601],[109.307,-7.601],[109.315,-7.602],[109.315,-7.601],[109.311,-7.5955],[109.307,-7.5955],[109.304,-7.5945],[109.3035,-7.595],[109.3015,-7.595],[109.2995,-7.5975],[109.2995,-7.5985],[109.293,-7.6055],[109.301,-7.609],[109.3025,-7.6095]]]},"properties":{"code":"33.02.06.2008","name":"Karangjati"}},{"type":"Feature","geometry":{"type":"Polygon","coordinates":[[[109.2995,-7.585],[109.2885,-7.585],[109.2785,-7.5945],[109.276,-7.604],[109.2885,-7.607],[109.2925,-7.6085],[109.292,-7.609],[109.294,-7.6075],[109.293,-7.6055],[109.2995,-7.5985],[109.2995,-7.5945],[109.3,-7.59],[109.3,-7.588],[109.3,-7.587],[109.2995,-7.585]]]},"properties":{"code":"33.02.06.2009","name":"Kebarongan"}},{"type":"Feature","geometry":{"type":"Polygon","coordinates":[[[109.2785,-7.5945],[109.2805,-7.585],[109.273,-7.582],[109.2705,-7.582],[109.2685,-7.5915],[109.2675,-7.592],[109.265,-7.5955],[109.2635,-7.6025],[109.276,-7.604],[109.2785,-7.5945]]]},"properties":{"code":"33.02.06.2010","name":"Sidamulya"}},{"type":"Feature","geometry":{"type":"Polygon","coordinates":[[[109.304,-7.573],[109.305,-7.5605],[109.3005,-7.563],[109.299,-7.5635],[109.2885,-7.564],[109.2795,-7.5635],[109.279,-7.564],[109.277,-7.563],[109.274,-7.57],[109.2725,-7.5775],[109.271,-7.5815],[109.2705,-7.582],[109.273,-7.582],[109.2805,-7.585],[109.2785,-7.5945],[109.2885,-7.585],[109.2995,-7.585],[109.2995,-7.581],[109.304,-7.573]]]},"properties":{"code":"33.02.06.2011","name":"Pageralang"}},{"type":"Feature","geometry":{"type":"Polygon","coordinates":[[[109.318,-7.577],[109.3145,-7.576],[109.31,-7.5735],[109.304,-7.573],[109.2995,-7.581],[109.3,-7.587],[109.3,-7.588],[109.3,-7.59],[109.2995,-7.5945],[109.2995,-7.5975],[109.3015,-7.595],[109.302,-7.5945],[109.311,-7.5925],[109.3115,-7.586],[109.314,-7.5865],[109.3165,-7.5855],[109.317,-7.585],[109.3175,-7.5845],[109.3175,-7.5835],[109.3175,-7.5785],[109.318,-7.577]]]},"properties":{"code":"33.02.06.2012","name":"Alasmalang"}},{"type":"Feature","geometry":{"type":"Polygon","coordinates":[[[109.335,-7.5675],[109.332,-7.567],[109.3255,-7.5685],[109.3235,-7.57],[109.3205,-7.569],[109.318,-7.5755],[109.318,-7.5775],[109.3175,-7.5785],[109.3175,-7.5835],[109.3175,-7.5845],[109.3175,-7.5855],[109.317,-7.5865],[109.319,-7.589],[109.335,-7.5905],[109.337,-7.59],[109.3365,-7.5865],[109.337,-7.5845],[109.338,-7.5805],[109.335,-7.5675]]]},"properties":{"code":"33.02.06.2013","name":"Petarangan"}},{"type":"Feature","geometry":{"type":"Polygon","coordinates":[[[109.358,-7.5525],[109.3465,-7.55],[109.3435,-7.551],[109.341,-7.559],[109.3385,-7.564],[109.335,-7.5675],[109.338,-7.5805],[109.3375,-7.5815],[109.3415,-7.5815],[109.3435,-7.5785],[109.35,-7.577],[109.3535,-7.57],[109.353,-7.567],[109.353,-7.5635],[109.358,-7.5525]]]},"properties":{"code":"33.02.06.2014","name":"Karanggintung"}},{"type":"Feature","geometry":{"type":"Polygon","coordinates":[[[109.344,-7.55],[109.3355,-7.552],[109.327,-7.5555],[109.315,-7.557],[109.3115,-7.555],[109.3065,-7.5545],[109.299,-7.5535],[109.303,-7.5615],[109.305,-7.5605],[109.304,-7.573],[109.31,-7.5735],[109.3145,-7.576],[109.318,-7.577],[109.318,-7.5755],[109.3205,-7.569],[109.3235,-7.57],[109.3255,-7.5685],[109.332,-7.567],[109.335,-7.5675],[109.3385,-7.564],[109.341,-7.559],[109.3435,-7.551],[109.345,-7.5505],[109.344,-7.55]]]},"properties":{"code":"33.02.06.2015","name":"Karangsalam"}},{"type":"Feature","geometry":{"type":"Polygon","coordinates":[[[109.3615,-7.607],[109.356,-7.6015],[109.351,-7.6035],[109.348,-7.6035],[109.3465,-7.6035],[109.3425,-7.6075],[109.35,-7.613],[109.3555,-7.6165],[109.356,-7.616],[109.358,-7.616],[109.3615,-7.607]]]},"properties":{"code":"33.02.07.1012","name":"Kebokura"}},{"type":"Feature","geometry":{"type":"Polygon","coordinates":[[[109.3785,-7.62],[109.376,-7.62],[109.367,-7.607],[109.366,-7.607],[109.3615,-7.607],[109.358,-7.616],[109.3595,-7.616],[109.3615,-7.616],[109.3655,-7.616],[109.3655,-7.6155],[109.376,-7.63],[109.376,-7.631],[109.3735,-7.641],[109.3735,-7.6415],[109.377,-7.641],[109.379,-7.641],[109.3785,-7.634],[109.3785,-7.62]]]},"properties":{"code":"33.02.07.1013","name":"Sumpiuh"}},{"type":"Feature","geometry":{"type":"Polygon","coordinates":[[[109.3795,-7.6055],[109.3685,-7.6065],[109.367,-7.607],[109.376,-7.62],[109.3795,-7.62],[109.3805,-7.6165],[109.3795,-7.6055]]]},"properties":{"code":"33.02.07.1014","name":"Kradenan"}},{"type":"Feature","geometry":{"type":"Polygon","coordinates":[[[109.379,-7.641],[109.377,-7.641],[109.3735,-7.6415],[109.3735,-7.641],[109.3675,-7.642],[109.3665,-7.6535],[109.3665,-7.653],[109.3685,-7.6545],[109.369,-7.656],[109.3695,-7.6565],[109.3715,-7.657],[109.3815,-7.666],[109.3835,-7.6635],[109.3845,-7.655],[109.3845,-7.6515],[109.3875,-7.651],[109.39,-7.65],[109.388,-7.646],[109.3885,-7.6455],[109.388,-7.6445],[109.379,-7.6465],[109.379,-7.641]]]},"properties":{"code":"33.02.07.2001","name":"Nusadadi"}},{"type":"Feature","geometry":{"type":"Polygon","coordinates":[[[109.3735,-7.641],[109.376,-7.631],[109.376,-7.63],[109.3655,-7.6155],[109.3655,-7.6165],[109.365,-7.6195],[109.363,-7.6205],[109.362,-7.6205],[109.3615,-7.6215],[109.361,-7.6245],[109.3635,-7.6255],[109.3675,-7.642],[109.3735,-7.641]]]},"properties":{"code":"33.02.07.2002","name":"Selandaka"}},{"type":"Feature","geometry":{"type":"Polygon","coordinates":[[[109.3675,-7.642],[109.3635,-7.6255],[109.3615,-7.6245],[109.359,-7.6395],[109.3585,-7.6445],[109.36,-7.646],[109.359,-7.6495],[109.3575,-7.6505],[109.3575,-7.652],[109.365,-7.6575],[109.3665,-7.6535],[109.3675,-7.642]]]},"properties":{"code":"33.02.07.2003","name":"Karanggedang"}},{"type":"Feature","geometry":{"type":"Polygon","coordinates":[[[109.3655,-7.616],[109.3615,-7.616],[109.3595,-7.616],[109.356,-7.616],[109.3555,-7.6165],[109.3545,-7.6195],[109.3525,-7.6235],[109.35,-7.641],[109.351,-7.642],[109.357,-7.6395],[109.359,-7.6395],[109.3615,-7.6245],[109.361,-7.6245],[109.3615,-7.6215],[109.362,-7.6205],[109.363,-7.6205],[109.365,-7.6195],[109.3655,-7.6165],[109.3655,-7.616]]]},"properties":{"code":"33.02.07.2004","name":"Kemiri"}},{"type":"Feature","geometry":{"type":"Polygon","coordinates":[[[109.3425,-7.6075],[109.338,-7.612],[109.337,-7.613],[109.3315,-7.6265],[109.332,-7.633],[109.3315,-7.635],[109.3365,-7.637],[109.3385,-7.6365],[109.3385,-7.6375],[109.339,-7.636],[109.337,-7.635],[109.3355,-7.633],[109.3425,-7.618],[109.35,-7.613],[109.3425,-7.6075]]]},"properties":{"code":"33.02.07.2005","name":"Pandak"}},{"type":"Feature","geometry":{"type":"Polygon","coordinates":[[[109.3555,-7.6165],[109.35,-7.613],[109.3425,-7.618],[109.3355,-7.633],[109.337,-7.635],[109.339,-7.636],[109.3385,-7.6375],[109.35,-7.641],[109.3525,-7.6235],[109.3545,-7.6195],[109.3555,-7.6165]]]},"properties":{"code":"33.02.07.2006","name":"Kuntili"}},{"type":"Feature","geometry":{"type":"Polygon","coordinates":[[[109.3575,-7.5985],[109.3395,-7.592],[109.339,-7.603],[109.336,-7.609],[109.3305,-7.6225],[109.3305,-7.625],[109.3315,-7.6265],[109.337,-7.613],[109.338,-7.612],[109.3425,-7.6075],[109.3465,-7.6035],[109.348,-7.6035],[109.351,-7.6035],[109.357,-7.5995],[109.3575,-7.5985]]]},"properties":{"code":"33.02.07.2007","name":"Lebeng"}},{"type":"Feature","geometry":{"type":"Polygon","coordinates":[[[109.376,-7.5935],[109.3725,-7.593],[109.3715,-7.5925],[109.365,-7.5925],[109.359,-7.5935],[109.357,-7.5995],[109.356,-7.6015],[109.3615,-7.607],[109.366,-7.607],[109.3685,-7.6065],[109.3795,-7.6055],[109.378,-7.6],[109.3785,-7.5995],[109.375,-7.596],[109.376,-7.5935]]]},"properties":{"code":"33.02.07.2008","name":"Selanegara"}},{"type":"Feature","geometry":{"type":"Polygon","coordinates":[[[109.3935,-7.5965],[109.3945,-7.5955],[109.4,-7.593],[109.4025,-7.5915],[109.4035,-7.5795],[109.3945,-7.551],[109.3955,-7.549],[109.396,-7.547],[109.3965,-7.5415],[109.396,-7.5405],[109.392,-7.5435],[109.3895,-7.5705],[109.379,-7.576],[109.3775,-7.5855],[109.3765,-7.5905],[109.375,-7.596],[109.3785,-7.5995],[109.3805,-7.599],[109.384,-7.5965],[109.3855,-7.596],[109.3875,-7.5995],[109.3885,-7.599],[109.3935,-7.5965]]]},"properties":{"code":"33.02.07.2009","name":"Bogangin"}},{"type":"Feature","geometry":{"type":"Polygon","coordinates":[[[109.3955,-7.538],[109.381,-7.539],[109.3595,-7.555],[109.357,-7.579],[109.359,-7.59],[109.359,-7.5935],[109.365,-7.5925],[109.3715,-7.5925],[109.3725,-7.593],[109.376,-7.5935],[109.3765,-7.5905],[109.3775,-7.5855],[109.379,-7.576],[109.3895,-7.5705],[109.392,-7.5435],[109.396,-7.5405],[109.3955,-7.538]]]},"properties":{"code":"33.02.07.2010","name":"Banjarpanepen"}},{"type":"Feature","geometry":{"type":"Polygon","coordinates":[[[109.3595,-7.555],[109.358,-7.5525],[109.353,-7.5635],[109.353,-7.567],[109.3535,-7.57],[109.35,-7.577],[109.3435,-7.5785],[109.3415,-7.5815],[109.3375,-7.5815],[109.337,-7.5845],[109.3365,-7.5865],[109.3375,-7.5905],[109.3395,-7.592],[109.3575,-7.5985],[109.359,-7.59],[109.357,-7.579],[109.3595,-7.555]]]},"properties":{"code":"33.02.07.2011","name":"Ketanda"}},{"type":"Feature","geometry":{"type":"Polygon","coordinates":[[[109.3845,-7.6225],[109.3835,-7.622],[109.3815,-7.62],[109.3795,-7.62],[109.3785,-7.62],[109.3785,-7.634],[109.379,-7.6405],[109.379,-7.6465],[109.388,-7.6445],[109.388,-7.643],[109.3845,-7.625],[109.3845,-7.6225]]]},"properties":{"code":"33.02.08.2001","name":"Plangkapan"}},{"type":"Feature","geometry":{"type":"Polygon","coordinates":[[[109.3875,-7.5995],[109.3855,-7.596],[109.384,-7.5965],[109.3805,-7.599],[109.378,-7.6],[109.3795,-7.6055],[109.3805,-7.6165],[109.3815,-7.62],[109.3835,-7.622],[109.3865,-7.6225],[109.3895,-7.6185],[109.389,-7.6155],[109.3875,-7.6015],[109.386,-7.601],[109.3875,-7.6005],[109.3875,-7.5995]]]},"properties":{"code":"33.02.08.2002","name":"Gumelar Lor"}},{"type":"Feature","geometry":{"type":"Polygon","coordinates":[[[109.397,-7.601],[109.3935,-7.6005],[109.3945,-7.598],[109.395,-7.5965],[109.3935,-7.5965],[109.3885,-7.599],[109.3875,-7.5995],[109.3875,-7.6005],[109.386,-7.601],[109.3875,-7.6015],[109.389,-7.6155],[109.3895,-7.6185],[109.3865,-7.6225],[109.3845,-7.6225],[109.3845,-7.625],[109.388,-7.643],[109.3885,-7.6455],[109.3905,-7.645],[109.391,-7.6435],[109.3905,-7.6145],[109.393,-7.614],[109.394,-7.6085],[109.397,-7.601]]]},"properties":{"code":"33.02.08.2003","name":"Gumelar Kidul"}},{"type":"Feature","geometry":{"type":"Polygon","coordinates":[[[109.3995,-7.6355],[109.4055,-7.6205],[109.405,-7.613],[109.3965,-7.6135],[109.3905,-7.6145],[109.391,-7.6435],[109.3935,-7.6475],[109.3955,-7.647],[109.396,-7.647],[109.3965,-7.645],[109.3995,-7.6355]]]},"properties":{"code":"33.02.08.2004","name":"Karangpetir"}},{"type":"Feature","geometry":{"type":"Polygon","coordinates":[[[109.413,-7.631],[109.3995,-7.6355],[109.3965,-7.645],[109.396,-7.647],[109.3965,-7.6475],[109.4025,-7.6495],[109.4045,-7.6495],[109.408,-7.651],[109.4155,-7.6475],[109.4135,-7.647],[109.414,-7.644],[109.4135,-7.635],[109.413,-7.631]]]},"properties":{"code":"33.02.08.2005","name":"Gebangsari"}},{"type":"Feature","geometry":{"type":"Polygon","coordinates":[[[109.4295,-7.623],[109.4145,-7.6225],[109.4135,-7.6285],[109.4135,-7.635],[109.414,-7.644],[109.4135,-7.647],[109.4155,-7.6475],[109.4165,-7.6435],[109.4185,-7.64],[109.4195,-7.6385],[109.431,-7.6335],[109.431,-7.6325],[109.43,-7.626],[109.4295,-7.623]]]},"properties":{"code":"33.02.08.2006","name":"Prembun"}},{"type":"Feature","geometry":{"type":"Polygon","coordinates":[[[109.438,-7.633],[109.4385,-7.632],[109.439,-7.631],[109.44,-7.6305],[109.44,-7.627],[109.446,-7.6215],[109.44,-7.6065],[109.437,-7.6105],[109.436,-7.6115],[109.433,-7.6115],[109.4305,-7.611],[109.4295,-7.6235],[109.43,-7.626],[109.431,-7.6325],[109.4315,-7.634],[109.438,-7.633]]]},"properties":{"code":"33.02.08.2007","name":"Buniayu"}},{"type":"Feature","geometry":{"type":"Polygon","coordinates":[[[109.4295,-7.623],[109.43,-7.618],[109.4305,-7.611],[109.412,-7.6125],[109.4145,-7.6225],[109.4295,-7.623]]]},"properties":{"code":"33.02.08.2008","name":"Pesantren"}},{"type":"Feature","geometry":{"type":"Polygon","coordinates":[[[109.4145,-7.6225],[109.412,-7.6125],[109.405,-7.613],[109.4055,-7.6205],[109.3995,-7.6355],[109.413,-7.631],[109.4135,-7.6285],[109.4145,-7.6225]]]},"properties":{"code":"33.02.08.2009","name":"Karangpucung"}},{"type":"Feature","geometry":{"type":"Polygon","coordinates":[[[109.4045,-7.6015],[109.4015,-7.602],[109.4,-7.602],[109.397,-7.601],[109.394,-7.6085],[109.393,-7.614],[109.3965,-7.6135],[109.3985,-7.613],[109.412,-7.6125],[109.406,-7.6035],[109.4045,-7.6025],[109.4045,-7.6015]]]},"properties":{"code":"33.02.08.2010","name":"Kamulyan"}},{"type":"Feature","geometry":{"type":"Polygon","coordinates":[[[109.4355,-7.6],[109.4335,-7.5995],[109.4255,-7.6015],[109.4075,-7.6015],[109.4045,-7.6015],[109.4045,-7.602],[109.406,-7.6035],[109.412,-7.6125],[109.43,-7.611],[109.433,-7.6115],[109.436,-7.6115],[109.437,-7.6105],[109.44,-7.6055],[109.4375,-7.6025],[109.4375,-7.601],[109.436,-7.601],[109.4355,-7.6]]]},"properties":{"code":"33.02.08.2011","name":"Purwodadi"}},{"type":"Feature","geometry":{"type":"Polygon","coordinates":[[[109.4235,-7.5355],[109.4185,-7.5345],[109.4035,-7.541],[109.3995,-7.5365],[109.398,-7.535],[109.3975,-7.5365],[109.396,-7.537],[109.396,-7.5405],[109.3965,-7.5415],[109.396,-7.547],[109.3955,-7.549],[109.3945,-7.551],[109.4035,-7.5795],[109.4025,-7.5915],[109.4,-7.593],[109.3945,-7.5955],[109.395,-7.5965],[109.3945,-7.598],[109.3935,-7.6005],[109.395,-7.6005],[109.4,-7.602],[109.4015,-7.602],[109.405,-7.6015],[109.4075,-7.6015],[109.4255,-7.6015],[109.4335,-7.5995],[109.4355,-7.6],[109.435,-7.599],[109.433,-7.599],[109.423,-7.589],[109.4175,-7.5725],[109.416,-7.571],[109.4155,-7.567],[109.415,-7.5655],[109.426,-7.557],[109.4275,-7.556],[109.4305,-7.5535],[109.4325,-7.5435],[109.4325,-7.54],[109.434,-7.5385],[109.4325,-7.536],[109.432,-7.5365],[109.426,-7.537],[109.4255,-7.537],[109.4235,-7.5355]]]},"properties":{"code":"33.02.08.2012","name":"Watuagung"}},{"type":"Feature","geometry":{"type":"Polygon","coordinates":[[[109.327,-7.5355],[109.31,-7.5355],[109.3085,-7.5375],[109.3075,-7.5405],[109.3045,-7.546],[109.3065,-7.552],[109.308,-7.5535],[109.3085,-7.555],[109.3115,-7.555],[109.315,-7.557],[109.327,-7.5555],[109.334,-7.5525],[109.334,-7.5515],[109.334,-7.5505],[109.334,-7.5485],[109.3335,-7.5455],[109.328,-7.5385],[109.327,-7.5355]]]},"properties":{"code":"33.02.09.2001","name":"Tanggeran"}},{"type":"Feature","geometry":{"type":"Polygon","coordinates":[[[109.3145,-7.525],[109.3135,-7.5245],[109.317,-7.5125],[109.311,-7.5125],[109.303,-7.5175],[109.305,-7.523],[109.308,-7.5265],[109.31,-7.5355],[109.327,-7.5355],[109.324,-7.535],[109.3145,-7.525]]]},"properties":{"code":"33.02.09.2002","name":"Sokawera"}},{"type":"Feature","geometry":{"type":"Polygon","coordinates":[[[109.3435,-7.528],[109.343,-7.527],[109.3405,-7.5205],[109.34,-7.5185],[109.3355,-7.513],[109.332,-7.5145],[109.318,-7.522],[109.316,-7.525],[109.3145,-7.5255],[109.3145,-7.525],[109.324,-7.535],[109.328,-7.5355],[109.3435,-7.528]]]},"properties":{"code":"33.02.09.2003","name":"Somagede"}},{"type":"Feature","geometry":{"type":"Polygon","coordinates":[[[109.3485,-7.53],[109.3475,-7.5305],[109.345,-7.5295],[109.3435,-7.528],[109.328,-7.5355],[109.327,-7.5355],[109.328,-7.5385],[109.3335,-7.5455],[109.334,-7.5485],[109.334,-7.5505],[109.334,-7.5515],[109.334,-7.5525],[109.3355,-7.552],[109.344,-7.55],[109.3495,-7.536],[109.348,-7.5325],[109.3485,-7.53]]]},"properties":{"code":"33.02.09.2004","name":"Klinting"}},{"type":"Feature","geometry":{"type":"Polygon","coordinates":[[[109.3955,-7.538],[109.3945,-7.536],[109.394,-7.535],[109.3915,-7.5325],[109.381,-7.523],[109.378,-7.5235],[109.371,-7.519],[109.37,-7.5185],[109.3645,-7.5265],[109.36,-7.526],[109.359,-7.5265],[109.359,-7.528],[109.3505,-7.5295],[109.3485,-7.53],[109.348,-7.5325],[109.3495,-7.536],[109.344,-7.55],[109.345,-7.5505],[109.3465,-7.55],[109.358,-7.5525],[109.3595,-7.555],[109.381,-7.539],[109.3955,-7.538]]]},"properties":{"code":"33.02.09.2005","name":"Kemawi"}},{"type":"Feature","geometry":{"type":"Polygon","coordinates":[[[109.363,-7.4995],[109.362,-7.4995],[109.353,-7.499],[109.3555,-7.509],[109.3575,-7.511],[109.352,-7.509],[109.35,-7.5095],[109.358,-7.523],[109.3585,-7.5235],[109.359,-7.5255],[109.359,-7.5265],[109.36,-7.526],[109.3645,-7.5265],[109.37,-7.5185],[109.37,-7.5175],[109.3685,-7.517],[109.368,-7.5165],[109.3625,-7.5],[109.363,-7.4995]]]},"properties":{"code":"33.02.09.2006","name":"Piasa Kulon"}},{"type":"Feature","geometry":{"type":"Polygon","coordinates":[[[109.35,-7.5095],[109.3465,-7.509],[109.342,-7.5095],[109.3425,-7.5105],[109.342,-7.5115],[109.3365,-7.5125],[109.3355,-7.513],[109.34,-7.5185],[109.3405,-7.5205],[109.343,-7.527],[109.345,-7.5295],[109.3475,-7.5305],[109.348,-7.53],[109.3505,-7.5295],[109.359,-7.528],[109.359,-7.5255],[109.3585,-7.5235],[109.358,-7.523],[109.35,-7.5095]]]},"properties":{"code":"33.02.09.2007","name":"Kanding"}},{"type":"Feature","geometry":{"type":"Polygon","coordinates":[[[109.353,-7.499],[109.3515,-7.494],[109.344,-7.494],[109.3415,-7.489],[109.3405,-7.4875],[109.339,-7.4875],[109.3385,-7.487],[109.338,-7.4875],[109.3375,-7.4935],[109.337,-7.4935],[109.3335,-7.4995],[109.3335,-7.502],[109.334,-7.5055],[109.3365,-7.5075],[109.342,-7.509],[109.342,-7.5095],[109.3465,-7.509],[109.352,-7.509],[109.3575,-7.511],[109.3555,-7.509],[109.353,-7.499]]]},"properties":{"code":"33.02.09.2008","name":"Somakaton"}},{"type":"Feature","geometry":{"type":"Polygon","coordinates":[[[109.356,-7.481],[109.3455,-7.478],[109.345,-7.478],[109.3415,-7.481],[109.3395,-7.486],[109.3385,-7.487],[109.339,-7.4875],[109.3405,-7.4875],[109.3415,-7.489],[109.344,-7.494],[109.3515,-7.494],[109.353,-7.499],[109.362,-7.4995],[109.3655,-7.498],[109.364,-7.49],[109.362,-7.4885],[109.3615,-7.487],[109.3615,-7.486],[109.3615,-7.4855],[109.3605,-7.4855],[109.356,-7.481]]]},"properties":{"code":"33.02.09.2009","name":"Plana"}},{"type":"Feature","geometry":{"type":"Polygon","coordinates":[[[109.335,-7.5065],[109.3275,-7.507],[109.321,-7.496],[109.3085,-7.497],[109.308,-7.4975],[109.307,-7.5025],[109.3075,-7.5075],[109.312,-7.5125],[109.317,-7.5125],[109.3135,-7.5245],[109.3145,-7.5255],[109.316,-7.525],[109.318,-7.522],[109.332,-7.5145],[109.3365,-7.5125],[109.342,-7.5115],[109.3425,-7.5105],[109.342,-7.509],[109.3365,-7.5075],[109.335,-7.5065]]]},"properties":{"code":"33.02.10.2001","name":"Srowot"}},{"type":"Feature","geometry":{"type":"Polygon","coordinates":[[[109.3205,-7.4785],[109.3205,-7.4755],[109.3185,-7.4755],[109.3175,-7.4765],[109.316,-7.477],[109.3135,-7.485],[109.311,-7.492],[109.307,-7.492],[109.3085,-7.497],[109.321,-7.496],[109.3275,-7.507],[109.335,-7.5065],[109.334,-7.5055],[109.3335,-7.502],[109.3335,-7.4995],[109.337,-7.4935],[109.3365,-7.4895],[109.3285,-7.4835],[109.3255,-7.483],[109.3205,-7.481],[109.3205,-7.4785]]]},"properties":{"code":"33.02.10.2002","name":"Suro"}},{"type":"Feature","geometry":{"type":"Polygon","coordinates":[[[109.2935,-7.492],[109.2805,-7.4885],[109.2805,-7.4915],[109.281,-7.4935],[109.2815,-7.4965],[109.277,-7.5065],[109.273,-7.508],[109.2645,-7.506],[109.262,-7.5065],[109.261,-7.506],[109.26,-7.5055],[109.2615,-7.5105],[109.2665,-7.5135],[109.2685,-7.513],[109.2865,-7.51],[109.2935,-7.509],[109.296,-7.509],[109.2975,-7.509],[109.303,-7.5175],[109.311,-7.5125],[109.312,-7.5125],[109.3075,-7.5075],[109.307,-7.5025],[109.308,-7.4975],[109.307,-7.492],[109.3085,-7.492],[109.304,-7.49],[109.301,-7.4895],[109.298,-7.4895],[109.2955,-7.4895],[109.2935,-7.492]]]},"properties":{"code":"33.02.10.2003","name":"Kaliori"}},{"type":"Feature","geometry":{"type":"Polygon","coordinates":[[[109.2805,-7.49],[109.277,-7.489],[109.2755,-7.4885],[109.26,-7.5045],[109.26,-7.5055],[109.261,-7.506],[109.262,-7.5065],[109.2645,-7.506],[109.273,-7.508],[109.277,-7.5065],[109.2815,-7.4965],[109.281,-7.4935],[109.2805,-7.4915],[109.2805,-7.49]]]},"properties":{"code":"33.02.10.2004","name":"Wlahar Wetan"}},{"type":"Feature","geometry":{"type":"Polygon","coordinates":[[[109.2865,-7.4655],[109.2795,-7.4665],[109.2795,-7.468],[109.2795,-7.4685],[109.2795,-7.469],[109.2785,-7.4695],[109.2775,-7.469],[109.2765,-7.469],[109.267,-7.48],[109.266,-7.482],[109.267,-7.4825],[109.2715,-7.484],[109.2745,-7.4875],[109.277,-7.489],[109.2805,-7.49],[109.2805,-7.4875],[109.2865,-7.4655]]]},"properties":{"code":"33.02.10.2005","name":"Pekaja"}},{"type":"Feature","geometry":{"type":"Polygon","coordinates":[[[109.2925,-7.4665],[109.2925,-7.466],[109.2885,-7.4655],[109.2885,-7.466],[109.2865,-7.4655],[109.2805,-7.4875],[109.2805,-7.4885],[109.2935,-7.492],[109.292,-7.476],[109.2925,-7.4715],[109.2925,-7.4685],[109.2925,-7.4665]]]},"properties":{"code":"33.02.10.2006","name":"Karangdadap"}},{"type":"Feature","geometry":{"type":"Polygon","coordinates":[[[109.297,-7.468],[109.2965,-7.4675],[109.2955,-7.4675],[109.2935,-7.467],[109.2925,-7.4685],[109.2925,-7.4715],[109.292,-7.476],[109.2935,-7.492],[109.2955,-7.4895],[109.298,-7.4895],[109.301,-7.4895],[109.304,-7.49],[109.308,-7.4915],[109.3035,-7.474],[109.3,-7.4695],[109.2975,-7.4695],[109.297,-7.468]]]},"properties":{"code":"33.02.10.2007","name":"Kalibagor"}},{"type":"Feature","geometry":{"type":"Polygon","coordinates":[[[109.309,-7.4625],[109.307,-7.462],[109.3035,-7.4675],[109.3035,-7.474],[109.308,-7.4915],[109.3085,-7.492],[109.311,-7.492],[109.3135,-7.485],[109.316,-7.477],[109.3175,-7.4765],[109.3175,-7.4755],[109.3095,-7.4635],[109.309,-7.4625]]]},"properties":{"code":"33.02.10.2008","name":"Pajerukan"}},{"type":"Feature","geometry":{"type":"Polygon","coordinates":[[[109.3175,-7.462],[109.312,-7.4605],[109.309,-7.4615],[109.3095,-7.4635],[109.3175,-7.4755],[109.3185,-7.4755],[109.3205,-7.4755],[109.3205,-7.4785],[109.321,-7.477],[109.321,-7.4735],[109.3215,-7.473],[109.327,-7.47],[109.326,-7.468],[109.325,-7.467],[109.3235,-7.465],[109.3175,-7.4625],[109.3175,-7.462]]]},"properties":{"code":"33.02.10.2009","name":"Petir"}},{"type":"Feature","geometry":{"type":"MultiPolygon","coordinates":[[[[109.3315,-7.4575],[109.328,-7.457],[109.3175,-7.46],[109.3175,-7.4625],[109.3235,-7.465],[109.325,-7.467],[109.326,-7.468],[109.3255,-7.466],[109.3315,-7.4615],[109.3295,-7.4675],[109.332,-7.4695],[109.336,-7.4615],[109.3355,-7.4605],[109.337,-7.4605],[109.335,-7.459],[109.334,-7.4605],[109.3315,-7.4595],[109.3315,-7.4575]]],[[[109.341,-7.4495],[109.339,-7.449],[109.3375,-7.448],[109.3375,-7.449],[109.337,-7.449],[109.3355,-7.4545],[109.337,-7.455],[109.3365,-7.456],[109.3365,-7.4575],[109.339,-7.4575],[109.341,-7.4525],[109.341,-7.4495]]]]},"properties":{"code":"33.02.10.2010","name":"Kalicupak Kidul"}},{"type":"Feature","geometry":{"type":"Polygon","coordinates":[[[109.337,-7.455],[109.3355,-7.4545],[109.337,-7.449],[109.3345,-7.448],[109.331,-7.455],[109.321,-7.454],[109.317,-7.4535],[109.3175,-7.462],[109.3175,-7.46],[109.328,-7.457],[109.3315,-7.4575],[109.3315,-7.4595],[109.334,-7.4605],[109.335,-7.459],[109.3345,-7.459],[109.3365,-7.4575],[109.3365,-7.456],[109.337,-7.455]]]},"properties":{"code":"33.02.10.2011","name":"Kalicupak Lor"}},{"type":"Feature","geometry":{"type":"Polygon","coordinates":[[[109.322,-7.449],[109.3185,-7.449],[109.3185,-7.45],[109.318,-7.4515],[109.3175,-7.4515],[109.321,-7.454],[109.331,-7.455],[109.3295,-7.4535],[109.322,-7.449]]]},"properties":{"code":"33.02.10.2012","name":"Kalisogra Wetan"}},{"type":"Feature","geometry":{"type":"Polygon","coordinates":[[[109.25,-7.5145],[109.246,-7.513],[109.2405,-7.5135],[109.2385,-7.514],[109.2375,-7.516],[109.2365,-7.5175],[109.2375,-7.5185],[109.2395,-7.5195],[109.241,-7.5205],[109.242,-7.5235],[109.2415,-7.5255],[109.2405,-7.528],[109.2435,-7.531],[109.244,-7.5335],[109.245,-7.5365],[109.246,-7.538],[109.247,-7.541],[109.248,-7.5445],[109.2475,-7.5465],[109.2445,-7.548],[109.2445,-7.5495],[109.2475,-7.552],[109.25,-7.551],[109.2535,-7.554],[109.26,-7.533],[109.2595,-7.5275],[109.259,-7.5275],[109.25,-7.5145]]]},"properties":{"code":"33.02.11.2001","name":"Binangun"}},{"type":"Feature","geometry":{"type":"Polygon","coordinates":[[[109.2695,-7.522],[109.2685,-7.5225],[109.262,-7.5255],[109.26,-7.5275],[109.2595,-7.5275],[109.26,-7.533],[109.2535,-7.554],[109.254,-7.5545],[109.2555,-7.556],[109.258,-7.5575],[109.261,-7.5585],[109.2655,-7.5585],[109.27,-7.5595],[109.2795,-7.5435],[109.2795,-7.54],[109.279,-7.535],[109.2795,-7.5295],[109.279,-7.5245],[109.278,-7.5245],[109.276,-7.5255],[109.273,-7.5245],[109.271,-7.5245],[109.2695,-7.522]]]},"properties":{"code":"33.02.11.2002","name":"Pasinggangan"}},{"type":"Feature","geometry":{"type":"Polygon","coordinates":[[[109.292,-7.5275],[109.291,-7.5275],[109.289,-7.5285],[109.288,-7.5285],[109.2795,-7.5295],[109.279,-7.535],[109.2795,-7.54],[109.2795,-7.5425],[109.2895,-7.5415],[109.291,-7.5335],[109.292,-7.5275]]]},"properties":{"code":"33.02.11.2003","name":"Kedunggede"}},{"type":"Feature","geometry":{"type":"Polygon","coordinates":[[[109.299,-7.5535],[109.2895,-7.5415],[109.2795,-7.5425],[109.2795,-7.5435],[109.27,-7.5595],[109.2755,-7.562],[109.2775,-7.563],[109.279,-7.564],[109.2795,-7.5635],[109.2885,-7.564],[109.299,-7.5635],[109.3005,-7.563],[109.303,-7.5615],[109.299,-7.5535]]]},"properties":{"code":"33.02.11.2004","name":"Karangrau"}},{"type":"Feature","geometry":{"type":"Polygon","coordinates":[[[109.2965,-7.525],[109.292,-7.527],[109.291,-7.5335],[109.2895,-7.5415],[109.299,-7.5535],[109.3065,-7.5545],[109.3085,-7.555],[109.308,-7.5535],[109.3065,-7.552],[109.3045,-7.546],[109.3075,-7.5405],[109.3085,-7.538],[109.3035,-7.5305],[109.301,-7.528],[109.2965,-7.525]]]},"properties":{"code":"33.02.11.2005","name":"Kejawar"}},{"type":"Feature","geometry":{"type":"Polygon","coordinates":[[[109.31,-7.5355],[109.308,-7.5265],[109.305,-7.523],[109.3045,-7.522],[109.2995,-7.5265],[109.301,-7.528],[109.3035,-7.5305],[109.3085,-7.538],[109.3085,-7.5375],[109.31,-7.5355]]]},"properties":{"code":"33.02.11.2006","name":"Danaraja"}},{"type":"Feature","geometry":{"type":"Polygon","coordinates":[[[109.303,-7.5175],[109.2975,-7.509],[109.296,-7.509],[109.296,-7.5175],[109.3,-7.518],[109.296,-7.5215],[109.2965,-7.525],[109.2995,-7.5265],[109.3045,-7.522],[109.303,-7.5175]]]},"properties":{"code":"33.02.11.2007","name":"Kedunguter"}},{"type":"Feature","geometry":{"type":"Polygon","coordinates":[[[109.2965,-7.525],[109.296,-7.5215],[109.3,-7.518],[109.296,-7.5175],[109.296,-7.509],[109.2935,-7.509],[109.2905,-7.5095],[109.2905,-7.5145],[109.2915,-7.5195],[109.29,-7.5195],[109.29,-7.525],[109.2895,-7.5285],[109.291,-7.5275],[109.292,-7.5275],[109.292,-7.527],[109.2965,-7.525]]]},"properties":{"code":"33.02.11.2008","name":"Sudagaran"}},{"type":"Feature","geometry":{"type":"Polygon","coordinates":[[[109.2895,-7.5285],[109.29,-7.525],[109.29,-7.5195],[109.2915,-7.5195],[109.2905,-7.5145],[109.2905,-7.5095],[109.2865,-7.51],[109.2875,-7.5165],[109.2865,-7.5175],[109.2835,-7.518],[109.2815,-7.519],[109.2795,-7.523],[109.279,-7.5245],[109.2795,-7.5295],[109.288,-7.5285],[109.2895,-7.5285]]]},"properties":{"code":"33.02.11.2009","name":"Pekunden"}},{"type":"Feature","geometry":{"type":"Polygon","coordinates":[[[109.2865,-7.51],[109.2685,-7.513],[109.268,-7.513],[109.2685,-7.5155],[109.27,-7.5165],[109.2735,-7.5165],[109.2745,-7.5185],[109.276,-7.5185],[109.271,-7.521],[109.2695,-7.522],[109.271,-7.5245],[109.273,-7.5245],[109.276,-7.5255],[109.278,-7.5245],[109.2795,-7.523],[109.2815,-7.519],[109.2835,-7.518],[109.2865,-7.5175],[109.2875,-7.5165],[109.2865,-7.51]]]},"properties":{"code":"33.02.11.2010","name":"Kalisube"}},{"type":"Feature","geometry":{"type":"Polygon","coordinates":[[[109.2685,-7.5155],[109.255,-7.5145],[109.25,-7.5145],[109.259,-7.5275],[109.26,-7.5275],[109.262,-7.5255],[109.2685,-7.5225],[109.27,-7.521],[109.271,-7.521],[109.276,-7.5185],[109.2745,-7.5185],[109.2735,-7.5165],[109.27,-7.5165],[109.2685,-7.5155]]]},"properties":{"code":"33.02.11.2011","name":"Dawuhan"}},{"type":"Feature","geometry":{"type":"Polygon","coordinates":[[[109.2535,-7.501],[109.2465,-7.4965],[109.2435,-7.494],[109.241,-7.493],[109.237,-7.493],[109.235,-7.4955],[109.234,-7.496],[109.2345,-7.497],[109.237,-7.5035],[109.238,-7.507],[109.2365,-7.5175],[109.2375,-7.516],[109.2385,-7.514],[109.2405,-7.5135],[109.246,-7.513],[109.255,-7.5145],[109.2685,-7.5155],[109.268,-7.513],[109.2665,-7.5135],[109.2615,-7.5105],[109.26,-7.5045],[109.2585,-7.5025],[109.2535,-7.501]]]},"properties":{"code":"33.02.11.2012","name":"Papringan"}},{"type":"Feature","geometry":{"type":"Polygon","coordinates":[[[109.266,-7.482],[109.266,-7.4825],[109.263,-7.4805],[109.2525,-7.4985],[109.2535,-7.501],[109.2585,-7.5025],[109.26,-7.5045],[109.2755,-7.4885],[109.2745,-7.4875],[109.2715,-7.484],[109.267,-7.4825],[109.266,-7.482]]]},"properties":{"code":"33.02.12.2001","name":"Wlahar Kulon"}},{"type":"Feature","geometry":{"type":"Polygon","coordinates":[[[109.257,-7.477],[109.256,-7.477],[109.2545,-7.476],[109.2515,-7.475],[109.2515,-7.4795],[109.249,-7.4785],[109.2385,-7.493],[109.241,-7.493],[109.2435,-7.494],[109.2465,-7.4965],[109.2535,-7.501],[109.2525,-7.4985],[109.263,-7.4805],[109.2625,-7.4805],[109.2615,-7.4795],[109.257,-7.477]]]},"properties":{"code":"33.02.12.2002","name":"Sokawera"}},{"type":"Feature","geometry":{"type":"Polygon","coordinates":[[[109.249,-7.4785],[109.2445,-7.4765],[109.2435,-7.4755],[109.2425,-7.4755],[109.242,-7.4755],[109.24,-7.4765],[109.2345,-7.48],[109.234,-7.481],[109.2315,-7.489],[109.23,-7.4895],[109.228,-7.492],[109.2335,-7.496],[109.235,-7.4955],[109.237,-7.493],[109.2385,-7.493],[109.249,-7.4785]]]},"properties":{"code":"33.02.12.2003","name":"Pegalongan"}},{"type":"Feature","geometry":{"type":"Polygon","coordinates":[[[109.234,-7.4805],[109.2215,-7.4825],[109.221,-7.484],[109.2215,-7.485],[109.221,-7.485],[109.2215,-7.4855],[109.222,-7.4855],[109.218,-7.4895],[109.2175,-7.4935],[109.218,-7.4965],[109.2205,-7.4945],[109.228,-7.492],[109.23,-7.4895],[109.2315,-7.489],[109.234,-7.481],[109.234,-7.4805]]]},"properties":{"code":"33.02.12.2004","name":"Patikraja"}},{"type":"Feature","geometry":{"type":"Polygon","coordinates":[[[109.215,-7.4745],[109.213,-7.475],[109.204,-7.4755],[109.203,-7.476],[109.204,-7.4795],[109.2005,-7.4845],[109.184,-7.498],[109.186,-7.498],[109.193,-7.4995],[109.1965,-7.4985],[109.202,-7.4995],[109.2085,-7.4995],[109.2145,-7.4995],[109.216,-7.4975],[109.218,-7.4965],[109.2175,-7.4935],[109.218,-7.4895],[109.222,-7.4855],[109.2175,-7.484],[109.215,-7.4745]]]},"properties":{"code":"33.02.12.2005","name":"Notog"}},{"type":"Feature","geometry":{"type":"Polygon","coordinates":[[[109.203,-7.476],[109.2025,-7.476],[109.2025,-7.4775],[109.2015,-7.478],[109.199,-7.476],[109.198,-7.476],[109.198,-7.472],[109.1975,-7.472],[109.1975,-7.473],[109.197,-7.473],[109.194,-7.469],[109.193,-7.47],[109.1925,-7.469],[109.19,-7.4695],[109.1755,-7.469],[109.176,-7.47],[109.1755,-7.473],[109.176,-7.477],[109.177,-7.4795],[109.178,-7.4805],[109.177,-7.4815],[109.176,-7.4875],[109.173,-7.4905],[109.1705,-7.491],[109.1725,-7.4925],[109.175,-7.4955],[109.184,-7.498],[109.2005,-7.4845],[109.204,-7.4795],[109.203,-7.476]]]},"properties":{"code":"33.02.12.2006","name":"Karangendep"}},{"type":"Feature","geometry":{"type":"Polygon","coordinates":[[[109.19,-7.4695],[109.19,-7.469],[109.187,-7.456],[109.185,-7.4565],[109.18,-7.4625],[109.179,-7.4615],[109.178,-7.46],[109.1725,-7.461],[109.171,-7.4615],[109.1705,-7.463],[109.1705,-7.465],[109.1685,-7.4785],[109.1545,-7.482],[109.1545,-7.4825],[109.157,-7.4835],[109.1635,-7.481],[109.164,-7.4815],[109.168,-7.488],[109.1705,-7.491],[109.173,-7.4905],[109.176,-7.4875],[109.177,-7.4815],[109.178,-7.4805],[109.177,-7.4795],[109.176,-7.477],[109.1755,-7.473],[109.176,-7.47],[109.1755,-7.469],[109.19,-7.4695]]]},"properties":{"code":"33.02.12.2007","name":"Sawangan Wetan"}},{"type":"Feature","geometry":{"type":"Polygon","coordinates":[[[109.217,-7.47],[109.194,-7.468],[109.1935,-7.469],[109.194,-7.469],[109.197,-7.473],[109.1975,-7.473],[109.1975,-7.472],[109.198,-7.472],[109.198,-7.476],[109.199,-7.476],[109.2015,-7.478],[109.2025,-7.4775],[109.2025,-7.476],[109.204,-7.4755],[109.213,-7.475],[109.2155,-7.4745],[109.217,-7.47]]]},"properties":{"code":"33.02.12.2008","name":"Kedungwuluh Kidul"}},{"type":"Feature","geometry":{"type":"Polygon","coordinates":[[[109.234,-7.4675],[109.217,-7.4665],[109.217,-7.47],[109.2155,-7.4745],[109.215,-7.4745],[109.2175,-7.484],[109.2215,-7.4855],[109.221,-7.485],[109.2215,-7.485],[109.221,-7.484],[109.2215,-7.4825],[109.234,-7.4805],[109.2345,-7.48],[109.24,-7.4765],[109.242,-7.4755],[109.2425,-7.4755],[109.2435,-7.4755],[109.243,-7.475],[109.242,-7.4735],[109.2405,-7.47],[109.24,-7.4685],[109.234,-7.4675]]]},"properties":{"code":"33.02.12.2009","name":"Kedungrandu"}},{"type":"Feature","geometry":{"type":"Polygon","coordinates":[[[109.218,-7.465],[109.214,-7.463],[109.2075,-7.464],[109.2055,-7.4595],[109.204,-7.4585],[109.2035,-7.4585],[109.2005,-7.4585],[109.2,-7.459],[109.199,-7.4575],[109.196,-7.4555],[109.195,-7.455],[109.1945,-7.4545],[109.193,-7.4545],[109.1925,-7.455],[109.1925,-7.4545],[109.192,-7.455],[109.191,-7.455],[109.1905,-7.455],[109.19,-7.455],[109.19,-7.4545],[109.187,-7.456],[109.19,-7.469],[109.1925,-7.469],[109.193,-7.47],[109.1935,-7.469],[109.194,-7.468],[109.217,-7.47],[109.217,-7.4665],[109.218,-7.465]]]},"properties":{"code":"33.02.12.2010","name":"Kedungwuluh Lor"}},{"type":"Feature","geometry":{"type":"Polygon","coordinates":[[[109.211,-7.4535],[109.1925,-7.452],[109.192,-7.454],[109.1925,-7.455],[109.193,-7.4545],[109.1945,-7.4545],[109.195,-7.455],[109.196,-7.4555],[109.199,-7.4575],[109.2,-7.459],[109.2005,-7.4585],[109.2035,-7.4585],[109.204,-7.4585],[109.2055,-7.4595],[109.2075,-7.464],[109.214,-7.463],[109.218,-7.465],[109.2185,-7.463],[109.217,-7.461],[109.213,-7.4585],[109.211,-7.458],[109.211,-7.4535]]]},"properties":{"code":"33.02.12.2011","name":"Karanganyar"}},{"type":"Feature","geometry":{"type":"Polygon","coordinates":[[[109.233,-7.4545],[109.226,-7.449],[109.2255,-7.449],[109.215,-7.4555],[109.2135,-7.4585],[109.213,-7.4585],[109.217,-7.461],[109.2185,-7.463],[109.2185,-7.4645],[109.217,-7.4665],[109.234,-7.4675],[109.233,-7.464],[109.231,-7.457],[109.2325,-7.4555],[109.233,-7.4545]]]},"properties":{"code":"33.02.12.2012","name":"Sidabowa"}},{"type":"Feature","geometry":{"type":"Polygon","coordinates":[[[109.228,-7.446],[109.228,-7.445],[109.2275,-7.4445],[109.228,-7.444],[109.2265,-7.443],[109.225,-7.4435],[109.221,-7.4405],[109.218,-7.439],[109.2155,-7.4375],[109.2125,-7.4405],[109.2135,-7.4415],[109.214,-7.4435],[109.213,-7.4445],[109.211,-7.445],[109.2105,-7.445],[109.209,-7.445],[109.211,-7.4535],[109.211,-7.458],[109.213,-7.4585],[109.2135,-7.4585],[109.215,-7.4555],[109.2255,-7.449],[109.225,-7.4485],[109.2255,-7.448],[109.2275,-7.446],[109.228,-7.446]]]},"properties":{"code":"33.02.12.2013","name":"Kedungwringin"}},{"type":"Feature","geometry":{"type":"Polygon","coordinates":[[[109.1005,-7.503],[109.099,-7.4995],[109.081,-7.497],[109.0805,-7.498],[109.0805,-7.499],[109.076,-7.509],[109.0745,-7.5095],[109.0745,-7.5115],[109.076,-7.513],[109.079,-7.5165],[109.0805,-7.5245],[109.0825,-7.5205],[109.0855,-7.521],[109.1,-7.5265],[109.1005,-7.503]]]},"properties":{"code":"33.02.13.2001","name":"Gerduren"}},{"type":"Feature","geometry":{"type":"Polygon","coordinates":[[[109.101,-7.4785],[109.099,-7.479],[109.0925,-7.481],[109.091,-7.483],[109.09,-7.4855],[109.081,-7.496],[109.081,-7.497],[109.099,-7.4995],[109.1005,-7.503],[109.1085,-7.502],[109.116,-7.49],[109.1115,-7.4895],[109.101,-7.4785]]]},"properties":{"code":"33.02.13.2002","name":"Karangtalun Kidul"}},{"type":"Feature","geometry":{"type":"Polygon","coordinates":[[[109.1045,-7.4745],[109.104,-7.474],[109.1005,-7.474],[109.0805,-7.472],[109.0785,-7.4755],[109.074,-7.4815],[109.09,-7.4845],[109.091,-7.483],[109.0925,-7.481],[109.099,-7.479],[109.101,-7.4785],[109.1045,-7.4745]]]},"properties":{"code":"33.02.13.2003","name":"Kaliurip"}},{"type":"Feature","geometry":{"type":"Polygon","coordinates":[[[109.118,-7.4785],[109.1165,-7.478],[109.1155,-7.479],[109.1135,-7.478],[109.1045,-7.4745],[109.101,-7.4785],[109.1115,-7.4895],[109.116,-7.4895],[109.115,-7.485],[109.115,-7.4835],[109.118,-7.4785]]]},"properties":{"code":"33.02.13.2004","name":"Karangtalun Lor"}},{"type":"Feature","geometry":{"type":"Polygon","coordinates":[[[109.129,-7.486],[109.1195,-7.4845],[109.118,-7.4845],[109.115,-7.4845],[109.115,-7.485],[109.116,-7.4895],[109.116,-7.49],[109.1085,-7.502],[109.1185,-7.5025],[109.119,-7.503],[109.1185,-7.506],[109.1185,-7.509],[109.1195,-7.509],[109.121,-7.509],[109.1215,-7.5105],[109.124,-7.5105],[109.1235,-7.51],[109.1245,-7.5095],[109.128,-7.507],[109.13,-7.506],[109.129,-7.486]]]},"properties":{"code":"33.02.13.2005","name":"Purwojati"}},{"type":"Feature","geometry":{"type":"Polygon","coordinates":[[[109.1315,-7.4855],[109.125,-7.47],[109.122,-7.4735],[109.118,-7.478],[109.118,-7.4785],[109.115,-7.4835],[109.115,-7.4845],[109.118,-7.4845],[109.1195,-7.4845],[109.129,-7.486],[109.1315,-7.4855]]]},"properties":{"code":"33.02.13.2006","name":"Klapasawit"}},{"type":"Feature","geometry":{"type":"Polygon","coordinates":[[[109.1465,-7.4655],[109.1415,-7.472],[109.125,-7.47],[109.1315,-7.4855],[109.134,-7.4915],[109.1405,-7.4885],[109.142,-7.4885],[109.1435,-7.488],[109.153,-7.4865],[109.1535,-7.4845],[109.1535,-7.484],[109.154,-7.483],[109.154,-7.482],[109.154,-7.479],[109.153,-7.478],[109.147,-7.467],[109.1465,-7.4655]]]},"properties":{"code":"33.02.13.2007","name":"Karangmangu"}},{"type":"Feature","geometry":{"type":"Polygon","coordinates":[[[109.139,-7.4565],[109.126,-7.4555],[109.1255,-7.457],[109.127,-7.4635],[109.1265,-7.467],[109.125,-7.47],[109.1415,-7.472],[109.1465,-7.4655],[109.147,-7.465],[109.1475,-7.4635],[109.1465,-7.462],[109.1455,-7.4615],[109.1445,-7.4615],[109.144,-7.4605],[109.139,-7.4565]]]},"properties":{"code":"33.02.13.2008","name":"Kaliputih"}},{"type":"Feature","geometry":{"type":"Polygon","coordinates":[[[109.119,-7.463],[109.104,-7.4685],[109.0905,-7.463],[109.0805,-7.471],[109.0805,-7.472],[109.1005,-7.474],[109.104,-7.474],[109.1045,-7.4745],[109.1135,-7.478],[109.1155,-7.479],[109.1165,-7.478],[109.118,-7.478],[109.122,-7.4735],[109.1265,-7.467],[109.127,-7.4635],[109.119,-7.463]]]},"properties":{"code":"33.02.13.2009","name":"Kaliwangi"}},{"type":"Feature","geometry":{"type":"Polygon","coordinates":[[[109.119,-7.463],[109.1095,-7.454],[109.0885,-7.452],[109.086,-7.4565],[109.0865,-7.4585],[109.089,-7.4625],[109.0905,-7.463],[109.104,-7.4685],[109.119,-7.463]]]},"properties":{"code":"33.02.13.2010","name":"Kalitapen"}},{"type":"Feature","geometry":{"type":"Polygon","coordinates":[[[109.0505,-7.3995],[109.048,-7.399],[109.0325,-7.4065],[109.033,-7.4085],[109.033,-7.409],[109.0355,-7.4115],[109.0335,-7.4125],[109.0315,-7.4135],[109.029,-7.4135],[109.0265,-7.4105],[109.0265,-7.4085],[109.026,-7.4085],[109.0245,-7.4085],[109.025,-7.4105],[109.024,-7.4115],[109.0225,-7.4115],[109.021,-7.4085],[109.0175,-7.408],[109.014,-7.408],[109.012,-7.4075],[109.011,-7.408],[109.008,-7.406],[109.011,-7.423],[109.02,-7.4265],[109.027,-7.441],[109.028,-7.441],[109.044,-7.4345],[109.0475,-7.433],[109.0475,-7.4305],[109.0485,-7.431],[109.049,-7.431],[109.049,-7.4295],[109.0515,-7.424],[109.0515,-7.4235],[109.0465,-7.401],[109.0475,-7.4005],[109.0505,-7.3995]]]},"properties":{"code":"33.02.14.2001","name":"Darmakradenan"}},{"type":"Feature","geometry":{"type":"Polygon","coordinates":[[[109.071,-7.435],[109.0605,-7.4415],[109.0505,-7.43],[109.049,-7.431],[109.0485,-7.431],[109.0475,-7.4305],[109.0475,-7.433],[109.044,-7.4345],[109.028,-7.441],[109.027,-7.441],[109.03,-7.4535],[109.0345,-7.45],[109.0505,-7.4535],[109.0545,-7.4585],[109.0565,-7.459],[109.058,-7.4595],[109.058,-7.4585],[109.067,-7.4525],[109.08,-7.455],[109.078,-7.4425],[109.0775,-7.44],[109.0755,-7.441],[109.0735,-7.4395],[109.071,-7.435]]]},"properties":{"code":"33.02.14.2002","name":"Tipar Kidul"}},{"type":"Feature","geometry":{"type":"Polygon","coordinates":[[[109.099,-7.4235],[109.0895,-7.4255],[109.088,-7.426],[109.077,-7.4365],[109.078,-7.4425],[109.08,-7.455],[109.085,-7.456],[109.086,-7.4565],[109.0885,-7.452],[109.0915,-7.448],[109.099,-7.438],[109.109,-7.44],[109.1125,-7.4275],[109.113,-7.427],[109.112,-7.4265],[109.1065,-7.4255],[109.1065,-7.426],[109.1045,-7.4255],[109.099,-7.4235]]]},"properties":{"code":"33.02.14.2003","name":"Sawangan"}},{"type":"Feature","geometry":{"type":"Polygon","coordinates":[[[109.1195,-7.426],[109.116,-7.426],[109.113,-7.4265],[109.113,-7.427],[109.1125,-7.4275],[109.109,-7.44],[109.099,-7.438],[109.0915,-7.448],[109.0885,-7.452],[109.1095,-7.454],[109.119,-7.463],[109.127,-7.4635],[109.1255,-7.457],[109.125,-7.4535],[109.123,-7.4505],[109.1225,-7.45],[109.1205,-7.4485],[109.1185,-7.4445],[109.119,-7.441],[109.1185,-7.439],[109.118,-7.437],[109.118,-7.4335],[109.119,-7.4315],[109.1195,-7.426]]]},"properties":{"code":"33.02.14.2004","name":"Jingkang"}},{"type":"Feature","geometry":{"type":"Polygon","coordinates":[[[109.1195,-7.402],[109.1125,-7.399],[109.1115,-7.3995],[109.1115,-7.4],[109.11,-7.4],[109.109,-7.403],[109.106,-7.4045],[109.1055,-7.4065],[109.106,-7.421],[109.106,-7.4245],[109.1065,-7.4255],[109.112,-7.4265],[109.113,-7.427],[109.113,-7.4265],[109.116,-7.426],[109.1195,-7.426],[109.122,-7.4245],[109.1225,-7.423],[109.123,-7.4225],[109.1225,-7.4215],[109.12,-7.4165],[109.1205,-7.4145],[109.12,-7.413],[109.1205,-7.4125],[109.119,-7.4125],[109.1185,-7.4115],[109.119,-7.41],[109.1185,-7.4085],[109.1195,-7.402]]]},"properties":{"code":"33.02.14.2005","name":"Banjarsari"}},{"type":"Feature","geometry":{"type":"Polygon","coordinates":[[[109.106,-7.4045],[109.1005,-7.405],[109.0995,-7.4085],[109.0985,-7.4105],[109.099,-7.4235],[109.1045,-7.4255],[109.1065,-7.426],[109.1065,-7.4255],[109.106,-7.4245],[109.106,-7.421],[109.1055,-7.4065],[109.106,-7.4045]]]},"properties":{"code":"33.02.14.2006","name":"Kalibenda"}},{"type":"Feature","geometry":{"type":"Polygon","coordinates":[[[109.1005,-7.405],[109.0895,-7.406],[109.0895,-7.408],[109.089,-7.409],[109.088,-7.4115],[109.0875,-7.4125],[109.087,-7.413],[109.086,-7.4155],[109.085,-7.4175],[109.0835,-7.4185],[109.083,-7.419],[109.082,-7.4195],[109.089,-7.4255],[109.0895,-7.4255],[109.099,-7.4235],[109.0985,-7.4105],[109.0995,-7.4085],[109.1005,-7.405]]]},"properties":{"code":"33.02.14.2007","name":"Pancurendang"}},{"type":"Feature","geometry":{"type":"Polygon","coordinates":[[[109.0825,-7.4195],[109.082,-7.4185],[109.0805,-7.4185],[109.0805,-7.4175],[109.0755,-7.4185],[109.0745,-7.4215],[109.073,-7.424],[109.071,-7.435],[109.0735,-7.4395],[109.0755,-7.441],[109.0775,-7.44],[109.077,-7.4365],[109.088,-7.426],[109.089,-7.4255],[109.082,-7.4195],[109.0825,-7.4195]]]},"properties":{"code":"33.02.14.2008","name":"Pancasan"}},{"type":"Feature","geometry":{"type":"Polygon","coordinates":[[[109.071,-7.435],[109.073,-7.424],[109.0745,-7.4215],[109.0755,-7.4185],[109.0665,-7.421],[109.052,-7.424],[109.0515,-7.424],[109.049,-7.4295],[109.0505,-7.43],[109.0605,-7.4415],[109.071,-7.435]]]},"properties":{"code":"33.02.14.2009","name":"Karangbawang"}},{"type":"Feature","geometry":{"type":"Polygon","coordinates":[[[109.0665,-7.402],[109.061,-7.3955],[109.0595,-7.396],[109.0525,-7.3995],[109.0505,-7.3995],[109.0475,-7.4005],[109.0465,-7.401],[109.0515,-7.4235],[109.052,-7.424],[109.0665,-7.421],[109.0635,-7.409],[109.0655,-7.4075],[109.066,-7.4025],[109.0665,-7.402]]]},"properties":{"code":"33.02.14.2010","name":"Kracak"}},{"type":"Feature","geometry":{"type":"Polygon","coordinates":[[[109.076,-7.399],[109.075,-7.3995],[109.071,-7.398],[109.069,-7.3995],[109.067,-7.4015],[109.066,-7.4025],[109.0655,-7.4075],[109.0635,-7.409],[109.0665,-7.421],[109.0755,-7.4185],[109.0805,-7.404],[109.08,-7.4045],[109.0745,-7.404],[109.0745,-7.403],[109.0745,-7.4025],[109.0745,-7.402],[109.076,-7.399]]]},"properties":{"code":"33.02.14.2011","name":"Ajibarang Kulon"}},{"type":"Feature","geometry":{"type":"Polygon","coordinates":[[[109.0845,-7.4025],[109.075,-7.4025],[109.0745,-7.4025],[109.0745,-7.403],[109.0745,-7.404],[109.08,-7.4045],[109.0805,-7.404],[109.0755,-7.4185],[109.0805,-7.4175],[109.0805,-7.4185],[109.082,-7.4185],[109.0825,-7.4195],[109.0835,-7.4185],[109.085,-7.4175],[109.085,-7.415],[109.0845,-7.4085],[109.0845,-7.4025]]]},"properties":{"code":"33.02.14.2012","name":"Ajibarang Wetan"}},{"type":"Feature","geometry":{"type":"Polygon","coordinates":[[[109.1115,-7.3995],[109.1085,-7.4],[109.1095,-7.3945],[109.109,-7.395],[109.102,-7.3975],[109.1,-7.398],[109.0995,-7.398],[109.091,-7.3985],[109.0895,-7.398],[109.0845,-7.4025],[109.0845,-7.4085],[109.085,-7.415],[109.086,-7.4155],[109.087,-7.413],[109.0875,-7.4125],[109.088,-7.4115],[109.089,-7.409],[109.0895,-7.408],[109.0895,-7.406],[109.1005,-7.405],[109.106,-7.4045],[109.109,-7.403],[109.11,-7.4],[109.1115,-7.4],[109.1115,-7.3995]]]},"properties":{"code":"33.02.14.2013","name":"Lesmana"}},{"type":"Feature","geometry":{"type":"Polygon","coordinates":[[[109.0895,-7.3885],[109.0855,-7.3875],[109.081,-7.387],[109.0805,-7.387],[109.0805,-7.389],[109.078,-7.3915],[109.0775,-7.3925],[109.0765,-7.3965],[109.0765,-7.399],[109.076,-7.399],[109.0745,-7.402],[109.075,-7.4025],[109.0845,-7.4025],[109.0895,-7.398],[109.0905,-7.3985],[109.09,-7.3975],[109.0895,-7.3885]]]},"properties":{"code":"33.02.14.2014","name":"Pandansari"}},{"type":"Feature","geometry":{"type":"Polygon","coordinates":[[[109.0775,-7.3925],[109.0775,-7.3915],[109.0775,-7.39],[109.077,-7.3885],[109.072,-7.3855],[109.065,-7.3855],[109.064,-7.3855],[109.0625,-7.3855],[109.062,-7.386],[109.0615,-7.3865],[109.063,-7.391],[109.0645,-7.392],[109.064,-7.3935],[109.061,-7.3955],[109.0665,-7.402],[109.067,-7.4015],[109.069,-7.3995],[109.071,-7.398],[109.075,-7.3995],[109.0765,-7.399],[109.0765,-7.3965],[109.0775,-7.3925]]]},"properties":{"code":"33.02.14.2015","name":"Ciberung"}},{"type":"Feature","geometry":{"type":"Polygon","coordinates":[[[109.027,-7.441],[109.02,-7.4265],[109.011,-7.423],[108.9995,-7.431],[108.999,-7.4325],[108.999,-7.433],[108.999,-7.4345],[108.999,-7.436],[108.999,-7.437],[108.9935,-7.442],[108.985,-7.442],[108.986,-7.443],[108.9955,-7.455],[109.007,-7.4635],[109.0115,-7.467],[109.027,-7.4545],[109.029,-7.4545],[109.03,-7.4535],[109.027,-7.441]]]},"properties":{"code":"33.02.15.2001","name":"Karangkemojing"}},{"type":"Feature","geometry":{"type":"Polygon","coordinates":[[[109.011,-7.423],[109.008,-7.406],[109.008,-7.407],[109.0085,-7.4105],[109.008,-7.4115],[109.0075,-7.413],[109.0025,-7.416],[108.9985,-7.4135],[108.998,-7.4135],[108.995,-7.414],[108.9925,-7.4155],[108.99,-7.415],[108.9885,-7.4145],[108.987,-7.4145],[108.9765,-7.4185],[108.976,-7.428],[108.976,-7.4335],[108.9805,-7.437],[108.9815,-7.4395],[108.984,-7.4415],[108.985,-7.442],[108.9935,-7.442],[108.999,-7.437],[108.999,-7.436],[108.999,-7.4345],[108.999,-7.433],[108.999,-7.4325],[108.9995,-7.431],[109.011,-7.423]]]},"properties":{"code":"33.02.15.2002","name":"Paningkaban"}},{"type":"Feature","geometry":{"type":"Polygon","coordinates":[[[109.009,-7.374],[109.0075,-7.374],[109.0075,-7.3725],[109.006,-7.3725],[108.992,-7.37],[108.989,-7.3725],[108.9855,-7.379],[108.9855,-7.3815],[108.985,-7.3825],[108.984,-7.384],[108.983,-7.387],[108.983,-7.391],[108.9815,-7.404],[108.981,-7.4055],[108.9715,-7.41],[108.9705,-7.409],[108.969,-7.409],[108.97,-7.4105],[108.97,-7.4115],[108.97,-7.4125],[108.972,-7.4155],[108.9765,-7.4185],[108.987,-7.4145],[108.9885,-7.4145],[108.99,-7.415],[108.9925,-7.4155],[108.995,-7.414],[108.998,-7.4135],[108.9985,-7.4135],[109.0025,-7.416],[109.0075,-7.413],[109.008,-7.4115],[109.0085,-7.4105],[109.008,-7.407],[109.008,-7.406],[109.006,-7.4015],[109.006,-7.3995],[109.0055,-7.3985],[109.0055,-7.3975],[109.0055,-7.396],[109.006,-7.3945],[109.0065,-7.393],[109.0075,-7.389],[109.0075,-7.3885],[109.006,-7.385],[109.009,-7.374]]]},"properties":{"code":"33.02.15.2003","name":"Cihonje"}},{"type":"Feature","geometry":{"type":"Polygon","coordinates":[[[109.031,-7.3965],[109.017,-7.3945],[109.013,-7.3935],[109.007,-7.387],[109.0075,-7.3885],[109.0075,-7.389],[109.0065,-7.393],[109.006,-7.3945],[109.0055,-7.396],[109.0055,-7.3975],[109.0055,-7.3985],[109.006,-7.3995],[109.006,-7.4015],[109.008,-7.406],[109.011,-7.408],[109.012,-7.4075],[109.014,-7.408],[109.0175,-7.408],[109.021,-7.4085],[109.0225,-7.4115],[109.024,-7.4115],[109.025,-7.4105],[109.0245,-7.4085],[109.026,-7.4085],[109.0265,-7.4085],[109.0265,-7.4105],[109.029,-7.4135],[109.0315,-7.4135],[109.0335,-7.4125],[109.0355,-7.4115],[109.033,-7.409],[109.033,-7.4085],[109.0325,-7.4065],[109.032,-7.405],[109.0315,-7.4045],[109.0305,-7.4025],[109.0305,-7.3985],[109.0305,-7.398],[109.031,-7.3965]]]},"properties":{"code":"33.02.15.2004","name":"Gancang"}},{"type":"Feature","geometry":{"type":"Polygon","coordinates":[[[109.042,-7.3825],[109.027,-7.3725],[109.024,-7.3705],[109.022,-7.369],[109.021,-7.3665],[109.02,-7.3635],[109.017,-7.365],[109.0165,-7.3665],[109.011,-7.3725],[109.009,-7.374],[109.006,-7.385],[109.007,-7.387],[109.013,-7.3935],[109.017,-7.3945],[109.031,-7.3965],[109.031,-7.39],[109.042,-7.3825]]]},"properties":{"code":"33.02.15.2005","name":"Kedungurang"}},{"type":"Feature","geometry":{"type":"Polygon","coordinates":[[[109.0165,-7.3655],[109.006,-7.3625],[109.0005,-7.3545],[108.9995,-7.3535],[108.9985,-7.354],[108.997,-7.3545],[108.996,-7.355],[108.9925,-7.3575],[108.9925,-7.3585],[108.991,-7.359],[108.991,-7.361],[108.978,-7.3615],[108.978,-7.3605],[108.9745,-7.3635],[108.9735,-7.367],[108.968,-7.373],[108.967,-7.374],[108.9625,-7.383],[108.9755,-7.387],[108.9765,-7.387],[108.9805,-7.3845],[108.982,-7.379],[108.983,-7.38],[108.9855,-7.38],[108.9855,-7.379],[108.989,-7.3725],[108.992,-7.37],[109.006,-7.3725],[109.0075,-7.3725],[109.0075,-7.374],[109.011,-7.3725],[109.0165,-7.3665],[109.0165,-7.3655]]]},"properties":{"code":"33.02.15.2006","name":"Gumelar"}},{"type":"Feature","geometry":{"type":"Polygon","coordinates":[[[108.9625,-7.383],[108.9495,-7.378],[108.9475,-7.3835],[108.9455,-7.384],[108.946,-7.385],[108.947,-7.3865],[108.9615,-7.3965],[108.9675,-7.402],[108.967,-7.405],[108.968,-7.4075],[108.969,-7.409],[108.9705,-7.409],[108.9715,-7.41],[108.981,-7.4055],[108.9815,-7.404],[108.983,-7.391],[108.983,-7.387],[108.984,-7.384],[108.9845,-7.3835],[108.985,-7.3825],[108.9855,-7.381],[108.9855,-7.38],[108.983,-7.38],[108.982,-7.379],[108.9805,-7.3845],[108.9765,-7.387],[108.9755,-7.387],[108.9625,-7.383]]]},"properties":{"code":"33.02.15.2007","name":"Cilangkap"}},{"type":"Feature","geometry":{"type":"Polygon","coordinates":[[[108.976,-7.335],[108.9745,-7.3365],[108.9705,-7.347],[108.9675,-7.35],[108.951,-7.361],[108.948,-7.361],[108.9455,-7.3625],[108.949,-7.363],[108.951,-7.3635],[108.9525,-7.3645],[108.9555,-7.366],[108.9495,-7.372],[108.9465,-7.3745],[108.9465,-7.3755],[108.9495,-7.378],[108.9625,-7.383],[108.967,-7.374],[108.968,-7.373],[108.9735,-7.367],[108.9745,-7.3635],[108.978,-7.3605],[108.978,-7.3595],[108.977,-7.359],[108.9775,-7.358],[108.976,-7.3555],[108.975,-7.353],[108.975,-7.352],[108.976,-7.335]]]},"properties":{"code":"33.02.15.2008","name":"Tlaga"}},{"type":"Feature","geometry":{"type":"Polygon","coordinates":[[[109.035,-7.3515],[109.033,-7.3465],[109.0355,-7.3305],[109.035,-7.33],[109.0335,-7.3305],[109.03,-7.329],[109.027,-7.326],[109.026,-7.3265],[109.025,-7.331],[109.0215,-7.333],[109.019,-7.3345],[109.0145,-7.335],[109.008,-7.3335],[109.003,-7.335],[109.0015,-7.333],[109.0005,-7.3325],[108.9995,-7.333],[108.9995,-7.3335],[108.999,-7.3355],[108.9985,-7.3365],[108.999,-7.3465],[108.998,-7.347],[108.998,-7.3485],[108.9985,-7.35],[109.001,-7.348],[109.0015,-7.348],[109.002,-7.3495],[109,-7.349],[108.9975,-7.3525],[108.9985,-7.354],[108.9995,-7.3535],[109.0005,-7.3545],[109.006,-7.3625],[109.0165,-7.3655],[109.017,-7.365],[109.02,-7.3635],[109.0205,-7.362],[109.023,-7.3595],[109.0245,-7.358],[109.0295,-7.357],[109.0305,-7.3565],[109.0315,-7.3555],[109.032,-7.3535],[109.035,-7.3515]]]},"properties":{"code":"33.02.15.2009","name":"Samudra"}},{"type":"Feature","geometry":{"type":"Polygon","coordinates":[[[108.9985,-7.3365],[108.999,-7.3355],[108.9995,-7.3335],[108.9995,-7.333],[108.9985,-7.334],[108.978,-7.3355],[108.976,-7.335],[108.975,-7.352],[108.975,-7.353],[108.976,-7.3555],[108.9775,-7.358],[108.977,-7.359],[108.978,-7.3595],[108.978,-7.3615],[108.991,-7.361],[108.991,-7.359],[108.9925,-7.3585],[108.9925,-7.3575],[108.996,-7.355],[108.997,-7.3545],[108.9975,-7.3525],[109,-7.349],[109.002,-7.3495],[109.0015,-7.348],[109.001,-7.348],[108.9985,-7.35],[108.998,-7.3485],[108.998,-7.347],[108.999,-7.3465],[108.9985,-7.3365]]]},"properties":{"code":"33.02.15.2010","name":"Samudra Kulon"}},{"type":"Feature","geometry":{"type":"Polygon","coordinates":[[[109.107,-7.377],[109.105,-7.376],[109.104,-7.3745],[109.103,-7.3765],[109.102,-7.378],[109.1,-7.3835],[109.0955,-7.389],[109.095,-7.3895],[109.0995,-7.398],[109.1,-7.398],[109.102,-7.3975],[109.109,-7.395],[109.109,-7.3945],[109.1075,-7.391],[109.107,-7.391],[109.1055,-7.391],[109.1055,-7.3895],[109.1055,-7.3885],[109.106,-7.386],[109.1055,-7.3845],[109.1055,-7.383],[109.1075,-7.377],[109.107,-7.377]]]},"properties":{"code":"33.02.16.2001","name":"Cikembulan"}},{"type":"Feature","geometry":{"type":"Polygon","coordinates":[[[109.1015,-7.3725],[109.0995,-7.3715],[109.097,-7.372],[109.0895,-7.3885],[109.09,-7.3975],[109.0905,-7.3985],[109.091,-7.3985],[109.0995,-7.398],[109.095,-7.3895],[109.0955,-7.389],[109.1,-7.3835],[109.102,-7.378],[109.103,-7.3765],[109.104,-7.3745],[109.1015,-7.3725]]]},"properties":{"code":"33.02.16.2002","name":"Candinegara"}},{"type":"Feature","geometry":{"type":"Polygon","coordinates":[[[109.0935,-7.3685],[109.0925,-7.3705],[109.0905,-7.369],[109.0865,-7.368],[109.085,-7.3695],[109.0855,-7.37],[109.0845,-7.3705],[109.084,-7.3705],[109.0795,-7.3735],[109.0785,-7.3765],[109.078,-7.3765],[109.077,-7.3865],[109.08,-7.387],[109.0805,-7.387],[109.081,-7.387],[109.0855,-7.3875],[109.0895,-7.3885],[109.097,-7.372],[109.0975,-7.372],[109.0975,-7.369],[109.0955,-7.3685],[109.095,-7.3695],[109.0935,-7.3685]]]},"properties":{"code":"33.02.16.2003","name":"Karangklesem"}},{"type":"Feature","geometry":{"type":"Polygon","coordinates":[[[109.067,-7.3755],[109.058,-7.3815],[109.0595,-7.3835],[109.061,-7.385],[109.0615,-7.3855],[109.062,-7.3855],[109.0625,-7.3855],[109.064,-7.3855],[109.065,-7.3855],[109.072,-7.3855],[109.077,-7.3885],[109.0775,-7.39],[109.0775,-7.3915],[109.0775,-7.3925],[109.078,-7.3915],[109.0805,-7.389],[109.0805,-7.387],[109.0795,-7.387],[109.077,-7.3865],[109.078,-7.3765],[109.0765,-7.376],[109.07,-7.3765],[109.069,-7.3765],[109.067,-7.376],[109.067,-7.3755]]]},"properties":{"code":"33.02.16.2004","name":"Cikawung"}},{"type":"Feature","geometry":{"type":"Polygon","coordinates":[[[109.058,-7.3815],[109.056,-7.3805],[109.0545,-7.381],[109.052,-7.3805],[109.05,-7.3795],[109.0495,-7.3795],[109.042,-7.3825],[109.031,-7.39],[109.031,-7.3965],[109.0305,-7.398],[109.0305,-7.3985],[109.0305,-7.4025],[109.0315,-7.4045],[109.032,-7.405],[109.0325,-7.4065],[109.048,-7.399],[109.0525,-7.3995],[109.0595,-7.396],[109.064,-7.3935],[109.0645,-7.392],[109.063,-7.391],[109.0615,-7.3865],[109.062,-7.386],[109.062,-7.3855],[109.0615,-7.3855],[109.061,-7.385],[109.0595,-7.3835],[109.058,-7.3815]]]},"properties":{"code":"33.02.16.2005","name":"Cibangkong"}},{"type":"Feature","geometry":{"type":"Polygon","coordinates":[[[109.0495,-7.3795],[109.0515,-7.3745],[109.051,-7.3715],[109.0485,-7.369],[109.047,-7.368],[109.036,-7.361],[109.034,-7.3575],[109.0345,-7.3565],[109.032,-7.354],[109.031,-7.356],[109.03,-7.357],[109.0285,-7.3575],[109.0245,-7.358],[109.023,-7.3595],[109.0205,-7.362],[109.02,-7.3635],[109.021,-7.3665],[109.022,-7.369],[109.024,-7.3705],[109.027,-7.3725],[109.042,-7.3825],[109.0495,-7.3795]]]},"properties":{"code":"33.02.16.2006","name":"Petahunan"}},{"type":"Feature","geometry":{"type":"Polygon","coordinates":[[[109.0685,-7.362],[109.06,-7.3565],[109.049,-7.3585],[109.0395,-7.3475],[109.0385,-7.348],[109.0365,-7.3505],[109.0345,-7.352],[109.033,-7.353],[109.032,-7.354],[109.0345,-7.3565],[109.034,-7.3575],[109.036,-7.361],[109.047,-7.368],[109.0485,-7.369],[109.051,-7.3715],[109.0515,-7.3745],[109.0495,-7.3795],[109.05,-7.3795],[109.052,-7.3805],[109.0545,-7.381],[109.056,-7.3805],[109.058,-7.3815],[109.067,-7.3755],[109.066,-7.371],[109.0685,-7.362]]]},"properties":{"code":"33.02.16.2007","name":"Semedo"}},{"type":"Feature","geometry":{"type":"Polygon","coordinates":[[[109.08,-7.3615],[109.0795,-7.3535],[109.0685,-7.362],[109.066,-7.371],[109.067,-7.376],[109.069,-7.3765],[109.07,-7.3765],[109.0765,-7.376],[109.077,-7.3765],[109.077,-7.376],[109.077,-7.3755],[109.077,-7.375],[109.0775,-7.3745],[109.079,-7.371],[109.08,-7.3675],[109.0805,-7.3655],[109.082,-7.3625],[109.081,-7.362],[109.08,-7.3635],[109.08,-7.3625],[109.0785,-7.3615],[109.08,-7.3615]]]},"properties":{"code":"33.02.16.2008","name":"Banjaranyar"}},{"type":"Feature","geometry":{"type":"MultiPolygon","coordinates":[[[[109.0835,-7.3705],[109.0825,-7.369],[109.083,-7.3705],[109.0835,-7.3705]]],[[[109.085,-7.3695],[109.0855,-7.3695],[109.085,-7.369],[109.0845,-7.369],[109.085,-7.3695]]],[[[109.0975,-7.3675],[109.0965,-7.367],[109.0955,-7.3675],[109.0935,-7.368],[109.0935,-7.3685],[109.095,-7.3695],[109.0955,-7.3685],[109.0975,-7.369],[109.0975,-7.372],[109.0995,-7.3715],[109.1015,-7.3725],[109.103,-7.371],[109.0985,-7.368],[109.0975,-7.3675]]],[[[109.082,-7.368],[109.08,-7.3675],[109.079,-7.371],[109.0775,-7.3745],[109.077,-7.375],[109.077,-7.3755],[109.077,-7.376],[109.077,-7.3765],[109.0785,-7.3765],[109.0795,-7.3735],[109.081,-7.3705],[109.081,-7.369],[109.0815,-7.368],[109.082,-7.3685],[109.0825,-7.368],[109.0825,-7.3675],[109.082,-7.368]]],[[[109.086,-7.3675],[109.086,-7.367],[109.0855,-7.3675],[109.086,-7.3675]]],[[[109.0935,-7.3575],[109.0925,-7.3575],[109.091,-7.3575],[109.0905,-7.359],[109.089,-7.36],[109.0875,-7.3595],[109.0865,-7.36],[109.086,-7.3605],[109.085,-7.361],[109.08,-7.3615],[109.0785,-7.3615],[109.08,-7.3625],[109.08,-7.3635],[109.081,-7.362],[109.082,-7.3625],[109.0805,-7.3655],[109.081,-7.366],[109.0885,-7.3645],[109.0895,-7.3645],[109.089,-7.365],[109.0895,-7.366],[109.093,-7.3655],[109.0935,-7.3655],[109.093,-7.3635],[109.0935,-7.363],[109.094,-7.363],[109.0935,-7.3615],[109.0935,-7.361],[109.0925,-7.3625],[109.0935,-7.3585],[109.0935,-7.3575]]]]},"properties":{"code":"33.02.16.2009","name":"Pasiraman Lor"}},{"type":"Feature","geometry":{"type":"MultiPolygon","coordinates":[[[[109.0895,-7.3645],[109.0885,-7.3645],[109.081,-7.366],[109.0805,-7.3655],[109.08,-7.367],[109.082,-7.368],[109.0825,-7.3675],[109.0825,-7.3685],[109.0815,-7.368],[109.081,-7.369],[109.081,-7.3705],[109.083,-7.3705],[109.0825,-7.369],[109.0835,-7.3705],[109.084,-7.3705],[109.0845,-7.3705],[109.0855,-7.37],[109.085,-7.3695],[109.0845,-7.369],[109.085,-7.369],[109.0855,-7.3695],[109.0865,-7.368],[109.0905,-7.369],[109.0925,-7.3705],[109.0935,-7.368],[109.0955,-7.3675],[109.096,-7.367],[109.093,-7.3655],[109.0895,-7.366],[109.089,-7.365],[109.0895,-7.3645]],[[109.0855,-7.3675],[109.086,-7.367],[109.086,-7.3675],[109.0855,-7.3675]]],[[[109.0905,-7.3545],[109.0895,-7.355],[109.091,-7.3575],[109.0925,-7.3575],[109.0935,-7.3575],[109.0935,-7.3585],[109.0925,-7.3625],[109.093,-7.361],[109.0935,-7.3605],[109.094,-7.3605],[109.094,-7.36],[109.0935,-7.3565],[109.0925,-7.3565],[109.091,-7.355],[109.0905,-7.3545]]]]},"properties":{"code":"33.02.16.2010","name":"Pasiraman Kidul"}},{"type":"Feature","geometry":{"type":"Polygon","coordinates":[[[109.1085,-7.377],[109.1155,-7.354],[109.1305,-7.3275],[109.119,-7.2965],[109.1145,-7.3125],[109.1185,-7.318],[109.107,-7.3505],[109.1045,-7.3515],[109.0945,-7.3605],[109.0935,-7.361],[109.0935,-7.3615],[109.094,-7.363],[109.0935,-7.363],[109.093,-7.3635],[109.0935,-7.3655],[109.096,-7.367],[109.0965,-7.367],[109.0975,-7.3675],[109.0985,-7.368],[109.103,-7.371],[109.1015,-7.3725],[109.1035,-7.374],[109.105,-7.376],[109.107,-7.377],[109.1085,-7.377]]]},"properties":{"code":"33.02.16.2011","name":"Tumiyang"}},{"type":"Feature","geometry":{"type":"Polygon","coordinates":[[[109.119,-7.2965],[109.118,-7.2965],[109.1155,-7.2965],[109.1065,-7.295],[109.1045,-7.294],[109.1035,-7.297],[109.1025,-7.3005],[109.1015,-7.3045],[109.105,-7.3305],[109.093,-7.35],[109.091,-7.3515],[109.0905,-7.352],[109.0895,-7.354],[109.0905,-7.3545],[109.091,-7.355],[109.0925,-7.3565],[109.0935,-7.3565],[109.094,-7.36],[109.094,-7.3605],[109.0935,-7.3605],[109.093,-7.361],[109.0945,-7.3605],[109.1045,-7.3515],[109.107,-7.3505],[109.1185,-7.318],[109.1145,-7.3125],[109.119,-7.2965]]]},"properties":{"code":"33.02.16.2012","name":"Glempang"}},{"type":"Feature","geometry":{"type":"Polygon","coordinates":[[[109.1045,-7.294],[109.1035,-7.2935],[109.102,-7.2935],[109.098,-7.2945],[109.09,-7.2945],[109.085,-7.299],[109.084,-7.3045],[109.086,-7.3045],[109.0895,-7.3075],[109.095,-7.3185],[109.09,-7.3355],[109.081,-7.3465],[109.0795,-7.348],[109.079,-7.344],[109.077,-7.3455],[109.0775,-7.346],[109.079,-7.351],[109.078,-7.3515],[109.0785,-7.3525],[109.0785,-7.353],[109.0795,-7.3535],[109.08,-7.3615],[109.085,-7.361],[109.086,-7.3605],[109.0865,-7.36],[109.0875,-7.3595],[109.089,-7.36],[109.0905,-7.359],[109.091,-7.3575],[109.0895,-7.355],[109.0905,-7.3545],[109.0895,-7.354],[109.0905,-7.352],[109.091,-7.3515],[109.093,-7.35],[109.105,-7.3305],[109.1015,-7.3045],[109.1025,-7.3005],[109.1035,-7.297],[109.1045,-7.294]]]},"properties":{"code":"33.02.16.2013","name":"Pekuncen"}},{"type":"Feature","geometry":{"type":"Polygon","coordinates":[[[109.064,-7.339],[109.0605,-7.34],[109.0455,-7.3415],[109.044,-7.343],[109.041,-7.3455],[109.0395,-7.3475],[109.049,-7.3585],[109.06,-7.3565],[109.0685,-7.362],[109.0795,-7.3535],[109.0785,-7.353],[109.079,-7.351],[109.0775,-7.346],[109.077,-7.3455],[109.079,-7.344],[109.079,-7.3435],[109.079,-7.3425],[109.0785,-7.3425],[109.0775,-7.3425],[109.0755,-7.343],[109.074,-7.343],[109.066,-7.3465],[109.064,-7.339]]]},"properties":{"code":"33.02.16.2014","name":"Karangkemiri"}},{"type":"Feature","geometry":{"type":"Polygon","coordinates":[[[109.079,-7.3425],[109.0785,-7.342],[109.079,-7.3405],[109.079,-7.339],[109.0685,-7.3325],[109.0675,-7.3345],[109.0665,-7.336],[109.064,-7.339],[109.066,-7.3465],[109.074,-7.343],[109.0755,-7.343],[109.0775,-7.3425],[109.0785,-7.3425],[109.079,-7.3425]]]},"properties":{"code":"33.02.16.2015","name":"Kranggan"}},{"type":"Feature","geometry":{"type":"Polygon","coordinates":[[[109.079,-7.344],[109.0795,-7.348],[109.081,-7.3465],[109.09,-7.3355],[109.095,-7.3185],[109.0895,-7.3075],[109.086,-7.3045],[109.084,-7.3045],[109.08,-7.308],[109.0775,-7.3135],[109.076,-7.3135],[109.0755,-7.315],[109.0735,-7.321],[109.0705,-7.326],[109.07,-7.329],[109.0685,-7.3325],[109.079,-7.339],[109.079,-7.3405],[109.0785,-7.342],[109.079,-7.3425],[109.079,-7.3435],[109.079,-7.344]]]},"properties":{"code":"33.02.16.2016","name":"Krajan"}},{"type":"Feature","geometry":{"type":"Polygon","coordinates":[[[109.179,-7.44],[109.1725,-7.4385],[109.171,-7.4385],[109.169,-7.4385],[109.1565,-7.4665],[109.153,-7.4685],[109.153,-7.47],[109.1545,-7.4715],[109.1535,-7.4755],[109.154,-7.478],[109.154,-7.4785],[109.1535,-7.479],[109.154,-7.479],[109.154,-7.482],[109.154,-7.483],[109.1545,-7.482],[109.1685,-7.4785],[109.1705,-7.465],[109.1705,-7.463],[109.171,-7.4615],[109.1725,-7.461],[109.178,-7.46],[109.179,-7.4615],[109.18,-7.4625],[109.185,-7.4565],[109.19,-7.4545],[109.1895,-7.454],[109.1895,-7.453],[109.1895,-7.452],[109.19,-7.4515],[109.19,-7.4505],[109.1895,-7.45],[109.19,-7.4495],[109.1895,-7.4495],[109.179,-7.44]]]},"properties":{"code":"33.02.17.2001","name":"Panusupan"}},{"type":"Feature","geometry":{"type":"Polygon","coordinates":[[[109.164,-7.435],[109.157,-7.432],[109.154,-7.449],[109.1485,-7.449],[109.1465,-7.4485],[109.139,-7.4565],[109.144,-7.4605],[109.1445,-7.4615],[109.1455,-7.4615],[109.1465,-7.462],[109.1475,-7.4635],[109.147,-7.465],[109.147,-7.467],[109.153,-7.478],[109.1535,-7.479],[109.154,-7.4785],[109.154,-7.478],[109.1535,-7.4755],[109.1545,-7.4715],[109.153,-7.47],[109.153,-7.4685],[109.1565,-7.4665],[109.169,-7.4385],[109.164,-7.435]]]},"properties":{"code":"33.02.17.2002","name":"Jatisaba"}},{"type":"Feature","geometry":{"type":"Polygon","coordinates":[[[109.157,-7.432],[109.1525,-7.4285],[109.1515,-7.4295],[109.1485,-7.4335],[109.1425,-7.4345],[109.142,-7.4355],[109.138,-7.432],[109.133,-7.4435],[109.1315,-7.444],[109.119,-7.442],[109.1185,-7.4445],[109.1205,-7.4485],[109.1225,-7.45],[109.123,-7.4505],[109.125,-7.4535],[109.126,-7.4555],[109.139,-7.4565],[109.1465,-7.4485],[109.1485,-7.449],[109.154,-7.449],[109.157,-7.432]]]},"properties":{"code":"33.02.17.2003","name":"Kasegeran"}},{"type":"Feature","geometry":{"type":"Polygon","coordinates":[[[109.178,-7.422],[109.1755,-7.4215],[109.1725,-7.42],[109.1695,-7.4215],[109.169,-7.422],[109.1665,-7.4325],[109.1655,-7.4345],[109.164,-7.435],[109.169,-7.4385],[109.171,-7.4385],[109.1725,-7.4385],[109.179,-7.44],[109.183,-7.429],[109.179,-7.423],[109.178,-7.4225],[109.178,-7.422]]]},"properties":{"code":"33.02.17.2004","name":"Pejogol"}},{"type":"Feature","geometry":{"type":"Polygon","coordinates":[[[109.178,-7.3975],[109.1775,-7.3975],[109.1645,-7.3915],[109.1625,-7.3915],[109.157,-7.3915],[109.1545,-7.3915],[109.152,-7.3935],[109.1505,-7.3965],[109.1635,-7.398],[109.168,-7.422],[109.1695,-7.4215],[109.1725,-7.42],[109.1755,-7.4215],[109.178,-7.422],[109.179,-7.421],[109.179,-7.419],[109.177,-7.402],[109.178,-7.3975]]]},"properties":{"code":"33.02.17.2005","name":"Langgongsari"}},{"type":"Feature","geometry":{"type":"Polygon","coordinates":[[[109.169,-7.422],[109.168,-7.422],[109.1635,-7.398],[109.1505,-7.3965],[109.1505,-7.3975],[109.1525,-7.4055],[109.1525,-7.409],[109.151,-7.415],[109.151,-7.4175],[109.1485,-7.419],[109.1475,-7.4185],[109.147,-7.4205],[109.147,-7.422],[109.1525,-7.4285],[109.157,-7.432],[109.164,-7.435],[109.1655,-7.4345],[109.1665,-7.4325],[109.169,-7.422]]]},"properties":{"code":"33.02.17.2006","name":"Pageraji"}},{"type":"Feature","geometry":{"type":"Polygon","coordinates":[[[109.1475,-7.4185],[109.1355,-7.4225],[109.1365,-7.426],[109.136,-7.4265],[109.137,-7.4295],[109.137,-7.4305],[109.138,-7.432],[109.142,-7.4355],[109.1425,-7.4345],[109.1485,-7.4335],[109.1515,-7.4295],[109.1525,-7.4285],[109.147,-7.422],[109.147,-7.4205],[109.1475,-7.4185]]]},"properties":{"code":"33.02.17.2007","name":"Sudimara"}},{"type":"Feature","geometry":{"type":"Polygon","coordinates":[[[109.136,-7.4265],[109.129,-7.427],[109.129,-7.426],[109.1295,-7.4245],[109.129,-7.424],[109.1235,-7.423],[109.123,-7.4225],[109.122,-7.4245],[109.1195,-7.426],[109.119,-7.4315],[109.118,-7.4335],[109.118,-7.437],[109.1185,-7.439],[109.119,-7.441],[109.119,-7.442],[109.1315,-7.444],[109.133,-7.4435],[109.138,-7.432],[109.137,-7.4305],[109.137,-7.4295],[109.136,-7.4265]]]},"properties":{"code":"33.02.17.2008","name":"Batuanten"}},{"type":"Feature","geometry":{"type":"Polygon","coordinates":[[[109.1355,-7.4225],[109.136,-7.4055],[109.1275,-7.409],[109.121,-7.411],[109.12,-7.413],[109.1205,-7.4145],[109.12,-7.4165],[109.1225,-7.4215],[109.123,-7.422],[109.1235,-7.423],[109.129,-7.424],[109.1295,-7.4245],[109.129,-7.426],[109.129,-7.427],[109.136,-7.4265],[109.1365,-7.426],[109.1355,-7.4225]]]},"properties":{"code":"33.02.17.2009","name":"Cipete"}},{"type":"Feature","geometry":{"type":"Polygon","coordinates":[[[109.1505,-7.3975],[109.145,-7.3965],[109.136,-7.4055],[109.1355,-7.4225],[109.1475,-7.4185],[109.1485,-7.419],[109.151,-7.4175],[109.151,-7.415],[109.1525,-7.409],[109.1525,-7.4055],[109.1505,-7.3975]]]},"properties":{"code":"33.02.17.2010","name":"Cilongok"}},{"type":"Feature","geometry":{"type":"Polygon","coordinates":[[[109.151,-7.3955],[109.135,-7.3925],[109.1345,-7.393],[109.1295,-7.3935],[109.129,-7.396],[109.1275,-7.409],[109.136,-7.4055],[109.145,-7.3965],[109.1505,-7.3965],[109.151,-7.3955]]]},"properties":{"code":"33.02.17.2011","name":"Pernasidi"}},{"type":"Feature","geometry":{"type":"Polygon","coordinates":[[[109.1265,-7.3925],[109.1195,-7.402],[109.1185,-7.4085],[109.119,-7.41],[109.1185,-7.4115],[109.119,-7.4125],[109.1205,-7.4125],[109.121,-7.411],[109.1275,-7.409],[109.129,-7.396],[109.1295,-7.393],[109.1265,-7.3925]]]},"properties":{"code":"33.02.17.2012","name":"Cikidang"}},{"type":"Feature","geometry":{"type":"Polygon","coordinates":[[[109.1265,-7.3925],[109.1235,-7.39],[109.123,-7.389],[109.1245,-7.3875],[109.127,-7.375],[109.1255,-7.376],[109.123,-7.3835],[109.123,-7.384],[109.119,-7.3875],[109.1165,-7.3925],[109.113,-7.3935],[109.1115,-7.394],[109.1095,-7.3945],[109.1085,-7.4],[109.1125,-7.399],[109.1195,-7.402],[109.1265,-7.3925]]]},"properties":{"code":"33.02.17.2013","name":"Karanglo"}},{"type":"Feature","geometry":{"type":"Polygon","coordinates":[[[109.1085,-7.377],[109.1075,-7.377],[109.1055,-7.383],[109.1055,-7.3845],[109.106,-7.386],[109.1055,-7.3885],[109.1055,-7.3895],[109.1055,-7.391],[109.107,-7.391],[109.1075,-7.391],[109.109,-7.3945],[109.1115,-7.394],[109.113,-7.3935],[109.1165,-7.3925],[109.119,-7.3875],[109.122,-7.385],[109.1185,-7.3835],[109.118,-7.3835],[109.1165,-7.382],[109.1155,-7.382],[109.109,-7.3785],[109.1085,-7.377]]]},"properties":{"code":"33.02.17.2014","name":"Kalisari"}},{"type":"Feature","geometry":{"type":"Polygon","coordinates":[[[109.1295,-7.3665],[109.1315,-7.3605],[109.1325,-7.359],[109.1375,-7.334],[109.1355,-7.3245],[109.132,-7.3175],[109.1265,-7.3055],[109.1255,-7.304],[109.119,-7.2965],[109.1305,-7.3275],[109.1155,-7.354],[109.1085,-7.377],[109.109,-7.3785],[109.1155,-7.382],[109.1165,-7.382],[109.118,-7.3835],[109.1185,-7.3835],[109.122,-7.385],[109.123,-7.384],[109.123,-7.3835],[109.1255,-7.376],[109.128,-7.3735],[109.1295,-7.3665]]]},"properties":{"code":"33.02.17.2015","name":"Karangtengah"}},{"type":"Feature","geometry":{"type":"Polygon","coordinates":[[[109.1405,-7.3775],[109.139,-7.3775],[109.1295,-7.3665],[109.128,-7.3735],[109.127,-7.375],[109.1245,-7.3875],[109.123,-7.389],[109.1235,-7.39],[109.1265,-7.3925],[109.1295,-7.393],[109.1295,-7.3935],[109.1345,-7.393],[109.1355,-7.3915],[109.1405,-7.3775]]]},"properties":{"code":"33.02.17.2016","name":"Panembangan"}},{"type":"Feature","geometry":{"type":"Polygon","coordinates":[[[109.1545,-7.3915],[109.1525,-7.389],[109.148,-7.38],[109.147,-7.378],[109.1465,-7.376],[109.143,-7.377],[109.1405,-7.3775],[109.1355,-7.3915],[109.135,-7.3925],[109.151,-7.3955],[109.152,-7.3935],[109.1545,-7.3915]]]},"properties":{"code":"33.02.17.2017","name":"Rancamaya"}},{"type":"Feature","geometry":{"type":"Polygon","coordinates":[[[109.1465,-7.376],[109.143,-7.3705],[109.146,-7.3525],[109.1455,-7.35],[109.1465,-7.3455],[109.1425,-7.33],[109.143,-7.3215],[109.154,-7.3055],[109.146,-7.2915],[109.142,-7.273],[109.1425,-7.269],[109.1395,-7.2745],[109.139,-7.275],[109.1305,-7.2755],[109.128,-7.2755],[109.127,-7.276],[109.124,-7.275],[109.123,-7.2755],[109.1225,-7.276],[109.1185,-7.2915],[109.118,-7.2925],[109.119,-7.295],[109.119,-7.2965],[109.1255,-7.304],[109.1265,-7.3055],[109.132,-7.3175],[109.1355,-7.3245],[109.1375,-7.334],[109.1325,-7.359],[109.1315,-7.3605],[109.1295,-7.3665],[109.139,-7.3775],[109.143,-7.377],[109.1465,-7.376]]]},"properties":{"code":"33.02.17.2018","name":"Sambirata"}},{"type":"Feature","geometry":{"type":"Polygon","coordinates":[[[109.1645,-7.2715],[109.163,-7.271],[109.158,-7.2675],[109.1445,-7.2675],[109.1425,-7.269],[109.142,-7.273],[109.146,-7.2915],[109.154,-7.3055],[109.143,-7.3215],[109.1425,-7.33],[109.1465,-7.3455],[109.1455,-7.35],[109.146,-7.3525],[109.143,-7.3705],[109.1465,-7.376],[109.147,-7.378],[109.148,-7.38],[109.1525,-7.389],[109.157,-7.3915],[109.1625,-7.3915],[109.16,-7.39],[109.1595,-7.389],[109.159,-7.387],[109.158,-7.384],[109.1575,-7.381],[109.1575,-7.379],[109.1545,-7.3535],[109.1535,-7.35],[109.1475,-7.3405],[109.1535,-7.318],[109.165,-7.2995],[109.1665,-7.279],[109.1635,-7.273],[109.1645,-7.2715]]]},"properties":{"code":"33.02.17.2019","name":"Gununglurah"}},{"type":"Feature","geometry":{"type":"Polygon","coordinates":[[[109.1815,-7.3235],[109.1845,-7.3045],[109.18,-7.2975],[109.181,-7.284],[109.182,-7.2805],[109.182,-7.2775],[109.1795,-7.274],[109.178,-7.271],[109.179,-7.2675],[109.1795,-7.264],[109.179,-7.2625],[109.1785,-7.263],[109.1705,-7.267],[109.1655,-7.271],[109.1645,-7.2715],[109.1635,-7.273],[109.1665,-7.279],[109.165,-7.2995],[109.1535,-7.318],[109.1475,-7.3405],[109.1535,-7.35],[109.1545,-7.3535],[109.1575,-7.379],[109.1575,-7.381],[109.158,-7.384],[109.159,-7.387],[109.1595,-7.39],[109.1605,-7.3895],[109.1615,-7.3895],[109.1605,-7.3885],[109.161,-7.3835],[109.168,-7.381],[109.1715,-7.365],[109.161,-7.3515],[109.1665,-7.34],[109.1675,-7.3255],[109.1815,-7.3235]]]},"properties":{"code":"33.02.17.2020","name":"Sokawera"}},{"type":"Feature","geometry":{"type":"Polygon","coordinates":[[[109.209,-7.445],[109.2,-7.442],[109.1905,-7.449],[109.19,-7.4495],[109.1895,-7.45],[109.19,-7.4505],[109.19,-7.4515],[109.1895,-7.452],[109.1895,-7.453],[109.1895,-7.454],[109.19,-7.455],[109.1905,-7.455],[109.191,-7.455],[109.192,-7.455],[109.1925,-7.4545],[109.192,-7.454],[109.1925,-7.452],[109.211,-7.4535],[109.209,-7.445]]]},"properties":{"code":"33.02.18.2001","name":"Kediri"}},{"type":"Feature","geometry":{"type":"Polygon","coordinates":[[[109.211,-7.4325],[109.1975,-7.432],[109.1985,-7.435],[109.1985,-7.4385],[109.2,-7.442],[109.209,-7.445],[109.2105,-7.445],[109.211,-7.445],[109.213,-7.4445],[109.214,-7.4435],[109.2135,-7.4415],[109.2125,-7.4405],[109.216,-7.4365],[109.213,-7.435],[109.212,-7.4345],[109.2115,-7.434],[109.211,-7.4325]]]},"properties":{"code":"33.02.18.2002","name":"Pangebatan"}},{"type":"Feature","geometry":{"type":"Polygon","coordinates":[[[109.1975,-7.432],[109.1915,-7.422],[109.1915,-7.4215],[109.186,-7.422],[109.183,-7.429],[109.179,-7.44],[109.1895,-7.4495],[109.1905,-7.449],[109.2,-7.442],[109.1985,-7.4385],[109.1985,-7.435],[109.1975,-7.432]]]},"properties":{"code":"33.02.18.2003","name":"Tamansari"}},{"type":"Feature","geometry":{"type":"Polygon","coordinates":[[[109.2095,-7.427],[109.205,-7.4275],[109.2015,-7.4235],[109.192,-7.4215],[109.1915,-7.422],[109.1975,-7.432],[109.211,-7.4325],[109.2115,-7.4305],[109.211,-7.429],[109.21,-7.428],[109.2095,-7.427]]]},"properties":{"code":"33.02.18.2004","name":"Karanglewas Kidul"}},{"type":"Feature","geometry":{"type":"Polygon","coordinates":[[[109.186,-7.422],[109.177,-7.402],[109.179,-7.419],[109.179,-7.421],[109.178,-7.422],[109.178,-7.4225],[109.179,-7.423],[109.183,-7.429],[109.186,-7.422]]]},"properties":{"code":"33.02.18.2005","name":"Karangkemiri"}},{"type":"Feature","geometry":{"type":"MultiPolygon","coordinates":[[[[109.193,-7.42],[109.194,-7.42],[109.1935,-7.419],[109.193,-7.419],[109.193,-7.42]]],[[[109.201,-7.419],[109.201,-7.418],[109.201,-7.4175],[109.2005,-7.4175],[109.2,-7.418],[109.2005,-7.4185],[109.201,-7.419]]],[[[109.197,-7.416],[109.1965,-7.4155],[109.1965,-7.416],[109.1965,-7.417],[109.1975,-7.417],[109.198,-7.4175],[109.1985,-7.416],[109.1975,-7.416],[109.197,-7.416]]],[[[109.1935,-7.416],[109.193,-7.4155],[109.193,-7.416],[109.1935,-7.416]]],[[[109.1965,-7.4155],[109.1965,-7.415],[109.196,-7.415],[109.196,-7.4155],[109.1965,-7.4155]]],[[[109.2015,-7.404],[109.202,-7.402],[109.201,-7.4025],[109.201,-7.4035],[109.2,-7.405],[109.2015,-7.405],[109.2015,-7.404]]],[[[109.209,-7.401],[109.2055,-7.4],[109.202,-7.41],[109.2015,-7.411],[109.202,-7.411],[109.203,-7.4115],[109.203,-7.412],[109.2035,-7.4125],[109.2085,-7.4125],[109.21,-7.4075],[109.2105,-7.407],[109.2085,-7.407],[109.2075,-7.407],[109.209,-7.404],[109.209,-7.4035],[109.21,-7.4025],[109.2085,-7.4015],[109.209,-7.401]]],[[[109.201,-7.4005],[109.2015,-7.4],[109.2015,-7.3995],[109.2015,-7.399],[109.2,-7.3995],[109.1995,-7.4],[109.1995,-7.4005],[109.199,-7.4005],[109.2,-7.4015],[109.201,-7.4005]]]]},"properties":{"code":"33.02.18.2006","name":"Pasir Wetan"}},{"type":"Feature","geometry":{"type":"MultiPolygon","coordinates":[[[[109.197,-7.4135],[109.1955,-7.413],[109.196,-7.4155],[109.1955,-7.416],[109.196,-7.416],[109.196,-7.4165],[109.1965,-7.4175],[109.197,-7.4175],[109.1975,-7.418],[109.1975,-7.4175],[109.197,-7.4175],[109.197,-7.417],[109.1965,-7.417],[109.1965,-7.4165],[109.1965,-7.4155],[109.196,-7.4155],[109.196,-7.414],[109.1965,-7.414],[109.197,-7.415],[109.1975,-7.415],[109.198,-7.415],[109.198,-7.4145],[109.197,-7.4135]]],[[[109.2005,-7.413],[109.2015,-7.4125],[109.201,-7.4125],[109.2005,-7.413]]],[[[109.2015,-7.411],[109.201,-7.4105],[109.2005,-7.41],[109.201,-7.412],[109.201,-7.4115],[109.2015,-7.411]]],[[[109.198,-7.409],[109.1965,-7.406],[109.1965,-7.4085],[109.198,-7.409]]],[[[109.2055,-7.4],[109.203,-7.399],[109.2035,-7.3995],[109.2015,-7.399],[109.2015,-7.3995],[109.2015,-7.4],[109.201,-7.4005],[109.2,-7.4015],[109.199,-7.4005],[109.1985,-7.4],[109.1965,-7.4005],[109.195,-7.4005],[109.195,-7.4035],[109.1955,-7.4035],[109.201,-7.4025],[109.202,-7.402],[109.2015,-7.404],[109.2015,-7.405],[109.202,-7.405],[109.202,-7.408],[109.202,-7.41],[109.2055,-7.4]]]]},"properties":{"code":"33.02.18.2007","name":"Pasir Lor"}},{"type":"Feature","geometry":{"type":"MultiPolygon","coordinates":[[[[109.194,-7.419],[109.195,-7.419],[109.194,-7.4185],[109.1935,-7.419],[109.194,-7.419]]],[[[109.197,-7.4175],[109.1975,-7.417],[109.197,-7.417],[109.197,-7.4175]]],[[[109.196,-7.4155],[109.1955,-7.413],[109.195,-7.4125],[109.1945,-7.4125],[109.1925,-7.4125],[109.193,-7.4125],[109.1935,-7.4135],[109.1935,-7.416],[109.193,-7.416],[109.1935,-7.417],[109.1945,-7.4175],[109.1955,-7.419],[109.1965,-7.4185],[109.197,-7.4175],[109.1965,-7.4175],[109.196,-7.4165],[109.1955,-7.4165],[109.1955,-7.4155],[109.196,-7.4155]]],[[[109.203,-7.4115],[109.202,-7.412],[109.203,-7.412],[109.203,-7.4115]]],[[[109.1935,-7.411],[109.1945,-7.4105],[109.195,-7.41],[109.1945,-7.41],[109.1935,-7.4105],[109.1935,-7.411]]],[[[109.21,-7.4065],[109.2085,-7.4045],[109.2075,-7.407],[109.2085,-7.407],[109.2105,-7.407],[109.21,-7.4065]]],[[[109.201,-7.4035],[109.201,-7.4025],[109.1955,-7.4035],[109.196,-7.4055],[109.1965,-7.406],[109.198,-7.409],[109.1975,-7.4085],[109.197,-7.41],[109.197,-7.4115],[109.1965,-7.413],[109.196,-7.413],[109.197,-7.4135],[109.198,-7.4145],[109.198,-7.415],[109.1975,-7.4155],[109.1975,-7.416],[109.1985,-7.416],[109.198,-7.4175],[109.1975,-7.4175],[109.1975,-7.418],[109.199,-7.418],[109.199,-7.419],[109.2,-7.418],[109.2005,-7.4175],[109.2,-7.4175],[109.2005,-7.414],[109.201,-7.412],[109.2005,-7.41],[109.2015,-7.41],[109.202,-7.408],[109.202,-7.405],[109.2015,-7.405],[109.2,-7.405],[109.201,-7.4035]]],[[[109.1995,-7.4005],[109.1995,-7.4],[109.199,-7.4],[109.1985,-7.4],[109.199,-7.4005],[109.1995,-7.4005]]]]},"properties":{"code":"33.02.18.2008","name":"Pasir Kulon"}},{"type":"Feature","geometry":{"type":"Polygon","coordinates":[[[109.195,-7.4005],[109.195,-7.4],[109.196,-7.3995],[109.196,-7.396],[109.197,-7.393],[109.1965,-7.393],[109.1935,-7.389],[109.1925,-7.3885],[109.192,-7.388],[109.1905,-7.3885],[109.19,-7.395],[109.188,-7.3945],[109.1875,-7.4065],[109.1895,-7.413],[109.191,-7.4145],[109.1925,-7.415],[109.193,-7.4155],[109.1935,-7.4155],[109.1935,-7.4135],[109.193,-7.4125],[109.1925,-7.4125],[109.1925,-7.412],[109.1935,-7.4105],[109.1945,-7.41],[109.195,-7.4095],[109.1965,-7.409],[109.196,-7.4055],[109.195,-7.4035],[109.195,-7.4005]]]},"properties":{"code":"33.02.18.2009","name":"Jipang"}},{"type":"Feature","geometry":{"type":"Polygon","coordinates":[[[109.1875,-7.4065],[109.179,-7.398],[109.178,-7.3975],[109.177,-7.402],[109.186,-7.422],[109.1915,-7.4215],[109.1925,-7.4195],[109.193,-7.4195],[109.193,-7.417],[109.193,-7.4155],[109.1925,-7.415],[109.191,-7.4145],[109.1895,-7.413],[109.1875,-7.4065]]]},"properties":{"code":"33.02.18.2010","name":"Karanggude Kulon"}},{"type":"Feature","geometry":{"type":"Polygon","coordinates":[[[109.17,-7.385],[109.168,-7.381],[109.161,-7.3835],[109.1605,-7.3885],[109.1615,-7.3895],[109.1605,-7.3895],[109.1595,-7.39],[109.16,-7.39],[109.1645,-7.3915],[109.1775,-7.3975],[109.179,-7.398],[109.1875,-7.4065],[109.188,-7.3945],[109.1885,-7.3945],[109.17,-7.385]]]},"properties":{"code":"33.02.18.2011","name":"Singasari"}},{"type":"Feature","geometry":{"type":"Polygon","coordinates":[[[109.1815,-7.37],[109.181,-7.369],[109.18,-7.3705],[109.178,-7.381],[109.17,-7.385],[109.1885,-7.3945],[109.19,-7.395],[109.1905,-7.3885],[109.19,-7.387],[109.1885,-7.3815],[109.188,-7.379],[109.1815,-7.37]]]},"properties":{"code":"33.02.18.2012","name":"Babakan"}},{"type":"Feature","geometry":{"type":"Polygon","coordinates":[[[109.182,-7.324],[109.1815,-7.3235],[109.1675,-7.3255],[109.1665,-7.34],[109.161,-7.3515],[109.1715,-7.365],[109.168,-7.381],[109.17,-7.385],[109.178,-7.381],[109.18,-7.3705],[109.181,-7.369],[109.1805,-7.369],[109.1805,-7.3655],[109.179,-7.3625],[109.179,-7.3615],[109.1775,-7.359],[109.1775,-7.3575],[109.178,-7.3545],[109.179,-7.354],[109.184,-7.3445],[109.1825,-7.332],[109.183,-7.3305],[109.1825,-7.33],[109.181,-7.325],[109.182,-7.324]]]},"properties":{"code":"33.02.18.2013","name":"Sunyalangu"}},{"type":"Feature","geometry":{"type":"Polygon","coordinates":[[[109.2825,-7.4585],[109.282,-7.4575],[109.281,-7.4575],[109.28,-7.4595],[109.2805,-7.46],[109.2805,-7.4605],[109.258,-7.474],[109.257,-7.477],[109.2615,-7.4795],[109.2625,-7.4805],[109.263,-7.4805],[109.266,-7.4825],[109.267,-7.48],[109.2765,-7.469],[109.2775,-7.469],[109.2785,-7.4695],[109.2795,-7.469],[109.2795,-7.4685],[109.2795,-7.468],[109.2785,-7.4665],[109.279,-7.466],[109.278,-7.466],[109.284,-7.4605],[109.283,-7.46],[109.282,-7.4585],[109.2825,-7.4585]]]},"properties":{"code":"33.02.19.2001","name":"Kalikidang"}},{"type":"Feature","geometry":{"type":"Polygon","coordinates":[[[109.2805,-7.46],[109.274,-7.4595],[109.2765,-7.4575],[109.2755,-7.452],[109.273,-7.452],[109.268,-7.462],[109.2525,-7.466],[109.253,-7.4695],[109.2525,-7.4715],[109.2545,-7.476],[109.256,-7.477],[109.258,-7.474],[109.2805,-7.4605],[109.2805,-7.46]]]},"properties":{"code":"33.02.19.2002","name":"Wiradadi"}},{"type":"Feature","geometry":{"type":"Polygon","coordinates":[[[109.2825,-7.4585],[109.2845,-7.458],[109.273,-7.4495],[109.273,-7.449],[109.2725,-7.4485],[109.2715,-7.4485],[109.271,-7.4495],[109.2715,-7.452],[109.2755,-7.452],[109.2765,-7.4575],[109.274,-7.4595],[109.2805,-7.46],[109.28,-7.4595],[109.281,-7.4575],[109.282,-7.4575],[109.2825,-7.4585]]]},"properties":{"code":"33.02.19.2003","name":"Karangkedawung"}},{"type":"Feature","geometry":{"type":"Polygon","coordinates":[[[109.2915,-7.4545],[109.2875,-7.4575],[109.2785,-7.449],[109.27,-7.4465],[109.2705,-7.447],[109.2715,-7.448],[109.272,-7.4485],[109.2725,-7.449],[109.273,-7.4495],[109.2845,-7.458],[109.282,-7.4585],[109.283,-7.46],[109.284,-7.4605],[109.278,-7.466],[109.279,-7.466],[109.2785,-7.4665],[109.2795,-7.4665],[109.2865,-7.4655],[109.2885,-7.466],[109.2885,-7.4655],[109.2925,-7.466],[109.2925,-7.4665],[109.2935,-7.467],[109.2955,-7.4675],[109.2965,-7.4675],[109.297,-7.468],[109.297,-7.4665],[109.297,-7.4575],[109.296,-7.455],[109.292,-7.454],[109.2915,-7.4545]]]},"properties":{"code":"33.02.19.2004","name":"Sokaraja Tengah"}},{"type":"Feature","geometry":{"type":"Polygon","coordinates":[[[109.299,-7.4575],[109.297,-7.457],[109.297,-7.4575],[109.297,-7.4665],[109.2975,-7.4695],[109.3,-7.4695],[109.3035,-7.4675],[109.307,-7.462],[109.299,-7.4575]]]},"properties":{"code":"33.02.19.2005","name":"Sokaraja Kidul"}},{"type":"Feature","geometry":{"type":"Polygon","coordinates":[[[109.3165,-7.4385],[109.316,-7.4385],[109.314,-7.4375],[109.3115,-7.434],[109.3105,-7.4345],[109.3075,-7.44],[109.3175,-7.449],[109.3185,-7.449],[109.322,-7.449],[109.3215,-7.448],[109.3205,-7.447],[109.3185,-7.447],[109.3185,-7.445],[109.317,-7.444],[109.317,-7.4435],[109.3175,-7.443],[109.3175,-7.44],[109.3165,-7.4385]]]},"properties":{"code":"33.02.19.2006","name":"Klahang"}},{"type":"Feature","geometry":{"type":"Polygon","coordinates":[[[109.333,-7.4455],[109.331,-7.4445],[109.33,-7.442],[109.3295,-7.441],[109.328,-7.438],[109.328,-7.4365],[109.322,-7.4425],[109.3185,-7.442],[109.3185,-7.4435],[109.318,-7.4435],[109.317,-7.443],[109.317,-7.4435],[109.317,-7.444],[109.3185,-7.4445],[109.3185,-7.445],[109.3185,-7.447],[109.3205,-7.447],[109.3215,-7.448],[109.322,-7.449],[109.3295,-7.4535],[109.331,-7.455],[109.3345,-7.448],[109.333,-7.4475],[109.3335,-7.4465],[109.3335,-7.4455],[109.333,-7.4455]]]},"properties":{"code":"33.02.19.2007","name":"Banjarsari Kidul"}},{"type":"Feature","geometry":{"type":"Polygon","coordinates":[[[109.3175,-7.4515],[109.316,-7.451],[109.305,-7.4505],[109.3045,-7.451],[109.299,-7.4575],[109.307,-7.462],[109.309,-7.4625],[109.309,-7.4615],[109.312,-7.4605],[109.3175,-7.4515]]]},"properties":{"code":"33.02.19.2008","name":"Sokaraja Wetan"}},{"type":"Feature","geometry":{"type":"Polygon","coordinates":[[[109.3335,-7.433],[109.332,-7.429],[109.3305,-7.4285],[109.3275,-7.431],[109.328,-7.4365],[109.328,-7.438],[109.3295,-7.441],[109.33,-7.442],[109.331,-7.4445],[109.333,-7.4455],[109.3325,-7.4445],[109.3335,-7.433]]]},"properties":{"code":"33.02.19.2009","name":"Jompo Kulon"}},{"type":"Feature","geometry":{"type":"Polygon","coordinates":[[[109.326,-7.427],[109.3245,-7.425],[109.322,-7.422],[109.3215,-7.4215],[109.321,-7.422],[109.314,-7.4255],[109.313,-7.4255],[109.3125,-7.4255],[109.3125,-7.4285],[109.3165,-7.4375],[109.3175,-7.44],[109.3175,-7.443],[109.317,-7.443],[109.318,-7.4435],[109.3185,-7.4435],[109.3185,-7.442],[109.322,-7.4425],[109.328,-7.4365],[109.3275,-7.431],[109.3305,-7.4285],[109.3305,-7.428],[109.326,-7.427]]]},"properties":{"code":"33.02.19.2010","name":"Banjaranyar"}},{"type":"Feature","geometry":{"type":"Polygon","coordinates":[[[109.3115,-7.4255],[109.304,-7.426],[109.3005,-7.427],[109.301,-7.433],[109.3,-7.433],[109.3075,-7.44],[109.3105,-7.4345],[109.3115,-7.434],[109.314,-7.4375],[109.316,-7.4385],[109.3165,-7.4385],[109.3165,-7.4375],[109.3125,-7.4285],[109.3125,-7.4255],[109.3115,-7.4255]]]},"properties":{"code":"33.02.19.2011","name":"Lemberang"}},{"type":"Feature","geometry":{"type":"Polygon","coordinates":[[[109.3075,-7.44],[109.3,-7.433],[109.2965,-7.434],[109.2955,-7.437],[109.2965,-7.4375],[109.3045,-7.4505],[109.305,-7.4505],[109.316,-7.451],[109.318,-7.4515],[109.3185,-7.45],[109.3175,-7.449],[109.3075,-7.44]]]},"properties":{"code":"33.02.19.2012","name":"Karangduren"}},{"type":"Feature","geometry":{"type":"Polygon","coordinates":[[[109.3045,-7.4505],[109.2965,-7.4375],[109.296,-7.4385],[109.2915,-7.4415],[109.2955,-7.45],[109.2935,-7.4515],[109.29,-7.453],[109.292,-7.454],[109.296,-7.455],[109.297,-7.457],[109.299,-7.4575],[109.3045,-7.451],[109.3045,-7.4505]]]},"properties":{"code":"33.02.19.2013","name":"Sokaraja Lor"}},{"type":"Feature","geometry":{"type":"Polygon","coordinates":[[[109.293,-7.4445],[109.284,-7.439],[109.281,-7.439],[109.28,-7.4395],[109.285,-7.444],[109.285,-7.445],[109.288,-7.45],[109.2895,-7.4515],[109.29,-7.453],[109.2935,-7.4515],[109.2955,-7.45],[109.293,-7.4445]]]},"properties":{"code":"33.02.19.2014","name":"Kedondong"}},{"type":"Feature","geometry":{"type":"Polygon","coordinates":[[[109.28,-7.4395],[109.279,-7.4395],[109.2745,-7.435],[109.2745,-7.434],[109.2745,-7.4335],[109.274,-7.4335],[109.273,-7.434],[109.2715,-7.4345],[109.2695,-7.435],[109.269,-7.436],[109.268,-7.438],[109.2685,-7.439],[109.275,-7.4405],[109.276,-7.4425],[109.2765,-7.4425],[109.2795,-7.4465],[109.284,-7.446],[109.2835,-7.445],[109.285,-7.4445],[109.285,-7.444],[109.28,-7.4395]]]},"properties":{"code":"33.02.19.2015","name":"Pamijen"}},{"type":"Feature","geometry":{"type":"Polygon","coordinates":[[[109.285,-7.4445],[109.2835,-7.445],[109.284,-7.446],[109.2795,-7.4465],[109.2765,-7.4425],[109.276,-7.4425],[109.275,-7.4405],[109.2695,-7.4405],[109.2695,-7.443],[109.27,-7.4465],[109.2785,-7.449],[109.2875,-7.4575],[109.2915,-7.4545],[109.2905,-7.454],[109.2895,-7.4515],[109.288,-7.45],[109.285,-7.445],[109.285,-7.4445]]]},"properties":{"code":"33.02.19.2016","name":"Sokaraja Kulon"}},{"type":"Feature","geometry":{"type":"Polygon","coordinates":[[[109.2695,-7.445],[109.265,-7.445],[109.265,-7.447],[109.2645,-7.4495],[109.2645,-7.45],[109.2625,-7.455],[109.263,-7.455],[109.2635,-7.456],[109.264,-7.457],[109.2625,-7.457],[109.2575,-7.4555],[109.2565,-7.4545],[109.2485,-7.4565],[109.248,-7.457],[109.2475,-7.4575],[109.2475,-7.4585],[109.2515,-7.462],[109.2525,-7.466],[109.268,-7.462],[109.273,-7.452],[109.2715,-7.452],[109.271,-7.4495],[109.2715,-7.4485],[109.2725,-7.4485],[109.2715,-7.448],[109.2705,-7.447],[109.2695,-7.445]]]},"properties":{"code":"33.02.19.2017","name":"Karangnanas"}},{"type":"Feature","geometry":{"type":"Polygon","coordinates":[[[109.265,-7.445],[109.2585,-7.446],[109.258,-7.4455],[109.2575,-7.445],[109.258,-7.4445],[109.2575,-7.445],[109.258,-7.4455],[109.2585,-7.446],[109.2585,-7.4465],[109.2575,-7.4525],[109.2575,-7.453],[109.257,-7.4535],[109.257,-7.454],[109.2575,-7.4555],[109.2625,-7.457],[109.264,-7.457],[109.2635,-7.456],[109.263,-7.455],[109.2625,-7.455],[109.2645,-7.45],[109.2645,-7.4495],[109.265,-7.447],[109.265,-7.445]]]},"properties":{"code":"33.02.19.2018","name":"Karangrau"}},{"type":"Feature","geometry":{"type":"Polygon","coordinates":[[[109.276,-7.4125],[109.273,-7.4125],[109.273,-7.4175],[109.2705,-7.4205],[109.2675,-7.4205],[109.267,-7.4215],[109.2705,-7.428],[109.272,-7.429],[109.2725,-7.4325],[109.274,-7.433],[109.2745,-7.434],[109.2745,-7.435],[109.279,-7.4395],[109.28,-7.4395],[109.281,-7.439],[109.284,-7.439],[109.279,-7.428],[109.2785,-7.425],[109.278,-7.423],[109.277,-7.422],[109.276,-7.4125]]]},"properties":{"code":"33.02.20.2001","name":"Ledug"}},{"type":"Feature","geometry":{"type":"Polygon","coordinates":[[[109.294,-7.423],[109.292,-7.422],[109.2875,-7.422],[109.287,-7.4215],[109.279,-7.428],[109.284,-7.439],[109.293,-7.4445],[109.2915,-7.4415],[109.296,-7.4385],[109.2955,-7.437],[109.2965,-7.434],[109.301,-7.433],[109.3005,-7.427],[109.2995,-7.427],[109.2985,-7.427],[109.294,-7.423]]]},"properties":{"code":"33.02.20.2002","name":"Pliken"}},{"type":"Feature","geometry":{"type":"Polygon","coordinates":[[[109.3025,-7.413],[109.302,-7.413],[109.302,-7.4125],[109.301,-7.4125],[109.297,-7.413],[109.2945,-7.4135],[109.2945,-7.4145],[109.294,-7.423],[109.2985,-7.427],[109.2985,-7.4255],[109.3025,-7.414],[109.3025,-7.413]]]},"properties":{"code":"33.02.20.2003","name":"Purwodadi"}},{"type":"Feature","geometry":{"type":"Polygon","coordinates":[[[109.306,-7.411],[109.305,-7.4105],[109.304,-7.412],[109.302,-7.4125],[109.3025,-7.414],[109.2985,-7.4255],[109.2985,-7.427],[109.2995,-7.427],[109.304,-7.426],[109.3115,-7.4255],[109.307,-7.4135],[109.307,-7.4115],[109.306,-7.411]]]},"properties":{"code":"33.02.20.2004","name":"Karang Tengah"}},{"type":"Feature","geometry":{"type":"Polygon","coordinates":[[[109.319,-7.4105],[109.3185,-7.4095],[109.313,-7.4105],[109.3125,-7.4105],[109.313,-7.41],[109.3125,-7.41],[109.306,-7.411],[109.307,-7.4115],[109.307,-7.4135],[109.3115,-7.4255],[109.313,-7.4255],[109.314,-7.4255],[109.321,-7.422],[109.321,-7.4205],[109.319,-7.4105]]]},"properties":{"code":"33.02.20.2005","name":"Kramat"}},{"type":"Feature","geometry":{"type":"Polygon","coordinates":[[[109.308,-7.3935],[109.3065,-7.3935],[109.305,-7.395],[109.309,-7.41],[109.3125,-7.41],[109.313,-7.41],[109.3115,-7.406],[109.309,-7.3945],[109.308,-7.3935]]]},"properties":{"code":"33.02.20.2006","name":"Sambeng Wetan"}},{"type":"Feature","geometry":{"type":"Polygon","coordinates":[[[109.305,-7.395],[109.3035,-7.395],[109.3005,-7.397],[109.3005,-7.4065],[109.3,-7.406],[109.299,-7.407],[109.299,-7.4085],[109.295,-7.41],[109.2945,-7.412],[109.2945,-7.4125],[109.2945,-7.4135],[109.297,-7.413],[109.301,-7.4125],[109.302,-7.4125],[109.302,-7.413],[109.3025,-7.413],[109.302,-7.4125],[109.304,-7.412],[109.305,-7.4105],[109.306,-7.411],[109.309,-7.41],[109.305,-7.395]]]},"properties":{"code":"33.02.20.2007","name":"Sambeng Kulon"}},{"type":"Feature","geometry":{"type":"Polygon","coordinates":[[[109.3,-7.406],[109.298,-7.4055],[109.2915,-7.3975],[109.2885,-7.4],[109.29,-7.405],[109.2905,-7.4065],[109.2905,-7.4075],[109.2945,-7.411],[109.295,-7.41],[109.299,-7.4085],[109.299,-7.407],[109.3,-7.406]]]},"properties":{"code":"33.02.20.2008","name":"Purbadana"}},{"type":"Feature","geometry":{"type":"Polygon","coordinates":[[[109.2885,-7.399],[109.2835,-7.401],[109.286,-7.4115],[109.286,-7.4135],[109.286,-7.4145],[109.2865,-7.4205],[109.287,-7.4215],[109.2875,-7.422],[109.292,-7.422],[109.294,-7.423],[109.2945,-7.4145],[109.2945,-7.414],[109.2945,-7.4125],[109.2945,-7.412],[109.2945,-7.411],[109.2905,-7.4075],[109.2905,-7.4065],[109.29,-7.405],[109.2885,-7.4],[109.2885,-7.399]]]},"properties":{"code":"33.02.20.2009","name":"Kembaran"}},{"type":"Feature","geometry":{"type":"Polygon","coordinates":[[[109.287,-7.4215],[109.2865,-7.4205],[109.286,-7.4145],[109.286,-7.4135],[109.286,-7.4115],[109.2845,-7.4115],[109.282,-7.4115],[109.281,-7.4115],[109.2775,-7.412],[109.277,-7.4115],[109.276,-7.4125],[109.277,-7.422],[109.278,-7.423],[109.2785,-7.425],[109.279,-7.428],[109.287,-7.4215]]]},"properties":{"code":"33.02.20.2010","name":"Bojongsari"}},{"type":"Feature","geometry":{"type":"Polygon","coordinates":[[[109.282,-7.4115],[109.2815,-7.411],[109.2815,-7.41],[109.2825,-7.4095],[109.2815,-7.4085],[109.28,-7.4065],[109.279,-7.4055],[109.2745,-7.398],[109.274,-7.3975],[109.2725,-7.3995],[109.2735,-7.401],[109.2755,-7.409],[109.277,-7.4115],[109.2775,-7.412],[109.281,-7.4115],[109.282,-7.4115]]]},"properties":{"code":"33.02.20.2011","name":"Karangsoka"}},{"type":"Feature","geometry":{"type":"Polygon","coordinates":[[[109.277,-7.4115],[109.2755,-7.409],[109.2725,-7.4],[109.2705,-7.4015],[109.268,-7.402],[109.266,-7.4025],[109.2645,-7.4035],[109.264,-7.4045],[109.2605,-7.407],[109.262,-7.4075],[109.262,-7.4095],[109.2635,-7.4115],[109.267,-7.418],[109.268,-7.4195],[109.2675,-7.4205],[109.2705,-7.4205],[109.273,-7.4175],[109.273,-7.4125],[109.276,-7.4125],[109.277,-7.4115]]]},"properties":{"code":"33.02.20.2012","name":"Dukuhwaluh"}},{"type":"Feature","geometry":{"type":"Polygon","coordinates":[[[109.2685,-7.402],[109.2685,-7.4015],[109.2685,-7.401],[109.268,-7.401],[109.268,-7.4005],[109.2665,-7.398],[109.2675,-7.3935],[109.268,-7.391],[109.2545,-7.398],[109.2545,-7.3995],[109.2555,-7.4],[109.2575,-7.4045],[109.2605,-7.407],[109.264,-7.4045],[109.2645,-7.4035],[109.266,-7.4025],[109.268,-7.402],[109.2685,-7.402]]]},"properties":{"code":"33.02.20.2013","name":"Tambaksari Kidul"}},{"type":"Feature","geometry":{"type":"Polygon","coordinates":[[[109.279,-7.3925],[109.2765,-7.3885],[109.2725,-7.3895],[109.2705,-7.39],[109.2675,-7.3935],[109.2665,-7.398],[109.268,-7.4005],[109.268,-7.401],[109.2685,-7.401],[109.2685,-7.4015],[109.2685,-7.402],[109.2705,-7.4015],[109.2725,-7.4],[109.2725,-7.3995],[109.274,-7.3975],[109.2795,-7.3935],[109.279,-7.3925]]]},"properties":{"code":"33.02.20.2014","name":"Bantarwuni"}},{"type":"Feature","geometry":{"type":"Polygon","coordinates":[[[109.2835,-7.401],[109.28,-7.394],[109.2795,-7.3935],[109.274,-7.3975],[109.2745,-7.398],[109.279,-7.4055],[109.28,-7.4065],[109.2815,-7.4085],[109.2825,-7.4095],[109.2815,-7.41],[109.2815,-7.411],[109.282,-7.4115],[109.2845,-7.4115],[109.286,-7.4115],[109.2835,-7.401]]]},"properties":{"code":"33.02.20.2015","name":"Karangsari"}},{"type":"Feature","geometry":{"type":"Polygon","coordinates":[[[109.3005,-7.397],[109.2955,-7.3905],[109.2945,-7.389],[109.2895,-7.385],[109.289,-7.3835],[109.2885,-7.384],[109.2885,-7.386],[109.2845,-7.3905],[109.2805,-7.3915],[109.279,-7.3925],[109.28,-7.394],[109.2835,-7.401],[109.2885,-7.399],[109.2915,-7.3975],[109.298,-7.4055],[109.3,-7.406],[109.3005,-7.4065],[109.3005,-7.397]]]},"properties":{"code":"33.02.20.2016","name":"Linggasari"}},{"type":"Feature","geometry":{"type":"Polygon","coordinates":[[[109.2995,-7.3725],[109.299,-7.3725],[109.2975,-7.3695],[109.2965,-7.3685],[109.296,-7.3655],[109.295,-7.3665],[109.2925,-7.367],[109.294,-7.3715],[109.297,-7.377],[109.2975,-7.3805],[109.2985,-7.3845],[109.2995,-7.3865],[109.2995,-7.3915],[109.2995,-7.393],[109.301,-7.3935],[109.3035,-7.395],[109.305,-7.395],[109.3065,-7.3935],[109.308,-7.3935],[109.3065,-7.39],[109.306,-7.385],[109.3045,-7.382],[109.301,-7.377],[109.3,-7.373],[109.2995,-7.3725]]]},"properties":{"code":"33.02.21.2001","name":"Silado"}},{"type":"Feature","geometry":{"type":"Polygon","coordinates":[[[109.2975,-7.3805],[109.292,-7.372],[109.2875,-7.374],[109.289,-7.377],[109.2885,-7.3775],[109.288,-7.3825],[109.2885,-7.3835],[109.289,-7.3835],[109.2895,-7.385],[109.2945,-7.389],[109.2955,-7.3905],[109.3005,-7.397],[109.301,-7.3935],[109.2995,-7.393],[109.2995,-7.3915],[109.2995,-7.3865],[109.2985,-7.3845],[109.2975,-7.3805]]]},"properties":{"code":"33.02.21.2002","name":"Karangturi"}},{"type":"Feature","geometry":{"type":"Polygon","coordinates":[[[109.2885,-7.3835],[109.288,-7.3825],[109.2885,-7.3775],[109.288,-7.378],[109.277,-7.3865],[109.2765,-7.3885],[109.279,-7.3925],[109.2805,-7.3915],[109.2845,-7.3905],[109.2885,-7.386],[109.2885,-7.384],[109.2885,-7.3835]]]},"properties":{"code":"33.02.21.2003","name":"Karangcegak"}},{"type":"Feature","geometry":{"type":"Polygon","coordinates":[[[109.287,-7.372],[109.2865,-7.3725],[109.285,-7.372],[109.28,-7.3695],[109.277,-7.369],[109.27,-7.37],[109.271,-7.372],[109.273,-7.3735],[109.2735,-7.374],[109.273,-7.3795],[109.273,-7.382],[109.2725,-7.3825],[109.2755,-7.3865],[109.2765,-7.3875],[109.277,-7.3865],[109.288,-7.378],[109.289,-7.377],[109.2875,-7.374],[109.2875,-7.3725],[109.287,-7.3725],[109.287,-7.372]]]},"properties":{"code":"33.02.21.2004","name":"Sumbang"}},{"type":"Feature","geometry":{"type":"Polygon","coordinates":[[[109.2725,-7.3825],[109.259,-7.381],[109.2545,-7.385],[109.254,-7.3855],[109.2525,-7.386],[109.2545,-7.398],[109.268,-7.391],[109.2705,-7.39],[109.2725,-7.3895],[109.2765,-7.3885],[109.277,-7.3865],[109.2765,-7.3875],[109.2755,-7.3865],[109.2725,-7.3825]]]},"properties":{"code":"33.02.21.2005","name":"Tambaksogra"}},{"type":"Feature","geometry":{"type":"Polygon","coordinates":[[[109.27,-7.37],[109.2655,-7.371],[109.2605,-7.3725],[109.2595,-7.3725],[109.259,-7.381],[109.2725,-7.3825],[109.273,-7.382],[109.273,-7.3795],[109.2735,-7.374],[109.273,-7.3735],[109.271,-7.372],[109.27,-7.37]]]},"properties":{"code":"33.02.21.2006","name":"Kebanggan"}},{"type":"Feature","geometry":{"type":"Polygon","coordinates":[[[109.259,-7.381],[109.2595,-7.3725],[109.259,-7.373],[109.2545,-7.375],[109.2545,-7.3835],[109.2545,-7.385],[109.259,-7.381]]]},"properties":{"code":"33.02.21.2007","name":"Kawungcarang"}},{"type":"Feature","geometry":{"type":"Polygon","coordinates":[[[109.251,-7.372],[109.2485,-7.37],[109.244,-7.3675],[109.2435,-7.37],[109.2445,-7.3715],[109.2435,-7.375],[109.246,-7.38],[109.2465,-7.385],[109.2465,-7.387],[109.2455,-7.3875],[109.2455,-7.388],[109.2475,-7.3875],[109.2525,-7.386],[109.254,-7.3855],[109.2545,-7.3835],[109.2545,-7.375],[109.252,-7.3755],[109.251,-7.372]]]},"properties":{"code":"33.02.21.2008","name":"Karanggintung"}},{"type":"Feature","geometry":{"type":"Polygon","coordinates":[[[109.2595,-7.3725],[109.257,-7.3675],[109.256,-7.3665],[109.2565,-7.3655],[109.256,-7.3655],[109.2545,-7.3665],[109.253,-7.3665],[109.253,-7.3675],[109.2515,-7.369],[109.251,-7.372],[109.252,-7.3755],[109.259,-7.373],[109.2595,-7.3725]]]},"properties":{"code":"33.02.21.2009","name":"Datar"}},{"type":"Feature","geometry":{"type":"Polygon","coordinates":[[[109.2525,-7.3495],[109.2515,-7.3505],[109.2485,-7.3505],[109.2435,-7.349],[109.24,-7.357],[109.2405,-7.36],[109.24,-7.3605],[109.2405,-7.361],[109.243,-7.363],[109.244,-7.3665],[109.245,-7.367],[109.244,-7.3675],[109.2485,-7.37],[109.251,-7.372],[109.2515,-7.369],[109.253,-7.3675],[109.253,-7.3665],[109.2515,-7.367],[109.2525,-7.3495]]]},"properties":{"code":"33.02.21.2010","name":"Banjarsari Kulon"}},{"type":"Feature","geometry":{"type":"Polygon","coordinates":[[[109.259,-7.334],[109.2525,-7.3495],[109.2515,-7.367],[109.2525,-7.3665],[109.2545,-7.3665],[109.256,-7.3655],[109.2555,-7.365],[109.257,-7.358],[109.2575,-7.3565],[109.2605,-7.351],[109.262,-7.351],[109.259,-7.334]]]},"properties":{"code":"33.02.21.2011","name":"Banjarsari Wetan"}},{"type":"Feature","geometry":{"type":"Polygon","coordinates":[[[109.2755,-7.353],[109.2685,-7.354],[109.26,-7.3525],[109.2575,-7.3565],[109.257,-7.358],[109.2555,-7.365],[109.2565,-7.3655],[109.256,-7.3665],[109.257,-7.3675],[109.2595,-7.3725],[109.2605,-7.3725],[109.2655,-7.371],[109.27,-7.37],[109.277,-7.369],[109.2765,-7.368],[109.275,-7.3605],[109.2745,-7.3595],[109.2755,-7.353]]]},"properties":{"code":"33.02.21.2012","name":"Banteran"}},{"type":"Feature","geometry":{"type":"Polygon","coordinates":[[[109.2765,-7.3525],[109.2755,-7.353],[109.2745,-7.3595],[109.275,-7.3605],[109.2765,-7.368],[109.28,-7.3695],[109.285,-7.372],[109.2865,-7.3725],[109.287,-7.372],[109.287,-7.3705],[109.2865,-7.3695],[109.2835,-7.3525],[109.2765,-7.3525]]]},"properties":{"code":"33.02.21.2013","name":"Ciberem"}},{"type":"Feature","geometry":{"type":"Polygon","coordinates":[[[109.2915,-7.3585],[109.289,-7.3525],[109.2875,-7.3485],[109.286,-7.346],[109.2835,-7.3525],[109.2865,-7.3695],[109.287,-7.3705],[109.287,-7.3725],[109.2875,-7.3725],[109.292,-7.372],[109.2975,-7.3805],[109.297,-7.377],[109.294,-7.3715],[109.2925,-7.367],[109.295,-7.3665],[109.296,-7.3655],[109.2945,-7.362],[109.2915,-7.3585]]]},"properties":{"code":"33.02.21.2014","name":"Susukan"}},{"type":"Feature","geometry":{"type":"Polygon","coordinates":[[[109.2835,-7.343],[109.265,-7.3065],[109.263,-7.3025],[109.2615,-7.299],[109.2605,-7.3],[109.2625,-7.3135],[109.273,-7.3315],[109.2765,-7.3525],[109.2835,-7.3525],[109.286,-7.346],[109.2835,-7.343]]]},"properties":{"code":"33.02.21.2015","name":"Sikapat"}},{"type":"Feature","geometry":{"type":"Polygon","coordinates":[[[109.2565,-7.289],[109.255,-7.2805],[109.245,-7.272],[109.2385,-7.259],[109.2365,-7.256],[109.2325,-7.252],[109.2285,-7.249],[109.2235,-7.2465],[109.22,-7.248],[109.23,-7.2585],[109.232,-7.262],[109.235,-7.2705],[109.247,-7.281],[109.2555,-7.2955],[109.26,-7.311],[109.264,-7.3235],[109.259,-7.334],[109.262,-7.351],[109.26,-7.3525],[109.2685,-7.354],[109.2755,-7.353],[109.2765,-7.3525],[109.273,-7.3315],[109.2625,-7.3135],[109.2605,-7.3],[109.2595,-7.297],[109.2595,-7.2955],[109.2565,-7.2905],[109.2565,-7.289]]]},"properties":{"code":"33.02.21.2016","name":"Gandatapa"}},{"type":"Feature","geometry":{"type":"Polygon","coordinates":[[[109.259,-7.334],[109.264,-7.3235],[109.2605,-7.3205],[109.2445,-7.3265],[109.2425,-7.334],[109.2425,-7.336],[109.2435,-7.349],[109.2485,-7.3505],[109.2515,-7.3505],[109.2525,-7.3495],[109.259,-7.334]]]},"properties":{"code":"33.02.21.2017","name":"Kotayasa"}},{"type":"Feature","geometry":{"type":"Polygon","coordinates":[[[109.2605,-7.3205],[109.26,-7.311],[109.2555,-7.2955],[109.247,-7.281],[109.235,-7.2705],[109.232,-7.262],[109.23,-7.2585],[109.22,-7.248],[109.2165,-7.249],[109.2175,-7.2545],[109.2225,-7.2605],[109.2305,-7.2675],[109.234,-7.2735],[109.244,-7.296],[109.244,-7.317],[109.242,-7.32],[109.2435,-7.323],[109.243,-7.324],[109.243,-7.3255],[109.2445,-7.3265],[109.2605,-7.3205]]]},"properties":{"code":"33.02.21.2018","name":"Limpakuwus"}},{"type":"Feature","geometry":{"type":"Polygon","coordinates":[[[109.2545,-7.398],[109.2525,-7.386],[109.2475,-7.3875],[109.2455,-7.388],[109.246,-7.389],[109.2465,-7.3905],[109.2465,-7.391],[109.25,-7.394],[109.2545,-7.398]]]},"properties":{"code":"33.02.21.2019","name":"Kedungmalang"}},{"type":"Feature","geometry":{"type":"Polygon","coordinates":[[[109.235,-7.3915],[109.2315,-7.387],[109.23,-7.3865],[109.229,-7.3865],[109.2275,-7.3855],[109.227,-7.387],[109.2255,-7.387],[109.226,-7.3875],[109.2255,-7.395],[109.2255,-7.3965],[109.228,-7.3965],[109.2315,-7.397],[109.2345,-7.3985],[109.235,-7.3915]]]},"properties":{"code":"33.02.22.2001","name":"Purwosari"}},{"type":"Feature","geometry":{"type":"Polygon","coordinates":[[[109.237,-7.3795],[109.228,-7.3785],[109.227,-7.38],[109.225,-7.3795],[109.2245,-7.38],[109.2245,-7.381],[109.225,-7.383],[109.225,-7.3845],[109.225,-7.386],[109.2255,-7.387],[109.227,-7.387],[109.2275,-7.3855],[109.229,-7.3865],[109.23,-7.3865],[109.2315,-7.387],[109.235,-7.3915],[109.2375,-7.3905],[109.237,-7.389],[109.237,-7.387],[109.2365,-7.385],[109.238,-7.38],[109.237,-7.3795]]]},"properties":{"code":"33.02.22.2002","name":"Kutasari"}},{"type":"Feature","geometry":{"type":"Polygon","coordinates":[[[109.2435,-7.3735],[109.2375,-7.376],[109.237,-7.379],[109.237,-7.3795],[109.238,-7.38],[109.2375,-7.383],[109.246,-7.383],[109.246,-7.38],[109.2435,-7.375],[109.2435,-7.3735]]]},"properties":{"code":"33.02.22.2003","name":"Pandak"}},{"type":"Feature","geometry":{"type":"Polygon","coordinates":[[[109.2325,-7.3685],[109.228,-7.3705],[109.2265,-7.3755],[109.2255,-7.377],[109.226,-7.377],[109.226,-7.378],[109.2275,-7.378],[109.228,-7.3785],[109.237,-7.3795],[109.2375,-7.3775],[109.2355,-7.377],[109.235,-7.376],[109.233,-7.3685],[109.2325,-7.3685]]]},"properties":{"code":"33.02.22.2004","name":"Pamijen"}},{"type":"Feature","geometry":{"type":"Polygon","coordinates":[[[109.2405,-7.3585],[109.238,-7.3515],[109.2345,-7.3525],[109.2295,-7.3535],[109.2295,-7.3545],[109.23,-7.354],[109.233,-7.357],[109.2325,-7.368],[109.233,-7.3685],[109.235,-7.376],[109.2355,-7.377],[109.2375,-7.3775],[109.2375,-7.376],[109.2435,-7.3735],[109.2445,-7.3715],[109.2435,-7.37],[109.244,-7.3675],[109.245,-7.367],[109.244,-7.3665],[109.243,-7.363],[109.2405,-7.361],[109.24,-7.3605],[109.2405,-7.36],[109.2405,-7.3585]]]},"properties":{"code":"33.02.22.2005","name":"Rempoah"}},{"type":"Feature","geometry":{"type":"Polygon","coordinates":[[[109.2325,-7.3685],[109.2325,-7.368],[109.233,-7.357],[109.23,-7.354],[109.2295,-7.3545],[109.2265,-7.3545],[109.2235,-7.3545],[109.2235,-7.356],[109.2205,-7.366],[109.22,-7.368],[109.2215,-7.369],[109.223,-7.374],[109.2245,-7.376],[109.2255,-7.378],[109.226,-7.378],[109.226,-7.377],[109.2255,-7.377],[109.2265,-7.3755],[109.228,-7.3705],[109.2325,-7.3685]]]},"properties":{"code":"33.02.22.2006","name":"Kebumen"}},{"type":"Feature","geometry":{"type":"Polygon","coordinates":[[[109.224,-7.3345],[109.221,-7.3345],[109.2205,-7.3335],[109.22,-7.3345],[109.22,-7.3405],[109.2195,-7.345],[109.222,-7.3505],[109.2235,-7.3545],[109.2265,-7.3545],[109.2295,-7.3535],[109.2345,-7.3525],[109.238,-7.3515],[109.234,-7.339],[109.2335,-7.338],[109.2335,-7.337],[109.233,-7.336],[109.2315,-7.3365],[109.2305,-7.337],[109.2295,-7.3365],[109.2235,-7.3365],[109.224,-7.3345]]]},"properties":{"code":"33.02.22.2007","name":"Karang Tengah"}},{"type":"Feature","geometry":{"type":"Polygon","coordinates":[[[109.2435,-7.349],[109.2425,-7.336],[109.242,-7.3345],[109.24,-7.335],[109.238,-7.336],[109.236,-7.337],[109.2335,-7.3375],[109.234,-7.339],[109.238,-7.3515],[109.2405,-7.3585],[109.24,-7.357],[109.2435,-7.349]]]},"properties":{"code":"33.02.22.2008","name":"Kemutug Kidul"}},{"type":"Feature","geometry":{"type":"Polygon","coordinates":[[[109.2445,-7.3265],[109.243,-7.3255],[109.243,-7.324],[109.2435,-7.323],[109.242,-7.32],[109.244,-7.317],[109.244,-7.296],[109.234,-7.2735],[109.2305,-7.2675],[109.2225,-7.2605],[109.2195,-7.2575],[109.217,-7.27],[109.2225,-7.277],[109.237,-7.3085],[109.2395,-7.334],[109.24,-7.335],[109.242,-7.3345],[109.2425,-7.334],[109.2445,-7.3265]]]},"properties":{"code":"33.02.22.2009","name":"Karangsalam Lor"}},{"type":"Feature","geometry":{"type":"Polygon","coordinates":[[[109.2165,-7.249],[109.2155,-7.2485],[109.214,-7.2665],[109.2155,-7.2705],[109.217,-7.2745],[109.2175,-7.277],[109.2175,-7.278],[109.2185,-7.282],[109.2265,-7.301],[109.2285,-7.304],[109.2305,-7.3275],[109.232,-7.3335],[109.2325,-7.3345],[109.233,-7.335],[109.2335,-7.3365],[109.2335,-7.3375],[109.236,-7.337],[109.238,-7.336],[109.2395,-7.334],[109.237,-7.3085],[109.2225,-7.277],[109.217,-7.27],[109.2195,-7.2575],[109.2175,-7.2545],[109.2165,-7.249]]]},"properties":{"code":"33.02.22.2010","name":"Kemutug Lor"}},{"type":"Feature","geometry":{"type":"Polygon","coordinates":[[[109.2155,-7.2485],[109.214,-7.2485],[109.2065,-7.2755],[109.2135,-7.294],[109.2295,-7.314],[109.2255,-7.3335],[109.2235,-7.3365],[109.2295,-7.3365],[109.231,-7.337],[109.233,-7.336],[109.2325,-7.3345],[109.232,-7.3335],[109.2305,-7.3275],[109.2285,-7.304],[109.2265,-7.301],[109.2185,-7.282],[109.2175,-7.278],[109.2175,-7.277],[109.217,-7.2745],[109.2155,-7.2705],[109.214,-7.2665],[109.2155,-7.2485]]]},"properties":{"code":"33.02.22.2011","name":"Karangmangu"}},{"type":"Feature","geometry":{"type":"Polygon","coordinates":[[[109.214,-7.2485],[109.2135,-7.248],[109.2075,-7.248],[109.203,-7.247],[109.197,-7.2495],[109.195,-7.251],[109.208,-7.291],[109.2085,-7.3175],[109.2205,-7.326],[109.2215,-7.33],[109.2205,-7.3335],[109.221,-7.3345],[109.224,-7.3345],[109.2255,-7.3335],[109.2295,-7.314],[109.2135,-7.294],[109.2065,-7.2755],[109.214,-7.2485]]]},"properties":{"code":"33.02.22.2012","name":"Ketenger"}},{"type":"Feature","geometry":{"type":"Polygon","coordinates":[[[109.2205,-7.3975],[109.2175,-7.3955],[109.215,-7.3945],[109.213,-7.3935],[109.213,-7.395],[109.21,-7.402],[109.2095,-7.403],[109.209,-7.4035],[109.209,-7.404],[109.2085,-7.4045],[109.21,-7.4065],[109.21,-7.4075],[109.2085,-7.4125],[109.209,-7.4135],[109.217,-7.4115],[109.218,-7.409],[109.2205,-7.3975]]]},"properties":{"code":"33.02.23.2001","name":"Karangsalam Kidul"}},{"type":"Feature","geometry":{"type":"Polygon","coordinates":[[[109.214,-7.3835],[109.2075,-7.384],[109.208,-7.3855],[109.2055,-7.3935],[109.2045,-7.3955],[109.204,-7.396],[109.2015,-7.399],[109.2035,-7.3995],[109.203,-7.399],[109.209,-7.401],[109.2085,-7.4015],[109.21,-7.4025],[109.21,-7.402],[109.213,-7.395],[109.213,-7.3935],[109.214,-7.392],[109.2145,-7.3845],[109.214,-7.3835]]]},"properties":{"code":"33.02.23.2002","name":"Kebocoran"}},{"type":"Feature","geometry":{"type":"Polygon","coordinates":[[[109.2075,-7.384],[109.205,-7.384],[109.2,-7.3835],[109.2,-7.386],[109.1975,-7.3925],[109.196,-7.396],[109.196,-7.3995],[109.195,-7.4],[109.1965,-7.4005],[109.199,-7.4],[109.2005,-7.3995],[109.2015,-7.399],[109.204,-7.396],[109.2045,-7.3955],[109.2055,-7.3935],[109.208,-7.3855],[109.2075,-7.384]]]},"properties":{"code":"33.02.23.2003","name":"Kedungbanteng"}},{"type":"Feature","geometry":{"type":"Polygon","coordinates":[[[109.225,-7.3795],[109.224,-7.379],[109.2225,-7.3785],[109.214,-7.3825],[109.2145,-7.3845],[109.214,-7.392],[109.213,-7.393],[109.213,-7.3935],[109.215,-7.3945],[109.2175,-7.3955],[109.2205,-7.3975],[109.226,-7.399],[109.2255,-7.3985],[109.2255,-7.398],[109.2255,-7.395],[109.226,-7.3875],[109.2255,-7.3865],[109.225,-7.385],[109.225,-7.384],[109.225,-7.383],[109.2245,-7.381],[109.2245,-7.38],[109.225,-7.3795]]]},"properties":{"code":"33.02.23.2004","name":"Beji"}},{"type":"Feature","geometry":{"type":"Polygon","coordinates":[[[109.22,-7.368],[109.219,-7.368],[109.2155,-7.366],[109.214,-7.3675],[109.2075,-7.3815],[109.2075,-7.384],[109.214,-7.3835],[109.214,-7.3825],[109.2225,-7.3785],[109.224,-7.379],[109.225,-7.3795],[109.227,-7.38],[109.2275,-7.378],[109.2255,-7.378],[109.2245,-7.376],[109.223,-7.374],[109.2215,-7.369],[109.22,-7.368]]]},"properties":{"code":"33.02.23.2005","name":"Karangnangka"}},{"type":"Feature","geometry":{"type":"Polygon","coordinates":[[[109.2145,-7.365],[109.2125,-7.3645],[109.2055,-7.3665],[109.201,-7.38],[109.2,-7.3835],[109.205,-7.384],[109.2075,-7.384],[109.2075,-7.3815],[109.214,-7.3675],[109.2155,-7.3655],[109.2145,-7.365]]]},"properties":{"code":"33.02.23.2006","name":"Keniten"}},{"type":"Feature","geometry":{"type":"Polygon","coordinates":[[[109.2055,-7.3665],[109.2045,-7.3645],[109.2035,-7.3635],[109.197,-7.364],[109.1945,-7.3645],[109.1935,-7.366],[109.192,-7.3675],[109.191,-7.3685],[109.1965,-7.393],[109.197,-7.393],[109.1975,-7.3925],[109.2,-7.386],[109.201,-7.38],[109.2055,-7.3665]]]},"properties":{"code":"33.02.23.2007","name":"Dawuhan Wetan"}},{"type":"Feature","geometry":{"type":"Polygon","coordinates":[[[109.1965,-7.393],[109.191,-7.3685],[109.185,-7.3695],[109.182,-7.3695],[109.1815,-7.37],[109.188,-7.379],[109.1885,-7.3815],[109.19,-7.387],[109.192,-7.388],[109.1925,-7.3885],[109.1935,-7.389],[109.1965,-7.393]]]},"properties":{"code":"33.02.23.2008","name":"Dawuhan Kulon"}},{"type":"Feature","geometry":{"type":"Polygon","coordinates":[[[109.1925,-7.3665],[109.188,-7.3595],[109.1915,-7.328],[109.182,-7.324],[109.181,-7.325],[109.1825,-7.33],[109.183,-7.3305],[109.1825,-7.332],[109.184,-7.3445],[109.179,-7.354],[109.178,-7.3545],[109.1775,-7.3575],[109.1775,-7.359],[109.179,-7.3615],[109.179,-7.3625],[109.1805,-7.3655],[109.1805,-7.369],[109.181,-7.369],[109.1815,-7.37],[109.182,-7.3695],[109.185,-7.3695],[109.191,-7.3685],[109.192,-7.3675],[109.1925,-7.3665]]]},"properties":{"code":"33.02.23.2009","name":"Baseh"}},{"type":"Feature","geometry":{"type":"Polygon","coordinates":[[[109.203,-7.3105],[109.202,-7.3075],[109.1985,-7.3005],[109.1935,-7.294],[109.1895,-7.279],[109.188,-7.256],[109.186,-7.257],[109.1845,-7.2585],[109.181,-7.2605],[109.18,-7.262],[109.179,-7.2625],[109.1795,-7.264],[109.179,-7.2675],[109.178,-7.271],[109.1795,-7.274],[109.182,-7.2775],[109.182,-7.2805],[109.181,-7.284],[109.18,-7.2975],[109.1845,-7.3045],[109.1815,-7.3235],[109.182,-7.324],[109.1915,-7.328],[109.188,-7.3595],[109.1925,-7.3665],[109.1935,-7.366],[109.1945,-7.3645],[109.197,-7.364],[109.2035,-7.3635],[109.202,-7.3625],[109.197,-7.353],[109.1935,-7.33],[109.196,-7.3205],[109.1985,-7.3155],[109.202,-7.311],[109.203,-7.3105]]]},"properties":{"code":"33.02.23.2010","name":"Kalisalak"}},{"type":"Feature","geometry":{"type":"Polygon","coordinates":[[[109.2035,-7.3395],[109.2005,-7.335],[109.2025,-7.3315],[109.201,-7.323],[109.204,-7.3145],[109.203,-7.3105],[109.202,-7.311],[109.1985,-7.3155],[109.196,-7.3205],[109.1935,-7.33],[109.197,-7.353],[109.202,-7.3625],[109.207,-7.351],[109.2035,-7.3395]]]},"properties":{"code":"33.02.23.2011","name":"Windujaya"}},{"type":"Feature","geometry":{"type":"Polygon","coordinates":[[[109.2135,-7.3445],[109.2035,-7.3395],[109.207,-7.351],[109.202,-7.3625],[109.2045,-7.3645],[109.2055,-7.3665],[109.2125,-7.3645],[109.2145,-7.365],[109.213,-7.3645],[109.2135,-7.3445]]]},"properties":{"code":"33.02.23.2012","name":"Kalikesur"}},{"type":"Feature","geometry":{"type":"Polygon","coordinates":[[[109.2185,-7.3445],[109.2135,-7.3445],[109.213,-7.3645],[109.2155,-7.3655],[109.2155,-7.366],[109.219,-7.368],[109.22,-7.368],[109.2205,-7.366],[109.2235,-7.356],[109.222,-7.3505],[109.2195,-7.345],[109.2185,-7.3445]]]},"properties":{"code":"33.02.23.2013","name":"Kutaliman"}},{"type":"Feature","geometry":{"type":"Polygon","coordinates":[[[109.2205,-7.3335],[109.2215,-7.33],[109.2205,-7.326],[109.2085,-7.3175],[109.208,-7.291],[109.195,-7.251],[109.1945,-7.2515],[109.191,-7.254],[109.19,-7.255],[109.188,-7.256],[109.1895,-7.279],[109.1935,-7.294],[109.1985,-7.3005],[109.2025,-7.309],[109.204,-7.3145],[109.201,-7.323],[109.2025,-7.3315],[109.2005,-7.335],[109.2035,-7.3395],[109.2135,-7.3445],[109.2185,-7.3445],[109.22,-7.3405],[109.22,-7.3345],[109.2205,-7.3335]]]},"properties":{"code":"33.02.23.2014","name":"Melung"}},{"type":"Feature","geometry":{"type":"Polygon","coordinates":[[[109.24,-7.4685],[109.2425,-7.467],[109.247,-7.4375],[109.246,-7.4375],[109.244,-7.438],[109.241,-7.4385],[109.241,-7.44],[109.242,-7.44],[109.241,-7.4445],[109.2365,-7.445],[109.233,-7.453],[109.2325,-7.4555],[109.231,-7.457],[109.233,-7.464],[109.234,-7.4675],[109.24,-7.4685]]]},"properties":{"code":"33.02.24.1001","name":"Karangklesem"}},{"type":"Feature","geometry":{"type":"Polygon","coordinates":[[[109.2565,-7.4425],[109.249,-7.439],[109.249,-7.437],[109.247,-7.4375],[109.2425,-7.467],[109.24,-7.4685],[109.2405,-7.47],[109.242,-7.4735],[109.243,-7.475],[109.2445,-7.4765],[109.249,-7.4785],[109.2515,-7.4795],[109.2515,-7.475],[109.2525,-7.4715],[109.253,-7.4695],[109.2515,-7.462],[109.2475,-7.4585],[109.2475,-7.4575],[109.248,-7.457],[109.2485,-7.4565],[109.2565,-7.4545],[109.257,-7.454],[109.257,-7.4535],[109.2575,-7.453],[109.2575,-7.4525],[109.2585,-7.4465],[109.2575,-7.445],[109.258,-7.4445],[109.256,-7.4445],[109.2565,-7.4425]]]},"properties":{"code":"33.02.24.1002","name":"Teluk"}},{"type":"Feature","geometry":{"type":"Polygon","coordinates":[[[109.2685,-7.437],[109.2655,-7.4355],[109.2635,-7.432],[109.263,-7.4325],[109.2585,-7.433],[109.257,-7.439],[109.256,-7.4445],[109.258,-7.4445],[109.2575,-7.445],[109.258,-7.4455],[109.2585,-7.446],[109.265,-7.445],[109.2695,-7.445],[109.2695,-7.443],[109.2695,-7.4405],[109.2685,-7.439],[109.268,-7.438],[109.2685,-7.437]]]},"properties":{"code":"33.02.24.1003","name":"Berkoh"}},{"type":"Feature","geometry":{"type":"Polygon","coordinates":[[[109.2585,-7.433],[109.2555,-7.428],[109.2485,-7.428],[109.2485,-7.431],[109.249,-7.439],[109.2565,-7.4425],[109.257,-7.439],[109.2585,-7.433]]]},"properties":{"code":"33.02.24.1004","name":"Purwokerto Kidul"}},{"type":"Feature","geometry":{"type":"Polygon","coordinates":[[[109.2485,-7.428],[109.241,-7.428],[109.2405,-7.428],[109.239,-7.4345],[109.237,-7.4365],[109.24,-7.439],[109.244,-7.438],[109.246,-7.4375],[109.249,-7.437],[109.2485,-7.431],[109.2485,-7.428]]]},"properties":{"code":"33.02.24.1005","name":"Purwokerto Kulon"}},{"type":"Feature","geometry":{"type":"Polygon","coordinates":[[[109.237,-7.4365],[109.2355,-7.436],[109.2345,-7.4375],[109.235,-7.4375],[109.2345,-7.4375],[109.233,-7.4395],[109.2285,-7.4455],[109.228,-7.446],[109.2275,-7.446],[109.227,-7.4465],[109.2255,-7.448],[109.225,-7.4485],[109.226,-7.449],[109.233,-7.4545],[109.233,-7.453],[109.2365,-7.445],[109.241,-7.4445],[109.242,-7.44],[109.241,-7.44],[109.241,-7.4385],[109.24,-7.439],[109.237,-7.4365]]]},"properties":{"code":"33.02.24.1006","name":"Karangpucung"}},{"type":"Feature","geometry":{"type":"Polygon","coordinates":[[[109.2345,-7.4375],[109.2325,-7.4375],[109.2245,-7.433],[109.226,-7.432],[109.2245,-7.4315],[109.222,-7.431],[109.2195,-7.432],[109.218,-7.434],[109.2165,-7.4365],[109.2155,-7.4375],[109.218,-7.439],[109.221,-7.4405],[109.225,-7.4435],[109.2265,-7.443],[109.228,-7.444],[109.2275,-7.4445],[109.228,-7.445],[109.228,-7.446],[109.2285,-7.4455],[109.233,-7.4395],[109.2345,-7.4375]]]},"properties":{"code":"33.02.24.1007","name":"Tanjung"}},{"type":"Feature","geometry":{"type":"Polygon","coordinates":[[[109.2085,-7.422],[109.207,-7.423],[109.204,-7.4225],[109.2035,-7.421],[109.2025,-7.416],[109.2015,-7.417],[109.201,-7.417],[109.201,-7.419],[109.2,-7.42],[109.199,-7.419],[109.194,-7.4205],[109.194,-7.42],[109.193,-7.42],[109.193,-7.4195],[109.1925,-7.4195],[109.192,-7.4215],[109.2015,-7.4235],[109.205,-7.4275],[109.2095,-7.427],[109.209,-7.4265],[109.208,-7.425],[109.2075,-7.4235],[109.2085,-7.422]]]},"properties":{"code":"33.02.25.1001","name":"Karanglewas Lor"}},{"type":"Feature","geometry":{"type":"MultiPolygon","coordinates":[[[[109.201,-7.419],[109.2005,-7.4185],[109.2,-7.418],[109.2,-7.42],[109.201,-7.419]]],[[[109.196,-7.4165],[109.196,-7.416],[109.1955,-7.416],[109.1955,-7.4165],[109.196,-7.4165]]],[[[109.1955,-7.419],[109.1945,-7.4175],[109.1935,-7.417],[109.193,-7.4155],[109.1935,-7.4155],[109.193,-7.4155],[109.193,-7.417],[109.193,-7.419],[109.1935,-7.419],[109.194,-7.4185],[109.195,-7.419],[109.194,-7.419],[109.1935,-7.419],[109.194,-7.4205],[109.199,-7.419],[109.199,-7.418],[109.1975,-7.418],[109.1965,-7.4185],[109.1955,-7.419]]],[[[109.1975,-7.415],[109.197,-7.415],[109.1965,-7.414],[109.196,-7.415],[109.1965,-7.415],[109.1965,-7.4155],[109.1965,-7.416],[109.197,-7.416],[109.1975,-7.416],[109.1975,-7.4155],[109.198,-7.415],[109.1975,-7.415]]],[[[109.203,-7.4115],[109.202,-7.411],[109.2015,-7.411],[109.2015,-7.41],[109.201,-7.4105],[109.2015,-7.411],[109.201,-7.4115],[109.201,-7.4125],[109.2015,-7.4125],[109.2005,-7.413],[109.2,-7.4175],[109.2015,-7.417],[109.2025,-7.416],[109.2035,-7.421],[109.204,-7.4225],[109.207,-7.423],[109.209,-7.421],[109.208,-7.4185],[109.2075,-7.4175],[109.2075,-7.417],[109.2085,-7.415],[109.2085,-7.4145],[109.2085,-7.4125],[109.2035,-7.4125],[109.202,-7.412],[109.203,-7.4115]]],[[[109.1975,-7.4085],[109.1965,-7.4085],[109.1965,-7.409],[109.195,-7.4095],[109.195,-7.41],[109.1945,-7.4105],[109.1935,-7.411],[109.1925,-7.412],[109.1925,-7.4125],[109.1945,-7.4125],[109.195,-7.4125],[109.1955,-7.413],[109.196,-7.413],[109.1965,-7.413],[109.1975,-7.4085]]]]},"properties":{"code":"33.02.25.1002","name":"Pasir Kidul"}},{"type":"Feature","geometry":{"type":"Polygon","coordinates":[[[109.2205,-7.4205],[109.209,-7.414],[109.2085,-7.4145],[109.2085,-7.415],[109.2075,-7.417],[109.2075,-7.4175],[109.208,-7.4185],[109.209,-7.421],[109.2085,-7.422],[109.2075,-7.4235],[109.208,-7.425],[109.209,-7.4265],[109.2095,-7.427],[109.21,-7.428],[109.212,-7.429],[109.215,-7.4275],[109.2155,-7.4275],[109.2155,-7.427],[109.215,-7.4265],[109.2155,-7.4245],[109.217,-7.423],[109.2175,-7.4205],[109.221,-7.4205],[109.2205,-7.4205]]]},"properties":{"code":"33.02.25.1003","name":"Rejasari"}},{"type":"Feature","geometry":{"type":"Polygon","coordinates":[[[109.216,-7.428],[109.215,-7.4275],[109.212,-7.429],[109.211,-7.429],[109.2115,-7.4305],[109.2115,-7.434],[109.212,-7.4345],[109.213,-7.435],[109.216,-7.4365],[109.218,-7.434],[109.2195,-7.432],[109.222,-7.431],[109.2245,-7.4315],[109.226,-7.432],[109.2245,-7.433],[109.2325,-7.4375],[109.235,-7.4375],[109.2345,-7.4375],[109.234,-7.4345],[109.2245,-7.4295],[109.223,-7.4295],[109.2205,-7.429],[109.2175,-7.4285],[109.2175,-7.428],[109.216,-7.428]]]},"properties":{"code":"33.02.25.1004","name":"Pasirmuncang"}},{"type":"Feature","geometry":{"type":"Polygon","coordinates":[[[109.224,-7.4205],[109.223,-7.4205],[109.2215,-7.4205],[109.2205,-7.4205],[109.221,-7.4205],[109.2175,-7.4205],[109.217,-7.423],[109.2155,-7.4245],[109.215,-7.4265],[109.2155,-7.427],[109.2155,-7.4275],[109.216,-7.428],[109.2175,-7.428],[109.2175,-7.4285],[109.2205,-7.429],[109.223,-7.4295],[109.2245,-7.429],[109.224,-7.424],[109.224,-7.4225],[109.224,-7.421],[109.224,-7.4205]]]},"properties":{"code":"33.02.25.1005","name":"Bantarsoka"}},{"type":"Feature","geometry":{"type":"Polygon","coordinates":[[[109.228,-7.4125],[109.2225,-7.409],[109.2215,-7.4095],[109.22,-7.41],[109.2175,-7.411],[109.217,-7.4115],[109.209,-7.4135],[109.209,-7.414],[109.2205,-7.4205],[109.2215,-7.4205],[109.223,-7.4205],[109.224,-7.4205],[109.2235,-7.4195],[109.2265,-7.414],[109.2275,-7.4135],[109.228,-7.4125]]]},"properties":{"code":"33.02.25.1006","name":"Kober"}},{"type":"Feature","geometry":{"type":"Polygon","coordinates":[[[109.2295,-7.4125],[109.2275,-7.4115],[109.228,-7.4125],[109.2275,-7.4135],[109.2265,-7.414],[109.2235,-7.4195],[109.2245,-7.421],[109.224,-7.4225],[109.224,-7.424],[109.2245,-7.429],[109.2245,-7.4295],[109.234,-7.4345],[109.2355,-7.4345],[109.23,-7.427],[109.2295,-7.427],[109.228,-7.4285],[109.2275,-7.426],[109.2315,-7.4185],[109.232,-7.418],[109.2335,-7.4165],[109.2335,-7.416],[109.2295,-7.4145],[109.23,-7.4135],[109.23,-7.413],[109.2295,-7.4125]]]},"properties":{"code":"33.02.25.1007","name":"Kedungwuluh"}},{"type":"Feature","geometry":{"type":"Polygon","coordinates":[[[109.2375,-7.4125],[109.2345,-7.4135],[109.23,-7.413],[109.23,-7.4135],[109.2295,-7.4145],[109.2335,-7.416],[109.2335,-7.4165],[109.232,-7.418],[109.2315,-7.4185],[109.2275,-7.426],[109.228,-7.4285],[109.2295,-7.427],[109.229,-7.4265],[109.229,-7.425],[109.232,-7.424],[109.232,-7.423],[109.2405,-7.4165],[109.241,-7.4145],[109.2375,-7.4125]]]},"properties":{"code":"33.02.26.1001","name":"Sokanegara"}},{"type":"Feature","geometry":{"type":"Polygon","coordinates":[[[109.237,-7.4365],[109.239,-7.4345],[109.24,-7.429],[109.2405,-7.4275],[109.2425,-7.4165],[109.2405,-7.4165],[109.2405,-7.416],[109.2405,-7.4165],[109.232,-7.423],[109.232,-7.424],[109.229,-7.425],[109.229,-7.4265],[109.23,-7.427],[109.2355,-7.4345],[109.2355,-7.436],[109.237,-7.4365]]]},"properties":{"code":"33.02.26.1002","name":"Kranji"}},{"type":"Feature","geometry":{"type":"Polygon","coordinates":[[[109.2515,-7.415],[109.25,-7.4175],[109.2425,-7.4165],[109.2405,-7.4275],[109.2405,-7.428],[109.241,-7.428],[109.25,-7.4275],[109.2525,-7.419],[109.2525,-7.4175],[109.2515,-7.4165],[109.2515,-7.415]]]},"properties":{"code":"33.02.26.1003","name":"Purwokerto Lor"}},{"type":"Feature","geometry":{"type":"Polygon","coordinates":[[[109.259,-7.4225],[109.2585,-7.422],[109.257,-7.42],[109.255,-7.419],[109.2525,-7.4185],[109.2525,-7.419],[109.25,-7.4275],[109.2555,-7.428],[109.2585,-7.433],[109.263,-7.4325],[109.2625,-7.4305],[109.26,-7.424],[109.259,-7.4225]]]},"properties":{"code":"33.02.26.1004","name":"Purwokerto Wetan"}},{"type":"Feature","geometry":{"type":"Polygon","coordinates":[[[109.268,-7.42],[109.265,-7.42],[109.265,-7.4215],[109.263,-7.42],[109.259,-7.4215],[109.259,-7.4225],[109.26,-7.424],[109.2625,-7.4305],[109.2635,-7.432],[109.2655,-7.4355],[109.2685,-7.437],[109.269,-7.436],[109.2695,-7.435],[109.2715,-7.4345],[109.273,-7.434],[109.274,-7.4335],[109.2745,-7.4335],[109.274,-7.4325],[109.2725,-7.4325],[109.272,-7.429],[109.2705,-7.428],[109.267,-7.4215],[109.2675,-7.421],[109.268,-7.42]]]},"properties":{"code":"33.02.26.1005","name":"Mersi"}},{"type":"Feature","geometry":{"type":"Polygon","coordinates":[[[109.268,-7.42],[109.268,-7.4195],[109.268,-7.419],[109.267,-7.418],[109.2635,-7.4115],[109.262,-7.4095],[109.2615,-7.4075],[109.2585,-7.41],[109.2575,-7.4125],[109.2525,-7.4135],[109.2515,-7.414],[109.251,-7.4145],[109.2515,-7.4165],[109.2525,-7.4175],[109.2525,-7.4185],[109.255,-7.419],[109.257,-7.42],[109.2585,-7.422],[109.259,-7.4215],[109.263,-7.42],[109.265,-7.4215],[109.265,-7.42],[109.268,-7.42]]]},"properties":{"code":"33.02.26.1006","name":"Arcawinangun"}},{"type":"Feature","geometry":{"type":"Polygon","coordinates":[[[109.234,-7.3985],[109.2315,-7.397],[109.228,-7.3965],[109.2255,-7.3965],[109.2255,-7.398],[109.2255,-7.3985],[109.2265,-7.4],[109.226,-7.402],[109.2285,-7.407],[109.227,-7.409],[109.2275,-7.4115],[109.2295,-7.4125],[109.2345,-7.4135],[109.2375,-7.4125],[109.2375,-7.4075],[109.2375,-7.406],[109.234,-7.3985]]]},"properties":{"code":"33.02.27.1001","name":"Purwanegara"}},{"type":"Feature","geometry":{"type":"Polygon","coordinates":[[[109.25,-7.4115],[109.2485,-7.4115],[109.2455,-7.406],[109.245,-7.404],[109.2445,-7.405],[109.2445,-7.4065],[109.244,-7.409],[109.2385,-7.4075],[109.238,-7.407],[109.2375,-7.407],[109.2375,-7.4075],[109.2375,-7.4125],[109.241,-7.4145],[109.2405,-7.416],[109.2405,-7.4165],[109.25,-7.4175],[109.2515,-7.415],[109.251,-7.4145],[109.2515,-7.414],[109.2505,-7.4125],[109.25,-7.4125],[109.25,-7.4115]]]},"properties":{"code":"33.02.27.1002","name":"Bancarkembar"}},{"type":"Feature","geometry":{"type":"Polygon","coordinates":[[[109.245,-7.4],[109.2445,-7.4],[109.2445,-7.3985],[109.2445,-7.3975],[109.2415,-7.396],[109.242,-7.389],[109.24,-7.3895],[109.237,-7.389],[109.2375,-7.3905],[109.235,-7.3915],[109.2345,-7.3985],[109.234,-7.3985],[109.2375,-7.406],[109.2375,-7.407],[109.238,-7.407],[109.2385,-7.4075],[109.244,-7.409],[109.2445,-7.4065],[109.2445,-7.405],[109.245,-7.404],[109.245,-7.4]]]},"properties":{"code":"33.02.27.1003","name":"Sumampir"}},{"type":"Feature","geometry":{"type":"Polygon","coordinates":[[[109.246,-7.383],[109.2375,-7.383],[109.2365,-7.385],[109.237,-7.387],[109.237,-7.389],[109.24,-7.3895],[109.242,-7.389],[109.2415,-7.396],[109.2445,-7.3975],[109.2445,-7.3985],[109.2445,-7.4],[109.245,-7.4],[109.245,-7.3975],[109.251,-7.397],[109.25,-7.394],[109.2465,-7.391],[109.2465,-7.3905],[109.2455,-7.3875],[109.2465,-7.387],[109.2465,-7.385],[109.246,-7.383]]]},"properties":{"code":"33.02.27.1004","name":"Pabuwaran"}},{"type":"Feature","geometry":{"type":"Polygon","coordinates":[[[109.2545,-7.398],[109.251,-7.397],[109.245,-7.3975],[109.2455,-7.406],[109.2485,-7.4115],[109.252,-7.4115],[109.256,-7.4015],[109.2555,-7.4],[109.2545,-7.3995],[109.2545,-7.398]]]},"properties":{"code":"33.02.27.1005","name":"Grendeng"}},{"type":"Feature","geometry":{"type":"Polygon","coordinates":[[[109.2605,-7.407],[109.2575,-7.4045],[109.256,-7.4015],[109.252,-7.4115],[109.25,-7.4115],[109.25,-7.4125],[109.2505,-7.4125],[109.2525,-7.4135],[109.2575,-7.4125],[109.2585,-7.41],[109.2615,-7.4075],[109.2605,-7.407]]]},"properties":{"code":"33.02.27.1006","name":"Karangwangkal"}},{"type":"Feature","geometry":{"type":"Polygon","coordinates":[[[109.226,-7.399],[109.2205,-7.3975],[109.218,-7.409],[109.2175,-7.411],[109.22,-7.41],[109.2215,-7.4095],[109.2225,-7.409],[109.227,-7.409],[109.2285,-7.407],[109.226,-7.402],[109.2265,-7.4],[109.226,-7.399]]]},"properties":{"code":"33.02.27.1007","name":"Bobosan"}}]}