{"type":"FeatureCollection","features":[{"type":"Feature","geometry":{"type":"Polygon","coordinates":[[[113.383,-7.189],[113.3815,-7.1885],[113.377,-7.1875],[113.375,-7.1915],[113.372,-7.1955],[113.3765,-7.199],[113.377,-7.202],[113.3805,-7.1935],[113.381,-7.19],[113.383,-7.189]]]},"properties":{"code":"35.28.01.2001","name":"Dabuan","latitude":-7.197528799280089,"longitude":113.3779850754123}},{"type":"Feature","geometry":{"type":"Polygon","coordinates":[[[113.4025,-7.1965],[113.4025,-7.196],[113.4085,-7.184],[113.396,-7.179],[113.3945,-7.1695],[113.394,-7.169],[113.394,-7.1695],[113.384,-7.174],[113.383,-7.1745],[113.3825,-7.175],[113.382,-7.1745],[113.3815,-7.175],[113.3815,-7.1765],[113.3815,-7.177],[113.3775,-7.186],[113.377,-7.1875],[113.3815,-7.1885],[113.385,-7.1895],[113.386,-7.19],[113.387,-7.1875],[113.388,-7.185],[113.3925,-7.1815],[113.4025,-7.1965]]]},"properties":{"code":"35.28.01.2002","name":"Terrak","latitude":-7.182946385470003,"longitude":113.39312948497847}},{"type":"Feature","geometry":{"type":"Polygon","coordinates":[[[113.4025,-7.1965],[113.3925,-7.1815],[113.388,-7.185],[113.387,-7.1875],[113.386,-7.19],[113.3885,-7.1975],[113.389,-7.1975],[113.3905,-7.1985],[113.397,-7.2035],[113.398,-7.204],[113.3985,-7.2045],[113.3995,-7.2045],[113.4,-7.2025],[113.4005,-7.201],[113.4015,-7.2005],[113.402,-7.1985],[113.4015,-7.1975],[113.4025,-7.1965]]]},"properties":{"code":"35.28.01.2003","name":"Mangar","latitude":-7.1925722885379635,"longitude":113.39386272379228}},{"type":"Feature","geometry":{"type":"Polygon","coordinates":[[[113.4085,-7.201],[113.402,-7.198],[113.402,-7.1985],[113.4015,-7.2005],[113.4005,-7.201],[113.4,-7.2025],[113.3995,-7.2045],[113.3985,-7.2045],[113.398,-7.204],[113.397,-7.2035],[113.396,-7.2055],[113.395,-7.206],[113.394,-7.209],[113.3935,-7.2125],[113.3945,-7.213],[113.394,-7.214],[113.3935,-7.2175],[113.399,-7.218],[113.408,-7.201],[113.4085,-7.201]]]},"properties":{"code":"35.28.01.2004","name":"Bandaran","latitude":-7.207748164060999,"longitude":113.40062600591416}},{"type":"Feature","geometry":{"type":"Polygon","coordinates":[[[113.417,-7.2015],[113.416,-7.201],[113.4105,-7.201],[113.408,-7.201],[113.399,-7.218],[113.4105,-7.2175],[113.4145,-7.208],[113.417,-7.207],[113.4165,-7.2045],[113.417,-7.203],[113.417,-7.202],[113.417,-7.2015]]]},"properties":{"code":"35.28.01.2005","name":"Kramat","latitude":-7.20971368715885,"longitude":113.40903296205447}},{"type":"Feature","geometry":{"type":"Polygon","coordinates":[[[113.4235,-7.2045],[113.423,-7.2045],[113.422,-7.2035],[113.419,-7.199],[113.4175,-7.2005],[113.4175,-7.2015],[113.417,-7.2015],[113.417,-7.202],[113.417,-7.203],[113.4165,-7.2045],[113.417,-7.207],[113.4145,-7.208],[113.4105,-7.2175],[113.418,-7.221],[113.4365,-7.2205],[113.4235,-7.2045]]]},"properties":{"code":"35.28.01.2006","name":"Ambat","latitude":-7.2128191551924665,"longitude":113.4231789471839}},{"type":"Feature","geometry":{"type":"Polygon","coordinates":[[[113.452,-7.221],[113.452,-7.2195],[113.4535,-7.217],[113.4535,-7.216],[113.448,-7.218],[113.4455,-7.2205],[113.452,-7.221]]]},"properties":{"code":"35.28.01.2007","name":"Branta Pesisir","latitude":-7.219333117959562,"longitude":113.45007465043673}},{"type":"Feature","geometry":{"type":"Polygon","coordinates":[[[113.4555,-7.2135],[113.455,-7.213],[113.454,-7.2125],[113.4515,-7.2115],[113.4495,-7.2105],[113.4495,-7.2085],[113.4475,-7.2095],[113.4365,-7.21],[113.4335,-7.2045],[113.435,-7.2015],[113.433,-7.2],[113.4315,-7.2],[113.4305,-7.201],[113.4245,-7.2035],[113.4235,-7.2045],[113.4365,-7.2205],[113.4455,-7.2205],[113.448,-7.218],[113.4535,-7.216],[113.4535,-7.2155],[113.4545,-7.2155],[113.4545,-7.214],[113.455,-7.214],[113.4555,-7.2135]]]},"properties":{"code":"35.28.01.2008","name":"Tlanakan","latitude":-7.212069553917409,"longitude":113.43969297347925}},{"type":"Feature","geometry":{"type":"Polygon","coordinates":[[[113.461,-7.201],[113.459,-7.2005],[113.4555,-7.1995],[113.455,-7.2015],[113.456,-7.211],[113.456,-7.213],[113.455,-7.214],[113.4545,-7.214],[113.4545,-7.2155],[113.4535,-7.2155],[113.4535,-7.217],[113.452,-7.2195],[113.452,-7.221],[113.469,-7.222],[113.468,-7.2205],[113.467,-7.22],[113.4605,-7.216],[113.461,-7.201]]]},"properties":{"code":"35.28.01.2009","name":"Branta Tinggi","latitude":-7.213151902425701,"longitude":113.45794550971618}},{"type":"Feature","geometry":{"type":"Polygon","coordinates":[[[113.477,-7.2165],[113.4675,-7.219],[113.468,-7.2205],[113.469,-7.222],[113.4755,-7.2195],[113.477,-7.2165]]]},"properties":{"code":"35.28.01.2010","name":"Tlesah","latitude":-7.218661448581026,"longitude":113.4726393148134}},{"type":"Feature","geometry":{"type":"Polygon","coordinates":[[[113.4725,-7.1965],[113.463,-7.201],[113.461,-7.201],[113.4605,-7.216],[113.467,-7.22],[113.4675,-7.219],[113.477,-7.2165],[113.4815,-7.211],[113.4825,-7.209],[113.4825,-7.208],[113.482,-7.2075],[113.48,-7.207],[113.4795,-7.205],[113.4775,-7.2045],[113.472,-7.1975],[113.4725,-7.1965]]]},"properties":{"code":"35.28.01.2011","name":"Larangan Tokol","latitude":-7.208694817466149,"longitude":113.46943526728583}},{"type":"Feature","geometry":{"type":"Polygon","coordinates":[[[113.4865,-7.1895],[113.4795,-7.1875],[113.4775,-7.192],[113.476,-7.1955],[113.4725,-7.1955],[113.472,-7.1975],[113.4775,-7.2045],[113.4795,-7.205],[113.48,-7.207],[113.482,-7.2075],[113.4825,-7.208],[113.484,-7.201],[113.4855,-7.195],[113.485,-7.1935],[113.486,-7.1905],[113.4865,-7.1895]]]},"properties":{"code":"35.28.01.2012","name":"Ceguk","latitude":-7.197148426780597,"longitude":113.48043336354363}},{"type":"Feature","geometry":{"type":"Polygon","coordinates":[[[113.4745,-7.1825],[113.463,-7.1845],[113.4635,-7.1865],[113.463,-7.1885],[113.4595,-7.194],[113.4545,-7.194],[113.455,-7.1965],[113.4545,-7.1985],[113.4555,-7.1995],[113.459,-7.2005],[113.463,-7.201],[113.4725,-7.1965],[113.4725,-7.1955],[113.476,-7.1955],[113.4775,-7.192],[113.4795,-7.1875],[113.479,-7.183],[113.477,-7.1835],[113.4745,-7.1825]]]},"properties":{"code":"35.28.01.2013","name":"Panglegur","latitude":-7.191587282896637,"longitude":113.46825832570855}},{"type":"Feature","geometry":{"type":"Polygon","coordinates":[[[113.4585,-7.1795],[113.4575,-7.178],[113.4565,-7.1775],[113.4555,-7.179],[113.4545,-7.1795],[113.4535,-7.1795],[113.4535,-7.1805],[113.451,-7.186],[113.4475,-7.193],[113.4525,-7.194],[113.455,-7.194],[113.457,-7.1945],[113.4595,-7.194],[113.463,-7.1885],[113.4635,-7.1865],[113.463,-7.1855],[113.462,-7.186],[113.46,-7.1855],[113.4595,-7.185],[113.46,-7.1835],[113.459,-7.181],[113.4585,-7.1795]]]},"properties":{"code":"35.28.01.2014","name":"Bukek","latitude":-7.187672930724316,"longitude":113.45572288432477}},{"type":"Feature","geometry":{"type":"Polygon","coordinates":[[[113.4475,-7.193],[113.433,-7.1915],[113.432,-7.1995],[113.4315,-7.2],[113.433,-7.2],[113.435,-7.2015],[113.4335,-7.2045],[113.4365,-7.21],[113.4475,-7.2095],[113.4495,-7.2085],[113.4495,-7.2105],[113.4515,-7.2115],[113.454,-7.2125],[113.455,-7.213],[113.4555,-7.2135],[113.456,-7.213],[113.456,-7.211],[113.455,-7.2015],[113.4545,-7.1985],[113.455,-7.1965],[113.4545,-7.194],[113.4525,-7.194],[113.4475,-7.193]]]},"properties":{"code":"35.28.01.2015","name":"Gugul","latitude":-7.200744339406241,"longitude":113.44409194606385}},{"type":"Feature","geometry":{"type":"Polygon","coordinates":[[[113.4025,-7.171],[113.394,-7.1685],[113.394,-7.169],[113.3945,-7.1695],[113.396,-7.179],[113.4085,-7.184],[113.4025,-7.196],[113.4015,-7.1975],[113.402,-7.198],[113.4085,-7.201],[113.4105,-7.201],[113.416,-7.201],[113.4175,-7.2015],[113.4175,-7.2005],[113.419,-7.199],[113.422,-7.2035],[113.423,-7.2045],[113.4235,-7.2045],[113.4245,-7.2035],[113.4305,-7.201],[113.432,-7.1995],[113.433,-7.1915],[113.4475,-7.193],[113.451,-7.186],[113.4535,-7.1805],[113.4535,-7.1795],[113.451,-7.1795],[113.4495,-7.177],[113.448,-7.178],[113.443,-7.1755],[113.4425,-7.175],[113.442,-7.175],[113.4405,-7.1775],[113.434,-7.18],[113.4285,-7.18],[113.4215,-7.178],[113.418,-7.177],[113.4155,-7.176],[113.411,-7.1735],[113.4025,-7.171]]]},"properties":{"code":"35.28.01.2016","name":"Larangan Slampar","latitude":-7.186222265237664,"longitude":113.42199689008443}},{"type":"Feature","geometry":{"type":"Polygon","coordinates":[[[113.438,-7.1615],[113.4365,-7.161],[113.433,-7.161],[113.432,-7.163],[113.4315,-7.164],[113.4325,-7.1665],[113.436,-7.165],[113.4365,-7.1705],[113.4365,-7.1725],[113.4375,-7.1725],[113.434,-7.175],[113.4305,-7.18],[113.434,-7.18],[113.4405,-7.1775],[113.442,-7.175],[113.4425,-7.175],[113.443,-7.1755],[113.448,-7.178],[113.4495,-7.177],[113.449,-7.1765],[113.443,-7.163],[113.4385,-7.162],[113.438,-7.1615]]]},"properties":{"code":"35.28.01.2017","name":"Taro'an","latitude":-7.170701433559244,"longitude":113.44039462180936}},{"type":"Feature","geometry":{"type":"Polygon","coordinates":[[[113.499,-7.1605],[113.4945,-7.161],[113.494,-7.1615],[113.4935,-7.161],[113.4895,-7.1605],[113.4865,-7.163],[113.485,-7.1665],[113.4855,-7.1665],[113.485,-7.169],[113.4855,-7.1705],[113.485,-7.173],[113.4855,-7.1735],[113.4855,-7.1745],[113.486,-7.175],[113.4895,-7.1745],[113.4915,-7.1745],[113.497,-7.167],[113.4965,-7.167],[113.497,-7.166],[113.499,-7.162],[113.4995,-7.1605],[113.499,-7.1605]]]},"properties":{"code":"35.28.02.1018","name":"Barurambat Timur","latitude":-7.167058930014618,"longitude":113.49154610754479}},{"type":"Feature","geometry":{"type":"Polygon","coordinates":[[[113.495,-7.146],[113.493,-7.1455],[113.491,-7.149],[113.4905,-7.1485],[113.4865,-7.154],[113.486,-7.156],[113.489,-7.16],[113.4935,-7.161],[113.494,-7.1615],[113.4945,-7.161],[113.499,-7.1605],[113.502,-7.1555],[113.5035,-7.1515],[113.5035,-7.149],[113.503,-7.148],[113.5035,-7.1475],[113.501,-7.147],[113.4985,-7.1465],[113.4975,-7.147],[113.495,-7.147],[113.495,-7.146]]]},"properties":{"code":"35.28.02.1019","name":"Lawangan Daya","latitude":-7.153462088711206,"longitude":113.49549692022681}},{"type":"Feature","geometry":{"type":"Polygon","coordinates":[[[113.5575,-7.215],[113.548,-7.2105],[113.5445,-7.2095],[113.53,-7.205],[113.527,-7.2135],[113.5265,-7.215],[113.526,-7.215],[113.5255,-7.217],[113.527,-7.2195],[113.534,-7.227],[113.534,-7.2305],[113.536,-7.2345],[113.536,-7.2355],[113.55,-7.233],[113.5575,-7.215]]]},"properties":{"code":"35.28.02.2001","name":"Tanjung","latitude":-7.220428534904335,"longitude":113.54096772202936}},{"type":"Feature","geometry":{"type":"Polygon","coordinates":[[[113.5255,-7.2195],[113.524,-7.219],[113.5205,-7.2215],[113.5195,-7.2435],[113.5195,-7.244],[113.522,-7.2435],[113.5225,-7.244],[113.5225,-7.2445],[113.536,-7.2355],[113.536,-7.2345],[113.534,-7.2305],[113.534,-7.227],[113.527,-7.2195],[113.5255,-7.2195]]]},"properties":{"code":"35.28.02.2002","name":"Padelegan","latitude":-7.232661726312466,"longitude":113.52707270718567}},{"type":"Feature","geometry":{"type":"Polygon","coordinates":[[[113.5205,-7.2215],[113.5185,-7.2225],[113.517,-7.2215],[113.5185,-7.2215],[113.5175,-7.218],[113.515,-7.216],[113.5145,-7.2145],[113.514,-7.2135],[113.5145,-7.212],[113.515,-7.21],[113.515,-7.2075],[113.514,-7.2065],[113.513,-7.2055],[113.513,-7.204],[113.51,-7.205],[113.5095,-7.205],[113.5085,-7.2095],[113.5085,-7.21],[113.509,-7.2125],[113.5085,-7.2165],[113.5095,-7.2185],[113.509,-7.22],[113.5105,-7.2245],[113.5115,-7.2255],[113.511,-7.2255],[113.5115,-7.227],[113.511,-7.228],[113.511,-7.2305],[113.511,-7.2315],[113.5115,-7.237],[113.5095,-7.241],[113.509,-7.254],[113.5145,-7.2525],[113.52,-7.249],[113.5225,-7.2445],[113.5225,-7.244],[113.522,-7.2435],[113.5195,-7.244],[113.5195,-7.2435],[113.5205,-7.2215]]]},"properties":{"code":"35.28.02.2003","name":"Majungan","latitude":-7.230818455392073,"longitude":113.51511877814572}},{"type":"Feature","geometry":{"type":"Polygon","coordinates":[[[113.5025,-7.2235],[113.499,-7.2225],[113.4925,-7.2225],[113.4925,-7.223],[113.5115,-7.237],[113.511,-7.2315],[113.511,-7.2305],[113.511,-7.228],[113.5115,-7.227],[113.5115,-7.2265],[113.509,-7.2275],[113.508,-7.227],[113.5065,-7.227],[113.505,-7.2265],[113.5025,-7.2235]]]},"properties":{"code":"35.28.02.2004","name":"Pagagan","latitude":-7.236518993185271,"longitude":113.50448332421479}},{"type":"Feature","geometry":{"type":"Polygon","coordinates":[[[113.5085,-7.21],[113.5,-7.2035],[113.4995,-7.2035],[113.4965,-7.2055],[113.495,-7.2065],[113.4945,-7.2075],[113.4935,-7.2075],[113.4915,-7.2065],[113.488,-7.2055],[113.4885,-7.207],[113.488,-7.2105],[113.49,-7.218],[113.4925,-7.2215],[113.4925,-7.2225],[113.499,-7.2225],[113.5025,-7.2235],[113.505,-7.2265],[113.5065,-7.227],[113.508,-7.227],[113.509,-7.2275],[113.5115,-7.2265],[113.511,-7.2255],[113.5115,-7.2255],[113.5105,-7.2245],[113.509,-7.22],[113.5095,-7.2185],[113.5085,-7.2165],[113.509,-7.2125],[113.5085,-7.21]]]},"properties":{"code":"35.28.02.2005","name":"Jarin","latitude":-7.2151327700539,"longitude":113.49988862976923}},{"type":"Feature","geometry":{"type":"Polygon","coordinates":[[[113.4855,-7.2055],[113.483,-7.2055],[113.4825,-7.209],[113.4815,-7.211],[113.477,-7.2165],[113.4755,-7.2195],[113.4925,-7.223],[113.4925,-7.2215],[113.49,-7.218],[113.488,-7.2105],[113.4885,-7.207],[113.4885,-7.206],[113.4855,-7.2055]]]},"properties":{"code":"35.28.02.2006","name":"Baddurih","latitude":-7.217728355877116,"longitude":113.48396904847631}},{"type":"Feature","geometry":{"type":"Polygon","coordinates":[[[113.489,-7.189],[113.4885,-7.188],[113.486,-7.1905],[113.485,-7.1935],[113.4855,-7.195],[113.484,-7.201],[113.483,-7.2055],[113.4855,-7.2055],[113.487,-7.2015],[113.491,-7.1915],[113.49,-7.191],[113.489,-7.189]]]},"properties":{"code":"35.28.02.2007","name":"Buddih","latitude":-7.196409414293565,"longitude":113.48684045983059}},{"type":"Feature","geometry":{"type":"Polygon","coordinates":[[[113.495,-7.1935],[113.492,-7.1915],[113.491,-7.1915],[113.487,-7.2015],[113.4885,-7.206],[113.488,-7.2055],[113.4915,-7.2065],[113.4935,-7.2075],[113.4945,-7.2075],[113.495,-7.2065],[113.495,-7.205],[113.494,-7.2015],[113.4965,-7.1955],[113.496,-7.195],[113.4955,-7.195],[113.496,-7.1945],[113.496,-7.194],[113.495,-7.1935]]]},"properties":{"code":"35.28.02.2008","name":"Sopa'ah","latitude":-7.199972026375633,"longitude":113.49136145418291}},{"type":"Feature","geometry":{"type":"Polygon","coordinates":[[[113.4995,-7.2035],[113.4985,-7.197],[113.4975,-7.196],[113.498,-7.196],[113.497,-7.1955],[113.497,-7.1945],[113.496,-7.194],[113.496,-7.1945],[113.4955,-7.195],[113.496,-7.195],[113.4965,-7.1955],[113.494,-7.2015],[113.495,-7.205],[113.4965,-7.2055],[113.4995,-7.2035]]]},"properties":{"code":"35.28.02.2009","name":"Prekbun","latitude":-7.200927547891801,"longitude":113.49718322034073}},{"type":"Feature","geometry":{"type":"Polygon","coordinates":[[[113.5115,-7.1885],[113.4975,-7.1865],[113.4965,-7.1855],[113.496,-7.1855],[113.496,-7.1865],[113.495,-7.1935],[113.497,-7.1945],[113.497,-7.1955],[113.498,-7.196],[113.4975,-7.196],[113.4985,-7.197],[113.4995,-7.2035],[113.5,-7.2035],[113.5085,-7.21],[113.5085,-7.2095],[113.5095,-7.205],[113.5085,-7.2055],[113.5115,-7.1885]]]},"properties":{"code":"35.28.02.2010","name":"Durbuk","latitude":-7.195453122862247,"longitude":113.50408146865813}},{"type":"Feature","geometry":{"type":"Polygon","coordinates":[[[113.5215,-7.176],[113.5195,-7.175],[113.5195,-7.1745],[113.5155,-7.173],[113.516,-7.176],[113.514,-7.1835],[113.513,-7.184],[113.5115,-7.1885],[113.5085,-7.2055],[113.51,-7.205],[113.513,-7.204],[113.525,-7.1945],[113.532,-7.2015],[113.5325,-7.1995],[113.532,-7.1955],[113.532,-7.1935],[113.5205,-7.181],[113.5215,-7.176]]]},"properties":{"code":"35.28.02.2011","name":"Pademawu Barat","latitude":-7.191651636262578,"longitude":113.5187962178722}},{"type":"Feature","geometry":{"type":"Polygon","coordinates":[[[113.5405,-7.191],[113.532,-7.1955],[113.5325,-7.1995],[113.532,-7.2015],[113.525,-7.1945],[113.513,-7.204],[113.513,-7.2055],[113.514,-7.2065],[113.515,-7.2075],[113.515,-7.21],[113.5145,-7.212],[113.514,-7.2135],[113.5145,-7.2145],[113.515,-7.216],[113.5175,-7.218],[113.5185,-7.2215],[113.517,-7.2215],[113.5185,-7.2225],[113.5205,-7.2215],[113.524,-7.219],[113.5255,-7.2195],[113.527,-7.2195],[113.5255,-7.217],[113.526,-7.215],[113.5265,-7.215],[113.527,-7.2135],[113.53,-7.205],[113.5445,-7.2095],[113.548,-7.2105],[113.5575,-7.215],[113.5575,-7.204],[113.5555,-7.206],[113.55,-7.205],[113.548,-7.2],[113.5425,-7.194],[113.5405,-7.191]]]},"properties":{"code":"35.28.02.2012","name":"Pademawu Timur","latitude":-7.2059940034872945,"longitude":113.53414282828916}},{"type":"Feature","geometry":{"type":"Polygon","coordinates":[[[113.5445,-7.1735],[113.536,-7.1705],[113.536,-7.172],[113.53,-7.177],[113.5295,-7.177],[113.523,-7.173],[113.522,-7.173],[113.5215,-7.175],[113.5205,-7.181],[113.532,-7.1935],[113.532,-7.1955],[113.5405,-7.191],[113.54,-7.1885],[113.542,-7.178],[113.5435,-7.177],[113.5435,-7.1765],[113.5445,-7.174],[113.5445,-7.1735]]]},"properties":{"code":"35.28.02.2013","name":"Bunder","latitude":-7.182625565081131,"longitude":113.5312531541068}},{"type":"Feature","geometry":{"type":"Polygon","coordinates":[[[113.52,-7.1575],[113.5145,-7.159],[113.508,-7.16],[113.508,-7.1615],[113.522,-7.1725],[113.523,-7.173],[113.5295,-7.177],[113.53,-7.177],[113.536,-7.172],[113.536,-7.1705],[113.53,-7.1665],[113.53,-7.163],[113.529,-7.1625],[113.525,-7.1585],[113.52,-7.158],[113.52,-7.1575]]]},"properties":{"code":"35.28.02.2014","name":"Dasok","latitude":-7.166441177177442,"longitude":113.52348933036991}},{"type":"Feature","geometry":{"type":"Polygon","coordinates":[[[113.508,-7.1615],[113.5015,-7.172],[113.499,-7.1725],[113.499,-7.176],[113.5025,-7.1795],[113.504,-7.179],[113.507,-7.176],[113.508,-7.1765],[113.5135,-7.1835],[113.514,-7.1835],[113.516,-7.176],[113.5155,-7.173],[113.5195,-7.1745],[113.5195,-7.175],[113.5215,-7.176],[113.5215,-7.175],[113.522,-7.173],[113.522,-7.1725],[113.508,-7.1615]]]},"properties":{"code":"35.28.02.2015","name":"Murtajih","latitude":-7.171855967174405,"longitude":113.51014431231413}},{"type":"Feature","geometry":{"type":"Polygon","coordinates":[[[113.5135,-7.1835],[113.508,-7.1765],[113.507,-7.176],[113.504,-7.179],[113.5025,-7.1795],[113.502,-7.1785],[113.5015,-7.1795],[113.4955,-7.1795],[113.496,-7.1815],[113.4965,-7.185],[113.496,-7.1855],[113.4965,-7.1855],[113.4975,-7.1865],[113.5115,-7.1885],[113.513,-7.184],[113.5135,-7.1835]]]},"properties":{"code":"35.28.02.2016","name":"Sumedangan","latitude":-7.183442281417142,"longitude":113.50441242725678}},{"type":"Feature","geometry":{"type":"Polygon","coordinates":[[[113.499,-7.1725],[113.4985,-7.1725],[113.498,-7.167],[113.497,-7.167],[113.4915,-7.1745],[113.492,-7.1745],[113.493,-7.1755],[113.4945,-7.1775],[113.4955,-7.1785],[113.4955,-7.179],[113.4955,-7.1795],[113.5015,-7.1795],[113.5015,-7.179],[113.502,-7.1785],[113.499,-7.176],[113.499,-7.1725]]]},"properties":{"code":"35.28.02.2017","name":"Lemper","latitude":-7.174257830840107,"longitude":113.49678204531646}},{"type":"Feature","geometry":{"type":"Polygon","coordinates":[[[113.515,-7.129],[113.499,-7.1335],[113.495,-7.146],[113.495,-7.147],[113.4975,-7.147],[113.4985,-7.1465],[113.501,-7.147],[113.5035,-7.1475],[113.503,-7.148],[113.5035,-7.1485],[113.5035,-7.148],[113.507,-7.148],[113.5135,-7.1445],[113.5135,-7.144],[113.514,-7.144],[113.515,-7.129]]]},"properties":{"code":"35.28.02.2020","name":"Sentol","latitude":-7.138750825616262,"longitude":113.50612490988657}},{"type":"Feature","geometry":{"type":"Polygon","coordinates":[[[113.5245,-7.1455],[113.5245,-7.144],[113.52,-7.146],[113.518,-7.146],[113.515,-7.145],[113.514,-7.144],[113.5135,-7.1445],[113.507,-7.148],[113.5055,-7.148],[113.5145,-7.159],[113.52,-7.1575],[113.5205,-7.155],[113.5245,-7.1455]]]},"properties":{"code":"35.28.02.2021","name":"Tambung","latitude":-7.150818433002901,"longitude":113.51529530503309}},{"type":"Feature","geometry":{"type":"Polygon","coordinates":[[[113.5055,-7.148],[113.5035,-7.148],[113.5035,-7.1485],[113.5035,-7.149],[113.5035,-7.1515],[113.502,-7.1555],[113.499,-7.1605],[113.4995,-7.1605],[113.499,-7.162],[113.497,-7.166],[113.4965,-7.167],[113.498,-7.167],[113.4985,-7.1725],[113.5015,-7.172],[113.508,-7.1615],[113.508,-7.16],[113.5145,-7.159],[113.5055,-7.148]]]},"properties":{"code":"35.28.02.2022","name":"Buddagan","latitude":-7.160298152453594,"longitude":113.50419288126734}},{"type":"Feature","geometry":{"type":"Polygon","coordinates":[[[113.531,-7.148],[113.528,-7.1475],[113.5245,-7.1455],[113.5205,-7.155],[113.52,-7.158],[113.525,-7.1585],[113.531,-7.148]]]},"properties":{"code":"35.28.03.2001","name":"Tobungan","latitude":-7.15254989170644,"longitude":113.52610524248792}},{"type":"Feature","geometry":{"type":"Polygon","coordinates":[[[113.541,-7.144],[113.5365,-7.144],[113.536,-7.144],[113.5355,-7.1455],[113.534,-7.146],[113.5335,-7.147],[113.531,-7.148],[113.525,-7.1585],[113.529,-7.1625],[113.53,-7.163],[113.53,-7.1665],[113.536,-7.1705],[113.5445,-7.1735],[113.5475,-7.1605],[113.545,-7.1645],[113.5445,-7.1645],[113.5435,-7.1635],[113.541,-7.144]]]},"properties":{"code":"35.28.03.2002","name":"Konang","latitude":-7.15914215582316,"longitude":113.53721856587651}},{"type":"Feature","geometry":{"type":"Polygon","coordinates":[[[113.554,-7.163],[113.5475,-7.1605],[113.5445,-7.1735],[113.5445,-7.174],[113.5435,-7.1765],[113.5435,-7.177],[113.542,-7.178],[113.54,-7.1885],[113.5425,-7.194],[113.548,-7.2],[113.55,-7.205],[113.5555,-7.206],[113.5575,-7.204],[113.565,-7.1965],[113.5665,-7.182],[113.5635,-7.1805],[113.5655,-7.174],[113.554,-7.163]]]},"properties":{"code":"35.28.03.2003","name":"Pandan","latitude":-7.184326166631893,"longitude":113.55284550382962}},{"type":"Feature","geometry":{"type":"Polygon","coordinates":[[[113.5735,-7.1625],[113.5715,-7.16],[113.5705,-7.1575],[113.5635,-7.155],[113.554,-7.163],[113.5655,-7.174],[113.5635,-7.1805],[113.5665,-7.182],[113.571,-7.179],[113.5735,-7.1625]]]},"properties":{"code":"35.28.03.2004","name":"Lembung","latitude":-7.1675493266417005,"longitude":113.56561477492541}},{"type":"Feature","geometry":{"type":"Polygon","coordinates":[[[113.5545,-7.1435],[113.552,-7.1435],[113.552,-7.1485],[113.55,-7.153],[113.547,-7.153],[113.547,-7.1535],[113.5475,-7.1605],[113.554,-7.163],[113.5635,-7.155],[113.5545,-7.1455],[113.5545,-7.1435]]]},"properties":{"code":"35.28.03.2005","name":"Galis","latitude":-7.154862649712606,"longitude":113.55502628687167}},{"type":"Feature","geometry":{"type":"Polygon","coordinates":[[[113.551,-7.137],[113.549,-7.137],[113.5465,-7.1365],[113.546,-7.135],[113.545,-7.135],[113.542,-7.1355],[113.5405,-7.1415],[113.541,-7.1435],[113.541,-7.144],[113.5435,-7.1635],[113.5445,-7.1645],[113.545,-7.1645],[113.5475,-7.1605],[113.547,-7.1535],[113.547,-7.153],[113.55,-7.153],[113.552,-7.1485],[113.552,-7.1435],[113.5545,-7.1435],[113.554,-7.1415],[113.555,-7.1355],[113.554,-7.137],[113.553,-7.137],[113.551,-7.137]]]},"properties":{"code":"35.28.03.2006","name":"Bulay","latitude":-7.146575021370385,"longitude":113.5469031181954}},{"type":"Feature","geometry":{"type":"Polygon","coordinates":[[[113.5425,-7.1305],[113.536,-7.129],[113.5365,-7.13],[113.5365,-7.131],[113.5405,-7.142],[113.5405,-7.1415],[113.542,-7.1355],[113.545,-7.135],[113.546,-7.135],[113.5465,-7.1365],[113.549,-7.137],[113.551,-7.137],[113.5505,-7.137],[113.5495,-7.132],[113.5455,-7.1315],[113.5425,-7.1305]]]},"properties":{"code":"35.28.03.2007","name":"Pagendingan","latitude":-7.134800684287889,"longitude":113.54249989001516}},{"type":"Feature","geometry":{"type":"Polygon","coordinates":[[[113.557,-7.121],[113.5505,-7.129],[113.55,-7.132],[113.5495,-7.132],[113.5505,-7.137],[113.553,-7.137],[113.554,-7.137],[113.554,-7.1355],[113.5565,-7.136],[113.5595,-7.1305],[113.5595,-7.129],[113.557,-7.124],[113.5575,-7.1215],[113.557,-7.121]]]},"properties":{"code":"35.28.03.2008","name":"Ponteh","latitude":-7.129256840014562,"longitude":113.55459637852259}},{"type":"Feature","geometry":{"type":"Polygon","coordinates":[[[113.566,-7.1295],[113.5645,-7.13],[113.56,-7.1295],[113.5595,-7.1305],[113.5565,-7.136],[113.555,-7.1355],[113.554,-7.1415],[113.5545,-7.1455],[113.5635,-7.155],[113.5705,-7.1575],[113.5715,-7.16],[113.5735,-7.1625],[113.5865,-7.1435],[113.5815,-7.139],[113.5805,-7.139],[113.5695,-7.1405],[113.566,-7.1295]]]},"properties":{"code":"35.28.03.2009","name":"Polagan","latitude":-7.145689011017179,"longitude":113.56837434066607}},{"type":"Feature","geometry":{"type":"Polygon","coordinates":[[[113.569,-7.1285],[113.5665,-7.1295],[113.566,-7.1295],[113.5695,-7.1405],[113.5805,-7.139],[113.576,-7.1365],[113.569,-7.1285]]]},"properties":{"code":"35.28.03.2010","name":"Artodung","latitude":-7.135738568143333,"longitude":113.57218026049482}},{"type":"Feature","geometry":{"type":"Polygon","coordinates":[[[113.4915,-7.1745],[113.4895,-7.1745],[113.486,-7.175],[113.485,-7.1745],[113.4825,-7.177],[113.482,-7.178],[113.481,-7.1805],[113.4905,-7.189],[113.489,-7.189],[113.49,-7.191],[113.492,-7.1915],[113.495,-7.1935],[113.496,-7.1865],[113.4965,-7.185],[113.496,-7.1815],[113.4955,-7.179],[113.4955,-7.1785],[113.4945,-7.1775],[113.493,-7.1755],[113.492,-7.1745],[113.4915,-7.1745]]]},"properties":{"code":"35.28.04.1001","name":"Kangenan","latitude":-7.181877455476592,"longitude":113.4903614583945}},{"type":"Feature","geometry":{"type":"Polygon","coordinates":[[[113.485,-7.1665],[113.485,-7.167],[113.484,-7.1675],[113.4825,-7.166],[113.4815,-7.166],[113.4805,-7.17],[113.479,-7.1695],[113.4785,-7.1695],[113.4785,-7.171],[113.4795,-7.171],[113.479,-7.1735],[113.482,-7.1755],[113.4825,-7.177],[113.485,-7.1745],[113.4855,-7.1745],[113.4855,-7.1735],[113.485,-7.173],[113.4855,-7.1705],[113.485,-7.169],[113.4855,-7.1665],[113.485,-7.1665]]]},"properties":{"code":"35.28.04.1003","name":"Patemon","latitude":-7.171298972349872,"longitude":113.48254143075702}},{"type":"Feature","geometry":{"type":"Polygon","coordinates":[[[113.477,-7.137],[113.476,-7.1365],[113.4755,-7.1365],[113.475,-7.1365],[113.475,-7.1375],[113.4735,-7.145],[113.472,-7.147],[113.469,-7.1475],[113.4625,-7.152],[113.4595,-7.1515],[113.459,-7.152],[113.458,-7.1515],[113.458,-7.1525],[113.4585,-7.1535],[113.46,-7.1545],[113.4665,-7.157],[113.477,-7.159],[113.477,-7.137]]]},"properties":{"code":"35.28.04.1011","name":"Bugih","latitude":-7.150693130667718,"longitude":113.47098190275449}},{"type":"Feature","geometry":{"type":"Polygon","coordinates":[[[113.477,-7.159],[113.4665,-7.157],[113.466,-7.1605],[113.4655,-7.1615],[113.465,-7.166],[113.467,-7.165],[113.4675,-7.1655],[113.467,-7.168],[113.469,-7.168],[113.4695,-7.169],[113.471,-7.169],[113.4755,-7.1695],[113.479,-7.1695],[113.4805,-7.17],[113.481,-7.169],[113.4795,-7.1685],[113.479,-7.169],[113.479,-7.1675],[113.477,-7.166],[113.4775,-7.1625],[113.477,-7.1625],[113.4775,-7.1595],[113.477,-7.159]]]},"properties":{"code":"35.28.04.1012","name":"Jungcangcang","latitude":-7.163420545415591,"longitude":113.47187769104205}},{"type":"Feature","geometry":{"type":"Polygon","coordinates":[[[113.4815,-7.161],[113.4785,-7.16],[113.4775,-7.162],[113.477,-7.166],[113.479,-7.1675],[113.479,-7.169],[113.4795,-7.1685],[113.481,-7.169],[113.4825,-7.1615],[113.4815,-7.1615],[113.4815,-7.161]]]},"properties":{"code":"35.28.04.1013","name":"Parteker","latitude":-7.16424279294919,"longitude":113.4797177784738}},{"type":"Feature","geometry":{"type":"Polygon","coordinates":[[[113.486,-7.156],[113.486,-7.154],[113.485,-7.154],[113.485,-7.153],[113.4845,-7.154],[113.482,-7.1595],[113.4815,-7.1615],[113.4825,-7.1615],[113.4815,-7.166],[113.4825,-7.166],[113.484,-7.1675],[113.485,-7.167],[113.4855,-7.166],[113.486,-7.165],[113.4865,-7.163],[113.4895,-7.1605],[113.489,-7.16],[113.486,-7.156]]]},"properties":{"code":"35.28.04.1014","name":"Barurambat Kota","latitude":-7.160046647517403,"longitude":113.48493615641686}},{"type":"Feature","geometry":{"type":"Polygon","coordinates":[[[113.4835,-7.143],[113.4835,-7.139],[113.4835,-7.138],[113.4835,-7.137],[113.4815,-7.1355],[113.4815,-7.136],[113.4795,-7.1355],[113.477,-7.137],[113.477,-7.159],[113.4775,-7.1595],[113.477,-7.1625],[113.4775,-7.1625],[113.4775,-7.162],[113.4785,-7.16],[113.4815,-7.161],[113.482,-7.1595],[113.4845,-7.154],[113.4845,-7.1535],[113.484,-7.1515],[113.4835,-7.143]]]},"properties":{"code":"35.28.04.1015","name":"Gladak Anyar","latitude":-7.147787559329113,"longitude":113.48006212785735}},{"type":"Feature","geometry":{"type":"Polygon","coordinates":[[[113.493,-7.1455],[113.494,-7.1435],[113.4925,-7.143],[113.4835,-7.143],[113.484,-7.1515],[113.4845,-7.1535],[113.485,-7.153],[113.485,-7.154],[113.486,-7.154],[113.4865,-7.154],[113.4905,-7.1485],[113.491,-7.149],[113.493,-7.1455]]]},"properties":{"code":"35.28.04.1016","name":"Kolpajung","latitude":-7.147142165806761,"longitude":113.48739453969526}},{"type":"Feature","geometry":{"type":"Polygon","coordinates":[[[113.497,-7.1165],[113.485,-7.1125],[113.4885,-7.116],[113.488,-7.117],[113.4915,-7.1175],[113.493,-7.12],[113.4935,-7.128],[113.493,-7.128],[113.4855,-7.13],[113.483,-7.13],[113.482,-7.134],[113.4815,-7.1355],[113.4835,-7.137],[113.4835,-7.138],[113.4835,-7.139],[113.4835,-7.143],[113.4925,-7.143],[113.494,-7.1435],[113.493,-7.1455],[113.495,-7.146],[113.499,-7.1335],[113.497,-7.1165]]]},"properties":{"code":"35.28.04.1017","name":"Kowel","latitude":-7.132388788774802,"longitude":113.49122661639203}},{"type":"Feature","geometry":{"type":"Polygon","coordinates":[[[113.481,-7.1805],[113.479,-7.181],[113.479,-7.183],[113.4795,-7.1875],[113.4865,-7.1895],[113.4885,-7.188],[113.4905,-7.189],[113.481,-7.1805]]]},"properties":{"code":"35.28.04.2002","name":"Panempan","latitude":-7.18514870243663,"longitude":113.48457615013106}},{"type":"Feature","geometry":{"type":"Polygon","coordinates":[[[113.4785,-7.1695],[113.4755,-7.1695],[113.471,-7.169],[113.4695,-7.169],[113.469,-7.168],[113.4675,-7.168],[113.4675,-7.1715],[113.469,-7.1745],[113.47,-7.1735],[113.4715,-7.175],[113.4725,-7.1755],[113.473,-7.176],[113.4755,-7.1775],[113.475,-7.178],[113.4745,-7.1825],[113.477,-7.1835],[113.479,-7.181],[113.481,-7.1805],[113.482,-7.178],[113.482,-7.1755],[113.479,-7.1735],[113.4795,-7.171],[113.4785,-7.171],[113.4785,-7.1695]]]},"properties":{"code":"35.28.04.2004","name":"Laden","latitude":-7.174697597301396,"longitude":113.47549268102256}},{"type":"Feature","geometry":{"type":"Polygon","coordinates":[[[113.4745,-7.1825],[113.475,-7.178],[113.4755,-7.1775],[113.473,-7.176],[113.4725,-7.1755],[113.4715,-7.175],[113.47,-7.1735],[113.469,-7.1745],[113.4685,-7.174],[113.468,-7.1745],[113.463,-7.181],[113.46,-7.1805],[113.459,-7.181],[113.46,-7.1835],[113.4595,-7.185],[113.46,-7.1855],[113.462,-7.186],[113.463,-7.1855],[113.463,-7.1845],[113.4745,-7.1825]]]},"properties":{"code":"35.28.04.2005","name":"Jalmak","latitude":-7.180635625393874,"longitude":113.46787478393533}},{"type":"Feature","geometry":{"type":"Polygon","coordinates":[[[113.456,-7.1615],[113.455,-7.1615],[113.4555,-7.16],[113.4545,-7.1595],[113.455,-7.1575],[113.4555,-7.156],[113.4555,-7.1555],[113.4545,-7.1545],[113.4525,-7.1535],[113.452,-7.154],[113.4505,-7.154],[113.4435,-7.1615],[113.443,-7.163],[113.449,-7.1765],[113.4495,-7.177],[113.451,-7.1795],[113.453,-7.1795],[113.4545,-7.1795],[113.4555,-7.179],[113.4565,-7.1775],[113.4575,-7.178],[113.459,-7.1715],[113.4595,-7.1705],[113.457,-7.1665],[113.454,-7.163],[113.455,-7.1625],[113.456,-7.1615]]]},"properties":{"code":"35.28.04.2006","name":"Teja Barat","latitude":-7.16713567078208,"longitude":113.45202543128866}},{"type":"Feature","geometry":{"type":"Polygon","coordinates":[[[113.465,-7.166],[113.456,-7.161],[113.4555,-7.1615],[113.4555,-7.1625],[113.454,-7.163],[113.457,-7.1665],[113.4595,-7.1705],[113.459,-7.1715],[113.4585,-7.1795],[113.46,-7.1805],[113.463,-7.181],[113.468,-7.1745],[113.4685,-7.174],[113.4675,-7.1715],[113.4675,-7.168],[113.467,-7.168],[113.4675,-7.1655],[113.467,-7.165],[113.465,-7.166]]]},"properties":{"code":"35.28.04.2007","name":"Teja Timur","latitude":-7.171148730357197,"longitude":113.46203273527398}},{"type":"Feature","geometry":{"type":"Polygon","coordinates":[[[113.455,-7.147],[113.4525,-7.1465],[113.448,-7.1455],[113.4475,-7.145],[113.447,-7.146],[113.4465,-7.147],[113.448,-7.1495],[113.45,-7.152],[113.451,-7.1535],[113.4515,-7.154],[113.452,-7.154],[113.4525,-7.1535],[113.4545,-7.1545],[113.4555,-7.1555],[113.4555,-7.156],[113.455,-7.1575],[113.4545,-7.1595],[113.4555,-7.16],[113.455,-7.1615],[113.456,-7.1615],[113.456,-7.161],[113.465,-7.166],[113.4655,-7.1615],[113.466,-7.1605],[113.4665,-7.157],[113.46,-7.1545],[113.4585,-7.1535],[113.458,-7.1525],[113.458,-7.152],[113.458,-7.1495],[113.455,-7.147]]]},"properties":{"code":"35.28.04.2008","name":"Bettet","latitude":-7.155078258726304,"longitude":113.45741354847922}},{"type":"Feature","geometry":{"type":"Polygon","coordinates":[[[113.469,-7.1475],[113.4685,-7.1465],[113.461,-7.141],[113.456,-7.145],[113.455,-7.1445],[113.455,-7.1465],[113.455,-7.147],[113.458,-7.1495],[113.458,-7.1515],[113.459,-7.152],[113.4595,-7.1515],[113.4625,-7.152],[113.469,-7.1475]]]},"properties":{"code":"35.28.04.2009","name":"Nyalabu Laok","latitude":-7.14676516957043,"longitude":113.46163312972428}},{"type":"Feature","geometry":{"type":"Polygon","coordinates":[[[113.4755,-7.1365],[113.4755,-7.136],[113.468,-7.131],[113.467,-7.132],[113.461,-7.141],[113.4685,-7.1465],[113.469,-7.1475],[113.472,-7.147],[113.4735,-7.145],[113.475,-7.1375],[113.4755,-7.1365]]]},"properties":{"code":"35.28.04.2010","name":"Nyalabu Daya","latitude":-7.139396342331263,"longitude":113.4688291089201}},{"type":"Feature","geometry":{"type":"Polygon","coordinates":[[[113.4855,-7.13],[113.493,-7.128],[113.4935,-7.128],[113.493,-7.12],[113.4915,-7.1175],[113.488,-7.117],[113.4875,-7.126],[113.4875,-7.1285],[113.4855,-7.13]]]},"properties":{"code":"35.28.04.2018","name":"Toronan","latitude":-7.124056440591944,"longitude":113.48981746408424}},{"type":"Feature","geometry":{"type":"Polygon","coordinates":[[[113.4305,-7.18],[113.434,-7.175],[113.4375,-7.1725],[113.4365,-7.1725],[113.4365,-7.1705],[113.436,-7.165],[113.4325,-7.1665],[113.434,-7.1675],[113.4345,-7.1695],[113.4345,-7.1705],[113.4315,-7.171],[113.43,-7.171],[113.423,-7.177],[113.421,-7.177],[113.4195,-7.177],[113.4195,-7.1775],[113.4215,-7.178],[113.4285,-7.18],[113.4305,-7.18]]]},"properties":{"code":"35.28.05.2001","name":"Karang Anyar","latitude":-7.173688720576653,"longitude":113.43097142235267}},{"type":"Feature","geometry":{"type":"Polygon","coordinates":[[[113.438,-7.1615],[113.438,-7.161],[113.4325,-7.152],[113.4245,-7.1515],[113.4205,-7.15],[113.42,-7.1595],[113.4135,-7.173],[113.413,-7.174],[113.4155,-7.176],[113.417,-7.1765],[113.419,-7.1775],[113.4195,-7.1775],[113.4195,-7.177],[113.421,-7.177],[113.423,-7.177],[113.43,-7.171],[113.4315,-7.171],[113.4345,-7.1705],[113.4345,-7.1695],[113.434,-7.1675],[113.4315,-7.166],[113.4315,-7.164],[113.432,-7.163],[113.433,-7.161],[113.4365,-7.161],[113.438,-7.1615]]]},"properties":{"code":"35.28.05.2002","name":"Toket","latitude":-7.164325364502907,"longitude":113.42461443628159}},{"type":"Feature","geometry":{"type":"Polygon","coordinates":[[[113.4185,-7.1495],[113.408,-7.149],[113.4065,-7.1495],[113.4025,-7.171],[113.411,-7.1735],[113.413,-7.174],[113.4135,-7.173],[113.42,-7.1595],[113.4205,-7.15],[113.4185,-7.1495]]]},"properties":{"code":"35.28.05.2003","name":"Candi Burung","latitude":-7.160072493179085,"longitude":113.41199708016339}},{"type":"Feature","geometry":{"type":"Polygon","coordinates":[[[113.4025,-7.171],[113.4065,-7.1495],[113.394,-7.151],[113.394,-7.1685],[113.4025,-7.171]]]},"properties":{"code":"35.28.05.2004","name":"Batu Kalangan","latitude":-7.1600474905008165,"longitude":113.39908081265135}},{"type":"Feature","geometry":{"type":"Polygon","coordinates":[[[113.394,-7.151],[113.3935,-7.15],[113.381,-7.1475],[113.3805,-7.1505],[113.379,-7.162],[113.379,-7.1665],[113.3815,-7.173],[113.3815,-7.175],[113.382,-7.1745],[113.3825,-7.175],[113.383,-7.1745],[113.384,-7.174],[113.394,-7.1695],[113.394,-7.1685],[113.394,-7.151]]]},"properties":{"code":"35.28.05.2005","name":"Gro'om","latitude":-7.161328058619359,"longitude":113.38589412817669}},{"type":"Feature","geometry":{"type":"Polygon","coordinates":[[[113.371,-7.139],[113.369,-7.138],[113.368,-7.1375],[113.366,-7.1385],[113.365,-7.1385],[113.361,-7.15],[113.362,-7.152],[113.3775,-7.1475],[113.378,-7.1475],[113.3785,-7.1465],[113.3775,-7.143],[113.378,-7.1425],[113.378,-7.142],[113.3775,-7.142],[113.376,-7.1415],[113.374,-7.14],[113.371,-7.1395],[113.371,-7.139]]]},"properties":{"code":"35.28.05.2006","name":"Srambah","latitude":-7.1453615397720425,"longitude":113.36892145745358}},{"type":"Feature","geometry":{"type":"Polygon","coordinates":[[[113.403,-7.1375],[113.4005,-7.1355],[113.401,-7.134],[113.4,-7.1335],[113.399,-7.1345],[113.3985,-7.1345],[113.3905,-7.141],[113.3835,-7.1415],[113.3775,-7.143],[113.3785,-7.1465],[113.378,-7.1475],[113.3775,-7.1475],[113.381,-7.1475],[113.3935,-7.15],[113.394,-7.151],[113.408,-7.149],[113.4185,-7.1495],[113.42,-7.1435],[113.4195,-7.1415],[113.4195,-7.14],[113.4175,-7.1395],[113.4095,-7.1395],[113.4085,-7.139],[113.408,-7.1385],[113.4065,-7.138],[113.403,-7.1375]]]},"properties":{"code":"35.28.05.2007","name":"Pangtonggal","latitude":-7.144170506272962,"longitude":113.40046802392357}},{"type":"Feature","geometry":{"type":"Polygon","coordinates":[[[113.4215,-7.142],[113.42,-7.142],[113.42,-7.1435],[113.4185,-7.1495],[113.4235,-7.151],[113.4245,-7.1515],[113.4325,-7.152],[113.438,-7.161],[113.4385,-7.162],[113.443,-7.163],[113.4435,-7.1615],[113.4505,-7.154],[113.4515,-7.154],[113.451,-7.1535],[113.45,-7.152],[113.448,-7.1495],[113.4465,-7.147],[113.447,-7.146],[113.4475,-7.145],[113.447,-7.145],[113.4425,-7.149],[113.4385,-7.149],[113.4385,-7.1475],[113.4375,-7.147],[113.4305,-7.146],[113.4295,-7.1435],[113.425,-7.1435],[113.4245,-7.144],[113.4215,-7.142]]]},"properties":{"code":"35.28.05.2008","name":"Samiran","latitude":-7.1517508481687475,"longitude":113.43603698005766}},{"type":"Feature","geometry":{"type":"Polygon","coordinates":[[[113.439,-7.1415],[113.4385,-7.1425],[113.4355,-7.1415],[113.434,-7.141],[113.4315,-7.1445],[113.4305,-7.1445],[113.4295,-7.1445],[113.4305,-7.146],[113.4375,-7.147],[113.4385,-7.1475],[113.4385,-7.149],[113.4425,-7.149],[113.447,-7.145],[113.4465,-7.1445],[113.445,-7.144],[113.439,-7.1415]]]},"properties":{"code":"35.28.05.2009","name":"Kodik","latitude":-7.145009463955912,"longitude":113.43847235971242}},{"type":"Feature","geometry":{"type":"Polygon","coordinates":[[[113.4605,-7.119],[113.456,-7.128],[113.454,-7.133],[113.4555,-7.1415],[113.456,-7.1425],[113.4555,-7.1445],[113.456,-7.145],[113.461,-7.141],[113.467,-7.132],[113.4675,-7.1305],[113.4645,-7.124],[113.4645,-7.122],[113.4605,-7.119]]]},"properties":{"code":"35.28.05.2010","name":"Klampar","latitude":-7.131979177338205,"longitude":113.45972831250867}},{"type":"Feature","geometry":{"type":"Polygon","coordinates":[[[113.455,-7.1295],[113.4455,-7.126],[113.444,-7.1265],[113.438,-7.131],[113.436,-7.133],[113.4365,-7.1335],[113.439,-7.135],[113.4385,-7.136],[113.4405,-7.138],[113.4385,-7.1395],[113.439,-7.1415],[113.445,-7.144],[113.4465,-7.1445],[113.448,-7.1455],[113.4525,-7.1465],[113.455,-7.1465],[113.455,-7.1445],[113.4555,-7.1445],[113.456,-7.1425],[113.4555,-7.1415],[113.454,-7.133],[113.455,-7.1295]]]},"properties":{"code":"35.28.05.2011","name":"Samatan","latitude":-7.13634964261807,"longitude":113.44712084996253}},{"type":"Feature","geometry":{"type":"Polygon","coordinates":[[[113.4365,-7.132],[113.429,-7.132],[113.4295,-7.1325],[113.429,-7.1335],[113.4295,-7.136],[113.4325,-7.139],[113.4355,-7.1415],[113.4385,-7.1425],[113.4385,-7.1395],[113.4405,-7.138],[113.4385,-7.136],[113.439,-7.135],[113.4365,-7.1335],[113.436,-7.133],[113.4365,-7.132]]]},"properties":{"code":"35.28.05.2012","name":"Lenteng","latitude":-7.136688424603168,"longitude":113.4346901964011}},{"type":"Feature","geometry":{"type":"Polygon","coordinates":[[[113.429,-7.134],[113.4225,-7.1375],[113.4215,-7.141],[113.4215,-7.142],[113.4245,-7.144],[113.425,-7.1435],[113.4295,-7.1435],[113.4295,-7.1445],[113.4305,-7.1445],[113.4315,-7.1445],[113.434,-7.141],[113.4325,-7.139],[113.4295,-7.136],[113.429,-7.134]]]},"properties":{"code":"35.28.05.2013","name":"Talangoh","latitude":-7.13935366232295,"longitude":113.4271592583904}},{"type":"Feature","geometry":{"type":"Polygon","coordinates":[[[113.4275,-7.1305],[113.42,-7.129],[113.419,-7.1315],[113.418,-7.1395],[113.4195,-7.14],[113.4195,-7.1415],[113.42,-7.142],[113.4215,-7.142],[113.4215,-7.141],[113.4225,-7.1375],[113.429,-7.134],[113.429,-7.1335],[113.4295,-7.1325],[113.428,-7.1315],[113.4275,-7.131],[113.4275,-7.1305]]]},"properties":{"code":"35.28.05.2014","name":"Billa'an","latitude":-7.134283304296568,"longitude":113.42196160067901}},{"type":"Feature","geometry":{"type":"Polygon","coordinates":[[[113.444,-7.1265],[113.442,-7.126],[113.434,-7.1215],[113.427,-7.1285],[113.4275,-7.13],[113.428,-7.1315],[113.428,-7.132],[113.429,-7.132],[113.4365,-7.132],[113.438,-7.131],[113.444,-7.1265]]]},"properties":{"code":"35.28.05.2015","name":"Rangperang Laok","latitude":-7.127913209538386,"longitude":113.43614572975363}},{"type":"Feature","geometry":{"type":"Polygon","coordinates":[[[113.446,-7.099],[113.4365,-7.099],[113.427,-7.1105],[113.4265,-7.1115],[113.4295,-7.111],[113.43,-7.1115],[113.4295,-7.1125],[113.43,-7.1145],[113.431,-7.115],[113.4345,-7.114],[113.434,-7.1215],[113.442,-7.126],[113.4455,-7.126],[113.449,-7.118],[113.4465,-7.0995],[113.446,-7.099]]]},"properties":{"code":"35.28.05.2016","name":"Rangperang Daja","latitude":-7.111894080438752,"longitude":113.43994084860483}},{"type":"Feature","geometry":{"type":"Polygon","coordinates":[[[113.434,-7.1215],[113.4345,-7.114],[113.431,-7.115],[113.43,-7.1145],[113.4295,-7.1125],[113.43,-7.1115],[113.4295,-7.111],[113.4265,-7.1115],[113.423,-7.1235],[113.4265,-7.126],[113.427,-7.128],[113.427,-7.1285],[113.434,-7.1215]]]},"properties":{"code":"35.28.05.2017","name":"Banyubulu","latitude":-7.121045641811578,"longitude":113.42960234766609}},{"type":"Feature","geometry":{"type":"Polygon","coordinates":[[[113.423,-7.1235],[113.4185,-7.12],[113.418,-7.12],[113.4165,-7.123],[113.4155,-7.125],[113.415,-7.126],[113.4185,-7.128],[113.4185,-7.1295],[113.4195,-7.1295],[113.42,-7.129],[113.4275,-7.1305],[113.4275,-7.13],[113.427,-7.1285],[113.427,-7.128],[113.4265,-7.126],[113.423,-7.1235]]]},"properties":{"code":"35.28.05.2018","name":"Pangorayan","latitude":-7.125476012253451,"longitude":113.42132437003765}},{"type":"Feature","geometry":{"type":"Polygon","coordinates":[[[113.4195,-7.1295],[113.4185,-7.1295],[113.4185,-7.128],[113.415,-7.126],[113.415,-7.1265],[113.413,-7.1305],[113.41,-7.133],[113.408,-7.1385],[113.4085,-7.139],[113.4095,-7.1395],[113.4175,-7.1395],[113.418,-7.1395],[113.419,-7.1315],[113.4195,-7.1295]]]},"properties":{"code":"35.28.05.2019","name":"Panglemah","latitude":-7.133472359308036,"longitude":113.41459804995485}},{"type":"Feature","geometry":{"type":"Polygon","coordinates":[[[113.408,-7.103],[113.4115,-7.125],[113.4095,-7.1325],[113.41,-7.133],[113.413,-7.1305],[113.415,-7.1265],[113.4155,-7.125],[113.4165,-7.123],[113.418,-7.12],[113.4185,-7.1195],[113.417,-7.1185],[113.4165,-7.1195],[113.416,-7.118],[113.415,-7.116],[113.415,-7.115],[113.414,-7.114],[113.414,-7.113],[113.4125,-7.106],[113.4115,-7.1045],[113.409,-7.1035],[113.408,-7.103]]]},"properties":{"code":"35.28.05.2020","name":"Mapper","latitude":-7.117426975786956,"longitude":113.41253294677747}},{"type":"Feature","geometry":{"type":"Polygon","coordinates":[[[113.408,-7.103],[113.409,-7.1015],[113.406,-7.1015],[113.4045,-7.102],[113.408,-7.112],[113.407,-7.13],[113.403,-7.1375],[113.4065,-7.138],[113.408,-7.1385],[113.4095,-7.134],[113.41,-7.133],[113.4095,-7.1325],[113.4115,-7.125],[113.408,-7.103]]]},"properties":{"code":"35.28.05.2021","name":"Proppo","latitude":-7.121407429347884,"longitude":113.40827397283061}},{"type":"Feature","geometry":{"type":"Polygon","coordinates":[[[113.4045,-7.102],[113.403,-7.1025],[113.396,-7.0935],[113.395,-7.1265],[113.3955,-7.129],[113.3965,-7.132],[113.3965,-7.133],[113.3975,-7.133],[113.399,-7.1345],[113.4,-7.1335],[113.401,-7.134],[113.4005,-7.1355],[113.403,-7.1375],[113.407,-7.13],[113.408,-7.112],[113.4045,-7.102]]]},"properties":{"code":"35.28.05.2022","name":"Jambringin","latitude":-7.117063783756926,"longitude":113.40118119860526}},{"type":"Feature","geometry":{"type":"Polygon","coordinates":[[[113.3945,-7.0905],[113.389,-7.082],[113.3865,-7.0815],[113.381,-7.081],[113.3855,-7.086],[113.385,-7.088],[113.3825,-7.0945],[113.387,-7.129],[113.3905,-7.141],[113.3985,-7.1345],[113.3975,-7.133],[113.3965,-7.133],[113.3965,-7.132],[113.3955,-7.129],[113.395,-7.1265],[113.396,-7.0935],[113.3945,-7.0905]]]},"properties":{"code":"35.28.05.2023","name":"Campor","latitude":-7.110290788260369,"longitude":113.390986617887}},{"type":"Feature","geometry":{"type":"Polygon","coordinates":[[[113.3905,-7.141],[113.387,-7.129],[113.3825,-7.0945],[113.385,-7.088],[113.3845,-7.089],[113.3805,-7.09],[113.38,-7.0905],[113.381,-7.1335],[113.3835,-7.1415],[113.3905,-7.141]]]},"properties":{"code":"35.28.05.2024","name":"Panaguan","latitude":-7.118319337495384,"longitude":113.38430016468278}},{"type":"Feature","geometry":{"type":"Polygon","coordinates":[[[113.3835,-7.1415],[113.381,-7.1335],[113.38,-7.0905],[113.376,-7.095],[113.3775,-7.1365],[113.378,-7.1425],[113.3835,-7.1415]]]},"properties":{"code":"35.28.05.2025","name":"Pangbatok","latitude":-7.1190229436088135,"longitude":113.37919573652833}},{"type":"Feature","geometry":{"type":"Polygon","coordinates":[[[113.378,-7.142],[113.3775,-7.1365],[113.376,-7.095],[113.375,-7.0955],[113.3735,-7.0965],[113.3705,-7.1355],[113.3705,-7.1365],[113.371,-7.137],[113.371,-7.1395],[113.374,-7.14],[113.376,-7.1415],[113.3775,-7.142],[113.378,-7.142]]]},"properties":{"code":"35.28.05.2026","name":"Tattangoh","latitude":-7.122464521621983,"longitude":113.37477422178914}},{"type":"Feature","geometry":{"type":"Polygon","coordinates":[[[113.371,-7.139],[113.371,-7.137],[113.3705,-7.1365],[113.3705,-7.1355],[113.3735,-7.0965],[113.3715,-7.097],[113.364,-7.103],[113.364,-7.104],[113.363,-7.1055],[113.3625,-7.106],[113.3645,-7.109],[113.367,-7.1085],[113.3675,-7.1195],[113.368,-7.121],[113.367,-7.1235],[113.3655,-7.1305],[113.365,-7.1325],[113.3665,-7.1355],[113.366,-7.1385],[113.368,-7.1375],[113.369,-7.138],[113.371,-7.139]]]},"properties":{"code":"35.28.05.2027","name":"Badung","latitude":-7.115183737766871,"longitude":113.36946134456757}},{"type":"Feature","geometry":{"type":"Polygon","coordinates":[[[113.412,-7.0765],[113.4115,-7.0765],[113.406,-7.0755],[113.403,-7.075],[113.394,-7.0735],[113.394,-7.073],[113.393,-7.074],[113.3895,-7.076],[113.384,-7.078],[113.381,-7.081],[113.3865,-7.0815],[113.389,-7.082],[113.3945,-7.0905],[113.396,-7.0935],[113.403,-7.1025],[113.406,-7.1015],[113.409,-7.1015],[113.409,-7.1035],[113.4115,-7.1045],[113.4125,-7.1045],[113.417,-7.0925],[113.412,-7.0765]]]},"properties":{"code":"35.28.06.2001","name":"Banyupelle","latitude":-7.086877830781124,"longitude":113.40363913864991}},{"type":"Feature","geometry":{"type":"Polygon","coordinates":[[[113.4255,-7.07],[113.4125,-7.077],[113.412,-7.0765],[113.417,-7.0925],[113.4125,-7.1045],[113.4125,-7.106],[113.414,-7.113],[113.414,-7.114],[113.415,-7.115],[113.415,-7.116],[113.416,-7.118],[113.4165,-7.1195],[113.417,-7.1185],[113.4185,-7.1195],[113.418,-7.12],[113.4185,-7.12],[113.423,-7.1235],[113.4265,-7.1115],[113.427,-7.1105],[113.4365,-7.099],[113.446,-7.099],[113.446,-7.098],[113.452,-7.0965],[113.454,-7.087],[113.454,-7.08],[113.454,-7.078],[113.4515,-7.0765],[113.449,-7.0755],[113.4475,-7.074],[113.446,-7.0725],[113.4455,-7.073],[113.443,-7.0745],[113.441,-7.0755],[113.442,-7.0775],[113.4255,-7.071],[113.4255,-7.07]]]},"properties":{"code":"35.28.06.2002","name":"Rek Kerrek","latitude":-7.092421020334882,"longitude":113.43051852533462}},{"type":"Feature","geometry":{"type":"Polygon","coordinates":[[[113.452,-7.0965],[113.446,-7.098],[113.4465,-7.0995],[113.449,-7.118],[113.4455,-7.126],[113.455,-7.1295],[113.456,-7.128],[113.4605,-7.119],[113.4645,-7.1105],[113.465,-7.107],[113.4685,-7.103],[113.468,-7.102],[113.467,-7.102],[113.467,-7.1025],[113.461,-7.1045],[113.453,-7.0995],[113.452,-7.0985],[113.452,-7.0965]]]},"properties":{"code":"35.28.06.2003","name":"Angsanah","latitude":-7.1120758529381405,"longitude":113.45452512913933}},{"type":"Feature","geometry":{"type":"Polygon","coordinates":[[[113.4735,-7.102],[113.471,-7.0995],[113.4705,-7.0995],[113.467,-7.1015],[113.467,-7.102],[113.468,-7.102],[113.4685,-7.103],[113.465,-7.107],[113.4645,-7.1105],[113.4605,-7.119],[113.4645,-7.122],[113.4645,-7.123],[113.4655,-7.123],[113.4675,-7.1235],[113.47,-7.1235],[113.473,-7.1245],[113.4725,-7.1095],[113.473,-7.1045],[113.4735,-7.102]]]},"properties":{"code":"35.28.06.2004","name":"Akkor","latitude":-7.1139389798464485,"longitude":113.46887853947577}},{"type":"Feature","geometry":{"type":"Polygon","coordinates":[[[113.485,-7.1125],[113.4735,-7.102],[113.473,-7.1045],[113.4725,-7.1095],[113.473,-7.1245],[113.47,-7.1235],[113.4675,-7.1235],[113.4655,-7.123],[113.4645,-7.123],[113.4645,-7.124],[113.4675,-7.1305],[113.468,-7.131],[113.4755,-7.136],[113.476,-7.1365],[113.477,-7.137],[113.4795,-7.1355],[113.4815,-7.136],[113.482,-7.134],[113.483,-7.13],[113.4855,-7.13],[113.4875,-7.1285],[113.4875,-7.126],[113.4875,-7.1215],[113.488,-7.1165],[113.4885,-7.116],[113.485,-7.1125]]]},"properties":{"code":"35.28.06.2005","name":"Larangan Badung","latitude":-7.121036456675755,"longitude":113.47779256073005}},{"type":"Feature","geometry":{"type":"Polygon","coordinates":[[[113.4705,-7.0995],[113.4695,-7.0975],[113.464,-7.095],[113.4625,-7.095],[113.454,-7.087],[113.452,-7.0965],[113.452,-7.0985],[113.453,-7.0995],[113.461,-7.1045],[113.467,-7.1025],[113.467,-7.1015],[113.4705,-7.0995]]]},"properties":{"code":"35.28.06.2006","name":"Panaan","latitude":-7.0974150177281405,"longitude":113.45952301237632}},{"type":"Feature","geometry":{"type":"Polygon","coordinates":[[[113.4565,-7.078],[113.456,-7.0775],[113.454,-7.08],[113.454,-7.087],[113.4625,-7.095],[113.464,-7.095],[113.4695,-7.0975],[113.4705,-7.099],[113.471,-7.0985],[113.472,-7.097],[113.476,-7.092],[113.4755,-7.0895],[113.4665,-7.0875],[113.466,-7.0865],[113.46,-7.0845],[113.4565,-7.078]]]},"properties":{"code":"35.28.06.2007","name":"Potoan Laok","latitude":-7.089950945841796,"longitude":113.46452593617487}},{"type":"Feature","geometry":{"type":"Polygon","coordinates":[[[113.478,-7.0745],[113.4685,-7.0725],[113.467,-7.072],[113.461,-7.066],[113.46,-7.065],[113.4595,-7.065],[113.46,-7.069],[113.461,-7.0705],[113.4565,-7.0765],[113.4565,-7.078],[113.46,-7.0845],[113.466,-7.0865],[113.4665,-7.0875],[113.4755,-7.0895],[113.477,-7.0885],[113.477,-7.088],[113.4765,-7.0875],[113.4765,-7.087],[113.4765,-7.086],[113.477,-7.0855],[113.4775,-7.0825],[113.478,-7.0745]]]},"properties":{"code":"35.28.06.2008","name":"Patoan Daja","latitude":-7.079512910294169,"longitude":113.46806019358988}},{"type":"Feature","geometry":{"type":"Polygon","coordinates":[[[113.4595,-7.065],[113.458,-7.065],[113.456,-7.0645],[113.444,-7.061],[113.4435,-7.062],[113.4425,-7.0625],[113.4425,-7.065],[113.446,-7.069],[113.445,-7.07],[113.4445,-7.0725],[113.4455,-7.0725],[113.446,-7.0725],[113.4475,-7.074],[113.449,-7.0755],[113.4515,-7.0765],[113.454,-7.078],[113.456,-7.0775],[113.4565,-7.0765],[113.461,-7.0705],[113.46,-7.069],[113.4595,-7.065]]]},"properties":{"code":"35.28.06.2009","name":"Kacok","latitude":-7.069304904437941,"longitude":113.45225430005128}},{"type":"Feature","geometry":{"type":"Polygon","coordinates":[[[113.4455,-7.0545],[113.4395,-7.0495],[113.437,-7.051],[113.4365,-7.055],[113.4355,-7.057],[113.4345,-7.058],[113.437,-7.0605],[113.437,-7.06],[113.4385,-7.06],[113.426,-7.0695],[113.4255,-7.071],[113.442,-7.0775],[113.441,-7.0755],[113.443,-7.0745],[113.4455,-7.073],[113.4455,-7.0725],[113.4445,-7.0725],[113.445,-7.07],[113.446,-7.069],[113.4425,-7.065],[113.4425,-7.0625],[113.4435,-7.062],[113.4435,-7.061],[113.443,-7.0595],[113.4435,-7.059],[113.4445,-7.0565],[113.4455,-7.0545]]]},"properties":{"code":"35.28.06.2010","name":"Rombuh","latitude":-7.066285239594287,"longitude":113.43766200944921}},{"type":"Feature","geometry":{"type":"Polygon","coordinates":[[[113.437,-7.0605],[113.436,-7.0605],[113.4345,-7.06],[113.4095,-7.048],[113.4075,-7.047],[113.397,-7.043],[113.396,-7.0445],[113.392,-7.057],[113.3925,-7.057],[113.3935,-7.0725],[113.394,-7.0735],[113.403,-7.075],[113.406,-7.0755],[113.4115,-7.0765],[113.4125,-7.077],[113.4255,-7.07],[113.426,-7.0695],[113.4385,-7.06],[113.437,-7.06],[113.437,-7.0605]]]},"properties":{"code":"35.28.06.2011","name":"Palengaan Laok","latitude":-7.061489862165243,"longitude":113.41102725588694}},{"type":"Feature","geometry":{"type":"Polygon","coordinates":[[[113.4385,-7.0115],[113.4365,-7.012],[113.4225,-7.009],[113.422,-7.0095],[113.422,-7.0105],[113.42,-7.0115],[113.402,-7.028],[113.4005,-7.029],[113.397,-7.028],[113.3945,-7.031],[113.396,-7.0385],[113.397,-7.039],[113.396,-7.0415],[113.397,-7.043],[113.4075,-7.047],[113.4095,-7.048],[113.4345,-7.06],[113.436,-7.0605],[113.437,-7.0605],[113.4345,-7.058],[113.4355,-7.057],[113.4365,-7.055],[113.437,-7.051],[113.439,-7.05],[113.4345,-7.0285],[113.4385,-7.0115]]]},"properties":{"code":"35.28.06.2012","name":"Palengaan Dajah","latitude":-7.033848798963115,"longitude":113.42041089779342}},{"type":"Feature","geometry":{"type":"Polygon","coordinates":[[[113.498,-7.0685],[113.497,-7.068],[113.4955,-7.0685],[113.493,-7.07],[113.4865,-7.071],[113.4845,-7.072],[113.478,-7.0745],[113.4775,-7.0825],[113.477,-7.0855],[113.4765,-7.086],[113.4765,-7.087],[113.4765,-7.0875],[113.477,-7.088],[113.477,-7.0885],[113.476,-7.092],[113.472,-7.097],[113.471,-7.0985],[113.4705,-7.099],[113.471,-7.0995],[113.4735,-7.102],[113.485,-7.1125],[113.497,-7.1165],[113.4985,-7.113],[113.501,-7.1105],[113.5005,-7.11],[113.499,-7.1095],[113.502,-7.093],[113.501,-7.0925],[113.5045,-7.092],[113.5055,-7.0755],[113.507,-7.072],[113.498,-7.0685]]]},"properties":{"code":"35.28.07.2001","name":"Plakpak","latitude":-7.091212780743558,"longitude":113.49071042694892}},{"type":"Feature","geometry":{"type":"Polygon","coordinates":[[[113.4725,-7.048],[113.4635,-7.0495],[113.4615,-7.0475],[113.461,-7.0425],[113.455,-7.0385],[113.455,-7.038],[113.4535,-7.038],[113.453,-7.038],[113.4525,-7.038],[113.451,-7.041],[113.4505,-7.0425],[113.446,-7.0535],[113.4445,-7.0565],[113.4435,-7.059],[113.443,-7.0595],[113.4435,-7.061],[113.444,-7.061],[113.456,-7.0645],[113.458,-7.065],[113.4595,-7.065],[113.46,-7.065],[113.461,-7.066],[113.467,-7.072],[113.4685,-7.0725],[113.478,-7.0745],[113.4845,-7.072],[113.4865,-7.071],[113.493,-7.07],[113.491,-7.0595],[113.4895,-7.0585],[113.4895,-7.058],[113.4875,-7.0575],[113.4855,-7.057],[113.4805,-7.0555],[113.479,-7.0555],[113.4775,-7.0545],[113.477,-7.054],[113.4725,-7.048]]]},"properties":{"code":"35.28.07.2002","name":"Palesanggar","latitude":-7.0586527344367545,"longitude":113.46758067828027}},{"type":"Feature","geometry":{"type":"Polygon","coordinates":[[[113.4875,-7.0575],[113.488,-7.0565],[113.4915,-7.052],[113.495,-7.0415],[113.4965,-7.039],[113.4975,-7.0365],[113.495,-7.037],[113.493,-7.037],[113.49,-7.0375],[113.488,-7.038],[113.487,-7.0375],[113.4865,-7.038],[113.4865,-7.0385],[113.484,-7.04],[113.4825,-7.0405],[113.482,-7.0405],[113.4805,-7.0435],[113.4795,-7.05],[113.479,-7.0515],[113.478,-7.052],[113.478,-7.0535],[113.4775,-7.0535],[113.477,-7.0545],[113.4775,-7.0545],[113.479,-7.0555],[113.4805,-7.0555],[113.4855,-7.057],[113.4875,-7.0575]]]},"properties":{"code":"35.28.07.2003","name":"Pegantenan","latitude":-7.046776217586832,"longitude":113.48684511058659}},{"type":"Feature","geometry":{"type":"Polygon","coordinates":[[[113.5065,-7.035],[113.5045,-7.0355],[113.501,-7.036],[113.5005,-7.0395],[113.4985,-7.045],[113.497,-7.0515],[113.4955,-7.068],[113.497,-7.068],[113.498,-7.0685],[113.4985,-7.0675],[113.4995,-7.0665],[113.5,-7.0665],[113.5015,-7.0625],[113.5015,-7.0605],[113.502,-7.059],[113.506,-7.0545],[113.507,-7.046],[113.5065,-7.035]]]},"properties":{"code":"35.28.07.2004","name":"Bulangan Branta","latitude":-7.050912633029882,"longitude":113.5013469971524}},{"type":"Feature","geometry":{"type":"Polygon","coordinates":[[[113.4955,-7.068],[113.497,-7.0515],[113.4985,-7.045],[113.5005,-7.0395],[113.501,-7.036],[113.4975,-7.0365],[113.4965,-7.039],[113.495,-7.0415],[113.4915,-7.052],[113.488,-7.0565],[113.4875,-7.0575],[113.4895,-7.058],[113.4895,-7.0585],[113.491,-7.0595],[113.493,-7.07],[113.4955,-7.0685],[113.4955,-7.068]]]},"properties":{"code":"35.28.07.2005","name":"Bulangan Barat","latitude":-7.052478730722831,"longitude":113.49470854401129}},{"type":"Feature","geometry":{"type":"Polygon","coordinates":[[[113.524,-7.056],[113.521,-7.0555],[113.5145,-7.052],[113.507,-7.05],[113.506,-7.0545],[113.502,-7.059],[113.5015,-7.0605],[113.5015,-7.0625],[113.5,-7.0665],[113.4995,-7.0665],[113.4985,-7.0675],[113.498,-7.0685],[113.507,-7.072],[113.5105,-7.072],[113.5155,-7.0695],[113.516,-7.0695],[113.519,-7.069],[113.5215,-7.0635],[113.5235,-7.062],[113.5235,-7.0565],[113.524,-7.0565],[113.524,-7.056]]]},"properties":{"code":"35.28.07.2006","name":"Bulangan Haji","latitude":-7.061792063616943,"longitude":113.51156185823741}},{"type":"Feature","geometry":{"type":"Polygon","coordinates":[[[113.5205,-7.0375],[113.52,-7.037],[113.519,-7.04],[113.522,-7.043],[113.524,-7.0555],[113.524,-7.056],[113.5235,-7.0565],[113.5235,-7.062],[113.5245,-7.062],[113.5275,-7.061],[113.53,-7.0605],[113.533,-7.0605],[113.535,-7.06],[113.5325,-7.0465],[113.5315,-7.0445],[113.5265,-7.0415],[113.523,-7.04],[113.5205,-7.0375]]]},"properties":{"code":"35.28.07.2007","name":"Tlagah","latitude":-7.050843002401763,"longitude":113.52783718607267}},{"type":"Feature","geometry":{"type":"Polygon","coordinates":[[[113.52,-7.037],[113.5125,-7.035],[113.5105,-7.0355],[113.5075,-7.035],[113.5065,-7.035],[113.507,-7.046],[113.507,-7.05],[113.5145,-7.052],[113.521,-7.0555],[113.524,-7.056],[113.524,-7.0555],[113.522,-7.043],[113.519,-7.04],[113.52,-7.037]]]},"properties":{"code":"35.28.07.2008","name":"Bulangan Timur","latitude":-7.044782001061716,"longitude":113.51444878893207}},{"type":"Feature","geometry":{"type":"Polygon","coordinates":[[[113.5195,-7.0205],[113.518,-7.021],[113.513,-7.021],[113.506,-7.02],[113.5055,-7.02],[113.5035,-7.0205],[113.502,-7.0205],[113.502,-7.02],[113.498,-7.0215],[113.497,-7.0215],[113.4955,-7.0305],[113.4925,-7.0335],[113.491,-7.0375],[113.493,-7.037],[113.495,-7.037],[113.4975,-7.0365],[113.5015,-7.036],[113.5045,-7.0355],[113.5075,-7.035],[113.5105,-7.0355],[113.512,-7.035],[113.5135,-7.035],[113.519,-7.037],[113.5205,-7.0375],[113.5195,-7.023],[113.5205,-7.023],[113.5205,-7.022],[113.5185,-7.0215],[113.5195,-7.0205]]]},"properties":{"code":"35.28.07.2009","name":"Tebul Timur","latitude":-7.028615598128331,"longitude":113.50710638584896}},{"type":"Feature","geometry":{"type":"Polygon","coordinates":[[[113.491,-7.0375],[113.4925,-7.0335],[113.4955,-7.0305],[113.497,-7.0215],[113.487,-7.0295],[113.4855,-7.0295],[113.484,-7.0325],[113.4845,-7.037],[113.488,-7.038],[113.491,-7.0375]]]},"properties":{"code":"35.28.07.2010","name":"Tebul Barat","latitude":-7.03070811468524,"longitude":113.49090040266813}},{"type":"Feature","geometry":{"type":"Polygon","coordinates":[[[113.508,-7.0115],[113.485,-7.016],[113.484,-7.0175],[113.4825,-7.019],[113.47,-7.029],[113.466,-7.0415],[113.4725,-7.048],[113.477,-7.054],[113.477,-7.0545],[113.4775,-7.0535],[113.478,-7.0535],[113.478,-7.052],[113.479,-7.0515],[113.4795,-7.05],[113.4805,-7.0435],[113.482,-7.0405],[113.4825,-7.0405],[113.484,-7.04],[113.4865,-7.0385],[113.4865,-7.038],[113.487,-7.0375],[113.4845,-7.037],[113.484,-7.0325],[113.4855,-7.0295],[113.487,-7.0295],[113.497,-7.0215],[113.498,-7.0215],[113.502,-7.02],[113.502,-7.0205],[113.5035,-7.0205],[113.5055,-7.02],[113.506,-7.02],[113.513,-7.021],[113.518,-7.021],[113.5195,-7.0205],[113.5205,-7.02],[113.522,-7.018],[113.5215,-7.016],[113.516,-7.0135],[113.5115,-7.013],[113.508,-7.0115]]]},"properties":{"code":"35.28.07.2011","name":"Ambender","latitude":-7.02734233340712,"longitude":113.48848551174362}},{"type":"Feature","geometry":{"type":"Polygon","coordinates":[[[113.485,-7.0155],[113.482,-7.015],[113.48,-7.0155],[113.455,-7.0145],[113.4395,-7.011],[113.4385,-7.0115],[113.4345,-7.0285],[113.439,-7.05],[113.4395,-7.0495],[113.4455,-7.0545],[113.446,-7.0535],[113.4505,-7.0425],[113.451,-7.041],[113.4525,-7.038],[113.453,-7.038],[113.4535,-7.038],[113.455,-7.038],[113.455,-7.0385],[113.461,-7.0425],[113.4615,-7.0475],[113.4635,-7.0495],[113.4725,-7.048],[113.466,-7.0415],[113.47,-7.029],[113.4825,-7.019],[113.484,-7.0175],[113.485,-7.016],[113.485,-7.0155]]]},"properties":{"code":"35.28.07.2012","name":"Pasanggar","latitude":-7.029070615940709,"longitude":113.4548805694939}},{"type":"Feature","geometry":{"type":"Polygon","coordinates":[[[113.456,-6.987],[113.4485,-6.9865],[113.4475,-6.9865],[113.445,-6.9795],[113.443,-6.98],[113.4375,-6.9795],[113.4365,-6.9815],[113.436,-6.981],[113.433,-6.975],[113.431,-6.9745],[113.4305,-6.974],[113.43,-6.9745],[113.4295,-6.975],[113.43,-6.976],[113.425,-6.9815],[113.4215,-6.988],[113.4215,-6.9925],[113.4215,-6.9935],[113.4205,-6.994],[113.42,-6.995],[113.4195,-7.007],[113.4225,-7.008],[113.4225,-7.009],[113.4365,-7.012],[113.4395,-7.011],[113.455,-7.0145],[113.48,-7.0155],[113.482,-7.015],[113.485,-7.0155],[113.4865,-7.0145],[113.487,-7.0135],[113.4865,-7.0135],[113.4865,-7.0125],[113.48,-7],[113.477,-6.996],[113.457,-6.9875],[113.456,-6.987]]]},"properties":{"code":"35.28.07.2013","name":"Tanjung","latitude":-6.999105282675175,"longitude":113.45023632326028}},{"type":"Feature","geometry":{"type":"Polygon","coordinates":[[[113.522,-7.1225],[113.521,-7.122],[113.515,-7.129],[113.514,-7.144],[113.515,-7.145],[113.518,-7.146],[113.52,-7.146],[113.5245,-7.144],[113.522,-7.1225]]]},"properties":{"code":"35.28.08.2001","name":"Peltong","latitude":-7.136099518357926,"longitude":113.51870339301797}},{"type":"Feature","geometry":{"type":"Polygon","coordinates":[[[113.528,-7.101],[113.5205,-7.1075],[113.503,-7.11],[113.5015,-7.1115],[113.501,-7.1115],[113.5,-7.111],[113.4985,-7.113],[113.497,-7.1165],[113.499,-7.1335],[113.515,-7.129],[113.521,-7.122],[113.522,-7.1225],[113.5325,-7.1235],[113.533,-7.123],[113.534,-7.1215],[113.535,-7.1215],[113.539,-7.1175],[113.5385,-7.114],[113.5395,-7.113],[113.541,-7.1085],[113.541,-7.107],[113.5395,-7.106],[113.528,-7.101]]]},"properties":{"code":"35.28.08.2002","name":"Blumbungan","latitude":-7.116700605811856,"longitude":113.51717721455412}},{"type":"Feature","geometry":{"type":"Polygon","coordinates":[[[113.5325,-7.1235],[113.522,-7.1225],[113.5245,-7.144],[113.5245,-7.1455],[113.528,-7.1475],[113.5335,-7.147],[113.534,-7.146],[113.5345,-7.146],[113.53,-7.137],[113.5305,-7.135],[113.5325,-7.1295],[113.533,-7.1275],[113.534,-7.1265],[113.5325,-7.1235]]]},"properties":{"code":"35.28.08.2003","name":"Trasak","latitude":-7.135096981887305,"longitude":113.52779739364018}},{"type":"Feature","geometry":{"type":"Polygon","coordinates":[[[113.5365,-7.13],[113.536,-7.1295],[113.535,-7.1295],[113.534,-7.1285],[113.533,-7.127],[113.5325,-7.128],[113.5325,-7.1295],[113.5305,-7.135],[113.53,-7.137],[113.5345,-7.146],[113.5355,-7.1455],[113.536,-7.144],[113.535,-7.1345],[113.5335,-7.1325],[113.534,-7.1305],[113.5365,-7.1305],[113.5365,-7.13]]]},"properties":{"code":"35.28.08.2004","name":"Tentenan Barat","latitude":-7.136467365731171,"longitude":113.53328330438808}},{"type":"Feature","geometry":{"type":"Polygon","coordinates":[[[113.5405,-7.142],[113.5365,-7.131],[113.5365,-7.1305],[113.534,-7.1305],[113.5335,-7.1325],[113.535,-7.1345],[113.536,-7.144],[113.5365,-7.144],[113.541,-7.144],[113.541,-7.1435],[113.5405,-7.142]]]},"properties":{"code":"35.28.08.2005","name":"Tentenan Timur","latitude":-7.137811505769619,"longitude":113.5366536105539}},{"type":"Feature","geometry":{"type":"Polygon","coordinates":[[[113.539,-7.1175],[113.535,-7.1215],[113.534,-7.1215],[113.533,-7.123],[113.5325,-7.1235],[113.534,-7.1265],[113.533,-7.127],[113.534,-7.1285],[113.535,-7.1295],[113.536,-7.1295],[113.5365,-7.13],[113.536,-7.129],[113.5425,-7.1305],[113.539,-7.1175]]]},"properties":{"code":"35.28.08.2006","name":"Grujugan","latitude":-7.124655880050638,"longitude":113.53811055139847}},{"type":"Feature","geometry":{"type":"Polygon","coordinates":[[[113.575,-7.109],[113.5665,-7.0995],[113.565,-7.0995],[113.563,-7.099],[113.5575,-7.101],[113.555,-7.102],[113.551,-7.1005],[113.549,-7.0995],[113.548,-7.0995],[113.547,-7.1005],[113.547,-7.1015],[113.5415,-7.1065],[113.541,-7.107],[113.541,-7.1085],[113.5395,-7.113],[113.5385,-7.114],[113.539,-7.1175],[113.5425,-7.1305],[113.5455,-7.1315],[113.55,-7.132],[113.55,-7.1295],[113.547,-7.117],[113.5645,-7.1095],[113.566,-7.1095],[113.5725,-7.1115],[113.573,-7.1105],[113.575,-7.109]]]},"properties":{"code":"35.28.08.2007","name":"Larangan Luar","latitude":-7.110346924019536,"longitude":113.55412370014777}},{"type":"Feature","geometry":{"type":"Polygon","coordinates":[[[113.5725,-7.1115],[113.566,-7.1095],[113.5645,-7.1095],[113.547,-7.117],[113.55,-7.1295],[113.5505,-7.129],[113.557,-7.121],[113.557,-7.1195],[113.5575,-7.1185],[113.5675,-7.116],[113.5695,-7.116],[113.57,-7.1155],[113.5705,-7.1135],[113.5715,-7.113],[113.572,-7.1125],[113.5725,-7.1115]]]},"properties":{"code":"35.28.08.2008","name":"Larangan Dalam","latitude":-7.117429036244306,"longitude":113.55695310361781}},{"type":"Feature","geometry":{"type":"Polygon","coordinates":[[[113.57,-7.1225],[113.571,-7.1195],[113.571,-7.1175],[113.5705,-7.1155],[113.57,-7.1155],[113.5695,-7.116],[113.5675,-7.116],[113.5575,-7.1185],[113.557,-7.1195],[113.557,-7.121],[113.5575,-7.1215],[113.557,-7.124],[113.5595,-7.129],[113.56,-7.1295],[113.5645,-7.13],[113.5665,-7.1295],[113.569,-7.1285],[113.57,-7.1225]]]},"properties":{"code":"35.28.08.2009","name":"Panaguan","latitude":-7.122401498290086,"longitude":113.56403897154571}},{"type":"Feature","geometry":{"type":"Polygon","coordinates":[[[113.58,-7.122],[113.5785,-7.121],[113.57,-7.1225],[113.569,-7.1285],[113.576,-7.1365],[113.5815,-7.139],[113.5865,-7.1435],[113.598,-7.132],[113.5975,-7.1315],[113.596,-7.1305],[113.58,-7.122]]]},"properties":{"code":"35.28.08.2010","name":"Montok","latitude":-7.131839891136734,"longitude":113.58212626139492}},{"type":"Feature","geometry":{"type":"Polygon","coordinates":[[[113.575,-7.109],[113.573,-7.1105],[113.5725,-7.1115],[113.572,-7.1125],[113.5715,-7.113],[113.57,-7.115],[113.57,-7.1155],[113.5705,-7.1155],[113.571,-7.1175],[113.571,-7.1195],[113.57,-7.1225],[113.5785,-7.121],[113.5805,-7.122],[113.5805,-7.1215],[113.5805,-7.1185],[113.581,-7.118],[113.581,-7.1165],[113.581,-7.1155],[113.575,-7.109]]]},"properties":{"code":"35.28.08.2011","name":"Taraban","latitude":-7.1163837482833,"longitude":113.5754603417475}},{"type":"Feature","geometry":{"type":"Polygon","coordinates":[[[113.5865,-7.119],[113.5875,-7.1155],[113.584,-7.092],[113.5795,-7.093],[113.578,-7.094],[113.5695,-7.0945],[113.566,-7.098],[113.5665,-7.0995],[113.575,-7.109],[113.581,-7.1155],[113.581,-7.1165],[113.581,-7.118],[113.583,-7.119],[113.5865,-7.119]]]},"properties":{"code":"35.28.08.2012","name":"Duko Timur","latitude":-7.104149839128041,"longitude":113.57901209749996}},{"type":"Feature","geometry":{"type":"Polygon","coordinates":[[[113.596,-7.1305],[113.5925,-7.117],[113.5925,-7.116],[113.591,-7.121],[113.5905,-7.122],[113.5865,-7.122],[113.5865,-7.119],[113.583,-7.119],[113.581,-7.118],[113.5805,-7.1215],[113.5805,-7.122],[113.58,-7.122],[113.596,-7.1305]]]},"properties":{"code":"35.28.08.2013","name":"Lancar","latitude":-7.123902237440194,"longitude":113.58882119274456}},{"type":"Feature","geometry":{"type":"Polygon","coordinates":[[[113.612,-7.105],[113.5995,-7.108],[113.599,-7.109],[113.599,-7.11],[113.5975,-7.112],[113.5925,-7.115],[113.5925,-7.117],[113.596,-7.1305],[113.5975,-7.1315],[113.598,-7.132],[113.602,-7.1285],[113.6095,-7.1135],[113.6105,-7.11],[113.611,-7.1075],[113.612,-7.105]]]},"properties":{"code":"35.28.08.2014","name":"Kaduara Barat","latitude":-7.117221159556816,"longitude":113.60146770818187}},{"type":"Feature","geometry":{"type":"Polygon","coordinates":[[[113.557,-7.0465],[113.556,-7.046],[113.5555,-7.046],[113.5545,-7.046],[113.5535,-7.0455],[113.554,-7.042],[113.5515,-7.043],[113.545,-7.046],[113.5445,-7.046],[113.5445,-7.0435],[113.5405,-7.042],[113.5395,-7.0455],[113.539,-7.047],[113.537,-7.0475],[113.5335,-7.0465],[113.5325,-7.0465],[113.535,-7.06],[113.5365,-7.062],[113.54,-7.062],[113.553,-7.062],[113.556,-7.0485],[113.5565,-7.0485],[113.557,-7.0475],[113.557,-7.0465]]]},"properties":{"code":"35.28.09.2001","name":"Bicorong","latitude":-7.0529333496762385,"longitude":113.54556418903891}},{"type":"Feature","geometry":{"type":"Polygon","coordinates":[[[113.568,-7.0415],[113.567,-7.041],[113.565,-7.0405],[113.561,-7.041],[113.557,-7.045],[113.557,-7.046],[113.557,-7.0475],[113.5565,-7.0485],[113.556,-7.0485],[113.553,-7.062],[113.553,-7.0645],[113.5535,-7.0645],[113.5545,-7.065],[113.5595,-7.0665],[113.5605,-7.066],[113.5625,-7.0575],[113.563,-7.056],[113.568,-7.0415]]]},"properties":{"code":"35.28.09.2002","name":"Klompang Barat","latitude":-7.0527799514065705,"longitude":113.5601586826173}},{"type":"Feature","geometry":{"type":"Polygon","coordinates":[[[113.571,-7.041],[113.5685,-7.0415],[113.568,-7.0415],[113.563,-7.056],[113.5625,-7.0575],[113.5605,-7.066],[113.56,-7.067],[113.563,-7.0675],[113.5635,-7.068],[113.5645,-7.0675],[113.566,-7.067],[113.568,-7.067],[113.5695,-7.0675],[113.571,-7.0675],[113.5715,-7.0675],[113.5715,-7.067],[113.571,-7.066],[113.5715,-7.0655],[113.572,-7.0655],[113.5725,-7.065],[113.5715,-7.0635],[113.5735,-7.0595],[113.5745,-7.058],[113.5745,-7.0575],[113.5755,-7.0565],[113.578,-7.051],[113.5785,-7.0495],[113.579,-7.0495],[113.5795,-7.049],[113.579,-7.049],[113.579,-7.0485],[113.5775,-7.0485],[113.572,-7.0415],[113.571,-7.041]]]},"properties":{"code":"35.28.09.2003","name":"Klompang Timur","latitude":-7.05570190791389,"longitude":113.56891245871101}},{"type":"Feature","geometry":{"type":"Polygon","coordinates":[[[113.601,-7.042],[113.5975,-7.04],[113.59,-7.046],[113.5895,-7.0475],[113.5845,-7.0555],[113.584,-7.0575],[113.5845,-7.058],[113.5845,-7.0605],[113.585,-7.061],[113.587,-7.0615],[113.591,-7.0615],[113.593,-7.059],[113.596,-7.055],[113.6015,-7.0475],[113.602,-7.046],[113.604,-7.045],[113.6035,-7.0415],[113.601,-7.042]]]},"properties":{"code":"35.28.09.2004","name":"Cenlecen","latitude":-7.050311368098025,"longitude":113.59363213598738}},{"type":"Feature","geometry":{"type":"Polygon","coordinates":[[[113.5895,-7.0475],[113.589,-7.046],[113.587,-7.0455],[113.586,-7.045],[113.585,-7.045],[113.584,-7.0455],[113.583,-7.0455],[113.58,-7.047],[113.5795,-7.048],[113.5795,-7.0485],[113.579,-7.0485],[113.579,-7.049],[113.5795,-7.049],[113.579,-7.0495],[113.5785,-7.0495],[113.578,-7.051],[113.5755,-7.0565],[113.5745,-7.0575],[113.5745,-7.058],[113.5755,-7.0585],[113.5755,-7.0575],[113.5765,-7.058],[113.5845,-7.0605],[113.5845,-7.058],[113.584,-7.0575],[113.5845,-7.0555],[113.5895,-7.0475]]]},"properties":{"code":"35.28.09.2005","name":"Bajang","latitude":-7.051883106102566,"longitude":113.58244094163616}},{"type":"Feature","geometry":{"type":"Polygon","coordinates":[[[113.5975,-7.04],[113.5955,-7.0395],[113.5905,-7.0395],[113.583,-7.0425],[113.583,-7.0435],[113.5835,-7.0455],[113.584,-7.0455],[113.585,-7.045],[113.586,-7.045],[113.587,-7.0455],[113.589,-7.046],[113.59,-7.046],[113.5975,-7.04]]]},"properties":{"code":"35.28.09.2006","name":"Banban","latitude":-7.042229687741417,"longitude":113.58948065598135}},{"type":"Feature","geometry":{"type":"Polygon","coordinates":[[[113.578,-7.039],[113.574,-7.038],[113.5715,-7.04],[113.572,-7.0415],[113.5775,-7.0485],[113.5795,-7.0485],[113.5795,-7.048],[113.58,-7.047],[113.583,-7.0455],[113.5835,-7.0455],[113.583,-7.0435],[113.579,-7.0415],[113.5785,-7.0405],[113.5785,-7.0395],[113.578,-7.039]]]},"properties":{"code":"35.28.09.2007","name":"Somalang","latitude":-7.043609890921091,"longitude":113.57658992549278}},{"type":"Feature","geometry":{"type":"Polygon","coordinates":[[[113.579,-7.022],[113.5785,-7.018],[113.5775,-7.0175],[113.568,-7.019],[113.5675,-7.02],[113.568,-7.021],[113.568,-7.024],[113.5685,-7.0255],[113.573,-7.029],[113.5695,-7.034],[113.574,-7.038],[113.578,-7.039],[113.578,-7.0355],[113.5765,-7.032],[113.5795,-7.0255],[113.579,-7.022]]]},"properties":{"code":"35.28.09.2008","name":"Palalang","latitude":-7.026575160067317,"longitude":113.57425303612571}},{"type":"Feature","geometry":{"type":"Polygon","coordinates":[[[113.574,-7.038],[113.5695,-7.034],[113.573,-7.029],[113.5685,-7.0255],[113.568,-7.024],[113.568,-7.021],[113.5675,-7.02],[113.568,-7.019],[113.567,-7.019],[113.56,-7.0205],[113.557,-7.021],[113.5585,-7.0275],[113.559,-7.031],[113.561,-7.041],[113.565,-7.0405],[113.567,-7.041],[113.568,-7.0415],[113.5685,-7.0415],[113.571,-7.041],[113.5715,-7.04],[113.574,-7.038]]]},"properties":{"code":"35.28.09.2009","name":"Seddur","latitude":-7.030667073451387,"longitude":113.5649566730294}},{"type":"Feature","geometry":{"type":"Polygon","coordinates":[[[113.554,-7.021],[113.5395,-7.0225],[113.538,-7.0225],[113.5385,-7.024],[113.542,-7.03],[113.5425,-7.03],[113.5515,-7.0425],[113.554,-7.042],[113.5535,-7.0455],[113.5545,-7.046],[113.5555,-7.046],[113.556,-7.046],[113.557,-7.0465],[113.557,-7.045],[113.561,-7.041],[113.559,-7.031],[113.5585,-7.0275],[113.557,-7.021],[113.554,-7.021]]]},"properties":{"code":"35.28.09.2010","name":"Pakong","latitude":-7.031281906539185,"longitude":113.55163638069345}},{"type":"Feature","geometry":{"type":"Polygon","coordinates":[[[113.538,-7.0225],[113.536,-7.0225],[113.541,-7.042],[113.5445,-7.0435],[113.5445,-7.046],[113.545,-7.046],[113.5515,-7.043],[113.5515,-7.0425],[113.5425,-7.03],[113.542,-7.03],[113.5385,-7.024],[113.538,-7.0225]]]},"properties":{"code":"35.28.09.2011","name":"Bandungan","latitude":-7.035981048541834,"longitude":113.54400331178316}},{"type":"Feature","geometry":{"type":"Polygon","coordinates":[[[113.536,-7.0225],[113.5355,-7.0225],[113.526,-7.0215],[113.525,-7.0205],[113.521,-7.021],[113.5205,-7.0215],[113.5205,-7.023],[113.5195,-7.023],[113.5205,-7.0375],[113.523,-7.04],[113.5265,-7.0415],[113.5315,-7.0445],[113.5335,-7.0465],[113.537,-7.0475],[113.539,-7.047],[113.5395,-7.0455],[113.5405,-7.042],[113.541,-7.042],[113.536,-7.0225]]]},"properties":{"code":"35.28.09.2012","name":"Lebbek","latitude":-7.033241065650583,"longitude":113.52964408874217}},{"type":"Feature","geometry":{"type":"Polygon","coordinates":[[[113.61,-6.994],[113.609,-6.994],[113.609,-6.993],[113.608,-6.992],[113.602,-6.995],[113.5915,-6.9935],[113.5755,-7.0005],[113.5735,-7.003],[113.5655,-7.004],[113.5645,-7.0045],[113.564,-7.0045],[113.5625,-7.0055],[113.5615,-7.007],[113.5555,-7.0115],[113.556,-7.0145],[113.554,-7.021],[113.56,-7.0205],[113.567,-7.019],[113.577,-7.018],[113.5785,-7.018],[113.5815,-7.0185],[113.5865,-7.018],[113.5875,-7.018],[113.5875,-7.017],[113.589,-7.017],[113.597,-7.01],[113.603,-7.01],[113.6065,-7.0105],[113.6145,-7.011],[113.6155,-7.0105],[113.619,-7.0085],[113.615,-7.005],[113.613,-7.0045],[113.6105,-7.0015],[113.61,-6.998],[113.609,-6.9975],[113.6085,-6.9965],[113.6095,-6.9955],[113.61,-6.9955],[113.6105,-6.9955],[113.6105,-6.995],[113.61,-6.994]]]},"properties":{"code":"35.28.10.2001","name":"Bajur","latitude":-7.007117583365561,"longitude":113.58524697387811}},{"type":"Feature","geometry":{"type":"Polygon","coordinates":[[[113.547,-6.9995],[113.5365,-6.993],[113.5355,-6.9925],[113.5355,-6.9935],[113.5355,-6.994],[113.534,-6.9955],[113.53,-6.9985],[113.53,-7],[113.53,-7.0005],[113.5315,-7.0025],[113.5215,-7.016],[113.522,-7.018],[113.5205,-7.02],[113.5185,-7.0215],[113.5205,-7.022],[113.521,-7.021],[113.525,-7.0205],[113.526,-7.0215],[113.5355,-7.0225],[113.5395,-7.0225],[113.554,-7.021],[113.556,-7.0145],[113.5555,-7.0115],[113.555,-7.009],[113.555,-7.0075],[113.5495,-7.003],[113.547,-6.9995]]]},"properties":{"code":"35.28.10.2002","name":"Sumber Waru","latitude":-7.010941106037,"longitude":113.53949193304483}},{"type":"Feature","geometry":{"type":"Polygon","coordinates":[[[113.5555,-6.977],[113.5485,-6.9765],[113.536,-6.9775],[113.5355,-6.9795],[113.5355,-6.9925],[113.5365,-6.993],[113.547,-6.9995],[113.548,-6.9925],[113.55,-6.99],[113.5545,-6.9885],[113.5545,-6.981],[113.5555,-6.977]]]},"properties":{"code":"35.28.10.2003","name":"Tampojung Pregih","latitude":-6.986027474268181,"longitude":113.5436769151192}},{"type":"Feature","geometry":{"type":"Polygon","coordinates":[[[113.5545,-6.9885],[113.55,-6.99],[113.548,-6.9925],[113.547,-6.9995],[113.5495,-7.003],[113.554,-7.0045],[113.56,-6.9935],[113.5545,-6.9885]]]},"properties":{"code":"35.28.10.2004","name":"Tampojung Guwa","latitude":-6.995795368138836,"longitude":113.55318847506936}},{"type":"Feature","geometry":{"type":"Polygon","coordinates":[[[113.5685,-6.9795],[113.5565,-6.977],[113.5555,-6.977],[113.5545,-6.981],[113.5545,-6.9885],[113.56,-6.9935],[113.554,-7.0045],[113.555,-7.0075],[113.555,-7.009],[113.5555,-7.0115],[113.5615,-7.007],[113.5625,-7.0055],[113.564,-7.0045],[113.5645,-7.0045],[113.564,-7.003],[113.565,-7.001],[113.562,-6.996],[113.5685,-6.98],[113.5685,-6.9795]]]},"properties":{"code":"35.28.10.2005","name":"Tampojung Tengah","latitude":-6.99061301612332,"longitude":113.5604327888864}},{"type":"Feature","geometry":{"type":"Polygon","coordinates":[[[113.57,-6.9805],[113.5685,-6.98],[113.562,-6.996],[113.565,-7.001],[113.564,-7.003],[113.5645,-7.0045],[113.5655,-7.004],[113.5735,-7.003],[113.575,-7.001],[113.572,-7],[113.5735,-6.9975],[113.576,-6.9945],[113.577,-6.993],[113.57,-6.9805]]]},"properties":{"code":"35.28.10.2006","name":"Tampojung Tenggina","latitude":-6.993872199552286,"longitude":113.56926820367453}},{"type":"Feature","geometry":{"type":"Polygon","coordinates":[[[113.6065,-6.986],[113.5795,-6.9825],[113.5775,-6.981],[113.576,-6.981],[113.5715,-6.981],[113.57,-6.9805],[113.577,-6.993],[113.576,-6.9945],[113.5735,-6.9975],[113.572,-7],[113.575,-7.001],[113.5755,-7.0005],[113.5915,-6.9935],[113.602,-6.995],[113.608,-6.992],[113.609,-6.993],[113.609,-6.994],[113.61,-6.994],[113.61,-6.991],[113.611,-6.987],[113.608,-6.9865],[113.6065,-6.986]]]},"properties":{"code":"35.28.10.2007","name":"Ragang","latitude":-6.989753609065991,"longitude":113.58815327142192}},{"type":"Feature","geometry":{"type":"Polygon","coordinates":[[[113.579,-6.9595],[113.5785,-6.9605],[113.5785,-6.959],[113.577,-6.9595],[113.577,-6.963],[113.573,-6.968],[113.5675,-6.968],[113.566,-6.97],[113.565,-6.97],[113.563,-6.97],[113.5615,-6.9705],[113.5605,-6.9705],[113.557,-6.9675],[113.557,-6.967],[113.5565,-6.967],[113.555,-6.9675],[113.536,-6.973],[113.536,-6.9755],[113.536,-6.977],[113.536,-6.9775],[113.5485,-6.9765],[113.5545,-6.9765],[113.5565,-6.977],[113.5685,-6.9795],[113.5715,-6.981],[113.576,-6.981],[113.5775,-6.981],[113.5795,-6.9825],[113.6065,-6.986],[113.605,-6.9775],[113.595,-6.967],[113.585,-6.9645],[113.584,-6.9645],[113.5825,-6.9635],[113.5835,-6.9615],[113.5805,-6.961],[113.5795,-6.96],[113.579,-6.9595]]]},"properties":{"code":"35.28.10.2008","name":"Sana Laok","latitude":-6.974599285863128,"longitude":113.57840374030708}},{"type":"Feature","geometry":{"type":"Polygon","coordinates":[[[113.5755,-6.9295],[113.5755,-6.9255],[113.5735,-6.9255],[113.5725,-6.926],[113.5695,-6.9285],[113.567,-6.9285],[113.5655,-6.929],[113.565,-6.9315],[113.559,-6.9345],[113.56,-6.9355],[113.5675,-6.942],[113.5675,-6.943],[113.566,-6.947],[113.566,-6.9485],[113.563,-6.9535],[113.559,-6.9565],[113.5355,-6.9645],[113.5345,-6.971],[113.536,-6.973],[113.555,-6.9675],[113.5565,-6.967],[113.557,-6.967],[113.557,-6.9675],[113.5605,-6.9705],[113.5615,-6.9705],[113.563,-6.97],[113.565,-6.97],[113.566,-6.97],[113.5675,-6.968],[113.573,-6.968],[113.577,-6.963],[113.577,-6.9595],[113.5785,-6.959],[113.5785,-6.9605],[113.579,-6.9595],[113.5785,-6.959],[113.579,-6.9585],[113.5785,-6.958],[113.5815,-6.9545],[113.5825,-6.9555],[113.5845,-6.9545],[113.5855,-6.9525],[113.585,-6.951],[113.573,-6.944],[113.5755,-6.9295]]]},"properties":{"code":"35.28.10.2009","name":"Waru Timur","latitude":-6.953984348779335,"longitude":113.56392577816163}},{"type":"Feature","geometry":{"type":"Polygon","coordinates":[[[113.565,-6.9315],[113.56,-6.931],[113.554,-6.9355],[113.5535,-6.9375],[113.5515,-6.938],[113.551,-6.9385],[113.5485,-6.938],[113.5475,-6.938],[113.5435,-6.9385],[113.543,-6.939],[113.539,-6.944],[113.5365,-6.9445],[113.536,-6.9465],[113.5335,-6.949],[113.5335,-6.951],[113.5355,-6.9645],[113.559,-6.9565],[113.563,-6.9535],[113.566,-6.9485],[113.566,-6.947],[113.5675,-6.943],[113.5675,-6.942],[113.56,-6.9355],[113.559,-6.9345],[113.565,-6.9315]]]},"properties":{"code":"35.28.10.2010","name":"Waru Barat","latitude":-6.949447433105883,"longitude":113.54945284187127}},{"type":"Feature","geometry":{"type":"Polygon","coordinates":[[[113.566,-6.928],[113.5665,-6.927],[113.57,-6.921],[113.569,-6.9195],[113.565,-6.921],[113.565,-6.9215],[113.5635,-6.9225],[113.5595,-6.9275],[113.5435,-6.9275],[113.545,-6.929],[113.5455,-6.9315],[113.545,-6.9315],[113.546,-6.934],[113.545,-6.9375],[113.5435,-6.9385],[113.5475,-6.938],[113.5485,-6.938],[113.551,-6.9385],[113.5515,-6.938],[113.5535,-6.9375],[113.554,-6.9355],[113.56,-6.931],[113.5655,-6.929],[113.566,-6.928]]]},"properties":{"code":"35.28.10.2011","name":"Tlonto Ares","latitude":-6.929933752920591,"longitude":113.55578945879924}},{"type":"Feature","geometry":{"type":"Polygon","coordinates":[[[113.5435,-6.9275],[113.54,-6.9285],[113.5365,-6.9285],[113.5325,-6.929],[113.531,-6.9295],[113.531,-6.93],[113.5295,-6.9305],[113.533,-6.9465],[113.5335,-6.949],[113.536,-6.9465],[113.5365,-6.9445],[113.539,-6.944],[113.543,-6.939],[113.545,-6.9375],[113.546,-6.934],[113.545,-6.9315],[113.5455,-6.9315],[113.545,-6.929],[113.5435,-6.9275]]]},"properties":{"code":"35.28.10.2012","name":"Tagangser Laok","latitude":-6.936198653357009,"longitude":113.53706806833212}},{"type":"Feature","geometry":{"type":"Polygon","coordinates":[[[113.493,-6.9505],[113.4895,-6.952],[113.4875,-6.9525],[113.481,-6.9505],[113.4665,-6.9425],[113.4595,-6.943],[113.465,-6.947],[113.4645,-6.9485],[113.462,-6.958],[113.4595,-6.9615],[113.4575,-6.964],[113.4565,-6.9655],[113.4585,-6.9725],[113.458,-6.976],[113.4545,-6.9805],[113.455,-6.9825],[113.4555,-6.985],[113.456,-6.987],[113.457,-6.9875],[113.477,-6.996],[113.478,-6.9975],[113.478,-6.997],[113.478,-6.9965],[113.478,-6.9955],[113.4795,-6.9925],[113.482,-6.989],[113.4785,-6.982],[113.49,-6.969],[113.491,-6.966],[113.49,-6.963],[113.4905,-6.961],[113.4895,-6.9595],[113.4915,-6.952],[113.493,-6.9505]]]},"properties":{"code":"35.28.11.2001","name":"Bujur Barat","latitude":-6.968636272357452,"longitude":113.4719068926569}},{"type":"Feature","geometry":{"type":"Polygon","coordinates":[[[113.462,-6.958],[113.4645,-6.9485],[113.465,-6.947],[113.4595,-6.943],[113.459,-6.943],[113.46,-6.9505],[113.441,-6.9565],[113.4375,-6.9585],[113.4355,-6.96],[113.436,-6.9615],[113.4345,-6.9625],[113.432,-6.971],[113.4305,-6.974],[113.431,-6.9745],[113.433,-6.975],[113.436,-6.981],[113.4365,-6.9815],[113.4375,-6.9795],[113.443,-6.98],[113.445,-6.9795],[113.4475,-6.9865],[113.4485,-6.9865],[113.456,-6.987],[113.4555,-6.985],[113.455,-6.9825],[113.4545,-6.9805],[113.458,-6.976],[113.4585,-6.9725],[113.4565,-6.9655],[113.4575,-6.964],[113.4595,-6.9615],[113.462,-6.958]]]},"properties":{"code":"35.28.11.2002","name":"Pangereman","latitude":-6.967013524553248,"longitude":113.4479886178666}},{"type":"Feature","geometry":{"type":"Polygon","coordinates":[[[113.472,-6.933],[113.4705,-6.933],[113.4695,-6.9325],[113.4675,-6.931],[113.4665,-6.9345],[113.4615,-6.935],[113.461,-6.9355],[113.4595,-6.9425],[113.4595,-6.943],[113.4665,-6.9425],[113.481,-6.9505],[113.4875,-6.9525],[113.4895,-6.952],[113.493,-6.9505],[113.493,-6.9495],[113.4935,-6.9465],[113.493,-6.94],[113.4895,-6.9375],[113.4895,-6.9365],[113.472,-6.933]]]},"properties":{"code":"35.28.11.2003","name":"Bangserreh","latitude":-6.94164905503038,"longitude":113.47847654891333}},{"type":"Feature","geometry":{"type":"Polygon","coordinates":[[[113.516,-6.93],[113.5165,-6.929],[113.512,-6.9305],[113.508,-6.9305],[113.5055,-6.9305],[113.5025,-6.93],[113.5035,-6.9465],[113.4975,-6.949],[113.4945,-6.9485],[113.493,-6.948],[113.493,-6.9495],[113.493,-6.9505],[113.4915,-6.952],[113.4895,-6.9595],[113.491,-6.9605],[113.5085,-6.9625],[113.5145,-6.944],[113.5155,-6.944],[113.516,-6.93]]]},"properties":{"code":"35.28.11.2004","name":"Lesong Laok","latitude":-6.947853323426475,"longitude":113.50437305460241}},{"type":"Feature","geometry":{"type":"Polygon","coordinates":[[[113.5265,-6.963],[113.5235,-6.953],[113.5235,-6.9135],[113.5235,-6.912],[113.5225,-6.9095],[113.5225,-6.9085],[113.52,-6.908],[113.5165,-6.929],[113.516,-6.93],[113.5155,-6.944],[113.5145,-6.944],[113.5085,-6.9625],[113.509,-6.9635],[113.5265,-6.963]]]},"properties":{"code":"35.28.11.2005","name":"Ponjanan Barat","latitude":-6.943352553131309,"longitude":113.5185410321446}},{"type":"Feature","geometry":{"type":"Polygon","coordinates":[[[113.5255,-6.915],[113.524,-6.915],[113.5235,-6.9135],[113.5235,-6.953],[113.5265,-6.963],[113.5355,-6.9645],[113.5335,-6.951],[113.5335,-6.95],[113.533,-6.9465],[113.5295,-6.9305],[113.531,-6.93],[113.5315,-6.929],[113.5305,-6.927],[113.5305,-6.9245],[113.53,-6.924],[113.532,-6.92],[113.533,-6.914],[113.5315,-6.915],[113.529,-6.9155],[113.5255,-6.915]]]},"properties":{"code":"35.28.11.2006","name":"Ponjanan Timur","latitude":-6.9404693413733325,"longitude":113.52836269683472}},{"type":"Feature","geometry":{"type":"Polygon","coordinates":[[[113.5245,-6.896],[113.5155,-6.895],[113.5215,-6.9075],[113.5225,-6.9085],[113.5225,-6.9095],[113.5235,-6.912],[113.5235,-6.9135],[113.524,-6.915],[113.5255,-6.915],[113.529,-6.9155],[113.5315,-6.915],[113.533,-6.914],[113.5325,-6.913],[113.533,-6.9115],[113.5305,-6.9085],[113.5245,-6.896]]]},"properties":{"code":"35.28.11.2007","name":"Kapong","latitude":-6.905163594989809,"longitude":113.52455928597453}},{"type":"Feature","geometry":{"type":"Polygon","coordinates":[[[113.5155,-6.895],[113.507,-6.897],[113.5015,-6.9175],[113.5015,-6.9195],[113.5025,-6.9255],[113.503,-6.93],[113.5055,-6.9305],[113.508,-6.9305],[113.512,-6.9305],[113.5165,-6.929],[113.52,-6.908],[113.5215,-6.9075],[113.5155,-6.895]]]},"properties":{"code":"35.28.11.2008","name":"Lesong Daja","latitude":-6.91404267921195,"longitude":113.511127541461}},{"type":"Feature","geometry":{"type":"Polygon","coordinates":[[[113.507,-6.897],[113.491,-6.897],[113.491,-6.8985],[113.49,-6.901],[113.488,-6.9165],[113.4875,-6.9205],[113.4885,-6.9285],[113.489,-6.934],[113.49,-6.9365],[113.4895,-6.9375],[113.493,-6.94],[113.4935,-6.9465],[113.493,-6.948],[113.4945,-6.9485],[113.4975,-6.949],[113.5035,-6.9465],[113.5025,-6.93],[113.503,-6.93],[113.5025,-6.9255],[113.5015,-6.9195],[113.5015,-6.9175],[113.507,-6.897]]]},"properties":{"code":"35.28.11.2009","name":"Batu Bintang","latitude":-6.921459438241025,"longitude":113.49724251497611}},{"type":"Feature","geometry":{"type":"Polygon","coordinates":[[[113.491,-6.897],[113.4875,-6.897],[113.4835,-6.899],[113.4835,-6.9],[113.48,-6.9045],[113.4775,-6.906],[113.477,-6.9075],[113.477,-6.91],[113.4775,-6.9215],[113.478,-6.9245],[113.4685,-6.9295],[113.468,-6.929],[113.4675,-6.93],[113.4675,-6.931],[113.4695,-6.9325],[113.4705,-6.933],[113.472,-6.933],[113.4895,-6.9365],[113.49,-6.9365],[113.489,-6.934],[113.4885,-6.9285],[113.4875,-6.9205],[113.488,-6.9165],[113.49,-6.901],[113.491,-6.8985],[113.491,-6.897]]]},"properties":{"code":"35.28.11.2010","name":"Blaban","latitude":-6.918307022978195,"longitude":113.48302589488333}},{"type":"Feature","geometry":{"type":"Polygon","coordinates":[[[113.4875,-6.897],[113.4835,-6.8965],[113.4835,-6.899],[113.4875,-6.897]]]},"properties":{"code":"35.28.11.2011","name":"Tamberu","latitude":-6.898123126738293,"longitude":113.48543777201544}},{"type":"Feature","geometry":{"type":"Polygon","coordinates":[[[113.5085,-6.9625],[113.491,-6.9605],[113.4905,-6.961],[113.49,-6.963],[113.491,-6.966],[113.49,-6.969],[113.4785,-6.982],[113.482,-6.989],[113.4795,-6.9925],[113.478,-6.9955],[113.478,-6.9965],[113.478,-6.997],[113.478,-6.9975],[113.48,-7],[113.4865,-7.0125],[113.4865,-7.0135],[113.487,-7.0135],[113.4865,-7.0145],[113.485,-7.0155],[113.485,-7.016],[113.508,-7.0115],[113.508,-7.0055],[113.507,-7.004],[113.506,-7.004],[113.5055,-7.001],[113.511,-6.991],[113.508,-6.9665],[113.5085,-6.9625]]]},"properties":{"code":"35.28.11.2012","name":"Bujur Tengah","latitude":-6.987993231132087,"longitude":113.49527929143807}},{"type":"Feature","geometry":{"type":"Polygon","coordinates":[[[113.5265,-6.963],[113.509,-6.9635],[113.508,-6.9665],[113.511,-6.991],[113.5055,-7.001],[113.506,-7.004],[113.507,-7.004],[113.508,-7.0055],[113.508,-7.0115],[113.5115,-7.013],[113.516,-7.0135],[113.5215,-7.016],[113.5315,-7.0025],[113.53,-7.0005],[113.53,-7],[113.53,-6.9985],[113.534,-6.9955],[113.5355,-6.994],[113.5355,-6.9935],[113.5355,-6.9925],[113.5355,-6.9795],[113.536,-6.977],[113.536,-6.9755],[113.5345,-6.971],[113.5355,-6.9645],[113.5265,-6.963]]]},"properties":{"code":"35.28.11.2013","name":"Bujur Timur","latitude":-6.9874336248337325,"longitude":113.52063813143674}},{"type":"Feature","geometry":{"type":"Polygon","coordinates":[[[113.5285,-7.0965],[113.5065,-7.0925],[113.5045,-7.093],[113.501,-7.0925],[113.502,-7.093],[113.499,-7.1095],[113.5005,-7.11],[113.501,-7.1105],[113.5,-7.111],[113.501,-7.1115],[113.5015,-7.1115],[113.503,-7.11],[113.5205,-7.1075],[113.528,-7.101],[113.5285,-7.0965]]]},"properties":{"code":"35.28.12.2001","name":"Pamaroh","latitude":-7.100128320898883,"longitude":113.51288561099548}},{"type":"Feature","geometry":{"type":"Polygon","coordinates":[[[113.535,-7.06],[113.533,-7.0605],[113.53,-7.0605],[113.5275,-7.061],[113.5245,-7.062],[113.5215,-7.0635],[113.519,-7.069],[113.516,-7.0695],[113.5155,-7.0695],[113.5105,-7.072],[113.5055,-7.0755],[113.5045,-7.092],[113.5045,-7.093],[113.5065,-7.0925],[113.5285,-7.0965],[113.5305,-7.0915],[113.5315,-7.0905],[113.532,-7.0875],[113.5385,-7.0665],[113.538,-7.0645],[113.5385,-7.0635],[113.538,-7.0625],[113.5365,-7.062],[113.535,-7.06]]]},"properties":{"code":"35.28.12.2002","name":"Pamoroh","latitude":-7.078836866601509,"longitude":113.52147314351252}},{"type":"Feature","geometry":{"type":"Polygon","coordinates":[[[113.596,-7.0965],[113.5955,-7.0965],[113.584,-7.091],[113.5815,-7.09],[113.5805,-7.0915],[113.584,-7.092],[113.5875,-7.1155],[113.5865,-7.122],[113.5905,-7.122],[113.591,-7.121],[113.5925,-7.116],[113.5925,-7.115],[113.5975,-7.112],[113.5975,-7.1115],[113.5955,-7.105],[113.596,-7.1025],[113.5965,-7.099],[113.5965,-7.098],[113.596,-7.0965]]]},"properties":{"code":"35.28.12.2003","name":"Sokolelah","latitude":-7.1043911062504055,"longitude":113.58946174782031}},{"type":"Feature","geometry":{"type":"Polygon","coordinates":[[[113.6095,-7.089],[113.609,-7.089],[113.6055,-7.0895],[113.604,-7.0885],[113.6015,-7.0885],[113.601,-7.089],[113.597,-7.096],[113.596,-7.0965],[113.5965,-7.098],[113.5965,-7.099],[113.596,-7.1025],[113.5955,-7.105],[113.5975,-7.1115],[113.599,-7.11],[113.599,-7.109],[113.5985,-7.106],[113.6055,-7.095],[113.608,-7.093],[113.608,-7.0915],[113.609,-7.09],[113.6095,-7.0895],[113.6095,-7.089]]]},"properties":{"code":"35.28.12.2004","name":"Gagah","latitude":-7.098873002215672,"longitude":113.60010083824953}},{"type":"Feature","geometry":{"type":"Polygon","coordinates":[[[113.622,-7.095],[113.6195,-7.096],[113.619,-7.0965],[113.61,-7.091],[113.61,-7.0905],[113.6105,-7.0895],[113.61,-7.089],[113.6095,-7.089],[113.6095,-7.0895],[113.609,-7.09],[113.608,-7.0915],[113.608,-7.093],[113.6055,-7.095],[113.5985,-7.106],[113.5995,-7.108],[113.612,-7.105],[113.6225,-7.0985],[113.623,-7.097],[113.6225,-7.097],[113.622,-7.0965],[113.622,-7.096],[113.6225,-7.0955],[113.622,-7.095]]]},"properties":{"code":"35.28.12.2005","name":"Kertagena Laok","latitude":-7.100294341209794,"longitude":113.61061287966966}},{"type":"Feature","geometry":{"type":"Polygon","coordinates":[[[113.6135,-7.079],[113.5955,-7.0725],[113.5915,-7.0795],[113.5925,-7.0855],[113.601,-7.089],[113.6015,-7.0885],[113.604,-7.0885],[113.6055,-7.0895],[113.609,-7.089],[113.6095,-7.089],[113.61,-7.089],[113.6105,-7.0895],[113.61,-7.0905],[113.61,-7.091],[113.619,-7.0965],[113.6195,-7.096],[113.622,-7.095],[113.6215,-7.0935],[113.6215,-7.0865],[113.6205,-7.085],[113.617,-7.082],[113.6135,-7.079]]]},"properties":{"code":"35.28.12.2006","name":"Kertagena Tengah","latitude":-7.084495573131986,"longitude":113.60700670304722}},{"type":"Feature","geometry":{"type":"Polygon","coordinates":[[[113.5955,-7.0725],[113.5955,-7.071],[113.5945,-7.07],[113.584,-7.0645],[113.583,-7.064],[113.583,-7.065],[113.575,-7.066],[113.574,-7.067],[113.572,-7.071],[113.572,-7.0725],[113.575,-7.073],[113.5765,-7.076],[113.565,-7.088],[113.5695,-7.0945],[113.578,-7.094],[113.5795,-7.093],[113.5805,-7.0915],[113.5815,-7.09],[113.584,-7.091],[113.5955,-7.0965],[113.597,-7.096],[113.601,-7.089],[113.5925,-7.0855],[113.5915,-7.0795],[113.5955,-7.0725]]]},"properties":{"code":"35.28.12.2007","name":"Bungbaruh","latitude":-7.081341406500598,"longitude":113.5829026820305}},{"type":"Feature","geometry":{"type":"Polygon","coordinates":[[[113.56,-7.067],[113.5595,-7.0665],[113.5545,-7.065],[113.554,-7.065],[113.554,-7.0665],[113.554,-7.0685],[113.5555,-7.0705],[113.5545,-7.079],[113.548,-7.099],[113.548,-7.0995],[113.549,-7.0995],[113.551,-7.1005],[113.555,-7.102],[113.5575,-7.101],[113.563,-7.099],[113.565,-7.0995],[113.566,-7.098],[113.5695,-7.0945],[113.565,-7.088],[113.5765,-7.076],[113.575,-7.073],[113.572,-7.0725],[113.572,-7.071],[113.574,-7.067],[113.574,-7.066],[113.5735,-7.0655],[113.572,-7.0655],[113.5715,-7.0655],[113.571,-7.066],[113.5715,-7.067],[113.5715,-7.0675],[113.571,-7.0675],[113.5695,-7.0675],[113.568,-7.067],[113.566,-7.067],[113.5645,-7.0675],[113.5635,-7.068],[113.563,-7.0675],[113.56,-7.067]]]},"properties":{"code":"35.28.12.2008","name":"Kadur","latitude":-7.083092237832223,"longitude":113.56142132752099}},{"type":"Feature","geometry":{"type":"Polygon","coordinates":[[[113.553,-7.062],[113.54,-7.062],[113.538,-7.0625],[113.5385,-7.0635],[113.538,-7.0645],[113.5385,-7.0665],[113.532,-7.0875],[113.5315,-7.0905],[113.5305,-7.0915],[113.528,-7.101],[113.5395,-7.106],[113.5415,-7.1065],[113.547,-7.1015],[113.547,-7.1],[113.548,-7.099],[113.5545,-7.079],[113.5555,-7.0705],[113.554,-7.0685],[113.554,-7.0665],[113.554,-7.065],[113.5535,-7.0645],[113.553,-7.0645],[113.553,-7.062]]]},"properties":{"code":"35.28.12.2009","name":"Bangkes","latitude":-7.083373434930662,"longitude":113.54244810439033}},{"type":"Feature","geometry":{"type":"Polygon","coordinates":[[[113.5845,-7.0605],[113.5765,-7.058],[113.5755,-7.0575],[113.5755,-7.0585],[113.5745,-7.058],[113.5735,-7.0595],[113.5715,-7.0635],[113.5725,-7.065],[113.5735,-7.0655],[113.574,-7.066],[113.575,-7.066],[113.583,-7.065],[113.583,-7.064],[113.584,-7.0645],[113.5945,-7.07],[113.5955,-7.071],[113.5955,-7.0725],[113.6135,-7.079],[113.611,-7.075],[113.608,-7.072],[113.605,-7.068],[113.603,-7.067],[113.6015,-7.066],[113.599,-7.0625],[113.596,-7.0625],[113.593,-7.062],[113.591,-7.0615],[113.587,-7.0615],[113.585,-7.061],[113.5845,-7.0605]]]},"properties":{"code":"35.28.12.2010","name":"Kertagena Dajah","latitude":-7.067307713630756,"longitude":113.59327689943741}},{"type":"Feature","geometry":{"type":"Polygon","coordinates":[[[113.6085,-6.9365],[113.605,-6.9365],[113.6065,-6.941],[113.607,-6.943],[113.6075,-6.944],[113.604,-6.9455],[113.6015,-6.946],[113.599,-6.9505],[113.5965,-6.9515],[113.594,-6.952],[113.585,-6.951],[113.5855,-6.9525],[113.5845,-6.9545],[113.5825,-6.9555],[113.5815,-6.9545],[113.5785,-6.958],[113.579,-6.9585],[113.5785,-6.959],[113.5795,-6.96],[113.5805,-6.961],[113.5835,-6.9615],[113.5825,-6.9635],[113.584,-6.9645],[113.585,-6.9645],[113.595,-6.967],[113.605,-6.9775],[113.6065,-6.986],[113.608,-6.9865],[113.611,-6.987],[113.611,-6.9865],[113.612,-6.9805],[113.6105,-6.979],[113.6105,-6.971],[113.6175,-6.966],[113.625,-6.957],[113.625,-6.95],[113.6255,-6.9485],[113.626,-6.948],[113.626,-6.9475],[113.625,-6.9465],[113.625,-6.945],[113.6215,-6.944],[113.613,-6.94],[113.6115,-6.938],[113.61,-6.9395],[113.61,-6.9365],[113.6085,-6.9365]]]},"properties":{"code":"35.28.13.2001","name":"Sana Tengah","latitude":-6.958101620002032,"longitude":113.60575740485291}},{"type":"Feature","geometry":{"type":"Polygon","coordinates":[[[113.6,-6.929],[113.598,-6.929],[113.5965,-6.9295],[113.5755,-6.9295],[113.573,-6.944],[113.585,-6.951],[113.594,-6.952],[113.5965,-6.9515],[113.599,-6.9505],[113.6015,-6.946],[113.604,-6.9455],[113.6075,-6.944],[113.607,-6.943],[113.6065,-6.941],[113.605,-6.9365],[113.6,-6.929]]]},"properties":{"code":"35.28.13.2002","name":"Sana Daja","latitude":-6.940089554424822,"longitude":113.58990806068958}},{"type":"Feature","geometry":{"type":"Polygon","coordinates":[[[113.5435,-6.9125],[113.5415,-6.912],[113.538,-6.9135],[113.537,-6.912],[113.5345,-6.912],[113.5335,-6.9125],[113.5325,-6.9125],[113.5325,-6.913],[113.533,-6.914],[113.532,-6.92],[113.53,-6.924],[113.5305,-6.9245],[113.5305,-6.927],[113.5315,-6.929],[113.531,-6.9295],[113.5325,-6.929],[113.5365,-6.9285],[113.54,-6.9285],[113.5435,-6.9275],[113.5445,-6.925],[113.544,-6.9135],[113.5435,-6.9125]]]},"properties":{"code":"35.28.13.2003","name":"Tagangser Daja","latitude":-6.920953425951547,"longitude":113.53806352598949}},{"type":"Feature","geometry":{"type":"Polygon","coordinates":[[[113.545,-6.8935],[113.5245,-6.896],[113.5305,-6.9085],[113.533,-6.9115],[113.5325,-6.9125],[113.5335,-6.9125],[113.5345,-6.912],[113.537,-6.912],[113.538,-6.9135],[113.5415,-6.912],[113.5435,-6.9125],[113.5435,-6.912],[113.545,-6.8935]]]},"properties":{"code":"35.28.13.2004","name":"Sotabar","latitude":-6.902424258363982,"longitude":113.53582862895145}},{"type":"Feature","geometry":{"type":"Polygon","coordinates":[[[113.575,-6.8925],[113.545,-6.8935],[113.5435,-6.912],[113.544,-6.9135],[113.5445,-6.925],[113.5435,-6.9275],[113.5595,-6.9275],[113.5635,-6.9225],[113.565,-6.9215],[113.565,-6.921],[113.569,-6.9195],[113.57,-6.921],[113.5665,-6.927],[113.566,-6.928],[113.567,-6.9285],[113.5695,-6.9285],[113.5725,-6.926],[113.5735,-6.9255],[113.575,-6.9245],[113.578,-6.9225],[113.578,-6.917],[113.5785,-6.915],[113.578,-6.914],[113.576,-6.914],[113.5755,-6.9125],[113.574,-6.899],[113.576,-6.8965],[113.576,-6.8955],[113.575,-6.895],[113.575,-6.8925]]]},"properties":{"code":"35.28.13.2005","name":"Tlonto Raja","latitude":-6.909626700208554,"longitude":113.55985251191287}},{"type":"Feature","geometry":{"type":"Polygon","coordinates":[[[113.614,-6.9135],[113.6115,-6.9145],[113.6075,-6.9135],[113.5785,-6.9135],[113.576,-6.914],[113.578,-6.914],[113.5785,-6.915],[113.578,-6.917],[113.578,-6.9225],[113.575,-6.9245],[113.5755,-6.9255],[113.5755,-6.9295],[113.5965,-6.9295],[113.598,-6.929],[113.6,-6.929],[113.605,-6.9365],[113.6085,-6.9365],[113.61,-6.9365],[113.6105,-6.935],[113.611,-6.9265],[113.6115,-6.925],[113.6155,-6.9205],[113.6175,-6.9185],[113.6175,-6.9155],[113.616,-6.915],[113.6145,-6.9135],[113.614,-6.9135]]]},"properties":{"code":"35.28.13.2006","name":"Dempo Barat","latitude":-6.9224800259959105,"longitude":113.59626713912029}},{"type":"Feature","geometry":{"type":"Polygon","coordinates":[[[113.6485,-6.922],[113.6345,-6.9175],[113.6185,-6.9155],[113.6175,-6.9155],[113.6175,-6.9185],[113.6155,-6.9205],[113.6115,-6.925],[113.611,-6.9265],[113.6105,-6.935],[113.61,-6.9395],[113.6115,-6.938],[113.613,-6.94],[113.6215,-6.944],[113.625,-6.945],[113.625,-6.9465],[113.626,-6.9475],[113.626,-6.947],[113.6275,-6.946],[113.629,-6.9425],[113.63,-6.941],[113.6325,-6.9385],[113.634,-6.9385],[113.6385,-6.9325],[113.639,-6.9305],[113.64,-6.929],[113.643,-6.9275],[113.6485,-6.922]]]},"properties":{"code":"35.28.13.2007","name":"Dempo Timur","latitude":-6.928794459164697,"longitude":113.62740449697874}},{"type":"Feature","geometry":{"type":"Polygon","coordinates":[[[113.6425,-6.8875],[113.63,-6.8895],[113.6165,-6.906],[113.614,-6.91],[113.6125,-6.912],[113.6145,-6.9135],[113.616,-6.915],[113.6185,-6.9155],[113.6345,-6.9175],[113.636,-6.9145],[113.6365,-6.912],[113.638,-6.905],[113.639,-6.9005],[113.642,-6.8925],[113.6425,-6.8875]]]},"properties":{"code":"35.28.13.2008","name":"Bindang","latitude":-6.904006014124115,"longitude":113.62949910375895}},{"type":"Feature","geometry":{"type":"Polygon","coordinates":[[[113.63,-6.8895],[113.589,-6.8885],[113.575,-6.8925],[113.575,-6.895],[113.576,-6.8955],[113.576,-6.8965],[113.574,-6.899],[113.5755,-6.9125],[113.576,-6.914],[113.5785,-6.9135],[113.6075,-6.9135],[113.6115,-6.9145],[113.614,-6.9135],[113.6125,-6.912],[113.614,-6.91],[113.6165,-6.906],[113.63,-6.8895]]]},"properties":{"code":"35.28.13.2009","name":"Batokerbuy","latitude":-6.900551427760618,"longitude":113.59941043517826}}]}