{"type":"FeatureCollection","features":[{"type":"Feature","geometry":{"type":"Polygon","coordinates":[[[124.4865,-9.339],[124.487,-9.3385],[124.4855,-9.3375],[124.4835,-9.3385],[124.483,-9.338],[124.4795,-9.339],[124.4695,-9.346],[124.469,-9.358],[124.468,-9.3595],[124.472,-9.3625],[124.4735,-9.3635],[124.4755,-9.3635],[124.4775,-9.364],[124.48,-9.362],[124.481,-9.362],[124.4815,-9.3595],[124.482,-9.3585],[124.4835,-9.3585],[124.4895,-9.358],[124.4905,-9.358],[124.4865,-9.339]]]},"properties":{"code":"53.03.01.2005","name":"Bokon","latitude":-9.35154089535111,"longitude":124.47949970889395}},{"type":"Feature","geometry":{"type":"Polygon","coordinates":[[[124.4695,-9.346],[124.461,-9.3465],[124.458,-9.345],[124.4565,-9.3445],[124.4535,-9.3455],[124.4525,-9.3455],[124.451,-9.346],[124.448,-9.346],[124.4475,-9.347],[124.45,-9.3495],[124.4495,-9.3505],[124.45,-9.3515],[124.4505,-9.3525],[124.451,-9.3545],[124.4505,-9.355],[124.449,-9.358],[124.447,-9.3735],[124.4485,-9.3745],[124.4495,-9.3835],[124.471,-9.3875],[124.4725,-9.3855],[124.474,-9.3845],[124.474,-9.384],[124.474,-9.3835],[124.4745,-9.38],[124.4745,-9.3775],[124.474,-9.377],[124.4735,-9.376],[124.473,-9.3735],[124.474,-9.3645],[124.4735,-9.3635],[124.472,-9.3625],[124.468,-9.3595],[124.469,-9.358],[124.4695,-9.346]]]},"properties":{"code":"53.03.01.2006","name":"Bitefa","latitude":-9.366974197765078,"longitude":124.46039705054643}},{"type":"Feature","geometry":{"type":"Polygon","coordinates":[[[124.49,-9.3585],[124.4895,-9.358],[124.4835,-9.3585],[124.482,-9.3585],[124.4815,-9.3595],[124.481,-9.362],[124.48,-9.362],[124.4775,-9.364],[124.4755,-9.3635],[124.474,-9.3645],[124.473,-9.3735],[124.4735,-9.376],[124.474,-9.377],[124.4745,-9.3775],[124.476,-9.378],[124.4775,-9.378],[124.4845,-9.378],[124.4865,-9.3775],[124.4875,-9.3775],[124.491,-9.3775],[124.493,-9.3785],[124.495,-9.3795],[124.495,-9.3815],[124.496,-9.381],[124.498,-9.3775],[124.4995,-9.375],[124.5005,-9.3725],[124.5005,-9.372],[124.5005,-9.37],[124.5,-9.363],[124.499,-9.3615],[124.49,-9.3585]]]},"properties":{"code":"53.03.01.2007","name":"Keanbaun","latitude":-9.369122897700814,"longitude":124.48720087841527}},{"type":"Feature","geometry":{"type":"Polygon","coordinates":[[[124.4705,-9.388],[124.471,-9.3875],[124.4495,-9.3835],[124.448,-9.3875],[124.4475,-9.392],[124.447,-9.393],[124.446,-9.3985],[124.445,-9.3995],[124.4445,-9.401],[124.4505,-9.402],[124.476,-9.4015],[124.4755,-9.4005],[124.4765,-9.3995],[124.4735,-9.3965],[124.4725,-9.396],[124.4655,-9.3915],[124.469,-9.3915],[124.4695,-9.391],[124.4705,-9.39],[124.4705,-9.388]]]},"properties":{"code":"53.03.01.2018","name":"Amol","latitude":-9.394301161441927,"longitude":124.45851493390126}},{"type":"Feature","geometry":{"type":"Polygon","coordinates":[[[124.495,-9.3815],[124.495,-9.3795],[124.493,-9.3785],[124.491,-9.3775],[124.4875,-9.3775],[124.4865,-9.3775],[124.4845,-9.378],[124.4775,-9.378],[124.476,-9.378],[124.4745,-9.38],[124.474,-9.3835],[124.474,-9.384],[124.474,-9.3845],[124.4725,-9.3855],[124.4705,-9.388],[124.4705,-9.39],[124.4695,-9.391],[124.469,-9.3915],[124.4655,-9.3915],[124.4725,-9.396],[124.4735,-9.3965],[124.4765,-9.3995],[124.478,-9.3995],[124.48,-9.3965],[124.487,-9.3895],[124.492,-9.389],[124.4935,-9.3835],[124.4945,-9.3825],[124.495,-9.3815]]]},"properties":{"code":"53.03.01.2019","name":"Fatusene","latitude":-9.386479025994351,"longitude":124.48106850278204}},{"type":"Feature","geometry":{"type":"Polygon","coordinates":[[[124.476,-9.4015],[124.4505,-9.402],[124.4445,-9.401],[124.445,-9.4015],[124.4455,-9.402],[124.4465,-9.4035],[124.4455,-9.4055],[124.4445,-9.407],[124.444,-9.4085],[124.4425,-9.409],[124.441,-9.4095],[124.4395,-9.4105],[124.4385,-9.41],[124.438,-9.4105],[124.443,-9.4185],[124.447,-9.421],[124.4495,-9.422],[124.4505,-9.4225],[124.451,-9.422],[124.4605,-9.423],[124.4645,-9.432],[124.4755,-9.4285],[124.4775,-9.4295],[124.4795,-9.432],[124.482,-9.4335],[124.489,-9.433],[124.494,-9.4285],[124.4995,-9.4275],[124.502,-9.4265],[124.5045,-9.426],[124.505,-9.425],[124.5045,-9.4225],[124.5045,-9.421],[124.5005,-9.424],[124.498,-9.4255],[124.4855,-9.423],[124.484,-9.423],[124.4755,-9.4155],[124.4745,-9.415],[124.476,-9.4025],[124.476,-9.4015]]]},"properties":{"code":"53.03.01.2020","name":"Oesena","latitude":-9.417162011197204,"longitude":124.46674102048442}},{"type":"Feature","geometry":{"type":"Polygon","coordinates":[[[124.519,-9.376],[124.5225,-9.3655],[124.5165,-9.352],[124.5175,-9.3495],[124.518,-9.349],[124.52,-9.348],[124.515,-9.3365],[124.5185,-9.3265],[124.516,-9.3285],[124.508,-9.3325],[124.5065,-9.3335],[124.5075,-9.334],[124.506,-9.3345],[124.506,-9.336],[124.5095,-9.355],[124.5115,-9.3545],[124.519,-9.376]]]},"properties":{"code":"53.03.01.2021","name":"Jak","latitude":-9.349707950298448,"longitude":124.51407594918491}},{"type":"Feature","geometry":{"type":"Polygon","coordinates":[[[124.519,-9.376],[124.5115,-9.3545],[124.5095,-9.355],[124.506,-9.336],[124.506,-9.3345],[124.505,-9.335],[124.4925,-9.3405],[124.4905,-9.3405],[124.4875,-9.3395],[124.4865,-9.339],[124.4905,-9.358],[124.49,-9.3585],[124.499,-9.3615],[124.5,-9.363],[124.5005,-9.37],[124.5005,-9.372],[124.5005,-9.3725],[124.4995,-9.375],[124.498,-9.3775],[124.496,-9.381],[124.4945,-9.3825],[124.4935,-9.3835],[124.492,-9.389],[124.4895,-9.3895],[124.49,-9.391],[124.4905,-9.392],[124.4975,-9.3855],[124.51,-9.383],[124.5115,-9.3835],[124.5125,-9.385],[124.5285,-9.4085],[124.5325,-9.4005],[124.525,-9.3965],[124.519,-9.376]]]},"properties":{"code":"53.03.01.2022","name":"Tuntun","latitude":-9.36690679825401,"longitude":124.50635922682321}},{"type":"Feature","geometry":{"type":"Polygon","coordinates":[[[124.524,-9.329],[124.523,-9.3295],[124.5195,-9.3275],[124.5185,-9.3265],[124.515,-9.3365],[124.52,-9.348],[124.518,-9.349],[124.5175,-9.3495],[124.5165,-9.352],[124.5225,-9.3655],[124.519,-9.376],[124.5375,-9.364],[124.539,-9.3595],[124.541,-9.346],[124.524,-9.329]]]},"properties":{"code":"53.03.01.2023","name":"Tunoe","latitude":-9.350535814823479,"longitude":124.52804487551947}},{"type":"Feature","geometry":{"type":"Polygon","coordinates":[[[124.5285,-9.4085],[124.5125,-9.385],[124.5115,-9.3835],[124.51,-9.383],[124.4975,-9.3855],[124.4945,-9.3885],[124.496,-9.402],[124.505,-9.42],[124.5045,-9.421],[124.507,-9.421],[124.51,-9.4215],[124.515,-9.4225],[124.519,-9.4225],[124.5285,-9.4085]]]},"properties":{"code":"53.03.01.2024","name":"Femnasi","latitude":-9.401634469993963,"longitude":124.51012806988425}},{"type":"Feature","geometry":{"type":"Polygon","coordinates":[[[124.5045,-9.421],[124.505,-9.42],[124.496,-9.402],[124.4945,-9.3885],[124.4905,-9.392],[124.49,-9.391],[124.4895,-9.3895],[124.487,-9.3895],[124.48,-9.3965],[124.478,-9.3995],[124.4755,-9.4005],[124.476,-9.4025],[124.4745,-9.415],[124.4755,-9.4155],[124.484,-9.423],[124.4855,-9.423],[124.498,-9.4255],[124.5005,-9.424],[124.5045,-9.421]]]},"properties":{"code":"53.03.01.2025","name":"Taekas","latitude":-9.408687693901904,"longitude":124.48852924073125}},{"type":"Feature","geometry":{"type":"Polygon","coordinates":[[[124.297,-9.568],[124.2945,-9.563],[124.294,-9.5615],[124.2905,-9.5485],[124.2695,-9.5345],[124.2565,-9.5325],[124.255,-9.5355],[124.255,-9.5395],[124.251,-9.547],[124.2495,-9.548],[124.267,-9.553],[124.28,-9.57],[124.296,-9.5685],[124.297,-9.568]]]},"properties":{"code":"53.03.02.2001","name":"Noepesu","latitude":-9.551041377618068,"longitude":124.27454038407012}},{"type":"Feature","geometry":{"type":"Polygon","coordinates":[[[124.286,-9.529],[124.274,-9.5065],[124.2715,-9.5055],[124.2665,-9.509],[124.26,-9.51],[124.259,-9.512],[124.258,-9.516],[124.257,-9.5315],[124.2565,-9.5325],[124.2695,-9.5345],[124.2905,-9.5485],[124.294,-9.5615],[124.2945,-9.563],[124.297,-9.568],[124.2975,-9.5665],[124.298,-9.563],[124.298,-9.5595],[124.299,-9.5565],[124.3015,-9.556],[124.305,-9.5575],[124.286,-9.529]]]},"properties":{"code":"53.03.02.2002","name":"Fatuneno","latitude":-9.53033607720296,"longitude":124.27661102575841}},{"type":"Feature","geometry":{"type":"Polygon","coordinates":[[[124.343,-9.587],[124.3425,-9.5865],[124.342,-9.585],[124.3405,-9.584],[124.339,-9.5805],[124.3335,-9.572],[124.328,-9.5685],[124.323,-9.569],[124.3205,-9.572],[124.317,-9.5765],[124.3155,-9.579],[124.3125,-9.582],[124.315,-9.5875],[124.3165,-9.5905],[124.3175,-9.592],[124.319,-9.5965],[124.3205,-9.597],[124.33,-9.598],[124.3425,-9.587],[124.343,-9.587]]]},"properties":{"code":"53.03.02.2003","name":"Suanae","latitude":-9.58365252999393,"longitude":124.32681579113917}},{"type":"Feature","geometry":{"type":"Polygon","coordinates":[[[124.3185,-9.5645],[124.317,-9.5625],[124.3145,-9.5645],[124.3095,-9.5735],[124.31,-9.5735],[124.3125,-9.576],[124.3115,-9.5795],[124.3125,-9.582],[124.3155,-9.579],[124.317,-9.5765],[124.3205,-9.572],[124.3225,-9.5665],[124.319,-9.5645],[124.3185,-9.5645]]]},"properties":{"code":"53.03.02.2004","name":"Lemon","latitude":-9.570966139694365,"longitude":124.3164281544147}},{"type":"Feature","geometry":{"type":"Polygon","coordinates":[[[124.358,-9.5545],[124.3575,-9.5535],[124.3535,-9.552],[124.3515,-9.5515],[124.35,-9.552],[124.349,-9.552],[124.347,-9.553],[124.3405,-9.5585],[124.3365,-9.5585],[124.334,-9.5595],[124.333,-9.5605],[124.33,-9.565],[124.3305,-9.567],[124.3295,-9.5685],[124.328,-9.5685],[124.3335,-9.572],[124.339,-9.5805],[124.3405,-9.584],[124.342,-9.585],[124.3425,-9.5865],[124.343,-9.587],[124.344,-9.587],[124.3455,-9.587],[124.3545,-9.588],[124.3615,-9.597],[124.3695,-9.5915],[124.371,-9.591],[124.3755,-9.5915],[124.3765,-9.5935],[124.378,-9.593],[124.379,-9.5935],[124.3905,-9.598],[124.403,-9.5945],[124.417,-9.5985],[124.414,-9.5885],[124.413,-9.5855],[124.4125,-9.5835],[124.413,-9.577],[124.4145,-9.5755],[124.415,-9.574],[124.4145,-9.573],[124.4135,-9.574],[124.413,-9.5725],[124.413,-9.572],[124.4115,-9.5715],[124.41,-9.571],[124.4095,-9.572],[124.408,-9.5725],[124.408,-9.5735],[124.4075,-9.575],[124.4065,-9.575],[124.405,-9.574],[124.402,-9.574],[124.4015,-9.5735],[124.3865,-9.5705],[124.3845,-9.5695],[124.3845,-9.569],[124.383,-9.5685],[124.373,-9.569],[124.374,-9.574],[124.3725,-9.576],[124.361,-9.566],[124.347,-9.5645],[124.3495,-9.557],[124.35,-9.558],[124.352,-9.558],[124.356,-9.556],[124.357,-9.5545],[124.358,-9.555],[124.358,-9.5545]]]},"properties":{"code":"53.03.02.2005","name":"Fatunisuan","latitude":-9.579450284946045,"longitude":124.37249255771343}},{"type":"Feature","geometry":{"type":"Polygon","coordinates":[[[124.4025,-9.556],[124.4015,-9.556],[124.397,-9.556],[124.389,-9.551],[124.3895,-9.5375],[124.3825,-9.5265],[124.381,-9.528],[124.3785,-9.5325],[124.3775,-9.5335],[124.3765,-9.5345],[124.3755,-9.5345],[124.374,-9.5365],[124.3725,-9.539],[124.3665,-9.5535],[124.3665,-9.5545],[124.3665,-9.555],[124.3655,-9.5555],[124.3665,-9.5565],[124.368,-9.5575],[124.37,-9.558],[124.372,-9.5605],[124.3705,-9.562],[124.3705,-9.564],[124.372,-9.5665],[124.373,-9.569],[124.383,-9.5685],[124.3845,-9.569],[124.3845,-9.5695],[124.3865,-9.5705],[124.4015,-9.5735],[124.4015,-9.573],[124.402,-9.5715],[124.402,-9.571],[124.4025,-9.556]]]},"properties":{"code":"53.03.02.2006","name":"Haulasi","latitude":-9.554321297631661,"longitude":124.3844130274022}},{"type":"Feature","geometry":{"type":"Polygon","coordinates":[[[124.359,-9.524],[124.3545,-9.5235],[124.3505,-9.5235],[124.344,-9.5295],[124.35,-9.535],[124.348,-9.5505],[124.347,-9.553],[124.349,-9.552],[124.35,-9.552],[124.3515,-9.5515],[124.3535,-9.552],[124.3575,-9.5535],[124.358,-9.555],[124.3585,-9.555],[124.359,-9.556],[124.359,-9.558],[124.362,-9.5565],[124.3655,-9.5565],[124.3655,-9.5555],[124.3665,-9.555],[124.3665,-9.5545],[124.3665,-9.5535],[124.3725,-9.539],[124.373,-9.5375],[124.359,-9.524]]]},"properties":{"code":"53.03.02.2018","name":"Neotoko","latitude":-9.539103305340422,"longitude":124.35900046994253}},{"type":"Feature","geometry":{"type":"Polygon","coordinates":[[[124.3655,-9.5565],[124.362,-9.5565],[124.359,-9.558],[124.359,-9.556],[124.3585,-9.5555],[124.3585,-9.555],[124.358,-9.5545],[124.358,-9.555],[124.357,-9.5545],[124.356,-9.556],[124.352,-9.558],[124.35,-9.558],[124.3495,-9.557],[124.347,-9.5645],[124.361,-9.566],[124.3725,-9.576],[124.374,-9.574],[124.373,-9.569],[124.372,-9.5665],[124.3705,-9.564],[124.3705,-9.562],[124.372,-9.5605],[124.37,-9.558],[124.368,-9.5575],[124.3665,-9.5565],[124.3655,-9.5565]]]},"properties":{"code":"53.03.02.2019","name":"Fatutasu","latitude":-9.563807051550462,"longitude":124.36223492760506}},{"type":"Feature","geometry":{"type":"Polygon","coordinates":[[[124.3075,-9.5075],[124.2995,-9.5055],[124.2975,-9.504],[124.29,-9.4945],[124.278,-9.5025],[124.2765,-9.505],[124.274,-9.5065],[124.286,-9.529],[124.2985,-9.5175],[124.3075,-9.5075]]]},"properties":{"code":"53.03.02.2020","name":"Manusasi","latitude":-9.51059065523465,"longitude":124.28827786931433}},{"type":"Feature","geometry":{"type":"Polygon","coordinates":[[[124.2985,-9.5175],[124.286,-9.529],[124.305,-9.5575],[124.306,-9.556],[124.3055,-9.5435],[124.309,-9.54],[124.3095,-9.5385],[124.313,-9.532],[124.3145,-9.5285],[124.317,-9.5255],[124.314,-9.523],[124.31,-9.52],[124.2985,-9.5175]]]},"properties":{"code":"53.03.02.2025","name":"Saenam","latitude":-9.532120373403034,"longitude":124.3010323145953}},{"type":"Feature","geometry":{"type":"Polygon","coordinates":[[[124.3325,-9.53],[124.316,-9.5265],[124.3145,-9.5285],[124.313,-9.532],[124.3095,-9.5385],[124.309,-9.54],[124.3055,-9.5435],[124.306,-9.556],[124.305,-9.558],[124.3055,-9.5585],[124.307,-9.558],[124.309,-9.558],[124.3105,-9.5605],[124.312,-9.5635],[124.3115,-9.5665],[124.312,-9.5685],[124.3095,-9.571],[124.3085,-9.573],[124.309,-9.573],[124.3095,-9.5735],[124.3145,-9.5645],[124.317,-9.5625],[124.3185,-9.5645],[124.3195,-9.5625],[124.322,-9.5615],[124.323,-9.5595],[124.3325,-9.544],[124.3325,-9.53]]]},"properties":{"code":"53.03.02.2026","name":"Eban","latitude":-9.545393561133514,"longitude":124.31885996173934}},{"type":"Feature","geometry":{"type":"Polygon","coordinates":[[[124.344,-9.5295],[124.3325,-9.53],[124.3325,-9.544],[124.323,-9.5595],[124.322,-9.5615],[124.3195,-9.5625],[124.319,-9.5645],[124.3225,-9.5665],[124.323,-9.569],[124.328,-9.5685],[124.3295,-9.5685],[124.3305,-9.567],[124.33,-9.565],[124.333,-9.5605],[124.334,-9.5595],[124.3365,-9.5585],[124.3405,-9.5585],[124.348,-9.5505],[124.35,-9.535],[124.344,-9.5295]]]},"properties":{"code":"53.03.02.2027","name":"Sallu","latitude":-9.547591681852127,"longitude":124.33708275457563}},{"type":"Feature","geometry":{"type":"Polygon","coordinates":[[[124.305,-9.5575],[124.3015,-9.556],[124.299,-9.5565],[124.298,-9.5595],[124.298,-9.563],[124.2975,-9.5665],[124.3005,-9.5705],[124.304,-9.5725],[124.305,-9.5735],[124.3055,-9.5735],[124.307,-9.572],[124.3095,-9.571],[124.312,-9.5685],[124.3115,-9.5665],[124.312,-9.5635],[124.3105,-9.5605],[124.309,-9.558],[124.307,-9.558],[124.3055,-9.5585],[124.305,-9.558],[124.305,-9.5575]]]},"properties":{"code":"53.03.02.2028","name":"Sa'tab","latitude":-9.564409223484608,"longitude":124.30459289041329}},{"type":"Feature","geometry":{"type":"Polygon","coordinates":[[[124.6585,-9.363],[124.652,-9.3585],[124.6505,-9.358],[124.646,-9.3575],[124.6455,-9.357],[124.6405,-9.359],[124.6405,-9.36],[124.641,-9.3615],[124.6325,-9.3665],[124.634,-9.3725],[124.6325,-9.373],[124.6305,-9.3735],[124.63,-9.3745],[124.627,-9.3765],[124.625,-9.3765],[124.625,-9.378],[124.6245,-9.3795],[124.625,-9.38],[124.631,-9.3895],[124.6365,-9.389],[124.6365,-9.393],[124.64,-9.3945],[124.6455,-9.3995],[124.649,-9.3995],[124.652,-9.393],[124.6545,-9.391],[124.6535,-9.3905],[124.654,-9.39],[124.6515,-9.38],[124.6585,-9.363]]]},"properties":{"code":"53.03.03.2001","name":"Pantae","latitude":-9.37726451463497,"longitude":124.64267013144708}},{"type":"Feature","geometry":{"type":"Polygon","coordinates":[[[124.669,-9.3625],[124.6585,-9.363],[124.6515,-9.38],[124.654,-9.39],[124.6545,-9.39],[124.6725,-9.3825],[124.673,-9.381],[124.6735,-9.38],[124.676,-9.3765],[124.674,-9.3735],[124.673,-9.372],[124.6725,-9.3725],[124.6725,-9.3705],[124.672,-9.37],[124.672,-9.3695],[124.669,-9.3625]]]},"properties":{"code":"53.03.03.2002","name":"Oenaem","latitude":-9.37584788396778,"longitude":124.66318405836421}},{"type":"Feature","geometry":{"type":"Polygon","coordinates":[[[124.708,-9.3655],[124.7075,-9.3655],[124.7065,-9.366],[124.705,-9.366],[124.7045,-9.366],[124.689,-9.3715],[124.6795,-9.3645],[124.6795,-9.3655],[124.6785,-9.3705],[124.676,-9.3705],[124.6735,-9.3695],[124.672,-9.3695],[124.6725,-9.3725],[124.673,-9.372],[124.674,-9.3735],[124.676,-9.3765],[124.6735,-9.38],[124.673,-9.381],[124.673,-9.3825],[124.674,-9.384],[124.673,-9.3865],[124.674,-9.3885],[124.6755,-9.395],[124.6795,-9.3985],[124.6815,-9.401],[124.6875,-9.405],[124.7025,-9.4015],[124.72,-9.3955],[124.7105,-9.3845],[124.712,-9.384],[124.717,-9.3835],[124.709,-9.374],[124.708,-9.37],[124.7085,-9.3675],[124.708,-9.367],[124.7085,-9.367],[124.708,-9.3665],[124.7085,-9.366],[124.708,-9.366],[124.708,-9.3655]]]},"properties":{"code":"53.03.03.2003","name":"Upfaon","latitude":-9.385279709974585,"longitude":124.69391814366504}},{"type":"Feature","geometry":{"type":"Polygon","coordinates":[[[124.7605,-9.29],[124.7595,-9.2895],[124.75,-9.287],[124.7395,-9.281],[124.7295,-9.2765],[124.726,-9.2755],[124.722,-9.288],[124.7245,-9.3035],[124.715,-9.3075],[124.7135,-9.3095],[124.713,-9.3105],[124.721,-9.316],[124.7215,-9.315],[124.7295,-9.32],[124.7305,-9.322],[124.734,-9.325],[124.7365,-9.328],[124.739,-9.344],[124.7385,-9.345],[124.7405,-9.3455],[124.742,-9.346],[124.7455,-9.3455],[124.747,-9.3455],[124.7485,-9.345],[124.75,-9.3455],[124.7545,-9.3435],[124.756,-9.343],[124.7575,-9.342],[124.7585,-9.342],[124.7585,-9.341],[124.7575,-9.3365],[124.7595,-9.329],[124.7665,-9.3215],[124.768,-9.3185],[124.768,-9.317],[124.767,-9.317],[124.759,-9.3105],[124.7595,-9.3085],[124.76,-9.308],[124.76,-9.307],[124.7575,-9.3005],[124.757,-9.2985],[124.756,-9.297],[124.7555,-9.2945],[124.757,-9.293],[124.7605,-9.29]]]},"properties":{"code":"53.03.03.2007","name":"Tautpah","latitude":-9.310282835140875,"longitude":124.74208902038913}},{"type":"Feature","geometry":{"type":"Polygon","coordinates":[[[124.713,-9.3105],[124.7125,-9.3105],[124.711,-9.31],[124.7095,-9.3095],[124.709,-9.307],[124.7025,-9.3065],[124.684,-9.295],[124.68,-9.2945],[124.6755,-9.2935],[124.6735,-9.294],[124.6715,-9.297],[124.6815,-9.307],[124.681,-9.308],[124.682,-9.3105],[124.6835,-9.31],[124.6855,-9.311],[124.685,-9.3135],[124.686,-9.315],[124.687,-9.316],[124.6875,-9.3175],[124.69,-9.319],[124.6905,-9.3195],[124.696,-9.3245],[124.6945,-9.3415],[124.6995,-9.347],[124.7,-9.351],[124.7115,-9.36],[124.7155,-9.362],[124.7165,-9.3625],[124.7285,-9.355],[124.728,-9.353],[124.728,-9.3505],[124.7295,-9.3485],[124.731,-9.3475],[124.731,-9.346],[124.7375,-9.345],[124.7385,-9.345],[124.739,-9.344],[124.7365,-9.328],[124.734,-9.325],[124.7305,-9.322],[124.7295,-9.32],[124.7215,-9.315],[124.721,-9.316],[124.713,-9.3105]]]},"properties":{"code":"53.03.03.2009","name":"Tokbesi","latitude":-9.329361163666666,"longitude":124.70960126733284}},{"type":"Feature","geometry":{"type":"Polygon","coordinates":[[[124.715,-9.3625],[124.7115,-9.36],[124.7,-9.351],[124.6995,-9.347],[124.6945,-9.3415],[124.696,-9.3245],[124.6905,-9.3195],[124.69,-9.319],[124.6875,-9.3175],[124.686,-9.318],[124.6775,-9.3275],[124.6775,-9.33],[124.676,-9.3305],[124.676,-9.339],[124.679,-9.344],[124.6765,-9.346],[124.6675,-9.35],[124.6705,-9.3525],[124.671,-9.354],[124.67,-9.355],[124.669,-9.359],[124.669,-9.3625],[124.672,-9.3695],[124.6735,-9.3695],[124.676,-9.3705],[124.6785,-9.3705],[124.6795,-9.3655],[124.6795,-9.3645],[124.6895,-9.358],[124.6895,-9.3545],[124.715,-9.3625]]]},"properties":{"code":"53.03.03.2010","name":"Sainiup","latitude":-9.344463241573626,"longitude":124.68473137535405}},{"type":"Feature","geometry":{"type":"Polygon","coordinates":[[[124.715,-9.3625],[124.6895,-9.3545],[124.6895,-9.358],[124.6795,-9.3645],[124.689,-9.3715],[124.7045,-9.366],[124.705,-9.366],[124.7065,-9.366],[124.7075,-9.3655],[124.708,-9.3655],[124.7085,-9.365],[124.7095,-9.365],[124.7115,-9.3635],[124.7115,-9.363],[124.713,-9.3635],[124.7135,-9.3635],[124.714,-9.363],[124.715,-9.3625]]]},"properties":{"code":"53.03.03.2011","name":"Supun","latitude":-9.362293588734842,"longitude":124.69479523668065}},{"type":"Feature","geometry":{"type":"Polygon","coordinates":[[[124.6435,-9.287],[124.6425,-9.286],[124.6415,-9.2855],[124.6405,-9.2875],[124.6395,-9.2885],[124.641,-9.2885],[124.642,-9.29],[124.6425,-9.292],[124.647,-9.3015],[124.6365,-9.315],[124.6305,-9.363],[124.6325,-9.3665],[124.641,-9.3615],[124.6405,-9.36],[124.6405,-9.359],[124.6455,-9.357],[124.646,-9.3575],[124.6505,-9.358],[124.652,-9.3585],[124.6585,-9.363],[124.669,-9.3625],[124.669,-9.359],[124.67,-9.355],[124.671,-9.354],[124.6705,-9.3525],[124.6675,-9.35],[124.6765,-9.346],[124.679,-9.344],[124.676,-9.339],[124.676,-9.3305],[124.6775,-9.33],[124.6775,-9.3275],[124.686,-9.318],[124.687,-9.316],[124.686,-9.315],[124.685,-9.3135],[124.6855,-9.311],[124.6835,-9.31],[124.682,-9.3105],[124.681,-9.308],[124.6815,-9.307],[124.6715,-9.297],[124.654,-9.296],[124.6435,-9.2875],[124.6435,-9.287]]]},"properties":{"code":"53.03.03.2012","name":"Tunbaen","latitude":-9.329068953781047,"longitude":124.65642081249966}},{"type":"Feature","geometry":{"type":"Polygon","coordinates":[[[124.5005,-9.6175],[124.5075,-9.6105],[124.496,-9.6015],[124.4835,-9.5735],[124.48,-9.5755],[124.4825,-9.5925],[124.4895,-9.608],[124.491,-9.6095],[124.5005,-9.6175]]]},"properties":{"code":"53.03.04.2001","name":"Bijeli","latitude":-9.597304385535715,"longitude":124.49177087372516}},{"type":"Feature","geometry":{"type":"Polygon","coordinates":[[[124.5005,-9.6175],[124.491,-9.6095],[124.4895,-9.608],[124.4825,-9.5925],[124.48,-9.5755],[124.4785,-9.5775],[124.4745,-9.579],[124.467,-9.5975],[124.464,-9.603],[124.464,-9.6075],[124.4635,-9.6105],[124.4645,-9.611],[124.467,-9.61],[124.476,-9.62],[124.4755,-9.6285],[124.493,-9.631],[124.493,-9.644],[124.4935,-9.644],[124.4955,-9.6455],[124.4965,-9.646],[124.5005,-9.6355],[124.506,-9.638],[124.508,-9.6405],[124.5095,-9.641],[124.5095,-9.637],[124.5095,-9.6325],[124.5065,-9.6295],[124.504,-9.626],[124.5005,-9.6175]]]},"properties":{"code":"53.03.04.2002","name":"Noebaun","latitude":-9.612835502872525,"longitude":124.48468433932445}},{"type":"Feature","geometry":{"type":"Polygon","coordinates":[[[124.493,-9.644],[124.493,-9.631],[124.4755,-9.6285],[124.4755,-9.641],[124.4915,-9.644],[124.493,-9.644]]]},"properties":{"code":"53.03.04.2003","name":"Seo","latitude":-9.636413466614737,"longitude":124.48467654082565}},{"type":"Feature","geometry":{"type":"Polygon","coordinates":[[[124.5725,-9.6255],[124.5725,-9.625],[124.566,-9.6255],[124.5655,-9.625],[124.5645,-9.6245],[124.551,-9.6145],[124.5515,-9.61],[124.5495,-9.608],[124.5495,-9.607],[124.5495,-9.6055],[124.5485,-9.606],[124.542,-9.608],[124.5365,-9.61],[124.5275,-9.624],[124.5095,-9.6325],[124.5095,-9.637],[124.5095,-9.6465],[124.506,-9.6545],[124.5085,-9.656],[124.5155,-9.662],[124.5185,-9.6625],[124.5295,-9.6605],[124.532,-9.6595],[124.543,-9.645],[124.5435,-9.6445],[124.5445,-9.644],[124.5585,-9.644],[124.562,-9.6415],[124.5655,-9.6385],[124.5725,-9.6255]]]},"properties":{"code":"53.03.04.2004","name":"Popnam","latitude":-9.635535202539725,"longitude":124.53637651040785}},{"type":"Feature","geometry":{"type":"Polygon","coordinates":[[[124.56,-9.5885],[124.5565,-9.5875],[124.554,-9.5825],[124.5385,-9.579],[124.5305,-9.5775],[124.5285,-9.5795],[124.526,-9.58],[124.5235,-9.582],[124.517,-9.587],[124.5165,-9.5925],[124.5335,-9.604],[124.5365,-9.61],[124.542,-9.608],[124.5485,-9.606],[124.557,-9.602],[124.571,-9.592],[124.57,-9.591],[124.564,-9.591],[124.56,-9.5885]]]},"properties":{"code":"53.03.04.2009","name":"Nibaaf","latitude":-9.592390921263336,"longitude":124.54069906872186}},{"type":"Feature","geometry":{"type":"Polygon","coordinates":[[[124.477,-9.549],[124.4635,-9.538],[124.463,-9.537],[124.463,-9.5355],[124.4625,-9.536],[124.4575,-9.549],[124.4495,-9.5565],[124.4475,-9.557],[124.4455,-9.5565],[124.444,-9.557],[124.443,-9.556],[124.4415,-9.5585],[124.437,-9.56],[124.436,-9.561],[124.42,-9.567],[124.4185,-9.5685],[124.4175,-9.569],[124.4175,-9.5705],[124.417,-9.5725],[124.4145,-9.5755],[124.413,-9.577],[124.4125,-9.5835],[124.413,-9.5855],[124.4235,-9.582],[124.4555,-9.5805],[124.462,-9.577],[124.464,-9.5755],[124.4695,-9.5755],[124.4745,-9.579],[124.4785,-9.5775],[124.476,-9.557],[124.477,-9.5515],[124.4775,-9.5495],[124.477,-9.549]]]},"properties":{"code":"53.03.04.2010","name":"Banfanu","latitude":-9.566083253464463,"longitude":124.45075684857474}},{"type":"Feature","geometry":{"type":"Polygon","coordinates":[[[124.533,-9.5575],[124.5295,-9.557],[124.5185,-9.5595],[124.515,-9.564],[124.51,-9.5635],[124.5055,-9.559],[124.5025,-9.5585],[124.4965,-9.56],[124.4985,-9.568],[124.5015,-9.569],[124.5165,-9.5925],[124.517,-9.587],[124.5235,-9.582],[124.526,-9.58],[124.528,-9.5795],[124.528,-9.576],[124.531,-9.562],[124.533,-9.5575]]]},"properties":{"code":"53.03.04.2011","name":"Oenak","latitude":-9.570812368619578,"longitude":124.51580320601853}},{"type":"Feature","geometry":{"type":"Polygon","coordinates":[[[124.5165,-9.5925],[124.5015,-9.569],[124.4965,-9.569],[124.491,-9.5715],[124.487,-9.5715],[124.4835,-9.5735],[124.496,-9.6015],[124.5075,-9.6105],[124.5005,-9.6175],[124.504,-9.626],[124.5065,-9.6295],[124.5095,-9.6325],[124.5275,-9.624],[124.5365,-9.61],[124.5335,-9.604],[124.5165,-9.5925]]]},"properties":{"code":"53.03.04.2012","name":"Nifuboke","latitude":-9.600664231857882,"longitude":124.51001337048784}},{"type":"Feature","geometry":{"type":"Polygon","coordinates":[[[124.4845,-9.554],[124.4835,-9.552],[124.481,-9.549],[124.4805,-9.548],[124.481,-9.5465],[124.478,-9.5445],[124.4775,-9.5495],[124.477,-9.5515],[124.476,-9.557],[124.4785,-9.5775],[124.48,-9.5755],[124.4835,-9.57],[124.4815,-9.567],[124.4845,-9.563],[124.4885,-9.558],[124.4875,-9.557],[124.4855,-9.557],[124.4845,-9.554]]]},"properties":{"code":"53.03.04.2013","name":"Noemuti","latitude":-9.560486103456782,"longitude":124.48032232448334}},{"type":"Feature","geometry":{"type":"Polygon","coordinates":[[[124.4965,-9.56],[124.4945,-9.56],[124.492,-9.559],[124.49,-9.5575],[124.486,-9.5525],[124.4855,-9.552],[124.4845,-9.551],[124.4845,-9.5515],[124.4845,-9.5535],[124.4845,-9.554],[124.4855,-9.557],[124.4875,-9.557],[124.4885,-9.558],[124.4845,-9.563],[124.4815,-9.567],[124.4835,-9.57],[124.487,-9.5715],[124.491,-9.5715],[124.4965,-9.569],[124.4985,-9.568],[124.4965,-9.56]]]},"properties":{"code":"53.03.04.2014","name":"Fatumuti","latitude":-9.564031008293146,"longitude":124.48989706012105}},{"type":"Feature","geometry":{"type":"Polygon","coordinates":[[[124.4745,-9.579],[124.4695,-9.5755],[124.464,-9.5755],[124.462,-9.577],[124.4555,-9.5805],[124.4235,-9.582],[124.413,-9.5855],[124.414,-9.5885],[124.417,-9.5985],[124.439,-9.6085],[124.4405,-9.61],[124.448,-9.616],[124.448,-9.617],[124.449,-9.6185],[124.4525,-9.6175],[124.454,-9.6165],[124.4555,-9.6155],[124.4575,-9.6145],[124.461,-9.6135],[124.46,-9.6165],[124.4545,-9.6305],[124.4755,-9.641],[124.476,-9.62],[124.467,-9.61],[124.4645,-9.611],[124.4635,-9.6105],[124.464,-9.6075],[124.464,-9.603],[124.467,-9.5975],[124.4745,-9.579]]]},"properties":{"code":"53.03.04.2015","name":"Kiuola","latitude":-9.602330611051554,"longitude":124.45182688302079}},{"type":"Feature","geometry":{"type":"Polygon","coordinates":[[[124.5095,-9.641],[124.508,-9.6405],[124.506,-9.638],[124.5005,-9.6355],[124.4965,-9.646],[124.499,-9.6485],[124.505,-9.654],[124.506,-9.6545],[124.5095,-9.6465],[124.5095,-9.641]]]},"properties":{"code":"53.03.04.2016","name":"Oeperigi","latitude":-9.644014496912813,"longitude":124.50350569709397}},{"type":"Feature","geometry":{"type":"Polygon","coordinates":[[[124.4795,-9.432],[124.4775,-9.4295],[124.4755,-9.4285],[124.4645,-9.432],[124.4645,-9.438],[124.476,-9.4385],[124.4795,-9.432]]]},"properties":{"code":"53.03.05.1001","name":"Kefamenanu Utara","latitude":-9.43377292054447,"longitude":124.47171386620428}},{"type":"Feature","geometry":{"type":"Polygon","coordinates":[[[124.4925,-9.4435],[124.496,-9.441],[124.4965,-9.441],[124.498,-9.4405],[124.501,-9.437],[124.502,-9.4365],[124.5045,-9.4265],[124.5045,-9.426],[124.502,-9.4265],[124.4995,-9.4275],[124.494,-9.4285],[124.489,-9.433],[124.482,-9.4335],[124.4795,-9.432],[124.476,-9.4385],[124.4925,-9.4435]]]},"properties":{"code":"53.03.05.1002","name":"Aplasi","latitude":-9.435613448399925,"longitude":124.4914632788878}},{"type":"Feature","geometry":{"type":"Polygon","coordinates":[[[124.4925,-9.4435],[124.476,-9.4385],[124.4745,-9.448],[124.473,-9.449],[124.4725,-9.4505],[124.474,-9.4525],[124.4765,-9.4535],[124.477,-9.4525],[124.48,-9.4515],[124.4925,-9.452],[124.4925,-9.4435]]]},"properties":{"code":"53.03.05.1003","name":"Kefamenanu Tengah","latitude":-9.446427887454393,"longitude":124.48207476171466}},{"type":"Feature","geometry":{"type":"Polygon","coordinates":[[[124.476,-9.4385],[124.4645,-9.438],[124.453,-9.4405],[124.4495,-9.442],[124.45,-9.448],[124.449,-9.4545],[124.448,-9.456],[124.461,-9.464],[124.474,-9.4525],[124.4725,-9.4505],[124.473,-9.449],[124.4745,-9.448],[124.476,-9.4385]]]},"properties":{"code":"53.03.05.1004","name":"Bansone","latitude":-9.44902858606385,"longitude":124.46171010558236}},{"type":"Feature","geometry":{"type":"Polygon","coordinates":[[[124.474,-9.4525],[124.461,-9.464],[124.473,-9.468],[124.4755,-9.4695],[124.481,-9.4675],[124.4775,-9.4525],[124.477,-9.4525],[124.4765,-9.4535],[124.474,-9.4525]]]},"properties":{"code":"53.03.05.1005","name":"Benpasi","latitude":-9.461517297015355,"longitude":124.47280918882115}},{"type":"Feature","geometry":{"type":"Polygon","coordinates":[[[124.4925,-9.452],[124.48,-9.4515],[124.4775,-9.4525],[124.481,-9.4675],[124.4755,-9.4695],[124.473,-9.472],[124.469,-9.4765],[124.469,-9.4775],[124.471,-9.478],[124.487,-9.476],[124.4875,-9.473],[124.488,-9.472],[124.494,-9.4655],[124.495,-9.4635],[124.4925,-9.452]]]},"properties":{"code":"53.03.05.1006","name":"Kefamenanu Selatan","latitude":-9.464090916774683,"longitude":124.4843459517817}},{"type":"Feature","geometry":{"type":"Polygon","coordinates":[[[124.519,-9.4225],[124.515,-9.4225],[124.51,-9.4215],[124.507,-9.421],[124.5045,-9.421],[124.5045,-9.4225],[124.505,-9.425],[124.5045,-9.4265],[124.502,-9.4365],[124.501,-9.437],[124.498,-9.4405],[124.4965,-9.441],[124.496,-9.441],[124.4925,-9.4435],[124.4925,-9.452],[124.495,-9.4635],[124.494,-9.4655],[124.488,-9.472],[124.4875,-9.473],[124.487,-9.476],[124.489,-9.4805],[124.491,-9.4785],[124.4935,-9.4795],[124.495,-9.482],[124.5,-9.483],[124.5005,-9.4835],[124.5025,-9.486],[124.508,-9.4905],[124.508,-9.4945],[124.508,-9.4965],[124.51,-9.496],[124.5205,-9.501],[124.5215,-9.5025],[124.535,-9.502],[124.5355,-9.502],[124.534,-9.499],[124.5335,-9.495],[124.535,-9.4905],[124.532,-9.471],[124.535,-9.468],[124.5355,-9.464],[124.5375,-9.4595],[124.5375,-9.458],[124.5375,-9.455],[124.5375,-9.4505],[124.533,-9.4365],[124.529,-9.4375],[124.519,-9.4225]]]},"properties":{"code":"53.03.05.1007","name":"Tubuhue","latitude":-9.462370462601605,"longitude":124.51513702565843}},{"type":"Feature","geometry":{"type":"Polygon","coordinates":[[[124.487,-9.476],[124.471,-9.478],[124.469,-9.4775],[124.4685,-9.491],[124.47,-9.4915],[124.482,-9.498],[124.4855,-9.494],[124.4905,-9.4945],[124.493,-9.4935],[124.5015,-9.4975],[124.5035,-9.4985],[124.504,-9.4985],[124.505,-9.4975],[124.508,-9.4965],[124.508,-9.4945],[124.508,-9.4905],[124.5025,-9.486],[124.5005,-9.4835],[124.5,-9.483],[124.495,-9.482],[124.4935,-9.4795],[124.491,-9.4785],[124.489,-9.4805],[124.487,-9.476]]]},"properties":{"code":"53.03.05.1008","name":"Maubeli","latitude":-9.48696318989293,"longitude":124.48701601926065}},{"type":"Feature","geometry":{"type":"Polygon","coordinates":[[[124.508,-9.4965],[124.505,-9.4975],[124.504,-9.4985],[124.5035,-9.4985],[124.5015,-9.4975],[124.493,-9.4935],[124.4905,-9.4945],[124.4855,-9.494],[124.482,-9.498],[124.479,-9.5105],[124.4795,-9.512],[124.4815,-9.5155],[124.488,-9.516],[124.504,-9.5125],[124.5085,-9.5135],[124.51,-9.5125],[124.5145,-9.513],[124.518,-9.5125],[124.52,-9.51],[124.523,-9.5095],[124.5335,-9.5145],[124.534,-9.5135],[124.5395,-9.503],[124.5375,-9.5005],[124.5365,-9.502],[124.5355,-9.502],[124.535,-9.502],[124.5215,-9.5025],[124.5205,-9.501],[124.51,-9.496],[124.508,-9.4965]]]},"properties":{"code":"53.03.05.1009","name":"Sasi","latitude":-9.505561839013732,"longitude":124.50441073813832}},{"type":"Feature","geometry":{"type":"Polygon","coordinates":[[[124.8435,-9.276],[124.836,-9.2735],[124.8345,-9.2735],[124.8315,-9.29],[124.8345,-9.291],[124.8465,-9.2875],[124.8435,-9.276]]]},"properties":{"code":"53.03.06.2001","name":"Boronubaen","latitude":-9.282728197855237,"longitude":124.83802523845593}},{"type":"Feature","geometry":{"type":"Polygon","coordinates":[[[124.8345,-9.2735],[124.8325,-9.2735],[124.8305,-9.271],[124.828,-9.267],[124.824,-9.2565],[124.8095,-9.26],[124.8085,-9.265],[124.808,-9.265],[124.8145,-9.271],[124.8175,-9.2755],[124.826,-9.291],[124.833,-9.315],[124.8375,-9.2975],[124.8355,-9.295],[124.8345,-9.292],[124.8315,-9.29],[124.8345,-9.2735]]]},"properties":{"code":"53.03.06.2002","name":"Hautaes","latitude":-9.278987799726629,"longitude":124.82482459715483}},{"type":"Feature","geometry":{"type":"Polygon","coordinates":[[[124.8235,-9.3125],[124.814,-9.3125],[124.8035,-9.3035],[124.796,-9.309],[124.79,-9.315],[124.789,-9.317],[124.7955,-9.317],[124.8125,-9.331],[124.818,-9.343],[124.8185,-9.3425],[124.837,-9.335],[124.8365,-9.334],[124.8375,-9.3335],[124.8375,-9.332],[124.8385,-9.3315],[124.8405,-9.3305],[124.84,-9.329],[124.839,-9.3285],[124.838,-9.3275],[124.837,-9.3265],[124.8355,-9.325],[124.8335,-9.3175],[124.8325,-9.316],[124.833,-9.315],[124.8235,-9.3125]]]},"properties":{"code":"53.03.06.2003","name":"Tualena","latitude":-9.322425026987036,"longitude":124.81628163952065}},{"type":"Feature","geometry":{"type":"Polygon","coordinates":[[[124.8235,-9.3125],[124.8225,-9.2995],[124.8215,-9.2975],[124.8215,-9.2965],[124.819,-9.294],[124.809,-9.281],[124.8055,-9.274],[124.8035,-9.269],[124.8025,-9.2675],[124.802,-9.2665],[124.8005,-9.267],[124.792,-9.2755],[124.7945,-9.2765],[124.795,-9.28],[124.796,-9.2865],[124.798,-9.293],[124.8035,-9.3035],[124.814,-9.3125],[124.8235,-9.3125]]]},"properties":{"code":"53.03.06.2004","name":"Biloe","latitude":-9.292035736864923,"longitude":124.80807753662268}},{"type":"Feature","geometry":{"type":"Polygon","coordinates":[[[124.787,-9.2745],[124.785,-9.273],[124.772,-9.2725],[124.771,-9.276],[124.7705,-9.2795],[124.7685,-9.2835],[124.7785,-9.299],[124.7815,-9.3125],[124.7805,-9.315],[124.7795,-9.3165],[124.7815,-9.317],[124.7885,-9.317],[124.79,-9.315],[124.794,-9.3105],[124.785,-9.296],[124.7845,-9.288],[124.787,-9.2745]]]},"properties":{"code":"53.03.06.2005","name":"Taunbaen","latitude":-9.292907946849736,"longitude":124.78070776046637}},{"type":"Feature","geometry":{"type":"Polygon","coordinates":[[[124.7785,-9.317],[124.7795,-9.3165],[124.7805,-9.315],[124.7815,-9.3125],[124.7785,-9.299],[124.7685,-9.2835],[124.7665,-9.286],[124.762,-9.2895],[124.7605,-9.29],[124.757,-9.293],[124.7555,-9.2945],[124.756,-9.297],[124.757,-9.2985],[124.7575,-9.3005],[124.76,-9.307],[124.76,-9.308],[124.7595,-9.3085],[124.759,-9.3105],[124.767,-9.317],[124.77,-9.318],[124.7785,-9.317]]]},"properties":{"code":"53.03.06.2006","name":"Sapaen","latitude":-9.302569321044945,"longitude":124.76850364610817}},{"type":"Feature","geometry":{"type":"Polygon","coordinates":[[[124.857,-9.268],[124.8505,-9.256],[124.849,-9.25],[124.847,-9.2475],[124.845,-9.247],[124.824,-9.2565],[124.828,-9.267],[124.8305,-9.271],[124.8325,-9.2735],[124.836,-9.2735],[124.8435,-9.276],[124.852,-9.279],[124.857,-9.268]]]},"properties":{"code":"53.03.06.2012","name":"Lokomea","latitude":-9.262780396555172,"longitude":124.84161440437973}},{"type":"Feature","geometry":{"type":"Polygon","coordinates":[[[124.792,-9.2755],[124.7875,-9.274],[124.787,-9.2745],[124.7845,-9.288],[124.785,-9.296],[124.794,-9.3105],[124.796,-9.309],[124.8035,-9.3035],[124.798,-9.293],[124.796,-9.2865],[124.795,-9.28],[124.7945,-9.2765],[124.792,-9.2755]]]},"properties":{"code":"53.03.06.2013","name":"Taunbaen Timur","latitude":-9.292752207801197,"longitude":124.79238794402175}},{"type":"Feature","geometry":{"type":"Polygon","coordinates":[[[124.833,-9.315],[124.826,-9.291],[124.8175,-9.2755],[124.8145,-9.271],[124.808,-9.265],[124.8065,-9.2655],[124.802,-9.2665],[124.8025,-9.2675],[124.8035,-9.269],[124.8055,-9.274],[124.809,-9.281],[124.819,-9.294],[124.8215,-9.2965],[124.8215,-9.2975],[124.8225,-9.2995],[124.8235,-9.3125],[124.833,-9.315]]]},"properties":{"code":"53.03.06.2014","name":"Hauteas Barat","latitude":-9.288162729288585,"longitude":124.81839977828855}},{"type":"Feature","geometry":{"type":"Polygon","coordinates":[[[124.8195,-9.0805],[124.8155,-9.065],[124.8045,-9.0545],[124.8055,-9.0415],[124.7925,-9.018],[124.778,-9.0275],[124.78,-9.0395],[124.7785,-9.046],[124.778,-9.051],[124.7815,-9.056],[124.7875,-9.0565],[124.7885,-9.079],[124.8195,-9.0805]]]},"properties":{"code":"53.03.07.2001","name":"Motadik","latitude":-9.05290717728656,"longitude":124.79581054877221}},{"type":"Feature","geometry":{"type":"Polygon","coordinates":[[[124.8195,-9.0805],[124.7885,-9.079],[124.7875,-9.0565],[124.7815,-9.056],[124.778,-9.051],[124.7785,-9.046],[124.78,-9.0395],[124.778,-9.0275],[124.7655,-9.033],[124.75,-9.0475],[124.737,-9.054],[124.7425,-9.0695],[124.7435,-9.078],[124.7435,-9.08],[124.745,-9.0785],[124.751,-9.078],[124.753,-9.081],[124.7575,-9.0905],[124.762,-9.0955],[124.7625,-9.0945],[124.7645,-9.0935],[124.767,-9.0935],[124.7725,-9.092],[124.7935,-9.095],[124.804,-9.1085],[124.813,-9.1115],[124.8165,-9.106],[124.814,-9.0895],[124.818,-9.0845],[124.819,-9.0825],[124.8195,-9.0805]]]},"properties":{"code":"53.03.07.2002","name":"Nonotbatan","latitude":-9.071472266098603,"longitude":124.77495610709964}},{"type":"Feature","geometry":{"type":"Polygon","coordinates":[[[124.817,-9.1125],[124.813,-9.1115],[124.804,-9.1085],[124.7935,-9.095],[124.7725,-9.092],[124.767,-9.0935],[124.7645,-9.0935],[124.7625,-9.0945],[124.762,-9.0955],[124.761,-9.097],[124.7545,-9.117],[124.753,-9.1175],[124.7505,-9.118],[124.75,-9.1205],[124.7495,-9.1275],[124.749,-9.1325],[124.7565,-9.145],[124.755,-9.148],[124.755,-9.151],[124.7555,-9.154],[124.756,-9.1555],[124.756,-9.156],[124.758,-9.1565],[124.768,-9.1635],[124.7755,-9.1665],[124.7765,-9.169],[124.7835,-9.1675],[124.785,-9.1675],[124.7895,-9.1685],[124.7905,-9.1695],[124.7925,-9.1715],[124.7955,-9.1735],[124.797,-9.1735],[124.801,-9.1725],[124.8085,-9.1715],[124.8105,-9.1705],[124.8115,-9.1695],[124.811,-9.169],[124.825,-9.152],[124.821,-9.142],[124.817,-9.1125]]]},"properties":{"code":"53.03.07.2003","name":"Sifaniha","latitude":-9.133370842198339,"longitude":124.78640099013475}},{"type":"Feature","geometry":{"type":"Polygon","coordinates":[[[124.761,-9.097],[124.7575,-9.0905],[124.753,-9.081],[124.751,-9.078],[124.745,-9.0785],[124.744,-9.08],[124.743,-9.0805],[124.7395,-9.083],[124.738,-9.0855],[124.729,-9.09],[124.728,-9.094],[124.7285,-9.0945],[124.73,-9.0955],[124.731,-9.0975],[124.744,-9.1185],[124.749,-9.1185],[124.751,-9.118],[124.752,-9.118],[124.7545,-9.117],[124.761,-9.097]]]},"properties":{"code":"53.03.07.2004","name":"Maukabatan","latitude":-9.09792552869202,"longitude":124.74584587419585}},{"type":"Feature","geometry":{"type":"Polygon","coordinates":[[[124.7505,-9.118],[124.749,-9.1185],[124.744,-9.1185],[124.731,-9.0975],[124.73,-9.0955],[124.7285,-9.0945],[124.728,-9.094],[124.728,-9.0955],[124.72,-9.1025],[124.718,-9.11],[124.718,-9.123],[124.7315,-9.1425],[124.737,-9.161],[124.744,-9.2055],[124.7575,-9.206],[124.767,-9.206],[124.769,-9.205],[124.771,-9.195],[124.7735,-9.193],[124.775,-9.1885],[124.77,-9.1805],[124.769,-9.1655],[124.769,-9.1645],[124.768,-9.1635],[124.758,-9.1565],[124.756,-9.156],[124.756,-9.1555],[124.7555,-9.154],[124.755,-9.151],[124.755,-9.148],[124.7565,-9.145],[124.749,-9.1325],[124.7495,-9.1275],[124.75,-9.1205],[124.7505,-9.118]]]},"properties":{"code":"53.03.07.2005","name":"Kotafoun","latitude":-9.156222775605208,"longitude":124.74612661540881}},{"type":"Feature","geometry":{"type":"Polygon","coordinates":[[[124.737,-9.054],[124.7255,-9.059],[124.7165,-9.051],[124.6975,-9.0535],[124.6905,-9.0835],[124.682,-9.1025],[124.7025,-9.1],[124.718,-9.11],[124.72,-9.1025],[124.728,-9.0955],[124.728,-9.0925],[124.729,-9.09],[124.738,-9.0855],[124.7435,-9.08],[124.7435,-9.078],[124.7425,-9.0695],[124.737,-9.054]]]},"properties":{"code":"53.03.07.2006","name":"Tuamese","latitude":-9.077702567389805,"longitude":124.7139014198799}},{"type":"Feature","geometry":{"type":"Polygon","coordinates":[[[124.718,-9.11],[124.7025,-9.1],[124.682,-9.1025],[124.668,-9.1205],[124.662,-9.123],[124.6735,-9.1355],[124.6785,-9.162],[124.684,-9.1645],[124.6855,-9.179],[124.6885,-9.179],[124.703,-9.177],[124.722,-9.175],[124.74,-9.1905],[124.744,-9.2055],[124.737,-9.161],[124.7315,-9.1425],[124.718,-9.123],[124.718,-9.11]]]},"properties":{"code":"53.03.07.2007","name":"Ponu","latitude":-9.14208804825617,"longitude":124.70253462449828}},{"type":"Feature","geometry":{"type":"Polygon","coordinates":[[[124.6855,-9.179],[124.684,-9.1645],[124.6785,-9.162],[124.6735,-9.1355],[124.662,-9.123],[124.6585,-9.1255],[124.654,-9.1425],[124.6545,-9.1645],[124.655,-9.1675],[124.6575,-9.1765],[124.6605,-9.183],[124.663,-9.1875],[124.665,-9.1915],[124.667,-9.202],[124.6805,-9.204],[124.683,-9.2035],[124.686,-9.1935],[124.6845,-9.1855],[124.6855,-9.1815],[124.6845,-9.1795],[124.6855,-9.179]]]},"properties":{"code":"53.03.07.2008","name":"Oemanu","latitude":-9.166955099345401,"longitude":124.66959789595344}},{"type":"Feature","geometry":{"type":"Polygon","coordinates":[[[124.744,-9.2055],[124.74,-9.1905],[124.722,-9.175],[124.703,-9.177],[124.6885,-9.179],[124.6855,-9.179],[124.6845,-9.1795],[124.6855,-9.1815],[124.6845,-9.1855],[124.686,-9.1935],[124.683,-9.2035],[124.6805,-9.204],[124.6785,-9.206],[124.6795,-9.2095],[124.683,-9.222],[124.684,-9.2255],[124.687,-9.235],[124.688,-9.2365],[124.6895,-9.2405],[124.6905,-9.2415],[124.6905,-9.2425],[124.693,-9.2445],[124.695,-9.246],[124.7035,-9.2665],[124.706,-9.2715],[124.7205,-9.2735],[124.732,-9.2495],[124.7395,-9.246],[124.74,-9.244],[124.7365,-9.2265],[124.735,-9.225],[124.7345,-9.2235],[124.7335,-9.2175],[124.744,-9.2055]]]},"properties":{"code":"53.03.07.2009","name":"Nifutasi","latitude":-9.219182237825896,"longitude":124.71190763060658}},{"type":"Feature","geometry":{"type":"Polygon","coordinates":[[[124.677,-9.4455],[124.665,-9.4375],[124.664,-9.438],[124.6635,-9.438],[124.663,-9.4395],[124.6565,-9.444],[124.6575,-9.4485],[124.657,-9.449],[124.655,-9.449],[124.6525,-9.4515],[124.651,-9.455],[124.6515,-9.459],[124.654,-9.459],[124.657,-9.4575],[124.657,-9.459],[124.655,-9.4615],[124.655,-9.464],[124.656,-9.466],[124.6575,-9.4695],[124.658,-9.4705],[124.661,-9.4715],[124.663,-9.4705],[124.663,-9.4715],[124.662,-9.4725],[124.6615,-9.475],[124.6615,-9.4765],[124.662,-9.478],[124.6615,-9.4775],[124.6615,-9.478],[124.6615,-9.4785],[124.6625,-9.479],[124.663,-9.4805],[124.6725,-9.4795],[124.672,-9.4795],[124.6735,-9.4775],[124.676,-9.475],[124.673,-9.4725],[124.6715,-9.47],[124.6705,-9.468],[124.6695,-9.4655],[124.6815,-9.454],[124.679,-9.448],[124.677,-9.4455]]]},"properties":{"code":"53.03.08.1029","name":"Bitauni","latitude":-9.458192011480605,"longitude":124.66583902598057}},{"type":"Feature","geometry":{"type":"Polygon","coordinates":[[[124.683,-9.5535],[124.685,-9.5525],[124.684,-9.5505],[124.6865,-9.548],[124.6885,-9.546],[124.6615,-9.517],[124.648,-9.5045],[124.6485,-9.4965],[124.633,-9.4965],[124.6365,-9.5135],[124.6365,-9.514],[124.6355,-9.524],[124.6365,-9.5265],[124.647,-9.5245],[124.6495,-9.5365],[124.6505,-9.5405],[124.65,-9.541],[124.65,-9.5435],[124.6505,-9.5435],[124.6525,-9.5435],[124.656,-9.545],[124.6565,-9.5465],[124.654,-9.5475],[124.654,-9.5495],[124.659,-9.5485],[124.661,-9.547],[124.6655,-9.545],[124.666,-9.544],[124.6685,-9.5385],[124.6695,-9.5395],[124.67,-9.5485],[124.683,-9.5535]]]},"properties":{"code":"53.03.08.2005","name":"Nansean","latitude":-9.52696108409799,"longitude":124.6578128347437}},{"type":"Feature","geometry":{"type":"Polygon","coordinates":[[[124.6725,-9.4795],[124.663,-9.4805],[124.6625,-9.479],[124.6615,-9.4785],[124.6615,-9.478],[124.6615,-9.4775],[124.662,-9.478],[124.6615,-9.4765],[124.6615,-9.475],[124.6605,-9.476],[124.6575,-9.478],[124.657,-9.4785],[124.6555,-9.4795],[124.654,-9.48],[124.648,-9.487],[124.6475,-9.4865],[124.647,-9.486],[124.6485,-9.4965],[124.6615,-9.498],[124.664,-9.5115],[124.675,-9.5225],[124.6855,-9.5245],[124.695,-9.535],[124.705,-9.5255],[124.7175,-9.505],[124.717,-9.5045],[124.705,-9.4865],[124.682,-9.4775],[124.6785,-9.4795],[124.678,-9.48],[124.677,-9.4795],[124.6725,-9.4795]]]},"properties":{"code":"53.03.08.2006","name":"Susulaku","latitude":-9.501674190056164,"longitude":124.68352803520925}},{"type":"Feature","geometry":{"type":"Polygon","coordinates":[[[124.7225,-9.5015],[124.723,-9.501],[124.727,-9.503],[124.7285,-9.5025],[124.7435,-9.488],[124.759,-9.4795],[124.7605,-9.4795],[124.7615,-9.4805],[124.764,-9.4805],[124.7665,-9.4815],[124.7675,-9.4785],[124.7665,-9.4755],[124.767,-9.4735],[124.769,-9.471],[124.7685,-9.468],[124.771,-9.4675],[124.7725,-9.4695],[124.774,-9.47],[124.7765,-9.4695],[124.777,-9.4695],[124.778,-9.4695],[124.7805,-9.4705],[124.7815,-9.4705],[124.778,-9.4625],[124.7765,-9.461],[124.7745,-9.455],[124.7725,-9.454],[124.77,-9.454],[124.769,-9.4525],[124.7575,-9.4495],[124.7415,-9.451],[124.738,-9.451],[124.7325,-9.45],[124.7255,-9.452],[124.7245,-9.4535],[124.728,-9.4655],[124.7205,-9.4855],[124.72,-9.4875],[124.724,-9.4925],[124.7245,-9.494],[124.725,-9.4975],[124.7225,-9.5015]]]},"properties":{"code":"53.03.08.2007","name":"Loeram","latitude":-9.470982882951098,"longitude":124.74598943705126}},{"type":"Feature","geometry":{"type":"Polygon","coordinates":[[[124.6485,-9.438],[124.679,-9.432],[124.6875,-9.405],[124.6705,-9.4285],[124.653,-9.424],[124.6525,-9.424],[124.651,-9.425],[124.6495,-9.429],[124.6485,-9.4285],[124.648,-9.4285],[124.648,-9.4295],[124.647,-9.432],[124.6455,-9.433],[124.646,-9.438],[124.6485,-9.438]]]},"properties":{"code":"53.03.08.2008","name":"Manunain B","latitude":-9.42699803718993,"longitude":124.66743121202376}},{"type":"Feature","geometry":{"type":"Polygon","coordinates":[[[124.64,-9.4335],[124.637,-9.435],[124.635,-9.435],[124.63,-9.434],[124.6275,-9.433],[124.621,-9.4355],[124.6195,-9.4355],[124.6185,-9.437],[124.6155,-9.439],[124.611,-9.445],[124.6285,-9.454],[124.634,-9.473],[124.642,-9.478],[124.6465,-9.4825],[124.647,-9.486],[124.6475,-9.4865],[124.648,-9.487],[124.654,-9.48],[124.6555,-9.4795],[124.657,-9.4785],[124.6575,-9.478],[124.6605,-9.476],[124.662,-9.4725],[124.663,-9.4715],[124.663,-9.4705],[124.661,-9.4715],[124.658,-9.4705],[124.6575,-9.4695],[124.656,-9.466],[124.655,-9.464],[124.655,-9.4615],[124.657,-9.459],[124.657,-9.4575],[124.654,-9.459],[124.6515,-9.459],[124.651,-9.455],[124.6525,-9.4515],[124.655,-9.449],[124.657,-9.449],[124.6575,-9.4485],[124.656,-9.443],[124.655,-9.441],[124.6525,-9.441],[124.649,-9.441],[124.6495,-9.4425],[124.648,-9.44],[124.646,-9.438],[124.645,-9.4385],[124.643,-9.4395],[124.6405,-9.435],[124.64,-9.4335]]]},"properties":{"code":"53.03.08.2010","name":"Tapenpah","latitude":-9.455263228124558,"longitude":124.63961256116147}},{"type":"Feature","geometry":{"type":"Polygon","coordinates":[[[124.647,-9.486],[124.6465,-9.4825],[124.642,-9.478],[124.634,-9.473],[124.6285,-9.454],[124.611,-9.445],[124.6155,-9.439],[124.6185,-9.437],[124.6195,-9.4355],[124.614,-9.437],[124.595,-9.443],[124.596,-9.444],[124.6005,-9.4455],[124.604,-9.4495],[124.612,-9.456],[124.618,-9.472],[124.624,-9.4975],[124.636,-9.514],[124.6365,-9.5135],[124.633,-9.4965],[124.6485,-9.4965],[124.647,-9.486]]]},"properties":{"code":"53.03.08.2011","name":"Sekon","latitude":-9.473699146407533,"longitude":124.62648123219884}},{"type":"Feature","geometry":{"type":"Polygon","coordinates":[[[124.7245,-9.4535],[124.7095,-9.4455],[124.7085,-9.445],[124.7035,-9.454],[124.6985,-9.4545],[124.6945,-9.457],[124.694,-9.4585],[124.6925,-9.4565],[124.692,-9.4555],[124.693,-9.455],[124.694,-9.4545],[124.6935,-9.454],[124.6935,-9.4525],[124.692,-9.4505],[124.683,-9.454],[124.6815,-9.454],[124.6695,-9.4655],[124.6705,-9.468],[124.6715,-9.47],[124.673,-9.4725],[124.676,-9.475],[124.6735,-9.4775],[124.672,-9.4795],[124.6725,-9.4795],[124.677,-9.4795],[124.678,-9.48],[124.6785,-9.4795],[124.682,-9.4775],[124.705,-9.4865],[124.717,-9.5045],[124.718,-9.5055],[124.72,-9.5],[124.7225,-9.4995],[124.723,-9.501],[124.7225,-9.5015],[124.725,-9.4975],[124.7245,-9.494],[124.724,-9.4925],[124.72,-9.4875],[124.7205,-9.4855],[124.728,-9.4655],[124.7245,-9.4535]]]},"properties":{"code":"53.03.08.2015","name":"Ainiut","latitude":-9.471125930861067,"longitude":124.70307362439748}},{"type":"Feature","geometry":{"type":"Polygon","coordinates":[[[124.741,-9.451],[124.733,-9.44],[124.7305,-9.4275],[124.723,-9.418],[124.72,-9.3955],[124.7025,-9.4015],[124.7035,-9.417],[124.7035,-9.4195],[124.702,-9.423],[124.702,-9.424],[124.7035,-9.427],[124.7035,-9.429],[124.7025,-9.4305],[124.702,-9.432],[124.7015,-9.4355],[124.702,-9.4365],[124.7025,-9.439],[124.701,-9.4415],[124.707,-9.4445],[124.7095,-9.4455],[124.7245,-9.4535],[124.7255,-9.452],[124.7325,-9.45],[124.738,-9.451],[124.741,-9.451]]]},"properties":{"code":"53.03.08.2016","name":"Nunmafo","latitude":-9.427531407857932,"longitude":124.7171315034843}},{"type":"Feature","geometry":{"type":"Polygon","coordinates":[[[124.7795,-9.4],[124.765,-9.394],[124.7455,-9.397],[124.7425,-9.398],[124.738,-9.4015],[124.7355,-9.401],[124.72,-9.3955],[124.723,-9.418],[124.7305,-9.4275],[124.733,-9.44],[124.741,-9.451],[124.7415,-9.451],[124.7575,-9.4495],[124.769,-9.4525],[124.77,-9.454],[124.7725,-9.454],[124.7745,-9.455],[124.7765,-9.461],[124.778,-9.4625],[124.7805,-9.4615],[124.78,-9.4595],[124.7805,-9.4575],[124.7815,-9.4575],[124.781,-9.456],[124.79,-9.4325],[124.7965,-9.43],[124.797,-9.43],[124.797,-9.4295],[124.797,-9.4285],[124.7965,-9.428],[124.797,-9.427],[124.7975,-9.426],[124.7965,-9.4195],[124.7795,-9.4]]]},"properties":{"code":"53.03.08.2017","name":"Oenbit","latitude":-9.423460812716613,"longitude":124.75907666099928}},{"type":"Feature","geometry":{"type":"Polygon","coordinates":[[[124.702,-9.4385],[124.702,-9.4365],[124.7015,-9.4355],[124.702,-9.432],[124.7025,-9.4305],[124.7035,-9.429],[124.7035,-9.427],[124.702,-9.424],[124.702,-9.423],[124.7035,-9.4195],[124.7035,-9.417],[124.7025,-9.4015],[124.6875,-9.405],[124.682,-9.426],[124.687,-9.433],[124.677,-9.4455],[124.679,-9.448],[124.683,-9.454],[124.692,-9.4505],[124.6925,-9.449],[124.6945,-9.448],[124.695,-9.4475],[124.695,-9.445],[124.702,-9.4385]]]},"properties":{"code":"53.03.08.2018","name":"Manunain A","latitude":-9.42651917648128,"longitude":124.69309265763762}},{"type":"Feature","geometry":{"type":"Polygon","coordinates":[[[124.7225,-9.5015],[124.723,-9.501],[124.7225,-9.4995],[124.72,-9.5],[124.718,-9.5055],[124.7175,-9.505],[124.705,-9.5255],[124.695,-9.535],[124.703,-9.541],[124.712,-9.5585],[124.713,-9.5585],[124.7155,-9.557],[124.73,-9.5535],[124.737,-9.562],[124.7475,-9.5625],[124.75,-9.563],[124.7535,-9.5635],[124.755,-9.5615],[124.753,-9.5555],[124.7525,-9.552],[124.752,-9.551],[124.751,-9.5495],[124.7535,-9.5475],[124.7535,-9.5455],[124.753,-9.538],[124.752,-9.5355],[124.743,-9.5315],[124.7365,-9.5155],[124.7385,-9.5105],[124.734,-9.51],[124.731,-9.513],[124.728,-9.5125],[124.727,-9.511],[124.7215,-9.506],[124.7215,-9.503],[124.7225,-9.5015]]]},"properties":{"code":"53.03.08.2022","name":"Susulaku B","latitude":-9.535711099877373,"longitude":124.72637061711109}},{"type":"Feature","geometry":{"type":"Polygon","coordinates":[[[124.7085,-9.445],[124.707,-9.4445],[124.701,-9.4415],[124.7025,-9.439],[124.702,-9.4385],[124.695,-9.445],[124.695,-9.4475],[124.6945,-9.448],[124.6925,-9.449],[124.692,-9.4505],[124.6935,-9.4525],[124.6935,-9.454],[124.694,-9.4545],[124.693,-9.455],[124.692,-9.4555],[124.6925,-9.4565],[124.694,-9.4585],[124.6945,-9.457],[124.6985,-9.4545],[124.7035,-9.454],[124.7085,-9.445]]]},"properties":{"code":"53.03.08.2024","name":"Fatoin","latitude":-9.448236478998389,"longitude":124.70030136301217}},{"type":"Feature","geometry":{"type":"Polygon","coordinates":[[[124.673,-9.3825],[124.6725,-9.3825],[124.6545,-9.39],[124.6535,-9.3905],[124.6545,-9.391],[124.652,-9.393],[124.649,-9.3995],[124.6455,-9.3995],[124.645,-9.402],[124.6475,-9.406],[124.646,-9.406],[124.6465,-9.4065],[124.6495,-9.4085],[124.649,-9.41],[124.6485,-9.41],[124.648,-9.4105],[124.6485,-9.4115],[124.662,-9.4095],[124.661,-9.401],[124.6735,-9.387],[124.673,-9.3865],[124.674,-9.384],[124.673,-9.3825]]]},"properties":{"code":"53.03.08.2025","name":"Keun","latitude":-9.39761205708802,"longitude":124.65897774881726}},{"type":"Feature","geometry":{"type":"Polygon","coordinates":[[[124.6875,-9.405],[124.6815,-9.401],[124.6795,-9.3985],[124.6755,-9.395],[124.674,-9.3885],[124.6735,-9.387],[124.661,-9.401],[124.662,-9.4095],[124.6485,-9.4115],[124.648,-9.4135],[124.6475,-9.4145],[124.645,-9.4145],[124.6445,-9.414],[124.644,-9.415],[124.641,-9.4215],[124.6425,-9.4255],[124.6465,-9.4275],[124.648,-9.4285],[124.6485,-9.4285],[124.6495,-9.429],[124.651,-9.425],[124.6525,-9.424],[124.653,-9.424],[124.6705,-9.4285],[124.6875,-9.405]]]},"properties":{"code":"53.03.08.2026","name":"Fatu'Ana","latitude":-9.412195130853284,"longitude":124.66505851308827}},{"type":"Feature","geometry":{"type":"Polygon","coordinates":[[[124.677,-9.4455],[124.687,-9.433],[124.682,-9.426],[124.6875,-9.405],[124.679,-9.432],[124.6485,-9.438],[124.648,-9.44],[124.6495,-9.4425],[124.649,-9.441],[124.6525,-9.441],[124.655,-9.441],[124.656,-9.443],[124.6565,-9.444],[124.663,-9.4395],[124.6635,-9.438],[124.664,-9.438],[124.665,-9.4375],[124.677,-9.4455]]]},"properties":{"code":"53.03.08.2027","name":"Botof","latitude":-9.436013171713256,"longitude":124.67282828789847}},{"type":"Feature","geometry":{"type":"Polygon","coordinates":[[[124.695,-9.535],[124.6855,-9.5245],[124.675,-9.5225],[124.664,-9.5115],[124.6615,-9.498],[124.6485,-9.4965],[124.648,-9.5045],[124.6615,-9.517],[124.6885,-9.546],[124.6865,-9.548],[124.684,-9.5505],[124.685,-9.5525],[124.683,-9.5535],[124.683,-9.554],[124.684,-9.5575],[124.6815,-9.561],[124.682,-9.5615],[124.6845,-9.562],[124.688,-9.563],[124.6955,-9.5605],[124.6965,-9.56],[124.7005,-9.563],[124.703,-9.564],[124.704,-9.562],[124.7115,-9.559],[124.712,-9.5585],[124.703,-9.541],[124.695,-9.535]]]},"properties":{"code":"53.03.08.2028","name":"Nansean Timur","latitude":-9.534499552318467,"longitude":124.68261155792155}},{"type":"Feature","geometry":{"type":"Polygon","coordinates":[[[124.586,-9.258],[124.544,-9.2575],[124.5355,-9.266],[124.521,-9.2665],[124.5175,-9.2685],[124.5145,-9.272],[124.5135,-9.2735],[124.514,-9.2735],[124.515,-9.273],[124.5175,-9.274],[124.519,-9.2745],[124.521,-9.2755],[124.5285,-9.2875],[124.529,-9.289],[124.5285,-9.2975],[124.521,-9.3105],[124.519,-9.3115],[124.5365,-9.311],[124.5445,-9.293],[124.5455,-9.276],[124.548,-9.2745],[124.5585,-9.2725],[124.56,-9.2695],[124.5635,-9.269],[124.5695,-9.2665],[124.5875,-9.263],[124.6075,-9.2645],[124.586,-9.258]]]},"properties":{"code":"53.03.09.2006","name":"Fatumtasa","latitude":-9.277292493471895,"longitude":124.54567621124447}},{"type":"Feature","geometry":{"type":"Polygon","coordinates":[[[124.5875,-9.187],[124.578,-9.1695],[124.569,-9.165],[124.556,-9.177],[124.547,-9.18],[124.5525,-9.205],[124.5525,-9.2095],[124.552,-9.2125],[124.5685,-9.2035],[124.593,-9.2095],[124.591,-9.203],[124.593,-9.1995],[124.593,-9.1985],[124.5905,-9.1955],[124.59,-9.1905],[124.5875,-9.187]]]},"properties":{"code":"53.03.09.2007","name":"Oesoko","latitude":-9.189639069323627,"longitude":124.56887668016061}},{"type":"Feature","geometry":{"type":"Polygon","coordinates":[[[124.6075,-9.2645],[124.5875,-9.263],[124.5695,-9.2665],[124.5635,-9.269],[124.56,-9.2695],[124.5585,-9.2725],[124.548,-9.2745],[124.5455,-9.276],[124.5445,-9.293],[124.5365,-9.311],[124.519,-9.3115],[124.517,-9.318],[124.5195,-9.323],[124.5185,-9.3265],[124.5195,-9.3275],[124.523,-9.3295],[124.524,-9.3285],[124.525,-9.3285],[124.5395,-9.329],[124.5495,-9.3105],[124.577,-9.315],[124.5875,-9.2975],[124.5955,-9.278],[124.6075,-9.2645]]]},"properties":{"code":"53.03.09.2008","name":"Humusu Sainiup","latitude":-9.29348339167095,"longitude":124.56364145769021}},{"type":"Feature","geometry":{"type":"Polygon","coordinates":[[[124.593,-9.2095],[124.5685,-9.2035],[124.552,-9.2125],[124.551,-9.2155],[124.546,-9.2245],[124.55,-9.2425],[124.544,-9.2575],[124.586,-9.258],[124.594,-9.237],[124.5945,-9.2195],[124.5985,-9.212],[124.5955,-9.211],[124.593,-9.2095]]]},"properties":{"code":"53.03.09.2009","name":"Humusu Oekolo","latitude":-9.231860756720076,"longitude":124.57038953661291}},{"type":"Feature","geometry":{"type":"Polygon","coordinates":[[[124.547,-9.18],[124.536,-9.178],[124.528,-9.1865],[124.506,-9.176],[124.4975,-9.179],[124.488,-9.173],[124.478,-9.176],[124.4805,-9.193],[124.4865,-9.1935],[124.4905,-9.1935],[124.4965,-9.193],[124.5035,-9.21],[124.5045,-9.212],[124.508,-9.216],[124.509,-9.217],[124.5095,-9.2185],[124.5095,-9.222],[124.5015,-9.2405],[124.5035,-9.2535],[124.5005,-9.2555],[124.5005,-9.256],[124.5015,-9.257],[124.5025,-9.258],[124.502,-9.259],[124.5025,-9.259],[124.5025,-9.26],[124.503,-9.2635],[124.5045,-9.2645],[124.5055,-9.2635],[124.5065,-9.264],[124.506,-9.2645],[124.5125,-9.272],[124.513,-9.273],[124.5135,-9.2735],[124.5145,-9.272],[124.5175,-9.2685],[124.521,-9.2665],[124.5355,-9.266],[124.544,-9.2575],[124.55,-9.2425],[124.546,-9.2245],[124.551,-9.2155],[124.5525,-9.2095],[124.5525,-9.205],[124.547,-9.18]]]},"properties":{"code":"53.03.09.2010","name":"Humusu Wini","latitude":-9.218144598670337,"longitude":124.52218607370406}},{"type":"Feature","geometry":{"type":"Polygon","coordinates":[[[124.6,-9.605],[124.577,-9.5905],[124.575,-9.59],[124.574,-9.5905],[124.571,-9.592],[124.557,-9.602],[124.5495,-9.6055],[124.5495,-9.607],[124.5495,-9.608],[124.5515,-9.61],[124.551,-9.6145],[124.5645,-9.6245],[124.5655,-9.625],[124.566,-9.6255],[124.5725,-9.625],[124.573,-9.625],[124.573,-9.624],[124.5735,-9.623],[124.5755,-9.6195],[124.579,-9.6175],[124.583,-9.616],[124.59,-9.6175],[124.5935,-9.618],[124.595,-9.6175],[124.598,-9.619],[124.5995,-9.619],[124.6105,-9.613],[124.6125,-9.6135],[124.612,-9.6105],[124.611,-9.609],[124.6095,-9.604],[124.6,-9.605]]]},"properties":{"code":"53.03.10.2001","name":"Naob","latitude":-9.608688653889512,"longitude":124.57780986129643}},{"type":"Feature","geometry":{"type":"Polygon","coordinates":[[[124.659,-9.581],[124.6385,-9.574],[124.6365,-9.5725],[124.6175,-9.57],[124.6175,-9.5845],[124.601,-9.5885],[124.6,-9.605],[124.6095,-9.604],[124.611,-9.609],[124.612,-9.6105],[124.6125,-9.6135],[124.614,-9.6135],[124.615,-9.6135],[124.616,-9.613],[124.6315,-9.5875],[124.6455,-9.585],[124.646,-9.584],[124.6485,-9.5835],[124.6565,-9.5825],[124.6575,-9.582],[124.659,-9.581]]]},"properties":{"code":"53.03.10.2002","name":"Haekto","latitude":-9.588405671823791,"longitude":124.62286947212645}},{"type":"Feature","geometry":{"type":"Polygon","coordinates":[[[124.6175,-9.57],[124.5905,-9.567],[124.5895,-9.565],[124.5805,-9.5655],[124.576,-9.569],[124.5715,-9.58],[124.5705,-9.5825],[124.56,-9.5885],[124.564,-9.591],[124.57,-9.591],[124.574,-9.5905],[124.575,-9.59],[124.577,-9.5905],[124.6,-9.605],[124.601,-9.5885],[124.6175,-9.5845],[124.6175,-9.57]]]},"properties":{"code":"53.03.10.2003","name":"Manikin","latitude":-9.581587321697707,"longitude":124.5913861479773}},{"type":"Feature","geometry":{"type":"Polygon","coordinates":[[[124.5595,-9.5625],[124.556,-9.5645],[124.55,-9.561],[124.5415,-9.555],[124.539,-9.554],[124.536,-9.5565],[124.5345,-9.5575],[124.533,-9.5575],[124.531,-9.562],[124.528,-9.576],[124.528,-9.5795],[124.5285,-9.5795],[124.5305,-9.5775],[124.5385,-9.579],[124.554,-9.5825],[124.5565,-9.5875],[124.56,-9.5885],[124.5705,-9.5825],[124.5715,-9.58],[124.576,-9.569],[124.5755,-9.5675],[124.576,-9.5605],[124.571,-9.5635],[124.5625,-9.5675],[124.5615,-9.5635],[124.5595,-9.5625]]]},"properties":{"code":"53.03.10.2004","name":"Kuaken","latitude":-9.57129140170574,"longitude":124.55119489873628}},{"type":"Feature","geometry":{"type":"Polygon","coordinates":[[[124.4195,-9.54],[124.4145,-9.531],[124.401,-9.5295],[124.3995,-9.5285],[124.3895,-9.5115],[124.389,-9.513],[124.386,-9.52],[124.384,-9.5215],[124.387,-9.5235],[124.39,-9.5245],[124.4055,-9.544],[124.4195,-9.54]]]},"properties":{"code":"53.03.11.2001","name":"Tuabatan","latitude":-9.530102907401838,"longitude":124.40260606600891}},{"type":"Feature","geometry":{"type":"Polygon","coordinates":[[[124.4195,-9.54],[124.4055,-9.544],[124.4035,-9.5465],[124.4025,-9.556],[124.402,-9.571],[124.402,-9.5715],[124.4015,-9.573],[124.402,-9.574],[124.405,-9.574],[124.4065,-9.575],[124.4075,-9.575],[124.408,-9.5735],[124.408,-9.5725],[124.4095,-9.572],[124.41,-9.571],[124.4115,-9.5715],[124.413,-9.572],[124.413,-9.5725],[124.4135,-9.574],[124.4145,-9.573],[124.415,-9.574],[124.417,-9.5725],[124.4175,-9.5705],[124.4175,-9.569],[124.4185,-9.5685],[124.42,-9.567],[124.436,-9.561],[124.437,-9.56],[124.4415,-9.5585],[124.443,-9.556],[124.4435,-9.5565],[124.4435,-9.5555],[124.44,-9.5535],[124.4385,-9.551],[124.432,-9.546],[124.4255,-9.547],[124.425,-9.5465],[124.4195,-9.54]]]},"properties":{"code":"53.03.11.2002","name":"Akomi","latitude":-9.556834772979206,"longitude":124.41854834480397}},{"type":"Feature","geometry":{"type":"Polygon","coordinates":[[[124.434,-9.521],[124.4185,-9.524],[124.411,-9.5135],[124.4025,-9.5095],[124.4,-9.5045],[124.397,-9.5025],[124.396,-9.5025],[124.395,-9.5],[124.3935,-9.502],[124.3905,-9.507],[124.389,-9.5105],[124.3895,-9.5115],[124.3995,-9.5285],[124.401,-9.5295],[124.4145,-9.531],[124.4195,-9.54],[124.425,-9.5465],[124.4255,-9.547],[124.432,-9.546],[124.4385,-9.551],[124.44,-9.5535],[124.4435,-9.5555],[124.4435,-9.5565],[124.4455,-9.5565],[124.4475,-9.557],[124.4495,-9.5565],[124.4575,-9.549],[124.4625,-9.536],[124.4635,-9.5355],[124.463,-9.5345],[124.463,-9.534],[124.4615,-9.5325],[124.453,-9.5335],[124.4505,-9.5325],[124.4495,-9.5325],[124.445,-9.528],[124.4445,-9.5265],[124.435,-9.5205],[124.434,-9.521]]]},"properties":{"code":"53.03.11.2003","name":"Bijaepasu","latitude":-9.531884807141289,"longitude":124.42829451542939}},{"type":"Feature","geometry":{"type":"Polygon","coordinates":[[[124.4205,-9.502],[124.4065,-9.494],[124.4005,-9.497],[124.3995,-9.497],[124.3955,-9.5],[124.395,-9.5],[124.396,-9.5025],[124.397,-9.5025],[124.4,-9.5045],[124.4025,-9.5095],[124.411,-9.5135],[124.4185,-9.524],[124.434,-9.521],[124.4335,-9.5195],[124.4325,-9.517],[124.4315,-9.5165],[124.4285,-9.5155],[124.429,-9.5135],[124.428,-9.512],[124.427,-9.5125],[124.4255,-9.5085],[124.4245,-9.505],[124.4235,-9.504],[124.422,-9.504],[124.4215,-9.505],[124.422,-9.504],[124.4205,-9.503],[124.4205,-9.502]]]},"properties":{"code":"53.03.11.2004","name":"Neonasi","latitude":-9.508988686860654,"longitude":124.41489150692992}},{"type":"Feature","geometry":{"type":"Polygon","coordinates":[[[124.449,-9.4935],[124.446,-9.493],[124.445,-9.493],[124.444,-9.493],[124.4325,-9.4855],[124.4235,-9.493],[124.4235,-9.4935],[124.4225,-9.495],[124.422,-9.4955],[124.422,-9.4975],[124.4205,-9.5],[124.4205,-9.502],[124.4205,-9.503],[124.422,-9.504],[124.4215,-9.505],[124.422,-9.504],[124.4235,-9.504],[124.4245,-9.505],[124.4255,-9.5085],[124.427,-9.5125],[124.428,-9.512],[124.429,-9.5135],[124.4285,-9.5155],[124.4315,-9.5165],[124.4325,-9.517],[124.4335,-9.5195],[124.435,-9.5205],[124.4445,-9.5265],[124.445,-9.528],[124.4495,-9.5325],[124.4505,-9.5325],[124.453,-9.5335],[124.4615,-9.5325],[124.463,-9.534],[124.463,-9.5345],[124.4635,-9.5355],[124.463,-9.5355],[124.463,-9.5365],[124.4635,-9.5375],[124.4635,-9.538],[124.477,-9.549],[124.477,-9.545],[124.477,-9.5435],[124.4745,-9.5305],[124.4735,-9.5305],[124.4715,-9.5255],[124.4705,-9.525],[124.4715,-9.524],[124.4705,-9.5215],[124.4695,-9.522],[124.4695,-9.5215],[124.4695,-9.5185],[124.4685,-9.5155],[124.467,-9.512],[124.4655,-9.511],[124.4635,-9.5085],[124.465,-9.507],[124.4625,-9.506],[124.4635,-9.506],[124.462,-9.5055],[124.462,-9.5035],[124.46,-9.5035],[124.457,-9.501],[124.4565,-9.501],[124.451,-9.499],[124.4505,-9.4965],[124.4495,-9.495],[124.4485,-9.494],[124.449,-9.4935]]]},"properties":{"code":"53.03.11.2005","name":"N i a n","latitude":-9.51366127856501,"longitude":124.44888610692598}},{"type":"Feature","geometry":{"type":"Polygon","coordinates":[[[124.4055,-9.544],[124.39,-9.5245],[124.387,-9.5235],[124.384,-9.5215],[124.3845,-9.522],[124.383,-9.524],[124.3825,-9.5265],[124.3895,-9.5375],[124.389,-9.551],[124.397,-9.556],[124.4015,-9.556],[124.4025,-9.556],[124.4035,-9.5465],[124.4055,-9.544]]]},"properties":{"code":"53.03.11.2006","name":"Tuabatan Barat","latitude":-9.54041618560512,"longitude":124.39478699112186}},{"type":"Feature","geometry":{"type":"Polygon","coordinates":[[[124.414,-9.479],[124.4135,-9.4745],[124.4145,-9.4705],[124.417,-9.4685],[124.4145,-9.4635],[124.4135,-9.4625],[124.413,-9.4625],[124.4115,-9.4635],[124.4105,-9.4635],[124.409,-9.4655],[124.4015,-9.476],[124.4005,-9.4765],[124.3995,-9.477],[124.398,-9.4775],[124.3885,-9.492],[124.374,-9.501],[124.381,-9.506],[124.393,-9.503],[124.3935,-9.502],[124.395,-9.5],[124.3955,-9.5],[124.3995,-9.497],[124.4005,-9.497],[124.4065,-9.494],[124.4205,-9.502],[124.4205,-9.5],[124.422,-9.4975],[124.422,-9.4955],[124.4225,-9.495],[124.4235,-9.4935],[124.423,-9.493],[124.414,-9.479]]]},"properties":{"code":"53.03.12.2001","name":"Oelneke","latitude":-9.488612000573132,"longitude":124.40213215952848}},{"type":"Feature","geometry":{"type":"Polygon","coordinates":[[[124.3885,-9.492],[124.36,-9.4855],[124.362,-9.5015],[124.356,-9.505],[124.356,-9.507],[124.355,-9.512],[124.355,-9.513],[124.3555,-9.5155],[124.3575,-9.514],[124.3585,-9.5145],[124.3585,-9.5215],[124.359,-9.524],[124.373,-9.5375],[124.374,-9.5365],[124.3755,-9.5345],[124.3765,-9.5345],[124.3775,-9.5335],[124.3785,-9.5325],[124.381,-9.528],[124.383,-9.524],[124.3845,-9.522],[124.384,-9.5215],[124.384,-9.5205],[124.386,-9.52],[124.389,-9.513],[124.389,-9.5105],[124.3905,-9.507],[124.393,-9.503],[124.381,-9.506],[124.374,-9.501],[124.3885,-9.492]]]},"properties":{"code":"53.03.12.2002","name":"Oetulu","latitude":-9.51015645695981,"longitude":124.37199209408722}},{"type":"Feature","geometry":{"type":"Polygon","coordinates":[[[124.3835,-9.4535],[124.38,-9.4525],[124.377,-9.4585],[124.3775,-9.4595],[124.377,-9.4595],[124.374,-9.463],[124.3745,-9.4635],[124.362,-9.4805],[124.3565,-9.481],[124.36,-9.4855],[124.3885,-9.492],[124.398,-9.4775],[124.399,-9.4775],[124.3925,-9.466],[124.3835,-9.4535]]]},"properties":{"code":"53.03.12.2003","name":"Oeolo","latitude":-9.475124608640147,"longitude":124.38084756839336}},{"type":"Feature","geometry":{"type":"Polygon","coordinates":[[[124.432,-9.479],[124.414,-9.479],[124.423,-9.493],[124.4235,-9.493],[124.432,-9.486],[124.4315,-9.485],[124.432,-9.479]]]},"properties":{"code":"53.03.12.2004","name":"Ainan","latitude":-9.483831066762395,"longitude":124.42386876277529}},{"type":"Feature","geometry":{"type":"Polygon","coordinates":[[[124.397,-9.4465],[124.3965,-9.447],[124.3935,-9.447],[124.3895,-9.446],[124.388,-9.4485],[124.386,-9.45],[124.3845,-9.4505],[124.3835,-9.4535],[124.3925,-9.466],[124.398,-9.4495],[124.3975,-9.4475],[124.397,-9.4465]]]},"properties":{"code":"53.03.12.2005","name":"Bisafe","latitude":-9.45588779434128,"longitude":124.39137516000156}},{"type":"Feature","geometry":{"type":"MultiPolygon","coordinates":[[[[124.312,-9.507],[124.309,-9.5075],[124.3075,-9.5075],[124.2985,-9.5175],[124.31,-9.52],[124.314,-9.523],[124.317,-9.5255],[124.316,-9.5265],[124.3325,-9.53],[124.344,-9.5295],[124.3505,-9.5235],[124.3545,-9.5235],[124.359,-9.524],[124.3585,-9.5215],[124.3585,-9.5145],[124.3575,-9.514],[124.3555,-9.5155],[124.355,-9.514],[124.3465,-9.511],[124.3455,-9.511],[124.3395,-9.512],[124.339,-9.5125],[124.3385,-9.513],[124.335,-9.513],[124.334,-9.5145],[124.3235,-9.5125],[124.3235,-9.5105],[124.3225,-9.511],[124.321,-9.51],[124.319,-9.5095],[124.319,-9.509],[124.3135,-9.5075],[124.313,-9.5075],[124.312,-9.507]]],[[[124.3745,-9.4635],[124.3675,-9.47],[124.3635,-9.47],[124.362,-9.471],[124.3595,-9.4715],[124.3565,-9.471],[124.362,-9.4805],[124.3745,-9.4635]]]]},"properties":{"code":"53.03.12.2006","name":"Batnes","latitude":-9.509836611607865,"longitude":124.33588395567239}},{"type":"Feature","geometry":{"type":"Polygon","coordinates":[[[124.278,-9.5025],[124.2795,-9.489],[124.288,-9.4725],[124.284,-9.457],[124.284,-9.4445],[124.2745,-9.4345],[124.2715,-9.4125],[124.261,-9.3955],[124.2415,-9.383],[124.234,-9.3955],[124.224,-9.4035],[124.225,-9.417],[124.218,-9.4385],[124.2215,-9.4625],[124.2225,-9.465],[124.223,-9.4675],[124.223,-9.4695],[124.2225,-9.471],[124.2215,-9.4725],[124.219,-9.4745],[124.2175,-9.482],[124.209,-9.4985],[124.21,-9.5],[124.2125,-9.502],[124.2165,-9.504],[124.221,-9.506],[124.231,-9.5265],[124.2215,-9.5315],[124.214,-9.543],[124.2135,-9.5455],[124.2145,-9.546],[124.217,-9.547],[124.224,-9.5545],[124.224,-9.557],[124.225,-9.559],[124.2265,-9.5605],[124.2275,-9.5605],[124.228,-9.5605],[124.2295,-9.5585],[124.2335,-9.544],[124.2475,-9.547],[124.2495,-9.548],[124.251,-9.547],[124.255,-9.5395],[124.255,-9.5355],[124.257,-9.5315],[124.258,-9.516],[124.259,-9.512],[124.26,-9.51],[124.2665,-9.509],[124.2715,-9.5055],[124.2765,-9.505],[124.278,-9.5025]]]},"properties":{"code":"53.03.13.2001","name":"Tasinifu","latitude":-9.467290370696242,"longitude":124.24718353659462}},{"type":"Feature","geometry":{"type":"Polygon","coordinates":[[[124.2415,-9.383],[124.217,-9.3655],[124.192,-9.3785],[124.1895,-9.384],[124.174,-9.3905],[124.1715,-9.401],[124.1815,-9.404],[124.1855,-9.404],[124.19,-9.4055],[124.197,-9.424],[124.1975,-9.4245],[124.198,-9.4245],[124.201,-9.433],[124.202,-9.4455],[124.2035,-9.457],[124.205,-9.466],[124.211,-9.468],[124.2135,-9.469],[124.2165,-9.4705],[124.2175,-9.471],[124.2225,-9.4715],[124.223,-9.47],[124.223,-9.469],[124.223,-9.467],[124.2225,-9.4645],[124.2215,-9.4625],[124.218,-9.4385],[124.225,-9.417],[124.224,-9.4035],[124.234,-9.3955],[124.2415,-9.383]]]},"properties":{"code":"53.03.13.2002","name":"Naekake A","latitude":-9.408592661171637,"longitude":124.20841717348057}},{"type":"Feature","geometry":{"type":"Polygon","coordinates":[[[124.2005,-9.465],[124.2035,-9.457],[124.202,-9.4455],[124.201,-9.433],[124.198,-9.4245],[124.1975,-9.4245],[124.197,-9.424],[124.19,-9.4055],[124.1855,-9.404],[124.1815,-9.404],[124.1715,-9.401],[124.158,-9.421],[124.167,-9.4245],[124.1765,-9.442],[124.188,-9.4435],[124.2005,-9.465]]]},"properties":{"code":"53.03.13.2003","name":"Naekake B","latitude":-9.428202656731148,"longitude":124.18392134545664}},{"type":"Feature","geometry":{"type":"Polygon","coordinates":[[[124.158,-9.421],[124.1335,-9.426],[124.1245,-9.4105],[124.096,-9.406],[124.093,-9.4145],[124.095,-9.4165],[124.1065,-9.4245],[124.108,-9.426],[124.124,-9.437],[124.1625,-9.452],[124.179,-9.475],[124.19,-9.483],[124.2015,-9.485],[124.202,-9.4855],[124.2075,-9.4955],[124.209,-9.4985],[124.2175,-9.482],[124.219,-9.4745],[124.2215,-9.473],[124.2225,-9.4715],[124.2185,-9.471],[124.217,-9.471],[124.213,-9.4685],[124.211,-9.468],[124.205,-9.466],[124.2005,-9.465],[124.188,-9.4435],[124.1765,-9.442],[124.167,-9.4245],[124.158,-9.421]]]},"properties":{"code":"53.03.13.2004","name":"Noelelo","latitude":-9.446768602780278,"longitude":124.16195412713503}},{"type":"Feature","geometry":{"type":"Polygon","coordinates":[[[124.461,-9.464],[124.448,-9.456],[124.452,-9.4635],[124.451,-9.464],[124.4505,-9.464],[124.449,-9.464],[124.447,-9.4735],[124.459,-9.4945],[124.46,-9.495],[124.46,-9.496],[124.463,-9.5015],[124.464,-9.5045],[124.4645,-9.5065],[124.4815,-9.5155],[124.4795,-9.512],[124.479,-9.5105],[124.482,-9.498],[124.47,-9.4915],[124.4685,-9.491],[124.469,-9.4775],[124.469,-9.4765],[124.473,-9.472],[124.4755,-9.4695],[124.473,-9.468],[124.461,-9.464]]]},"properties":{"code":"53.03.14.2001","name":"Oelami","latitude":-9.48411350419565,"longitude":124.4636229010022}},{"type":"Feature","geometry":{"type":"Polygon","coordinates":[[[124.449,-9.464],[124.448,-9.4635],[124.448,-9.464],[124.4475,-9.463],[124.436,-9.4675],[124.432,-9.479],[124.4315,-9.485],[124.432,-9.486],[124.4325,-9.4855],[124.444,-9.493],[124.445,-9.493],[124.446,-9.493],[124.449,-9.4935],[124.4535,-9.494],[124.456,-9.4955],[124.458,-9.4955],[124.459,-9.496],[124.46,-9.495],[124.459,-9.4945],[124.447,-9.4735],[124.449,-9.464]]]},"properties":{"code":"53.03.14.2002","name":"Kiusili","latitude":-9.480112012657205,"longitude":124.44287323113718}},{"type":"Feature","geometry":{"type":"Polygon","coordinates":[[[124.4815,-9.5155],[124.4645,-9.5065],[124.465,-9.507],[124.4635,-9.5085],[124.4655,-9.511],[124.467,-9.512],[124.4685,-9.5155],[124.4695,-9.5185],[124.4695,-9.5215],[124.4695,-9.522],[124.4705,-9.5215],[124.4715,-9.524],[124.4705,-9.525],[124.4715,-9.5255],[124.4735,-9.5305],[124.4745,-9.5305],[124.477,-9.5435],[124.477,-9.545],[124.478,-9.5445],[124.481,-9.5465],[124.4805,-9.548],[124.481,-9.549],[124.4835,-9.552],[124.4845,-9.554],[124.4845,-9.5535],[124.4845,-9.5515],[124.4845,-9.551],[124.4855,-9.552],[124.486,-9.5525],[124.49,-9.5575],[124.492,-9.559],[124.4945,-9.56],[124.5025,-9.5585],[124.5055,-9.559],[124.51,-9.5635],[124.515,-9.564],[124.5185,-9.5595],[124.5295,-9.557],[124.5345,-9.5575],[124.536,-9.5565],[124.52,-9.5355],[124.5185,-9.527],[124.5145,-9.5225],[124.512,-9.516],[124.5115,-9.513],[124.5085,-9.5135],[124.504,-9.5125],[124.488,-9.516],[124.4815,-9.5155]]]},"properties":{"code":"53.03.14.2003","name":"Naiola","latitude":-9.536953826609775,"longitude":124.50016518494932}},{"type":"Feature","geometry":{"type":"Polygon","coordinates":[[[124.658,-9.554],[124.645,-9.5585],[124.6185,-9.553],[124.615,-9.5535],[124.615,-9.555],[124.6145,-9.555],[124.6155,-9.5575],[124.615,-9.5585],[124.615,-9.5595],[124.6175,-9.57],[124.6365,-9.5725],[124.6385,-9.574],[124.659,-9.581],[124.6635,-9.581],[124.664,-9.5815],[124.658,-9.554]]]},"properties":{"code":"53.03.14.2004","name":"Maurisu","latitude":-9.56544563220062,"longitude":124.64063994573914}},{"type":"Feature","geometry":{"type":"Polygon","coordinates":[[[124.46,-9.495],[124.459,-9.496],[124.458,-9.4955],[124.456,-9.4955],[124.4535,-9.494],[124.449,-9.4935],[124.4485,-9.494],[124.4495,-9.495],[124.4505,-9.4965],[124.451,-9.499],[124.4565,-9.501],[124.457,-9.501],[124.46,-9.5035],[124.462,-9.5035],[124.462,-9.5055],[124.4635,-9.506],[124.4625,-9.506],[124.4645,-9.5065],[124.464,-9.5045],[124.463,-9.5015],[124.46,-9.496],[124.46,-9.495]]]},"properties":{"code":"53.03.14.2005","name":"Oetalus","latitude":-9.499031226474782,"longitude":124.4571973820062}},{"type":"Feature","geometry":{"type":"Polygon","coordinates":[[[124.5565,-9.503],[124.5535,-9.5015],[124.5405,-9.5015],[124.5395,-9.503],[124.534,-9.5135],[124.5335,-9.517],[124.534,-9.5195],[124.5365,-9.5215],[124.5505,-9.542],[124.5525,-9.5435],[124.558,-9.5595],[124.5595,-9.5615],[124.5595,-9.5625],[124.5615,-9.5635],[124.5625,-9.5675],[124.571,-9.5635],[124.576,-9.5605],[124.5755,-9.5675],[124.5805,-9.5655],[124.5895,-9.565],[124.5905,-9.567],[124.6175,-9.57],[124.615,-9.5595],[124.615,-9.5585],[124.6155,-9.5575],[124.614,-9.554],[124.606,-9.554],[124.5955,-9.5415],[124.592,-9.5395],[124.5925,-9.5275],[124.593,-9.5265],[124.5935,-9.5265],[124.5955,-9.5265],[124.596,-9.5255],[124.597,-9.5245],[124.597,-9.524],[124.5975,-9.5245],[124.599,-9.5245],[124.6,-9.5245],[124.6,-9.5235],[124.601,-9.5225],[124.6015,-9.5205],[124.6015,-9.5195],[124.6045,-9.5185],[124.6045,-9.5165],[124.605,-9.5155],[124.6045,-9.5145],[124.596,-9.515],[124.596,-9.513],[124.591,-9.509],[124.5885,-9.5125],[124.5875,-9.5135],[124.587,-9.5135],[124.587,-9.511],[124.586,-9.5095],[124.581,-9.5085],[124.5755,-9.5105],[124.57,-9.5095],[124.57,-9.5085],[124.569,-9.5085],[124.565,-9.5065],[124.563,-9.5055],[124.5605,-9.502],[124.5585,-9.5045],[124.5565,-9.503]]]},"properties":{"code":"53.03.14.2006","name":"Tublopo","latitude":-9.535395074633541,"longitude":124.57350500358656}},{"type":"Feature","geometry":{"type":"Polygon","coordinates":[[[124.605,-9.5155],[124.6045,-9.5165],[124.6045,-9.5185],[124.6015,-9.5195],[124.6015,-9.5205],[124.601,-9.5225],[124.6,-9.5235],[124.6,-9.5245],[124.599,-9.5245],[124.5975,-9.5245],[124.597,-9.524],[124.597,-9.5245],[124.596,-9.5255],[124.5955,-9.5265],[124.5935,-9.5265],[124.593,-9.5265],[124.5925,-9.5275],[124.592,-9.5395],[124.5955,-9.5415],[124.606,-9.554],[124.614,-9.554],[124.6145,-9.555],[124.615,-9.555],[124.615,-9.5535],[124.6185,-9.553],[124.645,-9.5585],[124.658,-9.554],[124.6575,-9.55],[124.654,-9.5495],[124.654,-9.5475],[124.6565,-9.5465],[124.656,-9.545],[124.6525,-9.5435],[124.649,-9.544],[124.6435,-9.548],[124.6435,-9.547],[124.6455,-9.5415],[124.6435,-9.541],[124.642,-9.5415],[124.642,-9.542],[124.642,-9.5435],[124.641,-9.5435],[124.6215,-9.5345],[124.622,-9.5325],[124.625,-9.5305],[124.6225,-9.527],[124.607,-9.518],[124.6065,-9.5185],[124.605,-9.5155]]]},"properties":{"code":"53.03.14.2007","name":"Maurisu Utara","latitude":-9.540470396604018,"longitude":124.61849638110047}},{"type":"Feature","geometry":{"type":"Polygon","coordinates":[[[124.683,-9.5535],[124.67,-9.5485],[124.6695,-9.5395],[124.6685,-9.5385],[124.666,-9.544],[124.6655,-9.545],[124.6635,-9.546],[124.666,-9.559],[124.681,-9.572],[124.6815,-9.58],[124.6835,-9.585],[124.684,-9.5845],[124.6945,-9.5855],[124.697,-9.5835],[124.7015,-9.579],[124.704,-9.5635],[124.703,-9.564],[124.7005,-9.563],[124.6965,-9.56],[124.6955,-9.5605],[124.688,-9.563],[124.6845,-9.562],[124.682,-9.5615],[124.6815,-9.561],[124.684,-9.5575],[124.683,-9.554],[124.683,-9.5535]]]},"properties":{"code":"53.03.14.2008","name":"Maurisu Selatan","latitude":-9.565712917106708,"longitude":124.68383984436812}},{"type":"Feature","geometry":{"type":"Polygon","coordinates":[[[124.6635,-9.546],[124.661,-9.547],[124.659,-9.5485],[124.6575,-9.55],[124.658,-9.554],[124.664,-9.5815],[124.6765,-9.5845],[124.6785,-9.586],[124.682,-9.585],[124.6835,-9.585],[124.6815,-9.58],[124.681,-9.572],[124.666,-9.559],[124.6635,-9.546]]]},"properties":{"code":"53.03.14.2009","name":"Maurisu Tengah","latitude":-9.569794217317874,"longitude":124.66928359568003}},{"type":"Feature","geometry":{"type":"Polygon","coordinates":[[[124.5335,-9.5145],[124.523,-9.5095],[124.52,-9.51],[124.518,-9.5125],[124.5145,-9.513],[124.5115,-9.513],[124.512,-9.516],[124.5145,-9.5225],[124.5185,-9.527],[124.52,-9.5355],[124.536,-9.5565],[124.539,-9.554],[124.5415,-9.555],[124.55,-9.561],[124.556,-9.5645],[124.5595,-9.5625],[124.5595,-9.5615],[124.558,-9.5595],[124.5525,-9.5435],[124.5505,-9.542],[124.5365,-9.5215],[124.534,-9.5195],[124.5335,-9.517],[124.5335,-9.5145]]]},"properties":{"code":"53.03.14.2010","name":"Naiola Timur","latitude":-9.535452065172095,"longitude":124.53469600797322}},{"type":"Feature","geometry":{"type":"Polygon","coordinates":[[[124.4075,-9.4065],[124.4055,-9.407],[124.4035,-9.407],[124.3915,-9.4085],[124.3855,-9.41],[124.386,-9.4145],[124.391,-9.417],[124.3915,-9.4175],[124.396,-9.4225],[124.403,-9.426],[124.406,-9.431],[124.4055,-9.432],[124.4065,-9.432],[124.407,-9.432],[124.408,-9.4325],[124.4105,-9.434],[124.4125,-9.435],[124.416,-9.436],[124.416,-9.435],[124.4185,-9.4325],[124.4085,-9.417],[124.4135,-9.4175],[124.413,-9.4135],[124.4125,-9.4125],[124.4105,-9.4125],[124.409,-9.4095],[124.4075,-9.4065]]]},"properties":{"code":"53.03.15.2001","name":"Buk","latitude":-9.418641293175192,"longitude":124.40262885963408}},{"type":"Feature","geometry":{"type":"Polygon","coordinates":[[[124.4645,-9.432],[124.4605,-9.423],[124.451,-9.422],[124.4505,-9.4225],[124.4495,-9.422],[124.4445,-9.435],[124.4425,-9.4385],[124.451,-9.4415],[124.453,-9.4405],[124.4645,-9.438],[124.4645,-9.432]]]},"properties":{"code":"53.03.15.2002","name":"Oenenu","latitude":-9.432227767340182,"longitude":124.45466979417967}},{"type":"Feature","geometry":{"type":"Polygon","coordinates":[[[124.416,-9.436],[124.4125,-9.435],[124.4105,-9.434],[124.408,-9.4325],[124.407,-9.432],[124.4065,-9.432],[124.4055,-9.432],[124.406,-9.432],[124.4065,-9.4325],[124.405,-9.434],[124.4015,-9.4395],[124.4,-9.44],[124.3965,-9.442],[124.3965,-9.4445],[124.3985,-9.4435],[124.4,-9.444],[124.404,-9.4435],[124.412,-9.447],[124.4145,-9.462],[124.4165,-9.4635],[124.438,-9.46],[124.45,-9.4495],[124.4465,-9.4475],[124.445,-9.4475],[124.4435,-9.4455],[124.438,-9.44],[124.437,-9.4395],[124.4365,-9.4395],[124.4375,-9.4385],[124.416,-9.436]]]},"properties":{"code":"53.03.15.2003","name":"Nimasi","latitude":-9.44800027189144,"longitude":124.42445368254073}},{"type":"Feature","geometry":{"type":"Polygon","coordinates":[[[124.4185,-9.4325],[124.4265,-9.435],[124.4295,-9.4115],[124.421,-9.4185],[124.4145,-9.4135],[124.413,-9.4125],[124.4125,-9.4125],[124.413,-9.4135],[124.4135,-9.4175],[124.4085,-9.417],[124.4185,-9.4325]]]},"properties":{"code":"53.03.15.2004","name":"Oelbonak","latitude":-9.423089360082631,"longitude":124.42013100268267}},{"type":"Feature","geometry":{"type":"Polygon","coordinates":[[[124.4145,-9.462],[124.412,-9.447],[124.404,-9.4435],[124.4,-9.444],[124.3985,-9.4435],[124.3965,-9.4445],[124.397,-9.4465],[124.3975,-9.4475],[124.398,-9.4495],[124.3925,-9.466],[124.399,-9.4775],[124.3995,-9.477],[124.4005,-9.4765],[124.4015,-9.476],[124.409,-9.4655],[124.4105,-9.4635],[124.4115,-9.4635],[124.4135,-9.462],[124.4145,-9.462]]]},"properties":{"code":"53.03.15.2005","name":"Kuenak","latitude":-9.460278246205474,"longitude":124.40297778071663}},{"type":"Feature","geometry":{"type":"Polygon","coordinates":[[[124.448,-9.456],[124.449,-9.4545],[124.45,-9.4495],[124.438,-9.46],[124.4165,-9.4635],[124.4135,-9.462],[124.413,-9.4625],[124.4135,-9.4625],[124.4145,-9.4635],[124.417,-9.4685],[124.4145,-9.4705],[124.4135,-9.4745],[124.414,-9.479],[124.432,-9.479],[124.436,-9.4675],[124.4475,-9.463],[124.448,-9.464],[124.448,-9.4635],[124.4505,-9.464],[124.451,-9.464],[124.452,-9.4635],[124.448,-9.456]]]},"properties":{"code":"53.03.15.2006","name":"Oenino","latitude":-9.467375227466837,"longitude":124.42956083274187}},{"type":"Feature","geometry":{"type":"Polygon","coordinates":[[[124.4495,-9.422],[124.447,-9.421],[124.443,-9.4185],[124.438,-9.4105],[124.4375,-9.411],[124.4295,-9.4115],[124.4265,-9.435],[124.4185,-9.4325],[124.416,-9.435],[124.416,-9.436],[124.4375,-9.4385],[124.4395,-9.4395],[124.4415,-9.4395],[124.4445,-9.435],[124.4495,-9.422]]]},"properties":{"code":"53.03.15.2007","name":"Oenenu Utara","latitude":-9.426904815966363,"longitude":124.43642573541342}},{"type":"Feature","geometry":{"type":"Polygon","coordinates":[[[124.451,-9.4415],[124.4425,-9.4385],[124.4415,-9.4395],[124.4395,-9.4395],[124.4365,-9.4395],[124.437,-9.4395],[124.438,-9.44],[124.4435,-9.4455],[124.445,-9.4475],[124.4465,-9.4475],[124.45,-9.4495],[124.45,-9.448],[124.4495,-9.442],[124.451,-9.4415]]]},"properties":{"code":"53.03.15.2008","name":"Oenenu Selatan","latitude":-9.443102715932092,"longitude":124.44541446689922}},{"type":"Feature","geometry":{"type":"Polygon","coordinates":[[[124.404,-9.3935],[124.383,-9.3875],[124.381,-9.387],[124.3805,-9.3965],[124.3655,-9.402],[124.3855,-9.41],[124.3915,-9.4085],[124.4035,-9.407],[124.4055,-9.407],[124.4075,-9.4065],[124.4065,-9.403],[124.406,-9.397],[124.406,-9.3935],[124.404,-9.3935]]]},"properties":{"code":"53.03.15.2009","name":"Sono","latitude":-9.39943575685903,"longitude":124.3902619369502}},{"type":"Feature","geometry":{"type":"Polygon","coordinates":[[[124.3855,-9.41],[124.3655,-9.402],[124.371,-9.4175],[124.372,-9.436],[124.3885,-9.4425],[124.3885,-9.447],[124.3895,-9.446],[124.3935,-9.447],[124.3965,-9.447],[124.397,-9.4465],[124.396,-9.444],[124.3965,-9.442],[124.4,-9.44],[124.4015,-9.4395],[124.405,-9.434],[124.4065,-9.4325],[124.4055,-9.432],[124.406,-9.431],[124.403,-9.426],[124.396,-9.4225],[124.3915,-9.4175],[124.391,-9.417],[124.386,-9.4145],[124.3855,-9.41]]]},"properties":{"code":"53.03.16.2001","name":"Inbate","latitude":-9.426391909652517,"longitude":124.38483855081532}},{"type":"Feature","geometry":{"type":"Polygon","coordinates":[[[124.377,-9.4595],[124.3765,-9.4585],[124.3715,-9.456],[124.3685,-9.4575],[124.3625,-9.4535],[124.3565,-9.471],[124.3595,-9.4715],[124.362,-9.471],[124.3635,-9.47],[124.3675,-9.47],[124.3745,-9.4635],[124.374,-9.463],[124.377,-9.4595]]]},"properties":{"code":"53.03.16.2002","name":"Sunkaen","latitude":-9.463259024358514,"longitude":124.3656581210266}},{"type":"Feature","geometry":{"type":"Polygon","coordinates":[[[124.3885,-9.447],[124.3885,-9.4425],[124.372,-9.436],[124.371,-9.4175],[124.3545,-9.42],[124.3485,-9.436],[124.363,-9.4485],[124.3625,-9.4535],[124.3685,-9.4575],[124.3715,-9.456],[124.3765,-9.4585],[124.3775,-9.4595],[124.377,-9.4585],[124.38,-9.4525],[124.3845,-9.4505],[124.386,-9.45],[124.3885,-9.447]]]},"properties":{"code":"53.03.16.2003","name":"Nainaban","latitude":-9.439031143695496,"longitude":124.36716581754142}},{"type":"Feature","geometry":{"type":"Polygon","coordinates":[[[124.36,-9.4855],[124.3565,-9.481],[124.331,-9.4865],[124.338,-9.509],[124.3385,-9.5115],[124.338,-9.512],[124.339,-9.513],[124.3395,-9.512],[124.3455,-9.511],[124.3465,-9.511],[124.355,-9.514],[124.355,-9.513],[124.355,-9.512],[124.356,-9.507],[124.356,-9.505],[124.362,-9.5015],[124.36,-9.4855]]]},"properties":{"code":"53.03.16.2004","name":"Haumeni Ana","latitude":-9.497349124659689,"longitude":124.34670316056588}},{"type":"Feature","geometry":{"type":"Polygon","coordinates":[[[124.339,-9.513],[124.3385,-9.5125],[124.338,-9.512],[124.3385,-9.5115],[124.338,-9.509],[124.331,-9.4865],[124.3215,-9.494],[124.324,-9.5055],[124.3235,-9.509],[124.323,-9.511],[124.3235,-9.5105],[124.3235,-9.5125],[124.334,-9.5145],[124.335,-9.513],[124.3385,-9.513],[124.339,-9.513]]]},"properties":{"code":"53.03.16.2005","name":"Nilulat","latitude":-9.502755657608729,"longitude":124.3292974608164}},{"type":"Feature","geometry":{"type":"Polygon","coordinates":[[[124.323,-9.511],[124.3235,-9.509],[124.324,-9.5055],[124.3215,-9.494],[124.316,-9.496],[124.29,-9.4945],[124.2975,-9.504],[124.2995,-9.5055],[124.3075,-9.5075],[124.309,-9.5075],[124.312,-9.507],[124.313,-9.5075],[124.3135,-9.5075],[124.319,-9.509],[124.319,-9.5095],[124.321,-9.51],[124.3225,-9.511],[124.323,-9.511]]]},"properties":{"code":"53.03.16.2006","name":"Tubu","latitude":-9.500764550445991,"longitude":124.30930597259581}},{"type":"Feature","geometry":{"type":"Polygon","coordinates":[[[124.447,-9.374],[124.426,-9.3755],[124.425,-9.376],[124.421,-9.3785],[124.4195,-9.3805],[124.42,-9.3815],[124.421,-9.3895],[124.422,-9.389],[124.4195,-9.402],[124.4295,-9.4115],[124.4375,-9.411],[124.4385,-9.4105],[124.4395,-9.4105],[124.441,-9.4095],[124.4425,-9.409],[124.444,-9.4085],[124.4445,-9.407],[124.4455,-9.4055],[124.4465,-9.4035],[124.4455,-9.402],[124.4445,-9.401],[124.445,-9.4],[124.446,-9.3985],[124.447,-9.393],[124.4475,-9.392],[124.448,-9.3875],[124.4495,-9.3835],[124.4485,-9.3745],[124.447,-9.374]]]},"properties":{"code":"53.03.17.2001","name":"Faenake","latitude":-9.391456163645707,"longitude":124.43489662462581}},{"type":"Feature","geometry":{"type":"Polygon","coordinates":[[[124.45,-9.3535],[124.438,-9.36],[124.4255,-9.3595],[124.4235,-9.361],[124.423,-9.361],[124.4235,-9.3615],[124.42,-9.3635],[124.419,-9.367],[124.416,-9.371],[124.414,-9.373],[124.4175,-9.3805],[124.421,-9.3785],[124.425,-9.376],[124.426,-9.3755],[124.447,-9.374],[124.447,-9.3735],[124.449,-9.358],[124.4505,-9.355],[124.451,-9.3545],[124.45,-9.3535]]]},"properties":{"code":"53.03.17.2002","name":"Banain A","latitude":-9.367566135909316,"longitude":124.4322104818201}},{"type":"Feature","geometry":{"type":"Polygon","coordinates":[[[124.42,-9.3355],[124.4045,-9.34],[124.403,-9.347],[124.409,-9.358],[124.4105,-9.361],[124.41,-9.3625],[124.41,-9.3645],[124.4105,-9.3665],[124.411,-9.3685],[124.411,-9.369],[124.4125,-9.37],[124.4125,-9.3705],[124.4125,-9.371],[124.4125,-9.3715],[124.414,-9.373],[124.416,-9.371],[124.419,-9.367],[124.42,-9.3635],[124.4235,-9.3615],[124.4215,-9.3605],[124.421,-9.3595],[124.4205,-9.3585],[124.42,-9.3485],[124.4215,-9.3455],[124.42,-9.3355]]]},"properties":{"code":"53.03.17.2003","name":"Banain B","latitude":-9.35154771941007,"longitude":124.41365465820044}},{"type":"Feature","geometry":{"type":"Polygon","coordinates":[[[124.4385,-9.3335],[124.42,-9.3355],[124.4215,-9.3455],[124.42,-9.3485],[124.4205,-9.3585],[124.421,-9.36],[124.422,-9.3605],[124.423,-9.361],[124.4235,-9.361],[124.4255,-9.3595],[124.438,-9.36],[124.45,-9.3535],[124.4505,-9.3525],[124.45,-9.3515],[124.4495,-9.3505],[124.45,-9.3495],[124.4475,-9.347],[124.447,-9.3445],[124.4435,-9.3445],[124.4415,-9.3405],[124.4415,-9.3395],[124.4415,-9.337],[124.4405,-9.3355],[124.4395,-9.3345],[124.4385,-9.3335]]]},"properties":{"code":"53.03.17.2004","name":"Banain C","latitude":-9.346915517670551,"longitude":124.4327473769827}},{"type":"Feature","geometry":{"type":"Polygon","coordinates":[[[124.414,-9.373],[124.4125,-9.3715],[124.4125,-9.371],[124.4125,-9.3705],[124.4125,-9.37],[124.411,-9.369],[124.41,-9.3695],[124.41,-9.3705],[124.4095,-9.371],[124.4095,-9.372],[124.4085,-9.372],[124.4075,-9.385],[124.4065,-9.388],[124.404,-9.3935],[124.406,-9.3935],[124.407,-9.3925],[124.409,-9.3915],[124.412,-9.39],[124.413,-9.39],[124.417,-9.39],[124.42,-9.3905],[124.421,-9.3895],[124.42,-9.3815],[124.4195,-9.3805],[124.4175,-9.3805],[124.414,-9.373]]]},"properties":{"code":"53.03.17.2005","name":"Sainoni","latitude":-9.383109208598116,"longitude":124.41265347535317}},{"type":"Feature","geometry":{"type":"Polygon","coordinates":[[[124.4095,-9.372],[124.4075,-9.3715],[124.403,-9.372],[124.402,-9.372],[124.3995,-9.371],[124.397,-9.371],[124.391,-9.3725],[124.384,-9.3755],[124.383,-9.376],[124.3815,-9.3775],[124.3805,-9.378],[124.378,-9.379],[124.381,-9.387],[124.383,-9.3875],[124.404,-9.3935],[124.4065,-9.388],[124.4075,-9.385],[124.4085,-9.372],[124.4095,-9.372]]]},"properties":{"code":"53.03.17.2006","name":"Tes","latitude":-9.381427942132532,"longitude":124.39532890064882}},{"type":"Feature","geometry":{"type":"Polygon","coordinates":[[[124.411,-9.369],[124.411,-9.3685],[124.4105,-9.3665],[124.41,-9.3645],[124.41,-9.3625],[124.4105,-9.361],[124.409,-9.358],[124.403,-9.347],[124.401,-9.352],[124.3785,-9.361],[124.378,-9.379],[124.3805,-9.378],[124.3815,-9.3775],[124.383,-9.376],[124.384,-9.3755],[124.391,-9.3725],[124.397,-9.371],[124.3995,-9.371],[124.402,-9.372],[124.403,-9.372],[124.4075,-9.3715],[124.4095,-9.372],[124.4095,-9.371],[124.41,-9.3705],[124.41,-9.3695],[124.411,-9.369]]]},"properties":{"code":"53.03.17.2007","name":"Napan","latitude":-9.364883425896352,"longitude":124.39400578769866}},{"type":"Feature","geometry":{"type":"Polygon","coordinates":[[[124.4195,-9.402],[124.422,-9.389],[124.42,-9.3905],[124.417,-9.39],[124.413,-9.39],[124.412,-9.39],[124.409,-9.3915],[124.407,-9.3925],[124.406,-9.3935],[124.406,-9.397],[124.4065,-9.403],[124.409,-9.4095],[124.4105,-9.4125],[124.4125,-9.4125],[124.4195,-9.402]]]},"properties":{"code":"53.03.17.2008","name":"Haumeni","latitude":-9.398651233027524,"longitude":124.413768209782}},{"type":"Feature","geometry":{"type":"Polygon","coordinates":[[[124.4295,-9.4115],[124.4195,-9.402],[124.4125,-9.4125],[124.413,-9.4125],[124.4145,-9.4135],[124.421,-9.4185],[124.4295,-9.4115]]]},"properties":{"code":"53.03.17.2009","name":"Baas","latitude":-9.410248646397037,"longitude":124.42125295294544}},{"type":"Feature","geometry":{"type":"Polygon","coordinates":[[[124.5065,-9.264],[124.5055,-9.2635],[124.5045,-9.2645],[124.503,-9.2635],[124.5025,-9.26],[124.5025,-9.259],[124.502,-9.259],[124.5025,-9.258],[124.5015,-9.257],[124.5005,-9.256],[124.5005,-9.2555],[124.5035,-9.2535],[124.5015,-9.2405],[124.5095,-9.222],[124.5095,-9.2185],[124.509,-9.217],[124.508,-9.216],[124.5045,-9.212],[124.5035,-9.21],[124.4965,-9.193],[124.4905,-9.1935],[124.4865,-9.1935],[124.4805,-9.193],[124.481,-9.1995],[124.469,-9.208],[124.4675,-9.2385],[124.458,-9.262],[124.4575,-9.2725],[124.482,-9.2695],[124.487,-9.2675],[124.492,-9.267],[124.4965,-9.265],[124.4985,-9.266],[124.4995,-9.2655],[124.501,-9.266],[124.5015,-9.265],[124.5035,-9.265],[124.505,-9.264],[124.5065,-9.264]]]},"properties":{"code":"53.03.18.2001","name":"Manamas","latitude":-9.235219203159508,"longitude":124.48409430481911}},{"type":"Feature","geometry":{"type":"Polygon","coordinates":[[[124.5065,-9.264],[124.505,-9.264],[124.5035,-9.265],[124.5015,-9.265],[124.501,-9.266],[124.4995,-9.2655],[124.4985,-9.266],[124.4965,-9.265],[124.492,-9.267],[124.487,-9.2675],[124.482,-9.2695],[124.4575,-9.2725],[124.4595,-9.2905],[124.4665,-9.2945],[124.4675,-9.295],[124.4685,-9.2965],[124.4695,-9.2965],[124.488,-9.2895],[124.5035,-9.3105],[124.505,-9.311],[124.516,-9.312],[124.521,-9.3105],[124.5285,-9.2975],[124.529,-9.289],[124.5285,-9.2875],[124.521,-9.2755],[124.519,-9.2745],[124.5175,-9.274],[124.515,-9.273],[124.514,-9.2735],[124.5135,-9.2735],[124.5125,-9.272],[124.506,-9.2645],[124.5065,-9.264]]]},"properties":{"code":"53.03.18.2002","name":"Benus","latitude":-9.286328781836557,"longitude":124.49616697997025}},{"type":"Feature","geometry":{"type":"Polygon","coordinates":[[[124.5035,-9.3105],[124.488,-9.2895],[124.4695,-9.2965],[124.4685,-9.2965],[124.4675,-9.295],[124.4665,-9.2945],[124.4595,-9.2905],[124.464,-9.305],[124.4675,-9.306],[124.4695,-9.3065],[124.47,-9.307],[124.472,-9.3085],[124.4885,-9.319],[124.4895,-9.3195],[124.495,-9.3165],[124.497,-9.316],[124.4985,-9.3165],[124.5,-9.3155],[124.5035,-9.3105]]]},"properties":{"code":"53.03.18.2003","name":"Bakitolas","latitude":-9.304407918586937,"longitude":124.4829697525915}},{"type":"Feature","geometry":{"type":"Polygon","coordinates":[[[124.5035,-9.3105],[124.5,-9.3155],[124.4985,-9.3165],[124.497,-9.316],[124.495,-9.3165],[124.4895,-9.3195],[124.4885,-9.319],[124.472,-9.3085],[124.47,-9.307],[124.4695,-9.3065],[124.4675,-9.306],[124.464,-9.305],[124.4465,-9.3065],[124.44,-9.315],[124.4385,-9.3335],[124.4395,-9.3345],[124.4405,-9.3355],[124.4415,-9.337],[124.4415,-9.3395],[124.4415,-9.3405],[124.4435,-9.3445],[124.447,-9.3445],[124.448,-9.346],[124.451,-9.346],[124.4525,-9.3455],[124.4535,-9.3455],[124.4565,-9.3445],[124.458,-9.345],[124.461,-9.3465],[124.4695,-9.346],[124.4795,-9.339],[124.483,-9.338],[124.4835,-9.3385],[124.4855,-9.3375],[124.487,-9.3385],[124.4875,-9.3395],[124.4905,-9.3405],[124.4925,-9.3405],[124.505,-9.335],[124.5075,-9.334],[124.5065,-9.3335],[124.508,-9.3325],[124.516,-9.3285],[124.5195,-9.323],[124.517,-9.318],[124.519,-9.3115],[124.516,-9.312],[124.505,-9.311],[124.5035,-9.3105]]]},"properties":{"code":"53.03.18.2004","name":"Sunsea","latitude":-9.326034950365624,"longitude":124.47366036657239}},{"type":"Feature","geometry":{"type":"Polygon","coordinates":[[[124.619,-9.3775],[124.6185,-9.3775],[124.619,-9.376],[124.619,-9.375],[124.6195,-9.3745],[124.6205,-9.3735],[124.62,-9.3735],[124.6185,-9.3745],[124.6025,-9.3805],[124.5985,-9.38],[124.594,-9.3785],[124.592,-9.378],[124.5915,-9.378],[124.5915,-9.3785],[124.5895,-9.3795],[124.5885,-9.38],[124.58,-9.3975],[124.5705,-9.3955],[124.5715,-9.3995],[124.579,-9.4025],[124.589,-9.4185],[124.595,-9.42],[124.596,-9.4225],[124.6005,-9.422],[124.6025,-9.4225],[124.6045,-9.424],[124.6045,-9.4235],[124.6045,-9.4225],[124.611,-9.4225],[124.6085,-9.415],[124.609,-9.4075],[124.619,-9.388],[124.619,-9.3775]]]},"properties":{"code":"53.03.19.2001","name":"Fafinesu A","latitude":-9.398107977330382,"longitude":124.5985552344659}},{"type":"Feature","geometry":{"type":"Polygon","coordinates":[[[124.5745,-9.343],[124.5595,-9.344],[124.5565,-9.343],[124.55,-9.3375],[124.5485,-9.336],[124.5475,-9.345],[124.544,-9.352],[124.545,-9.3645],[124.542,-9.3655],[124.5405,-9.366],[124.5375,-9.364],[124.519,-9.376],[124.525,-9.3965],[124.5325,-9.4005],[124.5335,-9.3965],[124.5325,-9.3945],[124.5415,-9.3765],[124.5415,-9.375],[124.5425,-9.374],[124.5425,-9.3735],[124.56,-9.3765],[124.562,-9.371],[124.5665,-9.366],[124.57,-9.3645],[124.578,-9.3455],[124.5745,-9.343]]]},"properties":{"code":"53.03.19.2002","name":"Fafinesu B","latitude":-9.365254905763198,"longitude":124.54944008570376}},{"type":"Feature","geometry":{"type":"Polygon","coordinates":[[[124.5935,-9.359],[124.5935,-9.358],[124.5985,-9.3405],[124.6,-9.338],[124.589,-9.348],[124.5745,-9.343],[124.578,-9.3455],[124.57,-9.3645],[124.5695,-9.3665],[124.581,-9.373],[124.5815,-9.3735],[124.588,-9.38],[124.5895,-9.3795],[124.5915,-9.3785],[124.5915,-9.378],[124.592,-9.378],[124.5925,-9.377],[124.5925,-9.375],[124.5935,-9.359]]]},"properties":{"code":"53.03.19.2003","name":"Fafinesu C","latitude":-9.359927527146787,"longitude":124.58504407160167}},{"type":"Feature","geometry":{"type":"Polygon","coordinates":[[[124.5395,-9.329],[124.525,-9.3285],[124.524,-9.3285],[124.524,-9.329],[124.541,-9.346],[124.539,-9.3595],[124.5375,-9.364],[124.5405,-9.366],[124.542,-9.3655],[124.545,-9.3645],[124.544,-9.352],[124.5475,-9.345],[124.5485,-9.336],[124.546,-9.333],[124.5445,-9.3315],[124.5395,-9.329]]]},"properties":{"code":"53.03.19.2004","name":"Oenain","latitude":-9.342346125124331,"longitude":124.53989771226783}},{"type":"Feature","geometry":{"type":"Polygon","coordinates":[[[124.6205,-9.2665],[124.6195,-9.2665],[124.618,-9.2655],[124.6155,-9.2575],[124.615,-9.2565],[124.613,-9.2575],[124.611,-9.2615],[124.6105,-9.2625],[124.6105,-9.2635],[124.6095,-9.2645],[124.6075,-9.2645],[124.5955,-9.278],[124.5875,-9.2975],[124.577,-9.315],[124.5495,-9.3105],[124.5395,-9.329],[124.5445,-9.3315],[124.547,-9.3345],[124.55,-9.3375],[124.5565,-9.343],[124.5595,-9.344],[124.5745,-9.343],[124.589,-9.348],[124.6,-9.338],[124.601,-9.3375],[124.6015,-9.331],[124.602,-9.328],[124.6045,-9.3245],[124.605,-9.323],[124.612,-9.3095],[124.613,-9.308],[124.614,-9.309],[124.617,-9.3075],[124.6225,-9.304],[124.6245,-9.303],[124.6255,-9.304],[124.626,-9.303],[124.6275,-9.3025],[124.627,-9.301],[124.629,-9.296],[124.628,-9.2955],[124.627,-9.295],[124.627,-9.294],[124.6265,-9.2915],[124.629,-9.291],[124.633,-9.29],[124.6365,-9.29],[124.6395,-9.288],[124.637,-9.2885],[124.634,-9.2875],[124.63,-9.2835],[124.629,-9.2765],[124.6245,-9.2735],[124.6205,-9.2665]]]},"properties":{"code":"53.03.19.2005","name":"Baunuan","latitude":-9.3096581040651,"longitude":124.59073261682458}},{"type":"Feature","geometry":{"type":"Polygon","coordinates":[[[124.5885,-9.38],[124.588,-9.38],[124.5815,-9.3735],[124.581,-9.373],[124.5695,-9.3665],[124.5665,-9.366],[124.562,-9.371],[124.56,-9.3765],[124.5615,-9.3825],[124.564,-9.387],[124.5685,-9.392],[124.5695,-9.393],[124.5705,-9.3955],[124.58,-9.3975],[124.5885,-9.38]]]},"properties":{"code":"53.03.19.2006","name":"Fafinesu","latitude":-9.381578342415589,"longitude":124.57325151096549}},{"type":"Feature","geometry":{"type":"Polygon","coordinates":[[[124.55,-9.4415],[124.55,-9.436],[124.546,-9.436],[124.5355,-9.4355],[124.533,-9.4365],[124.5375,-9.4505],[124.5375,-9.455],[124.5375,-9.458],[124.5375,-9.4595],[124.5355,-9.464],[124.535,-9.467],[124.539,-9.468],[124.54,-9.468],[124.5445,-9.47],[124.5445,-9.4805],[124.545,-9.48],[124.547,-9.4785],[124.5485,-9.4775],[124.551,-9.4765],[124.5655,-9.465],[124.5525,-9.4615],[124.5445,-9.4545],[124.5425,-9.45],[124.5445,-9.444],[124.5475,-9.4415],[124.55,-9.4415]]]},"properties":{"code":"53.03.20.2001","name":"Subun","latitude":-9.457650677223988,"longitude":124.54539433269068}},{"type":"Feature","geometry":{"type":"Polygon","coordinates":[[[124.569,-9.465],[124.567,-9.4635],[124.5655,-9.465],[124.565,-9.466],[124.5655,-9.4705],[124.557,-9.492],[124.5575,-9.496],[124.56,-9.4965],[124.561,-9.4975],[124.5615,-9.501],[124.5625,-9.5025],[124.563,-9.5055],[124.565,-9.5065],[124.569,-9.5085],[124.57,-9.5085],[124.57,-9.5095],[124.5755,-9.5105],[124.581,-9.5085],[124.581,-9.5075],[124.579,-9.506],[124.578,-9.505],[124.5745,-9.505],[124.5685,-9.5015],[124.566,-9.4805],[124.569,-9.465]]]},"properties":{"code":"53.03.20.2002","name":"Usapinonot","latitude":-9.491270388554668,"longitude":124.56567128548136}},{"type":"Feature","geometry":{"type":"Polygon","coordinates":[[[124.5535,-9.5015],[124.5535,-9.501],[124.552,-9.5005],[124.5515,-9.499],[124.5495,-9.4895],[124.549,-9.483],[124.549,-9.481],[124.5485,-9.4775],[124.546,-9.4795],[124.543,-9.482],[124.535,-9.4905],[124.5335,-9.495],[124.534,-9.499],[124.5355,-9.502],[124.5365,-9.502],[124.5375,-9.5005],[124.5405,-9.5015],[124.5535,-9.5015]]]},"properties":{"code":"53.03.20.2003","name":"Lapeom","latitude":-9.493336218049794,"longitude":124.5437096340875}},{"type":"Feature","geometry":{"type":"Polygon","coordinates":[[[124.621,-9.4845],[124.618,-9.472],[124.612,-9.456],[124.604,-9.4495],[124.6005,-9.4455],[124.5955,-9.451],[124.592,-9.457],[124.588,-9.4605],[124.5975,-9.479],[124.6055,-9.478],[124.621,-9.4845]]]},"properties":{"code":"53.03.20.2004","name":"Letneo","latitude":-9.46545784970031,"longitude":124.60420486131503}},{"type":"Feature","geometry":{"type":"Polygon","coordinates":[[[124.595,-9.443],[124.5855,-9.445],[124.5845,-9.444],[124.579,-9.433],[124.5765,-9.428],[124.575,-9.4265],[124.574,-9.4255],[124.5735,-9.425],[124.5705,-9.4255],[124.5685,-9.4245],[124.567,-9.425],[124.567,-9.4245],[124.564,-9.423],[124.56,-9.418],[124.5595,-9.416],[124.5595,-9.414],[124.559,-9.4135],[124.5565,-9.4145],[124.5475,-9.4085],[124.5455,-9.408],[124.541,-9.409],[124.539,-9.409],[124.5285,-9.4085],[124.519,-9.4225],[124.529,-9.4375],[124.5355,-9.4355],[124.546,-9.436],[124.55,-9.436],[124.55,-9.4415],[124.563,-9.446],[124.564,-9.4485],[124.567,-9.4635],[124.569,-9.465],[124.5745,-9.463],[124.5765,-9.4595],[124.579,-9.457],[124.588,-9.4605],[124.592,-9.457],[124.5955,-9.451],[124.6005,-9.4455],[124.596,-9.444],[124.595,-9.443]]]},"properties":{"code":"53.03.20.2005","name":"Bannae","latitude":-9.432959742047519,"longitude":124.55693905720616}},{"type":"Feature","geometry":{"type":"Polygon","coordinates":[[[124.588,-9.4605],[124.579,-9.457],[124.5765,-9.4595],[124.5775,-9.4615],[124.5785,-9.467],[124.5795,-9.47],[124.585,-9.476],[124.589,-9.4915],[124.586,-9.507],[124.586,-9.5095],[124.5865,-9.5105],[124.6015,-9.501],[124.606,-9.4915],[124.5975,-9.479],[124.588,-9.4605]]]},"properties":{"code":"53.03.20.2006","name":"Unini","latitude":-9.481099669651226,"longitude":124.59121699993992}},{"type":"Feature","geometry":{"type":"Polygon","coordinates":[[[124.586,-9.507],[124.589,-9.4915],[124.585,-9.476],[124.5795,-9.47],[124.5785,-9.467],[124.5775,-9.4615],[124.5765,-9.4595],[124.5745,-9.463],[124.569,-9.465],[124.566,-9.4805],[124.5685,-9.5015],[124.5745,-9.505],[124.578,-9.505],[124.579,-9.506],[124.581,-9.5075],[124.586,-9.507]]]},"properties":{"code":"53.03.20.2007","name":"Atmen","latitude":-9.486710446045533,"longitude":124.5774587303091}},{"type":"Feature","geometry":{"type":"Polygon","coordinates":[[[124.621,-9.4845],[124.6055,-9.478],[124.5975,-9.479],[124.606,-9.4915],[124.6015,-9.501],[124.5865,-9.5105],[124.587,-9.511],[124.587,-9.5135],[124.5875,-9.5135],[124.5885,-9.5125],[124.591,-9.509],[124.596,-9.513],[124.596,-9.515],[124.6045,-9.5145],[124.6055,-9.516],[124.6065,-9.5185],[124.607,-9.518],[124.6225,-9.527],[124.625,-9.5305],[124.622,-9.5325],[124.6215,-9.5345],[124.641,-9.5435],[124.642,-9.5435],[124.642,-9.542],[124.642,-9.5415],[124.6435,-9.541],[124.6455,-9.5415],[124.6435,-9.547],[124.6435,-9.548],[124.649,-9.544],[124.6505,-9.5435],[124.65,-9.5435],[124.65,-9.541],[124.6505,-9.5405],[124.6495,-9.5365],[124.647,-9.5245],[124.6365,-9.5265],[124.6355,-9.524],[124.6365,-9.514],[124.636,-9.514],[124.624,-9.4975],[124.621,-9.4845]]]},"properties":{"code":"53.03.20.2008","name":"Letneo Selatan","latitude":-9.512147690868852,"longitude":124.6208345715268}},{"type":"Feature","geometry":{"type":"Polygon","coordinates":[[[124.5625,-9.5025],[124.5615,-9.501],[124.561,-9.4975],[124.5585,-9.4975],[124.5565,-9.503],[124.5585,-9.5045],[124.5605,-9.502],[124.5625,-9.5025]]]},"properties":{"code":"53.03.20.2009","name":"Oabikase","latitude":-9.500435618518623,"longitude":124.55832862305391}},{"type":"Feature","geometry":{"type":"Polygon","coordinates":[[[124.56,-9.4965],[124.5575,-9.496],[124.557,-9.492],[124.5655,-9.4705],[124.565,-9.466],[124.5655,-9.465],[124.551,-9.4765],[124.5485,-9.4775],[124.549,-9.481],[124.549,-9.483],[124.5495,-9.4895],[124.5515,-9.499],[124.552,-9.5005],[124.5535,-9.501],[124.5565,-9.503],[124.5585,-9.4975],[124.56,-9.4965]]]},"properties":{"code":"53.03.20.2010","name":"Nifunenas","latitude":-9.482454926370814,"longitude":124.55572822040648}},{"type":"Feature","geometry":{"type":"Polygon","coordinates":[[[124.567,-9.4635],[124.564,-9.4485],[124.563,-9.446],[124.55,-9.4415],[124.5475,-9.4415],[124.5445,-9.444],[124.5425,-9.45],[124.5445,-9.4545],[124.5525,-9.4615],[124.5655,-9.465],[124.567,-9.4635]]]},"properties":{"code":"53.03.20.2011","name":"Subun Bestobe","latitude":-9.452003865711237,"longitude":124.55537697464673}},{"type":"Feature","geometry":{"type":"Polygon","coordinates":[[[124.5445,-9.4805],[124.5445,-9.47],[124.54,-9.468],[124.539,-9.468],[124.535,-9.467],[124.535,-9.468],[124.532,-9.471],[124.535,-9.4905],[124.543,-9.482],[124.5445,-9.4805]]]},"properties":{"code":"53.03.20.2012","name":"Subun Tualele","latitude":-9.47744613009363,"longitude":124.53844196445029}},{"type":"Feature","geometry":{"type":"Polygon","coordinates":[[[124.625,-9.3765],[124.6215,-9.377],[124.619,-9.3775],[124.619,-9.388],[124.609,-9.4075],[124.6085,-9.415],[124.611,-9.4225],[124.616,-9.421],[124.6215,-9.4215],[124.623,-9.4215],[124.6235,-9.422],[124.6245,-9.425],[124.6295,-9.426],[124.6325,-9.4305],[124.634,-9.431],[124.6365,-9.43],[124.6385,-9.4315],[124.64,-9.4335],[124.6405,-9.435],[124.643,-9.4395],[124.645,-9.4385],[124.646,-9.438],[124.6455,-9.433],[124.647,-9.432],[124.648,-9.4295],[124.6465,-9.4275],[124.6425,-9.4255],[124.641,-9.4215],[124.644,-9.415],[124.6445,-9.414],[124.645,-9.4145],[124.6475,-9.4145],[124.648,-9.4135],[124.648,-9.4105],[124.6485,-9.41],[124.649,-9.41],[124.6495,-9.4085],[124.6465,-9.4065],[124.646,-9.406],[124.6475,-9.406],[124.645,-9.402],[124.6455,-9.3995],[124.64,-9.3945],[124.6365,-9.393],[124.6365,-9.389],[124.631,-9.3895],[124.625,-9.38],[124.6245,-9.3795],[124.625,-9.378],[124.625,-9.3765]]]},"properties":{"code":"53.03.21.2001","name":"Lanaus","latitude":-9.408403491252596,"longitude":124.62889659436854}},{"type":"Feature","geometry":{"type":"Polygon","coordinates":[[[124.611,-9.4225],[124.6045,-9.4225],[124.6045,-9.424],[124.6035,-9.4245],[124.597,-9.4305],[124.595,-9.443],[124.614,-9.437],[124.621,-9.4355],[124.622,-9.435],[124.6225,-9.43],[124.6235,-9.426],[124.624,-9.4245],[124.624,-9.424],[124.6235,-9.422],[124.623,-9.4215],[124.6215,-9.4215],[124.616,-9.421],[124.611,-9.4225]]]},"properties":{"code":"53.03.21.2002","name":"Letmafo","latitude":-9.43086893544647,"longitude":124.6093378781174}},{"type":"Feature","geometry":{"type":"Polygon","coordinates":[[[124.6095,-9.242],[124.609,-9.239],[124.609,-9.2345],[124.606,-9.2295],[124.606,-9.224],[124.5985,-9.212],[124.5945,-9.2195],[124.594,-9.237],[124.586,-9.258],[124.6075,-9.2645],[124.6095,-9.2645],[124.6105,-9.2635],[124.6105,-9.2625],[124.611,-9.2615],[124.613,-9.2575],[124.615,-9.2565],[124.614,-9.2555],[124.6095,-9.242]]]},"properties":{"code":"53.03.21.2003","name":"Tainsala","latitude":-9.24357644943357,"longitude":124.60041335024523}},{"type":"Feature","geometry":{"type":"Polygon","coordinates":[[[124.56,-9.3765],[124.5425,-9.3735],[124.5425,-9.374],[124.5415,-9.375],[124.5415,-9.3765],[124.5325,-9.3945],[124.5335,-9.3965],[124.5325,-9.4005],[124.5285,-9.4085],[124.539,-9.409],[124.541,-9.409],[124.5455,-9.408],[124.5475,-9.4085],[124.5565,-9.4145],[124.559,-9.4135],[124.5595,-9.414],[124.5595,-9.416],[124.56,-9.418],[124.564,-9.423],[124.567,-9.4245],[124.567,-9.425],[124.5685,-9.4245],[124.5705,-9.4255],[124.5735,-9.425],[124.574,-9.4255],[124.575,-9.4265],[124.5765,-9.428],[124.579,-9.433],[124.5845,-9.444],[124.5855,-9.445],[124.595,-9.443],[124.597,-9.4305],[124.6035,-9.4245],[124.6045,-9.424],[124.6025,-9.4225],[124.6005,-9.422],[124.596,-9.4225],[124.595,-9.42],[124.589,-9.4185],[124.579,-9.4025],[124.5715,-9.3995],[124.5695,-9.393],[124.5685,-9.392],[124.564,-9.387],[124.5615,-9.3825],[124.56,-9.3765]]]},"properties":{"code":"53.03.21.2004","name":"Maubesi","latitude":-9.407006301055443,"longitude":124.56425596927915}},{"type":"Feature","geometry":{"type":"Polygon","coordinates":[[[124.6325,-9.3665],[124.6305,-9.363],[124.6365,-9.315],[124.647,-9.3015],[124.6425,-9.292],[124.642,-9.29],[124.641,-9.2885],[124.6395,-9.2885],[124.6395,-9.288],[124.6365,-9.29],[124.633,-9.29],[124.629,-9.291],[124.6265,-9.2915],[124.627,-9.294],[124.627,-9.295],[124.628,-9.2955],[124.629,-9.296],[124.627,-9.301],[124.6275,-9.3025],[124.626,-9.303],[124.6255,-9.304],[124.6245,-9.303],[124.6225,-9.304],[124.617,-9.3075],[124.614,-9.309],[124.613,-9.308],[124.612,-9.3095],[124.605,-9.323],[124.6045,-9.3245],[124.602,-9.328],[124.6015,-9.331],[124.601,-9.3375],[124.5985,-9.3405],[124.5935,-9.358],[124.595,-9.359],[124.596,-9.3595],[124.597,-9.3605],[124.599,-9.3615],[124.612,-9.3615],[124.6145,-9.3685],[124.6145,-9.3695],[124.615,-9.37],[124.617,-9.372],[124.618,-9.3725],[124.6185,-9.374],[124.62,-9.3735],[124.6205,-9.3735],[124.6195,-9.3745],[124.619,-9.375],[124.619,-9.376],[124.6185,-9.3775],[124.6215,-9.377],[124.625,-9.3765],[124.627,-9.3765],[124.63,-9.3745],[124.6305,-9.3735],[124.6325,-9.373],[124.634,-9.3725],[124.6325,-9.3665]]]},"properties":{"code":"53.03.21.2005","name":"Sone","latitude":-9.333773425399306,"longitude":124.62130320727293}},{"type":"Feature","geometry":{"type":"Polygon","coordinates":[[[124.64,-9.4335],[124.6385,-9.4315],[124.6365,-9.43],[124.634,-9.431],[124.6325,-9.4305],[124.6295,-9.426],[124.6245,-9.425],[124.624,-9.424],[124.624,-9.4245],[124.6235,-9.426],[124.6225,-9.43],[124.622,-9.435],[124.6275,-9.433],[124.63,-9.434],[124.635,-9.435],[124.637,-9.435],[124.64,-9.4335]]]},"properties":{"code":"53.03.21.2006","name":"Letmafo Timur","latitude":-9.430592922689563,"longitude":124.62937924208755}},{"type":"Feature","geometry":{"type":"Polygon","coordinates":[[[124.6185,-9.374],[124.618,-9.3725],[124.617,-9.372],[124.615,-9.37],[124.6145,-9.3695],[124.6145,-9.3685],[124.612,-9.3615],[124.599,-9.3615],[124.597,-9.3605],[124.596,-9.3595],[124.595,-9.359],[124.5935,-9.359],[124.5925,-9.375],[124.5925,-9.377],[124.594,-9.3785],[124.5985,-9.38],[124.6025,-9.3805],[124.6185,-9.3745],[124.6185,-9.374]]]},"properties":{"code":"53.03.21.2007","name":"Oehalo","latitude":-9.37037280841936,"longitude":124.6031645612357}},{"type":"Feature","geometry":{"type":"Polygon","coordinates":[[[124.7845,-9.391],[124.7775,-9.381],[124.758,-9.367],[124.7525,-9.3665],[124.7405,-9.3605],[124.7325,-9.356],[124.728,-9.3525],[124.7285,-9.355],[124.7165,-9.3625],[124.7155,-9.362],[124.715,-9.3625],[124.714,-9.363],[124.7135,-9.3635],[124.713,-9.3635],[124.7115,-9.363],[124.7115,-9.3635],[124.7095,-9.365],[124.7085,-9.365],[124.708,-9.3655],[124.708,-9.366],[124.7085,-9.366],[124.708,-9.3665],[124.7085,-9.367],[124.708,-9.367],[124.7085,-9.3675],[124.708,-9.37],[124.709,-9.374],[124.717,-9.3835],[124.712,-9.384],[124.7105,-9.3845],[124.72,-9.3955],[124.7355,-9.401],[124.738,-9.4015],[124.7425,-9.398],[124.7455,-9.397],[124.765,-9.394],[124.7795,-9.4],[124.7845,-9.391]]]},"properties":{"code":"53.03.22.2001","name":"Teba","latitude":-9.380528288021681,"longitude":124.74331440323522}},{"type":"Feature","geometry":{"type":"Polygon","coordinates":[[[124.806,-9.347],[124.8065,-9.347],[124.786,-9.3395],[124.7785,-9.342],[124.7815,-9.353],[124.786,-9.3575],[124.7875,-9.358],[124.789,-9.3595],[124.801,-9.35],[124.8025,-9.3495],[124.806,-9.347]]]},"properties":{"code":"53.03.22.2002","name":"Oerinbesi","latitude":-9.347670559652931,"longitude":124.79078405463632}},{"type":"Feature","geometry":{"type":"Polygon","coordinates":[[[124.7885,-9.317],[124.7815,-9.317],[124.7785,-9.317],[124.77,-9.318],[124.768,-9.317],[124.768,-9.3185],[124.7665,-9.3215],[124.7595,-9.329],[124.7575,-9.3365],[124.7585,-9.341],[124.7585,-9.342],[124.7595,-9.342],[124.777,-9.342],[124.786,-9.3395],[124.8065,-9.347],[124.8075,-9.347],[124.8185,-9.3455],[124.819,-9.347],[124.8195,-9.346],[124.8195,-9.3455],[124.819,-9.345],[124.8175,-9.343],[124.818,-9.343],[124.8125,-9.331],[124.7955,-9.317],[124.789,-9.317],[124.7885,-9.317]]]},"properties":{"code":"53.03.22.2003","name":"Oekopa","latitude":-9.33109105498172,"longitude":124.78637789440936}},{"type":"Feature","geometry":{"type":"Polygon","coordinates":[[[124.7785,-9.342],[124.777,-9.342],[124.7595,-9.342],[124.7575,-9.342],[124.756,-9.343],[124.7545,-9.3435],[124.75,-9.3455],[124.7485,-9.345],[124.747,-9.3455],[124.7455,-9.3455],[124.742,-9.346],[124.7405,-9.3455],[124.7375,-9.345],[124.731,-9.346],[124.731,-9.3475],[124.7295,-9.3485],[124.728,-9.3505],[124.728,-9.3525],[124.7325,-9.356],[124.7405,-9.3605],[124.7525,-9.3665],[124.758,-9.367],[124.7775,-9.381],[124.7845,-9.391],[124.8005,-9.3875],[124.8035,-9.3855],[124.8005,-9.3855],[124.808,-9.3685],[124.8075,-9.3675],[124.808,-9.367],[124.808,-9.366],[124.802,-9.3585],[124.8015,-9.3575],[124.801,-9.356],[124.8005,-9.355],[124.801,-9.3515],[124.801,-9.35],[124.789,-9.3595],[124.7875,-9.358],[124.786,-9.3575],[124.7815,-9.353],[124.7785,-9.342]]]},"properties":{"code":"53.03.22.2004","name":"T'Eba Timur","latitude":-9.362943085305702,"longitude":124.77348577869019}},{"type":"Feature","geometry":{"type":"Polygon","coordinates":[[[124.722,-9.288],[124.705,-9.298],[124.692,-9.2925],[124.68,-9.294],[124.6725,-9.281],[124.6605,-9.2825],[124.652,-9.276],[124.641,-9.28],[124.6435,-9.2815],[124.6435,-9.2865],[124.6435,-9.2875],[124.654,-9.296],[124.6715,-9.297],[124.6735,-9.294],[124.6755,-9.2935],[124.68,-9.2945],[124.684,-9.295],[124.7025,-9.3065],[124.709,-9.307],[124.7095,-9.3095],[124.711,-9.31],[124.7125,-9.3105],[124.7135,-9.3095],[124.715,-9.3075],[124.7245,-9.3035],[124.722,-9.288]]]},"properties":{"code":"53.03.23.2001","name":"Tunbes","latitude":-9.292177086722448,"longitude":124.68026532593802}},{"type":"Feature","geometry":{"type":"Polygon","coordinates":[[[124.7205,-9.2735],[124.706,-9.2715],[124.7035,-9.2665],[124.695,-9.246],[124.693,-9.2445],[124.6905,-9.2425],[124.6905,-9.2415],[124.6895,-9.2425],[124.6885,-9.2445],[124.6855,-9.2475],[124.684,-9.25],[124.679,-9.2555],[124.675,-9.259],[124.6605,-9.2635],[124.648,-9.263],[124.6365,-9.2535],[124.6205,-9.2665],[124.6245,-9.2735],[124.629,-9.2765],[124.63,-9.2835],[124.634,-9.2875],[124.637,-9.2885],[124.6395,-9.288],[124.6405,-9.2875],[124.6415,-9.2855],[124.6425,-9.286],[124.6435,-9.287],[124.6435,-9.2865],[124.6435,-9.2815],[124.641,-9.28],[124.652,-9.276],[124.6605,-9.2825],[124.6725,-9.281],[124.68,-9.294],[124.692,-9.2925],[124.705,-9.298],[124.722,-9.288],[124.726,-9.2755],[124.7205,-9.2735]]]},"properties":{"code":"53.03.23.2002","name":"Luniup","latitude":-9.273387694566752,"longitude":124.67729451374068}},{"type":"Feature","geometry":{"type":"Polygon","coordinates":[[[124.6805,-9.204],[124.667,-9.202],[124.667,-9.2195],[124.6625,-9.2365],[124.6455,-9.2395],[124.6275,-9.234],[124.619,-9.2385],[124.6095,-9.242],[124.614,-9.2555],[124.6155,-9.2575],[124.618,-9.2655],[124.6195,-9.2665],[124.6205,-9.2665],[124.6365,-9.2535],[124.648,-9.263],[124.6605,-9.2635],[124.675,-9.259],[124.679,-9.2555],[124.684,-9.25],[124.6855,-9.2475],[124.6885,-9.2445],[124.6895,-9.2425],[124.6905,-9.2415],[124.6895,-9.2405],[124.688,-9.2365],[124.687,-9.235],[124.684,-9.2255],[124.683,-9.222],[124.6795,-9.2095],[124.6785,-9.206],[124.6805,-9.204]]]},"properties":{"code":"53.03.23.2003","name":"Matabesi","latitude":-9.242349920132606,"longitude":124.6544728572406}},{"type":"Feature","geometry":{"type":"Polygon","coordinates":[[[124.6585,-9.1255],[124.6385,-9.129],[124.616,-9.1535],[124.592,-9.16],[124.605,-9.1655],[124.624,-9.1625],[124.637,-9.1695],[124.5875,-9.187],[124.59,-9.1905],[124.5905,-9.1955],[124.593,-9.1985],[124.593,-9.1995],[124.592,-9.202],[124.611,-9.194],[124.6415,-9.193],[124.653,-9.1905],[124.6565,-9.1905],[124.662,-9.189],[124.6635,-9.1885],[124.6605,-9.183],[124.6575,-9.1765],[124.655,-9.1675],[124.6545,-9.1645],[124.654,-9.1425],[124.6585,-9.1255]]]},"properties":{"code":"53.03.23.2004","name":"Oepuah","latitude":-9.16630022832082,"longitude":124.63198229650854}},{"type":"Feature","geometry":{"type":"Polygon","coordinates":[[[124.6095,-9.242],[124.619,-9.2385],[124.6275,-9.234],[124.6455,-9.2395],[124.6625,-9.2365],[124.667,-9.2195],[124.667,-9.202],[124.651,-9.2115],[124.6425,-9.2125],[124.6085,-9.2105],[124.5985,-9.212],[124.606,-9.224],[124.606,-9.2295],[124.609,-9.2345],[124.609,-9.239],[124.6095,-9.242]]]},"properties":{"code":"53.03.23.2005","name":"Kaubele","latitude":-9.223507768143472,"longitude":124.63593631096613}},{"type":"Feature","geometry":{"type":"Polygon","coordinates":[[[124.5875,-9.187],[124.637,-9.1695],[124.624,-9.1625],[124.605,-9.1655],[124.592,-9.16],[124.569,-9.165],[124.578,-9.1695],[124.5875,-9.187]]]},"properties":{"code":"53.03.23.2006","name":"Oepuah Utara","latitude":-9.171291156253453,"longitude":124.60200928131013}},{"type":"Feature","geometry":{"type":"Polygon","coordinates":[[[124.667,-9.202],[124.665,-9.1915],[124.6635,-9.1885],[124.662,-9.189],[124.6565,-9.1905],[124.653,-9.1905],[124.6415,-9.193],[124.611,-9.194],[124.592,-9.202],[124.591,-9.203],[124.593,-9.2095],[124.5955,-9.211],[124.5985,-9.212],[124.6085,-9.2105],[124.6425,-9.2125],[124.651,-9.2115],[124.667,-9.202]]]},"properties":{"code":"53.03.23.2007","name":"Oepuah Selatan","latitude":-9.201829001494286,"longitude":124.63126799750425}},{"type":"Feature","geometry":{"type":"Polygon","coordinates":[[[124.831,-9.2095],[124.8305,-9.209],[124.829,-9.208],[124.82,-9.1995],[124.82,-9.199],[124.819,-9.199],[124.817,-9.201],[124.7915,-9.2205],[124.8075,-9.2425],[124.8095,-9.26],[124.824,-9.2565],[124.845,-9.247],[124.8445,-9.2465],[124.84,-9.243],[124.8375,-9.243],[124.837,-9.245],[124.834,-9.2465],[124.8315,-9.248],[124.8305,-9.2455],[124.83,-9.2445],[124.827,-9.245],[124.826,-9.2425],[124.8285,-9.2395],[124.8345,-9.231],[124.837,-9.23],[124.831,-9.21],[124.831,-9.2095]]]},"properties":{"code":"53.03.24.2001","name":"Naku","latitude":-9.229060314359002,"longitude":124.8178624750369}},{"type":"Feature","geometry":{"type":"Polygon","coordinates":[[[124.8115,-9.1695],[124.8105,-9.1705],[124.8085,-9.1715],[124.801,-9.1725],[124.797,-9.1735],[124.7955,-9.1735],[124.7925,-9.1715],[124.7905,-9.1695],[124.7895,-9.1685],[124.785,-9.1675],[124.7835,-9.1675],[124.7765,-9.169],[124.7755,-9.1665],[124.768,-9.1635],[124.769,-9.1645],[124.769,-9.1655],[124.77,-9.1805],[124.775,-9.1885],[124.777,-9.2045],[124.7915,-9.2205],[124.817,-9.201],[124.819,-9.199],[124.82,-9.199],[124.8205,-9.197],[124.819,-9.1835],[124.8205,-9.179],[124.8215,-9.1755],[124.8205,-9.1735],[124.8125,-9.172],[124.8115,-9.1695]]]},"properties":{"code":"53.03.24.2002","name":"Birunatun","latitude":-9.19001105761647,"longitude":124.79503113651084}},{"type":"Feature","geometry":{"type":"Polygon","coordinates":[[[124.8095,-9.26],[124.8075,-9.2425],[124.7915,-9.2205],[124.771,-9.2325],[124.7595,-9.2365],[124.759,-9.237],[124.773,-9.2585],[124.7735,-9.2605],[124.773,-9.2625],[124.772,-9.2725],[124.785,-9.273],[124.7875,-9.274],[124.792,-9.2755],[124.8005,-9.267],[124.8065,-9.2655],[124.8085,-9.265],[124.8095,-9.26]]]},"properties":{"code":"53.03.24.2003","name":"Makun","latitude":-9.24911174107389,"longitude":124.78752727965195}},{"type":"Feature","geometry":{"type":"Polygon","coordinates":[[[124.7915,-9.2205],[124.777,-9.2045],[124.775,-9.1885],[124.7735,-9.193],[124.771,-9.195],[124.769,-9.205],[124.767,-9.206],[124.7575,-9.206],[124.744,-9.2055],[124.7335,-9.2175],[124.7355,-9.221],[124.7565,-9.232],[124.7585,-9.2365],[124.7595,-9.2365],[124.771,-9.2325],[124.7915,-9.2205]]]},"properties":{"code":"53.03.24.2004","name":"Manumean","latitude":-9.217168522659987,"longitude":124.7623642700794}},{"type":"Feature","geometry":{"type":"Polygon","coordinates":[[[124.759,-9.237],[124.7585,-9.2365],[124.7565,-9.232],[124.7355,-9.221],[124.7345,-9.2235],[124.735,-9.225],[124.7365,-9.2265],[124.74,-9.244],[124.7395,-9.246],[124.732,-9.2495],[124.7205,-9.2735],[124.7295,-9.2765],[124.7395,-9.281],[124.75,-9.287],[124.7595,-9.2895],[124.762,-9.2895],[124.7665,-9.286],[124.7705,-9.2795],[124.771,-9.276],[124.773,-9.2625],[124.7735,-9.2605],[124.773,-9.2585],[124.759,-9.237]]]},"properties":{"code":"53.03.24.2005","name":"Kuluan","latitude":-9.260827903508483,"longitude":124.7499858706844}}]}