{"type":"FeatureCollection","features":[{"type":"Feature","geometry":{"type":"Polygon","coordinates":[[[120.255,-9.6615],[120.2455,-9.653],[120.243,-9.6545],[120.243,-9.655],[120.2425,-9.6555],[120.2395,-9.67],[120.2415,-9.6705],[120.2485,-9.681],[120.249,-9.68],[120.2495,-9.678],[120.25,-9.6775],[120.2485,-9.6765],[120.2495,-9.676],[120.255,-9.6615]]]},"properties":{"code":"53.11.01.1001","name":"Kambajawa"}},{"type":"Feature","geometry":{"type":"Polygon","coordinates":[[[120.254,-9.6405],[120.248,-9.645],[120.249,-9.6455],[120.2505,-9.6485],[120.2485,-9.6495],[120.2495,-9.6475],[120.2475,-9.6475],[120.2465,-9.6515],[120.243,-9.6525],[120.2455,-9.653],[120.255,-9.6615],[120.263,-9.662],[120.2635,-9.6615],[120.2635,-9.661],[120.263,-9.6595],[120.2585,-9.654],[120.2595,-9.6525],[120.26,-9.647],[120.26,-9.6465],[120.2585,-9.646],[120.257,-9.6425],[120.254,-9.6405]]]},"properties":{"code":"53.11.01.1002","name":"Hambala"}},{"type":"Feature","geometry":{"type":"Polygon","coordinates":[[[120.2685,-9.655],[120.265,-9.6515],[120.261,-9.647],[120.2605,-9.6455],[120.2585,-9.646],[120.26,-9.6465],[120.26,-9.647],[120.2595,-9.6525],[120.2585,-9.654],[120.263,-9.6595],[120.2635,-9.6615],[120.264,-9.661],[120.2675,-9.6605],[120.268,-9.658],[120.2675,-9.6565],[120.2685,-9.655]]]},"properties":{"code":"53.11.01.1003","name":"Matawai"}},{"type":"Feature","geometry":{"type":"Polygon","coordinates":[[[120.269,-9.6415],[120.254,-9.6405],[120.257,-9.6425],[120.2585,-9.646],[120.2605,-9.6455],[120.261,-9.647],[120.265,-9.6515],[120.2685,-9.655],[120.27,-9.653],[120.269,-9.6415]]]},"properties":{"code":"53.11.01.1004","name":"Kamalaputi"}},{"type":"Feature","geometry":{"type":"Polygon","coordinates":[[[120.2,-9.7635],[120.184,-9.7555],[120.1715,-9.743],[120.1655,-9.731],[120.151,-9.7115],[120.1285,-9.7415],[120.119,-9.7625],[120.1085,-9.7715],[120.108,-9.773],[120.1085,-9.775],[120.1085,-9.7755],[120.1095,-9.78],[120.11,-9.7815],[120.108,-9.7945],[120.099,-9.8155],[120.122,-9.81],[120.123,-9.81],[120.127,-9.8105],[120.1275,-9.81],[120.131,-9.807],[120.1315,-9.8065],[120.1445,-9.812],[120.1505,-9.8055],[120.1525,-9.805],[120.1555,-9.808],[120.157,-9.808],[120.162,-9.8035],[120.1635,-9.8025],[120.168,-9.784],[120.1645,-9.7755],[120.166,-9.774],[120.167,-9.776],[120.169,-9.775],[120.1705,-9.776],[120.171,-9.776],[120.172,-9.774],[120.194,-9.7665],[120.196,-9.765],[120.199,-9.7645],[120.2,-9.7635]]]},"properties":{"code":"53.11.01.2012","name":"Lukukamaru"}},{"type":"Feature","geometry":{"type":"Polygon","coordinates":[[[120.2485,-9.681],[120.2415,-9.6705],[120.24,-9.6715],[120.216,-9.6795],[120.1965,-9.679],[120.195,-9.679],[120.199,-9.685],[120.1735,-9.6905],[120.1565,-9.7055],[120.1455,-9.7085],[120.151,-9.7115],[120.1655,-9.731],[120.1715,-9.743],[120.184,-9.7555],[120.2,-9.7635],[120.201,-9.7635],[120.2065,-9.7615],[120.2235,-9.762],[120.233,-9.754],[120.233,-9.7435],[120.2445,-9.7315],[120.256,-9.7125],[120.254,-9.709],[120.2535,-9.7085],[120.2525,-9.705],[120.254,-9.7005],[120.255,-9.6955],[120.254,-9.6945],[120.2525,-9.6935],[120.251,-9.6905],[120.251,-9.689],[120.2515,-9.688],[120.2515,-9.687],[120.2505,-9.6865],[120.2485,-9.6825],[120.2485,-9.681]]]},"properties":{"code":"53.11.01.2013","name":"Mbatakapidu"}},{"type":"Feature","geometry":{"type":"Polygon","coordinates":[[[120.18,-9.672],[120.166,-9.6625],[120.157,-9.664],[120.146,-9.673],[120.1185,-9.669],[120.1135,-9.6675],[120.1095,-9.67],[120.1075,-9.669],[120.105,-9.67],[120.1045,-9.67],[120.1035,-9.6695],[120.1035,-9.6705],[120.102,-9.6925],[120.0945,-9.6995],[120.093,-9.701],[120.092,-9.702],[120.0905,-9.7025],[120.0835,-9.723],[120.0875,-9.7355],[120.0895,-9.7595],[120.106,-9.7735],[120.1085,-9.775],[120.108,-9.773],[120.1085,-9.7715],[120.119,-9.7625],[120.1285,-9.7415],[120.151,-9.7115],[120.1455,-9.7085],[120.1565,-9.7055],[120.1735,-9.6905],[120.199,-9.685],[120.195,-9.679],[120.1945,-9.6785],[120.196,-9.6785],[120.1965,-9.6785],[120.197,-9.6765],[120.194,-9.6765],[120.1855,-9.6775],[120.1835,-9.677],[120.18,-9.672]]]},"properties":{"code":"53.11.01.2014","name":"Pambotandjara"}},{"type":"Feature","geometry":{"type":"Polygon","coordinates":[[[120.0955,-9.4755],[120.078,-9.464],[120.0685,-9.4495],[120.049,-9.4295],[120.034,-9.397],[120.0005,-9.432],[119.9895,-9.4415],[119.996,-9.456],[119.9865,-9.463],[119.977,-9.4605],[119.976,-9.4595],[119.9825,-9.4705],[119.984,-9.4695],[119.9915,-9.466],[120.002,-9.4675],[120.0135,-9.46],[120.0365,-9.451],[120.055,-9.461],[120.064,-9.4725],[120.0665,-9.476],[120.0445,-9.4985],[120.04,-9.524],[120.0215,-9.563],[120.0415,-9.544],[120.046,-9.5405],[120.0615,-9.539],[120.0635,-9.5365],[120.069,-9.5285],[120.0715,-9.5235],[120.073,-9.5215],[120.074,-9.5195],[120.088,-9.496],[120.0955,-9.4755]]]},"properties":{"code":"53.11.02.2003","name":"Rambangaru"}},{"type":"Feature","geometry":{"type":"Polygon","coordinates":[[[120.0215,-9.563],[120.04,-9.524],[120.0445,-9.4985],[120.0665,-9.476],[120.064,-9.4725],[120.055,-9.461],[120.0365,-9.451],[120.0135,-9.46],[120.002,-9.4675],[119.9915,-9.466],[119.984,-9.4695],[119.9825,-9.4705],[119.984,-9.473],[119.985,-9.4755],[119.974,-9.4845],[119.975,-9.4955],[119.9785,-9.491],[119.9905,-9.4925],[119.9945,-9.4925],[120.0025,-9.5035],[120.002,-9.5045],[119.9965,-9.513],[119.9965,-9.512],[119.997,-9.51],[119.9955,-9.5105],[119.9815,-9.543],[119.9805,-9.5445],[119.9835,-9.545],[119.9845,-9.545],[119.984,-9.5475],[119.978,-9.549],[119.977,-9.563],[119.9865,-9.567],[119.9885,-9.574],[119.987,-9.5725],[119.99,-9.5855],[120.018,-9.5735],[120.0215,-9.563]]]},"properties":{"code":"53.11.02.2006","name":"Praibakul"}},{"type":"Feature","geometry":{"type":"Polygon","coordinates":[[[119.9965,-9.3645],[119.992,-9.3555],[119.9635,-9.328],[119.952,-9.3135],[119.943,-9.285],[119.936,-9.276],[119.922,-9.285],[119.9195,-9.292],[119.888,-9.329],[119.903,-9.3365],[119.904,-9.3375],[119.9315,-9.3805],[119.945,-9.3935],[119.956,-9.3985],[119.977,-9.406],[119.98,-9.408],[119.988,-9.3975],[119.9905,-9.3675],[119.9965,-9.3645]]]},"properties":{"code":"53.11.02.2007","name":"Wunga"}},{"type":"Feature","geometry":{"type":"Polygon","coordinates":[[[120.034,-9.397],[120.0235,-9.3885],[120.013,-9.3865],[119.9995,-9.373],[119.9965,-9.3645],[119.9905,-9.3675],[119.988,-9.3975],[119.98,-9.408],[119.9795,-9.408],[119.976,-9.4175],[119.9755,-9.422],[119.975,-9.4225],[119.9695,-9.425],[119.9665,-9.4285],[119.9595,-9.4335],[119.9585,-9.4335],[119.959,-9.435],[119.9595,-9.4355],[119.9615,-9.435],[119.963,-9.435],[119.975,-9.459],[119.977,-9.4605],[119.9865,-9.463],[119.996,-9.456],[119.9895,-9.4415],[120.0005,-9.432],[120.034,-9.397]]]},"properties":{"code":"53.11.02.2008","name":"Kadahang"}},{"type":"Feature","geometry":{"type":"Polygon","coordinates":[[[119.9795,-9.408],[119.977,-9.406],[119.956,-9.3985],[119.945,-9.3935],[119.9315,-9.3805],[119.904,-9.3375],[119.903,-9.3365],[119.888,-9.329],[119.865,-9.3435],[119.8765,-9.3715],[119.9055,-9.3795],[119.913,-9.395],[119.898,-9.4295],[119.9065,-9.451],[119.9125,-9.46],[119.917,-9.4645],[119.9225,-9.4665],[119.9245,-9.469],[119.93,-9.4575],[119.943,-9.4435],[119.9465,-9.4445],[119.9535,-9.435],[119.9545,-9.434],[119.9565,-9.434],[119.9595,-9.4335],[119.9665,-9.4285],[119.9695,-9.425],[119.975,-9.4225],[119.9755,-9.422],[119.976,-9.4175],[119.9795,-9.408]]]},"properties":{"code":"53.11.02.2009","name":"Napu"}},{"type":"Feature","geometry":{"type":"Polygon","coordinates":[[[119.976,-9.4595],[119.975,-9.459],[119.963,-9.435],[119.9615,-9.435],[119.9595,-9.4355],[119.959,-9.435],[119.9585,-9.4335],[119.9565,-9.434],[119.9545,-9.434],[119.9535,-9.435],[119.9465,-9.4445],[119.943,-9.4435],[119.93,-9.4575],[119.9245,-9.469],[119.9225,-9.4665],[119.917,-9.4645],[119.9175,-9.465],[119.917,-9.476],[119.9175,-9.4775],[119.92,-9.476],[119.9215,-9.476],[119.923,-9.484],[119.923,-9.4845],[119.918,-9.4875],[119.918,-9.49],[119.905,-9.5085],[119.904,-9.509],[119.8985,-9.5155],[119.8965,-9.5165],[119.908,-9.546],[119.918,-9.551],[119.9345,-9.572],[119.9395,-9.574],[119.94,-9.58],[119.953,-9.5875],[119.9545,-9.5885],[119.9585,-9.5905],[119.9755,-9.6055],[119.99,-9.5855],[119.987,-9.5725],[119.9885,-9.574],[119.9865,-9.567],[119.977,-9.563],[119.978,-9.549],[119.984,-9.5475],[119.9845,-9.545],[119.9835,-9.545],[119.9805,-9.5445],[119.9815,-9.543],[119.9955,-9.5105],[119.997,-9.51],[119.9965,-9.512],[119.9965,-9.513],[120.002,-9.5045],[120.0025,-9.5035],[119.9945,-9.4925],[119.9905,-9.4925],[119.9785,-9.491],[119.975,-9.4955],[119.974,-9.4845],[119.985,-9.4755],[119.984,-9.473],[119.9825,-9.4705],[119.976,-9.4595]]]},"properties":{"code":"53.11.02.2010","name":"Mbatapuhu"}},{"type":"Feature","geometry":{"type":"Polygon","coordinates":[[[120.0615,-9.539],[120.046,-9.5405],[120.0415,-9.544],[120.0215,-9.563],[120.018,-9.5735],[119.99,-9.5855],[119.9755,-9.6055],[119.989,-9.6135],[119.999,-9.62],[120.0035,-9.622],[120.0045,-9.6215],[120.0075,-9.621],[120.009,-9.62],[120.01,-9.6185],[120.0125,-9.615],[120.027,-9.6],[120.0335,-9.595],[120.0525,-9.6],[120.0685,-9.5835],[120.071,-9.5835],[120.0715,-9.58],[120.0725,-9.5795],[120.0735,-9.5795],[120.074,-9.5805],[120.075,-9.5805],[120.076,-9.5795],[120.077,-9.5795],[120.077,-9.5815],[120.076,-9.589],[120.077,-9.589],[120.0795,-9.5855],[120.0885,-9.579],[120.087,-9.577],[120.087,-9.576],[120.0885,-9.5755],[120.0905,-9.575],[120.091,-9.5745],[120.092,-9.5705],[120.0885,-9.571],[120.0875,-9.5685],[120.085,-9.569],[120.0835,-9.5665],[120.0835,-9.564],[120.0865,-9.561],[120.0885,-9.5585],[120.0885,-9.5575],[120.091,-9.555],[120.089,-9.5525],[120.0835,-9.5515],[120.0615,-9.539]]]},"properties":{"code":"53.11.02.2012","name":"Kalamba"}},{"type":"Feature","geometry":{"type":"Polygon","coordinates":[[[119.884,-9.687],[119.864,-9.6965],[119.8625,-9.699],[119.8545,-9.7085],[119.8535,-9.7105],[119.855,-9.714],[119.8565,-9.718],[119.858,-9.7195],[119.8615,-9.7205],[119.862,-9.72],[119.8645,-9.7175],[119.8745,-9.7155],[119.876,-9.713],[119.8805,-9.714],[119.8815,-9.715],[119.8855,-9.718],[119.8885,-9.719],[119.889,-9.718],[119.8925,-9.7095],[119.884,-9.687]]]},"properties":{"code":"53.11.03.1001","name":"Lewa Paku"}},{"type":"Feature","geometry":{"type":"Polygon","coordinates":[[[119.9275,-9.6935],[119.9055,-9.684],[119.9,-9.684],[119.896,-9.6755],[119.894,-9.674],[119.8935,-9.676],[119.894,-9.68],[119.8915,-9.686],[119.884,-9.687],[119.8925,-9.7095],[119.889,-9.718],[119.8885,-9.719],[119.9,-9.7205],[119.9175,-9.7385],[119.9295,-9.7615],[119.9315,-9.728],[119.9275,-9.721],[119.9265,-9.7155],[119.927,-9.7115],[119.9255,-9.7],[119.926,-9.6955],[119.9275,-9.6935]]]},"properties":{"code":"53.11.03.2002","name":"Kambuhapang"}},{"type":"Feature","geometry":{"type":"Polygon","coordinates":[[[119.87,-9.6325],[119.8625,-9.624],[119.8615,-9.6115],[119.852,-9.5995],[119.848,-9.6],[119.8455,-9.5995],[119.8445,-9.6005],[119.8495,-9.6065],[119.8495,-9.6075],[119.85,-9.611],[119.852,-9.6125],[119.853,-9.636],[119.845,-9.66],[119.835,-9.6605],[119.8365,-9.666],[119.83,-9.699],[119.8345,-9.7075],[119.8345,-9.7105],[119.8445,-9.7135],[119.845,-9.714],[119.846,-9.7145],[119.847,-9.715],[119.848,-9.7135],[119.851,-9.712],[119.8545,-9.7085],[119.8625,-9.699],[119.864,-9.6965],[119.884,-9.687],[119.8915,-9.686],[119.894,-9.68],[119.8935,-9.676],[119.894,-9.674],[119.893,-9.673],[119.895,-9.6615],[119.895,-9.661],[119.888,-9.647],[119.8875,-9.645],[119.87,-9.6325]]]},"properties":{"code":"53.11.03.2003","name":"Kambata Wundut"}},{"type":"Feature","geometry":{"type":"Polygon","coordinates":[[[119.9115,-9.6395],[119.91,-9.6405],[119.9085,-9.64],[119.902,-9.6325],[119.8875,-9.6455],[119.888,-9.647],[119.895,-9.661],[119.895,-9.6615],[119.893,-9.673],[119.896,-9.6755],[119.9,-9.684],[119.9055,-9.684],[119.9275,-9.6935],[119.9385,-9.683],[119.9485,-9.683],[119.9495,-9.666],[119.9575,-9.6595],[119.96,-9.6585],[119.963,-9.656],[119.965,-9.654],[119.965,-9.653],[119.963,-9.6515],[119.9535,-9.656],[119.934,-9.653],[119.918,-9.645],[119.9135,-9.645],[119.913,-9.643],[119.912,-9.6405],[119.9115,-9.6395]]]},"properties":{"code":"53.11.03.2004","name":"Kondamara"}},{"type":"Feature","geometry":{"type":"Polygon","coordinates":[[[119.9755,-9.6055],[119.9585,-9.5905],[119.9545,-9.5885],[119.9535,-9.59],[119.953,-9.591],[119.9535,-9.592],[119.953,-9.5935],[119.931,-9.615],[119.918,-9.6375],[119.912,-9.6395],[119.9115,-9.6395],[119.912,-9.6405],[119.913,-9.643],[119.9135,-9.645],[119.918,-9.645],[119.934,-9.653],[119.9535,-9.656],[119.963,-9.6515],[119.965,-9.653],[119.965,-9.654],[119.968,-9.65],[119.9835,-9.625],[119.986,-9.615],[119.9865,-9.6145],[119.989,-9.6135],[119.9755,-9.6055]]]},"properties":{"code":"53.11.03.2005","name":"Matawai Pawali"}},{"type":"Feature","geometry":{"type":"Polygon","coordinates":[[[119.9545,-9.5885],[119.953,-9.5875],[119.94,-9.58],[119.9395,-9.574],[119.9345,-9.572],[119.918,-9.551],[119.908,-9.546],[119.8965,-9.5165],[119.89,-9.5385],[119.8775,-9.571],[119.8695,-9.613],[119.87,-9.6325],[119.8875,-9.645],[119.8875,-9.6455],[119.902,-9.6325],[119.9085,-9.64],[119.91,-9.6405],[119.912,-9.6395],[119.918,-9.6375],[119.931,-9.615],[119.953,-9.5935],[119.9535,-9.592],[119.953,-9.591],[119.9535,-9.59],[119.9545,-9.5885]]]},"properties":{"code":"53.11.03.2006","name":"Rakawatu"}},{"type":"Feature","geometry":{"type":"Polygon","coordinates":[[[119.8345,-9.7105],[119.833,-9.7185],[119.8325,-9.72],[119.8315,-9.7245],[119.842,-9.728],[119.862,-9.7515],[119.8755,-9.762],[119.878,-9.7805],[119.9085,-9.761],[119.9295,-9.7615],[119.9175,-9.7385],[119.9,-9.7205],[119.8885,-9.719],[119.8855,-9.718],[119.8815,-9.715],[119.8805,-9.714],[119.876,-9.713],[119.8745,-9.7155],[119.8645,-9.7175],[119.862,-9.72],[119.8615,-9.7205],[119.858,-9.7195],[119.8565,-9.718],[119.855,-9.714],[119.8535,-9.7105],[119.851,-9.712],[119.848,-9.7135],[119.847,-9.715],[119.846,-9.7145],[119.845,-9.714],[119.8445,-9.7135],[119.8345,-9.7105]]]},"properties":{"code":"53.11.03.2007","name":"Tana Rara"}},{"type":"Feature","geometry":{"type":"Polygon","coordinates":[[[119.8965,-9.5165],[119.895,-9.5165],[119.8865,-9.513],[119.8865,-9.514],[119.8755,-9.528],[119.875,-9.529],[119.8725,-9.5335],[119.873,-9.535],[119.8745,-9.5405],[119.871,-9.5465],[119.869,-9.5485],[119.87,-9.5545],[119.869,-9.5555],[119.867,-9.5555],[119.8405,-9.581],[119.84,-9.583],[119.846,-9.5985],[119.8455,-9.5995],[119.848,-9.6],[119.852,-9.5995],[119.8615,-9.6115],[119.8625,-9.624],[119.87,-9.6325],[119.8695,-9.613],[119.8775,-9.571],[119.89,-9.5385],[119.8965,-9.5165]]]},"properties":{"code":"53.11.03.2013","name":"Bidi Hunga"}},{"type":"Feature","geometry":{"type":"Polygon","coordinates":[[[120.0915,-9.702],[120.092,-9.7015],[120.088,-9.688],[120.0845,-9.6755],[120.083,-9.6755],[120.057,-9.674],[120.039,-9.6815],[120.0345,-9.701],[120.02,-9.706],[120.029,-9.725],[120.026,-9.7285],[120.0255,-9.73],[120.0265,-9.732],[120.035,-9.742],[120.035,-9.7435],[120.0425,-9.747],[120.0615,-9.7365],[120.0875,-9.7355],[120.0835,-9.723],[120.0905,-9.7025],[120.0915,-9.702]]]},"properties":{"code":"53.11.04.2001","name":"Makamenggit"}},{"type":"Feature","geometry":{"type":"Polygon","coordinates":[[[120.096,-9.596],[120.0945,-9.58],[120.092,-9.5775],[120.0905,-9.5755],[120.09,-9.575],[120.088,-9.5755],[120.087,-9.576],[120.087,-9.577],[120.0885,-9.579],[120.0795,-9.5855],[120.077,-9.589],[120.076,-9.589],[120.077,-9.5815],[120.077,-9.5795],[120.076,-9.5795],[120.075,-9.5805],[120.074,-9.5805],[120.0735,-9.5795],[120.0725,-9.5795],[120.0715,-9.58],[120.071,-9.5835],[120.0685,-9.5835],[120.0525,-9.6],[120.0335,-9.595],[120.027,-9.6],[120.0125,-9.615],[120.0155,-9.6225],[120.019,-9.6245],[120.0265,-9.6315],[120.028,-9.634],[120.0275,-9.634],[120.0265,-9.634],[120.025,-9.6315],[120.0235,-9.6325],[120.0025,-9.6465],[119.9955,-9.657],[119.9945,-9.671],[119.9965,-9.6735],[120.0025,-9.675],[120.0075,-9.675],[120.014,-9.679],[120.0145,-9.6805],[120.013,-9.683],[120.013,-9.6845],[120.02,-9.685],[120.0325,-9.683],[120.036,-9.682],[120.0365,-9.682],[120.038,-9.6815],[120.039,-9.6815],[120.057,-9.674],[120.083,-9.6755],[120.0845,-9.6755],[120.088,-9.688],[120.092,-9.7015],[120.0915,-9.702],[120.092,-9.702],[120.093,-9.701],[120.0945,-9.6995],[120.102,-9.6925],[120.1035,-9.6705],[120.104,-9.669],[120.0995,-9.6475],[120.099,-9.6455],[120.103,-9.6345],[120.1025,-9.629],[120.098,-9.6215],[120.1025,-9.61],[120.102,-9.609],[120.096,-9.596]]]},"properties":{"code":"53.11.04.2002","name":"Tandula Jangga"}},{"type":"Feature","geometry":{"type":"Polygon","coordinates":[[[120.0125,-9.615],[120.01,-9.6185],[120.009,-9.62],[120.0075,-9.621],[120.0045,-9.6215],[120.0035,-9.622],[119.999,-9.62],[119.989,-9.6135],[119.9865,-9.6145],[119.986,-9.615],[119.9835,-9.625],[119.968,-9.65],[119.964,-9.6545],[119.9605,-9.658],[119.959,-9.659],[119.9575,-9.6595],[119.9495,-9.666],[119.9485,-9.683],[119.9725,-9.702],[119.9765,-9.7045],[119.9765,-9.704],[119.9785,-9.7015],[119.9945,-9.6925],[119.9995,-9.688],[120.002,-9.6885],[120.0025,-9.6885],[120.012,-9.685],[120.013,-9.6845],[120.013,-9.683],[120.0145,-9.6805],[120.014,-9.679],[120.0075,-9.675],[120.0025,-9.675],[119.9965,-9.6735],[119.9945,-9.671],[119.9955,-9.657],[120.0025,-9.6465],[120.0235,-9.6325],[120.025,-9.6315],[120.0265,-9.634],[120.0275,-9.634],[120.028,-9.634],[120.0265,-9.6315],[120.019,-9.6245],[120.0155,-9.6225],[120.0125,-9.615]]]},"properties":{"code":"53.11.04.2003","name":"Praipaha"}},{"type":"Feature","geometry":{"type":"Polygon","coordinates":[[[119.9485,-9.683],[119.9385,-9.683],[119.926,-9.6955],[119.9255,-9.7],[119.927,-9.7115],[119.9265,-9.7155],[119.9275,-9.721],[119.9315,-9.728],[119.9295,-9.7615],[119.931,-9.763],[119.9415,-9.7685],[119.955,-9.7655],[119.972,-9.774],[119.974,-9.774],[119.9755,-9.7735],[119.976,-9.7685],[119.974,-9.7665],[119.967,-9.7635],[119.964,-9.759],[119.978,-9.746],[119.98,-9.744],[119.98,-9.7385],[119.9795,-9.737],[119.976,-9.7205],[119.9775,-9.7165],[119.9765,-9.7075],[119.9765,-9.7045],[119.9725,-9.702],[119.9485,-9.683]]]},"properties":{"code":"53.11.04.2004","name":"Praihambuli"}},{"type":"Feature","geometry":{"type":"Polygon","coordinates":[[[120.0875,-9.7355],[120.0615,-9.7365],[120.0425,-9.747],[120.035,-9.7435],[120.0205,-9.7635],[120.017,-9.7675],[120.024,-9.797],[120.025,-9.801],[120.0325,-9.7995],[120.0365,-9.799],[120.038,-9.7985],[120.0465,-9.7975],[120.0525,-9.795],[120.0795,-9.81],[120.0975,-9.817],[120.099,-9.8155],[120.108,-9.7945],[120.11,-9.7815],[120.1095,-9.78],[120.1085,-9.7755],[120.106,-9.7735],[120.0895,-9.7595],[120.0875,-9.7355]]]},"properties":{"code":"53.11.04.2005","name":"Pulu Panjang"}},{"type":"Feature","geometry":{"type":"Polygon","coordinates":[[[120.039,-9.6815],[120.038,-9.6815],[120.0365,-9.682],[120.036,-9.682],[120.0325,-9.683],[120.02,-9.685],[120.013,-9.6845],[120.012,-9.685],[120.0025,-9.6885],[120.002,-9.6885],[119.9995,-9.688],[119.9945,-9.6925],[119.9785,-9.7015],[119.9765,-9.704],[119.9765,-9.7075],[119.9775,-9.7165],[119.9775,-9.717],[119.978,-9.7165],[119.98,-9.7155],[119.9845,-9.714],[120.0155,-9.711],[120.02,-9.706],[120.0345,-9.701],[120.039,-9.6815]]]},"properties":{"code":"53.11.04.2010","name":"Praikarang"}},{"type":"Feature","geometry":{"type":"Polygon","coordinates":[[[120.02,-9.706],[120.0155,-9.711],[119.9845,-9.714],[119.98,-9.7155],[119.978,-9.7165],[119.9775,-9.717],[119.976,-9.7205],[119.9795,-9.737],[119.98,-9.7385],[119.98,-9.744],[119.978,-9.746],[119.964,-9.759],[119.967,-9.7635],[119.974,-9.7665],[119.976,-9.7685],[119.9815,-9.766],[119.9825,-9.7645],[119.985,-9.7655],[120.017,-9.7675],[120.0205,-9.7635],[120.035,-9.7435],[120.035,-9.742],[120.0265,-9.732],[120.0255,-9.73],[120.026,-9.7285],[120.029,-9.725],[120.02,-9.706]]]},"properties":{"code":"53.11.04.2011","name":"Tanatuku"}},{"type":"Feature","geometry":{"type":"Polygon","coordinates":[[[120.0975,-9.817],[120.0795,-9.81],[120.0525,-9.795],[120.0465,-9.7975],[120.038,-9.7985],[120.0365,-9.799],[120.0325,-9.7995],[120.025,-9.801],[120.0255,-9.804],[120.0275,-9.8155],[120.027,-9.818],[120.0155,-9.8305],[120.0175,-9.8485],[120.0255,-9.864],[120.0315,-9.8655],[120.0325,-9.865],[120.0445,-9.859],[120.049,-9.8645],[120.0685,-9.863],[120.0825,-9.8675],[120.0875,-9.861],[120.088,-9.861],[120.092,-9.861],[120.1045,-9.856],[120.127,-9.852],[120.1265,-9.851],[120.1245,-9.851],[120.124,-9.8505],[120.1245,-9.8485],[120.121,-9.8465],[120.1145,-9.8485],[120.112,-9.8485],[120.1085,-9.847],[120.102,-9.8395],[120.0995,-9.8345],[120.099,-9.8285],[120.0975,-9.8255],[120.0975,-9.817]]]},"properties":{"code":"53.11.04.2012","name":"Ngadulanggi"}},{"type":"Feature","geometry":{"type":"Polygon","coordinates":[[[120.1195,-9.9355],[120.1095,-9.9345],[120.0965,-9.9365],[120.069,-9.935],[120.067,-9.9355],[120.064,-9.937],[120.058,-9.94],[120.0565,-9.9415],[120.054,-9.9435],[120.059,-9.9435],[120.0615,-9.944],[120.067,-9.948],[120.0765,-9.971],[120.095,-9.9755],[120.1225,-9.983],[120.1255,-9.9525],[120.1195,-9.9355]]]},"properties":{"code":"53.11.05.2001","name":"Billa"}},{"type":"Feature","geometry":{"type":"Polygon","coordinates":[[[120.0885,-9.861],[120.088,-9.861],[120.0875,-9.861],[120.0825,-9.8675],[120.0685,-9.863],[120.049,-9.8645],[120.0445,-9.859],[120.0325,-9.865],[120.0315,-9.8655],[120.0255,-9.864],[120.02,-9.87],[120.0035,-9.8755],[120.003,-9.886],[120.003,-9.8945],[120.0015,-9.9015],[120.006,-9.926],[120.0215,-9.9245],[120.048,-9.947],[120.0495,-9.947],[120.05,-9.9465],[120.0545,-9.9425],[120.0595,-9.9395],[120.063,-9.9375],[120.066,-9.936],[120.069,-9.935],[120.0965,-9.9365],[120.1095,-9.9345],[120.12,-9.9355],[120.122,-9.934],[120.1285,-9.925],[120.1155,-9.916],[120.1005,-9.9205],[120.0965,-9.9135],[120.1,-9.897],[120.09,-9.878],[120.0885,-9.861]]]},"properties":{"code":"53.11.05.2002","name":"Karita"}},{"type":"Feature","geometry":{"type":"Polygon","coordinates":[[[120.15,-9.8985],[120.1495,-9.897],[120.1495,-9.893],[120.153,-9.8885],[120.152,-9.8745],[120.155,-9.8705],[120.1495,-9.859],[120.1455,-9.8595],[120.143,-9.857],[120.138,-9.858],[120.1355,-9.855],[120.139,-9.851],[120.135,-9.85],[120.1305,-9.849],[120.1245,-9.8485],[120.124,-9.8505],[120.1245,-9.851],[120.1265,-9.851],[120.127,-9.852],[120.1045,-9.856],[120.092,-9.861],[120.0885,-9.861],[120.09,-9.878],[120.1,-9.897],[120.0965,-9.9135],[120.1005,-9.9205],[120.1155,-9.916],[120.1285,-9.925],[120.129,-9.9245],[120.13,-9.9235],[120.1475,-9.9105],[120.1495,-9.904],[120.1485,-9.899],[120.15,-9.8985]]]},"properties":{"code":"53.11.05.2003","name":"Kuki Talu"}},{"type":"Feature","geometry":{"type":"Polygon","coordinates":[[[120.048,-9.947],[120.0215,-9.9245],[120.006,-9.926],[120.004,-9.935],[120.002,-9.9365],[120.0135,-9.949],[120.0135,-9.9495],[120.008,-9.9555],[120.0105,-9.991],[120.034,-9.9685],[120.039,-9.949],[120.048,-9.947]]]},"properties":{"code":"53.11.05.2004","name":"Tapil"}},{"type":"Feature","geometry":{"type":"Polygon","coordinates":[[[119.9655,-9.949],[119.96,-9.9295],[119.9565,-9.908],[119.955,-9.909],[119.954,-9.9095],[119.95,-9.912],[119.945,-9.9145],[119.9425,-9.915],[119.9335,-9.917],[119.9245,-9.921],[119.917,-9.926],[119.9055,-9.9445],[119.9045,-9.9465],[119.905,-9.9505],[119.9025,-9.9705],[119.9095,-9.9755],[119.9315,-9.981],[119.9425,-9.9735],[119.954,-9.9795],[119.953,-10.004],[119.973,-10.0165],[119.9965,-10.0055],[120.003,-9.9935],[120.0105,-9.991],[120.008,-9.9555],[120.0135,-9.9495],[120.0135,-9.949],[120.002,-9.9365],[120,-9.9375],[119.992,-9.953],[119.9845,-9.952],[119.98,-9.963],[119.978,-9.963],[119.9785,-9.961],[119.9655,-9.949]]]},"properties":{"code":"53.11.05.2005","name":"Tarimbang"}},{"type":"Feature","geometry":{"type":"Polygon","coordinates":[[[120.2015,-9.8925],[120.2,-9.892],[120.1985,-9.893],[120.198,-9.8925],[120.195,-9.887],[120.1935,-9.891],[120.1915,-9.893],[120.187,-9.8905],[120.185,-9.889],[120.183,-9.89],[120.1825,-9.8965],[120.1815,-9.897],[120.173,-9.8955],[120.1665,-9.901],[120.165,-9.901],[120.1545,-9.9],[120.152,-9.8975],[120.1495,-9.8985],[120.1485,-9.899],[120.1495,-9.904],[120.1475,-9.9105],[120.13,-9.9235],[120.129,-9.9245],[120.1285,-9.925],[120.122,-9.934],[120.12,-9.9355],[120.1195,-9.9355],[120.1255,-9.9525],[120.1225,-9.983],[120.125,-9.984],[120.136,-9.9905],[120.1465,-10],[120.1505,-10.0045],[120.151,-10.01],[120.153,-10.0135],[120.155,-10.013],[120.1715,-10.017],[120.2055,-10.017],[120.2055,-10.0165],[120.208,-10.015],[120.206,-10.0115],[120.2065,-9.994],[120.2045,-9.985],[120.2005,-9.9725],[120.2025,-9.971],[120.1985,-9.973],[120.1965,-9.9655],[120.197,-9.9645],[120.2,-9.963],[120.2005,-9.958],[120.1995,-9.956],[120.1975,-9.9535],[120.1955,-9.953],[120.195,-9.9515],[120.199,-9.95],[120.2,-9.949],[120.1955,-9.9475],[120.1945,-9.945],[120.1995,-9.9415],[120.192,-9.9145],[120.1915,-9.9115],[120.1945,-9.911],[120.1955,-9.899],[120.198,-9.8955],[120.1985,-9.8945],[120.202,-9.8945],[120.2005,-9.8925],[120.2015,-9.8925]]]},"properties":{"code":"53.11.05.2006","name":"Waikanabu"}},{"type":"Feature","geometry":{"type":"Polygon","coordinates":[[[120.0195,-10.013],[120.0205,-10.0025],[120.0105,-9.991],[120.003,-9.9935],[119.9965,-10.0055],[119.973,-10.0165],[119.9945,-10.037],[120.001,-10.055],[120.019,-10.051],[120.023,-10.0515],[120.025,-10.053],[120.0255,-10.0435],[120.018,-10.0325],[120.0195,-10.013]]]},"properties":{"code":"53.11.05.2007","name":"Pindu Hurani"}},{"type":"Feature","geometry":{"type":"Polygon","coordinates":[[[120.0765,-9.971],[120.073,-9.975],[120.066,-9.982],[120.055,-9.9855],[120.0355,-9.9795],[120.034,-9.9685],[120.0105,-9.991],[120.0205,-10.0025],[120.0195,-10.013],[120.018,-10.0325],[120.0255,-10.0435],[120.025,-10.053],[120.026,-10.054],[120.0595,-10.0465],[120.063,-10.047],[120.079,-10.0545],[120.0805,-10.0555],[120.0895,-10.0605],[120.112,-10.0485],[120.1225,-10.0365],[120.1435,-10.0305],[120.1515,-10.0135],[120.153,-10.0135],[120.151,-10.01],[120.1505,-10.0045],[120.1465,-10],[120.136,-9.9905],[120.125,-9.984],[120.095,-9.9755],[120.0765,-9.971]]]},"properties":{"code":"53.11.05.2008","name":"Praing Kareha"}},{"type":"Feature","geometry":{"type":"Polygon","coordinates":[[[120.0765,-9.971],[120.067,-9.948],[120.0615,-9.944],[120.059,-9.9435],[120.054,-9.9435],[120.05,-9.9465],[120.0495,-9.947],[120.048,-9.947],[120.039,-9.949],[120.034,-9.9685],[120.0355,-9.9795],[120.055,-9.9855],[120.066,-9.982],[120.073,-9.975],[120.0765,-9.971]]]},"properties":{"code":"53.11.05.2009","name":"Wudi Pandak"}},{"type":"Feature","geometry":{"type":"Polygon","coordinates":[[[120.006,-9.926],[120.0015,-9.9015],[120.003,-9.8945],[120.003,-9.886],[119.992,-9.8875],[119.9865,-9.888],[119.985,-9.8885],[119.9855,-9.889],[119.9855,-9.896],[119.97,-9.8985],[119.959,-9.9055],[119.9565,-9.908],[119.96,-9.9295],[119.9655,-9.949],[119.9785,-9.961],[119.978,-9.963],[119.98,-9.963],[119.9845,-9.952],[119.992,-9.953],[120,-9.9375],[120.004,-9.935],[120.006,-9.926]]]},"properties":{"code":"53.11.05.2011","name":"Bangga Watu"}},{"type":"Feature","geometry":{"type":"Polygon","coordinates":[[[120.1915,-10.0665],[120.1805,-10.071],[120.1435,-10.0305],[120.1225,-10.0365],[120.112,-10.0485],[120.114,-10.07],[120.128,-10.0835],[120.127,-10.0875],[120.136,-10.0895],[120.138,-10.091],[120.1395,-10.0935],[120.139,-10.0945],[120.1395,-10.096],[120.14,-10.1175],[120.1475,-10.132],[120.1495,-10.132],[120.167,-10.125],[120.176,-10.1105],[120.1845,-10.1065],[120.184,-10.092],[120.1915,-10.0665]]]},"properties":{"code":"53.11.06.2001","name":"Ramuk"}},{"type":"Feature","geometry":{"type":"Polygon","coordinates":[[[120.1485,-10.1325],[120.1475,-10.132],[120.14,-10.1175],[120.1395,-10.096],[120.139,-10.0945],[120.1395,-10.0935],[120.138,-10.091],[120.136,-10.0895],[120.127,-10.0875],[120.127,-10.088],[120.1265,-10.093],[120.1215,-10.1295],[120.117,-10.1385],[120.129,-10.157],[120.13,-10.1615],[120.132,-10.1565],[120.1345,-10.1535],[120.1485,-10.1325]]]},"properties":{"code":"53.11.06.2002","name":"Wangga Mbewa"}},{"type":"Feature","geometry":{"type":"Polygon","coordinates":[[[120.1265,-10.093],[120.127,-10.088],[120.128,-10.0835],[120.114,-10.07],[120.112,-10.0485],[120.0895,-10.0605],[120.0885,-10.07],[120.0925,-10.089],[120.0765,-10.1025],[120.078,-10.104],[120.08,-10.106],[120.09,-10.1165],[120.092,-10.1185],[120.099,-10.132],[120.101,-10.148],[120.089,-10.1645],[120.0875,-10.165],[120.0835,-10.1665],[120.0855,-10.178],[120.106,-10.175],[120.1145,-10.1815],[120.1295,-10.164],[120.13,-10.1625],[120.129,-10.157],[120.117,-10.1385],[120.1215,-10.1295],[120.1265,-10.093]]]},"properties":{"code":"53.11.06.2003","name":"Lailunggi"}},{"type":"Feature","geometry":{"type":"Polygon","coordinates":[[[120.069,-10.1],[120.062,-10.0995],[120.0595,-10.1],[120.057,-10.101],[120.042,-10.1145],[120.0415,-10.1235],[120.06,-10.138],[120.0835,-10.1665],[120.0875,-10.165],[120.089,-10.1645],[120.101,-10.148],[120.099,-10.132],[120.092,-10.1185],[120.09,-10.1165],[120.08,-10.106],[120.078,-10.104],[120.0765,-10.1025],[120.0745,-10.1015],[120.0725,-10.102],[120.0695,-10.101],[120.069,-10.1]]]},"properties":{"code":"53.11.06.2004","name":"Tawui"}},{"type":"Feature","geometry":{"type":"Polygon","coordinates":[[[120.063,-10.047],[120.0595,-10.0465],[120.026,-10.054],[120.023,-10.0515],[120.019,-10.051],[120.001,-10.055],[120.0185,-10.0795],[120.0225,-10.1],[120.0115,-10.1045],[120.0095,-10.1225],[120.0375,-10.1205],[120.0415,-10.1235],[120.042,-10.1145],[120.057,-10.101],[120.0595,-10.1],[120.062,-10.0995],[120.069,-10.1],[120.0695,-10.101],[120.0725,-10.102],[120.0745,-10.1015],[120.0765,-10.1025],[120.0925,-10.089],[120.0885,-10.07],[120.0895,-10.0605],[120.0805,-10.0555],[120.079,-10.0545],[120.063,-10.047]]]},"properties":{"code":"53.11.06.2005","name":"Wahang"}},{"type":"Feature","geometry":{"type":"Polygon","coordinates":[[[120.2055,-10.017],[120.1715,-10.017],[120.155,-10.013],[120.1515,-10.0135],[120.1435,-10.0305],[120.1805,-10.071],[120.1915,-10.0665],[120.1905,-10.0535],[120.1995,-10.0495],[120.2,-10.046],[120.202,-10.043],[120.2,-10.0425],[120.199,-10.0415],[120.199,-10.0405],[120.199,-10.0385],[120.1985,-10.038],[120.1985,-10.0375],[120.2005,-10.0365],[120.202,-10.0375],[120.203,-10.0365],[120.2045,-10.0325],[120.205,-10.0315],[120.204,-10.029],[120.205,-10.018],[120.2055,-10.017]]]},"properties":{"code":"53.11.06.2006","name":"Mahaniwa"}},{"type":"Feature","geometry":{"type":"Polygon","coordinates":[[[120.3765,-9.7405],[120.3745,-9.739],[120.3805,-9.7305],[120.379,-9.7015],[120.369,-9.686],[120.358,-9.6805],[120.347,-9.657],[120.3225,-9.6705],[120.32,-9.674],[120.3155,-9.675],[120.3205,-9.679],[120.3185,-9.6855],[120.318,-9.6875],[120.318,-9.688],[120.319,-9.687],[120.3195,-9.6885],[120.3205,-9.688],[120.321,-9.6925],[120.3285,-9.6955],[120.3385,-9.715],[120.3525,-9.73],[120.3525,-9.7345],[120.352,-9.738],[120.352,-9.739],[120.352,-9.7405],[120.3525,-9.761],[120.3525,-9.763],[120.353,-9.766],[120.3555,-9.792],[120.3565,-9.7925],[120.3665,-9.8],[120.3675,-9.8],[120.3725,-9.8015],[120.374,-9.8015],[120.3765,-9.7975],[120.378,-9.7965],[120.379,-9.7915],[120.3795,-9.7885],[120.374,-9.774],[120.3785,-9.7595],[120.3755,-9.7495],[120.376,-9.7415],[120.3765,-9.7405]]]},"properties":{"code":"53.11.07.1001","name":"Kawangu"}},{"type":"Feature","geometry":{"type":"Polygon","coordinates":[[[120.4295,-9.628],[120.4065,-9.6355],[120.3885,-9.6375],[120.378,-9.6435],[120.366,-9.6435],[120.347,-9.657],[120.358,-9.6805],[120.369,-9.686],[120.379,-9.7015],[120.3805,-9.7305],[120.3745,-9.739],[120.377,-9.741],[120.3835,-9.738],[120.393,-9.7345],[120.4115,-9.735],[120.4235,-9.7275],[120.433,-9.717],[120.431,-9.7075],[120.4315,-9.6415],[120.4295,-9.628]]]},"properties":{"code":"53.11.07.1002","name":"Watumbaka"}},{"type":"Feature","geometry":{"type":"Polygon","coordinates":[[[120.3525,-9.761],[120.352,-9.7405],[120.352,-9.739],[120.352,-9.738],[120.3525,-9.7345],[120.3525,-9.73],[120.3385,-9.715],[120.3285,-9.6955],[120.321,-9.6925],[120.3205,-9.688],[120.3195,-9.6885],[120.319,-9.687],[120.318,-9.688],[120.3185,-9.689],[120.309,-9.6955],[120.3085,-9.696],[120.3095,-9.703],[120.31,-9.703],[120.3045,-9.713],[120.311,-9.7325],[120.31,-9.749],[120.3185,-9.779],[120.318,-9.7805],[120.3165,-9.788],[120.3185,-9.79],[120.3525,-9.761]]]},"properties":{"code":"53.11.07.2003","name":"Kambatatana"}},{"type":"Feature","geometry":{"type":"Polygon","coordinates":[[[120.515,-9.689],[120.4985,-9.678],[120.493,-9.6575],[120.478,-9.626],[120.468,-9.6165],[120.4595,-9.616],[120.439,-9.6265],[120.4295,-9.628],[120.4315,-9.6415],[120.431,-9.7075],[120.433,-9.717],[120.4485,-9.7225],[120.4665,-9.733],[120.491,-9.7275],[120.503,-9.722],[120.508,-9.721],[120.508,-9.705],[120.515,-9.689]]]},"properties":{"code":"53.11.07.2007","name":"Palaka Hembi"}},{"type":"Feature","geometry":{"type":"Polygon","coordinates":[[[120.577,-9.7245],[120.5695,-9.707],[120.558,-9.696],[120.5415,-9.687],[120.523,-9.692],[120.515,-9.689],[120.508,-9.705],[120.508,-9.721],[120.5095,-9.721],[120.524,-9.715],[120.541,-9.7335],[120.565,-9.743],[120.5765,-9.7335],[120.577,-9.7245]]]},"properties":{"code":"53.11.07.2008","name":"Kadumbul"}},{"type":"Feature","geometry":{"type":"Polygon","coordinates":[[[120.4485,-9.7225],[120.433,-9.717],[120.4235,-9.7275],[120.4115,-9.735],[120.393,-9.7345],[120.3835,-9.738],[120.377,-9.741],[120.3765,-9.7405],[120.376,-9.7415],[120.3755,-9.7495],[120.3785,-9.7595],[120.374,-9.774],[120.3795,-9.7885],[120.379,-9.7915],[120.378,-9.7965],[120.3765,-9.7975],[120.374,-9.8015],[120.3725,-9.8015],[120.3675,-9.8],[120.3655,-9.801],[120.36,-9.8045],[120.357,-9.8045],[120.3565,-9.8055],[120.358,-9.8075],[120.3575,-9.811],[120.3575,-9.815],[120.354,-9.8185],[120.3575,-9.8255],[120.3525,-9.8515],[120.3505,-9.8525],[120.35,-9.8545],[120.351,-9.8545],[120.3535,-9.855],[120.354,-9.8565],[120.3525,-9.858],[120.353,-9.8595],[120.352,-9.8605],[120.3495,-9.8605],[120.349,-9.863],[120.3485,-9.864],[120.35,-9.8655],[120.352,-9.867],[120.353,-9.869],[120.3535,-9.8715],[120.3545,-9.872],[120.3555,-9.8755],[120.3545,-9.877],[120.354,-9.8805],[120.35,-9.897],[120.3625,-9.9055],[120.364,-9.907],[120.3645,-9.9075],[120.3645,-9.9095],[120.3625,-9.9105],[120.365,-9.915],[120.3785,-9.922],[120.3805,-9.9215],[120.395,-9.919],[120.3965,-9.917],[120.395,-9.91],[120.404,-9.9],[120.4065,-9.89],[120.4085,-9.8905],[120.409,-9.8875],[120.408,-9.8845],[120.418,-9.8545],[120.4255,-9.846],[120.4265,-9.833],[120.426,-9.831],[120.4255,-9.8285],[120.4275,-9.826],[120.4445,-9.8195],[120.446,-9.8165],[120.447,-9.816],[120.4495,-9.7985],[120.451,-9.7495],[120.4485,-9.7225]]]},"properties":{"code":"53.11.07.2009","name":"Maubokul"}},{"type":"Feature","geometry":{"type":"Polygon","coordinates":[[[120.3665,-9.8],[120.3565,-9.7925],[120.3555,-9.792],[120.353,-9.766],[120.3525,-9.763],[120.3525,-9.761],[120.3185,-9.79],[120.319,-9.79],[120.3195,-9.803],[120.3125,-9.813],[120.31,-9.839],[120.3055,-9.8475],[120.3105,-9.8565],[120.338,-9.8575],[120.347,-9.862],[120.3485,-9.864],[120.349,-9.863],[120.3495,-9.8605],[120.352,-9.8605],[120.353,-9.8595],[120.3525,-9.858],[120.354,-9.8565],[120.3535,-9.855],[120.351,-9.8545],[120.35,-9.8545],[120.3505,-9.8525],[120.3525,-9.8515],[120.3575,-9.8255],[120.354,-9.8185],[120.3575,-9.815],[120.3575,-9.811],[120.358,-9.8075],[120.3565,-9.8055],[120.357,-9.8045],[120.36,-9.8045],[120.3655,-9.801],[120.3665,-9.8]]]},"properties":{"code":"53.11.07.2012","name":"Laindeha"}},{"type":"Feature","geometry":{"type":"Polygon","coordinates":[[[120.661,-9.8755],[120.655,-9.876],[120.657,-9.8785],[120.6595,-9.8805],[120.66,-9.882],[120.6545,-9.8935],[120.656,-9.895],[120.6565,-9.8965],[120.6585,-9.8975],[120.659,-9.8985],[120.673,-9.895],[120.6765,-9.9005],[120.678,-9.899],[120.661,-9.8755]]]},"properties":{"code":"53.11.08.1001","name":"Lumbukore"}},{"type":"Feature","geometry":{"type":"Polygon","coordinates":[[[120.6355,-9.952],[120.6355,-9.9445],[120.6355,-9.9385],[120.636,-9.9245],[120.625,-9.93],[120.594,-9.938],[120.586,-9.938],[120.5615,-9.957],[120.5495,-9.956],[120.529,-9.975],[120.543,-9.987],[120.5435,-9.9865],[120.546,-9.98],[120.564,-9.9725],[120.572,-9.9795],[120.5835,-9.9775],[120.588,-9.9745],[120.59,-9.975],[120.5905,-9.977],[120.591,-9.978],[120.5965,-9.9745],[120.611,-9.962],[120.628,-9.9555],[120.63,-9.954],[120.632,-9.953],[120.6355,-9.952]]]},"properties":{"code":"53.11.08.2002","name":"Umalulu"}},{"type":"Feature","geometry":{"type":"Polygon","coordinates":[[[120.6355,-9.8285],[120.6275,-9.809],[120.626,-9.791],[120.6085,-9.773],[120.5925,-9.7785],[120.5885,-9.787],[120.577,-9.7935],[120.5625,-9.812],[120.5955,-9.845],[120.6,-9.83],[120.6075,-9.825],[120.632,-9.829],[120.6355,-9.8285]]]},"properties":{"code":"53.11.08.2003","name":"Patawang"}},{"type":"Feature","geometry":{"type":"Polygon","coordinates":[[[120.6085,-9.773],[120.604,-9.7645],[120.5965,-9.731],[120.577,-9.7245],[120.5765,-9.7335],[120.565,-9.743],[120.541,-9.7335],[120.528,-9.747],[120.525,-9.7765],[120.552,-9.8015],[120.5625,-9.812],[120.577,-9.7935],[120.5885,-9.787],[120.5925,-9.7785],[120.6085,-9.773]]]},"properties":{"code":"53.11.08.2004","name":"Wanga"}},{"type":"Feature","geometry":{"type":"Polygon","coordinates":[[[120.661,-9.8755],[120.646,-9.845],[120.6355,-9.8285],[120.632,-9.829],[120.634,-9.835],[120.64,-9.8505],[120.6545,-9.875],[120.655,-9.876],[120.661,-9.8755]]]},"properties":{"code":"53.11.08.2005","name":"Matawai Atu"}},{"type":"Feature","geometry":{"type":"Polygon","coordinates":[[[120.632,-9.829],[120.6075,-9.825],[120.6,-9.83],[120.5955,-9.845],[120.6155,-9.8615],[120.6395,-9.8885],[120.652,-9.89],[120.6595,-9.8805],[120.657,-9.8785],[120.6545,-9.875],[120.64,-9.8505],[120.634,-9.835],[120.632,-9.829]]]},"properties":{"code":"53.11.08.2006","name":"Mutunggeding"}},{"type":"Feature","geometry":{"type":"Polygon","coordinates":[[[120.6395,-9.8885],[120.6155,-9.8615],[120.5955,-9.845],[120.595,-9.845],[120.5925,-9.8465],[120.591,-9.8485],[120.5905,-9.854],[120.5895,-9.855],[120.5855,-9.8565],[120.5845,-9.858],[120.5775,-9.8715],[120.5645,-9.8795],[120.562,-9.8805],[120.558,-9.8825],[120.5555,-9.8845],[120.5485,-9.8895],[120.547,-9.891],[120.534,-9.8985],[120.5335,-9.8995],[120.535,-9.902],[120.535,-9.9025],[120.534,-9.903],[120.5335,-9.904],[120.532,-9.9025],[120.526,-9.91],[120.5235,-9.911],[120.523,-9.9115],[120.524,-9.9125],[120.523,-9.9135],[120.521,-9.9145],[120.5215,-9.9165],[120.5415,-9.9235],[120.5625,-9.914],[120.5645,-9.9125],[120.5675,-9.9085],[120.573,-9.903],[120.583,-9.9015],[120.5855,-9.903],[120.6005,-9.903],[120.6135,-9.8955],[120.625,-9.897],[120.6325,-9.897],[120.635,-9.8965],[120.635,-9.8925],[120.637,-9.89],[120.6395,-9.8885]]]},"properties":{"code":"53.11.08.2007","name":"Lairuru"}},{"type":"Feature","geometry":{"type":"Polygon","coordinates":[[[120.6765,-9.9005],[120.673,-9.895],[120.659,-9.8985],[120.6585,-9.8975],[120.6565,-9.8965],[120.656,-9.895],[120.6545,-9.8935],[120.66,-9.882],[120.6595,-9.8805],[120.652,-9.89],[120.6395,-9.8885],[120.637,-9.89],[120.635,-9.8925],[120.635,-9.8965],[120.6385,-9.906],[120.636,-9.9245],[120.6355,-9.9385],[120.6355,-9.9445],[120.6355,-9.952],[120.6365,-9.9525],[120.6385,-9.9505],[120.6455,-9.943],[120.6455,-9.9415],[120.6555,-9.929],[120.6725,-9.905],[120.6765,-9.9005]]]},"properties":{"code":"53.11.08.2008","name":"Watuhadang"}},{"type":"Feature","geometry":{"type":"Polygon","coordinates":[[[120.635,-9.8965],[120.6325,-9.897],[120.625,-9.897],[120.6135,-9.8955],[120.6005,-9.903],[120.5855,-9.903],[120.583,-9.9015],[120.573,-9.903],[120.5675,-9.9085],[120.5645,-9.9125],[120.5625,-9.914],[120.5415,-9.9235],[120.5215,-9.9165],[120.521,-9.9175],[120.5205,-9.9165],[120.5185,-9.9175],[120.5065,-9.925],[120.5065,-9.9265],[120.506,-9.9265],[120.5035,-9.925],[120.5025,-9.925],[120.491,-9.94],[120.487,-9.9495],[120.4905,-9.9615],[120.493,-9.964],[120.4975,-9.9685],[120.512,-9.9685],[120.5185,-9.97],[120.529,-9.975],[120.5495,-9.956],[120.5615,-9.957],[120.586,-9.938],[120.594,-9.938],[120.625,-9.93],[120.636,-9.9245],[120.6385,-9.906],[120.635,-9.8965]]]},"properties":{"code":"53.11.08.2009","name":"Watupuda"}},{"type":"Feature","geometry":{"type":"Polygon","coordinates":[[[120.591,-9.978],[120.5905,-9.977],[120.59,-9.975],[120.588,-9.9745],[120.5835,-9.9775],[120.572,-9.9795],[120.564,-9.9725],[120.546,-9.98],[120.5435,-9.9865],[120.54,-9.991],[120.5355,-9.9955],[120.536,-9.999],[120.535,-10.0055],[120.5345,-10.006],[120.5345,-10.007],[120.535,-10.007],[120.5355,-10.007],[120.5435,-10.0095],[120.5675,-10.0005],[120.568,-9.998],[120.575,-9.986],[120.5905,-9.99],[120.6015,-9.9865],[120.602,-9.981],[120.6025,-9.9785],[120.603,-9.9765],[120.6,-9.979],[120.59,-9.9785],[120.591,-9.978]]]},"properties":{"code":"53.11.08.2010","name":"Ngaru Kanoru"}},{"type":"Feature","geometry":{"type":"Polygon","coordinates":[[[120.7555,-9.931],[120.747,-9.924],[120.7095,-9.919],[120.6935,-9.9255],[120.667,-9.924],[120.6555,-9.929],[120.6455,-9.9415],[120.6455,-9.9425],[120.653,-9.943],[120.658,-9.945],[120.6645,-9.9395],[120.6775,-9.9395],[120.677,-9.9405],[120.6775,-9.9425],[120.6815,-9.9445],[120.7075,-9.9695],[120.7175,-9.9815],[120.7225,-9.9855],[120.7305,-9.9765],[120.731,-9.9755],[120.734,-9.9715],[120.7405,-9.966],[120.7405,-9.9635],[120.751,-9.955],[120.7555,-9.931]]]},"properties":{"code":"53.11.09.2001","name":"Rindi"}},{"type":"Feature","geometry":{"type":"Polygon","coordinates":[[[120.8125,-9.9745],[120.797,-9.9625],[120.7845,-9.9485],[120.7555,-9.931],[120.751,-9.955],[120.7405,-9.9635],[120.7405,-9.966],[120.734,-9.9715],[120.7385,-9.9735],[120.757,-9.996],[120.772,-9.985],[120.798,-9.985],[120.8125,-9.9745]]]},"properties":{"code":"53.11.09.2002","name":"Tanaraing"}},{"type":"Feature","geometry":{"type":"Polygon","coordinates":[[[120.734,-9.9715],[120.731,-9.9755],[120.7305,-9.9765],[120.7225,-9.9855],[120.7185,-9.983],[120.705,-9.981],[120.703,-9.9805],[120.6975,-9.999],[120.7005,-10.0105],[120.6965,-10.023],[120.6975,-10.0255],[120.708,-10.0245],[120.7115,-10.026],[120.7305,-10.0205],[120.736,-10.024],[120.74,-10.0235],[120.7425,-10.0225],[120.76,-10.0235],[120.7605,-10.025],[120.7605,-10.027],[120.7655,-10.021],[120.7775,-10.022],[120.7905,-10.0105],[120.802,-10.0075],[120.819,-9.995],[120.8125,-9.9745],[120.798,-9.985],[120.772,-9.985],[120.757,-9.996],[120.7385,-9.9735],[120.734,-9.9715]]]},"properties":{"code":"53.11.09.2003","name":"Haikatapu"}},{"type":"Feature","geometry":{"type":"Polygon","coordinates":[[[120.8445,-10.057],[120.846,-10.029],[120.83,-10.0005],[120.819,-9.995],[120.802,-10.0075],[120.7905,-10.0105],[120.7775,-10.022],[120.7655,-10.021],[120.7605,-10.027],[120.7605,-10.025],[120.76,-10.0235],[120.7425,-10.0225],[120.741,-10.023],[120.75,-10.038],[120.7525,-10.056],[120.773,-10.0555],[120.775,-10.048],[120.8005,-10.044],[120.8445,-10.057]]]},"properties":{"code":"53.11.09.2004","name":"Kabaru"}},{"type":"Feature","geometry":{"type":"Polygon","coordinates":[[[120.6775,-9.942],[120.6675,-9.952],[120.671,-9.965],[120.6655,-9.973],[120.653,-9.979],[120.6455,-9.9725],[120.6325,-9.9765],[120.6245,-9.973],[120.622,-9.972],[120.6125,-9.9725],[120.609,-9.974],[120.6075,-9.9765],[120.604,-9.9755],[120.6035,-9.9765],[120.603,-9.9765],[120.6025,-9.9785],[120.602,-9.981],[120.6015,-9.9865],[120.5905,-9.99],[120.575,-9.986],[120.568,-9.998],[120.5675,-10.0005],[120.5435,-10.0095],[120.5355,-10.007],[120.535,-10.007],[120.5345,-10.0065],[120.535,-10.0055],[120.5345,-10.005],[120.5335,-10.004],[120.533,-10.004],[120.532,-10.0055],[120.531,-10.022],[120.5315,-10.0245],[120.535,-10.039],[120.556,-10.033],[120.567,-10.0355],[120.5995,-10.0085],[120.6075,-10.04],[120.613,-10.0435],[120.624,-10.037],[120.642,-10.0355],[120.6595,-10.0295],[120.6895,-10.032],[120.698,-10.0275],[120.6965,-10.023],[120.7005,-10.0105],[120.6975,-9.999],[120.703,-9.9805],[120.705,-9.981],[120.7185,-9.983],[120.7175,-9.9815],[120.7075,-9.9695],[120.6815,-9.9445],[120.6775,-9.9425],[120.6775,-9.942]]]},"properties":{"code":"53.11.09.2005","name":"Hanggaroru"}},{"type":"Feature","geometry":{"type":"Polygon","coordinates":[[[120.6975,-10.0255],[120.698,-10.0275],[120.6895,-10.032],[120.6595,-10.0295],[120.642,-10.0355],[120.624,-10.037],[120.613,-10.0435],[120.6075,-10.04],[120.5995,-10.0085],[120.567,-10.0355],[120.556,-10.033],[120.535,-10.039],[120.539,-10.052],[120.548,-10.0575],[120.5465,-10.071],[120.5825,-10.0715],[120.6015,-10.063],[120.6035,-10.063],[120.6035,-10.064],[120.6235,-10.0645],[120.6445,-10.069],[120.6465,-10.068],[120.647,-10.0685],[120.673,-10.0715],[120.6775,-10.0685],[120.688,-10.0635],[120.6935,-10.063],[120.7195,-10.0665],[120.7205,-10.065],[120.7315,-10.0415],[120.7525,-10.056],[120.75,-10.038],[120.741,-10.023],[120.74,-10.0235],[120.736,-10.024],[120.7305,-10.0205],[120.7115,-10.026],[120.708,-10.0245],[120.6975,-10.0255]]]},"properties":{"code":"53.11.09.2006","name":"Lailanjang"}},{"type":"Feature","geometry":{"type":"Polygon","coordinates":[[[120.6775,-9.942],[120.677,-9.9405],[120.6775,-9.9395],[120.6645,-9.9395],[120.658,-9.945],[120.653,-9.943],[120.6455,-9.9425],[120.6455,-9.943],[120.6385,-9.9505],[120.6365,-9.9525],[120.6355,-9.952],[120.632,-9.953],[120.63,-9.954],[120.628,-9.9555],[120.611,-9.962],[120.5965,-9.9745],[120.591,-9.978],[120.59,-9.9785],[120.6,-9.979],[120.6015,-9.9775],[120.6035,-9.9765],[120.604,-9.9755],[120.6075,-9.9765],[120.609,-9.974],[120.6125,-9.9725],[120.622,-9.972],[120.6245,-9.973],[120.6325,-9.9765],[120.6455,-9.9725],[120.653,-9.979],[120.6655,-9.973],[120.671,-9.965],[120.6675,-9.952],[120.6775,-9.942]]]},"properties":{"code":"53.11.09.2007","name":"Tamburi"}},{"type":"Feature","geometry":{"type":"Polygon","coordinates":[[[120.6935,-9.9255],[120.709,-9.919],[120.6945,-9.9035],[120.678,-9.899],[120.6725,-9.905],[120.6555,-9.929],[120.667,-9.924],[120.6935,-9.9255]]]},"properties":{"code":"53.11.09.2008","name":"Kayuri"}},{"type":"Feature","geometry":{"type":"Polygon","coordinates":[[[120.702,-10.1375],[120.6895,-10.136],[120.6755,-10.1465],[120.643,-10.1855],[120.6385,-10.191],[120.6405,-10.193],[120.64,-10.1955],[120.6445,-10.2075],[120.6485,-10.214],[120.648,-10.2285],[120.6715,-10.2295],[120.6855,-10.2245],[120.7035,-10.209],[120.718,-10.204],[120.7425,-10.1865],[120.7455,-10.1745],[120.7555,-10.1575],[120.7365,-10.1465],[120.719,-10.1535],[120.702,-10.1375]]]},"properties":{"code":"53.11.10.2001","name":"Kaliuda"}},{"type":"Feature","geometry":{"type":"Polygon","coordinates":[[[120.622,-10.1225],[120.595,-10.122],[120.5815,-10.119],[120.5605,-10.121],[120.5385,-10.114],[120.536,-10.118],[120.5355,-10.15],[120.5345,-10.154],[120.5525,-10.16],[120.56,-10.158],[120.564,-10.1575],[120.57,-10.159],[120.585,-10.164],[120.5955,-10.172],[120.5975,-10.1745],[120.601,-10.181],[120.604,-10.183],[120.609,-10.186],[120.6105,-10.186],[120.61,-10.1855],[120.61,-10.1845],[120.602,-10.157],[120.6165,-10.1455],[120.622,-10.1225]]]},"properties":{"code":"53.11.10.2002","name":"Kuruwaki"}},{"type":"Feature","geometry":{"type":"Polygon","coordinates":[[[120.7595,-10.1535],[120.7365,-10.1245],[120.734,-10.1245],[120.729,-10.1225],[120.7285,-10.121],[120.7295,-10.121],[120.7285,-10.1205],[120.7255,-10.1215],[120.724,-10.1195],[120.7215,-10.1185],[120.7135,-10.121],[120.7105,-10.119],[120.707,-10.118],[120.7015,-10.1145],[120.702,-10.1375],[120.719,-10.1535],[120.7365,-10.1465],[120.7555,-10.1575],[120.7595,-10.1535]]]},"properties":{"code":"53.11.10.2003","name":"Tana Manang"}},{"type":"Feature","geometry":{"type":"Polygon","coordinates":[[[120.8375,-10.087],[120.8075,-10.082],[120.783,-10.0815],[120.753,-10.073],[120.744,-10.065],[120.7335,-10.0585],[120.732,-10.0565],[120.7265,-10.052],[120.7205,-10.065],[120.7195,-10.0665],[120.727,-10.074],[120.7465,-10.081],[120.7685,-10.1],[120.78,-10.113],[120.808,-10.13],[120.8385,-10.097],[120.8375,-10.087]]]},"properties":{"code":"53.11.10.2004","name":"Mburukulu"}},{"type":"Feature","geometry":{"type":"Polygon","coordinates":[[[120.6755,-10.1465],[120.6565,-10.1325],[120.634,-10.131],[120.622,-10.1225],[120.6165,-10.1455],[120.602,-10.157],[120.61,-10.1845],[120.6155,-10.191],[120.617,-10.1975],[120.617,-10.2015],[120.6165,-10.204],[120.6165,-10.2045],[120.6175,-10.2035],[120.6215,-10.198],[120.6205,-10.1955],[120.638,-10.1915],[120.643,-10.1855],[120.6755,-10.1465]]]},"properties":{"code":"53.11.10.2005","name":"Pamburu"}},{"type":"Feature","geometry":{"type":"Polygon","coordinates":[[[120.7195,-10.0665],[120.6935,-10.063],[120.688,-10.0635],[120.6775,-10.0685],[120.691,-10.0835],[120.699,-10.1105],[120.701,-10.113],[120.7015,-10.1145],[120.707,-10.118],[120.7105,-10.119],[120.7135,-10.121],[120.7215,-10.1185],[120.724,-10.1195],[120.7255,-10.1215],[120.7285,-10.1205],[120.7295,-10.121],[120.7285,-10.121],[120.729,-10.1225],[120.734,-10.1245],[120.7365,-10.1245],[120.7595,-10.1535],[120.771,-10.143],[120.808,-10.13],[120.78,-10.113],[120.7685,-10.1],[120.7465,-10.081],[120.727,-10.074],[120.7195,-10.0665]]]},"properties":{"code":"53.11.10.2006","name":"Lambakara"}},{"type":"Feature","geometry":{"type":"Polygon","coordinates":[[[120.6775,-10.0685],[120.673,-10.0715],[120.647,-10.0685],[120.6465,-10.068],[120.6445,-10.069],[120.6235,-10.0645],[120.6035,-10.064],[120.6035,-10.063],[120.6015,-10.063],[120.5825,-10.0715],[120.5465,-10.071],[120.54,-10.0825],[120.5395,-10.0905],[120.5385,-10.114],[120.5605,-10.121],[120.5815,-10.119],[120.595,-10.122],[120.622,-10.1225],[120.634,-10.131],[120.6565,-10.1325],[120.6755,-10.1465],[120.6895,-10.136],[120.702,-10.1375],[120.7015,-10.1145],[120.701,-10.113],[120.699,-10.1105],[120.691,-10.0835],[120.6775,-10.0685]]]},"properties":{"code":"53.11.10.2007","name":"Tamma"}},{"type":"Feature","geometry":{"type":"Polygon","coordinates":[[[120.7525,-10.056],[120.7315,-10.0415],[120.7265,-10.052],[120.732,-10.0565],[120.7335,-10.0585],[120.744,-10.065],[120.753,-10.073],[120.783,-10.0815],[120.8075,-10.082],[120.8375,-10.087],[120.844,-10.0715],[120.8445,-10.057],[120.8005,-10.044],[120.775,-10.048],[120.773,-10.0555],[120.7525,-10.056]]]},"properties":{"code":"53.11.10.2009","name":"Palanggai"}},{"type":"Feature","geometry":{"type":"Polygon","coordinates":[[[120.6385,-10.191],[120.638,-10.1915],[120.6205,-10.1955],[120.6215,-10.198],[120.6175,-10.2035],[120.6155,-10.205],[120.6175,-10.218],[120.6145,-10.2225],[120.603,-10.223],[120.6025,-10.229],[120.601,-10.2415],[120.605,-10.2535],[120.62,-10.251],[120.63,-10.2365],[120.648,-10.2285],[120.6485,-10.214],[120.6445,-10.2075],[120.64,-10.1955],[120.6405,-10.193],[120.6385,-10.191]]]},"properties":{"code":"53.11.11.2001","name":"Wulla"}},{"type":"Feature","geometry":{"type":"Polygon","coordinates":[[[120.6025,-10.229],[120.6025,-10.223],[120.591,-10.222],[120.583,-10.2215],[120.574,-10.226],[120.5605,-10.2245],[120.5545,-10.224],[120.5495,-10.2225],[120.549,-10.2255],[120.55,-10.227],[120.55,-10.229],[120.5525,-10.2335],[120.552,-10.2345],[120.552,-10.2365],[120.551,-10.238],[120.571,-10.2395],[120.585,-10.2485],[120.605,-10.2535],[120.601,-10.2415],[120.6025,-10.229]]]},"properties":{"code":"53.11.11.2002","name":"Hadakamali"}},{"type":"Feature","geometry":{"type":"Polygon","coordinates":[[[120.5495,-10.2225],[120.5465,-10.218],[120.544,-10.2185],[120.544,-10.22],[120.542,-10.2195],[120.5255,-10.223],[120.526,-10.2235],[120.525,-10.2335],[120.5325,-10.24],[120.551,-10.238],[120.552,-10.2365],[120.552,-10.2345],[120.5525,-10.2335],[120.55,-10.229],[120.55,-10.227],[120.549,-10.2255],[120.5495,-10.2225]]]},"properties":{"code":"53.11.11.2003","name":"Lumbu Manggit"}},{"type":"Feature","geometry":{"type":"Polygon","coordinates":[[[120.538,-10.2125],[120.53,-10.2055],[120.5185,-10.205],[120.5125,-10.203],[120.51,-10.202],[120.509,-10.2015],[120.5095,-10.2035],[120.5105,-10.205],[120.5245,-10.222],[120.5255,-10.223],[120.542,-10.2195],[120.544,-10.22],[120.544,-10.2185],[120.5455,-10.218],[120.5445,-10.2155],[120.538,-10.2125]]]},"properties":{"code":"53.11.11.2004","name":"Latena"}},{"type":"Feature","geometry":{"type":"Polygon","coordinates":[[[120.509,-10.2],[120.4895,-10.1795],[120.487,-10.182],[120.4865,-10.183],[120.484,-10.1855],[120.469,-10.1885],[120.467,-10.19],[120.468,-10.192],[120.4675,-10.192],[120.4605,-10.187],[120.46,-10.187],[120.4595,-10.189],[120.456,-10.1915],[120.456,-10.193],[120.4545,-10.1915],[120.441,-10.1915],[120.4395,-10.1915],[120.4355,-10.1915],[120.434,-10.192],[120.432,-10.1915],[120.4285,-10.194],[120.424,-10.199],[120.4235,-10.208],[120.425,-10.211],[120.425,-10.2115],[120.4265,-10.213],[120.424,-10.2305],[120.438,-10.257],[120.436,-10.274],[120.4425,-10.2935],[120.452,-10.309],[120.454,-10.3155],[120.454,-10.317],[120.457,-10.309],[120.473,-10.302],[120.479,-10.274],[120.487,-10.262],[120.508,-10.2555],[120.5325,-10.24],[120.525,-10.2335],[120.526,-10.2235],[120.5245,-10.222],[120.5105,-10.205],[120.5095,-10.2035],[120.509,-10.2]]]},"properties":{"code":"53.11.11.2005","name":"Lainjanji"}},{"type":"Feature","geometry":{"type":"Polygon","coordinates":[[[120.538,-10.2125],[120.5385,-10.1905],[120.531,-10.166],[120.525,-10.161],[120.503,-10.1675],[120.4895,-10.1795],[120.509,-10.2],[120.509,-10.2015],[120.51,-10.202],[120.5125,-10.203],[120.5185,-10.205],[120.53,-10.2055],[120.538,-10.2125]]]},"properties":{"code":"53.11.11.2006","name":"Laipandak"}},{"type":"Feature","geometry":{"type":"Polygon","coordinates":[[[120.61,-10.1845],[120.61,-10.1855],[120.6105,-10.186],[120.609,-10.186],[120.604,-10.183],[120.601,-10.181],[120.5975,-10.1745],[120.5955,-10.172],[120.585,-10.164],[120.57,-10.159],[120.564,-10.1575],[120.56,-10.158],[120.5525,-10.16],[120.5345,-10.154],[120.533,-10.158],[120.525,-10.161],[120.531,-10.166],[120.5385,-10.1905],[120.538,-10.2125],[120.5445,-10.2155],[120.5455,-10.218],[120.5465,-10.218],[120.5495,-10.2225],[120.5545,-10.224],[120.5605,-10.2245],[120.574,-10.226],[120.583,-10.2215],[120.591,-10.222],[120.6025,-10.223],[120.603,-10.223],[120.6145,-10.2225],[120.6175,-10.218],[120.6155,-10.205],[120.6165,-10.2045],[120.6165,-10.204],[120.617,-10.2015],[120.617,-10.1975],[120.6155,-10.191],[120.61,-10.1845]]]},"properties":{"code":"53.11.11.2008","name":"Paranda"}},{"type":"Feature","geometry":{"type":"Polygon","coordinates":[[[120.404,-10.0405],[120.378,-10.0305],[120.376,-10.0255],[120.3675,-10.0225],[120.362,-10.021],[120.3595,-10.0205],[120.35,-10.0205],[120.337,-10.024],[120.3365,-10.0245],[120.336,-10.0235],[120.335,-10.025],[120.3355,-10.026],[120.336,-10.041],[120.345,-10.0425],[120.348,-10.0555],[120.3505,-10.0685],[120.3525,-10.0745],[120.354,-10.074],[120.3535,-10.0735],[120.3545,-10.074],[120.3645,-10.07],[120.376,-10.058],[120.3915,-10.0615],[120.402,-10.0725],[120.404,-10.098],[120.411,-10.0935],[120.4115,-10.093],[120.411,-10.0925],[120.409,-10.093],[120.408,-10.0915],[120.4135,-10.083],[120.4145,-10.0835],[120.415,-10.082],[120.4165,-10.0815],[120.4185,-10.082],[120.421,-10.0795],[120.4215,-10.077],[120.412,-10.0685],[120.412,-10.0675],[120.404,-10.0405]]]},"properties":{"code":"53.11.12.2001","name":"Kananggar"}},{"type":"Feature","geometry":{"type":"Polygon","coordinates":[[[120.413,-9.992],[120.412,-9.991],[120.411,-9.993],[120.409,-9.991],[120.4085,-9.9905],[120.406,-9.991],[120.4045,-9.991],[120.4035,-9.9915],[120.403,-9.9935],[120.402,-9.9945],[120.399,-9.9925],[120.3975,-9.994],[120.3965,-9.9935],[120.395,-9.9905],[120.393,-9.9905],[120.3815,-10],[120.3795,-9.9975],[120.377,-9.997],[120.371,-9.998],[120.3715,-9.9985],[120.372,-9.9995],[120.3715,-9.9995],[120.3705,-9.999],[120.369,-9.999],[120.363,-10.009],[120.3405,-10.0135],[120.3395,-10.0135],[120.332,-10.017],[120.3335,-10.02],[120.334,-10.0215],[120.3365,-10.0215],[120.3375,-10.0235],[120.337,-10.024],[120.35,-10.0205],[120.3595,-10.0205],[120.362,-10.021],[120.3675,-10.0225],[120.376,-10.0255],[120.378,-10.0305],[120.404,-10.0405],[120.4215,-10.0385],[120.4275,-10.0395],[120.4285,-10.0395],[120.4305,-10.0405],[120.4425,-10.0435],[120.4515,-10.0445],[120.454,-10.047],[120.4615,-10.044],[120.464,-10.043],[120.467,-10.0405],[120.461,-10.0385],[120.46,-10.039],[120.4585,-10.04],[120.4575,-10.041],[120.458,-10.0415],[120.457,-10.042],[120.453,-10.0395],[120.444,-10.0305],[120.4435,-10.024],[120.442,-10.019],[120.4415,-10.017],[120.4425,-10.0135],[120.4485,-10.008],[120.452,-10.0015],[120.451,-10.0015],[120.451,-10],[120.4475,-10.002],[120.446,-10.0015],[120.441,-10.0015],[120.439,-10.0005],[120.4365,-10.002],[120.4365,-10.003],[120.436,-10.003],[120.432,-10.0035],[120.427,-10.0035],[120.425,-10.001],[120.417,-9.9965],[120.4135,-9.997],[120.4135,-9.995],[120.4135,-9.9925],[120.413,-9.992]]]},"properties":{"code":"53.11.12.2002","name":"Mehang Mata"}},{"type":"Feature","geometry":{"type":"Polygon","coordinates":[[[120.404,-10.098],[120.402,-10.0725],[120.3915,-10.0615],[120.376,-10.058],[120.3645,-10.07],[120.3545,-10.074],[120.3605,-10.0825],[120.36,-10.093],[120.3605,-10.093],[120.3615,-10.093],[120.3695,-10.0975],[120.378,-10.1045],[120.3845,-10.1085],[120.3885,-10.1115],[120.3975,-10.114],[120.403,-10.1165],[120.403,-10.116],[120.403,-10.0995],[120.404,-10.098]]]},"properties":{"code":"53.11.12.2003","name":"Karera Jangga"}},{"type":"Feature","geometry":{"type":"Polygon","coordinates":[[[120.4875,-10.023],[120.488,-10.0205],[120.488,-10.019],[120.488,-10.0165],[120.4885,-10.0155],[120.4805,-10],[120.4735,-10.0005],[120.4705,-10.0015],[120.47,-10.0015],[120.4685,-10.001],[120.464,-10.0015],[120.4605,-10.002],[120.458,-10.001],[120.4545,-10.0005],[120.4525,-10],[120.452,-10.0015],[120.4485,-10.008],[120.4425,-10.0135],[120.4415,-10.017],[120.442,-10.019],[120.4435,-10.024],[120.444,-10.0305],[120.453,-10.0395],[120.457,-10.042],[120.458,-10.0415],[120.4575,-10.041],[120.4585,-10.04],[120.46,-10.039],[120.461,-10.0385],[120.467,-10.0405],[120.4695,-10.038],[120.478,-10.0255],[120.4865,-10.023],[120.4875,-10.023]]]},"properties":{"code":"53.11.12.2004","name":"Praimbana"}},{"type":"Feature","geometry":{"type":"Polygon","coordinates":[[[120.4945,-9.965],[120.4925,-9.968],[120.488,-9.9725],[120.487,-9.972],[120.4635,-9.9805],[120.4615,-9.981],[120.461,-9.9815],[120.461,-9.985],[120.4675,-9.986],[120.468,-9.9875],[120.468,-9.991],[120.47,-9.9955],[120.469,-9.9975],[120.4715,-9.9995],[120.471,-10.0015],[120.4735,-10.0005],[120.4805,-10],[120.4885,-10.0155],[120.488,-10.0165],[120.488,-10.019],[120.488,-10.0205],[120.4875,-10.023],[120.4905,-10.023],[120.4975,-10.026],[120.518,-10.023],[120.5265,-10.029],[120.5275,-10.028],[120.5275,-10.0275],[120.5285,-10.026],[120.5315,-10.026],[120.5315,-10.0245],[120.531,-10.022],[120.532,-10.0055],[120.533,-10.004],[120.5335,-10.004],[120.5345,-10.0045],[120.5345,-10.005],[120.5345,-10.006],[120.535,-10.0055],[120.536,-9.999],[120.5355,-9.9955],[120.54,-9.991],[120.543,-9.987],[120.529,-9.975],[120.5185,-9.97],[120.512,-9.9685],[120.4975,-9.9685],[120.4945,-9.965]]]},"properties":{"code":"53.11.12.2005","name":"Pabera Manera"}},{"type":"Feature","geometry":{"type":"Polygon","coordinates":[[[120.347,-10.0525],[120.333,-10.0535],[120.3205,-10.0705],[120.3305,-10.0865],[120.336,-10.087],[120.348,-10.0875],[120.353,-10.0785],[120.3545,-10.0765],[120.3545,-10.076],[120.3545,-10.0755],[120.354,-10.075],[120.354,-10.074],[120.3525,-10.0745],[120.3505,-10.0685],[120.348,-10.0555],[120.347,-10.0525]]]},"properties":{"code":"53.11.12.2010","name":"Winumuru"}},{"type":"Feature","geometry":{"type":"Polygon","coordinates":[[[120.4425,-10.0435],[120.4305,-10.0405],[120.4285,-10.0395],[120.4275,-10.0395],[120.4215,-10.0385],[120.404,-10.0405],[120.412,-10.0675],[120.412,-10.0685],[120.4215,-10.077],[120.421,-10.0795],[120.4185,-10.082],[120.4165,-10.0815],[120.415,-10.082],[120.4145,-10.0835],[120.4135,-10.083],[120.408,-10.0915],[120.409,-10.093],[120.411,-10.0925],[120.4115,-10.093],[120.4145,-10.087],[120.419,-10.087],[120.4435,-10.0735],[120.4425,-10.0435]]]},"properties":{"code":"53.11.12.2011","name":"Laitaku"}},{"type":"Feature","geometry":{"type":"Polygon","coordinates":[[[120.2645,-10.112],[120.2595,-10.1095],[120.245,-10.1085],[120.2365,-10.1165],[120.2355,-10.117],[120.2345,-10.117],[120.233,-10.1165],[120.228,-10.1135],[120.217,-10.1105],[120.212,-10.1125],[120.21,-10.112],[120.214,-10.127],[120.2165,-10.1775],[120.2195,-10.1955],[120.2385,-10.245],[120.268,-10.2455],[120.294,-10.257],[120.3035,-10.251],[120.316,-10.253],[120.318,-10.247],[120.321,-10.2425],[120.3245,-10.237],[120.298,-10.2],[120.2765,-10.1835],[120.2695,-10.1745],[120.269,-10.1735],[120.2635,-10.149],[120.2635,-10.1475],[120.2655,-10.144],[120.267,-10.1435],[120.2685,-10.143],[120.2675,-10.1405],[120.269,-10.131],[120.2645,-10.112]]]},"properties":{"code":"53.11.13.2001","name":"Nggongi"}},{"type":"Feature","geometry":{"type":"Polygon","coordinates":[[[120.201,-10.11],[120.1955,-10.108],[120.1845,-10.1065],[120.176,-10.1105],[120.167,-10.125],[120.1495,-10.132],[120.1485,-10.1325],[120.1345,-10.1535],[120.132,-10.1565],[120.13,-10.1615],[120.13,-10.1625],[120.1295,-10.164],[120.1145,-10.1815],[120.1265,-10.1915],[120.149,-10.2235],[120.164,-10.233],[120.1755,-10.229],[120.189,-10.2325],[120.21,-10.252],[120.2155,-10.25],[120.216,-10.235],[120.204,-10.1945],[120.196,-10.1715],[120.2005,-10.149],[120.2015,-10.143],[120.204,-10.1395],[120.2055,-10.1335],[120.209,-10.1115],[120.201,-10.11]]]},"properties":{"code":"53.11.13.2002","name":"Praimadita"}},{"type":"Feature","geometry":{"type":"Polygon","coordinates":[[[120.213,-10.3045],[120.1815,-10.312],[120.179,-10.322],[120.198,-10.323],[120.2135,-10.316],[120.213,-10.3045]]]},"properties":{"code":"53.11.13.2003","name":"Praisalura"}},{"type":"Feature","geometry":{"type":"Polygon","coordinates":[[[120.335,-10.1635],[120.315,-10.1595],[120.31,-10.1515],[120.3045,-10.1495],[120.295,-10.1485],[120.276,-10.1455],[120.275,-10.145],[120.2675,-10.143],[120.2655,-10.144],[120.2635,-10.1475],[120.2635,-10.149],[120.269,-10.1735],[120.2695,-10.1745],[120.2765,-10.1835],[120.298,-10.2],[120.3245,-10.237],[120.3315,-10.2255],[120.3225,-10.2005],[120.3225,-10.192],[120.335,-10.1635]]]},"properties":{"code":"53.11.13.2004","name":"Tandula Jangga"}},{"type":"Feature","geometry":{"type":"Polygon","coordinates":[[[120.403,-10.1165],[120.3975,-10.114],[120.3885,-10.1115],[120.3845,-10.1085],[120.378,-10.1045],[120.3695,-10.0975],[120.3615,-10.093],[120.3605,-10.093],[120.359,-10.0935],[120.3485,-10.0965],[120.348,-10.098],[120.349,-10.0995],[120.3515,-10.1015],[120.349,-10.1075],[120.341,-10.1165],[120.327,-10.1235],[120.325,-10.1215],[120.3255,-10.115],[120.3235,-10.1095],[120.3215,-10.108],[120.3105,-10.111],[120.305,-10.1145],[120.301,-10.114],[120.2925,-10.113],[120.29,-10.1125],[120.288,-10.1125],[120.287,-10.1125],[120.266,-10.1115],[120.2645,-10.112],[120.269,-10.131],[120.2675,-10.1405],[120.2685,-10.143],[120.2675,-10.143],[120.275,-10.145],[120.276,-10.1455],[120.295,-10.1485],[120.3045,-10.1495],[120.31,-10.1515],[120.315,-10.1595],[120.335,-10.1635],[120.349,-10.157],[120.3585,-10.1475],[120.3615,-10.15],[120.365,-10.1495],[120.3655,-10.149],[120.373,-10.15],[120.378,-10.149],[120.3845,-10.149],[120.3935,-10.1465],[120.406,-10.1325],[120.4065,-10.1315],[120.408,-10.13],[120.4065,-10.128],[120.4035,-10.118],[120.403,-10.1165]]]},"properties":{"code":"53.11.13.2005","name":"Nangga"}},{"type":"Feature","geometry":{"type":"Polygon","coordinates":[[[120.3545,-10.074],[120.3535,-10.0735],[120.354,-10.074],[120.354,-10.075],[120.3545,-10.0755],[120.3545,-10.076],[120.3545,-10.0765],[120.353,-10.0785],[120.348,-10.0875],[120.336,-10.087],[120.3305,-10.0865],[120.3055,-10.0895],[120.308,-10.091],[120.3095,-10.092],[120.313,-10.0945],[120.315,-10.0985],[120.315,-10.105],[120.3215,-10.108],[120.3235,-10.1095],[120.3255,-10.115],[120.325,-10.1215],[120.327,-10.1235],[120.341,-10.1165],[120.349,-10.1075],[120.3515,-10.1015],[120.349,-10.0995],[120.348,-10.098],[120.3485,-10.0965],[120.359,-10.0935],[120.36,-10.093],[120.3605,-10.0825],[120.3545,-10.074]]]},"properties":{"code":"53.11.13.2006","name":"Janggamangu"}},{"type":"Feature","geometry":{"type":"Polygon","coordinates":[[[120.21,-10.112],[120.209,-10.1115],[120.2055,-10.1335],[120.204,-10.1395],[120.2015,-10.143],[120.2005,-10.149],[120.196,-10.1715],[120.204,-10.1945],[120.216,-10.235],[120.2155,-10.25],[120.2305,-10.2505],[120.2385,-10.245],[120.2195,-10.1955],[120.2165,-10.1775],[120.214,-10.127],[120.21,-10.112]]]},"properties":{"code":"53.11.13.2011","name":"Ananjaki"}},{"type":"Feature","geometry":{"type":"Polygon","coordinates":[[[120.493,-9.878],[120.486,-9.874],[120.472,-9.8875],[120.4645,-9.884],[120.4645,-9.8845],[120.4635,-9.8865],[120.463,-9.889],[120.4615,-9.889],[120.453,-9.903],[120.4345,-9.923],[120.4345,-9.9235],[120.435,-9.926],[120.435,-9.9285],[120.431,-9.9315],[120.4325,-9.9475],[120.443,-9.958],[120.4555,-9.9625],[120.464,-9.953],[120.477,-9.95],[120.479,-9.95],[120.484,-9.9495],[120.487,-9.9495],[120.491,-9.94],[120.5025,-9.925],[120.5035,-9.925],[120.506,-9.9265],[120.505,-9.9225],[120.482,-9.893],[120.493,-9.878]]]},"properties":{"code":"53.11.14.2001","name":"Kamanggih"}},{"type":"Feature","geometry":{"type":"Polygon","coordinates":[[[120.487,-9.9495],[120.484,-9.9495],[120.479,-9.95],[120.477,-9.95],[120.464,-9.953],[120.4555,-9.9625],[120.443,-9.958],[120.4325,-9.9475],[120.4295,-9.951],[120.429,-9.9535],[120.4265,-9.9655],[120.4195,-9.9675],[120.416,-9.968],[120.415,-9.9685],[120.4135,-9.979],[120.4125,-9.979],[120.4115,-9.979],[120.4105,-9.9805],[120.4105,-9.985],[120.412,-9.99],[120.413,-9.9915],[120.413,-9.992],[120.4135,-9.9925],[120.4135,-9.995],[120.4135,-9.997],[120.417,-9.9965],[120.425,-10.001],[120.427,-10.0035],[120.432,-10.0035],[120.436,-10.003],[120.4365,-10.003],[120.4365,-10.002],[120.439,-10.0005],[120.441,-10.0015],[120.446,-10.0015],[120.4475,-10.002],[120.451,-10],[120.451,-10.0015],[120.452,-10.0015],[120.4525,-10],[120.4545,-10.0005],[120.458,-10.001],[120.4605,-10.002],[120.464,-10.0015],[120.4685,-10.001],[120.47,-10.0015],[120.4705,-10.0015],[120.471,-10.0015],[120.4715,-9.9995],[120.469,-9.9975],[120.47,-9.9955],[120.468,-9.991],[120.468,-9.9875],[120.4675,-9.986],[120.461,-9.985],[120.461,-9.9815],[120.4615,-9.981],[120.4635,-9.9805],[120.487,-9.972],[120.488,-9.9725],[120.4925,-9.968],[120.4945,-9.965],[120.4905,-9.9615],[120.487,-9.9495]]]},"properties":{"code":"53.11.14.2002","name":"Kambatabundung"}},{"type":"Feature","geometry":{"type":"Polygon","coordinates":[[[120.431,-9.9315],[120.411,-9.9035],[120.404,-9.9],[120.395,-9.91],[120.3965,-9.917],[120.395,-9.919],[120.3805,-9.9215],[120.3785,-9.922],[120.365,-9.915],[120.3625,-9.911],[120.349,-9.935],[120.347,-9.9515],[120.354,-9.954],[120.3675,-9.969],[120.369,-9.972],[120.37,-9.975],[120.3705,-9.9765],[120.372,-9.976],[120.3725,-9.9735],[120.373,-9.9725],[120.3775,-9.972],[120.3805,-9.972],[120.3895,-9.965],[120.3915,-9.963],[120.3945,-9.963],[120.396,-9.9625],[120.398,-9.963],[120.415,-9.9685],[120.416,-9.968],[120.4195,-9.9675],[120.4265,-9.9655],[120.429,-9.9535],[120.4295,-9.951],[120.4325,-9.9475],[120.431,-9.9315]]]},"properties":{"code":"53.11.14.2003","name":"Meurumba"}},{"type":"Feature","geometry":{"type":"Polygon","coordinates":[[[120.477,-9.8],[120.484,-9.793],[120.489,-9.776],[120.477,-9.778],[120.4715,-9.793],[120.4695,-9.7935],[120.468,-9.7925],[120.467,-9.795],[120.4655,-9.7965],[120.4645,-9.797],[120.463,-9.7955],[120.452,-9.8065],[120.454,-9.8075],[120.4535,-9.8115],[120.447,-9.816],[120.446,-9.8165],[120.4445,-9.8195],[120.4275,-9.826],[120.4255,-9.8285],[120.426,-9.831],[120.4265,-9.833],[120.4255,-9.846],[120.418,-9.8545],[120.408,-9.8845],[120.409,-9.8875],[120.4085,-9.8905],[120.4065,-9.89],[120.404,-9.9],[120.411,-9.9035],[120.431,-9.9315],[120.435,-9.9285],[120.435,-9.926],[120.4345,-9.9235],[120.4345,-9.923],[120.453,-9.903],[120.4615,-9.889],[120.463,-9.889],[120.4635,-9.8865],[120.4645,-9.8845],[120.4645,-9.88],[120.463,-9.8675],[120.4695,-9.853],[120.465,-9.825],[120.477,-9.8]]]},"properties":{"code":"53.11.14.2004","name":"Laimbonga"}},{"type":"Feature","geometry":{"type":"Polygon","coordinates":[[[120.541,-9.7335],[120.524,-9.715],[120.5095,-9.721],[120.503,-9.722],[120.491,-9.7275],[120.4665,-9.733],[120.4485,-9.7225],[120.451,-9.7495],[120.4495,-9.7985],[120.447,-9.816],[120.4535,-9.8115],[120.454,-9.8075],[120.452,-9.8065],[120.463,-9.7955],[120.4645,-9.797],[120.4655,-9.7965],[120.467,-9.795],[120.468,-9.7925],[120.4695,-9.7935],[120.4715,-9.793],[120.477,-9.778],[120.489,-9.776],[120.484,-9.793],[120.477,-9.8],[120.541,-9.8305],[120.539,-9.823],[120.543,-9.8175],[120.552,-9.8015],[120.525,-9.7765],[120.528,-9.747],[120.541,-9.7335]]]},"properties":{"code":"53.11.14.2005","name":"Kota Kawau"}},{"type":"Feature","geometry":{"type":"Polygon","coordinates":[[[120.477,-9.8],[120.465,-9.825],[120.4695,-9.853],[120.463,-9.8675],[120.4645,-9.88],[120.4645,-9.884],[120.472,-9.8875],[120.486,-9.874],[120.493,-9.878],[120.4975,-9.8715],[120.4985,-9.8705],[120.501,-9.8695],[120.503,-9.867],[120.5145,-9.858],[120.5225,-9.8495],[120.5305,-9.837],[120.541,-9.8305],[120.477,-9.8]]]},"properties":{"code":"53.11.14.2006","name":"Matawai Katingga"}},{"type":"Feature","geometry":{"type":"Polygon","coordinates":[[[120.548,-9.8895],[120.527,-9.864],[120.5205,-9.852],[120.5145,-9.858],[120.503,-9.867],[120.501,-9.8695],[120.4985,-9.8705],[120.4975,-9.8715],[120.493,-9.878],[120.482,-9.893],[120.505,-9.9225],[120.506,-9.9265],[120.5065,-9.926],[120.5065,-9.925],[120.5185,-9.9175],[120.5205,-9.9165],[120.521,-9.9175],[120.521,-9.9145],[120.523,-9.9135],[120.524,-9.9125],[120.523,-9.9115],[120.5235,-9.911],[120.526,-9.91],[120.532,-9.9025],[120.5335,-9.904],[120.534,-9.903],[120.535,-9.9025],[120.535,-9.902],[120.5335,-9.8995],[120.534,-9.8985],[120.547,-9.891],[120.548,-9.8895]]]},"properties":{"code":"53.11.14.2007","name":"Kataka"}},{"type":"Feature","geometry":{"type":"Polygon","coordinates":[[[120.5625,-9.812],[120.552,-9.8015],[120.543,-9.8175],[120.539,-9.823],[120.541,-9.8305],[120.5305,-9.837],[120.5225,-9.8495],[120.5205,-9.852],[120.527,-9.864],[120.548,-9.8895],[120.5485,-9.8895],[120.5555,-9.8845],[120.558,-9.8825],[120.562,-9.8805],[120.5645,-9.8795],[120.5775,-9.8715],[120.5845,-9.858],[120.5855,-9.8565],[120.5895,-9.855],[120.5905,-9.854],[120.591,-9.8485],[120.5925,-9.8465],[120.595,-9.845],[120.5955,-9.845],[120.5625,-9.812]]]},"properties":{"code":"53.11.14.2008","name":"Matawai Maringgu"}},{"type":"Feature","geometry":{"type":"Polygon","coordinates":[[[120.415,-9.9685],[120.398,-9.963],[120.396,-9.9625],[120.3945,-9.963],[120.3915,-9.963],[120.3895,-9.965],[120.3805,-9.972],[120.3775,-9.972],[120.373,-9.9725],[120.3725,-9.9735],[120.372,-9.976],[120.3705,-9.9765],[120.3685,-9.9795],[120.3635,-9.9885],[120.3635,-9.991],[120.37,-9.9955],[120.377,-9.997],[120.3795,-9.9975],[120.3815,-10],[120.393,-9.9905],[120.395,-9.9905],[120.3965,-9.9935],[120.3975,-9.994],[120.399,-9.9925],[120.402,-9.9945],[120.403,-9.9935],[120.4035,-9.9915],[120.4045,-9.991],[120.406,-9.991],[120.4085,-9.9905],[120.409,-9.991],[120.411,-9.993],[120.412,-9.991],[120.413,-9.992],[120.413,-9.9915],[120.412,-9.99],[120.4105,-9.985],[120.4105,-9.9805],[120.4115,-9.979],[120.4125,-9.979],[120.4135,-9.979],[120.415,-9.9685]]]},"properties":{"code":"53.11.14.2009","name":"Mauramba"}},{"type":"Feature","geometry":{"type":"Polygon","coordinates":[[[120.3255,-10.02],[120.314,-9.996],[120.2975,-9.9875],[120.291,-9.9645],[120.2915,-9.962],[120.288,-9.961],[120.284,-9.9615],[120.2845,-9.965],[120.2845,-9.971],[120.283,-9.972],[120.278,-9.9715],[120.277,-9.971],[120.281,-9.983],[120.2795,-9.9835],[120.281,-9.986],[120.2825,-9.9845],[120.283,-9.989],[120.2835,-9.9895],[120.2915,-10.0095],[120.2875,-10.027],[120.282,-10.0275],[120.2705,-10.0345],[120.274,-10.035],[120.2855,-10.0355],[120.287,-10.0355],[120.3015,-10.035],[120.3125,-10.043],[120.3215,-10.041],[120.323,-10.041],[120.324,-10.0405],[120.3295,-10.0395],[120.3295,-10.0375],[120.329,-10.0345],[120.3275,-10.0255],[120.3255,-10.02]]]},"properties":{"code":"53.11.15.2001","name":"Prai Bakul"}},{"type":"Feature","geometry":{"type":"Polygon","coordinates":[[[120.277,-9.971],[120.2765,-9.9705],[120.261,-9.958],[120.2565,-9.9555],[120.256,-9.959],[120.2545,-9.9605],[120.2275,-9.9465],[120.2165,-9.958],[120.201,-9.9485],[120.199,-9.95],[120.195,-9.9515],[120.1955,-9.953],[120.1975,-9.9535],[120.1995,-9.956],[120.2005,-9.958],[120.2,-9.963],[120.197,-9.9645],[120.1965,-9.9655],[120.1985,-9.973],[120.2025,-9.971],[120.2005,-9.9725],[120.2045,-9.985],[120.2065,-9.994],[120.206,-10.0115],[120.208,-10.015],[120.2055,-10.0165],[120.205,-10.018],[120.204,-10.029],[120.205,-10.0315],[120.205,-10.032],[120.229,-10.036],[120.245,-10.05],[120.247,-10.06],[120.2755,-10.048],[120.2745,-10.0455],[120.2655,-10.034],[120.2705,-10.0345],[120.282,-10.0275],[120.2875,-10.027],[120.2915,-10.0095],[120.2835,-9.9895],[120.283,-9.989],[120.2825,-9.9845],[120.281,-9.986],[120.2795,-9.9835],[120.281,-9.983],[120.277,-9.971]]]},"properties":{"code":"53.11.15.2002","name":"Katikutana"}},{"type":"Feature","geometry":{"type":"Polygon","coordinates":[[[120.333,-10.019],[120.3255,-10.02],[120.3275,-10.0255],[120.329,-10.0345],[120.3295,-10.0375],[120.3295,-10.0395],[120.324,-10.0405],[120.323,-10.041],[120.3215,-10.041],[120.3125,-10.043],[120.3015,-10.035],[120.287,-10.0355],[120.2855,-10.0355],[120.274,-10.035],[120.27,-10.0345],[120.2655,-10.034],[120.2745,-10.0455],[120.277,-10.0495],[120.279,-10.0485],[120.2935,-10.059],[120.3055,-10.0895],[120.3305,-10.0865],[120.3205,-10.0705],[120.333,-10.0535],[120.347,-10.0525],[120.345,-10.0425],[120.336,-10.041],[120.3355,-10.026],[120.335,-10.025],[120.336,-10.0235],[120.3365,-10.0245],[120.3375,-10.0235],[120.3365,-10.0215],[120.334,-10.0215],[120.3335,-10.02],[120.333,-10.019]]]},"properties":{"code":"53.11.15.2003","name":"Karipi"}},{"type":"Feature","geometry":{"type":"Polygon","coordinates":[[[120.3055,-10.0895],[120.2935,-10.059],[120.279,-10.0485],[120.277,-10.0495],[120.2755,-10.048],[120.247,-10.06],[120.246,-10.0715],[120.246,-10.074],[120.2555,-10.0875],[120.254,-10.095],[120.251,-10.0975],[120.245,-10.1085],[120.2595,-10.1095],[120.266,-10.1115],[120.287,-10.1125],[120.288,-10.1125],[120.29,-10.1125],[120.2925,-10.113],[120.301,-10.114],[120.305,-10.1145],[120.3105,-10.111],[120.315,-10.105],[120.315,-10.0985],[120.313,-10.0945],[120.3095,-10.092],[120.308,-10.091],[120.3055,-10.0895]]]},"properties":{"code":"53.11.15.2004","name":"Wangga Meti"}},{"type":"Feature","geometry":{"type":"Polygon","coordinates":[[[120.247,-10.06],[120.245,-10.05],[120.229,-10.036],[120.205,-10.032],[120.2045,-10.0325],[120.203,-10.0365],[120.202,-10.0375],[120.2005,-10.0365],[120.1985,-10.0375],[120.1985,-10.038],[120.199,-10.0385],[120.199,-10.0405],[120.199,-10.0415],[120.2,-10.0425],[120.202,-10.043],[120.2,-10.046],[120.1995,-10.0495],[120.1905,-10.0535],[120.1915,-10.0665],[120.184,-10.092],[120.1845,-10.1065],[120.1955,-10.108],[120.201,-10.11],[120.209,-10.1115],[120.212,-10.1125],[120.217,-10.1105],[120.228,-10.1135],[120.232,-10.1155],[120.234,-10.117],[120.235,-10.117],[120.236,-10.1165],[120.245,-10.1085],[120.251,-10.0975],[120.254,-10.095],[120.2555,-10.0875],[120.246,-10.074],[120.246,-10.0715],[120.247,-10.06]]]},"properties":{"code":"53.11.15.2005","name":"Katiku Wai"}},{"type":"Feature","geometry":{"type":"Polygon","coordinates":[[[120.3105,-9.8565],[120.308,-9.857],[120.305,-9.8575],[120.3045,-9.8605],[120.304,-9.8615],[120.301,-9.864],[120.302,-9.8645],[120.3155,-9.877],[120.3145,-9.8815],[120.3095,-9.893],[120.3085,-9.8945],[120.3175,-9.9115],[120.318,-9.913],[120.307,-9.921],[120.3155,-9.927],[120.307,-9.94],[120.2845,-9.9605],[120.284,-9.9615],[120.288,-9.961],[120.2915,-9.962],[120.291,-9.9645],[120.2975,-9.9875],[120.314,-9.996],[120.3255,-10.02],[120.333,-10.019],[120.332,-10.017],[120.3395,-10.0135],[120.3405,-10.0135],[120.363,-10.009],[120.369,-9.999],[120.3705,-9.999],[120.3715,-9.9995],[120.372,-9.9995],[120.3715,-9.9985],[120.371,-9.998],[120.37,-9.9955],[120.3635,-9.991],[120.3635,-9.9885],[120.3685,-9.9795],[120.3705,-9.9765],[120.37,-9.975],[120.369,-9.972],[120.3675,-9.969],[120.354,-9.954],[120.347,-9.9515],[120.349,-9.935],[120.3625,-9.911],[120.3625,-9.9105],[120.3645,-9.9095],[120.3645,-9.9075],[120.364,-9.907],[120.3625,-9.9055],[120.35,-9.897],[120.354,-9.8805],[120.3545,-9.877],[120.3555,-9.8755],[120.3545,-9.872],[120.3535,-9.8715],[120.353,-9.869],[120.352,-9.867],[120.3495,-9.865],[120.347,-9.862],[120.338,-9.8575],[120.3105,-9.8565]]]},"properties":{"code":"53.11.15.2006","name":"Katiku Luku"}},{"type":"Feature","geometry":{"type":"Polygon","coordinates":[[[120.2675,-9.6605],[120.264,-9.661],[120.263,-9.662],[120.255,-9.6615],[120.2495,-9.676],[120.2485,-9.6765],[120.25,-9.6775],[120.2495,-9.678],[120.249,-9.68],[120.2485,-9.6825],[120.2505,-9.6865],[120.2515,-9.687],[120.2515,-9.688],[120.251,-9.689],[120.251,-9.6905],[120.2525,-9.6935],[120.253,-9.694],[120.275,-9.6845],[120.278,-9.68],[120.2785,-9.678],[120.2785,-9.6765],[120.2755,-9.6745],[120.277,-9.667],[120.2755,-9.667],[120.2735,-9.667],[120.2675,-9.6605]]]},"properties":{"code":"53.11.16.1001","name":"Wangga"}},{"type":"Feature","geometry":{"type":"Polygon","coordinates":[[[120.289,-9.6405],[120.269,-9.6415],[120.27,-9.653],[120.2695,-9.655],[120.2675,-9.6565],[120.268,-9.658],[120.2675,-9.6605],[120.2735,-9.667],[120.276,-9.667],[120.2765,-9.6635],[120.282,-9.6515],[120.2825,-9.651],[120.289,-9.6405]]]},"properties":{"code":"53.11.16.1002","name":"Prailiu"}},{"type":"Feature","geometry":{"type":"Polygon","coordinates":[[[120.3225,-9.6705],[120.311,-9.665],[120.299,-9.642],[120.289,-9.6405],[120.2825,-9.651],[120.282,-9.6515],[120.2765,-9.6635],[120.2765,-9.664],[120.276,-9.667],[120.277,-9.667],[120.2755,-9.6745],[120.2785,-9.6765],[120.285,-9.672],[120.297,-9.6695],[120.296,-9.6695],[120.2945,-9.6695],[120.292,-9.669],[120.2995,-9.6585],[120.3155,-9.675],[120.32,-9.674],[120.3225,-9.6705]]]},"properties":{"code":"53.11.16.1003","name":"Kambaniru"}},{"type":"Feature","geometry":{"type":"Polygon","coordinates":[[[120.297,-9.6695],[120.285,-9.672],[120.2785,-9.6765],[120.2785,-9.678],[120.278,-9.68],[120.275,-9.6845],[120.2875,-9.694],[120.3085,-9.7035],[120.3095,-9.703],[120.3085,-9.696],[120.309,-9.6955],[120.3185,-9.689],[120.318,-9.6875],[120.3185,-9.6855],[120.319,-9.6825],[120.3105,-9.683],[120.311,-9.682],[120.31,-9.681],[120.3065,-9.68],[120.3055,-9.6795],[120.3005,-9.6765],[120.3,-9.6755],[120.297,-9.6695]]]},"properties":{"code":"53.11.16.1004","name":"Mauliru"}},{"type":"Feature","geometry":{"type":"Polygon","coordinates":[[[120.3155,-9.675],[120.2995,-9.6585],[120.292,-9.669],[120.2945,-9.6695],[120.296,-9.6695],[120.297,-9.6695],[120.3,-9.6755],[120.3005,-9.6765],[120.3055,-9.6795],[120.3065,-9.68],[120.31,-9.681],[120.311,-9.682],[120.3105,-9.683],[120.319,-9.6825],[120.3205,-9.679],[120.3155,-9.675]]]},"properties":{"code":"53.11.16.1005","name":"Mau Hau"}},{"type":"Feature","geometry":{"type":"Polygon","coordinates":[[[120.2875,-9.7065],[120.286,-9.7065],[120.282,-9.707],[120.279,-9.707],[120.277,-9.7075],[120.2745,-9.709],[120.268,-9.709],[120.264,-9.7085],[120.2615,-9.709],[120.2575,-9.7085],[120.2535,-9.7085],[120.254,-9.709],[120.256,-9.7125],[120.267,-9.7165],[120.279,-9.7275],[120.2795,-9.7275],[120.2995,-9.716],[120.297,-9.7125],[120.288,-9.712],[120.286,-9.7105],[120.2855,-9.7085],[120.287,-9.7075],[120.2875,-9.707],[120.2875,-9.7065]]]},"properties":{"code":"53.11.16.1006","name":"Malumbi"}},{"type":"Feature","geometry":{"type":"Polygon","coordinates":[[[120.2875,-9.694],[120.275,-9.6845],[120.253,-9.694],[120.254,-9.6945],[120.255,-9.6955],[120.254,-9.7005],[120.2525,-9.705],[120.2535,-9.7085],[120.2575,-9.7085],[120.2615,-9.709],[120.264,-9.7085],[120.268,-9.709],[120.2745,-9.709],[120.277,-9.7075],[120.279,-9.707],[120.282,-9.707],[120.286,-9.7065],[120.2875,-9.7065],[120.287,-9.7055],[120.292,-9.7],[120.2925,-9.698],[120.2875,-9.694]]]},"properties":{"code":"53.11.16.1007","name":"Lambanapu"}},{"type":"Feature","geometry":{"type":"Polygon","coordinates":[[[120.256,-9.7125],[120.2445,-9.7315],[120.233,-9.7435],[120.233,-9.754],[120.2235,-9.762],[120.2065,-9.7615],[120.215,-9.769],[120.244,-9.775],[120.2565,-9.758],[120.2745,-9.766],[120.2775,-9.762],[120.2815,-9.758],[120.284,-9.731],[120.2805,-9.728],[120.279,-9.7275],[120.267,-9.7165],[120.256,-9.7125]]]},"properties":{"code":"53.11.16.2008","name":"Kiritana"}},{"type":"Feature","geometry":{"type":"MultiPolygon","coordinates":[[[[120.2655,-9.82],[120.26,-9.8105],[120.258,-9.807],[120.2315,-9.821],[120.212,-9.8135],[120.2245,-9.8215],[120.2245,-9.8295],[120.2295,-9.8385],[120.2485,-9.8435],[120.256,-9.8355],[120.2595,-9.8315],[120.2595,-9.8305],[120.2605,-9.8255],[120.2615,-9.8235],[120.2655,-9.82]]],[[[120.3085,-9.7035],[120.2875,-9.694],[120.2925,-9.698],[120.292,-9.7],[120.287,-9.7055],[120.287,-9.706],[120.2875,-9.707],[120.287,-9.7075],[120.2855,-9.7085],[120.286,-9.7105],[120.288,-9.712],[120.297,-9.7125],[120.2995,-9.716],[120.2795,-9.7275],[120.2805,-9.728],[120.284,-9.731],[120.2815,-9.758],[120.2775,-9.762],[120.2745,-9.766],[120.2745,-9.7675],[120.275,-9.769],[120.2745,-9.77],[120.288,-9.7645],[120.293,-9.7695],[120.305,-9.7945],[120.307,-9.793],[120.3075,-9.7925],[120.3085,-9.7925],[120.3105,-9.793],[120.312,-9.79],[120.311,-9.782],[120.3115,-9.7815],[120.3135,-9.7815],[120.314,-9.7795],[120.316,-9.78],[120.3175,-9.7795],[120.3185,-9.779],[120.31,-9.749],[120.311,-9.7325],[120.3045,-9.713],[120.31,-9.703],[120.3085,-9.7035]]]]},"properties":{"code":"53.11.17.2001","name":"Lukuwingir"}},{"type":"Feature","geometry":{"type":"Polygon","coordinates":[[[120.3175,-9.7795],[120.316,-9.78],[120.314,-9.7795],[120.3135,-9.7815],[120.3115,-9.7815],[120.311,-9.782],[120.312,-9.79],[120.3105,-9.793],[120.3085,-9.7925],[120.3075,-9.7925],[120.307,-9.793],[120.305,-9.7945],[120.293,-9.7695],[120.288,-9.7645],[120.2745,-9.77],[120.274,-9.7725],[120.271,-9.7775],[120.27,-9.7785],[120.2695,-9.781],[120.27,-9.7815],[120.264,-9.814],[120.2635,-9.815],[120.263,-9.8155],[120.2655,-9.82],[120.2615,-9.8235],[120.2605,-9.8255],[120.2595,-9.8305],[120.2605,-9.831],[120.261,-9.8315],[120.261,-9.8325],[120.2615,-9.833],[120.2595,-9.834],[120.273,-9.845],[120.275,-9.849],[120.273,-9.8495],[120.27,-9.8485],[120.269,-9.8585],[120.276,-9.878],[120.287,-9.874],[120.295,-9.866],[120.3035,-9.86],[120.304,-9.8595],[120.305,-9.8575],[120.308,-9.857],[120.3105,-9.8565],[120.3055,-9.8475],[120.31,-9.839],[120.3125,-9.813],[120.3195,-9.803],[120.319,-9.79],[120.3165,-9.788],[120.318,-9.7805],[120.3175,-9.7795]]]},"properties":{"code":"53.11.17.2002","name":"Waimbidi"}},{"type":"Feature","geometry":{"type":"Polygon","coordinates":[[[120.309,-9.894],[120.302,-9.896],[120.2675,-9.8985],[120.263,-9.903],[120.248,-9.8925],[120.2285,-9.8965],[120.2155,-9.914],[120.221,-9.946],[120.2275,-9.9465],[120.2545,-9.9605],[120.256,-9.959],[120.2565,-9.9555],[120.261,-9.958],[120.2765,-9.9705],[120.278,-9.9715],[120.283,-9.972],[120.2845,-9.971],[120.2845,-9.965],[120.284,-9.962],[120.2845,-9.9605],[120.307,-9.94],[120.3155,-9.927],[120.307,-9.921],[120.318,-9.913],[120.3175,-9.9115],[120.3085,-9.8945],[120.309,-9.894]]]},"properties":{"code":"53.11.17.2003","name":"Laimeta"}},{"type":"Feature","geometry":{"type":"Polygon","coordinates":[[[120.2245,-9.8295],[120.2245,-9.83],[120.223,-9.8295],[120.2185,-9.8495],[120.205,-9.857],[120.2165,-9.8765],[120.2135,-9.8885],[120.2055,-9.89],[120.2005,-9.8925],[120.202,-9.8945],[120.1985,-9.8945],[120.198,-9.8955],[120.1955,-9.899],[120.1945,-9.911],[120.1915,-9.9115],[120.192,-9.9145],[120.1995,-9.9415],[120.1945,-9.945],[120.1955,-9.9475],[120.2,-9.949],[120.201,-9.9485],[120.2165,-9.958],[120.2275,-9.9465],[120.221,-9.946],[120.2155,-9.914],[120.2285,-9.8965],[120.248,-9.8925],[120.263,-9.903],[120.2675,-9.8985],[120.302,-9.896],[120.309,-9.894],[120.3095,-9.893],[120.3145,-9.8815],[120.3155,-9.877],[120.302,-9.8645],[120.301,-9.864],[120.304,-9.8615],[120.3045,-9.8605],[120.304,-9.8595],[120.3035,-9.86],[120.295,-9.866],[120.287,-9.874],[120.276,-9.878],[120.269,-9.8585],[120.27,-9.8485],[120.273,-9.8495],[120.275,-9.849],[120.273,-9.845],[120.2595,-9.834],[120.2615,-9.833],[120.261,-9.8325],[120.261,-9.8315],[120.2605,-9.831],[120.2595,-9.8305],[120.2595,-9.8315],[120.256,-9.8355],[120.2485,-9.8435],[120.2295,-9.8385],[120.2245,-9.8295]]]},"properties":{"code":"53.11.17.2004","name":"Mahubokul"}},{"type":"Feature","geometry":{"type":"Polygon","coordinates":[[[120.2745,-9.766],[120.2565,-9.758],[120.244,-9.775],[120.215,-9.769],[120.2065,-9.7615],[120.201,-9.7635],[120.199,-9.7645],[120.196,-9.765],[120.194,-9.7665],[120.172,-9.774],[120.171,-9.776],[120.1705,-9.776],[120.169,-9.775],[120.167,-9.776],[120.166,-9.774],[120.1645,-9.7755],[120.168,-9.784],[120.1635,-9.8025],[120.1625,-9.8035],[120.166,-9.8025],[120.169,-9.8015],[120.172,-9.8],[120.18,-9.799],[120.194,-9.8],[120.212,-9.8135],[120.2315,-9.821],[120.258,-9.807],[120.263,-9.8155],[120.2635,-9.8145],[120.264,-9.814],[120.27,-9.7815],[120.2695,-9.781],[120.27,-9.7785],[120.271,-9.7775],[120.274,-9.7725],[120.275,-9.769],[120.2745,-9.7675],[120.2745,-9.766]]]},"properties":{"code":"53.11.17.2005","name":"Marada Mundi"}},{"type":"Feature","geometry":{"type":"Polygon","coordinates":[[[120.212,-9.8135],[120.194,-9.8],[120.18,-9.799],[120.172,-9.8],[120.169,-9.8015],[120.166,-9.8025],[120.1625,-9.8035],[120.162,-9.8035],[120.157,-9.808],[120.1555,-9.808],[120.1525,-9.805],[120.1505,-9.8055],[120.1445,-9.812],[120.1315,-9.8065],[120.131,-9.807],[120.1275,-9.81],[120.127,-9.8105],[120.123,-9.81],[120.122,-9.81],[120.099,-9.8155],[120.0975,-9.817],[120.0975,-9.8255],[120.099,-9.8285],[120.0995,-9.8345],[120.102,-9.8395],[120.1085,-9.847],[120.112,-9.8485],[120.1145,-9.8485],[120.121,-9.8465],[120.1245,-9.8485],[120.1305,-9.849],[120.135,-9.85],[120.139,-9.851],[120.1355,-9.855],[120.138,-9.858],[120.143,-9.857],[120.1455,-9.8595],[120.1495,-9.859],[120.155,-9.8705],[120.152,-9.8745],[120.153,-9.8885],[120.1495,-9.893],[120.1495,-9.897],[120.15,-9.8985],[120.152,-9.8975],[120.1545,-9.9],[120.165,-9.901],[120.1665,-9.901],[120.173,-9.8955],[120.1815,-9.897],[120.1825,-9.8965],[120.183,-9.89],[120.185,-9.889],[120.187,-9.8905],[120.1915,-9.893],[120.1935,-9.891],[120.195,-9.887],[120.198,-9.8925],[120.1985,-9.893],[120.2,-9.892],[120.2015,-9.8925],[120.2055,-9.89],[120.2135,-9.8885],[120.2165,-9.8765],[120.205,-9.857],[120.2185,-9.8495],[120.223,-9.8295],[120.2245,-9.83],[120.2245,-9.8295],[120.2245,-9.8215],[120.212,-9.8135]]]},"properties":{"code":"53.11.17.2006","name":"Maidang"}},{"type":"Feature","geometry":{"type":"Polygon","coordinates":[[[119.794,-9.7915],[119.779,-9.782],[119.786,-9.7615],[119.7435,-9.742],[119.7495,-9.735],[119.7495,-9.734],[119.7495,-9.7335],[119.7485,-9.734],[119.7325,-9.7465],[119.7205,-9.7615],[119.703,-9.7995],[119.6855,-9.827],[119.6795,-9.8295],[119.677,-9.829],[119.6915,-9.8335],[119.701,-9.8355],[119.712,-9.838],[119.7195,-9.8435],[119.74,-9.8385],[119.751,-9.827],[119.765,-9.8235],[119.7705,-9.8105],[119.769,-9.8],[119.79,-9.791],[119.7915,-9.791],[119.7935,-9.7915],[119.794,-9.7915]]]},"properties":{"code":"53.11.18.2001","name":"Watumbelar"}},{"type":"Feature","geometry":{"type":"Polygon","coordinates":[[[119.8105,-9.773],[119.81,-9.7665],[119.796,-9.756],[119.7845,-9.7265],[119.768,-9.727],[119.755,-9.726],[119.7405,-9.7255],[119.739,-9.726],[119.746,-9.73],[119.749,-9.7315],[119.7495,-9.7335],[119.7495,-9.734],[119.7495,-9.735],[119.7435,-9.742],[119.786,-9.7615],[119.779,-9.782],[119.794,-9.7915],[119.795,-9.792],[119.797,-9.7935],[119.799,-9.7925],[119.798,-9.81],[119.81,-9.8245],[119.81,-9.827],[119.812,-9.8285],[119.8235,-9.8335],[119.827,-9.8345],[119.828,-9.8325],[119.829,-9.832],[119.8295,-9.832],[119.832,-9.835],[119.8345,-9.833],[119.8365,-9.831],[119.836,-9.83],[119.8215,-9.817],[119.82,-9.793],[119.81,-9.785],[119.81,-9.774],[119.8105,-9.773]]]},"properties":{"code":"53.11.18.2002","name":"Bidipraing"}},{"type":"Feature","geometry":{"type":"Polygon","coordinates":[[[119.7915,-9.791],[119.79,-9.791],[119.769,-9.8],[119.7705,-9.8105],[119.765,-9.8235],[119.751,-9.827],[119.74,-9.8385],[119.7195,-9.8435],[119.712,-9.838],[119.701,-9.8355],[119.6915,-9.8335],[119.677,-9.829],[119.685,-9.846],[119.6955,-9.8435],[119.7075,-9.863],[119.7265,-9.8685],[119.768,-9.849],[119.781,-9.846],[119.792,-9.8505],[119.796,-9.859],[119.8025,-9.857],[119.8255,-9.8355],[119.8235,-9.8335],[119.812,-9.8285],[119.81,-9.827],[119.81,-9.8245],[119.798,-9.81],[119.799,-9.7925],[119.797,-9.7935],[119.795,-9.792],[119.7935,-9.7915],[119.7915,-9.791]]]},"properties":{"code":"53.11.18.2003","name":"Umamanu"}},{"type":"Feature","geometry":{"type":"Polygon","coordinates":[[[119.796,-9.859],[119.792,-9.8505],[119.781,-9.846],[119.768,-9.849],[119.7265,-9.8685],[119.765,-9.894],[119.7775,-9.9055],[119.7835,-9.9225],[119.802,-9.9155],[119.8135,-9.8955],[119.83,-9.88],[119.796,-9.8655],[119.796,-9.859]]]},"properties":{"code":"53.11.18.2004","name":"Mondulambi"}},{"type":"Feature","geometry":{"type":"Polygon","coordinates":[[[119.835,-9.6605],[119.823,-9.6635],[119.819,-9.6735],[119.805,-9.678],[119.797,-9.687],[119.7955,-9.6895],[119.794,-9.6885],[119.791,-9.689],[119.7715,-9.7025],[119.768,-9.7035],[119.7665,-9.7045],[119.758,-9.704],[119.7555,-9.707],[119.7545,-9.7095],[119.743,-9.724],[119.7415,-9.7255],[119.7405,-9.7255],[119.755,-9.726],[119.768,-9.727],[119.7845,-9.7265],[119.796,-9.756],[119.81,-9.7665],[119.8105,-9.765],[119.828,-9.7565],[119.8315,-9.7245],[119.8325,-9.72],[119.833,-9.7185],[119.8345,-9.7105],[119.8345,-9.7075],[119.83,-9.699],[119.8365,-9.666],[119.835,-9.6605]]]},"properties":{"code":"53.11.18.2005","name":"Kangeli"}},{"type":"Feature","geometry":{"type":"Polygon","coordinates":[[[119.878,-9.7805],[119.8755,-9.762],[119.862,-9.7515],[119.842,-9.728],[119.8315,-9.7245],[119.828,-9.7565],[119.8105,-9.765],[119.8105,-9.773],[119.81,-9.774],[119.81,-9.785],[119.82,-9.793],[119.8215,-9.817],[119.836,-9.83],[119.8365,-9.8315],[119.836,-9.833],[119.8415,-9.838],[119.8675,-9.8335],[119.87,-9.8295],[119.871,-9.831],[119.8715,-9.8275],[119.872,-9.825],[119.871,-9.825],[119.87,-9.824],[119.8705,-9.822],[119.87,-9.8215],[119.8765,-9.809],[119.8875,-9.7995],[119.878,-9.7805]]]},"properties":{"code":"53.11.18.2006","name":"Laihau"}},{"type":"Feature","geometry":{"type":"Polygon","coordinates":[[[119.9755,-9.7735],[119.974,-9.774],[119.972,-9.774],[119.955,-9.7655],[119.9415,-9.7685],[119.931,-9.763],[119.93,-9.762],[119.9185,-9.8125],[119.918,-9.8155],[119.9265,-9.8145],[119.9305,-9.8175],[119.943,-9.822],[119.95,-9.8365],[119.961,-9.842],[119.9595,-9.8345],[119.964,-9.81],[119.9755,-9.7735]]]},"properties":{"code":"53.11.19.2001","name":"Kompa Pari"}},{"type":"Feature","geometry":{"type":"Polygon","coordinates":[[[119.9295,-9.7615],[119.9085,-9.761],[119.878,-9.7805],[119.8875,-9.7995],[119.8765,-9.809],[119.87,-9.8215],[119.8705,-9.822],[119.87,-9.824],[119.871,-9.825],[119.872,-9.825],[119.8715,-9.8275],[119.871,-9.831],[119.8705,-9.831],[119.882,-9.832],[119.8855,-9.832],[119.897,-9.8295],[119.904,-9.8345],[119.911,-9.834],[119.9115,-9.8325],[119.912,-9.8315],[119.913,-9.83],[119.9135,-9.828],[119.9145,-9.8255],[119.918,-9.8135],[119.9185,-9.8125],[119.93,-9.762],[119.9295,-9.7615]]]},"properties":{"code":"53.11.19.2002","name":"Matawai Amahu"}},{"type":"Feature","geometry":{"type":"Polygon","coordinates":[[[120.017,-9.7675],[119.985,-9.7655],[119.9825,-9.7645],[119.9815,-9.766],[119.976,-9.7685],[119.9755,-9.7735],[119.964,-9.81],[119.9595,-9.8345],[119.961,-9.842],[119.9515,-9.8525],[119.9665,-9.861],[119.972,-9.8735],[119.9825,-9.885],[119.985,-9.8885],[119.9865,-9.888],[119.992,-9.8875],[120.003,-9.886],[120.0035,-9.8755],[120.02,-9.87],[120.0255,-9.864],[120.0175,-9.8485],[120.0155,-9.8305],[120.027,-9.818],[120.0275,-9.8155],[120.0255,-9.804],[120.024,-9.797],[120.017,-9.7675]]]},"properties":{"code":"53.11.19.2003","name":"Mandahu"}},{"type":"Feature","geometry":{"type":"Polygon","coordinates":[[[119.961,-9.842],[119.95,-9.8365],[119.943,-9.822],[119.9305,-9.8175],[119.9265,-9.8145],[119.918,-9.8155],[119.918,-9.8135],[119.9145,-9.8255],[119.9135,-9.828],[119.913,-9.83],[119.913,-9.8305],[119.9175,-9.837],[119.914,-9.87],[119.9035,-9.8925],[119.904,-9.908],[119.916,-9.9155],[119.9175,-9.9185],[119.919,-9.923],[119.92,-9.9235],[119.9215,-9.9235],[119.9245,-9.921],[119.9335,-9.917],[119.9425,-9.915],[119.945,-9.9145],[119.95,-9.912],[119.954,-9.9095],[119.955,-9.909],[119.959,-9.9055],[119.97,-9.8985],[119.9855,-9.896],[119.9855,-9.889],[119.9825,-9.885],[119.972,-9.8735],[119.9665,-9.861],[119.9515,-9.8525],[119.961,-9.842]]]},"properties":{"code":"53.11.19.2004","name":"Lailara"}},{"type":"Feature","geometry":{"type":"Polygon","coordinates":[[[119.904,-9.8345],[119.897,-9.8295],[119.8855,-9.832],[119.882,-9.832],[119.8705,-9.831],[119.87,-9.8295],[119.8675,-9.8335],[119.8415,-9.838],[119.836,-9.833],[119.8365,-9.831],[119.8345,-9.833],[119.832,-9.835],[119.8295,-9.832],[119.829,-9.832],[119.828,-9.8325],[119.827,-9.8345],[119.8255,-9.8355],[119.8025,-9.857],[119.796,-9.859],[119.796,-9.8655],[119.83,-9.88],[119.8135,-9.8955],[119.802,-9.9155],[119.8115,-9.9155],[119.829,-9.9265],[119.842,-9.927],[119.849,-9.9205],[119.863,-9.9225],[119.8735,-9.933],[119.869,-9.943],[119.8825,-9.9585],[119.905,-9.9505],[119.9045,-9.9465],[119.9055,-9.9445],[119.917,-9.926],[119.9215,-9.9235],[119.92,-9.9235],[119.919,-9.923],[119.9175,-9.9185],[119.916,-9.9155],[119.904,-9.908],[119.9035,-9.8925],[119.914,-9.87],[119.9175,-9.837],[119.913,-9.8305],[119.912,-9.8315],[119.9115,-9.8325],[119.911,-9.834],[119.904,-9.8345]]]},"properties":{"code":"53.11.19.2005","name":"Praibakul"}},{"type":"Feature","geometry":{"type":"Polygon","coordinates":[[[120.237,-9.615],[120.234,-9.6115],[120.2065,-9.6165],[120.1865,-9.615],[120.184,-9.6475],[120.186,-9.6485],[120.191,-9.65],[120.1915,-9.6515],[120.187,-9.651],[120.18,-9.672],[120.1835,-9.677],[120.1855,-9.6775],[120.194,-9.6765],[120.197,-9.6765],[120.1965,-9.6785],[120.196,-9.6785],[120.1945,-9.6785],[120.1965,-9.679],[120.216,-9.6795],[120.24,-9.6715],[120.2395,-9.67],[120.2425,-9.6555],[120.243,-9.655],[120.243,-9.6545],[120.243,-9.6525],[120.2465,-9.6515],[120.2495,-9.6475],[120.2485,-9.6495],[120.2505,-9.6485],[120.249,-9.6455],[120.248,-9.645],[120.243,-9.6255],[120.237,-9.615]]]},"properties":{"code":"53.11.20.1001","name":"Temu"}},{"type":"Feature","geometry":{"type":"Polygon","coordinates":[[[120.228,-9.5565],[120.2075,-9.558],[120.2105,-9.574],[120.189,-9.5825],[120.188,-9.5835],[120.1875,-9.5835],[120.187,-9.5865],[120.1865,-9.5875],[120.187,-9.5885],[120.1785,-9.601],[120.1785,-9.6025],[120.176,-9.6065],[120.175,-9.607],[120.1725,-9.6075],[120.17,-9.6085],[120.1575,-9.6235],[120.1575,-9.6265],[120.1565,-9.627],[120.1475,-9.633],[120.134,-9.6325],[120.1235,-9.642],[120.1165,-9.6555],[120.1185,-9.669],[120.146,-9.673],[120.157,-9.664],[120.166,-9.6625],[120.18,-9.672],[120.187,-9.651],[120.1915,-9.6515],[120.191,-9.65],[120.186,-9.6485],[120.184,-9.6475],[120.1865,-9.615],[120.2065,-9.6165],[120.234,-9.6115],[120.237,-9.615],[120.228,-9.583],[120.228,-9.5565]]]},"properties":{"code":"53.11.20.2002","name":"Kuta"}},{"type":"Feature","geometry":{"type":"Polygon","coordinates":[[[120.228,-9.5565],[120.224,-9.529],[120.214,-9.505],[120.2105,-9.4905],[120.196,-9.484],[120.1925,-9.4735],[120.182,-9.468],[120.1655,-9.4695],[120.133,-9.485],[120.1435,-9.5225],[120.1475,-9.5455],[120.143,-9.5645],[120.1425,-9.565],[120.1605,-9.5565],[120.1725,-9.5655],[120.1835,-9.579],[120.188,-9.583],[120.189,-9.5825],[120.2105,-9.574],[120.2075,-9.558],[120.228,-9.5565]]]},"properties":{"code":"53.11.20.2003","name":"Hambapraing"}},{"type":"Feature","geometry":{"type":"Polygon","coordinates":[[[120.133,-9.485],[120.0955,-9.4755],[120.088,-9.496],[120.074,-9.5195],[120.073,-9.5215],[120.0715,-9.5235],[120.069,-9.5285],[120.0635,-9.5365],[120.0615,-9.539],[120.0835,-9.5515],[120.089,-9.5525],[120.091,-9.555],[120.0885,-9.5575],[120.0885,-9.5585],[120.0865,-9.561],[120.0835,-9.564],[120.0835,-9.5665],[120.085,-9.569],[120.0875,-9.5685],[120.0885,-9.571],[120.092,-9.5705],[120.091,-9.5745],[120.0905,-9.575],[120.09,-9.575],[120.0905,-9.5755],[120.092,-9.5775],[120.0945,-9.58],[120.096,-9.596],[120.1075,-9.607],[120.121,-9.608],[120.1295,-9.596],[120.1315,-9.5925],[120.1345,-9.5905],[120.1355,-9.5895],[120.136,-9.585],[120.137,-9.5805],[120.141,-9.5695],[120.141,-9.5675],[120.142,-9.566],[120.143,-9.5645],[120.1475,-9.5455],[120.1435,-9.5225],[120.133,-9.485]]]},"properties":{"code":"53.11.20.2004","name":"Mondu"}},{"type":"Feature","geometry":{"type":"Polygon","coordinates":[[[120.188,-9.583],[120.1835,-9.579],[120.1725,-9.5655],[120.1605,-9.5565],[120.1425,-9.565],[120.142,-9.566],[120.141,-9.5675],[120.141,-9.5695],[120.137,-9.5805],[120.136,-9.585],[120.1355,-9.5895],[120.1345,-9.5905],[120.1315,-9.5925],[120.1295,-9.596],[120.121,-9.608],[120.1075,-9.607],[120.096,-9.596],[120.102,-9.609],[120.1025,-9.61],[120.098,-9.6215],[120.1025,-9.629],[120.103,-9.6345],[120.099,-9.6455],[120.0995,-9.6475],[120.104,-9.669],[120.1035,-9.6695],[120.1045,-9.67],[120.105,-9.67],[120.1075,-9.669],[120.1095,-9.67],[120.1135,-9.6675],[120.1185,-9.669],[120.1165,-9.6555],[120.1235,-9.642],[120.134,-9.6325],[120.1475,-9.633],[120.1565,-9.627],[120.1575,-9.6265],[120.1575,-9.6235],[120.17,-9.6085],[120.1725,-9.6075],[120.175,-9.607],[120.176,-9.6065],[120.1785,-9.6025],[120.1785,-9.601],[120.187,-9.5885],[120.1865,-9.5875],[120.187,-9.5865],[120.1875,-9.5835],[120.188,-9.583]]]},"properties":{"code":"53.11.20.2005","name":"Ndapayami"}},{"type":"Feature","geometry":{"type":"Polygon","coordinates":[[[120.38,-10.1495],[120.378,-10.149],[120.373,-10.15],[120.3655,-10.149],[120.365,-10.1495],[120.3615,-10.15],[120.3585,-10.1475],[120.349,-10.157],[120.335,-10.1635],[120.3225,-10.192],[120.3225,-10.196],[120.3255,-10.194],[120.327,-10.193],[120.3295,-10.192],[120.356,-10.1965],[120.3645,-10.18],[120.361,-10.165],[120.377,-10.158],[120.38,-10.1495]]]},"properties":{"code":"53.11.21.2001","name":"Praiwitu"}},{"type":"Feature","geometry":{"type":"Polygon","coordinates":[[[120.413,-10.2065],[120.4025,-10.201],[120.391,-10.186],[120.3905,-10.1845],[120.397,-10.18],[120.3965,-10.164],[120.3985,-10.163],[120.3805,-10.1565],[120.38,-10.1495],[120.377,-10.158],[120.361,-10.165],[120.3645,-10.18],[120.356,-10.1965],[120.3295,-10.192],[120.327,-10.193],[120.3255,-10.194],[120.3225,-10.196],[120.3225,-10.2005],[120.3315,-10.2255],[120.3245,-10.237],[120.321,-10.2425],[120.318,-10.247],[120.316,-10.253],[120.347,-10.2485],[120.365,-10.255],[120.3945,-10.272],[120.38,-10.254],[120.379,-10.2265],[120.413,-10.2065]]]},"properties":{"code":"53.11.21.2002","name":"Kakaha"}},{"type":"Feature","geometry":{"type":"Polygon","coordinates":[[[120.415,-10.207],[120.413,-10.2065],[120.379,-10.2265],[120.38,-10.254],[120.3945,-10.272],[120.438,-10.3075],[120.452,-10.309],[120.4425,-10.2935],[120.436,-10.274],[120.438,-10.257],[120.424,-10.2305],[120.4265,-10.213],[120.425,-10.2115],[120.425,-10.211],[120.415,-10.207]]]},"properties":{"code":"53.11.21.2003","name":"Hambawutang"}},{"type":"Feature","geometry":{"type":"Polygon","coordinates":[[[120.4705,-10.1085],[120.4545,-10.1095],[120.4435,-10.1115],[120.437,-10.1145],[120.435,-10.1185],[120.427,-10.129],[120.429,-10.156],[120.4245,-10.1645],[120.424,-10.167],[120.439,-10.1675],[120.44,-10.1685],[120.4405,-10.1685],[120.4415,-10.1695],[120.442,-10.17],[120.443,-10.173],[120.457,-10.179],[120.4595,-10.1865],[120.4605,-10.187],[120.4675,-10.192],[120.468,-10.192],[120.467,-10.19],[120.469,-10.1885],[120.484,-10.1855],[120.4865,-10.183],[120.487,-10.182],[120.49,-10.178],[120.488,-10.1725],[120.4765,-10.1525],[120.477,-10.143],[120.4725,-10.138],[120.4685,-10.132],[120.4675,-10.13],[120.475,-10.1205],[120.478,-10.118],[120.4785,-10.118],[120.474,-10.1125],[120.473,-10.1125],[120.472,-10.1125],[120.4715,-10.1115],[120.4705,-10.1085]]]},"properties":{"code":"53.11.21.2004","name":"Kabanda"}},{"type":"Feature","geometry":{"type":"Polygon","coordinates":[[[120.4365,-10.115],[120.4175,-10.1065],[120.405,-10.0975],[120.403,-10.0995],[120.403,-10.116],[120.4035,-10.118],[120.4065,-10.128],[120.408,-10.13],[120.4065,-10.1315],[120.406,-10.1325],[120.3935,-10.1465],[120.3845,-10.149],[120.38,-10.1495],[120.3805,-10.1565],[120.3985,-10.163],[120.3965,-10.164],[120.397,-10.18],[120.3905,-10.1845],[120.391,-10.186],[120.4025,-10.201],[120.413,-10.2065],[120.415,-10.207],[120.425,-10.211],[120.4235,-10.208],[120.424,-10.199],[120.4285,-10.194],[120.432,-10.1915],[120.434,-10.192],[120.4355,-10.1915],[120.4395,-10.1915],[120.441,-10.1915],[120.4545,-10.1915],[120.456,-10.193],[120.456,-10.1915],[120.4595,-10.189],[120.46,-10.187],[120.4605,-10.187],[120.4595,-10.1865],[120.457,-10.179],[120.443,-10.173],[120.442,-10.17],[120.4415,-10.1695],[120.4405,-10.1685],[120.44,-10.1685],[120.439,-10.1675],[120.424,-10.167],[120.4245,-10.1645],[120.429,-10.156],[120.427,-10.129],[120.435,-10.1185],[120.4365,-10.115]]]},"properties":{"code":"53.11.21.2005","name":"Prauraming"}},{"type":"Feature","geometry":{"type":"Polygon","coordinates":[[[120.476,-10.0815],[120.475,-10.0775],[120.4715,-10.0755],[120.4665,-10.075],[120.451,-10.067],[120.447,-10.0705],[120.4435,-10.0735],[120.419,-10.087],[120.4145,-10.087],[120.4115,-10.093],[120.411,-10.0935],[120.405,-10.0975],[120.4175,-10.1065],[120.4365,-10.115],[120.437,-10.1145],[120.4435,-10.1115],[120.4545,-10.1095],[120.4705,-10.1085],[120.4695,-10.107],[120.4735,-10.0985],[120.4755,-10.0985],[120.476,-10.0815]]]},"properties":{"code":"53.11.22.2001","name":"Lahiru"}},{"type":"Feature","geometry":{"type":"Polygon","coordinates":[[[120.4995,-10.052],[120.4985,-10.0515],[120.4905,-10.0535],[120.4715,-10.0425],[120.4645,-10.043],[120.464,-10.043],[120.4615,-10.044],[120.454,-10.047],[120.4515,-10.0445],[120.4425,-10.0435],[120.4435,-10.0735],[120.447,-10.0705],[120.451,-10.067],[120.4665,-10.075],[120.4715,-10.0755],[120.475,-10.0775],[120.4775,-10.0815],[120.4785,-10.0825],[120.481,-10.0835],[120.4835,-10.0835],[120.4925,-10.0925],[120.5,-10.0875],[120.4995,-10.052]]]},"properties":{"code":"53.11.22.2002","name":"Patamawai"}},{"type":"Feature","geometry":{"type":"Polygon","coordinates":[[[120.5465,-10.071],[120.548,-10.0575],[120.539,-10.052],[120.535,-10.039],[120.501,-10.0505],[120.4995,-10.052],[120.5,-10.0875],[120.5105,-10.085],[120.5295,-10.09],[120.5305,-10.0905],[120.533,-10.0905],[120.534,-10.09],[120.5355,-10.089],[120.539,-10.088],[120.54,-10.0825],[120.5465,-10.071]]]},"properties":{"code":"53.11.22.2003","name":"Wairara"}},{"type":"Feature","geometry":{"type":"Polygon","coordinates":[[[120.5315,-10.026],[120.5285,-10.026],[120.5275,-10.0275],[120.5275,-10.028],[120.5265,-10.029],[120.518,-10.023],[120.4975,-10.026],[120.4905,-10.023],[120.49,-10.023],[120.4865,-10.023],[120.478,-10.0255],[120.4695,-10.038],[120.464,-10.043],[120.4645,-10.043],[120.4715,-10.0425],[120.4905,-10.0535],[120.4985,-10.0515],[120.501,-10.0505],[120.535,-10.039],[120.5315,-10.026]]]},"properties":{"code":"53.11.22.2004","name":"Praikalala"}},{"type":"Feature","geometry":{"type":"Polygon","coordinates":[[[120.5,-10.0875],[120.4925,-10.0925],[120.4835,-10.0835],[120.481,-10.0835],[120.4785,-10.0825],[120.4775,-10.0815],[120.476,-10.0815],[120.4755,-10.0985],[120.4735,-10.0985],[120.4695,-10.107],[120.4705,-10.1085],[120.4715,-10.1115],[120.472,-10.1125],[120.473,-10.1125],[120.474,-10.1125],[120.4785,-10.118],[120.482,-10.1185],[120.4835,-10.1175],[120.484,-10.116],[120.484,-10.1155],[120.4955,-10.1165],[120.511,-10.125],[120.5335,-10.1265],[120.535,-10.12],[120.5385,-10.114],[120.5395,-10.0905],[120.539,-10.088],[120.5355,-10.089],[120.534,-10.09],[120.533,-10.0905],[120.5305,-10.0905],[120.5295,-10.09],[120.5105,-10.085],[120.5,-10.0875]]]},"properties":{"code":"53.11.22.2005","name":"Lulundilu"}},{"type":"Feature","geometry":{"type":"Polygon","coordinates":[[[120.536,-10.118],[120.535,-10.12],[120.5335,-10.1265],[120.511,-10.125],[120.4955,-10.1165],[120.484,-10.1155],[120.484,-10.116],[120.4835,-10.1175],[120.482,-10.1185],[120.478,-10.118],[120.475,-10.1205],[120.4675,-10.13],[120.4685,-10.132],[120.4725,-10.138],[120.477,-10.143],[120.4765,-10.1525],[120.488,-10.1725],[120.49,-10.178],[120.4895,-10.1795],[120.503,-10.1675],[120.525,-10.161],[120.533,-10.158],[120.5355,-10.15],[120.536,-10.118]]]},"properties":{"code":"53.11.22.2006","name":"Haray"}}]}