{"type":"FeatureCollection","features":[{"type":"Feature","geometry":{"type":"Polygon","coordinates":[[[111.493,0.0625],[111.4875,0.0735],[111.4865,0.0715],[111.4815,0.062],[111.4815,0.06],[111.4885,0.053],[111.4895,0.059],[111.493,0.0625]]]},"properties":{"code":"61.05.01.1001","name":"Ladang","latitude":0.06202884241147329,"longitude":111.48650194858813}},{"type":"Feature","geometry":{"type":"Polygon","coordinates":[[[111.49,0.08],[111.487,0.0815],[111.483,0.0845],[111.482,0.0835],[111.482,0.0825],[111.476,0.08],[111.4715,0.0765],[111.4635,0.073],[111.444,0.0675],[111.4415,0.0615],[111.4415,0.0525],[111.459,0.061],[111.4765,0.06],[111.4815,0.061],[111.4815,0.062],[111.4865,0.0715],[111.49,0.08]]]},"properties":{"code":"61.05.01.1002","name":"Kapuas Kanan Hulu","latitude":0.06799195193530007,"longitude":111.46657681752501}},{"type":"Feature","geometry":{"type":"Polygon","coordinates":[[[111.519,0.0775],[111.5195,0.0785],[111.5145,0.09],[111.512,0.089],[111.506,0.0845],[111.49,0.08],[111.4885,0.076],[111.519,0.0775]]]},"properties":{"code":"61.05.01.1003","name":"Tanjung Puri","latitude":0.0807963078567568,"longitude":111.50704218415913}},{"type":"Feature","geometry":{"type":"Polygon","coordinates":[[[111.482,0.085],[111.4765,0.088],[111.475,0.0885],[111.472,0.084],[111.4365,0.0755],[111.434,0.0685],[111.4415,0.0615],[111.444,0.0675],[111.4635,0.073],[111.4715,0.0765],[111.476,0.08],[111.482,0.0825],[111.482,0.0835],[111.483,0.0845],[111.482,0.085]]]},"properties":{"code":"61.05.01.1004","name":"Kapuas Kanan Hilir","latitude":0.07562768894635678,"longitude":111.45651984221898}},{"type":"Feature","geometry":{"type":"Polygon","coordinates":[[[111.45,0.149],[111.4455,0.149],[111.462,0.113],[111.482,0.092],[111.482,0.085],[111.4835,0.0845],[111.487,0.0815],[111.49,0.08],[111.49,0.0955],[111.482,0.111],[111.468,0.145],[111.459,0.148],[111.45,0.149]]]},"properties":{"code":"61.05.01.1005","name":"Kapuas Kiri Hilir","latitude":0.11960420962007215,"longitude":111.46960779490124}},{"type":"Feature","geometry":{"type":"Polygon","coordinates":[[[111.4975,0.1345],[111.495,0.134],[111.4725,0.143],[111.468,0.145],[111.478,0.121],[111.503,0.113],[111.5175,0.0925],[111.5205,0.0965],[111.523,0.1005],[111.5235,0.105],[111.5195,0.115],[111.4995,0.129],[111.4975,0.1325],[111.497,0.1335],[111.4975,0.1345]]]},"properties":{"code":"61.05.01.1006","name":"Kapuas Kiri Hulu","latitude":0.12056274357212923,"longitude":111.49754539160931}},{"type":"Feature","geometry":{"type":"Polygon","coordinates":[[[111.548,0.066],[111.5465,0.0765],[111.538,0.082],[111.535,0.0945],[111.534,0.096],[111.5235,0.091],[111.52,0.092],[111.52,0.093],[111.519,0.0945],[111.5175,0.0925],[111.5145,0.09],[111.5195,0.0785],[111.5185,0.074],[111.5165,0.0745],[111.5175,0.0735],[111.518,0.072],[111.519,0.0675],[111.546,0.065],[111.548,0.066]]]},"properties":{"code":"61.05.01.1016","name":"Akcaya","latitude":0.07934602343741119,"longitude":111.53095653589678}},{"type":"Feature","geometry":{"type":"Polygon","coordinates":[[[111.519,0.0775],[111.4885,0.076],[111.4875,0.0735],[111.493,0.0625],[111.494,0.0635],[111.4965,0.0695],[111.5165,0.0745],[111.5185,0.074],[111.519,0.0775]]]},"properties":{"code":"61.05.01.1017","name":"Alai","latitude":0.07240701415277198,"longitude":111.49981756334996}},{"type":"Feature","geometry":{"type":"Polygon","coordinates":[[[111.4815,0.061],[111.4765,0.06],[111.459,0.061],[111.4415,0.0525],[111.4325,0.043],[111.459,0.0275],[111.468,0.0405],[111.483,0.0395],[111.4925,0.033],[111.489,0.0445],[111.489,0.046],[111.4885,0.053],[111.4815,0.06],[111.4815,0.061]]]},"properties":{"code":"61.05.01.1018","name":"Rawa Mambok","latitude":0.04663095800427567,"longitude":111.46326386148282}},{"type":"Feature","geometry":{"type":"Polygon","coordinates":[[[111.505,0.0215],[111.5055,0.0335],[111.5135,0.0595],[111.4885,0.053],[111.489,0.046],[111.489,0.0445],[111.4925,0.033],[111.505,0.0215]]]},"properties":{"code":"61.05.01.1019","name":"Sengkuang","latitude":0.04297919659763629,"longitude":111.5002742959884}},{"type":"Feature","geometry":{"type":"Polygon","coordinates":[[[111.475,0.0885],[111.4675,0.0915],[111.4505,0.098],[111.449,0.088],[111.439,0.0825],[111.4365,0.0755],[111.472,0.084],[111.475,0.0885]]]},"properties":{"code":"61.05.01.1020","name":"Mengkurai","latitude":0.08574695884740421,"longitude":111.45519772604707}},{"type":"Feature","geometry":{"type":"Polygon","coordinates":[[[111.4505,0.098],[111.4265,0.1225],[111.4205,0.117],[111.43,0.106],[111.4275,0.094],[111.4065,0.078],[111.414,0.0695],[111.414,0.07],[111.417,0.073],[111.434,0.0685],[111.439,0.0825],[111.449,0.088],[111.4505,0.098]]]},"properties":{"code":"61.05.01.1021","name":"Kedabang","latitude":0.09059325891511684,"longitude":111.43069651802917}},{"type":"Feature","geometry":{"type":"Polygon","coordinates":[[[111.482,0.085],[111.482,0.092],[111.462,0.113],[111.4455,0.149],[111.445,0.148],[111.4455,0.1445],[111.4455,0.142],[111.438,0.1265],[111.434,0.125],[111.4275,0.1235],[111.4265,0.1225],[111.4505,0.098],[111.4675,0.0915],[111.4765,0.088],[111.482,0.085]]]},"properties":{"code":"61.05.01.1022","name":"Mekar Jaya","latitude":0.11250672936135865,"longitude":111.45282098816334}},{"type":"Feature","geometry":{"type":"Polygon","coordinates":[[[111.4065,0.078],[111.4275,0.094],[111.43,0.106],[111.4205,0.117],[111.413,0.1155],[111.392,0.097],[111.395,0.0925],[111.3995,0.0855],[111.4065,0.078]]]},"properties":{"code":"61.05.01.1023","name":"Batu Lalau","latitude":0.09815991782656522,"longitude":111.41207933815323}},{"type":"Feature","geometry":{"type":"Polygon","coordinates":[[[111.489,0.1175],[111.478,0.121],[111.482,0.111],[111.49,0.0955],[111.49,0.08],[111.506,0.0845],[111.489,0.1175]]]},"properties":{"code":"61.05.01.1024","name":"Menyumbung Tengah","latitude":0.09914302527868482,"longitude":111.4923192174793}},{"type":"Feature","geometry":{"type":"Polygon","coordinates":[[[111.5175,0.0925],[111.503,0.113],[111.489,0.1175],[111.506,0.0845],[111.512,0.089],[111.5175,0.0925]]]},"properties":{"code":"61.05.01.1025","name":"Ulak Jaya","latitude":0.10089840301144665,"longitude":111.50387606835984}},{"type":"Feature","geometry":{"type":"Polygon","coordinates":[[[111.5165,0.0745],[111.4965,0.0695],[111.494,0.0635],[111.4895,0.059],[111.4885,0.053],[111.5135,0.0595],[111.516,0.0595],[111.514,0.0685],[111.516,0.069],[111.518,0.0715],[111.5175,0.0735],[111.5165,0.0745]]]},"properties":{"code":"61.05.01.2007","name":"Baning Kota","latitude":0.06406494478711053,"longitude":111.50388473847977}},{"type":"Feature","geometry":{"type":"Polygon","coordinates":[[[111.5545,0.058],[111.553,0.0585],[111.548,0.066],[111.546,0.065],[111.535,0.052],[111.5325,0.041],[111.5415,0.01],[111.557,0.01],[111.557,0.0295],[111.5545,0.058]]]},"properties":{"code":"61.05.01.2008","name":"Tertung","latitude":0.0355839063365508,"longitude":111.54582292993587}},{"type":"Feature","geometry":{"type":"Polygon","coordinates":[[[111.6165,0.006],[111.6175,0.01],[111.6185,0.0165],[111.6065,0.0105],[111.591,0.0095],[111.5795,-0.0035],[111.578,-0.021],[111.5805,-0.035],[111.5975,-0.0355],[111.6105,-0.025],[111.6105,-0.0175],[111.6105,0.0015],[111.6165,0.006]]]},"properties":{"code":"61.05.01.2009","name":"Mungguk Bantok","latitude":-0.01198667073580901,"longitude":111.59625989806757}},{"type":"Feature","geometry":{"type":"Polygon","coordinates":[[[111.411,0.1625],[111.386,0.163],[111.3765,0.157],[111.3765,0.1475],[111.3735,0.135],[111.374,0.1285],[111.377,0.1285],[111.3785,0.129],[111.38,0.1325],[111.386,0.134],[111.401,0.134],[111.4205,0.117],[111.4275,0.1235],[111.434,0.125],[111.438,0.1265],[111.4455,0.142],[111.4455,0.1445],[111.445,0.148],[111.4455,0.149],[111.45,0.149],[111.45,0.1625],[111.411,0.1625]]]},"properties":{"code":"61.05.01.2010","name":"Teluk Kelansam","latitude":0.14484474767974428,"longitude":111.4131914832207}},{"type":"Feature","geometry":{"type":"Polygon","coordinates":[[[111.546,0.065],[111.519,0.0675],[111.518,0.0715],[111.516,0.069],[111.514,0.0685],[111.516,0.0595],[111.5325,0.041],[111.535,0.052],[111.546,0.065]]]},"properties":{"code":"61.05.01.2011","name":"Sungai Ana","latitude":0.05962152930755319,"longitude":111.5291400987251}},{"type":"Feature","geometry":{"type":"Polygon","coordinates":[[[111.4925,0.033],[111.483,0.0395],[111.468,0.0405],[111.459,0.0275],[111.4825,0.017],[111.4885,0.0145],[111.492,0.0075],[111.5045,0.0025],[111.505,0.0215],[111.4925,0.033]]]},"properties":{"code":"61.05.01.2012","name":"Merti Guna","latitude":0.024367073242070398,"longitude":111.48469039829799}},{"type":"Feature","geometry":{"type":"Polygon","coordinates":[[[111.4205,0.117],[111.401,0.134],[111.386,0.134],[111.38,0.1325],[111.3785,0.129],[111.377,0.1285],[111.374,0.1285],[111.3755,0.1245],[111.379,0.1085],[111.3885,0.1],[111.392,0.097],[111.413,0.1155],[111.4205,0.117]]]},"properties":{"code":"61.05.01.2013","name":"Tanjung Kelansam","latitude":0.11816118686619168,"longitude":111.39394295927663}},{"type":"Feature","geometry":{"type":"Polygon","coordinates":[[[111.434,0.0685],[111.417,0.073],[111.414,0.07],[111.414,0.0695],[111.422,0.061],[111.418,0.0555],[111.4325,0.043],[111.4415,0.0525],[111.4415,0.0615],[111.434,0.0685]]]},"properties":{"code":"61.05.01.2014","name":"Anggah Jaya","latitude":0.059131442223362245,"longitude":111.42905613422941}},{"type":"Feature","geometry":{"type":"Polygon","coordinates":[[[111.516,0.0595],[111.5135,0.0595],[111.5055,0.0335],[111.505,0.0215],[111.5045,0.0025],[111.5165,-0.0025],[111.546,-0.0265],[111.547,-0.027],[111.5525,-0.0235],[111.554,-0.0225],[111.554,-0.0175],[111.5415,0.01],[111.5325,0.041],[111.516,0.0595]]]},"properties":{"code":"61.05.01.2015","name":"Lalang Baru","latitude":0.015323528788873815,"longitude":111.52573518430646}},{"type":"Feature","geometry":{"type":"Polygon","coordinates":[[[111.591,0.0095],[111.574,0.0245],[111.557,0.0295],[111.557,0.01],[111.5415,0.01],[111.554,-0.0175],[111.554,-0.0225],[111.5525,-0.0235],[111.547,-0.027],[111.556,-0.0335],[111.5805,-0.035],[111.578,-0.021],[111.5795,-0.0035],[111.591,0.0095]]]},"properties":{"code":"61.05.01.2026","name":"Tebing Raya","latitude":-0.0036344027549343166,"longitude":111.56625772935033}},{"type":"Feature","geometry":{"type":"Polygon","coordinates":[[[111.5895,0.0605],[111.5795,0.053],[111.56,0.062],[111.5555,0.0575],[111.5545,0.058],[111.557,0.0295],[111.574,0.0245],[111.591,0.0095],[111.6065,0.0105],[111.6185,0.0165],[111.62,0.026],[111.623,0.028],[111.623,0.053],[111.601,0.053],[111.5895,0.0605]]]},"properties":{"code":"61.05.01.2027","name":"Mail Jampong","latitude":0.03628964875861157,"longitude":111.59045013947106}},{"type":"Feature","geometry":{"type":"Polygon","coordinates":[[[111.588,0.1055],[111.575,0.111],[111.5695,0.1055],[111.5425,0.106],[111.5375,0.104],[111.523,0.1035],[111.523,0.1005],[111.5205,0.0965],[111.519,0.0945],[111.52,0.093],[111.52,0.092],[111.5235,0.091],[111.534,0.096],[111.535,0.0945],[111.538,0.082],[111.5465,0.0765],[111.548,0.066],[111.553,0.0585],[111.5555,0.0575],[111.56,0.062],[111.5795,0.053],[111.5895,0.0605],[111.581,0.067],[111.587,0.083],[111.588,0.1055]]]},"properties":{"code":"61.05.01.2028","name":"Jerora Satu","latitude":0.08471459812367584,"longitude":111.56285159773367}},{"type":"Feature","geometry":{"type":"Polygon","coordinates":[[[111.57,0.1385],[111.559,0.1385],[111.538,0.13],[111.524,0.13],[111.5065,0.1355],[111.5035,0.135],[111.498,0.135],[111.4975,0.1345],[111.497,0.1335],[111.4975,0.1325],[111.4995,0.129],[111.5195,0.115],[111.5235,0.105],[111.523,0.1035],[111.5375,0.104],[111.5425,0.106],[111.5695,0.1055],[111.575,0.111],[111.588,0.1055],[111.588,0.115],[111.579,0.131],[111.571,0.137],[111.5705,0.1365],[111.5695,0.137],[111.57,0.1385]]]},"properties":{"code":"61.05.01.2029","name":"Kebiau Baru","latitude":0.120893583144665,"longitude":111.54764373125414}},{"type":"Feature","geometry":{"type":"Polygon","coordinates":[[[111.3995,0.0855],[111.384,0.085],[111.375,0.0875],[111.371,0.051],[111.3785,0.05],[111.379,0.0465],[111.376,0.045],[111.387,0.0325],[111.384,0.029],[111.3845,0.028],[111.3915,0.0185],[111.3925,0.0175],[111.395,0.0175],[111.4,0.013],[111.4015,0.0135],[111.4055,0.013],[111.419,0.0125],[111.423,0.0265],[111.4325,0.043],[111.418,0.0555],[111.422,0.061],[111.3995,0.0855]]]},"properties":{"code":"61.05.02.2001","name":"Nanga Tempunak","latitude":0.049809532940616096,"longitude":111.39937670038636}},{"type":"Feature","geometry":{"type":"Polygon","coordinates":[[[111.332,0.1765],[111.3225,0.171],[111.322,0.1685],[111.32,0.1555],[111.3245,0.131],[111.3485,0.113],[111.3465,0.1055],[111.3615,0.099],[111.375,0.0875],[111.384,0.085],[111.3995,0.0855],[111.395,0.0925],[111.3885,0.1],[111.379,0.1085],[111.3755,0.1245],[111.3745,0.128],[111.3735,0.135],[111.3765,0.1475],[111.377,0.1615],[111.376,0.17],[111.3485,0.168],[111.332,0.1765]]]},"properties":{"code":"61.05.02.2002","name":"Mensiap Baru","latitude":0.13501954436033994,"longitude":111.35443499224691}},{"type":"Feature","geometry":{"type":"Polygon","coordinates":[[[111.3285,0.077],[111.3195,0.0765],[111.3195,0.079],[111.3185,0.0815],[111.317,0.0845],[111.3145,0.087],[111.3135,0.089],[111.3115,0.095],[111.311,0.0965],[111.311,0.0995],[111.3115,0.1015],[111.313,0.1035],[111.3225,0.11],[111.3215,0.128],[111.314,0.1205],[111.307,0.1105],[111.2995,0.0845],[111.297,0.058],[111.2845,0.0645],[111.2435,0.0545],[111.263,0.042],[111.27,0.0345],[111.2685,0.016],[111.2715,0.016],[111.288,0.0195],[111.3,0.005],[111.321,0.009],[111.3285,0.0185],[111.3285,0.0365],[111.325,0.0575],[111.3285,0.077]]]},"properties":{"code":"61.05.02.2003","name":"Tanjung Perada","latitude":0.048754786937469,"longitude":111.29938927218005}},{"type":"Feature","geometry":{"type":"Polygon","coordinates":[[[111.419,0.0125],[111.4055,0.013],[111.4015,0.0135],[111.4,0.013],[111.395,0.0175],[111.3925,0.0175],[111.392,0.018],[111.382,0.0135],[111.3545,-0.0175],[111.343,-0.0195],[111.3285,-0.0115],[111.321,0.009],[111.3,0.005],[111.3075,-0.0085],[111.307,-0.0385],[111.307,-0.04],[111.3105,-0.04],[111.3125,-0.041],[111.322,-0.0415],[111.3275,-0.0425],[111.3335,-0.053],[111.3495,-0.0505],[111.351,-0.0695],[111.346,-0.0785],[111.344,-0.102],[111.3755,-0.1015],[111.4005,-0.096],[111.4,-0.0915],[111.3995,-0.0735],[111.405,-0.0515],[111.408,-0.049],[111.412,-0.0385],[111.4075,-0.027],[111.416,0.0055],[111.419,0.0125]]]},"properties":{"code":"61.05.02.2004","name":"Suka Jaya","latitude":-0.04061213640368784,"longitude":111.3682667172444}},{"type":"Feature","geometry":{"type":"Polygon","coordinates":[[[111.2875,-0.087],[111.277,-0.081],[111.2585,-0.0885],[111.266,-0.108],[111.28,-0.1185],[111.289,-0.119],[111.2935,-0.118],[111.296,-0.1055],[111.2875,-0.087]]]},"properties":{"code":"61.05.02.2005","name":"Mangkurat Baru","latitude":-0.10021081315094818,"longitude":111.27815015292242}},{"type":"Feature","geometry":{"type":"Polygon","coordinates":[[[111.344,-0.102],[111.346,-0.0785],[111.351,-0.0695],[111.3495,-0.0505],[111.3335,-0.053],[111.3275,-0.0425],[111.322,-0.0415],[111.3125,-0.041],[111.3105,-0.04],[111.307,-0.04],[111.306,-0.0525],[111.297,-0.078],[111.2875,-0.087],[111.296,-0.1055],[111.3225,-0.1055],[111.337,-0.1045],[111.344,-0.102]]]},"properties":{"code":"61.05.02.2006","name":"Paribang Baru","latitude":-0.0765734002659119,"longitude":111.32157665703846}},{"type":"Feature","geometry":{"type":"Polygon","coordinates":[[[111.4005,-0.099],[111.4005,-0.096],[111.3755,-0.1015],[111.344,-0.102],[111.337,-0.1045],[111.334,-0.1045],[111.3335,-0.134],[111.356,-0.1265],[111.3625,-0.1415],[111.382,-0.1405],[111.391,-0.1225],[111.393,-0.107],[111.3955,-0.1015],[111.4005,-0.099]]]},"properties":{"code":"61.05.02.2007","name":"Repak Sari","latitude":-0.11831743889563905,"longitude":111.36473489530167}},{"type":"Feature","geometry":{"type":"Polygon","coordinates":[[[111.43,-0.1185],[111.43,-0.097],[111.4005,-0.099],[111.3955,-0.1015],[111.393,-0.107],[111.391,-0.1225],[111.3975,-0.133],[111.4125,-0.1245],[111.4215,-0.1245],[111.424,-0.122],[111.43,-0.1215],[111.43,-0.1185]]]},"properties":{"code":"61.05.02.2008","name":"Pagal Baru","latitude":-0.11233651450900044,"longitude":111.4105516334781}},{"type":"Feature","geometry":{"type":"Polygon","coordinates":[[[111.428,-0.172],[111.428,-0.157],[111.43,-0.1275],[111.43,-0.1215],[111.424,-0.122],[111.4215,-0.1245],[111.4125,-0.1245],[111.3975,-0.133],[111.391,-0.1225],[111.382,-0.1405],[111.3625,-0.1415],[111.36,-0.142],[111.3585,-0.144],[111.358,-0.1535],[111.3615,-0.156],[111.365,-0.1555],[111.364,-0.1675],[111.379,-0.1735],[111.3825,-0.1835],[111.3965,-0.1945],[111.4045,-0.212],[111.4055,-0.171],[111.4125,-0.1725],[111.425,-0.1725],[111.428,-0.172]]]},"properties":{"code":"61.05.02.2009","name":"Kenyabur Baru","latitude":-0.15639823102494657,"longitude":111.39792410695877}},{"type":"Feature","geometry":{"type":"Polygon","coordinates":[[[111.3625,-0.1415],[111.356,-0.1265],[111.3335,-0.134],[111.3335,-0.138],[111.33,-0.1495],[111.3195,-0.157],[111.319,-0.174],[111.3235,-0.1945],[111.3575,-0.199],[111.354,-0.157],[111.358,-0.1535],[111.3585,-0.144],[111.36,-0.142],[111.3625,-0.1415]]]},"properties":{"code":"61.05.02.2010","name":"Benua Baru","latitude":-0.16443341327327393,"longitude":111.34073437825536}},{"type":"Feature","geometry":{"type":"Polygon","coordinates":[[[111.3335,-0.134],[111.334,-0.1045],[111.3225,-0.1055],[111.296,-0.1055],[111.2935,-0.118],[111.292,-0.118],[111.2945,-0.142],[111.297,-0.1415],[111.313,-0.144],[111.3335,-0.138],[111.3335,-0.134]]]},"properties":{"code":"61.05.02.2011","name":"Tinum Baru","latitude":-0.12415762904892409,"longitude":111.31368399829502}},{"type":"Feature","geometry":{"type":"Polygon","coordinates":[[[111.3235,-0.1945],[111.319,-0.174],[111.3195,-0.157],[111.33,-0.1495],[111.3335,-0.138],[111.313,-0.144],[111.297,-0.1415],[111.289,-0.143],[111.2885,-0.1715],[111.2915,-0.2015],[111.281,-0.21],[111.296,-0.2105],[111.303,-0.197],[111.3235,-0.1945]]]},"properties":{"code":"61.05.02.2012","name":"Pangkal Baru","latitude":-0.17085202695400056,"longitude":111.30500647494402}},{"type":"Feature","geometry":{"type":"Polygon","coordinates":[[[111.3235,-0.1945],[111.303,-0.197],[111.296,-0.2105],[111.281,-0.21],[111.2765,-0.213],[111.266,-0.224],[111.2625,-0.227],[111.2595,-0.231],[111.2485,-0.252],[111.24,-0.2585],[111.2655,-0.2535],[111.28,-0.242],[111.306,-0.234],[111.3175,-0.233],[111.3245,-0.234],[111.3255,-0.2305],[111.33,-0.2145],[111.336,-0.2085],[111.3535,-0.203],[111.3575,-0.199],[111.3235,-0.1945]]]},"properties":{"code":"61.05.02.2013","name":"Pulau Jaya","latitude":-0.22182833626766768,"longitude":111.29833370783054}},{"type":"Feature","geometry":{"type":"Polygon","coordinates":[[[111.3245,-0.234],[111.3175,-0.233],[111.306,-0.234],[111.28,-0.242],[111.2765,-0.245],[111.2935,-0.2655],[111.3125,-0.283],[111.3255,-0.2865],[111.3215,-0.2655],[111.3235,-0.241],[111.3245,-0.234]]]},"properties":{"code":"61.05.02.2014","name":"Kuala Tiga","latitude":-0.25575239819557505,"longitude":111.30606172014565}},{"type":"Feature","geometry":{"type":"Polygon","coordinates":[[[111.3255,-0.2865],[111.3125,-0.283],[111.2935,-0.2655],[111.283,-0.288],[111.265,-0.309],[111.2895,-0.312],[111.3045,-0.3095],[111.32,-0.315],[111.3305,-0.32],[111.324,-0.2975],[111.3255,-0.2865]]]},"properties":{"code":"61.05.02.2015","name":"Gurung Mali","latitude":-0.2965720349629865,"longitude":111.30098915912959}},{"type":"Feature","geometry":{"type":"Polygon","coordinates":[[[111.392,-0.2995],[111.382,-0.28],[111.3815,-0.272],[111.353,-0.2835],[111.3255,-0.2865],[111.324,-0.2975],[111.3385,-0.3045],[111.3635,-0.3105],[111.401,-0.3145],[111.392,-0.2995]]]},"properties":{"code":"61.05.02.2016","name":"Merti Jaya","latitude":-0.295308721202186,"longitude":111.36351105700186}},{"type":"Feature","geometry":{"type":"Polygon","coordinates":[[[111.3305,-0.32],[111.32,-0.315],[111.307,-0.336],[111.292,-0.351],[111.318,-0.3645],[111.326,-0.361],[111.338,-0.3665],[111.343,-0.3745],[111.343,-0.3845],[111.345,-0.389],[111.3455,-0.3885],[111.347,-0.389],[111.357,-0.3815],[111.362,-0.3675],[111.3625,-0.3645],[111.3635,-0.3645],[111.365,-0.3625],[111.381,-0.3525],[111.3915,-0.3495],[111.4065,-0.3565],[111.4065,-0.3325],[111.4055,-0.329],[111.397,-0.333],[111.373,-0.3355],[111.354,-0.331],[111.338,-0.32],[111.3305,-0.32]]]},"properties":{"code":"61.05.02.2017","name":"Benua Kencana","latitude":-0.3469164514867044,"longitude":111.34838464190163}},{"type":"Feature","geometry":{"type":"Polygon","coordinates":[[[111.3845,0.028],[111.3505,0.035],[111.3285,0.0365],[111.3285,0.0185],[111.321,0.009],[111.3285,-0.0115],[111.343,-0.0195],[111.3545,-0.0175],[111.382,0.0135],[111.392,0.018],[111.3915,0.0185],[111.3845,0.028]]]},"properties":{"code":"61.05.02.2018","name":"Balai Harapan","latitude":0.010981885412198912,"longitude":111.35139696333543}},{"type":"Feature","geometry":{"type":"Polygon","coordinates":[[[111.3845,0.028],[111.384,0.029],[111.387,0.0325],[111.376,0.045],[111.379,0.0465],[111.3785,0.05],[111.371,0.051],[111.375,0.0875],[111.3445,0.0765],[111.3285,0.077],[111.325,0.0575],[111.3285,0.0365],[111.3505,0.035],[111.3845,0.028]]]},"properties":{"code":"61.05.02.2019","name":"Tempunak Kapuas","latitude":0.05594352923179337,"longitude":111.35332765886635}},{"type":"Feature","geometry":{"type":"Polygon","coordinates":[[[111.345,-0.389],[111.343,-0.3845],[111.343,-0.3745],[111.338,-0.3665],[111.326,-0.361],[111.318,-0.3645],[111.292,-0.351],[111.2865,-0.3565],[111.266,-0.36],[111.245,-0.3545],[111.2475,-0.3625],[111.2495,-0.372],[111.254,-0.3815],[111.2705,-0.3895],[111.286,-0.405],[111.298,-0.422],[111.31,-0.4155],[111.311,-0.415],[111.312,-0.4145],[111.3105,-0.405],[111.339,-0.3875],[111.341,-0.3895],[111.3425,-0.391],[111.345,-0.389]]]},"properties":{"code":"61.05.02.2020","name":"Riam Batu","latitude":-0.380731526535021,"longitude":111.29649649979781}},{"type":"Feature","geometry":{"type":"Polygon","coordinates":[[[111.4045,-0.212],[111.3965,-0.1945],[111.3825,-0.1835],[111.379,-0.1735],[111.364,-0.1675],[111.365,-0.1555],[111.3615,-0.156],[111.358,-0.1535],[111.354,-0.157],[111.3575,-0.199],[111.3535,-0.203],[111.3595,-0.205],[111.368,-0.2185],[111.375,-0.2375],[111.394,-0.2525],[111.3975,-0.248],[111.4025,-0.2415],[111.4045,-0.212]]]},"properties":{"code":"61.05.02.2021","name":"Pudau Bersatu","latitude":-0.20654563292661157,"longitude":111.3795414936808}},{"type":"Feature","geometry":{"type":"Polygon","coordinates":[[[111.394,-0.2525],[111.375,-0.2375],[111.368,-0.2185],[111.3595,-0.205],[111.3535,-0.203],[111.336,-0.2085],[111.33,-0.2145],[111.3255,-0.2305],[111.3235,-0.241],[111.3215,-0.2655],[111.3255,-0.2865],[111.353,-0.2835],[111.3815,-0.272],[111.387,-0.2625],[111.394,-0.2525]]]},"properties":{"code":"61.05.02.2022","name":"Kupan Jaya","latitude":-0.24818757169699168,"longitude":111.35155077580795}},{"type":"Feature","geometry":{"type":"Polygon","coordinates":[[[111.2935,-0.2655],[111.2765,-0.245],[111.2655,-0.2535],[111.24,-0.2585],[111.232,-0.2635],[111.224,-0.2845],[111.2225,-0.2965],[111.223,-0.301],[111.247,-0.315],[111.265,-0.309],[111.283,-0.288],[111.2935,-0.2655]]]},"properties":{"code":"61.05.02.2023","name":"Sungai Buluh","latitude":-0.2813091092044144,"longitude":111.25645247933886}},{"type":"Feature","geometry":{"type":"Polygon","coordinates":[[[111.265,-0.309],[111.247,-0.315],[111.223,-0.301],[111.2235,-0.304],[111.225,-0.311],[111.234,-0.334],[111.2435,-0.3495],[111.245,-0.3545],[111.266,-0.36],[111.2865,-0.3565],[111.292,-0.351],[111.307,-0.336],[111.32,-0.315],[111.3045,-0.3095],[111.2895,-0.312],[111.265,-0.309]]]},"properties":{"code":"61.05.02.2024","name":"Jaya Mentari","latitude":-0.33140509003025287,"longitude":111.27115671393489}},{"type":"Feature","geometry":{"type":"Polygon","coordinates":[[[111.401,-0.3145],[111.3635,-0.3105],[111.3385,-0.3045],[111.324,-0.2975],[111.3305,-0.32],[111.338,-0.32],[111.354,-0.331],[111.373,-0.3355],[111.397,-0.333],[111.4055,-0.329],[111.401,-0.3145]]]},"properties":{"code":"61.05.02.2025","name":"Pekulai Bersatu","latitude":-0.3200183482362571,"longitude":111.36690209831825}},{"type":"Feature","geometry":{"type":"Polygon","coordinates":[[[111.375,0.0875],[111.3615,0.099],[111.3465,0.1055],[111.3485,0.113],[111.3245,0.131],[111.3215,0.128],[111.3225,0.11],[111.313,0.1035],[111.312,0.1015],[111.3115,0.1],[111.311,0.098],[111.311,0.0965],[111.3115,0.0955],[111.313,0.09],[111.3145,0.0875],[111.317,0.0845],[111.3175,0.0835],[111.319,0.079],[111.3195,0.078],[111.3195,0.0765],[111.3285,0.077],[111.3445,0.0765],[111.375,0.0875]]]},"properties":{"code":"61.05.02.2026","name":"Mensiap Jaya","latitude":0.09700940248676054,"longitude":111.33720936962783}},{"type":"Feature","geometry":{"type":"Polygon","coordinates":[[[111.2005,0.075],[111.198,0.075],[111.1795,0.0775],[111.165,0.098],[111.162,0.101],[111.1635,0.088],[111.1705,0.0615],[111.17,0.049],[111.162,0.0395],[111.167,0.0375],[111.2085,0.0505],[111.2005,0.075]]]},"properties":{"code":"61.05.03.2001","name":"Nanga Sepauk","latitude":0.0624920984328126,"longitude":111.18271733905556}},{"type":"Feature","geometry":{"type":"Polygon","coordinates":[[[111.2175,0.063],[111.2165,0.0625],[111.2135,0.0615],[111.202,0.0745],[111.2005,0.075],[111.2085,0.0505],[111.226,0.0425],[111.226,0.0535],[111.2175,0.063]]]},"properties":{"code":"61.05.03.2002","name":"Tanjung Ria","latitude":0.05641225191568677,"longitude":111.21414604591047}},{"type":"Feature","geometry":{"type":"Polygon","coordinates":[[[111.1415,-0.1815],[111.1415,-0.164],[111.1245,-0.1685],[111.1125,-0.1805],[111.0885,-0.185],[111.086,-0.1885],[111.0835,-0.196],[111.09,-0.2305],[111.0875,-0.251],[111.0845,-0.257],[111.0795,-0.263],[111.0785,-0.2635],[111.0805,-0.2645],[111.082,-0.266],[111.086,-0.2665],[111.087,-0.269],[111.111,-0.2785],[111.13,-0.2935],[111.131,-0.278],[111.133,-0.273],[111.1405,-0.268],[111.141,-0.2665],[111.142,-0.2645],[111.143,-0.2625],[111.1465,-0.2615],[111.159,-0.259],[111.1675,-0.2495],[111.1615,-0.2395],[111.146,-0.237],[111.145,-0.225],[111.1255,-0.216],[111.126,-0.196],[111.137,-0.1965],[111.1415,-0.1815]]]},"properties":{"code":"61.05.03.2003","name":"Sekubang","latitude":-0.23004843795487132,"longitude":111.1174621442355}},{"type":"Feature","geometry":{"type":"Polygon","coordinates":[[[111.162,0.101],[111.1575,0.102],[111.148,0.101],[111.1225,0.085],[111.1325,0.0705],[111.133,0.062],[111.1455,0.0565],[111.1625,0.056],[111.1705,0.0615],[111.1635,0.088],[111.162,0.101]]]},"properties":{"code":"61.05.03.2004","name":"Kenyauk","latitude":0.07749501072165112,"longitude":111.14884751708033}},{"type":"Feature","geometry":{"type":"Polygon","coordinates":[[[111.24,0.028],[111.238,0.029],[111.226,0.0425],[111.222,0.0305],[111.207,0.013],[111.203,0.015],[111.193,0.01],[111.1955,0.004],[111.195,0.002],[111.1915,-0.0045],[111.196,-0.0135],[111.209,-0.0315],[111.213,-0.034],[111.2255,-0.0315],[111.2435,-0.03],[111.226,-0.018],[111.2225,-0.007],[111.24,0.018],[111.24,0.028]]]},"properties":{"code":"61.05.03.2005","name":"Lengkenat","latitude":-0.0006247731457367575,"longitude":111.21682887028909}},{"type":"Feature","geometry":{"type":"Polygon","coordinates":[[[111.193,-0.007],[111.1925,-0.007],[111.1915,-0.0075],[111.191,-0.0085],[111.183,-0.0075],[111.173,-0.01],[111.154,-0.0105],[111.1435,-0.017],[111.143,-0.022],[111.141,-0.034],[111.1415,-0.0435],[111.141,-0.0505],[111.141,-0.052],[111.156,-0.0545],[111.1745,-0.0505],[111.1955,-0.039],[111.2055,-0.036],[111.21,-0.0325],[111.209,-0.0315],[111.196,-0.0135],[111.193,-0.007]]]},"properties":{"code":"61.05.03.2006","name":"Manis Raya","latitude":-0.030188711178471366,"longitude":111.16996064125384}},{"type":"Feature","geometry":{"type":"Polygon","coordinates":[[[111.281,0.1325],[111.273,0.133],[111.263,0.131],[111.2585,0.13],[111.2425,0.126],[111.242,0.1245],[111.235,0.1175],[111.2305,0.102],[111.2255,0.081],[111.225,0.077],[111.224,0.074],[111.2435,0.0545],[111.2845,0.0645],[111.278,0.074],[111.278,0.084],[111.2885,0.102],[111.29,0.119],[111.281,0.1325]]]},"properties":{"code":"61.05.03.2007","name":"Temiang Kapuas","latitude":0.09466908799869558,"longitude":111.25751633223956}},{"type":"Feature","geometry":{"type":"Polygon","coordinates":[[[111.341,0.272],[111.331,0.2795],[111.312,0.282],[111.2895,0.266],[111.2735,0.244],[111.2705,0.2345],[111.2725,0.233],[111.27,0.231],[111.265,0.229],[111.2655,0.216],[111.2725,0.197],[111.298,0.205],[111.3225,0.224],[111.3315,0.2265],[111.3545,0.2225],[111.369,0.234],[111.371,0.245],[111.341,0.272]]]},"properties":{"code":"61.05.03.2008","name":"Ensabang","latitude":0.2416065576381648,"longitude":111.31341942381047}},{"type":"Feature","geometry":{"type":"Polygon","coordinates":[[[111.2625,-0.038],[111.2435,-0.03],[111.2465,-0.0415],[111.2465,-0.063],[111.252,-0.0805],[111.2505,-0.1125],[111.26,-0.14],[111.287,-0.143],[111.2945,-0.142],[111.292,-0.118],[111.289,-0.119],[111.28,-0.1185],[111.266,-0.108],[111.2585,-0.0885],[111.277,-0.081],[111.2875,-0.087],[111.297,-0.078],[111.306,-0.0525],[111.3065,-0.046],[111.284,-0.0445],[111.269,-0.053],[111.2625,-0.038]]]},"properties":{"code":"61.05.03.2009","name":"Mait Hilir","latitude":-0.08396213751833716,"longitude":111.27194341554339}},{"type":"Feature","geometry":{"type":"Polygon","coordinates":[[[111.2335,-0.1405],[111.2205,-0.134],[111.2065,-0.1375],[111.1945,-0.132],[111.182,-0.135],[111.1825,-0.1355],[111.1715,-0.148],[111.1855,-0.165],[111.2155,-0.179],[111.223,-0.1785],[111.24,-0.1705],[111.235,-0.1565],[111.2335,-0.1405]]]},"properties":{"code":"61.05.03.2010","name":"Sekujam Timbai","latitude":-0.1545602102652788,"longitude":111.20808329505464}},{"type":"Feature","geometry":{"type":"Polygon","coordinates":[[[111.281,-0.21],[111.273,-0.194],[111.2695,-0.1675],[111.262,-0.1545],[111.26,-0.14],[111.2335,-0.1405],[111.235,-0.1565],[111.24,-0.1705],[111.254,-0.181],[111.2675,-0.203],[111.2665,-0.216],[111.2685,-0.221],[111.2765,-0.213],[111.281,-0.21]]]},"properties":{"code":"61.05.03.2011","name":"Semuntai","latitude":-0.17068059094278903,"longitude":111.25678001155309}},{"type":"Feature","geometry":{"type":"Polygon","coordinates":[[[111.223,-0.0395],[111.2255,-0.0315],[111.213,-0.034],[111.21,-0.0325],[111.2035,-0.0385],[111.197,-0.0565],[111.182,-0.0705],[111.1585,-0.0725],[111.138,-0.0685],[111.1375,-0.0705],[111.1365,-0.0935],[111.1365,-0.099],[111.1735,-0.1],[111.174,-0.104],[111.2075,-0.1035],[111.2015,-0.0855],[111.2,-0.066],[111.223,-0.0395]]]},"properties":{"code":"61.05.03.2012","name":"Sirang Setambang","latitude":-0.0783084788723325,"longitude":111.17851368448262}},{"type":"Feature","geometry":{"type":"Polygon","coordinates":[[[111.1715,-0.148],[111.15,-0.144],[111.13,-0.1225],[111.128,-0.126],[111.123,-0.133],[111.093,-0.1405],[111.09,-0.1425],[111.0885,-0.144],[111.0875,-0.1465],[111.092,-0.1695],[111.092,-0.1755],[111.091,-0.1815],[111.0885,-0.185],[111.1125,-0.1805],[111.1245,-0.1685],[111.1415,-0.164],[111.1415,-0.1815],[111.163,-0.188],[111.175,-0.187],[111.181,-0.194],[111.187,-0.179],[111.1855,-0.165],[111.1715,-0.148]]]},"properties":{"code":"61.05.03.2013","name":"Nanga Libau","latitude":-0.1601140055645175,"longitude":111.13541265014368}},{"type":"Feature","geometry":{"type":"Polygon","coordinates":[[[111.2155,-0.4015],[111.2015,-0.378],[111.1905,-0.3695],[111.183,-0.354],[111.1645,-0.3315],[111.155,-0.3235],[111.141,-0.3245],[111.129,-0.3155],[111.1325,-0.3235],[111.1315,-0.326],[111.1275,-0.334],[111.126,-0.3335],[111.1225,-0.332],[111.1225,-0.3345],[111.126,-0.3555],[111.1045,-0.375],[111.1025,-0.3875],[111.105,-0.389],[111.104,-0.3915],[111.1235,-0.4015],[111.1625,-0.3915],[111.195,-0.401],[111.2155,-0.4015]]]},"properties":{"code":"61.05.03.2014","name":"Bernayau","latitude":-0.3675516207265994,"longitude":111.15315608132482}},{"type":"Feature","geometry":{"type":"Polygon","coordinates":[[[111.121,-0.332],[111.11,-0.316],[111.093,-0.316],[111.09,-0.3145],[111.086,-0.314],[111.0835,-0.3125],[111.0635,-0.303],[111.064,-0.304],[111.063,-0.3045],[111.0625,-0.3045],[111.0615,-0.3035],[111.063,-0.307],[111.069,-0.3095],[111.06,-0.33],[111.0725,-0.3445],[111.065,-0.355],[111.0745,-0.3695],[111.0685,-0.3785],[111.0695,-0.3885],[111.079,-0.402],[111.079,-0.4155],[111.104,-0.402],[111.104,-0.3915],[111.105,-0.389],[111.1025,-0.3875],[111.1045,-0.375],[111.126,-0.3555],[111.1225,-0.3345],[111.121,-0.332]]]},"properties":{"code":"61.05.03.2015","name":"Sinar Pekayau","latitude":-0.3540583325596156,"longitude":111.09126728525557}},{"type":"Feature","geometry":{"type":"Polygon","coordinates":[[[111.104,-0.3915],[111.104,-0.402],[111.079,-0.4155],[111.072,-0.4355],[111.0535,-0.444],[111.0555,-0.4465],[111.0735,-0.4555],[111.0805,-0.475],[111.09,-0.488],[111.091,-0.4965],[111.0935,-0.496],[111.104,-0.488],[111.11,-0.472],[111.1345,-0.4665],[111.151,-0.4595],[111.154,-0.453],[111.172,-0.445],[111.195,-0.43],[111.1925,-0.4135],[111.195,-0.401],[111.1625,-0.3915],[111.1235,-0.4015],[111.104,-0.3915]]]},"properties":{"code":"61.05.03.2016","name":"Nanga Pari","latitude":-0.4335911266098837,"longitude":111.12689121916281}},{"type":"Feature","geometry":{"type":"Polygon","coordinates":[[[111.138,-0.0685],[111.1585,-0.0725],[111.182,-0.0705],[111.197,-0.0565],[111.2035,-0.0385],[111.2055,-0.036],[111.1955,-0.039],[111.1745,-0.0505],[111.156,-0.0545],[111.141,-0.052],[111.141,-0.0525],[111.139,-0.0635],[111.138,-0.0685]]]},"properties":{"code":"61.05.03.2017","name":"Buluh Kuning","latitude":-0.05856289555377144,"longitude":111.17130375871251}},{"type":"Feature","geometry":{"type":"Polygon","coordinates":[[[111.2255,-0.107],[111.2285,-0.0895],[111.2215,-0.0705],[111.2285,-0.053],[111.223,-0.0395],[111.2,-0.066],[111.2015,-0.0855],[111.2075,-0.1035],[111.2255,-0.107]]]},"properties":{"code":"61.05.03.2018","name":"Temawang Muntai","latitude":-0.0764171158533952,"longitude":111.21541859448152}},{"type":"Feature","geometry":{"type":"Polygon","coordinates":[[[111.2075,-0.1035],[111.174,-0.104],[111.188,-0.1095],[111.182,-0.1325],[111.182,-0.135],[111.1945,-0.132],[111.2065,-0.1375],[111.2205,-0.134],[111.2335,-0.1405],[111.2295,-0.113],[111.2255,-0.107],[111.2075,-0.1035]]]},"properties":{"code":"61.05.03.2019","name":"Tawang Sari","latitude":-0.11958318699069037,"longitude":111.20637463789386}},{"type":"Feature","geometry":{"type":"Polygon","coordinates":[[[111.2685,0.016],[111.246,0.028],[111.24,0.028],[111.24,0.018],[111.2225,-0.007],[111.226,-0.018],[111.2435,-0.03],[111.2625,-0.038],[111.267,-0.039],[111.269,-0.038],[111.2745,-0.035],[111.2595,-0.017],[111.26,-0.0035],[111.2715,0.016],[111.2685,0.016]]]},"properties":{"code":"61.05.03.2020","name":"Gernis Jaya","latitude":-0.006291789791146656,"longitude":111.24832766795735}},{"type":"Feature","geometry":{"type":"Polygon","coordinates":[[[111.3,0.005],[111.288,0.0195],[111.2715,0.016],[111.26,-0.0035],[111.2595,-0.017],[111.2745,-0.035],[111.269,-0.038],[111.267,-0.039],[111.2625,-0.038],[111.269,-0.053],[111.284,-0.0445],[111.3065,-0.046],[111.307,-0.0385],[111.3075,-0.0085],[111.3,0.005]]]},"properties":{"code":"61.05.03.2021","name":"Paoh Benua","latitude":-0.016231005564017888,"longitude":111.28447842253716}},{"type":"Feature","geometry":{"type":"Polygon","coordinates":[[[111.174,-0.104],[111.1735,-0.1],[111.1365,-0.099],[111.1355,-0.1055],[111.134,-0.111],[111.13,-0.1225],[111.15,-0.144],[111.1715,-0.148],[111.1825,-0.1355],[111.182,-0.1325],[111.188,-0.1095],[111.174,-0.104]]]},"properties":{"code":"61.05.03.2022","name":"Bedayan","latitude":-0.12177346617807437,"longitude":111.15928156741329}},{"type":"Feature","geometry":{"type":"Polygon","coordinates":[[[111.226,0.0425],[111.2085,0.0505],[111.167,0.0375],[111.1675,0.024],[111.1765,0.0155],[111.193,0.01],[111.203,0.015],[111.207,0.013],[111.222,0.0305],[111.226,0.0425]]]},"properties":{"code":"61.05.03.2023","name":"Tanjung Hulu","latitude":0.03033701894263805,"longitude":111.19611370802478}},{"type":"Feature","geometry":{"type":"Polygon","coordinates":[[[111.2435,0.0545],[111.224,0.074],[111.223,0.07],[111.2225,0.0685],[111.22,0.0655],[111.2175,0.063],[111.226,0.0535],[111.226,0.0425],[111.238,0.029],[111.24,0.028],[111.246,0.028],[111.2685,0.016],[111.27,0.0345],[111.263,0.042],[111.2435,0.0545]]]},"properties":{"code":"61.05.03.2024","name":"Sungai Raya","latitude":0.04176153733758567,"longitude":111.24461351250702}},{"type":"Feature","geometry":{"type":"Polygon","coordinates":[[[111.204,-0.2855],[111.215,-0.2765],[111.216,-0.2715],[111.213,-0.264],[111.2005,-0.2605],[111.1975,-0.2435],[111.1675,-0.2495],[111.159,-0.259],[111.1465,-0.2615],[111.143,-0.2625],[111.142,-0.2645],[111.141,-0.2665],[111.1405,-0.268],[111.133,-0.273],[111.1315,-0.277],[111.152,-0.2825],[111.161,-0.2895],[111.1855,-0.2905],[111.204,-0.2855]]]},"properties":{"code":"61.05.03.2025","name":"Landau Panjang","latitude":-0.2701285883160092,"longitude":111.17715915446509}},{"type":"Feature","geometry":{"type":"Polygon","coordinates":[[[111.181,-0.194],[111.175,-0.187],[111.163,-0.188],[111.1415,-0.1815],[111.137,-0.1965],[111.126,-0.196],[111.1255,-0.216],[111.145,-0.225],[111.146,-0.237],[111.1615,-0.2395],[111.1675,-0.2495],[111.1975,-0.2435],[111.2005,-0.2605],[111.213,-0.264],[111.216,-0.2715],[111.215,-0.2765],[111.204,-0.2855],[111.2035,-0.3035],[111.225,-0.311],[111.2235,-0.304],[111.2225,-0.2965],[111.224,-0.2845],[111.232,-0.2635],[111.2245,-0.232],[111.215,-0.233],[111.1985,-0.222],[111.181,-0.194]]]},"properties":{"code":"61.05.03.2026","name":"Bangun","latitude":-0.23206691100822782,"longitude":111.1807730891281}},{"type":"Feature","geometry":{"type":"Polygon","coordinates":[[[111.3245,0.131],[111.32,0.1555],[111.322,0.1685],[111.322,0.17],[111.318,0.17],[111.3085,0.1645],[111.3025,0.1435],[111.2945,0.1405],[111.2945,0.14],[111.294,0.1295],[111.2915,0.1265],[111.2875,0.1255],[111.2825,0.133],[111.281,0.1325],[111.29,0.119],[111.2885,0.102],[111.278,0.084],[111.278,0.074],[111.2845,0.0645],[111.297,0.058],[111.2995,0.0845],[111.307,0.1105],[111.314,0.1205],[111.3245,0.131]]]},"properties":{"code":"61.05.03.2027","name":"Sukau Bersatu","latitude":0.11479056752897868,"longitude":111.30088367694276}},{"type":"Feature","geometry":{"type":"Polygon","coordinates":[[[111.204,-0.2855],[111.1855,-0.2905],[111.161,-0.2895],[111.152,-0.2825],[111.1315,-0.277],[111.131,-0.278],[111.13,-0.2935],[111.1295,-0.2955],[111.128,-0.2955],[111.129,-0.298],[111.1275,-0.3],[111.129,-0.3155],[111.141,-0.3245],[111.155,-0.3235],[111.1645,-0.3315],[111.183,-0.354],[111.1905,-0.3695],[111.2015,-0.378],[111.2155,-0.4015],[111.233,-0.397],[111.253,-0.379],[111.2495,-0.372],[111.2475,-0.3625],[111.2435,-0.3495],[111.234,-0.334],[111.225,-0.311],[111.2035,-0.3035],[111.204,-0.2855]]]},"properties":{"code":"61.05.03.2028","name":"Kemantan","latitude":-0.3345393593872913,"longitude":111.19535018806988}},{"type":"Feature","geometry":{"type":"Polygon","coordinates":[[[111.289,-0.143],[111.287,-0.143],[111.26,-0.14],[111.262,-0.1545],[111.2695,-0.1675],[111.273,-0.194],[111.281,-0.21],[111.2915,-0.2015],[111.2885,-0.1715],[111.289,-0.143]]]},"properties":{"code":"61.05.03.2029","name":"Peninsung","latitude":-0.17057979419113303,"longitude":111.27850543743894}},{"type":"Feature","geometry":{"type":"Polygon","coordinates":[[[111.167,0.0375],[111.162,0.0395],[111.159,0.037],[111.1555,0.0165],[111.144,0.016],[111.144,0.01],[111.1435,0],[111.1435,-0.017],[111.154,-0.0105],[111.173,-0.01],[111.183,-0.0075],[111.191,-0.0085],[111.1915,-0.0075],[111.1925,-0.007],[111.193,-0.007],[111.1915,-0.0045],[111.195,0.002],[111.1955,0.004],[111.193,0.01],[111.1765,0.0155],[111.1675,0.024],[111.167,0.0375]]]},"properties":{"code":"61.05.03.2030","name":"Sepulut","latitude":0.006432683174678361,"longitude":111.1661281685142}},{"type":"Feature","geometry":{"type":"Polygon","coordinates":[[[111.298,-0.422],[111.286,-0.405],[111.2705,-0.3895],[111.254,-0.3815],[111.253,-0.379],[111.233,-0.397],[111.2155,-0.4015],[111.195,-0.401],[111.1925,-0.4135],[111.195,-0.43],[111.1975,-0.449],[111.2105,-0.4575],[111.2145,-0.471],[111.2215,-0.4765],[111.2215,-0.477],[111.222,-0.476],[111.236,-0.4735],[111.2415,-0.4675],[111.2395,-0.4555],[111.249,-0.4495],[111.2605,-0.4355],[111.298,-0.422]]]},"properties":{"code":"61.05.03.2031","name":"Temawang Bulai","latitude":-0.424900572793112,"longitude":111.237812873088}},{"type":"Feature","geometry":{"type":"Polygon","coordinates":[[[111.2215,-0.477],[111.2215,-0.4765],[111.2145,-0.471],[111.2105,-0.4575],[111.1975,-0.449],[111.195,-0.43],[111.172,-0.445],[111.154,-0.453],[111.151,-0.4595],[111.1345,-0.4665],[111.11,-0.472],[111.104,-0.488],[111.0935,-0.496],[111.091,-0.4965],[111.092,-0.5],[111.095,-0.504],[111.0975,-0.5055],[111.1005,-0.5065],[111.1155,-0.502],[111.1305,-0.515],[111.14,-0.5105],[111.162,-0.517],[111.185,-0.5155],[111.185,-0.5145],[111.185,-0.513],[111.201,-0.499],[111.209,-0.4975],[111.2205,-0.478],[111.2215,-0.477]]]},"properties":{"code":"61.05.03.2032","name":"Sungai Segak","latitude":-0.4814988342626319,"longitude":111.16336174368898}},{"type":"Feature","geometry":{"type":"Polygon","coordinates":[[[111.2435,-0.03],[111.2255,-0.0315],[111.223,-0.0395],[111.2285,-0.053],[111.2215,-0.0705],[111.2285,-0.0895],[111.2255,-0.107],[111.2295,-0.113],[111.2335,-0.1405],[111.26,-0.14],[111.2505,-0.1125],[111.252,-0.0805],[111.2465,-0.063],[111.2465,-0.0415],[111.2435,-0.03]]]},"properties":{"code":"61.05.03.2033","name":"Tanjung Balai","latitude":-0.0875272508353332,"longitude":111.23904164385856}},{"type":"Feature","geometry":{"type":"Polygon","coordinates":[[[111.1705,0.0615],[111.1625,0.056],[111.1455,0.0565],[111.133,0.062],[111.135,0.0435],[111.1425,0.0235],[111.1435,0.0195],[111.144,0.016],[111.1555,0.0165],[111.159,0.037],[111.17,0.049],[111.1705,0.0615]]]},"properties":{"code":"61.05.03.2034","name":"Sinar Harapan","latitude":0.0412831389740604,"longitude":111.15027126978029}},{"type":"Feature","geometry":{"type":"Polygon","coordinates":[[[111.2685,-0.221],[111.2665,-0.216],[111.2675,-0.203],[111.254,-0.181],[111.24,-0.1705],[111.223,-0.1785],[111.238,-0.2065],[111.2555,-0.2195],[111.2615,-0.2285],[111.2625,-0.227],[111.266,-0.224],[111.2685,-0.221]]]},"properties":{"code":"61.05.03.2035","name":"Riam Kempadik","latitude":-0.1964370075239074,"longitude":111.24778912815941}},{"type":"Feature","geometry":{"type":"Polygon","coordinates":[[[111.223,-0.1785],[111.2155,-0.179],[111.1855,-0.165],[111.187,-0.179],[111.181,-0.194],[111.1985,-0.222],[111.215,-0.233],[111.2245,-0.232],[111.232,-0.2635],[111.2485,-0.252],[111.2595,-0.231],[111.2615,-0.2285],[111.2555,-0.2195],[111.238,-0.2065],[111.223,-0.1785]]]},"properties":{"code":"61.05.03.2036","name":"Nanga Layung","latitude":-0.2124269117550174,"longitude":111.22009559410274}},{"type":"Feature","geometry":{"type":"Polygon","coordinates":[[[111.13,-0.2935],[111.111,-0.2785],[111.087,-0.269],[111.086,-0.2665],[111.082,-0.266],[111.0805,-0.2645],[111.0785,-0.2635],[111.0735,-0.2665],[111.0675,-0.269],[111.063,-0.269],[111.049,-0.266],[111.0445,-0.2675],[111.032,-0.2795],[111.032,-0.28],[111.0325,-0.2805],[111.0345,-0.283],[111.038,-0.289],[111.049,-0.2895],[111.0515,-0.2925],[111.054,-0.2945],[111.061,-0.303],[111.0625,-0.3045],[111.063,-0.3045],[111.064,-0.304],[111.0635,-0.303],[111.0835,-0.3125],[111.086,-0.314],[111.09,-0.3145],[111.093,-0.316],[111.11,-0.316],[111.121,-0.332],[111.1225,-0.332],[111.126,-0.3335],[111.1275,-0.334],[111.1315,-0.326],[111.1325,-0.3235],[111.129,-0.3155],[111.1275,-0.3],[111.129,-0.298],[111.128,-0.2955],[111.1295,-0.2955],[111.13,-0.2935]]]},"properties":{"code":"61.05.03.2037","name":"Limau Bakti","latitude":-0.2924934949155996,"longitude":111.08741797382211}},{"type":"Feature","geometry":{"type":"Polygon","coordinates":[[[111.0615,-0.3035],[111.061,-0.303],[111.054,-0.2945],[111.053,-0.2935],[111.051,-0.298],[111.052,-0.314],[111.034,-0.3465],[111.0245,-0.3525],[111.022,-0.369],[111.0205,-0.3695],[111.0125,-0.371],[110.999,-0.3735],[110.9985,-0.373],[111,-0.378],[111.02,-0.394],[111.0355,-0.417],[111.037,-0.4315],[111.052,-0.443],[111.0535,-0.444],[111.072,-0.4355],[111.079,-0.4155],[111.079,-0.402],[111.0695,-0.3885],[111.0685,-0.3785],[111.0745,-0.3695],[111.065,-0.355],[111.0725,-0.3445],[111.06,-0.33],[111.069,-0.3095],[111.063,-0.307],[111.0615,-0.3035]]]},"properties":{"code":"61.05.03.2038","name":"Tanjung Mawang","latitude":-0.3805262307333287,"longitude":111.04851308632304}},{"type":"Feature","geometry":{"type":"Polygon","coordinates":[[[111.3615,0.221],[111.3685,0.2315],[111.369,0.234],[111.3545,0.2225],[111.3315,0.2265],[111.3225,0.224],[111.298,0.205],[111.2725,0.197],[111.2685,0.1705],[111.267,0.1675],[111.2675,0.1665],[111.269,0.1665],[111.27,0.165],[111.2715,0.1655],[111.2725,0.1645],[111.276,0.164],[111.2795,0.1625],[111.2795,0.162],[111.281,0.1605],[111.2845,0.159],[111.2865,0.1575],[111.29,0.157],[111.2945,0.1405],[111.3025,0.1435],[111.3085,0.1645],[111.318,0.17],[111.322,0.17],[111.3225,0.171],[111.332,0.1765],[111.3405,0.1955],[111.346,0.1975],[111.3615,0.221]]]},"properties":{"code":"61.05.03.2040","name":"Sungai Jaung","latitude":0.19015766050817953,"longitude":111.31103415783339}},{"type":"Feature","geometry":{"type":"Polygon","coordinates":[[[111.6195,0.444],[111.6125,0.4455],[111.608,0.442],[111.5525,0.417],[111.5535,0.405],[111.557,0.388],[111.5715,0.376],[111.5985,0.332],[111.608,0.328],[111.628,0.331],[111.6435,0.3365],[111.649,0.339],[111.646,0.3555],[111.6615,0.361],[111.686,0.3775],[111.689,0.387],[111.6775,0.3885],[111.646,0.3865],[111.6315,0.3825],[111.621,0.392],[111.623,0.3945],[111.6225,0.4095],[111.62,0.4135],[111.615,0.416],[111.6125,0.418],[111.612,0.4185],[111.6125,0.424],[111.613,0.4255],[111.6205,0.437],[111.6195,0.444]]]},"properties":{"code":"61.05.04.2001","name":"Nanga Ketungau","latitude":0.3821979819081464,"longitude":111.60973148062935}},{"type":"Feature","geometry":{"type":"Polygon","coordinates":[[[111.5275,0.453],[111.5125,0.452],[111.502,0.4395],[111.4785,0.4335],[111.429,0.435],[111.4155,0.434],[111.4105,0.4345],[111.41,0.434],[111.4095,0.433],[111.4085,0.432],[111.4085,0.4305],[111.409,0.429],[111.4085,0.4265],[111.4085,0.423],[111.4075,0.421],[111.4085,0.418],[111.409,0.417],[111.411,0.4135],[111.416,0.4015],[111.4145,0.3855],[111.4285,0.381],[111.4435,0.3805],[111.4485,0.369],[111.4605,0.3615],[111.485,0.3575],[111.498,0.3465],[111.4975,0.311],[111.488,0.3115],[111.4815,0.3115],[111.4815,0.3015],[111.4865,0.301],[111.4865,0.293],[111.4815,0.293],[111.4805,0.284],[111.482,0.285],[111.499,0.28],[111.542,0.278],[111.535,0.2875],[111.5405,0.294],[111.547,0.3265],[111.557,0.3445],[111.559,0.3645],[111.5715,0.376],[111.557,0.388],[111.5535,0.405],[111.552,0.4205],[111.552,0.429],[111.5495,0.4375],[111.5375,0.4505],[111.5275,0.453]]]},"properties":{"code":"61.05.04.2002","name":"Setungkup","latitude":0.37790659269864557,"longitude":111.49971847632325}},{"type":"Feature","geometry":{"type":"Polygon","coordinates":[[[111.721,0.5585],[111.7205,0.5705],[111.715,0.5885],[111.6985,0.6115],[111.6685,0.5985],[111.6455,0.6],[111.642,0.6],[111.6415,0.586],[111.6215,0.566],[111.629,0.557],[111.638,0.55],[111.6425,0.548],[111.6435,0.55],[111.689,0.551],[111.702,0.562],[111.71,0.5585],[111.721,0.5585]]]},"properties":{"code":"61.05.04.2004","name":"Sungai Mali","latitude":0.5759305071949247,"longitude":111.67425130428427}},{"type":"Feature","geometry":{"type":"Polygon","coordinates":[[[111.569,0.536],[111.563,0.559],[111.568,0.5665],[111.5665,0.5815],[111.555,0.58],[111.5595,0.5995],[111.564,0.6005],[111.5665,0.602],[111.566,0.604],[111.564,0.605],[111.5605,0.606],[111.556,0.6065],[111.5545,0.6075],[111.553,0.609],[111.551,0.601],[111.525,0.588],[111.5145,0.563],[111.5415,0.5495],[111.559,0.5345],[111.563,0.5355],[111.568,0.5355],[111.569,0.536]]]},"properties":{"code":"61.05.04.2005","name":"Air Nyuruk","latitude":0.5704151896007189,"longitude":111.54589274107293}},{"type":"Feature","geometry":{"type":"Polygon","coordinates":[[[111.5145,0.563],[111.5005,0.574],[111.483,0.5815],[111.4785,0.551],[111.4765,0.542],[111.482,0.523],[111.482,0.521],[111.4835,0.5215],[111.4885,0.5155],[111.488,0.515],[111.521,0.5085],[111.53,0.5055],[111.545,0.513],[111.5645,0.522],[111.561,0.5235],[111.551,0.5225],[111.5495,0.526],[111.55,0.5275],[111.552,0.531],[111.553,0.532],[111.555,0.5335],[111.559,0.5345],[111.5415,0.5495],[111.5145,0.563]]]},"properties":{"code":"61.05.04.2006","name":"Nanga Merkak","latitude":0.5383395430831569,"longitude":111.51317701506403}},{"type":"Feature","geometry":{"type":"Polygon","coordinates":[[[111.3955,0.4395],[111.3925,0.4415],[111.39,0.4635],[111.3815,0.4895],[111.3815,0.482],[111.3755,0.475],[111.358,0.471],[111.335,0.453],[111.324,0.4425],[111.303,0.444],[111.2975,0.4245],[111.3085,0.386],[111.319,0.377],[111.332,0.384],[111.3405,0.3795],[111.3525,0.3535],[111.3675,0.3495],[111.379,0.3635],[111.384,0.3695],[111.3915,0.377],[111.3945,0.3925],[111.3955,0.4395]]]},"properties":{"code":"61.05.04.2007","name":"Sungai Deras","latitude":0.4150785590822186,"longitude":111.3537374313201}},{"type":"Feature","geometry":{"type":"Polygon","coordinates":[[[111.381,0.3655],[111.379,0.3635],[111.3675,0.3495],[111.3525,0.3535],[111.3405,0.3795],[111.332,0.384],[111.319,0.377],[111.316,0.35],[111.3185,0.327],[111.324,0.3195],[111.3605,0.2925],[111.355,0.2835],[111.341,0.272],[111.371,0.245],[111.3685,0.2315],[111.3615,0.221],[111.393,0.2475],[111.395,0.2555],[111.4115,0.2505],[111.418,0.2545],[111.4175,0.267],[111.419,0.2825],[111.4015,0.314],[111.4015,0.3185],[111.39,0.344],[111.39,0.3515],[111.386,0.3585],[111.382,0.3605],[111.381,0.3655]]]},"properties":{"code":"61.05.04.2008","name":"Nanga Sejirak","latitude":0.3084663879339548,"longitude":111.36764721063987}},{"type":"Feature","geometry":{"type":"Polygon","coordinates":[[[111.3165,0.3455],[111.3075,0.3495],[111.2845,0.3725],[111.2665,0.372],[111.246,0.39],[111.2475,0.399],[111.222,0.392],[111.221,0.3865],[111.2245,0.381],[111.2205,0.376],[111.2185,0.3745],[111.217,0.37],[111.2105,0.3655],[111.212,0.365],[111.218,0.356],[111.2215,0.3485],[111.2215,0.3415],[111.2215,0.341],[111.226,0.3365],[111.2265,0.336],[111.2265,0.3355],[111.226,0.3355],[111.223,0.3345],[111.223,0.334],[111.223,0.3335],[111.2245,0.3325],[111.2305,0.327],[111.2305,0.3235],[111.235,0.321],[111.231,0.3075],[111.2495,0.294],[111.257,0.2965],[111.2595,0.295],[111.2565,0.2875],[111.2655,0.2935],[111.277,0.2985],[111.2975,0.3175],[111.3075,0.3175],[111.3185,0.327],[111.3165,0.3455]]]},"properties":{"code":"61.05.04.2009","name":"Semuntai","latitude":0.3424058211741879,"longitude":111.26145360389417}},{"type":"Feature","geometry":{"type":"Polygon","coordinates":[[[111.483,0.5815],[111.4765,0.594],[111.448,0.619],[111.4445,0.6155],[111.427,0.6015],[111.419,0.599],[111.4135,0.5875],[111.4335,0.566],[111.449,0.563],[111.4785,0.551],[111.483,0.5815]]]},"properties":{"code":"61.05.04.2010","name":"Senibung","latitude":0.5840691805518547,"longitude":111.45117503140254}},{"type":"Feature","geometry":{"type":"Polygon","coordinates":[[[111.649,0.339],[111.6435,0.3365],[111.628,0.331],[111.608,0.328],[111.5985,0.332],[111.5715,0.376],[111.559,0.3645],[111.557,0.3445],[111.547,0.3265],[111.5405,0.294],[111.535,0.2875],[111.542,0.278],[111.5935,0.279],[111.593,0.2845],[111.6225,0.283],[111.6375,0.2885],[111.656,0.3205],[111.6675,0.3415],[111.6635,0.342],[111.6605,0.339],[111.657,0.3355],[111.654,0.3335],[111.653,0.333],[111.652,0.3325],[111.651,0.333],[111.6505,0.3335],[111.65,0.334],[111.6495,0.336],[111.649,0.339]]]},"properties":{"code":"61.05.04.2011","name":"Tanjung Baung","latitude":0.31451918394174483,"longitude":111.59170530918988}},{"type":"Feature","geometry":{"type":"Polygon","coordinates":[[[111.4105,0.4345],[111.4,0.436],[111.3955,0.4395],[111.3945,0.3925],[111.3915,0.377],[111.384,0.3695],[111.381,0.3655],[111.382,0.3605],[111.386,0.3585],[111.39,0.3515],[111.39,0.344],[111.4015,0.3185],[111.4015,0.317],[111.4125,0.3165],[111.443,0.3105],[111.4715,0.3115],[111.488,0.3115],[111.4975,0.311],[111.498,0.3465],[111.485,0.3575],[111.4605,0.3615],[111.4485,0.369],[111.4435,0.3805],[111.4285,0.381],[111.4145,0.3855],[111.416,0.4015],[111.411,0.4135],[111.409,0.417],[111.4085,0.418],[111.4075,0.421],[111.4085,0.423],[111.4085,0.4265],[111.409,0.429],[111.4085,0.4305],[111.4085,0.432],[111.4095,0.433],[111.41,0.434],[111.4105,0.4345]]]},"properties":{"code":"61.05.04.2012","name":"Baung Sengatap","latitude":0.35220661346234866,"longitude":111.43480892085462}},{"type":"Feature","geometry":{"type":"Polygon","coordinates":[[[111.303,0.444],[111.294,0.4625],[111.285,0.4725],[111.2765,0.475],[111.2745,0.472],[111.261,0.4535],[111.2475,0.4505],[111.2355,0.4395],[111.233,0.427],[111.2245,0.421],[111.2245,0.4175],[111.225,0.416],[111.225,0.413],[111.2245,0.4125],[111.2205,0.4125],[111.219,0.4085],[111.2195,0.408],[111.2155,0.4015],[111.215,0.401],[111.218,0.396],[111.221,0.3935],[111.222,0.392],[111.2475,0.399],[111.246,0.39],[111.2665,0.372],[111.2845,0.3725],[111.3075,0.3495],[111.3165,0.3455],[111.316,0.35],[111.319,0.377],[111.3085,0.386],[111.2975,0.4245],[111.303,0.444]]]},"properties":{"code":"61.05.04.2013","name":"Semajau Mekar","latitude":0.412167561318836,"longitude":111.2724912326914}},{"type":"Feature","geometry":{"type":"Polygon","coordinates":[[[111.521,0.5085],[111.488,0.515],[111.487,0.514],[111.4855,0.511],[111.4825,0.5095],[111.4615,0.498],[111.45,0.484],[111.439,0.4815],[111.4315,0.465],[111.434,0.457],[111.436,0.4545],[111.451,0.4565],[111.443,0.4375],[111.429,0.435],[111.4785,0.4335],[111.502,0.4395],[111.5125,0.452],[111.5135,0.485],[111.521,0.5085]]]},"properties":{"code":"61.05.04.2014","name":"Beluh Mulyo","latitude":0.4716776116962565,"longitude":111.4792645172081}},{"type":"Feature","geometry":{"type":"Polygon","coordinates":[[[111.721,0.5585],[111.71,0.5585],[111.702,0.562],[111.689,0.551],[111.6435,0.55],[111.642,0.5455],[111.642,0.493],[111.633,0.493],[111.6335,0.456],[111.6335,0.4555],[111.6365,0.453],[111.646,0.439],[111.7045,0.4425],[111.7065,0.446],[111.719,0.455],[111.7245,0.4595],[111.721,0.509],[111.718,0.5195],[111.7225,0.5335],[111.7215,0.551],[111.721,0.5585]]]},"properties":{"code":"61.05.04.2015","name":"Batu Ampar","latitude":0.49715148070257914,"longitude":111.67997494723456}},{"type":"Feature","geometry":{"type":"Polygon","coordinates":[[[111.554,0.678],[111.539,0.6715],[111.5285,0.683],[111.519,0.668],[111.5265,0.6645],[111.533,0.65],[111.496,0.639],[111.4525,0.6235],[111.448,0.619],[111.4765,0.594],[111.483,0.5815],[111.5005,0.574],[111.5145,0.563],[111.525,0.588],[111.551,0.601],[111.553,0.609],[111.5445,0.609],[111.54,0.6145],[111.55,0.6205],[111.5565,0.6325],[111.57,0.6395],[111.57,0.6465],[111.5555,0.653],[111.5455,0.662],[111.5585,0.6675],[111.5535,0.671],[111.5575,0.6755],[111.554,0.678]]]},"properties":{"code":"61.05.04.2016","name":"Bukit Sidin Permai","latitude":0.6200667062649522,"longitude":111.51405871745192}},{"type":"Feature","geometry":{"type":"Polygon","coordinates":[[[111.45,0.484],[111.4265,0.495],[111.4105,0.4915],[111.4045,0.5105],[111.387,0.4945],[111.3805,0.493],[111.39,0.4635],[111.3925,0.4415],[111.4,0.436],[111.4155,0.434],[111.429,0.435],[111.443,0.4375],[111.451,0.4565],[111.436,0.4545],[111.434,0.457],[111.4315,0.465],[111.439,0.4815],[111.45,0.484]]]},"properties":{"code":"61.05.04.2017","name":"Betung Permai","latitude":0.46651855075144566,"longitude":111.41378155002924}},{"type":"Feature","geometry":{"type":"Polygon","coordinates":[[[111.6125,0.4455],[111.611,0.4465],[111.591,0.459],[111.5865,0.4535],[111.581,0.456],[111.5845,0.461],[111.5815,0.4825],[111.579,0.483],[111.553,0.467],[111.537,0.4655],[111.5275,0.453],[111.5375,0.4505],[111.5495,0.4375],[111.552,0.429],[111.5525,0.417],[111.608,0.442],[111.6125,0.4455]]]},"properties":{"code":"61.05.04.2018","name":"Kenuak","latitude":0.450363384314061,"longitude":111.56891210610068}},{"type":"Feature","geometry":{"type":"Polygon","coordinates":[[[111.7045,0.4425],[111.646,0.439],[111.6365,0.453],[111.6335,0.4555],[111.6315,0.4515],[111.6195,0.444],[111.613,0.4265],[111.6125,0.4255],[111.6125,0.4245],[111.612,0.419],[111.612,0.418],[111.615,0.416],[111.62,0.4135],[111.6225,0.4095],[111.623,0.3945],[111.621,0.392],[111.6315,0.3825],[111.646,0.3865],[111.6775,0.3885],[111.689,0.387],[111.6905,0.3915],[111.698,0.4095],[111.7015,0.4365],[111.7045,0.4425]]]},"properties":{"code":"61.05.04.2019","name":"Jentawang Hilir","latitude":0.41670102960557337,"longitude":111.65709031914221}},{"type":"Feature","geometry":{"type":"Polygon","coordinates":[[[111.4785,0.551],[111.449,0.563],[111.4335,0.566],[111.4135,0.5875],[111.408,0.5795],[111.401,0.5725],[111.405,0.5585],[111.39,0.5365],[111.3835,0.523],[111.379,0.497],[111.3805,0.493],[111.387,0.4945],[111.4045,0.5105],[111.4105,0.4915],[111.4265,0.495],[111.45,0.484],[111.4615,0.498],[111.4825,0.5095],[111.4855,0.511],[111.487,0.514],[111.4885,0.5155],[111.4835,0.5215],[111.482,0.521],[111.482,0.523],[111.4765,0.542],[111.4785,0.551]]]},"properties":{"code":"61.05.04.2020","name":"Batu Nyadi","latitude":0.5289390552728278,"longitude":111.43230158388562}},{"type":"Feature","geometry":{"type":"Polygon","coordinates":[[[111.341,0.272],[111.355,0.2835],[111.3605,0.2925],[111.324,0.3195],[111.3185,0.327],[111.3075,0.3175],[111.2975,0.3175],[111.277,0.2985],[111.2655,0.2935],[111.2565,0.2875],[111.258,0.2845],[111.259,0.279],[111.259,0.278],[111.257,0.2705],[111.261,0.269],[111.263,0.25],[111.2625,0.2485],[111.261,0.2475],[111.266,0.2505],[111.2665,0.251],[111.2665,0.2475],[111.2685,0.2475],[111.2705,0.2495],[111.273,0.2465],[111.2735,0.244],[111.2895,0.266],[111.312,0.282],[111.331,0.2795],[111.341,0.272]]]},"properties":{"code":"61.05.04.2021","name":"Ratu Damai","latitude":0.28859018529842195,"longitude":111.30283340895544}},{"type":"Feature","geometry":{"type":"Polygon","coordinates":[[[111.4815,0.3115],[111.4715,0.3115],[111.443,0.3105],[111.4125,0.3165],[111.4015,0.317],[111.4015,0.314],[111.419,0.2825],[111.4175,0.267],[111.43,0.267],[111.449,0.2655],[111.452,0.2745],[111.48,0.2835],[111.4805,0.284],[111.4815,0.293],[111.4865,0.293],[111.4865,0.301],[111.4815,0.3015],[111.4815,0.3115]]]},"properties":{"code":"61.05.04.2022","name":"Lepung Pantak","latitude":0.29329456899542417,"longitude":111.44378291346258}},{"type":"Feature","geometry":{"type":"Polygon","coordinates":[[[111.57,0.6395],[111.5565,0.6325],[111.55,0.6205],[111.54,0.6145],[111.5445,0.609],[111.5465,0.6145],[111.5485,0.614],[111.551,0.6105],[111.555,0.607],[111.5565,0.6065],[111.5605,0.606],[111.564,0.605],[111.566,0.604],[111.5665,0.602],[111.564,0.6005],[111.5595,0.5995],[111.555,0.58],[111.5665,0.5815],[111.568,0.5665],[111.563,0.559],[111.569,0.536],[111.601,0.5445],[111.629,0.557],[111.6215,0.566],[111.6415,0.586],[111.642,0.6],[111.6375,0.6],[111.606,0.605],[111.5855,0.611],[111.5715,0.622],[111.57,0.6395]]]},"properties":{"code":"61.05.04.2023","name":"Pampang Dua","latitude":0.5828467863188868,"longitude":111.59113197171119}},{"type":"Feature","geometry":{"type":"Polygon","coordinates":[[[111.6425,0.548],[111.638,0.55],[111.629,0.557],[111.601,0.5445],[111.569,0.536],[111.5685,0.5355],[111.5625,0.5355],[111.5565,0.534],[111.5555,0.5335],[111.5545,0.533],[111.5525,0.5315],[111.5515,0.5305],[111.55,0.527],[111.5495,0.526],[111.551,0.5225],[111.561,0.5235],[111.5645,0.5215],[111.5665,0.5205],[111.5685,0.519],[111.5705,0.516],[111.5705,0.515],[111.57,0.5145],[111.5695,0.5145],[111.567,0.515],[111.5585,0.509],[111.5655,0.4945],[111.586,0.495],[111.5825,0.487],[111.5745,0.4865],[111.5815,0.4825],[111.5845,0.461],[111.581,0.456],[111.5865,0.4535],[111.591,0.459],[111.611,0.4465],[111.6195,0.444],[111.6315,0.4515],[111.6335,0.456],[111.633,0.493],[111.642,0.493],[111.642,0.5455],[111.6425,0.548]]]},"properties":{"code":"61.05.04.2024","name":"Mungguk Kelapa","latitude":0.5042253903404496,"longitude":111.60608521634084}},{"type":"Feature","geometry":{"type":"Polygon","coordinates":[[[111.579,0.483],[111.5745,0.4865],[111.5825,0.487],[111.586,0.495],[111.5655,0.4945],[111.5585,0.509],[111.567,0.515],[111.5695,0.5145],[111.5705,0.515],[111.5705,0.5155],[111.5705,0.516],[111.568,0.519],[111.5665,0.5205],[111.5645,0.522],[111.545,0.513],[111.53,0.5055],[111.521,0.5085],[111.5135,0.485],[111.5125,0.452],[111.5275,0.453],[111.537,0.4655],[111.553,0.467],[111.579,0.483]]]},"properties":{"code":"61.05.04.2025","name":"Maung","latitude":0.4863383956254638,"longitude":111.54250463597639}},{"type":"Feature","geometry":{"type":"Polygon","coordinates":[[[111.53,0.729],[111.4955,0.7385],[111.46,0.741],[111.454,0.733],[111.437,0.731],[111.4295,0.7345],[111.4105,0.733],[111.403,0.736],[111.387,0.726],[111.3815,0.716],[111.384,0.6905],[111.3815,0.676],[111.396,0.6765],[111.4285,0.6735],[111.439,0.669],[111.475,0.6605],[111.4805,0.6635],[111.501,0.657],[111.5055,0.6515],[111.518,0.656],[111.519,0.668],[111.5285,0.683],[111.522,0.6855],[111.5165,0.711],[111.53,0.729]]]},"properties":{"code":"61.05.05.2001","name":"Wirayuda","latitude":0.7004697820907979,"longitude":111.45765446745108}},{"type":"Feature","geometry":{"type":"Polygon","coordinates":[[[111.621,0.7615],[111.6115,0.765],[111.597,0.7675],[111.5835,0.7615],[111.566,0.764],[111.5535,0.774],[111.5555,0.7625],[111.542,0.743],[111.5495,0.737],[111.5525,0.715],[111.571,0.7095],[111.5765,0.6895],[111.582,0.695],[111.5895,0.704],[111.6015,0.7065],[111.6135,0.7215],[111.6135,0.748],[111.618,0.756],[111.621,0.7615]]]},"properties":{"code":"61.05.05.2002","name":"Tanjung Sari","latitude":0.7361891890465708,"longitude":111.58240328521784}},{"type":"Feature","geometry":{"type":"Polygon","coordinates":[[[111.641,0.7515],[111.621,0.7525],[111.6135,0.748],[111.6135,0.7215],[111.6015,0.7065],[111.6275,0.6895],[111.638,0.7025],[111.6475,0.737],[111.641,0.7515]]]},"properties":{"code":"61.05.05.2003","name":"Panding Jaya","latitude":0.7228366034203296,"longitude":111.62695767704787}},{"type":"Feature","geometry":{"type":"Polygon","coordinates":[[[111.6015,0.7065],[111.5895,0.704],[111.582,0.695],[111.574,0.6865],[111.5585,0.6675],[111.5455,0.662],[111.5555,0.653],[111.57,0.6465],[111.57,0.6395],[111.5715,0.622],[111.5855,0.611],[111.606,0.605],[111.6205,0.606],[111.626,0.613],[111.62,0.65],[111.6195,0.6535],[111.6225,0.6575],[111.642,0.658],[111.6445,0.6585],[111.644,0.672],[111.649,0.6925],[111.6355,0.6875],[111.6275,0.6895],[111.6015,0.7065]]]},"properties":{"code":"61.05.05.2004","name":"Tirta Karya","latitude":0.6569345894067442,"longitude":111.59985122187575}},{"type":"Feature","geometry":{"type":"Polygon","coordinates":[[[111.32,0.626],[111.2855,0.665],[111.268,0.6635],[111.2415,0.6795],[111.2365,0.687],[111.2265,0.682],[111.2365,0.672],[111.239,0.6685],[111.243,0.6515],[111.2355,0.648],[111.2325,0.6315],[111.2175,0.6095],[111.2105,0.6025],[111.212,0.5985],[111.2345,0.589],[111.2675,0.579],[111.2705,0.587],[111.2945,0.595],[111.307,0.615],[111.32,0.626]]]},"properties":{"code":"61.05.05.2005","name":"Begelang Jaya","latitude":0.625320224269566,"longitude":111.26416992129454}},{"type":"Feature","geometry":{"type":"Polygon","coordinates":[[[111.403,0.736],[111.3745,0.751],[111.352,0.7765],[111.3455,0.778],[111.3385,0.774],[111.332,0.7575],[111.323,0.751],[111.309,0.7355],[111.2995,0.737],[111.291,0.7305],[111.2885,0.721],[111.2615,0.6985],[111.2365,0.687],[111.2415,0.6795],[111.268,0.6635],[111.2855,0.665],[111.334,0.61],[111.3585,0.6515],[111.3815,0.676],[111.384,0.6905],[111.3815,0.716],[111.387,0.726],[111.403,0.736]]]},"properties":{"code":"61.05.05.2006","name":"Sumber Sari","latitude":0.6963141391776931,"longitude":111.32835806324974}},{"type":"Feature","geometry":{"type":"Polygon","coordinates":[[[111.3245,0.6205],[111.32,0.626],[111.307,0.615],[111.2945,0.595],[111.2705,0.587],[111.2675,0.579],[111.278,0.5685],[111.29,0.5455],[111.2895,0.544],[111.29,0.544],[111.29,0.543],[111.3345,0.5505],[111.345,0.5455],[111.356,0.535],[111.357,0.536],[111.3545,0.5435],[111.3635,0.5535],[111.3725,0.5795],[111.3795,0.5885],[111.337,0.5885],[111.318,0.6135],[111.3245,0.6205]]]},"properties":{"code":"61.05.05.2007","name":"Panggi Agung","latitude":0.5746025126702744,"longitude":111.32124202292546}},{"type":"Feature","geometry":{"type":"Polygon","coordinates":[[[111.3215,0.485],[111.3115,0.497],[111.2985,0.505],[111.294,0.5045],[111.2875,0.4915],[111.2765,0.475],[111.285,0.4725],[111.294,0.4625],[111.303,0.444],[111.324,0.4425],[111.335,0.453],[111.324,0.466],[111.3215,0.485]]]},"properties":{"code":"61.05.05.2008","name":"Kerta Sari","latitude":0.47096334344251106,"longitude":111.30661154541922}},{"type":"Feature","geometry":{"type":"Polygon","coordinates":[[[111.519,0.668],[111.518,0.656],[111.5055,0.6515],[111.501,0.657],[111.4805,0.6635],[111.475,0.6605],[111.439,0.669],[111.4285,0.6735],[111.396,0.6765],[111.3985,0.6045],[111.41,0.6045],[111.4155,0.611],[111.4295,0.616],[111.4335,0.607],[111.4445,0.6155],[111.4525,0.6235],[111.496,0.639],[111.533,0.65],[111.5265,0.6645],[111.519,0.668]]]},"properties":{"code":"61.05.05.2009","name":"Argo Mulyo","latitude":0.6440567640948767,"longitude":111.44407015022969}},{"type":"Feature","geometry":{"type":"Polygon","coordinates":[[[111.604,0.933],[111.5735,0.9205],[111.5515,0.925],[111.537,0.937],[111.535,0.94],[111.528,0.928],[111.491,0.913],[111.4795,0.9],[111.4815,0.8865],[111.49,0.8665],[111.4825,0.8515],[111.466,0.8365],[111.448,0.8255],[111.469,0.8105],[111.492,0.804],[111.502,0.804],[111.534,0.814],[111.5445,0.815],[111.5625,0.843],[111.593,0.8775],[111.606,0.8845],[111.616,0.8955],[111.6235,0.902],[111.6275,0.907],[111.626,0.9125],[111.626,0.923],[111.617,0.931],[111.604,0.933]]]},"properties":{"code":"61.05.05.2010","name":"Wana Bhakti","latitude":0.8732666211658671,"longitude":111.536123646585}},{"type":"Feature","geometry":{"type":"Polygon","coordinates":[[[111.5535,0.774],[111.5365,0.7945],[111.536,0.8015],[111.5445,0.815],[111.534,0.814],[111.502,0.804],[111.492,0.804],[111.469,0.8105],[111.4555,0.7855],[111.4545,0.7605],[111.46,0.741],[111.4955,0.7385],[111.53,0.729],[111.5355,0.727],[111.5425,0.727],[111.5495,0.737],[111.542,0.743],[111.5555,0.7625],[111.5535,0.774]]]},"properties":{"code":"61.05.05.2011","name":"Swadaya","latitude":0.7702099561422133,"longitude":111.50443889315356}},{"type":"Feature","geometry":{"type":"Polygon","coordinates":[[[111.429,0.814],[111.4035,0.8005],[111.3855,0.801],[111.368,0.81],[111.344,0.8295],[111.319,0.829],[111.3225,0.8185],[111.335,0.802],[111.3355,0.793],[111.3455,0.778],[111.352,0.7765],[111.3745,0.751],[111.403,0.736],[111.4105,0.733],[111.4295,0.7345],[111.437,0.731],[111.454,0.733],[111.46,0.741],[111.4545,0.7605],[111.4555,0.7855],[111.469,0.8105],[111.448,0.8255],[111.429,0.814]]]},"properties":{"code":"61.05.05.2012","name":"Margahayu","latitude":0.7805617278643423,"longitude":111.40245861842735}},{"type":"Feature","geometry":{"type":"Polygon","coordinates":[[[111.4,0.8945],[111.3845,0.896],[111.3775,0.9105],[111.359,0.9295],[111.339,0.9355],[111.343,0.9295],[111.352,0.9125],[111.351,0.9],[111.3405,0.886],[111.3325,0.8755],[111.3395,0.875],[111.348,0.8785],[111.3685,0.8705],[111.3795,0.8615],[111.3945,0.8565],[111.407,0.8625],[111.402,0.877],[111.4,0.8945]]]},"properties":{"code":"61.05.05.2013","name":"Gut Jaya Bhakti","latitude":0.8904097317409125,"longitude":111.37082517516117}},{"type":"Feature","geometry":{"type":"Polygon","coordinates":[[[111.399,0.5495],[111.391,0.555],[111.3855,0.557],[111.371,0.5495],[111.357,0.536],[111.3425,0.518],[111.333,0.515],[111.326,0.5055],[111.3215,0.485],[111.324,0.466],[111.335,0.453],[111.358,0.471],[111.3755,0.475],[111.3815,0.482],[111.3815,0.4895],[111.379,0.497],[111.3835,0.523],[111.39,0.5365],[111.399,0.5495]]]},"properties":{"code":"61.05.05.2014","name":"Landau Buaya","latitude":0.5037186670292391,"longitude":111.35745416178922}},{"type":"Feature","geometry":{"type":"Polygon","coordinates":[[[111.673,0.829],[111.6645,0.846],[111.6565,0.854],[111.652,0.856],[111.6485,0.851],[111.644,0.8435],[111.6375,0.823],[111.625,0.7975],[111.624,0.769],[111.618,0.756],[111.6135,0.748],[111.621,0.7525],[111.641,0.7515],[111.65,0.7605],[111.667,0.762],[111.6825,0.7695],[111.6925,0.771],[111.7185,0.7555],[111.7295,0.742],[111.738,0.7365],[111.7435,0.738],[111.7455,0.758],[111.7385,0.7685],[111.727,0.783],[111.7,0.803],[111.688,0.809],[111.6765,0.8155],[111.673,0.829]]]},"properties":{"code":"61.05.05.2015","name":"Kayu Dujung","latitude":0.789068384698434,"longitude":111.67292096444928}},{"type":"Feature","geometry":{"type":"Polygon","coordinates":[[[111.5385,0.727],[111.5355,0.727],[111.53,0.729],[111.5165,0.711],[111.522,0.6855],[111.5285,0.683],[111.539,0.6715],[111.554,0.678],[111.553,0.6805],[111.5535,0.6825],[111.5525,0.6835],[111.5425,0.6835],[111.541,0.711],[111.5325,0.716],[111.5385,0.727]]]},"properties":{"code":"61.05.05.2016","name":"Senangan Kecil","latitude":0.6981290997669248,"longitude":111.53220899113423}},{"type":"Feature","geometry":{"type":"Polygon","coordinates":[[[111.2105,0.6025],[111.2175,0.6095],[111.2325,0.6315],[111.2355,0.648],[111.243,0.6515],[111.239,0.6685],[111.2365,0.672],[111.2265,0.682],[111.208,0.6735],[111.2015,0.669],[111.2015,0.668],[111.197,0.6405],[111.1985,0.626],[111.2105,0.6025]]]},"properties":{"code":"61.05.05.2017","name":"Sungai Areh","latitude":0.6463605583480434,"longitude":111.21771620385948}},{"type":"Feature","geometry":{"type":"Polygon","coordinates":[[[111.529,0.9545],[111.5205,0.9605],[111.5165,0.957],[111.4685,0.9405],[111.4485,0.924],[111.4,0.8945],[111.402,0.877],[111.407,0.8625],[111.4165,0.836],[111.429,0.814],[111.448,0.8255],[111.466,0.8365],[111.4825,0.8515],[111.49,0.8665],[111.4815,0.8865],[111.4795,0.9],[111.491,0.913],[111.528,0.928],[111.535,0.94],[111.532,0.946],[111.529,0.9545]]]},"properties":{"code":"61.05.05.2018","name":"Mungguk Gelombang","latitude":0.8886532472015622,"longitude":111.4585076793408}},{"type":"Feature","geometry":{"type":"Polygon","coordinates":[[[111.718,0.707],[111.7205,0.7115],[111.711,0.7115],[111.692,0.6905],[111.664,0.666],[111.6455,0.6585],[111.642,0.658],[111.6225,0.6575],[111.6195,0.6535],[111.62,0.65],[111.626,0.613],[111.6205,0.606],[111.606,0.605],[111.6375,0.6],[111.6455,0.6],[111.6685,0.5985],[111.6985,0.6115],[111.6915,0.6195],[111.6875,0.6275],[111.6895,0.638],[111.7125,0.664],[111.7165,0.6725],[111.718,0.707]]]},"properties":{"code":"61.05.05.2019","name":"Mungguk Lawang","latitude":0.6435975887901733,"longitude":111.66852448225502}},{"type":"Feature","geometry":{"type":"Polygon","coordinates":[[[111.5205,0.9605],[111.5155,0.9745],[111.5155,1.002],[111.5055,1.021],[111.4935,1.0275],[111.4885,1.0355],[111.4635,1.036],[111.457,1.0235],[111.445,1.014],[111.4135,1.0075],[111.398,1.014],[111.385,1.0155],[111.379,0.987],[111.358,0.9835],[111.351,0.9745],[111.3495,0.963],[111.3265,0.9495],[111.3345,0.9425],[111.339,0.9355],[111.359,0.9295],[111.3775,0.9105],[111.3845,0.896],[111.4,0.8945],[111.4485,0.924],[111.4685,0.9405],[111.5165,0.957],[111.5205,0.9605]]]},"properties":{"code":"61.05.05.2020","name":"Nanga Kelapan","latitude":0.9668889419641576,"longitude":111.43019353351066}},{"type":"Feature","geometry":{"type":"Polygon","coordinates":[[[111.3985,0.6045],[111.396,0.6765],[111.3815,0.676],[111.3585,0.6515],[111.334,0.61],[111.3245,0.6205],[111.318,0.6135],[111.337,0.5885],[111.3795,0.5885],[111.3815,0.591],[111.3865,0.6045],[111.3985,0.6045]]]},"properties":{"code":"61.05.05.2021","name":"Panggi Ruguk","latitude":0.6247980731541858,"longitude":111.36809981875619}},{"type":"Feature","geometry":{"type":"Polygon","coordinates":[[[111.356,0.535],[111.345,0.5455],[111.3345,0.5505],[111.29,0.543],[111.29,0.544],[111.2895,0.544],[111.2895,0.5435],[111.287,0.5255],[111.2865,0.525],[111.2915,0.5145],[111.292,0.5135],[111.2945,0.5125],[111.2955,0.5105],[111.2955,0.5095],[111.295,0.5085],[111.295,0.507],[111.295,0.506],[111.2935,0.5055],[111.2935,0.505],[111.2985,0.505],[111.3115,0.497],[111.3215,0.485],[111.326,0.5055],[111.333,0.515],[111.3425,0.518],[111.356,0.535]]]},"properties":{"code":"61.05.05.2022","name":"Bakti Senabung","latitude":0.5256729773376375,"longitude":111.31727571022725}},{"type":"Feature","geometry":{"type":"Polygon","coordinates":[[[111.4335,0.607],[111.4295,0.616],[111.4155,0.611],[111.41,0.6045],[111.3865,0.6045],[111.3815,0.591],[111.3725,0.5795],[111.3635,0.5535],[111.3545,0.5435],[111.357,0.536],[111.371,0.5495],[111.3855,0.557],[111.391,0.555],[111.399,0.5495],[111.405,0.5585],[111.401,0.5725],[111.408,0.5795],[111.419,0.599],[111.427,0.6015],[111.4335,0.607]]]},"properties":{"code":"61.05.05.2023","name":"Engkitan","latitude":0.5793217147375241,"longitude":111.39293416352632}},{"type":"Feature","geometry":{"type":"Polygon","coordinates":[[[111.738,0.7365],[111.7295,0.742],[111.7185,0.7555],[111.6925,0.771],[111.6825,0.7695],[111.667,0.762],[111.65,0.7605],[111.641,0.7515],[111.6475,0.737],[111.638,0.7025],[111.6275,0.6895],[111.6355,0.6875],[111.649,0.6925],[111.6565,0.7205],[111.6625,0.723],[111.665,0.723],[111.6665,0.722],[111.668,0.7225],[111.6865,0.7235],[111.6985,0.72],[111.725,0.719],[111.732,0.735],[111.738,0.7365]]]},"properties":{"code":"61.05.05.2024","name":"Landau Temiang","latitude":0.7375962765996238,"longitude":111.68160439437244}},{"type":"Feature","geometry":{"type":"Polygon","coordinates":[[[111.725,0.719],[111.6985,0.72],[111.6865,0.7235],[111.668,0.7225],[111.6665,0.722],[111.665,0.723],[111.6625,0.723],[111.6565,0.7205],[111.649,0.6925],[111.644,0.672],[111.6445,0.6585],[111.6455,0.6585],[111.664,0.666],[111.692,0.6905],[111.711,0.7115],[111.7205,0.7115],[111.7235,0.7165],[111.725,0.719]]]},"properties":{"code":"61.05.05.2025","name":"Padung Kumang","latitude":0.6975555671325803,"longitude":111.67455470245886}},{"type":"Feature","geometry":{"type":"Polygon","coordinates":[[[111.6305,0.8985],[111.6285,0.903],[111.6275,0.907],[111.6235,0.902],[111.616,0.8955],[111.606,0.8845],[111.593,0.8775],[111.5625,0.843],[111.5445,0.815],[111.536,0.8015],[111.5365,0.7945],[111.5535,0.774],[111.566,0.764],[111.5835,0.7615],[111.597,0.7675],[111.6115,0.765],[111.621,0.7615],[111.624,0.769],[111.625,0.7975],[111.6375,0.823],[111.644,0.8435],[111.6485,0.851],[111.652,0.856],[111.6435,0.8605],[111.6365,0.8715],[111.6305,0.8985]]]},"properties":{"code":"61.05.05.2026","name":"Radin Jaya","latitude":0.8231805838884811,"longitude":111.59614996853202}},{"type":"Feature","geometry":{"type":"Polygon","coordinates":[[[111.5765,0.6895],[111.571,0.7095],[111.5525,0.715],[111.5495,0.737],[111.5425,0.727],[111.5385,0.727],[111.5325,0.716],[111.541,0.711],[111.5425,0.6835],[111.5525,0.6835],[111.5535,0.6825],[111.553,0.6805],[111.5575,0.6755],[111.5535,0.671],[111.5585,0.6675],[111.574,0.6865],[111.5765,0.6895]]]},"properties":{"code":"61.05.05.2027","name":"Senangan Jaya","latitude":0.6997245241195909,"longitude":111.55531089780607}},{"type":"Feature","geometry":{"type":"Polygon","coordinates":[[[111.407,0.8625],[111.3945,0.8565],[111.3795,0.8615],[111.3685,0.8705],[111.348,0.8785],[111.3395,0.875],[111.3325,0.8755],[111.328,0.868],[111.3235,0.857],[111.3185,0.8485],[111.2795,0.8295],[111.263,0.818],[111.2635,0.8115],[111.269,0.806],[111.2935,0.7945],[111.301,0.789],[111.3225,0.776],[111.326,0.7695],[111.323,0.751],[111.332,0.7575],[111.3385,0.774],[111.3455,0.778],[111.3355,0.793],[111.335,0.802],[111.3225,0.8185],[111.319,0.829],[111.344,0.8295],[111.368,0.81],[111.3855,0.801],[111.4035,0.8005],[111.429,0.814],[111.4165,0.836],[111.407,0.8625]]]},"properties":{"code":"61.05.05.2028","name":"Kubu Berangan","latitude":0.8264413402945233,"longitude":111.3479642898975}},{"type":"Feature","geometry":{"type":"Polygon","coordinates":[[[111.385,1.0155],[111.36,1.034],[111.3505,1.0225],[111.34,1.019],[111.3285,1.0075],[111.3135,0.999],[111.304,0.9835],[111.3075,0.9695],[111.324,0.954],[111.3265,0.9495],[111.3495,0.963],[111.351,0.9745],[111.358,0.9835],[111.379,0.987],[111.385,1.0155]]]},"properties":{"code":"61.05.05.2029","name":"Semareh","latitude":0.9922001744029695,"longitude":111.34421480250646}},{"type":"Feature","geometry":{"type":"Polygon","coordinates":[[[111.0025,0.962],[110.9975,0.967],[110.9835,0.9655],[110.992,0.944],[110.9965,0.9215],[111.007,0.904],[111.035,0.889],[111.042,0.8965],[111.0375,0.9095],[111.0425,0.9215],[111.033,0.9335],[111.0325,0.9355],[111.0335,0.9375],[111.0345,0.939],[111.0385,0.941],[111.04,0.942],[111.0415,0.9415],[111.0395,0.943],[111.0355,0.948],[111.0325,0.9485],[111.0165,0.966],[111.0155,0.9665],[111.014,0.9635],[111.0135,0.963],[111.0135,0.962],[111.012,0.9615],[111.0115,0.9595],[111.0075,0.957],[111.0035,0.961],[111.0025,0.962]]]},"properties":{"code":"61.05.06.2001","name":"Senaning","latitude":0.9301450850771573,"longitude":111.01637582313978}},{"type":"Feature","geometry":{"type":"Polygon","coordinates":[[[111.286,0.786],[111.2655,0.79],[111.2575,0.7695],[111.231,0.7585],[111.2075,0.7555],[111.203,0.7325],[111.186,0.719],[111.161,0.707],[111.1565,0.7045],[111.171,0.7005],[111.199,0.685],[111.2,0.6835],[111.203,0.681],[111.249,0.7185],[111.266,0.74],[111.2845,0.7795],[111.286,0.786]]]},"properties":{"code":"61.05.06.2002","name":"Empura","latitude":0.7322950673076655,"longitude":111.22786566521762}},{"type":"Feature","geometry":{"type":"Polygon","coordinates":[[[111.158,0.823],[111.138,0.835],[111.1235,0.8365],[111.103,0.833],[111.072,0.8235],[111.0715,0.793],[111.0755,0.771],[111.0715,0.7225],[111.1065,0.722],[111.1305,0.7155],[111.1295,0.7305],[111.123,0.743],[111.1325,0.754],[111.144,0.7735],[111.142,0.8065],[111.158,0.823]]]},"properties":{"code":"61.05.06.2003","name":"Sebadak","latitude":0.7802891904746696,"longitude":111.1072110751919}},{"type":"Feature","geometry":{"type":"Polygon","coordinates":[[[110.9605,0.8445],[110.9475,0.842],[110.9405,0.847],[110.916,0.855],[110.8855,0.8585],[110.884,0.8025],[110.8775,0.7795],[110.8775,0.7575],[110.8705,0.7565],[110.869,0.7315],[110.8555,0.732],[110.8565,0.7295],[110.8585,0.7275],[110.8645,0.727],[110.874,0.7295],[110.877,0.729],[110.8805,0.728],[110.883,0.7255],[110.884,0.725],[110.894,0.722],[110.9035,0.713],[110.93,0.7165],[110.951,0.727],[110.9685,0.725],[110.969,0.737],[110.971,0.7385],[110.985,0.7715],[110.9815,0.7795],[110.985,0.799],[110.978,0.8275],[110.97,0.839],[110.9605,0.8445]]]},"properties":{"code":"61.05.06.2004","name":"Sepiluk","latitude":0.7837290714786691,"longitude":110.92695240802614}},{"type":"Feature","geometry":{"type":"Polygon","coordinates":[[[110.8855,0.8585],[110.8395,0.8595],[110.816,0.909],[110.803,0.9005],[110.794,0.896],[110.787,0.8765],[110.777,0.872],[110.7755,0.8635],[110.7655,0.8605],[110.7615,0.8515],[110.7585,0.842],[110.773,0.833],[110.788,0.808],[110.7925,0.792],[110.799,0.7935],[110.817,0.787],[110.8175,0.7805],[110.8395,0.771],[110.849,0.755],[110.8695,0.755],[110.8695,0.748],[110.8515,0.7435],[110.8555,0.732],[110.869,0.7315],[110.8705,0.7565],[110.8775,0.7575],[110.8775,0.7795],[110.884,0.8025],[110.8855,0.8585]]]},"properties":{"code":"61.05.06.2005","name":"Sungai Seria","latitude":0.8258944816231532,"longitude":110.82983689526124}},{"type":"Feature","geometry":{"type":"Polygon","coordinates":[[[111.2665,0.8085],[111.2635,0.8115],[111.263,0.818],[111.2795,0.8295],[111.3185,0.8485],[111.3235,0.857],[111.3265,0.865],[111.304,0.8585],[111.2785,0.857],[111.2695,0.8595],[111.2645,0.85],[111.2535,0.8425],[111.257,0.827],[111.2515,0.8135],[111.25,0.805],[111.2665,0.8085]]]},"properties":{"code":"61.05.06.2006","name":"Suak Medang","latitude":0.8414863147741601,"longitude":111.28222309853363}},{"type":"Feature","geometry":{"type":"Polygon","coordinates":[[[111.36,1.034],[111.356,1.0375],[111.332,1.0435],[111.3095,1.0465],[111.2915,1.0545],[111.273,1.068],[111.2515,1.064],[111.248,1.028],[111.2515,0.969],[111.258,0.9635],[111.2805,0.976],[111.304,0.9835],[111.3135,0.999],[111.3285,1.0075],[111.34,1.019],[111.3505,1.0225],[111.36,1.034]]]},"properties":{"code":"61.05.06.2007","name":"Nanga Bayan","latitude":1.019370059595016,"longitude":111.28833590362522}},{"type":"Feature","geometry":{"type":"Polygon","coordinates":[[[111.008,1.0325],[110.977,1.0275],[110.97,1.03],[110.989,1.0105],[111.052,0.9575],[111.0755,0.94],[111.0925,0.933],[111.0935,0.939],[111.088,0.9475],[111.008,1.0325]]]},"properties":{"code":"61.05.06.2008","name":"Rasau","latitude":0.9887436687629537,"longitude":111.03270610316444}},{"type":"Feature","geometry":{"type":"Polygon","coordinates":[[[111.18,1.06],[111.1625,1.0595],[111.1535,1.053],[111.1395,1.0505],[111.1125,1.0525],[111.1,1.0505],[111.1125,1.0345],[111.116,1.0245],[111.1175,1.022],[111.1215,1.0205],[111.1225,1.019],[111.1255,1.0025],[111.1035,0.9815],[111.1055,0.9655],[111.0905,0.9585],[111.093,0.955],[111.1045,0.9455],[111.108,0.948],[111.1105,0.952],[111.1345,0.9535],[111.144,0.961],[111.161,0.9595],[111.184,0.965],[111.185,1.0105],[111.18,1.06]]]},"properties":{"code":"61.05.06.2009","name":"Jasa","latitude":1.0039936246210857,"longitude":111.14592771988147}},{"type":"Feature","geometry":{"type":"Polygon","coordinates":[[[111.1845,0.9455],[111.184,0.965],[111.161,0.9595],[111.144,0.961],[111.1345,0.9535],[111.1105,0.952],[111.108,0.948],[111.104,0.945],[111.0935,0.939],[111.0925,0.933],[111.1025,0.9005],[111.1155,0.897],[111.1175,0.89],[111.1095,0.869],[111.098,0.8615],[111.0955,0.846],[111.0835,0.84],[111.072,0.8235],[111.103,0.833],[111.1235,0.8365],[111.138,0.835],[111.158,0.823],[111.175,0.827],[111.1795,0.8535],[111.1845,0.8685],[111.1765,0.8875],[111.1845,0.9455]]]},"properties":{"code":"61.05.06.2010","name":"Sungai Bugau","latitude":0.8935410966853904,"longitude":111.1412351554777}},{"type":"Feature","geometry":{"type":"Polygon","coordinates":[[[111.1875,0.7575],[111.178,0.787],[111.175,0.827],[111.158,0.823],[111.142,0.8065],[111.144,0.7735],[111.1325,0.754],[111.123,0.743],[111.1295,0.7305],[111.1305,0.7155],[111.1475,0.707],[111.1565,0.7045],[111.161,0.707],[111.186,0.719],[111.203,0.7325],[111.204,0.738],[111.1875,0.7575]]]},"properties":{"code":"61.05.06.2011","name":"Nanga Bugau","latitude":0.7574603147739934,"longitude":111.16152785151269}},{"type":"Feature","geometry":{"type":"Polygon","coordinates":[[[111.0325,0.8635],[111.014,0.8445],[111.003,0.846],[110.984,0.867],[110.969,0.8715],[110.9605,0.8445],[110.97,0.839],[110.978,0.8275],[110.985,0.799],[110.9815,0.7795],[110.985,0.7715],[110.971,0.7385],[110.973,0.7385],[110.9805,0.7415],[110.9935,0.737],[110.9955,0.737],[111.0115,0.7395],[111.024,0.7335],[111.026,0.733],[111.029,0.7325],[111.033,0.732],[111.0375,0.7345],[111.0375,0.737],[111.0325,0.747],[111.041,0.7515],[111.0455,0.7945],[111.0715,0.793],[111.072,0.8235],[111.061,0.8315],[111.056,0.8465],[111.0355,0.8445],[111.038,0.856],[111.0325,0.8635]]]},"properties":{"code":"61.05.06.2012","name":"Empunak Tapang Keladan","latitude":0.8023695945571433,"longitude":111.01556197502153}},{"type":"Feature","geometry":{"type":"Polygon","coordinates":[[[111.324,0.954],[111.3135,0.942],[111.2945,0.9355],[111.2715,0.944],[111.2555,0.946],[111.251,0.948],[111.248,0.9515],[111.2465,0.9555],[111.244,0.9535],[111.2375,0.9525],[111.2305,0.9525],[111.227,0.95],[111.2185,0.945],[111.207,0.935],[111.2115,0.9185],[111.2205,0.91],[111.2445,0.9065],[111.261,0.9055],[111.276,0.8995],[111.2895,0.897],[111.306,0.899],[111.3365,0.909],[111.3515,0.9075],[111.352,0.9125],[111.343,0.9295],[111.3345,0.9425],[111.3265,0.9495],[111.324,0.954]]]},"properties":{"code":"61.05.06.2013","name":"Sebetung Paluk","latitude":0.9243196725421555,"longitude":111.27757697054284}},{"type":"Feature","geometry":{"type":"Polygon","coordinates":[[[110.969,0.8715],[110.97,0.9005],[110.966,0.933],[110.9525,0.9515],[110.924,0.972],[110.89,0.986],[110.869,0.9655],[110.8625,0.9655],[110.861,0.951],[110.8955,0.935],[110.899,0.924],[110.911,0.911],[110.914,0.896],[110.9095,0.881],[110.8855,0.8585],[110.916,0.855],[110.9405,0.847],[110.9475,0.842],[110.9605,0.8445],[110.969,0.8715]]]},"properties":{"code":"61.05.06.2014","name":"Muakan Petinggi","latitude":0.9148238821411264,"longitude":110.92583847850345}},{"type":"Feature","geometry":{"type":"Polygon","coordinates":[[[111.2695,0.864],[111.259,0.8755],[111.2435,0.873],[111.237,0.8675],[111.224,0.8675],[111.221,0.859],[111.221,0.837],[111.216,0.8235],[111.219,0.7925],[111.2265,0.795],[111.2495,0.804],[111.2515,0.8135],[111.257,0.827],[111.2535,0.8425],[111.2645,0.85],[111.2695,0.8595],[111.2695,0.864]]]},"properties":{"code":"61.05.06.2015","name":"Nanga Sebawang","latitude":0.8372025142292053,"longitude":111.23935893197498}},{"type":"Feature","geometry":{"type":"Polygon","coordinates":[[[111.2305,0.9525],[111.2275,0.9525],[111.203,0.954],[111.1955,0.944],[111.1845,0.9455],[111.1765,0.8875],[111.1845,0.8685],[111.1795,0.8535],[111.175,0.827],[111.178,0.787],[111.1875,0.7575],[111.1915,0.778],[111.212,0.79],[111.219,0.7925],[111.216,0.8235],[111.221,0.837],[111.221,0.859],[111.2245,0.87],[111.2305,0.8825],[111.243,0.8965],[111.2445,0.9065],[111.2205,0.91],[111.2115,0.9185],[111.207,0.935],[111.2185,0.945],[111.227,0.95],[111.2305,0.9525]]]},"properties":{"code":"61.05.06.2016","name":"Sekaih","latitude":0.8636024573726532,"longitude":111.20102320796776}},{"type":"Feature","geometry":{"type":"Polygon","coordinates":[[[110.9355,1.0265],[110.9185,1.031],[110.907,1.029],[110.8965,1.011],[110.8915,1.0085],[110.89,0.986],[110.924,0.972],[110.9525,0.9515],[110.966,0.933],[110.97,0.9005],[110.969,0.8715],[110.984,0.867],[111.003,0.846],[111.014,0.8445],[111.0325,0.8635],[111.0305,0.866],[111.035,0.889],[111.007,0.904],[110.9965,0.9215],[110.992,0.944],[110.9835,0.9655],[110.9975,0.967],[111.0025,0.962],[111.0045,0.962],[111.0045,0.963],[110.993,0.985],[110.9905,0.9885],[110.9865,0.9885],[110.9845,0.9905],[110.9675,0.996],[110.9645,0.997],[110.9605,0.997],[110.9595,0.9975],[110.956,1.003],[110.945,1.012],[110.9355,1.0265]]]},"properties":{"code":"61.05.06.2017","name":"Bekuan Luyang","latitude":0.9443365275939063,"longitude":110.96686938450105}},{"type":"Feature","geometry":{"type":"Polygon","coordinates":[[[111.1025,0.9005],[111.086,0.899],[111.0765,0.902],[111.049,0.902],[111.042,0.8965],[111.035,0.889],[111.0305,0.866],[111.038,0.856],[111.0355,0.8445],[111.056,0.8465],[111.061,0.8315],[111.072,0.8235],[111.0835,0.84],[111.0955,0.846],[111.098,0.8615],[111.1095,0.869],[111.1175,0.89],[111.1155,0.897],[111.1025,0.9005]]]},"properties":{"code":"61.05.06.2018","name":"Sungai Pisau","latitude":0.8712544462551534,"longitude":111.07173394626085}},{"type":"Feature","geometry":{"type":"Polygon","coordinates":[[[111.2975,0.792],[111.2935,0.7945],[111.269,0.806],[111.2665,0.8085],[111.25,0.805],[111.2495,0.804],[111.2265,0.795],[111.212,0.79],[111.1915,0.778],[111.1875,0.7575],[111.204,0.738],[111.2075,0.7555],[111.231,0.7585],[111.2575,0.7695],[111.2655,0.79],[111.286,0.786],[111.2975,0.792]]]},"properties":{"code":"61.05.06.2019","name":"Mungguk Entawak","latitude":0.7795399647093225,"longitude":111.23382356353495}},{"type":"Feature","geometry":{"type":"Polygon","coordinates":[[[111.323,0.751],[111.326,0.7695],[111.3225,0.776],[111.301,0.789],[111.2975,0.792],[111.286,0.786],[111.2845,0.7795],[111.266,0.74],[111.249,0.7185],[111.203,0.681],[111.2,0.6835],[111.202,0.6785],[111.2015,0.669],[111.208,0.6735],[111.2615,0.6985],[111.2885,0.721],[111.291,0.7305],[111.2995,0.737],[111.309,0.7355],[111.323,0.751]]]},"properties":{"code":"61.05.06.2020","name":"Embaleh","latitude":0.7357192577352974,"longitude":111.27653684780746}},{"type":"Feature","geometry":{"type":"Polygon","coordinates":[[[111.0315,1.036],[111.008,1.0325],[111.088,0.9475],[111.0935,0.939],[111.104,0.945],[111.1045,0.9455],[111.093,0.955],[111.09,0.9595],[111.0805,0.967],[111.0845,0.979],[111.084,0.9795],[111.0805,0.981],[111.0715,0.9845],[111.056,1.0005],[111.0315,1.036]]]},"properties":{"code":"61.05.06.2021","name":"Sebuluh","latitude":0.9934727105607908,"longitude":111.05448891757933}},{"type":"Feature","geometry":{"type":"Polygon","coordinates":[[[111.1,1.0505],[111.0795,1.0505],[111.0315,1.036],[111.056,1.0005],[111.0715,0.9845],[111.0805,0.981],[111.084,0.9795],[111.0845,0.979],[111.0805,0.967],[111.09,0.9595],[111.0905,0.9585],[111.1055,0.9655],[111.1035,0.9815],[111.1255,1.0025],[111.1225,1.019],[111.1215,1.0205],[111.1175,1.022],[111.116,1.0245],[111.1125,1.0345],[111.1,1.0505]]]},"properties":{"code":"61.05.06.2022","name":"Riam Sejawak","latitude":1.01264743886232,"longitude":111.08371325583418}},{"type":"Feature","geometry":{"type":"Polygon","coordinates":[[[111.0925,0.933],[111.0755,0.94],[111.052,0.9575],[110.989,1.0105],[110.97,1.03],[110.9585,1.027],[110.9355,1.0265],[110.945,1.012],[110.956,1.003],[110.9595,0.9975],[110.9605,0.997],[110.9645,0.997],[110.9675,0.996],[110.9845,0.9905],[110.9865,0.9885],[110.9905,0.9885],[110.993,0.985],[111.0045,0.963],[111.0045,0.962],[111.0035,0.961],[111.0075,0.957],[111.0115,0.9595],[111.012,0.9615],[111.0135,0.962],[111.0135,0.963],[111.014,0.9635],[111.0155,0.9665],[111.0165,0.966],[111.0325,0.9485],[111.0355,0.948],[111.0395,0.943],[111.0415,0.9415],[111.04,0.942],[111.0385,0.941],[111.0345,0.939],[111.0335,0.9375],[111.0325,0.9355],[111.033,0.9335],[111.0425,0.9215],[111.0375,0.9095],[111.042,0.8965],[111.049,0.902],[111.0765,0.902],[111.086,0.899],[111.1025,0.9005],[111.0925,0.933]]]},"properties":{"code":"61.05.06.2023","name":"Engkeruh","latitude":0.958349446367537,"longitude":111.02840557256027}},{"type":"Feature","geometry":{"type":"Polygon","coordinates":[[[111.2515,1.064],[111.2445,1.0785],[111.2315,1.086],[111.197,1.0645],[111.18,1.06],[111.185,1.0105],[111.184,0.965],[111.1845,0.9455],[111.1955,0.944],[111.203,0.954],[111.2275,0.9525],[111.2325,0.9525],[111.2375,0.9525],[111.244,0.9535],[111.255,0.961],[111.258,0.9635],[111.2515,0.969],[111.248,1.028],[111.2515,1.064]]]},"properties":{"code":"61.05.06.2024","name":"Sungai Kelik","latitude":1.012429121964472,"longitude":111.2174550236108}},{"type":"Feature","geometry":{"type":"Polygon","coordinates":[[[111.324,0.954],[111.3075,0.9695],[111.304,0.9835],[111.2805,0.976],[111.258,0.9635],[111.255,0.961],[111.2465,0.9555],[111.248,0.9515],[111.251,0.948],[111.2555,0.946],[111.2715,0.944],[111.2945,0.9355],[111.3135,0.942],[111.324,0.954]]]},"properties":{"code":"61.05.06.2025","name":"Idai","latitude":0.9570183350661975,"longitude":111.28797471908614}},{"type":"Feature","geometry":{"type":"Polygon","coordinates":[[[111.3515,0.9075],[111.3365,0.909],[111.306,0.899],[111.2895,0.897],[111.2845,0.898],[111.2815,0.8815],[111.286,0.8775],[111.2695,0.864],[111.2695,0.8595],[111.2785,0.857],[111.304,0.8585],[111.3265,0.865],[111.328,0.868],[111.3335,0.8765],[111.3405,0.886],[111.351,0.9],[111.3515,0.9075]]]},"properties":{"code":"61.05.06.2026","name":"Sungai Mawang","latitude":0.8825374958562354,"longitude":111.31108916309984}},{"type":"Feature","geometry":{"type":"Polygon","coordinates":[[[111.0715,0.793],[111.0455,0.7945],[111.041,0.7515],[111.0325,0.747],[111.0375,0.737],[111.0375,0.7345],[111.033,0.732],[111.029,0.7325],[111.026,0.733],[111.025,0.7335],[111.0295,0.7285],[111.0385,0.7265],[111.0505,0.72],[111.0715,0.7225],[111.0755,0.771],[111.0715,0.793]]]},"properties":{"code":"61.05.06.2027","name":"Ujung Kempas","latitude":0.7560424798881918,"longitude":111.05647002431199}},{"type":"Feature","geometry":{"type":"Polygon","coordinates":[[[110.861,0.951],[110.849,0.9545],[110.82,0.9475],[110.8095,0.95],[110.806,0.938],[110.818,0.914],[110.816,0.909],[110.8395,0.8595],[110.8855,0.8585],[110.9095,0.881],[110.914,0.896],[110.911,0.911],[110.899,0.924],[110.8955,0.935],[110.861,0.951]]]},"properties":{"code":"61.05.06.2028","name":"Neraci Jaya","latitude":0.9064586699940947,"longitude":110.86074738778176}},{"type":"Feature","geometry":{"type":"Polygon","coordinates":[[[111.2845,0.898],[111.276,0.8995],[111.261,0.9055],[111.2445,0.9065],[111.243,0.8965],[111.2305,0.8825],[111.2245,0.87],[111.224,0.8675],[111.237,0.8675],[111.2435,0.873],[111.259,0.8755],[111.2695,0.864],[111.286,0.8775],[111.2815,0.8815],[111.2845,0.898]]]},"properties":{"code":"61.05.06.2029","name":"Sejawak","latitude":0.8855860647572794,"longitude":111.25757717208886}},{"type":"Feature","geometry":{"type":"Polygon","coordinates":[[[111.668,-0.0055],[111.666,-0.001],[111.661,0.007],[111.6475,0.0165],[111.64,0.001],[111.6385,0.002],[111.6365,0.002],[111.6355,0.0005],[111.64,-0.0075],[111.6225,-0.0145],[111.629,-0.015],[111.6385,-0.0285],[111.6495,-0.021],[111.6505,-0.0135],[111.665,-0.0075],[111.668,-0.0055]]]},"properties":{"code":"61.05.07.2001","name":"Nanga Jetak","latitude":-0.005737026208915644,"longitude":111.64699286671704}},{"type":"Feature","geometry":{"type":"Polygon","coordinates":[[[111.6875,-0.042],[111.674,-0.0405],[111.656,-0.0435],[111.6575,-0.046],[111.6485,-0.0595],[111.626,-0.0645],[111.625,-0.0685],[111.625,-0.07],[111.6295,-0.078],[111.6465,-0.0785],[111.6535,-0.082],[111.6565,-0.0845],[111.659,-0.0885],[111.6675,-0.085],[111.665,-0.081],[111.6725,-0.0615],[111.6825,-0.053],[111.6875,-0.042]]]},"properties":{"code":"61.05.07.2002","name":"Nanga Dedai","latitude":-0.06349478125267197,"longitude":111.65782418654223}},{"type":"Feature","geometry":{"type":"Polygon","coordinates":[[[111.621,-0.084],[111.605,-0.075],[111.5905,-0.075],[111.5905,-0.0765],[111.5875,-0.0885],[111.5685,-0.0905],[111.5805,-0.095],[111.5925,-0.1295],[111.5815,-0.1295],[111.5835,-0.133],[111.584,-0.1365],[111.5855,-0.153],[111.5945,-0.1605],[111.6115,-0.163],[111.6035,-0.1765],[111.594,-0.2],[111.5985,-0.1965],[111.6175,-0.179],[111.6305,-0.1805],[111.634,-0.178],[111.635,-0.177],[111.636,-0.1765],[111.6315,-0.1265],[111.6325,-0.1205],[111.637,-0.112],[111.628,-0.1045],[111.6115,-0.099],[111.61,-0.091],[111.621,-0.084]]]},"properties":{"code":"61.05.07.2003","name":"Gandis","latitude":-0.13093169110000505,"longitude":111.60897391381091}},{"type":"Feature","geometry":{"type":"Polygon","coordinates":[[[111.679,-0.102],[111.676,-0.101],[111.6675,-0.085],[111.657,-0.089],[111.6485,-0.1085],[111.638,-0.1105],[111.6325,-0.1205],[111.6315,-0.1265],[111.636,-0.1765],[111.637,-0.175],[111.644,-0.1665],[111.654,-0.165],[111.6545,-0.165],[111.6525,-0.1515],[111.654,-0.1495],[111.6615,-0.147],[111.671,-0.13],[111.6745,-0.1075],[111.679,-0.102]]]},"properties":{"code":"61.05.07.2004","name":"Sungai Mali","latitude":-0.12716537267944217,"longitude":111.6524550788498}},{"type":"Feature","geometry":{"type":"Polygon","coordinates":[[[111.7325,0.036],[111.722,0.032],[111.712,0.041],[111.712,0.042],[111.697,0.025],[111.6985,0.002],[111.6895,-0.0065],[111.67,-0.0085],[111.668,-0.0055],[111.665,-0.0075],[111.6615,-0.0245],[111.702,-0.0265],[111.7075,-0.0335],[111.7295,-0.0235],[111.7335,-0.023],[111.741,-0.0245],[111.742,-0.0235],[111.7545,-0.017],[111.757,-0.017],[111.758,-0.0175],[111.7585,-0.0175],[111.76,-0.015],[111.7585,0.0045],[111.7585,0.008],[111.7545,0.009],[111.749,0.009],[111.7445,0.0095],[111.7515,0.035],[111.746,0.035],[111.733,0.036],[111.7325,0.036]]]},"properties":{"code":"61.05.07.2005","name":"Riguk","latitude":-0.000388082176038361,"longitude":111.71777714843142}},{"type":"Feature","geometry":{"type":"Polygon","coordinates":[[[111.697,0.025],[111.6785,0.025],[111.669,0.042],[111.6695,0.0455],[111.6505,0.029],[111.65,0.028],[111.649,0.025],[111.6475,0.0165],[111.661,0.007],[111.666,-0.001],[111.67,-0.0085],[111.6895,-0.0065],[111.6985,0.002],[111.697,0.025]]]},"properties":{"code":"61.05.07.2006","name":"Pengkadan Baru","latitude":0.014994310093999662,"longitude":111.6742888281527}},{"type":"Feature","geometry":{"type":"Polygon","coordinates":[[[111.7115,0.0635],[111.7005,0.0695],[111.6945,0.0705],[111.6925,0.0655],[111.6795,0.058],[111.67,0.047],[111.669,0.042],[111.6785,0.025],[111.697,0.025],[111.712,0.042],[111.7115,0.043],[111.71,0.0545],[111.7105,0.0575],[111.711,0.061],[111.7115,0.0635]]]},"properties":{"code":"61.05.07.2007","name":"Tauk","latitude":0.04581857354307637,"longitude":111.69224220663017}},{"type":"Feature","geometry":{"type":"Polygon","coordinates":[[[111.758,0.0885],[111.744,0.085],[111.733,0.08],[111.728,0.078],[111.7225,0.046],[111.732,0.0365],[111.733,0.036],[111.746,0.035],[111.7595,0.0345],[111.768,0.0475],[111.7735,0.0555],[111.7595,0.0755],[111.758,0.0885]]]},"properties":{"code":"61.05.07.2008","name":"Empaci","latitude":0.058743214479973015,"longitude":111.74668702488762}},{"type":"Feature","geometry":{"type":"Polygon","coordinates":[[[111.78,0.0395],[111.779,0.051],[111.7785,0.0545],[111.7735,0.0555],[111.768,0.0475],[111.7595,0.0345],[111.763,0.0305],[111.765,0.0255],[111.765,0.025],[111.766,0.0225],[111.766,0.0155],[111.771,0.0145],[111.788,-0.005],[111.789,-0.0135],[111.7825,-0.0175],[111.79,-0.0175],[111.793,-0.017],[111.802,-0.0155],[111.8045,-0.016],[111.8085,-0.001],[111.8075,0.0125],[111.801,0.027],[111.801,0.0315],[111.78,0.0395]]]},"properties":{"code":"61.05.07.2009","name":"Baras","latitude":0.017884600945775406,"longitude":111.78609450047082}},{"type":"Feature","geometry":{"type":"Polygon","coordinates":[[[111.7545,-0.045],[111.741,-0.037],[111.722,-0.0585],[111.726,-0.063],[111.727,-0.0675],[111.75,-0.073],[111.755,-0.062],[111.753,-0.058],[111.7545,-0.045]]]},"properties":{"code":"61.05.07.2010","name":"Pengkadan Sungai Rupa","latitude":-0.05615326444407695,"longitude":111.74074966791513}},{"type":"Feature","geometry":{"type":"Polygon","coordinates":[[[111.7775,-0.0655],[111.7805,-0.0485],[111.7785,-0.0315],[111.7755,-0.0245],[111.7745,-0.0255],[111.767,-0.026],[111.7635,-0.0395],[111.7565,-0.045],[111.7545,-0.045],[111.753,-0.058],[111.756,-0.063],[111.7735,-0.0655],[111.7775,-0.0655]]]},"properties":{"code":"61.05.07.2011","name":"Kumpang","latitude":-0.048254118125021284,"longitude":111.7681562917348}},{"type":"Feature","geometry":{"type":"Polygon","coordinates":[[[111.787,0.1015],[111.765,0.0885],[111.758,0.0885],[111.7595,0.0755],[111.7735,0.0555],[111.7785,0.0545],[111.779,0.051],[111.78,0.0395],[111.8165,0.0535],[111.817,0.064],[111.813,0.077],[111.7985,0.099],[111.787,0.1015]]]},"properties":{"code":"61.05.07.2012","name":"Mangat Baru","latitude":0.0716155345154821,"longitude":111.7891668277615}},{"type":"Feature","geometry":{"type":"Polygon","coordinates":[[[111.883,0.0635],[111.8665,0.0755],[111.842,0.0755],[111.8395,0.075],[111.834,0.072],[111.817,0.064],[111.8165,0.0535],[111.8225,0.0475],[111.839,0.041],[111.852,0.0465],[111.8545,0.0495],[111.883,0.0635]]]},"properties":{"code":"61.05.07.2013","name":"Menaong Baru","latitude":0.06003727842264416,"longitude":111.84544348294885}},{"type":"Feature","geometry":{"type":"Polygon","coordinates":[[[111.855,0.1245],[111.845,0.131],[111.8385,0.127],[111.83,0.1225],[111.814,0.1135],[111.7985,0.099],[111.813,0.077],[111.817,0.064],[111.834,0.072],[111.8395,0.075],[111.842,0.0755],[111.853,0.0885],[111.854,0.0965],[111.8585,0.112],[111.855,0.1245]]]},"properties":{"code":"61.05.07.2014","name":"Emparu Baru","latitude":0.09897255435513116,"longitude":111.83143523100921}},{"type":"Feature","geometry":{"type":"Polygon","coordinates":[[[111.5805,-0.035],[111.556,-0.0335],[111.5355,-0.0465],[111.543,-0.0485],[111.5405,-0.076],[111.544,-0.0855],[111.5695,-0.0985],[111.5685,-0.0905],[111.5875,-0.0885],[111.5905,-0.0765],[111.59,-0.074],[111.59,-0.0605],[111.602,-0.0545],[111.578,-0.0475],[111.5805,-0.035]]]},"properties":{"code":"61.05.07.2015","name":"Lundang Baru","latitude":-0.06423694430989317,"longitude":111.56638329603001}},{"type":"Feature","geometry":{"type":"Polygon","coordinates":[[[111.722,-0.0585],[111.7055,-0.0515],[111.699,-0.0375],[111.6895,-0.038],[111.6825,-0.053],[111.6725,-0.0615],[111.665,-0.081],[111.676,-0.101],[111.711,-0.1105],[111.723,-0.106],[111.729,-0.0965],[111.7305,-0.0825],[111.726,-0.063],[111.722,-0.0585]]]},"properties":{"code":"61.05.07.2016","name":"Penyak Lalang","latitude":-0.0776680363185374,"longitude":111.69943151726729}},{"type":"Feature","geometry":{"type":"Polygon","coordinates":[[[111.8525,0.047],[111.852,0.0465],[111.839,0.041],[111.8225,0.0475],[111.8165,0.0535],[111.78,0.0395],[111.801,0.0315],[111.801,0.027],[111.8055,0.0175],[111.8085,0.0155],[111.8135,0.0125],[111.822,0.0075],[111.8255,0.006],[111.837,0.0115],[111.844,0.0205],[111.85,0.0275],[111.8525,0.047]]]},"properties":{"code":"61.05.07.2017","name":"Umin Jaya","latitude":0.030588336655252506,"longitude":111.82204275162647}},{"type":"Feature","geometry":{"type":"Polygon","coordinates":[[[111.8855,0.0665],[111.8895,0.093],[111.871,0.1025],[111.854,0.0965],[111.853,0.0885],[111.842,0.0755],[111.8665,0.0755],[111.883,0.0635],[111.8855,0.0665]]]},"properties":{"code":"61.05.07.2018","name":"Merempit Baru","latitude":0.08450646819798094,"longitude":111.87089712752164}},{"type":"Feature","geometry":{"type":"Polygon","coordinates":[[[111.6545,-0.042],[111.6425,-0.045],[111.6245,-0.0435],[111.6195,-0.0395],[111.602,-0.0545],[111.59,-0.0605],[111.59,-0.074],[111.5905,-0.075],[111.605,-0.075],[111.621,-0.084],[111.6295,-0.078],[111.625,-0.07],[111.625,-0.0685],[111.626,-0.0645],[111.6485,-0.0595],[111.6575,-0.046],[111.655,-0.0415],[111.6545,-0.042]]]},"properties":{"code":"61.05.07.2019","name":"Dedai Kanan","latitude":-0.06007239733425958,"longitude":111.62154345438846}},{"type":"Feature","geometry":{"type":"Polygon","coordinates":[[[111.6225,-0.0145],[111.6105,-0.0175],[111.6105,-0.025],[111.5975,-0.0355],[111.5805,-0.035],[111.578,-0.0475],[111.602,-0.0545],[111.6195,-0.0395],[111.639,-0.0285],[111.629,-0.015],[111.6225,-0.0145]]]},"properties":{"code":"61.05.07.2020","name":"Sungai Tapang","latitude":-0.03477445826824444,"longitude":111.61006565600177}},{"type":"Feature","geometry":{"type":"Polygon","coordinates":[[[111.659,-0.0885],[111.6565,-0.0845],[111.6535,-0.082],[111.6465,-0.0785],[111.6295,-0.078],[111.621,-0.084],[111.61,-0.091],[111.6115,-0.099],[111.628,-0.1045],[111.637,-0.112],[111.638,-0.1105],[111.6485,-0.1085],[111.657,-0.089],[111.659,-0.0885]]]},"properties":{"code":"61.05.07.2021","name":"Gandis Hulu","latitude":-0.0934530172362189,"longitude":111.63574635723195}},{"type":"Feature","geometry":{"type":"Polygon","coordinates":[[[111.8045,-0.016],[111.802,-0.0155],[111.793,-0.017],[111.79,-0.0175],[111.7825,-0.0175],[111.781,-0.0185],[111.7765,-0.024],[111.7755,-0.0245],[111.7785,-0.0315],[111.7805,-0.0485],[111.7775,-0.0655],[111.7795,-0.0655],[111.803,-0.0615],[111.8075,-0.057],[111.8075,-0.0615],[111.807,-0.0635],[111.808,-0.064],[111.81,-0.0615],[111.811,-0.0535],[111.8125,-0.037],[111.8125,-0.023],[111.8045,-0.016]]]},"properties":{"code":"61.05.07.2022","name":"Hulu Dedai","latitude":-0.03922981761718975,"longitude":111.79522742358003}},{"type":"Feature","geometry":{"type":"Polygon","coordinates":[[[111.766,0.0155],[111.758,0.01],[111.7585,0.0045],[111.76,-0.015],[111.7585,-0.0175],[111.758,-0.0175],[111.757,-0.017],[111.7545,-0.017],[111.742,-0.0235],[111.7395,-0.026],[111.7365,-0.029],[111.736,-0.0315],[111.7375,-0.035],[111.7565,-0.045],[111.7635,-0.0395],[111.767,-0.026],[111.7745,-0.0255],[111.775,-0.0245],[111.7765,-0.024],[111.781,-0.0185],[111.789,-0.0135],[111.788,-0.005],[111.771,0.0145],[111.766,0.0155]]]},"properties":{"code":"61.05.07.2023","name":"Apin Baru","latitude":-0.016119551834028915,"longitude":111.76407037959443}},{"type":"Feature","geometry":{"type":"Polygon","coordinates":[[[111.741,-0.0245],[111.7335,-0.023],[111.7295,-0.0235],[111.7075,-0.0335],[111.702,-0.0265],[111.6615,-0.0245],[111.6545,-0.042],[111.655,-0.0415],[111.656,-0.0435],[111.674,-0.0405],[111.6875,-0.042],[111.6895,-0.038],[111.699,-0.0375],[111.7055,-0.0515],[111.722,-0.0585],[111.741,-0.037],[111.7375,-0.035],[111.736,-0.0315],[111.7365,-0.029],[111.7395,-0.026],[111.741,-0.0245]]]},"properties":{"code":"61.05.07.2024","name":"Jangkang","latitude":-0.03681766300912636,"longitude":111.70271889742132}},{"type":"Feature","geometry":{"type":"Polygon","coordinates":[[[111.7595,0.0345],[111.7515,0.035],[111.7445,0.0095],[111.749,0.009],[111.7545,0.009],[111.7585,0.008],[111.758,0.01],[111.766,0.0155],[111.766,0.0225],[111.765,0.025],[111.765,0.0255],[111.763,0.0305],[111.7595,0.0345]]]},"properties":{"code":"61.05.07.2025","name":"Belinyuk Sibau","latitude":0.020047841506377177,"longitude":111.75422956167553}},{"type":"Feature","geometry":{"type":"Polygon","coordinates":[[[111.711,-0.1105],[111.679,-0.102],[111.6745,-0.1075],[111.671,-0.13],[111.6615,-0.147],[111.654,-0.1495],[111.6525,-0.1515],[111.6545,-0.165],[111.671,-0.157],[111.679,-0.143],[111.6835,-0.1425],[111.684,-0.142],[111.685,-0.142],[111.6855,-0.14],[111.685,-0.1315],[111.7035,-0.1305],[111.7155,-0.1135],[111.7175,-0.112],[111.711,-0.1105]]]},"properties":{"code":"61.05.07.2026","name":"Mengkirai Jaya","latitude":-0.12931207610558096,"longitude":111.68206384698172}},{"type":"Feature","geometry":{"type":"Polygon","coordinates":[[[111.7325,0.036],[111.732,0.0365],[111.7225,0.046],[111.728,0.078],[111.72,0.075],[111.7085,0.074],[111.7105,0.0685],[111.712,0.066],[111.711,0.061],[111.7105,0.0575],[111.71,0.0545],[111.7115,0.043],[111.712,0.041],[111.722,0.032],[111.7325,0.036]]]},"properties":{"code":"61.05.07.2027","name":"Terusan","latitude":0.05510139274022633,"longitude":111.71904982182816}},{"type":"Feature","geometry":{"type":"Polygon","coordinates":[[[111.6355,0.0005],[111.626,0.005],[111.623,0.006],[111.6165,0.006],[111.6105,0.0015],[111.6105,-0.0175],[111.6225,-0.0145],[111.64,-0.0075],[111.6355,0.0005]]]},"properties":{"code":"61.05.07.2028","name":"Tanjung","latitude":-0.004124529062524627,"longitude":111.62255585563297}},{"type":"Feature","geometry":{"type":"Polygon","coordinates":[[[111.6495,0.027],[111.6425,0.0315],[111.6415,0.029],[111.6345,0.0165],[111.62,0.026],[111.6175,0.01],[111.6165,0.006],[111.623,0.006],[111.626,0.005],[111.6355,0.0005],[111.6365,0.002],[111.6385,0.002],[111.64,0.001],[111.6475,0.0165],[111.649,0.025],[111.6495,0.027]]]},"properties":{"code":"61.05.07.2029","name":"Batu Landung","latitude":0.01487502288323731,"longitude":111.63328835057871}},{"type":"Feature","geometry":{"type":"Polygon","coordinates":[[[111.6945,0.0705],[111.693,0.0705],[111.6795,0.067],[111.658,0.071],[111.658,0.0555],[111.644,0.0355],[111.6425,0.0315],[111.6495,0.027],[111.6505,0.029],[111.6695,0.0455],[111.67,0.047],[111.6795,0.058],[111.6925,0.0655],[111.6945,0.0705]]]},"properties":{"code":"61.05.07.2030","name":"Samak","latitude":0.05392540685379701,"longitude":111.66562850819496}},{"type":"Feature","geometry":{"type":"Polygon","coordinates":[[[111.6615,-0.0245],[111.665,-0.0075],[111.6505,-0.0135],[111.6495,-0.021],[111.6385,-0.0285],[111.639,-0.0285],[111.6195,-0.0395],[111.6245,-0.0435],[111.6425,-0.045],[111.6545,-0.042],[111.6615,-0.0245]]]},"properties":{"code":"61.05.07.2031","name":"Manyam","latitude":-0.030534348668275174,"longitude":111.64789594778098}},{"type":"Feature","geometry":{"type":"Polygon","coordinates":[[[111.934,-0.104],[111.925,-0.102],[111.924,-0.102],[111.916,-0.1075],[111.916,-0.1095],[111.918,-0.111],[111.9205,-0.115],[111.902,-0.1225],[111.933,-0.133],[111.934,-0.124],[111.934,-0.104]]]},"properties":{"code":"61.05.08.2001","name":"Nanga Mau","latitude":-0.11805558020576866,"longitude":111.9229528443666}},{"type":"Feature","geometry":{"type":"Polygon","coordinates":[[[111.9875,-0.147],[111.9805,-0.1255],[111.9865,-0.108],[111.934,-0.124],[111.933,-0.133],[111.9325,-0.1535],[111.94,-0.1655],[111.952,-0.1665],[111.9815,-0.1555],[111.9875,-0.147]]]},"properties":{"code":"61.05.08.2002","name":"Jambu","latitude":-0.1390863701707487,"longitude":111.95904375048657}},{"type":"Feature","geometry":{"type":"Polygon","coordinates":[[[112.0085,-0.0475],[112.018,-0.0355],[112.0255,-0.0045],[111.9835,-0.01],[111.983,-0.0235],[111.984,-0.041],[111.989,-0.0495],[112.0085,-0.0475]]]},"properties":{"code":"61.05.08.2003","name":"Tertung Mau","latitude":-0.02556569483101749,"longitude":112.00232608057614}},{"type":"Feature","geometry":{"type":"Polygon","coordinates":[[[111.8625,-0.121],[111.8375,-0.1105],[111.817,-0.1075],[111.7885,-0.1115],[111.7925,-0.1205],[111.7925,-0.129],[111.865,-0.13],[111.8625,-0.121]]]},"properties":{"code":"61.05.08.2004","name":"Mentunai","latitude":-0.11983031241197271,"longitude":111.82510945641864}},{"type":"Feature","geometry":{"type":"Polygon","coordinates":[[[111.8935,-0.068],[111.8925,-0.0685],[111.8895,-0.068],[111.882,-0.0665],[111.871,-0.056],[111.859,-0.05],[111.859,-0.0435],[111.8355,-0.071],[111.843,-0.0865],[111.8545,-0.097],[111.871,-0.1035],[111.8855,-0.1055],[111.8935,-0.085],[111.8945,-0.0795],[111.8945,-0.073],[111.8935,-0.068]]]},"properties":{"code":"61.05.08.2005","name":"Tuguk","latitude":-0.07831658685975146,"longitude":111.86652232254548}},{"type":"Feature","geometry":{"type":"Polygon","coordinates":[[[111.755,-0.1275],[111.738,-0.115],[111.7215,-0.1095],[111.7155,-0.1135],[111.7035,-0.1305],[111.715,-0.153],[111.7275,-0.148],[111.727,-0.166],[111.7325,-0.174],[111.748,-0.182],[111.7475,-0.1835],[111.7465,-0.1865],[111.7595,-0.1885],[111.7605,-0.1885],[111.761,-0.187],[111.7605,-0.1865],[111.7615,-0.1865],[111.762,-0.187],[111.766,-0.1815],[111.765,-0.1825],[111.765,-0.181],[111.764,-0.1805],[111.762,-0.1795],[111.7835,-0.1795],[111.7845,-0.182],[111.794,-0.19],[111.796,-0.1905],[111.808,-0.1805],[111.798,-0.1615],[111.796,-0.149],[111.7695,-0.1375],[111.755,-0.1275]]]},"properties":{"code":"61.05.08.2006","name":"Natai Tebedak","latitude":-0.1525139722533753,"longitude":111.75402104136036}},{"type":"Feature","geometry":{"type":"Polygon","coordinates":[[[111.937,-0.0185],[111.9315,-0.0205],[111.93,-0.021],[111.9295,-0.021],[111.923,-0.0235],[111.9215,-0.0235],[111.9165,-0.026],[111.8885,0.0005],[111.8875,-0.01],[111.879,-0.0175],[111.87,-0.0425],[111.859,-0.0435],[111.859,-0.05],[111.871,-0.056],[111.882,-0.0665],[111.8895,-0.068],[111.8925,-0.0685],[111.894,-0.068],[111.895,-0.068],[111.9075,-0.0725],[111.907,-0.07],[111.9065,-0.0665],[111.9085,-0.065],[111.918,-0.065],[111.918,-0.0435],[111.94,-0.0365],[111.937,-0.0185]]]},"properties":{"code":"61.05.08.2007","name":"Nyangkom","latitude":-0.03943115375818256,"longitude":111.89808446229608}},{"type":"Feature","geometry":{"type":"Polygon","coordinates":[[[111.9705,0.0795],[111.9565,0.0735],[111.954,0.047],[111.953,0.0345],[111.9815,0.047],[112.0065,0.0445],[112.0065,0.0645],[111.9925,0.064],[111.9705,0.0795]]]},"properties":{"code":"61.05.08.2008","name":"Melingkat","latitude":0.05782960484047722,"longitude":111.97652771856092}},{"type":"Feature","geometry":{"type":"Polygon","coordinates":[[[111.902,0.0295],[111.8985,0.035],[111.894,0.0065],[111.8885,0.0005],[111.9165,-0.026],[111.9215,-0.0235],[111.923,-0.0235],[111.9295,-0.021],[111.93,-0.021],[111.9315,-0.0205],[111.937,-0.0185],[111.9365,-0.0155],[111.939,-0.0035],[111.9185,0.0065],[111.9075,0.0165],[111.902,0.0295]]]},"properties":{"code":"61.05.08.2009","name":"Nanga Tikan","latitude":-0.0022607502554748892,"longitude":111.9125382070245}},{"type":"Feature","geometry":{"type":"Polygon","coordinates":[[[111.9385,0.0345],[111.939,0.039],[111.9265,0.0315],[111.9285,0.0245],[111.9265,0.024],[111.912,0.0245],[111.9095,0.022],[111.9065,0.0205],[111.9055,0.021],[111.9075,0.0165],[111.9185,0.0065],[111.9295,0.0115],[111.9335,0.032],[111.9385,0.0345]]]},"properties":{"code":"61.05.08.2010","name":"Pelaik","latitude":0.018833923375230134,"longitude":111.92127808071339}},{"type":"Feature","geometry":{"type":"Polygon","coordinates":[[[111.9295,0.0865],[111.9085,0.1025],[111.903,0.0825],[111.895,0.0735],[111.8915,0.071],[111.8985,0.063],[111.9125,0.062],[111.9195,0.0475],[111.9265,0.0535],[111.9295,0.0865]]]},"properties":{"code":"61.05.08.2011","name":"Kerapa Sepan","latitude":0.07492457413697837,"longitude":111.9146739807355}},{"type":"Feature","geometry":{"type":"Polygon","coordinates":[[[111.992,0.121],[111.978,0.1175],[111.9585,0.092],[111.9705,0.0795],[111.9925,0.064],[112.015,0.065],[112.028,0.0685],[112.009,0.109],[112.008,0.116],[111.992,0.121]]]},"properties":{"code":"61.05.08.2012","name":"Sungai Buaya","latitude":0.0911415959869936,"longitude":111.99336751430647}},{"type":"Feature","geometry":{"type":"Polygon","coordinates":[[[112.1145,0.064],[112.092,0.0645],[112.067,0.0775],[112.0455,0.078],[112.028,0.0685],[112.015,0.065],[112.0065,0.0645],[112.0065,0.0445],[112.0035,0.0245],[112.0335,0.0035],[112.036,-0.0015],[112.049,0.0015],[112.0545,0.0015],[112.0945,0.049],[112.1065,0.047],[112.114,0.0595],[112.1145,0.064]]]},"properties":{"code":"61.05.08.2013","name":"Pakak","latitude":0.04290497606232291,"longitude":112.04988350641162}},{"type":"Feature","geometry":{"type":"Polygon","coordinates":[[[112.0535,0.143],[112.052,0.144],[112.0475,0.144],[112.0345,0.138],[112.0225,0.123],[112.008,0.116],[112.009,0.109],[112.028,0.0685],[112.0455,0.078],[112.067,0.0775],[112.092,0.0645],[112.1145,0.064],[112.1155,0.067],[112.122,0.0785],[112.129,0.088],[112.126,0.09],[112.1115,0.0895],[112.1095,0.0985],[112.1005,0.104],[112.094,0.117],[112.0925,0.119],[112.0805,0.1185],[112.064,0.125],[112.0485,0.1345],[112.053,0.142],[112.0535,0.143]]]},"properties":{"code":"61.05.08.2014","name":"Sungai Sintang","latitude":0.09879140379188636,"longitude":112.0629752699148}},{"type":"Feature","geometry":{"type":"Polygon","coordinates":[[[112.0375,0.1855],[112.0115,0.1945],[111.9895,0.1915],[111.9875,0.1795],[111.973,0.1645],[111.9685,0.163],[111.965,0.156],[111.977,0.135],[111.992,0.121],[111.9955,0.1375],[111.9935,0.1465],[112.0265,0.145],[112.0345,0.138],[112.0475,0.144],[112.052,0.144],[112.0535,0.143],[112.0545,0.145],[112.059,0.156],[112.054,0.162],[112.0615,0.1745],[112.0585,0.18],[112.0375,0.1855]]]},"properties":{"code":"61.05.08.2015","name":"Sungai Garong","latitude":0.1629400185965073,"longitude":112.01273480043815}},{"type":"Feature","geometry":{"type":"Polygon","coordinates":[[[111.8985,0.035],[111.8975,0.037],[111.883,0.0635],[111.8545,0.0495],[111.8525,0.047],[111.85,0.0275],[111.844,0.0205],[111.8405,0.016],[111.8885,0.0005],[111.894,0.0065],[111.8985,0.035]]]},"properties":{"code":"61.05.08.2016","name":"Paoh Desa","latitude":0.03041105884267317,"longitude":111.87378879206085}},{"type":"Feature","geometry":{"type":"Polygon","coordinates":[[[111.966,-0.062],[111.9515,-0.074],[111.94,-0.0585],[111.94,-0.0365],[111.918,-0.0435],[111.918,-0.065],[111.9085,-0.065],[111.9065,-0.0665],[111.907,-0.07],[111.9075,-0.071],[111.921,-0.08],[111.9285,-0.0975],[111.9355,-0.0995],[111.9455,-0.0815],[111.961,-0.073],[111.968,-0.065],[111.966,-0.062]]]},"properties":{"code":"61.05.08.2017","name":"Jaya Sakti","latitude":-0.06780435361036646,"longitude":111.93225600586307}},{"type":"Feature","geometry":{"type":"Polygon","coordinates":[[[111.9075,-0.071],[111.9075,-0.0725],[111.895,-0.068],[111.8945,-0.068],[111.8935,-0.068],[111.8945,-0.073],[111.8945,-0.0795],[111.8935,-0.085],[111.8855,-0.1055],[111.8795,-0.1155],[111.8855,-0.1365],[111.8845,-0.153],[111.8915,-0.1495],[111.8925,-0.1495],[111.9,-0.1435],[111.8955,-0.135],[111.902,-0.1225],[111.9205,-0.115],[111.918,-0.111],[111.916,-0.1095],[111.916,-0.1075],[111.924,-0.102],[111.925,-0.102],[111.934,-0.104],[111.9355,-0.0995],[111.9285,-0.0975],[111.921,-0.08],[111.9075,-0.071]]]},"properties":{"code":"61.05.08.2018","name":"Mekar Mandiri","latitude":-0.10563398207820049,"longitude":111.90183219931583}},{"type":"Feature","geometry":{"type":"Polygon","coordinates":[[[112.052,-0.0505],[112.063,-0.032],[112.08,-0.0145],[112.092,0.0055],[112.059,0.002],[112.049,0.0015],[112.036,-0.0015],[112.0255,-0.0045],[112.018,-0.0355],[112.0085,-0.0475],[112.0425,-0.048],[112.052,-0.0505]]]},"properties":{"code":"61.05.08.2019","name":"Landau Beringin","latitude":-0.02124416612825063,"longitude":112.04839763747748}},{"type":"Feature","geometry":{"type":"Polygon","coordinates":[[[111.983,-0.017],[111.9835,-0.01],[111.9705,-0.016],[111.9535,-0.032],[111.94,-0.0365],[111.94,-0.0585],[111.9515,-0.074],[111.966,-0.062],[111.9605,-0.0535],[111.9555,-0.0445],[111.973,-0.03],[111.983,-0.017]]]},"properties":{"code":"61.05.08.2020","name":"Karya Baru","latitude":-0.04425599629083048,"longitude":111.95577486829214}},{"type":"Feature","geometry":{"type":"Polygon","coordinates":[[[111.8355,-0.071],[111.83,-0.0575],[111.812,-0.0425],[111.811,-0.0535],[111.81,-0.0615],[111.8075,-0.0645],[111.821,-0.0775],[111.8185,-0.087],[111.8015,-0.094],[111.7885,-0.1115],[111.817,-0.1075],[111.8375,-0.1105],[111.8625,-0.121],[111.8795,-0.1155],[111.8855,-0.1055],[111.871,-0.1035],[111.8545,-0.097],[111.843,-0.0865],[111.8355,-0.071]]]},"properties":{"code":"61.05.08.2021","name":"Bukit Segaloh","latitude":-0.09159512856893726,"longitude":111.8331165827391}},{"type":"Feature","geometry":{"type":"Polygon","coordinates":[[[111.8845,-0.153],[111.8855,-0.1365],[111.8795,-0.1155],[111.8625,-0.121],[111.865,-0.13],[111.8435,-0.1355],[111.8375,-0.1515],[111.856,-0.1635],[111.9065,-0.2025],[111.907,-0.201],[111.9115,-0.192],[111.9165,-0.19],[111.9205,-0.1885],[111.9225,-0.188],[111.9225,-0.1865],[111.929,-0.163],[111.9075,-0.1585],[111.8905,-0.161],[111.8845,-0.153]]]},"properties":{"code":"61.05.08.2022","name":"Engkerangan","latitude":-0.16044202720139455,"longitude":111.88279474460182}},{"type":"Feature","geometry":{"type":"Polygon","coordinates":[[[112.036,-0.0015],[112.0335,0.0035],[112.0035,0.0245],[111.9815,0.0225],[111.9675,-0.006],[111.9705,-0.016],[111.9835,-0.01],[112.0255,-0.0045],[112.036,-0.0015]]]},"properties":{"code":"61.05.08.2023","name":"Lalang Inggar","latitude":0.005203829532222333,"longitude":111.99781712577533}},{"type":"Feature","geometry":{"type":"Polygon","coordinates":[[[111.8405,0.016],[111.837,0.0115],[111.8255,0.006],[111.822,0.0075],[111.8135,0.0125],[111.8085,0.0155],[111.8055,0.0175],[111.8075,0.0125],[111.8085,-0.001],[111.8045,-0.016],[111.8125,-0.023],[111.8345,-0.0285],[111.879,-0.0175],[111.8875,-0.01],[111.8885,0.0005],[111.8405,0.016]]]},"properties":{"code":"61.05.08.2024","name":"Linggam Permai","latitude":-0.006171816146146669,"longitude":111.84394461737944}},{"type":"Feature","geometry":{"type":"Polygon","coordinates":[[[112.023,-0.2035],[112.017,-0.19],[112.015,-0.174],[111.9875,-0.147],[111.9815,-0.1555],[111.952,-0.1665],[111.94,-0.1655],[111.9325,-0.1535],[111.929,-0.163],[111.9225,-0.1865],[111.9225,-0.188],[111.924,-0.188],[111.926,-0.1875],[111.927,-0.1875],[111.931,-0.187],[111.938,-0.187],[111.94,-0.188],[111.962,-0.2015],[111.966,-0.2085],[111.9805,-0.2165],[111.9975,-0.208],[112.023,-0.2195],[112.023,-0.2035]]]},"properties":{"code":"61.05.08.2025","name":"Sungai Menuang","latitude":-0.18410220636262534,"longitude":111.97826689855862}},{"type":"Feature","geometry":{"type":"Polygon","coordinates":[[[111.8375,-0.1515],[111.796,-0.149],[111.798,-0.1615],[111.808,-0.1805],[111.796,-0.1905],[111.801,-0.1995],[111.8115,-0.201],[111.816,-0.2155],[111.8175,-0.214],[111.818,-0.2135],[111.819,-0.2135],[111.829,-0.2085],[111.831,-0.206],[111.856,-0.208],[111.8725,-0.192],[111.8775,-0.204],[111.878,-0.204],[111.881,-0.202],[111.8825,-0.2025],[111.893,-0.212],[111.8935,-0.2095],[111.8925,-0.207],[111.8925,-0.2065],[111.893,-0.2065],[111.8935,-0.207],[111.9055,-0.203],[111.9065,-0.2025],[111.856,-0.1635],[111.8375,-0.1515]]]},"properties":{"code":"61.05.08.2026","name":"Natai Lesung","latitude":-0.18242734063606544,"longitude":111.83896872623954}},{"type":"Feature","geometry":{"type":"Polygon","coordinates":[[[111.7885,-0.1115],[111.781,-0.105],[111.755,-0.1275],[111.7695,-0.1375],[111.7915,-0.147],[111.793,-0.135],[111.7925,-0.1205],[111.7885,-0.1115]]]},"properties":{"code":"61.05.08.2027","name":"Begendang Mal","latitude":-0.12643558375690295,"longitude":111.77850577306843}},{"type":"Feature","geometry":{"type":"Polygon","coordinates":[[[111.808,-0.064],[111.807,-0.0635],[111.8075,-0.0615],[111.8075,-0.057],[111.803,-0.0615],[111.7795,-0.0655],[111.7735,-0.0655],[111.756,-0.063],[111.755,-0.062],[111.75,-0.073],[111.727,-0.0675],[111.7305,-0.0825],[111.729,-0.0965],[111.723,-0.106],[111.711,-0.1105],[111.7175,-0.112],[111.7215,-0.1095],[111.738,-0.115],[111.755,-0.1275],[111.781,-0.105],[111.7885,-0.1115],[111.8015,-0.094],[111.8185,-0.087],[111.821,-0.0775],[111.8075,-0.0645],[111.808,-0.064]]]},"properties":{"code":"61.05.08.2028","name":"Sungai Ranap","latitude":-0.08916045483640142,"longitude":111.76817115790361}},{"type":"Feature","geometry":{"type":"Polygon","coordinates":[[[111.9865,-0.108],[111.9905,-0.099],[111.992,-0.055],[111.968,-0.065],[111.961,-0.073],[111.9455,-0.0815],[111.9355,-0.0995],[111.934,-0.104],[111.934,-0.124],[111.9865,-0.108]]]},"properties":{"code":"61.05.08.2029","name":"Lengkong Bindu","latitude":-0.09161895415621865,"longitude":111.96506695145372}},{"type":"Feature","geometry":{"type":"Polygon","coordinates":[[[111.865,-0.13],[111.7925,-0.129],[111.793,-0.135],[111.7915,-0.147],[111.796,-0.149],[111.8375,-0.1515],[111.8435,-0.1355],[111.865,-0.13]]]},"properties":{"code":"61.05.08.2030","name":"Nanga Lidau","latitude":-0.13881661363316297,"longitude":111.8201287039343}},{"type":"Feature","geometry":{"type":"Polygon","coordinates":[[[111.9585,0.092],[111.9385,0.1045],[111.9315,0.1175],[111.9105,0.1115],[111.9085,0.1025],[111.9295,0.0865],[111.947,0.072],[111.9565,0.0735],[111.9705,0.0795],[111.9585,0.092]]]},"properties":{"code":"61.05.08.2031","name":"Mengkirai","latitude":0.09442340185729246,"longitude":111.93710825661356}},{"type":"Feature","geometry":{"type":"Polygon","coordinates":[[[111.9195,0.0475],[111.9125,0.062],[111.8985,0.063],[111.8915,0.071],[111.8855,0.0665],[111.883,0.0635],[111.8975,0.037],[111.902,0.0295],[111.906,0.034],[111.918,0.046],[111.9195,0.0475]]]},"properties":{"code":"61.05.08.2032","name":"Tanjung Keliling","latitude":0.05167813016023675,"longitude":111.90101506042699}},{"type":"Feature","geometry":{"type":"Polygon","coordinates":[[[111.9425,0.0525],[111.941,0.053],[111.9265,0.0535],[111.918,0.046],[111.906,0.034],[111.902,0.0295],[111.9055,0.021],[111.9065,0.0205],[111.9095,0.022],[111.912,0.0245],[111.9265,0.024],[111.9285,0.0245],[111.9265,0.0315],[111.939,0.039],[111.9425,0.0525]]]},"properties":{"code":"61.05.08.2033","name":"Buluk Jegara","latitude":0.03761990577394065,"longitude":111.92275903154238}},{"type":"Feature","geometry":{"type":"Polygon","coordinates":[[[111.954,0.047],[111.948,0.0515],[111.9425,0.0525],[111.939,0.039],[111.9385,0.0345],[111.953,0.0345],[111.954,0.047]]]},"properties":{"code":"61.05.08.2034","name":"Buluk Panjang","latitude":0.04215679141518895,"longitude":111.94651557519974}},{"type":"Feature","geometry":{"type":"Polygon","coordinates":[[[111.953,0.0345],[111.9385,0.0345],[111.9335,0.032],[111.9295,0.0115],[111.9185,0.0065],[111.939,-0.0035],[111.936,0.0065],[111.9515,0.0125],[111.9515,0.028],[111.9525,0.0295],[111.954,0.03],[111.9545,0.031],[111.953,0.0345]]]},"properties":{"code":"61.05.08.2035","name":"Tanjung Putar","latitude":0.017041748918932186,"longitude":111.93855583995905}},{"type":"Feature","geometry":{"type":"Polygon","coordinates":[[[111.983,-0.017],[111.973,-0.03],[111.9555,-0.0445],[111.9605,-0.0535],[111.968,-0.065],[111.992,-0.055],[111.984,-0.041],[111.983,-0.0235],[111.983,-0.017]]]},"properties":{"code":"61.05.08.2036","name":"Sungai Emang","latitude":-0.043817348027071615,"longitude":111.97414228055351}},{"type":"Feature","geometry":{"type":"Polygon","coordinates":[[[111.9815,0.0225],[111.9615,0.027],[111.9555,0.0315],[111.954,0.03],[111.9525,0.0295],[111.9515,0.028],[111.9515,0.0125],[111.936,0.0065],[111.939,-0.0035],[111.9365,-0.0155],[111.94,-0.0365],[111.9535,-0.032],[111.9705,-0.016],[111.9675,-0.006],[111.9815,0.0225]]]},"properties":{"code":"61.05.08.2037","name":"Sungai Meraya","latitude":-0.0020414247216287815,"longitude":111.95584007470717}},{"type":"Feature","geometry":{"type":"Polygon","coordinates":[[[112.0065,0.0445],[111.9815,0.047],[111.953,0.0345],[111.9545,0.031],[111.9555,0.0315],[111.9615,0.027],[111.9815,0.0225],[112.0035,0.0245],[112.0065,0.0445]]]},"properties":{"code":"61.05.08.2038","name":"Kempas Raya","latitude":0.03453019314262265,"longitude":111.98328308855532}},{"type":"Feature","geometry":{"type":"Polygon","coordinates":[[[111.859,-0.0435],[111.87,-0.0425],[111.879,-0.0175],[111.8345,-0.0285],[111.8125,-0.023],[111.8125,-0.037],[111.812,-0.0425],[111.83,-0.0575],[111.8355,-0.071],[111.859,-0.0435]]]},"properties":{"code":"61.05.08.2039","name":"Ipoh Emang","latitude":-0.03918043574304386,"longitude":111.84313459911924}},{"type":"Feature","geometry":{"type":"Polygon","coordinates":[[[111.9565,0.0735],[111.947,0.072],[111.9295,0.0865],[111.9265,0.0535],[111.941,0.053],[111.948,0.0515],[111.954,0.047],[111.9565,0.0735]]]},"properties":{"code":"61.05.08.2040","name":"Sungai Pengga","latitude":0.06487846648527379,"longitude":111.94087141654457}},{"type":"Feature","geometry":{"type":"Polygon","coordinates":[[[112.0345,0.138],[112.0265,0.145],[111.9935,0.1465],[111.9955,0.1375],[111.992,0.121],[112.008,0.116],[112.0225,0.123],[112.0345,0.138]]]},"properties":{"code":"61.05.08.2041","name":"Batu Netak","latitude":0.13312673295073563,"longitude":112.01060899738462}},{"type":"Feature","geometry":{"type":"Polygon","coordinates":[[[111.992,0.121],[111.977,0.135],[111.965,0.156],[111.9475,0.148],[111.926,0.142],[111.916,0.124],[111.9105,0.1115],[111.9315,0.1175],[111.9385,0.1045],[111.9585,0.092],[111.978,0.1175],[111.992,0.121]]]},"properties":{"code":"61.05.08.2042","name":"Neran Baya","latitude":0.1255642108521163,"longitude":111.95127059637232}},{"type":"Feature","geometry":{"type":"Polygon","coordinates":[[[111.933,-0.133],[111.902,-0.1225],[111.8955,-0.135],[111.9,-0.1435],[111.8925,-0.1495],[111.8915,-0.1495],[111.8845,-0.153],[111.8905,-0.161],[111.9075,-0.1585],[111.929,-0.163],[111.9325,-0.1535],[111.933,-0.133]]]},"properties":{"code":"61.05.08.2043","name":"Monbai Begununk","latitude":-0.1448049043401769,"longitude":111.9121814257423}},{"type":"Feature","geometry":{"type":"Polygon","coordinates":[[[112.1,-0.135],[112.083,-0.1295],[112.0785,-0.138],[112.0785,-0.145],[112.0805,-0.1465],[112.0865,-0.1555],[112.0885,-0.1565],[112.0925,-0.1555],[112.095,-0.14],[112.1,-0.135]]]},"properties":{"code":"61.05.09.2001","name":"Nanga Tebidah","latitude":-0.14192299562115804,"longitude":112.08816798119483}},{"type":"Feature","geometry":{"type":"Polygon","coordinates":[[[112.0315,-0.1165],[112.028,-0.1165],[111.9865,-0.108],[111.9805,-0.1255],[111.9875,-0.147],[111.9955,-0.1455],[112.011,-0.1535],[112.018,-0.152],[112.0225,-0.1365],[112.026,-0.126],[112.0315,-0.1165]]]},"properties":{"code":"61.05.09.2002","name":"Nanga Payak","latitude":-0.12989505735848225,"longitude":112.0038062373428}},{"type":"Feature","geometry":{"type":"Polygon","coordinates":[[[112.071,-0.0985],[112.0645,-0.0965],[112.058,-0.091],[112.0435,-0.1105],[112.0365,-0.1165],[112.036,-0.1165],[112.041,-0.124],[112.041,-0.1255],[112.028,-0.1385],[112.031,-0.1565],[112.0455,-0.168],[112.049,-0.1965],[112.0565,-0.1925],[112.061,-0.184],[112.0605,-0.1535],[112.0655,-0.1305],[112.074,-0.107],[112.071,-0.0985]]]},"properties":{"code":"61.05.09.2003","name":"Tanjung Bunga","latitude":-0.13751372362437567,"longitude":112.05172216814509}},{"type":"Feature","geometry":{"type":"Polygon","coordinates":[[[112.052,-0.0505],[112.0425,-0.048],[112.0085,-0.0475],[111.989,-0.0495],[111.992,-0.055],[112.0485,-0.0825],[112.058,-0.091],[112.0645,-0.0965],[112.077,-0.1005],[112.088,-0.104],[112.0975,-0.086],[112.1005,-0.0605],[112.0985,-0.0605],[112.052,-0.0505]]]},"properties":{"code":"61.05.09.2004","name":"Nanga Toran","latitude":-0.06975217423659925,"longitude":112.05608188690351}},{"type":"Feature","geometry":{"type":"Polygon","coordinates":[[[112.1475,0.089],[112.146,0.0895],[112.146,0.0745],[112.1435,0.071],[112.1425,0.07],[112.139,0.066],[112.13,0.083],[112.1295,0.086],[112.129,0.0875],[112.129,0.088],[112.122,0.0785],[112.1155,0.067],[112.114,0.0595],[112.1065,0.047],[112.0945,0.049],[112.0545,0.0015],[112.059,0.002],[112.092,0.0055],[112.116,0.002],[112.1295,0.018],[112.1475,0.023],[112.1785,0.027],[112.1785,0.0345],[112.159,0.071],[112.151,0.0815],[112.1475,0.089]]]},"properties":{"code":"61.05.09.2005","name":"Riam Panjang","latitude":0.03779730682193147,"longitude":112.12359281077238}},{"type":"Feature","geometry":{"type":"Polygon","coordinates":[[[112.0925,-0.1555],[112.0885,-0.1565],[112.0865,-0.1555],[112.0805,-0.1465],[112.0785,-0.145],[112.0785,-0.138],[112.0605,-0.1535],[112.061,-0.184],[112.0825,-0.2],[112.084,-0.227],[112.089,-0.224],[112.0905,-0.195],[112.0935,-0.181],[112.102,-0.1705],[112.0995,-0.1555],[112.0925,-0.1555]]]},"properties":{"code":"61.05.09.2006","name":"Entogong","latitude":-0.17403880886371223,"longitude":112.07987240993292}},{"type":"Feature","geometry":{"type":"Polygon","coordinates":[[[112.14,-0.2295],[112.1265,-0.223],[112.096,-0.2265],[112.089,-0.224],[112.084,-0.227],[112.088,-0.2415],[112.087,-0.2565],[112.107,-0.2625],[112.1235,-0.2935],[112.1325,-0.304],[112.1475,-0.3085],[112.1685,-0.2985],[112.171,-0.2965],[112.1745,-0.2935],[112.1745,-0.2905],[112.1725,-0.291],[112.167,-0.2865],[112.1625,-0.2815],[112.159,-0.27],[112.1565,-0.245],[112.14,-0.2295]]]},"properties":{"code":"61.05.09.2007","name":"Nanga Tonggoi","latitude":-0.2614211936268274,"longitude":112.12977646683059}},{"type":"Feature","geometry":{"type":"Polygon","coordinates":[[[112.1845,-0.1665],[112.168,-0.162],[112.164,-0.169],[112.159,-0.177],[112.149,-0.1875],[112.125,-0.194],[112.115,-0.1945],[112.1265,-0.223],[112.14,-0.2295],[112.177,-0.2295],[112.171,-0.2185],[112.17,-0.1975],[112.1725,-0.187],[112.1845,-0.1665]]]},"properties":{"code":"61.05.09.2008","name":"Tanjung Lalau","latitude":-0.20272438392847975,"longitude":112.15135635865441}},{"type":"Feature","geometry":{"type":"Polygon","coordinates":[[[112.268,-0.1635],[112.2645,-0.1455],[112.2045,-0.153],[112.1845,-0.1665],[112.1725,-0.187],[112.17,-0.1975],[112.171,-0.2185],[112.177,-0.2295],[112.14,-0.2295],[112.1565,-0.245],[112.159,-0.27],[112.1625,-0.2815],[112.167,-0.2865],[112.1725,-0.291],[112.1745,-0.2905],[112.174,-0.288],[112.175,-0.2855],[112.1745,-0.2785],[112.19,-0.271],[112.191,-0.2705],[112.184,-0.222],[112.1915,-0.2145],[112.207,-0.209],[112.2185,-0.1965],[112.2245,-0.184],[112.223,-0.167],[112.2495,-0.1685],[112.259,-0.167],[112.268,-0.1635]]]},"properties":{"code":"61.05.09.2009","name":"Lintang Tambuk","latitude":-0.2029250178908326,"longitude":112.19691209753894}},{"type":"Feature","geometry":{"type":"Polygon","coordinates":[[[112.358,-0.19],[112.3785,-0.1315],[112.3885,-0.1115],[112.3895,-0.087],[112.394,-0.062],[112.4065,-0.043],[112.428,-0.016],[112.4035,-0.0175],[112.384,-0.021],[112.362,-0.0315],[112.3535,-0.03],[112.3435,-0.028],[112.323,-0.0315],[112.293,-0.0555],[112.311,-0.0695],[112.308,-0.0795],[112.2975,-0.0935],[112.2595,-0.115],[112.264,-0.1405],[112.268,-0.1635],[112.2845,-0.1565],[112.296,-0.179],[112.2995,-0.1945],[112.3095,-0.211],[112.3105,-0.2105],[112.358,-0.19]]]},"properties":{"code":"61.05.09.2010","name":"Nanga Masau","latitude":-0.10915332355328587,"longitude":112.33705454044211}},{"type":"Feature","geometry":{"type":"Polygon","coordinates":[[[112.159,-0.085],[112.166,-0.0635],[112.155,-0.05],[112.1515,-0.038],[112.149,-0.04],[112.1375,-0.039],[112.125,-0.0555],[112.102,-0.06],[112.1005,-0.0605],[112.0975,-0.086],[112.088,-0.104],[112.0905,-0.105],[112.105,-0.1145],[112.1125,-0.136],[112.132,-0.151],[112.1335,-0.129],[112.1385,-0.12],[112.1395,-0.103],[112.1435,-0.0955],[112.159,-0.085]]]},"properties":{"code":"61.05.09.2011","name":"Nanga Ungai","latitude":-0.08737543515292163,"longitude":112.12723735202204}},{"type":"Feature","geometry":{"type":"Polygon","coordinates":[[[112.293,-0.0555],[112.234,-0.0135],[112.232,-0.02],[112.229,-0.0295],[112.2175,-0.042],[112.2135,-0.0525],[112.217,-0.0705],[112.231,-0.087],[112.2435,-0.0955],[112.2595,-0.115],[112.2975,-0.0935],[112.308,-0.0795],[112.311,-0.0695],[112.293,-0.0555]]]},"properties":{"code":"61.05.09.2012","name":"Nanga Abai","latitude":-0.06705742950557862,"longitude":112.25878605703717}},{"type":"Feature","geometry":{"type":"Polygon","coordinates":[[[112.3535,-0.03],[112.3465,-0.013],[112.315,0.001],[112.2985,0.017],[112.294,0.032],[112.296,0.0445],[112.3135,0.0575],[112.301,0.079],[112.2865,0.0645],[112.276,0.062],[112.2685,0.0525],[112.247,0.0415],[112.2395,0.0165],[112.239,0.0055],[112.234,-0.0135],[112.293,-0.0555],[112.323,-0.0315],[112.3435,-0.028],[112.3535,-0.03]]]},"properties":{"code":"61.05.09.2013","name":"Nanga Laar","latitude":0.0034441253446935993,"longitude":112.28427913581697}},{"type":"Feature","geometry":{"type":"Polygon","coordinates":[[[112.3455,0.1005],[112.3425,0.1045],[112.3195,0.101],[112.312,0.101],[112.3065,0.1],[112.3065,0.099],[112.3115,0.092],[112.3115,0.0885],[112.301,0.079],[112.3135,0.0575],[112.296,0.0445],[112.294,0.032],[112.2985,0.017],[112.315,0.001],[112.3465,-0.013],[112.3535,-0.03],[112.362,-0.0315],[112.384,-0.021],[112.399,-0.0185],[112.39,0.005],[112.3705,0.0135],[112.3535,0.029],[112.3515,0.0385],[112.3515,0.0395],[112.3515,0.073],[112.346,0.0875],[112.3455,0.1005]]]},"properties":{"code":"61.05.09.2014","name":"Riam Muntik","latitude":0.03243353222215325,"longitude":112.3387035714372}},{"type":"Feature","geometry":{"type":"Polygon","coordinates":[[[112.2215,-0.1505],[112.215,-0.141],[112.2045,-0.135],[112.1965,-0.1165],[112.179,-0.0945],[112.159,-0.085],[112.1435,-0.0955],[112.1395,-0.103],[112.1385,-0.12],[112.1335,-0.129],[112.132,-0.151],[112.139,-0.1545],[112.1845,-0.1665],[112.2045,-0.153],[112.2215,-0.1505]]]},"properties":{"code":"61.05.09.2015","name":"Nanga Oran","latitude":-0.12932646849559454,"longitude":112.16938411386231}},{"type":"Feature","geometry":{"type":"Polygon","coordinates":[[[112.115,-0.1945],[112.11,-0.1795],[112.102,-0.1705],[112.0935,-0.181],[112.0905,-0.195],[112.089,-0.224],[112.096,-0.2265],[112.1265,-0.223],[112.115,-0.1945]]]},"properties":{"code":"61.05.09.2016","name":"Tonak Goneh","latitude":-0.20350271360140232,"longitude":112.10415425587968}},{"type":"Feature","geometry":{"type":"Polygon","coordinates":[[[112.2135,-0.0525],[112.206,-0.0485],[112.1895,-0.028],[112.173,-0.014],[112.1595,-0.032],[112.1515,-0.038],[112.155,-0.05],[112.166,-0.0635],[112.159,-0.085],[112.179,-0.0945],[112.1965,-0.1165],[112.2045,-0.135],[112.215,-0.141],[112.2215,-0.1505],[112.2645,-0.1455],[112.2595,-0.115],[112.2435,-0.0955],[112.231,-0.087],[112.217,-0.0705],[112.2135,-0.0525]]]},"properties":{"code":"61.05.09.2017","name":"Nangkak Lestari","latitude":-0.08922324634587694,"longitude":112.20637332730071}},{"type":"Feature","geometry":{"type":"Polygon","coordinates":[[[112.1125,-0.136],[112.1,-0.135],[112.095,-0.14],[112.0925,-0.1555],[112.0995,-0.1555],[112.102,-0.1705],[112.1105,-0.1615],[112.1195,-0.1605],[112.132,-0.151],[112.1125,-0.136]]]},"properties":{"code":"61.05.09.2018","name":"Topan Nanga","latitude":-0.14998073910190182,"longitude":112.10996347344982}},{"type":"Feature","geometry":{"type":"Polygon","coordinates":[[[112.084,-0.227],[112.0825,-0.2],[112.061,-0.184],[112.0565,-0.1925],[112.0455,-0.1985],[112.023,-0.2035],[112.023,-0.2195],[112.037,-0.204],[112.042,-0.214],[112.0465,-0.2355],[112.066,-0.247],[112.0745,-0.251],[112.0845,-0.2565],[112.087,-0.2565],[112.088,-0.2415],[112.084,-0.227]]]},"properties":{"code":"61.05.09.2019","name":"Mapan Jaya","latitude":-0.21915659037900354,"longitude":112.0626694866216}},{"type":"Feature","geometry":{"type":"Polygon","coordinates":[[[112.4715,0.119],[112.4685,0.1205],[112.44,0.127],[112.3955,0.147],[112.4,0.1415],[112.4025,0.122],[112.396,0.115],[112.3935,0.095],[112.379,0.099],[112.3545,0.097],[112.346,0.1],[112.3455,0.1005],[112.346,0.0875],[112.3515,0.073],[112.3515,0.0395],[112.3515,0.0385],[112.3535,0.029],[112.3705,0.0135],[112.39,0.005],[112.399,-0.0185],[112.4035,-0.0175],[112.428,-0.016],[112.443,-0.0225],[112.459,-0.0355],[112.4775,-0.058],[112.4795,-0.0545],[112.483,-0.048],[112.4885,-0.042],[112.487,-0.021],[112.493,0.0005],[112.501,0.0095],[112.4995,0.0235],[112.4855,0.044],[112.4735,0.065],[112.47,0.1005],[112.471,0.1125],[112.4715,0.119]]]},"properties":{"code":"61.05.09.2020","name":"Tanjung Miru","latitude":0.04749277324481904,"longitude":112.42724034846368}},{"type":"Feature","geometry":{"type":"Polygon","coordinates":[[[112.1915,0.0225],[112.1835,0.026],[112.1785,0.027],[112.1475,0.023],[112.1295,0.018],[112.116,0.002],[112.092,0.0055],[112.08,-0.0145],[112.063,-0.032],[112.052,-0.0505],[112.0985,-0.0605],[112.102,-0.06],[112.125,-0.0555],[112.1375,-0.039],[112.149,-0.04],[112.1595,-0.032],[112.173,-0.014],[112.1835,0.001],[112.1915,0.0225]]]},"properties":{"code":"61.05.09.2021","name":"Buluh Merindu","latitude":-0.01774772777107198,"longitude":112.12413600826858}},{"type":"Feature","geometry":{"type":"Polygon","coordinates":[[[112.168,-0.162],[112.139,-0.1545],[112.132,-0.151],[112.1195,-0.1605],[112.1105,-0.1615],[112.102,-0.1705],[112.11,-0.1795],[112.115,-0.1945],[112.125,-0.194],[112.149,-0.1875],[112.159,-0.177],[112.164,-0.169],[112.168,-0.162]]]},"properties":{"code":"61.05.09.2022","name":"Empakan","latitude":-0.1730987027398403,"longitude":112.13383893413405}},{"type":"Feature","geometry":{"type":"Polygon","coordinates":[[[112.036,-0.1165],[112.0315,-0.1165],[112.026,-0.126],[112.0225,-0.1365],[112.018,-0.152],[112.011,-0.1535],[111.9955,-0.1455],[111.9875,-0.147],[112.015,-0.174],[112.017,-0.19],[112.023,-0.2035],[112.0455,-0.1985],[112.049,-0.1965],[112.0455,-0.168],[112.031,-0.1565],[112.028,-0.1385],[112.041,-0.1255],[112.041,-0.124],[112.036,-0.1165]]]},"properties":{"code":"61.05.09.2023","name":"Emponyang","latitude":-0.16710228748396955,"longitude":112.02671017192264}},{"type":"Feature","geometry":{"type":"Polygon","coordinates":[[[112.058,-0.091],[112.0485,-0.0825],[111.992,-0.055],[111.9905,-0.099],[111.9865,-0.108],[112.028,-0.1165],[112.0305,-0.1165],[112.0325,-0.1165],[112.0335,-0.1165],[112.035,-0.1165],[112.0365,-0.1165],[112.0435,-0.1105],[112.058,-0.091]]]},"properties":{"code":"61.05.09.2024","name":"Merahau Permai","latitude":-0.09039708734050195,"longitude":112.01781947892012}},{"type":"Feature","geometry":{"type":"Polygon","coordinates":[[[112.2495,-0.1685],[112.223,-0.167],[112.2245,-0.184],[112.2185,-0.1965],[112.207,-0.209],[112.1915,-0.2145],[112.184,-0.222],[112.191,-0.2705],[112.1945,-0.2685],[112.2155,-0.2515],[112.232,-0.242],[112.2365,-0.242],[112.2385,-0.242],[112.2405,-0.2325],[112.241,-0.229],[112.2395,-0.2235],[112.2545,-0.224],[112.255,-0.2215],[112.2505,-0.1995],[112.2495,-0.1685]]]},"properties":{"code":"61.05.09.2025","name":"Tanah Merah","latitude":-0.21840577623677654,"longitude":112.2203820319556}},{"type":"Feature","geometry":{"type":"Polygon","coordinates":[[[112.1125,-0.136],[112.105,-0.1145],[112.0905,-0.105],[112.089,-0.1045],[112.083,-0.1295],[112.1,-0.135],[112.1125,-0.136]]]},"properties":{"code":"61.05.09.2026","name":"Landau Bara","latitude":-0.12287510386126514,"longitude":112.09730187465755}},{"type":"Feature","geometry":{"type":"Polygon","coordinates":[[[112.301,0.079],[112.3115,0.0885],[112.3115,0.092],[112.3065,0.099],[112.306,0.097],[112.298,0.083],[112.283,0.0855],[112.2765,0.0935],[112.2745,0.0965],[112.273,0.0945],[112.27,0.0915],[112.264,0.087],[112.246,0.0675],[112.2295,0.0425],[112.1915,0.0225],[112.1835,0.001],[112.173,-0.014],[112.1895,-0.028],[112.206,-0.0485],[112.2135,-0.0525],[112.2175,-0.042],[112.229,-0.0295],[112.232,-0.02],[112.239,0.0055],[112.2395,0.0165],[112.247,0.0415],[112.2685,0.0525],[112.276,0.062],[112.2865,0.0645],[112.301,0.079]]]},"properties":{"code":"61.05.09.2027","name":"Kerapuk Jaya","latitude":0.020995092328193493,"longitude":112.23016387837794}},{"type":"Feature","geometry":{"type":"Polygon","coordinates":[[[112.3095,-0.211],[112.2995,-0.1945],[112.296,-0.179],[112.2845,-0.1565],[112.259,-0.167],[112.2495,-0.1685],[112.2505,-0.1995],[112.255,-0.2215],[112.2545,-0.224],[112.2395,-0.2235],[112.241,-0.229],[112.2405,-0.2325],[112.2385,-0.242],[112.2415,-0.241],[112.2485,-0.242],[112.289,-0.2185],[112.3085,-0.212],[112.3095,-0.211]]]},"properties":{"code":"61.05.09.2028","name":"Merah Arai","latitude":-0.1984061001455095,"longitude":112.2721449115349}},{"type":"Feature","geometry":{"type":"Polygon","coordinates":[[[112.4775,-0.058],[112.459,-0.0355],[112.443,-0.0225],[112.428,-0.016],[112.4065,-0.043],[112.394,-0.062],[112.3895,-0.087],[112.3885,-0.1115],[112.3785,-0.1315],[112.358,-0.19],[112.381,-0.1855],[112.3845,-0.185],[112.381,-0.182],[112.382,-0.1775],[112.3905,-0.17],[112.414,-0.1775],[112.427,-0.1775],[112.437,-0.169],[112.452,-0.148],[112.46,-0.1475],[112.4755,-0.143],[112.487,-0.128],[112.49,-0.1195],[112.49,-0.105],[112.486,-0.0975],[112.46,-0.084],[112.465,-0.0735],[112.476,-0.0625],[112.4775,-0.058]]]},"properties":{"code":"61.05.09.2029","name":"Tapang Manua","latitude":-0.10627108207980086,"longitude":112.42767803191013}},{"type":"Feature","geometry":{"type":"Polygon","coordinates":[[[112.222,0.1125],[112.203,0.099],[112.1945,0.103],[112.191,0.09],[112.1755,0.0935],[112.1665,0.086],[112.1635,0.087],[112.1505,0.088],[112.1475,0.089],[112.151,0.0815],[112.159,0.071],[112.1785,0.0345],[112.1835,0.026],[112.1915,0.0225],[112.2295,0.0425],[112.246,0.0675],[112.264,0.087],[112.27,0.0915],[112.273,0.0945],[112.2745,0.0965],[112.27,0.1015],[112.266,0.1105],[112.265,0.111],[112.2505,0.107],[112.222,0.1125]]]},"properties":{"code":"61.05.09.2030","name":"Nanga Tampang","latitude":0.07270361457946958,"longitude":112.21089276113086}},{"type":"Feature","geometry":{"type":"Polygon","coordinates":[[[112.088,-0.104],[112.077,-0.1005],[112.071,-0.0985],[112.074,-0.107],[112.0655,-0.1305],[112.0605,-0.1535],[112.0785,-0.138],[112.083,-0.1295],[112.089,-0.1045],[112.088,-0.104]]]},"properties":{"code":"61.05.09.2031","name":"Kebarau","latitude":-0.12461181014384157,"longitude":112.07513214098708}},{"type":"Feature","geometry":{"type":"Polygon","coordinates":[[[112.47,-0.3405],[112.467,-0.3305],[112.436,-0.326],[112.4355,-0.326],[112.436,-0.329],[112.437,-0.33],[112.4305,-0.3315],[112.4315,-0.333],[112.436,-0.343],[112.431,-0.3555],[112.4395,-0.3665],[112.4605,-0.348],[112.4675,-0.3415],[112.47,-0.3405]]]},"properties":{"code":"61.05.14.2001","name":"Nanga Serawai","latitude":-0.3430417277853595,"longitude":112.44897228920199}},{"type":"Feature","geometry":{"type":"Polygon","coordinates":[[[112.4015,-0.329],[112.397,-0.3225],[112.372,-0.322],[112.3705,-0.3365],[112.365,-0.3405],[112.3685,-0.344],[112.3915,-0.3425],[112.4015,-0.3385],[112.403,-0.337],[112.4035,-0.3345],[112.4015,-0.329]]]},"properties":{"code":"61.05.14.2002","name":"Nanga Mentatai","latitude":-0.33360578300054755,"longitude":112.3845428132981}},{"type":"Feature","geometry":{"type":"Polygon","coordinates":[[[112.5125,-0.2825],[112.501,-0.272],[112.4985,-0.27],[112.4815,-0.291],[112.4805,-0.2925],[112.4775,-0.293],[112.469,-0.2895],[112.462,-0.287],[112.456,-0.2865],[112.457,-0.2995],[112.488,-0.312],[112.495,-0.322],[112.5095,-0.32],[112.519,-0.3075],[112.5215,-0.299],[112.5125,-0.2825]]]},"properties":{"code":"61.05.14.2003","name":"Bedaha","latitude":-0.29763514333994456,"longitude":112.49364252400977}},{"type":"Feature","geometry":{"type":"Polygon","coordinates":[[[112.5125,-0.2825],[112.526,-0.279],[112.517,-0.252],[112.525,-0.2395],[112.52,-0.2245],[112.516,-0.19],[112.5005,-0.149],[112.4995,-0.1485],[112.4945,-0.1495],[112.4915,-0.1475],[112.491,-0.1455],[112.487,-0.128],[112.4755,-0.143],[112.46,-0.1475],[112.4735,-0.1725],[112.4805,-0.2],[112.479,-0.237],[112.482,-0.2495],[112.492,-0.264],[112.501,-0.272],[112.5125,-0.2825]]]},"properties":{"code":"61.05.14.2004","name":"Begori","latitude":-0.20773338217368464,"longitude":112.4971635563478}},{"type":"Feature","geometry":{"type":"Polygon","coordinates":[[[112.567,-0.258],[112.5525,-0.231],[112.5475,-0.231],[112.535,-0.2635],[112.543,-0.306],[112.553,-0.315],[112.5685,-0.3335],[112.603,-0.3575],[112.602,-0.336],[112.5815,-0.318],[112.575,-0.306],[112.567,-0.258]]]},"properties":{"code":"61.05.14.2005","name":"Pagar Lebata","latitude":-0.2935220877767621,"longitude":112.56283016943217}},{"type":"Feature","geometry":{"type":"Polygon","coordinates":[[[112.649,-0.276],[112.6375,-0.265],[112.6305,-0.257],[112.614,-0.2315],[112.5945,-0.248],[112.604,-0.2685],[112.618,-0.289],[112.6365,-0.307],[112.654,-0.314],[112.661,-0.305],[112.6655,-0.302],[112.646,-0.291],[112.635,-0.285],[112.649,-0.276]]]},"properties":{"code":"61.05.14.2006","name":"Tontang","latitude":-0.2742034302477433,"longitude":112.62642836351493}},{"type":"Feature","geometry":{"type":"Polygon","coordinates":[[[112.6935,-0.252],[112.6775,-0.2515],[112.666,-0.265],[112.635,-0.285],[112.646,-0.291],[112.669,-0.304],[112.6905,-0.2815],[112.707,-0.2835],[112.7135,-0.2885],[112.7155,-0.2895],[112.7115,-0.282],[112.711,-0.282],[112.7105,-0.28],[112.7105,-0.2795],[112.7055,-0.266],[112.6935,-0.252]]]},"properties":{"code":"61.05.14.2007","name":"Karya Jaya","latitude":-0.275809449893832,"longitude":112.67609539694365}},{"type":"Feature","geometry":{"type":"Polygon","coordinates":[[[112.7585,-0.3565],[112.7365,-0.3495],[112.7195,-0.3555],[112.6995,-0.354],[112.6735,-0.359],[112.6545,-0.3525],[112.6405,-0.3445],[112.6365,-0.3575],[112.619,-0.368],[112.6625,-0.398],[112.6735,-0.4095],[112.7005,-0.4065],[112.7215,-0.399],[112.744,-0.3925],[112.7605,-0.383],[112.764,-0.373],[112.7585,-0.3565]]]},"properties":{"code":"61.05.14.2008","name":"Nanga Riyoi","latitude":-0.3760913526883922,"longitude":112.69599122000692}},{"type":"Feature","geometry":{"type":"Polygon","coordinates":[[[112.532,-0.3075],[112.5205,-0.302],[112.519,-0.3075],[112.5095,-0.32],[112.495,-0.322],[112.495,-0.328],[112.492,-0.3315],[112.496,-0.346],[112.4985,-0.3855],[112.5015,-0.393],[112.5355,-0.4165],[112.5425,-0.4305],[112.578,-0.4335],[112.5865,-0.4325],[112.5805,-0.4215],[112.5635,-0.4115],[112.5485,-0.39],[112.529,-0.3545],[112.5275,-0.346],[112.5345,-0.323],[112.532,-0.3075]]]},"properties":{"code":"61.05.14.2009","name":"Buntut Ponte","latitude":-0.37458861548452654,"longitude":112.52770096568571}},{"type":"Feature","geometry":{"type":"Polygon","coordinates":[[[112.5425,-0.4305],[112.513,-0.4325],[112.4955,-0.4295],[112.4835,-0.398],[112.465,-0.379],[112.459,-0.3665],[112.4505,-0.3855],[112.434,-0.401],[112.4235,-0.4195],[112.4375,-0.4305],[112.4375,-0.432],[112.464,-0.4445],[112.4735,-0.4655],[112.4865,-0.4795],[112.489,-0.4875],[112.518,-0.4755],[112.5385,-0.4735],[112.5525,-0.4645],[112.5725,-0.4685],[112.5895,-0.4525],[112.6005,-0.449],[112.624,-0.4335],[112.611,-0.4305],[112.578,-0.4335],[112.5425,-0.4305]]]},"properties":{"code":"61.05.14.2010","name":"Nanga Segulang","latitude":-0.4375724272530909,"longitude":112.50602227366878}},{"type":"Feature","geometry":{"type":"Polygon","coordinates":[[[112.4535,-0.663],[112.459,-0.663],[112.4695,-0.6635],[112.476,-0.6555],[112.494,-0.6175],[112.496,-0.606],[112.496,-0.563],[112.489,-0.534],[112.487,-0.5115],[112.489,-0.4875],[112.4395,-0.544],[112.4335,-0.577],[112.4245,-0.586],[112.429,-0.6005],[112.414,-0.611],[112.416,-0.631],[112.433,-0.645],[112.4475,-0.65],[112.4525,-0.6615],[112.4535,-0.663]]]},"properties":{"code":"61.05.14.2011","name":"Baras Nabun","latitude":-0.5883586042503185,"longitude":112.46176846895504}},{"type":"Feature","geometry":{"type":"Polygon","coordinates":[[[112.656,-0.6555],[112.6545,-0.6395],[112.6425,-0.6205],[112.6245,-0.614],[112.616,-0.6145],[112.611,-0.5955],[112.5935,-0.578],[112.5905,-0.567],[112.5715,-0.5535],[112.56,-0.5195],[112.546,-0.507],[112.5565,-0.4765],[112.5525,-0.4645],[112.5385,-0.4735],[112.518,-0.4755],[112.526,-0.4975],[112.523,-0.503],[112.544,-0.517],[112.546,-0.563],[112.5395,-0.5705],[112.5515,-0.6015],[112.5555,-0.654],[112.55,-0.6865],[112.543,-0.6945],[112.545,-0.6955],[112.5625,-0.695],[112.568,-0.685],[112.5765,-0.6815],[112.5785,-0.6815],[112.5895,-0.689],[112.5935,-0.69],[112.6005,-0.6865],[112.609,-0.684],[112.6095,-0.683],[112.6175,-0.668],[112.6265,-0.668],[112.628,-0.667],[112.6285,-0.6665],[112.6325,-0.6605],[112.6545,-0.655],[112.656,-0.6555]]]},"properties":{"code":"61.05.14.2012","name":"Nanga Jelundung","latitude":-0.6069512806068464,"longitude":112.58090398221182}},{"type":"Feature","geometry":{"type":"Polygon","coordinates":[[[112.495,-0.322],[112.488,-0.312],[112.457,-0.2995],[112.4515,-0.315],[112.443,-0.3115],[112.441,-0.3125],[112.427,-0.3205],[112.433,-0.3275],[112.436,-0.326],[112.467,-0.3305],[112.47,-0.3405],[112.4775,-0.3375],[112.487,-0.334],[112.495,-0.328],[112.495,-0.322]]]},"properties":{"code":"61.05.14.2013","name":"Tanjung Raya","latitude":-0.3203431113145053,"longitude":112.46592817291489}},{"type":"Feature","geometry":{"type":"Polygon","coordinates":[[[112.602,-0.158],[112.6005,-0.1575],[112.596,-0.1575],[112.583,-0.1585],[112.576,-0.1555],[112.5725,-0.1595],[112.572,-0.162],[112.565,-0.166],[112.5605,-0.185],[112.5635,-0.2005],[112.5575,-0.209],[112.576,-0.2105],[112.5815,-0.2005],[112.605,-0.1975],[112.6025,-0.1715],[112.602,-0.158]]]},"properties":{"code":"61.05.14.2014","name":"Tahai Permai","latitude":-0.18266246051934065,"longitude":112.58132892574268}},{"type":"Feature","geometry":{"type":"Polygon","coordinates":[[[112.7925,-0.3105],[112.772,-0.3155],[112.755,-0.3165],[112.7465,-0.31],[112.724,-0.316],[112.6915,-0.3135],[112.6715,-0.3205],[112.654,-0.314],[112.642,-0.334],[112.6405,-0.3445],[112.6545,-0.3525],[112.6735,-0.359],[112.6995,-0.354],[112.7195,-0.3555],[112.7365,-0.3495],[112.7585,-0.3565],[112.77,-0.354],[112.802,-0.336],[112.8005,-0.3245],[112.7925,-0.3105]]]},"properties":{"code":"61.05.14.2015","name":"Merako Jaya","latitude":-0.3342842347565073,"longitude":112.72076986415078}},{"type":"Feature","geometry":{"type":"Polygon","coordinates":[[[112.6575,-0.087],[112.646,-0.0645],[112.6315,-0.0565],[112.6175,-0.0525],[112.6105,-0.0745],[112.6115,-0.0885],[112.603,-0.11],[112.6005,-0.1285],[112.6025,-0.1715],[112.605,-0.1975],[112.614,-0.2315],[112.6305,-0.257],[112.6375,-0.265],[112.649,-0.276],[112.666,-0.265],[112.6775,-0.2515],[112.6655,-0.2365],[112.6515,-0.2045],[112.6495,-0.1805],[112.639,-0.163],[112.64,-0.151],[112.6475,-0.1435],[112.6605,-0.1275],[112.6665,-0.116],[112.6575,-0.087]]]},"properties":{"code":"61.05.14.2016","name":"Sawang Senghiang","latitude":-0.16184616341459368,"longitude":112.63267843249125}},{"type":"Feature","geometry":{"type":"Polygon","coordinates":[[[112.4055,-0.329],[112.4015,-0.329],[112.4035,-0.3345],[112.403,-0.337],[112.4015,-0.3385],[112.3985,-0.3395],[112.411,-0.3605],[112.39,-0.366],[112.386,-0.3645],[112.382,-0.367],[112.38,-0.366],[112.3795,-0.367],[112.3805,-0.3685],[112.392,-0.37],[112.4015,-0.3855],[112.417,-0.4],[112.4235,-0.4195],[112.434,-0.401],[112.4505,-0.3855],[112.459,-0.3665],[112.4605,-0.348],[112.4395,-0.3665],[112.431,-0.3555],[112.426,-0.3675],[112.42,-0.348],[112.418,-0.3435],[112.418,-0.3425],[112.4185,-0.34],[112.4215,-0.3345],[112.423,-0.3335],[112.41,-0.334],[112.4055,-0.329]]]},"properties":{"code":"61.05.14.2017","name":"Tunas Harapan","latitude":-0.3732012170632944,"longitude":112.423122949916}},{"type":"Feature","geometry":{"type":"Polygon","coordinates":[[[112.489,-0.4875],[112.4865,-0.4795],[112.4735,-0.4655],[112.464,-0.4445],[112.4375,-0.432],[112.4365,-0.443],[112.4225,-0.474],[112.4175,-0.479],[112.4175,-0.497],[112.43,-0.498],[112.4355,-0.5055],[112.4355,-0.5095],[112.424,-0.5165],[112.4245,-0.532],[112.4395,-0.544],[112.489,-0.4875]]]},"properties":{"code":"61.05.14.2018","name":"Teluk Harapan","latitude":-0.48617011265320587,"longitude":112.44941329741964}},{"type":"Feature","geometry":{"type":"Polygon","coordinates":[[[112.4985,-0.27],[112.492,-0.264],[112.482,-0.2495],[112.479,-0.237],[112.4805,-0.2],[112.4735,-0.1725],[112.46,-0.1475],[112.452,-0.148],[112.437,-0.169],[112.427,-0.1775],[112.4305,-0.184],[112.425,-0.1985],[112.4255,-0.249],[112.4305,-0.273],[112.4355,-0.272],[112.4365,-0.2725],[112.4385,-0.274],[112.4425,-0.275],[112.4535,-0.2825],[112.457,-0.281],[112.4565,-0.2845],[112.457,-0.285],[112.4575,-0.2865],[112.462,-0.287],[112.469,-0.2895],[112.4775,-0.293],[112.4805,-0.2925],[112.4815,-0.291],[112.4985,-0.27]]]},"properties":{"code":"61.05.14.2019","name":"Gurung Senghiang","latitude":-0.2254145012937648,"longitude":112.45585587194056}},{"type":"Feature","geometry":{"type":"Polygon","coordinates":[[[112.574,-0.2585],[112.567,-0.258],[112.575,-0.306],[112.5815,-0.318],[112.602,-0.336],[112.603,-0.3575],[112.619,-0.368],[112.6365,-0.3575],[112.6405,-0.3445],[112.6215,-0.331],[112.594,-0.3085],[112.5925,-0.2865],[112.582,-0.263],[112.574,-0.2585]]]},"properties":{"code":"61.05.14.2020","name":"Tanjung Harapan","latitude":-0.31975113201739197,"longitude":112.60077029399646}},{"type":"Feature","geometry":{"type":"Polygon","coordinates":[[[112.659,-0.4585],[112.643,-0.4505],[112.624,-0.4335],[112.6005,-0.449],[112.5895,-0.4525],[112.5725,-0.4685],[112.5525,-0.4645],[112.5565,-0.4765],[112.546,-0.507],[112.56,-0.5195],[112.5715,-0.5535],[112.5905,-0.567],[112.5935,-0.578],[112.611,-0.5955],[112.616,-0.6145],[112.6245,-0.614],[112.6425,-0.6205],[112.6545,-0.6395],[112.656,-0.6555],[112.658,-0.656],[112.6635,-0.6595],[112.688,-0.654],[112.694,-0.6425],[112.694,-0.642],[112.6965,-0.641],[112.6985,-0.6405],[112.7025,-0.638],[112.7025,-0.637],[112.7025,-0.636],[112.7015,-0.6315],[112.7005,-0.6275],[112.7035,-0.6205],[112.7045,-0.62],[112.7035,-0.619],[112.703,-0.6195],[112.693,-0.6065],[112.6745,-0.5645],[112.6755,-0.541],[112.67,-0.512],[112.662,-0.4925],[112.6575,-0.466],[112.659,-0.4585]]]},"properties":{"code":"61.05.14.2021","name":"Rantau Malam","latitude":-0.5400969173201701,"longitude":112.62801937145518}},{"type":"Feature","geometry":{"type":"Polygon","coordinates":[[[112.6735,-0.4095],[112.6625,-0.398],[112.619,-0.368],[112.607,-0.4115],[112.6115,-0.412],[112.624,-0.4335],[112.643,-0.4505],[112.659,-0.4585],[112.6685,-0.443],[112.6665,-0.4345],[112.6735,-0.4225],[112.6735,-0.4095]]]},"properties":{"code":"61.05.14.2022","name":"Mentajoi","latitude":-0.4139977507248343,"longitude":112.64138181586254}},{"type":"Feature","geometry":{"type":"Polygon","coordinates":[[[112.603,-0.3575],[112.5685,-0.3335],[112.553,-0.315],[112.543,-0.306],[112.5365,-0.3085],[112.532,-0.3075],[112.5345,-0.323],[112.5275,-0.346],[112.529,-0.3545],[112.5485,-0.39],[112.5635,-0.4115],[112.5805,-0.4215],[112.5865,-0.4325],[112.611,-0.4305],[112.624,-0.4335],[112.6115,-0.412],[112.607,-0.4115],[112.619,-0.368],[112.603,-0.3575]]]},"properties":{"code":"61.05.14.2023","name":"Nanga Bihe","latitude":-0.37347169449488615,"longitude":112.57351432790932}},{"type":"Feature","geometry":{"type":"Polygon","coordinates":[[[112.5425,-0.4305],[112.5355,-0.4165],[112.5015,-0.393],[112.4985,-0.3855],[112.496,-0.346],[112.492,-0.3315],[112.487,-0.334],[112.4775,-0.3375],[112.4675,-0.3415],[112.4605,-0.348],[112.459,-0.3665],[112.465,-0.379],[112.4835,-0.398],[112.4955,-0.4295],[112.513,-0.4325],[112.5425,-0.4305]]]},"properties":{"code":"61.05.14.2024","name":"Nanga Tekungai","latitude":-0.3866816180715355,"longitude":112.49332163603229}},{"type":"Feature","geometry":{"type":"Polygon","coordinates":[[[112.551,-0.166],[112.532,-0.1545],[112.5175,-0.152],[112.5085,-0.134],[112.5065,-0.1235],[112.4995,-0.1145],[112.4965,-0.1125],[112.494,-0.112],[112.49,-0.109],[112.49,-0.1195],[112.487,-0.128],[112.491,-0.1455],[112.4915,-0.1475],[112.4945,-0.1495],[112.4995,-0.1485],[112.5005,-0.149],[112.516,-0.19],[112.52,-0.2245],[112.525,-0.2395],[112.517,-0.252],[112.526,-0.279],[112.5125,-0.2825],[112.5215,-0.299],[112.5205,-0.302],[112.5365,-0.3085],[112.543,-0.306],[112.535,-0.2635],[112.5475,-0.231],[112.5525,-0.231],[112.567,-0.258],[112.574,-0.2585],[112.5785,-0.2495],[112.5645,-0.2385],[112.5545,-0.219],[112.551,-0.2035],[112.5575,-0.186],[112.551,-0.166]]]},"properties":{"code":"61.05.14.2025","name":"Talian Sahabung","latitude":-0.20721417475277895,"longitude":112.52988068739911}},{"type":"Feature","geometry":{"type":"Polygon","coordinates":[[[112.4575,-0.2865],[112.457,-0.285],[112.4565,-0.2845],[112.457,-0.281],[112.4535,-0.2825],[112.4425,-0.275],[112.4385,-0.274],[112.4365,-0.2725],[112.4355,-0.272],[112.4305,-0.273],[112.423,-0.282],[112.4295,-0.2965],[112.4415,-0.3115],[112.443,-0.3115],[112.4515,-0.315],[112.457,-0.2995],[112.456,-0.2865],[112.4575,-0.2865]]]},"properties":{"code":"61.05.14.2026","name":"Batu Ketebung","latitude":-0.29306359607418714,"longitude":112.44149535068185}},{"type":"Feature","geometry":{"type":"Polygon","coordinates":[[[112.427,-0.1775],[112.414,-0.1775],[112.3905,-0.17],[112.382,-0.1775],[112.381,-0.182],[112.3845,-0.185],[112.3865,-0.1845],[112.4105,-0.1825],[112.412,-0.186],[112.397,-0.2025],[112.397,-0.256],[112.407,-0.2925],[112.4055,-0.329],[112.41,-0.334],[112.423,-0.3335],[112.4275,-0.3305],[112.4305,-0.332],[112.4305,-0.3315],[112.437,-0.33],[112.436,-0.329],[112.4355,-0.326],[112.433,-0.3275],[112.427,-0.3205],[112.441,-0.3125],[112.4415,-0.3115],[112.4295,-0.2965],[112.423,-0.282],[112.4305,-0.273],[112.4255,-0.249],[112.425,-0.1985],[112.4305,-0.184],[112.427,-0.1775]]]},"properties":{"code":"61.05.14.2027","name":"Muara Kota","latitude":-0.25117194008356886,"longitude":112.41375520996804}},{"type":"Feature","geometry":{"type":"Polygon","coordinates":[[[112.4305,-0.332],[112.4275,-0.3305],[112.4215,-0.3345],[112.4185,-0.34],[112.418,-0.3425],[112.418,-0.3435],[112.42,-0.348],[112.426,-0.3675],[112.436,-0.343],[112.4315,-0.333],[112.4305,-0.332]]]},"properties":{"code":"61.05.14.2028","name":"Mekar Sari","latitude":-0.34542701453715613,"longitude":112.42731705891131}},{"type":"Feature","geometry":{"type":"Polygon","coordinates":[[[112.4055,-0.329],[112.407,-0.2925],[112.397,-0.256],[112.397,-0.2025],[112.393,-0.223],[112.3785,-0.2465],[112.3735,-0.262],[112.3785,-0.2685],[112.379,-0.283],[112.386,-0.2955],[112.3735,-0.306],[112.372,-0.322],[112.397,-0.3225],[112.4015,-0.329],[112.4055,-0.329]]]},"properties":{"code":"61.05.14.2029","name":"Tanjung Baru","latitude":-0.2820398886222818,"longitude":112.39058161029728}},{"type":"Feature","geometry":{"type":"Polygon","coordinates":[[[112.3795,-0.367],[112.38,-0.366],[112.382,-0.367],[112.386,-0.3645],[112.39,-0.366],[112.411,-0.3605],[112.3985,-0.3395],[112.3915,-0.3425],[112.3685,-0.344],[112.365,-0.3405],[112.3705,-0.355],[112.3795,-0.367]]]},"properties":{"code":"61.05.14.2030","name":"Nusa Tujuh","latitude":-0.35330313042731465,"longitude":112.38683476722265}},{"type":"Feature","geometry":{"type":"Polygon","coordinates":[[[112.8275,-0.411],[112.8075,-0.405],[112.796,-0.3975],[112.7945,-0.381],[112.8095,-0.3605],[112.802,-0.336],[112.77,-0.354],[112.7585,-0.3565],[112.764,-0.373],[112.7605,-0.383],[112.744,-0.3925],[112.7215,-0.399],[112.7325,-0.426],[112.7345,-0.4535],[112.731,-0.48],[112.731,-0.5095],[112.74,-0.54],[112.751,-0.568],[112.7525,-0.574],[112.7545,-0.574],[112.7775,-0.574],[112.7875,-0.586],[112.7935,-0.5645],[112.8145,-0.5395],[112.8295,-0.5295],[112.8445,-0.5125],[112.866,-0.5025],[112.874,-0.4905],[112.873,-0.481],[112.854,-0.47],[112.854,-0.4615],[112.865,-0.4335],[112.862,-0.423],[112.8475,-0.417],[112.8445,-0.4055],[112.8275,-0.411]]]},"properties":{"code":"61.05.14.2031","name":"Nanga Ruhan","latitude":-0.465923897574469,"longitude":112.78997313031215}},{"type":"Feature","geometry":{"type":"Polygon","coordinates":[[[112.7525,-0.574],[112.751,-0.568],[112.74,-0.54],[112.731,-0.5095],[112.731,-0.48],[112.7345,-0.4535],[112.7325,-0.426],[112.7215,-0.399],[112.7005,-0.4065],[112.6735,-0.4095],[112.6735,-0.4225],[112.6665,-0.4345],[112.6685,-0.443],[112.659,-0.4585],[112.6575,-0.466],[112.662,-0.4925],[112.67,-0.512],[112.6755,-0.541],[112.6745,-0.5645],[112.693,-0.6065],[112.703,-0.6195],[112.7035,-0.619],[112.7045,-0.62],[112.725,-0.6285],[112.728,-0.629],[112.7335,-0.6305],[112.7345,-0.6305],[112.731,-0.623],[112.7325,-0.6005],[112.7325,-0.5995],[112.731,-0.5975],[112.7295,-0.594],[112.729,-0.592],[112.738,-0.5795],[112.7405,-0.577],[112.7445,-0.572],[112.746,-0.572],[112.75,-0.5735],[112.7525,-0.574]]]},"properties":{"code":"61.05.14.2032","name":"Meroboi","latitude":-0.5087139947360092,"longitude":112.70364264781678}},{"type":"Feature","geometry":{"type":"Polygon","coordinates":[[[112.543,-0.6945],[112.55,-0.6865],[112.5555,-0.654],[112.5515,-0.6015],[112.5395,-0.5705],[112.546,-0.563],[112.544,-0.517],[112.523,-0.503],[112.526,-0.4975],[112.518,-0.4755],[112.489,-0.4875],[112.487,-0.5115],[112.489,-0.534],[112.496,-0.563],[112.496,-0.606],[112.494,-0.6175],[112.476,-0.6555],[112.4695,-0.6635],[112.459,-0.663],[112.4535,-0.663],[112.4545,-0.664],[112.463,-0.669],[112.464,-0.6775],[112.4655,-0.68],[112.487,-0.6915],[112.4955,-0.6845],[112.503,-0.7],[112.5135,-0.701],[112.522,-0.692],[112.5325,-0.6985],[112.5405,-0.694],[112.543,-0.6945]]]},"properties":{"code":"61.05.14.2033","name":"Panekasan","latitude":-0.601970494918645,"longitude":112.516201838197}},{"type":"Feature","geometry":{"type":"Polygon","coordinates":[[[112.654,-0.314],[112.6365,-0.307],[112.618,-0.289],[112.604,-0.2685],[112.5945,-0.248],[112.5785,-0.2495],[112.574,-0.2585],[112.582,-0.263],[112.5925,-0.2865],[112.594,-0.3085],[112.6215,-0.331],[112.6405,-0.3445],[112.642,-0.334],[112.654,-0.314]]]},"properties":{"code":"61.05.14.2034","name":"Tamakung","latitude":-0.298285287399747,"longitude":112.61287031239709}},{"type":"Feature","geometry":{"type":"Polygon","coordinates":[[[112.6175,-0.0525],[112.5975,-0.054],[112.588,-0.052],[112.5765,-0.0375],[112.5555,-0.028],[112.539,-0.031],[112.508,-0.057],[112.496,-0.055],[112.489,-0.042],[112.483,-0.048],[112.4795,-0.0545],[112.476,-0.0625],[112.465,-0.0735],[112.46,-0.084],[112.486,-0.0975],[112.49,-0.105],[112.49,-0.109],[112.494,-0.112],[112.4965,-0.1125],[112.4995,-0.1145],[112.5065,-0.1235],[112.5085,-0.134],[112.5175,-0.152],[112.532,-0.1545],[112.551,-0.166],[112.565,-0.166],[112.572,-0.162],[112.5725,-0.1595],[112.576,-0.1555],[112.583,-0.1585],[112.596,-0.1575],[112.6005,-0.1575],[112.602,-0.158],[112.6005,-0.1285],[112.603,-0.11],[112.6115,-0.0885],[112.6105,-0.0745],[112.6175,-0.0525]]]},"properties":{"code":"61.05.14.2035","name":"Limbur Bernaung Lestari","latitude":-0.09516096702313814,"longitude":112.54755140266272}},{"type":"Feature","geometry":{"type":"Polygon","coordinates":[[[112.565,-0.166],[112.551,-0.166],[112.5575,-0.186],[112.551,-0.2035],[112.5545,-0.219],[112.5645,-0.2385],[112.5785,-0.2495],[112.5945,-0.248],[112.614,-0.2315],[112.605,-0.1975],[112.5815,-0.2005],[112.576,-0.2105],[112.5575,-0.209],[112.5635,-0.2005],[112.5605,-0.185],[112.565,-0.166]]]},"properties":{"code":"61.05.14.2036","name":"Mensulung Bio","latitude":-0.21791360081368255,"longitude":112.58141198035426}},{"type":"Feature","geometry":{"type":"Polygon","coordinates":[[[112.6935,-0.252],[112.6885,-0.2365],[112.6855,-0.2105],[112.6745,-0.2015],[112.6595,-0.2065],[112.6515,-0.2045],[112.6655,-0.2365],[112.6775,-0.2515],[112.6935,-0.252]]]},"properties":{"code":"61.05.14.2037","name":"Sabhang Landan","latitude":-0.22479181916026786,"longitude":112.67423692144091}},{"type":"Feature","geometry":{"type":"Polygon","coordinates":[[[112.7925,-0.3105],[112.809,-0.2915],[112.806,-0.2755],[112.7855,-0.2795],[112.766,-0.278],[112.761,-0.2795],[112.7285,-0.286],[112.719,-0.2855],[112.716,-0.283],[112.7105,-0.2805],[112.7115,-0.282],[112.7155,-0.2895],[112.7135,-0.2885],[112.707,-0.2835],[112.6905,-0.2815],[112.669,-0.304],[112.6655,-0.302],[112.661,-0.305],[112.654,-0.314],[112.6715,-0.3205],[112.6915,-0.3135],[112.724,-0.316],[112.7465,-0.31],[112.755,-0.3165],[112.772,-0.3155],[112.7925,-0.3105]]]},"properties":{"code":"61.05.14.2038","name":"Nanga Tangoi","latitude":-0.2985694222083592,"longitude":112.73706902908357}},{"type":"Feature","geometry":{"type":"Polygon","coordinates":[[[112.7625,-0.279],[112.7555,-0.2735],[112.749,-0.2585],[112.7475,-0.2295],[112.7435,-0.223],[112.7455,-0.2345],[112.737,-0.242],[112.7265,-0.233],[112.7245,-0.233],[112.714,-0.241],[112.7125,-0.2435],[112.714,-0.247],[112.7135,-0.2545],[112.713,-0.2555],[112.7155,-0.2625],[112.7175,-0.265],[112.719,-0.2855],[112.7285,-0.286],[112.761,-0.2795],[112.7625,-0.279]]]},"properties":{"code":"61.05.15.2001","name":"Nanga Kemangai","latitude":-0.2606866011783851,"longitude":112.73353198397214}},{"type":"Feature","geometry":{"type":"Polygon","coordinates":[[[112.782,-0.205],[112.7695,-0.201],[112.756,-0.2095],[112.746,-0.209],[112.7405,-0.217],[112.7435,-0.223],[112.7475,-0.2295],[112.749,-0.2585],[112.7555,-0.2735],[112.7625,-0.279],[112.766,-0.278],[112.7855,-0.2795],[112.806,-0.2755],[112.8085,-0.262],[112.8075,-0.2465],[112.795,-0.2185],[112.782,-0.205]]]},"properties":{"code":"61.05.15.2002","name":"Nanga Ambalau","latitude":-0.24215422260803687,"longitude":112.77535103160483}},{"type":"Feature","geometry":{"type":"Polygon","coordinates":[[[112.8525,-0.239],[112.8325,-0.2395],[112.813,-0.2665],[112.8095,-0.267],[112.809,-0.2665],[112.8075,-0.2665],[112.806,-0.2755],[112.809,-0.2915],[112.7925,-0.3105],[112.8005,-0.3245],[112.802,-0.336],[112.8095,-0.3605],[112.7945,-0.381],[112.796,-0.3975],[112.8075,-0.405],[112.8275,-0.411],[112.8245,-0.3405],[112.829,-0.3175],[112.836,-0.268],[112.8525,-0.239]]]},"properties":{"code":"61.05.15.2003","name":"Nanga Kesange","latitude":-0.3228537054338763,"longitude":112.81769471958877}},{"type":"Feature","geometry":{"type":"Polygon","coordinates":[[[112.95,-0.2665],[112.9465,-0.2385],[112.946,-0.199],[112.899,-0.227],[112.9035,-0.2385],[112.911,-0.289],[112.95,-0.2665]]]},"properties":{"code":"61.05.15.2004","name":"Nanga Menakon","latitude":-0.24434513963005577,"longitude":112.92674375134462}},{"type":"Feature","geometry":{"type":"Polygon","coordinates":[[[112.77,-0.037],[112.7605,-0.026],[112.757,-0.0265],[112.7565,-0.026],[112.7565,-0.024],[112.7495,-0.0245],[112.744,-0.026],[112.744,-0.0255],[112.7325,-0.0425],[112.7355,-0.0515],[112.75,-0.0745],[112.765,-0.077],[112.7775,-0.0665],[112.7965,-0.065],[112.8105,-0.057],[112.81,-0.054],[112.7955,-0.0375],[112.79,-0.0355],[112.776,-0.0355],[112.77,-0.037]]]},"properties":{"code":"61.05.15.2005","name":"Nanga Sake","latitude":-0.050550885172859626,"longitude":112.76769058067559}},{"type":"Feature","geometry":{"type":"Polygon","coordinates":[[[112.9145,0.1535],[112.885,0.156],[112.8625,0.157],[112.8465,0.162],[112.8275,0.163],[112.8255,0.1625],[112.8205,0.151],[112.7845,0.105],[112.786,0.088],[112.773,0.0775],[112.762,0.0515],[112.7635,0.0415],[112.7735,0.035],[112.765,0.026],[112.7685,0.0175],[112.771,-0.012],[112.777,-0.019],[112.768,-0.0285],[112.77,-0.037],[112.776,-0.0355],[112.79,-0.0355],[112.7955,-0.0375],[112.819,-0.04],[112.8245,-0.0355],[112.8445,-0.012],[112.856,-0.0025],[112.8545,0.0275],[112.87,0.0295],[112.879,0.0205],[112.897,0.0185],[112.921,0.02],[112.925,0.0315],[112.904,0.072],[112.9035,0.084],[112.905,0.093],[112.908,0.11],[112.903,0.122],[112.901,0.149],[112.908,0.152],[112.9145,0.1535]]]},"properties":{"code":"61.05.15.2006","name":"Buntut Pimpin","latitude":0.0647384897229959,"longitude":112.83849350329132}},{"type":"Feature","geometry":{"type":"Polygon","coordinates":[[[113.125,0.211],[113.1,0.217],[113.0775,0.196],[113.063,0.187],[113.0345,0.1785],[113.002,0.154],[112.947,0.128],[112.949,0.1175],[112.9635,0.104],[112.9795,0.0955],[112.994,0.083],[113.013,0.0565],[112.976,-0.0145],[112.991,-0.0205],[113.0065,-0.021],[113.0115,-0.0115],[113.0715,0.0215],[113.093,0.06],[113.141,0.1185],[113.154,0.141],[113.163,0.171],[113.17,0.237],[113.149,0.2135],[113.135,0.211],[113.1315,0.209],[113.125,0.211]]]},"properties":{"code":"61.05.15.2007","name":"Kepala Jungai","latitude":0.11397734433941534,"longitude":113.0628236247933}},{"type":"Feature","geometry":{"type":"Polygon","coordinates":[[[112.762,0.0515],[112.752,0.0615],[112.7345,0.0675],[112.712,0.067],[112.6945,0.037],[112.6725,0.0225],[112.68,0.009],[112.68,-0.0005],[112.6725,-0.012],[112.675,-0.018],[112.678,-0.0215],[112.682,-0.0225],[112.689,-0.0275],[112.7235,-0.028],[112.7375,-0.017],[112.744,-0.025],[112.744,-0.026],[112.7495,-0.0245],[112.7565,-0.024],[112.7565,-0.026],[112.757,-0.0265],[112.7605,-0.026],[112.77,-0.037],[112.768,-0.0285],[112.777,-0.019],[112.771,-0.012],[112.7685,0.0175],[112.765,0.026],[112.7735,0.035],[112.7635,0.0415],[112.762,0.0515]]]},"properties":{"code":"61.05.15.2008","name":"Tanjung Andan","latitude":0.014871317957887086,"longitude":112.72558033668784}},{"type":"Feature","geometry":{"type":"Polygon","coordinates":[[[112.989,-0.4945],[112.99,-0.486],[112.9895,-0.48],[112.9705,-0.4625],[112.9545,-0.4515],[112.928,-0.4595],[112.9225,-0.4545],[112.9375,-0.4455],[112.942,-0.4335],[112.9375,-0.4185],[112.939,-0.4025],[112.9465,-0.3825],[112.947,-0.36],[112.954,-0.344],[112.9505,-0.337],[112.9525,-0.31],[112.942,-0.3045],[112.939,-0.3045],[112.9365,-0.323],[112.903,-0.37],[112.861,-0.3605],[112.858,-0.3645],[112.857,-0.3765],[112.8655,-0.3975],[112.862,-0.413],[112.8475,-0.417],[112.862,-0.423],[112.865,-0.4335],[112.854,-0.4615],[112.854,-0.47],[112.873,-0.481],[112.874,-0.4905],[112.866,-0.5025],[112.8445,-0.5125],[112.8295,-0.5295],[112.8145,-0.5395],[112.7935,-0.5645],[112.7875,-0.586],[112.805,-0.5805],[112.8325,-0.5775],[112.836,-0.569],[112.866,-0.548],[112.8895,-0.5385],[112.9015,-0.5425],[112.92,-0.535],[112.922,-0.523],[112.9345,-0.522],[112.955,-0.5135],[112.979,-0.509],[112.9805,-0.5075],[112.9865,-0.4955],[112.989,-0.4945]]]},"properties":{"code":"61.05.15.2009","name":"Buntut Sabon","latitude":-0.4606279115110353,"longitude":112.8995849643431}},{"type":"Feature","geometry":{"type":"Polygon","coordinates":[[[112.8255,0.1625],[112.824,0.162],[112.816,0.1805],[112.8065,0.1905],[112.753,0.2335],[112.7265,0.2355],[112.7005,0.235],[112.68,0.238],[112.6715,0.2415],[112.6565,0.234],[112.6545,0.2315],[112.651,0.2245],[112.646,0.215],[112.637,0.2155],[112.6295,0.2015],[112.6455,0.1825],[112.646,0.167],[112.641,0.1685],[112.6405,0.1665],[112.661,0.157],[112.687,0.1345],[112.709,0.107],[112.7145,0.086],[112.712,0.067],[112.7345,0.0675],[112.752,0.0615],[112.762,0.0515],[112.773,0.0775],[112.786,0.088],[112.7845,0.105],[112.8205,0.151],[112.8255,0.1625]]]},"properties":{"code":"61.05.15.2010","name":"Nanga Keremoi","latitude":0.161674164739913,"longitude":112.73161359040138}},{"type":"Feature","geometry":{"type":"Polygon","coordinates":[[[113.045,-0.253],[113.0405,-0.216],[113.013,-0.1945],[113.0105,-0.1595],[113.0085,-0.162],[112.989,-0.173],[112.982,-0.1825],[112.99,-0.198],[112.9905,-0.2285],[112.9735,-0.2615],[112.95,-0.2665],[112.952,-0.2735],[112.9565,-0.2775],[112.9735,-0.283],[112.9815,-0.2895],[112.996,-0.284],[113,-0.272],[113.045,-0.253]]]},"properties":{"code":"61.05.15.2011","name":"Nanga Menantak","latitude":-0.23394630769700533,"longitude":113.00342589917534}},{"type":"Feature","geometry":{"type":"Polygon","coordinates":[[[113.0795,-0.3375],[113.0705,-0.311],[113.056,-0.302],[113.0525,-0.2895],[113.0625,-0.2755],[113.045,-0.259],[113.045,-0.253],[113,-0.272],[112.996,-0.284],[112.9815,-0.2895],[112.985,-0.2935],[112.9855,-0.2945],[112.9775,-0.3035],[112.9825,-0.312],[112.9785,-0.326],[112.9875,-0.347],[113.005,-0.357],[113.033,-0.353],[113.04,-0.3655],[113.0475,-0.3645],[113.0615,-0.3715],[113.0735,-0.368],[113.0855,-0.3695],[113.093,-0.364],[113.0895,-0.347],[113.0795,-0.3375]]]},"properties":{"code":"61.05.15.2012","name":"Buntut Purun","latitude":-0.31781848885613345,"longitude":113.03174692124969}},{"type":"Feature","geometry":{"type":"Polygon","coordinates":[[[113.052,-0.041],[113.0425,-0.0375],[113.026,-0.0305],[113.008,-0.0305],[112.995,-0.035],[112.9945,-0.059],[112.9705,-0.061],[112.9585,-0.0665],[112.9385,-0.07],[112.92,-0.067],[112.887,-0.076],[112.86,-0.0945],[112.8475,-0.095],[112.843,-0.0695],[112.8315,-0.0565],[112.822,-0.0385],[112.819,-0.04],[112.7955,-0.0375],[112.81,-0.054],[112.8115,-0.066],[112.8085,-0.0755],[112.7955,-0.0885],[112.7965,-0.1045],[112.7975,-0.1135],[112.793,-0.131],[112.7755,-0.147],[112.759,-0.172],[112.767,-0.1755],[112.7765,-0.189],[112.782,-0.205],[112.795,-0.2185],[112.8075,-0.2465],[112.8085,-0.262],[112.8075,-0.2665],[112.809,-0.2665],[112.8095,-0.267],[112.813,-0.2665],[112.8325,-0.2395],[112.8525,-0.239],[112.869,-0.238],[112.899,-0.227],[112.946,-0.199],[112.966,-0.1865],[112.982,-0.1825],[112.989,-0.173],[113.0085,-0.162],[113.013,-0.1565],[113.021,-0.1315],[113.0165,-0.101],[113.0255,-0.078],[113.039,-0.072],[113.049,-0.063],[113.052,-0.041]]]},"properties":{"code":"61.05.15.2013","name":"Nanga Sakai","latitude":-0.1398587390747825,"longitude":112.89776949502476}},{"type":"Feature","geometry":{"type":"Polygon","coordinates":[[[112.9775,-0.3035],[112.9685,-0.313],[112.9675,-0.315],[112.968,-0.322],[112.969,-0.323],[112.965,-0.3305],[112.966,-0.354],[112.958,-0.3685],[113.0545,-0.4075],[113.0765,-0.4215],[113.0775,-0.447],[113.092,-0.49],[113.0945,-0.491],[113.097,-0.4875],[113.098,-0.484],[113.0995,-0.4825],[113.114,-0.474],[113.1165,-0.472],[113.1195,-0.4685],[113.121,-0.4675],[113.1235,-0.4645],[113.124,-0.4595],[113.1255,-0.4575],[113.1285,-0.4555],[113.1425,-0.4715],[113.1495,-0.476],[113.164,-0.477],[113.1695,-0.489],[113.1805,-0.49],[113.192,-0.5035],[113.209,-0.505],[113.216,-0.5065],[113.226,-0.4965],[113.2295,-0.4755],[113.2395,-0.4685],[113.2465,-0.45],[113.2545,-0.45],[113.2545,-0.435],[113.263,-0.437],[113.271,-0.4245],[113.2575,-0.4055],[113.2625,-0.391],[113.2625,-0.3895],[113.256,-0.384],[113.2395,-0.378],[113.2375,-0.3715],[113.2365,-0.369],[113.2335,-0.368],[113.233,-0.3665],[113.2295,-0.3645],[113.0795,-0.3375],[113.0895,-0.347],[113.093,-0.364],[113.0855,-0.3695],[113.0735,-0.368],[113.0615,-0.3715],[113.0475,-0.3645],[113.04,-0.3655],[113.033,-0.353],[113.005,-0.357],[112.9875,-0.347],[112.9785,-0.326],[112.9825,-0.312],[112.9775,-0.3035]]]},"properties":{"code":"61.05.15.2014","name":"Nanga Mentomoi","latitude":-0.4101469761288793,"longitude":113.13990725025198}},{"type":"Feature","geometry":{"type":"Polygon","coordinates":[[[112.939,-0.3045],[112.937,-0.304],[112.9335,-0.304],[112.9305,-0.302],[112.928,-0.302],[112.926,-0.301],[112.9305,-0.287],[112.9255,-0.2805],[112.911,-0.289],[112.903,-0.297],[112.874,-0.304],[112.8735,-0.338],[112.871,-0.349],[112.861,-0.3605],[112.903,-0.37],[112.9365,-0.323],[112.939,-0.3045]]]},"properties":{"code":"61.05.15.2015","name":"Sungai Tambun","latitude":-0.3275411617495205,"longitude":112.90202330814357}},{"type":"Feature","geometry":{"type":"Polygon","coordinates":[[[112.9815,-0.2895],[112.9735,-0.283],[112.9565,-0.2775],[112.952,-0.2735],[112.95,-0.2665],[112.9255,-0.2805],[112.9305,-0.287],[112.926,-0.301],[112.928,-0.302],[112.9305,-0.302],[112.9335,-0.304],[112.937,-0.304],[112.942,-0.3045],[112.9525,-0.31],[112.9505,-0.337],[112.954,-0.344],[112.947,-0.36],[112.9465,-0.3825],[112.939,-0.4025],[112.9375,-0.4185],[112.942,-0.4335],[112.9375,-0.4455],[112.9225,-0.4545],[112.928,-0.4595],[112.9545,-0.4515],[112.9705,-0.4625],[112.9895,-0.48],[112.99,-0.486],[112.989,-0.4945],[112.99,-0.494],[112.9915,-0.493],[112.992,-0.4945],[112.9915,-0.5],[112.992,-0.501],[113.001,-0.5035],[113.03,-0.5025],[113.0545,-0.514],[113.0905,-0.4895],[113.092,-0.49],[113.0775,-0.447],[113.0765,-0.4215],[113.0545,-0.4075],[112.958,-0.3685],[112.966,-0.354],[112.965,-0.3305],[112.969,-0.323],[112.968,-0.322],[112.9675,-0.315],[112.9685,-0.313],[112.9775,-0.3035],[112.9855,-0.2945],[112.985,-0.2935],[112.9815,-0.2895]]]},"properties":{"code":"61.05.15.2016","name":"Riam Sabon","latitude":-0.42223989197277556,"longitude":113.00281170635633}},{"type":"Feature","geometry":{"type":"Polygon","coordinates":[[[112.95,-0.2665],[112.9735,-0.2615],[112.9905,-0.2285],[112.99,-0.198],[112.982,-0.1825],[112.966,-0.1865],[112.946,-0.199],[112.9465,-0.2385],[112.95,-0.2665]]]},"properties":{"code":"61.05.15.2017","name":"Nanga Ukai","latitude":-0.2227662706460874,"longitude":112.96738969063155}},{"type":"Feature","geometry":{"type":"Polygon","coordinates":[[[112.911,-0.289],[112.9035,-0.2385],[112.899,-0.227],[112.869,-0.238],[112.872,-0.2585],[112.867,-0.285],[112.874,-0.304],[112.903,-0.297],[112.911,-0.289]]]},"properties":{"code":"61.05.15.2018","name":"Mensuang","latitude":-0.26740545372683333,"longitude":112.88852629215708}},{"type":"Feature","geometry":{"type":"Polygon","coordinates":[[[112.874,-0.304],[112.867,-0.285],[112.872,-0.2585],[112.869,-0.238],[112.8525,-0.239],[112.836,-0.268],[112.829,-0.3175],[112.8245,-0.3405],[112.8275,-0.411],[112.8445,-0.4055],[112.8475,-0.417],[112.862,-0.413],[112.8655,-0.3975],[112.857,-0.3765],[112.858,-0.3645],[112.8615,-0.36],[112.871,-0.349],[112.8735,-0.338],[112.874,-0.304]]]},"properties":{"code":"61.05.15.2019","name":"Dahtah Bungai","latitude":-0.3289629002327287,"longitude":112.84942796051533}},{"type":"Feature","geometry":{"type":"Polygon","coordinates":[[[112.7435,-0.223],[112.7265,-0.2075],[112.716,-0.182],[112.6995,-0.175],[112.691,-0.1545],[112.6755,-0.143],[112.6735,-0.133],[112.6475,-0.1435],[112.64,-0.151],[112.639,-0.163],[112.6495,-0.1805],[112.6515,-0.2045],[112.6595,-0.2065],[112.6745,-0.2015],[112.6855,-0.2105],[112.6885,-0.2365],[112.6935,-0.252],[112.697,-0.249],[112.7,-0.2415],[112.7045,-0.2395],[112.706,-0.2405],[112.7115,-0.2445],[112.714,-0.241],[112.7245,-0.233],[112.7265,-0.233],[112.737,-0.242],[112.7455,-0.2345],[112.7435,-0.223]]]},"properties":{"code":"61.05.15.2020","name":"Lunjan Tingang","latitude":-0.1918599585609524,"longitude":112.68800843404821}},{"type":"Feature","geometry":{"type":"Polygon","coordinates":[[[112.7125,-0.2435],[112.7115,-0.2445],[112.706,-0.2405],[112.7045,-0.2395],[112.7,-0.2415],[112.697,-0.249],[112.6935,-0.252],[112.7055,-0.266],[112.7105,-0.2795],[112.7105,-0.2805],[112.716,-0.283],[112.719,-0.2855],[112.7175,-0.265],[112.7155,-0.2625],[112.713,-0.2555],[112.7135,-0.2545],[112.714,-0.247],[112.7125,-0.2435]]]},"properties":{"code":"61.05.15.2021","name":"Bukit Tinggi","latitude":-0.2602481525419736,"longitude":112.70846920629928}},{"type":"Feature","geometry":{"type":"Polygon","coordinates":[[[112.7665,-0.161],[112.762,-0.161],[112.7575,-0.1595],[112.7385,-0.158],[112.719,-0.1515],[112.71,-0.144],[112.7135,-0.148],[112.714,-0.151],[112.7165,-0.1545],[112.7175,-0.1595],[112.727,-0.164],[112.7295,-0.1735],[112.727,-0.188],[112.74,-0.215],[112.7405,-0.217],[112.746,-0.209],[112.756,-0.2095],[112.7695,-0.201],[112.782,-0.205],[112.7765,-0.189],[112.767,-0.1755],[112.759,-0.172],[112.7665,-0.161]]]},"properties":{"code":"61.05.15.2022","name":"Bukai Tukun","latitude":-0.18223727810574475,"longitude":112.74781341160396}},{"type":"Feature","geometry":{"type":"Polygon","coordinates":[[[112.694,-0.0785],[112.683,-0.0785],[112.6775,-0.081],[112.6575,-0.087],[112.6665,-0.116],[112.6605,-0.1275],[112.6475,-0.1435],[112.6735,-0.133],[112.6755,-0.143],[112.691,-0.1545],[112.6995,-0.175],[112.716,-0.182],[112.7265,-0.2075],[112.7435,-0.223],[112.74,-0.215],[112.727,-0.188],[112.7295,-0.1735],[112.727,-0.164],[112.7175,-0.1595],[112.7165,-0.1545],[112.714,-0.151],[112.7135,-0.148],[112.71,-0.144],[112.7035,-0.139],[112.6795,-0.131],[112.7185,-0.1055],[112.694,-0.0785]]]},"properties":{"code":"61.05.15.2023","name":"Nusa Koring","latitude":-0.13253126508023816,"longitude":112.69428542140945}},{"type":"Feature","geometry":{"type":"Polygon","coordinates":[[[112.7755,-0.147],[112.763,-0.1415],[112.7475,-0.14],[112.731,-0.1165],[112.7185,-0.1055],[112.6795,-0.131],[112.7035,-0.139],[112.719,-0.1515],[112.7385,-0.158],[112.7575,-0.1595],[112.762,-0.161],[112.7665,-0.161],[112.7755,-0.147]]]},"properties":{"code":"61.05.15.2024","name":"Purut Beribit","latitude":-0.13636014247866493,"longitude":112.72785488436175}},{"type":"Feature","geometry":{"type":"Polygon","coordinates":[[[112.7965,-0.1045],[112.772,-0.1015],[112.7385,-0.0945],[112.716,-0.0725],[112.708,-0.0685],[112.694,-0.0785],[112.7185,-0.1055],[112.731,-0.1165],[112.7475,-0.14],[112.763,-0.1415],[112.7755,-0.147],[112.793,-0.131],[112.7975,-0.1135],[112.7965,-0.1045]]]},"properties":{"code":"61.05.15.2025","name":"Pulou Sabhang","latitude":-0.11131532561956263,"longitude":112.75160585980082}},{"type":"Feature","geometry":{"type":"Polygon","coordinates":[[[112.8105,-0.057],[112.7965,-0.065],[112.7775,-0.0665],[112.765,-0.077],[112.75,-0.0745],[112.7355,-0.0515],[112.7325,-0.0425],[112.714,-0.046],[112.708,-0.0685],[112.716,-0.0725],[112.7385,-0.0945],[112.772,-0.1015],[112.7965,-0.1045],[112.7955,-0.0885],[112.8085,-0.0755],[112.8115,-0.066],[112.8105,-0.057]]]},"properties":{"code":"61.05.15.2026","name":"Patih Jepara","latitude":-0.07649331606930788,"longitude":112.75777396900146}},{"type":"Feature","geometry":{"type":"Polygon","coordinates":[[[112.744,-0.0255],[112.744,-0.025],[112.7375,-0.017],[112.7235,-0.028],[112.689,-0.0275],[112.682,-0.0225],[112.678,-0.0215],[112.675,-0.018],[112.673,-0.0195],[112.6675,-0.033],[112.6705,-0.0605],[112.676,-0.0725],[112.681,-0.0795],[112.683,-0.0785],[112.694,-0.0785],[112.708,-0.0685],[112.714,-0.046],[112.7325,-0.0425],[112.744,-0.0255]]]},"properties":{"code":"61.05.15.2027","name":"Korong Daso","latitude":-0.045137091308560646,"longitude":112.69838095306824}},{"type":"Feature","geometry":{"type":"Polygon","coordinates":[[[112.673,-0.0195],[112.673,-0.0185],[112.6675,-0.0165],[112.6535,-0.0185],[112.651,-0.011],[112.6385,-0.01],[112.6075,0.0085],[112.6065,0.01],[112.6075,0.019],[112.595,0.022],[112.586,0.015],[112.5675,0.012],[112.543,0.023],[112.5335,0.023],[112.511,0.0365],[112.4855,0.044],[112.4995,0.0235],[112.501,0.0095],[112.493,0.0005],[112.487,-0.021],[112.4885,-0.042],[112.489,-0.042],[112.496,-0.055],[112.508,-0.057],[112.539,-0.031],[112.5555,-0.028],[112.5765,-0.0375],[112.588,-0.052],[112.5975,-0.054],[112.6175,-0.0525],[112.6315,-0.0565],[112.646,-0.0645],[112.6575,-0.087],[112.6775,-0.081],[112.681,-0.0795],[112.676,-0.0725],[112.6705,-0.0605],[112.6675,-0.033],[112.673,-0.0195]]]},"properties":{"code":"61.05.15.2028","name":"Luting Mingan","latitude":-0.019933187792945357,"longitude":112.57711224193329}},{"type":"Feature","geometry":{"type":"Polygon","coordinates":[[[112.641,0.1685],[112.6395,0.169],[112.6245,0.182],[112.614,0.178],[112.596,0.184],[112.5695,0.2045],[112.5645,0.2005],[112.5495,0.182],[112.5355,0.1775],[112.5235,0.187],[112.5115,0.1835],[112.5065,0.173],[112.5055,0.157],[112.514,0.13],[112.5135,0.125],[112.512,0.1185],[112.5055,0.105],[112.4765,0.117],[112.4715,0.119],[112.471,0.1125],[112.47,0.1005],[112.4735,0.065],[112.4855,0.044],[112.511,0.0365],[112.5335,0.023],[112.543,0.023],[112.5675,0.012],[112.586,0.015],[112.595,0.022],[112.6075,0.019],[112.6065,0.01],[112.6075,0.0085],[112.6385,-0.01],[112.651,-0.011],[112.6535,-0.0185],[112.6675,-0.0165],[112.673,-0.0185],[112.675,-0.018],[112.6725,-0.012],[112.68,-0.0005],[112.68,0.009],[112.6725,0.0225],[112.6945,0.037],[112.712,0.067],[112.7145,0.086],[112.709,0.107],[112.687,0.1345],[112.661,0.157],[112.6405,0.1665],[112.641,0.1685]]]},"properties":{"code":"61.05.15.2029","name":"Kolangan Juoi","latitude":0.09214353180696384,"longitude":112.59522514280316}},{"type":"Feature","geometry":{"type":"Polygon","coordinates":[[[112.921,0.02],[112.897,0.0185],[112.879,0.0205],[112.87,0.0295],[112.8545,0.0275],[112.856,-0.0025],[112.8445,-0.012],[112.8245,-0.0355],[112.822,-0.0385],[112.8315,-0.0565],[112.843,-0.0695],[112.8475,-0.095],[112.86,-0.0945],[112.887,-0.076],[112.92,-0.067],[112.9385,-0.07],[112.9585,-0.0665],[112.9335,-0.029],[112.929,-0.013],[112.917,0.0075],[112.921,0.02]]]},"properties":{"code":"61.05.15.2030","name":"Nanga Rade","latitude":-0.03443517783517874,"longitude":112.8843781220546}},{"type":"Feature","geometry":{"type":"Polygon","coordinates":[[[113.058,0.2865],[113.0515,0.2865],[113.0475,0.273],[113.0455,0.2715],[113.017,0.262],[113.0155,0.2535],[113.0145,0.253],[113.0135,0.252],[112.9985,0.254],[112.9845,0.231],[112.9835,0.2295],[112.9745,0.226],[112.9655,0.2145],[112.9725,0.1965],[112.9755,0.176],[112.9635,0.1505],[112.9415,0.1455],[112.923,0.1525],[112.9145,0.1535],[112.908,0.152],[112.901,0.149],[112.903,0.122],[112.908,0.11],[112.905,0.093],[112.9035,0.084],[112.904,0.072],[112.925,0.0315],[112.917,0.0075],[112.929,-0.013],[112.9335,-0.029],[112.9585,-0.0665],[112.9705,-0.061],[112.9945,-0.059],[112.995,-0.035],[113.008,-0.0305],[113.026,-0.0305],[113.0425,-0.0375],[113.0555,-0.0425],[113.074,-0.045],[113.0885,-0.04],[113.0945,-0.0285],[113.0955,-0.0165],[113.102,-0.0025],[113.116,0.0095],[113.128,0.012],[113.155,0.0105],[113.173,0.0125],[113.189,0.018],[113.2105,0.0195],[113.2285,0.0035],[113.24,-0.002],[113.2555,-0.015],[113.264,-0.0175],[113.2815,-0.0335],[113.3025,-0.0425],[113.3665,-0.0315],[113.3845,-0.037],[113.4115,-0.0215],[113.426,-0.01],[113.4265,-0.009],[113.4325,0.0095],[113.418,0.018],[113.396,0.0345],[113.405,0.064],[113.3935,0.083],[113.4035,0.0945],[113.404,0.096],[113.412,0.103],[113.413,0.1055],[113.414,0.112],[113.409,0.1195],[113.4005,0.131],[113.397,0.1365],[113.3835,0.1445],[113.378,0.143],[113.3495,0.1585],[113.3255,0.1695],[113.315,0.17],[113.3015,0.1855],[113.2945,0.207],[113.2735,0.219],[113.262,0.23],[113.235,0.23],[113.195,0.2425],[113.179,0.243],[113.167,0.2355],[113.149,0.2345],[113.1355,0.221],[113.1365,0.212],[113.135,0.211],[113.149,0.2135],[113.17,0.237],[113.163,0.171],[113.154,0.141],[113.141,0.1185],[113.093,0.06],[113.0715,0.0215],[113.0115,-0.0115],[113.0065,-0.021],[112.991,-0.0205],[112.976,-0.0145],[113.013,0.0565],[112.994,0.083],[112.9795,0.0955],[112.9635,0.104],[112.949,0.1175],[112.947,0.128],[113.002,0.154],[113.0345,0.1785],[113.063,0.187],[113.0775,0.196],[113.1,0.217],[113.125,0.211],[113.1225,0.212],[113.1155,0.222],[113.102,0.228],[113.0985,0.2385],[113.105,0.2475],[113.101,0.263],[113.0925,0.261],[113.075,0.2685],[113.072,0.279],[113.058,0.2865]]]},"properties":{"code":"61.05.15.2031","name":"Jengkarang","latitude":0.09333675958763588,"longitude":113.17372149546674}},{"type":"Feature","geometry":{"type":"Polygon","coordinates":[[[113.426,-0.01],[113.4115,-0.0215],[113.3845,-0.037],[113.3665,-0.0315],[113.3025,-0.0425],[113.2815,-0.0335],[113.264,-0.0175],[113.2555,-0.015],[113.24,-0.002],[113.2285,0.0035],[113.2105,0.0195],[113.189,0.018],[113.173,0.0125],[113.155,0.0105],[113.128,0.012],[113.116,0.0095],[113.102,-0.0025],[113.0955,-0.0165],[113.0945,-0.0285],[113.0885,-0.04],[113.074,-0.045],[113.0555,-0.0425],[113.052,-0.041],[113.049,-0.063],[113.039,-0.072],[113.0255,-0.078],[113.0165,-0.101],[113.021,-0.1315],[113.013,-0.1565],[113.0105,-0.1595],[113.013,-0.1945],[113.0405,-0.216],[113.045,-0.253],[113.0745,-0.2435],[113.088,-0.2295],[113.0955,-0.206],[113.1065,-0.19],[113.126,-0.191],[113.137,-0.2055],[113.167,-0.2785],[113.1715,-0.2985],[113.181,-0.3155],[113.195,-0.318],[113.197,-0.34],[113.2195,-0.3495],[113.2295,-0.3645],[113.233,-0.3665],[113.233,-0.365],[113.2315,-0.3615],[113.23,-0.359],[113.23,-0.357],[113.229,-0.3555],[113.2215,-0.348],[113.2205,-0.3335],[113.2385,-0.3155],[113.244,-0.3035],[113.252,-0.304],[113.264,-0.2825],[113.284,-0.262],[113.3055,-0.254],[113.2975,-0.2405],[113.3015,-0.23],[113.2875,-0.2235],[113.291,-0.2085],[113.3235,-0.1685],[113.3305,-0.1515],[113.354,-0.1415],[113.3565,-0.1365],[113.3855,-0.1315],[113.394,-0.1265],[113.4055,-0.11],[113.4225,-0.1105],[113.4225,-0.11],[113.4205,-0.106],[113.4185,-0.1035],[113.418,-0.1],[113.4235,-0.0855],[113.435,-0.077],[113.444,-0.0615],[113.4315,-0.05],[113.4205,-0.051],[113.416,-0.0485],[113.416,-0.046],[113.4285,-0.028],[113.426,-0.0105],[113.426,-0.01]]]},"properties":{"code":"61.05.15.2032","name":"Deme","latitude":-0.13248572025895383,"longitude":113.20386290120358}},{"type":"Feature","geometry":{"type":"Polygon","coordinates":[[[113.2295,-0.3645],[113.2195,-0.3495],[113.197,-0.34],[113.195,-0.318],[113.181,-0.3155],[113.1715,-0.2985],[113.167,-0.2785],[113.137,-0.2055],[113.126,-0.191],[113.1065,-0.19],[113.0955,-0.206],[113.088,-0.2295],[113.0745,-0.2435],[113.045,-0.253],[113.045,-0.259],[113.0625,-0.2755],[113.0525,-0.2895],[113.056,-0.302],[113.0705,-0.311],[113.0795,-0.3375],[113.2295,-0.3645]]]},"properties":{"code":"61.05.15.2033","name":"Nanga Pahangan","latitude":-0.2853792079289887,"longitude":113.12355451476786}},{"type":"Feature","geometry":{"type":"Polygon","coordinates":[[[111.6795,0.2345],[111.6715,0.253],[111.654,0.2555],[111.6395,0.249],[111.639,0.2375],[111.6305,0.224],[111.638,0.2075],[111.643,0.1845],[111.6565,0.176],[111.6725,0.194],[111.6765,0.2035],[111.6755,0.22],[111.6795,0.2345]]]},"properties":{"code":"61.05.19.2001","name":"Nanga Lebang","latitude":0.21900795783582627,"longitude":111.65623758336667}},{"type":"Feature","geometry":{"type":"Polygon","coordinates":[[[111.665,0.1365],[111.646,0.1365],[111.6455,0.1285],[111.6605,0.1055],[111.659,0.0875],[111.641,0.073],[111.658,0.0675],[111.658,0.071],[111.6795,0.067],[111.693,0.0705],[111.6945,0.0705],[111.7005,0.0695],[111.7115,0.0635],[111.712,0.066],[111.7105,0.0685],[111.7085,0.074],[111.7095,0.091],[111.7025,0.1045],[111.7065,0.1095],[111.7075,0.113],[111.703,0.127],[111.699,0.1305],[111.6825,0.1335],[111.665,0.1365]]]},"properties":{"code":"61.05.19.2002","name":"Merpak","latitude":0.10143853832347714,"longitude":111.67925439303791}},{"type":"Feature","geometry":{"type":"Polygon","coordinates":[[[111.641,0.073],[111.6205,0.0805],[111.6085,0.089],[111.588,0.115],[111.588,0.1055],[111.587,0.083],[111.581,0.067],[111.5895,0.0605],[111.601,0.053],[111.623,0.053],[111.623,0.028],[111.62,0.026],[111.6345,0.0165],[111.6415,0.029],[111.644,0.0355],[111.658,0.0555],[111.658,0.0675],[111.641,0.073]]]},"properties":{"code":"61.05.19.2003","name":"Kebong","latitude":0.06326861002465022,"longitude":111.62006835134554}},{"type":"Feature","geometry":{"type":"Polygon","coordinates":[[[111.782,0.142],[111.768,0.142],[111.7565,0.1475],[111.7475,0.149],[111.741,0.1245],[111.747,0.0995],[111.7475,0.086],[111.7575,0.0885],[111.765,0.0885],[111.787,0.1015],[111.782,0.142]]]},"properties":{"code":"61.05.19.2004","name":"Baning Panjang","latitude":0.11757290777666853,"longitude":111.76298205663451}},{"type":"Feature","geometry":{"type":"Polygon","coordinates":[[[111.7475,0.149],[111.7445,0.15],[111.724,0.1455],[111.7195,0.1375],[111.7005,0.129],[111.703,0.127],[111.7075,0.113],[111.7065,0.1095],[111.7025,0.1045],[111.7095,0.091],[111.7085,0.074],[111.72,0.075],[111.733,0.08],[111.744,0.085],[111.7475,0.086],[111.747,0.0995],[111.741,0.1245],[111.7475,0.149]]]},"properties":{"code":"61.05.19.2005","name":"Ensaid Panjang","latitude":0.11125436506041614,"longitude":111.72626373600256}},{"type":"Feature","geometry":{"type":"Polygon","coordinates":[[[111.896,0.1755],[111.8915,0.177],[111.8805,0.1795],[111.8775,0.18],[111.876,0.1795],[111.8685,0.179],[111.8575,0.1665],[111.8565,0.154],[111.8455,0.1355],[111.8385,0.127],[111.845,0.131],[111.855,0.1245],[111.8755,0.1315],[111.887,0.1435],[111.896,0.166],[111.896,0.1755]]]},"properties":{"code":"61.05.19.2006","name":"Bengkuang","latitude":0.15311489610117016,"longitude":111.87152663881416}},{"type":"Feature","geometry":{"type":"Polygon","coordinates":[[[111.755,0.239],[111.746,0.2435],[111.745,0.2435],[111.751,0.2295],[111.7515,0.2115],[111.7575,0.1845],[111.774,0.17],[111.787,0.1695],[111.795,0.175],[111.7935,0.18],[111.794,0.1915],[111.8085,0.206],[111.805,0.2275],[111.8015,0.232],[111.7975,0.236],[111.795,0.235],[111.7775,0.2315],[111.764,0.239],[111.755,0.239]]]},"properties":{"code":"61.05.19.2007","name":"Pelimping","latitude":0.20767275505091762,"longitude":111.7775061555032}},{"type":"Feature","geometry":{"type":"Polygon","coordinates":[[[111.859,0.19],[111.857,0.1885],[111.855,0.1875],[111.8535,0.1855],[111.851,0.184],[111.846,0.1835],[111.843,0.1775],[111.836,0.172],[111.8215,0.165],[111.82,0.163],[111.818,0.149],[111.828,0.135],[111.825,0.12],[111.83,0.1225],[111.8385,0.127],[111.8455,0.1355],[111.8565,0.154],[111.8575,0.1665],[111.8685,0.179],[111.876,0.1795],[111.8775,0.18],[111.876,0.1805],[111.8725,0.1815],[111.859,0.1895],[111.859,0.19]]]},"properties":{"code":"61.05.19.2008","name":"Sungai Pukat","latitude":0.15778507776598302,"longitude":111.8414900221449}},{"type":"Feature","geometry":{"type":"Polygon","coordinates":[[[111.774,0.17],[111.7575,0.1845],[111.7515,0.2115],[111.743,0.199],[111.715,0.1855],[111.7075,0.1765],[111.7015,0.159],[111.6925,0.1525],[111.6825,0.1335],[111.699,0.1305],[111.7005,0.129],[111.7195,0.1375],[111.724,0.1455],[111.7445,0.15],[111.7565,0.1475],[111.768,0.142],[111.782,0.142],[111.7685,0.152],[111.778,0.1595],[111.774,0.17]]]},"properties":{"code":"61.05.19.2009","name":"Sungai Maram","latitude":0.16364107529619146,"longitude":111.73294851814678}},{"type":"Feature","geometry":{"type":"Polygon","coordinates":[[[111.828,0.2335],[111.814,0.2305],[111.801,0.235],[111.799,0.2365],[111.7975,0.236],[111.8015,0.232],[111.805,0.2275],[111.8085,0.206],[111.794,0.1915],[111.7935,0.18],[111.798,0.168],[111.7985,0.154],[111.8075,0.14],[111.808,0.1275],[111.819,0.117],[111.825,0.12],[111.828,0.135],[111.818,0.149],[111.82,0.163],[111.8215,0.165],[111.836,0.172],[111.843,0.1775],[111.846,0.1835],[111.851,0.184],[111.8535,0.1855],[111.855,0.1875],[111.857,0.1885],[111.859,0.19],[111.857,0.196],[111.8505,0.2105],[111.841,0.228],[111.828,0.2335]]]},"properties":{"code":"61.05.19.2010","name":"Sepan Lebang","latitude":0.18573975407417131,"longitude":111.82186542220552}},{"type":"Feature","geometry":{"type":"Polygon","coordinates":[[[111.819,0.117],[111.808,0.1275],[111.8075,0.14],[111.7985,0.154],[111.798,0.168],[111.795,0.175],[111.787,0.1695],[111.774,0.17],[111.778,0.1595],[111.7685,0.152],[111.782,0.142],[111.787,0.1015],[111.7985,0.099],[111.814,0.1135],[111.819,0.117]]]},"properties":{"code":"61.05.19.2011","name":"Gemba Raya","latitude":0.13642723872734286,"longitude":111.79265366361635}},{"type":"Feature","geometry":{"type":"Polygon","coordinates":[[[111.6565,0.176],[111.643,0.1845],[111.638,0.2075],[111.6305,0.224],[111.6215,0.223],[111.594,0.2055],[111.595,0.197],[111.618,0.1425],[111.646,0.1365],[111.665,0.1365],[111.6655,0.1445],[111.6575,0.164],[111.6565,0.176]]]},"properties":{"code":"61.05.19.2012","name":"Karya Jaya Bhakti","latitude":0.17650327518932574,"longitude":111.62876810472076}},{"type":"Feature","geometry":{"type":"Polygon","coordinates":[[[111.7135,0.2545],[111.711,0.256],[111.687,0.265],[111.673,0.2785],[111.6665,0.3015],[111.6855,0.3],[111.6815,0.321],[111.669,0.3405],[111.669,0.3415],[111.6685,0.341],[111.6685,0.3415],[111.656,0.3205],[111.6375,0.2885],[111.6225,0.283],[111.593,0.2845],[111.5935,0.279],[111.6085,0.279],[111.613,0.2775],[111.614,0.277],[111.6155,0.275],[111.613,0.2645],[111.5955,0.2435],[111.594,0.2055],[111.6215,0.223],[111.6305,0.224],[111.639,0.2375],[111.6395,0.249],[111.654,0.2555],[111.6715,0.253],[111.6795,0.2345],[111.686,0.24],[111.7125,0.247],[111.7135,0.2545]]]},"properties":{"code":"61.05.19.2013","name":"Mandiri Jaya","latitude":0.26732519383952985,"longitude":111.64675322893747}},{"type":"Feature","geometry":{"type":"Polygon","coordinates":[[[111.9135,0.1175],[111.9065,0.1135],[111.897,0.113],[111.8835,0.12],[111.8755,0.1315],[111.855,0.1245],[111.8585,0.112],[111.854,0.0965],[111.871,0.1025],[111.8895,0.093],[111.8855,0.0665],[111.895,0.0735],[111.903,0.0825],[111.9105,0.1115],[111.9135,0.1175]]]},"properties":{"code":"61.05.19.2014","name":"Landau Kodam","latitude":0.10456924699082916,"longitude":111.8840678999853}},{"type":"Feature","geometry":{"type":"Polygon","coordinates":[[[111.955,0.167],[111.9445,0.168],[111.931,0.1805],[111.925,0.1825],[111.915,0.1775],[111.8965,0.1755],[111.896,0.1755],[111.896,0.166],[111.887,0.1435],[111.8755,0.1315],[111.8835,0.12],[111.897,0.113],[111.9065,0.1135],[111.9135,0.1175],[111.916,0.124],[111.926,0.142],[111.9475,0.148],[111.965,0.156],[111.9685,0.163],[111.963,0.1645],[111.955,0.167]]]},"properties":{"code":"61.05.19.2015","name":"Sungai Labi","latitude":0.14955489448889106,"longitude":111.91540621311586}},{"type":"Feature","geometry":{"type":"Polygon","coordinates":[[[111.7245,0.2495],[111.7195,0.2515],[111.7135,0.2545],[111.7125,0.247],[111.686,0.24],[111.6795,0.2345],[111.6755,0.22],[111.6765,0.2035],[111.6725,0.194],[111.6565,0.176],[111.6575,0.164],[111.6655,0.1445],[111.665,0.1365],[111.6825,0.1335],[111.6925,0.1525],[111.7015,0.159],[111.7075,0.1765],[111.715,0.1855],[111.743,0.199],[111.7515,0.2115],[111.751,0.2295],[111.745,0.2435],[111.744,0.244],[111.7245,0.2495]]]},"properties":{"code":"61.05.19.2016","name":"Sungai Lais","latitude":0.1998666284495777,"longitude":111.70201524985335}},{"type":"Feature","geometry":{"type":"Polygon","coordinates":[[[111.646,0.1365],[111.618,0.1425],[111.621,0.1355],[111.62,0.1275],[111.6095,0.123],[111.606,0.109],[111.588,0.115],[111.6085,0.089],[111.6205,0.0805],[111.641,0.073],[111.659,0.0875],[111.6605,0.1055],[111.6455,0.1285],[111.646,0.1365]]]},"properties":{"code":"61.05.19.2017","name":"Kelam Sejahtera","latitude":0.10524503191696244,"longitude":111.63117625149678}},{"type":"Feature","geometry":{"type":"Polygon","coordinates":[[[111.5045,0.0025],[111.492,0.0075],[111.4825,-0.008],[111.483,-0.0305],[111.4785,-0.054],[111.4895,-0.0665],[111.503,-0.0665],[111.504,-0.0675],[111.5035,-0.0685],[111.5055,-0.071],[111.506,-0.0715],[111.5075,-0.0715],[111.51,-0.0695],[111.512,-0.0685],[111.5125,-0.0665],[111.5125,-0.061],[111.5355,-0.0465],[111.556,-0.0335],[111.546,-0.0265],[111.5165,-0.0025],[111.5045,0.0025]]]},"properties":{"code":"61.05.20.2001","name":"Ransi Dakan","latitude":-0.03232129256827198,"longitude":111.50884796888506}},{"type":"Feature","geometry":{"type":"Polygon","coordinates":[[[111.4825,-0.008],[111.479,-0.004],[111.452,-0.0055],[111.4275,0.0015],[111.422,0.007],[111.419,0.0135],[111.416,0.0055],[111.411,-0.0145],[111.426,-0.0235],[111.434,-0.04],[111.441,-0.043],[111.4785,-0.054],[111.483,-0.0305],[111.4825,-0.008]]]},"properties":{"code":"61.05.20.2002","name":"Sungai Ukoi","latitude":-0.02264083913813824,"longitude":111.45136114168493}},{"type":"Feature","geometry":{"type":"Polygon","coordinates":[[[111.4785,-0.054],[111.441,-0.043],[111.4365,-0.055],[111.437,-0.066],[111.4585,-0.076],[111.4595,-0.076],[111.4595,-0.077],[111.4655,-0.081],[111.4745,-0.08],[111.4805,-0.085],[111.506,-0.094],[111.523,-0.0885],[111.521,-0.085],[111.509,-0.07],[111.5075,-0.0715],[111.506,-0.0715],[111.5055,-0.071],[111.5035,-0.0685],[111.504,-0.0675],[111.503,-0.0665],[111.4895,-0.0665],[111.4785,-0.054]]]},"properties":{"code":"61.05.20.2003","name":"Manter","latitude":-0.06937087870625017,"longitude":111.47558488811492}},{"type":"Feature","geometry":{"type":"Polygon","coordinates":[[[111.4365,-0.06],[111.4315,-0.0505],[111.4055,-0.051],[111.405,-0.0515],[111.3995,-0.0735],[111.4,-0.0915],[111.4005,-0.099],[111.43,-0.097],[111.43,-0.1185],[111.4465,-0.1195],[111.463,-0.1285],[111.4795,-0.11],[111.4775,-0.1045],[111.4765,-0.104],[111.4705,-0.096],[111.4585,-0.0935],[111.458,-0.0825],[111.4585,-0.079],[111.4585,-0.078],[111.4595,-0.0765],[111.4595,-0.076],[111.4585,-0.076],[111.437,-0.066],[111.4365,-0.06]]]},"properties":{"code":"61.05.20.2004","name":"Merarai Satu","latitude":-0.08844628490664719,"longitude":111.43541062610628}},{"type":"Feature","geometry":{"type":"Polygon","coordinates":[[[111.463,-0.1285],[111.4465,-0.1195],[111.43,-0.1185],[111.43,-0.1275],[111.428,-0.157],[111.428,-0.1745],[111.443,-0.1745],[111.4645,-0.176],[111.465,-0.169],[111.465,-0.159],[111.466,-0.131],[111.463,-0.1285]]]},"properties":{"code":"61.05.20.2005","name":"Merarai Dua","latitude":-0.14875776420037093,"longitude":111.44652711801899}},{"type":"Feature","geometry":{"type":"Polygon","coordinates":[[[111.506,-0.094],[111.4805,-0.085],[111.4745,-0.08],[111.4655,-0.081],[111.4595,-0.077],[111.4595,-0.0765],[111.4585,-0.078],[111.4585,-0.079],[111.458,-0.0825],[111.4585,-0.0935],[111.4705,-0.096],[111.4765,-0.104],[111.4785,-0.105],[111.4795,-0.1055],[111.4875,-0.108],[111.489,-0.1075],[111.5035,-0.109],[111.5065,-0.1045],[111.5075,-0.1035],[111.507,-0.102],[111.5065,-0.098],[111.506,-0.094]]]},"properties":{"code":"61.05.20.2006","name":"Kajang Baru","latitude":-0.09448126955472529,"longitude":111.48264820281585}},{"type":"Feature","geometry":{"type":"Polygon","coordinates":[[[111.544,-0.0855],[111.5405,-0.076],[111.543,-0.0485],[111.5355,-0.0465],[111.5125,-0.061],[111.5125,-0.0665],[111.512,-0.0685],[111.51,-0.0695],[111.509,-0.07],[111.521,-0.085],[111.523,-0.0885],[111.5255,-0.0875],[111.544,-0.0855]]]},"properties":{"code":"61.05.20.2007","name":"Gurung Kempadik","latitude":-0.06878394010971081,"longitude":111.52890683769982}},{"type":"Feature","geometry":{"type":"Polygon","coordinates":[[[111.545,-0.1565],[111.529,-0.146],[111.526,-0.1465],[111.5205,-0.149],[111.508,-0.1475],[111.5095,-0.1615],[111.5105,-0.1615],[111.516,-0.17],[111.507,-0.186],[111.5205,-0.1855],[111.5235,-0.185],[111.528,-0.1855],[111.541,-0.1835],[111.5495,-0.1845],[111.545,-0.1565]]]},"properties":{"code":"61.05.20.2008","name":"Nobal","latitude":-0.1678442863272003,"longitude":111.52703981497318}},{"type":"Feature","geometry":{"type":"Polygon","coordinates":[[[111.5855,-0.153],[111.579,-0.1455],[111.574,-0.1635],[111.566,-0.171],[111.5705,-0.1875],[111.5705,-0.1885],[111.572,-0.189],[111.5725,-0.191],[111.5745,-0.196],[111.574,-0.197],[111.5765,-0.1985],[111.58,-0.2045],[111.5825,-0.205],[111.583,-0.204],[111.5915,-0.202],[111.594,-0.2],[111.6035,-0.1765],[111.6115,-0.163],[111.5945,-0.1605],[111.5855,-0.153]]]},"properties":{"code":"61.05.20.2009","name":"Baya Betung","latitude":-0.17609195626086957,"longitude":111.58693666298674}},{"type":"Feature","geometry":{"type":"Polygon","coordinates":[[[111.5495,-0.1845],[111.541,-0.1835],[111.5305,-0.185],[111.533,-0.1875],[111.5355,-0.1905],[111.537,-0.197],[111.536,-0.2125],[111.53,-0.23],[111.5405,-0.2355],[111.5405,-0.231],[111.547,-0.2265],[111.547,-0.226],[111.5515,-0.215],[111.5545,-0.2105],[111.557,-0.211],[111.58,-0.2045],[111.5765,-0.1985],[111.569,-0.1985],[111.5495,-0.1845]]]},"properties":{"code":"61.05.20.2010","name":"Bonet Engkabang","latitude":-0.2056811066999442,"longitude":111.54808091785006}},{"type":"Feature","geometry":{"type":"Polygon","coordinates":[[[111.5305,-0.185],[111.528,-0.1855],[111.5235,-0.185],[111.5205,-0.1855],[111.507,-0.186],[111.516,-0.17],[111.5105,-0.1615],[111.5095,-0.166],[111.4975,-0.167],[111.491,-0.167],[111.491,-0.205],[111.485,-0.2055],[111.487,-0.2135],[111.4905,-0.219],[111.4895,-0.2335],[111.498,-0.234],[111.498,-0.2335],[111.5165,-0.2345],[111.53,-0.23],[111.536,-0.2125],[111.537,-0.197],[111.5355,-0.1905],[111.533,-0.1875],[111.5305,-0.185]]]},"properties":{"code":"61.05.20.2011","name":"Bonet Lama","latitude":-0.2035076438603114,"longitude":111.51003892370686}},{"type":"Feature","geometry":{"type":"Polygon","coordinates":[[[111.544,-0.0855],[111.5255,-0.0875],[111.506,-0.094],[111.5065,-0.098],[111.507,-0.102],[111.5075,-0.1035],[111.5065,-0.1045],[111.516,-0.111],[111.5265,-0.118],[111.538,-0.127],[111.532,-0.142],[111.575,-0.13],[111.5815,-0.1295],[111.5925,-0.1295],[111.5805,-0.095],[111.5685,-0.0905],[111.5695,-0.0985],[111.544,-0.0855]]]},"properties":{"code":"61.05.20.2012","name":"Bancoh","latitude":-0.11079831675969284,"longitude":111.54992450407507}},{"type":"Feature","geometry":{"type":"Polygon","coordinates":[[[111.5035,-0.109],[111.489,-0.1075],[111.4875,-0.108],[111.4795,-0.1055],[111.4785,-0.105],[111.4775,-0.1045],[111.4795,-0.11],[111.463,-0.1285],[111.466,-0.131],[111.465,-0.159],[111.465,-0.167],[111.4865,-0.167],[111.4975,-0.167],[111.5095,-0.166],[111.5095,-0.1615],[111.508,-0.1475],[111.508,-0.1455],[111.503,-0.135],[111.493,-0.1265],[111.5035,-0.118],[111.5035,-0.1095],[111.5035,-0.109]]]},"properties":{"code":"61.05.20.2013","name":"Perembang","latitude":-0.14068248798540164,"longitude":111.4860077587207}},{"type":"Feature","geometry":{"type":"Polygon","coordinates":[[[111.491,-0.167],[111.4865,-0.167],[111.465,-0.167],[111.465,-0.169],[111.4645,-0.176],[111.443,-0.1745],[111.428,-0.1745],[111.428,-0.1875],[111.4375,-0.1875],[111.437,-0.202],[111.4455,-0.202],[111.4445,-0.2265],[111.4475,-0.2265],[111.4545,-0.2265],[111.4575,-0.2195],[111.4585,-0.2185],[111.4635,-0.2115],[111.4815,-0.211],[111.4815,-0.2055],[111.491,-0.205],[111.491,-0.167]]]},"properties":{"code":"61.05.20.2014","name":"Solam Raya","latitude":-0.19232978250399105,"longitude":111.46279337166143}},{"type":"Feature","geometry":{"type":"Polygon","coordinates":[[[111.4445,-0.2265],[111.4295,-0.2265],[111.4055,-0.239],[111.408,-0.2415],[111.418,-0.2495],[111.417,-0.268],[111.4185,-0.268],[111.453,-0.2685],[111.454,-0.2295],[111.453,-0.2265],[111.4475,-0.2265],[111.4445,-0.2265]]]},"properties":{"code":"61.05.20.2015","name":"Lebak Ubah","latitude":-0.24640407654437557,"longitude":111.43295763455876}},{"type":"Feature","geometry":{"type":"Polygon","coordinates":[[[111.453,-0.2685],[111.4185,-0.268],[111.417,-0.268],[111.4165,-0.2995],[111.428,-0.299],[111.4535,-0.299],[111.454,-0.297],[111.453,-0.2895],[111.4535,-0.2775],[111.453,-0.2685]]]},"properties":{"code":"61.05.20.2016","name":"Melayang Sari","latitude":-0.2836477348416797,"longitude":111.43492240805716}},{"type":"Feature","geometry":{"type":"Polygon","coordinates":[[[111.4805,-0.257],[111.469,-0.2565],[111.469,-0.2775],[111.457,-0.2865],[111.453,-0.287],[111.453,-0.2895],[111.454,-0.297],[111.453,-0.301],[111.45,-0.3305],[111.468,-0.3465],[111.4685,-0.346],[111.4695,-0.3445],[111.469,-0.3385],[111.4825,-0.3235],[111.495,-0.322],[111.4925,-0.299],[111.493,-0.293],[111.479,-0.293],[111.4805,-0.257]]]},"properties":{"code":"61.05.20.2017","name":"Sarai","latitude":-0.3049282895176611,"longitude":111.47143157018175}},{"type":"Feature","geometry":{"type":"Polygon","coordinates":[[[111.498,-0.234],[111.4895,-0.2335],[111.4905,-0.219],[111.487,-0.2135],[111.485,-0.2055],[111.4815,-0.2055],[111.4815,-0.211],[111.4635,-0.2115],[111.4585,-0.2185],[111.4575,-0.2195],[111.4545,-0.2265],[111.453,-0.2265],[111.454,-0.2295],[111.453,-0.2685],[111.4535,-0.2775],[111.453,-0.287],[111.457,-0.2865],[111.469,-0.2775],[111.469,-0.2565],[111.4805,-0.257],[111.486,-0.257],[111.489,-0.245],[111.498,-0.238],[111.4975,-0.2365],[111.498,-0.236],[111.498,-0.234]]]},"properties":{"code":"61.05.20.2018","name":"Rarai","latitude":-0.2420299957883517,"longitude":111.47109099323637}},{"type":"Feature","geometry":{"type":"Polygon","coordinates":[[[111.468,-0.3465],[111.45,-0.3305],[111.453,-0.301],[111.4535,-0.299],[111.428,-0.299],[111.4165,-0.2995],[111.392,-0.2995],[111.401,-0.3145],[111.4065,-0.3325],[111.4065,-0.3565],[111.42,-0.359],[111.431,-0.3665],[111.435,-0.359],[111.449,-0.353],[111.4525,-0.352],[111.4675,-0.347],[111.468,-0.3465]]]},"properties":{"code":"61.05.20.2019","name":"Penjernang","latitude":-0.32842493774531667,"longitude":111.42897331016454}},{"type":"Feature","geometry":{"type":"Polygon","coordinates":[[[111.417,-0.268],[111.418,-0.2495],[111.408,-0.2415],[111.4075,-0.241],[111.4025,-0.2415],[111.3975,-0.248],[111.387,-0.2625],[111.3815,-0.272],[111.382,-0.28],[111.392,-0.2995],[111.4165,-0.2995],[111.417,-0.268]]]},"properties":{"code":"61.05.20.2020","name":"Penjernang Hulu","latitude":-0.2734874753101138,"longitude":111.40161835074666}},{"type":"Feature","geometry":{"type":"Polygon","coordinates":[[[111.428,-0.172],[111.425,-0.1725],[111.4125,-0.1725],[111.4055,-0.171],[111.4045,-0.212],[111.4025,-0.2415],[111.4075,-0.241],[111.4055,-0.239],[111.4295,-0.2265],[111.4445,-0.2265],[111.4455,-0.202],[111.437,-0.202],[111.4375,-0.1875],[111.428,-0.1875],[111.428,-0.172]]]},"properties":{"code":"61.05.20.2021","name":"Riam Kijang","latitude":-0.20401347554458996,"longitude":111.42187393472601}},{"type":"Feature","geometry":{"type":"Polygon","coordinates":[[[111.5765,-0.1985],[111.574,-0.197],[111.5745,-0.196],[111.5725,-0.191],[111.572,-0.189],[111.5705,-0.1885],[111.5705,-0.1875],[111.566,-0.171],[111.574,-0.1635],[111.579,-0.1455],[111.5665,-0.147],[111.545,-0.1565],[111.5495,-0.1845],[111.569,-0.1985],[111.5765,-0.1985]]]},"properties":{"code":"61.05.20.2022","name":"Baya Mulya","latitude":-0.17036409333497995,"longitude":111.56112266196617}},{"type":"Feature","geometry":{"type":"Polygon","coordinates":[[[111.532,-0.142],[111.538,-0.127],[111.5265,-0.118],[111.516,-0.111],[111.5065,-0.1045],[111.5035,-0.1095],[111.5035,-0.118],[111.493,-0.1265],[111.503,-0.135],[111.508,-0.1455],[111.5205,-0.149],[111.526,-0.1465],[111.53,-0.1455],[111.532,-0.142]]]},"properties":{"code":"61.05.20.2023","name":"Laman Raya","latitude":-0.12939274504144385,"longitude":111.51605382005651}},{"type":"Feature","geometry":{"type":"Polygon","coordinates":[[[111.5855,-0.153],[111.584,-0.1365],[111.5835,-0.133],[111.5815,-0.1295],[111.575,-0.13],[111.532,-0.142],[111.53,-0.1455],[111.529,-0.146],[111.545,-0.1565],[111.5665,-0.147],[111.579,-0.1455],[111.5855,-0.153]]]},"properties":{"code":"61.05.20.2024","name":"Sabang Surai","latitude":-0.14307792116823373,"longitude":111.5589465319729}},{"type":"Feature","geometry":{"type":"Polygon","coordinates":[[[111.459,0.0275],[111.4325,0.043],[111.423,0.0265],[111.419,0.0135],[111.422,0.007],[111.4275,0.0015],[111.452,-0.0055],[111.479,-0.004],[111.4825,-0.008],[111.492,0.0075],[111.4885,0.0145],[111.4825,0.017],[111.459,0.0275]]]},"properties":{"code":"61.05.20.2025","name":"Balai Agung","latitude":0.014041675544323342,"longitude":111.45189230741077}},{"type":"Feature","geometry":{"type":"Polygon","coordinates":[[[111.441,-0.043],[111.434,-0.04],[111.426,-0.0235],[111.411,-0.0145],[111.4075,-0.027],[111.412,-0.0385],[111.408,-0.049],[111.4055,-0.051],[111.4315,-0.0505],[111.4365,-0.06],[111.4365,-0.055],[111.441,-0.043]]]},"properties":{"code":"61.05.20.2026","name":"Kunyai","latitude":-0.0371591330216066,"longitude":111.42145983914253}},{"type":"Feature","geometry":{"type":"Polygon","coordinates":[[[111.594,0.2055],[111.5955,0.2435],[111.593,0.2415],[111.5565,0.227],[111.5555,0.218],[111.563,0.2035],[111.566,0.1865],[111.5565,0.187],[111.548,0.169],[111.5535,0.1655],[111.55,0.1425],[111.5155,0.1405],[111.507,0.1355],[111.5065,0.1355],[111.524,0.13],[111.538,0.13],[111.559,0.1385],[111.57,0.1385],[111.5735,0.149],[111.579,0.1805],[111.577,0.1965],[111.595,0.197],[111.594,0.2055]]]},"properties":{"code":"61.05.21.2001","name":"Ampar Bedang","latitude":0.18461417571576214,"longitude":111.56573299674974}},{"type":"Feature","geometry":{"type":"Polygon","coordinates":[[[111.4095,0.1785],[111.402,0.1705],[111.3825,0.1765],[111.383,0.1815],[111.3665,0.2165],[111.3615,0.221],[111.346,0.1975],[111.3405,0.1955],[111.332,0.1765],[111.3485,0.168],[111.376,0.17],[111.377,0.1615],[111.3765,0.157],[111.386,0.163],[111.411,0.1625],[111.41,0.1635],[111.4095,0.177],[111.4095,0.1785]]]},"properties":{"code":"61.05.21.2002","name":"Telaga Satu","latitude":0.18426573140868532,"longitude":111.36594677647109}},{"type":"Feature","geometry":{"type":"Polygon","coordinates":[[[111.41,0.219],[111.41,0.2175],[111.401,0.225],[111.392,0.2255],[111.393,0.2475],[111.3615,0.221],[111.3665,0.2165],[111.383,0.1815],[111.3825,0.1765],[111.402,0.1705],[111.4095,0.1785],[111.4095,0.1795],[111.4145,0.186],[111.4095,0.195],[111.41,0.214],[111.4155,0.215],[111.413,0.216],[111.41,0.219]]]},"properties":{"code":"61.05.21.2003","name":"Telaga Dua","latitude":0.20562767932631373,"longitude":111.39083309093407}},{"type":"Feature","geometry":{"type":"Polygon","coordinates":[[[111.452,0.191],[111.45,0.2035],[111.446,0.218],[111.4425,0.214],[111.4385,0.2115],[111.4235,0.2105],[111.4155,0.215],[111.41,0.214],[111.4095,0.195],[111.4145,0.186],[111.4095,0.1795],[111.4095,0.177],[111.41,0.1635],[111.411,0.1625],[111.45,0.1625],[111.452,0.191]]]},"properties":{"code":"61.05.21.2004","name":"Binjai Hilir","latitude":0.18749779971778954,"longitude":111.43167851843232}},{"type":"Feature","geometry":{"type":"Polygon","coordinates":[[[111.542,0.278],[111.499,0.28],[111.482,0.285],[111.48,0.2835],[111.452,0.2745],[111.441,0.2385],[111.45,0.2035],[111.452,0.191],[111.4835,0.1905],[111.481,0.199],[111.4815,0.2205],[111.4705,0.2245],[111.4835,0.2405],[111.5115,0.2405],[111.5375,0.2505],[111.5435,0.259],[111.542,0.278]]]},"properties":{"code":"61.05.21.2005","name":"Binjai Hulu","latitude":0.24726823602459286,"longitude":111.48422970923059}},{"type":"Feature","geometry":{"type":"Polygon","coordinates":[[[111.4115,0.2505],[111.395,0.2555],[111.393,0.2475],[111.392,0.2255],[111.401,0.225],[111.41,0.2175],[111.4115,0.246],[111.4115,0.2505]]]},"properties":{"code":"61.05.21.2006","name":"Sungai Risap","latitude":0.23755231024243342,"longitude":111.40209082158262}},{"type":"Feature","geometry":{"type":"Polygon","coordinates":[[[111.548,0.169],[111.5145,0.175],[111.497,0.191],[111.4905,0.1925],[111.4895,0.1925],[111.4835,0.1905],[111.452,0.191],[111.45,0.1625],[111.4635,0.1655],[111.5,0.1635],[111.5105,0.1545],[111.5155,0.1405],[111.55,0.1425],[111.5535,0.1655],[111.548,0.169]]]},"properties":{"code":"61.05.21.2007","name":"Dak Jaya","latitude":0.1680917259399971,"longitude":111.50331785355789}},{"type":"Feature","geometry":{"type":"Polygon","coordinates":[[[111.5955,0.2435],[111.613,0.2645],[111.6155,0.275],[111.614,0.277],[111.613,0.2775],[111.6085,0.279],[111.542,0.278],[111.5435,0.259],[111.5375,0.2505],[111.5115,0.2405],[111.4835,0.2405],[111.4705,0.2245],[111.4815,0.2205],[111.481,0.199],[111.4835,0.1905],[111.4895,0.1925],[111.4905,0.1925],[111.497,0.191],[111.5145,0.175],[111.548,0.169],[111.5565,0.187],[111.566,0.1865],[111.563,0.2035],[111.5555,0.218],[111.5565,0.227],[111.593,0.2415],[111.5955,0.2435]]]},"properties":{"code":"61.05.21.2008","name":"Mensiku","latitude":0.22730243725178909,"longitude":111.54066157971756}},{"type":"Feature","geometry":{"type":"Polygon","coordinates":[[[111.595,0.197],[111.577,0.1965],[111.579,0.1805],[111.5735,0.149],[111.5695,0.137],[111.5705,0.1365],[111.571,0.137],[111.579,0.131],[111.588,0.115],[111.606,0.109],[111.6095,0.123],[111.62,0.1275],[111.621,0.1355],[111.595,0.197]]]},"properties":{"code":"61.05.21.2009","name":"Empaka Kabiau Raya","latitude":0.15111871302074947,"longitude":111.59472154295821}},{"type":"Feature","geometry":{"type":"Polygon","coordinates":[[[111.449,0.2655],[111.43,0.267],[111.4175,0.267],[111.418,0.2545],[111.4115,0.2505],[111.4115,0.246],[111.41,0.219],[111.413,0.216],[111.4235,0.2105],[111.4385,0.2115],[111.4425,0.214],[111.446,0.218],[111.441,0.2385],[111.449,0.2655]]]},"properties":{"code":"61.05.21.2010","name":"Sungai Risap Mensiku Bersatu","latitude":0.23860765879386417,"longitude":111.42873137739602}},{"type":"Feature","geometry":{"type":"Polygon","coordinates":[[[111.5155,0.1405],[111.5105,0.1545],[111.5,0.1635],[111.4635,0.1655],[111.45,0.1625],[111.45,0.149],[111.459,0.148],[111.469,0.1445],[111.4725,0.143],[111.495,0.134],[111.498,0.135],[111.5035,0.135],[111.507,0.1355],[111.5155,0.1405]]]},"properties":{"code":"61.05.21.2011","name":"Simba Raya","latitude":0.15133934200006854,"longitude":111.48392240854632}}]}