{"type":"FeatureCollection","features":[{"type":"Feature","geometry":{"type":"Polygon","coordinates":[[[114.551,-3.51],[114.5315,-3.503],[114.5235,-3.503],[114.522,-3.502],[114.5185,-3.5015],[114.515,-3.501],[114.515,-3.5015],[114.513,-3.5115],[114.5185,-3.511],[114.5255,-3.514],[114.5475,-3.512],[114.5515,-3.5165],[114.5545,-3.5195],[114.551,-3.51]]]},"properties":{"code":"63.03.01.2001","name":"Bakambat"}},{"type":"Feature","geometry":{"type":"Polygon","coordinates":[[[114.5275,-3.4895],[114.5245,-3.4855],[114.524,-3.485],[114.5225,-3.485],[114.5225,-3.483],[114.522,-3.4805],[114.521,-3.4805],[114.514,-3.4825],[114.515,-3.491],[114.518,-3.491],[114.5205,-3.4925],[114.538,-3.5045],[114.548,-3.5085],[114.551,-3.501],[114.548,-3.501],[114.5405,-3.5005],[114.527,-3.4895],[114.5275,-3.4895]]]},"properties":{"code":"63.03.01.2002","name":"Tanipah"}},{"type":"Feature","geometry":{"type":"Polygon","coordinates":[[[114.5645,-3.4705],[114.561,-3.4695],[114.556,-3.4685],[114.546,-3.4695],[114.537,-3.4765],[114.5375,-3.4785],[114.531,-3.4865],[114.529,-3.4875],[114.5285,-3.4885],[114.527,-3.4895],[114.5405,-3.5005],[114.5485,-3.501],[114.553,-3.493],[114.558,-3.4905],[114.5595,-3.4895],[114.5605,-3.4875],[114.5605,-3.484],[114.564,-3.4725],[114.5645,-3.4705]]]},"properties":{"code":"63.03.01.2009","name":"Pemurus"}},{"type":"Feature","geometry":{"type":"Polygon","coordinates":[[[114.539,-3.47],[114.5375,-3.4705],[114.5305,-3.47],[114.5285,-3.469],[114.528,-3.469],[114.527,-3.4695],[114.5265,-3.4705],[114.5225,-3.473],[114.522,-3.474],[114.524,-3.479],[114.522,-3.4805],[114.5225,-3.483],[114.5225,-3.485],[114.524,-3.485],[114.5245,-3.4855],[114.5275,-3.4895],[114.5285,-3.4885],[114.529,-3.4875],[114.531,-3.4865],[114.5375,-3.4785],[114.5365,-3.476],[114.539,-3.47]]]},"properties":{"code":"63.03.01.2010","name":"Simpang Warga"}},{"type":"Feature","geometry":{"type":"Polygon","coordinates":[[[114.565,-3.45],[114.5625,-3.452],[114.545,-3.448],[114.5455,-3.4485],[114.548,-3.455],[114.5485,-3.4575],[114.5485,-3.4585],[114.5475,-3.4595],[114.5425,-3.469],[114.539,-3.47],[114.5365,-3.476],[114.537,-3.4765],[114.546,-3.4695],[114.556,-3.4685],[114.561,-3.4695],[114.5645,-3.4705],[114.5655,-3.4635],[114.576,-3.4635],[114.5755,-3.46],[114.5755,-3.456],[114.577,-3.4565],[114.5795,-3.456],[114.579,-3.455],[114.5775,-3.4555],[114.573,-3.448],[114.565,-3.45]]]},"properties":{"code":"63.03.01.2011","name":"Bunipah"}},{"type":"Feature","geometry":{"type":"Polygon","coordinates":[[[114.535,-3.4405],[114.5195,-3.44],[114.5195,-3.4415],[114.518,-3.4445],[114.5155,-3.4565],[114.53,-3.4625],[114.5395,-3.4545],[114.545,-3.458],[114.547,-3.458],[114.548,-3.4575],[114.5485,-3.4575],[114.548,-3.455],[114.5455,-3.4485],[114.542,-3.4445],[114.535,-3.4405]]]},"properties":{"code":"63.03.01.2012","name":"Aluh Aluh Besar"}},{"type":"Feature","geometry":{"type":"Polygon","coordinates":[[[114.552,-3.428],[114.538,-3.4215],[114.535,-3.4405],[114.542,-3.4445],[114.545,-3.448],[114.5625,-3.452],[114.5665,-3.448],[114.5725,-3.439],[114.5705,-3.439],[114.5605,-3.429],[114.555,-3.4295],[114.552,-3.428]]]},"properties":{"code":"63.03.01.2013","name":"Aluh Aluh Kecil"}},{"type":"Feature","geometry":{"type":"Polygon","coordinates":[[[114.5525,-3.406],[114.537,-3.4075],[114.533,-3.409],[114.528,-3.4095],[114.5115,-3.4045],[114.5095,-3.405],[114.51,-3.408],[114.5185,-3.426],[114.5185,-3.427],[114.5215,-3.426],[114.538,-3.4215],[114.552,-3.428],[114.5505,-3.4245],[114.552,-3.413],[114.5485,-3.4135],[114.5505,-3.4085],[114.5525,-3.406]]]},"properties":{"code":"63.03.01.2014","name":"Podok"}},{"type":"Feature","geometry":{"type":"Polygon","coordinates":[[[114.5665,-3.3735],[114.57,-3.367],[114.562,-3.37],[114.5605,-3.386],[114.5525,-3.4055],[114.5505,-3.4085],[114.5485,-3.4135],[114.555,-3.4125],[114.566,-3.394],[114.568,-3.39],[114.5705,-3.3855],[114.5665,-3.3735]]]},"properties":{"code":"63.03.01.2015","name":"Handil Bujur"}},{"type":"Feature","geometry":{"type":"Polygon","coordinates":[[[114.5485,-3.382],[114.532,-3.374],[114.517,-3.371],[114.512,-3.378],[114.5115,-3.3795],[114.519,-3.383],[114.542,-3.4025],[114.554,-3.402],[114.556,-3.3965],[114.5515,-3.396],[114.5455,-3.389],[114.5485,-3.3835],[114.5485,-3.382]]]},"properties":{"code":"63.03.01.2016","name":"Kuin Besar"}},{"type":"Feature","geometry":{"type":"Polygon","coordinates":[[[114.554,-3.402],[114.542,-3.4025],[114.519,-3.383],[114.5115,-3.3795],[114.507,-3.388],[114.507,-3.394],[114.5095,-3.405],[114.5115,-3.4045],[114.528,-3.4095],[114.533,-3.409],[114.537,-3.4075],[114.5525,-3.406],[114.554,-3.402]]]},"properties":{"code":"63.03.01.2017","name":"Terapu"}},{"type":"Feature","geometry":{"type":"Polygon","coordinates":[[[114.548,-3.5085],[114.538,-3.5045],[114.5205,-3.4925],[114.518,-3.491],[114.515,-3.491],[114.515,-3.492],[114.515,-3.501],[114.5185,-3.5015],[114.522,-3.502],[114.5235,-3.503],[114.5315,-3.503],[114.551,-3.51],[114.548,-3.5085]]]},"properties":{"code":"63.03.01.2019","name":"Labat Muara"}},{"type":"Feature","geometry":{"type":"Polygon","coordinates":[[[114.53,-3.4625],[114.5155,-3.4565],[114.513,-3.4685],[114.514,-3.4825],[114.521,-3.4805],[114.524,-3.479],[114.522,-3.474],[114.5225,-3.473],[114.5265,-3.4705],[114.527,-3.4695],[114.528,-3.469],[114.5285,-3.469],[114.527,-3.4685],[114.53,-3.4625]]]},"properties":{"code":"63.03.01.2022","name":"Pulantan"}},{"type":"Feature","geometry":{"type":"Polygon","coordinates":[[[114.535,-3.4405],[114.538,-3.4215],[114.5215,-3.426],[114.5185,-3.427],[114.52,-3.433],[114.5195,-3.44],[114.535,-3.4405]]]},"properties":{"code":"63.03.01.2024","name":"Aluh Aluh Kecil Muara"}},{"type":"Feature","geometry":{"type":"Polygon","coordinates":[[[114.5485,-3.4575],[114.548,-3.4575],[114.547,-3.458],[114.545,-3.458],[114.5395,-3.4545],[114.53,-3.4625],[114.527,-3.4685],[114.5285,-3.469],[114.5305,-3.47],[114.5375,-3.4705],[114.5425,-3.469],[114.5475,-3.4595],[114.548,-3.4585],[114.5485,-3.4575]]]},"properties":{"code":"63.03.01.2026","name":"Simpang Warga Dalam"}},{"type":"Feature","geometry":{"type":"Polygon","coordinates":[[[114.5485,-3.374],[114.5465,-3.3735],[114.544,-3.3725],[114.543,-3.3715],[114.5405,-3.3715],[114.5405,-3.3705],[114.5225,-3.3635],[114.517,-3.371],[114.532,-3.374],[114.5485,-3.382],[114.5485,-3.374]]]},"properties":{"code":"63.03.01.2027","name":"Kuin Kecil"}},{"type":"Feature","geometry":{"type":"Polygon","coordinates":[[[114.556,-3.3965],[114.5605,-3.386],[114.562,-3.37],[114.5545,-3.374],[114.5485,-3.374],[114.5485,-3.3835],[114.5455,-3.389],[114.5515,-3.396],[114.556,-3.3965]]]},"properties":{"code":"63.03.01.2028","name":"Handil Baru"}},{"type":"Feature","geometry":{"type":"Polygon","coordinates":[[[114.573,-3.448],[114.5885,-3.4385],[114.5905,-3.439],[114.5905,-3.438],[114.5905,-3.435],[114.576,-3.4385],[114.5745,-3.439],[114.5725,-3.439],[114.5665,-3.448],[114.565,-3.45],[114.573,-3.448]]]},"properties":{"code":"63.03.01.2030","name":"Balimau"}},{"type":"Feature","geometry":{"type":"Polygon","coordinates":[[[114.5545,-3.5195],[114.5515,-3.5165],[114.5475,-3.512],[114.5255,-3.514],[114.5185,-3.511],[114.513,-3.5115],[114.5125,-3.513],[114.499,-3.519],[114.5135,-3.543],[114.568,-3.5355],[114.5675,-3.5345],[114.566,-3.533],[114.5625,-3.5315],[114.548,-3.53],[114.5545,-3.5195]]]},"properties":{"code":"63.03.01.2031","name":"Sungai Musang"}},{"type":"Feature","geometry":{"type":"Polygon","coordinates":[[[114.627,-3.361],[114.628,-3.36],[114.6285,-3.357],[114.635,-3.352],[114.636,-3.3475],[114.64,-3.347],[114.6395,-3.3455],[114.6355,-3.347],[114.627,-3.3505],[114.6265,-3.35],[114.625,-3.354],[114.624,-3.3615],[114.627,-3.361]]]},"properties":{"code":"63.03.02.1001","name":"Kertak Hanyar I"}},{"type":"Feature","geometry":{"type":"Polygon","coordinates":[[[114.6435,-3.366],[114.6415,-3.359],[114.631,-3.362],[114.63,-3.362],[114.631,-3.3665],[114.636,-3.3675],[114.6375,-3.37],[114.641,-3.368],[114.6435,-3.366]]]},"properties":{"code":"63.03.02.1008","name":"Manarap Lama"}},{"type":"Feature","geometry":{"type":"Polygon","coordinates":[[[114.65,-3.3745],[114.6435,-3.366],[114.641,-3.368],[114.6365,-3.3705],[114.6345,-3.378],[114.6355,-3.3815],[114.6375,-3.381],[114.65,-3.3745]]]},"properties":{"code":"63.03.02.1015","name":"Mandarsari"}},{"type":"Feature","geometry":{"type":"Polygon","coordinates":[[[114.6075,-3.372],[114.6055,-3.37],[114.5985,-3.3675],[114.594,-3.3835],[114.5905,-3.3885],[114.592,-3.389],[114.591,-3.391],[114.6045,-3.3935],[114.604,-3.3755],[114.6045,-3.3715],[114.6075,-3.372]]]},"properties":{"code":"63.03.02.2005","name":"Tatah Pemangkih Laut"}},{"type":"Feature","geometry":{"type":"Polygon","coordinates":[[[114.63,-3.362],[114.6295,-3.362],[114.6285,-3.3605],[114.627,-3.361],[114.624,-3.3615],[114.623,-3.3625],[114.6175,-3.3665],[114.616,-3.3685],[114.6175,-3.3775],[114.619,-3.3815],[114.6205,-3.3835],[114.622,-3.3855],[114.6255,-3.384],[114.635,-3.38],[114.6345,-3.378],[114.6365,-3.3705],[114.6375,-3.37],[114.636,-3.3675],[114.631,-3.3665],[114.63,-3.362]]]},"properties":{"code":"63.03.02.2006","name":"Simpang Empat"}},{"type":"Feature","geometry":{"type":"Polygon","coordinates":[[[114.6575,-3.3735],[114.65,-3.3745],[114.6375,-3.381],[114.6345,-3.382],[114.6475,-3.384],[114.658,-3.3775],[114.6575,-3.3735]]]},"properties":{"code":"63.03.02.2007","name":"Sungai Lakum"}},{"type":"Feature","geometry":{"type":"Polygon","coordinates":[[[114.674,-3.346],[114.663,-3.3365],[114.659,-3.339],[114.658,-3.3475],[114.657,-3.3485],[114.659,-3.35],[114.6555,-3.355],[114.6545,-3.358],[114.653,-3.36],[114.652,-3.36],[114.652,-3.361],[114.655,-3.3605],[114.657,-3.3715],[114.665,-3.363],[114.668,-3.363],[114.6705,-3.363],[114.68,-3.3635],[114.6825,-3.361],[114.674,-3.346]]]},"properties":{"code":"63.03.02.2009","name":"Manarap Baru"}},{"type":"Feature","geometry":{"type":"MultiPolygon","coordinates":[[[[114.6545,-3.358],[114.6555,-3.355],[114.659,-3.35],[114.6565,-3.349],[114.6545,-3.3515],[114.6545,-3.352],[114.6535,-3.355],[114.6525,-3.3565],[114.652,-3.36],[114.653,-3.36],[114.6545,-3.358]]],[[[114.6525,-3.3465],[114.646,-3.344],[114.64,-3.3455],[114.6395,-3.3455],[114.64,-3.347],[114.636,-3.3475],[114.635,-3.352],[114.6285,-3.357],[114.628,-3.36],[114.6285,-3.3605],[114.6295,-3.362],[114.631,-3.362],[114.6415,-3.359],[114.6525,-3.3465]]]]},"properties":{"code":"63.03.02.2010","name":"Kertak Hanyar II"}},{"type":"Feature","geometry":{"type":"Polygon","coordinates":[[[114.6355,-3.3815],[114.635,-3.38],[114.6255,-3.384],[114.62,-3.386],[114.6185,-3.3935],[114.6075,-3.401],[114.608,-3.4015],[114.609,-3.414],[114.6105,-3.4185],[114.624,-3.416],[114.626,-3.411],[114.6325,-3.4],[114.629,-3.4005],[114.6345,-3.382],[114.6355,-3.3815]]]},"properties":{"code":"63.03.02.2014","name":"Pasar Kamis"}},{"type":"Feature","geometry":{"type":"Polygon","coordinates":[[[114.657,-3.3485],[114.6525,-3.3465],[114.6415,-3.359],[114.6435,-3.366],[114.65,-3.3745],[114.6575,-3.3735],[114.655,-3.3605],[114.652,-3.361],[114.652,-3.3595],[114.6525,-3.357],[114.6535,-3.354],[114.654,-3.352],[114.6545,-3.3515],[114.6565,-3.349],[114.657,-3.3485]]]},"properties":{"code":"63.03.02.2016","name":"Manarap Tengah"}},{"type":"Feature","geometry":{"type":"Polygon","coordinates":[[[114.622,-3.3855],[114.6205,-3.3835],[114.619,-3.3815],[114.6175,-3.3775],[114.616,-3.3685],[114.615,-3.369],[114.608,-3.3725],[114.6075,-3.372],[114.6045,-3.3715],[114.604,-3.3755],[114.605,-3.3955],[114.6075,-3.401],[114.6185,-3.3935],[114.62,-3.386],[114.622,-3.3855]]]},"properties":{"code":"63.03.02.2017","name":"Belayung Baru"}},{"type":"Feature","geometry":{"type":"Polygon","coordinates":[[[114.6475,-3.384],[114.6345,-3.382],[114.629,-3.4005],[114.6355,-3.3995],[114.644,-3.394],[114.6475,-3.392],[114.6475,-3.384]]]},"properties":{"code":"63.03.02.2021","name":"Banua Hanyar"}},{"type":"Feature","geometry":{"type":"Polygon","coordinates":[[[114.6675,-3.37],[114.665,-3.363],[114.657,-3.3715],[114.658,-3.3775],[114.6475,-3.384],[114.6475,-3.392],[114.655,-3.3875],[114.6525,-3.3845],[114.6635,-3.377],[114.6675,-3.37]]]},"properties":{"code":"63.03.02.2022","name":"Mekar Raya"}},{"type":"Feature","geometry":{"type":"Polygon","coordinates":[[[114.6615,-3.409],[114.652,-3.395],[114.644,-3.394],[114.6355,-3.3995],[114.6325,-3.4],[114.626,-3.411],[114.625,-3.4145],[114.629,-3.415],[114.6325,-3.4155],[114.646,-3.4155],[114.6445,-3.4445],[114.6445,-3.4485],[114.6575,-3.459],[114.6615,-3.4685],[114.669,-3.4615],[114.6685,-3.46],[114.6765,-3.4595],[114.677,-3.4595],[114.678,-3.4595],[114.6775,-3.454],[114.685,-3.4455],[114.682,-3.4395],[114.6815,-3.4395],[114.667,-3.4265],[114.665,-3.4245],[114.6635,-3.4225],[114.661,-3.4095],[114.6615,-3.409]]]},"properties":{"code":"63.03.03.1001","name":"Gambut"}},{"type":"Feature","geometry":{"type":"Polygon","coordinates":[[[114.7205,-3.3735],[114.7175,-3.3725],[114.691,-3.3665],[114.6855,-3.366],[114.6835,-3.363],[114.6865,-3.371],[114.68,-3.381],[114.6595,-3.3875],[114.671,-3.402],[114.663,-3.4075],[114.661,-3.4095],[114.6635,-3.4225],[114.665,-3.4245],[114.667,-3.4265],[114.6815,-3.4395],[114.682,-3.4395],[114.6815,-3.439],[114.6975,-3.428],[114.6945,-3.4235],[114.7095,-3.391],[114.7115,-3.3915],[114.716,-3.383],[114.719,-3.378],[114.7205,-3.3735]]]},"properties":{"code":"63.03.03.1014","name":"Gambut Barat"}},{"type":"Feature","geometry":{"type":"Polygon","coordinates":[[[114.6155,-3.474],[114.613,-3.4735],[114.5985,-3.4655],[114.578,-3.466],[114.5785,-3.473],[114.6,-3.473],[114.6015,-3.478],[114.601,-3.4795],[114.6025,-3.486],[114.6025,-3.487],[114.6125,-3.4895],[114.617,-3.4875],[114.6185,-3.486],[114.62,-3.4765],[114.616,-3.477],[114.6155,-3.474]]]},"properties":{"code":"63.03.03.2002","name":"Sungai Kupang"}},{"type":"Feature","geometry":{"type":"Polygon","coordinates":[[[114.6445,-3.4485],[114.6435,-3.448],[114.6425,-3.448],[114.629,-3.4485],[114.624,-3.4545],[114.623,-3.4735],[114.628,-3.4745],[114.6615,-3.4685],[114.6575,-3.459],[114.6445,-3.4485]]]},"properties":{"code":"63.03.03.2003","name":"Guntung Papuyu"}},{"type":"Feature","geometry":{"type":"Polygon","coordinates":[[[114.623,-3.4735],[114.624,-3.4545],[114.607,-3.457],[114.5755,-3.46],[114.576,-3.4635],[114.576,-3.466],[114.578,-3.466],[114.5985,-3.4655],[114.613,-3.4735],[114.616,-3.474],[114.623,-3.4735]]]},"properties":{"code":"63.03.03.2004","name":"Makmur"}},{"type":"Feature","geometry":{"type":"Polygon","coordinates":[[[114.624,-3.4545],[114.624,-3.4435],[114.623,-3.4385],[114.5995,-3.442],[114.597,-3.4415],[114.5975,-3.442],[114.5965,-3.4425],[114.589,-3.455],[114.581,-3.456],[114.577,-3.4565],[114.5755,-3.456],[114.5755,-3.46],[114.607,-3.457],[114.624,-3.4545]]]},"properties":{"code":"63.03.03.2005","name":"Tambak Sirang Darat"}},{"type":"Feature","geometry":{"type":"Polygon","coordinates":[[[114.623,-3.4385],[114.623,-3.4325],[114.624,-3.416],[114.6105,-3.4185],[114.611,-3.4205],[114.611,-3.4215],[114.611,-3.4285],[114.611,-3.43],[114.6085,-3.4305],[114.6085,-3.4325],[114.5965,-3.434],[114.5965,-3.442],[114.5975,-3.442],[114.597,-3.4415],[114.5995,-3.442],[114.623,-3.4385]]]},"properties":{"code":"63.03.03.2006","name":"Tambak Sirang Laut"}},{"type":"Feature","geometry":{"type":"Polygon","coordinates":[[[114.6315,-3.4155],[114.629,-3.415],[114.625,-3.4145],[114.624,-3.416],[114.623,-3.4325],[114.624,-3.4435],[114.624,-3.4545],[114.629,-3.4485],[114.6425,-3.448],[114.6435,-3.448],[114.6445,-3.4485],[114.6445,-3.4445],[114.6375,-3.4445],[114.6375,-3.422],[114.6335,-3.422],[114.6305,-3.4185],[114.631,-3.4165],[114.6315,-3.4155]]]},"properties":{"code":"63.03.03.2007","name":"Malintang"}},{"type":"Feature","geometry":{"type":"Polygon","coordinates":[[[114.6595,-3.3875],[114.658,-3.387],[114.6565,-3.385],[114.6555,-3.385],[114.654,-3.3835],[114.6525,-3.3845],[114.655,-3.3875],[114.652,-3.395],[114.6615,-3.409],[114.663,-3.4075],[114.671,-3.402],[114.6595,-3.3875]]]},"properties":{"code":"63.03.03.2008","name":"Kayu Bawang"}},{"type":"Feature","geometry":{"type":"Polygon","coordinates":[[[114.6835,-3.363],[114.68,-3.3635],[114.6705,-3.363],[114.668,-3.363],[114.6675,-3.37],[114.6635,-3.377],[114.654,-3.3835],[114.6555,-3.385],[114.6565,-3.385],[114.658,-3.387],[114.6595,-3.3875],[114.68,-3.381],[114.6865,-3.371],[114.6835,-3.363]]]},"properties":{"code":"63.03.03.2009","name":"Banyu Hirang"}},{"type":"Feature","geometry":{"type":"Polygon","coordinates":[[[114.6765,-3.4595],[114.6685,-3.46],[114.669,-3.4615],[114.6615,-3.4685],[114.628,-3.4745],[114.6245,-3.474],[114.6235,-3.4925],[114.626,-3.493],[114.626,-3.492],[114.6275,-3.491],[114.6355,-3.4855],[114.64,-3.501],[114.646,-3.4995],[114.6445,-3.486],[114.656,-3.4865],[114.673,-3.487],[114.676,-3.487],[114.6765,-3.4845],[114.6745,-3.461],[114.6765,-3.4595]]]},"properties":{"code":"63.03.03.2010","name":"Guntung Ujung"}},{"type":"Feature","geometry":{"type":"Polygon","coordinates":[[[114.5965,-3.4425],[114.5965,-3.442],[114.5965,-3.434],[114.593,-3.434],[114.5905,-3.435],[114.5905,-3.438],[114.5905,-3.439],[114.5885,-3.4385],[114.573,-3.448],[114.5775,-3.4555],[114.579,-3.455],[114.5795,-3.456],[114.581,-3.456],[114.589,-3.455],[114.5965,-3.4425]]]},"properties":{"code":"63.03.03.2011","name":"Tambak Sirang Baru"}},{"type":"Feature","geometry":{"type":"Polygon","coordinates":[[[114.6445,-3.4445],[114.646,-3.4155],[114.6325,-3.4155],[114.6315,-3.4155],[114.631,-3.4165],[114.6305,-3.4185],[114.6335,-3.422],[114.6375,-3.422],[114.6375,-3.4445],[114.6445,-3.4445]]]},"properties":{"code":"63.03.03.2012","name":"Malintang Baru"}},{"type":"Feature","geometry":{"type":"Polygon","coordinates":[[[114.623,-3.4735],[114.616,-3.474],[114.6155,-3.474],[114.616,-3.477],[114.62,-3.4765],[114.6185,-3.486],[114.617,-3.4875],[114.6125,-3.4895],[114.6215,-3.494],[114.6225,-3.493],[114.6235,-3.4925],[114.6245,-3.474],[114.623,-3.4735]]]},"properties":{"code":"63.03.03.2013","name":"Keladan Baru"}},{"type":"Feature","geometry":{"type":"Polygon","coordinates":[[[114.6595,-3.3355],[114.6625,-3.314],[114.6595,-3.3075],[114.6465,-3.3135],[114.631,-3.314],[114.6305,-3.315],[114.653,-3.3335],[114.6595,-3.3355]]]},"properties":{"code":"63.03.04.1001","name":"Sungai Lulut"}},{"type":"Feature","geometry":{"type":"Polygon","coordinates":[[[114.6595,-3.3075],[114.6585,-3.3035],[114.6585,-3.302],[114.634,-3.308],[114.631,-3.314],[114.6465,-3.3135],[114.6595,-3.3075]]]},"properties":{"code":"63.03.04.2002","name":"Sungai Bakung"}},{"type":"Feature","geometry":{"type":"Polygon","coordinates":[[[114.657,-3.297],[114.6505,-3.289],[114.651,-3.2795],[114.65,-3.2775],[114.649,-3.2715],[114.6385,-3.2755],[114.6375,-3.292],[114.636,-3.2945],[114.6305,-3.3145],[114.634,-3.308],[114.6585,-3.302],[114.6585,-3.3015],[114.657,-3.297]]]},"properties":{"code":"63.03.04.2003","name":"Sungai Tandipah"}},{"type":"Feature","geometry":{"type":"Polygon","coordinates":[[[114.6705,-3.2895],[114.668,-3.2885],[114.664,-3.289],[114.657,-3.297],[114.6615,-3.2945],[114.662,-3.2935],[114.6655,-3.292],[114.666,-3.292],[114.6705,-3.2895]]]},"properties":{"code":"63.03.04.2004","name":"Lok Baintan"}},{"type":"Feature","geometry":{"type":"Polygon","coordinates":[[[114.685,-3.311],[114.6725,-3.3145],[114.6695,-3.306],[114.667,-3.3045],[114.6655,-3.301],[114.665,-3.3],[114.665,-3.2965],[114.6655,-3.294],[114.665,-3.2935],[114.6645,-3.2925],[114.6615,-3.2945],[114.657,-3.297],[114.6585,-3.3015],[114.6585,-3.3035],[114.6595,-3.3075],[114.6625,-3.314],[114.6595,-3.3355],[114.663,-3.3365],[114.674,-3.346],[114.6795,-3.3395],[114.6845,-3.316],[114.685,-3.311]]]},"properties":{"code":"63.03.04.2005","name":"Gudang Hirang"}},{"type":"Feature","geometry":{"type":"Polygon","coordinates":[[[114.6705,-3.291],[114.6705,-3.2895],[114.666,-3.292],[114.6645,-3.2925],[114.665,-3.2935],[114.6655,-3.294],[114.665,-3.2965],[114.665,-3.3],[114.6655,-3.301],[114.667,-3.3045],[114.6695,-3.306],[114.6725,-3.3145],[114.685,-3.311],[114.687,-3.3075],[114.6885,-3.3065],[114.688,-3.2955],[114.6895,-3.2935],[114.6885,-3.292],[114.6875,-3.2915],[114.6795,-3.2985],[114.67,-3.297],[114.6705,-3.291]]]},"properties":{"code":"63.03.04.2006","name":"Sungai Pinang Lama"}},{"type":"Feature","geometry":{"type":"Polygon","coordinates":[[[114.717,-3.281],[114.7065,-3.2655],[114.6985,-3.2855],[114.689,-3.293],[114.69,-3.2945],[114.6955,-3.3045],[114.6955,-3.3065],[114.6985,-3.311],[114.6985,-3.3135],[114.71,-3.3175],[114.715,-3.3085],[114.717,-3.307],[114.724,-3.303],[114.717,-3.281]]]},"properties":{"code":"63.03.04.2007","name":"Pembantanan"}},{"type":"Feature","geometry":{"type":"Polygon","coordinates":[[[114.6985,-3.3125],[114.6985,-3.311],[114.6955,-3.3065],[114.6955,-3.3045],[114.69,-3.2945],[114.6895,-3.2935],[114.688,-3.2955],[114.6885,-3.3065],[114.687,-3.3075],[114.685,-3.311],[114.6845,-3.316],[114.6835,-3.3225],[114.6885,-3.3235],[114.6985,-3.3125]]]},"properties":{"code":"63.03.04.2008","name":"Pemakuan"}},{"type":"Feature","geometry":{"type":"Polygon","coordinates":[[[114.6885,-3.3235],[114.6835,-3.3225],[114.6795,-3.3395],[114.702,-3.341],[114.702,-3.333],[114.7045,-3.33],[114.7075,-3.3305],[114.7075,-3.33],[114.7095,-3.326],[114.698,-3.3245],[114.6885,-3.3235]]]},"properties":{"code":"63.03.04.2009","name":"Sungai Tabuk Kota"}},{"type":"Feature","geometry":{"type":"Polygon","coordinates":[[[114.71,-3.3175],[114.6985,-3.3135],[114.6985,-3.3125],[114.6885,-3.3235],[114.698,-3.3245],[114.7115,-3.3265],[114.713,-3.326],[114.7115,-3.3255],[114.71,-3.3175]]]},"properties":{"code":"63.03.04.2010","name":"Sungai Tabuk Keramat"}},{"type":"Feature","geometry":{"type":"Polygon","coordinates":[[[114.7425,-3.323],[114.724,-3.2805],[114.717,-3.281],[114.724,-3.303],[114.717,-3.307],[114.715,-3.3085],[114.71,-3.3175],[114.7115,-3.3255],[114.716,-3.328],[114.7255,-3.3275],[114.7255,-3.328],[114.726,-3.3275],[114.726,-3.3265],[114.7235,-3.3235],[114.723,-3.321],[114.7305,-3.3125],[114.731,-3.3125],[114.732,-3.317],[114.736,-3.321],[114.74,-3.3225],[114.7425,-3.323]]]},"properties":{"code":"63.03.04.2011","name":"Lok Buntar"}},{"type":"Feature","geometry":{"type":"Polygon","coordinates":[[[114.713,-3.326],[114.7115,-3.3265],[114.7095,-3.326],[114.7075,-3.33],[114.7075,-3.3385],[114.7205,-3.3415],[114.727,-3.3485],[114.728,-3.341],[114.728,-3.331],[114.726,-3.3285],[114.7255,-3.3275],[114.716,-3.328],[114.713,-3.326]]]},"properties":{"code":"63.03.04.2012","name":"Gudang Tengah"}},{"type":"Feature","geometry":{"type":"Polygon","coordinates":[[[114.741,-3.323],[114.736,-3.321],[114.732,-3.317],[114.731,-3.3125],[114.7305,-3.3125],[114.723,-3.321],[114.7235,-3.3235],[114.726,-3.3265],[114.726,-3.3275],[114.7255,-3.328],[114.726,-3.3285],[114.728,-3.331],[114.728,-3.341],[114.7275,-3.345],[114.7265,-3.3685],[114.722,-3.3675],[114.719,-3.378],[114.7195,-3.3775],[114.7335,-3.383],[114.739,-3.3895],[114.7475,-3.391],[114.748,-3.389],[114.7495,-3.374],[114.7415,-3.3725],[114.74,-3.332],[114.74,-3.3305],[114.741,-3.323]]]},"properties":{"code":"63.03.04.2013","name":"Pejambuan"}},{"type":"Feature","geometry":{"type":"Polygon","coordinates":[[[114.762,-3.306],[114.7605,-3.3065],[114.758,-3.3055],[114.757,-3.304],[114.754,-3.2445],[114.7475,-3.245],[114.7455,-3.2375],[114.736,-3.241],[114.741,-3.252],[114.742,-3.292],[114.7515,-3.3145],[114.752,-3.314],[114.762,-3.306]]]},"properties":{"code":"63.03.04.2014","name":"Keliling Benteng Ilir"}},{"type":"Feature","geometry":{"type":"Polygon","coordinates":[[[114.724,-3.2805],[114.711,-3.25],[114.698,-3.2545],[114.688,-3.268],[114.6775,-3.2915],[114.6705,-3.291],[114.67,-3.297],[114.6795,-3.2985],[114.6875,-3.2915],[114.689,-3.293],[114.6985,-3.2855],[114.7065,-3.2655],[114.717,-3.281],[114.724,-3.2805]]]},"properties":{"code":"63.03.04.2015","name":"Sungai Pinang Baru"}},{"type":"Feature","geometry":{"type":"Polygon","coordinates":[[[114.6655,-3.2885],[114.666,-3.269],[114.6645,-3.266],[114.649,-3.2715],[114.65,-3.2775],[114.651,-3.2795],[114.6505,-3.289],[114.657,-3.297],[114.664,-3.289],[114.6655,-3.2885]]]},"properties":{"code":"63.03.04.2016","name":"Paku Alam"}},{"type":"Feature","geometry":{"type":"Polygon","coordinates":[[[114.6705,-3.291],[114.6775,-3.2915],[114.688,-3.268],[114.698,-3.2545],[114.6645,-3.266],[114.666,-3.269],[114.6655,-3.2885],[114.668,-3.2885],[114.6705,-3.2895],[114.6705,-3.291]]]},"properties":{"code":"63.03.04.2017","name":"Lok Baintan Dalam"}},{"type":"Feature","geometry":{"type":"Polygon","coordinates":[[[114.6795,-3.3395],[114.674,-3.346],[114.6825,-3.361],[114.6855,-3.366],[114.691,-3.3665],[114.7175,-3.3725],[114.7205,-3.3735],[114.722,-3.3675],[114.72,-3.367],[114.72,-3.3565],[114.699,-3.352],[114.702,-3.3445],[114.702,-3.341],[114.6795,-3.3395]]]},"properties":{"code":"63.03.04.2018","name":"Pematang Panjang"}},{"type":"Feature","geometry":{"type":"Polygon","coordinates":[[[114.7515,-3.3145],[114.742,-3.292],[114.741,-3.252],[114.736,-3.241],[114.721,-3.2465],[114.711,-3.25],[114.7425,-3.323],[114.745,-3.3225],[114.751,-3.3145],[114.7515,-3.3145]]]},"properties":{"code":"63.03.04.2019","name":"Sungai Bangkal"}},{"type":"Feature","geometry":{"type":"Polygon","coordinates":[[[114.763,-3.231],[114.762,-3.231],[114.7455,-3.2375],[114.7475,-3.245],[114.754,-3.2445],[114.757,-3.304],[114.758,-3.3055],[114.7605,-3.3065],[114.7665,-3.302],[114.7635,-3.292],[114.7625,-3.283],[114.7625,-3.26],[114.7605,-3.251],[114.761,-3.2475],[114.7635,-3.231],[114.763,-3.231]]]},"properties":{"code":"63.03.04.2020","name":"Tajau Landung"}},{"type":"Feature","geometry":{"type":"Polygon","coordinates":[[[114.7075,-3.3305],[114.7045,-3.33],[114.702,-3.333],[114.702,-3.3445],[114.699,-3.352],[114.72,-3.3565],[114.72,-3.367],[114.725,-3.368],[114.7265,-3.3685],[114.7275,-3.345],[114.727,-3.3485],[114.7205,-3.3415],[114.7075,-3.3385],[114.7075,-3.3305]]]},"properties":{"code":"63.03.04.2021","name":"Abumbun Jaya"}},{"type":"Feature","geometry":{"type":"Polygon","coordinates":[[[114.849,-3.41],[114.847,-3.4055],[114.845,-3.407],[114.8445,-3.4075],[114.839,-3.41],[114.8355,-3.411],[114.843,-3.427],[114.8485,-3.424],[114.849,-3.41]]]},"properties":{"code":"63.03.05.1001","name":"Keraton"}},{"type":"Feature","geometry":{"type":"Polygon","coordinates":[[[114.853,-3.4075],[114.852,-3.4085],[114.8505,-3.409],[114.849,-3.41],[114.8485,-3.424],[114.8495,-3.4275],[114.85,-3.4255],[114.856,-3.424],[114.855,-3.424],[114.853,-3.421],[114.8535,-3.42],[114.85,-3.4175],[114.85,-3.4165],[114.8495,-3.414],[114.853,-3.4075]]]},"properties":{"code":"63.03.05.1002","name":"Jawa"}},{"type":"Feature","geometry":{"type":"Polygon","coordinates":[[[114.837,-3.3815],[114.8365,-3.381],[114.81,-3.3845],[114.8255,-3.3895],[114.832,-3.4035],[114.844,-3.4045],[114.8445,-3.4035],[114.8465,-3.4035],[114.8465,-3.403],[114.8475,-3.4025],[114.8465,-3.401],[114.846,-3.4015],[114.8435,-3.3995],[114.8415,-3.4005],[114.84,-3.399],[114.837,-3.4005],[114.8365,-3.4],[114.8335,-3.3975],[114.83,-3.393],[114.826,-3.384],[114.837,-3.3815]]]},"properties":{"code":"63.03.05.1003","name":"Pasayangan"}},{"type":"Feature","geometry":{"type":"Polygon","coordinates":[[[114.8525,-3.406],[114.8505,-3.405],[114.849,-3.403],[114.8485,-3.403],[114.848,-3.403],[114.847,-3.4055],[114.849,-3.41],[114.8505,-3.409],[114.8515,-3.408],[114.8525,-3.406]]]},"properties":{"code":"63.03.05.1004","name":"Murung Keraton"}},{"type":"Feature","geometry":{"type":"Polygon","coordinates":[[[114.8485,-3.424],[114.843,-3.427],[114.841,-3.423],[114.8395,-3.4235],[114.8395,-3.424],[114.84,-3.4265],[114.8455,-3.436],[114.8445,-3.437],[114.8465,-3.437],[114.856,-3.438],[114.8605,-3.4395],[114.8605,-3.44],[114.851,-3.427],[114.849,-3.4285],[114.8495,-3.4275],[114.8485,-3.424]]]},"properties":{"code":"63.03.05.1005","name":"Sungai Paring"}},{"type":"Feature","geometry":{"type":"Polygon","coordinates":[[[114.8655,-3.4185],[114.864,-3.4165],[114.8585,-3.4175],[114.858,-3.417],[114.854,-3.4195],[114.853,-3.421],[114.855,-3.424],[114.857,-3.424],[114.864,-3.435],[114.863,-3.4255],[114.8625,-3.424],[114.8655,-3.4205],[114.8655,-3.4185]]]},"properties":{"code":"63.03.05.1055","name":"Tanjung Rema Darat"}},{"type":"Feature","geometry":{"type":"Polygon","coordinates":[[[114.856,-3.424],[114.85,-3.4255],[114.849,-3.4285],[114.851,-3.427],[114.8605,-3.44],[114.861,-3.441],[114.8715,-3.441],[114.8735,-3.4395],[114.8725,-3.4385],[114.87,-3.438],[114.864,-3.435],[114.857,-3.424],[114.856,-3.424]]]},"properties":{"code":"63.03.05.1059","name":"Sekumpul"}},{"type":"Feature","geometry":{"type":"Polygon","coordinates":[[[114.836,-3.411],[114.8305,-3.4045],[114.818,-3.414],[114.818,-3.416],[114.8175,-3.4175],[114.817,-3.4185],[114.8195,-3.4275],[114.8225,-3.4285],[114.8295,-3.4305],[114.84,-3.4255],[114.8395,-3.424],[114.8395,-3.4235],[114.841,-3.423],[114.8355,-3.411],[114.836,-3.411]]]},"properties":{"code":"63.03.05.2009","name":"Sungai Sipai"}},{"type":"Feature","geometry":{"type":"Polygon","coordinates":[[[114.8465,-3.4035],[114.8445,-3.4035],[114.844,-3.405],[114.8445,-3.4075],[114.8455,-3.4065],[114.845,-3.406],[114.8445,-3.406],[114.8445,-3.4055],[114.846,-3.405],[114.8465,-3.4045],[114.8465,-3.4035]]]},"properties":{"code":"63.03.05.2010","name":"Pasayangan Selatan"}},{"type":"Feature","geometry":{"type":"Polygon","coordinates":[[[114.858,-3.417],[114.8575,-3.416],[114.8555,-3.414],[114.855,-3.4135],[114.852,-3.415],[114.85,-3.415],[114.85,-3.4175],[114.8535,-3.42],[114.854,-3.4195],[114.858,-3.417]]]},"properties":{"code":"63.03.05.2011","name":"Tanjung Rema"}},{"type":"Feature","geometry":{"type":"Polygon","coordinates":[[[114.8895,-3.399],[114.883,-3.403],[114.879,-3.406],[114.877,-3.4095],[114.8655,-3.417],[114.8655,-3.4205],[114.8625,-3.424],[114.8625,-3.4245],[114.874,-3.426],[114.883,-3.4415],[114.8835,-3.42],[114.893,-3.408],[114.897,-3.404],[114.8975,-3.404],[114.8955,-3.4025],[114.8895,-3.399]]]},"properties":{"code":"63.03.05.2012","name":"Bincau"}},{"type":"Feature","geometry":{"type":"Polygon","coordinates":[[[114.8505,-3.4025],[114.85,-3.4025],[114.849,-3.403],[114.8505,-3.405],[114.853,-3.406],[114.8545,-3.406],[114.8615,-3.404],[114.8505,-3.4025]]]},"properties":{"code":"63.03.05.2013","name":"Murung Kenanga"}},{"type":"Feature","geometry":{"type":"Polygon","coordinates":[[[114.865,-3.415],[114.8665,-3.414],[114.862,-3.405],[114.8585,-3.4055],[114.8615,-3.409],[114.8635,-3.412],[114.865,-3.415]]]},"properties":{"code":"63.03.05.2015","name":"Tunggul Irang"}},{"type":"Feature","geometry":{"type":"Polygon","coordinates":[[[114.8775,-3.4025],[114.874,-3.401],[114.8705,-3.398],[114.867,-3.4025],[114.864,-3.4035],[114.8655,-3.4045],[114.8775,-3.4025]]]},"properties":{"code":"63.03.05.2016","name":"Tambak Baru"}},{"type":"Feature","geometry":{"type":"Polygon","coordinates":[[[114.818,-3.4155],[114.817,-3.415],[114.8155,-3.414],[114.8135,-3.4135],[114.808,-3.408],[114.803,-3.412],[114.796,-3.3975],[114.8035,-3.387],[114.8025,-3.388],[114.783,-3.4025],[114.771,-3.4045],[114.773,-3.408],[114.774,-3.4085],[114.778,-3.416],[114.7785,-3.416],[114.784,-3.421],[114.8195,-3.4275],[114.817,-3.4185],[114.8175,-3.417],[114.818,-3.4155]]]},"properties":{"code":"63.03.05.2034","name":"Cindai Alus"}},{"type":"Feature","geometry":{"type":"Polygon","coordinates":[[[114.81,-3.3845],[114.811,-3.383],[114.811,-3.381],[114.8105,-3.3815],[114.807,-3.384],[114.8055,-3.3855],[114.8035,-3.387],[114.796,-3.3975],[114.803,-3.412],[114.808,-3.408],[114.8135,-3.4135],[114.8155,-3.414],[114.817,-3.415],[114.818,-3.4155],[114.818,-3.414],[114.8305,-3.4045],[114.832,-3.4035],[114.8255,-3.3895],[114.81,-3.3845]]]},"properties":{"code":"63.03.05.2036","name":"Tungkaran"}},{"type":"Feature","geometry":{"type":"Polygon","coordinates":[[[114.8895,-3.399],[114.8915,-3.3925],[114.888,-3.3845],[114.8825,-3.388],[114.8755,-3.393],[114.8805,-3.401],[114.882,-3.4015],[114.883,-3.403],[114.8895,-3.399]]]},"properties":{"code":"63.03.05.2037","name":"Tambak Baru Ulu"}},{"type":"Feature","geometry":{"type":"Polygon","coordinates":[[[114.883,-3.403],[114.882,-3.4015],[114.881,-3.401],[114.8775,-3.4025],[114.8655,-3.4045],[114.864,-3.4035],[114.862,-3.405],[114.8665,-3.414],[114.866,-3.4145],[114.864,-3.416],[114.864,-3.4165],[114.8655,-3.4185],[114.8655,-3.417],[114.877,-3.4095],[114.879,-3.406],[114.883,-3.403]]]},"properties":{"code":"63.03.05.2040","name":"Bincau Muara"}},{"type":"Feature","geometry":{"type":"Polygon","coordinates":[[[114.8535,-3.406],[114.853,-3.406],[114.8525,-3.406],[114.8515,-3.408],[114.852,-3.4085],[114.853,-3.4075],[114.8535,-3.406]]]},"properties":{"code":"63.03.05.2042","name":"Tunggul Irang Ilir"}},{"type":"Feature","geometry":{"type":"Polygon","coordinates":[[[114.8585,-3.4055],[114.8545,-3.406],[114.8535,-3.406],[114.853,-3.4075],[114.855,-3.4135],[114.8555,-3.414],[114.8575,-3.416],[114.8585,-3.4175],[114.864,-3.4165],[114.864,-3.416],[114.865,-3.415],[114.8635,-3.412],[114.8615,-3.409],[114.8585,-3.4055]]]},"properties":{"code":"63.03.05.2043","name":"Tunggul Irang Ulu"}},{"type":"Feature","geometry":{"type":"Polygon","coordinates":[[[114.8835,-3.443],[114.8935,-3.4265],[114.9005,-3.409],[114.8985,-3.4035],[114.898,-3.404],[114.8975,-3.404],[114.897,-3.404],[114.893,-3.408],[114.8835,-3.42],[114.883,-3.4415],[114.8835,-3.4425],[114.8835,-3.443]]]},"properties":{"code":"63.03.05.2051","name":"Labuan Tabu"}},{"type":"Feature","geometry":{"type":"Polygon","coordinates":[[[114.883,-3.4415],[114.874,-3.426],[114.8625,-3.4245],[114.863,-3.4255],[114.864,-3.435],[114.87,-3.438],[114.8735,-3.439],[114.873,-3.439],[114.8735,-3.4395],[114.8735,-3.439],[114.879,-3.4455],[114.8805,-3.446],[114.885,-3.446],[114.885,-3.445],[114.8835,-3.4435],[114.8835,-3.4425],[114.883,-3.4415]]]},"properties":{"code":"63.03.05.2052","name":"Indrasari"}},{"type":"Feature","geometry":{"type":"Polygon","coordinates":[[[114.855,-3.4135],[114.853,-3.4075],[114.8495,-3.414],[114.85,-3.415],[114.852,-3.415],[114.855,-3.4135]]]},"properties":{"code":"63.03.05.2054","name":"Jawa Laut"}},{"type":"Feature","geometry":{"type":"Polygon","coordinates":[[[114.848,-3.403],[114.8475,-3.403],[114.8475,-3.4025],[114.8465,-3.403],[114.8465,-3.4045],[114.846,-3.405],[114.8445,-3.4055],[114.8445,-3.406],[114.845,-3.406],[114.8455,-3.4065],[114.847,-3.4055],[114.848,-3.403]]]},"properties":{"code":"63.03.05.2056","name":"Pasayangan Utara"}},{"type":"Feature","geometry":{"type":"Polygon","coordinates":[[[114.844,-3.4045],[114.832,-3.4035],[114.836,-3.411],[114.839,-3.41],[114.8445,-3.4075],[114.844,-3.406],[114.844,-3.4045]]]},"properties":{"code":"63.03.05.2057","name":"Pasayangan Barat"}},{"type":"Feature","geometry":{"type":"Polygon","coordinates":[[[114.881,-3.401],[114.8805,-3.401],[114.8755,-3.393],[114.8735,-3.394],[114.8705,-3.398],[114.874,-3.401],[114.8775,-3.4025],[114.881,-3.401]]]},"properties":{"code":"63.03.05.2058","name":"Tambak Baru Ilir"}},{"type":"Feature","geometry":{"type":"Polygon","coordinates":[[[114.9835,-3.632],[114.9735,-3.6225],[114.9415,-3.5775],[114.931,-3.5505],[114.923,-3.5175],[114.921,-3.503],[114.9065,-3.4975],[114.906,-3.5005],[114.9075,-3.509],[114.9065,-3.5105],[114.9055,-3.5295],[114.905,-3.532],[114.895,-3.544],[114.8945,-3.545],[114.888,-3.5585],[114.9065,-3.562],[114.916,-3.5755],[114.9275,-3.6],[114.935,-3.6125],[114.932,-3.6235],[114.9495,-3.6245],[114.957,-3.626],[114.963,-3.637],[114.9615,-3.648],[114.9725,-3.6435],[114.9835,-3.632]]]},"properties":{"code":"63.03.06.2001","name":"Kiram"}},{"type":"Feature","geometry":{"type":"Polygon","coordinates":[[[114.9015,-3.475],[114.891,-3.472],[114.9055,-3.4955],[114.9065,-3.4975],[114.921,-3.503],[114.923,-3.5175],[114.931,-3.5505],[114.9415,-3.5775],[114.9735,-3.6225],[114.9835,-3.632],[114.9905,-3.6215],[114.99,-3.6185],[114.989,-3.605],[114.9835,-3.5985],[114.986,-3.587],[114.93,-3.511],[114.9335,-3.489],[114.928,-3.4785],[114.9015,-3.475]]]},"properties":{"code":"63.03.06.2002","name":"Mandiangin Barat"}},{"type":"Feature","geometry":{"type":"Polygon","coordinates":[[[114.928,-3.433],[114.9255,-3.4325],[114.926,-3.4315],[114.925,-3.432],[114.9135,-3.4425],[114.8955,-3.446],[114.893,-3.4455],[114.893,-3.4465],[114.9055,-3.449],[114.9045,-3.4545],[114.905,-3.4545],[114.9045,-3.456],[114.9285,-3.4595],[114.9325,-3.456],[114.9365,-3.451],[114.939,-3.449],[114.942,-3.446],[114.94,-3.4445],[114.934,-3.4445],[114.9315,-3.444],[114.925,-3.441],[114.925,-3.435],[114.928,-3.433]]]},"properties":{"code":"63.03.06.2003","name":"Karang Intan"}},{"type":"Feature","geometry":{"type":"Polygon","coordinates":[[[114.9205,-3.421],[114.917,-3.421],[114.9085,-3.44],[114.903,-3.4445],[114.9135,-3.4425],[114.925,-3.432],[114.9205,-3.4225],[114.9205,-3.421]]]},"properties":{"code":"63.03.06.2004","name":"Pandak Daun"}},{"type":"Feature","geometry":{"type":"Polygon","coordinates":[[[114.917,-3.421],[114.913,-3.4155],[114.91,-3.4125],[114.9035,-3.429],[114.8975,-3.4325],[114.8965,-3.434],[114.893,-3.443],[114.893,-3.4455],[114.8955,-3.446],[114.903,-3.4445],[114.9085,-3.44],[114.917,-3.421]]]},"properties":{"code":"63.03.06.2005","name":"Jingah Habang Ulu"}},{"type":"Feature","geometry":{"type":"Polygon","coordinates":[[[114.953,-3.41],[114.952,-3.401],[114.9215,-3.405],[114.909,-3.4115],[114.913,-3.4155],[114.917,-3.421],[114.9205,-3.421],[114.921,-3.418],[114.931,-3.4205],[114.942,-3.4065],[114.953,-3.41]]]},"properties":{"code":"63.03.06.2006","name":"Mali Mali"}},{"type":"Feature","geometry":{"type":"Polygon","coordinates":[[[114.931,-3.4205],[114.921,-3.418],[114.9205,-3.4225],[114.925,-3.432],[114.926,-3.4315],[114.9265,-3.4305],[114.928,-3.4295],[114.931,-3.426],[114.931,-3.4205]]]},"properties":{"code":"63.03.06.2007","name":"Lok Tangga"}},{"type":"Feature","geometry":{"type":"Polygon","coordinates":[[[114.9805,-3.43],[114.958,-3.429],[114.928,-3.433],[114.925,-3.435],[114.925,-3.441],[114.9315,-3.444],[114.9335,-3.4445],[114.9335,-3.443],[114.9345,-3.4415],[114.9385,-3.4425],[114.9485,-3.4415],[114.956,-3.4415],[114.973,-3.4375],[114.977,-3.432],[114.9785,-3.431],[114.9805,-3.43]]]},"properties":{"code":"63.03.06.2008","name":"Lihung"}},{"type":"Feature","geometry":{"type":"Polygon","coordinates":[[[114.986,-3.398],[114.985,-3.3975],[114.947,-3.39],[114.946,-3.39],[114.9445,-3.3915],[114.952,-3.401],[114.953,-3.41],[114.955,-3.425],[114.9565,-3.425],[114.9565,-3.4265],[114.958,-3.429],[114.9805,-3.43],[114.9815,-3.421],[114.9835,-3.4165],[114.984,-3.4075],[114.984,-3.403],[114.986,-3.398]]]},"properties":{"code":"63.03.06.2009","name":"Bi'ih"}},{"type":"Feature","geometry":{"type":"Polygon","coordinates":[[[114.9555,-3.446],[114.972,-3.4385],[114.973,-3.4375],[114.956,-3.4415],[114.9485,-3.4415],[114.9385,-3.4425],[114.9345,-3.4415],[114.9335,-3.443],[114.9335,-3.4445],[114.94,-3.4445],[114.9425,-3.4465],[114.9425,-3.4535],[114.9445,-3.4545],[114.9555,-3.446]]]},"properties":{"code":"63.03.06.2010","name":"Penyambaran"}},{"type":"Feature","geometry":{"type":"Polygon","coordinates":[[[114.9605,-3.4545],[114.9555,-3.446],[114.9445,-3.4545],[114.943,-3.454],[114.942,-3.458],[114.9465,-3.4785],[114.947,-3.4785],[114.9475,-3.4795],[114.9555,-3.4785],[114.954,-3.463],[114.9605,-3.4545]]]},"properties":{"code":"63.03.06.2011","name":"Sungai Alang"}},{"type":"Feature","geometry":{"type":"Polygon","coordinates":[[[114.9815,-3.4375],[114.983,-3.4325],[114.9815,-3.4315],[114.9805,-3.431],[114.98,-3.4305],[114.9785,-3.431],[114.977,-3.432],[114.972,-3.4385],[114.9555,-3.446],[114.9605,-3.4545],[114.966,-3.4575],[114.9755,-3.454],[114.978,-3.4525],[114.9805,-3.4435],[114.9815,-3.4375]]]},"properties":{"code":"63.03.06.2012","name":"Sungai Asam"}},{"type":"Feature","geometry":{"type":"Polygon","coordinates":[[[115.0025,-3.469],[115.002,-3.469],[115.0015,-3.4685],[114.997,-3.4685],[114.9935,-3.4675],[114.986,-3.4665],[114.979,-3.472],[114.9775,-3.472],[114.9625,-3.4655],[114.9545,-3.4665],[114.9555,-3.4785],[114.9475,-3.4795],[114.953,-3.4895],[114.9635,-3.482],[114.968,-3.479],[114.999,-3.47],[115.0025,-3.469]]]},"properties":{"code":"63.03.06.2013","name":"Mandikapau Timur"}},{"type":"Feature","geometry":{"type":"Polygon","coordinates":[[[114.9895,-3.497],[114.9885,-3.496],[114.9855,-3.495],[114.9835,-3.494],[114.977,-3.491],[114.975,-3.4825],[114.966,-3.4805],[114.9635,-3.482],[114.953,-3.4895],[114.96,-3.493],[114.9695,-3.5145],[114.982,-3.51],[114.9845,-3.506],[114.989,-3.4985],[114.989,-3.498],[114.9895,-3.497]]]},"properties":{"code":"63.03.06.2014","name":"Awang Bangkal Barat"}},{"type":"Feature","geometry":{"type":"MultiPolygon","coordinates":[[[[115.044,-3.4955],[115.033,-3.5035],[115.0325,-3.5055],[115.0415,-3.502],[115.044,-3.4955]]],[[[115.044,-3.4955],[115.045,-3.495],[115.0465,-3.4945],[115.0465,-3.4925],[115.05,-3.48],[115.044,-3.4955]]],[[[115.05,-3.48],[115.062,-3.457],[115.0715,-3.442],[115.051,-3.45],[115.046,-3.458],[115.0225,-3.464],[115.009,-3.467],[115.0035,-3.469],[114.999,-3.47],[114.968,-3.479],[114.966,-3.4805],[114.975,-3.4825],[114.977,-3.491],[114.9835,-3.494],[114.9855,-3.495],[114.9885,-3.496],[114.9895,-3.497],[114.989,-3.4915],[114.989,-3.4855],[115.021,-3.4655],[115.024,-3.4645],[115.045,-3.4725],[115.05,-3.48]]]]},"properties":{"code":"63.03.06.2015","name":"Awang Bangkal Timur"}},{"type":"Feature","geometry":{"type":"Polygon","coordinates":[[[114.953,-3.41],[114.942,-3.4065],[114.931,-3.4205],[114.931,-3.426],[114.9565,-3.4265],[114.9565,-3.425],[114.955,-3.425],[114.953,-3.41]]]},"properties":{"code":"63.03.06.2016","name":"Sungai Besar"}},{"type":"Feature","geometry":{"type":"Polygon","coordinates":[[[114.9475,-3.4795],[114.947,-3.4785],[114.9405,-3.4795],[114.928,-3.4785],[114.9335,-3.489],[114.93,-3.511],[114.986,-3.587],[114.9985,-3.587],[114.9915,-3.5715],[114.996,-3.5615],[114.989,-3.5395],[114.979,-3.526],[114.9695,-3.5145],[114.96,-3.493],[114.953,-3.4895],[114.9475,-3.4795]]]},"properties":{"code":"63.03.06.2017","name":"Mandiangin Timur"}},{"type":"Feature","geometry":{"type":"Polygon","coordinates":[[[114.9565,-3.4265],[114.931,-3.426],[114.928,-3.4295],[114.9265,-3.4305],[114.9255,-3.4325],[114.928,-3.433],[114.958,-3.429],[114.9565,-3.4265]]]},"properties":{"code":"63.03.06.2018","name":"Pasar Lama"}},{"type":"Feature","geometry":{"type":"Polygon","coordinates":[[[114.909,-3.4115],[114.899,-3.403],[114.8985,-3.4035],[114.9005,-3.409],[114.8935,-3.4265],[114.8835,-3.443],[114.8835,-3.4435],[114.885,-3.445],[114.885,-3.446],[114.8805,-3.446],[114.89,-3.4475],[114.8935,-3.448],[114.8955,-3.4475],[114.8965,-3.449],[114.8975,-3.4485],[114.8995,-3.449],[114.9005,-3.4495],[114.9015,-3.45],[114.9025,-3.4545],[114.9045,-3.4545],[114.9055,-3.449],[114.893,-3.4465],[114.893,-3.443],[114.8965,-3.434],[114.8975,-3.4325],[114.9035,-3.429],[114.91,-3.4125],[114.909,-3.4115]]]},"properties":{"code":"63.03.06.2019","name":"Jingah Habang Ilir"}},{"type":"Feature","geometry":{"type":"Polygon","coordinates":[[[114.95,-3.3795],[114.949,-3.379],[114.935,-3.3805],[114.927,-3.3925],[114.922,-3.4],[114.9085,-3.3985],[114.8995,-3.4025],[114.899,-3.403],[114.909,-3.4115],[114.9215,-3.405],[114.952,-3.401],[114.9445,-3.3915],[114.946,-3.39],[114.9445,-3.39],[114.95,-3.3795]]]},"properties":{"code":"63.03.06.2020","name":"Sungai Arfat"}},{"type":"Feature","geometry":{"type":"Polygon","coordinates":[[[114.9325,-3.456],[114.9285,-3.4595],[114.9045,-3.456],[114.904,-3.4575],[114.903,-3.461],[114.9015,-3.475],[114.928,-3.4785],[114.936,-3.4795],[114.937,-3.465],[114.9325,-3.456]]]},"properties":{"code":"63.03.06.2021","name":"Padang Panjang"}},{"type":"Feature","geometry":{"type":"Polygon","coordinates":[[[114.943,-3.454],[114.9425,-3.4535],[114.9425,-3.4465],[114.942,-3.446],[114.939,-3.449],[114.9365,-3.451],[114.9325,-3.456],[114.937,-3.465],[114.936,-3.4795],[114.9405,-3.4795],[114.9465,-3.4785],[114.942,-3.458],[114.943,-3.454]]]},"properties":{"code":"63.03.06.2022","name":"Sungai Landas"}},{"type":"Feature","geometry":{"type":"Polygon","coordinates":[[[115.018,-3.416],[115.001,-3.409],[114.9835,-3.4155],[114.9835,-3.4165],[114.9815,-3.421],[114.9805,-3.43],[114.98,-3.4305],[114.9805,-3.431],[114.9815,-3.4315],[114.983,-3.4325],[114.9815,-3.4375],[114.991,-3.4425],[115.013,-3.4245],[115.018,-3.416]]]},"properties":{"code":"63.03.06.2023","name":"Abirau"}},{"type":"Feature","geometry":{"type":"Polygon","coordinates":[[[115.106,-3.418],[115.091,-3.4205],[115.0645,-3.422],[115.0255,-3.4125],[115.018,-3.416],[115.013,-3.4245],[114.991,-3.4425],[114.9815,-3.4375],[114.9805,-3.4435],[114.98,-3.445],[114.992,-3.4535],[115.0155,-3.4615],[115.0185,-3.4635],[115.0185,-3.465],[115.0225,-3.464],[115.046,-3.458],[115.051,-3.45],[115.0715,-3.442],[115.072,-3.4425],[115.0715,-3.442],[115.0785,-3.4345],[115.0915,-3.4335],[115.106,-3.424],[115.106,-3.418]]]},"properties":{"code":"63.03.06.2024","name":"Pulau Nyiur"}},{"type":"Feature","geometry":{"type":"Polygon","coordinates":[[[115.0185,-3.465],[115.0185,-3.4635],[115.0155,-3.4615],[114.992,-3.4535],[114.98,-3.445],[114.978,-3.4525],[114.9755,-3.454],[114.966,-3.4575],[114.9605,-3.4545],[114.954,-3.463],[114.9545,-3.4665],[114.9625,-3.4655],[114.9775,-3.472],[114.979,-3.472],[114.986,-3.4665],[114.9935,-3.4675],[114.997,-3.4685],[115.0015,-3.4685],[115.002,-3.469],[115.0025,-3.469],[115.009,-3.467],[115.0185,-3.465]]]},"properties":{"code":"63.03.06.2025","name":"Mandikapau Barat"}},{"type":"Feature","geometry":{"type":"Polygon","coordinates":[[[115.132,-3.3955],[115.1145,-3.394],[115.096,-3.4045],[115.0885,-3.407],[115.068,-3.402],[115.0375,-3.409],[115.0135,-3.4045],[115.01,-3.3995],[114.9955,-3.3945],[114.991,-3.4],[114.986,-3.398],[114.984,-3.403],[114.984,-3.4075],[114.9835,-3.4155],[115.001,-3.409],[115.018,-3.416],[115.0255,-3.4125],[115.0645,-3.422],[115.091,-3.4205],[115.107,-3.418],[115.1175,-3.409],[115.132,-3.3955]]]},"properties":{"code":"63.03.06.2026","name":"Balau"}},{"type":"Feature","geometry":{"type":"Polygon","coordinates":[[[114.893,-3.3815],[114.891,-3.381],[114.888,-3.3835],[114.8915,-3.3925],[114.8895,-3.399],[114.8955,-3.4025],[114.898,-3.404],[114.8985,-3.4035],[114.9005,-3.387],[114.9015,-3.3855],[114.8975,-3.384],[114.893,-3.3815]]]},"properties":{"code":"63.03.07.2001","name":"Pingaran Ilir"}},{"type":"Feature","geometry":{"type":"Polygon","coordinates":[[[114.934,-3.3815],[114.9125,-3.373],[114.9115,-3.371],[114.9095,-3.368],[114.9035,-3.3725],[114.904,-3.379],[114.905,-3.3805],[114.9105,-3.388],[114.923,-3.3875],[114.9235,-3.386],[114.9315,-3.386],[114.934,-3.3815]]]},"properties":{"code":"63.03.07.2002","name":"Jati Baru"}},{"type":"Feature","geometry":{"type":"Polygon","coordinates":[[[114.9265,-3.3585],[114.9165,-3.3605],[114.912,-3.3615],[114.9115,-3.3665],[114.9095,-3.368],[114.9115,-3.371],[114.9125,-3.373],[114.934,-3.3815],[114.939,-3.372],[114.9265,-3.3585]]]},"properties":{"code":"63.03.07.2003","name":"Pasar Jati"}},{"type":"Feature","geometry":{"type":"Polygon","coordinates":[[[114.961,-3.3725],[114.948,-3.356],[114.945,-3.356],[114.9445,-3.3525],[114.935,-3.3495],[114.9265,-3.3585],[114.939,-3.372],[114.935,-3.3805],[114.949,-3.379],[114.9515,-3.378],[114.9535,-3.3725],[114.961,-3.3725]]]},"properties":{"code":"63.03.07.2004","name":"Danau Salak"}},{"type":"Feature","geometry":{"type":"Polygon","coordinates":[[[114.9165,-3.3605],[114.919,-3.3495],[114.9125,-3.339],[114.901,-3.3395],[114.9005,-3.3405],[114.901,-3.343],[114.901,-3.344],[114.901,-3.347],[114.9025,-3.3555],[114.912,-3.3615],[114.9165,-3.3605]]]},"properties":{"code":"63.03.07.2005","name":"Tambak Danau"}},{"type":"Feature","geometry":{"type":"Polygon","coordinates":[[[114.88,-3.262],[114.8775,-3.2605],[114.864,-3.2635],[114.8695,-3.289],[114.8735,-3.291],[114.8835,-3.3185],[114.8905,-3.323],[114.8915,-3.3645],[114.9115,-3.3665],[114.912,-3.3615],[114.9025,-3.3555],[114.901,-3.347],[114.901,-3.344],[114.901,-3.343],[114.9005,-3.3405],[114.901,-3.3395],[114.8965,-3.3055],[114.8855,-3.286],[114.88,-3.262]]]},"properties":{"code":"63.03.07.2006","name":"Kaliukan"}},{"type":"Feature","geometry":{"type":"Polygon","coordinates":[[[114.8915,-3.3645],[114.8895,-3.364],[114.892,-3.374],[114.8915,-3.374],[114.9005,-3.375],[114.9115,-3.3665],[114.8915,-3.3645]]]},"properties":{"code":"63.03.07.2007","name":"Sungai Alat"}},{"type":"Feature","geometry":{"type":"Polygon","coordinates":[[[114.9315,-3.386],[114.9235,-3.386],[114.923,-3.3875],[114.9105,-3.388],[114.905,-3.3805],[114.9035,-3.382],[114.903,-3.383],[114.902,-3.385],[114.9005,-3.387],[114.8985,-3.4035],[114.8995,-3.4025],[114.9085,-3.3985],[114.922,-3.4],[114.927,-3.3925],[114.9315,-3.386]]]},"properties":{"code":"63.03.07.2008","name":"Pingaran Ulu"}},{"type":"Feature","geometry":{"type":"Polygon","coordinates":[[[114.905,-3.3805],[114.904,-3.379],[114.9035,-3.3725],[114.9005,-3.375],[114.8915,-3.374],[114.8885,-3.376],[114.889,-3.378],[114.8915,-3.3785],[114.896,-3.38],[114.9045,-3.3805],[114.905,-3.3805]]]},"properties":{"code":"63.03.07.2009","name":"Astambul Kota"}},{"type":"Feature","geometry":{"type":"Polygon","coordinates":[[[114.9045,-3.3805],[114.896,-3.38],[114.8955,-3.38],[114.893,-3.3815],[114.8975,-3.384],[114.9015,-3.3855],[114.903,-3.383],[114.9035,-3.382],[114.9045,-3.3805]]]},"properties":{"code":"63.03.07.2010","name":"Astambul Seberang"}},{"type":"Feature","geometry":{"type":"Polygon","coordinates":[[[114.8895,-3.364],[114.8835,-3.3625],[114.8795,-3.38],[114.888,-3.3835],[114.891,-3.381],[114.8955,-3.38],[114.896,-3.38],[114.8915,-3.3785],[114.889,-3.378],[114.8885,-3.376],[114.892,-3.374],[114.8895,-3.364]]]},"properties":{"code":"63.03.07.2011","name":"Sungai Tuan Ulu"}},{"type":"Feature","geometry":{"type":"Polygon","coordinates":[[[114.8715,-3.37],[114.864,-3.365],[114.862,-3.3635],[114.8615,-3.371],[114.861,-3.374],[114.8615,-3.376],[114.862,-3.376],[114.8625,-3.3765],[114.864,-3.3765],[114.865,-3.377],[114.866,-3.3765],[114.8695,-3.376],[114.8715,-3.37]]]},"properties":{"code":"63.03.07.2012","name":"Banua Anyar Sungai Tuan"}},{"type":"Feature","geometry":{"type":"Polygon","coordinates":[[[114.855,-3.3575],[114.8485,-3.3595],[114.851,-3.3645],[114.851,-3.3665],[114.854,-3.3685],[114.856,-3.3705],[114.859,-3.373],[114.86,-3.377],[114.8615,-3.376],[114.861,-3.374],[114.8615,-3.371],[114.862,-3.3635],[114.8615,-3.363],[114.855,-3.3575]]]},"properties":{"code":"63.03.07.2013","name":"Kelampaian Ilir"}},{"type":"Feature","geometry":{"type":"Polygon","coordinates":[[[114.874,-3.3615],[114.8755,-3.3535],[114.855,-3.34],[114.855,-3.343],[114.874,-3.3615]]]},"properties":{"code":"63.03.07.2014","name":"Kelampaian Ulu"}},{"type":"Feature","geometry":{"type":"Polygon","coordinates":[[[114.8835,-3.3185],[114.8735,-3.291],[114.8695,-3.289],[114.864,-3.2635],[114.853,-3.266],[114.8445,-3.268],[114.8405,-3.2655],[114.84,-3.266],[114.831,-3.281],[114.8385,-3.286],[114.833,-3.2955],[114.8325,-3.2955],[114.8375,-3.2985],[114.852,-3.3325],[114.849,-3.335],[114.855,-3.3395],[114.855,-3.34],[114.8755,-3.3535],[114.874,-3.3615],[114.874,-3.362],[114.8815,-3.3625],[114.882,-3.3495],[114.875,-3.3335],[114.8835,-3.3185]]]},"properties":{"code":"63.03.07.2015","name":"Limamar"}},{"type":"Feature","geometry":{"type":"Polygon","coordinates":[[[114.8915,-3.3645],[114.8905,-3.323],[114.8835,-3.3185],[114.875,-3.3335],[114.882,-3.3495],[114.8815,-3.3625],[114.8915,-3.3645]]]},"properties":{"code":"63.03.07.2016","name":"Lok Gabang"}},{"type":"Feature","geometry":{"type":"Polygon","coordinates":[[[114.928,-3.3405],[114.9235,-3.34],[114.9105,-3.318],[114.901,-3.2855],[114.8885,-3.26],[114.8825,-3.261],[114.881,-3.26],[114.88,-3.262],[114.8855,-3.286],[114.8965,-3.3055],[114.901,-3.3395],[114.9125,-3.339],[114.919,-3.3495],[114.9165,-3.3605],[114.9265,-3.3585],[114.935,-3.3495],[114.928,-3.3405]]]},"properties":{"code":"63.03.07.2017","name":"Pematang Hambawang"}},{"type":"Feature","geometry":{"type":"Polygon","coordinates":[[[114.874,-3.3615],[114.855,-3.343],[114.8555,-3.344],[114.855,-3.3575],[114.8615,-3.363],[114.864,-3.365],[114.8715,-3.37],[114.874,-3.362],[114.874,-3.3615]]]},"properties":{"code":"63.03.07.2018","name":"Kelampaian Tengah"}},{"type":"Feature","geometry":{"type":"Polygon","coordinates":[[[114.86,-3.3765],[114.859,-3.373],[114.856,-3.3705],[114.854,-3.3685],[114.851,-3.3665],[114.8505,-3.3665],[114.8505,-3.368],[114.855,-3.378],[114.8555,-3.3785],[114.856,-3.3795],[114.858,-3.3785],[114.859,-3.3805],[114.86,-3.3805],[114.86,-3.3765]]]},"properties":{"code":"63.03.07.2019","name":"Tambangan"}},{"type":"Feature","geometry":{"type":"Polygon","coordinates":[[[114.953,-3.3465],[114.9405,-3.342],[114.935,-3.3495],[114.9445,-3.3525],[114.945,-3.356],[114.948,-3.356],[114.961,-3.3725],[114.968,-3.373],[114.977,-3.371],[114.983,-3.3565],[114.978,-3.354],[114.9685,-3.347],[114.953,-3.3465]]]},"properties":{"code":"63.03.07.2020","name":"Banua Anyar Danau Salak"}},{"type":"Feature","geometry":{"type":"Polygon","coordinates":[[[114.8815,-3.3625],[114.874,-3.362],[114.8695,-3.376],[114.8795,-3.38],[114.8835,-3.3625],[114.8815,-3.3625]]]},"properties":{"code":"63.03.07.2021","name":"Sungai Tuan Ilir"}},{"type":"Feature","geometry":{"type":"Polygon","coordinates":[[[114.849,-3.335],[114.8405,-3.334],[114.84,-3.3375],[114.8425,-3.341],[114.8445,-3.3465],[114.8485,-3.3595],[114.855,-3.3575],[114.8555,-3.344],[114.855,-3.3395],[114.849,-3.335]]]},"properties":{"code":"63.03.07.2022","name":"Munggu Raya"}},{"type":"Feature","geometry":{"type":"Polygon","coordinates":[[[115.007,-3.1255],[114.989,-3.1145],[115.001,-3.128],[115.0005,-3.1405],[115.006,-3.1745],[115.0285,-3.1915],[115.029,-3.1915],[115.03,-3.19],[115.0365,-3.184],[115.0295,-3.173],[115.0425,-3.1655],[115.025,-3.163],[115.0305,-3.1495],[115.0315,-3.145],[115.007,-3.1255]]]},"properties":{"code":"63.03.08.2005","name":"Paku"}},{"type":"Feature","geometry":{"type":"Polygon","coordinates":[[[115.0445,-3.248],[115.012,-3.243],[115.013,-3.2435],[115.0135,-3.2435],[115.017,-3.2635],[115.027,-3.2785],[115.0235,-3.2885],[115.028,-3.29],[115.0355,-3.2935],[115.036,-3.294],[115.037,-3.2935],[115.039,-3.293],[115.0405,-3.2915],[115.042,-3.29],[115.0545,-3.281],[115.0555,-3.2685],[115.0555,-3.2665],[115.0615,-3.257],[115.062,-3.256],[115.0625,-3.251],[115.0445,-3.248]]]},"properties":{"code":"63.03.08.2006","name":"Simpang Empat"}},{"type":"Feature","geometry":{"type":"Polygon","coordinates":[[[115.0125,-3.2985],[115.008,-3.2905],[114.9985,-3.294],[114.997,-3.299],[115.0085,-3.3275],[115.0085,-3.325],[115.0155,-3.3175],[115.0285,-3.32],[115.0275,-3.319],[115.023,-3.318],[115.0065,-3.308],[115.0105,-3.3],[115.0125,-3.2985]]]},"properties":{"code":"63.03.08.2007","name":"Lok Cantung"}},{"type":"Feature","geometry":{"type":"Polygon","coordinates":[[[115.0555,-3.3405],[115.0385,-3.322],[115.041,-3.3165],[115.038,-3.3135],[115.029,-3.32],[115.0285,-3.32],[115.0155,-3.3175],[115.0085,-3.325],[115.018,-3.3385],[115.0255,-3.3505],[115.0265,-3.3525],[115.0275,-3.353],[115.035,-3.352],[115.0445,-3.3505],[115.0555,-3.3405]]]},"properties":{"code":"63.03.08.2008","name":"Tanah Intan"}},{"type":"Feature","geometry":{"type":"Polygon","coordinates":[[[115.065,-3.303],[115.065,-3.302],[115.0655,-3.286],[115.071,-3.2665],[115.0555,-3.2685],[115.0545,-3.281],[115.042,-3.29],[115.0405,-3.2915],[115.039,-3.293],[115.0445,-3.2965],[115.0465,-3.2975],[115.047,-3.2975],[115.047,-3.298],[115.048,-3.298],[115.048,-3.297],[115.0505,-3.2905],[115.052,-3.292],[115.0535,-3.293],[115.065,-3.303]]]},"properties":{"code":"63.03.08.2009","name":"Sungai Raya"}},{"type":"Feature","geometry":{"type":"Polygon","coordinates":[[[115.0865,-3.211],[115.0855,-3.2115],[115.0645,-3.213],[115.052,-3.2085],[115.0505,-3.21],[115.0515,-3.211],[115.05,-3.217],[115.05,-3.2175],[115.0555,-3.2185],[115.074,-3.2245],[115.079,-3.2345],[115.0825,-3.222],[115.0865,-3.211]]]},"properties":{"code":"63.03.08.2010","name":"Sungkai"}},{"type":"Feature","geometry":{"type":"Polygon","coordinates":[[[115.0775,-3.279],[115.0765,-3.2715],[115.071,-3.2665],[115.0655,-3.286],[115.065,-3.302],[115.0655,-3.3045],[115.069,-3.3055],[115.0735,-3.3025],[115.0765,-3.297],[115.078,-3.297],[115.0775,-3.279]]]},"properties":{"code":"63.03.08.2011","name":"Sungai Langsat"}},{"type":"Feature","geometry":{"type":"Polygon","coordinates":[[[115.065,-3.303],[115.0535,-3.293],[115.052,-3.292],[115.0505,-3.2905],[115.048,-3.297],[115.0475,-3.2995],[115.049,-3.3005],[115.0495,-3.3015],[115.0485,-3.3025],[115.046,-3.3005],[115.044,-3.3],[115.041,-3.305],[115.04,-3.3055],[115.0395,-3.31],[115.038,-3.3135],[115.041,-3.3165],[115.0385,-3.322],[115.0555,-3.3405],[115.058,-3.3365],[115.059,-3.335],[115.06,-3.334],[115.0605,-3.334],[115.0615,-3.334],[115.0655,-3.321],[115.066,-3.3205],[115.07,-3.3075],[115.07,-3.3065],[115.069,-3.3055],[115.0655,-3.3045],[115.065,-3.303]]]},"properties":{"code":"63.03.08.2014","name":"Lawiran"}},{"type":"Feature","geometry":{"type":"Polygon","coordinates":[[[115.079,-3.2345],[115.074,-3.2245],[115.0555,-3.2185],[115.05,-3.2175],[115.05,-3.2185],[115.044,-3.229],[115.0435,-3.231],[115.0445,-3.248],[115.0625,-3.251],[115.07,-3.246],[115.078,-3.2575],[115.0815,-3.235],[115.079,-3.2345]]]},"properties":{"code":"63.03.08.2017","name":"Batu Balian"}},{"type":"Feature","geometry":{"type":"Polygon","coordinates":[[[115.0365,-3.294],[115.036,-3.294],[115.0355,-3.2935],[115.028,-3.29],[115.0235,-3.2885],[115.0155,-3.297],[115.0105,-3.3],[115.0065,-3.308],[115.023,-3.318],[115.035,-3.305],[115.0365,-3.294]]]},"properties":{"code":"63.03.08.2018","name":"Cabi"}},{"type":"Feature","geometry":{"type":"Polygon","coordinates":[[[115.0525,-3.169],[115.051,-3.167],[115.0425,-3.1655],[115.0295,-3.173],[115.0365,-3.184],[115.03,-3.19],[115.029,-3.1915],[115.0285,-3.1915],[115.045,-3.206],[115.0475,-3.2065],[115.05,-3.209],[115.0505,-3.21],[115.052,-3.2085],[115.0525,-3.1985],[115.0555,-3.195],[115.0565,-3.193],[115.0545,-3.192],[115.0555,-3.1915],[115.0595,-3.187],[115.062,-3.1685],[115.055,-3.1725],[115.0525,-3.169]]]},"properties":{"code":"63.03.08.2019","name":"Berkat Mulya"}},{"type":"Feature","geometry":{"type":"Polygon","coordinates":[[[115.097,-3.188],[115.09,-3.185],[115.063,-3.1675],[115.062,-3.1685],[115.0595,-3.187],[115.0555,-3.1915],[115.0545,-3.192],[115.063,-3.197],[115.088,-3.2065],[115.0915,-3.1975],[115.097,-3.188]]]},"properties":{"code":"63.03.08.2021","name":"Sungkai Baru"}},{"type":"Feature","geometry":{"type":"Polygon","coordinates":[[[115.078,-3.2575],[115.07,-3.246],[115.0625,-3.251],[115.062,-3.256],[115.0615,-3.257],[115.0555,-3.2665],[115.0555,-3.2685],[115.071,-3.2665],[115.0765,-3.2715],[115.077,-3.2685],[115.079,-3.2645],[115.0835,-3.2685],[115.0875,-3.271],[115.0865,-3.274],[115.089,-3.2725],[115.0905,-3.2725],[115.0895,-3.2715],[115.0945,-3.2625],[115.0925,-3.259],[115.078,-3.2575]]]},"properties":{"code":"63.03.08.2022","name":"Paring Tali"}},{"type":"Feature","geometry":{"type":"Polygon","coordinates":[[[115.088,-3.2065],[115.063,-3.197],[115.0565,-3.193],[115.0555,-3.195],[115.0525,-3.1985],[115.052,-3.2085],[115.0645,-3.213],[115.0855,-3.2115],[115.0865,-3.211],[115.088,-3.2065]]]},"properties":{"code":"63.03.08.2025","name":"Pasar Lama"}},{"type":"Feature","geometry":{"type":"Polygon","coordinates":[[[115.048,-3.298],[115.047,-3.298],[115.047,-3.2975],[115.0465,-3.2975],[115.0445,-3.2965],[115.039,-3.293],[115.037,-3.2935],[115.0365,-3.294],[115.035,-3.305],[115.023,-3.318],[115.0275,-3.319],[115.029,-3.32],[115.038,-3.3135],[115.0395,-3.31],[115.04,-3.3055],[115.041,-3.305],[115.044,-3.3],[115.046,-3.3005],[115.0485,-3.3025],[115.0495,-3.3015],[115.049,-3.3005],[115.0475,-3.2995],[115.048,-3.298]]]},"properties":{"code":"63.03.08.2026","name":"Sungai Tabuk"}},{"type":"Feature","geometry":{"type":"Polygon","coordinates":[[[115.1605,-3.299],[115.155,-3.2925],[115.1395,-3.292],[115.1165,-3.2945],[115.1095,-3.303],[115.104,-3.306],[115.111,-3.3125],[115.12,-3.3345],[115.1215,-3.346],[115.1145,-3.394],[115.132,-3.3955],[115.152,-3.377],[115.187,-3.381],[115.2005,-3.3765],[115.1735,-3.345],[115.153,-3.3265],[115.1585,-3.316],[115.1605,-3.299]]]},"properties":{"code":"63.03.09.2001","name":"Maniapun"}},{"type":"Feature","geometry":{"type":"Polygon","coordinates":[[[115.077,-3.297],[115.0765,-3.297],[115.0735,-3.3025],[115.069,-3.3055],[115.07,-3.3065],[115.07,-3.3075],[115.066,-3.3205],[115.0655,-3.321],[115.0615,-3.334],[115.061,-3.334],[115.0675,-3.3565],[115.0715,-3.3715],[115.076,-3.3795],[115.079,-3.382],[115.088,-3.3575],[115.109,-3.333],[115.086,-3.307],[115.086,-3.2985],[115.077,-3.297]]]},"properties":{"code":"63.03.09.2002","name":"Lok Tunggul"}},{"type":"Feature","geometry":{"type":"Polygon","coordinates":[[[115.104,-3.306],[115.1035,-3.3055],[115.102,-3.3065],[115.086,-3.2985],[115.086,-3.307],[115.109,-3.333],[115.088,-3.3575],[115.079,-3.382],[115.0865,-3.391],[115.096,-3.4045],[115.1145,-3.394],[115.1215,-3.346],[115.12,-3.3345],[115.111,-3.3125],[115.104,-3.306]]]},"properties":{"code":"63.03.09.2003","name":"Lobang Baru"}},{"type":"Feature","geometry":{"type":"Polygon","coordinates":[[[115.097,-3.287],[115.0945,-3.2805],[115.094,-3.2795],[115.086,-3.2985],[115.102,-3.3065],[115.1035,-3.3055],[115.104,-3.306],[115.1095,-3.303],[115.097,-3.287]]]},"properties":{"code":"63.03.09.2004","name":"Pengaron"}},{"type":"Feature","geometry":{"type":"Polygon","coordinates":[[[115.1165,-3.2945],[115.1105,-3.2885],[115.097,-3.287],[115.1095,-3.303],[115.1165,-3.2945]]]},"properties":{"code":"63.03.09.2005","name":"Benteng"}},{"type":"Feature","geometry":{"type":"Polygon","coordinates":[[[115.177,-3.2845],[115.1735,-3.278],[115.1785,-3.255],[115.1715,-3.246],[115.171,-3.247],[115.1685,-3.25],[115.167,-3.2505],[115.1565,-3.2835],[115.1395,-3.292],[115.155,-3.2925],[115.1605,-3.299],[115.169,-3.287],[115.177,-3.2845]]]},"properties":{"code":"63.03.09.2006","name":"Ati'im"}},{"type":"Feature","geometry":{"type":"Polygon","coordinates":[[[115.2355,-3.302],[115.226,-3.3035],[115.2055,-3.2985],[115.19,-3.307],[115.1785,-3.2985],[115.177,-3.2845],[115.169,-3.287],[115.1605,-3.299],[115.1585,-3.316],[115.153,-3.3265],[115.1735,-3.345],[115.2005,-3.3765],[115.215,-3.364],[115.2165,-3.351],[115.2285,-3.338],[115.2345,-3.326],[115.2355,-3.302]]]},"properties":{"code":"63.03.09.2007","name":"Alimukim"}},{"type":"Feature","geometry":{"type":"Polygon","coordinates":[[[115.2045,-3.2015],[115.1905,-3.2055],[115.187,-3.2185],[115.1865,-3.224],[115.1885,-3.234],[115.2065,-3.2425],[115.216,-3.2385],[115.2275,-3.2405],[115.237,-3.2365],[115.2275,-3.226],[115.2095,-3.217],[115.2045,-3.2015]]]},"properties":{"code":"63.03.09.2008","name":"Panyiuran"}},{"type":"Feature","geometry":{"type":"Polygon","coordinates":[[[115.237,-3.2365],[115.2275,-3.2405],[115.216,-3.2385],[115.2065,-3.2425],[115.1885,-3.234],[115.175,-3.2415],[115.1715,-3.246],[115.1785,-3.255],[115.1735,-3.278],[115.177,-3.2845],[115.1785,-3.2985],[115.19,-3.307],[115.2055,-3.2985],[115.226,-3.3035],[115.2355,-3.302],[115.2435,-3.3025],[115.2445,-3.302],[115.2435,-3.2995],[115.2255,-3.288],[115.2255,-3.2875],[115.2245,-3.281],[115.2255,-3.2775],[115.2315,-3.274],[115.2315,-3.272],[115.2325,-3.27],[115.234,-3.2675],[115.2375,-3.265],[115.2385,-3.263],[115.238,-3.26],[115.239,-3.236],[115.237,-3.2365]]]},"properties":{"code":"63.03.09.2009","name":"Antaraku"}},{"type":"Feature","geometry":{"type":"Polygon","coordinates":[[[115.1495,-3.2525],[115.147,-3.2515],[115.148,-3.2295],[115.1475,-3.228],[115.1465,-3.2265],[115.1435,-3.2225],[115.1415,-3.2205],[115.1395,-3.221],[115.136,-3.2195],[115.1355,-3.229],[115.123,-3.2435],[115.123,-3.246],[115.1195,-3.248],[115.11,-3.257],[115.1,-3.2715],[115.0975,-3.2775],[115.096,-3.278],[115.0935,-3.279],[115.0945,-3.2805],[115.097,-3.287],[115.1105,-3.2885],[115.1165,-3.2945],[115.1265,-3.2845],[115.1435,-3.262],[115.1495,-3.2525]]]},"properties":{"code":"63.03.09.2010","name":"Mangkauk"}},{"type":"Feature","geometry":{"type":"Polygon","coordinates":[[[115.0905,-3.2725],[115.089,-3.2725],[115.0865,-3.274],[115.0875,-3.271],[115.0835,-3.2685],[115.079,-3.2645],[115.077,-3.2685],[115.0775,-3.279],[115.078,-3.297],[115.077,-3.297],[115.086,-3.2985],[115.094,-3.2795],[115.094,-3.279],[115.094,-3.278],[115.0925,-3.2765],[115.091,-3.275],[115.0905,-3.2725]]]},"properties":{"code":"63.03.09.2015","name":"Kertak Empat"}},{"type":"Feature","geometry":{"type":"Polygon","coordinates":[[[115.1395,-3.292],[115.1565,-3.2835],[115.167,-3.2505],[115.1625,-3.252],[115.152,-3.2535],[115.1495,-3.2525],[115.1435,-3.262],[115.1265,-3.2845],[115.1165,-3.2945],[115.1395,-3.292]]]},"properties":{"code":"63.03.09.2018","name":"Lumpangi"}},{"type":"Feature","geometry":{"type":"Polygon","coordinates":[[[115.2005,-3.175],[115.2,-3.175],[115.1995,-3.1975],[115.2045,-3.2015],[115.2095,-3.217],[115.2275,-3.226],[115.237,-3.2365],[115.237,-3.235],[115.2255,-3.206],[115.225,-3.189],[115.2005,-3.175]]]},"properties":{"code":"63.03.10.2001","name":"Kupang Rejo"}},{"type":"Feature","geometry":{"type":"Polygon","coordinates":[[[115.2355,-3.1675],[115.236,-3.167],[115.2005,-3.1745],[115.2005,-3.175],[115.225,-3.189],[115.2255,-3.206],[115.237,-3.235],[115.239,-3.236],[115.238,-3.26],[115.2385,-3.263],[115.2375,-3.265],[115.242,-3.2605],[115.2615,-3.256],[115.263,-3.2465],[115.253,-3.2315],[115.2435,-3.226],[115.2455,-3.2045],[115.2355,-3.1675]]]},"properties":{"code":"63.03.10.2002","name":"Sungai Pinang"}},{"type":"Feature","geometry":{"type":"Polygon","coordinates":[[[115.4175,-3.312],[115.387,-3.275],[115.3615,-3.279],[115.367,-3.2575],[115.3405,-3.252],[115.278,-3.2485],[115.2745,-3.2515],[115.282,-3.255],[115.2835,-3.256],[115.2805,-3.2615],[115.281,-3.2625],[115.285,-3.2775],[115.276,-3.281],[115.2645,-3.292],[115.2445,-3.3015],[115.2445,-3.302],[115.2435,-3.3025],[115.25,-3.311],[115.269,-3.323],[115.2685,-3.3415],[115.278,-3.3415],[115.289,-3.356],[115.297,-3.35],[115.31,-3.354],[115.3065,-3.3615],[115.3315,-3.3795],[115.351,-3.387],[115.378,-3.3795],[115.3955,-3.377],[115.3985,-3.373],[115.3985,-3.3675],[115.4025,-3.348],[115.403,-3.341],[115.4165,-3.337],[115.4185,-3.3315],[115.4195,-3.3265],[115.416,-3.317],[115.416,-3.316],[115.4175,-3.312]]]},"properties":{"code":"63.03.10.2003","name":"Kahelaan"}},{"type":"Feature","geometry":{"type":"Polygon","coordinates":[[[115.29,-3.2295],[115.2835,-3.223],[115.2765,-3.205],[115.265,-3.194],[115.2445,-3.182],[115.2495,-3.1885],[115.251,-3.1915],[115.25,-3.209],[115.2535,-3.2185],[115.2655,-3.223],[115.265,-3.2315],[115.27,-3.252],[115.2705,-3.252],[115.2745,-3.2515],[115.278,-3.2485],[115.2835,-3.248],[115.29,-3.2295]]]},"properties":{"code":"63.03.10.2004","name":"Rantau Nangka"}},{"type":"Feature","geometry":{"type":"Polygon","coordinates":[[[115.2955,-3.1675],[115.28,-3.1595],[115.2445,-3.155],[115.2445,-3.1555],[115.2375,-3.167],[115.236,-3.167],[115.2355,-3.1675],[115.245,-3.175],[115.2445,-3.182],[115.265,-3.194],[115.2765,-3.205],[115.2835,-3.223],[115.29,-3.2295],[115.305,-3.234],[115.3085,-3.2205],[115.2975,-3.197],[115.3065,-3.1855],[115.3065,-3.1745],[115.2955,-3.1675]]]},"properties":{"code":"63.03.10.2005","name":"Rantau Bakula"}},{"type":"Feature","geometry":{"type":"Polygon","coordinates":[[[115.351,-3.117],[115.3495,-3.117],[115.3485,-3.118],[115.344,-3.1165],[115.335,-3.1475],[115.31,-3.1475],[115.3065,-3.1555],[115.2965,-3.154],[115.2955,-3.1675],[115.3065,-3.1745],[115.3065,-3.1855],[115.2975,-3.197],[115.3085,-3.2205],[115.305,-3.234],[115.29,-3.2295],[115.2835,-3.248],[115.278,-3.2485],[115.3405,-3.252],[115.367,-3.2575],[115.3615,-3.279],[115.387,-3.275],[115.4175,-3.312],[115.4185,-3.3095],[115.429,-3.296],[115.42,-3.2795],[115.392,-3.2505],[115.402,-3.2365],[115.4245,-3.2595],[115.437,-3.2525],[115.447,-3.2405],[115.444,-3.239],[115.446,-3.2255],[115.444,-3.225],[115.4175,-3.227],[115.416,-3.2245],[115.415,-3.2165],[115.414,-3.2135],[115.4175,-3.2085],[115.4135,-3.205],[115.4075,-3.1815],[115.3935,-3.1615],[115.387,-3.144],[115.367,-3.1275],[115.3535,-3.1235],[115.351,-3.1205],[115.3505,-3.1185],[115.351,-3.117]]]},"properties":{"code":"63.03.10.2006","name":"Belimbing Lama"}},{"type":"Feature","geometry":{"type":"Polygon","coordinates":[[[115.276,-3.281],[115.265,-3.2765],[115.2615,-3.256],[115.242,-3.2605],[115.2375,-3.265],[115.234,-3.2675],[115.2325,-3.27],[115.2315,-3.272],[115.2315,-3.274],[115.2255,-3.2775],[115.2245,-3.281],[115.2255,-3.2875],[115.2255,-3.288],[115.2435,-3.2995],[115.2445,-3.3015],[115.2645,-3.292],[115.276,-3.281]]]},"properties":{"code":"63.03.10.2010","name":"Sumber Baru"}},{"type":"Feature","geometry":{"type":"Polygon","coordinates":[[[115.3535,-3.107],[115.3425,-3.106],[115.3275,-3.088],[115.289,-3.0805],[115.288,-3.09],[115.2765,-3.101],[115.277,-3.106],[115.2715,-3.1175],[115.2555,-3.135],[115.242,-3.135],[115.2445,-3.155],[115.28,-3.1595],[115.2955,-3.1675],[115.2965,-3.154],[115.3065,-3.1555],[115.31,-3.1475],[115.335,-3.1475],[115.344,-3.1165],[115.3485,-3.118],[115.3495,-3.117],[115.351,-3.117],[115.3525,-3.1165],[115.3535,-3.107]]]},"properties":{"code":"63.03.10.2011","name":"Belimbing Baru"}},{"type":"Feature","geometry":{"type":"Polygon","coordinates":[[[115.2355,-3.1675],[115.2455,-3.2045],[115.2435,-3.226],[115.253,-3.2315],[115.263,-3.2465],[115.2615,-3.256],[115.266,-3.252],[115.27,-3.252],[115.265,-3.2315],[115.2655,-3.223],[115.2535,-3.2185],[115.25,-3.209],[115.251,-3.1915],[115.2495,-3.1885],[115.2445,-3.182],[115.245,-3.175],[115.2355,-3.1675]]]},"properties":{"code":"63.03.10.2012","name":"Pakutik"}},{"type":"Feature","geometry":{"type":"Polygon","coordinates":[[[115.276,-3.281],[115.285,-3.2775],[115.281,-3.2625],[115.2805,-3.2615],[115.2835,-3.256],[115.282,-3.255],[115.2745,-3.2515],[115.2705,-3.252],[115.266,-3.252],[115.2615,-3.256],[115.265,-3.2765],[115.276,-3.281]]]},"properties":{"code":"63.03.10.2013","name":"Sumber Harapan"}},{"type":"Feature","geometry":{"type":"Polygon","coordinates":[[[115.2435,-3.3025],[115.2355,-3.302],[115.2345,-3.326],[115.2285,-3.338],[115.2165,-3.351],[115.215,-3.364],[115.2005,-3.3765],[115.212,-3.3905],[115.221,-3.391],[115.2425,-3.383],[115.2485,-3.373],[115.264,-3.3745],[115.2795,-3.393],[115.307,-3.3945],[115.329,-3.3925],[115.351,-3.387],[115.3315,-3.3795],[115.3065,-3.3615],[115.31,-3.354],[115.297,-3.35],[115.289,-3.356],[115.278,-3.3415],[115.2685,-3.3415],[115.269,-3.323],[115.25,-3.311],[115.2435,-3.3025]]]},"properties":{"code":"63.03.10.2015","name":"Hakim Makmur"}},{"type":"Feature","geometry":{"type":"Polygon","coordinates":[[[115.0465,-3.4945],[115.045,-3.495],[115.0415,-3.502],[115.0325,-3.5055],[115.0325,-3.5065],[115.0275,-3.514],[114.979,-3.526],[114.989,-3.5395],[114.996,-3.5615],[114.9915,-3.5715],[114.9985,-3.587],[114.986,-3.587],[114.9835,-3.5985],[114.989,-3.605],[114.99,-3.6185],[114.9905,-3.6215],[114.9835,-3.632],[114.9725,-3.6435],[114.9615,-3.648],[114.947,-3.6675],[114.9375,-3.6925],[114.9365,-3.694],[114.954,-3.69],[115.007,-3.647],[115.0175,-3.6355],[115.032,-3.612],[115.018,-3.5865],[115.0175,-3.5635],[115.027,-3.5555],[115.033,-3.543],[115.043,-3.532],[115.061,-3.5055],[115.0615,-3.5045],[115.0465,-3.4945]]]},"properties":{"code":"63.03.11.2001","name":"Tiwingan Lama"}},{"type":"Feature","geometry":{"type":"Polygon","coordinates":[[[115.114,-3.5295],[115.1135,-3.5265],[115.112,-3.5245],[115.1005,-3.5185],[115.0985,-3.5165],[115.083,-3.5125],[115.0815,-3.5135],[115.0765,-3.5155],[115.0625,-3.537],[115.0675,-3.538],[115.1015,-3.553],[115.102,-3.554],[115.1015,-3.5575],[115.0995,-3.5645],[115.1005,-3.565],[115.103,-3.57],[115.1055,-3.588],[115.1025,-3.5895],[115.1015,-3.595],[115.1165,-3.6235],[115.1185,-3.64],[115.1205,-3.641],[115.1435,-3.629],[115.16,-3.627],[115.1625,-3.6255],[115.161,-3.6215],[115.1605,-3.6205],[115.16,-3.62],[115.16,-3.619],[115.1575,-3.6035],[115.1575,-3.591],[115.1535,-3.5835],[115.1405,-3.578],[115.1415,-3.5575],[115.1205,-3.549],[115.1215,-3.546],[115.1215,-3.545],[115.1205,-3.5425],[115.114,-3.5295]]]},"properties":{"code":"63.03.11.2002","name":"Kalaan"}},{"type":"Feature","geometry":{"type":"Polygon","coordinates":[[[115.137,-3.521],[115.127,-3.509],[115.115,-3.505],[115.1085,-3.5095],[115.0965,-3.5045],[115.0805,-3.486],[115.0705,-3.485],[115.06,-3.4605],[115.05,-3.48],[115.0465,-3.4925],[115.0615,-3.5045],[115.0735,-3.5095],[115.0765,-3.513],[115.08,-3.5125],[115.082,-3.5135],[115.083,-3.5125],[115.0985,-3.5165],[115.1005,-3.5185],[115.112,-3.5245],[115.1135,-3.5265],[115.114,-3.5295],[115.1365,-3.53],[115.1385,-3.528],[115.137,-3.521]]]},"properties":{"code":"63.03.11.2003","name":"Benua Riam"}},{"type":"Feature","geometry":{"type":"Polygon","coordinates":[[[115.072,-3.4425],[115.0715,-3.442],[115.062,-3.457],[115.06,-3.4605],[115.0705,-3.485],[115.0805,-3.486],[115.0965,-3.5045],[115.1085,-3.5095],[115.115,-3.505],[115.127,-3.509],[115.137,-3.521],[115.1445,-3.509],[115.1575,-3.513],[115.171,-3.511],[115.179,-3.5025],[115.1815,-3.5],[115.1495,-3.493],[115.123,-3.4785],[115.12,-3.468],[115.095,-3.456],[115.091,-3.449],[115.076,-3.4475],[115.072,-3.4425]]]},"properties":{"code":"63.03.11.2004","name":"Bunglai"}},{"type":"Feature","geometry":{"type":"MultiPolygon","coordinates":[[[[115.192,-3.4865],[115.2475,-3.4795],[115.2375,-3.4635],[115.2285,-3.4615],[115.22,-3.453],[115.2165,-3.459],[115.205,-3.473],[115.184,-3.47],[115.192,-3.4865]]],[[[115.192,-3.4865],[115.154,-3.477],[115.1355,-3.4655],[115.1305,-3.452],[115.115,-3.4495],[115.1105,-3.4415],[115.0915,-3.4335],[115.0785,-3.4345],[115.0715,-3.442],[115.076,-3.4475],[115.091,-3.449],[115.095,-3.456],[115.12,-3.468],[115.123,-3.4785],[115.1495,-3.493],[115.1815,-3.5],[115.1835,-3.499],[115.192,-3.4865]]]]},"properties":{"code":"63.03.11.2005","name":"Apuai"}},{"type":"Feature","geometry":{"type":"Polygon","coordinates":[[[115.351,-3.387],[115.329,-3.3925],[115.307,-3.3945],[115.2795,-3.393],[115.264,-3.3745],[115.2485,-3.373],[115.2425,-3.383],[115.221,-3.391],[115.212,-3.3905],[115.2005,-3.3765],[115.187,-3.381],[115.152,-3.377],[115.132,-3.3955],[115.124,-3.4025],[115.124,-3.4035],[115.123,-3.4045],[115.123,-3.406],[115.125,-3.4095],[115.1375,-3.4115],[115.1395,-3.425],[115.152,-3.4385],[115.163,-3.431],[115.171,-3.433],[115.1805,-3.422],[115.2035,-3.4495],[115.217,-3.4575],[115.22,-3.453],[115.2285,-3.4615],[115.2375,-3.4635],[115.256,-3.477],[115.2765,-3.51],[115.296,-3.5245],[115.305,-3.5165],[115.3145,-3.51],[115.348,-3.5045],[115.3515,-3.5035],[115.3535,-3.5015],[115.3585,-3.498],[115.364,-3.492],[115.366,-3.4905],[115.3995,-3.462],[115.404,-3.457],[115.4055,-3.4565],[115.4085,-3.454],[115.4115,-3.4515],[115.406,-3.4475],[115.4,-3.445],[115.3905,-3.4375],[115.393,-3.419],[115.398,-3.396],[115.3955,-3.377],[115.378,-3.3795],[115.351,-3.387]]]},"properties":{"code":"63.03.11.2006","name":"Rantau Bujur"}},{"type":"Feature","geometry":{"type":"Polygon","coordinates":[[[115.296,-3.5245],[115.2765,-3.51],[115.256,-3.477],[115.2375,-3.4635],[115.2475,-3.4795],[115.192,-3.4865],[115.1835,-3.499],[115.179,-3.5025],[115.171,-3.511],[115.1575,-3.513],[115.1445,-3.509],[115.137,-3.521],[115.1385,-3.528],[115.1365,-3.53],[115.114,-3.5295],[115.1205,-3.5425],[115.1215,-3.545],[115.1215,-3.546],[115.1205,-3.549],[115.1415,-3.5575],[115.1405,-3.578],[115.1535,-3.5835],[115.1575,-3.591],[115.1575,-3.6035],[115.16,-3.619],[115.16,-3.62],[115.1605,-3.6205],[115.161,-3.6215],[115.1625,-3.6255],[115.163,-3.6255],[115.1805,-3.611],[115.199,-3.6045],[115.2095,-3.606],[115.2155,-3.6045],[115.2285,-3.597],[115.236,-3.578],[115.252,-3.566],[115.2555,-3.564],[115.2615,-3.562],[115.262,-3.562],[115.279,-3.548],[115.2825,-3.5425],[115.289,-3.532],[115.2945,-3.526],[115.296,-3.5245]]]},"properties":{"code":"63.03.11.2007","name":"Artain"}},{"type":"Feature","geometry":{"type":"Polygon","coordinates":[[[115.217,-3.4575],[115.2035,-3.4495],[115.1805,-3.422],[115.171,-3.433],[115.163,-3.431],[115.152,-3.4385],[115.1395,-3.425],[115.1375,-3.4115],[115.125,-3.4095],[115.123,-3.406],[115.123,-3.4045],[115.124,-3.4035],[115.124,-3.4025],[115.1175,-3.409],[115.107,-3.418],[115.106,-3.418],[115.106,-3.424],[115.0915,-3.4335],[115.1105,-3.4415],[115.115,-3.4495],[115.1305,-3.452],[115.1355,-3.4655],[115.154,-3.477],[115.192,-3.4865],[115.184,-3.47],[115.205,-3.473],[115.2165,-3.459],[115.217,-3.4575]]]},"properties":{"code":"63.03.11.2008","name":"Rantau Balai"}},{"type":"Feature","geometry":{"type":"Polygon","coordinates":[[[115.082,-3.5135],[115.08,-3.5125],[115.0765,-3.513],[115.0735,-3.5095],[115.061,-3.5055],[115.043,-3.532],[115.033,-3.543],[115.027,-3.5555],[115.0175,-3.5635],[115.018,-3.5865],[115.02,-3.5905],[115.0225,-3.5885],[115.027,-3.5845],[115.0295,-3.584],[115.032,-3.5805],[115.042,-3.5755],[115.0485,-3.5585],[115.0575,-3.551],[115.0585,-3.5495],[115.0645,-3.5375],[115.0625,-3.537],[115.0765,-3.5155],[115.082,-3.5135]]]},"properties":{"code":"63.03.11.2009","name":"Tiwingan Baru"}},{"type":"Feature","geometry":{"type":"Polygon","coordinates":[[[115.103,-3.57],[115.1005,-3.565],[115.0995,-3.5645],[115.1015,-3.5575],[115.102,-3.554],[115.1015,-3.553],[115.0675,-3.538],[115.0645,-3.5375],[115.0585,-3.5495],[115.0575,-3.551],[115.0485,-3.5585],[115.042,-3.5755],[115.032,-3.5805],[115.0295,-3.584],[115.027,-3.5845],[115.0225,-3.5885],[115.02,-3.5905],[115.032,-3.612],[115.0175,-3.6355],[115.007,-3.647],[114.954,-3.69],[114.9365,-3.694],[114.9325,-3.699],[114.9235,-3.722],[114.931,-3.729],[114.9425,-3.727],[114.946,-3.7255],[114.9755,-3.7145],[114.992,-3.7015],[115.003,-3.701],[115.0285,-3.694],[115.0295,-3.6955],[115.035,-3.7035],[115.0365,-3.7035],[115.04,-3.7025],[115.045,-3.7],[115.0555,-3.691],[115.0565,-3.6905],[115.059,-3.6905],[115.062,-3.6885],[115.0655,-3.684],[115.079,-3.682],[115.0905,-3.6725],[115.0915,-3.6705],[115.095,-3.6605],[115.096,-3.6595],[115.085,-3.647],[115.0785,-3.6435],[115.079,-3.6335],[115.071,-3.6225],[115.0785,-3.6155],[115.0805,-3.6045],[115.077,-3.59],[115.0745,-3.5885],[115.0735,-3.587],[115.0735,-3.5855],[115.0745,-3.5855],[115.103,-3.57]]]},"properties":{"code":"63.03.11.2010","name":"Belangian"}},{"type":"Feature","geometry":{"type":"Polygon","coordinates":[[[115.05,-3.48],[115.045,-3.4725],[115.024,-3.4645],[115.021,-3.4655],[114.989,-3.4855],[114.989,-3.4915],[114.9895,-3.498],[114.989,-3.4985],[114.9845,-3.506],[114.982,-3.51],[114.9695,-3.5145],[114.979,-3.526],[115.0275,-3.514],[115.0325,-3.5065],[115.033,-3.5035],[115.044,-3.4955],[115.05,-3.48]]]},"properties":{"code":"63.03.11.2011","name":"Aranio"}},{"type":"Feature","geometry":{"type":"Polygon","coordinates":[[[115.1185,-3.64],[115.1165,-3.6235],[115.1015,-3.595],[115.1025,-3.5895],[115.1055,-3.588],[115.103,-3.57],[115.0745,-3.5855],[115.0735,-3.5855],[115.0735,-3.587],[115.0745,-3.5885],[115.077,-3.59],[115.0805,-3.6045],[115.0785,-3.6155],[115.071,-3.6225],[115.079,-3.6335],[115.0785,-3.6435],[115.085,-3.647],[115.096,-3.6595],[115.0965,-3.6585],[115.0995,-3.655],[115.1155,-3.638],[115.1185,-3.64]]]},"properties":{"code":"63.03.11.2012","name":"Pa'au"}},{"type":"Feature","geometry":{"type":"Polygon","coordinates":[[[115.0835,-3.3875],[115.0735,-3.3875],[115.0705,-3.388],[115.0665,-3.3815],[115.045,-3.3755],[115.049,-3.355],[115.019,-3.367],[115.009,-3.3715],[115.01,-3.3995],[115.0135,-3.4045],[115.0375,-3.409],[115.068,-3.402],[115.0885,-3.407],[115.096,-3.4045],[115.0865,-3.391],[115.0835,-3.3875]]]},"properties":{"code":"63.03.12.2001","name":"Baru"}},{"type":"Feature","geometry":{"type":"Polygon","coordinates":[[[114.9555,-3.331],[114.9555,-3.3295],[114.951,-3.3255],[114.9425,-3.324],[114.9405,-3.342],[114.953,-3.3465],[114.9545,-3.3325],[114.9555,-3.331]]]},"properties":{"code":"63.03.12.2002","name":"Bawahan Pasar"}},{"type":"Feature","geometry":{"type":"Polygon","coordinates":[[[114.9685,-3.3265],[114.9675,-3.3235],[114.959,-3.331],[114.958,-3.332],[114.971,-3.337],[114.9685,-3.3265]]]},"properties":{"code":"63.03.12.2003","name":"Bawahan Seberang"}},{"type":"Feature","geometry":{"type":"Polygon","coordinates":[[[114.957,-3.2595],[114.937,-3.2585],[114.9315,-3.2495],[114.929,-3.2495],[114.8885,-3.26],[114.901,-3.2855],[114.9105,-3.318],[114.9235,-3.34],[114.928,-3.3405],[114.938,-3.326],[114.9295,-3.321],[114.9285,-3.2955],[114.9325,-3.2805],[114.9405,-3.286],[114.948,-3.263],[114.957,-3.2595]]]},"properties":{"code":"63.03.12.2004","name":"Pematang Danau"}},{"type":"Feature","geometry":{"type":"Polygon","coordinates":[[[114.9405,-3.342],[114.9425,-3.324],[114.938,-3.326],[114.928,-3.3405],[114.935,-3.3495],[114.9405,-3.342]]]},"properties":{"code":"63.03.12.2005","name":"Surian"}},{"type":"Feature","geometry":{"type":"Polygon","coordinates":[[[114.9855,-3.2985],[114.9715,-3.304],[114.9675,-3.3235],[114.9685,-3.3265],[114.985,-3.3285],[114.9855,-3.2985]]]},"properties":{"code":"63.03.12.2006","name":"Mataraman"}},{"type":"Feature","geometry":{"type":"Polygon","coordinates":[[[114.9985,-3.294],[114.9855,-3.2985],[114.985,-3.3285],[114.985,-3.333],[114.9925,-3.336],[115.0025,-3.326],[115.0085,-3.3275],[114.997,-3.299],[114.9985,-3.294]]]},"properties":{"code":"63.03.12.2007","name":"Simpang Tiga"}},{"type":"Feature","geometry":{"type":"Polygon","coordinates":[[[115.013,-3.2435],[115.0095,-3.244],[115.0095,-3.2425],[114.992,-3.243],[114.98,-3.2445],[114.976,-3.2525],[114.948,-3.263],[114.9405,-3.286],[114.9375,-3.298],[114.945,-3.3035],[114.9425,-3.324],[114.951,-3.3255],[114.9555,-3.3295],[114.9555,-3.331],[114.9565,-3.33],[114.9575,-3.332],[114.959,-3.331],[114.9675,-3.3235],[114.9715,-3.304],[114.9855,-3.2985],[115.008,-3.2905],[115.017,-3.2635],[115.0135,-3.2435],[115.013,-3.2435]]]},"properties":{"code":"63.03.12.2008","name":"Bawahan Selan"}},{"type":"Feature","geometry":{"type":"Polygon","coordinates":[[[115.027,-3.353],[115.0265,-3.3525],[115.0255,-3.3505],[115.018,-3.3385],[115.013,-3.336],[114.9825,-3.347],[114.978,-3.354],[114.983,-3.3565],[114.977,-3.371],[114.985,-3.3775],[115.0025,-3.369],[115.009,-3.3715],[115.019,-3.367],[115.027,-3.353]]]},"properties":{"code":"63.03.12.2009","name":"Takuti"}},{"type":"Feature","geometry":{"type":"Polygon","coordinates":[[[114.9405,-3.286],[114.9325,-3.2805],[114.9285,-3.2955],[114.9295,-3.321],[114.938,-3.326],[114.9425,-3.324],[114.945,-3.3035],[114.9375,-3.298],[114.9405,-3.286]]]},"properties":{"code":"63.03.12.2010","name":"Pasiraman"}},{"type":"Feature","geometry":{"type":"Polygon","coordinates":[[[115.0235,-3.2885],[115.027,-3.2785],[115.017,-3.2635],[115.008,-3.2905],[115.0125,-3.2985],[115.0155,-3.297],[115.0235,-3.2885]]]},"properties":{"code":"63.03.12.2011","name":"Lok Tamu"}},{"type":"Feature","geometry":{"type":"Polygon","coordinates":[[[115.061,-3.334],[115.06,-3.334],[115.059,-3.335],[115.058,-3.3365],[115.0555,-3.3405],[115.0445,-3.3505],[115.035,-3.352],[115.0275,-3.353],[115.027,-3.353],[115.019,-3.367],[115.049,-3.355],[115.045,-3.3755],[115.0665,-3.3815],[115.0705,-3.388],[115.0735,-3.3875],[115.0835,-3.3875],[115.076,-3.3795],[115.0715,-3.3715],[115.0675,-3.3565],[115.061,-3.334]]]},"properties":{"code":"63.03.12.2012","name":"Sungai Jati"}},{"type":"Feature","geometry":{"type":"Polygon","coordinates":[[[115.013,-3.336],[115.0085,-3.325],[115.0085,-3.3275],[115.0025,-3.326],[114.9925,-3.336],[114.985,-3.333],[114.985,-3.3285],[114.9685,-3.3265],[114.971,-3.337],[114.9825,-3.347],[115.013,-3.336]]]},"properties":{"code":"63.03.12.2013","name":"Mangkalawat"}},{"type":"Feature","geometry":{"type":"Polygon","coordinates":[[[115.009,-3.3715],[115.0025,-3.369],[114.985,-3.3775],[114.977,-3.371],[114.968,-3.373],[114.9535,-3.3725],[114.9515,-3.378],[114.95,-3.3795],[114.9445,-3.39],[114.946,-3.39],[114.947,-3.39],[114.985,-3.3975],[114.991,-3.4],[114.9955,-3.3945],[115.01,-3.3995],[115.009,-3.3715]]]},"properties":{"code":"63.03.12.2014","name":"Gunung Ulin"}},{"type":"Feature","geometry":{"type":"Polygon","coordinates":[[[114.958,-3.332],[114.9575,-3.332],[114.9565,-3.33],[114.9545,-3.3325],[114.953,-3.3465],[114.9685,-3.347],[114.978,-3.354],[114.9825,-3.347],[114.971,-3.337],[114.958,-3.332]]]},"properties":{"code":"63.03.12.2015","name":"Tanah Abang"}},{"type":"Feature","geometry":{"type":"Polygon","coordinates":[[[114.5545,-3.5025],[114.554,-3.502],[114.5515,-3.4995],[114.548,-3.5085],[114.551,-3.51],[114.5545,-3.5195],[114.548,-3.53],[114.5625,-3.5315],[114.566,-3.533],[114.5675,-3.5345],[114.568,-3.5355],[114.58,-3.534],[114.581,-3.5315],[114.5825,-3.529],[114.5835,-3.526],[114.589,-3.519],[114.587,-3.519],[114.562,-3.5105],[114.5545,-3.5025]]]},"properties":{"code":"63.03.13.2001","name":"Pindahan Baru"}},{"type":"Feature","geometry":{"type":"Polygon","coordinates":[[[114.584,-3.507],[114.585,-3.508],[114.5755,-3.512],[114.561,-3.501],[114.557,-3.501],[114.5555,-3.5015],[114.5545,-3.5025],[114.562,-3.5105],[114.587,-3.519],[114.5895,-3.5195],[114.6115,-3.5275],[114.6125,-3.5245],[114.613,-3.522],[114.6105,-3.5205],[114.603,-3.516],[114.5895,-3.5095],[114.584,-3.5065],[114.584,-3.507]]]},"properties":{"code":"63.03.13.2002","name":"Handil Purai"}},{"type":"Feature","geometry":{"type":"Polygon","coordinates":[[[114.633,-3.527],[114.631,-3.5015],[114.6285,-3.4945],[114.6265,-3.492],[114.626,-3.492],[114.626,-3.493],[114.6235,-3.4925],[114.6225,-3.493],[114.6195,-3.496],[114.619,-3.4985],[114.617,-3.4985],[114.619,-3.517],[114.62,-3.5225],[114.6195,-3.5265],[114.6195,-3.5285],[114.6225,-3.5285],[114.633,-3.527]]]},"properties":{"code":"63.03.13.2003","name":"Kampung Baru"}},{"type":"Feature","geometry":{"type":"Polygon","coordinates":[[[114.6125,-3.4895],[114.6025,-3.487],[114.5945,-3.4875],[114.589,-3.4885],[114.5895,-3.4905],[114.5985,-3.4985],[114.609,-3.504],[114.616,-3.4985],[114.619,-3.4985],[114.6195,-3.496],[114.6215,-3.494],[114.6125,-3.4895]]]},"properties":{"code":"63.03.13.2004","name":"Lawahan"}},{"type":"Feature","geometry":{"type":"Polygon","coordinates":[[[114.609,-3.504],[114.5985,-3.4985],[114.591,-3.492],[114.5795,-3.494],[114.5785,-3.494],[114.576,-3.496],[114.585,-3.501],[114.612,-3.5155],[114.609,-3.504]]]},"properties":{"code":"63.03.13.2005","name":"Babirik"}},{"type":"Feature","geometry":{"type":"Polygon","coordinates":[[[114.6025,-3.487],[114.6025,-3.486],[114.601,-3.4795],[114.601,-3.4785],[114.5665,-3.4805],[114.5605,-3.486],[114.5605,-3.4875],[114.5595,-3.4895],[114.558,-3.4905],[114.553,-3.493],[114.5485,-3.501],[114.551,-3.501],[114.5515,-3.4995],[114.554,-3.502],[114.5555,-3.5015],[114.557,-3.501],[114.561,-3.501],[114.561,-3.5],[114.562,-3.4995],[114.5655,-3.497],[114.567,-3.497],[114.5685,-3.4955],[114.586,-3.4885],[114.5945,-3.4875],[114.6025,-3.487]]]},"properties":{"code":"63.03.13.2006","name":"Jambu Burung"}},{"type":"Feature","geometry":{"type":"Polygon","coordinates":[[[114.676,-3.487],[114.673,-3.487],[114.656,-3.4865],[114.6445,-3.486],[114.646,-3.4995],[114.64,-3.501],[114.6355,-3.4855],[114.6275,-3.491],[114.6265,-3.492],[114.6285,-3.4945],[114.631,-3.5015],[114.633,-3.527],[114.6505,-3.5255],[114.682,-3.518],[114.676,-3.4875],[114.676,-3.487]]]},"properties":{"code":"63.03.13.2007","name":"Tambak Padi"}},{"type":"Feature","geometry":{"type":"Polygon","coordinates":[[[114.6115,-3.5275],[114.5895,-3.5195],[114.589,-3.519],[114.5835,-3.526],[114.5825,-3.529],[114.581,-3.5315],[114.58,-3.534],[114.6005,-3.5325],[114.6055,-3.535],[114.606,-3.5345],[114.6145,-3.532],[114.6135,-3.5285],[114.6115,-3.5275]]]},"properties":{"code":"63.03.13.2008","name":"Haur Kuning"}},{"type":"Feature","geometry":{"type":"Polygon","coordinates":[[[114.612,-3.5155],[114.585,-3.501],[114.577,-3.4965],[114.5755,-3.498],[114.5745,-3.5005],[114.581,-3.5045],[114.584,-3.507],[114.584,-3.5065],[114.5895,-3.5095],[114.603,-3.516],[114.6105,-3.5205],[114.6135,-3.5225],[114.612,-3.5155]]]},"properties":{"code":"63.03.13.2009","name":"Jambu Raya"}},{"type":"Feature","geometry":{"type":"Polygon","coordinates":[[[114.576,-3.4635],[114.5655,-3.4635],[114.564,-3.4725],[114.5605,-3.484],[114.5605,-3.486],[114.5665,-3.4805],[114.601,-3.4785],[114.6015,-3.478],[114.6,-3.473],[114.5785,-3.473],[114.578,-3.466],[114.576,-3.466],[114.576,-3.4635]]]},"properties":{"code":"63.03.13.2010","name":"Rumpiang"}},{"type":"Feature","geometry":{"type":"Polygon","coordinates":[[[114.617,-3.4985],[114.616,-3.4985],[114.609,-3.504],[114.612,-3.5155],[114.6135,-3.5225],[114.613,-3.522],[114.6125,-3.5245],[114.6135,-3.5285],[114.6145,-3.532],[114.6165,-3.5315],[114.619,-3.5315],[114.6195,-3.5265],[114.62,-3.5225],[114.619,-3.517],[114.617,-3.4985]]]},"properties":{"code":"63.03.13.2011","name":"Salat Makmur"}},{"type":"Feature","geometry":{"type":"Polygon","coordinates":[[[114.589,-3.4885],[114.586,-3.4885],[114.5685,-3.4955],[114.567,-3.497],[114.5655,-3.497],[114.562,-3.4995],[114.561,-3.5],[114.561,-3.501],[114.5755,-3.512],[114.585,-3.508],[114.5825,-3.506],[114.581,-3.5045],[114.5745,-3.5005],[114.5755,-3.498],[114.577,-3.4965],[114.576,-3.496],[114.5785,-3.494],[114.5795,-3.494],[114.591,-3.492],[114.5895,-3.4905],[114.589,-3.4885]]]},"properties":{"code":"63.03.13.2012","name":"Muara Halayung"}},{"type":"Feature","geometry":{"type":"Polygon","coordinates":[[[114.8275,-3.368],[114.8245,-3.3645],[114.8205,-3.3675],[114.8215,-3.3695],[114.82,-3.374],[114.8335,-3.376],[114.833,-3.375],[114.8295,-3.3715],[114.8275,-3.368]]]},"properties":{"code":"63.03.14.2001","name":"Teluk Selong"}},{"type":"Feature","geometry":{"type":"Polygon","coordinates":[[[114.8405,-3.336],[114.8395,-3.3355],[114.838,-3.3345],[114.827,-3.336],[114.816,-3.349],[114.795,-3.361],[114.7805,-3.358],[114.7735,-3.362],[114.7415,-3.3725],[114.7495,-3.374],[114.748,-3.389],[114.7475,-3.391],[114.76,-3.4],[114.7715,-3.406],[114.771,-3.4045],[114.783,-3.4025],[114.8025,-3.388],[114.8055,-3.3855],[114.807,-3.384],[114.8105,-3.3815],[114.811,-3.381],[114.813,-3.3805],[114.82,-3.374],[114.8215,-3.3695],[114.8205,-3.3675],[114.812,-3.373],[114.8175,-3.3625],[114.8245,-3.3535],[114.827,-3.3485],[114.8315,-3.3455],[114.8405,-3.336]]]},"properties":{"code":"63.03.14.2002","name":"Sungai Batang"}},{"type":"Feature","geometry":{"type":"Polygon","coordinates":[[[114.8325,-3.2955],[114.8115,-3.322],[114.8,-3.3315],[114.8015,-3.3375],[114.777,-3.3585],[114.7735,-3.362],[114.7805,-3.358],[114.795,-3.361],[114.816,-3.349],[114.827,-3.336],[114.838,-3.3345],[114.8395,-3.3355],[114.8405,-3.336],[114.8405,-3.334],[114.849,-3.335],[114.852,-3.3325],[114.8375,-3.2985],[114.8325,-3.2955]]]},"properties":{"code":"63.03.14.2003","name":"Sungai Batang Ilir"}},{"type":"Feature","geometry":{"type":"Polygon","coordinates":[[[114.8015,-3.3085],[114.8,-3.308],[114.795,-3.3065],[114.7845,-3.3035],[114.7785,-3.307],[114.7785,-3.3095],[114.7795,-3.313],[114.771,-3.3155],[114.7805,-3.318],[114.798,-3.3105],[114.8015,-3.3085]]]},"properties":{"code":"63.03.14.2004","name":"Sungai Rangas"}},{"type":"Feature","geometry":{"type":"Polygon","coordinates":[[[114.769,-3.315],[114.7695,-3.3125],[114.757,-3.3165],[114.7465,-3.325],[114.741,-3.328],[114.7405,-3.3275],[114.74,-3.331],[114.74,-3.332],[114.7415,-3.3725],[114.7735,-3.362],[114.777,-3.3585],[114.7695,-3.3325],[114.7725,-3.3215],[114.7645,-3.3165],[114.769,-3.315]]]},"properties":{"code":"63.03.14.2005","name":"Penggalaman"}},{"type":"Feature","geometry":{"type":"Polygon","coordinates":[[[114.7785,-3.3095],[114.7695,-3.3125],[114.769,-3.315],[114.771,-3.3155],[114.7795,-3.313],[114.7785,-3.3095]]]},"properties":{"code":"63.03.14.2006","name":"Keliling Benteng Ulu"}},{"type":"Feature","geometry":{"type":"Polygon","coordinates":[[[114.7765,-3.3025],[114.7775,-3.302],[114.7805,-3.2955],[114.7815,-3.2935],[114.7795,-3.279],[114.7735,-3.292],[114.7635,-3.29],[114.7635,-3.292],[114.7665,-3.302],[114.7665,-3.3035],[114.7765,-3.3025]]]},"properties":{"code":"63.03.14.2007","name":"Antasan Sutun"}},{"type":"Feature","geometry":{"type":"Polygon","coordinates":[[[114.831,-3.281],[114.8195,-3.274],[114.813,-3.285],[114.806,-3.3105],[114.8035,-3.316],[114.7875,-3.326],[114.776,-3.356],[114.777,-3.3585],[114.8015,-3.3375],[114.8,-3.3315],[114.8115,-3.322],[114.828,-3.3015],[114.8325,-3.2955],[114.833,-3.2955],[114.8385,-3.286],[114.831,-3.281]]]},"properties":{"code":"63.03.14.2008","name":"Sungai Rangas Ulu"}},{"type":"Feature","geometry":{"type":"Polygon","coordinates":[[[114.806,-3.3105],[114.8015,-3.3085],[114.798,-3.3105],[114.7835,-3.3165],[114.778,-3.3245],[114.7725,-3.3215],[114.7695,-3.3325],[114.776,-3.356],[114.7875,-3.326],[114.8035,-3.316],[114.806,-3.3105]]]},"properties":{"code":"63.03.14.2009","name":"Sungai Rangas Hambuku"}},{"type":"Feature","geometry":{"type":"Polygon","coordinates":[[[114.7765,-3.3025],[114.7665,-3.3035],[114.762,-3.306],[114.752,-3.314],[114.751,-3.3145],[114.745,-3.3225],[114.743,-3.323],[114.742,-3.323],[114.741,-3.323],[114.7405,-3.3275],[114.741,-3.328],[114.7465,-3.325],[114.757,-3.3165],[114.7695,-3.3125],[114.7785,-3.3095],[114.7775,-3.303],[114.7765,-3.3025]]]},"properties":{"code":"63.03.14.2010","name":"Keliling Benteng Tengah"}},{"type":"Feature","geometry":{"type":"Polygon","coordinates":[[[114.8335,-3.376],[114.82,-3.374],[114.813,-3.3805],[114.811,-3.381],[114.811,-3.383],[114.81,-3.3845],[114.8365,-3.381],[114.8355,-3.3775],[114.8335,-3.376]]]},"properties":{"code":"63.03.14.2011","name":"Teluk Selong Ulu"}},{"type":"Feature","geometry":{"type":"Polygon","coordinates":[[[114.8445,-3.3465],[114.8425,-3.341],[114.84,-3.3375],[114.8405,-3.336],[114.8315,-3.3455],[114.827,-3.3485],[114.8245,-3.3535],[114.8175,-3.3625],[114.812,-3.373],[114.824,-3.365],[114.8235,-3.3635],[114.823,-3.3615],[114.833,-3.3535],[114.8365,-3.353],[114.8445,-3.3465]]]},"properties":{"code":"63.03.14.2012","name":"Tangkas"}},{"type":"Feature","geometry":{"type":"Polygon","coordinates":[[[114.771,-3.3155],[114.769,-3.315],[114.7645,-3.3165],[114.778,-3.3245],[114.7835,-3.3165],[114.7805,-3.318],[114.771,-3.3155]]]},"properties":{"code":"63.03.14.2013","name":"Sungai Rangas Tengah"}},{"type":"Feature","geometry":{"type":"Polygon","coordinates":[[[114.8405,-3.391],[114.8405,-3.3905],[114.8385,-3.3915],[114.833,-3.397],[114.834,-3.398],[114.837,-3.4005],[114.844,-3.397],[114.8405,-3.391]]]},"properties":{"code":"63.03.15.2001","name":"Pekauman"}},{"type":"Feature","geometry":{"type":"Polygon","coordinates":[[[114.839,-3.3875],[114.837,-3.3815],[114.826,-3.384],[114.83,-3.3925],[114.8325,-3.3905],[114.837,-3.388],[114.839,-3.3875]]]},"properties":{"code":"63.03.15.2002","name":"Keramat"}},{"type":"Feature","geometry":{"type":"Polygon","coordinates":[[[114.864,-3.404],[114.861,-3.3985],[114.8585,-3.393],[114.858,-3.3915],[114.857,-3.3905],[114.8565,-3.3905],[114.8545,-3.3905],[114.852,-3.392],[114.8505,-3.4025],[114.8615,-3.404],[114.864,-3.404]]]},"properties":{"code":"63.03.15.2003","name":"Antasan Senor"}},{"type":"Feature","geometry":{"type":"Polygon","coordinates":[[[114.8695,-3.386],[114.868,-3.3865],[114.8625,-3.388],[114.8665,-3.391],[114.8685,-3.392],[114.8695,-3.394],[114.871,-3.394],[114.8715,-3.3945],[114.8725,-3.3955],[114.8735,-3.394],[114.877,-3.3915],[114.8695,-3.386]]]},"properties":{"code":"63.03.15.2004","name":"Tambak Anyar"}},{"type":"Feature","geometry":{"type":"Polygon","coordinates":[[[114.865,-3.377],[114.864,-3.3765],[114.8625,-3.3765],[114.862,-3.376],[114.86,-3.377],[114.86,-3.3765],[114.86,-3.3805],[114.859,-3.3805],[114.858,-3.3785],[114.856,-3.3795],[114.8555,-3.3785],[114.855,-3.378],[114.85,-3.378],[114.843,-3.389],[114.8405,-3.391],[114.844,-3.3965],[114.851,-3.392],[114.8515,-3.392],[114.8545,-3.3905],[114.8565,-3.3905],[114.8585,-3.39],[114.863,-3.388],[114.8625,-3.3805],[114.8645,-3.377],[114.865,-3.377]]]},"properties":{"code":"63.03.15.2005","name":"Melayu"}},{"type":"Feature","geometry":{"type":"Polygon","coordinates":[[[114.855,-3.378],[114.8505,-3.368],[114.8495,-3.367],[114.848,-3.3685],[114.8455,-3.369],[114.8365,-3.378],[114.844,-3.3785],[114.851,-3.378],[114.855,-3.378]]]},"properties":{"code":"63.03.15.2006","name":"Melayu Ilir"}},{"type":"Feature","geometry":{"type":"Polygon","coordinates":[[[114.8485,-3.3595],[114.8445,-3.3465],[114.8365,-3.353],[114.8345,-3.3535],[114.836,-3.3595],[114.8365,-3.3615],[114.8395,-3.3635],[114.8435,-3.3635],[114.8445,-3.3645],[114.8465,-3.369],[114.848,-3.3685],[114.8495,-3.367],[114.851,-3.3665],[114.851,-3.3645],[114.8485,-3.3595]]]},"properties":{"code":"63.03.15.2007","name":"Akar Bagantung"}},{"type":"Feature","geometry":{"type":"Polygon","coordinates":[[[114.8385,-3.363],[114.8365,-3.3615],[114.836,-3.3605],[114.8295,-3.3655],[114.8275,-3.368],[114.8295,-3.3715],[114.8315,-3.3725],[114.8385,-3.363]]]},"properties":{"code":"63.03.15.2008","name":"Dalam Pagar"}},{"type":"Feature","geometry":{"type":"Polygon","coordinates":[[[114.8795,-3.38],[114.8725,-3.3775],[114.8695,-3.386],[114.877,-3.3915],[114.8825,-3.388],[114.888,-3.3845],[114.888,-3.3835],[114.8795,-3.38]]]},"properties":{"code":"63.03.15.2009","name":"Tambak Anyar Ulu"}},{"type":"Feature","geometry":{"type":"Polygon","coordinates":[[[114.8695,-3.376],[114.866,-3.3765],[114.8645,-3.377],[114.8625,-3.3805],[114.863,-3.388],[114.868,-3.3865],[114.8695,-3.386],[114.8725,-3.3775],[114.8695,-3.376]]]},"properties":{"code":"63.03.15.2010","name":"Pematang Baru"}},{"type":"Feature","geometry":{"type":"Polygon","coordinates":[[[114.8365,-3.378],[114.836,-3.3775],[114.839,-3.3875],[114.8395,-3.3895],[114.8405,-3.391],[114.843,-3.389],[114.85,-3.378],[114.844,-3.3785],[114.8365,-3.378]]]},"properties":{"code":"63.03.15.2011","name":"Melayu Tengah"}},{"type":"Feature","geometry":{"type":"Polygon","coordinates":[[[114.8465,-3.369],[114.8445,-3.3645],[114.8435,-3.3635],[114.8395,-3.3635],[114.8385,-3.363],[114.836,-3.3775],[114.8365,-3.378],[114.8455,-3.369],[114.8465,-3.369]]]},"properties":{"code":"63.03.15.2012","name":"Akar Baru"}},{"type":"Feature","geometry":{"type":"Polygon","coordinates":[[[114.836,-3.3775],[114.8385,-3.363],[114.8315,-3.3725],[114.833,-3.375],[114.8335,-3.376],[114.8355,-3.3775],[114.836,-3.3775]]]},"properties":{"code":"63.03.15.2013","name":"Dalam Pagar Ulu"}},{"type":"Feature","geometry":{"type":"Polygon","coordinates":[[[114.846,-3.4],[114.844,-3.397],[114.84,-3.399],[114.8415,-3.4005],[114.8435,-3.3995],[114.846,-3.4015],[114.8465,-3.401],[114.846,-3.4]]]},"properties":{"code":"63.03.15.2014","name":"Pekauman Ulu"}},{"type":"Feature","geometry":{"type":"Polygon","coordinates":[[[114.851,-3.392],[114.844,-3.3965],[114.846,-3.4],[114.851,-3.392]]]},"properties":{"code":"63.03.15.2015","name":"Mekar"}},{"type":"Feature","geometry":{"type":"Polygon","coordinates":[[[114.8725,-3.3955],[114.8715,-3.3945],[114.871,-3.394],[114.8695,-3.394],[114.8685,-3.392],[114.8665,-3.391],[114.8625,-3.388],[114.8585,-3.39],[114.857,-3.3905],[114.858,-3.3915],[114.8585,-3.393],[114.861,-3.3985],[114.864,-3.404],[114.867,-3.4025],[114.8705,-3.398],[114.8725,-3.3955]]]},"properties":{"code":"63.03.15.2016","name":"Tambak Anyar Ilir"}},{"type":"Feature","geometry":{"type":"Polygon","coordinates":[[[114.836,-3.3605],[114.836,-3.3595],[114.8345,-3.3535],[114.833,-3.3535],[114.823,-3.3615],[114.824,-3.3645],[114.824,-3.365],[114.8245,-3.3645],[114.8275,-3.368],[114.8295,-3.3655],[114.836,-3.3605]]]},"properties":{"code":"63.03.15.2017","name":"Sungai Kitano"}},{"type":"Feature","geometry":{"type":"Polygon","coordinates":[[[114.8395,-3.3895],[114.839,-3.3875],[114.837,-3.388],[114.8325,-3.3905],[114.83,-3.3925],[114.83,-3.393],[114.8395,-3.3895]]]},"properties":{"code":"63.03.15.2018","name":"Keramat Baru"}},{"type":"Feature","geometry":{"type":"Polygon","coordinates":[[[114.8395,-3.3895],[114.83,-3.393],[114.833,-3.397],[114.8385,-3.3915],[114.8405,-3.3905],[114.8395,-3.3895]]]},"properties":{"code":"63.03.15.2019","name":"Pekauman Dalam"}},{"type":"Feature","geometry":{"type":"Polygon","coordinates":[[[114.8505,-3.4025],[114.852,-3.392],[114.8515,-3.392],[114.851,-3.392],[114.846,-3.4],[114.8465,-3.4005],[114.8475,-3.403],[114.8485,-3.403],[114.85,-3.4025],[114.8505,-3.4025]]]},"properties":{"code":"63.03.15.2020","name":"Antasan Senor Ilir"}},{"type":"Feature","geometry":{"type":"Polygon","coordinates":[[[115.117,-3.2285],[115.105,-3.2315],[115.0995,-3.233],[115.0835,-3.235],[115.0815,-3.235],[115.078,-3.2575],[115.0925,-3.259],[115.094,-3.2595],[115.1075,-3.245],[115.117,-3.2285]]]},"properties":{"code":"63.03.16.2001","name":"Madurejo"}},{"type":"Feature","geometry":{"type":"Polygon","coordinates":[[[115.1395,-3.218],[115.1395,-3.211],[115.1255,-3.206],[115.1235,-3.206],[115.117,-3.2285],[115.122,-3.2415],[115.123,-3.2435],[115.1355,-3.229],[115.136,-3.2195],[115.1385,-3.2185],[115.1395,-3.218]]]},"properties":{"code":"63.03.16.2002","name":"Baliangin"}},{"type":"Feature","geometry":{"type":"Polygon","coordinates":[[[115.1,-3.1895],[115.097,-3.188],[115.0915,-3.1975],[115.0825,-3.222],[115.079,-3.2345],[115.0835,-3.235],[115.0995,-3.233],[115.105,-3.2315],[115.117,-3.2285],[115.1235,-3.206],[115.123,-3.205],[115.119,-3.195],[115.1185,-3.1945],[115.1,-3.1895]]]},"properties":{"code":"63.03.16.2003","name":"Gunung Batu"}},{"type":"Feature","geometry":{"type":"Polygon","coordinates":[[[115.179,-3.1625],[115.176,-3.1625],[115.175,-3.1635],[115.1715,-3.1705],[115.171,-3.1715],[115.1705,-3.1745],[115.1685,-3.179],[115.1655,-3.188],[115.165,-3.187],[115.164,-3.188],[115.1485,-3.1855],[115.1455,-3.19],[115.123,-3.196],[115.119,-3.195],[115.123,-3.205],[115.1255,-3.206],[115.1395,-3.211],[115.1395,-3.218],[115.1415,-3.219],[115.1505,-3.2245],[115.1505,-3.2255],[115.1505,-3.2265],[115.1505,-3.227],[115.151,-3.2275],[115.152,-3.226],[115.1665,-3.221],[115.167,-3.2215],[115.168,-3.222],[115.1685,-3.222],[115.1765,-3.21],[115.1755,-3.194],[115.179,-3.1625]]]},"properties":{"code":"63.03.16.2004","name":"Batang Banyu"}},{"type":"Feature","geometry":{"type":"Polygon","coordinates":[[[115.169,-3.2215],[115.1685,-3.222],[115.168,-3.222],[115.167,-3.2215],[115.1665,-3.221],[115.152,-3.226],[115.151,-3.2275],[115.1505,-3.227],[115.1505,-3.2265],[115.1505,-3.2255],[115.1505,-3.2245],[115.1415,-3.219],[115.1385,-3.2185],[115.136,-3.2195],[115.1395,-3.221],[115.1415,-3.2205],[115.1435,-3.2225],[115.1465,-3.2265],[115.1475,-3.228],[115.148,-3.2295],[115.147,-3.2515],[115.1505,-3.2525],[115.152,-3.2535],[115.1625,-3.252],[115.1685,-3.25],[115.171,-3.247],[115.175,-3.2415],[115.1885,-3.234],[115.1865,-3.224],[115.187,-3.22],[115.1865,-3.22],[115.1855,-3.22],[115.1845,-3.2185],[115.1795,-3.219],[115.171,-3.2215],[115.17,-3.2215],[115.169,-3.2215]]]},"properties":{"code":"63.03.16.2005","name":"Sungai Lurus"}},{"type":"Feature","geometry":{"type":"Polygon","coordinates":[[[115.123,-3.2435],[115.122,-3.2415],[115.117,-3.2285],[115.1075,-3.245],[115.094,-3.2595],[115.0945,-3.2625],[115.0895,-3.2715],[115.0905,-3.2725],[115.091,-3.275],[115.0925,-3.2765],[115.094,-3.278],[115.0935,-3.279],[115.096,-3.278],[115.0975,-3.2775],[115.1,-3.2715],[115.11,-3.257],[115.1195,-3.248],[115.123,-3.246],[115.123,-3.2435]]]},"properties":{"code":"63.03.16.2006","name":"Batu Tanam"}},{"type":"Feature","geometry":{"type":"Polygon","coordinates":[[[115.1865,-3.1625],[115.186,-3.162],[115.184,-3.161],[115.183,-3.1615],[115.18,-3.1615],[115.179,-3.1625],[115.1755,-3.194],[115.1765,-3.21],[115.169,-3.2215],[115.17,-3.2215],[115.171,-3.2215],[115.1795,-3.219],[115.1845,-3.2185],[115.1855,-3.22],[115.1865,-3.22],[115.187,-3.22],[115.187,-3.2185],[115.1905,-3.2055],[115.2045,-3.2015],[115.1995,-3.1975],[115.2,-3.175],[115.2005,-3.1745],[115.2,-3.1745],[115.198,-3.1745],[115.1975,-3.1735],[115.1865,-3.1625]]]},"properties":{"code":"63.03.16.2007","name":"Pasar Baru"}},{"type":"Feature","geometry":{"type":"Polygon","coordinates":[[[115.5555,-2.831],[115.543,-2.8335],[115.541,-2.8465],[115.5265,-2.863],[115.5235,-2.8715],[115.5125,-2.885],[115.506,-2.8865],[115.495,-2.911],[115.4855,-2.9175],[115.4775,-2.9405],[115.4655,-2.941],[115.457,-2.9515],[115.4725,-2.9655],[115.489,-2.9885],[115.512,-3.0085],[115.5125,-3.008],[115.522,-3.0035],[115.5275,-2.9875],[115.5275,-2.984],[115.5445,-2.9775],[115.5575,-2.9845],[115.554,-2.9445],[115.5685,-2.941],[115.577,-2.931],[115.581,-2.92],[115.5815,-2.9115],[115.595,-2.889],[115.5775,-2.8835],[115.5715,-2.8515],[115.5555,-2.8345],[115.5555,-2.831]]]},"properties":{"code":"63.03.17.2001","name":"Paramasan Atas"}},{"type":"Feature","geometry":{"type":"Polygon","coordinates":[[[115.512,-3.0085],[115.489,-2.9885],[115.4725,-2.9655],[115.457,-2.9515],[115.456,-2.953],[115.4465,-2.957],[115.4385,-2.969],[115.435,-2.977],[115.4125,-2.982],[115.4035,-2.9935],[115.393,-2.99],[115.3875,-2.979],[115.378,-2.9775],[115.3665,-2.9805],[115.371,-2.989],[115.375,-3.002],[115.375,-3.013],[115.3685,-3.039],[115.362,-3.057],[115.393,-3.0745],[115.3955,-3.0825],[115.388,-3.098],[115.4005,-3.1015],[115.4175,-3.096],[115.4285,-3.0985],[115.435,-3.119],[115.437,-3.119],[115.4375,-3.118],[115.4385,-3.118],[115.453,-3.1185],[115.4565,-3.1105],[115.4695,-3.1115],[115.4715,-3.113],[115.472,-3.1125],[115.471,-3.1095],[115.477,-3.1055],[115.4795,-3.1025],[115.48,-3.1015],[115.481,-3.099],[115.479,-3.096],[115.4795,-3.0955],[115.486,-3.095],[115.4875,-3.096],[115.4885,-3.093],[115.4895,-3.09],[115.4915,-3.087],[115.4915,-3.0865],[115.4865,-3.086],[115.484,-3.0625],[115.486,-3.0635],[115.494,-3.059],[115.4955,-3.059],[115.496,-3.0565],[115.499,-3.044],[115.513,-3.039],[115.519,-3.03],[115.52,-3.0285],[115.5205,-3.028],[115.518,-3.024],[115.518,-3.0235],[115.519,-3.0235],[115.519,-3.023],[115.518,-3.0225],[115.5115,-3.0105],[115.512,-3.0095],[115.512,-3.0085]]]},"properties":{"code":"63.03.17.2002","name":"Paramasan Bawah"}},{"type":"Feature","geometry":{"type":"Polygon","coordinates":[[[115.3665,-2.9805],[115.363,-2.9815],[115.3395,-2.965],[115.3225,-2.969],[115.3155,-2.9725],[115.313,-2.982],[115.297,-2.9915],[115.283,-2.994],[115.283,-2.9955],[115.2665,-3.0095],[115.2605,-3.0285],[115.255,-3.03],[115.2385,-3.048],[115.2335,-3.047],[115.2385,-3.05],[115.243,-3.047],[115.2515,-3.057],[115.268,-3.067],[115.2815,-3.0825],[115.2765,-3.101],[115.288,-3.09],[115.289,-3.0805],[115.3275,-3.088],[115.3425,-3.106],[115.3535,-3.107],[115.3565,-3.0735],[115.362,-3.057],[115.3685,-3.039],[115.375,-3.013],[115.375,-3.002],[115.371,-2.989],[115.3665,-2.9805]]]},"properties":{"code":"63.03.17.2003","name":"Remo"}},{"type":"Feature","geometry":{"type":"Polygon","coordinates":[[[115.435,-3.119],[115.4285,-3.0985],[115.4175,-3.096],[115.4005,-3.1015],[115.388,-3.098],[115.3955,-3.0825],[115.393,-3.0745],[115.362,-3.057],[115.3565,-3.0735],[115.3535,-3.107],[115.3525,-3.1165],[115.351,-3.117],[115.3505,-3.1185],[115.351,-3.1205],[115.3535,-3.1235],[115.367,-3.1275],[115.387,-3.144],[115.3935,-3.1615],[115.4075,-3.1815],[115.4135,-3.205],[115.4175,-3.2085],[115.419,-3.2065],[115.4245,-3.2015],[115.4245,-3.2],[115.422,-3.191],[115.423,-3.1455],[115.431,-3.1345],[115.4325,-3.132],[115.4345,-3.119],[115.435,-3.119]]]},"properties":{"code":"63.03.17.2004","name":"Angkipih"}},{"type":"Feature","geometry":{"type":"Polygon","coordinates":[[[115.2605,-3.063],[115.2515,-3.057],[115.243,-3.047],[115.2385,-3.05],[115.2335,-3.047],[115.2165,-3.0475],[115.204,-3.062],[115.2045,-3.0735],[115.2025,-3.076],[115.2285,-3.0965],[115.2435,-3.0995],[115.244,-3.0975],[115.2445,-3.0965],[115.245,-3.0965],[115.2485,-3.0875],[115.2605,-3.063]]]},"properties":{"code":"63.03.18.2001","name":"Rantau Bujur"}},{"type":"Feature","geometry":{"type":"Polygon","coordinates":[[[115.2765,-3.101],[115.263,-3.093],[115.246,-3.0955],[115.2445,-3.0965],[115.244,-3.0975],[115.2435,-3.101],[115.24,-3.108],[115.229,-3.1345],[115.2355,-3.136],[115.242,-3.135],[115.2555,-3.135],[115.2715,-3.1175],[115.277,-3.106],[115.2765,-3.101]]]},"properties":{"code":"63.03.18.2002","name":"Lok Tanah"}},{"type":"Feature","geometry":{"type":"Polygon","coordinates":[[[115.2435,-3.0995],[115.2285,-3.0965],[115.2025,-3.076],[115.199,-3.0805],[115.1845,-3.0975],[115.1805,-3.1025],[115.168,-3.1145],[115.177,-3.119],[115.181,-3.1305],[115.201,-3.129],[115.2185,-3.127],[115.228,-3.134],[115.229,-3.1345],[115.24,-3.108],[115.2435,-3.101],[115.2435,-3.0995]]]},"properties":{"code":"63.03.18.2003","name":"Telaga Baru"}},{"type":"Feature","geometry":{"type":"Polygon","coordinates":[[[115.2765,-3.101],[115.2815,-3.0825],[115.268,-3.067],[115.2605,-3.063],[115.2485,-3.0875],[115.245,-3.0965],[115.246,-3.0955],[115.263,-3.093],[115.2765,-3.101]]]},"properties":{"code":"63.03.18.2004","name":"Rampah"}},{"type":"Feature","geometry":{"type":"Polygon","coordinates":[[[114.5605,-3.429],[114.5695,-3.4115],[114.559,-3.4115],[114.552,-3.413],[114.5505,-3.4245],[114.555,-3.4295],[114.5605,-3.429]]]},"properties":{"code":"63.03.19.2001","name":"Tatah Bangkal"}},{"type":"Feature","geometry":{"type":"Polygon","coordinates":[[[114.566,-3.394],[114.555,-3.4125],[114.559,-3.4115],[114.5695,-3.4115],[114.5755,-3.401],[114.576,-3.3995],[114.566,-3.394]]]},"properties":{"code":"63.03.19.2002","name":"Bangkal Tengah"}},{"type":"Feature","geometry":{"type":"Polygon","coordinates":[[[114.581,-3.401],[114.5765,-3.3985],[114.5755,-3.401],[114.5605,-3.429],[114.5705,-3.439],[114.5745,-3.439],[114.579,-3.4375],[114.579,-3.4355],[114.5795,-3.435],[114.58,-3.434],[114.5775,-3.433],[114.579,-3.4315],[114.572,-3.4175],[114.581,-3.401]]]},"properties":{"code":"63.03.19.2003","name":"Layap Baru"}},{"type":"Feature","geometry":{"type":"Polygon","coordinates":[[[114.5985,-3.3675],[114.5955,-3.367],[114.59,-3.3755],[114.586,-3.382],[114.58,-3.392],[114.5765,-3.3985],[114.581,-3.401],[114.594,-3.3835],[114.5985,-3.3675]]]},"properties":{"code":"63.03.19.2004","name":"Tatah Layap"}},{"type":"Feature","geometry":{"type":"Polygon","coordinates":[[[114.58,-3.392],[114.5695,-3.387],[114.568,-3.39],[114.566,-3.394],[114.576,-3.3995],[114.58,-3.392]]]},"properties":{"code":"63.03.19.2005","name":"Mekar Sari"}},{"type":"Feature","geometry":{"type":"Polygon","coordinates":[[[114.5795,-3.3795],[114.5665,-3.3735],[114.5705,-3.3855],[114.5695,-3.387],[114.58,-3.392],[114.586,-3.382],[114.5795,-3.3795]]]},"properties":{"code":"63.03.19.2006","name":"Pandan Sari"}},{"type":"Feature","geometry":{"type":"Polygon","coordinates":[[[114.588,-3.4075],[114.587,-3.407],[114.579,-3.4315],[114.5775,-3.433],[114.58,-3.434],[114.5795,-3.435],[114.579,-3.4355],[114.579,-3.4375],[114.5855,-3.436],[114.585,-3.425],[114.587,-3.4225],[114.586,-3.4225],[114.5865,-3.4145],[114.587,-3.4125],[114.588,-3.4075]]]},"properties":{"code":"63.03.19.2007","name":"Tampang Awang"}},{"type":"Feature","geometry":{"type":"Polygon","coordinates":[[[114.5985,-3.4225],[114.592,-3.4255],[114.588,-3.4255],[114.5885,-3.423],[114.587,-3.4225],[114.585,-3.425],[114.5855,-3.436],[114.593,-3.434],[114.599,-3.4335],[114.5995,-3.4305],[114.5985,-3.4225]]]},"properties":{"code":"63.03.19.2008","name":"Pemangkih Darat"}},{"type":"Feature","geometry":{"type":"Polygon","coordinates":[[[114.5895,-3.4075],[114.588,-3.4075],[114.587,-3.4125],[114.5865,-3.4145],[114.586,-3.4225],[114.5885,-3.423],[114.588,-3.4255],[114.592,-3.4255],[114.5985,-3.4225],[114.598,-3.4175],[114.5895,-3.4075]]]},"properties":{"code":"63.03.19.2009","name":"Pemangkih Baru"}},{"type":"Feature","geometry":{"type":"Polygon","coordinates":[[[114.6045,-3.3935],[114.591,-3.391],[114.592,-3.389],[114.5905,-3.3885],[114.586,-3.3945],[114.589,-3.3955],[114.5915,-3.3965],[114.5935,-3.404],[114.6015,-3.4065],[114.6035,-3.411],[114.6065,-3.4205],[114.6075,-3.4305],[114.611,-3.43],[114.611,-3.4285],[114.611,-3.4215],[114.611,-3.4205],[114.609,-3.414],[114.608,-3.4015],[114.605,-3.3955],[114.6045,-3.3935]]]},"properties":{"code":"63.03.19.2010","name":"Pemangkih Tengah"}},{"type":"Feature","geometry":{"type":"Polygon","coordinates":[[[114.5935,-3.404],[114.5895,-3.4075],[114.598,-3.4175],[114.602,-3.4155],[114.605,-3.4155],[114.6015,-3.4065],[114.5935,-3.404]]]},"properties":{"code":"63.03.19.2011","name":"Tatah Jaruju"}},{"type":"Feature","geometry":{"type":"Polygon","coordinates":[[[114.6085,-3.4305],[114.6075,-3.4305],[114.6065,-3.4205],[114.605,-3.4155],[114.602,-3.4155],[114.598,-3.4175],[114.5995,-3.4305],[114.599,-3.4335],[114.6085,-3.4325],[114.6085,-3.4305]]]},"properties":{"code":"63.03.19.2012","name":"Jaruju Laut"}},{"type":"Feature","geometry":{"type":"Polygon","coordinates":[[[114.5935,-3.404],[114.5915,-3.3965],[114.589,-3.3955],[114.586,-3.3945],[114.581,-3.401],[114.572,-3.4175],[114.579,-3.4315],[114.587,-3.407],[114.5895,-3.4075],[114.5935,-3.404]]]},"properties":{"code":"63.03.19.2013","name":"Thaibah Raya"}},{"type":"Feature","geometry":{"type":"Polygon","coordinates":[[[115.0285,-3.1915],[115.027,-3.1905],[115.01,-3.1965],[115.0165,-3.2045],[115.016,-3.2235],[115.0025,-3.2255],[115.0015,-3.2425],[115.0095,-3.2425],[115.0095,-3.244],[115.013,-3.2435],[115.012,-3.243],[115.0445,-3.248],[115.0435,-3.231],[115.044,-3.229],[115.05,-3.2185],[115.05,-3.217],[115.0515,-3.211],[115.05,-3.209],[115.0475,-3.2065],[115.045,-3.206],[115.0285,-3.1915]]]},"properties":{"code":"63.03.20.2001","name":"Keramat Mina"}},{"type":"Feature","geometry":{"type":"Polygon","coordinates":[[[114.989,-3.1145],[114.985,-3.112],[114.9965,-3.178],[115.01,-3.1965],[115.027,-3.1905],[115.006,-3.1745],[115.0005,-3.1405],[115.001,-3.128],[114.989,-3.1145]]]},"properties":{"code":"63.03.20.2002","name":"Garis Hanyar"}},{"type":"Feature","geometry":{"type":"Polygon","coordinates":[[[114.97,-3.1025],[114.9695,-3.102],[114.9695,-3.1445],[114.9795,-3.194],[114.967,-3.1935],[114.9425,-3.213],[114.954,-3.227],[114.9805,-3.229],[114.98,-3.2445],[114.992,-3.243],[115.0015,-3.2425],[115.0025,-3.2255],[115.016,-3.2235],[115.0165,-3.2045],[115.01,-3.1965],[114.9965,-3.178],[114.985,-3.112],[114.97,-3.1025]]]},"properties":{"code":"63.03.20.2003","name":"Cintapuri"}},{"type":"Feature","geometry":{"type":"Polygon","coordinates":[[[114.98,-3.2445],[114.9805,-3.229],[114.954,-3.227],[114.9425,-3.213],[114.921,-3.2245],[114.931,-3.2485],[114.937,-3.2585],[114.957,-3.2595],[114.976,-3.2525],[114.98,-3.2445]]]},"properties":{"code":"63.03.20.2004","name":"Surian Hanyar"}},{"type":"Feature","geometry":{"type":"Polygon","coordinates":[[[114.9695,-3.102],[114.953,-3.092],[114.934,-3.0795],[114.9335,-3.126],[114.9315,-3.203],[114.9425,-3.213],[114.967,-3.1935],[114.9795,-3.194],[114.9695,-3.1445],[114.9695,-3.102]]]},"properties":{"code":"63.03.20.2005","name":"Benua Anyar"}},{"type":"Feature","geometry":{"type":"Polygon","coordinates":[[[114.914,-3.0665],[114.903,-3.06],[114.897,-3.056],[114.8965,-3.157],[114.8785,-3.186],[114.878,-3.205],[114.8685,-3.205],[114.87,-3.219],[114.877,-3.2605],[114.88,-3.262],[114.881,-3.26],[114.8825,-3.261],[114.929,-3.2495],[114.9315,-3.2495],[114.931,-3.2485],[114.921,-3.2245],[114.9425,-3.213],[114.9315,-3.203],[114.9335,-3.126],[114.934,-3.0795],[114.914,-3.0665]]]},"properties":{"code":"63.03.20.2006","name":"Alalak Padang"}},{"type":"Feature","geometry":{"type":"Polygon","coordinates":[[[114.883,-3.0465],[114.8285,-3.0155],[114.8305,-3.0945],[114.869,-3.064],[114.869,-3.1365],[114.8255,-3.165],[114.821,-3.1895],[114.822,-3.2005],[114.82,-3.201],[114.8205,-3.206],[114.8345,-3.21],[114.845,-3.2075],[114.8465,-3.2215],[114.87,-3.219],[114.8685,-3.205],[114.878,-3.205],[114.8785,-3.186],[114.8965,-3.157],[114.897,-3.056],[114.8945,-3.0545],[114.883,-3.0465]]]},"properties":{"code":"63.03.20.2007","name":"Makmur Karya"}},{"type":"Feature","geometry":{"type":"Polygon","coordinates":[[[114.82,-3.201],[114.817,-3.2015],[114.8065,-3.2045],[114.7935,-3.2045],[114.7935,-3.202],[114.7915,-3.202],[114.79,-3.2025],[114.7885,-3.207],[114.788,-3.2085],[114.787,-3.2105],[114.789,-3.22],[114.7755,-3.231],[114.7635,-3.231],[114.761,-3.2475],[114.7605,-3.251],[114.7625,-3.26],[114.7625,-3.283],[114.7635,-3.29],[114.7735,-3.292],[114.7795,-3.279],[114.8005,-3.2635],[114.7985,-3.23],[114.79,-3.2205],[114.8105,-3.206],[114.8205,-3.206],[114.82,-3.201]]]},"properties":{"code":"63.03.20.2008","name":"Simpang Lima"}},{"type":"Feature","geometry":{"type":"Polygon","coordinates":[[[114.8465,-3.2215],[114.845,-3.2075],[114.8345,-3.21],[114.8205,-3.206],[114.823,-3.2275],[114.8195,-3.2435],[114.8355,-3.241],[114.8425,-3.2425],[114.8505,-3.2415],[114.8465,-3.2215]]]},"properties":{"code":"63.03.20.2009","name":"Karya Makmur"}},{"type":"Feature","geometry":{"type":"Polygon","coordinates":[[[114.8205,-3.206],[114.8105,-3.206],[114.79,-3.2205],[114.7985,-3.23],[114.8005,-3.2635],[114.7795,-3.279],[114.7815,-3.2935],[114.7805,-3.2955],[114.7775,-3.302],[114.7765,-3.3025],[114.7775,-3.303],[114.7785,-3.307],[114.7845,-3.3035],[114.795,-3.3065],[114.8,-3.308],[114.806,-3.3105],[114.813,-3.285],[114.8195,-3.274],[114.831,-3.281],[114.84,-3.266],[114.8405,-3.2655],[114.8385,-3.2645],[114.839,-3.242],[114.8355,-3.241],[114.8195,-3.2435],[114.823,-3.2275],[114.8205,-3.206]]]},"properties":{"code":"63.03.20.2010","name":"Sindang Jaya"}},{"type":"Feature","geometry":{"type":"Polygon","coordinates":[[[114.8775,-3.2605],[114.877,-3.2605],[114.87,-3.219],[114.8465,-3.2215],[114.8505,-3.2415],[114.8425,-3.2425],[114.839,-3.242],[114.8385,-3.2645],[114.8445,-3.268],[114.853,-3.266],[114.8775,-3.2605]]]},"properties":{"code":"63.03.20.2011","name":"Sumber Sari"}}]}