{"type":"FeatureCollection","features":[{"type":"Feature","geometry":{"type":"Polygon","coordinates":[[[115.597,-0.0125],[115.5935,-0.008],[115.535,-0.0085],[115.532,-0.022],[115.537,-0.026],[115.5405,-0.0265],[115.5425,-0.028],[115.544,-0.031],[115.5465,-0.0345],[115.5565,-0.0305],[115.56,-0.032],[115.5645,-0.0365],[115.565,-0.0375],[115.6025,-0.048],[115.602,-0.0425],[115.6045,-0.034],[115.608,-0.031],[115.6015,-0.018],[115.597,-0.0125]]]},"properties":{"code":"64.07.05.2008","name":"Linggang Muara Leban"}},{"type":"Feature","geometry":{"type":"Polygon","coordinates":[[[115.6245,-0.017],[115.6135,-0.0225],[115.6075,-0.0215],[115.6045,-0.0225],[115.604,-0.023],[115.608,-0.031],[115.6125,-0.028],[115.6245,-0.017]]]},"properties":{"code":"64.07.05.2009","name":"Long Iram Seberang"}},{"type":"Feature","geometry":{"type":"Polygon","coordinates":[[[115.6385,-0.0265],[115.6345,-0.03],[115.6175,-0.024],[115.6125,-0.028],[115.6045,-0.034],[115.614,-0.04],[115.6415,-0.0395],[115.6415,-0.0385],[115.639,-0.0275],[115.6385,-0.0265]]]},"properties":{"code":"64.07.05.2010","name":"Long Iram Ilir"}},{"type":"Feature","geometry":{"type":"Polygon","coordinates":[[[115.6415,-0.0395],[115.614,-0.04],[115.6045,-0.034],[115.602,-0.0425],[115.603,-0.05],[115.605,-0.053],[115.6185,-0.0575],[115.6235,-0.0555],[115.6305,-0.0575],[115.6365,-0.0545],[115.6405,-0.051],[115.6415,-0.0425],[115.6415,-0.0395]]]},"properties":{"code":"64.07.05.2011","name":"Anah"}},{"type":"Feature","geometry":{"type":"Polygon","coordinates":[[[115.644,0.016],[115.644,0.054],[115.632,0.0515],[115.6255,0.047],[115.6145,0.047],[115.611,0.042],[115.61,0.0425],[115.6095,0.0435],[115.6105,0.015],[115.6195,0.012],[115.6245,-0.007],[115.632,-0.008],[115.635,-0.0025],[115.635,0.0015],[115.6415,0.014],[115.644,0.016]]]},"properties":{"code":"64.07.05.2015","name":"Long Daliq"}},{"type":"Feature","geometry":{"type":"Polygon","coordinates":[[[115.6425,0.0145],[115.6415,0.014],[115.635,0.0015],[115.635,-0.0025],[115.632,-0.008],[115.6245,-0.017],[115.6175,-0.024],[115.6345,-0.03],[115.6385,-0.0265],[115.638,-0.025],[115.64,-0.0235],[115.642,-0.022],[115.6425,-0.022],[115.6435,-0.0205],[115.6365,-0.0075],[115.6425,0.0145]]]},"properties":{"code":"64.07.05.2016","name":"Long Iram Kota"}},{"type":"Feature","geometry":{"type":"Polygon","coordinates":[[[115.6245,-0.007],[115.599,-0.0005],[115.597,-0.0125],[115.6015,-0.018],[115.604,-0.023],[115.6045,-0.0225],[115.6075,-0.0215],[115.6135,-0.0225],[115.6245,-0.017],[115.632,-0.008],[115.6245,-0.007]]]},"properties":{"code":"64.07.05.2017","name":"Long Iram Bayan"}},{"type":"Feature","geometry":{"type":"Polygon","coordinates":[[[115.6095,0.0435],[115.5995,0.027],[115.587,0.016],[115.599,-0.0005],[115.6245,-0.007],[115.6195,0.012],[115.6105,0.015],[115.6095,0.0435]]]},"properties":{"code":"64.07.05.2018","name":"Keliwai"}},{"type":"Feature","geometry":{"type":"Polygon","coordinates":[[[115.644,0.07],[115.6375,0.1525],[115.635,0.151],[115.619,0.148],[115.6065,0.1405],[115.581,0.1455],[115.5745,0.1215],[115.5575,0.0965],[115.55,0.0945],[115.5425,0.0825],[115.5235,0.0795],[115.5205,0.07],[115.5115,0.063],[115.5045,0.063],[115.4615,0.0635],[115.4605,0.053],[115.447,0.0605],[115.4445,0.0615],[115.437,0.0615],[115.435,0.061],[115.434,0.0535],[115.4345,0.038],[115.4525,0.043],[115.463,0.038],[115.493,0.0375],[115.5005,0.028],[115.5175,0.0285],[115.5275,0.019],[115.532,0.034],[115.544,0.0345],[115.5475,0.0215],[115.5615,0.046],[115.5755,0.0445],[115.5775,0.019],[115.587,0.016],[115.5995,0.027],[115.6095,0.0435],[115.61,0.0425],[115.611,0.042],[115.6145,0.047],[115.6255,0.047],[115.632,0.0515],[115.644,0.054],[115.644,0.07]]]},"properties":{"code":"64.07.05.2019","name":"Ujoh Halang"}},{"type":"Feature","geometry":{"type":"Polygon","coordinates":[[[115.587,0.016],[115.5775,0.019],[115.5755,0.0445],[115.5615,0.046],[115.5475,0.0215],[115.544,0.0345],[115.532,0.034],[115.5275,0.019],[115.5175,0.0285],[115.5005,0.028],[115.493,0.0375],[115.463,0.038],[115.4525,0.043],[115.4345,0.038],[115.443,0.0315],[115.445,0.032],[115.456,0.0165],[115.4545,0.0095],[115.4665,-0.012],[115.4755,-0.015],[115.478,-0.018],[115.4855,-0.0315],[115.488,-0.0465],[115.503,-0.0355],[115.537,-0.026],[115.532,-0.022],[115.535,-0.0085],[115.5935,-0.008],[115.597,-0.0125],[115.599,-0.0005],[115.587,0.016]]]},"properties":{"code":"64.07.05.2021","name":"Kelian Luar"}},{"type":"Feature","geometry":{"type":"Polygon","coordinates":[[[115.6495,-0.018],[115.6495,-0.017],[115.644,0.0125],[115.644,0.016],[115.6425,0.0145],[115.6365,-0.0075],[115.6435,-0.0205],[115.6495,-0.018]]]},"properties":{"code":"64.07.05.2022","name":"Sukomulyo"}},{"type":"Feature","geometry":{"type":"Polygon","coordinates":[[[115.8445,-0.239],[115.842,-0.2355],[115.839,-0.2325],[115.8355,-0.2315],[115.826,-0.23],[115.815,-0.2525],[115.8155,-0.263],[115.8205,-0.271],[115.822,-0.2735],[115.824,-0.275],[115.83,-0.277],[115.85,-0.276],[115.847,-0.2735],[115.847,-0.2725],[115.8475,-0.271],[115.849,-0.2705],[115.854,-0.262],[115.8445,-0.239]]]},"properties":{"code":"64.07.06.1006","name":"Melak Ilir"}},{"type":"Feature","geometry":{"type":"Polygon","coordinates":[[[115.8135,-0.222],[115.811,-0.216],[115.806,-0.216],[115.8055,-0.2185],[115.8045,-0.2225],[115.7935,-0.2275],[115.7875,-0.2375],[115.7875,-0.2405],[115.787,-0.241],[115.786,-0.245],[115.7865,-0.2455],[115.788,-0.2455],[115.789,-0.245],[115.79,-0.246],[115.8045,-0.247],[115.809,-0.2485],[115.815,-0.2525],[115.826,-0.23],[115.8165,-0.2285],[115.814,-0.226],[115.8135,-0.222]]]},"properties":{"code":"64.07.06.1011","name":"Melak Ulu"}},{"type":"Feature","geometry":{"type":"Polygon","coordinates":[[[115.83,-0.277],[115.824,-0.275],[115.822,-0.2735],[115.8205,-0.271],[115.8155,-0.263],[115.8085,-0.2715],[115.785,-0.28],[115.788,-0.2905],[115.7765,-0.302],[115.7695,-0.2975],[115.769,-0.296],[115.7595,-0.3125],[115.7555,-0.346],[115.757,-0.351],[115.779,-0.37],[115.7865,-0.364],[115.7885,-0.3475],[115.8005,-0.3345],[115.798,-0.317],[115.8025,-0.3055],[115.8185,-0.3045],[115.829,-0.288],[115.83,-0.277]]]},"properties":{"code":"64.07.06.2001","name":"Empas"}},{"type":"Feature","geometry":{"type":"Polygon","coordinates":[[[115.8735,-0.29],[115.88,-0.281],[115.876,-0.268],[115.8725,-0.2685],[115.8635,-0.28],[115.8605,-0.281],[115.8565,-0.2805],[115.854,-0.2785],[115.852,-0.277],[115.85,-0.276],[115.83,-0.277],[115.829,-0.288],[115.8185,-0.3045],[115.8025,-0.3055],[115.798,-0.317],[115.8005,-0.3345],[115.7885,-0.3475],[115.7865,-0.364],[115.813,-0.362],[115.8215,-0.3335],[115.841,-0.3095],[115.8395,-0.2865],[115.8565,-0.2905],[115.8735,-0.29]]]},"properties":{"code":"64.07.06.2002","name":"Empakuq"}},{"type":"Feature","geometry":{"type":"Polygon","coordinates":[[[115.9205,-0.2955],[115.8965,-0.2705],[115.8935,-0.271],[115.89,-0.274],[115.877,-0.302],[115.8715,-0.301],[115.868,-0.299],[115.8735,-0.29],[115.8565,-0.2905],[115.8395,-0.2865],[115.841,-0.3095],[115.8215,-0.3335],[115.813,-0.362],[115.7865,-0.364],[115.779,-0.37],[115.775,-0.374],[115.772,-0.376],[115.7815,-0.3905],[115.837,-0.3845],[115.8565,-0.3565],[115.8615,-0.357],[115.8915,-0.322],[115.9035,-0.315],[115.9205,-0.2955]]]},"properties":{"code":"64.07.06.2003","name":"Muara Bunyut"}},{"type":"Feature","geometry":{"type":"Polygon","coordinates":[[[115.7515,-0.1],[115.7435,-0.099],[115.7375,-0.1145],[115.7375,-0.1165],[115.7375,-0.12],[115.739,-0.1215],[115.739,-0.123],[115.7385,-0.124],[115.7385,-0.125],[115.7395,-0.1265],[115.7675,-0.156],[115.787,-0.139],[115.7835,-0.136],[115.7795,-0.1195],[115.7775,-0.119],[115.7645,-0.125],[115.7615,-0.1255],[115.758,-0.124],[115.7545,-0.12],[115.7525,-0.117],[115.7515,-0.1]]]},"properties":{"code":"64.07.06.2012","name":"Muara Benangaq"}},{"type":"Feature","geometry":{"type":"Polygon","coordinates":[[[115.726,-0.2105],[115.7005,-0.1995],[115.698,-0.2025],[115.6835,-0.2135],[115.6655,-0.2185],[115.6585,-0.2265],[115.6345,-0.237],[115.63,-0.254],[115.648,-0.2625],[115.665,-0.2635],[115.6685,-0.244],[115.702,-0.2305],[115.712,-0.23],[115.718,-0.2255],[115.726,-0.2105]]]},"properties":{"code":"64.07.07.1001","name":"Barong Tongkok"}},{"type":"Feature","geometry":{"type":"Polygon","coordinates":[[[115.713,-0.2475],[115.709,-0.249],[115.7085,-0.243],[115.71,-0.2345],[115.7115,-0.23],[115.702,-0.2305],[115.6685,-0.244],[115.665,-0.2635],[115.6795,-0.267],[115.681,-0.2675],[115.6815,-0.2675],[115.683,-0.268],[115.691,-0.28],[115.701,-0.283],[115.71,-0.298],[115.7185,-0.285],[115.7175,-0.277],[115.712,-0.2565],[115.713,-0.2475]]]},"properties":{"code":"64.07.07.1021","name":"Simpang Raya"}},{"type":"Feature","geometry":{"type":"Polygon","coordinates":[[[115.665,-0.2635],[115.648,-0.2625],[115.63,-0.254],[115.626,-0.2575],[115.626,-0.259],[115.6235,-0.2625],[115.6245,-0.266],[115.631,-0.2725],[115.6315,-0.274],[115.6465,-0.2795],[115.65,-0.2965],[115.678,-0.3105],[115.6855,-0.297],[115.71,-0.298],[115.701,-0.283],[115.691,-0.28],[115.683,-0.268],[115.6815,-0.2675],[115.681,-0.2675],[115.6805,-0.2675],[115.6735,-0.2825],[115.6635,-0.2685],[115.6805,-0.2675],[115.6795,-0.267],[115.665,-0.2635]]]},"properties":{"code":"64.07.07.2002","name":"Mencimai"}},{"type":"Feature","geometry":{"type":"Polygon","coordinates":[[[115.678,-0.3105],[115.65,-0.2965],[115.6465,-0.2795],[115.6315,-0.274],[115.632,-0.276],[115.631,-0.3],[115.639,-0.31],[115.639,-0.311],[115.6395,-0.3125],[115.6395,-0.313],[115.639,-0.3205],[115.6415,-0.3225],[115.6435,-0.324],[115.644,-0.325],[115.645,-0.3265],[115.648,-0.3245],[115.6615,-0.321],[115.6765,-0.3225],[115.678,-0.3105]]]},"properties":{"code":"64.07.07.2003","name":"Engkuni Pasek"}},{"type":"Feature","geometry":{"type":"Polygon","coordinates":[[[115.626,-0.2575],[115.606,-0.258],[115.5915,-0.264],[115.5995,-0.288],[115.61,-0.303],[115.6215,-0.3115],[115.631,-0.3315],[115.632,-0.336],[115.645,-0.3265],[115.644,-0.325],[115.6435,-0.324],[115.6415,-0.3225],[115.639,-0.3205],[115.6395,-0.313],[115.6395,-0.3125],[115.639,-0.311],[115.639,-0.31],[115.631,-0.3],[115.632,-0.276],[115.631,-0.2725],[115.6245,-0.266],[115.6235,-0.2625],[115.626,-0.259],[115.626,-0.2575]]]},"properties":{"code":"64.07.07.2004","name":"Pepas Eheng"}},{"type":"Feature","geometry":{"type":"Polygon","coordinates":[[[115.643,-0.169],[115.6415,-0.168],[115.6375,-0.168],[115.6235,-0.177],[115.6175,-0.1855],[115.609,-0.183],[115.6065,-0.1835],[115.5965,-0.1895],[115.549,-0.192],[115.542,-0.189],[115.5515,-0.1975],[115.5555,-0.1985],[115.563,-0.217],[115.5945,-0.2355],[115.61,-0.2275],[115.61,-0.221],[115.6245,-0.201],[115.629,-0.181],[115.643,-0.169]]]},"properties":{"code":"64.07.07.2006","name":"Juhan Asa"}},{"type":"Feature","geometry":{"type":"Polygon","coordinates":[[[115.6615,-0.1655],[115.66,-0.1645],[115.6505,-0.165],[115.65,-0.165],[115.651,-0.17],[115.65,-0.172],[115.6585,-0.2265],[115.6655,-0.2185],[115.6835,-0.2135],[115.689,-0.2095],[115.6885,-0.1995],[115.66,-0.1805],[115.659,-0.1685],[115.6595,-0.1675],[115.6615,-0.167],[115.6615,-0.1655]]]},"properties":{"code":"64.07.07.2007","name":"Asa"}},{"type":"Feature","geometry":{"type":"Polygon","coordinates":[[[115.7005,-0.1455],[115.6925,-0.139],[115.679,-0.145],[115.678,-0.145],[115.6765,-0.1445],[115.676,-0.1445],[115.677,-0.1455],[115.669,-0.159],[115.669,-0.1605],[115.6885,-0.17],[115.6915,-0.1655],[115.6915,-0.164],[115.694,-0.1475],[115.7005,-0.1455]]]},"properties":{"code":"64.07.07.2008","name":"Pepas Asa"}},{"type":"Feature","geometry":{"type":"Polygon","coordinates":[[[115.6905,-0.1075],[115.6805,-0.1055],[115.6795,-0.1085],[115.6785,-0.1395],[115.6775,-0.145],[115.679,-0.145],[115.6925,-0.139],[115.7005,-0.1455],[115.713,-0.155],[115.7265,-0.16],[115.7255,-0.1565],[115.725,-0.1545],[115.736,-0.125],[115.7365,-0.1235],[115.738,-0.123],[115.7385,-0.123],[115.739,-0.123],[115.739,-0.1215],[115.7375,-0.12],[115.7375,-0.1165],[115.7375,-0.115],[115.7325,-0.1145],[115.729,-0.116],[115.6905,-0.1075]]]},"properties":{"code":"64.07.07.2009","name":"Muara Asa"}},{"type":"Feature","geometry":{"type":"Polygon","coordinates":[[[115.7005,-0.1455],[115.694,-0.1475],[115.6915,-0.164],[115.6915,-0.1655],[115.6885,-0.17],[115.7,-0.1935],[115.717,-0.1775],[115.7175,-0.176],[115.724,-0.1655],[115.726,-0.1615],[115.7265,-0.16],[115.713,-0.155],[115.7005,-0.1455]]]},"properties":{"code":"64.07.07.2010","name":"Ongko Asa"}},{"type":"Feature","geometry":{"type":"Polygon","coordinates":[[[115.6885,-0.17],[115.669,-0.1605],[115.6685,-0.161],[115.667,-0.164],[115.6655,-0.162],[115.6645,-0.1635],[115.6635,-0.163],[115.6635,-0.1645],[115.663,-0.1655],[115.6615,-0.1655],[115.6615,-0.167],[115.6595,-0.1675],[115.659,-0.1685],[115.66,-0.1805],[115.6885,-0.1995],[115.7,-0.1935],[115.6885,-0.17]]]},"properties":{"code":"64.07.07.2011","name":"Juaq Asa"}},{"type":"Feature","geometry":{"type":"Polygon","coordinates":[[[115.7405,-0.1955],[115.74,-0.1945],[115.7345,-0.183],[115.7315,-0.18],[115.7305,-0.1785],[115.728,-0.1775],[115.7235,-0.176],[115.717,-0.1775],[115.7,-0.1935],[115.6885,-0.1995],[115.689,-0.2095],[115.698,-0.2025],[115.7005,-0.1995],[115.726,-0.2105],[115.735,-0.1955],[115.737,-0.197],[115.738,-0.1975],[115.7395,-0.196],[115.7405,-0.1955]]]},"properties":{"code":"64.07.07.2012","name":"Ombau Asa"}},{"type":"Feature","geometry":{"type":"Polygon","coordinates":[[[115.7425,-0.198],[115.7405,-0.1955],[115.7395,-0.196],[115.738,-0.1975],[115.737,-0.197],[115.735,-0.1955],[115.726,-0.2105],[115.718,-0.2255],[115.7275,-0.228],[115.741,-0.2255],[115.7425,-0.225],[115.745,-0.2245],[115.747,-0.2225],[115.7615,-0.23],[115.7635,-0.228],[115.7715,-0.2275],[115.7815,-0.225],[115.778,-0.205],[115.764,-0.213],[115.7525,-0.2135],[115.7425,-0.198]]]},"properties":{"code":"64.07.07.2013","name":"Ngenyan Asa"}},{"type":"Feature","geometry":{"type":"Polygon","coordinates":[[[115.7885,-0.1885],[115.7825,-0.1815],[115.7905,-0.1725],[115.792,-0.1735],[115.8035,-0.184],[115.812,-0.1735],[115.8025,-0.162],[115.7945,-0.158],[115.7665,-0.182],[115.7425,-0.198],[115.7525,-0.2135],[115.764,-0.213],[115.778,-0.205],[115.782,-0.1925],[115.7885,-0.1885]]]},"properties":{"code":"64.07.07.2014","name":"Gemuhan Asa"}},{"type":"Feature","geometry":{"type":"Polygon","coordinates":[[[115.8015,-0.148],[115.793,-0.142],[115.7885,-0.14],[115.787,-0.139],[115.7675,-0.156],[115.742,-0.169],[115.7375,-0.17],[115.7235,-0.176],[115.728,-0.1775],[115.7305,-0.1785],[115.7315,-0.18],[115.7345,-0.183],[115.74,-0.1945],[115.7425,-0.198],[115.7665,-0.182],[115.7945,-0.158],[115.793,-0.157],[115.8015,-0.148]]]},"properties":{"code":"64.07.07.2015","name":"Geleo Baru"}},{"type":"Feature","geometry":{"type":"Polygon","coordinates":[[[115.7385,-0.123],[115.738,-0.123],[115.7365,-0.1235],[115.736,-0.125],[115.725,-0.1545],[115.7255,-0.1565],[115.7265,-0.16],[115.726,-0.1615],[115.724,-0.1655],[115.7175,-0.176],[115.717,-0.1775],[115.7235,-0.176],[115.7375,-0.17],[115.742,-0.169],[115.7675,-0.156],[115.7395,-0.1265],[115.7385,-0.125],[115.7385,-0.124],[115.7385,-0.123]]]},"properties":{"code":"64.07.07.2016","name":"Geleo Asa"}},{"type":"Feature","geometry":{"type":"Polygon","coordinates":[[[115.6805,-0.2675],[115.6635,-0.2685],[115.6735,-0.2825],[115.6805,-0.2675]]]},"properties":{"code":"64.07.07.2017","name":"Rejo Basuki"}},{"type":"Feature","geometry":{"type":"Polygon","coordinates":[[[115.7275,-0.228],[115.718,-0.2255],[115.712,-0.23],[115.7115,-0.23],[115.71,-0.2345],[115.7085,-0.243],[115.709,-0.249],[115.7245,-0.24],[115.7295,-0.236],[115.7295,-0.2355],[115.7275,-0.228]]]},"properties":{"code":"64.07.07.2018","name":"Sumber Sari"}},{"type":"Feature","geometry":{"type":"Polygon","coordinates":[[[115.796,-0.2145],[115.793,-0.212],[115.8005,-0.202],[115.8045,-0.202],[115.8075,-0.2],[115.807,-0.1965],[115.7885,-0.1885],[115.782,-0.1925],[115.778,-0.205],[115.7815,-0.225],[115.796,-0.2145]]]},"properties":{"code":"64.07.07.2019","name":"Sendawar"}},{"type":"Feature","geometry":{"type":"Polygon","coordinates":[[[115.65,-0.165],[115.6495,-0.165],[115.6485,-0.166],[115.6465,-0.1685],[115.643,-0.169],[115.629,-0.181],[115.6245,-0.201],[115.61,-0.221],[115.61,-0.2275],[115.5945,-0.2355],[115.6045,-0.2475],[115.606,-0.258],[115.626,-0.2575],[115.63,-0.254],[115.6345,-0.237],[115.6585,-0.2265],[115.65,-0.172],[115.651,-0.17],[115.65,-0.165]]]},"properties":{"code":"64.07.07.2020","name":"Balok Asa"}},{"type":"Feature","geometry":{"type":"Polygon","coordinates":[[[115.7615,-0.23],[115.747,-0.2225],[115.745,-0.2245],[115.7425,-0.225],[115.741,-0.2255],[115.7275,-0.228],[115.7295,-0.2355],[115.731,-0.2375],[115.735,-0.24],[115.7385,-0.2435],[115.7465,-0.247],[115.7575,-0.239],[115.7615,-0.23]]]},"properties":{"code":"64.07.07.2022","name":"Belempung Ulaq"}},{"type":"Feature","geometry":{"type":"Polygon","coordinates":[[[115.4615,-0.8745],[115.4545,-0.864],[115.4625,-0.852],[115.482,-0.843],[115.4875,-0.8355],[115.5105,-0.825],[115.5275,-0.7935],[115.547,-0.777],[115.545,-0.7365],[115.541,-0.712],[115.544,-0.685],[115.526,-0.6425],[115.523,-0.6135],[115.5305,-0.5965],[115.542,-0.589],[115.557,-0.573],[115.5655,-0.5585],[115.5615,-0.5525],[115.549,-0.554],[115.516,-0.568],[115.4945,-0.589],[115.4705,-0.6185],[115.466,-0.6405],[115.456,-0.6535],[115.4405,-0.6645],[115.4285,-0.6645],[115.411,-0.673],[115.3785,-0.684],[115.369,-0.6905],[115.3425,-0.6875],[115.3375,-0.6945],[115.3465,-0.7205],[115.343,-0.7245],[115.3225,-0.7265],[115.301,-0.745],[115.301,-0.761],[115.286,-0.7715],[115.291,-0.784],[115.288,-0.795],[115.3025,-0.8025],[115.3105,-0.817],[115.325,-0.8215],[115.3485,-0.863],[115.352,-0.8915],[115.3615,-0.8725],[115.3765,-0.8755],[115.3765,-0.861],[115.3815,-0.852],[115.3925,-0.8615],[115.406,-0.852],[115.4165,-0.8745],[115.422,-0.871],[115.427,-0.8765],[115.4485,-0.878],[115.4595,-0.874],[115.4615,-0.8745]]]},"properties":{"code":"64.07.08.2001","name":"Besiq"}},{"type":"Feature","geometry":{"type":"Polygon","coordinates":[[[115.5965,-0.561],[115.575,-0.548],[115.5615,-0.5525],[115.5655,-0.5585],[115.557,-0.573],[115.542,-0.589],[115.5305,-0.5965],[115.523,-0.6135],[115.526,-0.6425],[115.544,-0.685],[115.541,-0.712],[115.545,-0.7365],[115.547,-0.777],[115.5275,-0.7935],[115.5105,-0.825],[115.4875,-0.8355],[115.482,-0.843],[115.4625,-0.852],[115.4545,-0.864],[115.4615,-0.8745],[115.463,-0.8755],[115.4805,-0.8765],[115.5345,-0.8595],[115.543,-0.854],[115.5545,-0.86],[115.563,-0.883],[115.5785,-0.908],[115.589,-0.903],[115.6165,-0.903],[115.616,-0.8865],[115.639,-0.8715],[115.6405,-0.8655],[115.657,-0.858],[115.6595,-0.847],[115.678,-0.8385],[115.6785,-0.8215],[115.6795,-0.8185],[115.679,-0.801],[115.678,-0.799],[115.6805,-0.79],[115.681,-0.788],[115.682,-0.784],[115.6805,-0.78],[115.673,-0.769],[115.6735,-0.768],[115.677,-0.763],[115.674,-0.752],[115.6565,-0.729],[115.6415,-0.722],[115.638,-0.708],[115.638,-0.6915],[115.6495,-0.681],[115.6395,-0.6685],[115.6355,-0.6425],[115.64,-0.636],[115.622,-0.621],[115.6155,-0.62],[115.6165,-0.581],[115.6185,-0.5695],[115.617,-0.5695],[115.6,-0.5655],[115.5965,-0.561]]]},"properties":{"code":"64.07.08.2002","name":"Bermai"}},{"type":"Feature","geometry":{"type":"Polygon","coordinates":[[[115.5985,-0.5305],[115.584,-0.5135],[115.5525,-0.518],[115.5335,-0.5155],[115.515,-0.52],[115.456,-0.555],[115.409,-0.569],[115.3945,-0.578],[115.379,-0.578],[115.374,-0.5985],[115.3645,-0.6015],[115.3565,-0.6135],[115.3595,-0.622],[115.378,-0.64],[115.3655,-0.665],[115.3555,-0.6705],[115.343,-0.667],[115.334,-0.683],[115.3425,-0.6875],[115.369,-0.6905],[115.3785,-0.684],[115.411,-0.673],[115.4285,-0.6645],[115.4405,-0.6645],[115.456,-0.6535],[115.466,-0.6405],[115.4705,-0.6185],[115.4945,-0.589],[115.516,-0.568],[115.549,-0.554],[115.5615,-0.5525],[115.575,-0.548],[115.5965,-0.561],[115.608,-0.541],[115.5985,-0.5305]]]},"properties":{"code":"64.07.08.2003","name":"Muara Niliq"}},{"type":"Feature","geometry":{"type":"Polygon","coordinates":[[[115.402,-0.496],[115.384,-0.4725],[115.353,-0.466],[115.327,-0.465],[115.318,-0.4475],[115.3115,-0.4505],[115.2985,-0.456],[115.2975,-0.479],[115.307,-0.486],[115.3015,-0.5055],[115.3065,-0.512],[115.2935,-0.5185],[115.2885,-0.528],[115.2905,-0.5555],[115.297,-0.551],[115.302,-0.5515],[115.303,-0.551],[115.3195,-0.545],[115.3365,-0.5435],[115.353,-0.5495],[115.367,-0.558],[115.381,-0.572],[115.379,-0.578],[115.3945,-0.578],[115.409,-0.569],[115.456,-0.555],[115.515,-0.52],[115.5335,-0.5155],[115.5525,-0.518],[115.584,-0.5135],[115.5985,-0.5305],[115.605,-0.5155],[115.6205,-0.5165],[115.628,-0.5015],[115.6145,-0.4925],[115.6205,-0.4845],[115.603,-0.4775],[115.6,-0.4805],[115.599,-0.481],[115.599,-0.479],[115.585,-0.479],[115.584,-0.479],[115.5735,-0.487],[115.5215,-0.488],[115.505,-0.486],[115.489,-0.499],[115.4575,-0.5145],[115.442,-0.5315],[115.4155,-0.5335],[115.407,-0.522],[115.402,-0.496]]]},"properties":{"code":"64.07.08.2004","name":"Mantar"}},{"type":"Feature","geometry":{"type":"Polygon","coordinates":[[[115.7095,-0.4965],[115.688,-0.477],[115.683,-0.4595],[115.677,-0.451],[115.6735,-0.452],[115.6725,-0.4515],[115.6685,-0.4565],[115.664,-0.486],[115.6735,-0.527],[115.6735,-0.5465],[115.7015,-0.5195],[115.711,-0.508],[115.7095,-0.4965]]]},"properties":{"code":"64.07.08.2005","name":"Muara Bomboy"}},{"type":"Feature","geometry":{"type":"Polygon","coordinates":[[[115.695,-0.4495],[115.68,-0.4455],[115.673,-0.451],[115.6725,-0.4515],[115.6735,-0.452],[115.677,-0.451],[115.683,-0.4595],[115.688,-0.477],[115.7095,-0.4965],[115.7095,-0.496],[115.7155,-0.4875],[115.7115,-0.4575],[115.7085,-0.4545],[115.695,-0.4495]]]},"properties":{"code":"64.07.08.2006","name":"Damai Seberang"}},{"type":"Feature","geometry":{"type":"Polygon","coordinates":[[[115.7245,-0.4385],[115.723,-0.4385],[115.722,-0.4385],[115.7215,-0.4395],[115.7155,-0.4435],[115.7125,-0.448],[115.7085,-0.4545],[115.7115,-0.4575],[115.7155,-0.4875],[115.719,-0.4825],[115.7205,-0.4705],[115.7225,-0.468],[115.7215,-0.4675],[115.722,-0.4665],[115.721,-0.464],[115.723,-0.456],[115.7245,-0.4385]]]},"properties":{"code":"64.07.08.2007","name":"Mendika"}},{"type":"Feature","geometry":{"type":"Polygon","coordinates":[[[115.7125,-0.448],[115.695,-0.4495],[115.7085,-0.4545],[115.7125,-0.448]]]},"properties":{"code":"64.07.08.2008","name":"Damai Kota"}},{"type":"Feature","geometry":{"type":"Polygon","coordinates":[[[115.611,-0.4515],[115.5995,-0.4615],[115.603,-0.4775],[115.6205,-0.4845],[115.627,-0.4855],[115.63,-0.4635],[115.611,-0.4515]]]},"properties":{"code":"64.07.08.2009","name":"Lumpat Dahuq"}},{"type":"Feature","geometry":{"type":"Polygon","coordinates":[[[115.655,-0.4255],[115.643,-0.406],[115.6465,-0.3955],[115.635,-0.3915],[115.6255,-0.3825],[115.624,-0.3815],[115.6235,-0.3815],[115.6215,-0.381],[115.6165,-0.381],[115.613,-0.3845],[115.5975,-0.4],[115.612,-0.4135],[115.6095,-0.449],[115.626,-0.433],[115.6445,-0.433],[115.653,-0.428],[115.655,-0.4255]]]},"properties":{"code":"64.07.08.2010","name":"Muara Tokong"}},{"type":"Feature","geometry":{"type":"Polygon","coordinates":[[[115.726,-0.3915],[115.7245,-0.39],[115.721,-0.3845],[115.7215,-0.367],[115.697,-0.3445],[115.677,-0.342],[115.6935,-0.364],[115.6895,-0.3705],[115.6935,-0.3825],[115.7045,-0.391],[115.712,-0.436],[115.719,-0.439],[115.723,-0.4385],[115.7245,-0.4385],[115.728,-0.4305],[115.718,-0.4075],[115.722,-0.3965],[115.726,-0.3915]]]},"properties":{"code":"64.07.08.2011","name":"Jengan Danum"}},{"type":"Feature","geometry":{"type":"Polygon","coordinates":[[[115.71,-0.298],[115.6855,-0.297],[115.678,-0.3105],[115.6765,-0.3225],[115.6775,-0.3395],[115.677,-0.342],[115.697,-0.3445],[115.7215,-0.367],[115.721,-0.3845],[115.7245,-0.39],[115.726,-0.3915],[115.731,-0.385],[115.7775,-0.3685],[115.757,-0.351],[115.7555,-0.346],[115.7485,-0.3395],[115.7065,-0.319],[115.71,-0.298]]]},"properties":{"code":"64.07.08.2012","name":"Keay"}},{"type":"Feature","geometry":{"type":"Polygon","coordinates":[[[115.6895,-0.3705],[115.6935,-0.364],[115.677,-0.342],[115.674,-0.349],[115.6595,-0.3665],[115.637,-0.3625],[115.6275,-0.352],[115.627,-0.3445],[115.626,-0.3465],[115.619,-0.365],[115.6165,-0.381],[115.6215,-0.381],[115.6235,-0.3815],[115.624,-0.3815],[115.6255,-0.3825],[115.635,-0.3915],[115.6465,-0.3955],[115.643,-0.406],[115.655,-0.4255],[115.656,-0.4245],[115.669,-0.4235],[115.6805,-0.429],[115.6835,-0.4205],[115.6785,-0.4035],[115.6895,-0.3705]]]},"properties":{"code":"64.07.08.2013","name":"Tepulang"}},{"type":"Feature","geometry":{"type":"Polygon","coordinates":[[[115.6765,-0.3225],[115.6615,-0.321],[115.648,-0.3245],[115.632,-0.336],[115.627,-0.3445],[115.6275,-0.352],[115.637,-0.3625],[115.6595,-0.3665],[115.674,-0.349],[115.6775,-0.3395],[115.6765,-0.3225]]]},"properties":{"code":"64.07.08.2014","name":"Benung"}},{"type":"Feature","geometry":{"type":"Polygon","coordinates":[[[115.6805,-0.429],[115.669,-0.4235],[115.656,-0.4245],[115.653,-0.428],[115.6445,-0.433],[115.626,-0.433],[115.6095,-0.449],[115.611,-0.4515],[115.63,-0.4635],[115.627,-0.4855],[115.6205,-0.4845],[115.6145,-0.4925],[115.628,-0.5015],[115.6205,-0.5165],[115.605,-0.5155],[115.5985,-0.5305],[115.608,-0.541],[115.5965,-0.561],[115.6,-0.5655],[115.617,-0.5695],[115.6185,-0.5695],[115.6185,-0.567],[115.6205,-0.551],[115.6455,-0.544],[115.654,-0.547],[115.6735,-0.5465],[115.6735,-0.527],[115.664,-0.486],[115.6685,-0.4565],[115.673,-0.451],[115.68,-0.4455],[115.6805,-0.429]]]},"properties":{"code":"64.07.08.2020","name":"Muara Nyahing"}},{"type":"Feature","geometry":{"type":"Polygon","coordinates":[[[115.722,-0.4385],[115.719,-0.439],[115.712,-0.436],[115.7045,-0.391],[115.6935,-0.3825],[115.6895,-0.3705],[115.6785,-0.4035],[115.6835,-0.4205],[115.6805,-0.429],[115.68,-0.4455],[115.695,-0.4495],[115.7125,-0.448],[115.7155,-0.4435],[115.7215,-0.4395],[115.722,-0.4385]]]},"properties":{"code":"64.07.08.2021","name":"Sempatn"}},{"type":"Feature","geometry":{"type":"Polygon","coordinates":[[[115.6095,-0.449],[115.612,-0.4135],[115.5975,-0.4],[115.592,-0.403],[115.591,-0.4115],[115.569,-0.4475],[115.5325,-0.457],[115.5245,-0.444],[115.5035,-0.452],[115.4695,-0.4485],[115.4425,-0.47],[115.44,-0.4775],[115.419,-0.4815],[115.4095,-0.4935],[115.402,-0.496],[115.407,-0.522],[115.4155,-0.5335],[115.442,-0.5315],[115.4575,-0.5145],[115.489,-0.499],[115.505,-0.486],[115.5215,-0.488],[115.5735,-0.487],[115.584,-0.479],[115.585,-0.479],[115.599,-0.479],[115.599,-0.481],[115.6,-0.4805],[115.603,-0.4775],[115.5995,-0.4615],[115.611,-0.4515],[115.6095,-0.449]]]},"properties":{"code":"64.07.08.2022","name":"Kelian"}},{"type":"Feature","geometry":{"type":"Polygon","coordinates":[[[115.6735,-0.5465],[115.654,-0.547],[115.6455,-0.544],[115.6205,-0.551],[115.6185,-0.567],[115.6165,-0.581],[115.6155,-0.62],[115.622,-0.621],[115.64,-0.636],[115.6465,-0.63],[115.672,-0.623],[115.7155,-0.6205],[115.73,-0.6265],[115.751,-0.629],[115.7955,-0.644],[115.8045,-0.646],[115.8155,-0.604],[115.8215,-0.604],[115.8195,-0.6005],[115.819,-0.599],[115.8165,-0.5955],[115.8155,-0.5935],[115.817,-0.5925],[115.8155,-0.5795],[115.815,-0.578],[115.8155,-0.577],[115.815,-0.576],[115.814,-0.5755],[115.8055,-0.5755],[115.769,-0.574],[115.7185,-0.564],[115.7055,-0.5515],[115.6965,-0.548],[115.6735,-0.5465]]]},"properties":{"code":"64.07.09.2001","name":"Muara Begai"}},{"type":"Feature","geometry":{"type":"Polygon","coordinates":[[[115.829,-0.538],[115.809,-0.5245],[115.789,-0.5015],[115.7885,-0.5015],[115.778,-0.512],[115.757,-0.517],[115.742,-0.517],[115.7255,-0.5235],[115.7065,-0.538],[115.6735,-0.5465],[115.6965,-0.548],[115.7055,-0.5515],[115.7185,-0.564],[115.769,-0.574],[115.8055,-0.5755],[115.814,-0.5755],[115.815,-0.576],[115.815,-0.5755],[115.8155,-0.574],[115.8145,-0.572],[115.8335,-0.555],[115.8285,-0.5395],[115.829,-0.538]]]},"properties":{"code":"64.07.09.2002","name":"Lotaq"}},{"type":"Feature","geometry":{"type":"Polygon","coordinates":[[[115.766,-0.4945],[115.7335,-0.4935],[115.713,-0.511],[115.708,-0.5115],[115.7015,-0.5195],[115.6735,-0.5465],[115.7065,-0.538],[115.7255,-0.5235],[115.742,-0.517],[115.757,-0.517],[115.778,-0.512],[115.7885,-0.5015],[115.7735,-0.4985],[115.766,-0.4945]]]},"properties":{"code":"64.07.09.2003","name":"Payang"}},{"type":"Feature","geometry":{"type":"Polygon","coordinates":[[[115.833,-0.4455],[115.832,-0.4455],[115.828,-0.447],[115.8235,-0.4405],[115.8125,-0.4435],[115.7985,-0.463],[115.801,-0.4715],[115.795,-0.475],[115.784,-0.4695],[115.77,-0.474],[115.77,-0.4825],[115.769,-0.485],[115.7685,-0.4855],[115.767,-0.486],[115.7645,-0.494],[115.7735,-0.4985],[115.789,-0.5015],[115.809,-0.5245],[115.829,-0.538],[115.8295,-0.537],[115.8395,-0.535],[115.842,-0.5345],[115.8425,-0.5325],[115.849,-0.529],[115.8515,-0.528],[115.853,-0.5275],[115.855,-0.5265],[115.8535,-0.5235],[115.8525,-0.5175],[115.853,-0.501],[115.8585,-0.483],[115.8425,-0.4825],[115.833,-0.4455]]]},"properties":{"code":"64.07.09.2004","name":"Dingin"}},{"type":"Feature","geometry":{"type":"Polygon","coordinates":[[[115.77,-0.474],[115.7685,-0.4615],[115.7515,-0.4685],[115.7505,-0.4695],[115.756,-0.4765],[115.7565,-0.4775],[115.756,-0.4775],[115.754,-0.477],[115.754,-0.478],[115.753,-0.48],[115.752,-0.4795],[115.7515,-0.4795],[115.7515,-0.4865],[115.7665,-0.486],[115.7685,-0.4855],[115.769,-0.485],[115.77,-0.4825],[115.77,-0.474]]]},"properties":{"code":"64.07.09.2005","name":"Muara Lawa"}},{"type":"Feature","geometry":{"type":"Polygon","coordinates":[[[115.837,-0.3845],[115.7815,-0.3905],[115.772,-0.376],[115.7645,-0.3815],[115.7575,-0.391],[115.7505,-0.414],[115.742,-0.4225],[115.751,-0.4365],[115.7415,-0.4515],[115.739,-0.4675],[115.7435,-0.478],[115.748,-0.4795],[115.7515,-0.48],[115.7515,-0.4795],[115.752,-0.4795],[115.753,-0.48],[115.754,-0.478],[115.754,-0.477],[115.756,-0.4775],[115.7565,-0.4775],[115.756,-0.4765],[115.7505,-0.4695],[115.7515,-0.4685],[115.7685,-0.4615],[115.77,-0.474],[115.784,-0.4695],[115.795,-0.475],[115.801,-0.4715],[115.7985,-0.463],[115.8125,-0.4435],[115.8235,-0.4405],[115.828,-0.447],[115.832,-0.4455],[115.833,-0.4455],[115.831,-0.4365],[115.832,-0.403],[115.8505,-0.403],[115.8625,-0.407],[115.8695,-0.4075],[115.869,-0.4065],[115.854,-0.3985],[115.837,-0.3845]]]},"properties":{"code":"64.07.09.2006","name":"Lambing"}},{"type":"Feature","geometry":{"type":"Polygon","coordinates":[[[115.779,-0.37],[115.7775,-0.3685],[115.731,-0.385],[115.722,-0.3965],[115.718,-0.4075],[115.728,-0.4305],[115.7245,-0.4385],[115.723,-0.456],[115.721,-0.464],[115.722,-0.4665],[115.7215,-0.4675],[115.7225,-0.468],[115.723,-0.4675],[115.739,-0.4675],[115.7415,-0.4515],[115.751,-0.4365],[115.742,-0.4225],[115.7505,-0.414],[115.7575,-0.391],[115.7645,-0.3815],[115.775,-0.374],[115.779,-0.37]]]},"properties":{"code":"64.07.09.2007","name":"Benggeris"}},{"type":"Feature","geometry":{"type":"Polygon","coordinates":[[[115.739,-0.4675],[115.723,-0.4675],[115.7225,-0.468],[115.7205,-0.4705],[115.719,-0.4825],[115.7095,-0.496],[115.711,-0.508],[115.708,-0.5115],[115.713,-0.511],[115.7335,-0.4935],[115.766,-0.4945],[115.7645,-0.494],[115.767,-0.486],[115.7665,-0.486],[115.7515,-0.4865],[115.7515,-0.48],[115.748,-0.4795],[115.7435,-0.478],[115.739,-0.4675]]]},"properties":{"code":"64.07.09.2008","name":"Cempedas"}},{"type":"Feature","geometry":{"type":"Polygon","coordinates":[[[115.8745,-0.4375],[115.8665,-0.4365],[115.8535,-0.4335],[115.8375,-0.427],[115.8335,-0.426],[115.831,-0.4255],[115.831,-0.4365],[115.8425,-0.4825],[115.8585,-0.483],[115.86,-0.4815],[115.8645,-0.476],[115.8675,-0.4735],[115.869,-0.4635],[115.869,-0.4625],[115.8705,-0.462],[115.87,-0.4595],[115.864,-0.4445],[115.863,-0.444],[115.865,-0.4405],[115.87,-0.438],[115.8705,-0.4395],[115.871,-0.443],[115.8745,-0.4385],[115.8745,-0.4375]]]},"properties":{"code":"64.07.10.2015","name":"Jerang Dayak"}},{"type":"Feature","geometry":{"type":"Polygon","coordinates":[[[115.8765,-0.427],[115.8755,-0.4265],[115.867,-0.422],[115.849,-0.416],[115.8415,-0.418],[115.839,-0.418],[115.837,-0.4175],[115.8315,-0.4165],[115.831,-0.4255],[115.8335,-0.426],[115.8375,-0.427],[115.8535,-0.4335],[115.8665,-0.4365],[115.8745,-0.4375],[115.8735,-0.4355],[115.8725,-0.433],[115.8755,-0.428],[115.8765,-0.427]]]},"properties":{"code":"64.07.10.2016","name":"Mendung"}},{"type":"Feature","geometry":{"type":"Polygon","coordinates":[[[115.8695,-0.4075],[115.8625,-0.407],[115.8505,-0.403],[115.832,-0.403],[115.8315,-0.4165],[115.837,-0.4175],[115.839,-0.418],[115.8415,-0.418],[115.849,-0.416],[115.867,-0.422],[115.8755,-0.4265],[115.8765,-0.427],[115.8765,-0.4255],[115.8805,-0.4235],[115.876,-0.4195],[115.87,-0.408],[115.8695,-0.4075]]]},"properties":{"code":"64.07.10.2017","name":"Jerang Melayu"}},{"type":"Feature","geometry":{"type":"Polygon","coordinates":[[[115.8615,-0.357],[115.8565,-0.3565],[115.837,-0.3845],[115.854,-0.3985],[115.869,-0.4065],[115.8695,-0.407],[115.87,-0.408],[115.876,-0.4195],[115.8805,-0.4235],[115.8765,-0.4255],[115.8765,-0.427],[115.8755,-0.428],[115.8725,-0.433],[115.8735,-0.4355],[115.874,-0.4365],[115.8745,-0.4385],[115.871,-0.443],[115.8705,-0.4395],[115.87,-0.438],[115.865,-0.4405],[115.863,-0.444],[115.864,-0.4445],[115.87,-0.4595],[115.8705,-0.462],[115.869,-0.4625],[115.869,-0.4635],[115.8675,-0.4735],[115.8645,-0.476],[115.86,-0.4815],[115.8585,-0.483],[115.853,-0.501],[115.8635,-0.496],[115.868,-0.486],[115.8835,-0.4835],[115.8915,-0.4685],[115.9,-0.4625],[115.914,-0.4615],[115.923,-0.453],[115.9235,-0.438],[115.934,-0.43],[115.939,-0.4095],[115.937,-0.401],[115.9375,-0.4],[115.955,-0.3955],[115.9565,-0.3925],[115.9585,-0.3895],[115.962,-0.3875],[115.969,-0.3955],[115.9765,-0.393],[115.979,-0.3905],[115.979,-0.389],[115.9735,-0.3845],[115.97,-0.379],[115.9695,-0.3775],[115.9695,-0.376],[115.952,-0.3705],[115.947,-0.37],[115.8665,-0.3615],[115.8645,-0.3605],[115.8615,-0.357]]]},"properties":{"code":"64.07.10.2018","name":"Dasaq"}},{"type":"Feature","geometry":{"type":"Polygon","coordinates":[[[116.2275,-0.2555],[116.165,-0.214],[116.16,-0.1995],[116.163,-0.1905],[116.164,-0.1885],[116.161,-0.1785],[116.1285,-0.1735],[116.1085,-0.174],[116.087,-0.168],[116.0655,-0.168],[116.0515,-0.1555],[116.051,-0.1555],[116.039,-0.1675],[116.0215,-0.179],[116.018,-0.176],[115.9855,-0.1925],[115.985,-0.2045],[115.9935,-0.214],[116.0115,-0.2195],[116.0275,-0.2305],[116.0465,-0.2395],[116.068,-0.254],[116.075,-0.264],[116.08,-0.28],[116.0795,-0.2965],[116.0855,-0.3115],[116.0945,-0.3215],[116.0865,-0.329],[116.0795,-0.3335],[116.0785,-0.3345],[116.077,-0.3415],[116.084,-0.366],[116.093,-0.3875],[116.0995,-0.41],[116.1055,-0.4205],[116.118,-0.414],[116.1425,-0.4015],[116.1635,-0.387],[116.1785,-0.3585],[116.204,-0.3215],[116.2155,-0.2915],[116.228,-0.265],[116.2275,-0.2555]]]},"properties":{"code":"64.07.10.2020","name":"Tepian Ulaq"}},{"type":"Feature","geometry":{"type":"Polygon","coordinates":[[[116.0865,-0.329],[116.0945,-0.3215],[116.0855,-0.3115],[116.0795,-0.2965],[116.08,-0.28],[116.075,-0.264],[116.068,-0.254],[116.0465,-0.2395],[116.0355,-0.234],[116.03,-0.249],[116.029,-0.25],[116.028,-0.251],[116.026,-0.251],[116.0085,-0.2485],[115.982,-0.281],[115.981,-0.284],[115.9775,-0.284],[115.9795,-0.288],[115.9955,-0.302],[115.9965,-0.304],[115.9985,-0.306],[116.0065,-0.309],[116.016,-0.3155],[116.0465,-0.315],[116.062,-0.323],[116.064,-0.3235],[116.065,-0.323],[116.075,-0.3295],[116.0865,-0.329]]]},"properties":{"code":"64.07.10.2021","name":"Sebelang"}},{"type":"Feature","geometry":{"type":"Polygon","coordinates":[[[116.0865,-0.329],[116.075,-0.3295],[116.065,-0.323],[116.068,-0.3265],[116.064,-0.3595],[116.0725,-0.407],[116.079,-0.4165],[116.094,-0.426],[116.097,-0.425],[116.1055,-0.4205],[116.0995,-0.41],[116.093,-0.3875],[116.084,-0.366],[116.077,-0.3415],[116.0785,-0.3345],[116.0795,-0.3335],[116.0865,-0.329]]]},"properties":{"code":"64.07.10.2022","name":"Muara Baroh"}},{"type":"Feature","geometry":{"type":"Polygon","coordinates":[[[116.094,-0.426],[116.079,-0.4165],[116.0725,-0.407],[116.064,-0.3595],[116.068,-0.3265],[116.065,-0.323],[116.064,-0.3235],[116.0635,-0.3235],[116.06,-0.3365],[116.0445,-0.363],[116.0405,-0.375],[116.04,-0.3945],[116.047,-0.41],[116.0425,-0.441],[116.0635,-0.4335],[116.0745,-0.4335],[116.094,-0.426]]]},"properties":{"code":"64.07.10.2023","name":"Teluk Tempudau"}},{"type":"Feature","geometry":{"type":"Polygon","coordinates":[[[116.0635,-0.3235],[116.062,-0.323],[116.0465,-0.315],[116.016,-0.3155],[116.0065,-0.309],[116,-0.307],[115.984,-0.334],[115.972,-0.3285],[115.967,-0.336],[115.9595,-0.3465],[115.955,-0.3625],[115.947,-0.37],[115.952,-0.3705],[115.973,-0.3775],[115.9845,-0.3855],[115.9895,-0.4155],[116.0045,-0.44],[116.006,-0.447],[116.01,-0.4495],[116.0165,-0.4545],[116.018,-0.452],[116.0325,-0.445],[116.0425,-0.441],[116.047,-0.41],[116.04,-0.3945],[116.0405,-0.375],[116.0445,-0.363],[116.06,-0.3365],[116.0635,-0.3235]]]},"properties":{"code":"64.07.10.2024","name":"Tanjung Laong"}},{"type":"Feature","geometry":{"type":"Polygon","coordinates":[[[115.9655,-0.281],[115.953,-0.2775],[115.9545,-0.2925],[115.952,-0.295],[115.948,-0.294],[115.928,-0.3035],[115.9485,-0.327],[115.955,-0.3295],[115.959,-0.333],[115.967,-0.336],[115.972,-0.3285],[115.984,-0.334],[116,-0.307],[115.9985,-0.306],[115.9965,-0.304],[115.9955,-0.302],[115.9795,-0.288],[115.9745,-0.2955],[115.9655,-0.281]]]},"properties":{"code":"64.07.10.2025","name":"Tanjung Pagar"}},{"type":"Feature","geometry":{"type":"Polygon","coordinates":[[[116.006,-0.447],[116.0045,-0.44],[115.9895,-0.4155],[115.9845,-0.3855],[115.973,-0.3775],[115.9695,-0.376],[115.9695,-0.3775],[115.97,-0.379],[115.9735,-0.3845],[115.979,-0.389],[115.979,-0.3905],[115.9765,-0.393],[115.969,-0.3955],[115.962,-0.3875],[115.9585,-0.3895],[115.9575,-0.3905],[115.958,-0.392],[115.9595,-0.395],[115.956,-0.4055],[115.9475,-0.4155],[115.9495,-0.4185],[115.952,-0.423],[115.95,-0.425],[115.9525,-0.426],[115.9525,-0.4265],[115.961,-0.4315],[116.006,-0.447]]]},"properties":{"code":"64.07.10.2029","name":"Gunung Bayan"}},{"type":"Feature","geometry":{"type":"Polygon","coordinates":[[[115.928,-0.3035],[115.9205,-0.2955],[115.9035,-0.315],[115.8915,-0.322],[115.8615,-0.357],[115.8645,-0.3605],[115.8665,-0.3615],[115.947,-0.37],[115.955,-0.3625],[115.9595,-0.3465],[115.967,-0.336],[115.959,-0.333],[115.955,-0.3295],[115.9485,-0.327],[115.928,-0.3035]]]},"properties":{"code":"64.07.10.2030","name":"Muara Beloan"}},{"type":"Feature","geometry":{"type":"Polygon","coordinates":[[[116.114,-0.572],[116.091,-0.5715],[116.0885,-0.5905],[116.0815,-0.5985],[116.0905,-0.617],[116.0905,-0.618],[116.0935,-0.632],[116.094,-0.6325],[116.097,-0.6485],[116.09,-0.663],[116.0885,-0.6625],[116.088,-0.67],[116.0765,-0.6875],[116.077,-0.706],[116.077,-0.7075],[116.0685,-0.7185],[116.073,-0.742],[116.0735,-0.7405],[116.075,-0.739],[116.0765,-0.7385],[116.0765,-0.7375],[116.08,-0.7355],[116.083,-0.735],[116.0875,-0.736],[116.108,-0.7375],[116.1085,-0.6765],[116.1045,-0.6765],[116.1045,-0.624],[116.1365,-0.624],[116.136,-0.579],[116.114,-0.572]]]},"properties":{"code":"64.07.11.2001","name":"Pentat"}},{"type":"Feature","geometry":{"type":"Polygon","coordinates":[[[116.091,-0.5715],[116.0545,-0.567],[116.0545,-0.585],[116.0625,-0.5945],[116.051,-0.6135],[116.0475,-0.6405],[116.0515,-0.662],[116.041,-0.695],[116.043,-0.732],[116.073,-0.742],[116.0685,-0.7185],[116.077,-0.7075],[116.077,-0.706],[116.0765,-0.6875],[116.088,-0.67],[116.0885,-0.6625],[116.09,-0.663],[116.097,-0.6485],[116.094,-0.6325],[116.0935,-0.632],[116.0905,-0.618],[116.0905,-0.617],[116.0815,-0.5985],[116.0885,-0.5905],[116.091,-0.5715]]]},"properties":{"code":"64.07.11.2002","name":"Lembonah"}},{"type":"Feature","geometry":{"type":"Polygon","coordinates":[[[116.114,-0.572],[116.1155,-0.56],[116.1,-0.549],[116.0855,-0.547],[116.073,-0.553],[116.068,-0.561],[116.0545,-0.567],[116.091,-0.5715],[116.114,-0.572]]]},"properties":{"code":"64.07.11.2003","name":"Muara Nayan"}},{"type":"Feature","geometry":{"type":"Polygon","coordinates":[[[116.0745,-0.5015],[116.0745,-0.502],[116.059,-0.5015],[116.0345,-0.5175],[116.0215,-0.5205],[115.997,-0.5195],[115.9925,-0.529],[115.994,-0.529],[115.9955,-0.533],[115.9965,-0.538],[115.999,-0.562],[116.0245,-0.5565],[116.0425,-0.5575],[116.0545,-0.567],[116.068,-0.561],[116.073,-0.553],[116.0855,-0.547],[116.0915,-0.527],[116.0855,-0.51],[116.0785,-0.5045],[116.0745,-0.5015]]]},"properties":{"code":"64.07.11.2004","name":"Mancong"}},{"type":"Feature","geometry":{"type":"Polygon","coordinates":[[[116.0725,-0.4635],[116.074,-0.456],[116.059,-0.444],[116.0455,-0.44],[116.0325,-0.445],[116.018,-0.452],[116.009,-0.466],[115.9975,-0.486],[115.9975,-0.5055],[115.997,-0.5195],[116.0215,-0.5205],[116.0345,-0.5175],[116.059,-0.5015],[116.0745,-0.502],[116.074,-0.497],[116.0695,-0.489],[116.0725,-0.4635]]]},"properties":{"code":"64.07.11.2005","name":"Perigiq"}},{"type":"Feature","geometry":{"type":"Polygon","coordinates":[[[116.14,-0.4165],[116.135,-0.4055],[116.118,-0.414],[116.097,-0.425],[116.0745,-0.4335],[116.0635,-0.4335],[116.0455,-0.44],[116.059,-0.444],[116.074,-0.456],[116.0725,-0.4635],[116.106,-0.4615],[116.1325,-0.446],[116.139,-0.4375],[116.14,-0.4165]]]},"properties":{"code":"64.07.11.2006","name":"Muara Ohong"}},{"type":"Feature","geometry":{"type":"Polygon","coordinates":[[[116.163,-0.431],[116.14,-0.4165],[116.139,-0.4375],[116.1325,-0.446],[116.106,-0.4615],[116.0725,-0.4635],[116.0695,-0.489],[116.074,-0.497],[116.0745,-0.5015],[116.083,-0.508],[116.0935,-0.509],[116.113,-0.5025],[116.1385,-0.488],[116.1525,-0.473],[116.1625,-0.4685],[116.1635,-0.4315],[116.163,-0.431]]]},"properties":{"code":"64.07.11.2007","name":"Tanjung Jone"}},{"type":"Feature","geometry":{"type":"Polygon","coordinates":[[[116.13,-0.577],[116.1315,-0.5565],[116.1365,-0.5495],[116.1415,-0.526],[116.1615,-0.5045],[116.165,-0.4825],[116.1625,-0.4685],[116.1525,-0.473],[116.1385,-0.488],[116.113,-0.5025],[116.0935,-0.509],[116.083,-0.508],[116.0855,-0.51],[116.0915,-0.527],[116.0855,-0.547],[116.1,-0.549],[116.1155,-0.56],[116.114,-0.572],[116.13,-0.577]]]},"properties":{"code":"64.07.11.2008","name":"Tanjung Isuy"}},{"type":"Feature","geometry":{"type":"Polygon","coordinates":[[[116.173,-0.437],[116.1665,-0.4335],[116.1635,-0.4315],[116.1625,-0.4685],[116.165,-0.4825],[116.1615,-0.5045],[116.1415,-0.526],[116.1365,-0.5495],[116.1315,-0.5565],[116.13,-0.577],[116.136,-0.579],[116.1365,-0.624],[116.1545,-0.624],[116.1695,-0.6055],[116.1685,-0.586],[116.1835,-0.5455],[116.1875,-0.522],[116.1855,-0.4645],[116.188,-0.445],[116.173,-0.437]]]},"properties":{"code":"64.07.11.2009","name":"Tanjung Jan"}},{"type":"Feature","geometry":{"type":"Polygon","coordinates":[[[116.2425,-0.4325],[116.2415,-0.4345],[116.2235,-0.4295],[116.1905,-0.4405],[116.188,-0.445],[116.1855,-0.4645],[116.1875,-0.522],[116.1835,-0.5455],[116.1685,-0.586],[116.1695,-0.6055],[116.1545,-0.624],[116.166,-0.639],[116.21,-0.607],[116.2105,-0.5775],[116.261,-0.5335],[116.2625,-0.514],[116.2485,-0.502],[116.2505,-0.486],[116.266,-0.4495],[116.2495,-0.44],[116.2425,-0.4325]]]},"properties":{"code":"64.07.11.2010","name":"Pulau Lanting"}},{"type":"Feature","geometry":{"type":"Polygon","coordinates":[[[116.0545,-0.567],[116.0425,-0.5575],[116.0245,-0.5565],[115.999,-0.562],[116.004,-0.6125],[116.019,-0.6445],[116.0185,-0.654],[116.027,-0.6655],[116.0255,-0.682],[116.043,-0.732],[116.041,-0.695],[116.0515,-0.662],[116.0475,-0.6405],[116.051,-0.6135],[116.0625,-0.5945],[116.0545,-0.585],[116.0545,-0.567]]]},"properties":{"code":"64.07.11.2011","name":"Muara Tae"}},{"type":"Feature","geometry":{"type":"Polygon","coordinates":[[[116.1465,-0.624],[116.1045,-0.624],[116.1045,-0.6765],[116.1085,-0.6765],[116.108,-0.7375],[116.1125,-0.74],[116.113,-0.74],[116.119,-0.739],[116.1195,-0.737],[116.119,-0.735],[116.1135,-0.715],[116.115,-0.709],[116.116,-0.7035],[116.119,-0.6975],[116.131,-0.702],[116.151,-0.6765],[116.1465,-0.6395],[116.1465,-0.624]]]},"properties":{"code":"64.07.11.2012","name":"Bekokong Makmur"}},{"type":"Feature","geometry":{"type":"Polygon","coordinates":[[[116.116,-1.083],[116.101,-1.0625],[116.105,-1.056],[116.088,-1.0455],[116.085,-1.0185],[116.1015,-1.011],[116.0975,-1],[116.062,-0.971],[116.038,-0.968],[116.0325,-0.993],[116.0295,-1.018],[116.0105,-1.0385],[115.992,-1.056],[115.9845,-1.0685],[115.971,-1.078],[115.967,-1.0975],[115.9815,-1.1055],[115.9825,-1.1045],[115.9855,-1.082],[116.0125,-1.081],[116.0225,-1.0915],[116.0235,-1.0915],[116.043,-1.0885],[116.072,-1.0765],[116.0755,-1.076],[116.078,-1.077],[116.0785,-1.0795],[116.093,-1.086],[116.1155,-1.0825],[116.116,-1.083]]]},"properties":{"code":"64.07.12.2001","name":"Gerunggung"}},{"type":"Feature","geometry":{"type":"Polygon","coordinates":[[[116.5005,-0.858],[116.477,-0.8365],[116.4655,-0.8305],[116.436,-0.8235],[116.415,-0.8205],[116.3605,-0.8185],[116.308,-0.8045],[116.292,-0.7945],[116.2875,-0.784],[116.2695,-0.7965],[116.2495,-0.8],[116.2175,-0.855],[116.217,-0.855],[116.2115,-0.8885],[116.211,-0.906],[116.2315,-0.937],[116.2325,-0.966],[116.2485,-0.985],[116.267,-1.005],[116.2945,-1.0265],[116.3125,-1.0335],[116.3155,-1.03],[116.3365,-1.022],[116.359,-0.9975],[116.37,-0.9965],[116.3795,-0.987],[116.3845,-0.9665],[116.3925,-0.9725],[116.3955,-0.974],[116.432,-0.9695],[116.4355,-0.9695],[116.441,-0.9695],[116.44,-0.959],[116.4495,-0.951],[116.4735,-0.949],[116.479,-0.9375],[116.47,-0.917],[116.461,-0.9165],[116.4535,-0.9025],[116.452,-0.888],[116.4505,-0.8855],[116.454,-0.877],[116.4675,-0.8625],[116.487,-0.8645],[116.497,-0.8585],[116.5005,-0.858]]]},"properties":{"code":"64.07.12.2002","name":"Pereng Taliq"}},{"type":"Feature","geometry":{"type":"Polygon","coordinates":[[[116.065,-0.95],[116.058,-0.95],[116.035,-0.941],[116.034,-0.9535],[116.039,-0.9645],[116.038,-0.968],[116.062,-0.971],[116.0975,-1],[116.1015,-1.011],[116.085,-1.0185],[116.088,-1.0455],[116.105,-1.056],[116.101,-1.0625],[116.116,-1.083],[116.117,-1.083],[116.1335,-1.0925],[116.1395,-1.0885],[116.1525,-1.0955],[116.1715,-1.0985],[116.1805,-1.097],[116.196,-1.1005],[116.199,-1.1005],[116.2135,-1.103],[116.2245,-1.0955],[116.2305,-1.086],[116.247,-1.0855],[116.2515,-1.074],[116.2525,-1.0735],[116.2285,-1.041],[116.216,-1.037],[116.2015,-1.027],[116.179,-1.004],[116.1695,-0.999],[116.149,-0.97],[116.1345,-0.9555],[116.1185,-0.9525],[116.065,-0.95]]]},"properties":{"code":"64.07.12.2003","name":"Tanjung Soke"}},{"type":"Feature","geometry":{"type":"Polygon","coordinates":[[[116.08,-0.9085],[116.077,-0.9065],[116.0735,-0.902],[116.0585,-0.904],[116.061,-0.9175],[116.035,-0.941],[116.058,-0.95],[116.065,-0.95],[116.1185,-0.9525],[116.1345,-0.9555],[116.149,-0.97],[116.1695,-0.999],[116.179,-1.004],[116.2015,-1.027],[116.216,-1.037],[116.2285,-1.041],[116.2525,-1.0735],[116.2565,-1.0715],[116.262,-1.056],[116.2995,-1.052],[116.3075,-1.0395],[116.3125,-1.0335],[116.2945,-1.0265],[116.267,-1.005],[116.2485,-0.985],[116.2335,-0.9675],[116.2325,-0.969],[116.227,-0.9705],[116.1935,-0.966],[116.181,-0.949],[116.1735,-0.9465],[116.167,-0.9305],[116.17,-0.9215],[116.162,-0.915],[116.133,-0.9135],[116.124,-0.909],[116.091,-0.9155],[116.087,-0.917],[116.0835,-0.9135],[116.082,-0.9085],[116.081,-0.908],[116.08,-0.9085]]]},"properties":{"code":"64.07.12.2004","name":"Deraya"}},{"type":"Feature","geometry":{"type":"Polygon","coordinates":[[[116.217,-0.855],[116.1635,-0.8645],[116.131,-0.854],[116.084,-0.862],[116.0715,-0.862],[116.055,-0.8745],[116.041,-0.873],[116.041,-0.8845],[116.0585,-0.904],[116.0735,-0.902],[116.077,-0.9065],[116.08,-0.9085],[116.081,-0.908],[116.082,-0.9085],[116.0835,-0.9135],[116.087,-0.917],[116.091,-0.9155],[116.124,-0.909],[116.133,-0.9135],[116.162,-0.915],[116.17,-0.9215],[116.167,-0.9305],[116.1735,-0.9465],[116.181,-0.949],[116.1935,-0.966],[116.227,-0.9705],[116.2325,-0.969],[116.2335,-0.9675],[116.2325,-0.966],[116.2315,-0.937],[116.211,-0.906],[116.2115,-0.8885],[116.217,-0.855]]]},"properties":{"code":"64.07.12.2005","name":"Lemper"}},{"type":"Feature","geometry":{"type":"Polygon","coordinates":[[[116.193,-0.7465],[116.174,-0.747],[116.1745,-0.7305],[116.155,-0.7365],[116.133,-0.734],[116.1195,-0.736],[116.1195,-0.737],[116.119,-0.739],[116.113,-0.74],[116.1125,-0.74],[116.108,-0.7375],[116.0875,-0.736],[116.083,-0.735],[116.08,-0.7355],[116.0765,-0.7375],[116.0765,-0.7385],[116.075,-0.739],[116.0735,-0.7405],[116.073,-0.744],[116.0845,-0.75],[116.0845,-0.7505],[116.084,-0.7685],[116.0835,-0.7695],[116.0545,-0.809],[116.05,-0.8165],[116.041,-0.856],[116.041,-0.873],[116.055,-0.8745],[116.0715,-0.862],[116.084,-0.862],[116.131,-0.854],[116.1635,-0.8645],[116.2175,-0.855],[116.2495,-0.8],[116.2695,-0.7965],[116.2875,-0.784],[116.2835,-0.7725],[116.2775,-0.762],[116.257,-0.766],[116.2555,-0.78],[116.236,-0.7815],[116.2275,-0.7665],[116.194,-0.767],[116.193,-0.7465]]]},"properties":{"code":"64.07.12.2006","name":"Muara Siram"}},{"type":"Feature","geometry":{"type":"Polygon","coordinates":[[[116.166,-0.639],[116.1545,-0.624],[116.1465,-0.624],[116.1465,-0.6395],[116.151,-0.6765],[116.131,-0.702],[116.1385,-0.706],[116.1545,-0.7035],[116.164,-0.7145],[116.1785,-0.713],[116.203,-0.6985],[116.204,-0.6855],[116.1905,-0.6585],[116.166,-0.639]]]},"properties":{"code":"64.07.12.2007","name":"Resak"}},{"type":"Feature","geometry":{"type":"Polygon","coordinates":[[[116.4345,-0.693],[116.3555,-0.737],[116.3595,-0.7505],[116.371,-0.7555],[116.3755,-0.7695],[116.3715,-0.782],[116.352,-0.7835],[116.3335,-0.7945],[116.3325,-0.795],[116.322,-0.787],[116.3165,-0.729],[116.3165,-0.7115],[116.313,-0.7],[116.2935,-0.6805],[116.2665,-0.6795],[116.2455,-0.676],[116.2455,-0.6965],[116.254,-0.6985],[116.239,-0.727],[116.2305,-0.719],[116.224,-0.741],[116.238,-0.753],[116.26,-0.756],[116.2665,-0.7525],[116.266,-0.7525],[116.259,-0.749],[116.254,-0.7335],[116.26,-0.727],[116.2815,-0.723],[116.286,-0.731],[116.283,-0.7445],[116.274,-0.752],[116.2775,-0.762],[116.2835,-0.7725],[116.292,-0.7945],[116.308,-0.8045],[116.3605,-0.8185],[116.415,-0.8205],[116.436,-0.8235],[116.4655,-0.8305],[116.477,-0.8365],[116.5005,-0.858],[116.501,-0.858],[116.4915,-0.817],[116.493,-0.8165],[116.4925,-0.8155],[116.49,-0.814],[116.4905,-0.8135],[116.4935,-0.7985],[116.5035,-0.789],[116.5155,-0.762],[116.514,-0.7595],[116.515,-0.7585],[116.5225,-0.7555],[116.522,-0.7535],[116.5175,-0.751],[116.517,-0.748],[116.496,-0.752],[116.4855,-0.735],[116.484,-0.7345],[116.4755,-0.7385],[116.455,-0.735],[116.4495,-0.712],[116.4345,-0.693]]]},"properties":{"code":"64.07.12.2008","name":"Jambuk"}},{"type":"Feature","geometry":{"type":"Polygon","coordinates":[[[116.395,-0.6455],[116.363,-0.665],[116.3505,-0.665],[116.336,-0.6505],[116.276,-0.6485],[116.2755,-0.671],[116.2455,-0.676],[116.2665,-0.6795],[116.2935,-0.6805],[116.313,-0.7],[116.3165,-0.7115],[116.3165,-0.729],[116.322,-0.787],[116.3325,-0.795],[116.3335,-0.7945],[116.352,-0.7835],[116.3715,-0.782],[116.3755,-0.7695],[116.371,-0.7555],[116.3595,-0.7505],[116.3555,-0.737],[116.4345,-0.693],[116.4095,-0.6595],[116.395,-0.6455]]]},"properties":{"code":"64.07.12.2009","name":"Muara Gusik"}},{"type":"Feature","geometry":{"type":"Polygon","coordinates":[[[116.276,-0.6485],[116.2765,-0.614],[116.243,-0.609],[116.21,-0.607],[116.166,-0.639],[116.1905,-0.6585],[116.204,-0.6855],[116.203,-0.6985],[116.209,-0.7105],[116.218,-0.7165],[116.221,-0.717],[116.2225,-0.7185],[116.223,-0.719],[116.227,-0.7195],[116.2305,-0.719],[116.2245,-0.6915],[116.2455,-0.6965],[116.2455,-0.676],[116.2755,-0.671],[116.276,-0.6485]]]},"properties":{"code":"64.07.12.2010","name":"Penawai"}},{"type":"Feature","geometry":{"type":"Polygon","coordinates":[[[116.395,-0.6455],[116.3795,-0.6315],[116.375,-0.616],[116.32,-0.534],[116.287,-0.524],[116.255,-0.496],[116.2505,-0.486],[116.2485,-0.502],[116.2625,-0.514],[116.261,-0.5335],[116.2105,-0.5775],[116.21,-0.607],[116.243,-0.609],[116.2765,-0.614],[116.276,-0.6485],[116.336,-0.6505],[116.3505,-0.665],[116.363,-0.665],[116.395,-0.6455]]]},"properties":{"code":"64.07.12.2011","name":"Muara Kedang"}},{"type":"Feature","geometry":{"type":"Polygon","coordinates":[[[116.274,-0.752],[116.283,-0.7445],[116.286,-0.731],[116.2815,-0.723],[116.26,-0.727],[116.254,-0.7335],[116.259,-0.749],[116.266,-0.7525],[116.274,-0.752]]]},"properties":{"code":"64.07.12.2012","name":"Jambuk Makmur"}},{"type":"Feature","geometry":{"type":"Polygon","coordinates":[[[116.2305,-0.719],[116.227,-0.7195],[116.223,-0.719],[116.2225,-0.7185],[116.221,-0.717],[116.218,-0.7165],[116.209,-0.7105],[116.201,-0.721],[116.2005,-0.739],[116.193,-0.7465],[116.194,-0.767],[116.2275,-0.7665],[116.238,-0.753],[116.224,-0.741],[116.2305,-0.719]]]},"properties":{"code":"64.07.12.2014","name":"Siram Makmur"}},{"type":"Feature","geometry":{"type":"Polygon","coordinates":[[[116.131,-0.702],[116.119,-0.6975],[116.116,-0.7035],[116.115,-0.709],[116.1135,-0.715],[116.119,-0.735],[116.1195,-0.736],[116.133,-0.734],[116.155,-0.7365],[116.1745,-0.7305],[116.174,-0.747],[116.193,-0.7465],[116.2005,-0.739],[116.201,-0.721],[116.209,-0.7105],[116.203,-0.6985],[116.1785,-0.713],[116.164,-0.7145],[116.1545,-0.7035],[116.1385,-0.706],[116.131,-0.702]]]},"properties":{"code":"64.07.12.2015","name":"Siram Jaya"}},{"type":"Feature","geometry":{"type":"Polygon","coordinates":[[[116.2665,-0.7525],[116.26,-0.756],[116.238,-0.753],[116.2275,-0.7665],[116.236,-0.7815],[116.2555,-0.78],[116.257,-0.766],[116.2775,-0.762],[116.274,-0.752],[116.2665,-0.7525]]]},"properties":{"code":"64.07.12.2016","name":"Bukit Harapan"}},{"type":"Feature","geometry":{"type":"Polygon","coordinates":[[[116.2455,-0.6965],[116.2245,-0.6915],[116.2305,-0.719],[116.239,-0.727],[116.254,-0.6985],[116.2455,-0.6965]]]},"properties":{"code":"64.07.12.2019","name":"Tanjung Sari"}},{"type":"Feature","geometry":{"type":"Polygon","coordinates":[[[116.295,-0.3905],[116.2975,-0.388],[116.3045,-0.386],[116.3225,-0.39],[116.322,-0.3825],[116.3055,-0.359],[116.3015,-0.3485],[116.3065,-0.33],[116.2775,-0.289],[116.269,-0.2835],[116.2755,-0.312],[116.279,-0.376],[116.2905,-0.3915],[116.295,-0.3905]]]},"properties":{"code":"64.07.13.2001","name":"Loa Deras"}},{"type":"Feature","geometry":{"type":"Polygon","coordinates":[[[116.269,-0.2835],[116.2525,-0.2725],[116.25,-0.2795],[116.248,-0.29],[116.25,-0.319],[116.239,-0.3475],[116.2395,-0.3935],[116.279,-0.376],[116.2755,-0.312],[116.269,-0.2835]]]},"properties":{"code":"64.07.13.2002","name":"Minta"}},{"type":"Feature","geometry":{"type":"Polygon","coordinates":[[[116.2395,-0.3935],[116.239,-0.3475],[116.225,-0.382],[116.198,-0.3875],[116.163,-0.431],[116.1665,-0.4335],[116.173,-0.437],[116.1835,-0.4235],[116.231,-0.389],[116.2395,-0.4005],[116.2395,-0.3935]]]},"properties":{"code":"64.07.13.2003","name":"Tanjung Haur"}},{"type":"Feature","geometry":{"type":"Polygon","coordinates":[[[116.2395,-0.4005],[116.231,-0.389],[116.1835,-0.4235],[116.173,-0.437],[116.188,-0.445],[116.1905,-0.4405],[116.2235,-0.4295],[116.2415,-0.4345],[116.2425,-0.4325],[116.2355,-0.425],[116.233,-0.408],[116.236,-0.4005],[116.2395,-0.4005]]]},"properties":{"code":"64.07.13.2004","name":"Penyinggahan Ilir"}},{"type":"Feature","geometry":{"type":"Polygon","coordinates":[[[116.2525,-0.2725],[116.2275,-0.2555],[116.228,-0.265],[116.2155,-0.2915],[116.204,-0.3215],[116.1785,-0.3585],[116.1635,-0.387],[116.1425,-0.4015],[116.135,-0.4055],[116.14,-0.4165],[116.163,-0.431],[116.198,-0.3875],[116.225,-0.382],[116.25,-0.319],[116.248,-0.29],[116.25,-0.2795],[116.2525,-0.2725]]]},"properties":{"code":"64.07.13.2005","name":"Penyinggahan Ulu"}},{"type":"Feature","geometry":{"type":"Polygon","coordinates":[[[116.295,-0.3905],[116.2905,-0.3915],[116.279,-0.376],[116.2395,-0.3935],[116.2395,-0.4005],[116.2415,-0.4025],[116.271,-0.403],[116.283,-0.401],[116.2895,-0.4],[116.293,-0.3925],[116.295,-0.3905]]]},"properties":{"code":"64.07.13.2006","name":"Bakung"}},{"type":"Feature","geometry":{"type":"Polygon","coordinates":[[[115.7495,-1.0315],[115.7315,-1.0345],[115.722,-1.0245],[115.7085,-1.0305],[115.7275,-1.053],[115.7445,-1.0625],[115.75,-1.0795],[115.73,-1.0915],[115.7495,-1.105],[115.75,-1.121],[115.7565,-1.1335],[115.7665,-1.1375],[115.777,-1.1235],[115.789,-1.1175],[115.7915,-1.1145],[115.76,-1.075],[115.7635,-1.043],[115.7495,-1.0315]]]},"properties":{"code":"64.07.14.2001","name":"Randa Empas"}},{"type":"Feature","geometry":{"type":"Polygon","coordinates":[[[115.722,-1.0245],[115.6985,-1],[115.6815,-0.999],[115.632,-0.985],[115.6325,-0.986],[115.6245,-1.008],[115.6245,-1.0165],[115.64,-1.0195],[115.6475,-1.017],[115.6645,-1.009],[115.679,-1.009],[115.69,-1.0255],[115.7,-1.0295],[115.711,-1.075],[115.73,-1.0915],[115.75,-1.0795],[115.7445,-1.0625],[115.7275,-1.053],[115.7085,-1.0305],[115.722,-1.0245]]]},"properties":{"code":"64.07.14.2002","name":"Tukuq"}},{"type":"Feature","geometry":{"type":"Polygon","coordinates":[[[115.8095,-1.0155],[115.767,-0.9995],[115.734,-1.011],[115.7335,-1.018],[115.753,-1.0305],[115.7495,-1.0315],[115.7635,-1.043],[115.76,-1.075],[115.7915,-1.1145],[115.793,-1.1115],[115.7995,-1.101],[115.82,-1.0885],[115.836,-1.0925],[115.826,-1.07],[115.813,-1.0585],[115.8095,-1.0445],[115.8095,-1.0155]]]},"properties":{"code":"64.07.14.2003","name":"Tende"}},{"type":"Feature","geometry":{"type":"Polygon","coordinates":[[[115.8115,-0.999],[115.802,-0.9975],[115.7995,-0.9975],[115.8,-0.985],[115.7625,-0.988],[115.7525,-0.982],[115.7305,-0.962],[115.716,-0.9565],[115.702,-0.9445],[115.6225,-0.961],[115.626,-0.966],[115.631,-0.9765],[115.632,-0.985],[115.6815,-0.999],[115.6985,-1],[115.7315,-1.0345],[115.753,-1.0305],[115.7335,-1.018],[115.734,-1.011],[115.767,-0.9995],[115.8095,-1.0155],[115.8095,-1.0035],[115.8115,-0.999]]]},"properties":{"code":"64.07.14.2004","name":"Sambung"}},{"type":"Feature","geometry":{"type":"Polygon","coordinates":[[[115.722,-0.8295],[115.702,-0.83],[115.695,-0.8165],[115.6795,-0.821],[115.6785,-0.8215],[115.678,-0.8385],[115.6595,-0.847],[115.657,-0.858],[115.6405,-0.8655],[115.639,-0.8715],[115.616,-0.8865],[115.6165,-0.903],[115.589,-0.903],[115.5785,-0.908],[115.5915,-0.935],[115.6035,-0.9495],[115.6225,-0.961],[115.702,-0.9445],[115.695,-0.9395],[115.692,-0.9265],[115.698,-0.914],[115.6925,-0.903],[115.704,-0.896],[115.709,-0.877],[115.7065,-0.8675],[115.714,-0.8425],[115.722,-0.8295]]]},"properties":{"code":"64.07.14.2005","name":"Anan Jaya"}},{"type":"Feature","geometry":{"type":"Polygon","coordinates":[[[115.816,-0.8745],[115.7955,-0.875],[115.7665,-0.8465],[115.7625,-0.828],[115.7335,-0.8295],[115.722,-0.8295],[115.714,-0.8425],[115.7065,-0.8675],[115.709,-0.877],[115.704,-0.896],[115.6925,-0.903],[115.698,-0.914],[115.692,-0.9265],[115.695,-0.9395],[115.702,-0.9445],[115.716,-0.9565],[115.7305,-0.962],[115.7525,-0.982],[115.7625,-0.988],[115.8,-0.985],[115.7995,-0.9975],[115.802,-0.9975],[115.8115,-0.999],[115.8175,-0.9865],[115.823,-0.919],[115.824,-0.8935],[115.816,-0.8745]]]},"properties":{"code":"64.07.14.2006","name":"Jelmu Sibak"}},{"type":"Feature","geometry":{"type":"Polygon","coordinates":[[[115.817,-0.7515],[115.785,-0.7465],[115.7535,-0.753],[115.728,-0.7385],[115.722,-0.7395],[115.693,-0.753],[115.677,-0.763],[115.6735,-0.768],[115.673,-0.769],[115.6805,-0.78],[115.682,-0.784],[115.681,-0.788],[115.6805,-0.79],[115.678,-0.799],[115.679,-0.801],[115.6795,-0.8185],[115.6795,-0.821],[115.695,-0.8165],[115.702,-0.83],[115.7335,-0.8295],[115.7625,-0.828],[115.7665,-0.8465],[115.7955,-0.875],[115.816,-0.8745],[115.819,-0.8655],[115.815,-0.848],[115.8145,-0.8455],[115.816,-0.8445],[115.8225,-0.835],[115.8125,-0.817],[115.81,-0.8015],[115.821,-0.779],[115.8165,-0.7695],[115.822,-0.7525],[115.817,-0.7515]]]},"properties":{"code":"64.07.14.2007","name":"Suakong"}},{"type":"Feature","geometry":{"type":"Polygon","coordinates":[[[115.8045,-0.646],[115.7955,-0.644],[115.751,-0.629],[115.73,-0.6265],[115.7155,-0.6205],[115.672,-0.623],[115.6465,-0.63],[115.64,-0.636],[115.6355,-0.6425],[115.6395,-0.6685],[115.6495,-0.681],[115.677,-0.677],[115.72,-0.674],[115.7375,-0.6675],[115.752,-0.669],[115.7765,-0.68],[115.811,-0.681],[115.816,-0.678],[115.8035,-0.656],[115.804,-0.648],[115.8045,-0.646]]]},"properties":{"code":"64.07.14.2008","name":"Penarung"}},{"type":"Feature","geometry":{"type":"Polygon","coordinates":[[[115.816,-0.678],[115.811,-0.681],[115.7765,-0.68],[115.752,-0.669],[115.7375,-0.6675],[115.72,-0.674],[115.677,-0.677],[115.6495,-0.681],[115.638,-0.6915],[115.638,-0.708],[115.6415,-0.722],[115.6565,-0.729],[115.674,-0.752],[115.677,-0.763],[115.693,-0.753],[115.722,-0.7395],[115.728,-0.7385],[115.7535,-0.753],[115.785,-0.7465],[115.817,-0.7515],[115.821,-0.7395],[115.8175,-0.715],[115.816,-0.678]]]},"properties":{"code":"64.07.14.2009","name":"Dilang Puti"}},{"type":"Feature","geometry":{"type":"Polygon","coordinates":[[[115.5615,-0.12],[115.527,-0.1155],[115.5265,-0.116],[115.525,-0.1205],[115.5125,-0.1285],[115.519,-0.15],[115.5165,-0.165],[115.518,-0.1665],[115.5265,-0.167],[115.542,-0.162],[115.545,-0.1605],[115.5595,-0.148],[115.576,-0.1445],[115.58,-0.133],[115.5775,-0.12],[115.5615,-0.12]]]},"properties":{"code":"64.07.15.2001","name":"Linggang Melapeh Baru"}},{"type":"Feature","geometry":{"type":"Polygon","coordinates":[[[115.609,-0.117],[115.613,-0.111],[115.588,-0.1155],[115.5805,-0.12],[115.5775,-0.12],[115.58,-0.133],[115.576,-0.1445],[115.5855,-0.147],[115.5905,-0.1425],[115.593,-0.146],[115.594,-0.1455],[115.594,-0.145],[115.593,-0.144],[115.606,-0.134],[115.609,-0.117]]]},"properties":{"code":"64.07.15.2002","name":"Linggang Bigung Baru"}},{"type":"Feature","geometry":{"type":"Polygon","coordinates":[[[115.4345,0.038],[115.434,0.0535],[115.435,0.061],[115.4325,0.059],[115.431,0.0595],[115.4255,0.0585],[115.4235,0.0575],[115.41,0.052],[115.3955,0.058],[115.336,-0.0015],[115.3155,-0.0025],[115.3135,-0.0195],[115.3065,-0.02],[115.295,-0.035],[115.2915,-0.0495],[115.295,-0.0515],[115.295,-0.0525],[115.296,-0.053],[115.2975,-0.0535],[115.3,-0.0545],[115.3115,-0.0565],[115.335,-0.0535],[115.4065,-0.071],[115.4445,-0.0835],[115.463,-0.1105],[115.4875,-0.131],[115.4985,-0.1575],[115.495,-0.191],[115.5155,-0.1735],[115.519,-0.15],[115.5125,-0.1285],[115.525,-0.1205],[115.5265,-0.116],[115.519,-0.118],[115.4955,-0.099],[115.4865,-0.086],[115.489,-0.069],[115.488,-0.0465],[115.4855,-0.0315],[115.478,-0.018],[115.4755,-0.015],[115.4665,-0.012],[115.4545,0.0095],[115.456,0.0165],[115.445,0.032],[115.443,0.0315],[115.4345,0.038]]]},"properties":{"code":"64.07.15.2003","name":"Linggang Tutung"}},{"type":"Feature","geometry":{"type":"Polygon","coordinates":[[[115.594,-0.145],[115.594,-0.1455],[115.593,-0.146],[115.5905,-0.1425],[115.5855,-0.147],[115.576,-0.1445],[115.5595,-0.148],[115.545,-0.1605],[115.542,-0.162],[115.5265,-0.167],[115.518,-0.1665],[115.5165,-0.165],[115.5155,-0.1735],[115.495,-0.191],[115.5005,-0.199],[115.5035,-0.2165],[115.511,-0.213],[115.5345,-0.1885],[115.542,-0.189],[115.549,-0.192],[115.5965,-0.1895],[115.6065,-0.1835],[115.607,-0.183],[115.607,-0.167],[115.6175,-0.1645],[115.6335,-0.1665],[115.626,-0.1605],[115.608,-0.161],[115.603,-0.153],[115.596,-0.1485],[115.596,-0.1465],[115.594,-0.145]]]},"properties":{"code":"64.07.15.2004","name":"Linggang Melapeh"}},{"type":"Feature","geometry":{"type":"Polygon","coordinates":[[[115.6335,-0.1665],[115.6175,-0.1645],[115.607,-0.167],[115.607,-0.183],[115.609,-0.183],[115.6175,-0.1855],[115.6235,-0.177],[115.6375,-0.168],[115.6335,-0.1665]]]},"properties":{"code":"64.07.15.2005","name":"Linggang Mapan"}},{"type":"Feature","geometry":{"type":"Polygon","coordinates":[[[115.6375,-0.1355],[115.6225,-0.118],[115.609,-0.117],[115.606,-0.134],[115.593,-0.144],[115.596,-0.1465],[115.596,-0.1485],[115.6095,-0.1405],[115.6155,-0.1485],[115.603,-0.153],[115.608,-0.161],[115.626,-0.1605],[115.6335,-0.1665],[115.6375,-0.168],[115.6415,-0.168],[115.6465,-0.1685],[115.6485,-0.166],[115.6475,-0.161],[115.641,-0.1485],[115.6375,-0.1355]]]},"properties":{"code":"64.07.15.2006","name":"Linggang Bigung"}},{"type":"Feature","geometry":{"type":"Polygon","coordinates":[[[115.679,-0.129],[115.6475,-0.129],[115.644,-0.131],[115.6495,-0.144],[115.6415,-0.1495],[115.6475,-0.161],[115.6485,-0.166],[115.6495,-0.165],[115.6505,-0.165],[115.66,-0.1645],[115.663,-0.1655],[115.6635,-0.1645],[115.6635,-0.163],[115.6645,-0.1635],[115.6655,-0.162],[115.667,-0.164],[115.6685,-0.161],[115.669,-0.159],[115.677,-0.1455],[115.676,-0.1445],[115.6765,-0.1445],[115.6775,-0.145],[115.6785,-0.1395],[115.679,-0.129]]]},"properties":{"code":"64.07.15.2007","name":"Linggang Amer"}},{"type":"Feature","geometry":{"type":"Polygon","coordinates":[[[115.6445,-0.132],[115.6375,-0.1355],[115.641,-0.1485],[115.6415,-0.1495],[115.6495,-0.144],[115.6445,-0.132]]]},"properties":{"code":"64.07.15.2008","name":"Linggang Bangunsari"}},{"type":"Feature","geometry":{"type":"Polygon","coordinates":[[[115.603,-0.153],[115.6155,-0.1485],[115.6095,-0.1405],[115.596,-0.1485],[115.603,-0.153]]]},"properties":{"code":"64.07.15.2009","name":"Linggang Purwodadi"}},{"type":"Feature","geometry":{"type":"Polygon","coordinates":[[[115.65,-0.0985],[115.6415,-0.0955],[115.6385,-0.0935],[115.6385,-0.094],[115.6385,-0.095],[115.638,-0.097],[115.637,-0.0975],[115.6365,-0.099],[115.65,-0.114],[115.6475,-0.129],[115.679,-0.129],[115.6795,-0.1085],[115.6805,-0.1055],[115.6515,-0.1005],[115.6505,-0.1],[115.65,-0.0985]]]},"properties":{"code":"64.07.15.2010","name":"Linggang Mencelew"}},{"type":"Feature","geometry":{"type":"Polygon","coordinates":[[[115.6475,-0.129],[115.65,-0.114],[115.6365,-0.099],[115.635,-0.1005],[115.634,-0.101],[115.6335,-0.1025],[115.633,-0.104],[115.6315,-0.105],[115.63,-0.1065],[115.613,-0.111],[115.609,-0.117],[115.6225,-0.118],[115.6375,-0.1355],[115.6445,-0.132],[115.644,-0.131],[115.6475,-0.129]]]},"properties":{"code":"64.07.15.2011","name":"Linggang Kebut"}},{"type":"Feature","geometry":{"type":"Polygon","coordinates":[[[115.552,-0.3305],[115.535,-0.3255],[115.5305,-0.3205],[115.5025,-0.3095],[115.4945,-0.3035],[115.496,-0.311],[115.5125,-0.331],[115.504,-0.339],[115.5105,-0.347],[115.5105,-0.358],[115.4935,-0.3625],[115.467,-0.3615],[115.318,-0.4475],[115.327,-0.465],[115.353,-0.466],[115.384,-0.4725],[115.402,-0.496],[115.4095,-0.4935],[115.419,-0.4815],[115.44,-0.4775],[115.4425,-0.47],[115.4695,-0.4485],[115.5035,-0.452],[115.5245,-0.444],[115.5205,-0.4235],[115.5255,-0.407],[115.533,-0.394],[115.542,-0.3685],[115.55,-0.3635],[115.5715,-0.37],[115.5745,-0.37],[115.5775,-0.368],[115.5735,-0.361],[115.552,-0.3305]]]},"properties":{"code":"64.07.16.2001","name":"Dempar"}},{"type":"Feature","geometry":{"type":"Polygon","coordinates":[[[115.563,-0.217],[115.5555,-0.1985],[115.5535,-0.213],[115.548,-0.222],[115.534,-0.2325],[115.5155,-0.253],[115.5,-0.2635],[115.494,-0.2745],[115.4945,-0.2925],[115.4945,-0.3035],[115.5025,-0.3095],[115.5305,-0.3205],[115.535,-0.3255],[115.552,-0.3305],[115.5505,-0.3],[115.5455,-0.2915],[115.544,-0.268],[115.5535,-0.2555],[115.5725,-0.2505],[115.563,-0.217]]]},"properties":{"code":"64.07.16.2002","name":"Temula"}},{"type":"Feature","geometry":{"type":"Polygon","coordinates":[[[115.467,-0.3615],[115.4935,-0.3625],[115.5105,-0.358],[115.5105,-0.347],[115.504,-0.339],[115.5125,-0.331],[115.496,-0.311],[115.4945,-0.3035],[115.494,-0.31],[115.4875,-0.341],[115.467,-0.3615]]]},"properties":{"code":"64.07.16.2003","name":"Jontai"}},{"type":"Feature","geometry":{"type":"Polygon","coordinates":[[[115.542,-0.189],[115.5345,-0.1885],[115.511,-0.213],[115.5035,-0.2165],[115.4965,-0.224],[115.493,-0.2385],[115.461,-0.255],[115.432,-0.2455],[115.4285,-0.2415],[115.434,-0.261],[115.434,-0.2625],[115.421,-0.2715],[115.424,-0.2885],[115.423,-0.304],[115.404,-0.3145],[115.3935,-0.312],[115.3905,-0.3255],[115.3785,-0.336],[115.3655,-0.337],[115.362,-0.361],[115.3475,-0.3695],[115.3395,-0.3615],[115.3295,-0.364],[115.313,-0.374],[115.2985,-0.364],[115.285,-0.3595],[115.271,-0.362],[115.2655,-0.368],[115.2655,-0.3805],[115.2595,-0.3845],[115.259,-0.3865],[115.2575,-0.3875],[115.257,-0.3865],[115.2565,-0.3865],[115.2565,-0.387],[115.261,-0.4025],[115.254,-0.4125],[115.27,-0.45],[115.2845,-0.4585],[115.2955,-0.4585],[115.298,-0.456],[115.3115,-0.4505],[115.318,-0.4475],[115.467,-0.3615],[115.4875,-0.341],[115.494,-0.31],[115.4945,-0.2925],[115.494,-0.2745],[115.5,-0.2635],[115.5155,-0.253],[115.534,-0.2325],[115.548,-0.222],[115.5535,-0.213],[115.5555,-0.1985],[115.5515,-0.1975],[115.542,-0.189]]]},"properties":{"code":"64.07.16.2004","name":"Sembuan"}},{"type":"Feature","geometry":{"type":"Polygon","coordinates":[[[115.4285,-0.2415],[115.4145,-0.2135],[115.413,-0.211],[115.414,-0.2105],[115.405,-0.2],[115.416,-0.1625],[115.3975,-0.1525],[115.3895,-0.141],[115.379,-0.116],[115.3735,-0.1185],[115.3615,-0.103],[115.359,-0.0945],[115.3585,-0.0905],[115.337,-0.0865],[115.3325,-0.0795],[115.331,-0.0775],[115.33,-0.077],[115.329,-0.0755],[115.33,-0.074],[115.3285,-0.0735],[115.3285,-0.0725],[115.3265,-0.072],[115.3255,-0.072],[115.321,-0.07],[115.31,-0.072],[115.3085,-0.073],[115.3045,-0.0775],[115.304,-0.08],[115.3045,-0.081],[115.304,-0.082],[115.304,-0.083],[115.3045,-0.083],[115.314,-0.099],[115.3095,-0.118],[115.287,-0.128],[115.289,-0.142],[115.2835,-0.147],[115.271,-0.1425],[115.257,-0.1605],[115.241,-0.1645],[115.256,-0.1825],[115.2805,-0.1905],[115.298,-0.2075],[115.2965,-0.2155],[115.275,-0.228],[115.272,-0.2435],[115.2565,-0.2405],[115.2465,-0.2525],[115.25,-0.2575],[115.2545,-0.283],[115.254,-0.301],[115.23,-0.306],[115.2255,-0.311],[115.233,-0.323],[115.23,-0.3335],[115.2335,-0.3635],[115.2465,-0.3675],[115.255,-0.3845],[115.2565,-0.3865],[115.257,-0.3865],[115.2575,-0.3875],[115.259,-0.3865],[115.2595,-0.3845],[115.2655,-0.3805],[115.2655,-0.368],[115.271,-0.362],[115.285,-0.3595],[115.2985,-0.364],[115.313,-0.374],[115.3295,-0.364],[115.3395,-0.3615],[115.3475,-0.3695],[115.362,-0.361],[115.3655,-0.337],[115.3785,-0.336],[115.3905,-0.3255],[115.3935,-0.312],[115.404,-0.3145],[115.423,-0.304],[115.424,-0.2885],[115.421,-0.2715],[115.434,-0.2625],[115.434,-0.261],[115.4285,-0.2415]]]},"properties":{"code":"64.07.16.2005","name":"Intu Lingau"}},{"type":"Feature","geometry":{"type":"Polygon","coordinates":[[[115.631,-0.3315],[115.6215,-0.3115],[115.61,-0.303],[115.5995,-0.288],[115.5915,-0.264],[115.59,-0.2645],[115.5855,-0.2655],[115.5715,-0.283],[115.5765,-0.2985],[115.596,-0.3115],[115.6025,-0.3225],[115.631,-0.3315]]]},"properties":{"code":"64.07.16.2006","name":"Mu'ut"}},{"type":"Feature","geometry":{"type":"Polygon","coordinates":[[[115.5725,-0.2505],[115.5535,-0.2555],[115.544,-0.268],[115.5455,-0.2915],[115.5505,-0.3],[115.552,-0.3305],[115.5735,-0.361],[115.5795,-0.372],[115.5965,-0.3815],[115.6165,-0.381],[115.619,-0.365],[115.626,-0.3465],[115.632,-0.336],[115.631,-0.3315],[115.6025,-0.3225],[115.596,-0.3115],[115.5765,-0.2985],[115.5715,-0.283],[115.5595,-0.272],[115.5585,-0.264],[115.5725,-0.2505]]]},"properties":{"code":"64.07.16.2007","name":"Terajuk"}},{"type":"Feature","geometry":{"type":"Polygon","coordinates":[[[115.495,-0.191],[115.4985,-0.1575],[115.4875,-0.131],[115.463,-0.1105],[115.4445,-0.0835],[115.4065,-0.071],[115.335,-0.0535],[115.3115,-0.0565],[115.3,-0.0545],[115.2975,-0.0535],[115.296,-0.053],[115.295,-0.0525],[115.295,-0.053],[115.2885,-0.061],[115.2885,-0.064],[115.2915,-0.078],[115.3025,-0.083],[115.304,-0.083],[115.304,-0.082],[115.3045,-0.081],[115.304,-0.08],[115.3045,-0.0775],[115.3085,-0.073],[115.31,-0.072],[115.321,-0.07],[115.3255,-0.072],[115.3265,-0.072],[115.3285,-0.0725],[115.3285,-0.0735],[115.33,-0.074],[115.329,-0.0755],[115.33,-0.077],[115.331,-0.0775],[115.3325,-0.0795],[115.337,-0.0865],[115.3585,-0.0905],[115.359,-0.0945],[115.3615,-0.103],[115.3735,-0.1185],[115.379,-0.116],[115.3895,-0.141],[115.3975,-0.1525],[115.416,-0.1625],[115.405,-0.2],[115.414,-0.2105],[115.413,-0.211],[115.4145,-0.2135],[115.4285,-0.2415],[115.432,-0.2455],[115.461,-0.255],[115.493,-0.2385],[115.4965,-0.224],[115.5035,-0.2165],[115.5005,-0.199],[115.495,-0.191]]]},"properties":{"code":"64.07.16.2008","name":"Lakan Bilem"}},{"type":"Feature","geometry":{"type":"Polygon","coordinates":[[[115.5775,-0.368],[115.5745,-0.37],[115.5715,-0.37],[115.55,-0.3635],[115.542,-0.3685],[115.533,-0.394],[115.5255,-0.407],[115.5205,-0.4235],[115.5245,-0.444],[115.5325,-0.457],[115.569,-0.4475],[115.591,-0.4115],[115.592,-0.403],[115.613,-0.3845],[115.6165,-0.381],[115.5965,-0.3815],[115.5795,-0.372],[115.5775,-0.368]]]},"properties":{"code":"64.07.16.2009","name":"Sentalar"}},{"type":"Feature","geometry":{"type":"Polygon","coordinates":[[[115.5945,-0.2355],[115.563,-0.217],[115.5725,-0.2505],[115.5585,-0.264],[115.5595,-0.272],[115.5715,-0.283],[115.5855,-0.2655],[115.59,-0.2645],[115.5915,-0.264],[115.606,-0.258],[115.6045,-0.2475],[115.5945,-0.2355]]]},"properties":{"code":"64.07.16.2010","name":"Awai"}},{"type":"Feature","geometry":{"type":"Polygon","coordinates":[[[116.006,-0.447],[115.961,-0.4315],[115.9525,-0.4265],[115.9505,-0.4505],[115.942,-0.4545],[115.9405,-0.4525],[115.939,-0.454],[115.935,-0.457],[115.935,-0.4575],[115.9345,-0.458],[115.9675,-0.476],[115.9885,-0.4795],[115.9975,-0.486],[116.009,-0.466],[116.0165,-0.4545],[116.01,-0.4495],[116.006,-0.447]]]},"properties":{"code":"64.07.17.2001","name":"Tebisaq"}},{"type":"Feature","geometry":{"type":"Polygon","coordinates":[[[115.9525,-0.4265],[115.9525,-0.426],[115.95,-0.425],[115.952,-0.423],[115.9495,-0.4185],[115.9475,-0.4155],[115.956,-0.4055],[115.9595,-0.395],[115.958,-0.392],[115.9575,-0.3905],[115.9565,-0.392],[115.956,-0.393],[115.955,-0.3955],[115.9375,-0.4],[115.937,-0.401],[115.939,-0.4095],[115.934,-0.43],[115.9235,-0.438],[115.923,-0.453],[115.914,-0.4615],[115.9,-0.4625],[115.8915,-0.4685],[115.8835,-0.4835],[115.868,-0.486],[115.8635,-0.496],[115.853,-0.501],[115.8525,-0.5175],[115.8535,-0.5235],[115.855,-0.5265],[115.857,-0.5245],[115.8685,-0.5145],[115.8985,-0.5065],[115.9075,-0.4895],[115.9225,-0.4895],[115.997,-0.5195],[115.9975,-0.5055],[115.9965,-0.5045],[115.928,-0.481],[115.931,-0.4805],[115.9305,-0.48],[115.928,-0.479],[115.9345,-0.4585],[115.9345,-0.4575],[115.935,-0.457],[115.939,-0.454],[115.9405,-0.4525],[115.942,-0.4545],[115.9505,-0.4505],[115.9525,-0.4265]]]},"properties":{"code":"64.07.17.2002","name":"Kaliq"}},{"type":"Feature","geometry":{"type":"Polygon","coordinates":[[[115.9975,-0.486],[115.9885,-0.4795],[115.9675,-0.476],[115.9345,-0.458],[115.9345,-0.4585],[115.928,-0.479],[115.9305,-0.48],[115.931,-0.4805],[115.928,-0.481],[115.9965,-0.5045],[115.9975,-0.5055],[115.9975,-0.486]]]},"properties":{"code":"64.07.17.2003","name":"Tanah Mea"}},{"type":"Feature","geometry":{"type":"Polygon","coordinates":[[[115.997,-0.5195],[115.9225,-0.4895],[115.9075,-0.4895],[115.8985,-0.5065],[115.871,-0.5145],[115.881,-0.5225],[115.913,-0.519],[115.9405,-0.526],[115.9565,-0.5215],[115.962,-0.5265],[115.9925,-0.529],[115.997,-0.5195]]]},"properties":{"code":"64.07.17.2004","name":"Sang-Sang"}},{"type":"Feature","geometry":{"type":"Polygon","coordinates":[[[115.871,-0.5145],[115.8685,-0.5145],[115.857,-0.5245],[115.8555,-0.5265],[115.853,-0.5275],[115.8515,-0.528],[115.854,-0.5305],[115.8535,-0.5315],[115.855,-0.533],[115.857,-0.535],[115.8705,-0.5305],[115.888,-0.5385],[115.89,-0.5385],[115.9085,-0.53],[115.9095,-0.5305],[115.911,-0.531],[115.914,-0.5315],[115.9115,-0.549],[115.9115,-0.5495],[115.9265,-0.5515],[115.9395,-0.5895],[115.9405,-0.5895],[115.952,-0.5885],[115.97,-0.5785],[115.991,-0.555],[115.9945,-0.5455],[115.9945,-0.5395],[115.996,-0.537],[115.9955,-0.533],[115.994,-0.529],[115.962,-0.5265],[115.9565,-0.5215],[115.9405,-0.526],[115.913,-0.519],[115.881,-0.5225],[115.871,-0.5145]]]},"properties":{"code":"64.07.17.2005","name":"Muhur"}},{"type":"Feature","geometry":{"type":"Polygon","coordinates":[[[115.9115,-0.5495],[115.873,-0.5525],[115.877,-0.572],[115.8985,-0.574],[115.9005,-0.583],[115.918,-0.593],[115.9185,-0.5955],[115.9395,-0.5895],[115.9265,-0.5515],[115.9115,-0.5495]]]},"properties":{"code":"64.07.17.2006","name":"Muara Kelawit"}},{"type":"Feature","geometry":{"type":"Polygon","coordinates":[[[115.9115,-0.5495],[115.9115,-0.549],[115.914,-0.5315],[115.911,-0.531],[115.9095,-0.5305],[115.9085,-0.53],[115.89,-0.5385],[115.888,-0.5385],[115.8705,-0.5305],[115.857,-0.535],[115.855,-0.533],[115.8535,-0.5315],[115.854,-0.5305],[115.849,-0.529],[115.8425,-0.5325],[115.842,-0.5345],[115.8395,-0.535],[115.8295,-0.537],[115.8285,-0.5395],[115.8335,-0.555],[115.8145,-0.572],[115.8155,-0.574],[115.815,-0.5755],[115.8155,-0.577],[115.815,-0.578],[115.8155,-0.5795],[115.817,-0.5925],[115.8155,-0.5935],[115.8165,-0.5955],[115.819,-0.599],[115.8195,-0.6005],[115.8215,-0.604],[115.8465,-0.6035],[115.8675,-0.606],[115.8715,-0.6095],[115.8895,-0.6065],[115.918,-0.593],[115.9005,-0.583],[115.8985,-0.574],[115.877,-0.572],[115.873,-0.5525],[115.9115,-0.5495]]]},"properties":{"code":"64.07.17.2007","name":"Bentas"}},{"type":"Feature","geometry":{"type":"Polygon","coordinates":[[[115.9045,-0.686],[115.9055,-0.683],[115.8985,-0.603],[115.8895,-0.6065],[115.8715,-0.6095],[115.8675,-0.606],[115.8465,-0.6035],[115.8155,-0.604],[115.804,-0.648],[115.8035,-0.656],[115.816,-0.678],[115.8175,-0.715],[115.864,-0.694],[115.879,-0.69],[115.905,-0.696],[115.9045,-0.686]]]},"properties":{"code":"64.07.17.2008","name":"Betung"}},{"type":"Feature","geometry":{"type":"Polygon","coordinates":[[[115.905,-0.696],[115.879,-0.69],[115.864,-0.694],[115.8175,-0.715],[115.821,-0.7395],[115.817,-0.7515],[115.822,-0.7525],[115.8255,-0.744],[115.826,-0.7435],[115.8615,-0.7205],[115.8725,-0.7205],[115.883,-0.707],[115.9005,-0.7115],[115.9055,-0.6985],[115.905,-0.696]]]},"properties":{"code":"64.07.17.2009","name":"Kiaq"}},{"type":"Feature","geometry":{"type":"Polygon","coordinates":[[[115.9275,-0.7475],[115.927,-0.746],[115.927,-0.7445],[115.9155,-0.72],[115.916,-0.718],[115.915,-0.7105],[115.9055,-0.6985],[115.9005,-0.7115],[115.883,-0.707],[115.8725,-0.7205],[115.8615,-0.7205],[115.826,-0.7435],[115.8255,-0.744],[115.822,-0.7525],[115.8165,-0.7695],[115.821,-0.779],[115.81,-0.8015],[115.8125,-0.817],[115.8225,-0.835],[115.816,-0.8445],[115.8145,-0.8455],[115.8145,-0.846],[115.8305,-0.8515],[115.8455,-0.8505],[115.847,-0.838],[115.847,-0.794],[115.87,-0.77],[115.8935,-0.753],[115.9275,-0.7475]]]},"properties":{"code":"64.07.17.2010","name":"Tendiq"}},{"type":"Feature","geometry":{"type":"Polygon","coordinates":[[[115.9335,-0.8165],[115.9325,-0.8155],[115.932,-0.8135],[115.932,-0.809],[115.9305,-0.804],[115.93,-0.7935],[115.9265,-0.776],[115.927,-0.751],[115.9275,-0.749],[115.9275,-0.7475],[115.8935,-0.753],[115.87,-0.77],[115.847,-0.794],[115.847,-0.838],[115.8455,-0.8505],[115.8935,-0.861],[115.8955,-0.8595],[115.901,-0.8475],[115.9045,-0.8295],[115.9125,-0.8295],[115.9335,-0.8165]]]},"properties":{"code":"64.07.17.2011","name":"Penawang"}},{"type":"Feature","geometry":{"type":"Polygon","coordinates":[[[115.9385,-0.8165],[115.9125,-0.8295],[115.9045,-0.8295],[115.901,-0.8475],[115.8955,-0.8595],[115.8935,-0.861],[115.8455,-0.8505],[115.8305,-0.8515],[115.8145,-0.846],[115.815,-0.848],[115.819,-0.8655],[115.816,-0.8745],[115.824,-0.8935],[115.823,-0.919],[115.8175,-0.9865],[115.8095,-1.0035],[115.8095,-1.0445],[115.813,-1.0585],[115.826,-1.07],[115.836,-1.0925],[115.841,-1.104],[115.8435,-1.11],[115.875,-1.1015],[115.8955,-1.105],[115.9025,-1.1355],[115.9165,-1.1415],[115.922,-1.154],[115.934,-1.1465],[115.9375,-1.1385],[115.9635,-1.118],[115.979,-1.113],[115.9805,-1.1075],[115.9815,-1.1055],[115.967,-1.0975],[115.971,-1.078],[115.9845,-1.0685],[115.992,-1.056],[115.994,-1.054],[115.945,-1.0005],[115.947,-0.877],[115.952,-0.8645],[115.9515,-0.852],[115.9535,-0.849],[115.9535,-0.847],[115.9515,-0.8465],[115.9515,-0.844],[115.951,-0.8415],[115.9505,-0.837],[115.95,-0.832],[115.9465,-0.8265],[115.9455,-0.826],[115.9445,-0.823],[115.9415,-0.8225],[115.9385,-0.8165]]]},"properties":{"code":"64.07.17.2012","name":"Lendian Liang Nayuq"}},{"type":"Feature","geometry":{"type":"Polygon","coordinates":[[[115.9405,-0.5895],[115.9395,-0.5895],[115.9185,-0.5955],[115.8985,-0.603],[115.9055,-0.683],[115.9045,-0.686],[115.935,-0.686],[115.944,-0.69],[115.952,-0.6855],[115.952,-0.657],[115.9615,-0.6525],[115.9615,-0.651],[115.9415,-0.633],[115.941,-0.633],[115.94,-0.633],[115.94,-0.6325],[115.9415,-0.6225],[115.9505,-0.615],[115.9515,-0.605],[115.9405,-0.5895]]]},"properties":{"code":"64.07.17.2013","name":"Kenyanyan"}},{"type":"Feature","geometry":{"type":"Polygon","coordinates":[[[116.043,-0.732],[116.03,-0.735],[116.0015,-0.7355],[115.9805,-0.731],[115.982,-0.722],[115.977,-0.7045],[115.963,-0.691],[115.952,-0.6855],[115.944,-0.69],[115.935,-0.686],[115.9045,-0.686],[115.905,-0.696],[115.9055,-0.6985],[115.915,-0.7105],[115.916,-0.718],[115.9155,-0.72],[115.927,-0.7445],[115.927,-0.746],[115.9275,-0.7485],[115.927,-0.751],[115.9265,-0.776],[115.93,-0.7935],[115.9305,-0.804],[115.932,-0.809],[115.932,-0.8135],[115.9325,-0.8155],[115.9335,-0.8165],[115.9385,-0.8165],[115.9415,-0.8225],[115.9445,-0.823],[115.9455,-0.826],[115.9465,-0.8265],[115.95,-0.832],[115.9505,-0.837],[115.951,-0.8415],[115.9515,-0.844],[115.9515,-0.845],[115.9685,-0.8325],[115.9845,-0.8415],[115.9945,-0.82],[116.025,-0.8295],[116.0545,-0.809],[116.0835,-0.7695],[116.084,-0.7685],[116.0845,-0.7505],[116.0845,-0.75],[116.073,-0.744],[116.073,-0.742],[116.043,-0.732]]]},"properties":{"code":"64.07.17.2014","name":"Rikong"}},{"type":"Feature","geometry":{"type":"Polygon","coordinates":[[[116.041,-0.873],[116.041,-0.856],[116.05,-0.8165],[116.0545,-0.809],[116.025,-0.8295],[115.9945,-0.82],[115.9845,-0.8415],[115.9685,-0.8325],[115.9515,-0.845],[115.9515,-0.8465],[115.9535,-0.847],[115.9535,-0.849],[115.9515,-0.852],[115.952,-0.8645],[115.947,-0.877],[115.945,-1.0005],[115.994,-1.054],[116.0105,-1.0385],[116.0295,-1.018],[116.0325,-0.993],[116.039,-0.9645],[116.034,-0.9535],[116.035,-0.941],[116.061,-0.9175],[116.0585,-0.904],[116.041,-0.8845],[116.041,-0.873]]]},"properties":{"code":"64.07.17.2015","name":"Kendesiq"}},{"type":"Feature","geometry":{"type":"Polygon","coordinates":[[[115.999,-0.562],[115.996,-0.537],[115.9945,-0.5395],[115.9945,-0.5455],[115.991,-0.555],[115.97,-0.5785],[115.952,-0.5885],[115.9405,-0.5895],[115.9515,-0.605],[115.9505,-0.615],[115.9415,-0.6225],[115.94,-0.6325],[115.94,-0.633],[115.941,-0.633],[115.9415,-0.633],[115.9615,-0.651],[115.9615,-0.6525],[115.952,-0.657],[115.952,-0.6855],[115.963,-0.691],[115.977,-0.7045],[115.982,-0.722],[115.9805,-0.731],[116.0015,-0.7355],[116.03,-0.735],[116.043,-0.732],[116.0255,-0.682],[116.027,-0.6655],[116.0185,-0.654],[116.019,-0.6445],[116.004,-0.6125],[115.999,-0.562]]]},"properties":{"code":"64.07.17.2016","name":"Muara Ponaq"}},{"type":"Feature","geometry":{"type":"Polygon","coordinates":[[[115.9665,0.0065],[115.946,0.012],[115.9345,0.0245],[115.9,-0.0055],[115.898,-0.0275],[115.9,-0.0425],[115.894,-0.073],[115.908,-0.08],[115.909,-0.082],[115.91,-0.086],[115.909,-0.089],[115.9135,-0.0915],[115.9145,-0.0915],[115.9165,-0.0895],[115.917,-0.0895],[115.918,-0.091],[115.928,-0.106],[115.9285,-0.115],[115.9365,-0.128],[115.935,-0.142],[115.9345,-0.143],[115.926,-0.164],[115.9155,-0.163],[115.901,-0.1685],[115.8895,-0.1775],[115.872,-0.181],[115.873,-0.192],[115.8955,-0.2035],[115.903,-0.214],[115.9075,-0.2145],[115.9175,-0.216],[115.926,-0.1995],[115.935,-0.1905],[115.9395,-0.186],[115.959,-0.1815],[115.9695,-0.1605],[115.9885,-0.1445],[115.989,-0.1435],[115.988,-0.141],[115.986,-0.134],[115.9655,-0.1165],[115.9685,-0.099],[115.9625,-0.097],[115.9615,-0.0585],[115.961,-0.0585],[115.961,-0.046],[115.9485,-0.031],[115.948,-0.0155],[115.96,-0.007],[115.967,0.0055],[115.9665,0.0065]]]},"properties":{"code":"64.07.18.2001","name":"Sakaq Lotoq"}},{"type":"Feature","geometry":{"type":"Polygon","coordinates":[[[115.903,-0.214],[115.895,-0.214],[115.8815,-0.2395],[115.854,-0.2785],[115.8565,-0.2805],[115.8605,-0.281],[115.8635,-0.28],[115.8725,-0.2685],[115.876,-0.268],[115.88,-0.281],[115.8735,-0.29],[115.868,-0.299],[115.8715,-0.301],[115.877,-0.302],[115.89,-0.274],[115.8915,-0.272],[115.8955,-0.2505],[115.907,-0.2255],[115.9075,-0.2145],[115.903,-0.214]]]},"properties":{"code":"64.07.18.2002","name":"Sakaq Tada"}},{"type":"Feature","geometry":{"type":"Polygon","coordinates":[[[115.903,-0.214],[115.8955,-0.2035],[115.873,-0.192],[115.8715,-0.2065],[115.865,-0.221],[115.8505,-0.238],[115.8445,-0.239],[115.854,-0.262],[115.849,-0.2705],[115.8475,-0.271],[115.847,-0.2725],[115.847,-0.2735],[115.852,-0.277],[115.854,-0.2785],[115.8815,-0.2395],[115.895,-0.214],[115.903,-0.214]]]},"properties":{"code":"64.07.18.2003","name":"Gemuruh"}},{"type":"Feature","geometry":{"type":"Polygon","coordinates":[[[115.873,-0.168],[115.8565,-0.166],[115.851,-0.175],[115.8365,-0.187],[115.8215,-0.215],[115.8135,-0.222],[115.814,-0.226],[115.8165,-0.2285],[115.8355,-0.2315],[115.839,-0.2325],[115.842,-0.2355],[115.8445,-0.239],[115.8505,-0.238],[115.865,-0.221],[115.8715,-0.2065],[115.873,-0.192],[115.872,-0.181],[115.873,-0.168]]]},"properties":{"code":"64.07.18.2004","name":"Karangan"}},{"type":"Feature","geometry":{"type":"Polygon","coordinates":[[[115.844,-0.1205],[115.855,-0.1075],[115.8555,-0.092],[115.8445,-0.0695],[115.842,-0.0715],[115.832,-0.09],[115.8195,-0.0875],[115.8175,-0.09],[115.8165,-0.103],[115.8075,-0.1075],[115.7875,-0.1095],[115.7785,-0.119],[115.7795,-0.1195],[115.7835,-0.136],[115.7885,-0.14],[115.793,-0.142],[115.8015,-0.148],[115.825,-0.1465],[115.844,-0.1205]]]},"properties":{"code":"64.07.18.2005","name":"Merayaq"}},{"type":"Feature","geometry":{"type":"Polygon","coordinates":[[[115.898,-0.0275],[115.8865,-0.007],[115.8705,0.0095],[115.83,0.0175],[115.829,0.026],[115.8175,0.03],[115.797,0.025],[115.7955,0.003],[115.7835,-0.015],[115.7765,-0.014],[115.7745,-0.0135],[115.772,-0.015],[115.769,-0.015],[115.7685,-0.0165],[115.748,-0.029],[115.7395,-0.038],[115.7305,-0.031],[115.7275,-0.033],[115.7295,-0.0395],[115.729,-0.041],[115.73,-0.04],[115.7295,-0.041],[115.729,-0.042],[115.7285,-0.045],[115.7295,-0.0465],[115.735,-0.054],[115.737,-0.053],[115.738,-0.054],[115.739,-0.057],[115.7395,-0.0675],[115.7535,-0.09],[115.7555,-0.09],[115.758,-0.09],[115.773,-0.086],[115.7845,-0.1],[115.7875,-0.1095],[115.8075,-0.1075],[115.8165,-0.103],[115.8175,-0.09],[115.8195,-0.0875],[115.832,-0.09],[115.842,-0.0715],[115.845,-0.069],[115.8605,-0.0695],[115.8615,-0.0675],[115.866,-0.061],[115.868,-0.0605],[115.876,-0.064],[115.879,-0.0645],[115.894,-0.073],[115.9,-0.0425],[115.898,-0.0275]]]},"properties":{"code":"64.07.18.2006","name":"Linggang Marimun"}},{"type":"Feature","geometry":{"type":"Polygon","coordinates":[[[115.8565,-0.166],[115.8515,-0.1505],[115.856,-0.1445],[115.844,-0.1205],[115.825,-0.1465],[115.8015,-0.148],[115.793,-0.157],[115.8025,-0.162],[115.812,-0.1735],[115.8035,-0.184],[115.792,-0.1735],[115.7905,-0.1725],[115.7825,-0.1815],[115.7885,-0.1885],[115.807,-0.1965],[115.8075,-0.2],[115.8045,-0.202],[115.8005,-0.202],[115.793,-0.212],[115.798,-0.2155],[115.8025,-0.2165],[115.81,-0.216],[115.811,-0.216],[115.8135,-0.222],[115.8215,-0.215],[115.8365,-0.187],[115.851,-0.175],[115.8565,-0.166]]]},"properties":{"code":"64.07.18.2007","name":"Kelumpang"}},{"type":"Feature","geometry":{"type":"Polygon","coordinates":[[[115.9175,-0.216],[115.9075,-0.2145],[115.907,-0.2255],[115.8955,-0.2505],[115.8915,-0.272],[115.8935,-0.271],[115.8965,-0.2705],[115.9145,-0.271],[115.921,-0.265],[115.92,-0.258],[115.9275,-0.2255],[115.9175,-0.216]]]},"properties":{"code":"64.07.18.2008","name":"Gadur"}},{"type":"Feature","geometry":{"type":"Polygon","coordinates":[[[115.77,0.251],[115.758,0.258],[115.749,0.2465],[115.7525,0.238],[115.741,0.215],[115.7275,0.1975],[115.729,0.1925],[115.7465,0.1885],[115.7805,0.169],[115.8045,0.1585],[115.808,0.146],[115.817,0.138],[115.816,0.1305],[115.806,0.1255],[115.8025,0.115],[115.789,0.0995],[115.796,0.0895],[115.78,0.0585],[115.776,0.0555],[115.7765,0.032],[115.7615,0.0255],[115.75,0.008],[115.752,0.0065],[115.751,0.0055],[115.7505,0.0045],[115.767,-0.0055],[115.7705,-0.015],[115.772,-0.015],[115.7745,-0.0135],[115.7765,-0.014],[115.7835,-0.015],[115.7955,0.003],[115.797,0.025],[115.8175,0.03],[115.829,0.026],[115.83,0.0175],[115.8705,0.0095],[115.8865,-0.007],[115.898,-0.0275],[115.9,-0.0055],[115.9345,0.0245],[115.946,0.012],[115.9665,0.0065],[115.9665,0.0075],[115.9685,0.024],[115.98,0.0145],[115.9865,0.0165],[115.9895,0.0205],[115.9875,0.0415],[115.9925,0.0585],[115.994,0.06],[115.979,0.07],[115.9775,0.079],[115.981,0.0955],[115.9705,0.105],[115.9675,0.1025],[115.9585,0.1025],[115.959,0.1055],[115.9485,0.1135],[115.949,0.1145],[115.9115,0.126],[115.9105,0.1265],[115.89,0.138],[115.8885,0.149],[115.879,0.154],[115.875,0.167],[115.864,0.168],[115.8505,0.1865],[115.8365,0.189],[115.8365,0.19],[115.831,0.215],[115.8225,0.2195],[115.8045,0.209],[115.796,0.213],[115.7965,0.2285],[115.781,0.2265],[115.7635,0.232],[115.7685,0.2435],[115.77,0.248],[115.77,0.25],[115.77,0.251]]]},"properties":{"code":"64.07.18.2009","name":"Linggang Muara Batuq"}},{"type":"Feature","geometry":{"type":"Polygon","coordinates":[[[115.959,-0.1815],[115.9395,-0.186],[115.935,-0.1905],[115.926,-0.1995],[115.9175,-0.216],[115.9275,-0.2255],[115.92,-0.258],[115.921,-0.265],[115.9235,-0.2645],[115.9245,-0.2655],[115.925,-0.269],[115.9365,-0.2495],[115.9485,-0.243],[115.948,-0.2335],[115.9545,-0.216],[115.9625,-0.2055],[115.968,-0.2005],[115.9685,-0.199],[115.964,-0.194],[115.959,-0.1815]]]},"properties":{"code":"64.07.18.2010","name":"Muara Jawaq"}},{"type":"Feature","geometry":{"type":"Polygon","coordinates":[[[116.051,-0.1555],[116.036,-0.1455],[116.025,-0.1305],[116.019,-0.128],[116.0165,-0.112],[115.9985,-0.104],[115.986,-0.089],[115.971,-0.084],[115.977,-0.0745],[115.9635,-0.058],[115.9615,-0.0585],[115.9625,-0.097],[115.9685,-0.099],[115.9655,-0.1165],[115.986,-0.134],[115.988,-0.141],[115.989,-0.1435],[115.9885,-0.1445],[115.9695,-0.1605],[115.959,-0.1815],[115.964,-0.194],[115.9685,-0.199],[115.968,-0.2005],[115.965,-0.203],[115.9815,-0.224],[115.985,-0.234],[115.979,-0.2475],[115.9785,-0.274],[115.9655,-0.281],[115.9745,-0.2955],[115.9775,-0.284],[115.981,-0.284],[115.982,-0.281],[116.0085,-0.2485],[116.026,-0.251],[116.028,-0.251],[116.029,-0.25],[116.03,-0.249],[116.0355,-0.234],[116.0275,-0.2305],[116.0115,-0.2195],[115.9935,-0.214],[115.985,-0.2045],[115.9855,-0.1925],[116.018,-0.176],[116.0215,-0.179],[116.039,-0.1675],[116.051,-0.1555]]]},"properties":{"code":"64.07.18.2011","name":"Abit"}},{"type":"Feature","geometry":{"type":"Polygon","coordinates":[[[115.925,-0.269],[115.9245,-0.2655],[115.9235,-0.2645],[115.921,-0.265],[115.9145,-0.271],[115.8965,-0.2705],[115.928,-0.3035],[115.948,-0.294],[115.94,-0.2845],[115.929,-0.279],[115.926,-0.2755],[115.925,-0.269]]]},"properties":{"code":"64.07.18.2012","name":"Rembayan"}},{"type":"Feature","geometry":{"type":"Polygon","coordinates":[[[115.872,-0.181],[115.8895,-0.1775],[115.901,-0.1685],[115.9155,-0.163],[115.926,-0.164],[115.9345,-0.143],[115.935,-0.142],[115.9365,-0.128],[115.9285,-0.115],[115.928,-0.106],[115.918,-0.091],[115.917,-0.0895],[115.9165,-0.0895],[115.9145,-0.0915],[115.9135,-0.0915],[115.909,-0.089],[115.9075,-0.09],[115.9065,-0.094],[115.9045,-0.0975],[115.8935,-0.112],[115.8965,-0.1165],[115.9015,-0.138],[115.887,-0.147],[115.886,-0.154],[115.873,-0.168],[115.872,-0.181]]]},"properties":{"code":"64.07.18.2014","name":"Gunung Rampah"}},{"type":"Feature","geometry":{"type":"Polygon","coordinates":[[[115.894,-0.073],[115.879,-0.0645],[115.876,-0.064],[115.868,-0.0605],[115.866,-0.061],[115.8615,-0.0675],[115.8605,-0.0695],[115.845,-0.069],[115.8445,-0.0695],[115.8555,-0.092],[115.855,-0.1075],[115.844,-0.1205],[115.856,-0.1445],[115.8515,-0.1505],[115.8565,-0.166],[115.873,-0.168],[115.886,-0.154],[115.887,-0.147],[115.9015,-0.138],[115.8965,-0.1165],[115.8935,-0.112],[115.9045,-0.0975],[115.9065,-0.094],[115.9075,-0.09],[115.91,-0.086],[115.909,-0.082],[115.908,-0.08],[115.894,-0.073]]]},"properties":{"code":"64.07.18.2015","name":"Jengan"}},{"type":"Feature","geometry":{"type":"Polygon","coordinates":[[[115.7875,-0.1095],[115.7845,-0.1],[115.773,-0.086],[115.758,-0.09],[115.7555,-0.09],[115.7535,-0.09],[115.7515,-0.1],[115.7525,-0.117],[115.7545,-0.12],[115.758,-0.124],[115.7615,-0.1255],[115.7645,-0.125],[115.7775,-0.119],[115.7785,-0.119],[115.7875,-0.1095]]]},"properties":{"code":"64.07.18.2016","name":"Muara Kalaq"}},{"type":"Feature","geometry":{"type":"Polygon","coordinates":[[[115.9655,-0.281],[115.9785,-0.274],[115.979,-0.2475],[115.985,-0.234],[115.9815,-0.224],[115.965,-0.203],[115.9625,-0.2055],[115.9545,-0.216],[115.948,-0.2335],[115.9485,-0.243],[115.9365,-0.2495],[115.925,-0.269],[115.926,-0.2755],[115.929,-0.279],[115.94,-0.2845],[115.948,-0.294],[115.952,-0.295],[115.9545,-0.2925],[115.953,-0.2775],[115.9655,-0.281]]]},"properties":{"code":"64.07.18.2017","name":"Tondoh"}},{"type":"Feature","geometry":{"type":"Polygon","coordinates":[[[115.6595,-0.074],[115.6485,-0.072],[115.648,-0.076],[115.652,-0.0765],[115.658,-0.078],[115.659,-0.0765],[115.6595,-0.074]]]},"properties":{"code":"64.07.19.2001","name":"Tering Baru"}},{"type":"Feature","geometry":{"type":"Polygon","coordinates":[[[115.6815,-0.038],[115.663,-0.0315],[115.649,-0.048],[115.649,-0.06],[115.6455,-0.0675],[115.645,-0.0695],[115.6445,-0.0725],[115.6465,-0.072],[115.6485,-0.072],[115.6595,-0.074],[115.674,-0.0565],[115.6815,-0.038]]]},"properties":{"code":"64.07.19.2002","name":"Tering Lama"}},{"type":"Feature","geometry":{"type":"Polygon","coordinates":[[[115.6305,-0.0575],[115.6235,-0.0555],[115.6215,-0.0565],[115.6185,-0.066],[115.6235,-0.083],[115.613,-0.111],[115.63,-0.1065],[115.6315,-0.105],[115.633,-0.104],[115.6335,-0.1025],[115.634,-0.101],[115.635,-0.1005],[115.637,-0.0975],[115.638,-0.097],[115.6385,-0.095],[115.6385,-0.094],[115.6385,-0.0935],[115.638,-0.0935],[115.6365,-0.0825],[115.6545,-0.083],[115.6545,-0.0815],[115.6555,-0.08],[115.658,-0.078],[115.652,-0.0765],[115.648,-0.076],[115.6485,-0.072],[115.6465,-0.072],[115.644,-0.0725],[115.6355,-0.075],[115.6305,-0.0575]]]},"properties":{"code":"64.07.19.2003","name":"Linggang Tering Seberang"}},{"type":"Feature","geometry":{"type":"Polygon","coordinates":[[[115.692,0.3295],[115.683,0.3295],[115.6705,0.3145],[115.6835,0.3025],[115.684,0.2825],[115.6955,0.2785],[115.7115,0.2785],[115.7135,0.215],[115.7035,0.2025],[115.6945,0.201],[115.6775,0.162],[115.6685,0.156],[115.6565,0.163],[115.645,0.157],[115.6375,0.1525],[115.644,0.07],[115.644,0.0125],[115.6495,-0.017],[115.6495,-0.018],[115.6595,-0.0285],[115.661,-0.0295],[115.6615,-0.03],[115.663,-0.0315],[115.6815,-0.038],[115.6865,-0.039],[115.6975,-0.011],[115.709,-0.02],[115.7135,-0.0235],[115.7145,-0.0205],[115.7155,-0.021],[115.719,-0.0205],[115.72,-0.0185],[115.719,-0.017],[115.7205,-0.0165],[115.725,-0.0155],[115.728,-0.0175],[115.73,-0.0165],[115.7315,-0.0155],[115.731,-0.0145],[115.731,-0.014],[115.7325,-0.0135],[115.733,-0.011],[115.749,0.0035],[115.751,0.0055],[115.752,0.0065],[115.75,0.008],[115.7615,0.0255],[115.7765,0.032],[115.776,0.0555],[115.78,0.0585],[115.796,0.0895],[115.789,0.0995],[115.8025,0.115],[115.806,0.1255],[115.816,0.1305],[115.817,0.138],[115.808,0.146],[115.8045,0.1585],[115.7805,0.169],[115.7465,0.1885],[115.729,0.1925],[115.7275,0.1975],[115.741,0.215],[115.7525,0.238],[115.749,0.2465],[115.758,0.258],[115.77,0.251],[115.77,0.252],[115.7675,0.2575],[115.7775,0.271],[115.782,0.2845],[115.75,0.306],[115.7315,0.311],[115.7255,0.3075],[115.724,0.3055],[115.702,0.3155],[115.698,0.3185],[115.6965,0.323],[115.696,0.326],[115.692,0.3295]]]},"properties":{"code":"64.07.19.2004","name":"Tukul"}},{"type":"Feature","geometry":{"type":"Polygon","coordinates":[[[115.6215,-0.0565],[115.6185,-0.0575],[115.605,-0.053],[115.597,-0.0745],[115.5955,-0.0935],[115.5845,-0.101],[115.574,-0.1025],[115.5615,-0.12],[115.5805,-0.12],[115.588,-0.1155],[115.613,-0.111],[115.6235,-0.083],[115.6185,-0.066],[115.6215,-0.0565]]]},"properties":{"code":"64.07.19.2005","name":"Linggang Kelubaq"}},{"type":"Feature","geometry":{"type":"Polygon","coordinates":[[[115.6545,-0.083],[115.6365,-0.0825],[115.638,-0.0935],[115.6415,-0.0955],[115.65,-0.0985],[115.6495,-0.097],[115.65,-0.0945],[115.653,-0.0905],[115.6555,-0.09],[115.6555,-0.086],[115.6545,-0.083]]]},"properties":{"code":"64.07.19.2006","name":"Linggang Purworejo"}},{"type":"Feature","geometry":{"type":"Polygon","coordinates":[[[115.6865,-0.039],[115.6815,-0.038],[115.674,-0.0565],[115.6595,-0.074],[115.659,-0.0765],[115.6585,-0.077],[115.6575,-0.078],[115.6555,-0.08],[115.6545,-0.0815],[115.6555,-0.086],[115.6555,-0.09],[115.6745,-0.097],[115.6955,-0.0975],[115.711,-0.053],[115.6995,-0.0405],[115.6865,-0.039]]]},"properties":{"code":"64.07.19.2007","name":"Linggang Jelemuq"}},{"type":"Feature","geometry":{"type":"Polygon","coordinates":[[[115.5565,-0.0305],[115.5465,-0.0345],[115.544,-0.031],[115.5425,-0.028],[115.5405,-0.0265],[115.537,-0.026],[115.503,-0.0355],[115.488,-0.0465],[115.489,-0.069],[115.4865,-0.086],[115.4955,-0.099],[115.519,-0.118],[115.5235,-0.107],[115.5375,-0.086],[115.5505,-0.0805],[115.5505,-0.0615],[115.5555,-0.05],[115.5565,-0.0305]]]},"properties":{"code":"64.07.19.2008","name":"Kelian Dalam"}},{"type":"Feature","geometry":{"type":"Polygon","coordinates":[[[115.6025,-0.048],[115.565,-0.0375],[115.5645,-0.0365],[115.56,-0.032],[115.5565,-0.0305],[115.5555,-0.05],[115.5505,-0.0615],[115.5505,-0.0805],[115.5375,-0.086],[115.5235,-0.107],[115.519,-0.118],[115.527,-0.1155],[115.5615,-0.12],[115.574,-0.1025],[115.5845,-0.101],[115.5955,-0.0935],[115.597,-0.0745],[115.605,-0.053],[115.603,-0.05],[115.6025,-0.048]]]},"properties":{"code":"64.07.19.2009","name":"Linggang Muara Mujan"}},{"type":"Feature","geometry":{"type":"Polygon","coordinates":[[[115.712,-0.0225],[115.709,-0.02],[115.6975,-0.011],[115.6865,-0.039],[115.6995,-0.0405],[115.712,-0.0225]]]},"properties":{"code":"64.07.19.2010","name":"Muyub Ulu"}},{"type":"Feature","geometry":{"type":"Polygon","coordinates":[[[115.7505,0.0045],[115.749,0.0035],[115.733,-0.011],[115.7325,-0.0135],[115.731,-0.014],[115.731,-0.0145],[115.7315,-0.0155],[115.73,-0.0165],[115.728,-0.0175],[115.725,-0.0155],[115.7205,-0.0165],[115.719,-0.017],[115.72,-0.0185],[115.719,-0.0205],[115.7155,-0.021],[115.7145,-0.0205],[115.7135,-0.0235],[115.7195,-0.0555],[115.717,-0.0695],[115.729,-0.069],[115.739,-0.057],[115.738,-0.054],[115.737,-0.053],[115.735,-0.054],[115.7295,-0.0465],[115.7285,-0.045],[115.729,-0.042],[115.7295,-0.041],[115.73,-0.04],[115.729,-0.041],[115.7295,-0.0395],[115.7275,-0.033],[115.7305,-0.031],[115.7395,-0.038],[115.748,-0.029],[115.7685,-0.0165],[115.769,-0.015],[115.7705,-0.015],[115.767,-0.0055],[115.7505,0.0045]]]},"properties":{"code":"64.07.19.2011","name":"Muyub Aket"}},{"type":"Feature","geometry":{"type":"Polygon","coordinates":[[[115.7195,-0.0555],[115.711,-0.053],[115.6955,-0.0975],[115.6905,-0.1075],[115.729,-0.116],[115.7325,-0.1145],[115.7375,-0.115],[115.7375,-0.1145],[115.7435,-0.099],[115.7515,-0.1],[115.7535,-0.09],[115.7395,-0.0675],[115.739,-0.057],[115.729,-0.069],[115.717,-0.0695],[115.7195,-0.0555]]]},"properties":{"code":"64.07.19.2013","name":"Linggang Muyub Ilir"}},{"type":"Feature","geometry":{"type":"Polygon","coordinates":[[[115.7135,-0.0235],[115.712,-0.0225],[115.6995,-0.0405],[115.711,-0.053],[115.7195,-0.0555],[115.7135,-0.0235]]]},"properties":{"code":"64.07.19.2014","name":"Gabung Baru"}},{"type":"Feature","geometry":{"type":"Polygon","coordinates":[[[115.6955,-0.0975],[115.6745,-0.097],[115.6555,-0.09],[115.653,-0.0905],[115.65,-0.0945],[115.6495,-0.097],[115.6505,-0.1],[115.6515,-0.1005],[115.6905,-0.1075],[115.6955,-0.0975]]]},"properties":{"code":"64.07.19.2015","name":"Linggang Banjarejo"}},{"type":"Feature","geometry":{"type":"Polygon","coordinates":[[[115.663,-0.0315],[115.6615,-0.03],[115.661,-0.0295],[115.6595,-0.0285],[115.6495,-0.018],[115.6435,-0.0205],[115.6425,-0.022],[115.642,-0.022],[115.64,-0.0235],[115.638,-0.025],[115.639,-0.0275],[115.6415,-0.0385],[115.642,-0.0405],[115.6415,-0.0425],[115.6405,-0.051],[115.6365,-0.0545],[115.6305,-0.0575],[115.6355,-0.075],[115.644,-0.0725],[115.6445,-0.0725],[115.645,-0.0695],[115.6455,-0.0675],[115.649,-0.06],[115.649,-0.048],[115.663,-0.0315]]]},"properties":{"code":"64.07.19.2016","name":"Tering Lama Ulu"}},{"type":"Feature","geometry":{"type":"Polygon","coordinates":[[[115.7465,-0.247],[115.7385,-0.2435],[115.7385,-0.243],[115.731,-0.2525],[115.7195,-0.2445],[115.713,-0.2475],[115.712,-0.2565],[115.7175,-0.277],[115.725,-0.277],[115.745,-0.2645],[115.751,-0.2705],[115.755,-0.27],[115.7555,-0.2695],[115.7475,-0.2565],[115.7465,-0.247]]]},"properties":{"code":"64.07.20.2001","name":"Sekolaq Joleq"}},{"type":"Feature","geometry":{"type":"Polygon","coordinates":[[[115.7875,-0.239],[115.7845,-0.2395],[115.781,-0.239],[115.773,-0.244],[115.7645,-0.2555],[115.761,-0.263],[115.7605,-0.268],[115.7715,-0.266],[115.785,-0.2485],[115.787,-0.248],[115.7885,-0.247],[115.7885,-0.246],[115.789,-0.2455],[115.789,-0.245],[115.788,-0.2455],[115.7865,-0.2455],[115.786,-0.245],[115.787,-0.241],[115.7875,-0.241],[115.7875,-0.239]]]},"properties":{"code":"64.07.20.2002","name":"Sekolaq Muliaq"}},{"type":"Feature","geometry":{"type":"Polygon","coordinates":[[[115.806,-0.216],[115.8025,-0.2165],[115.798,-0.2155],[115.796,-0.2145],[115.7815,-0.225],[115.7715,-0.2275],[115.7635,-0.228],[115.7615,-0.23],[115.7575,-0.239],[115.7465,-0.247],[115.7475,-0.2565],[115.7555,-0.2695],[115.757,-0.2685],[115.7605,-0.268],[115.761,-0.263],[115.7645,-0.2555],[115.773,-0.244],[115.781,-0.239],[115.7845,-0.2395],[115.7875,-0.239],[115.7875,-0.2375],[115.7935,-0.2275],[115.8045,-0.2225],[115.8055,-0.2185],[115.806,-0.216]]]},"properties":{"code":"64.07.20.2003","name":"Sekolaq Oday"}},{"type":"Feature","geometry":{"type":"Polygon","coordinates":[[[115.7695,-0.2735],[115.7715,-0.266],[115.757,-0.2685],[115.755,-0.27],[115.751,-0.2705],[115.759,-0.29],[115.765,-0.2825],[115.7695,-0.2735]]]},"properties":{"code":"64.07.20.2004","name":"Srimulyo"}},{"type":"Feature","geometry":{"type":"Polygon","coordinates":[[[115.7385,-0.243],[115.735,-0.24],[115.731,-0.2375],[115.7295,-0.236],[115.7245,-0.24],[115.7195,-0.2445],[115.731,-0.2525],[115.7385,-0.243]]]},"properties":{"code":"64.07.20.2005","name":"Sumber Bangun"}},{"type":"Feature","geometry":{"type":"Polygon","coordinates":[[[115.785,-0.28],[115.7695,-0.2735],[115.764,-0.285],[115.7635,-0.288],[115.7645,-0.2905],[115.768,-0.294],[115.7695,-0.2975],[115.7765,-0.302],[115.788,-0.2905],[115.785,-0.28]]]},"properties":{"code":"64.07.20.2006","name":"Sumber Rejo"}},{"type":"Feature","geometry":{"type":"Polygon","coordinates":[[[115.751,-0.2705],[115.745,-0.2645],[115.725,-0.277],[115.7175,-0.277],[115.7185,-0.285],[115.71,-0.298],[115.7065,-0.319],[115.7485,-0.3395],[115.7555,-0.346],[115.7595,-0.3125],[115.769,-0.296],[115.768,-0.294],[115.7645,-0.2905],[115.7635,-0.288],[115.764,-0.285],[115.765,-0.2825],[115.759,-0.29],[115.751,-0.2705]]]},"properties":{"code":"64.07.20.2007","name":"Sekolaq Darat"}},{"type":"Feature","geometry":{"type":"Polygon","coordinates":[[[115.815,-0.2525],[115.809,-0.2485],[115.8045,-0.247],[115.79,-0.246],[115.789,-0.2455],[115.7885,-0.246],[115.7885,-0.247],[115.787,-0.248],[115.785,-0.2485],[115.7715,-0.266],[115.7695,-0.2735],[115.785,-0.28],[115.8085,-0.2715],[115.8155,-0.263],[115.815,-0.2525]]]},"properties":{"code":"64.07.20.2008","name":"Leleng"}}]}