{"type":"FeatureCollection","features":[{"type":"Feature","geometry":{"type":"Polygon","coordinates":[[[122.5655,-1.2775],[122.564,-1.277],[122.559,-1.2805],[122.5605,-1.283],[122.5655,-1.2775]]]},"properties":{"code":"72.01.01.1006","name":"Bugis"}},{"type":"Feature","geometry":{"type":"Polygon","coordinates":[[[122.558,-1.27],[122.5575,-1.271],[122.557,-1.2705],[122.556,-1.269],[122.554,-1.268],[122.553,-1.2675],[122.5505,-1.266],[122.55,-1.2645],[122.5395,-1.261],[122.5395,-1.243],[122.539,-1.239],[122.539,-1.2375],[122.538,-1.234],[122.534,-1.2275],[122.534,-1.2255],[122.5255,-1.2255],[122.5155,-1.236],[122.522,-1.2545],[122.528,-1.256],[122.5285,-1.256],[122.5295,-1.257],[122.531,-1.26],[122.5495,-1.275],[122.5535,-1.2745],[122.559,-1.2805],[122.564,-1.277],[122.558,-1.27]]]},"properties":{"code":"72.01.01.1007","name":"Balantang"}},{"type":"Feature","geometry":{"type":"Polygon","coordinates":[[[122.559,-1.2805],[122.5535,-1.2745],[122.5495,-1.275],[122.553,-1.277],[122.5565,-1.281],[122.5565,-1.284],[122.558,-1.284],[122.5605,-1.283],[122.559,-1.2805]]]},"properties":{"code":"72.01.01.1008","name":"Batui"}},{"type":"Feature","geometry":{"type":"Polygon","coordinates":[[[122.5255,-1.2255],[122.5195,-1.2145],[122.5175,-1.213],[122.5035,-1.212],[122.4725,-1.184],[122.4705,-1.178],[122.456,-1.1655],[122.4535,-1.163],[122.4395,-1.1595],[122.435,-1.1465],[122.422,-1.141],[122.411,-1.1255],[122.4055,-1.1215],[122.392,-1.1195],[122.3885,-1.114],[122.37,-1.101],[122.3675,-1.0875],[122.363,-1.086],[122.3535,-1.0805],[122.3315,-1.0885],[122.3145,-1.08],[122.3105,-1.0775],[122.309,-1.0765],[122.3085,-1.075],[122.3095,-1.0735],[122.3085,-1.0695],[122.3055,-1.068],[122.3045,-1.069],[122.3045,-1.0685],[122.302,-1.069],[122.302,-1.0695],[122.2985,-1.0695],[122.2955,-1.0705],[122.2915,-1.083],[122.2915,-1.084],[122.3085,-1.0925],[122.3135,-1.107],[122.3315,-1.1125],[122.333,-1.1215],[122.3265,-1.132],[122.329,-1.1335],[122.3375,-1.1345],[122.3555,-1.146],[122.3565,-1.1575],[122.3785,-1.1505],[122.412,-1.191],[122.418,-1.193],[122.4205,-1.1955],[122.424,-1.1945],[122.4305,-1.1895],[122.446,-1.1935],[122.45,-1.2],[122.464,-1.2025],[122.4685,-1.2045],[122.4705,-1.2055],[122.474,-1.2065],[122.477,-1.2155],[122.4745,-1.219],[122.474,-1.221],[122.476,-1.224],[122.477,-1.225],[122.48,-1.2275],[122.5005,-1.2405],[122.5005,-1.242],[122.4995,-1.2605],[122.5255,-1.2725],[122.531,-1.2865],[122.5405,-1.29],[122.544,-1.2915],[122.5475,-1.2865],[122.5565,-1.284],[122.5565,-1.281],[122.553,-1.277],[122.5495,-1.275],[122.531,-1.26],[122.5295,-1.257],[122.5285,-1.256],[122.528,-1.256],[122.522,-1.2545],[122.5155,-1.236],[122.5255,-1.2255]]]},"properties":{"code":"72.01.01.1009","name":"Tolando"}},{"type":"Feature","geometry":{"type":"Polygon","coordinates":[[[122.3585,-1.062],[122.358,-1.061],[122.36,-1.0585],[122.36,-1.057],[122.3555,-1.052],[122.3385,-1.0645],[122.326,-1.0575],[122.3155,-1.0635],[122.3075,-1.063],[122.3045,-1.0685],[122.3045,-1.069],[122.3055,-1.068],[122.3085,-1.0695],[122.3095,-1.0735],[122.3085,-1.075],[122.309,-1.0765],[122.3105,-1.0775],[122.3145,-1.08],[122.3315,-1.0885],[122.3535,-1.0805],[122.363,-1.086],[122.3675,-1.0875],[122.37,-1.101],[122.3885,-1.114],[122.392,-1.1195],[122.4055,-1.1215],[122.411,-1.1255],[122.422,-1.141],[122.435,-1.1465],[122.4395,-1.1595],[122.4535,-1.163],[122.456,-1.1655],[122.4705,-1.178],[122.4725,-1.184],[122.5035,-1.212],[122.5175,-1.213],[122.5195,-1.2145],[122.5255,-1.2255],[122.534,-1.2255],[122.534,-1.2275],[122.538,-1.234],[122.539,-1.2375],[122.539,-1.239],[122.5395,-1.243],[122.5395,-1.261],[122.55,-1.2645],[122.5505,-1.266],[122.553,-1.2675],[122.554,-1.268],[122.556,-1.269],[122.557,-1.2705],[122.5575,-1.271],[122.558,-1.27],[122.5635,-1.265],[122.5625,-1.262],[122.561,-1.2365],[122.548,-1.2355],[122.5505,-1.2135],[122.488,-1.162],[122.4685,-1.151],[122.451,-1.149],[122.442,-1.1435],[122.4345,-1.1265],[122.4285,-1.1265],[122.4155,-1.104],[122.407,-1.0965],[122.407,-1.084],[122.3975,-1.0855],[122.385,-1.071],[122.373,-1.0805],[122.3705,-1.0795],[122.3625,-1.072],[122.3605,-1.069],[122.3595,-1.066],[122.3585,-1.062]]]},"properties":{"code":"72.01.01.1010","name":"Lamo"}},{"type":"Feature","geometry":{"type":"Polygon","coordinates":[[[122.2915,-1.084],[122.291,-1.084],[122.29,-1.0835],[122.2885,-1.085],[122.289,-1.0865],[122.2835,-1.1015],[122.2915,-1.114],[122.3085,-1.127],[122.3115,-1.1395],[122.324,-1.155],[122.3365,-1.1535],[122.3485,-1.1605],[122.347,-1.1765],[122.356,-1.1805],[122.3715,-1.1955],[122.3775,-1.1935],[122.396,-1.204],[122.423,-1.211],[122.4555,-1.2065],[122.4585,-1.207],[122.46,-1.212],[122.4655,-1.217],[122.4685,-1.233],[122.4775,-1.24],[122.479,-1.246],[122.482,-1.2515],[122.4835,-1.254],[122.4845,-1.2545],[122.4865,-1.2575],[122.4925,-1.2635],[122.502,-1.268],[122.504,-1.279],[122.508,-1.2815],[122.51,-1.2815],[122.5125,-1.2815],[122.514,-1.284],[122.516,-1.291],[122.529,-1.294],[122.5485,-1.3185],[122.562,-1.3085],[122.57,-1.287],[122.5655,-1.2775],[122.5605,-1.283],[122.558,-1.284],[122.5475,-1.2865],[122.544,-1.2915],[122.5405,-1.29],[122.531,-1.2865],[122.5255,-1.2725],[122.4995,-1.2605],[122.5005,-1.242],[122.5005,-1.2405],[122.48,-1.2275],[122.477,-1.225],[122.476,-1.224],[122.474,-1.221],[122.4745,-1.219],[122.477,-1.2155],[122.474,-1.2065],[122.4705,-1.2055],[122.4685,-1.2045],[122.464,-1.2025],[122.45,-1.2],[122.446,-1.1935],[122.4305,-1.1895],[122.424,-1.1945],[122.4205,-1.1955],[122.418,-1.193],[122.412,-1.191],[122.3785,-1.1505],[122.3565,-1.1575],[122.3555,-1.146],[122.3375,-1.1345],[122.329,-1.1335],[122.3265,-1.132],[122.333,-1.1215],[122.3315,-1.1125],[122.3135,-1.107],[122.3085,-1.0925],[122.2915,-1.084]]]},"properties":{"code":"72.01.01.1017","name":"Sisipan"}},{"type":"Feature","geometry":{"type":"Polygon","coordinates":[[[122.5485,-1.3185],[122.529,-1.294],[122.516,-1.291],[122.514,-1.284],[122.5125,-1.2815],[122.51,-1.2815],[122.508,-1.2815],[122.5015,-1.2815],[122.4995,-1.2795],[122.498,-1.2795],[122.4965,-1.283],[122.4955,-1.2835],[122.4945,-1.284],[122.4925,-1.28],[122.4755,-1.2905],[122.485,-1.3035],[122.5165,-1.3185],[122.517,-1.3205],[122.5185,-1.32],[122.52,-1.3205],[122.525,-1.3255],[122.5345,-1.3295],[122.5355,-1.3305],[122.5485,-1.3185]]]},"properties":{"code":"72.01.01.1023","name":"Bakung"}},{"type":"Feature","geometry":{"type":"Polygon","coordinates":[[[122.435,-1.2385],[122.4315,-1.2415],[122.4265,-1.246],[122.4285,-1.2555],[122.4205,-1.2785],[122.4265,-1.287],[122.426,-1.2885],[122.428,-1.2875],[122.429,-1.289],[122.431,-1.289],[122.4475,-1.311],[122.448,-1.316],[122.4465,-1.317],[122.446,-1.3185],[122.445,-1.32],[122.445,-1.3205],[122.445,-1.32],[122.448,-1.3165],[122.4515,-1.3145],[122.4535,-1.3165],[122.468,-1.313],[122.478,-1.3225],[122.498,-1.355],[122.5125,-1.345],[122.5285,-1.3385],[122.5355,-1.3305],[122.5345,-1.3295],[122.525,-1.3255],[122.52,-1.3205],[122.5185,-1.32],[122.517,-1.3205],[122.5175,-1.321],[122.5095,-1.3245],[122.488,-1.3105],[122.483,-1.31],[122.466,-1.2805],[122.444,-1.2595],[122.442,-1.257],[122.4365,-1.252],[122.436,-1.249],[122.435,-1.2385]]]},"properties":{"code":"72.01.01.2002","name":"Nonong"}},{"type":"Feature","geometry":{"type":"Polygon","coordinates":[[[122.4755,-1.2905],[122.478,-1.2775],[122.4505,-1.254],[122.4455,-1.244],[122.4475,-1.2345],[122.446,-1.233],[122.444,-1.234],[122.4385,-1.236],[122.435,-1.2385],[122.436,-1.249],[122.4365,-1.252],[122.442,-1.257],[122.444,-1.2595],[122.466,-1.2805],[122.483,-1.31],[122.488,-1.3105],[122.5095,-1.3245],[122.5175,-1.321],[122.5165,-1.3195],[122.5165,-1.3185],[122.485,-1.3035],[122.4755,-1.2905]]]},"properties":{"code":"72.01.01.2003","name":"Kayowa"}},{"type":"Feature","geometry":{"type":"Polygon","coordinates":[[[122.2835,-1.1015],[122.2705,-1.1035],[122.269,-1.1035],[122.2695,-1.109],[122.2645,-1.1115],[122.2635,-1.1125],[122.2625,-1.1125],[122.2635,-1.114],[122.265,-1.116],[122.265,-1.118],[122.2675,-1.119],[122.2675,-1.122],[122.2715,-1.125],[122.2735,-1.1295],[122.274,-1.132],[122.2745,-1.1325],[122.2745,-1.133],[122.275,-1.133],[122.292,-1.147],[122.291,-1.161],[122.293,-1.1635],[122.308,-1.1665],[122.309,-1.167],[122.31,-1.1675],[122.313,-1.1745],[122.326,-1.1825],[122.3275,-1.183],[122.328,-1.1845],[122.332,-1.188],[122.337,-1.1935],[122.339,-1.196],[122.3395,-1.199],[122.3475,-1.2175],[122.3675,-1.236],[122.3735,-1.236],[122.391,-1.2485],[122.3935,-1.25],[122.399,-1.2475],[122.401,-1.246],[122.4025,-1.2455],[122.415,-1.24],[122.42,-1.242],[122.4265,-1.246],[122.4315,-1.2415],[122.435,-1.2385],[122.4385,-1.236],[122.444,-1.234],[122.446,-1.232],[122.4485,-1.2315],[122.4625,-1.229],[122.4685,-1.233],[122.4655,-1.217],[122.46,-1.212],[122.4585,-1.207],[122.4555,-1.2065],[122.423,-1.211],[122.396,-1.204],[122.3775,-1.1935],[122.3715,-1.1955],[122.356,-1.1805],[122.347,-1.1765],[122.3485,-1.1605],[122.3365,-1.1535],[122.324,-1.155],[122.3115,-1.1395],[122.3085,-1.127],[122.2915,-1.114],[122.2835,-1.1015]]]},"properties":{"code":"72.01.01.2005","name":"Ondo-Ondolu"}},{"type":"Feature","geometry":{"type":"Polygon","coordinates":[[[122.4005,-1.0515],[122.393,-1.055],[122.3905,-1.056],[122.3895,-1.057],[122.3855,-1.059],[122.381,-1.061],[122.38,-1.062],[122.376,-1.063],[122.362,-1.0625],[122.3585,-1.062],[122.3595,-1.066],[122.3605,-1.069],[122.3625,-1.072],[122.3705,-1.0795],[122.373,-1.0805],[122.385,-1.071],[122.3975,-1.0855],[122.407,-1.084],[122.407,-1.0965],[122.4155,-1.104],[122.4285,-1.1265],[122.4345,-1.1265],[122.442,-1.1435],[122.451,-1.149],[122.4685,-1.151],[122.488,-1.162],[122.5505,-1.2135],[122.548,-1.2355],[122.561,-1.2365],[122.5625,-1.262],[122.5635,-1.265],[122.572,-1.261],[122.5685,-1.23],[122.5565,-1.219],[122.5475,-1.182],[122.5295,-1.188],[122.522,-1.1745],[122.5085,-1.1715],[122.497,-1.159],[122.494,-1.149],[122.4825,-1.141],[122.4815,-1.132],[122.468,-1.1315],[122.455,-1.116],[122.4335,-1.107],[122.4205,-1.083],[122.424,-1.066],[122.425,-1.0645],[122.424,-1.0645],[122.4235,-1.063],[122.422,-1.0625],[122.42,-1.062],[122.4185,-1.0615],[122.4185,-1.061],[122.4115,-1.06],[122.411,-1.059],[122.4095,-1.058],[122.4075,-1.0585],[122.4065,-1.059],[122.406,-1.0585],[122.4045,-1.0575],[122.4005,-1.0515]]]},"properties":{"code":"72.01.01.2011","name":"Honbola"}},{"type":"Feature","geometry":{"type":"Polygon","coordinates":[[[122.5355,-1.149],[122.5365,-1.152],[122.537,-1.154],[122.5365,-1.1545],[122.5345,-1.156],[122.5325,-1.156],[122.528,-1.1575],[122.522,-1.1535],[122.5195,-1.155],[122.518,-1.154],[122.5195,-1.1455],[122.511,-1.14],[122.4985,-1.101],[122.497,-1.1],[122.4965,-1.1],[122.494,-1.1015],[122.481,-1.095],[122.456,-1.0905],[122.4385,-1.0725],[122.4315,-1.07],[122.43,-1.069],[122.4265,-1.066],[122.4255,-1.065],[122.425,-1.0645],[122.424,-1.0655],[122.424,-1.066],[122.4205,-1.083],[122.4335,-1.107],[122.455,-1.116],[122.468,-1.1315],[122.4815,-1.132],[122.4825,-1.141],[122.494,-1.149],[122.497,-1.159],[122.5085,-1.1715],[122.522,-1.1745],[122.5295,-1.188],[122.5475,-1.182],[122.5565,-1.219],[122.5685,-1.23],[122.572,-1.261],[122.596,-1.25],[122.6215,-1.241],[122.632,-1.235],[122.6295,-1.234],[122.6295,-1.23],[122.616,-1.23],[122.606,-1.2245],[122.604,-1.224],[122.596,-1.2215],[122.594,-1.222],[122.5805,-1.209],[122.5735,-1.1855],[122.556,-1.176],[122.549,-1.15],[122.5355,-1.149]]]},"properties":{"code":"72.01.01.2012","name":"Uso"}},{"type":"Feature","geometry":{"type":"Polygon","coordinates":[[[122.4685,-1.233],[122.4625,-1.229],[122.4485,-1.2315],[122.446,-1.232],[122.446,-1.233],[122.4475,-1.2345],[122.4455,-1.244],[122.4505,-1.254],[122.478,-1.2775],[122.4755,-1.2905],[122.4925,-1.28],[122.4945,-1.284],[122.4955,-1.2835],[122.4965,-1.283],[122.498,-1.2795],[122.4995,-1.2795],[122.5015,-1.2815],[122.504,-1.279],[122.502,-1.268],[122.4925,-1.2635],[122.4865,-1.2575],[122.4845,-1.2545],[122.4835,-1.254],[122.482,-1.2515],[122.479,-1.246],[122.4775,-1.24],[122.4685,-1.233]]]},"properties":{"code":"72.01.01.2016","name":"Ondo-Ondolu I"}},{"type":"Feature","geometry":{"type":"Polygon","coordinates":[[[122.1695,-0.841],[122.1695,-0.838],[122.1635,-0.828],[122.163,-0.8285],[122.1625,-0.83],[122.1615,-0.831],[122.158,-0.833],[122.1685,-0.841],[122.1695,-0.841]]]},"properties":{"code":"72.01.02.1014","name":"Bunta I"}},{"type":"Feature","geometry":{"type":"Polygon","coordinates":[[[122.1855,-0.8145],[122.1775,-0.8105],[122.1615,-0.817],[122.158,-0.833],[122.1615,-0.831],[122.1625,-0.83],[122.163,-0.8285],[122.1635,-0.828],[122.164,-0.8275],[122.1685,-0.829],[122.171,-0.8285],[122.1815,-0.8255],[122.1845,-0.8195],[122.185,-0.815],[122.1855,-0.8145]]]},"properties":{"code":"72.01.02.1025","name":"Bunta II"}},{"type":"Feature","geometry":{"type":"Polygon","coordinates":[[[122.1815,-0.8255],[122.171,-0.8285],[122.1685,-0.829],[122.164,-0.8275],[122.1635,-0.828],[122.1695,-0.838],[122.1695,-0.841],[122.17,-0.841],[122.173,-0.8415],[122.185,-0.8475],[122.194,-0.8375],[122.1945,-0.8335],[122.1925,-0.834],[122.19,-0.8315],[122.186,-0.83],[122.1825,-0.828],[122.1815,-0.8285],[122.181,-0.828],[122.1815,-0.8255]]]},"properties":{"code":"72.01.02.1047","name":"Salabenda"}},{"type":"Feature","geometry":{"type":"Polygon","coordinates":[[[122.185,-0.8475],[122.173,-0.8415],[122.17,-0.841],[122.1685,-0.841],[122.161,-0.8525],[122.161,-0.853],[122.1615,-0.854],[122.167,-0.859],[122.174,-0.8615],[122.2,-0.8655],[122.204,-0.8595],[122.204,-0.858],[122.202,-0.855],[122.2005,-0.8535],[122.199,-0.8515],[122.1955,-0.8505],[122.189,-0.8495],[122.1865,-0.849],[122.185,-0.8475]]]},"properties":{"code":"72.01.02.1048","name":"Kalaka"}},{"type":"Feature","geometry":{"type":"Polygon","coordinates":[[[122.201,-0.8675],[122.163,-0.8625],[122.152,-0.8655],[122.1505,-0.8645],[122.1485,-0.864],[122.1485,-0.879],[122.1585,-0.8765],[122.1595,-0.876],[122.1605,-0.8765],[122.196,-0.873],[122.201,-0.8675]]]},"properties":{"code":"72.01.02.2015","name":"Bohotokong"}},{"type":"Feature","geometry":{"type":"Polygon","coordinates":[[[122.2095,-0.874],[122.201,-0.868],[122.201,-0.8675],[122.196,-0.873],[122.1605,-0.8765],[122.1595,-0.876],[122.1585,-0.8765],[122.1585,-0.877],[122.1595,-0.878],[122.17,-0.882],[122.172,-0.881],[122.172,-0.883],[122.1735,-0.8825],[122.176,-0.8815],[122.1775,-0.881],[122.2005,-0.8835],[122.202,-0.883],[122.2095,-0.874]]]},"properties":{"code":"72.01.02.2016","name":"Dondo Soboli"}},{"type":"Feature","geometry":{"type":"Polygon","coordinates":[[[122.216,-0.8915],[122.2115,-0.8845],[122.2095,-0.8835],[122.213,-0.88],[122.2095,-0.874],[122.202,-0.883],[122.2005,-0.8835],[122.1775,-0.881],[122.176,-0.8815],[122.1735,-0.8825],[122.1725,-0.883],[122.1715,-0.8855],[122.171,-0.8935],[122.1705,-0.8955],[122.1695,-0.8965],[122.1715,-0.897],[122.175,-0.8965],[122.1795,-0.8965],[122.1815,-0.896],[122.2005,-0.901],[122.2015,-0.9],[122.2025,-0.8995],[122.2065,-0.8985],[122.207,-0.8985],[122.2085,-0.8975],[122.216,-0.8915]]]},"properties":{"code":"72.01.02.2017","name":"Laonggo"}},{"type":"Feature","geometry":{"type":"Polygon","coordinates":[[[122.2435,-0.847],[122.241,-0.8445],[122.236,-0.844],[122.2365,-0.842],[122.2315,-0.8365],[122.231,-0.835],[122.231,-0.8345],[122.2305,-0.835],[122.23,-0.8365],[122.228,-0.8385],[122.2265,-0.8465],[122.2225,-0.8485],[122.221,-0.8475],[122.2205,-0.847],[122.2195,-0.8475],[122.214,-0.8505],[122.2105,-0.8525],[122.2115,-0.86],[122.211,-0.864],[122.2215,-0.868],[122.2255,-0.8665],[122.23,-0.861],[122.234,-0.8565],[122.2415,-0.8495],[122.2435,-0.847]]]},"properties":{"code":"72.01.02.2023","name":"Hion"}},{"type":"Feature","geometry":{"type":"Polygon","coordinates":[[[122.231,-0.8345],[122.229,-0.8335],[122.215,-0.828],[122.2115,-0.8265],[122.212,-0.8305],[122.2105,-0.8335],[122.2075,-0.841],[122.206,-0.8435],[122.2045,-0.846],[122.2015,-0.8495],[122.1985,-0.8505],[122.199,-0.8515],[122.2005,-0.8535],[122.202,-0.855],[122.204,-0.858],[122.2045,-0.8595],[122.205,-0.8605],[122.208,-0.861],[122.2105,-0.8615],[122.2115,-0.86],[122.2105,-0.8525],[122.214,-0.8505],[122.2195,-0.8475],[122.2205,-0.847],[122.221,-0.8475],[122.2225,-0.8485],[122.2265,-0.8465],[122.228,-0.8385],[122.23,-0.8365],[122.2305,-0.835],[122.231,-0.8345]]]},"properties":{"code":"72.01.02.2024","name":"Tombongan Ulos"}},{"type":"Feature","geometry":{"type":"Polygon","coordinates":[[[122.2435,-0.789],[122.2305,-0.786],[122.214,-0.7945],[122.202,-0.7885],[122.195,-0.806],[122.1855,-0.8145],[122.185,-0.815],[122.1845,-0.8195],[122.1815,-0.8255],[122.181,-0.828],[122.1815,-0.8285],[122.1825,-0.828],[122.186,-0.83],[122.19,-0.8315],[122.1925,-0.834],[122.197,-0.832],[122.2095,-0.826],[122.2115,-0.8265],[122.215,-0.828],[122.229,-0.8335],[122.231,-0.8345],[122.2315,-0.8365],[122.2365,-0.842],[122.236,-0.844],[122.241,-0.8445],[122.2435,-0.847],[122.244,-0.847],[122.253,-0.8335],[122.2695,-0.83],[122.2705,-0.8285],[122.2605,-0.817],[122.2555,-0.808],[122.2545,-0.804],[122.2545,-0.802],[122.253,-0.8025],[122.251,-0.8035],[122.249,-0.8035],[122.243,-0.792],[122.2435,-0.79],[122.2435,-0.789]]]},"properties":{"code":"72.01.02.2026","name":"Pongian"}},{"type":"Feature","geometry":{"type":"Polygon","coordinates":[[[122.315,-0.7935],[122.3005,-0.7895],[122.2885,-0.7915],[122.266,-0.787],[122.2575,-0.7915],[122.2435,-0.789],[122.2435,-0.79],[122.243,-0.792],[122.249,-0.8035],[122.251,-0.8035],[122.253,-0.8025],[122.2585,-0.802],[122.2745,-0.804],[122.2895,-0.7975],[122.291,-0.7975],[122.303,-0.797],[122.313,-0.7955],[122.315,-0.7935]]]},"properties":{"code":"72.01.02.2027","name":"Tuntung"}},{"type":"Feature","geometry":{"type":"Polygon","coordinates":[[[122.328,-0.8285],[122.326,-0.828],[122.325,-0.8255],[122.32,-0.818],[122.323,-0.808],[122.3175,-0.7975],[122.3175,-0.7955],[122.318,-0.794],[122.316,-0.794],[122.315,-0.7935],[122.313,-0.7955],[122.303,-0.797],[122.291,-0.7975],[122.2895,-0.7975],[122.2745,-0.804],[122.2585,-0.802],[122.2545,-0.802],[122.2545,-0.804],[122.2555,-0.808],[122.2605,-0.817],[122.2705,-0.8285],[122.2715,-0.828],[122.2855,-0.836],[122.29,-0.856],[122.2835,-0.8595],[122.289,-0.868],[122.2895,-0.878],[122.2925,-0.8795],[122.2935,-0.882],[122.2935,-0.884],[122.297,-0.8805],[122.3125,-0.874],[122.325,-0.889],[122.3275,-0.8905],[122.328,-0.886],[122.3275,-0.883],[122.325,-0.8705],[122.326,-0.867],[122.3275,-0.866],[122.337,-0.8565],[122.326,-0.8405],[122.3295,-0.8375],[122.3285,-0.831],[122.328,-0.8285]]]},"properties":{"code":"72.01.02.2028","name":"Nanga-Nangaon"}},{"type":"Feature","geometry":{"type":"Polygon","coordinates":[[[122.359,-0.7785],[122.3465,-0.785],[122.3335,-0.7785],[122.3355,-0.7995],[122.336,-0.799],[122.3395,-0.799],[122.3425,-0.798],[122.3545,-0.7915],[122.3645,-0.7955],[122.3645,-0.794],[122.3685,-0.787],[122.359,-0.7785]]]},"properties":{"code":"72.01.02.2029","name":"Toima"}},{"type":"Feature","geometry":{"type":"Polygon","coordinates":[[[122.3645,-0.7955],[122.3545,-0.7915],[122.3425,-0.798],[122.3395,-0.799],[122.336,-0.799],[122.334,-0.802],[122.3295,-0.8115],[122.331,-0.8155],[122.3305,-0.8165],[122.3265,-0.826],[122.3275,-0.827],[122.328,-0.8275],[122.3285,-0.831],[122.3295,-0.8375],[122.326,-0.8405],[122.337,-0.8565],[122.3275,-0.866],[122.326,-0.867],[122.325,-0.8705],[122.3275,-0.883],[122.328,-0.886],[122.3275,-0.8905],[122.328,-0.8905],[122.323,-0.8955],[122.321,-0.8995],[122.3195,-0.9035],[122.3195,-0.905],[122.318,-0.908],[122.32,-0.925],[122.3005,-0.9585],[122.2985,-0.9615],[122.299,-0.962],[122.307,-0.977],[122.3195,-0.9775],[122.33,-0.995],[122.345,-1.006],[122.3485,-1.0085],[122.3495,-1.0095],[122.3485,-1.0115],[122.3485,-1.0135],[122.3505,-1.0185],[122.351,-1.02],[122.353,-1.034],[122.3535,-1.0375],[122.3555,-1.052],[122.36,-1.057],[122.36,-1.0585],[122.358,-1.061],[122.362,-1.0625],[122.376,-1.063],[122.377,-1.063],[122.3775,-1.0605],[122.381,-1.0555],[122.369,-1.04],[122.362,-1.02],[122.361,-1.019],[122.36,-1.0175],[122.366,-1.0025],[122.3615,-0.983],[122.3595,-0.949],[122.353,-0.9465],[122.36,-0.905],[122.356,-0.8835],[122.36,-0.874],[122.354,-0.8655],[122.356,-0.8465],[122.3525,-0.8355],[122.3635,-0.8205],[122.367,-0.816],[122.3685,-0.813],[122.367,-0.8095],[122.369,-0.8065],[122.366,-0.802],[122.3645,-0.7955]]]},"properties":{"code":"72.01.02.2030","name":"Matabas"}},{"type":"Feature","geometry":{"type":"Polygon","coordinates":[[[122.4065,-0.7835],[122.3855,-0.7825],[122.3695,-0.777],[122.372,-0.781],[122.378,-0.8175],[122.384,-0.835],[122.376,-0.853],[122.3775,-0.861],[122.369,-0.88],[122.374,-0.8935],[122.3735,-0.917],[122.3695,-0.9295],[122.3695,-0.93],[122.3705,-0.93],[122.3715,-0.9325],[122.371,-0.933],[122.371,-0.934],[122.3715,-0.935],[122.371,-0.9365],[122.3695,-0.938],[122.3705,-0.94],[122.37,-0.9565],[122.3705,-0.964],[122.376,-0.968],[122.377,-0.992],[122.3805,-1.0035],[122.3825,-1.0425],[122.385,-1.048],[122.39,-1.051],[122.3905,-1.0515],[122.3895,-1.053],[122.389,-1.0545],[122.389,-1.057],[122.3905,-1.056],[122.393,-1.055],[122.4005,-1.0515],[122.404,-1.043],[122.4035,-1.0405],[122.3905,-1.015],[122.3955,-1.006],[122.3885,-0.9935],[122.3955,-0.983],[122.39,-0.972],[122.3855,-0.9215],[122.39,-0.889],[122.3955,-0.8825],[122.3935,-0.871],[122.4005,-0.8575],[122.3975,-0.85],[122.408,-0.8355],[122.399,-0.8185],[122.3985,-0.8155],[122.3985,-0.814],[122.3985,-0.8105],[122.3985,-0.807],[122.399,-0.8005],[122.4085,-0.7975],[122.4065,-0.7835]]]},"properties":{"code":"72.01.02.2031","name":"Huhak"}},{"type":"Feature","geometry":{"type":"Polygon","coordinates":[[[122.4485,-0.7645],[122.417,-0.784],[122.4065,-0.7835],[122.4085,-0.7975],[122.399,-0.8005],[122.3985,-0.807],[122.3985,-0.8105],[122.3985,-0.814],[122.3985,-0.8155],[122.399,-0.8185],[122.408,-0.8355],[122.3975,-0.85],[122.4005,-0.8575],[122.3935,-0.871],[122.3955,-0.8825],[122.39,-0.889],[122.3855,-0.9215],[122.39,-0.972],[122.3955,-0.983],[122.3885,-0.9935],[122.3955,-1.006],[122.3905,-1.015],[122.4035,-1.0405],[122.404,-1.043],[122.4005,-1.0515],[122.411,-1.0365],[122.4135,-1.026],[122.413,-1.0235],[122.4065,-1.017],[122.4045,-1.0135],[122.404,-1],[122.4115,-0.999],[122.4135,-0.995],[122.4185,-0.974],[122.419,-0.9735],[122.4175,-0.973],[122.415,-0.9705],[122.407,-0.9615],[122.4195,-0.9485],[122.43,-0.9435],[122.435,-0.9305],[122.431,-0.9095],[122.4385,-0.8905],[122.424,-0.886],[122.4165,-0.855],[122.4235,-0.8405],[122.438,-0.822],[122.43,-0.805],[122.4375,-0.8],[122.442,-0.798],[122.4455,-0.794],[122.4485,-0.791],[122.4505,-0.788],[122.45,-0.7775],[122.4485,-0.7645]]]},"properties":{"code":"72.01.02.2032","name":"Lontio"}},{"type":"Feature","geometry":{"type":"Polygon","coordinates":[[[122.2115,-0.8265],[122.2095,-0.826],[122.197,-0.832],[122.1945,-0.8335],[122.194,-0.8375],[122.185,-0.8475],[122.1865,-0.849],[122.189,-0.8495],[122.1955,-0.8505],[122.1985,-0.8505],[122.2015,-0.8495],[122.2045,-0.846],[122.206,-0.8435],[122.2075,-0.841],[122.2105,-0.8335],[122.212,-0.8305],[122.2115,-0.8265]]]},"properties":{"code":"72.01.02.2041","name":"Demangan Jaya"}},{"type":"Feature","geometry":{"type":"Polygon","coordinates":[[[122.501,-0.7705],[122.4845,-0.7685],[122.46,-0.759],[122.4485,-0.7645],[122.45,-0.7775],[122.4505,-0.788],[122.4485,-0.791],[122.4455,-0.794],[122.442,-0.798],[122.4375,-0.8],[122.43,-0.805],[122.438,-0.822],[122.4235,-0.8405],[122.4165,-0.855],[122.424,-0.886],[122.4385,-0.8905],[122.431,-0.9095],[122.435,-0.9305],[122.43,-0.9435],[122.4195,-0.9485],[122.407,-0.9615],[122.415,-0.9705],[122.4175,-0.973],[122.419,-0.9735],[122.4195,-0.971],[122.4205,-0.97],[122.4235,-0.9685],[122.4365,-0.956],[122.451,-0.95],[122.4575,-0.938],[122.4795,-0.924],[122.4865,-0.9115],[122.4875,-0.8995],[122.4865,-0.8965],[122.483,-0.886],[122.482,-0.884],[122.479,-0.8855],[122.474,-0.885],[122.4585,-0.871],[122.457,-0.8675],[122.4565,-0.8635],[122.4575,-0.86],[122.457,-0.8585],[122.4555,-0.857],[122.455,-0.857],[122.453,-0.857],[122.4505,-0.844],[122.451,-0.8425],[122.4495,-0.8415],[122.45,-0.8385],[122.465,-0.82],[122.4705,-0.818],[122.4725,-0.8105],[122.474,-0.809],[122.4725,-0.806],[122.474,-0.8045],[122.4745,-0.804],[122.475,-0.803],[122.4745,-0.802],[122.4745,-0.799],[122.475,-0.7865],[122.5035,-0.781],[122.501,-0.7705]]]},"properties":{"code":"72.01.02.2042","name":"Balanga"}},{"type":"Feature","geometry":{"type":"Polygon","coordinates":[[[122.3335,-0.7785],[122.315,-0.7935],[122.316,-0.794],[122.318,-0.794],[122.3175,-0.7955],[122.3175,-0.7975],[122.323,-0.808],[122.32,-0.818],[122.325,-0.8255],[122.326,-0.828],[122.328,-0.8285],[122.3275,-0.827],[122.3265,-0.826],[122.3305,-0.8165],[122.331,-0.8155],[122.3295,-0.8115],[122.334,-0.802],[122.3355,-0.7995],[122.3335,-0.7785]]]},"properties":{"code":"72.01.02.2043","name":"Longgolian"}},{"type":"Feature","geometry":{"type":"Polygon","coordinates":[[[122.1585,-0.8765],[122.1485,-0.879],[122.15,-0.888],[122.1505,-0.8865],[122.151,-0.8865],[122.1695,-0.892],[122.1705,-0.894],[122.171,-0.8935],[122.1715,-0.8855],[122.1725,-0.883],[122.172,-0.883],[122.172,-0.881],[122.17,-0.882],[122.1595,-0.878],[122.1585,-0.877],[122.1585,-0.8765]]]},"properties":{"code":"72.01.02.2044","name":"Kalumbangan"}},{"type":"Feature","geometry":{"type":"Polygon","coordinates":[[[122.161,-0.8525],[122.1515,-0.855],[122.1485,-0.864],[122.1505,-0.8645],[122.152,-0.8655],[122.163,-0.8625],[122.201,-0.8675],[122.2,-0.8655],[122.174,-0.8615],[122.167,-0.859],[122.1615,-0.854],[122.161,-0.853],[122.161,-0.8525]]]},"properties":{"code":"72.01.02.2045","name":"Polo"}},{"type":"Feature","geometry":{"type":"Polygon","coordinates":[[[122.3695,-0.9295],[122.3735,-0.917],[122.374,-0.8935],[122.369,-0.88],[122.3775,-0.861],[122.376,-0.853],[122.384,-0.835],[122.378,-0.8175],[122.372,-0.781],[122.3695,-0.777],[122.359,-0.7785],[122.3685,-0.787],[122.3645,-0.794],[122.366,-0.802],[122.369,-0.8065],[122.367,-0.8095],[122.3685,-0.813],[122.367,-0.816],[122.3635,-0.8205],[122.3525,-0.8355],[122.356,-0.8465],[122.354,-0.8655],[122.36,-0.874],[122.356,-0.8835],[122.36,-0.905],[122.353,-0.9465],[122.3595,-0.949],[122.3615,-0.983],[122.366,-1.0025],[122.36,-1.0175],[122.361,-1.019],[122.362,-1.02],[122.369,-1.04],[122.381,-1.0555],[122.3775,-1.0605],[122.377,-1.063],[122.381,-1.061],[122.3855,-1.059],[122.389,-1.057],[122.389,-1.0545],[122.3895,-1.053],[122.3905,-1.0515],[122.39,-1.051],[122.385,-1.048],[122.3825,-1.0425],[122.3805,-1.0035],[122.377,-0.992],[122.376,-0.968],[122.3705,-0.964],[122.37,-0.9565],[122.3705,-0.94],[122.3695,-0.9385],[122.3695,-0.938],[122.371,-0.9365],[122.371,-0.936],[122.3715,-0.935],[122.3715,-0.9345],[122.371,-0.934],[122.3715,-0.9325],[122.3705,-0.93],[122.3695,-0.9295]]]},"properties":{"code":"72.01.02.2049","name":"Koili"}},{"type":"Feature","geometry":{"type":"Polygon","coordinates":[[[122.5225,-1.0245],[122.513,-1.0235],[122.5105,-1.025],[122.5365,-1.0425],[122.5415,-1.0505],[122.564,-1.0545],[122.592,-1.0755],[122.605,-1.0875],[122.616,-1.0905],[122.617,-1.1105],[122.623,-1.1355],[122.6495,-1.154],[122.6645,-1.161],[122.6645,-1.15],[122.66,-1.15],[122.656,-1.1475],[122.6545,-1.1465],[122.6505,-1.1455],[122.649,-1.143],[122.6255,-1.13],[122.6245,-1.1295],[122.6225,-1.1025],[122.62,-1.091],[122.5675,-1.055],[122.533,-1.037],[122.5225,-1.0245]]]},"properties":{"code":"72.01.03.1006","name":"Kintom"}},{"type":"Feature","geometry":{"type":"MultiPolygon","coordinates":[[[[122.6225,-1.0445],[122.637,-1.062],[122.6405,-1.067],[122.644,-1.079],[122.656,-1.087],[122.658,-1.0965],[122.663,-1.097],[122.665,-1.098],[122.668,-1.1005],[122.6875,-1.11],[122.692,-1.1145],[122.693,-1.1215],[122.697,-1.1245],[122.703,-1.132],[122.7025,-1.138],[122.7155,-1.133],[122.715,-1.115],[122.7185,-1.1075],[122.717,-1.106],[122.7115,-1.1045],[122.7105,-1.1045],[122.707,-1.103],[122.6925,-1.1015],[122.6905,-1.1015],[122.6675,-1.087],[122.6425,-1.0625],[122.6315,-1.0505],[122.6225,-1.0445]]],[[[122.6225,-1.0445],[122.615,-1.033],[122.589,-1.0225],[122.574,-1.012],[122.569,-0.993],[122.56,-0.996],[122.565,-1.001],[122.5735,-1.0185],[122.61,-1.0365],[122.6225,-1.0445]]]]},"properties":{"code":"72.01.03.1010","name":"Mendono"}},{"type":"Feature","geometry":{"type":"Polygon","coordinates":[[[122.7025,-1.138],[122.703,-1.132],[122.697,-1.1245],[122.693,-1.1215],[122.694,-1.1255],[122.695,-1.127],[122.695,-1.131],[122.695,-1.135],[122.7025,-1.138]]]},"properties":{"code":"72.01.03.1017","name":"Mondonun"}},{"type":"Feature","geometry":{"type":"Polygon","coordinates":[[[122.5805,-1.141],[122.567,-1.134],[122.5435,-1.1385],[122.55,-1.1475],[122.5645,-1.1485],[122.577,-1.163],[122.575,-1.169],[122.587,-1.1715],[122.5985,-1.1805],[122.6035,-1.209],[122.6165,-1.2175],[122.616,-1.23],[122.6295,-1.23],[122.6295,-1.234],[122.632,-1.235],[122.635,-1.2175],[122.6225,-1.2105],[122.6085,-1.193],[122.6025,-1.181],[122.6,-1.1765],[122.5995,-1.1765],[122.5915,-1.169],[122.5805,-1.1665],[122.585,-1.154],[122.5805,-1.141]]]},"properties":{"code":"72.01.03.2001","name":"Kalolos"}},{"type":"Feature","geometry":{"type":"Polygon","coordinates":[[[122.637,-1.193],[122.614,-1.1795],[122.6035,-1.161],[122.6035,-1.142],[122.587,-1.135],[122.587,-1.117],[122.5725,-1.101],[122.5755,-1.0955],[122.5565,-1.08],[122.5035,-1.074],[122.489,-1.061],[122.4685,-1.0465],[122.4615,-1.0445],[122.463,-1.0425],[122.4655,-1.0395],[122.46,-1.0325],[122.456,-1.033],[122.4505,-1.0395],[122.449,-1.0405],[122.4485,-1.041],[122.4475,-1.041],[122.447,-1.0405],[122.4475,-1.0425],[122.448,-1.043],[122.454,-1.052],[122.4745,-1.07],[122.513,-1.084],[122.529,-1.0815],[122.5295,-1.097],[122.5415,-1.12],[122.554,-1.1175],[122.5655,-1.127],[122.567,-1.134],[122.5805,-1.141],[122.591,-1.151],[122.593,-1.1585],[122.597,-1.1615],[122.601,-1.171],[122.604,-1.174],[122.606,-1.178],[122.605,-1.176],[122.604,-1.176],[122.6035,-1.1775],[122.602,-1.1775],[122.6005,-1.1765],[122.6,-1.1765],[122.6025,-1.181],[122.6085,-1.193],[122.6225,-1.2105],[122.635,-1.2175],[122.628,-1.204],[122.637,-1.193]]]},"properties":{"code":"72.01.03.2002","name":"Tangkiang"}},{"type":"Feature","geometry":{"type":"MultiPolygon","coordinates":[[[[122.5805,-1.141],[122.585,-1.154],[122.5805,-1.1665],[122.5915,-1.169],[122.5995,-1.1765],[122.6,-1.1765],[122.6005,-1.1765],[122.602,-1.1775],[122.6035,-1.1775],[122.604,-1.176],[122.605,-1.176],[122.606,-1.178],[122.604,-1.174],[122.601,-1.171],[122.597,-1.1615],[122.593,-1.1585],[122.591,-1.151],[122.5805,-1.141]]],[[[122.4705,-1.032],[122.4705,-1.0305],[122.468,-1.031],[122.462,-1.0315],[122.46,-1.0325],[122.4655,-1.0395],[122.463,-1.0425],[122.4615,-1.0445],[122.4685,-1.0465],[122.489,-1.061],[122.5035,-1.074],[122.5565,-1.08],[122.5755,-1.0955],[122.5725,-1.101],[122.587,-1.117],[122.587,-1.135],[122.6035,-1.142],[122.6035,-1.161],[122.614,-1.1795],[122.637,-1.193],[122.6365,-1.1755],[122.614,-1.171],[122.618,-1.1585],[122.6145,-1.142],[122.6055,-1.1365],[122.601,-1.1185],[122.589,-1.107],[122.5915,-1.096],[122.575,-1.0765],[122.561,-1.071],[122.551,-1.0765],[122.5415,-1.0695],[122.506,-1.057],[122.499,-1.054],[122.4765,-1.0415],[122.4775,-1.0305],[122.4735,-1.0365],[122.4705,-1.032]]],[[[122.567,-1.134],[122.5655,-1.127],[122.554,-1.1175],[122.5415,-1.12],[122.5295,-1.097],[122.529,-1.0815],[122.513,-1.084],[122.4745,-1.07],[122.454,-1.052],[122.448,-1.043],[122.4475,-1.0425],[122.447,-1.041],[122.4475,-1.0365],[122.447,-1.0355],[122.445,-1.0345],[122.4455,-1.0325],[122.4435,-1.0325],[122.425,-1.0315],[122.4135,-1.0245],[122.4135,-1.026],[122.411,-1.0365],[122.4005,-1.0515],[122.4045,-1.0575],[122.406,-1.0585],[122.4065,-1.059],[122.4075,-1.0585],[122.4095,-1.058],[122.411,-1.059],[122.4115,-1.06],[122.4185,-1.061],[122.4185,-1.0615],[122.42,-1.062],[122.422,-1.0625],[122.4235,-1.063],[122.424,-1.0645],[122.425,-1.0645],[122.4265,-1.0655],[122.4265,-1.066],[122.43,-1.069],[122.4315,-1.07],[122.4385,-1.0725],[122.456,-1.0905],[122.481,-1.095],[122.494,-1.1015],[122.4965,-1.1],[122.497,-1.1],[122.4985,-1.101],[122.511,-1.14],[122.5195,-1.1455],[122.518,-1.154],[122.5195,-1.155],[122.522,-1.1535],[122.528,-1.1575],[122.5325,-1.156],[122.5345,-1.156],[122.5365,-1.1545],[122.537,-1.154],[122.5365,-1.152],[122.5355,-1.149],[122.5435,-1.1385],[122.567,-1.134]]]]},"properties":{"code":"72.01.03.2003","name":"Padang"}},{"type":"Feature","geometry":{"type":"Polygon","coordinates":[[[122.494,-1.023],[122.4935,-1.023],[122.491,-1.0225],[122.487,-1.0205],[122.4825,-1.0225],[122.48,-1.025],[122.478,-1.029],[122.4775,-1.0305],[122.4765,-1.0415],[122.499,-1.054],[122.506,-1.057],[122.5415,-1.0695],[122.551,-1.0765],[122.561,-1.071],[122.575,-1.0765],[122.5915,-1.096],[122.589,-1.107],[122.601,-1.1185],[122.6055,-1.1365],[122.6145,-1.142],[122.618,-1.1585],[122.614,-1.171],[122.6365,-1.1755],[122.6485,-1.169],[122.6325,-1.1535],[122.6265,-1.153],[122.624,-1.1525],[122.6135,-1.131],[122.615,-1.1215],[122.6045,-1.114],[122.6135,-1.0995],[122.57,-1.0695],[122.536,-1.0615],[122.533,-1.049],[122.52,-1.0495],[122.511,-1.0365],[122.4965,-1.0325],[122.4945,-1.0285],[122.495,-1.026],[122.494,-1.0245],[122.494,-1.023]]]},"properties":{"code":"72.01.03.2004","name":"Manyula"}},{"type":"Feature","geometry":{"type":"Polygon","coordinates":[[[122.5105,-1.025],[122.5085,-1.0265],[122.5,-1.023],[122.494,-1.023],[122.494,-1.0245],[122.495,-1.026],[122.4945,-1.0285],[122.4965,-1.0325],[122.511,-1.0365],[122.52,-1.0495],[122.533,-1.049],[122.536,-1.0615],[122.57,-1.0695],[122.6135,-1.0995],[122.6045,-1.114],[122.615,-1.1215],[122.6135,-1.131],[122.624,-1.1525],[122.6265,-1.153],[122.6325,-1.1535],[122.6485,-1.169],[122.6645,-1.161],[122.6495,-1.154],[122.623,-1.1355],[122.617,-1.1105],[122.616,-1.0905],[122.605,-1.0875],[122.592,-1.0755],[122.564,-1.0545],[122.5415,-1.0505],[122.5365,-1.0425],[122.5105,-1.025]]]},"properties":{"code":"72.01.03.2005","name":"Uling"}},{"type":"Feature","geometry":{"type":"Polygon","coordinates":[[[122.665,-1.147],[122.632,-1.1205],[122.631,-1.112],[122.6205,-1.0905],[122.6175,-1.087],[122.5855,-1.065],[122.5325,-1.0325],[122.5245,-1.024],[122.5225,-1.0245],[122.533,-1.037],[122.5675,-1.055],[122.62,-1.091],[122.6225,-1.1025],[122.6245,-1.1295],[122.6255,-1.13],[122.649,-1.143],[122.6505,-1.1455],[122.6545,-1.1465],[122.656,-1.1475],[122.66,-1.15],[122.6645,-1.15],[122.665,-1.147]]]},"properties":{"code":"72.01.03.2007","name":"Samadoya"}},{"type":"Feature","geometry":{"type":"Polygon","coordinates":[[[122.666,-1.1405],[122.653,-1.132],[122.6425,-1.111],[122.6355,-1.1105],[122.619,-1.0865],[122.595,-1.069],[122.569,-1.0545],[122.5605,-1.047],[122.5405,-1.0365],[122.5255,-1.023],[122.5245,-1.024],[122.5325,-1.0325],[122.5855,-1.065],[122.6175,-1.087],[122.6205,-1.0905],[122.631,-1.112],[122.632,-1.1205],[122.665,-1.147],[122.666,-1.1405]]]},"properties":{"code":"72.01.03.2008","name":"Dimpalon"}},{"type":"Feature","geometry":{"type":"Polygon","coordinates":[[[122.658,-1.0965],[122.648,-1.096],[122.6295,-1.074],[122.625,-1.076],[122.6115,-1.062],[122.564,-1.0325],[122.56,-1.0305],[122.5535,-1.027],[122.5535,-1.022],[122.5365,-1.0065],[122.529,-1.019],[122.5395,-1.0325],[122.5695,-1.0525],[122.592,-1.059],[122.6465,-1.1055],[122.6555,-1.118],[122.6705,-1.125],[122.678,-1.1355],[122.688,-1.1345],[122.6855,-1.1175],[122.675,-1.108],[122.667,-1.1055],[122.666,-1.099],[122.663,-1.097],[122.658,-1.0965]]]},"properties":{"code":"72.01.03.2009","name":"Solan"}},{"type":"Feature","geometry":{"type":"Polygon","coordinates":[[[122.616,-1.23],[122.6165,-1.2175],[122.6035,-1.209],[122.5985,-1.1805],[122.587,-1.1715],[122.575,-1.169],[122.577,-1.163],[122.5645,-1.1485],[122.55,-1.1475],[122.5435,-1.1385],[122.5355,-1.149],[122.549,-1.15],[122.556,-1.176],[122.5735,-1.1855],[122.5805,-1.209],[122.594,-1.222],[122.596,-1.2215],[122.604,-1.224],[122.606,-1.2245],[122.616,-1.23]]]},"properties":{"code":"72.01.03.2013","name":"Babang Buyangge"}},{"type":"Feature","geometry":{"type":"MultiPolygon","coordinates":[[[[122.6875,-1.11],[122.668,-1.1005],[122.666,-1.099],[122.667,-1.1055],[122.675,-1.108],[122.6855,-1.1175],[122.688,-1.1345],[122.695,-1.135],[122.695,-1.131],[122.695,-1.127],[122.694,-1.1255],[122.693,-1.1215],[122.692,-1.1145],[122.6875,-1.11]]],[[[122.565,-1.001],[122.56,-0.996],[122.5365,-1.0065],[122.5535,-1.022],[122.5535,-1.027],[122.56,-1.0305],[122.564,-1.0325],[122.6115,-1.062],[122.625,-1.076],[122.6295,-1.074],[122.648,-1.096],[122.658,-1.0965],[122.656,-1.087],[122.644,-1.079],[122.6405,-1.067],[122.637,-1.062],[122.6225,-1.0445],[122.61,-1.0365],[122.5735,-1.0185],[122.565,-1.001]]]]},"properties":{"code":"72.01.03.2015","name":"Solan Baru"}},{"type":"Feature","geometry":{"type":"Polygon","coordinates":[[[122.678,-1.1355],[122.6705,-1.125],[122.6555,-1.118],[122.6465,-1.1055],[122.592,-1.059],[122.5695,-1.0525],[122.5395,-1.0325],[122.529,-1.019],[122.5255,-1.023],[122.5405,-1.0365],[122.5605,-1.047],[122.569,-1.0545],[122.595,-1.069],[122.619,-1.0865],[122.6355,-1.1105],[122.6425,-1.111],[122.653,-1.132],[122.666,-1.1405],[122.678,-1.1355]]]},"properties":{"code":"72.01.03.2019","name":"Dimpalon Baru"}},{"type":"Feature","geometry":{"type":"Polygon","coordinates":[[[122.7905,-0.9455],[122.786,-0.947],[122.7835,-0.945],[122.784,-0.9465],[122.7825,-0.949],[122.784,-0.953],[122.785,-0.956],[122.7855,-0.958],[122.786,-0.9575],[122.789,-0.955],[122.7955,-0.9485],[122.795,-0.9465],[122.7945,-0.945],[122.7935,-0.946],[122.7905,-0.9455]]]},"properties":{"code":"72.01.04.1009","name":"Luwuk"}},{"type":"Feature","geometry":{"type":"Polygon","coordinates":[[[122.795,-0.945],[122.7935,-0.9425],[122.7915,-0.9435],[122.7905,-0.9455],[122.7935,-0.946],[122.795,-0.945]]]},"properties":{"code":"72.01.04.1010","name":"Baru"}},{"type":"Feature","geometry":{"type":"Polygon","coordinates":[[[122.799,-0.9425],[122.795,-0.941],[122.7945,-0.9405],[122.7945,-0.9395],[122.7925,-0.9405],[122.794,-0.9425],[122.7935,-0.9425],[122.794,-0.9435],[122.7955,-0.9455],[122.799,-0.9425]]]},"properties":{"code":"72.01.04.1011","name":"Soho"}},{"type":"Feature","geometry":{"type":"Polygon","coordinates":[[[122.81,-0.94],[122.809,-0.9365],[122.8075,-0.9365],[122.799,-0.9425],[122.7955,-0.9455],[122.795,-0.945],[122.7945,-0.945],[122.795,-0.9465],[122.7955,-0.9485],[122.81,-0.94]]]},"properties":{"code":"72.01.04.1012","name":"Bungin"}},{"type":"Feature","geometry":{"type":"Polygon","coordinates":[[[122.794,-0.9585],[122.789,-0.955],[122.786,-0.9575],[122.7845,-0.958],[122.7855,-0.96],[122.7865,-0.9605],[122.794,-0.9585]]]},"properties":{"code":"72.01.04.1031","name":"Karaton"}},{"type":"Feature","geometry":{"type":"Polygon","coordinates":[[[122.8085,-0.9365],[122.809,-0.936],[122.8085,-0.933],[122.811,-0.9285],[122.8105,-0.9275],[122.8095,-0.9265],[122.8065,-0.9265],[122.8025,-0.924],[122.7885,-0.9275],[122.789,-0.9325],[122.791,-0.9365],[122.794,-0.939],[122.7945,-0.9405],[122.795,-0.941],[122.799,-0.9425],[122.8075,-0.9365],[122.8085,-0.9365]]]},"properties":{"code":"72.01.04.1033","name":"Kaleke"}},{"type":"Feature","geometry":{"type":"Polygon","coordinates":[[[122.827,-0.934],[122.817,-0.9225],[122.8025,-0.924],[122.8065,-0.9265],[122.8095,-0.9265],[122.8105,-0.9275],[122.811,-0.9285],[122.8085,-0.933],[122.809,-0.936],[122.8085,-0.9365],[122.809,-0.9365],[122.81,-0.94],[122.812,-0.94],[122.815,-0.9375],[122.816,-0.94],[122.827,-0.934]]]},"properties":{"code":"72.01.04.1034","name":"Bungin Timur"}},{"type":"Feature","geometry":{"type":"Polygon","coordinates":[[[122.7945,-0.9395],[122.794,-0.939],[122.791,-0.9365],[122.789,-0.9325],[122.7885,-0.9275],[122.767,-0.933],[122.7825,-0.949],[122.784,-0.9465],[122.7835,-0.945],[122.786,-0.947],[122.7905,-0.9455],[122.7915,-0.9435],[122.794,-0.9425],[122.7925,-0.9405],[122.7945,-0.9395]]]},"properties":{"code":"72.01.04.1035","name":"Mangkio Baru"}},{"type":"Feature","geometry":{"type":"Polygon","coordinates":[[[122.767,-0.933],[122.754,-0.9195],[122.7435,-0.903],[122.7335,-0.898],[122.728,-0.888],[122.7255,-0.8915],[122.7195,-0.894],[122.726,-0.912],[122.7395,-0.917],[122.75,-0.934],[122.7665,-0.9465],[122.774,-0.9555],[122.786,-0.9605],[122.7855,-0.96],[122.7845,-0.958],[122.7855,-0.958],[122.785,-0.956],[122.784,-0.953],[122.7825,-0.949],[122.767,-0.933]]]},"properties":{"code":"72.01.04.2008","name":"Tontouan"}},{"type":"Feature","geometry":{"type":"MultiPolygon","coordinates":[[[[122.816,-0.94],[122.815,-0.9375],[122.812,-0.94],[122.816,-0.94]]],[[[122.811,-0.8965],[122.8025,-0.8945],[122.7905,-0.8585],[122.782,-0.8645],[122.7815,-0.864],[122.7645,-0.866],[122.7615,-0.874],[122.743,-0.884],[122.7345,-0.881],[122.728,-0.888],[122.7335,-0.898],[122.7435,-0.903],[122.754,-0.9195],[122.767,-0.933],[122.7885,-0.9275],[122.8025,-0.924],[122.817,-0.9225],[122.8245,-0.9175],[122.823,-0.9165],[122.8215,-0.916],[122.822,-0.9125],[122.8215,-0.911],[122.813,-0.8985],[122.811,-0.8965]]]]},"properties":{"code":"72.01.04.2013","name":"Lumpoknyo"}},{"type":"Feature","geometry":{"type":"Polygon","coordinates":[[[123.2625,-0.88],[123.2535,-0.88],[123.239,-0.888],[123.24,-0.898],[123.2315,-0.9035],[123.2155,-0.904],[123.213,-0.9055],[123.2125,-0.906],[123.212,-0.9075],[123.2115,-0.9095],[123.2015,-0.9255],[123.1905,-0.9255],[123.1845,-0.937],[123.168,-0.945],[123.1625,-0.953],[123.178,-0.959],[123.1925,-0.9715],[123.2185,-0.95],[123.221,-0.9405],[123.225,-0.9395],[123.228,-0.94],[123.234,-0.9395],[123.2415,-0.9375],[123.24,-0.934],[123.243,-0.9315],[123.249,-0.9215],[123.251,-0.92],[123.2585,-0.9145],[123.261,-0.9115],[123.2655,-0.908],[123.266,-0.907],[123.2665,-0.9015],[123.27,-0.9005],[123.271,-0.9],[123.273,-0.899],[123.2735,-0.899],[123.27,-0.8965],[123.268,-0.895],[123.2675,-0.894],[123.2665,-0.8875],[123.2665,-0.8865],[123.266,-0.884],[123.263,-0.8825],[123.2625,-0.88]]]},"properties":{"code":"72.01.05.2009","name":"Nipa"}},{"type":"Feature","geometry":{"type":"Polygon","coordinates":[[[123.2125,-0.906],[123.207,-0.9065],[123.2045,-0.906],[123.2035,-0.9065],[123.202,-0.9065],[123.191,-0.906],[123.189,-0.907],[123.183,-0.9185],[123.1675,-0.9235],[123.1605,-0.936],[123.143,-0.944],[123.1475,-0.9555],[123.1625,-0.953],[123.168,-0.945],[123.1845,-0.937],[123.1905,-0.9255],[123.2015,-0.9255],[123.2115,-0.9095],[123.212,-0.9075],[123.2125,-0.906]]]},"properties":{"code":"72.01.05.2010","name":"Kagitakan"}},{"type":"Feature","geometry":{"type":"Polygon","coordinates":[[[123.2625,-0.88],[123.263,-0.8785],[123.2625,-0.8705],[123.2495,-0.873],[123.19,-0.9025],[123.1605,-0.9155],[123.1405,-0.9195],[123.148,-0.9395],[123.143,-0.944],[123.1605,-0.936],[123.1675,-0.9235],[123.183,-0.9185],[123.189,-0.907],[123.191,-0.906],[123.202,-0.9065],[123.2035,-0.9065],[123.2045,-0.906],[123.207,-0.9065],[123.2125,-0.906],[123.213,-0.9055],[123.2155,-0.904],[123.2315,-0.9035],[123.24,-0.898],[123.239,-0.888],[123.2535,-0.88],[123.2625,-0.88]]]},"properties":{"code":"72.01.05.2011","name":"Sirom"}},{"type":"Feature","geometry":{"type":"Polygon","coordinates":[[[123.2625,-0.8705],[123.2595,-0.8605],[123.247,-0.865],[123.1875,-0.8985],[123.171,-0.9005],[123.1535,-0.9085],[123.151,-0.907],[123.1475,-0.905],[123.1375,-0.9085],[123.1405,-0.9195],[123.1605,-0.9155],[123.19,-0.9025],[123.2495,-0.873],[123.2625,-0.8705]]]},"properties":{"code":"72.01.05.2012","name":"Poroan"}},{"type":"Feature","geometry":{"type":"Polygon","coordinates":[[[123.2585,-0.848],[123.2555,-0.848],[123.2365,-0.847],[123.2365,-0.848],[123.2365,-0.8495],[123.2375,-0.851],[123.237,-0.853],[123.2305,-0.854],[123.2225,-0.8605],[123.214,-0.875],[123.21,-0.876],[123.2105,-0.877],[123.211,-0.8775],[123.211,-0.879],[123.203,-0.885],[123.1925,-0.879],[123.1945,-0.8755],[123.1965,-0.8715],[123.1975,-0.87],[123.1965,-0.865],[123.197,-0.8635],[123.1955,-0.8635],[123.19,-0.861],[123.19,-0.8605],[123.1825,-0.8695],[123.182,-0.87],[123.18,-0.8735],[123.181,-0.874],[123.179,-0.8755],[123.177,-0.878],[123.176,-0.8795],[123.1775,-0.8795],[123.179,-0.8825],[123.171,-0.887],[123.1695,-0.888],[123.1645,-0.8905],[123.163,-0.89],[123.162,-0.8885],[123.1605,-0.892],[123.1555,-0.8935],[123.1545,-0.895],[123.1535,-0.895],[123.146,-0.9035],[123.1475,-0.905],[123.151,-0.907],[123.1535,-0.9085],[123.171,-0.9005],[123.1875,-0.8985],[123.247,-0.865],[123.2595,-0.8605],[123.2585,-0.857],[123.2585,-0.852],[123.2585,-0.848]]]},"properties":{"code":"72.01.05.2013","name":"Lomba"}},{"type":"Feature","geometry":{"type":"Polygon","coordinates":[[[123.146,-0.9035],[123.1375,-0.9085],[123.1475,-0.905],[123.146,-0.9035]]]},"properties":{"code":"72.01.05.2014","name":"Bonebobakal"}},{"type":"Feature","geometry":{"type":"Polygon","coordinates":[[[123.19,-0.8605],[123.1885,-0.861],[123.1795,-0.8635],[123.1785,-0.866],[123.179,-0.867],[123.177,-0.868],[123.163,-0.88],[123.1495,-0.8835],[123.1485,-0.892],[123.155,-0.894],[123.1555,-0.8935],[123.1605,-0.892],[123.162,-0.8885],[123.163,-0.888],[123.1755,-0.8805],[123.1765,-0.8785],[123.177,-0.878],[123.179,-0.8755],[123.181,-0.874],[123.18,-0.8735],[123.182,-0.87],[123.1825,-0.8695],[123.19,-0.8605]]]},"properties":{"code":"72.01.05.2015","name":"Baruga"}},{"type":"Feature","geometry":{"type":"Polygon","coordinates":[[[123.186,-0.8515],[123.182,-0.8505],[123.1765,-0.8495],[123.1675,-0.8555],[123.1665,-0.8585],[123.1655,-0.861],[123.165,-0.8615],[123.1635,-0.864],[123.1615,-0.8695],[123.1475,-0.882],[123.1495,-0.8835],[123.163,-0.88],[123.177,-0.868],[123.179,-0.867],[123.1785,-0.866],[123.1795,-0.863],[123.181,-0.8615],[123.182,-0.8585],[123.1855,-0.8545],[123.1855,-0.8525],[123.1865,-0.8515],[123.186,-0.8515]]]},"properties":{"code":"72.01.05.2016","name":"Kotabaru"}},{"type":"Feature","geometry":{"type":"Polygon","coordinates":[[[123.2365,-0.847],[123.235,-0.8465],[123.223,-0.8505],[123.2105,-0.8635],[123.209,-0.8655],[123.2105,-0.8745],[123.214,-0.875],[123.2225,-0.8605],[123.2305,-0.854],[123.237,-0.853],[123.2375,-0.851],[123.2365,-0.8495],[123.2365,-0.848],[123.2365,-0.847]]]},"properties":{"code":"72.01.05.2017","name":"Labotan"}},{"type":"Feature","geometry":{"type":"MultiPolygon","coordinates":[[[[123.199,-0.864],[123.1985,-0.863],[123.1975,-0.8635],[123.197,-0.8635],[123.1965,-0.865],[123.1975,-0.87],[123.1965,-0.8715],[123.1945,-0.8755],[123.1925,-0.879],[123.203,-0.885],[123.211,-0.879],[123.211,-0.8775],[123.2105,-0.877],[123.21,-0.876],[123.2105,-0.8745],[123.209,-0.8655],[123.2085,-0.866],[123.199,-0.864]]],[[[123.1885,-0.8475],[123.1905,-0.8435],[123.189,-0.8435],[123.1885,-0.8435],[123.1875,-0.844],[123.184,-0.844],[123.1765,-0.8495],[123.182,-0.8505],[123.183,-0.8505],[123.1865,-0.8515],[123.1885,-0.8475]]]]},"properties":{"code":"72.01.05.2023","name":"Tinonda"}},{"type":"Feature","geometry":{"type":"Polygon","coordinates":[[[123.163,-0.888],[123.163,-0.89],[123.1645,-0.8905],[123.1695,-0.888],[123.171,-0.887],[123.179,-0.8825],[123.1775,-0.8795],[123.176,-0.8795],[123.1755,-0.8805],[123.163,-0.888]]]},"properties":{"code":"72.01.05.2027","name":"Bahari Makmur"}},{"type":"Feature","geometry":{"type":"Polygon","coordinates":[[[123.155,-0.894],[123.1485,-0.892],[123.1535,-0.895],[123.1545,-0.895],[123.155,-0.894]]]},"properties":{"code":"72.01.05.2028","name":"Kota Raya"}},{"type":"Feature","geometry":{"type":"Polygon","coordinates":[[[123.3965,-0.878],[123.3955,-0.8775],[123.395,-0.878],[123.391,-0.884],[123.3825,-0.8835],[123.3815,-0.8865],[123.382,-0.891],[123.3835,-0.895],[123.392,-0.891],[123.396,-0.8835],[123.395,-0.882],[123.3965,-0.8785],[123.3965,-0.878]]]},"properties":{"code":"72.01.06.1020","name":"Balantak"}},{"type":"Feature","geometry":{"type":"Polygon","coordinates":[[[123.398,-0.856],[123.3955,-0.8545],[123.3945,-0.8555],[123.3925,-0.856],[123.39,-0.856],[123.389,-0.8605],[123.3885,-0.8625],[123.3845,-0.877],[123.384,-0.88],[123.3825,-0.8835],[123.391,-0.884],[123.395,-0.878],[123.3955,-0.8775],[123.3965,-0.878],[123.396,-0.877],[123.395,-0.8615],[123.395,-0.86],[123.398,-0.856]]]},"properties":{"code":"72.01.06.1030","name":"Dale-Dale"}},{"type":"Feature","geometry":{"type":"Polygon","coordinates":[[[123.4085,-0.859],[123.4075,-0.858],[123.403,-0.8565],[123.399,-0.8565],[123.398,-0.856],[123.395,-0.86],[123.395,-0.8615],[123.396,-0.877],[123.3965,-0.8785],[123.395,-0.882],[123.396,-0.8835],[123.4085,-0.859]]]},"properties":{"code":"72.01.06.1031","name":"Talang Batu"}},{"type":"Feature","geometry":{"type":"Polygon","coordinates":[[[123.3335,-0.8965],[123.3155,-0.897],[123.298,-0.8895],[123.269,-0.891],[123.2675,-0.894],[123.268,-0.895],[123.27,-0.8965],[123.2735,-0.899],[123.29,-0.8945],[123.337,-0.908],[123.347,-0.897],[123.3465,-0.894],[123.3455,-0.894],[123.345,-0.8945],[123.344,-0.8955],[123.3415,-0.8955],[123.338,-0.8945],[123.3335,-0.8965]]]},"properties":{"code":"72.01.06.2009","name":"Talima A"}},{"type":"Feature","geometry":{"type":"Polygon","coordinates":[[[123.346,-0.8885],[123.333,-0.8885],[123.295,-0.8765],[123.2785,-0.884],[123.3035,-0.8845],[123.323,-0.89],[123.3335,-0.8965],[123.338,-0.8945],[123.3415,-0.8955],[123.344,-0.8955],[123.345,-0.8945],[123.3455,-0.894],[123.3465,-0.894],[123.346,-0.8935],[123.346,-0.8885]]]},"properties":{"code":"72.01.06.2010","name":"Talima B"}},{"type":"Feature","geometry":{"type":"Polygon","coordinates":[[[123.287,-0.8415],[123.2865,-0.842],[123.2775,-0.841],[123.267,-0.8475],[123.2585,-0.848],[123.2585,-0.852],[123.2585,-0.857],[123.2595,-0.8605],[123.2625,-0.8705],[123.263,-0.8785],[123.263,-0.8825],[123.266,-0.884],[123.267,-0.885],[123.2675,-0.885],[123.27,-0.885],[123.2715,-0.8855],[123.2735,-0.884],[123.2785,-0.884],[123.295,-0.8765],[123.333,-0.8885],[123.346,-0.8885],[123.344,-0.8815],[123.3435,-0.875],[123.3425,-0.868],[123.3445,-0.8605],[123.3425,-0.858],[123.3395,-0.857],[123.336,-0.856],[123.3315,-0.855],[123.3285,-0.8545],[123.3235,-0.8535],[123.3115,-0.8495],[123.305,-0.8465],[123.2995,-0.8465],[123.2915,-0.8445],[123.289,-0.8435],[123.287,-0.8415]]]},"properties":{"code":"72.01.06.2013","name":"Dolom"}},{"type":"Feature","geometry":{"type":"Polygon","coordinates":[[[123.3305,-0.823],[123.316,-0.821],[123.31,-0.8195],[123.306,-0.825],[123.3015,-0.8315],[123.3,-0.835],[123.2985,-0.8355],[123.2965,-0.835],[123.2955,-0.8335],[123.287,-0.8415],[123.289,-0.8435],[123.2915,-0.8445],[123.2995,-0.8465],[123.305,-0.8465],[123.3115,-0.8495],[123.3235,-0.8535],[123.3285,-0.8545],[123.3315,-0.855],[123.336,-0.856],[123.3395,-0.857],[123.3425,-0.858],[123.3445,-0.8605],[123.3425,-0.868],[123.3435,-0.875],[123.344,-0.8775],[123.3495,-0.877],[123.3505,-0.8785],[123.351,-0.879],[123.352,-0.877],[123.3535,-0.8735],[123.3545,-0.8635],[123.354,-0.8615],[123.337,-0.837],[123.33,-0.832],[123.33,-0.8285],[123.3305,-0.823]]]},"properties":{"code":"72.01.06.2014","name":"Kiloma"}},{"type":"Feature","geometry":{"type":"Polygon","coordinates":[[[123.353,-0.8955],[123.3535,-0.8935],[123.352,-0.8865],[123.3535,-0.8735],[123.352,-0.877],[123.351,-0.879],[123.3505,-0.8785],[123.3495,-0.877],[123.344,-0.8775],[123.344,-0.8815],[123.346,-0.8885],[123.346,-0.8935],[123.347,-0.897],[123.3525,-0.8955],[123.353,-0.8955]]]},"properties":{"code":"72.01.06.2015","name":"Ra'u"}},{"type":"Feature","geometry":{"type":"Polygon","coordinates":[[[123.3505,-0.822],[123.3415,-0.822],[123.338,-0.823],[123.3305,-0.823],[123.33,-0.8285],[123.33,-0.832],[123.337,-0.837],[123.354,-0.8615],[123.3545,-0.8635],[123.3535,-0.8735],[123.352,-0.8865],[123.3535,-0.8935],[123.353,-0.8955],[123.354,-0.8955],[123.3555,-0.8955],[123.357,-0.8945],[123.358,-0.8935],[123.3605,-0.895],[123.3615,-0.892],[123.3615,-0.89],[123.362,-0.886],[123.359,-0.883],[123.357,-0.881],[123.357,-0.8795],[123.3615,-0.8725],[123.3565,-0.8435],[123.3505,-0.822]]]},"properties":{"code":"72.01.06.2016","name":"Tanotu"}},{"type":"Feature","geometry":{"type":"Polygon","coordinates":[[[123.3685,-0.896],[123.3745,-0.895],[123.369,-0.8725],[123.373,-0.8595],[123.373,-0.8575],[123.3705,-0.8525],[123.371,-0.8505],[123.3745,-0.824],[123.374,-0.822],[123.3715,-0.82],[123.3705,-0.821],[123.368,-0.824],[123.356,-0.823],[123.353,-0.8225],[123.3505,-0.822],[123.3565,-0.8435],[123.3615,-0.8725],[123.357,-0.8795],[123.357,-0.881],[123.359,-0.883],[123.362,-0.886],[123.3615,-0.89],[123.3615,-0.892],[123.362,-0.892],[123.3685,-0.896]]]},"properties":{"code":"72.01.06.2017","name":"Padang"}},{"type":"Feature","geometry":{"type":"Polygon","coordinates":[[[123.3895,-0.8205],[123.388,-0.82],[123.374,-0.818],[123.3715,-0.819],[123.3715,-0.82],[123.374,-0.822],[123.3745,-0.824],[123.371,-0.8505],[123.3705,-0.8525],[123.373,-0.8575],[123.373,-0.8595],[123.369,-0.8725],[123.3745,-0.895],[123.3755,-0.8965],[123.377,-0.897],[123.3815,-0.8955],[123.3835,-0.895],[123.382,-0.891],[123.3815,-0.8865],[123.3825,-0.8835],[123.384,-0.88],[123.3845,-0.877],[123.3885,-0.8625],[123.389,-0.8605],[123.39,-0.856],[123.3895,-0.856],[123.39,-0.854],[123.39,-0.851],[123.3895,-0.848],[123.3915,-0.8345],[123.391,-0.8245],[123.3895,-0.8225],[123.3895,-0.8205]]]},"properties":{"code":"72.01.06.2018","name":"Mamping"}},{"type":"Feature","geometry":{"type":"Polygon","coordinates":[[[123.432,-0.821],[123.4195,-0.8345],[123.416,-0.8385],[123.4095,-0.831],[123.39,-0.821],[123.3895,-0.8205],[123.3895,-0.8225],[123.391,-0.8245],[123.3915,-0.8345],[123.3895,-0.848],[123.39,-0.851],[123.39,-0.854],[123.3895,-0.856],[123.3925,-0.856],[123.3945,-0.8555],[123.3955,-0.8545],[123.399,-0.8565],[123.403,-0.8565],[123.4075,-0.858],[123.4085,-0.859],[123.4195,-0.85],[123.433,-0.8455],[123.4445,-0.8285],[123.433,-0.821],[123.432,-0.821]]]},"properties":{"code":"72.01.06.2021","name":"Luok"}},{"type":"Feature","geometry":{"type":"Polygon","coordinates":[[[123.2785,-0.884],[123.2735,-0.884],[123.2715,-0.8855],[123.27,-0.885],[123.2675,-0.885],[123.267,-0.885],[123.2665,-0.8865],[123.2665,-0.8875],[123.269,-0.891],[123.298,-0.8895],[123.3155,-0.897],[123.3335,-0.8965],[123.323,-0.89],[123.3035,-0.8845],[123.2785,-0.884]]]},"properties":{"code":"72.01.06.2027","name":"Boloak"}},{"type":"Feature","geometry":{"type":"Polygon","coordinates":[[[122.603,-0.795],[122.603,-0.7945],[122.602,-0.7935],[122.602,-0.791],[122.6025,-0.79],[122.603,-0.788],[122.5945,-0.7775],[122.5925,-0.7755],[122.5905,-0.775],[122.5815,-0.784],[122.561,-0.7805],[122.56,-0.7835],[122.5605,-0.7855],[122.564,-0.7905],[122.5645,-0.795],[122.563,-0.8065],[122.581,-0.8165],[122.591,-0.8085],[122.5935,-0.7965],[122.603,-0.795]]]},"properties":{"code":"72.01.07.1011","name":"Pakowa"}},{"type":"Feature","geometry":{"type":"Polygon","coordinates":[[[122.658,-0.7955],[122.6495,-0.793],[122.644,-0.7985],[122.6455,-0.803],[122.649,-0.8055],[122.651,-0.8035],[122.658,-0.7955]]]},"properties":{"code":"72.01.07.1018","name":"Pagimana"}},{"type":"Feature","geometry":{"type":"Polygon","coordinates":[[[122.6655,-0.8005],[122.658,-0.7955],[122.651,-0.8035],[122.646,-0.8085],[122.641,-0.812],[122.627,-0.8385],[122.6285,-0.8405],[122.637,-0.862],[122.6315,-0.8785],[122.6375,-0.9025],[122.6345,-0.9145],[122.639,-0.926],[122.6365,-0.9425],[122.6465,-0.941],[122.6515,-0.9415],[122.653,-0.9405],[122.654,-0.94],[122.6545,-0.938],[122.657,-0.9355],[122.6575,-0.9355],[122.659,-0.9355],[122.662,-0.9335],[122.6625,-0.9335],[122.6625,-0.9325],[122.663,-0.931],[122.663,-0.927],[122.663,-0.9245],[122.6575,-0.916],[122.6615,-0.909],[122.657,-0.896],[122.665,-0.8895],[122.6525,-0.8695],[122.653,-0.82],[122.6655,-0.8005]]]},"properties":{"code":"72.01.07.1022","name":"Basabungan"}},{"type":"Feature","geometry":{"type":"Polygon","coordinates":[[[122.4665,-0.8195],[122.465,-0.82],[122.45,-0.8385],[122.4495,-0.8415],[122.451,-0.8425],[122.4505,-0.844],[122.453,-0.857],[122.455,-0.857],[122.4555,-0.857],[122.457,-0.8585],[122.4575,-0.86],[122.4565,-0.8635],[122.457,-0.8675],[122.4585,-0.871],[122.474,-0.885],[122.479,-0.8855],[122.482,-0.884],[122.483,-0.886],[122.4865,-0.8965],[122.4875,-0.8995],[122.4865,-0.9115],[122.4795,-0.924],[122.4575,-0.938],[122.451,-0.95],[122.4365,-0.956],[122.4235,-0.9685],[122.4205,-0.97],[122.4195,-0.971],[122.4185,-0.974],[122.4135,-0.995],[122.4115,-0.999],[122.404,-1],[122.4045,-1.0135],[122.4065,-1.017],[122.413,-1.0235],[122.4135,-1.0245],[122.425,-1.0315],[122.4435,-1.0325],[122.4455,-1.0325],[122.445,-1.0345],[122.447,-1.0355],[122.4475,-1.0365],[122.447,-1.0405],[122.4475,-1.041],[122.448,-1.041],[122.449,-1.0405],[122.4505,-1.0395],[122.456,-1.033],[122.462,-1.0315],[122.468,-1.031],[122.4705,-1.0305],[122.4705,-1.032],[122.4735,-1.0365],[122.478,-1.029],[122.48,-1.025],[122.4825,-1.0225],[122.487,-1.0205],[122.491,-1.0225],[122.4935,-1.023],[122.5,-1.023],[122.5085,-1.0265],[122.513,-1.0235],[122.5225,-1.0245],[122.5245,-1.024],[122.5255,-1.023],[122.529,-1.019],[122.5365,-1.0065],[122.56,-0.996],[122.572,-0.9795],[122.5615,-0.9695],[122.569,-0.9575],[122.563,-0.947],[122.567,-0.937],[122.5585,-0.9285],[122.562,-0.918],[122.557,-0.9095],[122.5395,-0.898],[122.538,-0.8805],[122.546,-0.867],[122.543,-0.8585],[122.5415,-0.856],[122.54,-0.8535],[122.5345,-0.8515],[122.5155,-0.8475],[122.505,-0.8515],[122.4965,-0.8475],[122.493,-0.846],[122.488,-0.848],[122.485,-0.8485],[122.4845,-0.8495],[122.478,-0.8435],[122.468,-0.8385],[122.469,-0.8355],[122.4705,-0.8355],[122.4705,-0.8335],[122.4635,-0.8255],[122.4635,-0.8245],[122.4665,-0.8195]]]},"properties":{"code":"72.01.07.2001","name":"Baloa Doda"}},{"type":"Feature","geometry":{"type":"Polygon","coordinates":[[[122.603,-0.4805],[122.5965,-0.4775],[122.5855,-0.4855],[122.5765,-0.484],[122.559,-0.4915],[122.5635,-0.5035],[122.5755,-0.499],[122.5825,-0.496],[122.587,-0.495],[122.603,-0.4805]]]},"properties":{"code":"72.01.07.2002","name":"Tampe"}},{"type":"Feature","geometry":{"type":"Polygon","coordinates":[[[122.609,-0.822],[122.6085,-0.8225],[122.608,-0.823],[122.6055,-0.8185],[122.6045,-0.818],[122.581,-0.8175],[122.5795,-0.819],[122.5855,-0.8285],[122.578,-0.837],[122.58,-0.839],[122.58,-0.8395],[122.58,-0.841],[122.579,-0.8435],[122.578,-0.844],[122.579,-0.8475],[122.5815,-0.8495],[122.5825,-0.853],[122.5825,-0.858],[122.589,-0.853],[122.599,-0.839],[122.606,-0.836],[122.609,-0.829],[122.6095,-0.826],[122.609,-0.822]]]},"properties":{"code":"72.01.07.2010","name":"Asaan"}},{"type":"Feature","geometry":{"type":"Polygon","coordinates":[[[122.559,-0.4915],[122.54,-0.491],[122.529,-0.494],[122.5495,-0.5085],[122.5635,-0.5035],[122.559,-0.4915]]]},"properties":{"code":"72.01.07.2012","name":"Balai Gondi"}},{"type":"Feature","geometry":{"type":"Polygon","coordinates":[[[122.5945,-0.5045],[122.587,-0.495],[122.5825,-0.496],[122.5755,-0.499],[122.5495,-0.5085],[122.5635,-0.52],[122.582,-0.504],[122.5945,-0.5045]]]},"properties":{"code":"72.01.07.2013","name":"Bajo Poat"}},{"type":"Feature","geometry":{"type":"Polygon","coordinates":[[[122.5945,-0.5045],[122.6165,-0.5015],[122.603,-0.4805],[122.587,-0.495],[122.5945,-0.5045]]]},"properties":{"code":"72.01.07.2014","name":"Gomuo"}},{"type":"Feature","geometry":{"type":"Polygon","coordinates":[[[122.624,-0.7935],[122.623,-0.7925],[122.615,-0.793],[122.6115,-0.795],[122.604,-0.796],[122.604,-0.7955],[122.603,-0.795],[122.5935,-0.7965],[122.591,-0.8085],[122.581,-0.8165],[122.581,-0.8175],[122.6045,-0.818],[122.6055,-0.8185],[122.608,-0.823],[122.609,-0.822],[122.6095,-0.822],[122.6095,-0.8225],[122.611,-0.8235],[122.611,-0.8245],[122.6135,-0.8265],[122.623,-0.8335],[122.626,-0.8315],[122.6255,-0.8295],[122.628,-0.8285],[122.628,-0.8255],[122.6285,-0.8235],[122.6295,-0.82],[122.63,-0.814],[122.6295,-0.8125],[122.6295,-0.812],[122.63,-0.811],[122.6305,-0.8095],[122.6315,-0.808],[122.632,-0.807],[122.6175,-0.8095],[122.6235,-0.796],[122.624,-0.7935]]]},"properties":{"code":"72.01.07.2015","name":"Nain"}},{"type":"Feature","geometry":{"type":"Polygon","coordinates":[[[122.6275,-0.7645],[122.617,-0.762],[122.6005,-0.7735],[122.5905,-0.775],[122.5925,-0.7755],[122.5945,-0.7775],[122.603,-0.788],[122.6025,-0.79],[122.602,-0.791],[122.602,-0.7935],[122.603,-0.7945],[122.604,-0.7955],[122.604,-0.796],[122.6115,-0.795],[122.615,-0.793],[122.623,-0.7925],[122.625,-0.794],[122.627,-0.7955],[122.6205,-0.7765],[122.6275,-0.7645]]]},"properties":{"code":"72.01.07.2016","name":"Lamo"}},{"type":"Feature","geometry":{"type":"Polygon","coordinates":[[[122.644,-0.784],[122.6385,-0.7805],[122.6375,-0.766],[122.6275,-0.7645],[122.6205,-0.7765],[122.627,-0.7955],[122.6275,-0.7965],[122.6295,-0.796],[122.6305,-0.7965],[122.6495,-0.793],[122.646,-0.7875],[122.644,-0.784]]]},"properties":{"code":"72.01.07.2017","name":"Tongkonunuk"}},{"type":"Feature","geometry":{"type":"Polygon","coordinates":[[[122.645,-0.801],[122.644,-0.7985],[122.6495,-0.793],[122.6305,-0.7965],[122.63,-0.799],[122.633,-0.8005],[122.635,-0.801],[122.6385,-0.8015],[122.641,-0.8005],[122.6425,-0.8],[122.6435,-0.8005],[122.645,-0.801]]]},"properties":{"code":"72.01.07.2019","name":"Hohudongan"}},{"type":"Feature","geometry":{"type":"Polygon","coordinates":[[[122.645,-0.801],[122.6435,-0.8005],[122.643,-0.8],[122.642,-0.801],[122.641,-0.802],[122.635,-0.8055],[122.6315,-0.808],[122.6305,-0.8095],[122.63,-0.811],[122.6295,-0.812],[122.6295,-0.8125],[122.63,-0.814],[122.6295,-0.82],[122.6285,-0.8235],[122.628,-0.8255],[122.628,-0.8285],[122.6255,-0.8295],[122.627,-0.834],[122.6265,-0.837],[122.627,-0.8385],[122.641,-0.812],[122.646,-0.8085],[122.649,-0.8055],[122.6455,-0.803],[122.645,-0.801]]]},"properties":{"code":"72.01.07.2020","name":"Sinampangnyo"}},{"type":"Feature","geometry":{"type":"Polygon","coordinates":[[[122.646,-0.7875],[122.6515,-0.788],[122.651,-0.7845],[122.644,-0.784],[122.646,-0.7875]]]},"properties":{"code":"72.01.07.2021","name":"Jaya Bakti"}},{"type":"Feature","geometry":{"type":"Polygon","coordinates":[[[122.6765,-0.8035],[122.6655,-0.8005],[122.653,-0.82],[122.6525,-0.8695],[122.665,-0.8895],[122.657,-0.896],[122.6615,-0.909],[122.6575,-0.916],[122.663,-0.9245],[122.663,-0.927],[122.663,-0.931],[122.6625,-0.9325],[122.6625,-0.9335],[122.663,-0.9335],[122.6635,-0.933],[122.664,-0.9325],[122.6665,-0.9325],[122.669,-0.9285],[122.664,-0.9065],[122.67,-0.887],[122.6645,-0.875],[122.6585,-0.8465],[122.663,-0.817],[122.6765,-0.8035]]]},"properties":{"code":"72.01.07.2023","name":"Pisou"}},{"type":"Feature","geometry":{"type":"Polygon","coordinates":[[[122.6845,-0.8085],[122.6765,-0.8035],[122.663,-0.817],[122.6585,-0.8465],[122.6645,-0.875],[122.67,-0.887],[122.664,-0.9065],[122.669,-0.9285],[122.677,-0.922],[122.685,-0.9185],[122.6795,-0.882],[122.671,-0.864],[122.674,-0.8505],[122.6665,-0.84],[122.6705,-0.8155],[122.672,-0.8135],[122.6835,-0.8095],[122.6845,-0.8085]]]},"properties":{"code":"72.01.07.2024","name":"Lambangan"}},{"type":"Feature","geometry":{"type":"Polygon","coordinates":[[[122.918,-0.765],[122.8895,-0.767],[122.8625,-0.775],[122.8515,-0.7655],[122.8515,-0.767],[122.851,-0.7895],[122.8555,-0.809],[122.858,-0.811],[122.86,-0.8105],[122.8695,-0.8025],[122.873,-0.801],[122.8875,-0.7985],[122.8935,-0.797],[122.895,-0.7955],[122.9035,-0.792],[122.9115,-0.78],[122.9095,-0.771],[122.9105,-0.771],[122.915,-0.769],[122.9165,-0.7675],[122.918,-0.765]]]},"properties":{"code":"72.01.07.2025","name":"Toipan"}},{"type":"Feature","geometry":{"type":"Polygon","coordinates":[[[123,-0.7865],[123,-0.75],[123.034,-0.75],[123.0265,-0.7345],[123.0285,-0.7165],[123.0065,-0.7215],[123.008,-0.7105],[123.0005,-0.706],[122.985,-0.711],[122.9805,-0.7005],[122.952,-0.71],[122.938,-0.7175],[122.934,-0.715],[122.9275,-0.708],[122.924,-0.7105],[122.927,-0.737],[122.942,-0.7425],[122.9495,-0.736],[122.9635,-0.7455],[122.96,-0.7545],[122.9315,-0.754],[122.918,-0.765],[122.9165,-0.7675],[122.915,-0.769],[122.9105,-0.771],[122.9095,-0.771],[122.9115,-0.78],[122.9275,-0.785],[122.932,-0.786],[122.948,-0.7825],[122.9635,-0.7905],[122.969,-0.7865],[122.97,-0.7855],[122.974,-0.7845],[122.98,-0.787],[122.9815,-0.7875],[122.988,-0.786],[122.9895,-0.7865],[123,-0.7865]]]},"properties":{"code":"72.01.07.2026","name":"Siuna"}},{"type":"Feature","geometry":{"type":"Polygon","coordinates":[[[122.627,-0.7955],[122.625,-0.794],[122.624,-0.7935],[122.6235,-0.796],[122.6175,-0.8095],[122.632,-0.807],[122.635,-0.8055],[122.641,-0.802],[122.642,-0.801],[122.643,-0.8],[122.6425,-0.8],[122.641,-0.8005],[122.6385,-0.8015],[122.635,-0.801],[122.633,-0.8005],[122.63,-0.799],[122.6305,-0.7965],[122.6295,-0.796],[122.6275,-0.7965],[122.627,-0.7955]]]},"properties":{"code":"72.01.07.2027","name":"Pinapuan"}},{"type":"Feature","geometry":{"type":"Polygon","coordinates":[[[122.6895,-0.811],[122.6845,-0.8085],[122.6835,-0.8095],[122.672,-0.8135],[122.6705,-0.8155],[122.6665,-0.84],[122.674,-0.8505],[122.671,-0.864],[122.6795,-0.882],[122.685,-0.9185],[122.697,-0.9155],[122.7055,-0.905],[122.698,-0.8665],[122.692,-0.8495],[122.6995,-0.8435],[122.686,-0.8355],[122.6895,-0.811]]]},"properties":{"code":"72.01.07.2029","name":"Sepa"}},{"type":"Feature","geometry":{"type":"Polygon","coordinates":[[[122.703,-0.81],[122.6895,-0.811],[122.686,-0.8355],[122.6995,-0.8435],[122.692,-0.8495],[122.698,-0.8665],[122.7055,-0.905],[122.718,-0.8945],[122.7255,-0.8915],[122.7175,-0.8745],[122.721,-0.856],[122.717,-0.8375],[122.711,-0.8315],[122.703,-0.81]]]},"properties":{"code":"72.01.07.2030","name":"Taloyon"}},{"type":"Feature","geometry":{"type":"Polygon","coordinates":[[[122.7355,-0.81],[122.726,-0.813],[122.703,-0.81],[122.711,-0.8315],[122.717,-0.8375],[122.721,-0.856],[122.7175,-0.8745],[122.7255,-0.8915],[122.728,-0.888],[122.7345,-0.881],[122.7325,-0.8655],[122.7375,-0.855],[122.73,-0.8275],[122.7375,-0.8225],[122.7355,-0.81]]]},"properties":{"code":"72.01.07.2031","name":"Uwedaka"}},{"type":"Feature","geometry":{"type":"Polygon","coordinates":[[[122.7645,-0.866],[122.7675,-0.8575],[122.762,-0.837],[122.764,-0.826],[122.761,-0.7945],[122.7355,-0.81],[122.7375,-0.8225],[122.73,-0.8275],[122.7375,-0.855],[122.7325,-0.8655],[122.7345,-0.881],[122.743,-0.884],[122.7615,-0.874],[122.7645,-0.866]]]},"properties":{"code":"72.01.07.2032","name":"Tintingan"}},{"type":"Feature","geometry":{"type":"Polygon","coordinates":[[[122.7905,-0.8585],[122.794,-0.843],[122.7895,-0.821],[122.7895,-0.806],[122.778,-0.7905],[122.7755,-0.7885],[122.771,-0.7855],[122.7665,-0.7905],[122.7665,-0.792],[122.773,-0.824],[122.7745,-0.8465],[122.7815,-0.864],[122.782,-0.8645],[122.7905,-0.8585]]]},"properties":{"code":"72.01.07.2033","name":"Bungawon"}},{"type":"Feature","geometry":{"type":"Polygon","coordinates":[[[122.8165,-0.779],[122.7925,-0.7755],[122.771,-0.7855],[122.7755,-0.7885],[122.778,-0.7905],[122.7895,-0.806],[122.7895,-0.821],[122.794,-0.843],[122.7905,-0.8585],[122.8075,-0.844],[122.8165,-0.838],[122.8225,-0.8315],[122.8145,-0.8235],[122.812,-0.807],[122.8165,-0.8005],[122.8165,-0.7985],[122.8125,-0.784],[122.8135,-0.782],[122.8165,-0.779]]]},"properties":{"code":"72.01.07.2034","name":"Huhak"}},{"type":"Feature","geometry":{"type":"Polygon","coordinates":[[[122.8555,-0.809],[122.851,-0.7895],[122.8515,-0.767],[122.8515,-0.7655],[122.8365,-0.776],[122.8355,-0.7805],[122.836,-0.783],[122.8355,-0.7945],[122.835,-0.8],[122.8415,-0.8185],[122.8425,-0.813],[122.8555,-0.809]]]},"properties":{"code":"72.01.07.2035","name":"Poh"}},{"type":"Feature","geometry":{"type":"Polygon","coordinates":[[[122.7815,-0.864],[122.7745,-0.8465],[122.773,-0.824],[122.7665,-0.792],[122.7665,-0.7905],[122.761,-0.7945],[122.764,-0.826],[122.762,-0.837],[122.7675,-0.8575],[122.7645,-0.866],[122.7815,-0.864]]]},"properties":{"code":"72.01.07.2037","name":"Bondat"}},{"type":"Feature","geometry":{"type":"Polygon","coordinates":[[[122.763,-0.664],[122.7315,-0.663],[122.732,-0.675],[122.7435,-0.6765],[122.7525,-0.686],[122.759,-0.683],[122.76,-0.681],[122.761,-0.6765],[122.763,-0.664]]]},"properties":{"code":"72.01.07.2038","name":"Sammajatem"}},{"type":"Feature","geometry":{"type":"Polygon","coordinates":[[[122.58,-0.8405],[122.574,-0.839],[122.5695,-0.8385],[122.557,-0.841],[122.551,-0.845],[122.549,-0.8485],[122.544,-0.852],[122.543,-0.8535],[122.542,-0.854],[122.5405,-0.855],[122.5415,-0.8565],[122.543,-0.8585],[122.546,-0.867],[122.538,-0.8805],[122.5395,-0.898],[122.557,-0.9095],[122.562,-0.918],[122.5585,-0.9285],[122.567,-0.937],[122.563,-0.947],[122.569,-0.9575],[122.5615,-0.9695],[122.572,-0.9795],[122.56,-0.996],[122.569,-0.993],[122.5745,-0.9925],[122.5835,-0.9875],[122.589,-0.9825],[122.5905,-0.977],[122.597,-0.952],[122.5985,-0.95],[122.592,-0.9465],[122.5915,-0.9455],[122.5885,-0.935],[122.58,-0.93],[122.581,-0.913],[122.587,-0.904],[122.5695,-0.881],[122.5685,-0.8795],[122.5775,-0.864],[122.5805,-0.8585],[122.5825,-0.858],[122.5825,-0.853],[122.5815,-0.8495],[122.579,-0.8475],[122.578,-0.844],[122.579,-0.8435],[122.58,-0.8405]]]},"properties":{"code":"72.01.07.2039","name":"Bulu"}},{"type":"Feature","geometry":{"type":"Polygon","coordinates":[[[122.8365,-0.776],[122.8165,-0.779],[122.8135,-0.782],[122.8125,-0.784],[122.8165,-0.7985],[122.8165,-0.8005],[122.812,-0.807],[122.8145,-0.8235],[122.8225,-0.8315],[122.825,-0.8285],[122.8275,-0.8275],[122.8415,-0.8185],[122.835,-0.8],[122.8355,-0.7945],[122.836,-0.783],[122.8355,-0.7805],[122.8365,-0.776]]]},"properties":{"code":"72.01.07.2041","name":"Tombang"}},{"type":"Feature","geometry":{"type":"Polygon","coordinates":[[[122.626,-0.8315],[122.623,-0.8335],[122.6135,-0.8265],[122.611,-0.8245],[122.611,-0.8235],[122.61,-0.8225],[122.609,-0.822],[122.6095,-0.826],[122.609,-0.829],[122.606,-0.836],[122.599,-0.839],[122.589,-0.853],[122.5835,-0.8575],[122.5825,-0.858],[122.5805,-0.8585],[122.5775,-0.864],[122.5685,-0.8795],[122.5695,-0.881],[122.587,-0.904],[122.581,-0.913],[122.58,-0.93],[122.5885,-0.935],[122.5915,-0.9455],[122.592,-0.9465],[122.5985,-0.95],[122.597,-0.952],[122.5905,-0.977],[122.604,-0.9695],[122.61,-0.9655],[122.615,-0.9645],[122.6205,-0.9575],[122.6235,-0.958],[122.626,-0.9575],[122.629,-0.9545],[122.6365,-0.9425],[122.639,-0.926],[122.6345,-0.9145],[122.6375,-0.9025],[122.6315,-0.8785],[122.637,-0.862],[122.6285,-0.8405],[122.627,-0.8385],[122.6265,-0.837],[122.627,-0.834],[122.626,-0.8315]]]},"properties":{"code":"72.01.07.2043","name":"Ampera"}},{"type":"Feature","geometry":{"type":"Polygon","coordinates":[[[122.563,-0.8065],[122.5545,-0.806],[122.553,-0.839],[122.557,-0.841],[122.5695,-0.8385],[122.574,-0.839],[122.58,-0.8405],[122.58,-0.839],[122.578,-0.837],[122.5855,-0.8285],[122.5795,-0.819],[122.563,-0.8065]]]},"properties":{"code":"72.01.07.2044","name":"Dongkalan"}},{"type":"Feature","geometry":{"type":"Polygon","coordinates":[[[123.17,-0.584],[123.1505,-0.577],[123.1495,-0.587],[123.149,-0.589],[123.1475,-0.5905],[123.147,-0.5915],[123.1475,-0.5935],[123.1485,-0.5945],[123.1505,-0.5965],[123.154,-0.5955],[123.159,-0.603],[123.177,-0.6],[123.1765,-0.5975],[123.175,-0.5975],[123.1745,-0.598],[123.172,-0.598],[123.1695,-0.5975],[123.1685,-0.5965],[123.17,-0.584]]]},"properties":{"code":"72.01.08.2001","name":"Bualemo A"}},{"type":"Feature","geometry":{"type":"Polygon","coordinates":[[[122.864,-0.6215],[122.852,-0.6285],[122.847,-0.6395],[122.8345,-0.6415],[122.826,-0.6345],[122.8165,-0.64],[122.8215,-0.648],[122.818,-0.664],[122.808,-0.672],[122.803,-0.685],[122.8035,-0.7085],[122.824,-0.7015],[122.8345,-0.7105],[122.8505,-0.7135],[122.87,-0.7125],[122.8675,-0.6945],[122.876,-0.6795],[122.8795,-0.6625],[122.8665,-0.658],[122.861,-0.6345],[122.864,-0.6215]]]},"properties":{"code":"72.01.08.2002","name":"Tikupan"}},{"type":"Feature","geometry":{"type":"Polygon","coordinates":[[[122.9495,-0.651],[122.936,-0.6415],[122.918,-0.643],[122.9235,-0.6625],[122.9455,-0.662],[122.9495,-0.651]]]},"properties":{"code":"72.01.08.2003","name":"Trans Mayayap"}},{"type":"Feature","geometry":{"type":"Polygon","coordinates":[[[123.03,-0.5985],[123.015,-0.6015],[123.0035,-0.614],[122.991,-0.6195],[122.968,-0.619],[122.951,-0.6375],[122.9495,-0.651],[122.953,-0.6575],[122.951,-0.6675],[122.956,-0.6885],[122.936,-0.7145],[122.938,-0.7175],[122.952,-0.71],[122.9805,-0.7005],[122.985,-0.711],[123.0005,-0.706],[123.008,-0.7105],[123.0065,-0.7215],[123.0285,-0.7165],[123.0265,-0.7345],[123.034,-0.75],[123,-0.75],[123,-0.7925],[123.0015,-0.7935],[123.002,-0.792],[123.0025,-0.7915],[123.003,-0.7915],[123.004,-0.7915],[123.0045,-0.792],[123.0095,-0.7925],[123.0175,-0.7865],[123.021,-0.7895],[123.0325,-0.785],[123.0415,-0.719],[123.033,-0.61],[123.03,-0.5985]]]},"properties":{"code":"72.01.08.2004","name":"Toiba"}},{"type":"Feature","geometry":{"type":"Polygon","coordinates":[[[123.1005,-0.575],[123.088,-0.5765],[123.0705,-0.5675],[123.057,-0.564],[123.0495,-0.569],[123.051,-0.5835],[123.0575,-0.5935],[123.0465,-0.6005],[123.046,-0.596],[123.0425,-0.5935],[123.03,-0.5985],[123.033,-0.61],[123.0415,-0.719],[123.0325,-0.785],[123.039,-0.784],[123.0415,-0.782],[123.046,-0.78],[123.0465,-0.777],[123.0665,-0.7765],[123.071,-0.779],[123.075,-0.781],[123.082,-0.7805],[123.0955,-0.785],[123.096,-0.7885],[123.0965,-0.787],[123.0985,-0.784],[123.0945,-0.77],[123.095,-0.766],[123.0995,-0.764],[123.0995,-0.761],[123.097,-0.7385],[123.1055,-0.7325],[123.114,-0.7345],[123.121,-0.7245],[123.1105,-0.71],[123.1005,-0.71],[123.092,-0.6995],[123.098,-0.6895],[123.101,-0.6745],[123.101,-0.6695],[123.1015,-0.668],[123.099,-0.664],[123.0985,-0.647],[123.1045,-0.64],[123.1045,-0.6385],[123.1035,-0.6355],[123.1005,-0.575]],[[123.0865,-0.6025],[123.0865,-0.601],[123.093,-0.6065],[123.092,-0.6145],[123.09,-0.622],[123.09,-0.624],[123.0875,-0.603],[123.0865,-0.6025]]]},"properties":{"code":"72.01.08.2005","name":"Longkoga Barat"}},{"type":"Feature","geometry":{"type":"Polygon","coordinates":[[[123.1285,-0.574],[123.113,-0.5705],[123.1005,-0.575],[123.1025,-0.623],[123.103,-0.623],[123.103,-0.6235],[123.106,-0.622],[123.108,-0.623],[123.116,-0.615],[123.12,-0.6115],[123.1285,-0.574]]]},"properties":{"code":"72.01.08.2006","name":"Longkoga Timur"}},{"type":"Feature","geometry":{"type":"Polygon","coordinates":[[[123.1505,-0.577],[123.1285,-0.574],[123.12,-0.6115],[123.119,-0.6125],[123.134,-0.61],[123.1505,-0.5965],[123.1485,-0.5945],[123.1475,-0.5935],[123.147,-0.5915],[123.1475,-0.5905],[123.149,-0.589],[123.1495,-0.587],[123.1505,-0.577]]]},"properties":{"code":"72.01.08.2007","name":"Bualemo B"}},{"type":"Feature","geometry":{"type":"Polygon","coordinates":[[[123.401,-0.6495],[123.394,-0.6415],[123.381,-0.645],[123.3715,-0.6365],[123.3545,-0.6315],[123.3505,-0.6255],[123.318,-0.6125],[123.317,-0.613],[123.317,-0.614],[123.3125,-0.6265],[123.304,-0.631],[123.3045,-0.632],[123.3055,-0.6335],[123.306,-0.635],[123.317,-0.6465],[123.3185,-0.6495],[123.3215,-0.6575],[123.3315,-0.6685],[123.3335,-0.6715],[123.3365,-0.6705],[123.3575,-0.67],[123.3655,-0.6625],[123.3665,-0.663],[123.3785,-0.661],[123.401,-0.6495]]]},"properties":{"code":"72.01.08.2008","name":"Taima"}},{"type":"Feature","geometry":{"type":"Polygon","coordinates":[[[123.177,-0.6],[123.159,-0.603],[123.154,-0.5955],[123.1505,-0.5965],[123.134,-0.61],[123.119,-0.6125],[123.12,-0.6135],[123.122,-0.6235],[123.114,-0.6315],[123.1165,-0.652],[123.101,-0.677],[123.1055,-0.683],[123.1075,-0.7025],[123.124,-0.7265],[123.1155,-0.745],[123.113,-0.777],[123.1135,-0.7765],[123.1155,-0.775],[123.117,-0.775],[123.1335,-0.771],[123.135,-0.771],[123.1725,-0.7525],[123.173,-0.7525],[123.1765,-0.754],[123.201,-0.752],[123.2025,-0.752],[123.1965,-0.619],[123.195,-0.614],[123.1835,-0.6],[123.177,-0.6]]]},"properties":{"code":"72.01.08.2009","name":"Sampaka"}},{"type":"Feature","geometry":{"type":"Polygon","coordinates":[[[123.2615,-0.58],[123.242,-0.5835],[123.2315,-0.5815],[123.229,-0.598],[123.2225,-0.6025],[123.236,-0.6185],[123.2285,-0.6375],[123.232,-0.663],[123.2275,-0.678],[123.234,-0.691],[123.23,-0.708],[123.2325,-0.7225],[123.223,-0.731],[123.231,-0.75],[123.233,-0.7535],[123.233,-0.7555],[123.2495,-0.7555],[123.255,-0.754],[123.261,-0.762],[123.2635,-0.7625],[123.263,-0.762],[123.2635,-0.753],[123.2615,-0.7505],[123.269,-0.743],[123.2705,-0.7395],[123.27,-0.737],[123.2685,-0.733],[123.27,-0.732],[123.2715,-0.7295],[123.2725,-0.729],[123.273,-0.729],[123.273,-0.728],[123.273,-0.727],[123.272,-0.725],[123.276,-0.7255],[123.28,-0.7155],[123.2955,-0.7045],[123.298,-0.702],[123.2955,-0.698],[123.297,-0.696],[123.295,-0.695],[123.292,-0.691],[123.29,-0.691],[123.2905,-0.69],[123.29,-0.6895],[123.2895,-0.6805],[123.289,-0.678],[123.2885,-0.6745],[123.292,-0.673],[123.296,-0.6645],[123.2975,-0.665],[123.297,-0.6615],[123.291,-0.6605],[123.2885,-0.661],[123.287,-0.6595],[123.274,-0.6415],[123.2755,-0.639],[123.2745,-0.6365],[123.275,-0.633],[123.271,-0.625],[123.2695,-0.6045],[123.2685,-0.5975],[123.2685,-0.597],[123.2675,-0.594],[123.2655,-0.592],[123.2655,-0.591],[123.263,-0.59],[123.2615,-0.5885],[123.262,-0.586],[123.261,-0.584],[123.2605,-0.582],[123.2615,-0.58]]]},"properties":{"code":"72.01.08.2010","name":"Malik"}},{"type":"Feature","geometry":{"type":"Polygon","coordinates":[[[123.2685,-0.597],[123.272,-0.5935],[123.269,-0.5905],[123.2645,-0.59],[123.263,-0.59],[123.2655,-0.591],[123.2655,-0.592],[123.2675,-0.594],[123.2685,-0.597]]]},"properties":{"code":"72.01.08.2011","name":"Binsil"}},{"type":"Feature","geometry":{"type":"Polygon","coordinates":[[[123.318,-0.6125],[123.308,-0.6105],[123.271,-0.5845],[123.2615,-0.58],[123.2605,-0.582],[123.261,-0.584],[123.262,-0.586],[123.2615,-0.5885],[123.2645,-0.59],[123.269,-0.5905],[123.272,-0.5935],[123.2685,-0.597],[123.2685,-0.5975],[123.2695,-0.6045],[123.271,-0.625],[123.275,-0.633],[123.2745,-0.6365],[123.2755,-0.639],[123.274,-0.6415],[123.287,-0.6595],[123.2885,-0.661],[123.291,-0.6605],[123.297,-0.6615],[123.2975,-0.665],[123.296,-0.6645],[123.292,-0.673],[123.2885,-0.6745],[123.289,-0.678],[123.2895,-0.6805],[123.2895,-0.6855],[123.3005,-0.68],[123.331,-0.672],[123.3335,-0.6715],[123.3315,-0.6685],[123.3215,-0.6575],[123.3185,-0.6495],[123.317,-0.6465],[123.306,-0.635],[123.3055,-0.6335],[123.3045,-0.632],[123.304,-0.6315],[123.295,-0.6235],[123.303,-0.6085],[123.3165,-0.614],[123.317,-0.613],[123.318,-0.6125]]]},"properties":{"code":"72.01.08.2012","name":"Binsil Padang"}},{"type":"Feature","geometry":{"type":"Polygon","coordinates":[[[123.0425,-0.5935],[123.046,-0.596],[123.0465,-0.6005],[123.0575,-0.5935],[123.051,-0.5835],[123.0425,-0.5935]]]},"properties":{"code":"72.01.08.2013","name":"Lembah Tompotika"}},{"type":"Feature","geometry":{"type":"Polygon","coordinates":[[[122.951,-0.6375],[122.9385,-0.6305],[122.94,-0.622],[122.928,-0.618],[122.921,-0.626],[122.8965,-0.626],[122.8955,-0.6345],[122.8795,-0.6395],[122.864,-0.6215],[122.861,-0.6345],[122.8665,-0.658],[122.8795,-0.6625],[122.876,-0.6795],[122.8675,-0.6945],[122.87,-0.7125],[122.8865,-0.7225],[122.893,-0.7385],[122.904,-0.734],[122.909,-0.739],[122.927,-0.737],[122.924,-0.7105],[122.9275,-0.708],[122.934,-0.715],[122.936,-0.7145],[122.956,-0.6885],[122.951,-0.6675],[122.953,-0.6575],[122.9455,-0.662],[122.9235,-0.6625],[122.918,-0.643],[122.936,-0.6415],[122.9495,-0.651],[122.951,-0.6375]]]},"properties":{"code":"72.01.08.2014","name":"Mayayap"}},{"type":"Feature","geometry":{"type":"Polygon","coordinates":[[[123.3165,-0.614],[123.303,-0.6085],[123.295,-0.6235],[123.304,-0.6315],[123.304,-0.631],[123.3125,-0.6265],[123.317,-0.614],[123.3165,-0.614]]]},"properties":{"code":"72.01.08.2015","name":"Bima Karya"}},{"type":"Feature","geometry":{"type":"Polygon","coordinates":[[[122.8165,-0.64],[122.8015,-0.641],[122.7955,-0.6585],[122.776,-0.6715],[122.763,-0.664],[122.761,-0.6765],[122.76,-0.681],[122.759,-0.683],[122.759,-0.6905],[122.7825,-0.7045],[122.8035,-0.7085],[122.803,-0.685],[122.808,-0.672],[122.818,-0.664],[122.8215,-0.648],[122.8165,-0.64]]]},"properties":{"code":"72.01.08.2016","name":"Salipi"}},{"type":"Feature","geometry":{"type":"Polygon","coordinates":[[[123.2035,-0.5705],[123.1945,-0.57],[123.179,-0.5815],[123.17,-0.584],[123.1685,-0.5965],[123.1695,-0.5975],[123.172,-0.598],[123.1745,-0.598],[123.175,-0.5975],[123.1765,-0.5975],[123.177,-0.6],[123.1835,-0.6],[123.195,-0.614],[123.1965,-0.619],[123.2025,-0.752],[123.2065,-0.753],[123.2265,-0.756],[123.2315,-0.756],[123.233,-0.7555],[123.233,-0.7535],[123.231,-0.75],[123.223,-0.731],[123.2325,-0.7225],[123.23,-0.708],[123.234,-0.691],[123.2275,-0.678],[123.232,-0.663],[123.2285,-0.6375],[123.236,-0.6185],[123.2225,-0.6025],[123.2145,-0.6065],[123.203,-0.602],[123.2035,-0.5705]]]},"properties":{"code":"72.01.08.2017","name":"Nipa Kalemoan"}},{"type":"Feature","geometry":{"type":"Polygon","coordinates":[[[123.2315,-0.5815],[123.2205,-0.5795],[123.2035,-0.5705],[123.203,-0.602],[123.2145,-0.6065],[123.2225,-0.6025],[123.229,-0.598],[123.2315,-0.5815]]]},"properties":{"code":"72.01.08.2018","name":"Malik Makmur"}},{"type":"Feature","geometry":{"type":"Polygon","coordinates":[[[123.113,-0.777],[123.1155,-0.745],[123.124,-0.7265],[123.1075,-0.7025],[123.1055,-0.683],[123.101,-0.677],[123.1165,-0.652],[123.114,-0.6315],[123.122,-0.6235],[123.12,-0.6135],[123.119,-0.6125],[123.116,-0.615],[123.108,-0.623],[123.106,-0.622],[123.103,-0.6235],[123.103,-0.623],[123.1025,-0.623],[123.1035,-0.6355],[123.1045,-0.6385],[123.1045,-0.64],[123.0985,-0.647],[123.099,-0.664],[123.1015,-0.668],[123.101,-0.6695],[123.101,-0.6745],[123.098,-0.6895],[123.092,-0.6995],[123.1005,-0.71],[123.1105,-0.71],[123.121,-0.7245],[123.114,-0.7345],[123.1055,-0.7325],[123.097,-0.7385],[123.0995,-0.761],[123.0995,-0.764],[123.095,-0.766],[123.0945,-0.77],[123.0985,-0.784],[123.102,-0.784],[123.1035,-0.784],[123.105,-0.783],[123.107,-0.782],[123.108,-0.7815],[123.11,-0.779],[123.1125,-0.7775],[123.113,-0.777]]]},"properties":{"code":"72.01.08.2019","name":"Lembah Makmur"}},{"type":"Feature","geometry":{"type":"Polygon","coordinates":[[[123.093,-0.6065],[123.0865,-0.601],[123.0865,-0.6025],[123.0875,-0.603],[123.09,-0.624],[123.09,-0.622],[123.092,-0.6145],[123.093,-0.6065]]]},"properties":{"code":"72.01.08.2020","name":"Dwi Karya"}},{"type":"Feature","geometry":{"type":"Polygon","coordinates":[[[122.3575,-1.447],[122.3555,-1.447],[122.3445,-1.452],[122.344,-1.4525],[122.3435,-1.452],[122.3425,-1.4515],[122.3335,-1.4545],[122.3355,-1.461],[122.3435,-1.465],[122.349,-1.461],[122.352,-1.458],[122.3595,-1.451],[122.361,-1.45],[122.3605,-1.4485],[122.3575,-1.447]]]},"properties":{"code":"72.01.09.1054","name":"Cendana"}},{"type":"Feature","geometry":{"type":"Polygon","coordinates":[[[122.364,-1.4545],[122.362,-1.4515],[122.3615,-1.451],[122.361,-1.45],[122.3595,-1.451],[122.352,-1.458],[122.349,-1.461],[122.3435,-1.465],[122.3485,-1.467],[122.354,-1.467],[122.355,-1.467],[122.357,-1.4665],[122.364,-1.4545]]]},"properties":{"code":"72.01.09.2001","name":"Cendana Pura"}},{"type":"Feature","geometry":{"type":"Polygon","coordinates":[[[122.37,-1.468],[122.369,-1.467],[122.3675,-1.464],[122.3625,-1.46],[122.361,-1.465],[122.355,-1.467],[122.3525,-1.4815],[122.334,-1.4945],[122.338,-1.495],[122.346,-1.51],[122.3465,-1.5105],[122.3465,-1.511],[122.3465,-1.5125],[122.3475,-1.5125],[122.3485,-1.515],[122.3485,-1.517],[122.3435,-1.518],[122.3465,-1.5175],[122.356,-1.518],[122.3575,-1.4955],[122.3645,-1.477],[122.371,-1.473],[122.3695,-1.4695],[122.37,-1.468]]]},"properties":{"code":"72.01.09.2011","name":"Sentral Sari"}},{"type":"Feature","geometry":{"type":"Polygon","coordinates":[[[122.333,-1.462],[122.3325,-1.4615],[122.33,-1.461],[122.3275,-1.4735],[122.3325,-1.474],[122.333,-1.462]]]},"properties":{"code":"72.01.09.2013","name":"Tirta Kencana"}},{"type":"Feature","geometry":{"type":"Polygon","coordinates":[[[122.237,-1.334],[122.2155,-1.332],[122.2075,-1.3375],[122.209,-1.3465],[122.2295,-1.368],[122.238,-1.38],[122.2455,-1.3825],[122.26,-1.4035],[122.2775,-1.407],[122.306,-1.42],[122.3015,-1.434],[122.3015,-1.4355],[122.3035,-1.438],[122.304,-1.4415],[122.3105,-1.447],[122.3115,-1.4475],[122.314,-1.4495],[122.3135,-1.4505],[122.312,-1.4515],[122.315,-1.451],[122.318,-1.4515],[122.33,-1.461],[122.3325,-1.4615],[122.334,-1.4615],[122.3355,-1.461],[122.3335,-1.4545],[122.333,-1.454],[122.321,-1.452],[122.32,-1.4505],[122.3195,-1.45],[122.317,-1.446],[122.313,-1.4395],[122.3125,-1.4375],[122.3125,-1.4345],[122.312,-1.433],[122.313,-1.43],[122.315,-1.422],[122.3155,-1.4195],[122.315,-1.4175],[122.315,-1.4165],[122.318,-1.412],[122.3155,-1.3975],[122.304,-1.3845],[122.304,-1.3815],[122.286,-1.379],[122.284,-1.3785],[122.2705,-1.369],[122.2605,-1.3675],[122.237,-1.334]]]},"properties":{"code":"72.01.09.2014","name":"Singkoyo"}},{"type":"Feature","geometry":{"type":"Polygon","coordinates":[[[122.3325,-1.474],[122.3275,-1.4735],[122.3265,-1.4735],[122.323,-1.492],[122.328,-1.4935],[122.334,-1.4945],[122.3525,-1.4815],[122.353,-1.4785],[122.3435,-1.477],[122.3325,-1.474]]]},"properties":{"code":"72.01.09.2017","name":"Tirta Sari"}},{"type":"Feature","geometry":{"type":"Polygon","coordinates":[[[122.3375,-1.421],[122.3365,-1.4215],[122.332,-1.4235],[122.315,-1.4205],[122.315,-1.422],[122.313,-1.43],[122.312,-1.433],[122.3125,-1.4345],[122.3125,-1.4375],[122.313,-1.4395],[122.317,-1.446],[122.3195,-1.4475],[122.3225,-1.45],[122.326,-1.45],[122.3305,-1.451],[122.3335,-1.4545],[122.3425,-1.4515],[122.3435,-1.452],[122.344,-1.4525],[122.3445,-1.452],[122.345,-1.4515],[122.345,-1.4505],[122.3445,-1.45],[122.347,-1.4445],[122.35,-1.4405],[122.3495,-1.44],[122.35,-1.435],[122.3495,-1.4345],[122.347,-1.433],[122.3425,-1.431],[122.3425,-1.4265],[122.3395,-1.4245],[122.339,-1.4225],[122.338,-1.4215],[122.3375,-1.421]]]},"properties":{"code":"72.01.09.2026","name":"Rusa Kencana"}},{"type":"Feature","geometry":{"type":"Polygon","coordinates":[[[122.3615,-1.376],[122.3615,-1.3755],[122.358,-1.3715],[122.355,-1.3615],[122.3465,-1.3575],[122.3425,-1.3465],[122.342,-1.346],[122.309,-1.342],[122.308,-1.339],[122.3075,-1.339],[122.3065,-1.339],[122.3055,-1.3365],[122.305,-1.3365],[122.3035,-1.3375],[122.3025,-1.3405],[122.3135,-1.3565],[122.3145,-1.3715],[122.324,-1.373],[122.328,-1.388],[122.3425,-1.393],[122.3455,-1.3945],[122.3455,-1.382],[122.3615,-1.376]]]},"properties":{"code":"72.01.09.2036","name":"Samalore"}},{"type":"Feature","geometry":{"type":"Polygon","coordinates":[[[122.237,-1.334],[122.2395,-1.332],[122.2445,-1.3175],[122.257,-1.3045],[122.253,-1.294],[122.2415,-1.281],[122.248,-1.2665],[122.234,-1.254],[122.2285,-1.2445],[122.2395,-1.221],[122.2405,-1.22],[122.2405,-1.219],[122.2395,-1.213],[122.239,-1.2115],[122.2295,-1.2055],[122.226,-1.2035],[122.218,-1.194],[122.1945,-1.178],[122.186,-1.1875],[122.1835,-1.1895],[122.181,-1.1885],[122.1675,-1.195],[122.1645,-1.197],[122.164,-1.198],[122.161,-1.202],[122.157,-1.2045],[122.1555,-1.205],[122.155,-1.2055],[122.146,-1.2115],[122.1435,-1.215],[122.132,-1.241],[122.131,-1.242],[122.132,-1.2425],[122.133,-1.2425],[122.1345,-1.243],[122.139,-1.247],[122.139,-1.2535],[122.1455,-1.265],[122.1575,-1.267],[122.157,-1.265],[122.164,-1.2655],[122.165,-1.2625],[122.167,-1.263],[122.1765,-1.289],[122.1875,-1.2995],[122.1765,-1.3075],[122.178,-1.3095],[122.182,-1.316],[122.1845,-1.3205],[122.1965,-1.3295],[122.1995,-1.331],[122.202,-1.3335],[122.205,-1.3355],[122.2065,-1.337],[122.2075,-1.3375],[122.2155,-1.332],[122.237,-1.334]]]},"properties":{"code":"72.01.09.2037","name":"Ue Mea"}},{"type":"Feature","geometry":{"type":"Polygon","coordinates":[[[122.328,-1.388],[122.3195,-1.381],[122.3075,-1.3815],[122.3045,-1.3825],[122.304,-1.3845],[122.3155,-1.3975],[122.318,-1.412],[122.315,-1.4165],[122.315,-1.4175],[122.3155,-1.4195],[122.315,-1.4205],[122.332,-1.4235],[122.3365,-1.4215],[122.3385,-1.4205],[122.3405,-1.4205],[122.3415,-1.421],[122.3455,-1.4165],[122.351,-1.419],[122.3525,-1.4185],[122.356,-1.418],[122.357,-1.418],[122.357,-1.417],[122.3475,-1.406],[122.3485,-1.403],[122.349,-1.4],[122.349,-1.3975],[122.3485,-1.3965],[122.3425,-1.393],[122.328,-1.388]]]},"properties":{"code":"72.01.09.2038","name":"Benteng"}},{"type":"Feature","geometry":{"type":"Polygon","coordinates":[[[122.357,-1.418],[122.356,-1.418],[122.3525,-1.4185],[122.351,-1.419],[122.3455,-1.4165],[122.3415,-1.421],[122.3405,-1.4205],[122.339,-1.4205],[122.338,-1.4205],[122.3375,-1.421],[122.338,-1.4215],[122.339,-1.4225],[122.3395,-1.4245],[122.3425,-1.4265],[122.3425,-1.431],[122.347,-1.433],[122.3495,-1.4345],[122.35,-1.435],[122.3495,-1.44],[122.35,-1.4405],[122.347,-1.4445],[122.3445,-1.45],[122.345,-1.4505],[122.345,-1.4515],[122.3555,-1.447],[122.3575,-1.447],[122.3585,-1.4445],[122.3595,-1.4435],[122.3605,-1.4435],[122.36,-1.441],[122.36,-1.4395],[122.3645,-1.4305],[122.3655,-1.4305],[122.3635,-1.4255],[122.3625,-1.424],[122.3605,-1.42],[122.359,-1.419],[122.357,-1.4185],[122.357,-1.418]]]},"properties":{"code":"72.01.09.2039","name":"Mansahang"}},{"type":"Feature","geometry":{"type":"Polygon","coordinates":[[[122.333,-1.454],[122.3305,-1.451],[122.326,-1.45],[122.3225,-1.45],[122.3195,-1.4475],[122.3195,-1.45],[122.32,-1.4505],[122.321,-1.452],[122.333,-1.454]]]},"properties":{"code":"72.01.09.2045","name":"Tanah Abang"}},{"type":"Feature","geometry":{"type":"Polygon","coordinates":[[[122.3435,-1.465],[122.3355,-1.461],[122.334,-1.4615],[122.333,-1.462],[122.3325,-1.474],[122.3435,-1.477],[122.353,-1.4785],[122.355,-1.467],[122.354,-1.467],[122.3485,-1.467],[122.3435,-1.465]]]},"properties":{"code":"72.01.09.2047","name":"Jaya Kencana"}},{"type":"Feature","geometry":{"type":"Polygon","coordinates":[[[122.37,-1.478],[122.3645,-1.477],[122.3575,-1.4955],[122.356,-1.518],[122.366,-1.5115],[122.37,-1.496],[122.37,-1.478]]]},"properties":{"code":"72.01.09.2051","name":"Sentral Timur"}},{"type":"Feature","geometry":{"type":"Polygon","coordinates":[[[122.3825,-1.4335],[122.384,-1.431],[122.3825,-1.426],[122.38,-1.426],[122.3655,-1.4305],[122.3645,-1.4305],[122.36,-1.4395],[122.3615,-1.4405],[122.3695,-1.446],[122.37,-1.4455],[122.3675,-1.4415],[122.3695,-1.4365],[122.3825,-1.4335]]]},"properties":{"code":"72.01.09.2057","name":"Sidomukti"}},{"type":"Feature","geometry":{"type":"MultiPolygon","coordinates":[[[[123.145,-0.872],[123.1505,-0.872],[123.156,-0.868],[123.1635,-0.8645],[123.1635,-0.864],[123.165,-0.8615],[123.1655,-0.861],[123.1665,-0.8585],[123.164,-0.8585],[123.1585,-0.8615],[123.1485,-0.868],[123.146,-0.869],[123.1465,-0.868],[123.1475,-0.867],[123.146,-0.865],[123.145,-0.8645],[123.1375,-0.8595],[123.137,-0.86],[123.133,-0.8625],[123.141,-0.877],[123.1445,-0.8745],[123.145,-0.872]]],[[[123.1605,-0.8485],[123.155,-0.8455],[123.1535,-0.847],[123.1465,-0.853],[123.144,-0.8545],[123.1435,-0.854],[123.141,-0.857],[123.154,-0.858],[123.156,-0.8575],[123.157,-0.8575],[123.159,-0.857],[123.16,-0.857],[123.161,-0.8565],[123.1605,-0.8485]]],[[[123.2665,-0.7745],[123.257,-0.7775],[123.2275,-0.78],[123.208,-0.8095],[123.1915,-0.808],[123.1845,-0.8045],[123.182,-0.8055],[123.182,-0.807],[123.181,-0.81],[123.1815,-0.812],[123.1835,-0.8125],[123.1835,-0.8185],[123.188,-0.8215],[123.1885,-0.8235],[123.1885,-0.8245],[123.1905,-0.8245],[123.2015,-0.83],[123.1815,-0.842],[123.1825,-0.8425],[123.1875,-0.843],[123.189,-0.8435],[123.1905,-0.8435],[123.1885,-0.8475],[123.1865,-0.8515],[123.186,-0.8515],[123.1865,-0.8515],[123.1855,-0.8525],[123.1855,-0.8545],[123.182,-0.8585],[123.181,-0.8615],[123.1795,-0.863],[123.1795,-0.8635],[123.1885,-0.861],[123.1895,-0.8605],[123.19,-0.861],[123.1955,-0.8635],[123.1975,-0.8635],[123.1985,-0.863],[123.199,-0.864],[123.2085,-0.866],[123.2105,-0.8635],[123.223,-0.8505],[123.235,-0.8465],[123.2555,-0.848],[123.267,-0.8475],[123.2775,-0.841],[123.2865,-0.842],[123.3095,-0.82],[123.296,-0.7955],[123.294,-0.796],[123.282,-0.7925],[123.2805,-0.796],[123.2765,-0.7955],[123.268,-0.7815],[123.2695,-0.7795],[123.2755,-0.775],[123.2665,-0.7745]]]]},"properties":{"code":"72.01.10.2001","name":"Tangeban"}},{"type":"Feature","geometry":{"type":"Polygon","coordinates":[[[123.1825,-0.8355],[123.1755,-0.827],[123.178,-0.825],[123.173,-0.8225],[123.172,-0.8225],[123.171,-0.823],[123.1675,-0.8245],[123.163,-0.826],[123.161,-0.827],[123.159,-0.8295],[123.16,-0.8305],[123.1605,-0.8325],[123.1635,-0.834],[123.1645,-0.838],[123.1605,-0.8465],[123.1605,-0.8485],[123.161,-0.8565],[123.16,-0.857],[123.159,-0.857],[123.157,-0.8575],[123.156,-0.8575],[123.1535,-0.8585],[123.1525,-0.8595],[123.151,-0.8605],[123.15,-0.8625],[123.148,-0.866],[123.1475,-0.867],[123.1465,-0.868],[123.146,-0.869],[123.1485,-0.868],[123.1585,-0.8615],[123.164,-0.8585],[123.1665,-0.8585],[123.1675,-0.8555],[123.184,-0.844],[123.1875,-0.844],[123.1885,-0.8435],[123.1875,-0.843],[123.1825,-0.8425],[123.1805,-0.8405],[123.1825,-0.8355]]]},"properties":{"code":"72.01.10.2002","name":"Taugi"}},{"type":"Feature","geometry":{"type":"Polygon","coordinates":[[[123.161,-0.8275],[123.1555,-0.822],[123.1545,-0.8215],[123.1515,-0.824],[123.151,-0.825],[123.15,-0.8265],[123.1485,-0.828],[123.1475,-0.8295],[123.144,-0.83],[123.1175,-0.8475],[123.133,-0.8625],[123.137,-0.86],[123.138,-0.8585],[123.1385,-0.857],[123.134,-0.8505],[123.1565,-0.8335],[123.1585,-0.83],[123.161,-0.8275]]]},"properties":{"code":"72.01.10.2003","name":"Eteng"}},{"type":"Feature","geometry":{"type":"Polygon","coordinates":[[[123.142,-0.793],[123.1395,-0.7925],[123.132,-0.7925],[123.1305,-0.795],[123.13,-0.7975],[123.125,-0.822],[123.125,-0.823],[123.1345,-0.822],[123.1215,-0.8345],[123.117,-0.8295],[123.112,-0.844],[123.1175,-0.8475],[123.144,-0.83],[123.1475,-0.8295],[123.1485,-0.828],[123.15,-0.8265],[123.151,-0.825],[123.1515,-0.824],[123.1465,-0.8005],[123.142,-0.793]]]},"properties":{"code":"72.01.10.2004","name":"Minang Andala"}},{"type":"Feature","geometry":{"type":"Polygon","coordinates":[[[123.1885,-0.8245],[123.1885,-0.8235],[123.188,-0.8215],[123.1835,-0.8185],[123.1835,-0.8125],[123.1815,-0.812],[123.176,-0.8205],[123.1715,-0.822],[123.171,-0.823],[123.1725,-0.8225],[123.178,-0.825],[123.1755,-0.827],[123.1825,-0.8355],[123.186,-0.824],[123.1885,-0.8245]]]},"properties":{"code":"72.01.10.2005","name":"Kospa Duatakarya"}},{"type":"Feature","geometry":{"type":"Polygon","coordinates":[[[123.117,-0.8295],[123.1215,-0.8345],[123.1345,-0.822],[123.125,-0.823],[123.1245,-0.824],[123.124,-0.8245],[123.117,-0.8295]]]},"properties":{"code":"72.01.10.2006","name":"Purwo Agung"}},{"type":"Feature","geometry":{"type":"Polygon","coordinates":[[[123.13,-0.796],[123.119,-0.7955],[123.117,-0.7955],[123.12,-0.7985],[123.121,-0.799],[123.12,-0.805],[123.111,-0.8165],[123.1115,-0.821],[123.1135,-0.8225],[123.1165,-0.8225],[123.122,-0.8235],[123.1235,-0.823],[123.124,-0.823],[123.125,-0.823],[123.125,-0.822],[123.13,-0.7975],[123.13,-0.796]]]},"properties":{"code":"72.01.10.2007","name":"Kembang Merta"}},{"type":"Feature","geometry":{"type":"Polygon","coordinates":[[[123.233,-0.7555],[123.2315,-0.756],[123.2265,-0.756],[123.2065,-0.753],[123.201,-0.752],[123.1765,-0.754],[123.173,-0.7525],[123.1725,-0.7525],[123.135,-0.771],[123.134,-0.771],[123.141,-0.7815],[123.1415,-0.784],[123.142,-0.793],[123.1465,-0.8005],[123.1515,-0.824],[123.1545,-0.8215],[123.1555,-0.822],[123.161,-0.8275],[123.162,-0.8265],[123.1675,-0.8245],[123.171,-0.823],[123.171,-0.8225],[123.1715,-0.822],[123.176,-0.8205],[123.1815,-0.812],[123.181,-0.81],[123.182,-0.807],[123.182,-0.8055],[123.1845,-0.8045],[123.1915,-0.808],[123.208,-0.8095],[123.2275,-0.78],[123.257,-0.7775],[123.2665,-0.7745],[123.2665,-0.7725],[123.267,-0.7675],[123.2665,-0.766],[123.2655,-0.7635],[123.2635,-0.7625],[123.261,-0.762],[123.255,-0.754],[123.2495,-0.7555],[123.233,-0.7555]]]},"properties":{"code":"72.01.10.2008","name":"Simpangan"}},{"type":"Feature","geometry":{"type":"Polygon","coordinates":[[[123.134,-0.771],[123.1335,-0.771],[123.117,-0.775],[123.1155,-0.775],[123.1135,-0.7765],[123.1125,-0.7775],[123.11,-0.779],[123.108,-0.7815],[123.107,-0.782],[123.105,-0.783],[123.1035,-0.784],[123.102,-0.784],[123.0965,-0.787],[123.096,-0.7885],[123.096,-0.789],[123.095,-0.791],[123.095,-0.7935],[123.0925,-0.798],[123.0915,-0.798],[123.093,-0.799],[123.1145,-0.7955],[123.1175,-0.795],[123.119,-0.7955],[123.13,-0.796],[123.1305,-0.795],[123.132,-0.7925],[123.1395,-0.7925],[123.142,-0.793],[123.1415,-0.784],[123.141,-0.7815],[123.134,-0.771]]]},"properties":{"code":"72.01.10.2009","name":"Tompotika Makmur"}},{"type":"Feature","geometry":{"type":"Polygon","coordinates":[[[123.1815,-0.842],[123.2015,-0.83],[123.1905,-0.8245],[123.186,-0.824],[123.1825,-0.8355],[123.1805,-0.8405],[123.1815,-0.842]]]},"properties":{"code":"72.01.10.2010","name":"Duata Karya"}},{"type":"Feature","geometry":{"type":"Polygon","coordinates":[[[123.1475,-0.882],[123.1615,-0.8695],[123.1635,-0.8645],[123.156,-0.868],[123.1505,-0.872],[123.145,-0.872],[123.1445,-0.8745],[123.141,-0.877],[123.1475,-0.882]]]},"properties":{"code":"72.01.10.2011","name":"Serese"}},{"type":"Feature","geometry":{"type":"Polygon","coordinates":[[[123.154,-0.858],[123.141,-0.857],[123.139,-0.8565],[123.138,-0.8585],[123.1375,-0.8595],[123.145,-0.8645],[123.146,-0.865],[123.1475,-0.867],[123.148,-0.8665],[123.148,-0.866],[123.15,-0.8625],[123.151,-0.8605],[123.1525,-0.8595],[123.1535,-0.8585],[123.154,-0.858]]]},"properties":{"code":"72.01.10.2012","name":"Cemerlang"}},{"type":"Feature","geometry":{"type":"Polygon","coordinates":[[[123.1605,-0.8485],[123.1605,-0.8465],[123.1645,-0.838],[123.1635,-0.834],[123.1605,-0.8325],[123.16,-0.8305],[123.159,-0.8295],[123.1565,-0.8335],[123.134,-0.8505],[123.1385,-0.857],[123.139,-0.8565],[123.1435,-0.854],[123.144,-0.8545],[123.1465,-0.853],[123.1535,-0.847],[123.155,-0.8455],[123.1605,-0.8485]]]},"properties":{"code":"72.01.10.2013","name":"Padangon"}},{"type":"Feature","geometry":{"type":"Polygon","coordinates":[[[123.117,-0.7955],[123.1145,-0.7955],[123.093,-0.799],[123.0915,-0.798],[123.091,-0.798],[123.088,-0.7995],[123.0795,-0.811],[123.0845,-0.8125],[123.093,-0.831],[123.0955,-0.8355],[123.0965,-0.835],[123.112,-0.844],[123.117,-0.8295],[123.124,-0.8245],[123.125,-0.823],[123.124,-0.823],[123.1235,-0.823],[123.122,-0.8235],[123.1165,-0.8225],[123.1135,-0.8225],[123.1115,-0.821],[123.111,-0.8165],[123.12,-0.805],[123.121,-0.799],[123.12,-0.7985],[123.117,-0.7955]]]},"properties":{"code":"72.01.10.2014","name":"Ranga-Ranga"}},{"type":"Feature","geometry":{"type":"Polygon","coordinates":[[[123.027,-0.891],[123.026,-0.8905],[123.019,-0.888],[123.0175,-0.887],[123.0125,-0.8835],[123.0115,-0.8835],[123.0095,-0.8815],[123.005,-0.878],[123.0005,-0.8785],[122.995,-0.885],[122.9935,-0.8875],[122.993,-0.889],[123.005,-0.8975],[123.025,-0.9095],[123.034,-0.91],[123.035,-0.902],[123.027,-0.891]]]},"properties":{"code":"72.01.11.2001","name":"Kayutanyo"}},{"type":"Feature","geometry":{"type":"Polygon","coordinates":[[[123.0005,-0.8785],[123.003,-0.8755],[123.0015,-0.871],[123.001,-0.87],[123.001,-0.868],[122.996,-0.8435],[122.997,-0.843],[122.987,-0.8155],[122.982,-0.826],[122.981,-0.826],[122.9835,-0.834],[122.9775,-0.86],[122.9825,-0.871],[122.995,-0.885],[123.0005,-0.8785]]]},"properties":{"code":"72.01.11.2002","name":"Pohi"}},{"type":"Feature","geometry":{"type":"Polygon","coordinates":[[[122.9885,-0.7875],[122.988,-0.786],[122.9815,-0.7875],[122.98,-0.787],[122.974,-0.7845],[122.97,-0.7855],[122.969,-0.7885],[122.957,-0.8045],[122.975,-0.816],[122.987,-0.8155],[122.997,-0.843],[122.996,-0.8435],[123.001,-0.868],[123.001,-0.87],[123.0015,-0.871],[123.003,-0.8755],[123.005,-0.878],[123.0095,-0.8815],[123.0115,-0.8835],[123.0125,-0.8835],[123.0175,-0.887],[123.019,-0.888],[123.026,-0.8905],[123.027,-0.891],[123.036,-0.8755],[123.0315,-0.8575],[123.028,-0.8585],[123.0005,-0.8245],[122.9885,-0.7875]]]},"properties":{"code":"72.01.11.2003","name":"Hunduhon"}},{"type":"Feature","geometry":{"type":"Polygon","coordinates":[[[123,-0.7865],[122.9895,-0.7865],[122.9885,-0.7875],[123.0005,-0.8245],[123.028,-0.8585],[123.0315,-0.8575],[123.038,-0.8565],[123.039,-0.856],[123.057,-0.8555],[123.059,-0.836],[123.055,-0.8295],[123.055,-0.82],[123.054,-0.816],[123.053,-0.815],[123.0525,-0.813],[123.051,-0.8115],[123.0505,-0.8125],[123.041,-0.813],[123.0405,-0.8105],[123.0055,-0.796],[123.0045,-0.7925],[123.0045,-0.7915],[123.004,-0.7915],[123.0025,-0.7915],[123.002,-0.792],[123.0015,-0.7925],[123.0015,-0.7935],[123,-0.7925],[123,-0.7865]]]},"properties":{"code":"72.01.11.2004","name":"Baya"}},{"type":"Feature","geometry":{"type":"Polygon","coordinates":[[[123.0475,-0.856],[123.039,-0.856],[123.038,-0.8565],[123.0315,-0.8575],[123.036,-0.8755],[123.0445,-0.9015],[123.0605,-0.8965],[123.0655,-0.8795],[123.0595,-0.8725],[123.051,-0.869],[123.0475,-0.859],[123.047,-0.858],[123.0475,-0.856]]]},"properties":{"code":"72.01.11.2005","name":"Uwedikan"}},{"type":"Feature","geometry":{"type":"Polygon","coordinates":[[[123.0625,-0.81],[123.0605,-0.809],[123.054,-0.81],[123.051,-0.8115],[123.0525,-0.813],[123.053,-0.815],[123.054,-0.816],[123.055,-0.82],[123.055,-0.8295],[123.059,-0.836],[123.057,-0.8555],[123.0475,-0.856],[123.047,-0.858],[123.0475,-0.859],[123.051,-0.869],[123.0595,-0.8725],[123.0645,-0.865],[123.094,-0.8465],[123.0965,-0.835],[123.0955,-0.8355],[123.093,-0.831],[123.0845,-0.8125],[123.0715,-0.811],[123.0705,-0.8105],[123.0675,-0.8105],[123.0675,-0.81],[123.0635,-0.809],[123.0625,-0.81]]]},"properties":{"code":"72.01.11.2006","name":"Bantayan"}},{"type":"Feature","geometry":{"type":"Polygon","coordinates":[[[122.969,-0.7885],[122.969,-0.7865],[122.9635,-0.7905],[122.948,-0.7825],[122.932,-0.786],[122.9285,-0.785],[122.916,-0.808],[122.9215,-0.8135],[122.932,-0.829],[122.9295,-0.855],[122.9295,-0.856],[122.9325,-0.8575],[122.9385,-0.8615],[122.968,-0.8445],[122.978,-0.826],[122.982,-0.826],[122.987,-0.8155],[122.975,-0.816],[122.957,-0.8045],[122.969,-0.7885]]]},"properties":{"code":"72.01.11.2007","name":"Lauwon"}},{"type":"Feature","geometry":{"type":"Polygon","coordinates":[[[123.096,-0.7885],[123.0955,-0.785],[123.082,-0.7805],[123.075,-0.781],[123.071,-0.779],[123.0665,-0.7765],[123.075,-0.794],[123.068,-0.8015],[123.069,-0.8045],[123.0725,-0.809],[123.0795,-0.811],[123.088,-0.7995],[123.091,-0.798],[123.0925,-0.798],[123.095,-0.7935],[123.095,-0.791],[123.096,-0.789],[123.096,-0.7885]]]},"properties":{"code":"72.01.11.2008","name":"Boitan"}},{"type":"Feature","geometry":{"type":"Polygon","coordinates":[[[123.04,-0.784],[123.039,-0.784],[123.0325,-0.785],[123.021,-0.7895],[123.0175,-0.7865],[123.0095,-0.7925],[123.0045,-0.792],[123.0045,-0.7915],[123.0055,-0.796],[123.0405,-0.8105],[123.041,-0.813],[123.0435,-0.797],[123.04,-0.784]]]},"properties":{"code":"72.01.11.2009","name":"Molino"}},{"type":"Feature","geometry":{"type":"Polygon","coordinates":[[[122.993,-0.889],[122.9835,-0.8925],[122.965,-0.89],[122.9625,-0.8905],[122.9585,-0.8935],[122.9575,-0.894],[122.9605,-0.896],[122.9685,-0.9045],[123.005,-0.8975],[122.993,-0.889]]]},"properties":{"code":"72.01.11.2010","name":"Louk"}},{"type":"Feature","geometry":{"type":"Polygon","coordinates":[[[122.995,-0.885],[122.9825,-0.871],[122.9775,-0.86],[122.9705,-0.8635],[122.956,-0.8825],[122.9535,-0.8815],[122.953,-0.884],[122.956,-0.8875],[122.9575,-0.889],[122.96,-0.8915],[122.9625,-0.8905],[122.965,-0.89],[122.9835,-0.8925],[122.993,-0.889],[122.9935,-0.8875],[122.995,-0.885]]]},"properties":{"code":"72.01.11.2011","name":"Lontos"}},{"type":"Feature","geometry":{"type":"Polygon","coordinates":[[[122.981,-0.826],[122.978,-0.826],[122.968,-0.8445],[122.9385,-0.8615],[122.9465,-0.875],[122.947,-0.8765],[122.9525,-0.88],[122.9535,-0.8815],[122.956,-0.8825],[122.9705,-0.8635],[122.9775,-0.86],[122.9835,-0.834],[122.981,-0.826]]]},"properties":{"code":"72.01.11.2012","name":"Indang Sari"}},{"type":"Feature","geometry":{"type":"Polygon","coordinates":[[[123.0665,-0.7765],[123.0465,-0.777],[123.046,-0.78],[123.0415,-0.782],[123.04,-0.784],[123.0435,-0.797],[123.041,-0.813],[123.0505,-0.8125],[123.0515,-0.8115],[123.0525,-0.8115],[123.054,-0.81],[123.0605,-0.809],[123.0625,-0.81],[123.0635,-0.809],[123.0675,-0.81],[123.0675,-0.8105],[123.0705,-0.8105],[123.0715,-0.811],[123.0725,-0.809],[123.069,-0.8045],[123.068,-0.8015],[123.075,-0.794],[123.0665,-0.7765]]]},"properties":{"code":"72.01.11.2013","name":"Bukit Mulya"}},{"type":"Feature","geometry":{"type":"MultiPolygon","coordinates":[[[[122.2345,-1.5835],[122.244,-1.5745],[122.2585,-1.5705],[122.2785,-1.5565],[122.2865,-1.548],[122.285,-1.5465],[122.2775,-1.5365],[122.2755,-1.5335],[122.275,-1.534],[122.274,-1.5355],[122.274,-1.5365],[122.272,-1.54],[122.269,-1.547],[122.268,-1.548],[122.2685,-1.558],[122.2585,-1.5645],[122.256,-1.565],[122.2555,-1.5645],[122.232,-1.582],[122.233,-1.5835],[122.233,-1.583],[122.2345,-1.5835]]],[[[122.27,-1.509],[122.2685,-1.509],[122.2665,-1.507],[122.253,-1.526],[122.2615,-1.5205],[122.272,-1.5245],[122.274,-1.5225],[122.2765,-1.5215],[122.277,-1.52],[122.276,-1.5165],[122.2755,-1.515],[122.2735,-1.513],[122.27,-1.509]]]]},"properties":{"code":"72.01.12.2001","name":"Dongin"}},{"type":"Feature","geometry":{"type":"Polygon","coordinates":[[[122.2875,-1.512],[122.286,-1.5115],[122.2855,-1.5125],[122.281,-1.5155],[122.278,-1.5165],[122.276,-1.5165],[122.277,-1.52],[122.2765,-1.5215],[122.274,-1.5225],[122.2725,-1.525],[122.274,-1.532],[122.2775,-1.5365],[122.285,-1.5465],[122.2865,-1.548],[122.3185,-1.5255],[122.3175,-1.524],[122.315,-1.521],[122.3125,-1.522],[122.3025,-1.5295],[122.2985,-1.5265],[122.2875,-1.512]]]},"properties":{"code":"72.01.12.2002","name":"Pandan Wangi"}},{"type":"Feature","geometry":{"type":"Polygon","coordinates":[[[122.272,-1.5245],[122.2615,-1.5205],[122.253,-1.526],[122.23,-1.5425],[122.2275,-1.5445],[122.2265,-1.5455],[122.228,-1.5465],[122.2285,-1.5465],[122.2305,-1.5475],[122.2345,-1.5485],[122.2395,-1.55],[122.2555,-1.564],[122.256,-1.565],[122.2585,-1.5645],[122.2685,-1.558],[122.268,-1.548],[122.269,-1.547],[122.272,-1.54],[122.274,-1.5365],[122.274,-1.5355],[122.275,-1.534],[122.2755,-1.5335],[122.274,-1.532],[122.2725,-1.525],[122.272,-1.5245]]]},"properties":{"code":"72.01.12.2003","name":"Kami Wangi"}},{"type":"Feature","geometry":{"type":"Polygon","coordinates":[[[122.24,-1.513],[122.2395,-1.513],[122.222,-1.5235],[122.22,-1.533],[122.2195,-1.5355],[122.22,-1.537],[122.2205,-1.5385],[122.222,-1.54],[122.223,-1.5405],[122.2245,-1.541],[122.2255,-1.542],[122.2265,-1.543],[122.226,-1.5445],[122.2265,-1.5455],[122.2275,-1.5445],[122.23,-1.5425],[122.253,-1.526],[122.249,-1.518],[122.2475,-1.517],[122.2415,-1.5185],[122.2415,-1.516],[122.24,-1.513]]]},"properties":{"code":"72.01.12.2004","name":"Sindang Sari"}},{"type":"Feature","geometry":{"type":"Polygon","coordinates":[[[122.203,-1.52],[122.19,-1.51],[122.1855,-1.4945],[122.1675,-1.481],[122.158,-1.4675],[122.161,-1.457],[122.1475,-1.452],[122.1425,-1.441],[122.1275,-1.44],[122.124,-1.426],[122.115,-1.4235],[122.1065,-1.412],[122.104,-1.4015],[122.092,-1.3915],[122.091,-1.371],[122.084,-1.3665],[122.0835,-1.364],[122.0825,-1.361],[122.081,-1.3615],[122.0805,-1.362],[122.0795,-1.3625],[122.085,-1.389],[122.097,-1.409],[122.094,-1.4165],[122.1095,-1.429],[122.131,-1.4545],[122.139,-1.4555],[122.1425,-1.461],[122.16,-1.483],[122.1765,-1.509],[122.177,-1.517],[122.1965,-1.531],[122.221,-1.5705],[122.2195,-1.577],[122.2195,-1.5775],[122.2205,-1.578],[122.2205,-1.5785],[122.222,-1.58],[122.2245,-1.5805],[122.2275,-1.582],[122.2285,-1.582],[122.229,-1.5815],[122.231,-1.5815],[122.2315,-1.582],[122.232,-1.582],[122.2555,-1.5645],[122.2555,-1.564],[122.2395,-1.55],[122.2345,-1.5485],[122.2305,-1.5475],[122.2285,-1.5465],[122.228,-1.5465],[122.2265,-1.545],[122.226,-1.5445],[122.2265,-1.543],[122.2255,-1.542],[122.2245,-1.541],[122.223,-1.5405],[122.222,-1.54],[122.2205,-1.5385],[122.22,-1.5375],[122.216,-1.5355],[122.2145,-1.5335],[122.212,-1.533],[122.211,-1.5335],[122.203,-1.52]]]},"properties":{"code":"72.01.12.2005","name":"Makapa"}},{"type":"Feature","geometry":{"type":"Polygon","coordinates":[[[122.0795,-1.3625],[122.078,-1.362],[122.0775,-1.362],[122.069,-1.381],[122.081,-1.404],[122.088,-1.4095],[122.089,-1.4205],[122.1015,-1.4315],[122.1105,-1.454],[122.117,-1.463],[122.123,-1.494],[122.1325,-1.499],[122.1315,-1.51],[122.144,-1.5245],[122.144,-1.5325],[122.162,-1.534],[122.172,-1.553],[122.1965,-1.555],[122.204,-1.564],[122.221,-1.5705],[122.1965,-1.531],[122.177,-1.517],[122.1765,-1.509],[122.16,-1.483],[122.1425,-1.461],[122.139,-1.4555],[122.131,-1.4545],[122.1095,-1.429],[122.094,-1.4165],[122.097,-1.409],[122.085,-1.389],[122.0795,-1.3625]]]},"properties":{"code":"72.01.12.2006","name":"Karya Makmur"}},{"type":"Feature","geometry":{"type":"Polygon","coordinates":[[[122.0775,-1.362],[122.0765,-1.361],[122.062,-1.352],[122.0455,-1.349],[122.0385,-1.3405],[122.03,-1.3475],[122.0285,-1.3485],[122.0295,-1.3495],[122.0305,-1.35],[122.0305,-1.351],[122.0325,-1.351],[122.037,-1.359],[122.039,-1.3595],[122.051,-1.37],[122.0525,-1.3725],[122.046,-1.3845],[122.054,-1.391],[122.056,-1.4015],[122.0695,-1.4175],[122.0685,-1.425],[122.08,-1.4335],[122.09,-1.4635],[122.1015,-1.468],[122.104,-1.493],[122.115,-1.506],[122.122,-1.5275],[122.138,-1.5355],[122.139,-1.5375],[122.1405,-1.5375],[122.1425,-1.5385],[122.145,-1.5395],[122.1545,-1.5425],[122.1645,-1.556],[122.185,-1.559],[122.1835,-1.5735],[122.1855,-1.581],[122.1915,-1.5845],[122.1935,-1.5805],[122.219,-1.5805],[122.2195,-1.577],[122.221,-1.5705],[122.204,-1.564],[122.1965,-1.555],[122.172,-1.553],[122.162,-1.534],[122.144,-1.5325],[122.144,-1.5245],[122.1315,-1.51],[122.1325,-1.499],[122.123,-1.494],[122.117,-1.463],[122.1105,-1.454],[122.1015,-1.4315],[122.089,-1.4205],[122.088,-1.4095],[122.081,-1.404],[122.069,-1.381],[122.0775,-1.362]]]},"properties":{"code":"72.01.12.2007","name":"Mantawa"}},{"type":"Feature","geometry":{"type":"Polygon","coordinates":[[[122.1915,-1.5845],[122.1855,-1.581],[122.1835,-1.5735],[122.185,-1.559],[122.1645,-1.556],[122.1545,-1.5425],[122.145,-1.5395],[122.145,-1.5465],[122.165,-1.561],[122.155,-1.5695],[122.1545,-1.579],[122.154,-1.581],[122.1535,-1.582],[122.1645,-1.5885],[122.1735,-1.595],[122.174,-1.5985],[122.1965,-1.5945],[122.1965,-1.5935],[122.197,-1.5925],[122.192,-1.586],[122.1915,-1.5845]]]},"properties":{"code":"72.01.12.2008","name":"Pasir Lamba"}},{"type":"Feature","geometry":{"type":"MultiPolygon","coordinates":[[[[122.174,-1.5985],[122.1735,-1.595],[122.1645,-1.5885],[122.166,-1.601],[122.184,-1.6115],[122.201,-1.602],[122.2165,-1.602],[122.2085,-1.5965],[122.2045,-1.597],[122.2005,-1.595],[122.2005,-1.5935],[122.1965,-1.5935],[122.1965,-1.5945],[122.174,-1.5985]]],[[[122.0325,-1.351],[122.0305,-1.351],[122.0305,-1.35],[122.0295,-1.3495],[122.0285,-1.3485],[122.0275,-1.3505],[122.0215,-1.351],[122.019,-1.3515],[122.0175,-1.3545],[122.0185,-1.368],[122.018,-1.3705],[122.017,-1.3725],[122.008,-1.382],[122.001,-1.383],[121.995,-1.376],[121.985,-1.392],[122.0025,-1.402],[122.031,-1.4055],[122.0545,-1.4295],[122.059,-1.431],[122.0715,-1.4485],[122.075,-1.468],[122.0885,-1.476],[122.088,-1.487],[122.107,-1.51],[122.109,-1.5305],[122.1535,-1.559],[122.155,-1.5695],[122.165,-1.561],[122.145,-1.5465],[122.145,-1.5395],[122.1425,-1.5385],[122.1405,-1.5375],[122.139,-1.5375],[122.138,-1.5355],[122.122,-1.5275],[122.115,-1.506],[122.104,-1.493],[122.1015,-1.468],[122.09,-1.4635],[122.08,-1.4335],[122.0685,-1.425],[122.0695,-1.4175],[122.056,-1.4015],[122.054,-1.391],[122.046,-1.3845],[122.0525,-1.3725],[122.051,-1.37],[122.039,-1.3595],[122.037,-1.359],[122.0325,-1.351]]]]},"properties":{"code":"72.01.12.2009","name":"Mantawa Bonebae"}},{"type":"Feature","geometry":{"type":"Polygon","coordinates":[[[122.155,-1.5695],[122.1535,-1.559],[122.109,-1.5305],[122.107,-1.51],[122.088,-1.487],[122.0885,-1.476],[122.075,-1.468],[122.0715,-1.4485],[122.059,-1.431],[122.0585,-1.431],[122.0525,-1.4405],[122.0545,-1.4445],[122.0535,-1.4695],[122.0435,-1.48],[122.043,-1.4815],[122.049,-1.4875],[122.0535,-1.4875],[122.0465,-1.51],[122.049,-1.5195],[122.0515,-1.5225],[122.0525,-1.5255],[122.061,-1.5265],[122.0655,-1.5245],[122.066,-1.5245],[122.07,-1.526],[122.071,-1.5245],[122.075,-1.5265],[122.0805,-1.5355],[122.0915,-1.538],[122.102,-1.5515],[122.1045,-1.556],[122.1055,-1.561],[122.1,-1.566],[122.1015,-1.571],[122.1045,-1.5735],[122.108,-1.5765],[122.111,-1.584],[122.1125,-1.5865],[122.117,-1.5915],[122.119,-1.594],[122.119,-1.5965],[122.124,-1.595],[122.137,-1.5945],[122.137,-1.5985],[122.1385,-1.598],[122.1435,-1.597],[122.145,-1.596],[122.145,-1.594],[122.1455,-1.5935],[122.147,-1.5945],[122.148,-1.594],[122.152,-1.5855],[122.153,-1.5835],[122.154,-1.581],[122.1545,-1.579],[122.155,-1.5695]]]},"properties":{"code":"72.01.12.2010","name":"Gunung Kramat"}},{"type":"Feature","geometry":{"type":"Polygon","coordinates":[[[122.1005,-1.5685],[122.0995,-1.569],[122.098,-1.57],[122.0965,-1.5705],[122.095,-1.5685],[122.074,-1.568],[122.069,-1.5615],[122.068,-1.5605],[122.0595,-1.564],[122.04,-1.5595],[122.039,-1.559],[122.0335,-1.5755],[122.039,-1.5805],[122.043,-1.5805],[122.048,-1.5775],[122.049,-1.5775],[122.0575,-1.579],[122.059,-1.579],[122.0625,-1.58],[122.0625,-1.582],[122.0635,-1.584],[122.0615,-1.585],[122.062,-1.586],[122.067,-1.5905],[122.0685,-1.591],[122.085,-1.593],[122.0895,-1.602],[122.12,-1.6015],[122.1195,-1.5965],[122.119,-1.596],[122.119,-1.594],[122.117,-1.5915],[122.1125,-1.5865],[122.111,-1.584],[122.108,-1.5765],[122.1045,-1.5735],[122.1015,-1.571],[122.1005,-1.5685]]]},"properties":{"code":"72.01.12.2011","name":"Lembah Kramat"}},{"type":"Feature","geometry":{"type":"MultiPolygon","coordinates":[[[[122.043,-1.5805],[122.039,-1.5805],[122.0335,-1.5755],[122.0425,-1.595],[122.052,-1.601],[122.058,-1.6175],[122.076,-1.6135],[122.0885,-1.6215],[122.098,-1.6135],[122.1195,-1.6085],[122.133,-1.6085],[122.158,-1.5985],[122.166,-1.601],[122.1645,-1.5885],[122.1535,-1.582],[122.153,-1.5835],[122.152,-1.5855],[122.148,-1.594],[122.147,-1.5945],[122.1455,-1.5935],[122.145,-1.594],[122.145,-1.596],[122.1435,-1.597],[122.1385,-1.598],[122.137,-1.5985],[122.137,-1.5945],[122.124,-1.595],[122.119,-1.5965],[122.12,-1.6015],[122.0895,-1.602],[122.085,-1.593],[122.0685,-1.591],[122.067,-1.5905],[122.062,-1.586],[122.0615,-1.585],[122.0635,-1.584],[122.0625,-1.582],[122.0625,-1.58],[122.059,-1.579],[122.0575,-1.579],[122.049,-1.5775],[122.048,-1.5775],[122.043,-1.5805]]],[[[122.07,-1.526],[122.066,-1.5245],[122.0655,-1.5245],[122.061,-1.5265],[122.0525,-1.5255],[122.052,-1.526],[122.05,-1.528],[122.0485,-1.5305],[122.0465,-1.5345],[122.0435,-1.535],[122.041,-1.5365],[122.038,-1.5555],[122.039,-1.5585],[122.04,-1.5595],[122.0595,-1.564],[122.068,-1.5605],[122.069,-1.5615],[122.074,-1.568],[122.095,-1.5685],[122.0965,-1.5705],[122.098,-1.57],[122.0995,-1.569],[122.1005,-1.5685],[122.1,-1.566],[122.1055,-1.561],[122.1045,-1.556],[122.102,-1.5515],[122.0915,-1.538],[122.0805,-1.5355],[122.075,-1.5265],[122.071,-1.5245],[122.07,-1.526]]]]},"properties":{"code":"72.01.12.2012","name":"Rata"}},{"type":"Feature","geometry":{"type":"Polygon","coordinates":[[[122.237,-1.5085],[122.236,-1.4885],[122.236,-1.487],[122.2325,-1.4875],[122.2215,-1.48],[122.221,-1.4815],[122.222,-1.4925],[122.215,-1.4995],[122.209,-1.5005],[122.208,-1.504],[122.2065,-1.505],[122.206,-1.506],[122.2035,-1.5105],[122.2035,-1.5115],[122.2075,-1.513],[122.2095,-1.5155],[122.2105,-1.516],[122.216,-1.5155],[122.237,-1.5085]]]},"properties":{"code":"72.01.12.2013","name":"Bukit Makarti"}},{"type":"Feature","geometry":{"type":"Polygon","coordinates":[[[122.2665,-1.507],[122.267,-1.505],[122.2665,-1.503],[122.263,-1.501],[122.264,-1.498],[122.271,-1.489],[122.27,-1.487],[122.2695,-1.4775],[122.2615,-1.4775],[122.2525,-1.472],[122.2205,-1.4735],[122.2215,-1.48],[122.2325,-1.4875],[122.236,-1.487],[122.236,-1.4885],[122.237,-1.5085],[122.242,-1.513],[122.24,-1.513],[122.2415,-1.516],[122.2415,-1.5185],[122.2475,-1.517],[122.249,-1.518],[122.253,-1.526],[122.2665,-1.507]]]},"properties":{"code":"72.01.12.2014","name":"Uwe Lolu"}},{"type":"Feature","geometry":{"type":"Polygon","coordinates":[[[122.11,-1.3765],[122.1095,-1.3765],[122.0965,-1.366],[122.095,-1.365],[122.0855,-1.361],[122.0825,-1.361],[122.0835,-1.364],[122.084,-1.3665],[122.091,-1.371],[122.092,-1.3915],[122.104,-1.4015],[122.1065,-1.412],[122.115,-1.4235],[122.124,-1.426],[122.1275,-1.44],[122.1425,-1.441],[122.1475,-1.452],[122.161,-1.457],[122.158,-1.4675],[122.1675,-1.481],[122.1855,-1.4945],[122.19,-1.51],[122.203,-1.52],[122.209,-1.515],[122.2075,-1.513],[122.2035,-1.5115],[122.2035,-1.5105],[122.206,-1.506],[122.2065,-1.505],[122.208,-1.504],[122.209,-1.5005],[122.215,-1.4995],[122.222,-1.4925],[122.221,-1.4815],[122.2185,-1.474],[122.207,-1.4645],[122.2055,-1.4655],[122.1825,-1.4595],[122.179,-1.458],[122.1765,-1.4555],[122.16,-1.4225],[122.1415,-1.4125],[122.1435,-1.405],[122.13,-1.391],[122.1235,-1.3875],[122.11,-1.3765]]]},"properties":{"code":"72.01.12.2015","name":"Bumi Harapan"}},{"type":"Feature","geometry":{"type":"Polygon","coordinates":[[[122.237,-1.5085],[122.216,-1.5155],[122.2105,-1.516],[122.2095,-1.5155],[122.209,-1.515],[122.203,-1.52],[122.211,-1.5335],[122.212,-1.533],[122.2145,-1.5335],[122.216,-1.5355],[122.22,-1.5375],[122.22,-1.537],[122.2195,-1.5355],[122.22,-1.533],[122.222,-1.5235],[122.2395,-1.513],[122.242,-1.513],[122.237,-1.5085]]]},"properties":{"code":"72.01.12.2016","name":"Mekar Sari"}},{"type":"Feature","geometry":{"type":"Polygon","coordinates":[[[122.232,-1.582],[122.2315,-1.582],[122.231,-1.5815],[122.229,-1.5815],[122.2285,-1.582],[122.2275,-1.582],[122.2245,-1.5805],[122.222,-1.58],[122.2205,-1.5785],[122.2205,-1.578],[122.2195,-1.5775],[122.219,-1.5805],[122.1935,-1.5805],[122.192,-1.586],[122.197,-1.5925],[122.1965,-1.5935],[122.2005,-1.5935],[122.2005,-1.595],[122.2045,-1.597],[122.2085,-1.5965],[122.2165,-1.602],[122.2345,-1.5835],[122.233,-1.583],[122.233,-1.5835],[122.232,-1.582]]]},"properties":{"code":"72.01.12.2017","name":"Mekar Jaya"}},{"type":"Feature","geometry":{"type":"Polygon","coordinates":[[[122.1665,-1.1955],[122.1025,-1.135],[122.079,-1.1125],[122.0615,-1.0785],[122.0375,-1.023],[122.0145,-0.977],[122.0125,-0.9675],[122.0175,-0.9545],[122.003,-0.947],[121.991,-0.948],[121.987,-0.9655],[121.9805,-0.9735],[121.9655,-0.982],[121.9765,-0.988],[121.985,-1],[121.98,-1.009],[121.983,-1.0435],[121.998,-1.053],[122.004,-1.065],[122.0205,-1.0635],[122.0285,-1.0685],[122.0325,-1.093],[122.0435,-1.106],[122.0535,-1.1285],[122.065,-1.1365],[122.0685,-1.142],[122.145,-1.213],[122.146,-1.2115],[122.155,-1.2055],[122.1555,-1.205],[122.157,-1.2045],[122.161,-1.202],[122.164,-1.198],[122.1645,-1.197],[122.1665,-1.1955]]]},"properties":{"code":"72.01.13.2001","name":"Bangketa"}},{"type":"Feature","geometry":{"type":"Polygon","coordinates":[[[122.0295,-0.9385],[122.022,-0.9365],[122.002,-0.94],[122.003,-0.947],[122.0175,-0.9545],[122.0125,-0.9675],[122.0145,-0.977],[122.0375,-1.023],[122.0615,-1.0785],[122.079,-1.1125],[122.1025,-1.135],[122.1665,-1.1955],[122.1675,-1.195],[122.181,-1.1885],[122.1835,-1.1895],[122.186,-1.1875],[122.1945,-1.178],[122.193,-1.1775],[122.1925,-1.1775],[122.183,-1.1735],[122.1785,-1.169],[122.119,-1.1105],[122.0845,-1.08],[122.0795,-1.065],[122.0685,-1.012],[122.0545,-0.973],[122.032,-0.9475],[122.0295,-0.9385]]]},"properties":{"code":"72.01.13.2002","name":"Tobelombang"}},{"type":"Feature","geometry":{"type":"Polygon","coordinates":[[[122.131,-0.943],[122.1305,-0.9425],[122.1295,-0.943],[122.129,-0.9415],[122.1275,-0.9415],[122.1265,-0.941],[122.1015,-0.962],[122.084,-0.9535],[122.0805,-0.964],[122.0765,-0.974],[122.0765,-0.9745],[122.0755,-0.978],[122.087,-1.0025],[122.0875,-1.005],[122.09,-1.01],[122.0965,-1.0145],[122.101,-1.015],[122.1015,-1.021],[122.101,-1.022],[122.0995,-1.024],[122.0965,-1.05],[122.091,-1.063],[122.093,-1.065],[122.0955,-1.068],[122.1,-1.071],[122.103,-1.0805],[122.1045,-1.081],[122.105,-1.0805],[122.109,-1.0785],[122.1105,-1.077],[122.1145,-1.077],[122.116,-1.055],[122.1205,-1.0375],[122.1135,-1.031],[122.1195,-1.0145],[122.1165,-1.002],[122.1175,-0.9995],[122.122,-0.991],[122.12,-0.9805],[122.119,-0.9775],[122.119,-0.975],[122.12,-0.9725],[122.133,-0.9695],[122.1335,-0.9595],[122.131,-0.943]]]},"properties":{"code":"72.01.13.2003","name":"Balaan"}},{"type":"Feature","geometry":{"type":"Polygon","coordinates":[[[122.1915,-0.9565],[122.1755,-0.9555],[122.166,-0.954],[122.165,-0.9545],[122.1605,-0.96],[122.159,-0.9625],[122.1595,-0.9645],[122.1605,-0.9645],[122.1615,-0.9655],[122.163,-0.9665],[122.1635,-0.9675],[122.165,-0.9675],[122.1675,-0.9685],[122.171,-0.967],[122.172,-0.967],[122.1735,-0.9665],[122.1835,-0.969],[122.19,-0.9585],[122.1915,-0.9565]]]},"properties":{"code":"72.01.13.2004","name":"Mantan B"}},{"type":"Feature","geometry":{"type":"Polygon","coordinates":[[[122.1685,-0.949],[122.158,-0.943],[122.1595,-0.9345],[122.137,-0.9275],[122.1265,-0.941],[122.1275,-0.9415],[122.129,-0.9415],[122.1295,-0.943],[122.1305,-0.9425],[122.133,-0.944],[122.134,-0.947],[122.138,-0.9505],[122.1405,-0.953],[122.1405,-0.9535],[122.142,-0.954],[122.1485,-0.9545],[122.15,-0.955],[122.159,-0.9625],[122.1605,-0.96],[122.165,-0.9545],[122.167,-0.953],[122.1685,-0.949]]]},"properties":{"code":"72.01.13.2005","name":"Tomeang"}},{"type":"Feature","geometry":{"type":"Polygon","coordinates":[[[122.1585,-0.9215],[122.1445,-0.917],[122.137,-0.9275],[122.1595,-0.9345],[122.158,-0.943],[122.1685,-0.949],[122.1685,-0.933],[122.169,-0.931],[122.168,-0.931],[122.1585,-0.9215]]]},"properties":{"code":"72.01.13.2006","name":"Pakowa Bunta"}},{"type":"Feature","geometry":{"type":"Polygon","coordinates":[[[122.1965,-0.94],[122.169,-0.932],[122.1685,-0.933],[122.1685,-0.949],[122.167,-0.953],[122.166,-0.954],[122.1755,-0.9555],[122.1915,-0.9565],[122.192,-0.9555],[122.193,-0.9495],[122.194,-0.9455],[122.1965,-0.94]]]},"properties":{"code":"72.01.13.2007","name":"Pibombo"}},{"type":"Feature","geometry":{"type":"Polygon","coordinates":[[[122.181,-0.923],[122.18,-0.9225],[122.1775,-0.919],[122.1645,-0.917],[122.163,-0.915],[122.1625,-0.9145],[122.161,-0.9155],[122.1585,-0.9215],[122.168,-0.931],[122.1695,-0.9275],[122.176,-0.9255],[122.178,-0.924],[122.181,-0.923]]]},"properties":{"code":"72.01.13.2008","name":"Bolobungkang"}},{"type":"Feature","geometry":{"type":"Polygon","coordinates":[[[122.161,-0.906],[122.1505,-0.9035],[122.1445,-0.917],[122.1585,-0.9215],[122.161,-0.9155],[122.17,-0.909],[122.161,-0.906]]]},"properties":{"code":"72.01.13.2009","name":"Petak"}},{"type":"Feature","geometry":{"type":"Polygon","coordinates":[[[122.1705,-0.8955],[122.1705,-0.894],[122.1695,-0.892],[122.151,-0.8865],[122.1505,-0.8865],[122.15,-0.888],[122.1505,-0.9035],[122.161,-0.906],[122.169,-0.897],[122.1705,-0.8955]]]},"properties":{"code":"72.01.13.2010","name":"Bella"}},{"type":"Feature","geometry":{"type":"Polygon","coordinates":[[[122.2035,-0.8995],[122.2025,-0.8995],[122.2015,-0.9],[122.2005,-0.901],[122.1815,-0.896],[122.1795,-0.8965],[122.175,-0.8965],[122.1715,-0.897],[122.1695,-0.8965],[122.169,-0.897],[122.161,-0.906],[122.17,-0.909],[122.1625,-0.9145],[122.163,-0.915],[122.1645,-0.917],[122.1775,-0.919],[122.18,-0.9225],[122.181,-0.923],[122.1815,-0.9235],[122.197,-0.93],[122.2045,-0.9205],[122.2035,-0.8995]]]},"properties":{"code":"72.01.13.2011","name":"Binohu"}},{"type":"Feature","geometry":{"type":"Polygon","coordinates":[[[122.159,-0.9625],[122.15,-0.955],[122.1485,-0.9545],[122.142,-0.954],[122.1405,-0.9535],[122.1405,-0.953],[122.138,-0.9505],[122.134,-0.947],[122.133,-0.944],[122.131,-0.943],[122.1335,-0.9595],[122.133,-0.9705],[122.1335,-0.973],[122.133,-0.974],[122.132,-0.9745],[122.131,-0.977],[122.131,-0.9785],[122.126,-0.991],[122.1255,-0.993],[122.126,-0.995],[122.131,-1],[122.135,-1.033],[122.146,-1.0385],[122.1645,-1.055],[122.177,-1.055],[122.1785,-1.051],[122.1645,-1.0335],[122.1605,-1.014],[122.1555,-1.0045],[122.155,-1],[122.155,-0.999],[122.1545,-0.9965],[122.153,-0.991],[122.1525,-0.9885],[122.157,-0.9795],[122.1585,-0.976],[122.1585,-0.9725],[122.16,-0.97],[122.1605,-0.97],[122.163,-0.968],[122.1635,-0.9675],[122.163,-0.9665],[122.1615,-0.9655],[122.1605,-0.9645],[122.1595,-0.9645],[122.159,-0.9625]]]},"properties":{"code":"72.01.13.2012","name":"Damai Makmur"}},{"type":"Feature","geometry":{"type":"Polygon","coordinates":[[[122.2265,-0.957],[122.207,-0.9395],[122.2055,-0.94],[122.204,-0.941],[122.2015,-0.94],[122.1995,-0.9395],[122.1965,-0.94],[122.194,-0.9455],[122.193,-0.9495],[122.192,-0.9555],[122.1915,-0.957],[122.19,-0.9585],[122.1835,-0.969],[122.186,-0.9775],[122.181,-1.002],[122.186,-1.0135],[122.189,-1.019],[122.196,-1.0255],[122.2095,-1.0265],[122.21,-1.0295],[122.2235,-1.041],[122.2255,-1.0505],[122.2275,-1.058],[122.229,-1.0605],[122.2445,-1.0645],[122.248,-1.074],[122.2595,-1.083],[122.263,-1.0945],[122.2675,-1.1],[122.2685,-1.102],[122.2705,-1.1035],[122.2835,-1.1015],[122.289,-1.0865],[122.2885,-1.085],[122.29,-1.0835],[122.291,-1.084],[122.2915,-1.083],[122.2955,-1.0705],[122.295,-1.0695],[122.291,-1.0565],[122.281,-1.0535],[122.2695,-1.0425],[122.266,-1.0375],[122.263,-1.0325],[122.262,-1.03],[122.2625,-1.0285],[122.2655,-1.0125],[122.2645,-1.0115],[122.261,-1.0065],[122.26,-1.006],[122.2585,-1.0035],[122.2575,-1.0035],[122.258,-1.0025],[122.257,-1.0015],[122.255,-0.9985],[122.256,-0.9965],[122.2495,-0.9845],[122.249,-0.9835],[122.2485,-0.9835],[122.2475,-0.984],[122.247,-0.984],[122.2485,-0.982],[122.2465,-0.981],[122.243,-0.9765],[122.242,-0.976],[122.2325,-0.971],[122.232,-0.9695],[122.229,-0.9635],[122.228,-0.96],[122.2275,-0.958],[122.2265,-0.957]]]},"properties":{"code":"72.01.13.2013","name":"Jaya Makmur"}},{"type":"Feature","geometry":{"type":"Polygon","coordinates":[[[122.207,-0.8985],[122.2065,-0.8985],[122.2035,-0.8995],[122.2045,-0.9205],[122.197,-0.93],[122.2065,-0.9395],[122.207,-0.9395],[122.2265,-0.957],[122.225,-0.953],[122.221,-0.9415],[122.221,-0.9405],[122.221,-0.9395],[122.2205,-0.938],[122.2205,-0.937],[122.221,-0.936],[122.221,-0.9335],[122.2205,-0.93],[122.2215,-0.9275],[122.221,-0.9255],[122.2165,-0.9125],[122.2155,-0.9105],[122.2135,-0.908],[122.212,-0.905],[122.2105,-0.9035],[122.207,-0.8985]]]},"properties":{"code":"72.01.13.2014","name":"Saiti"}},{"type":"Feature","geometry":{"type":"Polygon","coordinates":[[[122.1835,-0.969],[122.1735,-0.9665],[122.172,-0.967],[122.171,-0.967],[122.1675,-0.9685],[122.165,-0.9675],[122.1635,-0.9675],[122.163,-0.968],[122.1605,-0.97],[122.16,-0.97],[122.1585,-0.9725],[122.1585,-0.976],[122.157,-0.9795],[122.1525,-0.9885],[122.153,-0.991],[122.1545,-0.9965],[122.155,-0.999],[122.155,-1],[122.1555,-1.0045],[122.1605,-1.014],[122.1645,-1.0335],[122.1785,-1.051],[122.1775,-1.0555],[122.181,-1.064],[122.1845,-1.065],[122.1845,-1.0655],[122.186,-1.065],[122.2035,-1.069],[122.216,-1.0835],[122.221,-1.0835],[122.2225,-1.0835],[122.224,-1.0845],[122.231,-1.105],[122.242,-1.117],[122.261,-1.1125],[122.2635,-1.1125],[122.2645,-1.1115],[122.2695,-1.109],[122.269,-1.1035],[122.2685,-1.102],[122.2675,-1.1],[122.263,-1.0945],[122.2595,-1.083],[122.248,-1.074],[122.2445,-1.0645],[122.229,-1.0605],[122.2275,-1.058],[122.2255,-1.0505],[122.2235,-1.041],[122.21,-1.0295],[122.2095,-1.0265],[122.196,-1.0255],[122.189,-1.019],[122.186,-1.0135],[122.181,-1.002],[122.186,-0.9775],[122.1835,-0.969]]]},"properties":{"code":"72.01.13.2015","name":"Sumber Agung"}},{"type":"Feature","geometry":{"type":"Polygon","coordinates":[[[121.9655,-0.982],[121.9605,-0.9905],[121.947,-0.9965],[121.927,-0.9935],[121.914,-0.997],[121.897,-0.9825],[121.8755,-0.9785],[121.877,-0.9865],[121.881,-0.9965],[121.9065,-1.019],[121.923,-1.0255],[121.9955,-1.126],[121.9955,-1.1265],[121.995,-1.128],[121.9945,-1.1295],[122,-1.1305],[122.005,-1.1345],[122.0055,-1.1385],[122.0085,-1.1405],[122.0085,-1.147],[122.009,-1.1505],[122.0095,-1.151],[122.0195,-1.1535],[122.033,-1.171],[122.0415,-1.17],[122.044,-1.1725],[122.049,-1.1865],[122.053,-1.212],[122.066,-1.227],[122.056,-1.2405],[122.058,-1.2475],[122.0685,-1.248],[122.09,-1.2585],[122.1105,-1.259],[122.111,-1.259],[122.1225,-1.249],[122.1255,-1.246],[122.1265,-1.246],[122.13,-1.243],[122.132,-1.241],[122.1435,-1.215],[122.145,-1.213],[122.0685,-1.142],[122.065,-1.1365],[122.0535,-1.1285],[122.0435,-1.106],[122.0325,-1.093],[122.0285,-1.0685],[122.0205,-1.0635],[122.004,-1.065],[121.998,-1.053],[121.983,-1.0435],[121.98,-1.009],[121.985,-1],[121.9765,-0.988],[121.9655,-0.982]]]},"properties":{"code":"72.01.13.2016","name":"Batu Hitam"}},{"type":"Feature","geometry":{"type":"Polygon","coordinates":[[[122.177,-1.055],[122.1645,-1.055],[122.146,-1.0385],[122.135,-1.033],[122.131,-1],[122.126,-0.995],[122.1255,-0.993],[122.126,-0.991],[122.131,-0.9785],[122.131,-0.977],[122.132,-0.9745],[122.133,-0.974],[122.1335,-0.973],[122.133,-0.9705],[122.133,-0.9695],[122.12,-0.9725],[122.119,-0.975],[122.119,-0.9775],[122.12,-0.9805],[122.122,-0.991],[122.1175,-0.9995],[122.1165,-1.002],[122.1195,-1.0145],[122.1135,-1.031],[122.1205,-1.0375],[122.116,-1.055],[122.1145,-1.077],[122.1185,-1.078],[122.143,-1.0835],[122.1495,-1.082],[122.1695,-1.095],[122.1765,-1.1095],[122.181,-1.116],[122.185,-1.124],[122.185,-1.1245],[122.184,-1.1275],[122.188,-1.1285],[122.1935,-1.128],[122.196,-1.128],[122.205,-1.1285],[122.2115,-1.1295],[122.2125,-1.129],[122.2165,-1.128],[122.222,-1.1285],[122.225,-1.1285],[122.234,-1.13],[122.238,-1.129],[122.242,-1.131],[122.251,-1.1325],[122.255,-1.132],[122.256,-1.1315],[122.258,-1.131],[122.267,-1.1315],[122.2725,-1.133],[122.274,-1.133],[122.2745,-1.133],[122.2745,-1.1325],[122.274,-1.132],[122.2735,-1.1295],[122.2715,-1.125],[122.2675,-1.122],[122.2675,-1.119],[122.265,-1.118],[122.265,-1.116],[122.2635,-1.114],[122.2625,-1.1125],[122.261,-1.1125],[122.242,-1.117],[122.231,-1.105],[122.224,-1.0845],[122.2225,-1.0835],[122.221,-1.0835],[122.216,-1.0835],[122.2035,-1.069],[122.186,-1.065],[122.1845,-1.0655],[122.1845,-1.065],[122.181,-1.064],[122.1775,-1.0555],[122.177,-1.055]]]},"properties":{"code":"72.01.13.2017","name":"Kabua Bua"}},{"type":"Feature","geometry":{"type":"Polygon","coordinates":[[[122.084,-0.9535],[122.0635,-0.947],[122.041,-0.947],[122.0295,-0.9385],[122.032,-0.9475],[122.0545,-0.973],[122.0685,-1.012],[122.0795,-1.065],[122.0845,-1.08],[122.119,-1.1105],[122.1785,-1.169],[122.19,-1.1525],[122.192,-1.1475],[122.191,-1.135],[122.1915,-1.1325],[122.19,-1.13],[122.188,-1.1285],[122.184,-1.1275],[122.185,-1.1245],[122.185,-1.124],[122.181,-1.116],[122.1765,-1.1095],[122.1695,-1.095],[122.1495,-1.082],[122.143,-1.0835],[122.1185,-1.078],[122.1105,-1.077],[122.109,-1.0785],[122.105,-1.0805],[122.1045,-1.081],[122.103,-1.0805],[122.1,-1.071],[122.0955,-1.068],[122.093,-1.065],[122.091,-1.063],[122.0965,-1.05],[122.0995,-1.024],[122.101,-1.022],[122.1015,-1.021],[122.101,-1.015],[122.0965,-1.0145],[122.09,-1.01],[122.0875,-1.005],[122.087,-1.0025],[122.0755,-0.978],[122.0765,-0.9745],[122.0765,-0.974],[122.0805,-0.964],[122.084,-0.9535]]]},"properties":{"code":"72.01.13.2018","name":"Pulo Dalagan"}},{"type":"Feature","geometry":{"type":"Polygon","coordinates":[[[121.8755,-0.9785],[121.855,-0.9755],[121.8515,-0.9845],[121.855,-0.9975],[121.8535,-1.013],[121.8585,-1.0195],[121.8655,-1.0435],[121.8665,-1.048],[121.867,-1.0505],[121.869,-1.054],[121.87,-1.0585],[121.869,-1.061],[121.871,-1.0645],[121.876,-1.068],[121.876,-1.073],[121.883,-1.0725],[121.8845,-1.075],[121.888,-1.0765],[121.8885,-1.0785],[121.8925,-1.0875],[121.8945,-1.0885],[121.9085,-1.0895],[121.912,-1.0915],[121.9205,-1.096],[121.925,-1.1155],[121.9295,-1.1185],[121.93,-1.121],[121.9325,-1.125],[121.9345,-1.1245],[121.9355,-1.1255],[121.9345,-1.1275],[121.9365,-1.13],[121.9385,-1.13],[121.94,-1.13],[121.9415,-1.1305],[121.9445,-1.129],[121.948,-1.127],[121.9495,-1.1235],[121.949,-1.122],[121.9495,-1.1205],[121.9505,-1.117],[121.95,-1.117],[121.949,-1.1145],[121.952,-1.1135],[121.954,-1.112],[121.956,-1.113],[121.969,-1.123],[121.989,-1.1235],[121.9955,-1.126],[121.923,-1.0255],[121.9065,-1.019],[121.881,-0.9965],[121.877,-0.9865],[121.8755,-0.9785]]]},"properties":{"code":"72.01.13.2019","name":"Obo Balingara"}},{"type":"Feature","geometry":{"type":"Polygon","coordinates":[[[122.197,-0.93],[122.1815,-0.9235],[122.181,-0.923],[122.178,-0.924],[122.176,-0.9255],[122.1695,-0.9275],[122.168,-0.931],[122.169,-0.931],[122.169,-0.932],[122.1965,-0.94],[122.1995,-0.9395],[122.2015,-0.94],[122.204,-0.941],[122.2055,-0.94],[122.2065,-0.9395],[122.197,-0.93]]]},"properties":{"code":"72.01.13.2020","name":"Tetesulu"}},{"type":"Feature","geometry":{"type":"Polygon","coordinates":[[[122.3965,-1.445],[122.396,-1.445],[122.3915,-1.4465],[122.389,-1.4485],[122.3885,-1.4485],[122.388,-1.448],[122.3855,-1.4505],[122.3825,-1.45],[122.3825,-1.4495],[122.3805,-1.4495],[122.381,-1.451],[122.3815,-1.4505],[122.387,-1.458],[122.3825,-1.462],[122.3845,-1.4685],[122.394,-1.4805],[122.3955,-1.4805],[122.3955,-1.4795],[122.399,-1.465],[122.4045,-1.4625],[122.405,-1.4595],[122.407,-1.459],[122.4065,-1.4585],[122.4,-1.455],[122.4,-1.453],[122.398,-1.4465],[122.3975,-1.4455],[122.3965,-1.445]]]},"properties":{"code":"72.01.14.2001","name":"Saluan"}},{"type":"Feature","geometry":{"type":"MultiPolygon","coordinates":[[[[122.386,-1.442],[122.3835,-1.4415],[122.3825,-1.441],[122.3805,-1.4455],[122.3815,-1.4465],[122.3805,-1.449],[122.3805,-1.4495],[122.3825,-1.4495],[122.3825,-1.45],[122.3855,-1.4505],[122.388,-1.448],[122.3875,-1.4465],[122.388,-1.4445],[122.389,-1.4435],[122.386,-1.442]]],[[[122.205,-1.1285],[122.196,-1.128],[122.1935,-1.128],[122.19,-1.13],[122.1915,-1.1325],[122.191,-1.135],[122.192,-1.1475],[122.19,-1.1525],[122.1785,-1.169],[122.183,-1.1735],[122.1925,-1.1775],[122.193,-1.1775],[122.1945,-1.178],[122.218,-1.194],[122.226,-1.2035],[122.2295,-1.2055],[122.239,-1.2115],[122.2395,-1.213],[122.2405,-1.219],[122.2405,-1.22],[122.2395,-1.221],[122.2285,-1.2445],[122.234,-1.254],[122.248,-1.2665],[122.2415,-1.281],[122.253,-1.294],[122.257,-1.3045],[122.2445,-1.3175],[122.2395,-1.332],[122.237,-1.334],[122.2605,-1.3675],[122.2705,-1.369],[122.284,-1.3785],[122.286,-1.379],[122.304,-1.3815],[122.3045,-1.3825],[122.3075,-1.3815],[122.3195,-1.381],[122.328,-1.388],[122.324,-1.373],[122.3145,-1.3715],[122.3135,-1.3565],[122.3025,-1.3405],[122.3,-1.3405],[122.2905,-1.318],[122.303,-1.3055],[122.3055,-1.2935],[122.289,-1.2795],[122.2735,-1.226],[122.287,-1.216],[122.2875,-1.1935],[122.2945,-1.166],[122.3095,-1.167],[122.308,-1.1665],[122.293,-1.1635],[122.291,-1.161],[122.292,-1.147],[122.275,-1.133],[122.274,-1.133],[122.2725,-1.133],[122.267,-1.1315],[122.258,-1.131],[122.256,-1.1315],[122.255,-1.132],[122.251,-1.1325],[122.242,-1.131],[122.238,-1.129],[122.234,-1.13],[122.225,-1.1285],[122.222,-1.1285],[122.2165,-1.128],[122.2125,-1.129],[122.2115,-1.1295],[122.205,-1.1285]]]]},"properties":{"code":"72.01.14.2002","name":"Toili"}},{"type":"Feature","geometry":{"type":"Polygon","coordinates":[[[122.396,-1.432],[122.4065,-1.423],[122.3955,-1.4175],[122.3845,-1.4275],[122.385,-1.434],[122.384,-1.438],[122.3825,-1.441],[122.3835,-1.4415],[122.386,-1.442],[122.389,-1.4435],[122.3915,-1.441],[122.3925,-1.4425],[122.3945,-1.441],[122.3935,-1.4395],[122.396,-1.432]]]},"properties":{"code":"72.01.14.2003","name":"Selamet Raharjo"}},{"type":"Feature","geometry":{"type":"Polygon","coordinates":[[[122.3955,-1.4175],[122.391,-1.4115],[122.378,-1.4175],[122.373,-1.4175],[122.363,-1.425],[122.3635,-1.4255],[122.3655,-1.4305],[122.38,-1.426],[122.3825,-1.426],[122.384,-1.431],[122.385,-1.4325],[122.385,-1.434],[122.3845,-1.4275],[122.3955,-1.4175]]]},"properties":{"code":"72.01.14.2004","name":"Mulyoharjo"}},{"type":"Feature","geometry":{"type":"Polygon","coordinates":[[[122.381,-1.446],[122.3805,-1.4465],[122.3805,-1.446],[122.3795,-1.4465],[122.372,-1.4395],[122.3675,-1.4415],[122.3725,-1.4485],[122.3775,-1.4535],[122.381,-1.451],[122.3805,-1.4495],[122.3805,-1.449],[122.3815,-1.4465],[122.381,-1.446]]]},"properties":{"code":"72.01.14.2005","name":"Sidoharjo"}},{"type":"Feature","geometry":{"type":"MultiPolygon","coordinates":[[[[122.3725,-1.4485],[122.37,-1.4455],[122.3645,-1.45],[122.3685,-1.455],[122.3675,-1.4555],[122.3795,-1.4645],[122.387,-1.458],[122.3815,-1.4505],[122.3775,-1.4535],[122.3725,-1.4485]]],[[[122.363,-1.45],[122.3605,-1.4435],[122.3595,-1.4435],[122.3585,-1.4445],[122.363,-1.45]]]]},"properties":{"code":"72.01.14.2006","name":"Bumi Harjo"}},{"type":"Feature","geometry":{"type":"Polygon","coordinates":[[[122.368,-1.4555],[122.365,-1.455],[122.364,-1.4545],[122.357,-1.4665],[122.361,-1.465],[122.3625,-1.46],[122.3675,-1.464],[122.369,-1.467],[122.37,-1.468],[122.384,-1.469],[122.3845,-1.4685],[122.3825,-1.462],[122.3795,-1.4645],[122.3675,-1.4555],[122.368,-1.4555]]]},"properties":{"code":"72.01.14.2007","name":"Minakarya"}},{"type":"Feature","geometry":{"type":"Polygon","coordinates":[[[122.3845,-1.4685],[122.384,-1.469],[122.37,-1.468],[122.3695,-1.4695],[122.371,-1.473],[122.37,-1.478],[122.37,-1.496],[122.366,-1.5115],[122.393,-1.4925],[122.396,-1.487],[122.3955,-1.4815],[122.3955,-1.4805],[122.394,-1.4805],[122.3845,-1.4685]]]},"properties":{"code":"72.01.14.2008","name":"Minahaki"}},{"type":"Feature","geometry":{"type":"Polygon","coordinates":[[[122.3615,-1.376],[122.3455,-1.382],[122.3455,-1.3945],[122.3485,-1.3965],[122.349,-1.3975],[122.349,-1.4],[122.3485,-1.403],[122.35,-1.4045],[122.3615,-1.4055],[122.373,-1.4175],[122.378,-1.4175],[122.3755,-1.4065],[122.37,-1.4025],[122.3725,-1.401],[122.3745,-1.399],[122.3725,-1.398],[122.3715,-1.384],[122.362,-1.377],[122.3615,-1.376]]]},"properties":{"code":"72.01.14.2009","name":"Arga Kencana"}},{"type":"Feature","geometry":{"type":"Polygon","coordinates":[[[122.431,-1.4295],[122.431,-1.417],[122.4185,-1.412],[122.4185,-1.425],[122.411,-1.434],[122.407,-1.4515],[122.4,-1.453],[122.4,-1.455],[122.4065,-1.4585],[122.407,-1.459],[122.407,-1.46],[122.4085,-1.46],[122.415,-1.4465],[122.431,-1.4295]]]},"properties":{"code":"72.01.14.2010","name":"Moilong"}},{"type":"Feature","geometry":{"type":"MultiPolygon","coordinates":[[[[122.3945,-1.441],[122.3925,-1.4425],[122.3915,-1.441],[122.388,-1.4445],[122.3875,-1.4465],[122.3885,-1.4485],[122.389,-1.4485],[122.3915,-1.4465],[122.396,-1.445],[122.397,-1.445],[122.396,-1.4435],[122.3945,-1.441]]],[[[122.384,-1.438],[122.385,-1.4325],[122.3825,-1.4335],[122.3695,-1.4365],[122.372,-1.4395],[122.3795,-1.4465],[122.3805,-1.446],[122.3805,-1.4465],[122.381,-1.446],[122.3805,-1.4455],[122.3825,-1.441],[122.384,-1.438]]]]},"properties":{"code":"72.01.14.2011","name":"Karang Anyar"}},{"type":"Feature","geometry":{"type":"Polygon","coordinates":[[[122.3965,-1.4435],[122.413,-1.4305],[122.409,-1.4265],[122.396,-1.432],[122.3935,-1.4395],[122.3965,-1.4435]]]},"properties":{"code":"72.01.14.2012","name":"Sumber Harjo"}},{"type":"Feature","geometry":{"type":"Polygon","coordinates":[[[122.3695,-1.446],[122.3615,-1.4405],[122.36,-1.441],[122.3605,-1.4435],[122.363,-1.45],[122.3585,-1.4445],[122.3575,-1.447],[122.3605,-1.4485],[122.361,-1.449],[122.3615,-1.451],[122.362,-1.4515],[122.365,-1.455],[122.368,-1.4555],[122.3685,-1.455],[122.3645,-1.45],[122.3695,-1.446]]]},"properties":{"code":"72.01.14.2013","name":"Karya Jaya"}},{"type":"Feature","geometry":{"type":"Polygon","coordinates":[[[122.4085,-1.46],[122.407,-1.46],[122.407,-1.459],[122.405,-1.4595],[122.4045,-1.4625],[122.399,-1.465],[122.3955,-1.4795],[122.3955,-1.4805],[122.3955,-1.4815],[122.396,-1.487],[122.4105,-1.467],[122.4085,-1.46]]]},"properties":{"code":"72.01.14.2014","name":"Tou"}},{"type":"Feature","geometry":{"type":"Polygon","coordinates":[[[122.373,-1.4175],[122.3615,-1.4055],[122.35,-1.4045],[122.3475,-1.406],[122.357,-1.417],[122.357,-1.4185],[122.359,-1.419],[122.3605,-1.42],[122.3625,-1.424],[122.363,-1.425],[122.373,-1.4175]]]},"properties":{"code":"72.01.14.2015","name":"Argo Mulyo"}},{"type":"Feature","geometry":{"type":"Polygon","coordinates":[[[122.391,-1.4115],[122.3885,-1.4005],[122.3775,-1.3995],[122.375,-1.3995],[122.3745,-1.399],[122.3725,-1.401],[122.37,-1.4025],[122.3755,-1.4065],[122.378,-1.4175],[122.391,-1.4115]]]},"properties":{"code":"72.01.14.2016","name":"Sido Makmur"}},{"type":"Feature","geometry":{"type":"Polygon","coordinates":[[[122.498,-1.355],[122.478,-1.3225],[122.468,-1.313],[122.4535,-1.3165],[122.4515,-1.3145],[122.448,-1.3165],[122.445,-1.32],[122.445,-1.3215],[122.4375,-1.3275],[122.438,-1.33],[122.453,-1.342],[122.457,-1.353],[122.4695,-1.359],[122.474,-1.368],[122.476,-1.364],[122.4915,-1.3625],[122.498,-1.355]]]},"properties":{"code":"72.01.15.2001","name":"Maasing"}},{"type":"Feature","geometry":{"type":"Polygon","coordinates":[[[122.421,-1.3575],[122.4105,-1.35],[122.409,-1.35],[122.4065,-1.3535],[122.4255,-1.3795],[122.436,-1.408],[122.444,-1.3815],[122.455,-1.3735],[122.4565,-1.3725],[122.4565,-1.3705],[122.455,-1.37],[122.4505,-1.37],[122.4475,-1.372],[122.4235,-1.3615],[122.421,-1.3575]]]},"properties":{"code":"72.01.15.2002","name":"Gori-Gori"}},{"type":"Feature","geometry":{"type":"Polygon","coordinates":[[[122.3095,-1.167],[122.2945,-1.166],[122.2875,-1.1935],[122.287,-1.216],[122.2735,-1.226],[122.289,-1.2795],[122.3055,-1.2935],[122.303,-1.3055],[122.2905,-1.318],[122.3,-1.3405],[122.3035,-1.3375],[122.305,-1.3365],[122.3055,-1.3365],[122.3065,-1.339],[122.3075,-1.339],[122.308,-1.339],[122.309,-1.342],[122.342,-1.346],[122.3425,-1.3465],[122.3465,-1.3575],[122.355,-1.3615],[122.358,-1.3715],[122.3615,-1.3755],[122.362,-1.377],[122.3715,-1.384],[122.3725,-1.398],[122.375,-1.3995],[122.3775,-1.3995],[122.3885,-1.4005],[122.391,-1.4115],[122.3955,-1.4175],[122.4065,-1.423],[122.409,-1.4265],[122.413,-1.4305],[122.3965,-1.4435],[122.397,-1.445],[122.3965,-1.445],[122.3975,-1.4455],[122.398,-1.4465],[122.4,-1.453],[122.407,-1.4515],[122.411,-1.434],[122.4185,-1.425],[122.4185,-1.412],[122.431,-1.417],[122.431,-1.4295],[122.4785,-1.3975],[122.466,-1.3895],[122.4555,-1.3885],[122.456,-1.374],[122.455,-1.3735],[122.444,-1.3815],[122.436,-1.408],[122.4255,-1.3795],[122.4065,-1.3535],[122.409,-1.35],[122.4085,-1.3495],[122.408,-1.349],[122.4045,-1.3445],[122.4035,-1.341],[122.4,-1.3385],[122.3955,-1.3345],[122.3945,-1.334],[122.383,-1.3325],[122.376,-1.315],[122.3775,-1.311],[122.3815,-1.3055],[122.3835,-1.3025],[122.3765,-1.2955],[122.378,-1.2765],[122.3825,-1.2705],[122.3895,-1.267],[122.394,-1.269],[122.3955,-1.2675],[122.393,-1.2665],[122.4025,-1.258],[122.398,-1.2485],[122.4015,-1.2455],[122.399,-1.2475],[122.3935,-1.25],[122.391,-1.2485],[122.3735,-1.236],[122.3675,-1.236],[122.3475,-1.2175],[122.3395,-1.199],[122.339,-1.196],[122.337,-1.1935],[122.332,-1.188],[122.328,-1.1845],[122.3275,-1.183],[122.326,-1.1825],[122.313,-1.1745],[122.31,-1.1675],[122.3095,-1.167]]]},"properties":{"code":"72.01.15.2003","name":"Sinorang"}},{"type":"Feature","geometry":{"type":"Polygon","coordinates":[[[122.423,-1.29],[122.4225,-1.2885],[122.422,-1.287],[122.4185,-1.285],[122.4155,-1.2935],[122.417,-1.2945],[122.411,-1.2985],[122.3985,-1.299],[122.398,-1.306],[122.402,-1.309],[122.39,-1.325],[122.394,-1.3335],[122.3955,-1.3345],[122.4,-1.3385],[122.402,-1.3385],[122.4025,-1.338],[122.4075,-1.332],[122.4115,-1.3155],[122.4255,-1.3005],[122.4275,-1.298],[122.423,-1.29]]]},"properties":{"code":"72.01.15.2004","name":"Sukamaju"}},{"type":"Feature","geometry":{"type":"Polygon","coordinates":[[[122.445,-1.3205],[122.445,-1.32],[122.446,-1.3185],[122.4465,-1.317],[122.448,-1.316],[122.4475,-1.311],[122.431,-1.289],[122.429,-1.289],[122.428,-1.2875],[122.426,-1.2885],[122.423,-1.29],[122.4275,-1.298],[122.4255,-1.3005],[122.4115,-1.3155],[122.4075,-1.332],[122.4025,-1.338],[122.402,-1.3385],[122.4035,-1.341],[122.4045,-1.3445],[122.408,-1.349],[122.4085,-1.3495],[122.4105,-1.35],[122.421,-1.3575],[122.4195,-1.356],[122.4375,-1.3295],[122.4375,-1.3275],[122.445,-1.3215],[122.445,-1.3205]]]},"properties":{"code":"72.01.15.2005","name":"Sukamaju Satu"}},{"type":"Feature","geometry":{"type":"Polygon","coordinates":[[[122.4915,-1.3625],[122.476,-1.364],[122.4735,-1.3695],[122.4565,-1.369],[122.4565,-1.3705],[122.4565,-1.3725],[122.456,-1.374],[122.4555,-1.3885],[122.466,-1.3895],[122.4785,-1.3975],[122.49,-1.3815],[122.4915,-1.3625]]]},"properties":{"code":"72.01.15.2006","name":"Paisu Buloli"}},{"type":"Feature","geometry":{"type":"Polygon","coordinates":[[[122.3985,-1.299],[122.384,-1.301],[122.384,-1.302],[122.3815,-1.3055],[122.3775,-1.311],[122.376,-1.315],[122.383,-1.3325],[122.3945,-1.334],[122.394,-1.3335],[122.39,-1.325],[122.402,-1.309],[122.398,-1.306],[122.3985,-1.299]]]},"properties":{"code":"72.01.15.2007","name":"Ombolu"}},{"type":"Feature","geometry":{"type":"Polygon","coordinates":[[[122.474,-1.368],[122.4695,-1.359],[122.457,-1.353],[122.453,-1.342],[122.438,-1.33],[122.4375,-1.3295],[122.4195,-1.356],[122.4235,-1.3615],[122.4475,-1.372],[122.4505,-1.37],[122.455,-1.37],[122.4565,-1.3705],[122.4565,-1.369],[122.4735,-1.3695],[122.474,-1.368]]]},"properties":{"code":"72.01.15.2008","name":"Bonebalantak"}},{"type":"Feature","geometry":{"type":"Polygon","coordinates":[[[122.4265,-1.246],[122.42,-1.242],[122.415,-1.24],[122.4025,-1.2455],[122.4015,-1.2455],[122.398,-1.2485],[122.4025,-1.258],[122.393,-1.2665],[122.3945,-1.2675],[122.4005,-1.27],[122.414,-1.279],[122.416,-1.28],[122.419,-1.285],[122.422,-1.287],[122.4225,-1.2885],[122.426,-1.2885],[122.4265,-1.287],[122.4205,-1.2785],[122.4285,-1.2555],[122.4265,-1.246]]]},"properties":{"code":"72.01.15.2009","name":"Masungkang"}},{"type":"Feature","geometry":{"type":"Polygon","coordinates":[[[122.3955,-1.2675],[122.394,-1.269],[122.3895,-1.267],[122.3825,-1.2705],[122.378,-1.2765],[122.3765,-1.2955],[122.3835,-1.3025],[122.384,-1.302],[122.384,-1.301],[122.3985,-1.299],[122.411,-1.2985],[122.417,-1.2945],[122.4155,-1.2935],[122.4185,-1.285],[122.419,-1.285],[122.416,-1.28],[122.414,-1.279],[122.4005,-1.27],[122.3955,-1.2675]]]},"properties":{"code":"72.01.15.2010","name":"Maleo Jaya"}},{"type":"Feature","geometry":{"type":"Polygon","coordinates":[[[122.517,-0.773],[122.501,-0.7705],[122.5035,-0.781],[122.506,-0.781],[122.5095,-0.776],[122.515,-0.774],[122.517,-0.773]]]},"properties":{"code":"72.01.16.2001","name":"Lobu"}},{"type":"Feature","geometry":{"type":"Polygon","coordinates":[[[122.5375,-0.7825],[122.5245,-0.7805],[122.517,-0.773],[122.515,-0.774],[122.5095,-0.776],[122.506,-0.781],[122.507,-0.7825],[122.507,-0.7855],[122.5075,-0.7885],[122.51,-0.79],[122.5095,-0.792],[122.5085,-0.798],[122.5095,-0.7985],[122.5105,-0.7975],[122.5105,-0.7965],[122.5145,-0.794],[122.5225,-0.795],[122.5365,-0.7975],[122.5375,-0.7825]]]},"properties":{"code":"72.01.16.2002","name":"Bolobungkang"}},{"type":"Feature","geometry":{"type":"Polygon","coordinates":[[[122.506,-0.781],[122.5035,-0.781],[122.5015,-0.784],[122.5015,-0.785],[122.5065,-0.7865],[122.507,-0.7855],[122.507,-0.7825],[122.506,-0.781]]]},"properties":{"code":"72.01.16.2003","name":"Niubulan"}},{"type":"Feature","geometry":{"type":"Polygon","coordinates":[[[122.5065,-0.7865],[122.5015,-0.785],[122.5005,-0.786],[122.498,-0.7865],[122.4975,-0.7875],[122.498,-0.7875],[122.5,-0.7875],[122.501,-0.7875],[122.503,-0.7905],[122.507,-0.7905],[122.508,-0.789],[122.5075,-0.7885],[122.5065,-0.7865]]]},"properties":{"code":"72.01.16.2004","name":"Kadodi"}},{"type":"Feature","geometry":{"type":"Polygon","coordinates":[[[122.508,-0.789],[122.507,-0.7905],[122.503,-0.7905],[122.501,-0.7875],[122.5,-0.7875],[122.498,-0.7875],[122.4975,-0.7875],[122.497,-0.7885],[122.4915,-0.793],[122.489,-0.7945],[122.4875,-0.7985],[122.4865,-0.8],[122.502,-0.8015],[122.5055,-0.805],[122.5075,-0.806],[122.5085,-0.805],[122.5085,-0.801],[122.51,-0.7985],[122.5085,-0.798],[122.5095,-0.792],[122.508,-0.789]]]},"properties":{"code":"72.01.16.2005","name":"Uha Uhangon"}},{"type":"Feature","geometry":{"type":"Polygon","coordinates":[[[122.487,-0.7995],[122.4855,-0.801],[122.4845,-0.802],[122.4835,-0.7995],[122.4825,-0.801],[122.479,-0.803],[122.4775,-0.8035],[122.4755,-0.803],[122.4745,-0.804],[122.474,-0.8045],[122.4725,-0.806],[122.474,-0.809],[122.4725,-0.8105],[122.4705,-0.818],[122.4665,-0.8195],[122.4635,-0.8245],[122.4635,-0.8255],[122.4705,-0.8335],[122.4705,-0.8355],[122.469,-0.8355],[122.468,-0.8385],[122.478,-0.8435],[122.4845,-0.8495],[122.485,-0.8485],[122.488,-0.848],[122.493,-0.846],[122.4945,-0.846],[122.498,-0.8315],[122.5045,-0.8275],[122.504,-0.825],[122.504,-0.823],[122.505,-0.821],[122.505,-0.819],[122.5065,-0.818],[122.506,-0.8175],[122.507,-0.816],[122.509,-0.814],[122.509,-0.8105],[122.5095,-0.809],[122.5085,-0.805],[122.5075,-0.806],[122.5055,-0.805],[122.502,-0.8015],[122.4865,-0.8],[122.487,-0.7995]]]},"properties":{"code":"72.01.16.2006","name":"Bahingin"}},{"type":"Feature","geometry":{"type":"Polygon","coordinates":[[[122.563,-0.8065],[122.5645,-0.795],[122.564,-0.7905],[122.5605,-0.7855],[122.56,-0.7835],[122.561,-0.7805],[122.5375,-0.7825],[122.5365,-0.7975],[122.54,-0.808],[122.537,-0.822],[122.5385,-0.8235],[122.5385,-0.8255],[122.5395,-0.829],[122.54,-0.84],[122.5395,-0.8445],[122.5395,-0.853],[122.54,-0.8535],[122.5405,-0.855],[122.542,-0.854],[122.543,-0.8535],[122.544,-0.852],[122.549,-0.8485],[122.551,-0.845],[122.557,-0.841],[122.553,-0.839],[122.5545,-0.806],[122.563,-0.8065]]]},"properties":{"code":"72.01.16.2007","name":"Uwe Daka-Daka"}},{"type":"Feature","geometry":{"type":"Polygon","coordinates":[[[122.5035,-0.781],[122.475,-0.7865],[122.4745,-0.799],[122.4745,-0.802],[122.475,-0.803],[122.4755,-0.803],[122.4775,-0.8035],[122.479,-0.803],[122.4825,-0.801],[122.4835,-0.7995],[122.4845,-0.802],[122.4855,-0.801],[122.487,-0.7995],[122.4875,-0.7985],[122.489,-0.7945],[122.4915,-0.793],[122.497,-0.7885],[122.4975,-0.787],[122.498,-0.7865],[122.5005,-0.786],[122.5015,-0.784],[122.5035,-0.781]]]},"properties":{"code":"72.01.16.2008","name":"Balean"}},{"type":"Feature","geometry":{"type":"Polygon","coordinates":[[[122.539,-0.827],[122.538,-0.827],[122.536,-0.826],[122.534,-0.831],[122.507,-0.8185],[122.5065,-0.818],[122.505,-0.819],[122.505,-0.821],[122.504,-0.823],[122.504,-0.825],[122.5045,-0.8275],[122.498,-0.8315],[122.4945,-0.846],[122.4965,-0.8475],[122.505,-0.8515],[122.5155,-0.8475],[122.5345,-0.8515],[122.5395,-0.853],[122.5395,-0.8445],[122.54,-0.84],[122.5395,-0.829],[122.539,-0.827]]]},"properties":{"code":"72.01.16.2009","name":"Dolom"}},{"type":"Feature","geometry":{"type":"Polygon","coordinates":[[[122.5365,-0.7975],[122.5225,-0.795],[122.5145,-0.794],[122.5105,-0.7965],[122.5105,-0.7975],[122.5095,-0.7985],[122.51,-0.7985],[122.5085,-0.801],[122.5095,-0.809],[122.509,-0.8105],[122.509,-0.814],[122.507,-0.816],[122.506,-0.8175],[122.507,-0.8185],[122.534,-0.831],[122.536,-0.826],[122.538,-0.827],[122.539,-0.827],[122.5385,-0.8255],[122.5385,-0.8235],[122.537,-0.822],[122.54,-0.808],[122.5365,-0.7975]]]},"properties":{"code":"72.01.16.2010","name":"Lambuli"}},{"type":"Feature","geometry":{"type":"Polygon","coordinates":[[[122.2105,-0.8615],[122.208,-0.861],[122.205,-0.8605],[122.2045,-0.8595],[122.204,-0.8595],[122.2,-0.8655],[122.201,-0.868],[122.2095,-0.874],[122.213,-0.88],[122.2095,-0.8835],[122.2115,-0.8845],[122.216,-0.8915],[122.2225,-0.8935],[122.2275,-0.8835],[122.229,-0.884],[122.2295,-0.884],[122.2295,-0.8845],[122.23,-0.885],[122.2325,-0.88],[122.235,-0.875],[122.2295,-0.8685],[122.2265,-0.867],[122.2255,-0.8675],[122.225,-0.867],[122.224,-0.8675],[122.2235,-0.867],[122.2215,-0.868],[122.211,-0.864],[122.2105,-0.8615]]]},"properties":{"code":"72.01.17.2001","name":"Beringin Jaya"}},{"type":"Feature","geometry":{"type":"MultiPolygon","coordinates":[[[[122.219,-0.9075],[122.218,-0.911],[122.219,-0.911],[122.219,-0.9105],[122.219,-0.9095],[122.219,-0.9075]]],[[[122.229,-0.884],[122.2275,-0.8835],[122.2225,-0.8935],[122.2235,-0.8935],[122.225,-0.8945],[122.226,-0.8945],[122.23,-0.898],[122.2335,-0.8985],[122.2335,-0.902],[122.233,-0.902],[122.241,-0.9085],[122.241,-0.909],[122.2415,-0.91],[122.2525,-0.912],[122.256,-0.921],[122.257,-0.92],[122.2625,-0.91],[122.2485,-0.901],[122.2485,-0.895],[122.243,-0.892],[122.2425,-0.886],[122.242,-0.886],[122.2415,-0.886],[122.24,-0.8865],[122.2375,-0.8855],[122.233,-0.8855],[122.2315,-0.8855],[122.23,-0.8855],[122.2295,-0.8845],[122.2295,-0.884],[122.229,-0.884]]]]},"properties":{"code":"72.01.17.2002","name":"Rantau Jaya"}},{"type":"Feature","geometry":{"type":"Polygon","coordinates":[[[122.2835,-0.8595],[122.29,-0.856],[122.2855,-0.836],[122.2715,-0.828],[122.2695,-0.83],[122.253,-0.8335],[122.244,-0.847],[122.2425,-0.849],[122.2415,-0.8495],[122.234,-0.8565],[122.23,-0.861],[122.2255,-0.8665],[122.2235,-0.867],[122.224,-0.8675],[122.225,-0.867],[122.2255,-0.8675],[122.2265,-0.867],[122.2295,-0.8685],[122.235,-0.875],[122.2325,-0.88],[122.23,-0.8855],[122.2315,-0.8855],[122.233,-0.8855],[122.2375,-0.8855],[122.24,-0.8865],[122.2415,-0.886],[122.242,-0.886],[122.2425,-0.886],[122.2495,-0.877],[122.259,-0.883],[122.2655,-0.8725],[122.2835,-0.8595]]]},"properties":{"code":"72.01.17.2003","name":"Koninis"}},{"type":"Feature","geometry":{"type":"Polygon","coordinates":[[[122.2935,-0.884],[122.2935,-0.882],[122.2925,-0.8795],[122.2895,-0.878],[122.289,-0.868],[122.2835,-0.8595],[122.2655,-0.8725],[122.259,-0.883],[122.2495,-0.877],[122.2425,-0.886],[122.242,-0.886],[122.2425,-0.886],[122.243,-0.892],[122.2485,-0.895],[122.2485,-0.901],[122.2625,-0.91],[122.269,-0.9135],[122.281,-0.9045],[122.2915,-0.886],[122.2935,-0.884]]]},"properties":{"code":"72.01.17.2004","name":"Gonohop"}},{"type":"Feature","geometry":{"type":"Polygon","coordinates":[[[122.267,-0.9425],[122.2555,-0.9285],[122.254,-0.9285],[122.242,-0.9385],[122.221,-0.939],[122.221,-0.94],[122.221,-0.9415],[122.225,-0.953],[122.2275,-0.958],[122.2305,-0.9655],[122.244,-0.9605],[122.2475,-0.953],[122.2615,-0.9505],[122.267,-0.9425]]]},"properties":{"code":"72.01.17.2005","name":"Sumber Mulia"}},{"type":"Feature","geometry":{"type":"MultiPolygon","coordinates":[[[[122.271,-0.944],[122.2685,-0.9495],[122.2685,-0.95],[122.271,-0.95],[122.271,-0.944]]],[[[122.321,-0.8995],[122.323,-0.8955],[122.328,-0.8905],[122.325,-0.889],[122.3125,-0.874],[122.297,-0.8805],[122.2915,-0.886],[122.281,-0.9045],[122.269,-0.9135],[122.264,-0.924],[122.2565,-0.9205],[122.256,-0.921],[122.255,-0.9285],[122.2555,-0.9285],[122.267,-0.9425],[122.27,-0.943],[122.271,-0.9425],[122.2715,-0.9405],[122.285,-0.9405],[122.292,-0.958],[122.2985,-0.961],[122.3005,-0.9585],[122.32,-0.925],[122.318,-0.908],[122.3195,-0.905],[122.3195,-0.9035],[122.321,-0.8995]]]]},"properties":{"code":"72.01.17.2006","name":"Doda Bunta"}},{"type":"Feature","geometry":{"type":"Polygon","coordinates":[[[122.2415,-0.909],[122.241,-0.9085],[122.233,-0.902],[122.2325,-0.9025],[122.225,-0.909],[122.2235,-0.908],[122.223,-0.9095],[122.2215,-0.91],[122.22,-0.91],[122.219,-0.9105],[122.219,-0.911],[122.216,-0.9115],[122.2165,-0.9125],[122.221,-0.9255],[122.222,-0.9245],[122.2245,-0.925],[122.227,-0.923],[122.2325,-0.9205],[122.2375,-0.912],[122.2405,-0.911],[122.2405,-0.9105],[122.2415,-0.9095],[122.2415,-0.909]]]},"properties":{"code":"72.01.17.2007","name":"Simpang Satu"}},{"type":"Feature","geometry":{"type":"Polygon","coordinates":[[[122.256,-0.921],[122.2525,-0.912],[122.2415,-0.91],[122.2415,-0.909],[122.2415,-0.9095],[122.2405,-0.9105],[122.2405,-0.911],[122.2375,-0.912],[122.2325,-0.9205],[122.227,-0.923],[122.225,-0.9245],[122.231,-0.9365],[122.2205,-0.937],[122.2205,-0.9365],[122.2205,-0.9375],[122.221,-0.939],[122.242,-0.9385],[122.254,-0.9285],[122.255,-0.9285],[122.256,-0.921]]]},"properties":{"code":"72.01.17.2008","name":"Simpang Dua"}},{"type":"Feature","geometry":{"type":"MultiPolygon","coordinates":[[[[122.2245,-0.925],[122.222,-0.9245],[122.221,-0.9255],[122.2215,-0.9275],[122.2205,-0.93],[122.221,-0.9335],[122.221,-0.936],[122.2205,-0.9365],[122.2205,-0.937],[122.231,-0.9365],[122.225,-0.9245],[122.2245,-0.925]]],[[[122.2335,-0.902],[122.2335,-0.8985],[122.228,-0.8975],[122.223,-0.9075],[122.225,-0.909],[122.2325,-0.9025],[122.2335,-0.902]]]]},"properties":{"code":"72.01.17.2009","name":"Dowiwi"}},{"type":"Feature","geometry":{"type":"MultiPolygon","coordinates":[[[[122.27,-0.943],[122.267,-0.9425],[122.2615,-0.9505],[122.2475,-0.953],[122.244,-0.9605],[122.2305,-0.9655],[122.228,-0.96],[122.229,-0.9635],[122.232,-0.9695],[122.2325,-0.971],[122.242,-0.976],[122.243,-0.9765],[122.2465,-0.981],[122.2485,-0.982],[122.247,-0.984],[122.2475,-0.984],[122.248,-0.984],[122.2475,-0.984],[122.25,-0.9815],[122.2525,-0.982],[122.26,-0.975],[122.2675,-0.971],[122.2685,-0.9505],[122.2685,-0.9495],[122.271,-0.944],[122.271,-0.9425],[122.27,-0.943]]],[[[122.2225,-0.8935],[122.216,-0.8915],[122.2085,-0.8975],[122.207,-0.8985],[122.2105,-0.9035],[122.212,-0.905],[122.2135,-0.908],[122.2155,-0.9105],[122.216,-0.9115],[122.218,-0.911],[122.219,-0.9075],[122.219,-0.9095],[122.22,-0.91],[122.2215,-0.91],[122.223,-0.9095],[122.2235,-0.908],[122.223,-0.9075],[122.228,-0.8975],[122.23,-0.898],[122.226,-0.8945],[122.225,-0.8945],[122.2235,-0.8935],[122.2225,-0.8935]]]]},"properties":{"code":"72.01.17.2010","name":"Mantan A"}},{"type":"Feature","geometry":{"type":"Polygon","coordinates":[[[122.269,-0.9135],[122.2625,-0.91],[122.257,-0.92],[122.2565,-0.9205],[122.264,-0.924],[122.269,-0.9135]]]},"properties":{"code":"72.01.17.2011","name":"Dwipa Karya"}},{"type":"Feature","geometry":{"type":"Polygon","coordinates":[[[122.2985,-0.9615],[122.2985,-0.961],[122.292,-0.958],[122.285,-0.9405],[122.2715,-0.9405],[122.271,-0.944],[122.271,-0.95],[122.2685,-0.95],[122.2685,-0.9505],[122.2675,-0.971],[122.26,-0.975],[122.2525,-0.982],[122.25,-0.9815],[122.2475,-0.984],[122.248,-0.984],[122.2485,-0.9835],[122.249,-0.9835],[122.2495,-0.9845],[122.256,-0.9965],[122.255,-0.9985],[122.257,-1.0015],[122.258,-1.0025],[122.2575,-1.0035],[122.2585,-1.0035],[122.26,-1.006],[122.261,-1.0065],[122.2645,-1.0115],[122.2655,-1.0125],[122.2625,-1.0285],[122.262,-1.03],[122.263,-1.0325],[122.266,-1.0375],[122.2695,-1.0425],[122.281,-1.0535],[122.291,-1.0565],[122.295,-1.0695],[122.2985,-1.0695],[122.302,-1.0695],[122.302,-1.069],[122.3045,-1.0685],[122.3075,-1.063],[122.3155,-1.0635],[122.326,-1.0575],[122.3385,-1.0645],[122.3555,-1.052],[122.3535,-1.0375],[122.353,-1.034],[122.351,-1.02],[122.3505,-1.0185],[122.3485,-1.0135],[122.3485,-1.0115],[122.3495,-1.0095],[122.3485,-1.0085],[122.345,-1.006],[122.33,-0.995],[122.3195,-0.9775],[122.307,-0.977],[122.299,-0.962],[122.2985,-0.9615]]]},"properties":{"code":"72.01.17.2012","name":"Lokait"}},{"type":"Feature","geometry":{"type":"Polygon","coordinates":[[[123.378,-0.974],[123.3895,-0.958],[123.397,-0.9545],[123.3895,-0.942],[123.356,-0.945],[123.3525,-0.946],[123.345,-0.9495],[123.3425,-0.952],[123.3385,-0.959],[123.3435,-0.96],[123.348,-0.962],[123.3545,-0.9595],[123.378,-0.974]]]},"properties":{"code":"72.01.18.2001","name":"Tombos"}},{"type":"Feature","geometry":{"type":"Polygon","coordinates":[[[123.353,-0.916],[123.35,-0.917],[123.341,-0.925],[123.339,-0.927],[123.3395,-0.929],[123.34,-0.931],[123.341,-0.9345],[123.341,-0.9355],[123.3775,-0.934],[123.3835,-0.931],[123.385,-0.9275],[123.374,-0.925],[123.371,-0.925],[123.366,-0.924],[123.3645,-0.9235],[123.353,-0.916]]]},"properties":{"code":"72.01.18.2002","name":"Dondo"}},{"type":"Feature","geometry":{"type":"Polygon","coordinates":[[[123.3895,-0.942],[123.3835,-0.931],[123.3775,-0.934],[123.341,-0.9355],[123.3395,-0.936],[123.3375,-0.937],[123.333,-0.941],[123.3315,-0.943],[123.3325,-0.944],[123.335,-0.9445],[123.341,-0.942],[123.343,-0.943],[123.3445,-0.9435],[123.3515,-0.945],[123.356,-0.945],[123.3895,-0.942]]]},"properties":{"code":"72.01.18.2003","name":"Sepe"}},{"type":"Feature","geometry":{"type":"Polygon","coordinates":[[[123.3525,-0.946],[123.3515,-0.945],[123.3445,-0.9435],[123.343,-0.943],[123.341,-0.942],[123.335,-0.9445],[123.3285,-0.947],[123.328,-0.9505],[123.327,-0.9515],[123.323,-0.9525],[123.3215,-0.9525],[123.3205,-0.9525],[123.3185,-0.952],[123.3225,-0.954],[123.323,-0.9545],[123.3255,-0.9565],[123.3305,-0.958],[123.3335,-0.957],[123.3345,-0.9595],[123.338,-0.959],[123.3385,-0.959],[123.3425,-0.952],[123.345,-0.9495],[123.3525,-0.946]]]},"properties":{"code":"72.01.18.2004","name":"Booy"}},{"type":"Feature","geometry":{"type":"Polygon","coordinates":[[[123.347,-0.897],[123.337,-0.908],[123.29,-0.8945],[123.2735,-0.899],[123.275,-0.901],[123.2755,-0.9015],[123.278,-0.9035],[123.2805,-0.9075],[123.2815,-0.909],[123.2815,-0.91],[123.2825,-0.91],[123.2825,-0.9115],[123.282,-0.9135],[123.283,-0.9145],[123.283,-0.9235],[123.2815,-0.925],[123.2875,-0.927],[123.291,-0.9405],[123.292,-0.9415],[123.306,-0.9435],[123.317,-0.952],[123.3195,-0.952],[123.3215,-0.9525],[123.323,-0.9525],[123.327,-0.9515],[123.328,-0.9505],[123.3285,-0.947],[123.3325,-0.944],[123.3315,-0.943],[123.333,-0.941],[123.3375,-0.937],[123.3395,-0.936],[123.341,-0.9355],[123.341,-0.9345],[123.34,-0.931],[123.3395,-0.929],[123.339,-0.927],[123.341,-0.925],[123.35,-0.917],[123.353,-0.916],[123.354,-0.914],[123.354,-0.91],[123.354,-0.9045],[123.3535,-0.904],[123.35,-0.897],[123.347,-0.897]]]},"properties":{"code":"72.01.18.2005","name":"Tintingon"}},{"type":"Feature","geometry":{"type":"Polygon","coordinates":[[[123.3815,-0.916],[123.3705,-0.9165],[123.367,-0.918],[123.3655,-0.9235],[123.366,-0.924],[123.371,-0.925],[123.374,-0.925],[123.385,-0.9275],[123.385,-0.922],[123.381,-0.9185],[123.3815,-0.916]]]},"properties":{"code":"72.01.18.2006","name":"Resarna"}},{"type":"Feature","geometry":{"type":"Polygon","coordinates":[[[123.387,-0.911],[123.3835,-0.911],[123.3815,-0.9135],[123.381,-0.9185],[123.385,-0.922],[123.387,-0.911]]]},"properties":{"code":"72.01.18.2007","name":"Giwang"}},{"type":"Feature","geometry":{"type":"Polygon","coordinates":[[[123.382,-0.911],[123.366,-0.907],[123.364,-0.9075],[123.3575,-0.9055],[123.354,-0.9045],[123.354,-0.91],[123.354,-0.914],[123.353,-0.916],[123.3645,-0.9235],[123.3655,-0.9235],[123.367,-0.918],[123.3705,-0.9165],[123.3815,-0.916],[123.3815,-0.9135],[123.3835,-0.911],[123.382,-0.911]]]},"properties":{"code":"72.01.18.2008","name":"Tongke"}},{"type":"Feature","geometry":{"type":"Polygon","coordinates":[[[123.3935,-0.9015],[123.3905,-0.8995],[123.388,-0.898],[123.386,-0.9005],[123.3855,-0.9015],[123.383,-0.9055],[123.382,-0.911],[123.387,-0.911],[123.3935,-0.9015]]]},"properties":{"code":"72.01.18.2009","name":"Gorontalo"}},{"type":"Feature","geometry":{"type":"Polygon","coordinates":[[[123.3605,-0.895],[123.358,-0.8935],[123.357,-0.8945],[123.3565,-0.895],[123.3555,-0.8955],[123.3535,-0.8955],[123.3525,-0.8955],[123.35,-0.897],[123.3535,-0.904],[123.3575,-0.9055],[123.364,-0.9075],[123.366,-0.907],[123.382,-0.911],[123.383,-0.9055],[123.3855,-0.9015],[123.386,-0.9005],[123.388,-0.898],[123.387,-0.8985],[123.372,-0.904],[123.3605,-0.895]]]},"properties":{"code":"72.01.18.2010","name":"Poyang"}},{"type":"Feature","geometry":{"type":"Polygon","coordinates":[[[123.392,-0.891],[123.3835,-0.895],[123.3815,-0.8955],[123.377,-0.897],[123.3755,-0.8965],[123.3685,-0.896],[123.362,-0.892],[123.3615,-0.892],[123.3605,-0.895],[123.372,-0.904],[123.387,-0.8985],[123.388,-0.898],[123.3905,-0.8995],[123.3935,-0.9015],[123.392,-0.891]]]},"properties":{"code":"72.01.18.2011","name":"Tanggawas"}},{"type":"Feature","geometry":{"type":"Polygon","coordinates":[[[123.421,-0.801],[123.404,-0.8],[123.3985,-0.793],[123.385,-0.798],[123.382,-0.799],[123.3795,-0.798],[123.3755,-0.798],[123.368,-0.806],[123.3555,-0.807],[123.3435,-0.7965],[123.335,-0.794],[123.3325,-0.795],[123.3265,-0.7975],[123.323,-0.797],[123.2975,-0.795],[123.296,-0.7955],[123.3095,-0.82],[123.2955,-0.8335],[123.2965,-0.835],[123.2985,-0.8355],[123.3,-0.835],[123.3015,-0.8315],[123.306,-0.825],[123.31,-0.8195],[123.316,-0.821],[123.3305,-0.823],[123.338,-0.823],[123.3415,-0.822],[123.3505,-0.822],[123.353,-0.8225],[123.356,-0.823],[123.368,-0.824],[123.3705,-0.821],[123.3715,-0.82],[123.3715,-0.819],[123.374,-0.818],[123.388,-0.82],[123.389,-0.8205],[123.39,-0.821],[123.4095,-0.831],[123.416,-0.8385],[123.4195,-0.8345],[123.432,-0.821],[123.431,-0.8205],[123.422,-0.8045],[123.421,-0.801]]]},"properties":{"code":"72.01.19.2001","name":"Kampangar"}},{"type":"Feature","geometry":{"type":"Polygon","coordinates":[[[123.431,-0.8205],[123.4305,-0.817],[123.429,-0.815],[123.429,-0.8115],[123.4275,-0.809],[123.4225,-0.8055],[123.422,-0.8045],[123.431,-0.8205]]]},"properties":{"code":"72.01.19.2002","name":"Kuntang"}},{"type":"Feature","geometry":{"type":"Polygon","coordinates":[[[123.433,-0.821],[123.434,-0.8005],[123.444,-0.781],[123.4415,-0.781],[123.4345,-0.787],[123.433,-0.7885],[123.431,-0.7875],[123.4205,-0.7895],[123.418,-0.796],[123.419,-0.7985],[123.421,-0.801],[123.422,-0.8045],[123.4225,-0.8055],[123.4275,-0.809],[123.429,-0.8115],[123.429,-0.815],[123.4305,-0.817],[123.432,-0.821],[123.433,-0.821]]]},"properties":{"code":"72.01.19.2003","name":"Pulau Dua"}},{"type":"Feature","geometry":{"type":"Polygon","coordinates":[[[123.4455,-0.7755],[123.4445,-0.7755],[123.4395,-0.7785],[123.411,-0.77],[123.396,-0.7715],[123.3865,-0.7805],[123.371,-0.777],[123.365,-0.7795],[123.364,-0.7795],[123.3615,-0.782],[123.351,-0.7825],[123.3465,-0.7815],[123.3125,-0.774],[123.31,-0.773],[123.2935,-0.7715],[123.29,-0.771],[123.2845,-0.775],[123.282,-0.7765],[123.28,-0.776],[123.2785,-0.7755],[123.2755,-0.775],[123.2695,-0.7795],[123.268,-0.7815],[123.2765,-0.7955],[123.2805,-0.796],[123.282,-0.7925],[123.294,-0.796],[123.2975,-0.795],[123.323,-0.797],[123.3265,-0.7975],[123.3325,-0.795],[123.335,-0.794],[123.3435,-0.7965],[123.3555,-0.807],[123.368,-0.806],[123.3755,-0.798],[123.3795,-0.798],[123.382,-0.799],[123.385,-0.798],[123.3985,-0.793],[123.404,-0.8],[123.421,-0.801],[123.419,-0.7985],[123.418,-0.796],[123.4205,-0.7895],[123.431,-0.7875],[123.433,-0.7885],[123.4345,-0.787],[123.4415,-0.781],[123.444,-0.781],[123.4455,-0.7755]]]},"properties":{"code":"72.01.19.2004","name":"Teku"}},{"type":"Feature","geometry":{"type":"Polygon","coordinates":[[[123.347,-0.7285],[123.3465,-0.729],[123.346,-0.7295],[123.3315,-0.733],[123.3255,-0.742],[123.3065,-0.746],[123.292,-0.7315],[123.274,-0.7275],[123.2725,-0.729],[123.2715,-0.7295],[123.27,-0.732],[123.2685,-0.733],[123.27,-0.737],[123.2705,-0.7395],[123.269,-0.743],[123.2615,-0.7505],[123.2635,-0.753],[123.263,-0.762],[123.2635,-0.7625],[123.265,-0.763],[123.273,-0.757],[123.2745,-0.7555],[123.3005,-0.7555],[123.3065,-0.752],[123.3075,-0.7525],[123.3085,-0.7555],[123.3775,-0.7525],[123.4035,-0.7585],[123.408,-0.758],[123.4085,-0.7575],[123.4105,-0.758],[123.4125,-0.759],[123.4175,-0.76],[123.442,-0.7545],[123.445,-0.7535],[123.446,-0.753],[123.4265,-0.745],[123.393,-0.744],[123.382,-0.738],[123.367,-0.7425],[123.3585,-0.7335],[123.35,-0.731],[123.3485,-0.7305],[123.3475,-0.7285],[123.347,-0.7285]]]},"properties":{"code":"72.01.19.2005","name":"Ondoliang"}},{"type":"Feature","geometry":{"type":"Polygon","coordinates":[[[123.399,-0.694],[123.3845,-0.6945],[123.344,-0.6905],[123.297,-0.6965],[123.2955,-0.698],[123.298,-0.702],[123.2955,-0.7045],[123.28,-0.7155],[123.276,-0.7255],[123.272,-0.725],[123.273,-0.727],[123.273,-0.728],[123.273,-0.729],[123.274,-0.7275],[123.292,-0.7315],[123.3065,-0.746],[123.3255,-0.742],[123.3315,-0.733],[123.346,-0.7295],[123.347,-0.7285],[123.356,-0.7245],[123.4205,-0.7135],[123.399,-0.694]]]},"properties":{"code":"72.01.19.2006","name":"Batu Simpang"}},{"type":"Feature","geometry":{"type":"Polygon","coordinates":[[[123.4265,-0.745],[123.445,-0.713],[123.433,-0.7095],[123.4205,-0.7135],[123.356,-0.7245],[123.347,-0.7285],[123.3475,-0.7285],[123.3485,-0.7305],[123.35,-0.731],[123.3585,-0.7335],[123.367,-0.7425],[123.382,-0.738],[123.393,-0.744],[123.4265,-0.745]]]},"properties":{"code":"72.01.19.2007","name":"Batu Mandi"}},{"type":"Feature","geometry":{"type":"Polygon","coordinates":[[[123.39,-0.6805],[123.384,-0.669],[123.4,-0.6575],[123.401,-0.6495],[123.3785,-0.661],[123.3665,-0.663],[123.3655,-0.6625],[123.3575,-0.67],[123.3365,-0.6705],[123.331,-0.672],[123.3005,-0.68],[123.2895,-0.6855],[123.29,-0.6895],[123.2905,-0.69],[123.332,-0.6825],[123.367,-0.679],[123.39,-0.6805]]]},"properties":{"code":"72.01.19.2008","name":"Pangkalaseang"}},{"type":"Feature","geometry":{"type":"Polygon","coordinates":[[[123.39,-0.6805],[123.367,-0.679],[123.332,-0.6825],[123.2905,-0.69],[123.29,-0.691],[123.292,-0.691],[123.295,-0.695],[123.297,-0.696],[123.297,-0.6965],[123.344,-0.6905],[123.3845,-0.6945],[123.399,-0.694],[123.39,-0.6805]]]},"properties":{"code":"72.01.19.2009","name":"Pangkalaseang Baru"}},{"type":"Feature","geometry":{"type":"Polygon","coordinates":[[[123.446,-0.753],[123.445,-0.7535],[123.442,-0.7545],[123.4175,-0.76],[123.4125,-0.759],[123.4105,-0.758],[123.4085,-0.7575],[123.408,-0.758],[123.4035,-0.7585],[123.3775,-0.7525],[123.3085,-0.7555],[123.3075,-0.7525],[123.3065,-0.752],[123.3005,-0.7555],[123.2745,-0.7555],[123.273,-0.757],[123.265,-0.763],[123.2655,-0.7635],[123.2665,-0.766],[123.267,-0.7675],[123.2665,-0.7725],[123.2665,-0.7745],[123.277,-0.7745],[123.2785,-0.7755],[123.28,-0.776],[123.282,-0.7765],[123.2845,-0.775],[123.29,-0.771],[123.2935,-0.7715],[123.31,-0.773],[123.3125,-0.774],[123.3465,-0.7815],[123.351,-0.7825],[123.3615,-0.782],[123.364,-0.7795],[123.365,-0.7795],[123.371,-0.777],[123.3865,-0.7805],[123.396,-0.7715],[123.411,-0.77],[123.4395,-0.7785],[123.4445,-0.7755],[123.4455,-0.7755],[123.4565,-0.767],[123.446,-0.753]]]},"properties":{"code":"72.01.19.2010","name":"Toweer"}},{"type":"Feature","geometry":{"type":"Polygon","coordinates":[[[122.793,-0.9645],[122.786,-0.9615],[122.785,-0.9655],[122.789,-0.9685],[122.793,-0.9645]]]},"properties":{"code":"72.01.20.1002","name":"Simpong"}},{"type":"Feature","geometry":{"type":"Polygon","coordinates":[[[122.786,-0.9605],[122.774,-0.9555],[122.7665,-0.9465],[122.75,-0.934],[122.7395,-0.917],[122.726,-0.912],[122.7195,-0.894],[122.718,-0.8945],[122.7055,-0.905],[122.697,-0.9155],[122.685,-0.9185],[122.6795,-0.9205],[122.7085,-0.9485],[122.74,-0.9755],[122.753,-0.9665],[122.774,-0.969],[122.7845,-0.965],[122.785,-0.9655],[122.786,-0.9615],[122.7855,-0.961],[122.786,-0.9605]]]},"properties":{"code":"72.01.20.1003","name":"Hanga Hanga"}},{"type":"Feature","geometry":{"type":"Polygon","coordinates":[[[122.794,-0.9585],[122.7865,-0.9605],[122.7855,-0.961],[122.786,-0.9615],[122.793,-0.9645],[122.794,-0.9585]]]},"properties":{"code":"72.01.20.1004","name":"Jole"}},{"type":"Feature","geometry":{"type":"Polygon","coordinates":[[[122.7845,-0.965],[122.774,-0.969],[122.7825,-0.9695],[122.7845,-0.965]]]},"properties":{"code":"72.01.20.1005","name":"Hanga-Hanga Permai"}},{"type":"Feature","geometry":{"type":"Polygon","coordinates":[[[122.785,-0.9655],[122.7845,-0.965],[122.7825,-0.9695],[122.785,-0.971],[122.788,-0.9705],[122.789,-0.9685],[122.785,-0.9655]]]},"properties":{"code":"72.01.20.1006","name":"Kompo"}},{"type":"Feature","geometry":{"type":"Polygon","coordinates":[[[122.774,-0.969],[122.753,-0.9665],[122.74,-0.9755],[122.754,-0.9855],[122.7815,-0.9755],[122.785,-0.971],[122.7825,-0.9695],[122.774,-0.969]]]},"properties":{"code":"72.01.20.1007","name":"Bukit Mambual"}},{"type":"Feature","geometry":{"type":"Polygon","coordinates":[[[122.796,-0.992],[122.7925,-0.9865],[122.784,-0.9955],[122.785,-0.9995],[122.796,-0.992]]]},"properties":{"code":"72.01.20.1008","name":"Tombang Permai"}},{"type":"Feature","geometry":{"type":"Polygon","coordinates":[[[122.74,-0.9755],[122.7085,-0.9485],[122.6795,-0.9205],[122.677,-0.922],[122.669,-0.9285],[122.6665,-0.9325],[122.665,-0.9325],[122.667,-0.9355],[122.6735,-0.943],[122.6825,-0.955],[122.708,-0.984],[122.718,-0.998],[122.735,-0.995],[122.7505,-1],[122.758,-1.007],[122.774,-1.007],[122.786,-1.005],[122.784,-0.9955],[122.7925,-0.9865],[122.788,-0.9705],[122.785,-0.971],[122.7815,-0.9755],[122.754,-0.9855],[122.74,-0.9755]]]},"properties":{"code":"72.01.20.1009","name":"Maahas"}},{"type":"Feature","geometry":{"type":"Polygon","coordinates":[[[122.7915,-1.013],[122.7985,-0.9995],[122.796,-0.992],[122.785,-0.9995],[122.786,-1.005],[122.774,-1.007],[122.7915,-1.013]]]},"properties":{"code":"72.01.20.1010","name":"Tanjung Tuwis"}},{"type":"Feature","geometry":{"type":"Polygon","coordinates":[[[122.665,-0.9325],[122.664,-0.9325],[122.663,-0.9335],[122.662,-0.9335],[122.659,-0.9355],[122.6575,-0.9355],[122.6565,-0.936],[122.658,-0.9385],[122.7415,-1.0365],[122.7585,-1.0555],[122.7675,-1.048],[122.7915,-1.013],[122.774,-1.007],[122.758,-1.007],[122.7505,-1],[122.735,-0.995],[122.718,-0.998],[122.708,-0.984],[122.6825,-0.955],[122.6735,-0.943],[122.667,-0.9355],[122.665,-0.9325]]]},"properties":{"code":"72.01.20.2001","name":"Bubung"}},{"type":"Feature","geometry":{"type":"Polygon","coordinates":[[[122.846,-0.929],[122.8245,-0.9175],[122.817,-0.9225],[122.827,-0.934],[122.8505,-0.9305],[122.846,-0.929]]]},"properties":{"code":"72.01.21.1010","name":"Kilongan"}},{"type":"Feature","geometry":{"type":"Polygon","coordinates":[[[122.846,-0.929],[122.8405,-0.926],[122.8355,-0.903],[122.8345,-0.9025],[122.824,-0.8985],[122.8255,-0.895],[122.824,-0.892],[122.8245,-0.8855],[122.821,-0.8765],[122.817,-0.8565],[122.8075,-0.844],[122.7905,-0.8585],[122.8025,-0.8945],[122.811,-0.8965],[122.813,-0.8985],[122.8215,-0.911],[122.822,-0.9125],[122.8215,-0.916],[122.823,-0.9165],[122.8245,-0.9175],[122.846,-0.929]]]},"properties":{"code":"72.01.21.1011","name":"Kilongan Permai"}},{"type":"Feature","geometry":{"type":"Polygon","coordinates":[[[122.8875,-0.893],[122.8835,-0.8945],[122.88,-0.903],[122.8785,-0.904],[122.8705,-0.8925],[122.87,-0.89],[122.8695,-0.8905],[122.867,-0.8925],[122.8645,-0.8925],[122.866,-0.9],[122.8675,-0.919],[122.8675,-0.923],[122.8865,-0.93],[122.887,-0.9275],[122.89,-0.924],[122.8925,-0.923],[122.893,-0.92],[122.8935,-0.9155],[122.894,-0.9105],[122.8925,-0.908],[122.892,-0.9055],[122.8875,-0.893]]]},"properties":{"code":"72.01.21.2001","name":"Biak"}},{"type":"Feature","geometry":{"type":"Polygon","coordinates":[[[122.911,-0.8705],[122.9085,-0.87],[122.908,-0.8705],[122.908,-0.872],[122.9075,-0.8735],[122.898,-0.8745],[122.899,-0.889],[122.889,-0.8905],[122.8875,-0.893],[122.892,-0.9055],[122.8925,-0.908],[122.894,-0.9105],[122.8935,-0.9155],[122.893,-0.92],[122.8925,-0.923],[122.89,-0.924],[122.887,-0.9275],[122.8865,-0.93],[122.9095,-0.9195],[122.9275,-0.918],[122.9425,-0.912],[122.929,-0.898],[122.9155,-0.8945],[122.911,-0.8705]]]},"properties":{"code":"72.01.21.2002","name":"Bunga"}},{"type":"Feature","geometry":{"type":"Polygon","coordinates":[[[122.9295,-0.856],[122.9295,-0.855],[122.932,-0.829],[122.9215,-0.8135],[122.909,-0.82],[122.9055,-0.818],[122.8925,-0.8175],[122.8805,-0.8385],[122.8675,-0.836],[122.8545,-0.844],[122.8605,-0.867],[122.858,-0.8695],[122.856,-0.8735],[122.8575,-0.879],[122.8615,-0.8845],[122.863,-0.887],[122.8635,-0.889],[122.8645,-0.891],[122.8645,-0.8925],[122.867,-0.8925],[122.8695,-0.8905],[122.87,-0.89],[122.8705,-0.8925],[122.8785,-0.904],[122.88,-0.903],[122.8835,-0.8945],[122.889,-0.8905],[122.899,-0.889],[122.898,-0.8745],[122.9075,-0.8735],[122.908,-0.872],[122.908,-0.8705],[122.9085,-0.87],[122.911,-0.8705],[122.9135,-0.8665],[122.916,-0.8645],[122.9185,-0.8635],[122.923,-0.8605],[122.9295,-0.856]]]},"properties":{"code":"72.01.21.2003","name":"Kamumu"}},{"type":"Feature","geometry":{"type":"Polygon","coordinates":[[[122.907,-0.8185],[122.895,-0.7955],[122.8935,-0.797],[122.8875,-0.7985],[122.873,-0.801],[122.8695,-0.8025],[122.86,-0.8105],[122.858,-0.811],[122.8555,-0.809],[122.8425,-0.813],[122.8415,-0.832],[122.8575,-0.833],[122.8545,-0.844],[122.8675,-0.836],[122.8805,-0.8385],[122.8925,-0.8175],[122.9055,-0.818],[122.907,-0.8185]]]},"properties":{"code":"72.01.21.2004","name":"Salodik"}},{"type":"Feature","geometry":{"type":"Polygon","coordinates":[[[122.9115,-0.78],[122.9035,-0.792],[122.895,-0.7955],[122.907,-0.8185],[122.909,-0.82],[122.9215,-0.8135],[122.916,-0.808],[122.9285,-0.785],[122.9275,-0.785],[122.9115,-0.78]]]},"properties":{"code":"72.01.21.2005","name":"Lenyek"}},{"type":"Feature","geometry":{"type":"Polygon","coordinates":[[[122.9385,-0.8615],[122.9325,-0.8575],[122.9295,-0.856],[122.923,-0.8605],[122.9185,-0.8635],[122.916,-0.8645],[122.9135,-0.8665],[122.911,-0.8705],[122.9155,-0.8945],[122.929,-0.898],[122.9425,-0.912],[122.9685,-0.9045],[122.9605,-0.896],[122.9575,-0.894],[122.9585,-0.8935],[122.96,-0.8915],[122.9575,-0.889],[122.956,-0.8875],[122.953,-0.884],[122.9525,-0.88],[122.947,-0.8765],[122.9465,-0.875],[122.9385,-0.8615]]]},"properties":{"code":"72.01.21.2006","name":"Buon Mandiri"}},{"type":"Feature","geometry":{"type":"Polygon","coordinates":[[[122.8545,-0.844],[122.8575,-0.833],[122.8415,-0.832],[122.8425,-0.813],[122.8415,-0.8185],[122.8275,-0.8275],[122.826,-0.828],[122.8255,-0.829],[122.826,-0.8305],[122.8325,-0.8335],[122.8315,-0.834],[122.8395,-0.8565],[122.8465,-0.8605],[122.849,-0.875],[122.856,-0.8735],[122.858,-0.8695],[122.8605,-0.867],[122.8545,-0.844]]]},"properties":{"code":"72.01.21.2007","name":"Boyou"}},{"type":"Feature","geometry":{"type":"Polygon","coordinates":[[[122.8575,-0.879],[122.849,-0.875],[122.8465,-0.8605],[122.8395,-0.8565],[122.8315,-0.834],[122.8325,-0.8335],[122.826,-0.8305],[122.8255,-0.829],[122.826,-0.828],[122.825,-0.8285],[122.8225,-0.8315],[122.8165,-0.838],[122.8335,-0.8595],[122.8325,-0.873],[122.8505,-0.924],[122.8565,-0.929],[122.8675,-0.923],[122.8675,-0.919],[122.866,-0.9],[122.864,-0.896],[122.8645,-0.891],[122.8635,-0.889],[122.863,-0.887],[122.8615,-0.8845],[122.8575,-0.879]]]},"properties":{"code":"72.01.21.2008","name":"Awu"}},{"type":"Feature","geometry":{"type":"Polygon","coordinates":[[[122.8565,-0.929],[122.8505,-0.924],[122.8325,-0.873],[122.8335,-0.8595],[122.8165,-0.838],[122.8075,-0.844],[122.817,-0.8565],[122.821,-0.8765],[122.8245,-0.8855],[122.824,-0.892],[122.8255,-0.895],[122.824,-0.8985],[122.8345,-0.9025],[122.8355,-0.903],[122.8405,-0.926],[122.846,-0.929],[122.8505,-0.9305],[122.8565,-0.929]]]},"properties":{"code":"72.01.21.2009","name":"Bumi Beringin"}},{"type":"Feature","geometry":{"type":"Polygon","coordinates":[[[123.2815,-0.9095],[123.2805,-0.9075],[123.278,-0.9035],[123.2755,-0.9015],[123.275,-0.901],[123.2735,-0.899],[123.273,-0.899],[123.271,-0.9],[123.27,-0.9005],[123.2665,-0.9015],[123.266,-0.907],[123.2655,-0.908],[123.261,-0.9115],[123.2585,-0.9145],[123.251,-0.92],[123.249,-0.9215],[123.243,-0.9315],[123.24,-0.934],[123.2415,-0.9375],[123.234,-0.9395],[123.228,-0.94],[123.225,-0.9395],[123.221,-0.9405],[123.2185,-0.95],[123.1925,-0.9715],[123.2125,-0.9935],[123.236,-1.0015],[123.237,-0.9975],[123.238,-0.9955],[123.24,-0.986],[123.2425,-0.978],[123.2545,-0.955],[123.2545,-0.9525],[123.2745,-0.9195],[123.274,-0.916],[123.2785,-0.9135],[123.279,-0.911],[123.2815,-0.9095]]]},"properties":{"code":"72.01.22.2001","name":"Pondan"}},{"type":"Feature","geometry":{"type":"Polygon","coordinates":[[[123.2815,-0.925],[123.283,-0.9235],[123.283,-0.9145],[123.282,-0.9135],[123.2825,-0.9115],[123.2825,-0.91],[123.2815,-0.91],[123.2815,-0.9095],[123.279,-0.911],[123.2785,-0.9135],[123.274,-0.916],[123.2745,-0.9195],[123.2545,-0.9525],[123.2545,-0.955],[123.2425,-0.978],[123.24,-0.986],[123.238,-0.9955],[123.237,-0.9975],[123.236,-1.0015],[123.2415,-1.006],[123.2485,-0.994],[123.249,-0.993],[123.2485,-0.986],[123.263,-0.955],[123.2665,-0.9515],[123.269,-0.946],[123.2815,-0.9345],[123.2825,-0.933],[123.2815,-0.925]]]},"properties":{"code":"72.01.22.2002","name":"Sobol"}},{"type":"Feature","geometry":{"type":"Polygon","coordinates":[[[123.2705,-0.956],[123.263,-0.955],[123.2485,-0.986],[123.249,-0.993],[123.2485,-0.994],[123.2415,-1.006],[123.2485,-1.0055],[123.265,-0.9795],[123.2735,-0.9695],[123.274,-0.966],[123.278,-0.96],[123.279,-0.9595],[123.28,-0.959],[123.279,-0.959],[123.2705,-0.956]]]},"properties":{"code":"72.01.22.2003","name":"Sobol Baru"}},{"type":"Feature","geometry":{"type":"Polygon","coordinates":[[[123.273,-1.004],[123.2815,-0.9895],[123.2795,-0.9795],[123.286,-0.962],[123.284,-0.9605],[123.282,-0.96],[123.28,-0.959],[123.279,-0.9595],[123.278,-0.96],[123.274,-0.966],[123.2735,-0.9695],[123.265,-0.9795],[123.2485,-1.0055],[123.249,-1.021],[123.26,-1.0385],[123.2645,-1.0185],[123.2655,-1.016],[123.267,-1.015],[123.2685,-1.011],[123.2705,-1.0075],[123.273,-1.004]]]},"properties":{"code":"72.01.22.2004","name":"Binotik"}},{"type":"Feature","geometry":{"type":"Polygon","coordinates":[[[123.3185,-0.952],[123.317,-0.952],[123.306,-0.9435],[123.292,-0.9415],[123.291,-0.9405],[123.2875,-0.927],[123.2815,-0.925],[123.2825,-0.933],[123.2815,-0.9345],[123.269,-0.946],[123.2665,-0.9515],[123.263,-0.955],[123.2705,-0.956],[123.279,-0.959],[123.2805,-0.959],[123.282,-0.96],[123.284,-0.9605],[123.292,-0.962],[123.295,-0.9655],[123.2945,-0.971],[123.2985,-0.971],[123.3175,-0.9785],[123.322,-0.979],[123.322,-0.976],[123.3215,-0.974],[123.32,-0.971],[123.322,-0.9575],[123.3215,-0.9555],[123.322,-0.955],[123.323,-0.954],[123.3185,-0.952]]]},"properties":{"code":"72.01.22.2005","name":"Garuga"}},{"type":"Feature","geometry":{"type":"Polygon","coordinates":[[[123.305,-1.0305],[123.294,-1.019],[123.268,-1.012],[123.267,-1.015],[123.2655,-1.016],[123.2645,-1.0185],[123.26,-1.0385],[123.2695,-1.0445],[123.304,-1.051],[123.3075,-1.0375],[123.305,-1.0305]]]},"properties":{"code":"72.01.22.2006","name":"Bollo"}},{"type":"Feature","geometry":{"type":"Polygon","coordinates":[[[123.338,-0.959],[123.3345,-0.9595],[123.3335,-0.957],[123.3305,-0.958],[123.3255,-0.9565],[123.323,-0.9545],[123.323,-0.954],[123.3215,-0.955],[123.3215,-0.9555],[123.322,-0.9575],[123.32,-0.971],[123.3215,-0.974],[123.322,-0.976],[123.322,-0.979],[123.3215,-0.979],[123.318,-0.983],[123.3155,-0.9845],[123.3125,-1.017],[123.305,-1.0305],[123.3075,-1.0375],[123.304,-1.051],[123.322,-1.05],[123.334,-1.046],[123.353,-1.033],[123.344,-1.027],[123.344,-1.026],[123.347,-1.0065],[123.339,-0.9885],[123.3435,-0.984],[123.3435,-0.9805],[123.3395,-0.98],[123.3385,-0.9775],[123.338,-0.9735],[123.338,-0.959]]]},"properties":{"code":"72.01.22.2007","name":"Sulubombong"}},{"type":"Feature","geometry":{"type":"Polygon","coordinates":[[[123.348,-0.962],[123.3435,-0.96],[123.338,-0.959],[123.338,-0.9735],[123.3385,-0.9775],[123.3395,-0.98],[123.3435,-0.9805],[123.3435,-0.984],[123.339,-0.9885],[123.347,-1.0065],[123.344,-1.026],[123.344,-1.027],[123.353,-1.033],[123.372,-1.0115],[123.3565,-0.9905],[123.348,-0.962]]]},"properties":{"code":"72.01.22.2008","name":"Boras"}},{"type":"Feature","geometry":{"type":"Polygon","coordinates":[[[123.378,-0.974],[123.3545,-0.9595],[123.348,-0.962],[123.3565,-0.9905],[123.372,-1.0115],[123.3795,-0.9885],[123.378,-0.974]]]},"properties":{"code":"72.01.22.2009","name":"Lonas"}},{"type":"Feature","geometry":{"type":"Polygon","coordinates":[[[123.3215,-0.979],[123.3175,-0.9785],[123.2985,-0.971],[123.2945,-0.971],[123.295,-0.9655],[123.292,-0.962],[123.286,-0.962],[123.2795,-0.9795],[123.2815,-0.9895],[123.273,-1.004],[123.2705,-1.0075],[123.2685,-1.011],[123.268,-1.012],[123.294,-1.019],[123.305,-1.0305],[123.3125,-1.017],[123.3155,-0.9845],[123.318,-0.983],[123.3215,-0.979]]]},"properties":{"code":"72.01.22.2010","name":"Bombongan"}},{"type":"Feature","geometry":{"type":"Polygon","coordinates":[[[122.73,-1.0845],[122.7275,-1.084],[122.7245,-1.0805],[122.7135,-1.062],[122.7115,-1.0615],[122.6855,-1.04],[122.6815,-1.038],[122.6735,-1.033],[122.6715,-1.031],[122.6565,-1.0205],[122.636,-0.9985],[122.627,-0.9855],[122.6195,-0.982],[122.61,-0.9655],[122.604,-0.9695],[122.6085,-0.9805],[122.622,-0.9895],[122.6335,-1.005],[122.6685,-1.037],[122.703,-1.06],[122.7045,-1.061],[122.7035,-1.0635],[122.703,-1.0655],[122.7055,-1.067],[122.7085,-1.0675],[122.716,-1.0775],[122.717,-1.081],[122.719,-1.084],[122.7215,-1.0855],[122.728,-1.0885],[122.73,-1.0845]]]},"properties":{"code":"72.01.23.1003","name":"Nambo Padang"}},{"type":"Feature","geometry":{"type":"Polygon","coordinates":[[[122.7325,-1.083],[122.7205,-1.062],[122.696,-1.0455],[122.6835,-1.0315],[122.671,-1.025],[122.6565,-1.0055],[122.635,-0.989],[122.6255,-0.974],[122.622,-0.969],[122.615,-0.9645],[122.61,-0.9655],[122.6195,-0.982],[122.627,-0.9855],[122.636,-0.9985],[122.6565,-1.0205],[122.6715,-1.031],[122.6735,-1.033],[122.6815,-1.038],[122.6855,-1.04],[122.7115,-1.0615],[122.7135,-1.062],[122.7245,-1.0805],[122.7275,-1.084],[122.73,-1.0845],[122.7325,-1.083]]]},"properties":{"code":"72.01.23.1004","name":"Nambo Bosaa"}},{"type":"Feature","geometry":{"type":"Polygon","coordinates":[[[122.741,-1.075],[122.734,-1.067],[122.727,-1.05],[122.7125,-1.039],[122.6995,-1.034],[122.6835,-1.021],[122.68,-1.01],[122.667,-0.997],[122.6395,-0.978],[122.6305,-0.9635],[122.6275,-0.9605],[122.6235,-0.958],[122.6215,-0.958],[122.6215,-0.964],[122.654,-0.9985],[122.6635,-1.0005],[122.6735,-1.021],[122.6915,-1.03],[122.7025,-1.0445],[122.718,-1.052],[122.721,-1.054],[122.7225,-1.056],[122.734,-1.0795],[122.741,-1.075]]]},"properties":{"code":"72.01.23.1005","name":"Nambo Lempek"}},{"type":"Feature","geometry":{"type":"Polygon","coordinates":[[[122.6215,-0.958],[122.6205,-0.9575],[122.615,-0.9645],[122.622,-0.969],[122.6255,-0.974],[122.635,-0.989],[122.6565,-1.0055],[122.671,-1.025],[122.6835,-1.0315],[122.696,-1.0455],[122.7205,-1.062],[122.7325,-1.083],[122.734,-1.0795],[122.7225,-1.056],[122.721,-1.054],[122.718,-1.052],[122.7025,-1.0445],[122.6915,-1.03],[122.6735,-1.021],[122.6635,-1.0005],[122.654,-0.9985],[122.6215,-0.964],[122.6215,-0.958]]]},"properties":{"code":"72.01.23.1006","name":"Nambo Lempek Baru"}},{"type":"Feature","geometry":{"type":"Polygon","coordinates":[[[122.604,-0.9695],[122.5905,-0.977],[122.589,-0.9825],[122.6035,-0.9995],[122.616,-1.009],[122.635,-1.0325],[122.65,-1.043],[122.66,-1.0445],[122.6705,-1.064],[122.6715,-1.0665],[122.6735,-1.0655],[122.679,-1.0655],[122.694,-1.0765],[122.696,-1.078],[122.699,-1.0785],[122.699,-1.0795],[122.725,-1.0945],[122.728,-1.0885],[122.7215,-1.0855],[122.719,-1.084],[122.717,-1.081],[122.716,-1.0775],[122.7085,-1.0675],[122.7055,-1.067],[122.703,-1.0655],[122.7035,-1.0635],[122.7045,-1.061],[122.703,-1.06],[122.6685,-1.037],[122.6335,-1.005],[122.622,-0.9895],[122.6085,-0.9805],[122.604,-0.9695]]]},"properties":{"code":"72.01.23.1007","name":"Lontio"}},{"type":"Feature","geometry":{"type":"Polygon","coordinates":[[[122.725,-1.0945],[122.699,-1.0795],[122.704,-1.0905],[122.7075,-1.093],[122.711,-1.0965],[122.7135,-1.0955],[122.7235,-1.099],[122.725,-1.0945]]]},"properties":{"code":"72.01.23.1008","name":"Lontio Baru"}},{"type":"Feature","geometry":{"type":"Polygon","coordinates":[[[122.7585,-1.0555],[122.7415,-1.0365],[122.658,-0.9385],[122.6565,-0.936],[122.6545,-0.9385],[122.653,-0.9405],[122.6515,-0.9415],[122.6465,-0.941],[122.6365,-0.9425],[122.629,-0.9545],[122.6415,-0.9695],[122.6525,-0.9765],[122.666,-0.992],[122.682,-1],[122.6855,-1.0145],[122.7375,-1.0485],[122.738,-1.0625],[122.7405,-1.073],[122.7425,-1.0745],[122.7585,-1.0555]]]},"properties":{"code":"72.01.23.2001","name":"Koyoan"}},{"type":"Feature","geometry":{"type":"Polygon","coordinates":[[[122.7425,-1.0745],[122.7405,-1.073],[122.738,-1.0625],[122.7375,-1.0485],[122.6855,-1.0145],[122.682,-1],[122.666,-0.992],[122.6525,-0.9765],[122.6415,-0.9695],[122.629,-0.9545],[122.626,-0.9575],[122.6235,-0.958],[122.6275,-0.9605],[122.6305,-0.9635],[122.6395,-0.978],[122.667,-0.997],[122.68,-1.01],[122.6835,-1.021],[122.6995,-1.034],[122.7125,-1.039],[122.727,-1.05],[122.734,-1.067],[122.741,-1.075],[122.7425,-1.0745]]]},"properties":{"code":"72.01.23.2002","name":"Koyoan Permai"}},{"type":"Feature","geometry":{"type":"Polygon","coordinates":[[[122.722,-1.102],[122.7055,-1.0985],[122.701,-1.0925],[122.681,-1.0815],[122.678,-1.0745],[122.663,-1.069],[122.616,-1.0215],[122.613,-1.0135],[122.5925,-1.0115],[122.5835,-0.9875],[122.5745,-0.9925],[122.579,-1.0125],[122.5865,-1.0175],[122.605,-1.0205],[122.629,-1.0415],[122.6325,-1.0515],[122.6335,-1.053],[122.6385,-1.056],[122.642,-1.057],[122.643,-1.0575],[122.6465,-1.0605],[122.6585,-1.068],[122.6675,-1.0825],[122.6815,-1.0885],[122.685,-1.097],[122.6875,-1.0985],[122.6905,-1.101],[122.6925,-1.1015],[122.707,-1.103],[122.7105,-1.1045],[122.7115,-1.1045],[122.717,-1.106],[122.7185,-1.1075],[122.722,-1.102]]]},"properties":{"code":"72.01.23.2009","name":"Padungnyo"}},{"type":"Feature","geometry":{"type":"MultiPolygon","coordinates":[[[[122.642,-1.057],[122.6385,-1.056],[122.6335,-1.053],[122.6425,-1.0625],[122.6675,-1.087],[122.6905,-1.1015],[122.6905,-1.101],[122.6875,-1.0985],[122.685,-1.097],[122.6815,-1.0885],[122.6675,-1.0825],[122.6585,-1.068],[122.6465,-1.0605],[122.643,-1.0575],[122.642,-1.057]]],[[[122.6325,-1.0515],[122.629,-1.0415],[122.605,-1.0205],[122.5865,-1.0175],[122.579,-1.0125],[122.5745,-0.9925],[122.569,-0.993],[122.574,-1.012],[122.589,-1.0225],[122.615,-1.033],[122.6225,-1.0445],[122.6315,-1.0505],[122.6325,-1.0515]]]]},"properties":{"code":"72.01.23.2010","name":"Sayambongin"}},{"type":"Feature","geometry":{"type":"Polygon","coordinates":[[[122.699,-1.0795],[122.699,-1.0785],[122.696,-1.078],[122.694,-1.0765],[122.679,-1.0655],[122.6735,-1.0655],[122.6715,-1.0665],[122.6705,-1.064],[122.66,-1.0445],[122.65,-1.043],[122.635,-1.0325],[122.616,-1.009],[122.6035,-0.9995],[122.589,-0.9825],[122.5835,-0.9875],[122.5925,-1.0115],[122.613,-1.0135],[122.616,-1.0215],[122.663,-1.069],[122.678,-1.0745],[122.681,-1.0815],[122.701,-1.0925],[122.7055,-1.0985],[122.722,-1.102],[122.7235,-1.099],[122.7135,-1.0955],[122.711,-1.0965],[122.7075,-1.093],[122.704,-1.0905],[122.699,-1.0795]]]},"properties":{"code":"72.01.23.2011","name":"Lumbe"}},{"type":"Feature","geometry":{"type":"Polygon","coordinates":[[[122.202,-1.334],[122.202,-1.3335],[122.1995,-1.331],[122.1965,-1.3295],[122.1845,-1.3205],[122.182,-1.316],[122.178,-1.3095],[122.1765,-1.3075],[122.1875,-1.2995],[122.1765,-1.289],[122.167,-1.263],[122.165,-1.2625],[122.164,-1.2655],[122.157,-1.265],[122.1575,-1.267],[122.1455,-1.265],[122.139,-1.2535],[122.139,-1.247],[122.1345,-1.243],[122.133,-1.2425],[122.132,-1.2425],[122.131,-1.242],[122.13,-1.243],[122.1265,-1.246],[122.1255,-1.246],[122.1225,-1.249],[122.111,-1.259],[122.1115,-1.2615],[122.127,-1.275],[122.1235,-1.286],[122.1255,-1.287],[122.1265,-1.289],[122.124,-1.3005],[122.1245,-1.3025],[122.1265,-1.3035],[122.1275,-1.3055],[122.129,-1.3165],[122.1295,-1.3185],[122.14,-1.3185],[122.1595,-1.327],[122.1625,-1.3485],[122.172,-1.363],[122.181,-1.363],[122.182,-1.3735],[122.1975,-1.383],[122.2105,-1.4],[122.2205,-1.399],[122.2275,-1.4075],[122.2295,-1.425],[122.25,-1.4285],[122.251,-1.4285],[122.2535,-1.4335],[122.2545,-1.435],[122.263,-1.444],[122.2615,-1.447],[122.261,-1.4505],[122.2615,-1.4525],[122.275,-1.4635],[122.28,-1.459],[122.2805,-1.4585],[122.2815,-1.458],[122.2825,-1.458],[122.284,-1.4575],[122.285,-1.457],[122.2855,-1.457],[122.287,-1.4575],[122.2875,-1.4565],[122.2885,-1.4555],[122.2895,-1.455],[122.291,-1.455],[122.2945,-1.454],[122.2965,-1.453],[122.3045,-1.4475],[122.304,-1.4455],[122.3015,-1.439],[122.271,-1.4285],[122.27,-1.42],[122.256,-1.41],[122.2505,-1.4115],[122.2325,-1.3965],[122.231,-1.3825],[122.2,-1.3565],[122.194,-1.347],[122.202,-1.334]]]},"properties":{"code":"72.01.24.2001","name":"Tolisu"}},{"type":"Feature","geometry":{"type":"Polygon","coordinates":[[[122.3105,-1.447],[122.305,-1.4485],[122.3045,-1.4475],[122.2965,-1.453],[122.2945,-1.454],[122.294,-1.454],[122.304,-1.4595],[122.306,-1.4605],[122.329,-1.4655],[122.33,-1.461],[122.318,-1.4515],[122.315,-1.451],[122.312,-1.4515],[122.3135,-1.4505],[122.314,-1.4495],[122.3115,-1.4475],[122.3105,-1.447]]]},"properties":{"code":"72.01.24.2002","name":"Mekar Kencana"}},{"type":"Feature","geometry":{"type":"Polygon","coordinates":[[[122.329,-1.4655],[122.306,-1.4605],[122.304,-1.4595],[122.294,-1.454],[122.291,-1.455],[122.2895,-1.455],[122.2895,-1.4555],[122.3,-1.4675],[122.307,-1.4655],[122.31,-1.4665],[122.3135,-1.468],[122.3175,-1.4665],[122.3215,-1.467],[122.3285,-1.468],[122.329,-1.4655]]]},"properties":{"code":"72.01.24.2003","name":"Marga Kencana"}},{"type":"Feature","geometry":{"type":"Polygon","coordinates":[[[122.2895,-1.4555],[122.2885,-1.4555],[122.2875,-1.4565],[122.287,-1.4575],[122.2855,-1.457],[122.285,-1.457],[122.284,-1.4575],[122.2825,-1.458],[122.2815,-1.458],[122.2805,-1.4585],[122.2825,-1.4595],[122.2865,-1.4605],[122.288,-1.4645],[122.3035,-1.473],[122.314,-1.471],[122.3275,-1.4735],[122.3285,-1.468],[122.3215,-1.467],[122.3175,-1.4665],[122.3135,-1.468],[122.31,-1.4665],[122.307,-1.4655],[122.3,-1.4675],[122.2895,-1.4555]]]},"properties":{"code":"72.01.24.2004","name":"Mulyasari"}},{"type":"Feature","geometry":{"type":"Polygon","coordinates":[[[122.3265,-1.4735],[122.314,-1.471],[122.3035,-1.473],[122.288,-1.4645],[122.2865,-1.4605],[122.2825,-1.4595],[122.2805,-1.4585],[122.28,-1.459],[122.275,-1.4635],[122.2775,-1.466],[122.284,-1.469],[122.287,-1.473],[122.2885,-1.474],[122.292,-1.474],[122.293,-1.4755],[122.2935,-1.4765],[122.294,-1.477],[122.2985,-1.4785],[122.3,-1.4795],[122.301,-1.4825],[122.3025,-1.4825],[122.303,-1.483],[122.3065,-1.4845],[122.308,-1.4855],[122.318,-1.49],[122.323,-1.492],[122.3265,-1.4735]]]},"properties":{"code":"72.01.24.2005","name":"Tirta Jaya"}},{"type":"Feature","geometry":{"type":"Polygon","coordinates":[[[122.323,-1.492],[122.318,-1.49],[122.308,-1.4855],[122.3065,-1.4845],[122.304,-1.493],[122.303,-1.497],[122.303,-1.502],[122.302,-1.504],[122.314,-1.5215],[122.315,-1.521],[122.3175,-1.524],[122.3185,-1.5255],[122.3405,-1.5235],[122.3465,-1.5175],[122.3435,-1.518],[122.3485,-1.517],[122.3485,-1.515],[122.3475,-1.5125],[122.3465,-1.5125],[122.3465,-1.511],[122.3465,-1.5105],[122.346,-1.51],[122.338,-1.495],[122.328,-1.4935],[122.323,-1.492]]]},"properties":{"code":"72.01.24.2006","name":"Saribuana"}},{"type":"Feature","geometry":{"type":"Polygon","coordinates":[[[122.314,-1.5215],[122.302,-1.504],[122.3,-1.506],[122.2875,-1.512],[122.2985,-1.5265],[122.3025,-1.5295],[122.3125,-1.522],[122.314,-1.5215]]]},"properties":{"code":"72.01.24.2007","name":"Tohitisari"}},{"type":"Feature","geometry":{"type":"Polygon","coordinates":[[[122.2075,-1.3375],[122.2065,-1.337],[122.205,-1.3355],[122.202,-1.334],[122.194,-1.347],[122.2,-1.3565],[122.231,-1.3825],[122.2325,-1.3965],[122.2505,-1.4115],[122.256,-1.41],[122.27,-1.42],[122.271,-1.4285],[122.3015,-1.439],[122.304,-1.4455],[122.305,-1.4485],[122.3105,-1.447],[122.304,-1.4415],[122.3035,-1.438],[122.3015,-1.4355],[122.3015,-1.434],[122.306,-1.42],[122.2775,-1.407],[122.26,-1.4035],[122.2455,-1.3825],[122.238,-1.38],[122.2295,-1.368],[122.209,-1.3465],[122.2075,-1.3375]]]},"properties":{"code":"72.01.24.2008","name":"Sindang Baru"}},{"type":"Feature","geometry":{"type":"Polygon","coordinates":[[[122.2615,-1.4525],[122.261,-1.4505],[122.2615,-1.447],[122.263,-1.444],[122.2545,-1.435],[122.2535,-1.4335],[122.251,-1.4285],[122.25,-1.4285],[122.2295,-1.425],[122.2275,-1.4075],[122.2205,-1.399],[122.2105,-1.4],[122.1975,-1.383],[122.182,-1.3735],[122.181,-1.363],[122.172,-1.363],[122.1625,-1.3485],[122.1595,-1.327],[122.14,-1.3185],[122.1295,-1.3185],[122.13,-1.3195],[122.1315,-1.3235],[122.1195,-1.3305],[122.1205,-1.332],[122.1295,-1.3465],[122.1295,-1.347],[122.138,-1.349],[122.152,-1.3605],[122.154,-1.3625],[122.1545,-1.369],[122.1665,-1.3855],[122.1675,-1.388],[122.1715,-1.3895],[122.1735,-1.39],[122.181,-1.3985],[122.179,-1.4215],[122.188,-1.444],[122.221,-1.4425],[122.2465,-1.4595],[122.2615,-1.4525]]]},"properties":{"code":"72.01.24.2009","name":"Bukit Jaya"}},{"type":"Feature","geometry":{"type":"Polygon","coordinates":[[[122.2615,-1.4525],[122.2465,-1.4595],[122.221,-1.4425],[122.188,-1.444],[122.179,-1.4215],[122.181,-1.3985],[122.1735,-1.39],[122.1715,-1.3895],[122.1675,-1.388],[122.1665,-1.3855],[122.1545,-1.369],[122.154,-1.3625],[122.152,-1.3605],[122.138,-1.349],[122.1295,-1.347],[122.1285,-1.347],[122.1165,-1.3685],[122.115,-1.3705],[122.1105,-1.376],[122.11,-1.3765],[122.1235,-1.3875],[122.13,-1.391],[122.1435,-1.405],[122.1415,-1.4125],[122.16,-1.4225],[122.1765,-1.4555],[122.179,-1.458],[122.1825,-1.4595],[122.2055,-1.4655],[122.207,-1.4645],[122.2185,-1.474],[122.221,-1.4815],[122.2215,-1.48],[122.2205,-1.4735],[122.2525,-1.472],[122.2615,-1.4775],[122.2695,-1.4775],[122.27,-1.487],[122.271,-1.489],[122.264,-1.498],[122.263,-1.501],[122.2665,-1.503],[122.267,-1.505],[122.2665,-1.507],[122.2685,-1.509],[122.27,-1.509],[122.2735,-1.513],[122.2755,-1.515],[122.276,-1.5165],[122.278,-1.5165],[122.281,-1.5155],[122.2855,-1.5125],[122.286,-1.5115],[122.2875,-1.512],[122.3,-1.506],[122.303,-1.502],[122.303,-1.497],[122.304,-1.493],[122.3065,-1.4845],[122.303,-1.483],[122.3025,-1.4825],[122.301,-1.4825],[122.3,-1.4795],[122.2985,-1.4785],[122.294,-1.477],[122.2935,-1.4765],[122.293,-1.4755],[122.292,-1.474],[122.2885,-1.474],[122.287,-1.473],[122.284,-1.469],[122.2775,-1.466],[122.275,-1.4635],[122.2615,-1.4525]]]},"properties":{"code":"72.01.24.2010","name":"Piondo"}}]}