{"type":"FeatureCollection","features":[{"type":"Feature","geometry":{"type":"Polygon","coordinates":[[[136.8895,-4.5475],[136.8685,-4.5425],[136.8635,-4.545],[136.853,-4.559],[136.852,-4.56],[136.8515,-4.563],[136.8515,-4.564],[136.859,-4.5645],[136.863,-4.5645],[136.8805,-4.566],[136.8855,-4.567],[136.8875,-4.567],[136.8895,-4.5475]]]},"properties":{"code":"94.04.01.1001","name":"Koperapoka","latitude":-4.55588872118952,"longitude":136.87234796378218}},{"type":"Feature","geometry":{"type":"Polygon","coordinates":[[[136.9,-4.5405],[136.9,-4.54],[136.8985,-4.538],[136.8945,-4.541],[136.8895,-4.5415],[136.8895,-4.5435],[136.8895,-4.5475],[136.896,-4.549],[136.897,-4.549],[136.8975,-4.549],[136.898,-4.549],[136.9,-4.545],[136.9005,-4.544],[136.9,-4.5405]]]},"properties":{"code":"94.04.01.1002","name":"Kwamki","latitude":-4.543887669134127,"longitude":136.8952156546495}},{"type":"Feature","geometry":{"type":"Polygon","coordinates":[[[136.869,-4.4985],[136.869,-4.4955],[136.869,-4.493],[136.8475,-4.493],[136.846,-4.5115],[136.8465,-4.512],[136.857,-4.523],[136.856,-4.5205],[136.856,-4.5195],[136.857,-4.518],[136.858,-4.5155],[136.859,-4.515],[136.86,-4.5135],[136.863,-4.5125],[136.864,-4.508],[136.8645,-4.5075],[136.869,-4.4985]]]},"properties":{"code":"94.04.01.1003","name":"Timika Jaya","latitude":-4.504225616291095,"longitude":136.85646889007722}},{"type":"Feature","geometry":{"type":"Polygon","coordinates":[[[136.898,-4.549],[136.8975,-4.549],[136.897,-4.549],[136.896,-4.549],[136.8895,-4.5475],[136.8875,-4.567],[136.899,-4.5685],[136.897,-4.56],[136.8965,-4.557],[136.8985,-4.554],[136.898,-4.549]]]},"properties":{"code":"94.04.01.1007","name":"Sempan","latitude":-4.558751751707257,"longitude":136.89324792841416}},{"type":"Feature","geometry":{"type":"Polygon","coordinates":[[[136.8875,-4.567],[136.8845,-4.5715],[136.8745,-4.586],[136.899,-4.5925],[136.8975,-4.591],[136.898,-4.588],[136.9015,-4.581],[136.902,-4.58],[136.9005,-4.5735],[136.899,-4.5685],[136.8875,-4.567]]]},"properties":{"code":"94.04.01.1008","name":"Pasar Sentral","latitude":-4.579638910106082,"longitude":136.89002059065598}},{"type":"Feature","geometry":{"type":"Polygon","coordinates":[[[137.178,-4.505],[137.1505,-4.5045],[137.11,-4.5045],[137.111,-4.509],[137.1175,-4.516],[137.1235,-4.519],[137.1155,-4.539],[137.119,-4.55],[137.1085,-4.588],[137.1135,-4.5975],[137.1115,-4.616],[137.118,-4.628],[137.1175,-4.6485],[137.1335,-4.666],[137.1225,-4.6755],[137.1265,-4.6855],[137.123,-4.7125],[137.138,-4.7245],[137.1405,-4.7335],[137.143,-4.7345],[137.145,-4.7375],[137.147,-4.737],[137.1475,-4.74],[137.1475,-4.741],[137.147,-4.7415],[137.3265,-4.8035],[137.331,-4.744],[137.336,-4.7135],[137.338,-4.6915],[137.333,-4.674],[137.3335,-4.6575],[137.338,-4.6345],[137.341,-4.5935],[137.3405,-4.5705],[137.3455,-4.5585],[137.353,-4.5075],[137.2815,-4.5065],[137.178,-4.505]]]},"properties":{"code":"94.04.01.1009","name":"Wanagon","latitude":-4.634079898163457,"longitude":137.23387254207827}},{"type":"Feature","geometry":{"type":"Polygon","coordinates":[[[136.957,-4.4555],[136.8945,-4.4555],[136.895,-4.462],[136.8925,-4.4755],[136.892,-4.48],[136.8925,-4.4815],[136.8925,-4.4845],[136.891,-4.5065],[136.892,-4.526],[136.8965,-4.532],[136.899,-4.536],[136.8995,-4.537],[136.9005,-4.5445],[136.8985,-4.5475],[136.8975,-4.551],[136.8985,-4.554],[136.8965,-4.557],[136.897,-4.56],[136.899,-4.5685],[136.9005,-4.5735],[136.902,-4.58],[136.9015,-4.581],[136.898,-4.588],[136.8975,-4.591],[136.899,-4.5925],[136.907,-4.5945],[136.949,-4.607],[136.9455,-4.588],[136.9445,-4.5785],[136.9495,-4.5735],[136.949,-4.556],[136.941,-4.547],[136.9405,-4.545],[136.948,-4.522],[136.955,-4.513],[136.956,-4.5085],[136.9525,-4.501],[136.9555,-4.4675],[136.9555,-4.4655],[136.9565,-4.4595],[136.957,-4.4575],[136.9575,-4.4565],[136.957,-4.4555]]]},"properties":{"code":"94.04.01.1010","name":"Kebun Sirih","latitude":-4.52271327362531,"longitude":136.92325562776327}},{"type":"Feature","geometry":{"type":"Polygon","coordinates":[[[136.857,-4.523],[136.8465,-4.512],[136.8455,-4.5125],[136.843,-4.515],[136.843,-4.516],[136.842,-4.536],[136.842,-4.542],[136.843,-4.544],[136.8395,-4.5635],[136.842,-4.563],[136.8455,-4.564],[136.8515,-4.564],[136.8515,-4.563],[136.852,-4.56],[136.853,-4.559],[136.8635,-4.545],[136.8695,-4.5415],[136.8705,-4.5395],[136.87,-4.5395],[136.8625,-4.53],[136.857,-4.523]]]},"properties":{"code":"94.04.01.1011","name":"Otomona","latitude":-4.539367239054846,"longitude":136.85152914281895}},{"type":"Feature","geometry":{"type":"Polygon","coordinates":[[[136.8205,-4.493],[136.7965,-4.493],[136.7965,-4.53],[136.842,-4.533],[136.843,-4.5155],[136.8435,-4.5145],[136.846,-4.5115],[136.8475,-4.493],[136.8205,-4.493]]]},"properties":{"code":"94.04.01.1012","name":"Perintis","latitude":-4.51198061472008,"longitude":136.82105376825714}},{"type":"Feature","geometry":{"type":"Polygon","coordinates":[[[136.8395,-4.5635],[136.8345,-4.563],[136.859,-4.582],[136.8745,-4.586],[136.8845,-4.5715],[136.8855,-4.567],[136.8805,-4.566],[136.863,-4.5645],[136.859,-4.5645],[136.846,-4.564],[136.842,-4.563],[136.8395,-4.5635]]]},"properties":{"code":"94.04.01.1013","name":"Dingo Narama","latitude":-4.57237730905436,"longitude":136.86397101960262}},{"type":"Feature","geometry":{"type":"Polygon","coordinates":[[[136.866,-4.5105],[136.8645,-4.5075],[136.864,-4.508],[136.863,-4.5125],[136.86,-4.5135],[136.859,-4.515],[136.858,-4.5155],[136.857,-4.518],[136.856,-4.5195],[136.856,-4.5205],[136.857,-4.523],[136.8625,-4.53],[136.87,-4.5395],[136.8705,-4.5395],[136.8895,-4.5425],[136.8895,-4.5415],[136.8945,-4.541],[136.8985,-4.538],[136.9,-4.54],[136.9,-4.5405],[136.8995,-4.5365],[136.897,-4.5325],[136.896,-4.531],[136.8685,-4.5145],[136.866,-4.5105]]]},"properties":{"code":"94.04.01.1014","name":"Timika Indah","latitude":-4.528631148727123,"longitude":136.87599816091685}},{"type":"Feature","geometry":{"type":"Polygon","coordinates":[[[137.11,-4.5045],[137.07,-4.5045],[137.055,-4.5125],[137.0455,-4.523],[137.014,-4.546],[137.0085,-4.545],[136.951,-4.546],[136.9405,-4.546],[136.941,-4.547],[136.949,-4.556],[136.9495,-4.5735],[136.9445,-4.5785],[136.9455,-4.588],[136.949,-4.607],[136.976,-4.615],[136.978,-4.6195],[136.9765,-4.6825],[136.979,-4.683],[137.0305,-4.701],[137.147,-4.7415],[137.1475,-4.741],[137.1475,-4.74],[137.147,-4.737],[137.145,-4.7375],[137.143,-4.7345],[137.1405,-4.7335],[137.138,-4.7245],[137.123,-4.7125],[137.1265,-4.6855],[137.1225,-4.6755],[137.1335,-4.666],[137.1175,-4.6485],[137.118,-4.628],[137.1115,-4.616],[137.1135,-4.5975],[137.1085,-4.588],[137.119,-4.55],[137.1155,-4.539],[137.1235,-4.519],[137.1175,-4.516],[137.111,-4.509],[137.11,-4.5045]]]},"properties":{"code":"94.04.01.2004","name":"Nayaro","latitude":-4.615553799264653,"longitude":137.0496697893353}},{"type":"Feature","geometry":{"type":"Polygon","coordinates":[[[136.842,-4.533],[136.7965,-4.53],[136.7965,-4.5405],[136.82,-4.554],[136.8345,-4.563],[136.8395,-4.5635],[136.843,-4.544],[136.842,-4.542],[136.842,-4.533]]]},"properties":{"code":"94.04.01.2005","name":"Minabua","latitude":-4.543669866758873,"longitude":136.82290599769078}},{"type":"Feature","geometry":{"type":"Polygon","coordinates":[[[136.8895,-4.5425],[136.8705,-4.5395],[136.8695,-4.5415],[136.8685,-4.5425],[136.8895,-4.5475],[136.8895,-4.5435],[136.8895,-4.5425]]]},"properties":{"code":"94.04.01.2006","name":"Hangaitji","latitude":-4.5436669102116225,"longitude":136.87938469843596}},{"type":"Feature","geometry":{"type":"Polygon","coordinates":[[[137.491,-4.422],[137.449,-4.421],[137.4175,-4.4215],[137.4145,-4.4215],[137.4215,-4.4285],[137.4305,-4.4365],[137.4395,-4.451],[137.46,-4.4685],[137.465,-4.4775],[137.467,-4.48],[137.474,-4.4845],[137.4825,-4.5],[137.484,-4.504],[137.4795,-4.5225],[137.4625,-4.5305],[137.4555,-4.553],[137.4545,-4.5675],[137.4465,-4.605],[137.4525,-4.6455],[137.4435,-4.671],[137.5255,-4.637],[137.5585,-4.63],[137.5715,-4.6275],[137.5685,-4.615],[137.579,-4.584],[137.5965,-4.5725],[137.6145,-4.549],[137.6275,-4.522],[137.642,-4.502],[137.633,-4.4915],[137.6325,-4.468],[137.6325,-4.4635],[137.619,-4.4355],[137.6175,-4.433],[137.618,-4.431],[137.5995,-4.4215],[137.562,-4.4215],[137.491,-4.422]]]},"properties":{"code":"94.04.02.2001","name":"Kiliarma","latitude":-4.5240277504999105,"longitude":137.53147420893518}},{"type":"Feature","geometry":{"type":"Polygon","coordinates":[[[137.507,-4.7965],[137.51,-4.7925],[137.521,-4.742],[137.5165,-4.6725],[137.5315,-4.636],[137.5255,-4.637],[137.4435,-4.671],[137.4395,-4.683],[137.416,-4.7005],[137.4015,-4.6915],[137.3905,-4.7155],[137.3835,-4.737],[137.363,-4.7395],[137.3445,-4.7455],[137.336,-4.7135],[137.331,-4.744],[137.3265,-4.8035],[137.3555,-4.82],[137.4265,-4.861],[137.4355,-4.854],[137.438,-4.836],[137.4595,-4.827],[137.4645,-4.8155],[137.4745,-4.8215],[137.4865,-4.815],[137.4775,-4.8065],[137.507,-4.7965]]]},"properties":{"code":"94.04.02.2002","name":"Amungun","latitude":-4.754635474002005,"longitude":137.43500384338546}},{"type":"Feature","geometry":{"type":"Polygon","coordinates":[[[137.646,-4.6765],[137.6485,-4.663],[137.655,-4.652],[137.667,-4.643],[137.674,-4.6275],[137.6865,-4.6095],[137.7005,-4.598],[137.7045,-4.5885],[137.6775,-4.5775],[137.676,-4.5655],[137.664,-4.546],[137.652,-4.54],[137.646,-4.525],[137.6475,-4.5135],[137.642,-4.502],[137.6275,-4.522],[137.6145,-4.549],[137.5965,-4.5725],[137.579,-4.584],[137.5685,-4.615],[137.5775,-4.652],[137.6,-4.6995],[137.6145,-4.695],[137.646,-4.6765]]]},"properties":{"code":"94.04.02.2003","name":"Aramsolki","latitude":-4.60914183380055,"longitude":137.62872448382444}},{"type":"Feature","geometry":{"type":"Polygon","coordinates":[[[137.507,-4.7965],[137.4775,-4.8065],[137.4865,-4.815],[137.4745,-4.8215],[137.4645,-4.8155],[137.4595,-4.827],[137.438,-4.836],[137.4355,-4.854],[137.4265,-4.861],[137.5195,-4.915],[137.543,-4.846],[137.5485,-4.829],[137.5565,-4.805],[137.5585,-4.799],[137.507,-4.7965]]]},"properties":{"code":"94.04.02.2004","name":"Fakafuku","latitude":-4.848295763770798,"longitude":137.49820280626955}},{"type":"Feature","geometry":{"type":"Polygon","coordinates":[[[137.6,-4.6995],[137.5775,-4.652],[137.5715,-4.6275],[137.5585,-4.63],[137.5315,-4.636],[137.5165,-4.6725],[137.521,-4.742],[137.51,-4.7925],[137.507,-4.7965],[137.5585,-4.799],[137.5615,-4.791],[137.587,-4.7165],[137.6,-4.6995]]]},"properties":{"code":"94.04.02.2005","name":"Masasimamo","latitude":-4.7132949991896,"longitude":137.5501431211249}},{"type":"Feature","geometry":{"type":"Polygon","coordinates":[[[137.818,-4.4225],[137.7665,-4.421],[137.758,-4.4215],[137.6685,-4.421],[137.6625,-4.4215],[137.5995,-4.4215],[137.618,-4.431],[137.6175,-4.433],[137.619,-4.4355],[137.6325,-4.4635],[137.6325,-4.468],[137.633,-4.4915],[137.642,-4.502],[137.6475,-4.5135],[137.646,-4.525],[137.652,-4.54],[137.664,-4.546],[137.676,-4.5655],[137.6775,-4.5775],[137.7045,-4.5885],[137.7005,-4.598],[137.6865,-4.6095],[137.674,-4.6275],[137.667,-4.643],[137.655,-4.652],[137.6485,-4.663],[137.646,-4.6765],[137.7305,-4.676],[137.731,-4.6465],[137.768,-4.6465],[137.765,-4.6445],[137.756,-4.6345],[137.7545,-4.6335],[137.74,-4.5955],[137.742,-4.593],[137.744,-4.584],[137.744,-4.583],[137.746,-4.5805],[137.7465,-4.5795],[137.75,-4.579],[137.7515,-4.579],[137.769,-4.583],[137.7715,-4.585],[137.785,-4.5865],[137.7865,-4.586],[137.8105,-4.5835],[137.8205,-4.5865],[137.844,-4.5835],[137.8615,-4.573],[137.874,-4.576],[137.89,-4.5895],[137.9245,-4.5945],[137.924,-4.593],[137.9195,-4.5915],[137.8915,-4.575],[137.8875,-4.5735],[137.8775,-4.573],[137.854,-4.552],[137.8295,-4.5415],[137.827,-4.536],[137.834,-4.5145],[137.8325,-4.505],[137.844,-4.4735],[137.844,-4.472],[137.8435,-4.471],[137.845,-4.4615],[137.8555,-4.4515],[137.856,-4.444],[137.865,-4.428],[137.865,-4.424],[137.818,-4.4225]]]},"properties":{"code":"94.04.02.2006","name":"Emogoma","latitude":-4.521419571626027,"longitude":137.7402634301572}},{"type":"Feature","geometry":{"type":"Polygon","coordinates":[[[137.4145,-4.4215],[137.4035,-4.421],[137.3755,-4.421],[137.3735,-4.4255],[137.3685,-4.4515],[137.353,-4.5075],[137.3455,-4.5585],[137.3405,-4.5705],[137.341,-4.5935],[137.338,-4.6345],[137.3335,-4.6575],[137.333,-4.674],[137.338,-4.6915],[137.336,-4.7135],[137.3445,-4.7455],[137.363,-4.7395],[137.3835,-4.737],[137.3905,-4.7155],[137.4015,-4.6915],[137.416,-4.7005],[137.4395,-4.683],[137.4435,-4.671],[137.4525,-4.6455],[137.4465,-4.605],[137.4545,-4.5675],[137.4555,-4.553],[137.4625,-4.5305],[137.4795,-4.5225],[137.484,-4.504],[137.4825,-4.5],[137.474,-4.4845],[137.467,-4.48],[137.465,-4.4775],[137.46,-4.4685],[137.4395,-4.451],[137.4305,-4.4365],[137.4215,-4.4285],[137.4145,-4.4215]]]},"properties":{"code":"94.04.02.2007","name":"Emkoma Halama","latitude":-4.5761807354005954,"longitude":137.39851185562472}},{"type":"Feature","geometry":{"type":"Polygon","coordinates":[[[137.9245,-4.5945],[137.89,-4.5895],[137.874,-4.576],[137.8615,-4.573],[137.844,-4.5835],[137.8205,-4.5865],[137.8105,-4.5835],[137.7865,-4.586],[137.785,-4.5865],[137.7715,-4.585],[137.769,-4.583],[137.7515,-4.579],[137.75,-4.579],[137.7465,-4.5795],[137.746,-4.5805],[137.744,-4.583],[137.744,-4.584],[137.742,-4.593],[137.74,-4.5955],[137.7545,-4.6335],[137.756,-4.6345],[137.765,-4.6445],[137.768,-4.6465],[137.783,-4.6465],[137.7845,-4.6465],[137.8275,-4.6455],[137.8075,-4.6185],[137.8275,-4.597],[137.8655,-4.5975],[137.9085,-4.6035],[137.925,-4.6015],[137.9245,-4.5945]]]},"properties":{"code":"94.04.02.2008","name":"Hinat Untung","latitude":-4.607437000934733,"longitude":137.8051458124673}},{"type":"Feature","geometry":{"type":"Polygon","coordinates":[[[136.8265,-4.6725],[136.797,-4.6715],[136.797,-4.6445],[136.763,-4.6715],[136.7915,-4.6875],[136.803,-4.7055],[136.83,-4.7065],[136.8295,-4.7025],[136.8355,-4.698],[136.8305,-4.6725],[136.8265,-4.6725]]]},"properties":{"code":"94.04.03.1001","name":"Wania","latitude":-4.680620801235132,"longitude":136.803068610783}},{"type":"Feature","geometry":{"type":"Polygon","coordinates":[[[136.7275,-4.8095],[136.7275,-4.782],[136.7335,-4.7435],[136.729,-4.708],[136.7305,-4.663],[136.7355,-4.6345],[136.732,-4.617],[136.735,-4.607],[136.7095,-4.607],[136.708,-4.6115],[136.7085,-4.6335],[136.712,-4.6605],[136.7085,-4.707],[136.713,-4.724],[136.713,-4.755],[136.712,-4.758],[136.7075,-4.763],[136.704,-4.7905],[136.6945,-4.804],[136.6885,-4.8235],[136.6835,-4.8255],[136.687,-4.844],[136.7255,-4.861],[136.736,-4.8705],[136.752,-4.873],[136.753,-4.8575],[136.761,-4.836],[136.768,-4.8295],[136.77,-4.8135],[136.7695,-4.8095],[136.772,-4.8],[136.7705,-4.8015],[136.766,-4.809],[136.7275,-4.8095]]]},"properties":{"code":"94.04.03.2002","name":"Kaugapa","latitude":-4.767327213323831,"longitude":136.7237657743423}},{"type":"Feature","geometry":{"type":"Polygon","coordinates":[[[136.7885,-4.749],[136.757,-4.713],[136.7295,-4.6935],[136.729,-4.708],[136.7335,-4.7435],[136.7275,-4.782],[136.7275,-4.8095],[136.766,-4.809],[136.7705,-4.8015],[136.772,-4.8],[136.7835,-4.765],[136.7885,-4.749]]]},"properties":{"code":"94.04.03.2003","name":"Poumako","latitude":-4.759590247027726,"longitude":136.75278041113063}},{"type":"Feature","geometry":{"type":"Polygon","coordinates":[[[136.8785,-4.6725],[136.8355,-4.672],[136.8305,-4.6725],[136.8355,-4.698],[136.8295,-4.7025],[136.83,-4.7065],[136.847,-4.707],[136.8535,-4.6985],[136.871,-4.7005],[136.8785,-4.6725]]]},"properties":{"code":"94.04.03.2004","name":"Tipuka","latitude":-4.68732577790504,"longitude":136.85263678989057}},{"type":"Feature","geometry":{"type":"Polygon","coordinates":[[[136.797,-4.6195],[136.761,-4.6075],[136.735,-4.607],[136.732,-4.617],[136.7355,-4.6345],[136.7305,-4.663],[136.7295,-4.6855],[136.763,-4.6715],[136.797,-4.6445],[136.797,-4.6195]]]},"properties":{"code":"94.04.03.2005","name":"Muare","latitude":-4.640829522245343,"longitude":136.75957832107102}},{"type":"Feature","geometry":{"type":"Polygon","coordinates":[[[136.803,-4.7055],[136.7915,-4.6875],[136.763,-4.6715],[136.7295,-4.6855],[136.7295,-4.6935],[136.757,-4.713],[136.7885,-4.749],[136.7965,-4.725],[136.803,-4.7055]]]},"properties":{"code":"94.04.03.2006","name":"Hiripau","latitude":-4.703692501260882,"longitude":136.77123712615045}},{"type":"Feature","geometry":{"type":"Polygon","coordinates":[[[136.444,-4.711],[136.4425,-4.711],[136.4385,-4.706],[136.438,-4.704],[136.4385,-4.701],[136.436,-4.701],[136.4325,-4.7025],[136.4265,-4.7085],[136.4265,-4.709],[136.426,-4.714],[136.4325,-4.7155],[136.434,-4.7165],[136.435,-4.72],[136.4365,-4.732],[136.449,-4.729],[136.462,-4.732],[136.4695,-4.7145],[136.444,-4.711]]]},"properties":{"code":"94.04.04.2001","name":"Kokonao","latitude":-4.721476865717526,"longitude":136.44628796997043}},{"type":"Feature","geometry":{"type":"Polygon","coordinates":[[[136.5485,-4.578],[136.5345,-4.5945],[136.531,-4.594],[136.5165,-4.593],[136.5135,-4.595],[136.5115,-4.5925],[136.5095,-4.5945],[136.504,-4.5915],[136.503,-4.5925],[136.501,-4.591],[136.5,-4.5865],[136.4975,-4.5825],[136.4955,-4.5815],[136.4915,-4.581],[136.4905,-4.5795],[136.491,-4.578],[136.4935,-4.5755],[136.492,-4.572],[136.4875,-4.573],[136.4825,-4.5605],[136.482,-4.5565],[136.4815,-4.554],[136.462,-4.542],[136.4605,-4.5435],[136.4595,-4.545],[136.4585,-4.545],[136.454,-4.546],[136.451,-4.548],[136.448,-4.5505],[136.4485,-4.5515],[136.437,-4.564],[136.443,-4.5815],[136.445,-4.585],[136.449,-4.5945],[136.4435,-4.6045],[136.4405,-4.624],[136.4305,-4.6355],[136.4355,-4.641],[136.4375,-4.64],[136.442,-4.6485],[136.4455,-4.648],[136.445,-4.662],[136.4495,-4.6815],[136.4595,-4.683],[136.4525,-4.699],[136.448,-4.701],[136.4465,-4.7025],[136.4445,-4.7035],[136.4395,-4.701],[136.4385,-4.701],[136.438,-4.704],[136.4385,-4.706],[136.4425,-4.711],[136.444,-4.711],[136.4695,-4.7145],[136.487,-4.687],[136.515,-4.654],[136.5385,-4.6135],[136.5405,-4.607],[136.5465,-4.5845],[136.5485,-4.578]]]},"properties":{"code":"94.04.04.2002","name":"Migiwia","latitude":-4.6250118447383395,"longitude":136.47924693057914}},{"type":"Feature","geometry":{"type":"Polygon","coordinates":[[[136.523,-4.3105],[136.5185,-4.3065],[136.516,-4.3075],[136.5085,-4.31],[136.5015,-4.3135],[136.4895,-4.313],[136.4855,-4.3165],[136.443,-4.3145],[136.4305,-4.3175],[136.4285,-4.319],[136.4255,-4.3205],[136.4205,-4.322],[136.418,-4.323],[136.4165,-4.3235],[136.415,-4.3245],[136.4085,-4.3305],[136.4075,-4.3305],[136.398,-4.335],[136.397,-4.3355],[136.3955,-4.3365],[136.3955,-4.337],[136.405,-4.366],[136.4185,-4.359],[136.4205,-4.376],[136.4335,-4.3785],[136.4335,-4.384],[136.4295,-4.3925],[136.4295,-4.395],[136.4425,-4.402],[136.438,-4.4235],[136.4355,-4.4255],[136.4405,-4.4395],[136.4415,-4.441],[136.4495,-4.448],[136.451,-4.455],[136.4485,-4.486],[136.4485,-4.487],[136.4615,-4.499],[136.4615,-4.5175],[136.447,-4.5505],[136.448,-4.5505],[136.451,-4.548],[136.454,-4.546],[136.4585,-4.545],[136.4595,-4.545],[136.4605,-4.5435],[136.462,-4.542],[136.4815,-4.554],[136.482,-4.5565],[136.4825,-4.5605],[136.4875,-4.573],[136.492,-4.572],[136.4935,-4.5755],[136.491,-4.578],[136.4905,-4.5795],[136.4915,-4.581],[136.4955,-4.5815],[136.4975,-4.5825],[136.5,-4.5865],[136.501,-4.591],[136.503,-4.5925],[136.504,-4.5915],[136.5095,-4.5945],[136.5115,-4.5925],[136.5135,-4.595],[136.5165,-4.593],[136.531,-4.594],[136.5345,-4.5945],[136.5485,-4.578],[136.552,-4.5635],[136.5585,-4.54],[136.563,-4.5315],[136.571,-4.5085],[136.574,-4.478],[136.58,-4.4515],[136.59,-4.3925],[136.593,-4.3835],[136.5945,-4.3795],[136.59,-4.378],[136.5815,-4.373],[136.5775,-4.371],[136.575,-4.37],[136.58,-4.364],[136.5695,-4.354],[136.566,-4.3325],[136.552,-4.33],[136.5405,-4.333],[136.5295,-4.329],[136.5305,-4.328],[136.518,-4.3215],[136.5215,-4.321],[136.5235,-4.3105],[136.523,-4.3105]]]},"properties":{"code":"94.04.04.2003","name":"Kiura","latitude":-4.434444811008067,"longitude":136.50612107978947}},{"type":"Feature","geometry":{"type":"Polygon","coordinates":[[[136.3955,-4.337],[136.392,-4.3375],[136.389,-4.337],[136.3805,-4.3405],[136.377,-4.341],[136.3715,-4.3405],[136.367,-4.3385],[136.3635,-4.341],[136.3605,-4.3405],[136.3145,-4.3435],[136.3065,-4.3295],[136.301,-4.331],[136.2805,-4.3265],[136.259,-4.331],[136.2495,-4.3295],[136.2485,-4.33],[136.249,-4.336],[136.2485,-4.339],[136.2495,-4.3425],[136.249,-4.343],[136.247,-4.3435],[136.2445,-4.344],[136.2395,-4.3405],[136.236,-4.3415],[136.2275,-4.3475],[136.226,-4.35],[136.2135,-4.3505],[136.212,-4.3515],[136.212,-4.354],[136.2125,-4.3555],[136.212,-4.361],[136.2135,-4.3655],[136.2225,-4.376],[136.203,-4.38],[136.2005,-4.3935],[136.1905,-4.403],[136.181,-4.421],[136.161,-4.4395],[136.246,-4.45],[136.312,-4.458],[136.371,-4.466],[136.406,-4.47],[136.4105,-4.481],[136.4085,-4.482],[136.4025,-4.4935],[136.4015,-4.4945],[136.393,-4.567],[136.393,-4.698],[136.401,-4.703],[136.4085,-4.6975],[136.416,-4.7155],[136.426,-4.7215],[136.435,-4.72],[136.434,-4.7165],[136.4325,-4.7155],[136.426,-4.714],[136.4265,-4.709],[136.4265,-4.7085],[136.4325,-4.7025],[136.436,-4.701],[136.437,-4.701],[136.4395,-4.701],[136.4445,-4.7035],[136.4465,-4.7025],[136.448,-4.701],[136.4525,-4.699],[136.4595,-4.683],[136.4495,-4.6815],[136.445,-4.662],[136.4455,-4.648],[136.442,-4.6485],[136.4375,-4.64],[136.4355,-4.641],[136.4305,-4.6355],[136.4405,-4.624],[136.4435,-4.6045],[136.449,-4.5945],[136.445,-4.585],[136.443,-4.5815],[136.437,-4.564],[136.4485,-4.5515],[136.447,-4.5505],[136.4615,-4.5175],[136.4615,-4.499],[136.4485,-4.487],[136.4485,-4.486],[136.451,-4.455],[136.4495,-4.448],[136.4415,-4.441],[136.4405,-4.4395],[136.4355,-4.4255],[136.438,-4.4235],[136.4425,-4.402],[136.4295,-4.395],[136.4295,-4.3925],[136.4335,-4.384],[136.4335,-4.3785],[136.4205,-4.376],[136.4185,-4.359],[136.405,-4.366],[136.3955,-4.337]]]},"properties":{"code":"94.04.04.2004","name":"Mimika","latitude":-4.459577981314138,"longitude":136.35058777005437}},{"type":"Feature","geometry":{"type":"Polygon","coordinates":[[[136.212,-4.361],[136.2115,-4.3575],[136.193,-4.359],[136.1745,-4.3545],[136.169,-4.3475],[136.157,-4.3455],[136.154,-4.3435],[136.153,-4.343],[136.1525,-4.343],[136.151,-4.345],[136.1505,-4.3485],[136.1475,-4.3515],[136.137,-4.364],[136.1365,-4.365],[136.138,-4.3665],[136.1375,-4.368],[136.126,-4.3795],[136.123,-4.3795],[136.1215,-4.379],[136.119,-4.38],[136.1105,-4.3855],[136.091,-4.3885],[136.084,-4.3955],[136.0905,-4.3985],[136.092,-4.398],[136.0925,-4.3975],[136.092,-4.393],[136.094,-4.3905],[136.0955,-4.394],[136.094,-4.3995],[136.093,-4.4005],[136.088,-4.4015],[136.085,-4.402],[136.0845,-4.4045],[136.0865,-4.4075],[136.091,-4.409],[136.0935,-4.411],[136.0845,-4.411],[136.0825,-4.4115],[136.0795,-4.4155],[136.083,-4.4295],[136.161,-4.4395],[136.181,-4.421],[136.1905,-4.403],[136.2005,-4.3935],[136.203,-4.38],[136.2225,-4.376],[136.2135,-4.3655],[136.212,-4.361]]]},"properties":{"code":"94.04.04.2005","name":"Aparuka","latitude":-4.395841571234691,"longitude":136.14879990723853}},{"type":"Feature","geometry":{"type":"Polygon","coordinates":[[[136.5815,-4.3725],[136.583,-4.3705],[136.5835,-4.3685],[136.582,-4.368],[136.582,-4.366],[136.583,-4.3645],[136.585,-4.3635],[136.5885,-4.3615],[136.5895,-4.3605],[136.5915,-4.3615],[136.592,-4.361],[136.5935,-4.3595],[136.5945,-4.3585],[136.597,-4.3605],[136.5985,-4.3595],[136.602,-4.3605],[136.6195,-4.3355],[136.6415,-4.298],[136.6555,-4.2695],[136.6575,-4.249],[136.6435,-4.21],[136.588,-4.207],[136.5435,-4.2045],[136.5365,-4.205],[136.5375,-4.206],[136.541,-4.2155],[136.5515,-4.22],[136.5605,-4.2345],[136.5585,-4.242],[136.535,-4.278],[136.538,-4.293],[136.5395,-4.294],[136.539,-4.296],[136.5385,-4.2965],[136.5305,-4.2985],[136.524,-4.3065],[136.524,-4.3075],[136.5225,-4.3105],[136.5235,-4.3105],[136.5215,-4.321],[136.518,-4.3215],[136.5305,-4.328],[136.5295,-4.329],[136.5405,-4.333],[136.552,-4.33],[136.566,-4.3325],[136.5695,-4.354],[136.58,-4.364],[136.575,-4.37],[136.5775,-4.371],[136.5815,-4.3725]]]},"properties":{"code":"94.04.04.2006","name":"Atapo","latitude":-4.276913025092327,"longitude":136.59271998518892}},{"type":"Feature","geometry":{"type":"Polygon","coordinates":[[[136.5085,-4.253],[136.4915,-4.2535],[136.4725,-4.234],[136.4505,-4.2175],[136.438,-4.22],[136.42,-4.2375],[136.4235,-4.244],[136.428,-4.2705],[136.433,-4.2865],[136.4235,-4.292],[136.422,-4.3095],[136.4285,-4.315],[136.4265,-4.3175],[136.427,-4.319],[136.4265,-4.32],[136.4305,-4.3175],[136.443,-4.3145],[136.4855,-4.3165],[136.4895,-4.313],[136.5015,-4.3135],[136.5085,-4.31],[136.516,-4.3075],[136.5185,-4.3065],[136.523,-4.3105],[136.5225,-4.3105],[136.524,-4.3075],[136.524,-4.3065],[136.5305,-4.2985],[136.5385,-4.2965],[136.539,-4.296],[136.5395,-4.294],[136.538,-4.293],[136.5355,-4.294],[136.534,-4.2935],[136.5285,-4.2905],[136.527,-4.288],[136.5235,-4.2715],[136.513,-4.257],[136.509,-4.2535],[136.5085,-4.253]]]},"properties":{"code":"94.04.04.2007","name":"Apuri","latitude":-4.274950936513523,"longitude":136.47014338611578}},{"type":"Feature","geometry":{"type":"Polygon","coordinates":[[[137.784,-4.8705],[137.7755,-4.8635],[137.771,-4.8665],[137.732,-4.877],[137.7095,-4.8875],[137.6765,-4.9],[137.656,-4.9155],[137.636,-4.922],[137.6195,-4.937],[137.615,-4.955],[137.563,-4.96],[137.518,-5.007],[137.481,-5.03],[137.467,-5.041],[137.464,-5.045],[137.474,-5.0395],[137.4905,-5.049],[137.5025,-5.046],[137.5105,-5.037],[137.528,-5.043],[137.5485,-5.0325],[137.5575,-5.042],[137.568,-5.038],[137.5815,-5.0215],[137.5955,-5.017],[137.616,-5.0235],[137.623,-5.023],[137.629,-5.008],[137.653,-4.9915],[137.6595,-4.9825],[137.6575,-4.9725],[137.6685,-4.9635],[137.6855,-4.966],[137.6885,-4.9535],[137.6885,-4.952],[137.691,-4.949],[137.7,-4.951],[137.701,-4.95],[137.6995,-4.95],[137.7005,-4.9475],[137.703,-4.946],[137.704,-4.947],[137.705,-4.9465],[137.7135,-4.94],[137.7295,-4.9155],[137.7425,-4.8985],[137.7515,-4.8945],[137.784,-4.8705]]]},"properties":{"code":"94.04.05.2001","name":"Sempan Timur","latitude":-4.9654896852268475,"longitude":137.62444601303866}},{"type":"Feature","geometry":{"type":"Polygon","coordinates":[[[137.7695,-4.859],[137.737,-4.8335],[137.688,-4.819],[137.668,-4.8035],[137.6525,-4.8185],[137.617,-4.8345],[137.5795,-4.834],[137.582,-4.856],[137.5905,-4.8635],[137.591,-4.8765],[137.614,-4.885],[137.6225,-4.899],[137.644,-4.88],[137.677,-4.867],[137.7025,-4.8585],[137.7595,-4.8585],[137.7695,-4.859]]]},"properties":{"code":"94.04.05.2002","name":"Wenin","latitude":-4.84934462862696,"longitude":137.65871051635887}},{"type":"Feature","geometry":{"type":"Polygon","coordinates":[[[137.668,-4.8035],[137.6515,-4.791],[137.6145,-4.7305],[137.6,-4.6995],[137.587,-4.7165],[137.5615,-4.791],[137.5565,-4.805],[137.5485,-4.829],[137.544,-4.8435],[137.574,-4.8335],[137.617,-4.8345],[137.6525,-4.8185],[137.668,-4.8035]]]},"properties":{"code":"94.04.05.2003","name":"Noema","latitude":-4.786009633085914,"longitude":137.60209817366623}},{"type":"Feature","geometry":{"type":"Polygon","coordinates":[[[137.798,-4.8815],[137.784,-4.8705],[137.7515,-4.8945],[137.7425,-4.8985],[137.7295,-4.9155],[137.7135,-4.94],[137.7395,-4.966],[137.7445,-4.987],[137.7445,-4.999],[137.7475,-5.005],[137.7505,-5.0065],[137.7515,-5.008],[137.752,-5.01],[137.76,-5.007],[137.775,-5.0215],[137.776,-5.022],[137.778,-5.022],[137.7785,-5.0205],[137.7855,-5.0255],[137.7855,-5.0265],[137.785,-5.027],[137.7875,-5.0275],[137.791,-5.0285],[137.7945,-5.029],[137.8055,-5.025],[137.82,-5.026],[137.815,-5.011],[137.8055,-5.003],[137.8065,-5.0005],[137.824,-4.9825],[137.824,-4.9655],[137.8395,-4.9395],[137.839,-4.9365],[137.8395,-4.9345],[137.841,-4.935],[137.8505,-4.933],[137.8495,-4.9305],[137.845,-4.9225],[137.8465,-4.9185],[137.8365,-4.9135],[137.814,-4.901],[137.798,-4.8815]]]},"properties":{"code":"94.04.05.2004","name":"Wapu","latitude":-4.948764127484173,"longitude":137.78232691718839}},{"type":"Feature","geometry":{"type":"MultiPolygon","coordinates":[[[[137.5145,-5.1785],[137.5095,-5.1725],[137.496,-5.185],[137.508,-5.196],[137.5085,-5.181],[137.5145,-5.1785]]],[[[137.7135,-4.94],[137.705,-4.9465],[137.704,-4.947],[137.703,-4.946],[137.7005,-4.9475],[137.6995,-4.95],[137.701,-4.95],[137.7,-4.951],[137.691,-4.949],[137.6885,-4.952],[137.6885,-4.9535],[137.6855,-4.966],[137.6685,-4.9635],[137.6575,-4.9725],[137.6595,-4.9825],[137.653,-4.9915],[137.629,-5.008],[137.623,-5.023],[137.616,-5.0235],[137.5955,-5.017],[137.5815,-5.0215],[137.568,-5.038],[137.5575,-5.042],[137.5485,-5.0325],[137.528,-5.043],[137.5105,-5.037],[137.5025,-5.046],[137.4905,-5.049],[137.474,-5.0395],[137.464,-5.045],[137.457,-5.0525],[137.4475,-5.0765],[137.444,-5.0995],[137.475,-5.1155],[137.4775,-5.1245],[137.498,-5.146],[137.5155,-5.141],[137.52,-5.1345],[137.5475,-5.1375],[137.557,-5.145],[137.5805,-5.138],[137.6145,-5.1375],[137.6275,-5.1335],[137.632,-5.123],[137.6255,-5.116],[137.605,-5.1065],[137.601,-5.095],[137.603,-5.0855],[137.6165,-5.078],[137.6345,-5.074],[137.64,-5.059],[137.6545,-5.041],[137.6645,-5.0375],[137.67,-5.0285],[137.685,-5.0355],[137.708,-5.023],[137.718,-5.0015],[137.738,-5.0085],[137.745,-5],[137.7445,-4.999],[137.7445,-4.987],[137.7395,-4.966],[137.7135,-4.94]]]]},"properties":{"code":"94.04.05.2005","name":"Sumapro","latitude":-5.059566209667782,"longitude":137.5855820814296}},{"type":"Feature","geometry":{"type":"Polygon","coordinates":[[[137.7475,-5.005],[137.745,-5],[137.738,-5.0085],[137.718,-5.0015],[137.708,-5.023],[137.685,-5.0355],[137.67,-5.0285],[137.6645,-5.0375],[137.6545,-5.041],[137.64,-5.059],[137.6345,-5.074],[137.6165,-5.078],[137.603,-5.0855],[137.601,-5.095],[137.605,-5.1065],[137.6255,-5.116],[137.632,-5.123],[137.6275,-5.1335],[137.6145,-5.1375],[137.5805,-5.138],[137.557,-5.145],[137.5525,-5.168],[137.571,-5.1835],[137.6145,-5.1985],[137.628,-5.209],[137.644,-5.2155],[137.6545,-5.208],[137.678,-5.2175],[137.682,-5.2015],[137.698,-5.1865],[137.703,-5.177],[137.704,-5.153],[137.707,-5.1495],[137.7215,-5.1445],[137.741,-5.142],[137.7445,-5.1395],[137.745,-5.136],[137.7435,-5.1325],[137.7405,-5.1305],[137.7285,-5.128],[137.722,-5.1255],[137.7165,-5.1175],[137.7155,-5.1135],[137.7165,-5.111],[137.7185,-5.1085],[137.722,-5.108],[137.727,-5.111],[137.7355,-5.1115],[137.7365,-5.1095],[137.737,-5.1085],[137.7345,-5.096],[137.7385,-5.087],[137.7595,-5.0875],[137.7605,-5.075],[137.7615,-5.074],[137.7625,-5.073],[137.7745,-5.0615],[137.7475,-5.005]]]},"properties":{"code":"94.04.05.2006","name":"Wacakam","latitude":-5.1140657289913465,"longitude":137.6706097378642}},{"type":"Feature","geometry":{"type":"Polygon","coordinates":[[[137.7695,-4.859],[137.7595,-4.8585],[137.7025,-4.8585],[137.677,-4.867],[137.644,-4.88],[137.6225,-4.899],[137.608,-4.9145],[137.5705,-4.93],[137.5225,-4.9385],[137.5215,-4.945],[137.5175,-4.9575],[137.507,-4.961],[137.512,-4.9765],[137.518,-5.007],[137.563,-4.96],[137.615,-4.955],[137.6195,-4.937],[137.636,-4.922],[137.656,-4.9155],[137.6765,-4.9],[137.7095,-4.8875],[137.732,-4.877],[137.771,-4.8665],[137.7755,-4.8635],[137.7695,-4.859]]]},"properties":{"code":"94.04.05.2007","name":"Waituku","latitude":-4.919532943153569,"longitude":137.61982581542958}},{"type":"Feature","geometry":{"type":"Polygon","coordinates":[[[137.5795,-4.834],[137.574,-4.8335],[137.544,-4.8435],[137.543,-4.846],[137.5195,-4.915],[137.523,-4.934],[137.5225,-4.9385],[137.5705,-4.93],[137.608,-4.9145],[137.6225,-4.899],[137.614,-4.885],[137.591,-4.8765],[137.5905,-4.8635],[137.582,-4.856],[137.5795,-4.834]]]},"properties":{"code":"94.04.05.2008","name":"Bulumen","latitude":-4.891336011866366,"longitude":137.5643625893009}},{"type":"Feature","geometry":{"type":"Polygon","coordinates":[[[137.768,-4.6465],[137.731,-4.6465],[137.7305,-4.676],[137.646,-4.6765],[137.6145,-4.695],[137.6,-4.6995],[137.6145,-4.7305],[137.6515,-4.791],[137.688,-4.819],[137.737,-4.8335],[137.7765,-4.8645],[137.798,-4.8815],[137.8105,-4.8635],[137.818,-4.87],[137.83,-4.872],[137.828,-4.8525],[137.8375,-4.839],[137.821,-4.836],[137.818,-4.824],[137.826,-4.8165],[137.8435,-4.8155],[137.841,-4.797],[137.8495,-4.7965],[137.849,-4.7835],[137.8325,-4.7795],[137.8365,-4.771],[137.8295,-4.7485],[137.835,-4.737],[137.8365,-4.722],[137.837,-4.72],[137.8275,-4.717],[137.8285,-4.7125],[137.8245,-4.7135],[137.8235,-4.713],[137.8265,-4.708],[137.81,-4.69],[137.791,-4.6825],[137.778,-4.666],[137.7685,-4.6475],[137.768,-4.6465]]]},"properties":{"code":"94.04.05.2009","name":"Kanmapiri","latitude":-4.7549181289853255,"longitude":137.7382448477464}},{"type":"Feature","geometry":{"type":"Polygon","coordinates":[[[137.8365,-4.722],[137.835,-4.737],[137.8295,-4.7485],[137.8365,-4.771],[137.8325,-4.7795],[137.849,-4.7835],[137.8495,-4.7965],[137.841,-4.797],[137.8435,-4.8155],[137.826,-4.8165],[137.818,-4.824],[137.821,-4.836],[137.8375,-4.839],[137.828,-4.8525],[137.83,-4.872],[137.818,-4.87],[137.8105,-4.8635],[137.798,-4.8815],[137.814,-4.901],[137.8365,-4.9135],[137.8315,-4.898],[137.833,-4.8975],[137.8335,-4.8965],[137.8355,-4.8935],[137.842,-4.8905],[137.843,-4.8885],[137.843,-4.886],[137.8445,-4.883],[137.849,-4.8805],[137.8515,-4.878],[137.862,-4.8665],[137.863,-4.86],[137.8635,-4.858],[137.87,-4.849],[137.8745,-4.8275],[137.875,-4.826],[137.8775,-4.8245],[137.881,-4.829],[137.8825,-4.8275],[137.881,-4.8235],[137.8835,-4.818],[137.881,-4.8075],[137.888,-4.8025],[137.897,-4.7785],[137.898,-4.7665],[137.892,-4.758],[137.887,-4.7485],[137.859,-4.734],[137.8495,-4.726],[137.8365,-4.723],[137.8365,-4.722]]]},"properties":{"code":"94.04.05.2010","name":"Jaitak","latitude":-4.811600165645682,"longitude":137.8522873825902}},{"type":"Feature","geometry":{"type":"Polygon","coordinates":[[[137.7665,-4.287],[137.7615,-4.2865],[137.758,-4.2855],[137.7575,-4.283],[137.7455,-4.2685],[137.735,-4.2625],[137.7265,-4.268],[137.7085,-4.269],[137.7075,-4.269],[137.7035,-4.273],[137.6935,-4.273],[137.6895,-4.2735],[137.685,-4.2745],[137.6835,-4.2755],[137.6825,-4.277],[137.6795,-4.2765],[137.679,-4.278],[137.676,-4.278],[137.6765,-4.2845],[137.674,-4.2925],[137.67,-4.295],[137.668,-4.295],[137.6675,-4.296],[137.6675,-4.2985],[137.6655,-4.3],[137.6655,-4.3005],[137.663,-4.3025],[137.6635,-4.308],[137.6625,-4.309],[137.662,-4.314],[137.6625,-4.315],[137.665,-4.3205],[137.6665,-4.321],[137.673,-4.322],[137.7015,-4.3265],[137.7135,-4.3255],[137.7135,-4.3225],[137.714,-4.312],[137.7235,-4.3045],[137.726,-4.3015],[137.728,-4.3015],[137.73,-4.302],[137.732,-4.303],[137.7355,-4.303],[137.752,-4.287],[137.7625,-4.2895],[137.7645,-4.2885],[137.7665,-4.287]]]},"properties":{"code":"94.04.06.2001","name":"Jila","latitude":-4.2944634517517395,"longitude":137.70675100998983}},{"type":"Feature","geometry":{"type":"Polygon","coordinates":[[[137.642,-4.265],[137.6365,-4.2605],[137.607,-4.2595],[137.599,-4.272],[137.5895,-4.2765],[137.5925,-4.2955],[137.5925,-4.344],[137.5965,-4.355],[137.598,-4.355],[137.5995,-4.3545],[137.602,-4.3555],[137.603,-4.3425],[137.62,-4.3345],[137.6435,-4.3315],[137.6575,-4.3325],[137.6695,-4.3375],[137.669,-4.336],[137.6655,-4.3295],[137.6645,-4.3265],[137.665,-4.3205],[137.6625,-4.315],[137.662,-4.314],[137.6625,-4.309],[137.6635,-4.308],[137.663,-4.3025],[137.6655,-4.3005],[137.6655,-4.3],[137.6675,-4.2985],[137.6675,-4.296],[137.6675,-4.2925],[137.667,-4.292],[137.664,-4.2895],[137.661,-4.289],[137.66,-4.2875],[137.6565,-4.279],[137.642,-4.265]]]},"properties":{"code":"94.04.06.2002","name":"Diloa","latitude":-4.3019712191842165,"longitude":137.6253861686336}},{"type":"Feature","geometry":{"type":"Polygon","coordinates":[[[137.63,-4.199],[137.6195,-4.187],[137.592,-4.191],[137.587,-4.26],[137.5895,-4.2765],[137.599,-4.272],[137.607,-4.2595],[137.6365,-4.2605],[137.642,-4.265],[137.6415,-4.2625],[137.6315,-4.246],[137.6355,-4.2385],[137.632,-4.225],[137.63,-4.199]]]},"properties":{"code":"94.04.06.2003","name":"Noemun","latitude":-4.228809495582093,"longitude":137.61054587192177}},{"type":"Feature","geometry":{"type":"Polygon","coordinates":[[[137.602,-4.3555],[137.5995,-4.3545],[137.598,-4.355],[137.5965,-4.355],[137.5975,-4.3565],[137.593,-4.4095],[137.5925,-4.4215],[137.6195,-4.4215],[137.6195,-4.421],[137.6195,-4.42],[137.6195,-4.4195],[137.619,-4.4185],[137.618,-4.4175],[137.6165,-4.4135],[137.6135,-4.4105],[137.609,-4.3915],[137.609,-4.3875],[137.6115,-4.381],[137.6115,-4.3755],[137.611,-4.364],[137.609,-4.3595],[137.602,-4.3555]]]},"properties":{"code":"94.04.06.2004","name":"Pasir Putih","latitude":-4.392832129823784,"longitude":137.60340915735657}},{"type":"Feature","geometry":{"type":"Polygon","coordinates":[[[137.7775,-4.364],[137.7765,-4.3645],[137.774,-4.3645],[137.7715,-4.365],[137.769,-4.365],[137.7435,-4.3635],[137.738,-4.3635],[137.737,-4.3635],[137.731,-4.366],[137.723,-4.37],[137.718,-4.3825],[137.713,-4.3885],[137.712,-4.3915],[137.7125,-4.393],[137.711,-4.397],[137.7115,-4.398],[137.7165,-4.4105],[137.719,-4.4145],[137.718,-4.4175],[137.7195,-4.419],[137.718,-4.421],[137.758,-4.4215],[137.7665,-4.421],[137.771,-4.3965],[137.773,-4.388],[137.777,-4.367],[137.7775,-4.364]]]},"properties":{"code":"94.04.06.2005","name":"Jengkon","latitude":-4.392915824585935,"longitude":137.7441936306644}},{"type":"Feature","geometry":{"type":"Polygon","coordinates":[[[137.7975,-4.3185],[137.7995,-4.3015],[137.8075,-4.2845],[137.809,-4.281],[137.8065,-4.2825],[137.804,-4.2895],[137.799,-4.2835],[137.7985,-4.2835],[137.794,-4.283],[137.789,-4.2825],[137.788,-4.2835],[137.7665,-4.287],[137.7645,-4.2885],[137.7625,-4.2895],[137.752,-4.287],[137.7355,-4.303],[137.732,-4.303],[137.73,-4.302],[137.728,-4.3015],[137.726,-4.3015],[137.7235,-4.3045],[137.714,-4.312],[137.7135,-4.3225],[137.7135,-4.3255],[137.719,-4.339],[137.706,-4.358],[137.698,-4.359],[137.6975,-4.361],[137.6935,-4.3635],[137.693,-4.3655],[137.692,-4.366],[137.6915,-4.367],[137.692,-4.3685],[137.709,-4.3905],[137.712,-4.3915],[137.713,-4.3885],[137.718,-4.3825],[137.723,-4.37],[137.731,-4.366],[137.737,-4.3635],[137.738,-4.3635],[137.7435,-4.3635],[137.769,-4.365],[137.7715,-4.365],[137.774,-4.3645],[137.777,-4.3645],[137.7775,-4.364],[137.7835,-4.3415],[137.7975,-4.3185]]]},"properties":{"code":"94.04.06.2006","name":"Pilik Ogom","latitude":-4.330180899993556,"longitude":137.7513704849482}},{"type":"Feature","geometry":{"type":"Polygon","coordinates":[[[137.7135,-4.3255],[137.7015,-4.3265],[137.673,-4.322],[137.6665,-4.321],[137.665,-4.3205],[137.6645,-4.3265],[137.6655,-4.3295],[137.669,-4.336],[137.6695,-4.3375],[137.6695,-4.339],[137.6915,-4.3665],[137.6915,-4.367],[137.692,-4.366],[137.693,-4.3655],[137.6935,-4.3635],[137.6975,-4.361],[137.698,-4.359],[137.706,-4.358],[137.719,-4.339],[137.7135,-4.3255]]]},"properties":{"code":"94.04.06.2007","name":"Bunaraugin","latitude":-4.339540413515261,"longitude":137.69208086675158}},{"type":"Feature","geometry":{"type":"Polygon","coordinates":[[[137.7255,-4.2165],[137.731,-4.211],[137.7305,-4.204],[137.728,-4.201],[137.713,-4.1915],[137.7095,-4.1925],[137.6895,-4.2],[137.6875,-4.201],[137.687,-4.2045],[137.685,-4.2075],[137.6805,-4.215],[137.679,-4.2335],[137.672,-4.248],[137.6725,-4.2515],[137.673,-4.254],[137.6745,-4.257],[137.6745,-4.2565],[137.677,-4.255],[137.677,-4.2525],[137.6775,-4.251],[137.6795,-4.25],[137.68,-4.249],[137.6835,-4.249],[137.685,-4.2495],[137.715,-4.226],[137.7185,-4.222],[137.722,-4.2185],[137.7255,-4.2165]]]},"properties":{"code":"94.04.06.2008","name":"Umpliga","latitude":-4.21882026573945,"longitude":137.70006358651528}},{"type":"Feature","geometry":{"type":"Polygon","coordinates":[[[137.6845,-4.2015],[137.6615,-4.203],[137.648,-4.197],[137.63,-4.199],[137.632,-4.225],[137.6355,-4.2385],[137.6315,-4.246],[137.6415,-4.2625],[137.642,-4.265],[137.6565,-4.279],[137.66,-4.2875],[137.661,-4.289],[137.664,-4.2895],[137.667,-4.292],[137.6675,-4.2925],[137.668,-4.295],[137.67,-4.295],[137.674,-4.2925],[137.6765,-4.2845],[137.6755,-4.2815],[137.6755,-4.279],[137.6765,-4.2765],[137.6745,-4.257],[137.673,-4.254],[137.6725,-4.2515],[137.672,-4.248],[137.679,-4.2335],[137.6805,-4.215],[137.685,-4.2075],[137.687,-4.2045],[137.6875,-4.201],[137.6845,-4.2015]]]},"properties":{"code":"94.04.06.2009","name":"Amua Ogom","latitude":-4.237887233805096,"longitude":137.65716259425812}},{"type":"Feature","geometry":{"type":"Polygon","coordinates":[[[137.7085,-4.269],[137.709,-4.261],[137.718,-4.2365],[137.719,-4.235],[137.7235,-4.2175],[137.722,-4.2185],[137.7185,-4.222],[137.715,-4.226],[137.685,-4.2495],[137.6835,-4.249],[137.68,-4.249],[137.6795,-4.25],[137.6775,-4.251],[137.677,-4.2525],[137.677,-4.255],[137.6745,-4.2565],[137.6745,-4.257],[137.6765,-4.2765],[137.676,-4.278],[137.679,-4.278],[137.6795,-4.2765],[137.6825,-4.277],[137.6835,-4.2755],[137.685,-4.2745],[137.6895,-4.2735],[137.6935,-4.273],[137.7035,-4.273],[137.7075,-4.269],[137.7085,-4.269]]]},"properties":{"code":"94.04.06.2010","name":"Pusuwe","latitude":-4.253367260019419,"longitude":137.6980138991552}},{"type":"Feature","geometry":{"type":"Polygon","coordinates":[[[137.8245,-4.238],[137.8245,-4.237],[137.8245,-4.236],[137.821,-4.2325],[137.817,-4.2315],[137.805,-4.2225],[137.7555,-4.2155],[137.7505,-4.212],[137.7335,-4.219],[137.7255,-4.2165],[137.7235,-4.2175],[137.719,-4.235],[137.718,-4.2365],[137.709,-4.261],[137.7085,-4.269],[137.7265,-4.268],[137.735,-4.2625],[137.7455,-4.2685],[137.7575,-4.283],[137.758,-4.2855],[137.7615,-4.2865],[137.7665,-4.287],[137.788,-4.2835],[137.789,-4.2825],[137.794,-4.283],[137.7985,-4.2835],[137.799,-4.2835],[137.804,-4.2895],[137.8065,-4.2825],[137.809,-4.281],[137.81,-4.2765],[137.8205,-4.2495],[137.824,-4.24],[137.8245,-4.238]]]},"properties":{"code":"94.04.06.2011","name":"Wandud","latitude":-4.249143079677973,"longitude":137.76821985118036}},{"type":"Feature","geometry":{"type":"Polygon","coordinates":[[[137.6695,-4.3375],[137.6575,-4.3325],[137.6435,-4.3315],[137.62,-4.3345],[137.603,-4.3425],[137.602,-4.3555],[137.609,-4.3595],[137.611,-4.364],[137.6115,-4.3755],[137.6115,-4.381],[137.609,-4.3875],[137.609,-4.3915],[137.6135,-4.4105],[137.6165,-4.4135],[137.618,-4.4175],[137.619,-4.4185],[137.6195,-4.4195],[137.6195,-4.42],[137.6195,-4.421],[137.6195,-4.4215],[137.6625,-4.4215],[137.6685,-4.421],[137.718,-4.421],[137.7195,-4.419],[137.718,-4.4175],[137.719,-4.4145],[137.7165,-4.4105],[137.7115,-4.398],[137.711,-4.397],[137.7125,-4.393],[137.712,-4.3915],[137.709,-4.3905],[137.692,-4.3685],[137.6915,-4.3665],[137.6695,-4.339],[137.6695,-4.3375]]]},"properties":{"code":"94.04.06.2012","name":"Diloa Dua","latitude":-4.381301804207439,"longitude":137.65515892195626}},{"type":"Feature","geometry":{"type":"Polygon","coordinates":[[[136.8885,-4.674],[136.8785,-4.6725],[136.871,-4.7005],[136.8535,-4.6985],[136.8485,-4.7045],[136.8485,-4.7105],[136.836,-4.7335],[136.926,-4.7815],[136.9385,-4.7855],[136.981,-4.792],[137.0065,-4.797],[137.0715,-4.8165],[137.0915,-4.8205],[137.081,-4.7895],[137.0625,-4.751],[137.0585,-4.711],[136.979,-4.683],[136.9765,-4.6825],[136.8885,-4.674]]]},"properties":{"code":"94.04.07.2001","name":"Ayuka","latitude":-4.739832496821195,"longitude":136.96790929009984}},{"type":"Feature","geometry":{"type":"MultiPolygon","coordinates":[[[[136.8315,-4.8355],[136.8075,-4.8345],[136.807,-4.846],[136.789,-4.879],[136.7965,-4.8935],[136.8065,-4.8975],[136.8305,-4.9135],[136.837,-4.9075],[136.828,-4.895],[136.8285,-4.8715],[136.826,-4.8555],[136.8315,-4.8355]]],[[[136.7795,-4.8285],[136.7675,-4.86],[136.7785,-4.8685],[136.791,-4.855],[136.795,-4.836],[136.7795,-4.8285]]],[[[136.8485,-4.7045],[136.847,-4.707],[136.803,-4.7055],[136.7965,-4.725],[136.7835,-4.765],[136.7695,-4.8095],[136.77,-4.8135],[136.787,-4.832],[136.799,-4.8305],[136.817,-4.822],[136.8345,-4.8285],[136.8405,-4.82],[136.8335,-4.8075],[136.8335,-4.782],[136.836,-4.7335],[136.8485,-4.7105],[136.8485,-4.7045]]]]},"properties":{"code":"94.04.07.2002","name":"Amamapare","latitude":-4.801810058638221,"longitude":136.8088519881478}},{"type":"Feature","geometry":{"type":"Polygon","coordinates":[[[137.3265,-4.8035],[137.249,-4.7765],[137.2215,-4.8655],[137.206,-4.882],[137.2125,-4.9775],[137.2385,-4.9865],[137.241,-4.9965],[137.263,-5.0135],[137.2855,-5.0255],[137.2955,-5.0105],[137.3065,-5.012],[137.327,-5.027],[137.3405,-5.0485],[137.34,-5.0565],[137.369,-5.0865],[137.398,-5.1085],[137.4165,-5.113],[137.4185,-5.122],[137.4355,-5.1145],[137.4385,-5.1],[137.444,-5.0995],[137.4475,-5.0765],[137.457,-5.0525],[137.467,-5.041],[137.481,-5.03],[137.518,-5.007],[137.512,-4.9765],[137.507,-4.961],[137.5175,-4.9575],[137.5215,-4.945],[137.523,-4.934],[137.5195,-4.915],[137.3555,-4.82],[137.3265,-4.8035]]]},"properties":{"code":"94.04.07.2003","name":"Ohotya","latitude":-4.941818911358066,"longitude":137.35889935649274}},{"type":"Feature","geometry":{"type":"Polygon","coordinates":[[[137.101,-4.8325],[137.0915,-4.8205],[137.0715,-4.8165],[137.0065,-4.797],[136.981,-4.792],[136.9385,-4.7855],[136.926,-4.7815],[136.836,-4.7335],[136.8335,-4.782],[136.8335,-4.8075],[136.8405,-4.82],[136.8345,-4.8285],[136.8315,-4.8355],[136.826,-4.8555],[136.8285,-4.8715],[136.828,-4.895],[136.837,-4.9075],[136.8705,-4.898],[136.9,-4.8805],[136.9255,-4.8855],[136.9255,-4.8965],[136.9325,-4.903],[136.9595,-4.919],[136.977,-4.939],[136.9855,-4.933],[137.0075,-4.936],[137.0285,-4.917],[137.0435,-4.9235],[137.0595,-4.9355],[137.059,-4.94],[137.0935,-4.9745],[137.1075,-4.9745],[137.115,-4.9595],[137.128,-4.9665],[137.129,-4.918],[137.1265,-4.898],[137.101,-4.8325]]]},"properties":{"code":"94.04.07.2004","name":"Omawita","latitude":-4.857382018847967,"longitude":136.9752629655997}},{"type":"Feature","geometry":{"type":"Polygon","coordinates":[[[137.2125,-4.9775],[137.206,-4.882],[137.2215,-4.8655],[137.249,-4.7765],[137.0585,-4.711],[137.0625,-4.751],[137.081,-4.7895],[137.0915,-4.8205],[137.101,-4.8325],[137.1265,-4.898],[137.129,-4.918],[137.128,-4.9665],[137.1525,-4.9745],[137.1655,-4.9855],[137.1745,-5.0045],[137.184,-5.008],[137.188,-4.998],[137.2045,-4.992],[137.2125,-4.9775]]]},"properties":{"code":"94.04.07.2005","name":"Fanamo","latitude":-4.843685420492188,"longitude":137.158439004284}},{"type":"Feature","geometry":{"type":"Polygon","coordinates":[[[136.67,-4.7135],[136.669,-4.7125],[136.6435,-4.7045],[136.6165,-4.706],[136.601,-4.7135],[136.5945,-4.7265],[136.586,-4.7235],[136.578,-4.731],[136.578,-4.7325],[136.58,-4.7345],[136.58,-4.736],[136.565,-4.753],[136.556,-4.7695],[136.5395,-4.7775],[136.5345,-4.7845],[136.5475,-4.7905],[136.5665,-4.782],[136.566,-4.794],[136.573,-4.8005],[136.5895,-4.806],[136.6165,-4.819],[136.6345,-4.819],[136.664,-4.812],[136.669,-4.8115],[136.675,-4.804],[136.675,-4.796],[136.6665,-4.7835],[136.663,-4.765],[136.664,-4.764],[136.664,-4.763],[136.664,-4.76],[136.6645,-4.7585],[136.666,-4.7565],[136.6665,-4.755],[136.66,-4.753],[136.6595,-4.752],[136.662,-4.7495],[136.6615,-4.7425],[136.6605,-4.738],[136.661,-4.737],[136.6625,-4.737],[136.668,-4.717],[136.6695,-4.716],[136.67,-4.714],[136.67,-4.7135]]]},"properties":{"code":"94.04.08.2001","name":"Atuka","latitude":-4.764496075505141,"longitude":136.61783912323062}},{"type":"Feature","geometry":{"type":"Polygon","coordinates":[[[136.6745,-4.7145],[136.671,-4.7135],[136.67,-4.7135],[136.67,-4.714],[136.6695,-4.716],[136.668,-4.717],[136.6625,-4.737],[136.661,-4.737],[136.6605,-4.738],[136.6615,-4.7425],[136.662,-4.7495],[136.6595,-4.752],[136.66,-4.753],[136.6665,-4.755],[136.666,-4.7565],[136.6645,-4.7585],[136.664,-4.76],[136.664,-4.763],[136.664,-4.764],[136.663,-4.765],[136.6665,-4.7835],[136.675,-4.796],[136.675,-4.804],[136.669,-4.8115],[136.664,-4.812],[136.6345,-4.819],[136.6165,-4.819],[136.63,-4.8255],[136.643,-4.822],[136.647,-4.8305],[136.678,-4.8465],[136.687,-4.844],[136.6835,-4.8255],[136.6885,-4.8235],[136.6945,-4.804],[136.704,-4.7905],[136.7075,-4.763],[136.712,-4.758],[136.7125,-4.7565],[136.7115,-4.7555],[136.692,-4.751],[136.6915,-4.7405],[136.679,-4.731],[136.6745,-4.7145]]]},"properties":{"code":"94.04.08.2002","name":"Tiwaka","latitude":-4.784847819374106,"longitude":136.6772927261953}},{"type":"Feature","geometry":{"type":"Polygon","coordinates":[[[136.578,-4.7325],[136.5755,-4.7315],[136.571,-4.733],[136.568,-4.7235],[136.5635,-4.722],[136.5625,-4.7165],[136.5625,-4.7155],[136.561,-4.7135],[136.537,-4.701],[136.534,-4.6915],[136.523,-4.6925],[136.522,-4.694],[136.5145,-4.701],[136.52,-4.715],[136.5135,-4.743],[136.5125,-4.7455],[136.512,-4.746],[136.501,-4.7455],[136.499,-4.7465],[136.5025,-4.755],[136.519,-4.77],[136.5275,-4.7695],[136.5395,-4.7775],[136.556,-4.7695],[136.565,-4.753],[136.58,-4.736],[136.58,-4.7345],[136.578,-4.7325]]]},"properties":{"code":"94.04.08.2003","name":"Keakwa","latitude":-4.737483998217246,"longitude":136.53882583339964}},{"type":"Feature","geometry":{"type":"Polygon","coordinates":[[[136.656,-4.607],[136.5405,-4.607],[136.5385,-4.6135],[136.515,-4.654],[136.487,-4.687],[136.4695,-4.7145],[136.462,-4.732],[136.4615,-4.739],[136.484,-4.7415],[136.499,-4.7465],[136.501,-4.7455],[136.512,-4.746],[136.5125,-4.7455],[136.5135,-4.743],[136.52,-4.715],[136.5145,-4.701],[136.522,-4.694],[136.523,-4.6925],[136.534,-4.6915],[136.537,-4.701],[136.561,-4.7135],[136.5625,-4.7155],[136.5625,-4.7165],[136.5635,-4.722],[136.568,-4.7235],[136.571,-4.733],[136.5755,-4.7315],[136.578,-4.7325],[136.578,-4.731],[136.586,-4.7235],[136.5945,-4.7265],[136.601,-4.7135],[136.6165,-4.706],[136.6435,-4.7045],[136.669,-4.7125],[136.671,-4.7135],[136.6745,-4.7145],[136.6695,-4.7075],[136.6745,-4.696],[136.6745,-4.6945],[136.6675,-4.6865],[136.6735,-4.661],[136.6685,-4.656],[136.6745,-4.645],[136.67,-4.615],[136.6625,-4.607],[136.656,-4.607]]]},"properties":{"code":"94.04.08.2004","name":"Aikawapuka","latitude":-4.669146250399935,"longitude":136.57989449101186}},{"type":"Feature","geometry":{"type":"Polygon","coordinates":[[[136.7095,-4.607],[136.6685,-4.6075],[136.6625,-4.607],[136.67,-4.615],[136.6745,-4.645],[136.6685,-4.656],[136.6735,-4.661],[136.6675,-4.6865],[136.6745,-4.6945],[136.6745,-4.696],[136.6695,-4.7075],[136.6745,-4.7145],[136.679,-4.731],[136.6915,-4.7405],[136.692,-4.751],[136.7115,-4.7555],[136.7125,-4.7565],[136.713,-4.755],[136.713,-4.724],[136.7085,-4.707],[136.712,-4.6605],[136.7085,-4.6335],[136.708,-4.6115],[136.7095,-4.607]]]},"properties":{"code":"94.04.08.2005","name":"Kamoro","latitude":-4.676034917346316,"longitude":136.69172419631104}},{"type":"Feature","geometry":{"type":"Polygon","coordinates":[[[136.8605,-4.34],[136.829,-4.34],[136.829,-4.3765],[136.8195,-4.39],[136.8045,-4.4015],[136.804,-4.4135],[136.804,-4.4165],[136.816,-4.4435],[136.8195,-4.445],[136.833,-4.443],[136.8365,-4.444],[136.838,-4.444],[136.8415,-4.4435],[136.855,-4.444],[136.86,-4.444],[136.8805,-4.444],[136.8925,-4.4445],[136.9035,-4.435],[136.9205,-4.4115],[136.9285,-4.3875],[136.9375,-4.3825],[136.9475,-4.369],[136.8885,-4.3565],[136.875,-4.3405],[136.8605,-4.34]]]},"properties":{"code":"94.04.09.1001","name":"Kuala Kencana","latitude":-4.395347975894151,"longitude":136.86771338729415}},{"type":"Feature","geometry":{"type":"Polygon","coordinates":[[[136.8925,-4.4445],[136.884,-4.444],[136.879,-4.4555],[136.877,-4.4595],[136.876,-4.461],[136.876,-4.4625],[136.8765,-4.464],[136.879,-4.469],[136.8805,-4.47],[136.881,-4.478],[136.892,-4.4785],[136.8925,-4.4755],[136.895,-4.462],[136.892,-4.449],[136.8925,-4.4445]]]},"properties":{"code":"94.04.09.1002","name":"Karang Senang","latitude":-4.461373626730755,"longitude":136.88645857596492}},{"type":"Feature","geometry":{"type":"Polygon","coordinates":[[[136.8205,-4.459],[136.808,-4.4605],[136.798,-4.4765],[136.81,-4.4765],[136.811,-4.474],[136.8125,-4.4725],[136.814,-4.474],[136.822,-4.474],[136.8255,-4.4705],[136.8205,-4.459]]]},"properties":{"code":"94.04.09.2003","name":"Utikini Baru","latitude":-4.467993071604657,"longitude":136.81349737205178}},{"type":"Feature","geometry":{"type":"Polygon","coordinates":[[[136.8385,-4.444],[136.838,-4.444],[136.8365,-4.444],[136.833,-4.443],[136.8195,-4.445],[136.816,-4.4435],[136.804,-4.4165],[136.804,-4.4145],[136.8025,-4.417],[136.794,-4.425],[136.7925,-4.4275],[136.788,-4.431],[136.7785,-4.4505],[136.814,-4.451],[136.808,-4.4605],[136.8205,-4.459],[136.823,-4.4505],[136.824,-4.45],[136.837,-4.4505],[136.8385,-4.444]]]},"properties":{"code":"94.04.09.2004","name":"Bhintuka","latitude":-4.441054372557007,"longitude":136.80496434729903}},{"type":"Feature","geometry":{"type":"Polygon","coordinates":[[[136.884,-4.444],[136.8805,-4.444],[136.86,-4.444],[136.8575,-4.444],[136.858,-4.446],[136.8575,-4.454],[136.8565,-4.46],[136.8765,-4.46],[136.8775,-4.4585],[136.879,-4.4555],[136.884,-4.444]]]},"properties":{"code":"94.04.09.2005","name":"Tioka Kencana","latitude":-4.451693282926083,"longitude":136.86945987943278}},{"type":"Feature","geometry":{"type":"Polygon","coordinates":[[[136.957,-4.4555],[136.957,-4.4535],[136.954,-4.453],[136.9545,-4.449],[136.957,-4.4455],[136.957,-4.443],[136.957,-4.432],[136.9555,-4.429],[136.9515,-4.423],[136.958,-4.3995],[136.953,-4.3775],[136.9475,-4.369],[136.9375,-4.3825],[136.9285,-4.3875],[136.9205,-4.4115],[136.9035,-4.435],[136.8925,-4.4445],[136.892,-4.449],[136.8945,-4.4555],[136.957,-4.4555]]]},"properties":{"code":"94.04.09.2006","name":"Mimika Gunung","latitude":-4.423676905745908,"longitude":136.93238379655457}},{"type":"Feature","geometry":{"type":"Polygon","coordinates":[[[136.8765,-4.46],[136.8565,-4.46],[136.855,-4.4665],[136.851,-4.472],[136.8505,-4.4775],[136.87,-4.4785],[136.881,-4.478],[136.8805,-4.47],[136.879,-4.469],[136.8765,-4.464],[136.876,-4.4625],[136.876,-4.461],[136.8765,-4.46]]]},"properties":{"code":"94.04.09.2007","name":"Karya Kencana","latitude":-4.469785102214571,"longitude":136.86585409747968}},{"type":"Feature","geometry":{"type":"Polygon","coordinates":[[[136.85,-4.475],[136.8385,-4.474],[136.8265,-4.472],[136.8255,-4.472],[136.824,-4.4715],[136.822,-4.474],[136.814,-4.474],[136.8125,-4.4725],[136.811,-4.474],[136.81,-4.4765],[136.821,-4.4765],[136.8205,-4.493],[136.8475,-4.493],[136.85,-4.4785],[136.85,-4.475]]]},"properties":{"code":"94.04.09.2008","name":"Utikini Dua","latitude":-4.4827012857544215,"longitude":136.83337010514984}},{"type":"Feature","geometry":{"type":"Polygon","coordinates":[[[136.8575,-4.444],[136.855,-4.444],[136.8415,-4.4435],[136.8385,-4.444],[136.837,-4.4505],[136.824,-4.45],[136.823,-4.4505],[136.8205,-4.459],[136.8255,-4.4705],[136.824,-4.4715],[136.8255,-4.472],[136.8265,-4.472],[136.8385,-4.474],[136.85,-4.475],[136.851,-4.472],[136.855,-4.4665],[136.8575,-4.454],[136.858,-4.446],[136.8575,-4.444]]]},"properties":{"code":"94.04.09.2009","name":"Utikini Tiga","latitude":-4.45906232062115,"longitude":136.84092598270843}},{"type":"Feature","geometry":{"type":"Polygon","coordinates":[[[136.87,-4.4785],[136.8505,-4.4775],[136.85,-4.4785],[136.8475,-4.493],[136.869,-4.493],[136.87,-4.4785]]]},"properties":{"code":"94.04.09.2010","name":"Jimbi","latitude":-4.485670272720982,"longitude":136.85878250551363}},{"type":"Feature","geometry":{"type":"Polygon","coordinates":[[[137.1185,-4.0315],[137.117,-4.031],[137.1155,-4.0305],[137.1135,-4.0285],[137.1125,-4.0285],[137.1065,-4.0345],[137.1055,-4.0365],[137.105,-4.037],[137.1045,-4.037],[137.1055,-4.0565],[137.0925,-4.1045],[137.08,-4.1315],[137.0685,-4.144],[137.092,-4.144],[137.093,-4.145],[137.088,-4.1495],[137.1035,-4.16],[137.0965,-4.176],[137.122,-4.1735],[137.165,-4.1715],[137.178,-4.164],[137.197,-4.17],[137.2095,-4.169],[137.212,-4.1535],[137.2245,-4.151],[137.2635,-4.157],[137.2825,-4.1535],[137.2885,-4.1295],[137.297,-4.122],[137.3105,-4.1175],[137.3235,-4.1095],[137.3275,-4.0965],[137.3485,-4.081],[137.361,-4.0765],[137.354,-4.075],[137.3395,-4.0725],[137.3255,-4.072],[137.321,-4.071],[137.3105,-4.067],[137.3065,-4.065],[137.2875,-4.0545],[137.2615,-4.068],[137.252,-4.0615],[137.2335,-4.0575],[137.2225,-4.058],[137.213,-4.0665],[137.198,-4.057],[137.1885,-4.06],[137.1845,-4.0755],[137.1625,-4.064],[137.1575,-4.0435],[137.151,-4.038],[137.1315,-4.0375],[137.129,-4.0375],[137.123,-4.0345],[137.121,-4.033],[137.1205,-4.033],[137.1185,-4.032],[137.1185,-4.0315]]]},"properties":{"code":"94.04.10.1001","name":"Tembagapura","latitude":-4.107807938021608,"longitude":137.195468060156}},{"type":"Feature","geometry":{"type":"Polygon","coordinates":[[[137.1045,-4.037],[137.1025,-4.0365],[137.101,-4.0365],[137.0975,-4.0345],[137.096,-4.033],[137.095,-4.0325],[137.0955,-4.0335],[137.096,-4.034],[137.095,-4.0375],[137.091,-4.038],[137.088,-4.039],[137.0755,-4.0465],[137.0745,-4.055],[137.0445,-4.048],[137.032,-4.049],[137.031,-4.051],[137.0275,-4.06],[137.028,-4.077],[137.0135,-4.0755],[137.0095,-4.086],[137.015,-4.0935],[137.013,-4.1055],[137.0195,-4.112],[137.012,-4.1275],[137.0085,-4.1305],[136.9985,-4.1335],[136.9945,-4.124],[136.9855,-4.1185],[136.974,-4.1175],[136.962,-4.125],[136.935,-4.1205],[136.9275,-4.1275],[136.9225,-4.1285],[136.9295,-4.1365],[136.929,-4.162],[136.928,-4.1635],[136.9285,-4.1665],[136.928,-4.169],[136.9275,-4.1695],[136.9435,-4.217],[136.956,-4.216],[136.9735,-4.2075],[136.9995,-4.2045],[137.021,-4.2095],[137.031,-4.208],[137.0355,-4.183],[137.0365,-4.182],[137.0375,-4.1795],[137.0415,-4.1765],[137.0455,-4.172],[137.0495,-4.16],[137.0585,-4.157],[137.0685,-4.144],[137.08,-4.1315],[137.0925,-4.1045],[137.1055,-4.0565],[137.1045,-4.037]]]},"properties":{"code":"94.04.10.2002","name":"Waa","latitude":-4.133426780945359,"longitude":137.0165715438075}},{"type":"Feature","geometry":{"type":"Polygon","coordinates":[[[137.0795,-4.361],[137.0705,-4.306],[137.0765,-4.285],[137.074,-4.2575],[137.067,-4.2355],[137.06,-4.2365],[137.0245,-4.252],[137.011,-4.287],[137.0015,-4.295],[136.9975,-4.3065],[136.985,-4.3195],[136.98,-4.3275],[136.9705,-4.334],[136.9645,-4.336],[136.9575,-4.3415],[136.957,-4.3425],[136.9475,-4.369],[136.953,-4.3775],[136.958,-4.3995],[136.9515,-4.423],[136.9555,-4.429],[136.957,-4.432],[136.957,-4.443],[136.957,-4.4455],[136.9545,-4.449],[136.954,-4.453],[136.957,-4.4535],[136.9575,-4.456],[136.957,-4.4575],[136.9565,-4.4595],[136.9555,-4.4655],[136.9555,-4.4675],[136.9525,-4.501],[136.956,-4.5085],[136.955,-4.513],[136.948,-4.522],[136.9405,-4.545],[136.9405,-4.546],[136.951,-4.546],[137.0085,-4.545],[137.0125,-4.545],[137.0145,-4.5435],[137.016,-4.54],[137.015,-4.53],[137.026,-4.515],[137.026,-4.5075],[137.028,-4.5065],[137.0335,-4.4995],[137.0495,-4.49],[137.064,-4.453],[137.068,-4.4325],[137.082,-4.4145],[137.083,-4.3975],[137.0795,-4.361]]]},"properties":{"code":"94.04.10.2003","name":"Arwanop","latitude":-4.3991204196537605,"longitude":137.01563978245318}},{"type":"Feature","geometry":{"type":"Polygon","coordinates":[[[137.4155,-4.08],[137.4065,-4.074],[137.3675,-4.0775],[137.361,-4.0765],[137.3485,-4.081],[137.3275,-4.0965],[137.3235,-4.1095],[137.3105,-4.1175],[137.297,-4.122],[137.2885,-4.1295],[137.2825,-4.1535],[137.2635,-4.157],[137.2245,-4.151],[137.212,-4.1535],[137.2095,-4.169],[137.197,-4.17],[137.178,-4.164],[137.165,-4.1715],[137.122,-4.1735],[137.0965,-4.176],[137.092,-4.1905],[137.0855,-4.1975],[137.0845,-4.2],[137.084,-4.202],[137.0845,-4.204],[137.0845,-4.205],[137.087,-4.2045],[137.0975,-4.2065],[137.108,-4.2145],[137.1285,-4.2165],[137.158,-4.23],[137.1895,-4.25],[137.2,-4.254],[137.2075,-4.2535],[137.2395,-4.2425],[137.268,-4.2405],[137.2875,-4.2375],[137.322,-4.161],[137.353,-4.125],[137.372,-4.1115],[137.3865,-4.117],[137.397,-4.091],[137.4155,-4.08]]]},"properties":{"code":"94.04.10.2004","name":"T'Singa","latitude":-4.178857095888957,"longitude":137.24434500844177}},{"type":"Feature","geometry":{"type":"Polygon","coordinates":[[[137.2005,-4.254],[137.2,-4.254],[137.1895,-4.25],[137.158,-4.23],[137.1285,-4.2165],[137.108,-4.2145],[137.0975,-4.2065],[137.087,-4.2045],[137.084,-4.205],[137.0805,-4.229],[137.0785,-4.232],[137.067,-4.2355],[137.074,-4.2575],[137.0765,-4.285],[137.0705,-4.306],[137.0795,-4.361],[137.1115,-4.368],[137.1245,-4.375],[137.145,-4.3695],[137.16,-4.351],[137.206,-4.352],[137.2065,-4.325],[137.2105,-4.3155],[137.204,-4.3035],[137.21,-4.287],[137.2075,-4.2705],[137.2005,-4.2615],[137.2,-4.256],[137.2,-4.255],[137.2005,-4.254]]]},"properties":{"code":"94.04.10.2005","name":"Jagamin","latitude":-4.293224393898419,"longitude":137.13513959880328}},{"type":"Feature","geometry":{"type":"Polygon","coordinates":[[[137.206,-4.352],[137.16,-4.351],[137.145,-4.3695],[137.1245,-4.375],[137.1115,-4.368],[137.0795,-4.361],[137.083,-4.3975],[137.082,-4.4145],[137.068,-4.4325],[137.064,-4.453],[137.0495,-4.49],[137.0335,-4.4995],[137.028,-4.5065],[137.026,-4.5075],[137.026,-4.515],[137.015,-4.53],[137.016,-4.54],[137.0145,-4.5435],[137.0125,-4.545],[137.0085,-4.545],[137.014,-4.546],[137.0455,-4.523],[137.055,-4.5125],[137.07,-4.5045],[137.107,-4.5045],[137.1505,-4.5045],[137.178,-4.505],[137.1715,-4.4975],[137.1825,-4.465],[137.1885,-4.4645],[137.1965,-4.449],[137.198,-4.4375],[137.1935,-4.426],[137.1975,-4.4],[137.2055,-4.387],[137.2045,-4.383],[137.2075,-4.366],[137.204,-4.355],[137.206,-4.352]]]},"properties":{"code":"94.04.10.2006","name":"Banigogom","latitude":-4.4379255892779845,"longitude":137.12641792522462}},{"type":"Feature","geometry":{"type":"Polygon","coordinates":[[[137.0965,-4.176],[137.1035,-4.16],[137.088,-4.1495],[137.093,-4.145],[137.092,-4.144],[137.0685,-4.144],[137.0585,-4.157],[137.0495,-4.16],[137.0455,-4.172],[137.0415,-4.1765],[137.0375,-4.1795],[137.0365,-4.182],[137.0355,-4.183],[137.031,-4.208],[137.021,-4.2095],[136.9995,-4.2045],[136.9735,-4.2075],[136.956,-4.216],[136.9435,-4.217],[136.9455,-4.2225],[136.9705,-4.259],[136.9725,-4.279],[136.9805,-4.289],[136.972,-4.303],[136.974,-4.3145],[136.979,-4.3245],[136.9805,-4.327],[136.985,-4.3195],[136.9975,-4.3065],[137.0015,-4.295],[137.011,-4.287],[137.0245,-4.252],[137.06,-4.2365],[137.067,-4.2355],[137.0785,-4.232],[137.0805,-4.229],[137.084,-4.205],[137.0845,-4.205],[137.0845,-4.204],[137.084,-4.202],[137.0845,-4.2],[137.0855,-4.1975],[137.092,-4.1905],[137.0965,-4.176]]]},"properties":{"code":"94.04.10.2007","name":"Opitawak","latitude":-4.22415089889652,"longitude":137.02458125840585}},{"type":"Feature","geometry":{"type":"Polygon","coordinates":[[[137.2975,-4.321],[137.293,-4.3205],[137.2885,-4.32],[137.2705,-4.3135],[137.256,-4.313],[137.249,-4.3195],[137.2475,-4.339],[137.2195,-4.343],[137.206,-4.352],[137.204,-4.355],[137.2075,-4.366],[137.2045,-4.383],[137.2055,-4.387],[137.1975,-4.4],[137.1935,-4.426],[137.198,-4.4375],[137.1965,-4.449],[137.1885,-4.4645],[137.1825,-4.465],[137.1715,-4.4975],[137.178,-4.505],[137.2815,-4.5065],[137.348,-4.507],[137.353,-4.4985],[137.355,-4.492],[137.3515,-4.4875],[137.351,-4.4845],[137.346,-4.4825],[137.345,-4.4825],[137.3425,-4.4805],[137.334,-4.4725],[137.331,-4.465],[137.339,-4.456],[137.3255,-4.441],[137.3125,-4.443],[137.3,-4.4315],[137.2975,-4.402],[137.281,-4.379],[137.2795,-4.3775],[137.2825,-4.3715],[137.2805,-4.3655],[137.28,-4.3445],[137.2965,-4.326],[137.298,-4.3235],[137.2975,-4.3225],[137.2975,-4.321]]]},"properties":{"code":"94.04.10.2008","name":"Doliningokngin","latitude":-4.432810108158167,"longitude":137.25584594356818}},{"type":"Feature","geometry":{"type":"Polygon","coordinates":[[[137.3805,-4.4075],[137.3725,-4.3985],[137.3715,-4.393],[137.366,-4.379],[137.3525,-4.3645],[137.337,-4.3645],[137.3345,-4.363],[137.331,-4.364],[137.328,-4.3645],[137.326,-4.3655],[137.3195,-4.372],[137.317,-4.373],[137.316,-4.381],[137.317,-4.3835],[137.3155,-4.391],[137.3145,-4.3935],[137.309,-4.3945],[137.2975,-4.402],[137.3,-4.4315],[137.3125,-4.443],[137.3255,-4.441],[137.339,-4.456],[137.331,-4.465],[137.334,-4.4725],[137.3425,-4.4805],[137.345,-4.4825],[137.346,-4.4825],[137.351,-4.4845],[137.3515,-4.4875],[137.355,-4.492],[137.353,-4.4985],[137.348,-4.507],[137.353,-4.5075],[137.3685,-4.4515],[137.3735,-4.4255],[137.3775,-4.416],[137.3785,-4.4125],[137.3805,-4.4075]]]},"properties":{"code":"94.04.10.2009","name":"Banti Dua","latitude":-4.4191360299402085,"longitude":137.3412717094915}},{"type":"Feature","geometry":{"type":"Polygon","coordinates":[[[137.2975,-4.321],[137.2975,-4.3195],[137.288,-4.2915],[137.2785,-4.2885],[137.2775,-4.2635],[137.2655,-4.2545],[137.2715,-4.24],[137.268,-4.2405],[137.2395,-4.2425],[137.2075,-4.2535],[137.2005,-4.254],[137.2,-4.255],[137.2,-4.256],[137.2005,-4.2615],[137.2075,-4.2705],[137.21,-4.287],[137.204,-4.3035],[137.2105,-4.3155],[137.2065,-4.325],[137.206,-4.352],[137.2195,-4.343],[137.2475,-4.339],[137.249,-4.3195],[137.256,-4.313],[137.2705,-4.3135],[137.2885,-4.32],[137.293,-4.3205],[137.2975,-4.321]]]},"properties":{"code":"94.04.10.2010","name":"Aingogin","latitude":-4.291075017062742,"longitude":137.2418207542528}},{"type":"Feature","geometry":{"type":"Polygon","coordinates":[[[136.9435,-4.217],[136.9275,-4.1695],[136.927,-4.17],[136.9085,-4.177],[136.9065,-4.1825],[136.8895,-4.178],[136.8835,-4.186],[136.8625,-4.196],[136.8575,-4.21],[136.8555,-4.2105],[136.856,-4.2125],[136.859,-4.2195],[136.8655,-4.23],[136.872,-4.235],[136.8775,-4.2555],[136.8715,-4.262],[136.876,-4.2895],[136.8645,-4.3145],[136.8675,-4.3305],[136.8605,-4.34],[136.875,-4.3405],[136.8885,-4.3565],[136.9475,-4.369],[136.957,-4.3425],[136.9575,-4.3415],[136.9645,-4.336],[136.9705,-4.334],[136.98,-4.3275],[136.9805,-4.327],[136.979,-4.3245],[136.974,-4.3145],[136.972,-4.303],[136.9805,-4.289],[136.9725,-4.279],[136.9705,-4.259],[136.9455,-4.2225],[136.9435,-4.217]]]},"properties":{"code":"94.04.10.2011","name":"Baluni","latitude":-4.274662929220505,"longitude":136.91662115991178}},{"type":"Feature","geometry":{"type":"Polygon","coordinates":[[[136.8555,-4.2105],[136.8525,-4.211],[136.852,-4.2115],[136.8505,-4.2115],[136.8485,-4.2085],[136.842,-4.2115],[136.84,-4.214],[136.8295,-4.2245],[136.829,-4.2325],[136.813,-4.2365],[136.8,-4.2455],[136.7875,-4.2445],[136.7855,-4.2525],[136.7985,-4.2685],[136.8025,-4.285],[136.8,-4.301],[136.797,-4.3055],[136.785,-4.3145],[136.76,-4.312],[136.7495,-4.3155],[136.739,-4.3115],[136.727,-4.334],[136.7255,-4.3575],[136.72,-4.3615],[136.7155,-4.3865],[136.713,-4.388],[136.712,-4.3885],[136.71,-4.3895],[136.7045,-4.3915],[136.701,-4.3915],[136.697,-4.393],[136.694,-4.3965],[136.679,-4.397],[136.6765,-4.4],[136.6755,-4.401],[136.672,-4.402],[136.6695,-4.4095],[136.6675,-4.41],[136.67,-4.417],[136.6695,-4.4195],[136.6725,-4.4295],[136.682,-4.432],[136.6835,-4.4345],[136.6755,-4.4435],[136.672,-4.44],[136.67,-4.4405],[136.6665,-4.4475],[136.6635,-4.446],[136.6605,-4.446],[136.66,-4.4495],[136.6615,-4.451],[136.7695,-4.4505],[136.7785,-4.4505],[136.788,-4.431],[136.7925,-4.4275],[136.794,-4.425],[136.8025,-4.417],[136.804,-4.4145],[136.804,-4.4135],[136.8045,-4.4015],[136.8195,-4.39],[136.829,-4.3765],[136.829,-4.34],[136.8605,-4.34],[136.8675,-4.3305],[136.8645,-4.3145],[136.876,-4.2895],[136.8715,-4.262],[136.8775,-4.2555],[136.872,-4.235],[136.8655,-4.23],[136.859,-4.2195],[136.856,-4.2125],[136.8555,-4.2105]]]},"properties":{"code":"94.04.10.2012","name":"Noselanop","latitude":-4.348790933027157,"longitude":136.7838351108266}},{"type":"Feature","geometry":{"type":"Polygon","coordinates":[[[136.672,-4.402],[136.6735,-4.3995],[136.663,-4.385],[136.649,-4.3795],[136.6475,-4.3795],[136.6455,-4.378],[136.643,-4.3775],[136.633,-4.381],[136.6305,-4.3815],[136.629,-4.381],[136.628,-4.382],[136.6285,-4.383],[136.628,-4.384],[136.6245,-4.3865],[136.61,-4.3915],[136.6075,-4.3915],[136.607,-4.3925],[136.6045,-4.393],[136.6025,-4.3945],[136.5995,-4.3945],[136.599,-4.391],[136.6005,-4.389],[136.6,-4.386],[136.5995,-4.3855],[136.5965,-4.386],[136.596,-4.38],[136.5945,-4.3795],[136.593,-4.3835],[136.59,-4.3925],[136.58,-4.4515],[136.6615,-4.451],[136.66,-4.4495],[136.6605,-4.446],[136.6635,-4.446],[136.6665,-4.4475],[136.67,-4.4405],[136.672,-4.44],[136.6755,-4.4435],[136.6835,-4.4345],[136.682,-4.432],[136.6725,-4.4295],[136.6695,-4.4195],[136.67,-4.417],[136.6675,-4.41],[136.6695,-4.4095],[136.672,-4.402]]]},"properties":{"code":"94.04.10.2013","name":"Meningimponogama","latitude":-4.418611564474266,"longitude":136.6292207479145}},{"type":"Feature","geometry":{"type":"Polygon","coordinates":[[[137.4385,-4.0975],[137.423,-4.0935],[137.4155,-4.08],[137.397,-4.091],[137.3865,-4.117],[137.372,-4.1115],[137.353,-4.125],[137.322,-4.161],[137.2875,-4.2375],[137.2715,-4.24],[137.2655,-4.2545],[137.2775,-4.2635],[137.2785,-4.2885],[137.288,-4.2915],[137.2975,-4.3195],[137.2975,-4.3225],[137.298,-4.3235],[137.2965,-4.326],[137.28,-4.3445],[137.2805,-4.3655],[137.2825,-4.3715],[137.2795,-4.3775],[137.281,-4.379],[137.2975,-4.402],[137.309,-4.3945],[137.3145,-4.3935],[137.3155,-4.391],[137.317,-4.3835],[137.316,-4.381],[137.317,-4.373],[137.3195,-4.372],[137.326,-4.3655],[137.328,-4.3645],[137.331,-4.364],[137.3345,-4.363],[137.337,-4.3645],[137.3525,-4.3645],[137.366,-4.379],[137.3715,-4.393],[137.3725,-4.3985],[137.3805,-4.4075],[137.384,-4.4005],[137.3955,-4.3855],[137.3915,-4.3665],[137.381,-4.349],[137.3805,-4.348],[137.379,-4.344],[137.3765,-4.3425],[137.369,-4.3325],[137.3695,-4.3315],[137.3775,-4.3045],[137.374,-4.2835],[137.3835,-4.2735],[137.3895,-4.2655],[137.403,-4.2415],[137.4015,-4.2265],[137.4125,-4.2125],[137.414,-4.1985],[137.446,-4.1535],[137.4545,-4.1455],[137.454,-4.135],[137.4675,-4.1265],[137.4785,-4.127],[137.4875,-4.12],[137.449,-4.104],[137.4385,-4.0975]]]},"properties":{"code":"94.04.10.2014","name":"Jongkogama","latitude":-4.236710677556761,"longitude":137.3576828388795}},{"type":"Feature","geometry":{"type":"MultiPolygon","coordinates":[[[[134.955,-4.317],[134.9545,-4.3225],[134.9825,-4.333],[135.0125,-4.3495],[135.013,-4.3375],[134.989,-4.334],[134.9625,-4.3175],[134.955,-4.317]]],[[[135.071,-3.9895],[135.0665,-3.987],[135.0675,-3.982],[135.067,-3.9815],[135.0655,-3.9835],[135.0635,-3.988],[135.062,-3.989],[135.061,-3.9885],[135.0595,-3.9865],[135.059,-3.984],[135.0555,-3.9865],[135.0585,-3.989],[135.0605,-3.991],[135.0635,-3.9915],[135.0635,-3.9925],[135.0595,-3.9965],[135.058,-3.9975],[135.0475,-4.003],[135.04,-3.998],[135.0375,-3.999],[135.033,-4.0025],[135.0315,-4.004],[135.031,-4.0095],[135.035,-4.0095],[135.037,-4.0105],[135.0365,-4.013],[135.0355,-4.0155],[135.036,-4.018],[135.054,-4.027],[135.043,-4.044],[135.05,-4.054],[135.0465,-4.0525],[135.046,-4.052],[135.0425,-4.049],[135.042,-4.0495],[135.04,-4.068],[135.02,-4.08],[135.0125,-4.0795],[135.0035,-4.092],[135.003,-4.1065],[134.997,-4.1285],[134.969,-4.14],[134.9635,-4.153],[134.9625,-4.168],[134.9535,-4.182],[134.952,-4.1975],[134.9425,-4.208],[134.9345,-4.2065],[134.936,-4.2265],[134.9145,-4.227],[134.9005,-4.239],[134.8945,-4.238],[134.888,-4.2515],[134.8865,-4.252],[134.8855,-4.2525],[134.8985,-4.2575],[134.928,-4.283],[134.9365,-4.2995],[134.944,-4.2945],[134.957,-4.3025],[134.9655,-4.3135],[134.987,-4.3255],[134.991,-4.3335],[135.0125,-4.337],[135.0215,-4.3455],[135.021,-4.353],[135.0345,-4.3645],[135.04,-4.3755],[135.0695,-4.378],[135.0615,-4.3865],[135.1005,-4.4085],[135.116,-4.4085],[135.119,-4.414],[135.1905,-4.455],[135.204,-4.4575],[135.2025,-4.453],[135.2015,-4.4515],[135.201,-4.45],[135.198,-4.447],[135.1995,-4.443],[135.202,-4.4435],[135.203,-4.4435],[135.203,-4.442],[135.197,-4.442],[135.192,-4.44],[135.192,-4.439],[135.1975,-4.435],[135.196,-4.4205],[135.206,-4.4185],[135.2065,-4.414],[135.201,-4.4145],[135.2025,-4.411],[135.202,-4.391],[135.191,-4.386],[135.181,-4.3735],[135.1895,-4.3635],[135.1855,-4.357],[135.1875,-4.338],[135.1765,-4.317],[135.182,-4.311],[135.182,-4.304],[135.194,-4.2905],[135.188,-4.2805],[135.1745,-4.274],[135.169,-4.264],[135.172,-4.255],[135.167,-4.2415],[135.169,-4.241],[135.1805,-4.2105],[135.1805,-4.208],[135.175,-4.1995],[135.1765,-4.1965],[135.177,-4.1965],[135.1805,-4.1965],[135.179,-4.195],[135.1805,-4.1915],[135.179,-4.1895],[135.1755,-4.1865],[135.1735,-4.1855],[135.1715,-4.1855],[135.17,-4.1845],[135.1695,-4.1855],[135.1665,-4.185],[135.164,-4.183],[135.1505,-4.175],[135.13,-4.171],[135.1285,-4.16],[135.138,-4.139],[135.1235,-4.134],[135.122,-4.1325],[135.1185,-4.129],[135.119,-4.128],[135.1195,-4.1255],[135.1215,-4.117],[135.1285,-4.112],[135.131,-4.11],[135.1515,-4.0865],[135.1475,-4.0865],[135.1475,-4.0835],[135.1455,-4.0785],[135.1405,-4.08],[135.135,-4.0805],[135.112,-4.082],[135.107,-4.0835],[135.099,-4.084],[135.098,-4.084],[135.093,-4.082],[135.0905,-4.0815],[135.09,-4.074],[135.092,-4.072],[135.084,-4.0575],[135.0875,-4.051],[135.1015,-4.0525],[135.1125,-4.061],[135.1255,-4.06],[135.1455,-4.0465],[135.153,-4.025],[135.149,-4.0175],[135.139,-4.018],[135.121,-4.008],[135.1205,-4.0065],[135.1185,-4.008],[135.1175,-4.0095],[135.116,-4.012],[135.115,-4.0095],[135.113,-4.008],[135.1125,-4.0075],[135.1165,-4.004],[135.1175,-4.004],[135.1195,-4.0045],[135.1195,-4.004],[135.1165,-4.0025],[135.1145,-4.0045],[135.114,-4.003],[135.1105,-4.001],[135.1095,-4.0025],[135.1065,-3.998],[135.105,-3.9975],[135.1045,-4],[135.102,-4.0035],[135.0745,-3.994],[135.0725,-3.9895],[135.071,-3.9895]]]]},"properties":{"code":"94.04.11.2001","name":"Potowai Buru","latitude":-4.232191753882507,"longitude":135.0706773238731}},{"type":"Feature","geometry":{"type":"Polygon","coordinates":[[[135.557,-4.211],[135.5435,-4.206],[135.525,-4.203],[135.5085,-4.202],[135.507,-4.214],[135.506,-4.2205],[135.504,-4.226],[135.477,-4.2565],[135.4515,-4.297],[135.4485,-4.3245],[135.4695,-4.358],[135.4745,-4.3565],[135.4735,-4.3515],[135.4745,-4.3495],[135.479,-4.348],[135.481,-4.349],[135.4915,-4.349],[135.491,-4.347],[135.491,-4.3465],[135.4945,-4.3445],[135.4965,-4.346],[135.4995,-4.3445],[135.514,-4.331],[135.5155,-4.331],[135.516,-4.329],[135.518,-4.3275],[135.535,-4.304],[135.54,-4.2925],[135.552,-4.281],[135.5585,-4.269],[135.561,-4.267],[135.5545,-4.257],[135.5545,-4.219],[135.557,-4.211]]]},"properties":{"code":"94.04.11.2002","name":"Yapkoka","latitude":-4.279110370975617,"longitude":135.50529867262856}},{"type":"Feature","geometry":{"type":"Polygon","coordinates":[[[135.3665,-4.3885],[135.3665,-4.388],[135.363,-4.3855],[135.366,-4.3865],[135.3645,-4.38],[135.3635,-4.379],[135.363,-4.378],[135.352,-4.3715],[135.352,-4.3705],[135.3565,-4.357],[135.357,-4.355],[135.3575,-4.356],[135.358,-4.354],[135.361,-4.35],[135.364,-4.3485],[135.365,-4.35],[135.3675,-4.3505],[135.373,-4.345],[135.3745,-4.3425],[135.374,-4.3425],[135.3725,-4.342],[135.371,-4.327],[135.3575,-4.317],[135.353,-4.316],[135.3565,-4.314],[135.369,-4.302],[135.3695,-4.301],[135.3695,-4.2935],[135.3685,-4.289],[135.367,-4.2895],[135.368,-4.2875],[135.368,-4.2825],[135.3635,-4.2795],[135.329,-4.2895],[135.2605,-4.315],[135.2355,-4.3235],[135.2015,-4.3175],[135.182,-4.311],[135.1765,-4.317],[135.1875,-4.338],[135.1855,-4.357],[135.1895,-4.3635],[135.181,-4.3735],[135.191,-4.386],[135.202,-4.391],[135.2025,-4.411],[135.201,-4.4145],[135.2065,-4.414],[135.206,-4.4185],[135.196,-4.4205],[135.1975,-4.435],[135.192,-4.439],[135.192,-4.44],[135.197,-4.442],[135.203,-4.442],[135.203,-4.4435],[135.202,-4.4435],[135.1995,-4.443],[135.198,-4.447],[135.201,-4.45],[135.2015,-4.4515],[135.2025,-4.453],[135.204,-4.4575],[135.208,-4.466],[135.248,-4.457],[135.252,-4.453],[135.304,-4.443],[135.3425,-4.4425],[135.351,-4.431],[135.3485,-4.4285],[135.356,-4.4195],[135.3585,-4.403],[135.37,-4.397],[135.3665,-4.3885]]]},"properties":{"code":"94.04.11.2003","name":"Aindua","latitude":-4.374704380150253,"longitude":135.2786143141589}},{"type":"Feature","geometry":{"type":"Polygon","coordinates":[[[135.396,-4.229],[135.396,-4.228],[135.398,-4.227],[135.3975,-4.227],[135.3935,-4.217],[135.3765,-4.209],[135.366,-4.197],[135.353,-4.193],[135.3025,-4.2015],[135.3015,-4.188],[135.275,-4.167],[135.2555,-4.173],[135.232,-4.1765],[135.2175,-4.1725],[135.1935,-4.1785],[135.19,-4.1895],[135.188,-4.191],[135.184,-4.194],[135.183,-4.193],[135.1815,-4.1945],[135.1805,-4.1965],[135.177,-4.1965],[135.1765,-4.1965],[135.175,-4.1995],[135.1805,-4.208],[135.1805,-4.2105],[135.169,-4.241],[135.167,-4.2415],[135.172,-4.255],[135.169,-4.264],[135.1745,-4.274],[135.188,-4.2805],[135.194,-4.2905],[135.182,-4.304],[135.182,-4.311],[135.2015,-4.3175],[135.2355,-4.3235],[135.2605,-4.315],[135.329,-4.2895],[135.3635,-4.2795],[135.365,-4.2775],[135.3665,-4.2755],[135.368,-4.275],[135.3675,-4.274],[135.368,-4.2725],[135.379,-4.256],[135.3945,-4.241],[135.3925,-4.2345],[135.3945,-4.2325],[135.395,-4.23],[135.396,-4.229]]]},"properties":{"code":"94.04.11.2004","name":"Tapomai","latitude":-4.2440410209515385,"longitude":135.2697595129}},{"type":"Feature","geometry":{"type":"Polygon","coordinates":[[[135.5085,-4.202],[135.503,-4.2025],[135.4845,-4.2165],[135.483,-4.2185],[135.485,-4.224],[135.485,-4.227],[135.4845,-4.2285],[135.4835,-4.2335],[135.4795,-4.239],[135.478,-4.241],[135.477,-4.2415],[135.475,-4.2445],[135.4595,-4.2515],[135.437,-4.2455],[135.4275,-4.247],[135.4255,-4.247],[135.4185,-4.244],[135.4165,-4.2435],[135.4165,-4.238],[135.3995,-4.2305],[135.3965,-4.232],[135.3955,-4.2315],[135.3955,-4.23],[135.396,-4.2295],[135.396,-4.229],[135.395,-4.23],[135.3945,-4.2325],[135.3925,-4.2345],[135.3945,-4.241],[135.379,-4.256],[135.368,-4.2725],[135.3675,-4.274],[135.368,-4.275],[135.3665,-4.2755],[135.365,-4.2775],[135.3635,-4.2795],[135.368,-4.2825],[135.368,-4.2875],[135.367,-4.2895],[135.3685,-4.289],[135.3695,-4.2935],[135.3695,-4.301],[135.369,-4.302],[135.3565,-4.314],[135.353,-4.316],[135.3575,-4.317],[135.371,-4.327],[135.3725,-4.342],[135.374,-4.3425],[135.3745,-4.3425],[135.373,-4.345],[135.3675,-4.3505],[135.365,-4.35],[135.364,-4.3485],[135.361,-4.35],[135.358,-4.354],[135.3575,-4.356],[135.357,-4.355],[135.3565,-4.357],[135.352,-4.3705],[135.352,-4.3715],[135.363,-4.378],[135.3635,-4.379],[135.3645,-4.38],[135.366,-4.3865],[135.363,-4.3855],[135.3665,-4.388],[135.3665,-4.3885],[135.37,-4.389],[135.3725,-4.3875],[135.373,-4.3855],[135.3735,-4.3855],[135.384,-4.3735],[135.386,-4.3715],[135.3975,-4.365],[135.397,-4.3635],[135.3975,-4.363],[135.4075,-4.3575],[135.407,-4.355],[135.4105,-4.3525],[135.411,-4.352],[135.4115,-4.353],[135.413,-4.353],[135.4125,-4.351],[135.4125,-4.3505],[135.4145,-4.351],[135.4155,-4.354],[135.4175,-4.3535],[135.416,-4.3515],[135.419,-4.3505],[135.421,-4.348],[135.4285,-4.3555],[135.4305,-4.3565],[135.4295,-4.3575],[135.43,-4.3585],[135.442,-4.348],[135.4575,-4.3505],[135.466,-4.358],[135.4685,-4.3585],[135.4695,-4.358],[135.4485,-4.3245],[135.4515,-4.297],[135.477,-4.2565],[135.504,-4.226],[135.506,-4.2205],[135.507,-4.214],[135.5085,-4.202]]]},"properties":{"code":"94.04.11.2005","name":"Umar","latitude":-4.299420633100461,"longitude":135.41549696263604}},{"type":"Feature","geometry":{"type":"Polygon","coordinates":[[[135.832,-4.296],[135.831,-4.296],[135.8215,-4.298],[135.8055,-4.283],[135.796,-4.283],[135.793,-4.282],[135.7875,-4.283],[135.7865,-4.283],[135.7875,-4.2865],[135.788,-4.2975],[135.7875,-4.3045],[135.784,-4.3235],[135.7845,-4.35],[135.7765,-4.3735],[135.773,-4.452],[135.778,-4.487],[135.801,-4.485],[135.815,-4.429],[135.8315,-4.354],[135.835,-4.324],[135.832,-4.296]]]},"properties":{"code":"94.04.12.2001","name":"Kapiraya","latitude":-4.379474274716388,"longitude":135.80119103361324}},{"type":"Feature","geometry":{"type":"Polygon","coordinates":[[[136.083,-4.4295],[136.0795,-4.4155],[136.0825,-4.4115],[136.0845,-4.411],[136.0935,-4.411],[136.091,-4.409],[136.0865,-4.4075],[136.0845,-4.4045],[136.085,-4.402],[136.088,-4.4015],[136.093,-4.4005],[136.094,-4.3995],[136.0955,-4.394],[136.094,-4.3905],[136.092,-4.393],[136.0925,-4.3975],[136.092,-4.398],[136.0905,-4.3985],[136.084,-4.3955],[136.075,-4.4025],[136.074,-4.402],[136.053,-4.4335],[136.03,-4.474],[136.012,-4.498],[136.012,-4.5095],[136.0035,-4.5355],[135.9885,-4.5445],[136.017,-4.559],[136.021,-4.544],[136.0425,-4.5375],[136.045,-4.5215],[136.0615,-4.52],[136.0475,-4.5105],[136.0575,-4.4895],[136.073,-4.48],[136.0715,-4.461],[136.083,-4.4295]]]},"properties":{"code":"94.04.12.2002","name":"Uta","latitude":-4.484952327409441,"longitude":136.04364071569773}},{"type":"Feature","geometry":{"type":"Polygon","coordinates":[[[136.0615,-4.52],[136.045,-4.5215],[136.0425,-4.5375],[136.021,-4.544],[136.017,-4.559],[136.0365,-4.5775],[136.042,-4.5785],[136.048,-4.559],[136.052,-4.5575],[136.069,-4.5545],[136.0695,-4.5525],[136.07,-4.5505],[136.0695,-4.5475],[136.066,-4.544],[136.065,-4.544],[136.057,-4.5495],[136.06,-4.543],[136.0605,-4.5425],[136.0605,-4.5405],[136.0645,-4.5325],[136.0695,-4.531],[136.0695,-4.5305],[136.067,-4.525],[136.065,-4.5215],[136.0625,-4.521],[136.0615,-4.52]]]},"properties":{"code":"94.04.12.2003","name":"Mupuruka","latitude":-4.5485289664519835,"longitude":136.04444766565976}},{"type":"Feature","geometry":{"type":"Polygon","coordinates":[[[136.003,-4.2805],[135.97,-4.2795],[135.9615,-4.28],[135.9425,-4.281],[135.9335,-4.3125],[135.9325,-4.324],[135.9245,-4.338],[135.913,-4.3705],[135.902,-4.392],[135.8875,-4.427],[135.889,-4.4435],[135.8825,-4.4855],[135.9055,-4.488],[135.928,-4.4935],[135.9465,-4.5035],[135.9515,-4.479],[135.9555,-4.453],[135.948,-4.4385],[135.947,-4.4175],[135.973,-4.3945],[135.998,-4.363],[136.011,-4.3145],[136.0145,-4.306],[136.016,-4.3],[136.0185,-4.2945],[136.021,-4.2855],[136.003,-4.2805]]]},"properties":{"code":"94.04.12.2004","name":"Wumuka","latitude":-4.381051944375848,"longitude":135.94664311177195}},{"type":"Feature","geometry":{"type":"Polygon","coordinates":[[[135.9425,-4.281],[135.903,-4.2815],[135.8915,-4.288],[135.889,-4.2885],[135.8605,-4.3605],[135.8535,-4.4265],[135.8495,-4.4635],[135.8475,-4.4765],[135.846,-4.48],[135.842,-4.4845],[135.8825,-4.4855],[135.889,-4.4435],[135.8875,-4.427],[135.902,-4.392],[135.913,-4.3705],[135.9245,-4.338],[135.9325,-4.324],[135.9335,-4.3125],[135.9425,-4.281]]]},"properties":{"code":"94.04.12.2005","name":"Akar","latitude":-4.374545178375752,"longitude":135.88803594915714}},{"type":"Feature","geometry":{"type":"Polygon","coordinates":[[[135.877,-4.289],[135.875,-4.287],[135.8345,-4.2955],[135.832,-4.296],[135.835,-4.324],[135.8315,-4.354],[135.815,-4.429],[135.801,-4.485],[135.842,-4.4845],[135.846,-4.48],[135.8475,-4.4765],[135.8495,-4.4635],[135.8535,-4.4265],[135.8605,-4.3605],[135.889,-4.2885],[135.8875,-4.2885],[135.877,-4.289]]]},"properties":{"code":"94.04.12.2006","name":"Mapar","latitude":-4.386725255974665,"longitude":135.84213707149829}},{"type":"Feature","geometry":{"type":"Polygon","coordinates":[[[135.729,-4.266],[135.722,-4.261],[135.7105,-4.2675],[135.7085,-4.2425],[135.6995,-4.233],[135.6975,-4.232],[135.702,-4.277],[135.721,-4.3305],[135.7235,-4.344],[135.7145,-4.373],[135.715,-4.3915],[135.7095,-4.4015],[135.7165,-4.416],[135.7085,-4.4225],[135.706,-4.4345],[135.6965,-4.4365],[135.6975,-4.4475],[135.711,-4.456],[135.712,-4.479],[135.7175,-4.495],[135.735,-4.4955],[135.7545,-4.4895],[135.778,-4.487],[135.773,-4.452],[135.7765,-4.3735],[135.7845,-4.35],[135.784,-4.3235],[135.7875,-4.3045],[135.788,-4.2975],[135.7875,-4.2865],[135.7865,-4.283],[135.7855,-4.284],[135.7765,-4.2845],[135.7745,-4.2845],[135.773,-4.2845],[135.7715,-4.285],[135.7695,-4.285],[135.7595,-4.2825],[135.755,-4.281],[135.7515,-4.2765],[135.751,-4.2755],[135.7395,-4.2735],[135.737,-4.273],[135.736,-4.27],[135.7355,-4.268],[135.729,-4.266]]]},"properties":{"code":"94.04.12.2007","name":"Kipia","latitude":-4.376642623059312,"longitude":135.74353980503594}},{"type":"Feature","geometry":{"type":"Polygon","coordinates":[[[135.6975,-4.232],[135.6965,-4.231],[135.6965,-4.227],[135.6955,-4.2175],[135.687,-4.2105],[135.6855,-4.1975],[135.6755,-4.194],[135.6645,-4.2075],[135.637,-4.2155],[135.624,-4.229],[135.616,-4.2315],[135.61,-4.218],[135.599,-4.206],[135.581,-4.2185],[135.557,-4.211],[135.5545,-4.219],[135.5545,-4.257],[135.561,-4.267],[135.5585,-4.269],[135.552,-4.281],[135.54,-4.2925],[135.535,-4.304],[135.518,-4.3275],[135.516,-4.329],[135.5155,-4.331],[135.514,-4.331],[135.4995,-4.3445],[135.4965,-4.346],[135.4945,-4.3445],[135.491,-4.3465],[135.491,-4.347],[135.4915,-4.349],[135.481,-4.349],[135.479,-4.348],[135.4745,-4.3495],[135.4735,-4.3515],[135.4745,-4.3565],[135.4685,-4.3585],[135.466,-4.358],[135.4575,-4.3505],[135.442,-4.348],[135.43,-4.3585],[135.4295,-4.3575],[135.4305,-4.3565],[135.4285,-4.3555],[135.421,-4.348],[135.419,-4.3505],[135.416,-4.3515],[135.4175,-4.3535],[135.4155,-4.354],[135.4145,-4.351],[135.4125,-4.3505],[135.4125,-4.351],[135.413,-4.353],[135.4115,-4.353],[135.411,-4.352],[135.4105,-4.3525],[135.407,-4.355],[135.4075,-4.3575],[135.3975,-4.363],[135.397,-4.3635],[135.3975,-4.365],[135.386,-4.3715],[135.384,-4.3735],[135.3735,-4.3855],[135.373,-4.3855],[135.3725,-4.3875],[135.37,-4.389],[135.3665,-4.3885],[135.37,-4.397],[135.3585,-4.403],[135.356,-4.4195],[135.3485,-4.4285],[135.351,-4.431],[135.402,-4.4265],[135.4175,-4.436],[135.4425,-4.437],[135.4835,-4.4415],[135.5125,-4.4465],[135.5835,-4.464],[135.5995,-4.4735],[135.623,-4.475],[135.658,-4.4805],[135.6995,-4.489],[135.7175,-4.495],[135.712,-4.479],[135.711,-4.456],[135.6975,-4.4475],[135.6965,-4.4365],[135.706,-4.4345],[135.7085,-4.4225],[135.7165,-4.416],[135.7095,-4.4015],[135.715,-4.3915],[135.7145,-4.373],[135.7235,-4.344],[135.721,-4.3305],[135.702,-4.277],[135.6975,-4.232]]]},"properties":{"code":"94.04.12.2008","name":"Pronggo","latitude":-4.360437299944381,"longitude":135.58468854799162}},{"type":"Feature","geometry":{"type":"Polygon","coordinates":[[[136.034,-4.294],[136.0215,-4.286],[136.021,-4.2855],[136.0185,-4.2945],[136.016,-4.3],[136.0145,-4.306],[136.011,-4.3145],[135.998,-4.363],[135.973,-4.3945],[135.947,-4.4175],[135.948,-4.4385],[135.9555,-4.453],[135.9515,-4.479],[135.9465,-4.5035],[135.9555,-4.5215],[135.9665,-4.5305],[135.9855,-4.5355],[135.9885,-4.5445],[136.0035,-4.5355],[136.012,-4.5095],[136.012,-4.498],[136.03,-4.474],[136.053,-4.4335],[136.074,-4.402],[136.073,-4.401],[136.068,-4.396],[136.05,-4.4],[136.023,-4.391],[136.021,-4.389],[136.016,-4.3795],[136.015,-4.378],[136.0125,-4.3765],[136.011,-4.374],[136.032,-4.355],[136.0325,-4.3525],[136.0375,-4.346],[136.038,-4.3445],[136.0375,-4.341],[136.0385,-4.3385],[136.0375,-4.324],[136.0355,-4.3185],[136.0375,-4.3005],[136.035,-4.297],[136.0345,-4.2955],[136.034,-4.294]]]},"properties":{"code":"94.04.12.2009","name":"Wakia","latitude":-4.432977583332734,"longitude":136.00037676388814}},{"type":"Feature","geometry":{"type":"Polygon","coordinates":[[[136.891,-4.524],[136.891,-4.5065],[136.8925,-4.4855],[136.8925,-4.4825],[136.892,-4.4835],[136.89,-4.4875],[136.887,-4.4945],[136.889,-4.504],[136.8885,-4.506],[136.887,-4.5085],[136.8865,-4.5155],[136.891,-4.524]]]},"properties":{"code":"94.04.13.1001","name":"Harapan","latitude":-4.501648219259945,"longitude":136.88964014245326}},{"type":"Feature","geometry":{"type":"Polygon","coordinates":[[[136.8855,-4.4795],[136.879,-4.479],[136.874,-4.499],[136.882,-4.501],[136.885,-4.481],[136.8855,-4.4795]]]},"properties":{"code":"94.04.13.2002","name":"Meekurima","latitude":-4.489936708407342,"longitude":136.8811061331089}},{"type":"Feature","geometry":{"type":"Polygon","coordinates":[[[136.878,-4.5045],[136.878,-4.504],[136.8675,-4.5105],[136.866,-4.5105],[136.8685,-4.5145],[136.896,-4.531],[136.892,-4.526],[136.891,-4.524],[136.8865,-4.5155],[136.887,-4.5085],[136.8875,-4.508],[136.878,-4.5045]]]},"properties":{"code":"94.04.13.2003","name":"Landun Mekar","latitude":-4.5148562333359346,"longitude":136.8806312719439}},{"type":"Feature","geometry":{"type":"Polygon","coordinates":[[[136.8905,-4.4855],[136.8875,-4.483],[136.884,-4.494],[136.887,-4.4945],[136.89,-4.4875],[136.8905,-4.4855]]]},"properties":{"code":"94.04.13.2004","name":"Olaroa","latitude":-4.488891380653216,"longitude":136.88729841728508}},{"type":"Feature","geometry":{"type":"Polygon","coordinates":[[[136.879,-4.479],[136.87,-4.4785],[136.869,-4.4955],[136.869,-4.4985],[136.874,-4.499],[136.879,-4.479]]]},"properties":{"code":"94.04.13.2005","name":"Bintang Lima","latitude":-4.488036683276579,"longitude":136.87357037663358}},{"type":"Feature","geometry":{"type":"Polygon","coordinates":[[[136.892,-4.4785],[136.886,-4.478],[136.8855,-4.4795],[136.885,-4.481],[136.8875,-4.483],[136.8905,-4.4855],[136.892,-4.4835],[136.8925,-4.4825],[136.8925,-4.4815],[136.892,-4.48],[136.892,-4.4785]]]},"properties":{"code":"94.04.13.2006","name":"Damai","latitude":-4.481041408332651,"longitude":136.88915841714356}},{"type":"Feature","geometry":{"type":"Polygon","coordinates":[[[136.887,-4.4945],[136.884,-4.494],[136.882,-4.501],[136.883,-4.5045],[136.885,-4.505],[136.8885,-4.506],[136.889,-4.504],[136.887,-4.4945]]]},"properties":{"code":"94.04.13.2007","name":"Walani","latitude":-4.500237000992761,"longitude":136.88557146452686}},{"type":"Feature","geometry":{"type":"Polygon","coordinates":[[[136.882,-4.501],[136.874,-4.499],[136.8745,-4.5],[136.8765,-4.5015],[136.8785,-4.5045],[136.878,-4.5045],[136.8875,-4.508],[136.8885,-4.506],[136.885,-4.505],[136.883,-4.5045],[136.882,-4.501]]]},"properties":{"code":"94.04.13.2008","name":"Amole","latitude":-4.503571255756422,"longitude":136.88148327030686}},{"type":"Feature","geometry":{"type":"Polygon","coordinates":[[[136.874,-4.499],[136.869,-4.4985],[136.8645,-4.5075],[136.866,-4.5105],[136.8675,-4.5105],[136.878,-4.504],[136.8785,-4.5045],[136.8765,-4.5015],[136.8745,-4.5],[136.874,-4.499]]]},"properties":{"code":"94.04.13.2009","name":"Lamopi","latitude":-4.504573760999335,"longitude":136.8707203327696}},{"type":"Feature","geometry":{"type":"Polygon","coordinates":[[[136.881,-4.478],[136.87,-4.4785],[136.8855,-4.4795],[136.886,-4.478],[136.881,-4.478]]]},"properties":{"code":"94.04.13.2010","name":"Tunas Matoa","latitude":-4.47832782058704,"longitude":136.8777815888371}},{"type":"Feature","geometry":{"type":"Polygon","coordinates":[[[137.474,-4.3465],[137.47,-4.335],[137.4625,-4.3235],[137.456,-4.318],[137.4355,-4.3125],[137.4215,-4.315],[137.4135,-4.3185],[137.394,-4.3225],[137.39,-4.326],[137.384,-4.334],[137.381,-4.337],[137.3785,-4.3415],[137.377,-4.3425],[137.379,-4.344],[137.3805,-4.348],[137.381,-4.349],[137.3915,-4.3665],[137.3955,-4.3855],[137.384,-4.4005],[137.3785,-4.4125],[137.3775,-4.416],[137.3755,-4.421],[137.4035,-4.421],[137.4125,-4.4215],[137.4175,-4.4215],[137.449,-4.421],[137.491,-4.422],[137.4855,-4.4005],[137.4975,-4.3885],[137.498,-4.377],[137.49,-4.371],[137.474,-4.3465]]]},"properties":{"code":"94.04.14.2001","name":"Hoya","latitude":-4.372584848089932,"longitude":137.43528429213669}},{"type":"Feature","geometry":{"type":"Polygon","coordinates":[[[137.592,-4.191],[137.5785,-4.192],[137.58,-4.182],[137.564,-4.167],[137.565,-4.1515],[137.5485,-4.15],[137.5325,-4.1445],[137.5115,-4.1445],[137.499,-4.1345],[137.4875,-4.12],[137.4885,-4.1265],[137.474,-4.146],[137.4795,-4.2095],[137.4885,-4.2275],[137.489,-4.257],[137.4835,-4.2735],[137.504,-4.279],[137.528,-4.2925],[137.5495,-4.2915],[137.566,-4.2955],[137.5685,-4.2895],[137.5845,-4.282],[137.5865,-4.28],[137.5895,-4.2765],[137.587,-4.26],[137.592,-4.191]]]},"properties":{"code":"94.04.14.2002","name":"Mamontoga","latitude":-4.215620271595899,"longitude":137.53243519215076}},{"type":"Feature","geometry":{"type":"Polygon","coordinates":[[[137.5895,-4.2765],[137.5865,-4.28],[137.5845,-4.282],[137.5685,-4.2895],[137.566,-4.2955],[137.5495,-4.2915],[137.528,-4.2925],[137.504,-4.279],[137.4835,-4.2735],[137.4815,-4.293],[137.4845,-4.2995],[137.484,-4.3035],[137.485,-4.3035],[137.4865,-4.304],[137.487,-4.304],[137.489,-4.305],[137.499,-4.316],[137.5,-4.319],[137.5095,-4.3315],[137.5115,-4.334],[137.5115,-4.3345],[137.5105,-4.3355],[137.5105,-4.358],[137.5065,-4.367],[137.51,-4.3735],[137.512,-4.375],[137.5235,-4.382],[137.5295,-4.385],[137.537,-4.3855],[137.546,-4.3985],[137.581,-4.416],[137.5925,-4.4185],[137.593,-4.4095],[137.5975,-4.3565],[137.5925,-4.344],[137.5925,-4.2955],[137.5895,-4.2765]]]},"properties":{"code":"94.04.14.2003","name":"Jinonin","latitude":-4.340864892476794,"longitude":137.54959037755737}},{"type":"Feature","geometry":{"type":"Polygon","coordinates":[[[137.5925,-4.4185],[137.581,-4.416],[137.546,-4.3985],[137.537,-4.3855],[137.5295,-4.385],[137.5235,-4.382],[137.512,-4.375],[137.51,-4.3735],[137.5065,-4.367],[137.5105,-4.358],[137.5105,-4.3355],[137.5115,-4.3345],[137.5115,-4.334],[137.5095,-4.3315],[137.5,-4.319],[137.4995,-4.3175],[137.474,-4.3465],[137.49,-4.371],[137.498,-4.377],[137.4975,-4.3885],[137.4855,-4.4005],[137.491,-4.422],[137.562,-4.4215],[137.5925,-4.4215],[137.5925,-4.4185]]]},"properties":{"code":"94.04.14.2004","name":"Kulama Ogom","latitude":-4.3858417515406956,"longitude":137.51565009873602}},{"type":"Feature","geometry":{"type":"Polygon","coordinates":[[[137.419,-4.316],[137.417,-4.314],[137.415,-4.3125],[137.401,-4.304],[137.3935,-4.2855],[137.378,-4.2875],[137.3785,-4.285],[137.3845,-4.272],[137.3835,-4.2735],[137.374,-4.2835],[137.3775,-4.3045],[137.3695,-4.3315],[137.369,-4.3325],[137.3765,-4.3425],[137.377,-4.3425],[137.3785,-4.3415],[137.381,-4.337],[137.384,-4.334],[137.39,-4.326],[137.394,-4.3225],[137.4135,-4.3185],[137.419,-4.316]]]},"properties":{"code":"94.04.14.2005","name":"Puti","latitude":-4.31056323811993,"longitude":137.38765560742033}},{"type":"Feature","geometry":{"type":"Polygon","coordinates":[[[137.4835,-4.2735],[137.489,-4.257],[137.4885,-4.2275],[137.4795,-4.2095],[137.474,-4.146],[137.4885,-4.1265],[137.4875,-4.12],[137.4785,-4.127],[137.4675,-4.1265],[137.454,-4.135],[137.4545,-4.1455],[137.446,-4.1535],[137.414,-4.1985],[137.4125,-4.2125],[137.4015,-4.2265],[137.403,-4.2415],[137.3895,-4.2655],[137.3845,-4.272],[137.3785,-4.285],[137.378,-4.2875],[137.3935,-4.2855],[137.401,-4.304],[137.415,-4.3125],[137.417,-4.314],[137.419,-4.316],[137.4215,-4.315],[137.4355,-4.3125],[137.456,-4.318],[137.4625,-4.3235],[137.47,-4.335],[137.474,-4.3465],[137.4995,-4.3175],[137.499,-4.316],[137.489,-4.305],[137.487,-4.304],[137.4865,-4.304],[137.485,-4.3035],[137.484,-4.3035],[137.4845,-4.2995],[137.4815,-4.293],[137.4835,-4.2735]]]},"properties":{"code":"94.04.14.2006","name":"Jawa","latitude":-4.243985265231109,"longitude":137.44684680388525}},{"type":"Feature","geometry":{"type":"Polygon","coordinates":[[[136.7965,-4.53],[136.76,-4.53],[136.7585,-4.531],[136.759,-4.5365],[136.7615,-4.541],[136.7575,-4.5575],[136.7575,-4.5615],[136.7445,-4.5905],[136.735,-4.607],[136.761,-4.6075],[136.797,-4.6195],[136.7975,-4.599],[136.7975,-4.5755],[136.797,-4.575],[136.7965,-4.53]]]},"properties":{"code":"94.04.15.2001","name":"Limau Asri Timur","latitude":-4.574693771085924,"longitude":136.77407617054752}},{"type":"Feature","geometry":{"type":"Polygon","coordinates":[[[136.8005,-4.493],[136.795,-4.491],[136.791,-4.4905],[136.789,-4.494],[136.7875,-4.497],[136.785,-4.4995],[136.7775,-4.5025],[136.7755,-4.504],[136.759,-4.5295],[136.76,-4.53],[136.7965,-4.53],[136.7965,-4.493],[136.8005,-4.493]]]},"properties":{"code":"94.04.15.2002","name":"Wangirja","latitude":-4.514778718823854,"longitude":136.78337875693242}},{"type":"Feature","geometry":{"type":"Polygon","coordinates":[[[136.726,-4.517],[136.7305,-4.5115],[136.7185,-4.4945],[136.7205,-4.484],[136.7115,-4.494],[136.7095,-4.51],[136.698,-4.511],[136.6895,-4.522],[136.6875,-4.521],[136.686,-4.5215],[136.687,-4.528],[136.716,-4.5275],[136.726,-4.517]]]},"properties":{"code":"94.04.15.2003","name":"Iwaka","latitude":-4.5143745990271285,"longitude":136.71103521109666}},{"type":"Feature","geometry":{"type":"Polygon","coordinates":[[[136.686,-4.5215],[136.694,-4.499],[136.693,-4.4885],[136.685,-4.48],[136.6735,-4.4775],[136.6615,-4.451],[136.58,-4.4515],[136.574,-4.478],[136.571,-4.5085],[136.563,-4.5315],[136.5585,-4.54],[136.552,-4.5635],[136.5465,-4.5845],[136.5405,-4.607],[136.656,-4.607],[136.6625,-4.598],[136.6645,-4.569],[136.6735,-4.557],[136.6775,-4.54],[136.687,-4.528],[136.686,-4.5215]]]},"properties":{"code":"94.04.15.2004","name":"Naena Muktipura","latitude":-4.5320193200060395,"longitude":136.61812437067607}},{"type":"Feature","geometry":{"type":"Polygon","coordinates":[[[136.7785,-4.4505],[136.7695,-4.4505],[136.725,-4.4505],[136.7205,-4.484],[136.7185,-4.4945],[136.7305,-4.5115],[136.726,-4.517],[136.745,-4.5215],[136.756,-4.529],[136.7585,-4.53],[136.759,-4.5295],[136.7755,-4.504],[136.7775,-4.5025],[136.785,-4.4995],[136.7875,-4.497],[136.789,-4.494],[136.791,-4.4905],[136.795,-4.491],[136.8005,-4.493],[136.8205,-4.493],[136.821,-4.4765],[136.798,-4.4765],[136.814,-4.451],[136.7785,-4.4505]]]},"properties":{"code":"94.04.15.2005","name":"Mulia Kencana","latitude":-4.482579334405972,"longitude":136.76283462570976}},{"type":"Feature","geometry":{"type":"Polygon","coordinates":[[[136.7205,-4.484],[136.725,-4.4505],[136.6615,-4.451],[136.6735,-4.4775],[136.685,-4.48],[136.693,-4.4885],[136.694,-4.499],[136.686,-4.5215],[136.6875,-4.521],[136.6895,-4.522],[136.698,-4.511],[136.7095,-4.51],[136.7115,-4.494],[136.7205,-4.484]]]},"properties":{"code":"94.04.15.2006","name":"Pigapu","latitude":-4.476009737317941,"longitude":136.69713850609966}},{"type":"Feature","geometry":{"type":"Polygon","coordinates":[[[136.726,-4.517],[136.716,-4.5275],[136.687,-4.528],[136.6775,-4.54],[136.6735,-4.557],[136.6645,-4.569],[136.6625,-4.598],[136.656,-4.607],[136.6625,-4.607],[136.6685,-4.6075],[136.735,-4.607],[136.7445,-4.5905],[136.7575,-4.5615],[136.7575,-4.5575],[136.7615,-4.541],[136.759,-4.5365],[136.7585,-4.531],[136.7585,-4.53],[136.756,-4.529],[136.745,-4.5215],[136.726,-4.517]]]},"properties":{"code":"94.04.15.2007","name":"Limau Asri Barat","latitude":-4.566229649087685,"longitude":136.7105620653771}},{"type":"Feature","geometry":{"type":"Polygon","coordinates":[[[136.8345,-4.563],[136.829,-4.5625],[136.8265,-4.5625],[136.8245,-4.5635],[136.823,-4.5645],[136.823,-4.565],[136.824,-4.5685],[136.824,-4.5755],[136.8315,-4.6125],[136.836,-4.61],[136.8375,-4.609],[136.8465,-4.606],[136.8575,-4.603],[136.8665,-4.607],[136.871,-4.5955],[136.871,-4.5925],[136.8715,-4.59],[136.8745,-4.586],[136.859,-4.582],[136.8345,-4.563]]]},"properties":{"code":"94.04.16.1002","name":"Kamoro Jaya","latitude":-4.5880066359202685,"longitude":136.84437903347805}},{"type":"Feature","geometry":{"type":"Polygon","coordinates":[[[136.899,-4.5925],[136.8745,-4.586],[136.8715,-4.59],[136.871,-4.5925],[136.871,-4.5955],[136.8895,-4.5995],[136.8925,-4.599],[136.9025,-4.6015],[136.9025,-4.599],[136.903,-4.5935],[136.899,-4.5925]]]},"properties":{"code":"94.04.16.1003","name":"Wonosari Jaya","latitude":-4.593982848496593,"longitude":136.88556883077038}},{"type":"Feature","geometry":{"type":"Polygon","coordinates":[[[136.871,-4.5955],[136.8665,-4.607],[136.8575,-4.603],[136.8465,-4.606],[136.8375,-4.609],[136.837,-4.61],[136.842,-4.631],[136.8445,-4.6305],[136.845,-4.6305],[136.846,-4.63],[136.849,-4.627],[136.8535,-4.629],[136.87,-4.6145],[136.872,-4.6115],[136.874,-4.6035],[136.874,-4.602],[136.8725,-4.602],[136.871,-4.5955]]]},"properties":{"code":"94.04.16.1005","name":"Inauga","latitude":-4.614606459427331,"longitude":136.85393815868264}},{"type":"Feature","geometry":{"type":"Polygon","coordinates":[[[136.837,-4.61],[136.836,-4.61],[136.8315,-4.6125],[136.824,-4.5755],[136.824,-4.5685],[136.823,-4.565],[136.823,-4.5645],[136.8205,-4.5665],[136.811,-4.5825],[136.8015,-4.581],[136.8005,-4.582],[136.798,-4.5805],[136.7975,-4.5795],[136.798,-4.579],[136.7975,-4.579],[136.7975,-4.599],[136.797,-4.6715],[136.8265,-4.6725],[136.8325,-4.645],[136.841,-4.6415],[136.8425,-4.632],[136.845,-4.631],[136.845,-4.6305],[136.8445,-4.6305],[136.842,-4.631],[136.837,-4.61]]]},"properties":{"code":"94.04.16.2001","name":"Kadun Jaya","latitude":-4.625531364185139,"longitude":136.8155594265089}},{"type":"Feature","geometry":{"type":"Polygon","coordinates":[[[136.949,-4.607],[136.907,-4.5945],[136.903,-4.5935],[136.9025,-4.599],[136.9045,-4.6105],[136.906,-4.6175],[136.898,-4.6465],[136.899,-4.663],[136.8885,-4.674],[136.9765,-4.6825],[136.978,-4.6195],[136.976,-4.615],[136.949,-4.607]]]},"properties":{"code":"94.04.16.2004","name":"Nawaripi","latitude":-4.642132166737871,"longitude":136.9373172127068}},{"type":"Feature","geometry":{"type":"Polygon","coordinates":[[[136.8345,-4.563],[136.82,-4.554],[136.7965,-4.5405],[136.797,-4.575],[136.7975,-4.5755],[136.7975,-4.579],[136.798,-4.579],[136.7975,-4.5795],[136.798,-4.5805],[136.8005,-4.582],[136.8015,-4.581],[136.811,-4.5825],[136.8205,-4.5665],[136.824,-4.5635],[136.8245,-4.5635],[136.8265,-4.5625],[136.829,-4.5625],[136.8345,-4.563]]]},"properties":{"code":"94.04.16.2006","name":"Mawokau Jaya","latitude":-4.562870141041008,"longitude":136.80826052061997}},{"type":"Feature","geometry":{"type":"Polygon","coordinates":[[[136.9025,-4.6015],[136.8925,-4.599],[136.8895,-4.5995],[136.871,-4.5955],[136.8725,-4.602],[136.874,-4.602],[136.874,-4.6035],[136.872,-4.6115],[136.87,-4.6145],[136.8535,-4.629],[136.849,-4.627],[136.846,-4.63],[136.845,-4.631],[136.8425,-4.632],[136.841,-4.6415],[136.8325,-4.645],[136.8265,-4.6725],[136.8355,-4.672],[136.8785,-4.6725],[136.8885,-4.674],[136.899,-4.663],[136.898,-4.6465],[136.906,-4.6175],[136.9045,-4.6105],[136.9025,-4.6015]]]},"properties":{"code":"94.04.16.2007","name":"Mandiri Jaya","latitude":-4.64122519909226,"longitude":136.8711191143727}},{"type":"Feature","geometry":{"type":"Polygon","coordinates":[[[136.246,-4.45],[136.161,-4.4395],[136.161,-4.442],[136.162,-4.4465],[136.16,-4.448],[136.1555,-4.454],[136.151,-4.4565],[136.1515,-4.4595],[136.1535,-4.4645],[136.1595,-4.468],[136.1605,-4.503],[136.17,-4.503],[136.177,-4.5125],[136.1665,-4.5265],[136.1535,-4.526],[136.1475,-4.531],[136.156,-4.547],[136.1625,-4.551],[136.16,-4.57],[136.1615,-4.584],[136.153,-4.588],[136.1555,-4.612],[136.1535,-4.6245],[136.175,-4.6295],[136.2065,-4.6295],[136.2135,-4.6315],[136.212,-4.6135],[136.2205,-4.606],[136.2395,-4.5695],[136.2345,-4.5535],[136.2395,-4.549],[136.252,-4.5545],[136.2555,-4.541],[136.242,-4.535],[136.2285,-4.5335],[136.2235,-4.523],[136.231,-4.515],[136.235,-4.4935],[136.2425,-4.469],[136.246,-4.45]]]},"properties":{"code":"94.04.17.2001","name":"Amar","latitude":-4.532926202961039,"longitude":136.19652067375415}},{"type":"Feature","geometry":{"type":"Polygon","coordinates":[[[136.2065,-4.6295],[136.175,-4.6295],[136.1535,-4.6245],[136.1415,-4.6265],[136.1875,-4.6435],[136.1995,-4.6505],[136.224,-4.6505],[136.2325,-4.6625],[136.2775,-4.667],[136.2885,-4.665],[136.2985,-4.6695],[136.3055,-4.661],[136.2785,-4.64],[136.2505,-4.639],[136.226,-4.635],[136.2065,-4.6295]]]},"properties":{"code":"94.04.17.2002","name":"Kawar","latitude":-4.646732152754942,"longitude":136.23544568263128}},{"type":"Feature","geometry":{"type":"Polygon","coordinates":[[[136.16,-4.448],[136.162,-4.4465],[136.161,-4.442],[136.161,-4.4395],[136.083,-4.4295],[136.0715,-4.461],[136.073,-4.48],[136.0575,-4.4895],[136.0475,-4.5105],[136.0615,-4.52],[136.0625,-4.521],[136.065,-4.5215],[136.067,-4.525],[136.0695,-4.5305],[136.0695,-4.531],[136.0645,-4.5325],[136.0605,-4.5405],[136.0605,-4.5425],[136.06,-4.543],[136.057,-4.5495],[136.065,-4.544],[136.066,-4.544],[136.0695,-4.5475],[136.07,-4.5505],[136.0695,-4.5525],[136.069,-4.5545],[136.052,-4.5575],[136.048,-4.559],[136.042,-4.5785],[136.0605,-4.59],[136.0755,-4.5915],[136.092,-4.5995],[136.1075,-4.6195],[136.114,-4.622],[136.1225,-4.61],[136.1375,-4.6145],[136.1415,-4.6265],[136.1535,-4.6245],[136.1555,-4.612],[136.153,-4.588],[136.1615,-4.584],[136.16,-4.57],[136.1625,-4.551],[136.156,-4.547],[136.1475,-4.531],[136.1535,-4.526],[136.1665,-4.5265],[136.177,-4.5125],[136.17,-4.503],[136.1605,-4.503],[136.1595,-4.468],[136.1535,-4.4645],[136.1515,-4.4595],[136.151,-4.4565],[136.1555,-4.454],[136.16,-4.448]]]},"properties":{"code":"94.04.17.2003","name":"Manuare","latitude":-4.524475567942215,"longitude":136.11157252676907}},{"type":"Feature","geometry":{"type":"Polygon","coordinates":[[[136.331,-4.6675],[136.335,-4.655],[136.3475,-4.6445],[136.348,-4.6355],[136.336,-4.6275],[136.323,-4.577],[136.318,-4.529],[136.3125,-4.489],[136.312,-4.458],[136.246,-4.45],[136.2425,-4.469],[136.235,-4.4935],[136.231,-4.515],[136.2235,-4.523],[136.2285,-4.5335],[136.242,-4.535],[136.2555,-4.541],[136.252,-4.5545],[136.2395,-4.549],[136.2345,-4.5535],[136.2395,-4.5695],[136.2205,-4.606],[136.212,-4.6135],[136.2135,-4.6315],[136.226,-4.635],[136.2505,-4.639],[136.2785,-4.64],[136.3055,-4.661],[136.323,-4.6555],[136.331,-4.6675]]]},"properties":{"code":"94.04.17.2004","name":"Ipiri","latitude":-4.561475314086366,"longitude":136.27944219112266}},{"type":"Feature","geometry":{"type":"Polygon","coordinates":[[[136.371,-4.466],[136.312,-4.458],[136.3125,-4.489],[136.318,-4.529],[136.323,-4.577],[136.336,-4.6275],[136.348,-4.6355],[136.3475,-4.6445],[136.335,-4.655],[136.331,-4.6675],[136.35,-4.6735],[136.3555,-4.664],[136.364,-4.62],[136.366,-4.5765],[136.37,-4.5305],[136.3695,-4.4755],[136.371,-4.466]]]},"properties":{"code":"94.04.17.2005","name":"Paripi","latitude":-4.5458686354662134,"longitude":136.34386733538742}},{"type":"Feature","geometry":{"type":"Polygon","coordinates":[[[136.393,-4.698],[136.393,-4.567],[136.4015,-4.4945],[136.4025,-4.4935],[136.4085,-4.482],[136.4105,-4.481],[136.406,-4.47],[136.371,-4.466],[136.3695,-4.4755],[136.37,-4.5305],[136.366,-4.5765],[136.364,-4.62],[136.3555,-4.664],[136.35,-4.6735],[136.364,-4.679],[136.391,-4.694],[136.393,-4.698]]]},"properties":{"code":"94.04.17.2006","name":"Yaraya","latitude":-4.579807669944435,"longitude":136.38030123069217}},{"type":"Feature","geometry":{"type":"Polygon","coordinates":[[[137.8515,-4.2835],[137.854,-4.267],[137.8515,-4.259],[137.8415,-4.2595],[137.8265,-4.2505],[137.8225,-4.2475],[137.8225,-4.247],[137.8225,-4.246],[137.822,-4.2455],[137.8205,-4.2495],[137.81,-4.2765],[137.8075,-4.2845],[137.7995,-4.3015],[137.7975,-4.3185],[137.798,-4.3195],[137.8035,-4.333],[137.816,-4.345],[137.818,-4.347],[137.8215,-4.3465],[137.8225,-4.349],[137.825,-4.3485],[137.8475,-4.355],[137.8365,-4.337],[137.8385,-4.324],[137.835,-4.316],[137.836,-4.3145],[137.84,-4.2965],[137.849,-4.2845],[137.8515,-4.2835]]]},"properties":{"code":"94.04.18.2001","name":"Enggin","latitude":-4.298885320986321,"longitude":137.825344130321}},{"type":"Feature","geometry":{"type":"Polygon","coordinates":[[[137.964,-4.2595],[137.949,-4.255],[137.9355,-4.2665],[137.9325,-4.267],[137.921,-4.262],[137.9015,-4.268],[137.8945,-4.2665],[137.8895,-4.267],[137.8825,-4.274],[137.8655,-4.2765],[137.8645,-4.279],[137.8525,-4.284],[137.849,-4.2845],[137.84,-4.2965],[137.836,-4.3145],[137.835,-4.316],[137.8385,-4.324],[137.8365,-4.337],[137.8475,-4.355],[137.854,-4.3605],[137.854,-4.363],[137.857,-4.3645],[137.8575,-4.365],[137.86,-4.353],[137.867,-4.347],[137.887,-4.3445],[137.897,-4.3465],[137.8985,-4.3455],[137.902,-4.3265],[137.915,-4.3145],[137.92,-4.3045],[137.934,-4.297],[137.95,-4.2975],[137.955,-4.299],[137.9615,-4.2685],[137.964,-4.2595]]]},"properties":{"code":"94.04.18.2002","name":"Alama","latitude":-4.302853883608579,"longitude":137.89107091732566}},{"type":"Feature","geometry":{"type":"Polygon","coordinates":[[[137.922,-4.2175],[137.909,-4.2155],[137.8945,-4.2465],[137.896,-4.2555],[137.8985,-4.259],[137.8985,-4.257],[137.8995,-4.256],[137.8995,-4.2555],[137.916,-4.247],[137.9245,-4.231],[137.922,-4.2175]]]},"properties":{"code":"94.04.18.2003","name":"Senawak","latitude":-4.233794663268364,"longitude":137.90970857873646}},{"type":"Feature","geometry":{"type":"Polygon","coordinates":[[[137.865,-4.278],[137.8645,-4.2745],[137.866,-4.2335],[137.8655,-4.2305],[137.864,-4.229],[137.8505,-4.2055],[137.84,-4.206],[137.8395,-4.207],[137.838,-4.2075],[137.837,-4.2075],[137.8355,-4.208],[137.8355,-4.2085],[137.837,-4.211],[137.837,-4.2115],[137.8325,-4.2115],[137.825,-4.2365],[137.824,-4.24],[137.822,-4.2455],[137.8225,-4.246],[137.8225,-4.247],[137.8225,-4.2475],[137.8265,-4.2505],[137.8415,-4.2595],[137.8515,-4.259],[137.854,-4.267],[137.8515,-4.2835],[137.8525,-4.284],[137.8645,-4.279],[137.865,-4.278]]]},"properties":{"code":"94.04.18.2004","name":"Unimogom","latitude":-4.23884652521304,"longitude":137.84680677561394}},{"type":"Feature","geometry":{"type":"Polygon","coordinates":[[[137.815,-4.4145],[137.7905,-4.4035],[137.7705,-4.405],[137.7695,-4.404],[137.7665,-4.421],[137.818,-4.4225],[137.816,-4.4165],[137.815,-4.4145]]]},"properties":{"code":"94.04.18.2005","name":"Bemoki","latitude":-4.41406201817198,"longitude":137.7902520090901}},{"type":"Feature","geometry":{"type":"Polygon","coordinates":[[[137.815,-4.4145],[137.815,-4.4125],[137.817,-4.41],[137.817,-4.4085],[137.82,-4.3955],[137.8105,-4.382],[137.781,-4.378],[137.779,-4.38],[137.777,-4.38],[137.7755,-4.381],[137.7745,-4.3815],[137.773,-4.388],[137.771,-4.3965],[137.7695,-4.404],[137.7705,-4.405],[137.7905,-4.4035],[137.815,-4.4145]]]},"properties":{"code":"94.04.18.2006","name":"Tagaralma","latitude":-4.394509098928778,"longitude":137.7952302912966}},{"type":"Feature","geometry":{"type":"Polygon","coordinates":[[[137.955,-4.299],[137.95,-4.2975],[137.934,-4.297],[137.92,-4.3045],[137.915,-4.3145],[137.902,-4.3265],[137.8985,-4.3455],[137.897,-4.3465],[137.9005,-4.3475],[137.9045,-4.349],[137.9055,-4.349],[137.91,-4.3475],[137.9195,-4.349],[137.924,-4.35],[137.942,-4.35],[137.946,-4.344],[137.9505,-4.3175],[137.955,-4.299]]]},"properties":{"code":"94.04.18.2007","name":"Geselema","latitude":-4.325570901965915,"longitude":137.9281793353428}},{"type":"Feature","geometry":{"type":"Polygon","coordinates":[[[137.937,-4.3855],[137.9385,-4.381],[137.9455,-4.3475],[137.946,-4.344],[137.942,-4.35],[137.924,-4.35],[137.9195,-4.349],[137.91,-4.3475],[137.9055,-4.349],[137.9045,-4.349],[137.9005,-4.3475],[137.897,-4.3465],[137.887,-4.3445],[137.867,-4.347],[137.86,-4.353],[137.8575,-4.365],[137.858,-4.367],[137.8625,-4.371],[137.8645,-4.372],[137.866,-4.3905],[137.8655,-4.395],[137.865,-4.3985],[137.8645,-4.403],[137.871,-4.398],[137.874,-4.3965],[137.884,-4.397],[137.9125,-4.3885],[137.937,-4.3855]]]},"properties":{"code":"94.04.18.2008","name":"Wuarem","latitude":-4.36950194463278,"longitude":137.8986092154071}},{"type":"Feature","geometry":{"type":"Polygon","coordinates":[[[137.8475,-4.355],[137.825,-4.3485],[137.8225,-4.349],[137.8215,-4.3465],[137.818,-4.347],[137.816,-4.345],[137.8035,-4.333],[137.798,-4.3195],[137.7975,-4.3185],[137.7835,-4.3415],[137.777,-4.367],[137.7745,-4.3815],[137.7755,-4.381],[137.777,-4.38],[137.779,-4.38],[137.781,-4.378],[137.8105,-4.382],[137.82,-4.3955],[137.817,-4.4085],[137.817,-4.41],[137.815,-4.4125],[137.816,-4.4165],[137.818,-4.4225],[137.865,-4.424],[137.8655,-4.407],[137.8645,-4.401],[137.865,-4.3985],[137.8655,-4.395],[137.866,-4.3905],[137.8645,-4.372],[137.8625,-4.371],[137.858,-4.367],[137.857,-4.3645],[137.854,-4.363],[137.854,-4.3605],[137.8475,-4.355]]]},"properties":{"code":"94.04.18.2009","name":"Jenggelo","latitude":-4.377264116588338,"longitude":137.82433339194506}},{"type":"Feature","geometry":{"type":"Polygon","coordinates":[[[137.937,-4.3855],[137.9125,-4.3885],[137.884,-4.397],[137.874,-4.3965],[137.871,-4.398],[137.8645,-4.403],[137.8655,-4.407],[137.865,-4.424],[137.9325,-4.425],[137.936,-4.3895],[137.937,-4.3855]]]},"properties":{"code":"94.04.18.2010","name":"Purua","latitude":-4.40807094502269,"longitude":137.9029113261644}},{"type":"Feature","geometry":{"type":"Polygon","coordinates":[[[137.964,-4.2595],[137.9705,-4.222],[137.928,-4.218],[137.922,-4.2175],[137.9245,-4.231],[137.916,-4.247],[137.8995,-4.2555],[137.8995,-4.2565],[137.899,-4.257],[137.8985,-4.2575],[137.8985,-4.2605],[137.8975,-4.2615],[137.896,-4.2645],[137.8945,-4.2665],[137.9015,-4.268],[137.921,-4.262],[137.9325,-4.267],[137.9355,-4.2665],[137.949,-4.255],[137.964,-4.2595]]]},"properties":{"code":"94.04.18.2011","name":"Kilmit","latitude":-4.242987897216157,"longitude":137.93774976501342}}]}