{"type":"FeatureCollection","features":[{"type":"Feature","geometry":{"type":"Polygon","coordinates":[[[139.403,-3.81],[139.403,-3.8095],[139.4025,-3.8085],[139.4005,-3.806],[139.401,-3.8015],[139.398,-3.797],[139.3965,-3.796],[139.3945,-3.793],[139.393,-3.7925],[139.3935,-3.793],[139.3925,-3.7945],[139.3915,-3.7955],[139.395,-3.801],[139.3955,-3.8055],[139.393,-3.81],[139.402,-3.8095],[139.403,-3.81]]]},"properties":{"code":"95.06.01.2001","name":"Elelim"}},{"type":"Feature","geometry":{"type":"Polygon","coordinates":[[[139.3775,-3.798],[139.3635,-3.798],[139.358,-3.803],[139.357,-3.8045],[139.358,-3.808],[139.358,-3.8085],[139.3575,-3.809],[139.3565,-3.811],[139.3595,-3.8145],[139.361,-3.8145],[139.369,-3.8095],[139.372,-3.809],[139.375,-3.8065],[139.376,-3.8055],[139.3775,-3.798]]]},"properties":{"code":"95.06.01.2002","name":"Aluis"}},{"type":"Feature","geometry":{"type":"Polygon","coordinates":[[[139.3965,-3.7745],[139.3925,-3.775],[139.3895,-3.7815],[139.3875,-3.7855],[139.3885,-3.786],[139.3925,-3.7825],[139.3935,-3.78],[139.3965,-3.7745]]]},"properties":{"code":"95.06.01.2003","name":"Honita"}},{"type":"Feature","geometry":{"type":"Polygon","coordinates":[[[139.394,-3.766],[139.3915,-3.7635],[139.389,-3.7625],[139.388,-3.764],[139.3875,-3.7655],[139.3865,-3.7715],[139.3925,-3.775],[139.3965,-3.7745],[139.395,-3.77],[139.3945,-3.7695],[139.394,-3.7675],[139.394,-3.766]]]},"properties":{"code":"95.06.01.2004","name":"Yabema"}},{"type":"Feature","geometry":{"type":"Polygon","coordinates":[[[139.4005,-3.7885],[139.396,-3.79],[139.395,-3.7875],[139.3925,-3.786],[139.3925,-3.79],[139.3925,-3.7915],[139.393,-3.7925],[139.3945,-3.793],[139.3965,-3.796],[139.398,-3.797],[139.401,-3.8015],[139.4005,-3.806],[139.4025,-3.8085],[139.403,-3.8095],[139.403,-3.81],[139.4035,-3.8105],[139.4075,-3.8125],[139.41,-3.8125],[139.4115,-3.811],[139.4125,-3.8095],[139.4115,-3.8045],[139.4005,-3.7885]]]},"properties":{"code":"95.06.01.2005","name":"Pihel"}},{"type":"Feature","geometry":{"type":"Polygon","coordinates":[[[139.401,-3.776],[139.3965,-3.7745],[139.395,-3.7775],[139.4,-3.7795],[139.3995,-3.7775],[139.4,-3.777],[139.401,-3.7765],[139.401,-3.776]]]},"properties":{"code":"95.06.01.2006","name":"Walkep"}},{"type":"Feature","geometry":{"type":"Polygon","coordinates":[[[139.3865,-3.7715],[139.387,-3.768],[139.385,-3.7685],[139.383,-3.7695],[139.3815,-3.7695],[139.382,-3.7785],[139.3825,-3.7865],[139.383,-3.786],[139.3865,-3.7715]]]},"properties":{"code":"95.06.01.2007","name":"Pangkik"}},{"type":"Feature","geometry":{"type":"Polygon","coordinates":[[[139.3915,-3.7955],[139.391,-3.796],[139.386,-3.7975],[139.3855,-3.798],[139.3955,-3.805],[139.395,-3.801],[139.3915,-3.7955]]]},"properties":{"code":"95.06.01.2008","name":"Maribu"}},{"type":"Feature","geometry":{"type":"Polygon","coordinates":[[[139.382,-3.798],[139.381,-3.7965],[139.379,-3.7955],[139.3785,-3.796],[139.3775,-3.803],[139.381,-3.8035],[139.382,-3.8025],[139.3815,-3.799],[139.3815,-3.7985],[139.382,-3.798]]]},"properties":{"code":"95.06.01.2009","name":"Yakikma"}},{"type":"Feature","geometry":{"type":"Polygon","coordinates":[[[139.3855,-3.798],[139.3845,-3.798],[139.3825,-3.798],[139.3815,-3.7985],[139.3815,-3.799],[139.382,-3.802],[139.393,-3.81],[139.3955,-3.8055],[139.3955,-3.805],[139.3855,-3.798]]]},"properties":{"code":"95.06.01.2010","name":"Ulo"}},{"type":"Feature","geometry":{"type":"Polygon","coordinates":[[[139.385,-3.791],[139.3845,-3.7915],[139.382,-3.79],[139.382,-3.789],[139.3805,-3.789],[139.3805,-3.79],[139.379,-3.7955],[139.381,-3.7965],[139.382,-3.798],[139.3825,-3.798],[139.3845,-3.798],[139.386,-3.7975],[139.391,-3.796],[139.392,-3.795],[139.385,-3.791]]]},"properties":{"code":"95.06.01.2011","name":"Sira"}},{"type":"Feature","geometry":{"type":"Polygon","coordinates":[[[139.3995,-3.785],[139.3925,-3.7825],[139.3885,-3.786],[139.392,-3.788],[139.3925,-3.786],[139.395,-3.7875],[139.396,-3.79],[139.401,-3.787],[139.3995,-3.7855],[139.3995,-3.785]]]},"properties":{"code":"95.06.01.2012","name":"Ohoam"}},{"type":"Feature","geometry":{"type":"Polygon","coordinates":[[[139.3885,-3.786],[139.3875,-3.7855],[139.3865,-3.7875],[139.385,-3.791],[139.392,-3.795],[139.3935,-3.793],[139.3925,-3.7915],[139.3925,-3.79],[139.392,-3.788],[139.3885,-3.786]]]},"properties":{"code":"95.06.01.2013","name":"Bulmu"}},{"type":"Feature","geometry":{"type":"Polygon","coordinates":[[[139.381,-3.8035],[139.3775,-3.803],[139.376,-3.8055],[139.375,-3.8065],[139.3735,-3.808],[139.3755,-3.811],[139.3775,-3.812],[139.378,-3.8105],[139.38,-3.805],[139.381,-3.8035]]]},"properties":{"code":"95.06.01.2014","name":"Ubi"}},{"type":"Feature","geometry":{"type":"Polygon","coordinates":[[[139.384,-3.7525],[139.383,-3.752],[139.3825,-3.753],[139.379,-3.7545],[139.3785,-3.754],[139.3785,-3.7555],[139.3805,-3.7565],[139.3795,-3.7585],[139.3805,-3.7585],[139.3795,-3.7605],[139.38,-3.7615],[139.379,-3.7625],[139.3865,-3.767],[139.3875,-3.7655],[139.388,-3.764],[139.39,-3.759],[139.3875,-3.758],[139.3865,-3.757],[139.384,-3.7525]]]},"properties":{"code":"95.06.01.2015","name":"Pirip"}},{"type":"Feature","geometry":{"type":"Polygon","coordinates":[[[139.379,-3.7625],[139.378,-3.762],[139.3775,-3.7625],[139.378,-3.764],[139.3765,-3.764],[139.3745,-3.764],[139.374,-3.765],[139.375,-3.766],[139.376,-3.766],[139.378,-3.768],[139.379,-3.768],[139.3815,-3.7695],[139.383,-3.7695],[139.385,-3.7685],[139.387,-3.768],[139.3865,-3.767],[139.379,-3.7625]]]},"properties":{"code":"95.06.01.2016","name":"Momonhusi"}},{"type":"Feature","geometry":{"type":"Polygon","coordinates":[[[139.3815,-3.7735],[139.379,-3.7735],[139.377,-3.7715],[139.3755,-3.771],[139.375,-3.7705],[139.3735,-3.77],[139.3735,-3.7715],[139.375,-3.7745],[139.3745,-3.7765],[139.369,-3.782],[139.3675,-3.7835],[139.361,-3.786],[139.358,-3.7875],[139.357,-3.787],[139.357,-3.7875],[139.3575,-3.789],[139.357,-3.792],[139.358,-3.7975],[139.3565,-3.803],[139.358,-3.803],[139.3635,-3.798],[139.3775,-3.798],[139.3785,-3.796],[139.379,-3.7955],[139.3805,-3.79],[139.3805,-3.789],[139.381,-3.7875],[139.382,-3.7865],[139.3825,-3.7865],[139.382,-3.7785],[139.3815,-3.7735]]]},"properties":{"code":"95.06.01.2017","name":"Helabu"}},{"type":"Feature","geometry":{"type":"Polygon","coordinates":[[[139.3955,-3.759],[139.39,-3.7575],[139.3895,-3.76],[139.389,-3.7625],[139.3915,-3.7635],[139.394,-3.766],[139.3935,-3.7645],[139.3955,-3.759]]]},"properties":{"code":"95.06.01.2018","name":"Pungkahik"}},{"type":"Feature","geometry":{"type":"Polygon","coordinates":[[[139.3815,-3.7695],[139.379,-3.768],[139.378,-3.768],[139.376,-3.766],[139.375,-3.766],[139.374,-3.765],[139.374,-3.7655],[139.374,-3.768],[139.3745,-3.768],[139.3735,-3.77],[139.375,-3.7705],[139.3755,-3.771],[139.377,-3.7715],[139.379,-3.7735],[139.3815,-3.7735],[139.3815,-3.7695]]]},"properties":{"code":"95.06.01.2019","name":"Wekolani"}},{"type":"Feature","geometry":{"type":"Polygon","coordinates":[[[139.444,-3.7795],[139.443,-3.7765],[139.432,-3.768],[139.4025,-3.7635],[139.398,-3.766],[139.398,-3.7675],[139.3995,-3.7685],[139.4015,-3.769],[139.4105,-3.7725],[139.4165,-3.7715],[139.4185,-3.771],[139.422,-3.772],[139.4215,-3.7755],[139.422,-3.777],[139.4225,-3.777],[139.4245,-3.777],[139.4255,-3.779],[139.4275,-3.7805],[139.428,-3.781],[139.429,-3.7815],[139.435,-3.781],[139.444,-3.7795]]]},"properties":{"code":"95.06.01.2020","name":"Hobakma"}},{"type":"Feature","geometry":{"type":"Polygon","coordinates":[[[139.5255,-3.7535],[139.5245,-3.7535],[139.5185,-3.7565],[139.515,-3.756],[139.466,-3.7325],[139.4625,-3.731],[139.4615,-3.7295],[139.4605,-3.724],[139.4565,-3.721],[139.455,-3.721],[139.438,-3.7365],[139.4275,-3.742],[139.4225,-3.7565],[139.4085,-3.7615],[139.406,-3.762],[139.402,-3.757],[139.4025,-3.7635],[139.432,-3.768],[139.443,-3.7765],[139.4445,-3.78],[139.4475,-3.78],[139.4485,-3.7815],[139.4525,-3.7805],[139.4595,-3.7805],[139.464,-3.8],[139.465,-3.802],[139.465,-3.803],[139.465,-3.805],[139.47,-3.805],[139.4705,-3.8075],[139.4695,-3.8095],[139.4905,-3.817],[139.5055,-3.802],[139.506,-3.8015],[139.509,-3.801],[139.5095,-3.799],[139.5105,-3.798],[139.511,-3.7985],[139.513,-3.7995],[139.514,-3.799],[139.516,-3.789],[139.5245,-3.784],[139.526,-3.7815],[139.5275,-3.7805],[139.5295,-3.781],[139.531,-3.775],[139.5295,-3.7735],[139.5285,-3.771],[139.525,-3.7655],[139.5245,-3.765],[139.5235,-3.7565],[139.5245,-3.7545],[139.5255,-3.7535]]]},"properties":{"code":"95.06.01.2021","name":"Wasua"}},{"type":"Feature","geometry":{"type":"Polygon","coordinates":[[[139.5965,-3.7275],[139.5925,-3.705],[139.5665,-3.684],[139.5545,-3.681],[139.551,-3.6805],[139.5325,-3.6655],[139.5245,-3.667],[139.524,-3.665],[139.516,-3.652],[139.515,-3.6495],[139.4955,-3.6625],[139.4945,-3.6635],[139.493,-3.664],[139.491,-3.6615],[139.49,-3.6615],[139.4875,-3.662],[139.483,-3.66],[139.473,-3.655],[139.467,-3.6575],[139.443,-3.7085],[139.443,-3.709],[139.439,-3.708],[139.426,-3.7115],[139.4195,-3.7185],[139.4175,-3.718],[139.4165,-3.72],[139.4155,-3.7235],[139.4125,-3.726],[139.4085,-3.734],[139.408,-3.7365],[139.402,-3.7415],[139.402,-3.7455],[139.402,-3.746],[139.4005,-3.747],[139.402,-3.7515],[139.4025,-3.7555],[139.402,-3.757],[139.406,-3.762],[139.4085,-3.7615],[139.4225,-3.7565],[139.4275,-3.742],[139.438,-3.7365],[139.455,-3.721],[139.4565,-3.721],[139.4605,-3.724],[139.4615,-3.7295],[139.4625,-3.731],[139.466,-3.7325],[139.515,-3.756],[139.5185,-3.7565],[139.5245,-3.7535],[139.5275,-3.753],[139.5365,-3.762],[139.5585,-3.763],[139.5635,-3.772],[139.566,-3.772],[139.5815,-3.78],[139.5885,-3.79],[139.6055,-3.7995],[139.607,-3.8005],[139.609,-3.802],[139.6105,-3.8015],[139.6135,-3.8025],[139.611,-3.804],[139.6115,-3.805],[139.6165,-3.8085],[139.624,-3.8075],[139.6335,-3.8085],[139.635,-3.8065],[139.6375,-3.807],[139.6415,-3.807],[139.655,-3.811],[139.66,-3.8235],[139.676,-3.817],[139.6815,-3.8],[139.674,-3.7925],[139.6785,-3.7845],[139.6795,-3.768],[139.6855,-3.7635],[139.6895,-3.7605],[139.692,-3.76],[139.692,-3.755],[139.691,-3.749],[139.6835,-3.735],[139.6825,-3.7325],[139.679,-3.729],[139.67,-3.7225],[139.6565,-3.7215],[139.644,-3.712],[139.642,-3.6955],[139.634,-3.6875],[139.6255,-3.6865],[139.6235,-3.6855],[139.6235,-3.6865],[139.6245,-3.6875],[139.6255,-3.6925],[139.6235,-3.695],[139.623,-3.706],[139.6095,-3.711],[139.602,-3.7265],[139.5965,-3.7275]]]},"properties":{"code":"95.06.01.2022","name":"Warikma"}},{"type":"Feature","geometry":{"type":"Polygon","coordinates":[[[139.397,-3.754],[139.3965,-3.7535],[139.3955,-3.7535],[139.3955,-3.754],[139.3905,-3.7565],[139.39,-3.7575],[139.3955,-3.759],[139.397,-3.754]]]},"properties":{"code":"95.06.01.2023","name":"Kalak"}},{"type":"Feature","geometry":{"type":"Polygon","coordinates":[[[139.4015,-3.7635],[139.4,-3.757],[139.399,-3.756],[139.3985,-3.756],[139.3975,-3.754],[139.397,-3.754],[139.3945,-3.7615],[139.4015,-3.7635]]]},"properties":{"code":"95.06.01.2024","name":"Isila"}},{"type":"Feature","geometry":{"type":"Polygon","coordinates":[[[139.4005,-3.747],[139.3995,-3.7465],[139.3975,-3.747],[139.3965,-3.7485],[139.391,-3.75],[139.39,-3.75],[139.384,-3.7525],[139.3865,-3.757],[139.3875,-3.758],[139.39,-3.759],[139.3905,-3.7565],[139.3955,-3.754],[139.3955,-3.7525],[139.4005,-3.748],[139.4005,-3.747]]]},"properties":{"code":"95.06.01.2025","name":"Fima"}},{"type":"Feature","geometry":{"type":"Polygon","coordinates":[[[139.4015,-3.7635],[139.3945,-3.7615],[139.3935,-3.7645],[139.394,-3.7655],[139.394,-3.767],[139.395,-3.7665],[139.398,-3.767],[139.398,-3.766],[139.4025,-3.7635],[139.4015,-3.7635]]]},"properties":{"code":"95.06.01.2026","name":"Sohi"}},{"type":"Feature","geometry":{"type":"Polygon","coordinates":[[[139.402,-3.757],[139.4025,-3.7555],[139.402,-3.7515],[139.4005,-3.748],[139.3955,-3.7525],[139.3955,-3.7535],[139.3965,-3.7535],[139.3975,-3.754],[139.3985,-3.756],[139.399,-3.756],[139.4,-3.757],[139.4015,-3.7635],[139.4025,-3.7635],[139.402,-3.757]]]},"properties":{"code":"95.06.01.2027","name":"Pasimbolo"}},{"type":"Feature","geometry":{"type":"Polygon","coordinates":[[[139.357,-3.787],[139.356,-3.7865],[139.3545,-3.787],[139.3485,-3.7885],[139.3265,-3.805],[139.3235,-3.8065],[139.3315,-3.8135],[139.3495,-3.82],[139.35,-3.8195],[139.3505,-3.818],[139.359,-3.8145],[139.3595,-3.8145],[139.3565,-3.811],[139.3575,-3.809],[139.358,-3.8085],[139.358,-3.808],[139.357,-3.8045],[139.3565,-3.803],[139.358,-3.7975],[139.357,-3.792],[139.3575,-3.789],[139.357,-3.7875],[139.357,-3.787]]]},"properties":{"code":"95.06.01.2028","name":"Wagagu"}},{"type":"Feature","geometry":{"type":"Polygon","coordinates":[[[139.3495,-3.82],[139.3315,-3.8135],[139.3235,-3.8065],[139.3215,-3.807],[139.32,-3.8085],[139.3105,-3.817],[139.309,-3.8185],[139.3105,-3.819],[139.3145,-3.8195],[139.3185,-3.8205],[139.3215,-3.82],[139.331,-3.819],[139.349,-3.8285],[139.349,-3.828],[139.349,-3.827],[139.351,-3.825],[139.351,-3.8225],[139.3505,-3.8205],[139.3495,-3.82]]]},"properties":{"code":"95.06.01.2029","name":"Sowi"}},{"type":"Feature","geometry":{"type":"Polygon","coordinates":[[[139.3585,-3.8215],[139.369,-3.8095],[139.361,-3.8145],[139.359,-3.8145],[139.3505,-3.818],[139.35,-3.8195],[139.3505,-3.8205],[139.351,-3.8225],[139.3515,-3.824],[139.3535,-3.8255],[139.3555,-3.824],[139.3585,-3.8215]]]},"properties":{"code":"95.06.01.2030","name":"Sipson"}},{"type":"Feature","geometry":{"type":"Polygon","coordinates":[[[139.3775,-3.812],[139.3755,-3.811],[139.3715,-3.8165],[139.368,-3.8185],[139.3585,-3.8215],[139.3555,-3.824],[139.3535,-3.8255],[139.3515,-3.824],[139.351,-3.825],[139.349,-3.827],[139.349,-3.828],[139.35,-3.829],[139.349,-3.834],[139.3525,-3.84],[139.354,-3.84],[139.3595,-3.835],[139.361,-3.833],[139.3635,-3.8325],[139.3685,-3.829],[139.3695,-3.824],[139.3775,-3.812]]]},"properties":{"code":"95.06.01.2031","name":"Sipsoi"}},{"type":"Feature","geometry":{"type":"Polygon","coordinates":[[[139.349,-3.8285],[139.331,-3.819],[139.3215,-3.82],[139.3185,-3.8205],[139.3145,-3.8195],[139.3105,-3.819],[139.309,-3.8185],[139.3085,-3.819],[139.3285,-3.8315],[139.3295,-3.8355],[139.3395,-3.8355],[139.341,-3.834],[139.3465,-3.835],[139.349,-3.834],[139.35,-3.829],[139.349,-3.8285]]]},"properties":{"code":"95.06.01.2032","name":"Eregi"}},{"type":"Feature","geometry":{"type":"Polygon","coordinates":[[[139.3395,-3.8355],[139.3295,-3.8355],[139.3275,-3.848],[139.326,-3.8495],[139.3115,-3.8555],[139.3185,-3.855],[139.32,-3.854],[139.3215,-3.853],[139.323,-3.8535],[139.3445,-3.8455],[139.3455,-3.8445],[139.3465,-3.8435],[139.3465,-3.842],[139.3395,-3.8355]]]},"properties":{"code":"95.06.01.2033","name":"Ohoniam"}},{"type":"Feature","geometry":{"type":"Polygon","coordinates":[[[139.3755,-3.811],[139.3735,-3.808],[139.372,-3.809],[139.369,-3.8095],[139.3585,-3.8215],[139.368,-3.8185],[139.3715,-3.8165],[139.3755,-3.811]]]},"properties":{"code":"95.06.01.2034","name":"Hiling"}},{"type":"Feature","geometry":{"type":"Polygon","coordinates":[[[139.349,-3.834],[139.3465,-3.835],[139.341,-3.834],[139.3395,-3.8355],[139.3465,-3.842],[139.3465,-3.8415],[139.3495,-3.8415],[139.3525,-3.84],[139.349,-3.834]]]},"properties":{"code":"95.06.01.2035","name":"Duwong"}},{"type":"Feature","geometry":{"type":"Polygon","coordinates":[[[139.3295,-3.8355],[139.3285,-3.8315],[139.3085,-3.819],[139.2995,-3.8325],[139.29,-3.863],[139.2855,-3.868],[139.2855,-3.869],[139.2855,-3.872],[139.2835,-3.876],[139.291,-3.873],[139.2915,-3.8725],[139.2935,-3.87],[139.294,-3.8705],[139.2955,-3.869],[139.297,-3.869],[139.2975,-3.8685],[139.299,-3.868],[139.3005,-3.8675],[139.3015,-3.8675],[139.304,-3.8675],[139.3055,-3.8675],[139.307,-3.8655],[139.31,-3.8635],[139.3115,-3.8555],[139.326,-3.8495],[139.3275,-3.848],[139.3295,-3.8355]]]},"properties":{"code":"95.06.01.2036","name":"Pisireg"}},{"type":"Feature","geometry":{"type":"Polygon","coordinates":[[[139.4,-3.7795],[139.395,-3.7775],[139.3935,-3.7805],[139.398,-3.7815],[139.398,-3.781],[139.3995,-3.78],[139.4,-3.7795]]]},"properties":{"code":"95.06.01.2037","name":"Tanapasir"}},{"type":"Feature","geometry":{"type":"Polygon","coordinates":[[[139.398,-3.7815],[139.3935,-3.7805],[139.3925,-3.7825],[139.3995,-3.785],[139.399,-3.7825],[139.398,-3.7815]]]},"properties":{"code":"95.06.01.2038","name":"Olani"}},{"type":"Feature","geometry":{"type":"Polygon","coordinates":[[[139.4285,-3.789],[139.3995,-3.78],[139.399,-3.7825],[139.43,-3.798],[139.4305,-3.79],[139.429,-3.7895],[139.4285,-3.789]]]},"properties":{"code":"95.06.01.2039","name":"Sili"}},{"type":"Feature","geometry":{"type":"Polygon","coordinates":[[[139.398,-3.767],[139.395,-3.7665],[139.394,-3.767],[139.394,-3.769],[139.395,-3.77],[139.3965,-3.7745],[139.401,-3.776],[139.401,-3.7755],[139.4005,-3.7735],[139.4005,-3.772],[139.3995,-3.7685],[139.398,-3.7675],[139.398,-3.767]]]},"properties":{"code":"95.06.01.2040","name":"Hesmat"}},{"type":"Feature","geometry":{"type":"Polygon","coordinates":[[[139.435,-3.781],[139.429,-3.7815],[139.428,-3.781],[139.4275,-3.7805],[139.4255,-3.779],[139.4245,-3.777],[139.4225,-3.777],[139.422,-3.777],[139.4215,-3.7755],[139.422,-3.772],[139.4185,-3.771],[139.4165,-3.7715],[139.4105,-3.7725],[139.4015,-3.769],[139.4005,-3.772],[139.4005,-3.7735],[139.401,-3.776],[139.401,-3.7765],[139.4,-3.777],[139.3995,-3.7775],[139.4,-3.7785],[139.4,-3.7795],[139.3995,-3.78],[139.4285,-3.789],[139.4285,-3.7875],[139.432,-3.785],[139.4345,-3.783],[139.434,-3.783],[139.4345,-3.7825],[139.435,-3.781]]]},"properties":{"code":"95.06.01.2041","name":"Molinggu"}},{"type":"Feature","geometry":{"type":"Polygon","coordinates":[[[139.3925,-3.775],[139.3865,-3.7715],[139.383,-3.786],[139.382,-3.7865],[139.381,-3.7875],[139.3805,-3.789],[139.382,-3.789],[139.382,-3.79],[139.3845,-3.7915],[139.3865,-3.7875],[139.3895,-3.7815],[139.3925,-3.775]]]},"properties":{"code":"95.06.01.2042","name":"Werekma"}},{"type":"Feature","geometry":{"type":"Polygon","coordinates":[[[139.509,-3.801],[139.506,-3.8015],[139.5055,-3.802],[139.4905,-3.817],[139.4695,-3.8095],[139.4705,-3.8075],[139.47,-3.805],[139.465,-3.805],[139.465,-3.803],[139.465,-3.802],[139.464,-3.8],[139.4595,-3.7805],[139.4525,-3.7805],[139.4485,-3.7815],[139.4475,-3.78],[139.4445,-3.78],[139.444,-3.7795],[139.435,-3.781],[139.4345,-3.7825],[139.434,-3.783],[139.4345,-3.783],[139.432,-3.785],[139.4285,-3.7875],[139.429,-3.7895],[139.4305,-3.79],[139.43,-3.798],[139.435,-3.8025],[139.4265,-3.8125],[139.4245,-3.8175],[139.4265,-3.817],[139.433,-3.8325],[139.437,-3.839],[139.4485,-3.8355],[139.4795,-3.8375],[139.48,-3.8365],[139.4825,-3.833],[139.487,-3.8295],[139.4895,-3.8295],[139.4945,-3.833],[139.4985,-3.8345],[139.505,-3.831],[139.5045,-3.829],[139.498,-3.8165],[139.499,-3.8135],[139.5005,-3.8115],[139.5035,-3.8085],[139.506,-3.8055],[139.509,-3.801]]]},"properties":{"code":"95.06.01.2043","name":"Emon"}},{"type":"Feature","geometry":{"type":"Polygon","coordinates":[[[139.43,-3.798],[139.399,-3.7825],[139.3995,-3.7855],[139.401,-3.787],[139.4005,-3.7885],[139.4115,-3.8045],[139.4125,-3.8095],[139.4115,-3.811],[139.41,-3.8125],[139.4155,-3.8125],[139.417,-3.812],[139.4195,-3.812],[139.422,-3.8125],[139.424,-3.817],[139.4245,-3.8175],[139.4265,-3.8125],[139.435,-3.8025],[139.43,-3.798]]]},"properties":{"code":"95.06.01.2044","name":"Kwikma"}},{"type":"Feature","geometry":{"type":"Polygon","coordinates":[[[139.3165,-3.884],[139.3115,-3.887],[139.3125,-3.8895],[139.3135,-3.8895],[139.3175,-3.8905],[139.318,-3.8905],[139.318,-3.8895],[139.3175,-3.888],[139.3175,-3.887],[139.3175,-3.886],[139.317,-3.8845],[139.3165,-3.884]]]},"properties":{"code":"95.06.02.2001","name":"Apalapsili"}},{"type":"Feature","geometry":{"type":"Polygon","coordinates":[[[139.3555,-3.8645],[139.355,-3.863],[139.3565,-3.863],[139.358,-3.8615],[139.3595,-3.835],[139.354,-3.84],[139.3495,-3.8415],[139.3465,-3.8415],[139.3465,-3.8435],[139.3455,-3.8445],[139.3445,-3.8465],[139.337,-3.85],[139.326,-3.864],[139.325,-3.8725],[139.3235,-3.877],[139.325,-3.88],[139.327,-3.8805],[139.327,-3.8825],[139.326,-3.8875],[139.3265,-3.8885],[139.328,-3.892],[139.3275,-3.8935],[139.3275,-3.895],[139.329,-3.8985],[139.329,-3.899],[139.3295,-3.899],[139.33,-3.9],[139.332,-3.9005],[139.3335,-3.901],[139.334,-3.902],[139.3345,-3.902],[139.3355,-3.901],[139.336,-3.9],[139.3355,-3.896],[139.3365,-3.888],[139.3485,-3.8825],[139.3555,-3.8645]]]},"properties":{"code":"95.06.02.2002","name":"Hubliki"}},{"type":"Feature","geometry":{"type":"Polygon","coordinates":[[[139.344,-3.998],[139.3345,-3.996],[139.331,-3.9925],[139.3165,-3.9755],[139.31,-3.974],[139.3045,-3.9735],[139.3045,-3.9755],[139.303,-3.9805],[139.294,-3.9995],[139.276,-4.009],[139.2725,-4.013],[139.272,-4.0145],[139.2765,-4.029],[139.28,-4.033],[139.282,-4.0345],[139.294,-4.0235],[139.3135,-4.004],[139.328,-4.0115],[139.33,-4.0125],[139.3435,-3.9995],[139.344,-3.998]]]},"properties":{"code":"95.06.02.2003","name":"Kulet"}},{"type":"Feature","geometry":{"type":"Polygon","coordinates":[[[139.31,-3.8795],[139.3105,-3.88],[139.312,-3.878],[139.3155,-3.862],[139.3115,-3.8555],[139.31,-3.8635],[139.307,-3.8655],[139.3065,-3.8665],[139.31,-3.8795]]]},"properties":{"code":"95.06.02.2004","name":"Yarema"}},{"type":"Feature","geometry":{"type":"Polygon","coordinates":[[[139.3115,-3.887],[139.311,-3.884],[139.3085,-3.8855],[139.308,-3.8855],[139.3085,-3.887],[139.3105,-3.89],[139.3125,-3.8895],[139.3115,-3.887]]]},"properties":{"code":"95.06.02.2005","name":"Asiligma"}},{"type":"Feature","geometry":{"type":"Polygon","coordinates":[[[139.317,-3.897],[139.3135,-3.894],[139.314,-3.895],[139.315,-3.897],[139.317,-3.897]]]},"properties":{"code":"95.06.02.2006","name":"Lambukmu"}},{"type":"Feature","geometry":{"type":"Polygon","coordinates":[[[139.3265,-3.89],[139.324,-3.889],[139.322,-3.8875],[139.3175,-3.885],[139.3175,-3.888],[139.318,-3.8895],[139.3175,-3.891],[139.3175,-3.892],[139.3195,-3.8925],[139.322,-3.8925],[139.3225,-3.8915],[139.327,-3.8905],[139.3265,-3.89]]]},"properties":{"code":"95.06.02.2007","name":"Suwewili"}},{"type":"Feature","geometry":{"type":"Polygon","coordinates":[[[139.393,-3.81],[139.382,-3.802],[139.382,-3.8025],[139.38,-3.805],[139.378,-3.8105],[139.3775,-3.812],[139.3695,-3.824],[139.3685,-3.829],[139.3635,-3.8325],[139.361,-3.833],[139.3595,-3.835],[139.358,-3.8615],[139.3565,-3.863],[139.355,-3.863],[139.3555,-3.8645],[139.3565,-3.8685],[139.357,-3.872],[139.36,-3.8765],[139.36,-3.879],[139.364,-3.8815],[139.371,-3.888],[139.3885,-3.8935],[139.392,-3.894],[139.3925,-3.895],[139.395,-3.896],[139.402,-3.8935],[139.4015,-3.8875],[139.4035,-3.8795],[139.4085,-3.8755],[139.4135,-3.8695],[139.4175,-3.852],[139.4205,-3.847],[139.433,-3.8325],[139.4265,-3.817],[139.4245,-3.8175],[139.424,-3.817],[139.422,-3.8125],[139.4195,-3.812],[139.417,-3.812],[139.4135,-3.8125],[139.4085,-3.8125],[139.4075,-3.8125],[139.4045,-3.811],[139.403,-3.81],[139.402,-3.8095],[139.393,-3.81]]]},"properties":{"code":"95.06.02.2008","name":"Yohul"}},{"type":"Feature","geometry":{"type":"Polygon","coordinates":[[[139.3105,-3.89],[139.3085,-3.887],[139.3065,-3.8865],[139.306,-3.8865],[139.2985,-3.8935],[139.2805,-3.924],[139.2875,-3.9235],[139.304,-3.9115],[139.313,-3.897],[139.312,-3.8935],[139.3105,-3.89]]]},"properties":{"code":"95.06.02.2009","name":"Lilinsaluk"}},{"type":"Feature","geometry":{"type":"Polygon","coordinates":[[[139.326,-3.8855],[139.3165,-3.884],[139.317,-3.8845],[139.3175,-3.885],[139.322,-3.8875],[139.324,-3.889],[139.3265,-3.89],[139.3265,-3.8885],[139.326,-3.8875],[139.326,-3.8855]]]},"properties":{"code":"95.06.02.2010","name":"Natoksili"}},{"type":"Feature","geometry":{"type":"Polygon","coordinates":[[[139.3445,-3.8455],[139.323,-3.8535],[139.322,-3.8535],[139.3215,-3.855],[139.321,-3.859],[139.3175,-3.8645],[139.316,-3.872],[139.316,-3.8725],[139.316,-3.8745],[139.316,-3.877],[139.316,-3.8795],[139.316,-3.881],[139.3165,-3.884],[139.326,-3.8855],[139.327,-3.8825],[139.327,-3.8805],[139.325,-3.88],[139.3235,-3.877],[139.325,-3.8725],[139.326,-3.864],[139.337,-3.85],[139.3445,-3.8465],[139.3445,-3.8455]]]},"properties":{"code":"95.06.02.2011","name":"Hinanggoambut"}},{"type":"Feature","geometry":{"type":"Polygon","coordinates":[[[139.3165,-3.884],[139.316,-3.881],[139.3155,-3.8805],[139.3105,-3.881],[139.3115,-3.887],[139.3165,-3.884]]]},"properties":{"code":"95.06.02.2012","name":"Wiyukwilik"}},{"type":"Feature","geometry":{"type":"Polygon","coordinates":[[[139.318,-3.8905],[139.3175,-3.8905],[139.3135,-3.8895],[139.3125,-3.8895],[139.3135,-3.894],[139.317,-3.8935],[139.3175,-3.891],[139.318,-3.8905]]]},"properties":{"code":"95.06.02.2013","name":"Fari"}},{"type":"Feature","geometry":{"type":"Polygon","coordinates":[[[139.315,-3.897],[139.3145,-3.8955],[139.314,-3.896],[139.313,-3.896],[139.313,-3.897],[139.304,-3.9115],[139.2875,-3.9235],[139.2805,-3.924],[139.2725,-3.9335],[139.268,-3.934],[139.267,-3.934],[139.2665,-3.9345],[139.2505,-3.952],[139.255,-3.953],[139.2725,-3.956],[139.296,-3.944],[139.2955,-3.9425],[139.294,-3.941],[139.294,-3.936],[139.3055,-3.933],[139.319,-3.923],[139.319,-3.92],[139.319,-3.9135],[139.3175,-3.909],[139.3165,-3.905],[139.315,-3.897]]]},"properties":{"code":"95.06.02.2014","name":"Wasalalo"}},{"type":"Feature","geometry":{"type":"Polygon","coordinates":[[[139.3275,-3.8945],[139.3275,-3.8935],[139.328,-3.892],[139.327,-3.8905],[139.3225,-3.8915],[139.322,-3.8925],[139.3195,-3.8925],[139.3175,-3.892],[139.317,-3.8935],[139.317,-3.897],[139.3275,-3.8945]]]},"properties":{"code":"95.06.02.2015","name":"Suerlihim"}},{"type":"Feature","geometry":{"type":"Polygon","coordinates":[[[139.329,-3.899],[139.329,-3.8985],[139.3275,-3.895],[139.3275,-3.8945],[139.317,-3.897],[139.3175,-3.8985],[139.324,-3.8995],[139.326,-3.9],[139.3275,-3.9005],[139.328,-3.9005],[139.3285,-3.8995],[139.329,-3.899]]]},"properties":{"code":"95.06.02.2016","name":"Orohon"}},{"type":"Feature","geometry":{"type":"Polygon","coordinates":[[[139.322,-3.8535],[139.32,-3.854],[139.3185,-3.855],[139.3115,-3.8555],[139.3155,-3.862],[139.312,-3.878],[139.3105,-3.88],[139.31,-3.8795],[139.3105,-3.881],[139.3155,-3.8805],[139.316,-3.8795],[139.316,-3.877],[139.316,-3.8745],[139.316,-3.8725],[139.316,-3.872],[139.3175,-3.8645],[139.321,-3.859],[139.3215,-3.855],[139.322,-3.8535]]]},"properties":{"code":"95.06.02.2017","name":"Habalo"}},{"type":"Feature","geometry":{"type":"Polygon","coordinates":[[[139.3205,-3.9075],[139.3195,-3.907],[139.3175,-3.906],[139.3165,-3.906],[139.3175,-3.909],[139.319,-3.9135],[139.32,-3.916],[139.3215,-3.9155],[139.3265,-3.917],[139.3275,-3.917],[139.328,-3.916],[139.3285,-3.914],[139.324,-3.913],[139.3215,-3.9095],[139.32,-3.9075],[139.3205,-3.9075]]]},"properties":{"code":"95.06.02.2018","name":"Sabilikalem"}},{"type":"Feature","geometry":{"type":"Polygon","coordinates":[[[139.306,-3.8865],[139.3025,-3.8835],[139.3015,-3.884],[139.3,-3.8845],[139.299,-3.8845],[139.299,-3.885],[139.2985,-3.887],[139.296,-3.8895],[139.2955,-3.8895],[139.2905,-3.8895],[139.2845,-3.891],[139.2845,-3.8915],[139.282,-3.8945],[139.28,-3.897],[139.2805,-3.9],[139.2705,-3.918],[139.2675,-3.933],[139.267,-3.934],[139.268,-3.934],[139.2725,-3.9335],[139.2805,-3.924],[139.2985,-3.8935],[139.306,-3.8865]]]},"properties":{"code":"95.06.02.2019","name":"Wanamalo"}},{"type":"Feature","geometry":{"type":"Polygon","coordinates":[[[139.328,-3.9005],[139.3275,-3.9005],[139.326,-3.9],[139.324,-3.8995],[139.3175,-3.8985],[139.3205,-3.907],[139.32,-3.9075],[139.3215,-3.9095],[139.324,-3.913],[139.3285,-3.914],[139.329,-3.912],[139.3285,-3.911],[139.328,-3.911],[139.328,-3.909],[139.3275,-3.9015],[139.328,-3.9005]]]},"properties":{"code":"95.06.02.2020","name":"Kundikele"}},{"type":"Feature","geometry":{"type":"Polygon","coordinates":[[[139.3175,-3.8985],[139.317,-3.897],[139.315,-3.897],[139.3165,-3.905],[139.3165,-3.906],[139.3175,-3.906],[139.3195,-3.907],[139.3205,-3.9075],[139.3205,-3.907],[139.3175,-3.8985]]]},"properties":{"code":"95.06.02.2021","name":"Kelampurim"}},{"type":"Feature","geometry":{"type":"Polygon","coordinates":[[[139.3135,-3.894],[139.3125,-3.8895],[139.3105,-3.89],[139.312,-3.8935],[139.313,-3.896],[139.3135,-3.896],[139.314,-3.896],[139.3145,-3.8955],[139.3135,-3.894]]]},"properties":{"code":"95.06.02.2022","name":"Holukalem"}},{"type":"Feature","geometry":{"type":"Polygon","coordinates":[[[139.308,-3.8855],[139.307,-3.884],[139.306,-3.883],[139.3055,-3.8825],[139.3055,-3.882],[139.3035,-3.883],[139.3025,-3.8835],[139.306,-3.8865],[139.3065,-3.8865],[139.308,-3.8855]]]},"properties":{"code":"95.06.02.2023","name":"Yeptek"}},{"type":"Feature","geometry":{"type":"Polygon","coordinates":[[[139.31,-3.8795],[139.305,-3.8795],[139.3055,-3.882],[139.3055,-3.8825],[139.306,-3.883],[139.307,-3.884],[139.308,-3.8855],[139.3085,-3.8855],[139.311,-3.884],[139.31,-3.8795]]]},"properties":{"code":"95.06.02.2024","name":"Benyam"}},{"type":"Feature","geometry":{"type":"Polygon","coordinates":[[[139.31,-3.8795],[139.3065,-3.8665],[139.3055,-3.8675],[139.304,-3.8675],[139.3015,-3.8675],[139.3005,-3.8675],[139.3005,-3.869],[139.3015,-3.87],[139.3015,-3.8715],[139.3015,-3.873],[139.301,-3.8755],[139.298,-3.8775],[139.2975,-3.878],[139.295,-3.8795],[139.2945,-3.881],[139.295,-3.8825],[139.297,-3.881],[139.299,-3.879],[139.3045,-3.878],[139.305,-3.8795],[139.31,-3.8795]]]},"properties":{"code":"95.06.02.2025","name":"Temput"}},{"type":"Feature","geometry":{"type":"Polygon","coordinates":[[[139.292,-3.879],[139.2925,-3.8765],[139.292,-3.8745],[139.291,-3.873],[139.2835,-3.876],[139.28,-3.879],[139.279,-3.8795],[139.278,-3.8805],[139.27,-3.8875],[139.27,-3.89],[139.27,-3.8925],[139.2695,-3.8935],[139.269,-3.895],[139.2535,-3.933],[139.2395,-3.9425],[139.212,-3.9495],[139.2035,-3.9545],[139.2165,-3.9555],[139.232,-3.9505],[139.2455,-3.9535],[139.249,-3.952],[139.2505,-3.952],[139.2665,-3.9345],[139.2675,-3.933],[139.2705,-3.918],[139.2805,-3.9],[139.28,-3.897],[139.282,-3.8945],[139.2845,-3.8915],[139.285,-3.889],[139.2855,-3.8825],[139.29,-3.883],[139.291,-3.8835],[139.2915,-3.8795],[139.292,-3.879]]]},"properties":{"code":"95.06.02.2026","name":"Sabualo"}},{"type":"Feature","geometry":{"type":"Polygon","coordinates":[[[139.3,-3.876],[139.301,-3.8755],[139.3015,-3.873],[139.3015,-3.872],[139.3015,-3.8705],[139.3005,-3.871],[139.298,-3.8745],[139.3,-3.876]]]},"properties":{"code":"95.06.02.2027","name":"Nanahoruk"}},{"type":"Feature","geometry":{"type":"Polygon","coordinates":[[[139.278,-3.8805],[139.2775,-3.8795],[139.2735,-3.8815],[139.268,-3.882],[139.2645,-3.8835],[139.264,-3.8845],[139.262,-3.8845],[139.2565,-3.886],[139.2535,-3.889],[139.25,-3.8915],[139.2495,-3.8925],[139.249,-3.897],[139.2475,-3.9015],[139.2465,-3.902],[139.2425,-3.9035],[139.238,-3.9075],[139.238,-3.908],[139.2365,-3.91],[139.2345,-3.9115],[139.2155,-3.9285],[139.215,-3.93],[139.212,-3.9495],[139.2395,-3.9425],[139.2535,-3.933],[139.269,-3.895],[139.2695,-3.8935],[139.27,-3.8925],[139.27,-3.89],[139.27,-3.8875],[139.278,-3.8805]]]},"properties":{"code":"95.06.02.2028","name":"Kengkenbun"}},{"type":"Feature","geometry":{"type":"Polygon","coordinates":[[[139.2975,-3.8775],[139.2955,-3.871],[139.295,-3.8695],[139.294,-3.8705],[139.2935,-3.87],[139.2915,-3.8725],[139.291,-3.873],[139.292,-3.8745],[139.2925,-3.8765],[139.292,-3.879],[139.294,-3.8785],[139.295,-3.8795],[139.2975,-3.878],[139.2975,-3.8775]]]},"properties":{"code":"95.06.02.2029","name":"Sien"}},{"type":"Feature","geometry":{"type":"Polygon","coordinates":[[[139.3005,-3.8675],[139.299,-3.868],[139.2975,-3.8685],[139.297,-3.869],[139.295,-3.8695],[139.2955,-3.871],[139.2975,-3.8775],[139.298,-3.8775],[139.3,-3.876],[139.298,-3.8745],[139.3005,-3.871],[139.3015,-3.8705],[139.3015,-3.87],[139.3005,-3.869],[139.3005,-3.8675]]]},"properties":{"code":"95.06.02.2030","name":"Kinhe"}},{"type":"Feature","geometry":{"type":"Polygon","coordinates":[[[139.295,-3.8795],[139.294,-3.8785],[139.2915,-3.8795],[139.291,-3.8835],[139.29,-3.883],[139.2855,-3.8825],[139.285,-3.889],[139.2845,-3.891],[139.2905,-3.8895],[139.2955,-3.8895],[139.2945,-3.8885],[139.296,-3.8835],[139.295,-3.8825],[139.2945,-3.881],[139.295,-3.8795]]]},"properties":{"code":"95.06.02.2031","name":"Humalem"}},{"type":"Feature","geometry":{"type":"Polygon","coordinates":[[[139.299,-3.881],[139.2985,-3.8805],[139.297,-3.881],[139.296,-3.8835],[139.2945,-3.8885],[139.296,-3.8895],[139.2985,-3.887],[139.299,-3.885],[139.299,-3.8845],[139.299,-3.884],[139.2975,-3.8835],[139.299,-3.881]]]},"properties":{"code":"95.06.02.2032","name":"Pipisim"}},{"type":"Feature","geometry":{"type":"Polygon","coordinates":[[[139.305,-3.8795],[139.299,-3.881],[139.2975,-3.8835],[139.299,-3.884],[139.3,-3.8845],[139.3015,-3.884],[139.3035,-3.883],[139.3055,-3.882],[139.305,-3.8795]]]},"properties":{"code":"95.06.02.2033","name":"Makrig"}},{"type":"Feature","geometry":{"type":"Polygon","coordinates":[[[139.305,-3.8795],[139.3045,-3.878],[139.299,-3.879],[139.2985,-3.8805],[139.299,-3.881],[139.305,-3.8795]]]},"properties":{"code":"95.06.02.2034","name":"Ilirek"}},{"type":"Feature","geometry":{"type":"Polygon","coordinates":[[[139.402,-3.8935],[139.395,-3.896],[139.3925,-3.895],[139.392,-3.894],[139.3885,-3.8935],[139.371,-3.888],[139.364,-3.8815],[139.36,-3.879],[139.36,-3.8765],[139.357,-3.872],[139.3565,-3.8685],[139.3555,-3.8645],[139.3485,-3.8825],[139.3365,-3.888],[139.3355,-3.896],[139.336,-3.8975],[139.3475,-3.896],[139.3575,-3.905],[139.369,-3.922],[139.38,-3.9245],[139.388,-3.9335],[139.394,-3.9355],[139.396,-3.9345],[139.3975,-3.9325],[139.398,-3.9255],[139.3975,-3.918],[139.3985,-3.916],[139.399,-3.9145],[139.404,-3.9025],[139.402,-3.8935]]]},"properties":{"code":"95.06.02.2035","name":"Filiahik"}},{"type":"Feature","geometry":{"type":"Polygon","coordinates":[[[139.3885,-3.934],[139.388,-3.9335],[139.38,-3.9245],[139.369,-3.922],[139.3575,-3.905],[139.3475,-3.896],[139.336,-3.8975],[139.336,-3.9],[139.3355,-3.901],[139.334,-3.902],[139.334,-3.9025],[139.3335,-3.9055],[139.336,-3.9055],[139.3375,-3.9075],[139.34,-3.9095],[139.341,-3.918],[139.3475,-3.9235],[139.3465,-3.9285],[139.346,-3.93],[139.347,-3.9345],[139.3475,-3.935],[139.3485,-3.936],[139.351,-3.9375],[139.352,-3.939],[139.356,-3.9435],[139.359,-3.946],[139.362,-3.9475],[139.3685,-3.9565],[139.3705,-3.9615],[139.3725,-3.9635],[139.3715,-3.956],[139.3845,-3.946],[139.388,-3.942],[139.3885,-3.934]]]},"properties":{"code":"95.06.02.2036","name":"Kilat"}},{"type":"Feature","geometry":{"type":"Polygon","coordinates":[[[139.334,-3.902],[139.3335,-3.901],[139.332,-3.9005],[139.33,-3.9],[139.3295,-3.899],[139.3285,-3.8995],[139.3275,-3.9015],[139.328,-3.909],[139.328,-3.911],[139.3285,-3.911],[139.3315,-3.91],[139.333,-3.908],[139.334,-3.902]]]},"properties":{"code":"95.06.02.2037","name":"Baptekma"}},{"type":"Feature","geometry":{"type":"Polygon","coordinates":[[[139.3405,-3.9165],[139.3375,-3.9075],[139.336,-3.9055],[139.3335,-3.9055],[139.333,-3.908],[139.3315,-3.91],[139.3285,-3.911],[139.329,-3.912],[139.329,-3.9125],[139.334,-3.9175],[139.3405,-3.9165]]]},"properties":{"code":"95.06.02.2038","name":"Nohonil"}},{"type":"Feature","geometry":{"type":"Polygon","coordinates":[[[139.327,-3.927],[139.3265,-3.926],[139.3255,-3.926],[139.3255,-3.9255],[139.3245,-3.928],[139.3235,-3.9305],[139.32,-3.935],[139.318,-3.9365],[139.316,-3.9365],[139.317,-3.9425],[139.3165,-3.945],[139.3295,-3.939],[139.329,-3.938],[139.328,-3.934],[139.3275,-3.9325],[139.3275,-3.93],[139.327,-3.9275],[139.327,-3.927]]]},"properties":{"code":"95.06.02.2039","name":"Asilikma"}},{"type":"Feature","geometry":{"type":"Polygon","coordinates":[[[139.373,-3.9715],[139.353,-3.962],[139.334,-3.9485],[139.333,-3.948],[139.332,-3.9475],[139.3305,-3.948],[139.3295,-3.9395],[139.3295,-3.939],[139.3165,-3.945],[139.315,-3.947],[139.313,-3.951],[139.3115,-3.9525],[139.3115,-3.954],[139.3125,-3.9555],[139.3025,-3.9695],[139.303,-3.9705],[139.3045,-3.9735],[139.31,-3.974],[139.3165,-3.9755],[139.331,-3.9925],[139.3345,-3.996],[139.344,-3.998],[139.344,-3.997],[139.353,-3.983],[139.3635,-3.987],[139.372,-3.9795],[139.373,-3.9715]]]},"properties":{"code":"95.06.02.2040","name":"Tikano"}},{"type":"Feature","geometry":{"type":"Polygon","coordinates":[[[139.3085,-3.943],[139.2985,-3.9435],[139.2975,-3.949],[139.296,-3.9545],[139.2955,-3.957],[139.296,-3.9565],[139.3085,-3.943]]]},"properties":{"code":"95.06.02.2041","name":"Nasinema"}},{"type":"Feature","geometry":{"type":"Polygon","coordinates":[[[139.2955,-3.957],[139.296,-3.9545],[139.2975,-3.949],[139.2985,-3.9435],[139.298,-3.944],[139.296,-3.944],[139.2725,-3.956],[139.255,-3.953],[139.249,-3.952],[139.2455,-3.9535],[139.232,-3.9505],[139.2165,-3.9555],[139.2035,-3.9545],[139.1705,-3.982],[139.1715,-3.9835],[139.1875,-3.992],[139.197,-3.9945],[139.201,-4.0185],[139.243,-3.9925],[139.2895,-3.967],[139.2945,-3.958],[139.2955,-3.957]]]},"properties":{"code":"95.06.02.2042","name":"Eal"}},{"type":"Feature","geometry":{"type":"Polygon","coordinates":[[[139.316,-3.9435],[139.3105,-3.9435],[139.3085,-3.9435],[139.3085,-3.943],[139.296,-3.9565],[139.2945,-3.958],[139.2895,-3.967],[139.243,-3.9925],[139.227,-4.0025],[139.248,-4.0085],[139.25,-4.011],[139.2505,-4.0115],[139.2525,-4.0125],[139.276,-4.009],[139.294,-3.9995],[139.303,-3.9805],[139.3045,-3.9755],[139.303,-3.9705],[139.3025,-3.9695],[139.3125,-3.9555],[139.3115,-3.954],[139.3115,-3.9525],[139.313,-3.951],[139.315,-3.947],[139.316,-3.9435]]]},"properties":{"code":"95.06.02.2043","name":"Hukalopunu"}},{"type":"Feature","geometry":{"type":"Polygon","coordinates":[[[139.276,-4.009],[139.2525,-4.0125],[139.2505,-4.0115],[139.25,-4.011],[139.248,-4.0085],[139.227,-4.0025],[139.201,-4.0185],[139.194,-4.037],[139.2,-4.045],[139.193,-4.063],[139.209,-4.079],[139.206,-4.087],[139.206,-4.0885],[139.214,-4.0855],[139.232,-4.0755],[139.2475,-4.0595],[139.264,-4.045],[139.2795,-4.0365],[139.282,-4.0345],[139.28,-4.033],[139.2765,-4.029],[139.272,-4.0145],[139.2725,-4.013],[139.276,-4.009]]]},"properties":{"code":"95.06.02.2044","name":"Alimuhuk"}},{"type":"Feature","geometry":{"type":"Polygon","coordinates":[[[139.346,-3.931],[139.328,-3.929],[139.3275,-3.93],[139.3275,-3.9325],[139.3275,-3.933],[139.331,-3.933],[139.3325,-3.934],[139.3355,-3.934],[139.346,-3.9365],[139.3485,-3.936],[139.349,-3.936],[139.3475,-3.935],[139.347,-3.9345],[139.346,-3.931]]]},"properties":{"code":"95.06.02.2045","name":"Pong"}},{"type":"Feature","geometry":{"type":"Polygon","coordinates":[[[139.3275,-3.917],[139.3265,-3.917],[139.3215,-3.9155],[139.32,-3.916],[139.319,-3.92],[139.319,-3.923],[139.317,-3.93],[139.32,-3.935],[139.3235,-3.9305],[139.3245,-3.928],[139.325,-3.9265],[139.3255,-3.9245],[139.3275,-3.919],[139.3275,-3.917]]]},"properties":{"code":"95.06.02.2046","name":"Molinggi"}},{"type":"Feature","geometry":{"type":"Polygon","coordinates":[[[139.3405,-3.9165],[139.334,-3.9175],[139.329,-3.9125],[139.328,-3.916],[139.3275,-3.917],[139.3275,-3.919],[139.3255,-3.9245],[139.3255,-3.9255],[139.3255,-3.926],[139.3265,-3.926],[139.327,-3.927],[139.329,-3.926],[139.333,-3.923],[139.3345,-3.9235],[139.341,-3.9275],[139.3435,-3.9275],[139.3465,-3.9285],[139.3475,-3.9235],[139.341,-3.918],[139.3405,-3.9165]]]},"properties":{"code":"95.06.02.2047","name":"Sobikambut"}},{"type":"Feature","geometry":{"type":"Polygon","coordinates":[[[139.3465,-3.9285],[139.3435,-3.9275],[139.341,-3.9275],[139.3345,-3.9235],[139.333,-3.923],[139.329,-3.926],[139.327,-3.927],[139.327,-3.9275],[139.328,-3.929],[139.346,-3.931],[139.346,-3.93],[139.3465,-3.9285]]]},"properties":{"code":"95.06.02.2048","name":"Wiralesili"}},{"type":"Feature","geometry":{"type":"Polygon","coordinates":[[[139.349,-3.936],[139.3485,-3.936],[139.346,-3.9365],[139.3355,-3.934],[139.3325,-3.934],[139.331,-3.933],[139.3275,-3.933],[139.328,-3.934],[139.329,-3.938],[139.3295,-3.9395],[139.3305,-3.948],[139.332,-3.9475],[139.333,-3.948],[139.334,-3.9485],[139.353,-3.962],[139.373,-3.9715],[139.3735,-3.969],[139.374,-3.968],[139.373,-3.9645],[139.3705,-3.9615],[139.3685,-3.9565],[139.362,-3.9475],[139.359,-3.946],[139.356,-3.9435],[139.352,-3.939],[139.3505,-3.937],[139.349,-3.936]]]},"properties":{"code":"95.06.02.2049","name":"Holuogalma"}},{"type":"Feature","geometry":{"type":"Polygon","coordinates":[[[139.32,-3.935],[139.317,-3.93],[139.3055,-3.933],[139.294,-3.936],[139.294,-3.941],[139.2955,-3.9425],[139.296,-3.944],[139.298,-3.944],[139.2985,-3.9435],[139.3085,-3.943],[139.3085,-3.9435],[139.3105,-3.9435],[139.316,-3.9435],[139.317,-3.9425],[139.316,-3.9365],[139.318,-3.9365],[139.32,-3.935]]]},"properties":{"code":"95.06.02.2050","name":"Falukwalilo"}},{"type":"Feature","geometry":{"type":"Polygon","coordinates":[[[139.1165,-3.8545],[139.115,-3.8525],[139.1125,-3.851],[139.1065,-3.8425],[139.096,-3.8255],[139.0935,-3.827],[139.0925,-3.8275],[139.0855,-3.8355],[139.091,-3.8445],[139.095,-3.8475],[139.1085,-3.856],[139.109,-3.8555],[139.114,-3.855],[139.1155,-3.855],[139.1165,-3.8545]]]},"properties":{"code":"95.06.03.2001","name":"Abenaho"}},{"type":"Feature","geometry":{"type":"Polygon","coordinates":[[[138.9925,-3.934],[138.9925,-3.929],[138.9905,-3.9305],[138.988,-3.9335],[138.987,-3.9345],[138.986,-3.935],[138.9855,-3.935],[138.9845,-3.9345],[138.983,-3.935],[138.9815,-3.9345],[138.9795,-3.933],[138.978,-3.932],[138.977,-3.932],[138.9765,-3.9315],[138.975,-3.9305],[138.9715,-3.929],[138.9805,-3.94],[138.9815,-3.9405],[138.9825,-3.9415],[138.9835,-3.942],[138.9925,-3.934]]]},"properties":{"code":"95.06.03.2002","name":"Wambalfak"}},{"type":"Feature","geometry":{"type":"Polygon","coordinates":[[[139.2465,-3.7945],[139.2365,-3.8005],[139.237,-3.802],[139.2365,-3.8035],[139.239,-3.8135],[139.239,-3.8155],[139.239,-3.8185],[139.239,-3.82],[139.239,-3.8215],[139.24,-3.823],[139.24,-3.8255],[139.241,-3.8285],[139.242,-3.8265],[139.244,-3.826],[139.2445,-3.8245],[139.2435,-3.8045],[139.2465,-3.7945]]]},"properties":{"code":"95.06.03.2003","name":"Landikma"}},{"type":"Feature","geometry":{"type":"Polygon","coordinates":[[[139.1535,-3.8455],[139.1635,-3.834],[139.15,-3.8375],[139.148,-3.8375],[139.15,-3.8395],[139.1535,-3.8455]]]},"properties":{"code":"95.06.03.2004","name":"Dombomi"}},{"type":"Feature","geometry":{"type":"Polygon","coordinates":[[[139.1355,-3.871],[139.1355,-3.87],[139.1355,-3.868],[139.1355,-3.8665],[139.1335,-3.864],[139.133,-3.8505],[139.1315,-3.851],[139.126,-3.851],[139.1245,-3.851],[139.1245,-3.8515],[139.1255,-3.8525],[139.1285,-3.862],[139.126,-3.877],[139.1305,-3.8815],[139.129,-3.8965],[139.1315,-3.895],[139.134,-3.89],[139.135,-3.885],[139.133,-3.8835],[139.135,-3.8715],[139.1355,-3.871]]]},"properties":{"code":"95.06.03.2005","name":"Dosumo"}},{"type":"Feature","geometry":{"type":"Polygon","coordinates":[[[138.984,-3.821],[138.973,-3.805],[138.956,-3.8045],[138.9535,-3.8055],[138.953,-3.8065],[138.9595,-3.809],[138.9605,-3.808],[138.963,-3.8085],[138.965,-3.808],[138.967,-3.809],[138.9675,-3.811],[138.966,-3.812],[138.964,-3.8145],[138.959,-3.829],[138.9525,-3.8325],[138.953,-3.8325],[138.9715,-3.849],[138.993,-3.8435],[138.9945,-3.8445],[139.007,-3.854],[139.011,-3.857],[139.015,-3.8605],[139.012,-3.8645],[139.0105,-3.8645],[139.0105,-3.8655],[139.0115,-3.868],[139.013,-3.8775],[139.0315,-3.9055],[139.0335,-3.909],[139.036,-3.91],[139.038,-3.913],[139.038,-3.916],[139.04,-3.915],[139.058,-3.8975],[139.058,-3.8965],[139.0375,-3.8735],[139.031,-3.8705],[139.0305,-3.867],[139.032,-3.865],[139.0315,-3.8625],[139.0325,-3.859],[139.03,-3.859],[139.028,-3.858],[139.028,-3.854],[139.0225,-3.853],[139.0195,-3.853],[139.0135,-3.8445],[139.0125,-3.8365],[138.983,-3.8285],[138.983,-3.826],[138.984,-3.821]]]},"properties":{"code":"95.06.03.2006","name":"Wambo"}},{"type":"Feature","geometry":{"type":"Polygon","coordinates":[[[139.334,-3.656],[139.3285,-3.644],[139.328,-3.643],[139.322,-3.63],[139.3215,-3.629],[139.304,-3.65],[139.2935,-3.662],[139.307,-3.659],[139.3145,-3.663],[139.315,-3.6635],[139.3135,-3.666],[139.316,-3.6785],[139.325,-3.686],[139.332,-3.6825],[139.334,-3.6805],[139.335,-3.677],[139.334,-3.674],[139.3345,-3.671],[139.3355,-3.6675],[139.3355,-3.666],[139.3345,-3.6645],[139.3355,-3.6585],[139.334,-3.6575],[139.334,-3.656]]]},"properties":{"code":"95.06.03.2007","name":"Sombule"}},{"type":"Feature","geometry":{"type":"Polygon","coordinates":[[[139.16,-3.801],[139.159,-3.8005],[139.154,-3.799],[139.151,-3.7965],[139.127,-3.788],[139.1265,-3.792],[139.128,-3.805],[139.129,-3.806],[139.132,-3.8055],[139.142,-3.8065],[139.143,-3.8065],[139.146,-3.8045],[139.1545,-3.801],[139.158,-3.8015],[139.16,-3.801]]]},"properties":{"code":"95.06.03.2008","name":"Hubliki"}},{"type":"Feature","geometry":{"type":"Polygon","coordinates":[[[139.222,-3.7905],[139.2195,-3.79],[139.217,-3.7885],[139.2165,-3.788],[139.212,-3.798],[139.215,-3.809],[139.2175,-3.8105],[139.218,-3.8105],[139.2185,-3.811],[139.2205,-3.8125],[139.2215,-3.812],[139.2315,-3.809],[139.2335,-3.808],[139.2345,-3.807],[139.237,-3.802],[139.2365,-3.8005],[139.235,-3.799],[139.2225,-3.7925],[139.222,-3.7905]]]},"properties":{"code":"95.06.03.2009","name":"Hulikma"}},{"type":"Feature","geometry":{"type":"Polygon","coordinates":[[[139.1385,-3.8465],[139.138,-3.8465],[139.134,-3.849],[139.133,-3.8505],[139.1335,-3.864],[139.1355,-3.8665],[139.1355,-3.868],[139.1355,-3.87],[139.1355,-3.871],[139.137,-3.87],[139.138,-3.8695],[139.139,-3.87],[139.139,-3.8695],[139.1385,-3.8465]]]},"properties":{"code":"95.06.03.2010","name":"Sebi"}},{"type":"Feature","geometry":{"type":"Polygon","coordinates":[[[139.147,-3.8445],[139.143,-3.8455],[139.1385,-3.8465],[139.139,-3.8695],[139.139,-3.87],[139.1385,-3.871],[139.139,-3.886],[139.124,-3.915],[139.1105,-3.9285],[139.11,-3.9315],[139.1175,-3.942],[139.1265,-3.9295],[139.14,-3.9005],[139.147,-3.8455],[139.147,-3.8445]]]},"properties":{"code":"95.06.03.2011","name":"Suminaikma"}},{"type":"Feature","geometry":{"type":"Polygon","coordinates":[[[139.121,-3.8605],[139.1175,-3.854],[139.117,-3.854],[139.1155,-3.855],[139.114,-3.855],[139.109,-3.8555],[139.108,-3.856],[139.114,-3.8595],[139.1165,-3.8595],[139.121,-3.8605]]]},"properties":{"code":"95.06.03.2012","name":"Ulun"}},{"type":"Feature","geometry":{"type":"Polygon","coordinates":[[[139.114,-3.8595],[139.108,-3.856],[139.1075,-3.8565],[139.1055,-3.8565],[139.099,-3.8605],[139.0935,-3.8625],[139.0925,-3.8645],[139.0915,-3.8675],[139.09,-3.8695],[139.089,-3.8715],[139.095,-3.8845],[139.0945,-3.9035],[139.1035,-3.918],[139.1065,-3.8985],[139.113,-3.886],[139.106,-3.8725],[139.1075,-3.8715],[139.1085,-3.8685],[139.109,-3.864],[139.1125,-3.8595],[139.114,-3.8595]]]},"properties":{"code":"95.06.03.2013","name":"Fuahe"}},{"type":"Feature","geometry":{"type":"Polygon","coordinates":[[[139.121,-3.8605],[139.1165,-3.8595],[139.114,-3.8595],[139.1125,-3.8595],[139.109,-3.864],[139.1085,-3.8685],[139.1075,-3.8715],[139.106,-3.8725],[139.113,-3.886],[139.1065,-3.8985],[139.1035,-3.918],[139.096,-3.929],[139.0945,-3.936],[139.1055,-3.934],[139.1065,-3.9345],[139.1075,-3.936],[139.116,-3.9465],[139.118,-3.947],[139.1175,-3.942],[139.11,-3.9315],[139.11,-3.9265],[139.1095,-3.919],[139.114,-3.9165],[139.1185,-3.907],[139.1195,-3.906],[139.124,-3.8875],[139.123,-3.884],[139.1205,-3.8685],[139.1225,-3.8655],[139.1225,-3.8635],[139.1215,-3.861],[139.121,-3.8605]]]},"properties":{"code":"95.06.03.2014","name":"Wutlarin"}},{"type":"Feature","geometry":{"type":"Polygon","coordinates":[[[139.0945,-3.862],[139.0745,-3.844],[139.075,-3.8385],[139.07,-3.84],[139.0655,-3.8425],[139.0675,-3.844],[139.069,-3.8475],[139.07,-3.85],[139.084,-3.8625],[139.0865,-3.867],[139.0865,-3.8695],[139.0865,-3.8715],[139.088,-3.871],[139.09,-3.8695],[139.0915,-3.8675],[139.0925,-3.8645],[139.0935,-3.8625],[139.0945,-3.862]]]},"properties":{"code":"95.06.03.2015","name":"Kolaima"}},{"type":"Feature","geometry":{"type":"Polygon","coordinates":[[[139.0675,-3.864],[139.0635,-3.8635],[139.061,-3.8635],[139.0605,-3.8595],[139.056,-3.849],[139.0525,-3.8525],[139.0495,-3.854],[139.0515,-3.855],[139.0525,-3.856],[139.0535,-3.858],[139.0555,-3.869],[139.066,-3.873],[139.066,-3.869],[139.067,-3.8655],[139.0675,-3.864]]]},"properties":{"code":"95.06.03.2016","name":"Wanggibo"}},{"type":"Feature","geometry":{"type":"Polygon","coordinates":[[[139.0865,-3.8715],[139.0865,-3.8695],[139.0865,-3.867],[139.084,-3.8625],[139.07,-3.85],[139.069,-3.8475],[139.0675,-3.844],[139.0655,-3.8425],[139.0595,-3.846],[139.056,-3.849],[139.0605,-3.8595],[139.061,-3.8635],[139.0635,-3.8635],[139.0645,-3.8635],[139.0705,-3.865],[139.078,-3.8675],[139.081,-3.871],[139.0835,-3.8725],[139.084,-3.8715],[139.085,-3.871],[139.0865,-3.8715]]]},"properties":{"code":"95.06.03.2017","name":"Walagima"}},{"type":"Feature","geometry":{"type":"Polygon","coordinates":[[[139.1085,-3.856],[139.095,-3.8475],[139.091,-3.8445],[139.0855,-3.8355],[139.0815,-3.838],[139.0805,-3.838],[139.078,-3.839],[139.077,-3.839],[139.0755,-3.8385],[139.075,-3.8385],[139.0745,-3.844],[139.0945,-3.862],[139.099,-3.8605],[139.1055,-3.8565],[139.1075,-3.8565],[139.1085,-3.856]]]},"properties":{"code":"95.06.03.2018","name":"Tagabaga"}},{"type":"Feature","geometry":{"type":"Polygon","coordinates":[[[139.129,-3.8965],[139.1305,-3.8815],[139.126,-3.877],[139.1285,-3.862],[139.1255,-3.8525],[139.1245,-3.852],[139.1245,-3.851],[139.1235,-3.8515],[139.1175,-3.854],[139.121,-3.8605],[139.1215,-3.861],[139.1225,-3.8635],[139.1225,-3.8655],[139.1205,-3.8685],[139.123,-3.884],[139.124,-3.8875],[139.1195,-3.906],[139.122,-3.9055],[139.1255,-3.901],[139.128,-3.8985],[139.129,-3.8975],[139.129,-3.8965]]]},"properties":{"code":"95.06.03.2019","name":"Bohum"}},{"type":"Feature","geometry":{"type":"Polygon","coordinates":[[[139.139,-3.87],[139.138,-3.8695],[139.137,-3.87],[139.135,-3.8715],[139.133,-3.8835],[139.135,-3.885],[139.134,-3.89],[139.1315,-3.895],[139.129,-3.8965],[139.129,-3.8975],[139.128,-3.8985],[139.1255,-3.901],[139.122,-3.9055],[139.1185,-3.907],[139.114,-3.9165],[139.1095,-3.919],[139.11,-3.9265],[139.1105,-3.9285],[139.124,-3.915],[139.139,-3.886],[139.1385,-3.871],[139.139,-3.87]]]},"properties":{"code":"95.06.03.2020","name":"Jinggiwi"}},{"type":"Feature","geometry":{"type":"Polygon","coordinates":[[[139.467,-3.6575],[139.459,-3.6525],[139.431,-3.6505],[139.408,-3.634],[139.3925,-3.6285],[139.3745,-3.65],[139.3745,-3.68],[139.3755,-3.682],[139.3755,-3.684],[139.3755,-3.6855],[139.375,-3.688],[139.3695,-3.6975],[139.37,-3.698],[139.375,-3.6945],[139.3765,-3.693],[139.389,-3.6925],[139.406,-3.701],[139.4075,-3.702],[139.4105,-3.699],[139.413,-3.698],[139.4165,-3.6985],[139.44,-3.7045],[139.443,-3.7085],[139.467,-3.6575]]]},"properties":{"code":"95.06.03.2021","name":"Hurualma"}},{"type":"Feature","geometry":{"type":"Polygon","coordinates":[[[139.334,-3.682],[139.332,-3.6825],[139.325,-3.686],[139.316,-3.6785],[139.3135,-3.666],[139.315,-3.6635],[139.3145,-3.663],[139.307,-3.659],[139.2935,-3.662],[139.2885,-3.667],[139.289,-3.668],[139.2875,-3.6805],[139.2875,-3.681],[139.289,-3.6835],[139.2935,-3.686],[139.3085,-3.6915],[139.3175,-3.7025],[139.319,-3.7035],[139.3205,-3.7035],[139.322,-3.703],[139.3215,-3.702],[139.3195,-3.699],[139.333,-3.6935],[139.335,-3.6915],[139.334,-3.682]]]},"properties":{"code":"95.06.03.2022","name":"Humalma"}},{"type":"Feature","geometry":{"type":"Polygon","coordinates":[[[139.0615,-3.8865],[139.0485,-3.879],[139.048,-3.8785],[139.05,-3.871],[139.0455,-3.863],[139.0415,-3.862],[139.0415,-3.859],[139.041,-3.8575],[139.0395,-3.8575],[139.0335,-3.859],[139.0325,-3.859],[139.0315,-3.8625],[139.032,-3.865],[139.0305,-3.867],[139.031,-3.8705],[139.0375,-3.8735],[139.058,-3.8965],[139.06,-3.8945],[139.0615,-3.8875],[139.0615,-3.8865]]]},"properties":{"code":"95.06.03.2023","name":"Yahatma"}},{"type":"Feature","geometry":{"type":"Polygon","coordinates":[[[139.0735,-3.896],[139.0735,-3.8955],[139.0725,-3.8925],[139.072,-3.888],[139.07,-3.881],[139.065,-3.884],[139.065,-3.8855],[139.0665,-3.89],[139.069,-3.896],[139.0735,-3.896]]]},"properties":{"code":"95.06.03.2024","name":"Sohombunu"}},{"type":"Feature","geometry":{"type":"Polygon","coordinates":[[[139.066,-3.889],[139.065,-3.8855],[139.063,-3.8855],[139.063,-3.8915],[139.066,-3.889]]]},"properties":{"code":"95.06.03.2025","name":"Bumbum"}},{"type":"Feature","geometry":{"type":"Polygon","coordinates":[[[139.089,-3.8715],[139.088,-3.871],[139.087,-3.8715],[139.085,-3.871],[139.084,-3.8715],[139.084,-3.8725],[139.0825,-3.873],[139.08,-3.876],[139.07,-3.881],[139.072,-3.888],[139.0725,-3.8925],[139.0735,-3.8955],[139.0765,-3.897],[139.078,-3.898],[139.078,-3.905],[139.0765,-3.924],[139.072,-3.93],[139.0715,-3.9335],[139.074,-3.9335],[139.081,-3.931],[139.0835,-3.934],[139.091,-3.9385],[139.094,-3.9365],[139.096,-3.929],[139.1035,-3.918],[139.0945,-3.9035],[139.095,-3.8845],[139.089,-3.8715]]]},"properties":{"code":"95.06.03.2026","name":"Burim"}},{"type":"Feature","geometry":{"type":"Polygon","coordinates":[[[139.066,-3.873],[139.0555,-3.869],[139.0535,-3.858],[139.0525,-3.856],[139.0515,-3.855],[139.0495,-3.854],[139.0435,-3.8575],[139.041,-3.8575],[139.0415,-3.859],[139.0415,-3.862],[139.0455,-3.863],[139.05,-3.871],[139.048,-3.8785],[139.0485,-3.879],[139.0615,-3.8865],[139.065,-3.884],[139.07,-3.881],[139.066,-3.873]]]},"properties":{"code":"95.06.03.2027","name":"Dahonaikma"}},{"type":"Feature","geometry":{"type":"Polygon","coordinates":[[[139.063,-3.8915],[139.063,-3.8855],[139.0615,-3.8875],[139.06,-3.8945],[139.058,-3.8975],[139.04,-3.915],[139.039,-3.916],[139.038,-3.916],[139.037,-3.917],[139.0355,-3.919],[139.035,-3.919],[139.035,-3.9195],[139.035,-3.9205],[139.028,-3.93],[139.038,-3.9265],[139.064,-3.8975],[139.065,-3.8965],[139.0635,-3.896],[139.063,-3.8915]]]},"properties":{"code":"95.06.03.2028","name":"Musanahikma"}},{"type":"Feature","geometry":{"type":"Polygon","coordinates":[[[139.028,-3.93],[139.035,-3.9205],[139.035,-3.9195],[139.035,-3.919],[139.0345,-3.919],[139.0345,-3.92],[139.0205,-3.923],[139.022,-3.9215],[139.0205,-3.92],[139.019,-3.92],[139.013,-3.925],[139.0115,-3.926],[139.0105,-3.926],[139.01,-3.926],[139.0115,-3.933],[139.0145,-3.9395],[139.015,-3.939],[139.022,-3.933],[139.0245,-3.934],[139.028,-3.93]]]},"properties":{"code":"95.06.03.2029","name":"Abagima"}},{"type":"Feature","geometry":{"type":"Polygon","coordinates":[[[138.998,-3.929],[138.9965,-3.929],[138.9925,-3.929],[138.9925,-3.934],[138.9945,-3.9325],[138.996,-3.931],[138.9975,-3.9305],[138.998,-3.93],[138.998,-3.929]]]},"properties":{"code":"95.06.03.2030","name":"Waghasilimo"}},{"type":"Feature","geometry":{"type":"Polygon","coordinates":[[[138.9935,-3.865],[138.9845,-3.864],[138.9715,-3.8635],[138.977,-3.887],[138.976,-3.9075],[138.966,-3.916],[138.972,-3.925],[138.976,-3.928],[138.977,-3.929],[138.977,-3.932],[138.978,-3.932],[138.9795,-3.933],[138.9815,-3.9345],[138.983,-3.935],[138.9845,-3.9345],[138.9855,-3.935],[138.986,-3.935],[138.9855,-3.934],[138.985,-3.9325],[138.984,-3.931],[138.984,-3.9265],[139.001,-3.9145],[139.004,-3.906],[138.995,-3.883],[138.994,-3.8745],[138.9935,-3.871],[138.9935,-3.865]]]},"properties":{"code":"95.06.03.2031","name":"Wileroma"}},{"type":"Feature","geometry":{"type":"Polygon","coordinates":[[[138.9715,-3.8635],[138.9475,-3.8625],[138.949,-3.878],[138.9495,-3.8795],[138.9495,-3.88],[138.9485,-3.884],[138.9495,-3.8865],[138.947,-3.8935],[138.9545,-3.913],[138.9555,-3.9165],[138.959,-3.9185],[138.9635,-3.92],[138.9715,-3.929],[138.975,-3.9305],[138.9765,-3.9315],[138.977,-3.932],[138.977,-3.929],[138.976,-3.928],[138.972,-3.925],[138.966,-3.916],[138.976,-3.9075],[138.977,-3.887],[138.9715,-3.8635]]]},"properties":{"code":"95.06.03.2032","name":"Obabin"}},{"type":"Feature","geometry":{"type":"Polygon","coordinates":[[[139.013,-3.8775],[139.0115,-3.868],[139.0105,-3.8655],[139.0105,-3.8645],[139.0055,-3.8665],[138.9935,-3.865],[138.9935,-3.871],[138.994,-3.8745],[138.995,-3.883],[139.004,-3.906],[139.001,-3.9145],[138.984,-3.9265],[138.984,-3.931],[138.985,-3.9325],[138.9855,-3.934],[138.986,-3.935],[138.987,-3.9345],[138.988,-3.9335],[138.9905,-3.9305],[138.9925,-3.929],[138.9965,-3.929],[138.998,-3.9295],[139.0015,-3.9295],[139.009,-3.9265],[139.0105,-3.926],[139.0115,-3.926],[139.013,-3.925],[139.019,-3.92],[139.0205,-3.92],[139.022,-3.9215],[139.0205,-3.923],[139.0345,-3.92],[139.0345,-3.919],[139.0355,-3.919],[139.037,-3.917],[139.038,-3.916],[139.038,-3.913],[139.036,-3.91],[139.0335,-3.909],[139.0315,-3.9055],[139.013,-3.8775]]]},"properties":{"code":"95.06.03.2033","name":"Babin"}},{"type":"Feature","geometry":{"type":"Polygon","coordinates":[[[139.0835,-3.8725],[139.081,-3.871],[139.078,-3.8675],[139.0705,-3.865],[139.0675,-3.864],[139.067,-3.8655],[139.066,-3.869],[139.066,-3.873],[139.07,-3.881],[139.08,-3.876],[139.0825,-3.873],[139.0835,-3.8725]]]},"properties":{"code":"95.06.03.2034","name":"Elesim"}},{"type":"Feature","geometry":{"type":"Polygon","coordinates":[[[139.069,-3.896],[139.0665,-3.89],[139.066,-3.889],[139.063,-3.8915],[139.0635,-3.896],[139.065,-3.8965],[139.066,-3.896],[139.0665,-3.896],[139.069,-3.8965],[139.069,-3.896]]]},"properties":{"code":"95.06.03.2035","name":"Wanwal"}},{"type":"Feature","geometry":{"type":"Polygon","coordinates":[[[139.322,-3.703],[139.3205,-3.7035],[139.319,-3.7035],[139.3175,-3.7025],[139.3085,-3.6915],[139.2935,-3.686],[139.289,-3.6835],[139.2875,-3.681],[139.2875,-3.685],[139.2835,-3.6945],[139.2825,-3.6955],[139.281,-3.696],[139.2785,-3.698],[139.266,-3.7155],[139.2735,-3.7195],[139.294,-3.719],[139.311,-3.73],[139.312,-3.731],[139.3255,-3.7085],[139.3235,-3.7055],[139.322,-3.704],[139.322,-3.703]]]},"properties":{"code":"95.06.03.2036","name":"Sabilironggo"}},{"type":"Feature","geometry":{"type":"Polygon","coordinates":[[[139.179,-3.8145],[139.1705,-3.8085],[139.17,-3.808],[139.1705,-3.814],[139.172,-3.815],[139.1715,-3.818],[139.172,-3.824],[139.1715,-3.825],[139.1745,-3.825],[139.1765,-3.8265],[139.1775,-3.8255],[139.1795,-3.823],[139.1815,-3.8215],[139.1825,-3.821],[139.186,-3.8205],[139.186,-3.8195],[139.184,-3.8165],[139.1825,-3.817],[139.1805,-3.816],[139.179,-3.8145]]]},"properties":{"code":"95.06.03.2037","name":"Yanamik"}},{"type":"Feature","geometry":{"type":"Polygon","coordinates":[[[139.164,-3.845],[139.161,-3.8445],[139.1535,-3.8455],[139.1515,-3.848],[139.1445,-3.891],[139.1405,-3.9105],[139.147,-3.9045],[139.1525,-3.868],[139.153,-3.865],[139.1585,-3.8635],[139.1635,-3.846],[139.164,-3.845]]]},"properties":{"code":"95.06.03.2038","name":"Lakongkong"}},{"type":"Feature","geometry":{"type":"Polygon","coordinates":[[[139.1515,-3.848],[139.1495,-3.846],[139.149,-3.8455],[139.147,-3.8455],[139.14,-3.9005],[139.141,-3.901],[139.142,-3.903],[139.1445,-3.891],[139.1515,-3.848]]]},"properties":{"code":"95.06.03.2039","name":"Helaksili"}},{"type":"Feature","geometry":{"type":"Polygon","coordinates":[[[139.148,-3.8375],[139.146,-3.838],[139.1425,-3.838],[139.1415,-3.835],[139.1395,-3.8335],[139.1385,-3.833],[139.1365,-3.8315],[139.1365,-3.832],[139.136,-3.833],[139.1365,-3.8345],[139.136,-3.837],[139.147,-3.842],[139.1475,-3.844],[139.147,-3.8445],[139.147,-3.8455],[139.149,-3.8455],[139.1495,-3.846],[139.1515,-3.848],[139.1535,-3.8455],[139.15,-3.8395],[139.148,-3.8375]]]},"properties":{"code":"95.06.03.2040","name":"Bukurik"}},{"type":"Feature","geometry":{"type":"Polygon","coordinates":[[[139.1365,-3.8315],[139.1335,-3.8295],[139.1165,-3.8165],[139.1125,-3.817],[139.1135,-3.8225],[139.131,-3.836],[139.1375,-3.8445],[139.1395,-3.8455],[139.14,-3.846],[139.143,-3.8455],[139.147,-3.8445],[139.1475,-3.844],[139.147,-3.842],[139.136,-3.837],[139.1365,-3.8345],[139.136,-3.833],[139.136,-3.832],[139.1365,-3.8315]]]},"properties":{"code":"95.06.03.2041","name":"Kewi"}},{"type":"Feature","geometry":{"type":"Polygon","coordinates":[[[139.24,-3.823],[139.239,-3.8215],[139.239,-3.82],[139.239,-3.8185],[139.239,-3.8155],[139.239,-3.8145],[139.22,-3.8235],[139.223,-3.8405],[139.218,-3.8675],[139.2155,-3.892],[139.1925,-3.939],[139.164,-3.9745],[139.1675,-3.9785],[139.1895,-3.957],[139.1935,-3.9535],[139.1985,-3.935],[139.2115,-3.919],[139.22,-3.9],[139.225,-3.8745],[139.2325,-3.854],[139.234,-3.8295],[139.24,-3.823]]]},"properties":{"code":"95.06.03.2042","name":"Yambaikma"}},{"type":"Feature","geometry":{"type":"Polygon","coordinates":[[[139.1125,-3.817],[139.1105,-3.817],[139.0975,-3.8245],[139.096,-3.8255],[139.1065,-3.8425],[139.1125,-3.851],[139.115,-3.8525],[139.1165,-3.8545],[139.1205,-3.852],[139.1235,-3.8515],[139.1245,-3.851],[139.126,-3.851],[139.1315,-3.851],[139.134,-3.849],[139.138,-3.8465],[139.14,-3.846],[139.1395,-3.8455],[139.1375,-3.8445],[139.131,-3.836],[139.1135,-3.8225],[139.1125,-3.817]]]},"properties":{"code":"95.06.03.2043","name":"Hubualma"}},{"type":"Feature","geometry":{"type":"Polygon","coordinates":[[[139.142,-3.903],[139.141,-3.901],[139.14,-3.9005],[139.1265,-3.9295],[139.1175,-3.942],[139.118,-3.947],[139.12,-3.947],[139.1245,-3.946],[139.132,-3.9345],[139.1355,-3.9305],[139.1405,-3.918],[139.139,-3.916],[139.139,-3.914],[139.1405,-3.9105],[139.142,-3.903]]]},"properties":{"code":"95.06.03.2044","name":"Yuktanggo"}},{"type":"Feature","geometry":{"type":"Polygon","coordinates":[[[139.1965,-3.7925],[139.1925,-3.7855],[139.1885,-3.796],[139.1965,-3.799],[139.198,-3.7985],[139.199,-3.798],[139.1985,-3.7955],[139.1965,-3.7925]]]},"properties":{"code":"95.06.03.2045","name":"Wambal"}},{"type":"Feature","geometry":{"type":"Polygon","coordinates":[[[139.008,-3.954],[139.0065,-3.953],[138.992,-3.9525],[138.991,-3.9565],[138.9915,-3.957],[138.9955,-3.962],[138.996,-3.9625],[139.008,-3.954]]]},"properties":{"code":"95.06.03.2046","name":"Lilimuhuk"}},{"type":"Feature","geometry":{"type":"Polygon","coordinates":[[[139.012,-3.954],[139.0115,-3.9545],[139.01,-3.954],[139.008,-3.954],[138.996,-3.9625],[138.9985,-3.9655],[139.009,-3.9705],[139.012,-3.9695],[139.015,-3.9605],[139.015,-3.9595],[139.0135,-3.958],[139.012,-3.954]]]},"properties":{"code":"95.06.03.2047","name":"Hulhule"}},{"type":"Feature","geometry":{"type":"Polygon","coordinates":[[[139.0205,-3.96],[139.018,-3.9575],[139.0165,-3.9565],[139.0145,-3.9565],[139.0145,-3.957],[139.0135,-3.958],[139.015,-3.9595],[139.015,-3.9605],[139.012,-3.9695],[139.013,-3.9695],[139.013,-3.9735],[139.015,-3.9745],[139.017,-3.9675],[139.0255,-3.9655],[139.025,-3.965],[139.0245,-3.963],[139.0215,-3.961],[139.0205,-3.96]]]},"properties":{"code":"95.06.03.2048","name":"Mahiyal"}},{"type":"Feature","geometry":{"type":"Polygon","coordinates":[[[139.0145,-3.9395],[139.012,-3.9355],[139.0025,-3.9365],[139.006,-3.943],[139.0135,-3.948],[139.0135,-3.946],[139.0145,-3.94],[139.0145,-3.9395]]]},"properties":{"code":"95.06.03.2049","name":"Alugi"}},{"type":"Feature","geometry":{"type":"Polygon","coordinates":[[[139.0025,-3.9365],[139,-3.935],[138.989,-3.944],[138.988,-3.9445],[138.987,-3.9435],[138.986,-3.944],[138.986,-3.9445],[138.9855,-3.9465],[138.987,-3.9495],[138.989,-3.9505],[138.991,-3.949],[139.006,-3.943],[139.0025,-3.9365]]]},"properties":{"code":"95.06.03.2050","name":"Sahikma"}},{"type":"Feature","geometry":{"type":"Polygon","coordinates":[[[139.0235,-3.9335],[139.022,-3.933],[139.015,-3.939],[139.0145,-3.94],[139.0135,-3.946],[139.0135,-3.9475],[139.013,-3.9505],[139.012,-3.952],[139.012,-3.954],[139.0135,-3.958],[139.0145,-3.957],[139.0145,-3.9565],[139.0165,-3.9565],[139.018,-3.9575],[139.0205,-3.96],[139.02,-3.9595],[139.0225,-3.954],[139.0235,-3.953],[139.0315,-3.9485],[139.0195,-3.939],[139.02,-3.9365],[139.0235,-3.9335]]]},"properties":{"code":"95.06.03.2051","name":"Bonahik"}},{"type":"Feature","geometry":{"type":"Polygon","coordinates":[[[139.069,-3.8965],[139.0665,-3.896],[139.066,-3.896],[139.064,-3.8975],[139.038,-3.9265],[139.028,-3.93],[139.0245,-3.934],[139.0235,-3.9335],[139.02,-3.9365],[139.0195,-3.939],[139.0315,-3.9485],[139.0345,-3.947],[139.046,-3.9375],[139.046,-3.9365],[139.051,-3.932],[139.053,-3.93],[139.0605,-3.919],[139.062,-3.916],[139.0615,-3.916],[139.0615,-3.909],[139.062,-3.9065],[139.068,-3.8975],[139.069,-3.8965]]]},"properties":{"code":"95.06.03.2052","name":"Eliyekma"}},{"type":"Feature","geometry":{"type":"Polygon","coordinates":[[[139.0735,-3.896],[139.069,-3.896],[139.068,-3.8975],[139.062,-3.9065],[139.0615,-3.909],[139.0615,-3.916],[139.065,-3.917],[139.072,-3.93],[139.0765,-3.924],[139.078,-3.905],[139.078,-3.898],[139.0765,-3.897],[139.0735,-3.896]]]},"properties":{"code":"95.06.03.2053","name":"Yabusup"}},{"type":"Feature","geometry":{"type":"Polygon","coordinates":[[[139,-3.935],[138.998,-3.934],[138.9945,-3.933],[138.9925,-3.934],[138.9835,-3.942],[138.9855,-3.9435],[138.986,-3.944],[138.987,-3.9435],[138.988,-3.9445],[138.989,-3.944],[139,-3.935]]]},"properties":{"code":"95.06.03.2054","name":"Arikbalek"}},{"type":"Feature","geometry":{"type":"Polygon","coordinates":[[[139.006,-3.943],[138.991,-3.949],[138.989,-3.9505],[138.99,-3.9515],[138.991,-3.956],[138.991,-3.9565],[138.992,-3.9525],[139.0065,-3.953],[139.01,-3.954],[139.0115,-3.9545],[139.012,-3.952],[139.013,-3.9505],[139.0135,-3.9475],[139.0135,-3.948],[139.006,-3.943]]]},"properties":{"code":"95.06.03.2055","name":"Yawan"}},{"type":"Feature","geometry":{"type":"Polygon","coordinates":[[[139.012,-3.9355],[139.0115,-3.933],[139.01,-3.926],[139.009,-3.9265],[139.0015,-3.9295],[139.0005,-3.9295],[139.0025,-3.9365],[139.012,-3.9355]]]},"properties":{"code":"95.06.03.2056","name":"Fuim"}},{"type":"Feature","geometry":{"type":"Polygon","coordinates":[[[139.16,-3.801],[139.158,-3.8015],[139.1545,-3.801],[139.146,-3.8045],[139.143,-3.8065],[139.142,-3.8065],[139.1495,-3.8155],[139.1715,-3.818],[139.172,-3.815],[139.1705,-3.814],[139.17,-3.808],[139.169,-3.8065],[139.1675,-3.8045],[139.1655,-3.8035],[139.1645,-3.804],[139.163,-3.803],[139.162,-3.802],[139.1605,-3.8015],[139.16,-3.801]]]},"properties":{"code":"95.06.03.2057","name":"Witlanggo"}},{"type":"Feature","geometry":{"type":"Polygon","coordinates":[[[139.211,-3.843],[139.2115,-3.8425],[139.211,-3.842],[139.2105,-3.8395],[139.211,-3.8385],[139.2105,-3.836],[139.212,-3.8295],[139.212,-3.828],[139.2115,-3.827],[139.2115,-3.826],[139.2105,-3.827],[139.21,-3.829],[139.206,-3.8385],[139.2055,-3.841],[139.206,-3.84],[139.207,-3.84],[139.2085,-3.8405],[139.2085,-3.8415],[139.211,-3.843]]]},"properties":{"code":"95.06.03.2058","name":"Worowi"}},{"type":"Feature","geometry":{"type":"Polygon","coordinates":[[[139.416,-3.6],[139.4135,-3.5985],[139.4065,-3.608],[139.395,-3.6115],[139.371,-3.608],[139.3675,-3.623],[139.3605,-3.6335],[139.359,-3.6345],[139.3745,-3.65],[139.414,-3.6025],[139.416,-3.6]]]},"properties":{"code":"95.06.03.2059","name":"Bonggi"}},{"type":"Feature","geometry":{"type":"Polygon","coordinates":[[[139.174,-3.8305],[139.1635,-3.834],[139.1535,-3.8455],[139.161,-3.8445],[139.164,-3.845],[139.1645,-3.8435],[139.1665,-3.84],[139.17,-3.836],[139.174,-3.8305]]]},"properties":{"code":"95.06.03.2060","name":"Wilak"}},{"type":"Feature","geometry":{"type":"Polygon","coordinates":[[[139.1685,-3.827],[139.167,-3.8265],[139.1665,-3.8255],[139.162,-3.826],[139.1585,-3.8245],[139.154,-3.825],[139.1415,-3.82],[139.1375,-3.8115],[139.126,-3.8075],[139.1245,-3.809],[139.122,-3.8125],[139.117,-3.816],[139.1165,-3.8165],[139.1335,-3.8295],[139.1385,-3.833],[139.1395,-3.8335],[139.1415,-3.835],[139.1425,-3.838],[139.146,-3.838],[139.1485,-3.8375],[139.15,-3.8375],[139.1635,-3.834],[139.1645,-3.832],[139.165,-3.83],[139.166,-3.828],[139.1675,-3.8275],[139.1685,-3.827]]]},"properties":{"code":"95.06.03.2061","name":"Wanggun"}},{"type":"Feature","geometry":{"type":"Polygon","coordinates":[[[139.142,-3.8065],[139.132,-3.8055],[139.129,-3.806],[139.128,-3.805],[139.1275,-3.8065],[139.126,-3.8075],[139.1375,-3.8115],[139.1415,-3.82],[139.154,-3.825],[139.1585,-3.8245],[139.162,-3.826],[139.1665,-3.8255],[139.167,-3.8265],[139.1685,-3.827],[139.17,-3.8255],[139.1715,-3.825],[139.172,-3.824],[139.1715,-3.818],[139.1495,-3.8155],[139.142,-3.8065]]]},"properties":{"code":"95.06.03.2062","name":"Hombanma"}},{"type":"Feature","geometry":{"type":"Polygon","coordinates":[[[139.4765,-3.523],[139.4725,-3.522],[139.466,-3.4985],[139.4685,-3.4895],[139.4845,-3.4805],[139.4855,-3.471],[139.47,-3.4595],[139.4635,-3.46],[139.464,-3.472],[139.4585,-3.487],[139.4365,-3.5095],[139.4315,-3.5255],[139.4365,-3.555],[139.434,-3.574],[139.4265,-3.579],[139.4335,-3.579],[139.4455,-3.562],[139.4555,-3.5585],[139.5015,-3.5195],[139.4985,-3.5165],[139.4975,-3.513],[139.497,-3.51],[139.4985,-3.506],[139.5005,-3.504],[139.5015,-3.491],[139.498,-3.488],[139.4875,-3.4905],[139.485,-3.498],[139.4835,-3.503],[139.485,-3.5185],[139.4765,-3.523]]]},"properties":{"code":"95.06.03.2063","name":"Yama"}},{"type":"Feature","geometry":{"type":"Polygon","coordinates":[[[139.1765,-3.8265],[139.1745,-3.825],[139.17,-3.8255],[139.1685,-3.827],[139.1675,-3.8275],[139.166,-3.828],[139.165,-3.83],[139.1645,-3.832],[139.1635,-3.834],[139.174,-3.8305],[139.175,-3.8305],[139.176,-3.828],[139.1765,-3.8265]]]},"properties":{"code":"95.06.03.2064","name":"Halifur"}},{"type":"Feature","geometry":{"type":"Polygon","coordinates":[[[139.267,-3.844],[139.2675,-3.8405],[139.265,-3.8385],[139.2615,-3.8365],[139.255,-3.837],[139.253,-3.8545],[139.258,-3.8645],[139.2565,-3.877],[139.2615,-3.879],[139.262,-3.8815],[139.263,-3.883],[139.264,-3.8845],[139.2645,-3.8835],[139.268,-3.882],[139.2735,-3.8815],[139.2775,-3.8795],[139.279,-3.8795],[139.28,-3.879],[139.2835,-3.876],[139.2855,-3.872],[139.2855,-3.869],[139.2855,-3.868],[139.284,-3.867],[139.283,-3.865],[139.281,-3.864],[139.2795,-3.864],[139.263,-3.864],[139.2575,-3.848],[139.267,-3.844]]]},"properties":{"code":"95.06.03.2065","name":"Beim"}},{"type":"Feature","geometry":{"type":"Polygon","coordinates":[[[139.2505,-3.836],[139.25,-3.836],[139.2505,-3.838],[139.2495,-3.8415],[139.249,-3.897],[139.2495,-3.8925],[139.25,-3.8915],[139.2535,-3.889],[139.2565,-3.886],[139.262,-3.8845],[139.2635,-3.8845],[139.264,-3.8845],[139.263,-3.883],[139.262,-3.8815],[139.2615,-3.879],[139.2565,-3.877],[139.258,-3.8645],[139.253,-3.8545],[139.255,-3.837],[139.2505,-3.836]]]},"properties":{"code":"95.06.03.2066","name":"Ulusi"}},{"type":"Feature","geometry":{"type":"Polygon","coordinates":[[[139.2535,-3.797],[139.25,-3.796],[139.2465,-3.7945],[139.2435,-3.8045],[139.2445,-3.8245],[139.244,-3.826],[139.242,-3.8265],[139.241,-3.8285],[139.241,-3.8295],[139.2415,-3.83],[139.2425,-3.8315],[139.247,-3.8335],[139.2485,-3.8355],[139.2505,-3.836],[139.2545,-3.8125],[139.2555,-3.8055],[139.2535,-3.797]]]},"properties":{"code":"95.06.03.2067","name":"Salo"}},{"type":"Feature","geometry":{"type":"Polygon","coordinates":[[[139.24,-3.823],[139.234,-3.8295],[139.2325,-3.854],[139.225,-3.8745],[139.22,-3.9],[139.2115,-3.919],[139.1985,-3.935],[139.1935,-3.9535],[139.1895,-3.957],[139.1675,-3.9785],[139.169,-3.9795],[139.1695,-3.98],[139.1705,-3.982],[139.2035,-3.9545],[139.212,-3.927],[139.2255,-3.903],[139.228,-3.9005],[139.2285,-3.8975],[139.231,-3.894],[139.234,-3.879],[139.234,-3.875],[139.2385,-3.8565],[139.2415,-3.83],[139.241,-3.8295],[139.24,-3.8255],[139.24,-3.823]]]},"properties":{"code":"95.06.03.2068","name":"Moban"}},{"type":"Feature","geometry":{"type":"Polygon","coordinates":[[[139.2625,-3.8075],[139.256,-3.807],[139.2545,-3.8125],[139.2505,-3.836],[139.255,-3.837],[139.263,-3.814],[139.262,-3.811],[139.2625,-3.8075]]]},"properties":{"code":"95.06.03.2069","name":"Mulip"}},{"type":"Feature","geometry":{"type":"Polygon","coordinates":[[[139.239,-3.8145],[139.239,-3.8135],[139.2365,-3.8035],[139.2345,-3.807],[139.2335,-3.808],[139.2315,-3.809],[139.2215,-3.812],[139.221,-3.8125],[139.2205,-3.8125],[139.2185,-3.8125],[139.2175,-3.813],[139.216,-3.8125],[139.2105,-3.814],[139.2085,-3.8155],[139.2085,-3.8165],[139.209,-3.8165],[139.2095,-3.8175],[139.212,-3.824],[139.2115,-3.827],[139.212,-3.828],[139.212,-3.8295],[139.2105,-3.836],[139.211,-3.8385],[139.2105,-3.8395],[139.211,-3.842],[139.2115,-3.8425],[139.211,-3.844],[139.208,-3.8585],[139.206,-3.863],[139.205,-3.865],[139.209,-3.8755],[139.205,-3.8905],[139.2045,-3.897],[139.1995,-3.902],[139.1905,-3.927],[139.177,-3.95],[139.1705,-3.949],[139.17,-3.9595],[139.1665,-3.9605],[139.1645,-3.964],[139.1595,-3.9675],[139.1585,-3.9695],[139.159,-3.9695],[139.162,-3.9725],[139.164,-3.9745],[139.1925,-3.939],[139.2155,-3.892],[139.218,-3.8675],[139.223,-3.8405],[139.22,-3.8235],[139.239,-3.8145]]]},"properties":{"code":"95.06.03.2070","name":"Ulukhumi"}},{"type":"Feature","geometry":{"type":"Polygon","coordinates":[[[139.3075,-3.816],[139.306,-3.8155],[139.304,-3.8155],[139.302,-3.814],[139.2875,-3.8175],[139.283,-3.8165],[139.266,-3.807],[139.263,-3.807],[139.2625,-3.8075],[139.262,-3.811],[139.263,-3.814],[139.255,-3.837],[139.2615,-3.8365],[139.265,-3.8385],[139.2675,-3.8405],[139.267,-3.8445],[139.271,-3.848],[139.274,-3.8535],[139.2765,-3.858],[139.2795,-3.864],[139.281,-3.864],[139.283,-3.865],[139.284,-3.867],[139.2855,-3.868],[139.29,-3.863],[139.2995,-3.8325],[139.3085,-3.819],[139.308,-3.817],[139.3075,-3.816]]]},"properties":{"code":"95.06.03.2071","name":"Halisek"}},{"type":"Feature","geometry":{"type":"Polygon","coordinates":[[[139.3075,-3.816],[139.3055,-3.814],[139.307,-3.7855],[139.304,-3.7745],[139.2965,-3.772],[139.2925,-3.77],[139.2885,-3.767],[139.289,-3.765],[139.288,-3.7675],[139.289,-3.7705],[139.2855,-3.774],[139.2825,-3.783],[139.2815,-3.7875],[139.2785,-3.7875],[139.2735,-3.791],[139.271,-3.7915],[139.2695,-3.7895],[139.266,-3.789],[139.2635,-3.7925],[139.262,-3.7935],[139.261,-3.794],[139.256,-3.7945],[139.255,-3.7965],[139.2535,-3.797],[139.2555,-3.8055],[139.256,-3.807],[139.2625,-3.8075],[139.263,-3.807],[139.266,-3.807],[139.283,-3.8165],[139.2875,-3.8175],[139.302,-3.814],[139.304,-3.8155],[139.306,-3.8155],[139.3075,-3.816]]]},"properties":{"code":"95.06.03.2072","name":"Lohomabel"}},{"type":"Feature","geometry":{"type":"Polygon","coordinates":[[[139.3035,-3.7325],[139.3025,-3.7315],[139.2935,-3.723],[139.285,-3.7245],[139.279,-3.7475],[139.2915,-3.755],[139.2915,-3.7555],[139.292,-3.754],[139.2925,-3.7525],[139.294,-3.752],[139.2975,-3.7405],[139.2985,-3.7385],[139.301,-3.7395],[139.303,-3.733],[139.3035,-3.7325]]]},"properties":{"code":"95.06.03.2073","name":"Kule"}},{"type":"Feature","geometry":{"type":"Polygon","coordinates":[[[139.244,-3.833],[139.2425,-3.8315],[139.2415,-3.83],[139.2385,-3.8565],[139.234,-3.875],[139.234,-3.879],[139.231,-3.894],[139.2285,-3.8975],[139.228,-3.9005],[139.2255,-3.903],[139.212,-3.927],[139.2035,-3.9545],[139.212,-3.9495],[139.215,-3.93],[139.2155,-3.9285],[139.2345,-3.9115],[139.2365,-3.91],[139.238,-3.908],[139.2375,-3.9055],[139.2425,-3.882],[139.245,-3.8535],[139.244,-3.833]]]},"properties":{"code":"95.06.03.2074","name":"Kandibung"}},{"type":"Feature","geometry":{"type":"Polygon","coordinates":[[[139.267,-3.844],[139.2575,-3.848],[139.263,-3.864],[139.2795,-3.864],[139.2765,-3.858],[139.274,-3.8535],[139.271,-3.848],[139.267,-3.8445],[139.267,-3.844]]]},"properties":{"code":"95.06.03.2075","name":"Gefido"}},{"type":"Feature","geometry":{"type":"Polygon","coordinates":[[[139.25,-3.836],[139.2485,-3.8355],[139.247,-3.8335],[139.244,-3.833],[139.245,-3.8535],[139.2425,-3.882],[139.2375,-3.9055],[139.238,-3.9075],[139.2425,-3.9035],[139.2465,-3.902],[139.2475,-3.9015],[139.249,-3.897],[139.2495,-3.8415],[139.2505,-3.838],[139.25,-3.836]]]},"properties":{"code":"95.06.03.2076","name":"Sapiwarek"}},{"type":"Feature","geometry":{"type":"Polygon","coordinates":[[[139.205,-3.8205],[139.198,-3.8195],[139.196,-3.82],[139.1945,-3.821],[139.193,-3.821],[139.1925,-3.822],[139.191,-3.8305],[139.192,-3.839],[139.193,-3.84],[139.2015,-3.829],[139.203,-3.8255],[139.205,-3.8205]]]},"properties":{"code":"95.06.03.2077","name":"Fialem"}},{"type":"Feature","geometry":{"type":"Polygon","coordinates":[[[139.186,-3.8205],[139.1825,-3.821],[139.1815,-3.8215],[139.1795,-3.823],[139.1775,-3.8255],[139.176,-3.828],[139.175,-3.8305],[139.174,-3.8305],[139.17,-3.836],[139.1665,-3.84],[139.1645,-3.8435],[139.164,-3.8445],[139.1635,-3.846],[139.1585,-3.8635],[139.153,-3.865],[139.1525,-3.868],[139.147,-3.9045],[139.1405,-3.9105],[139.139,-3.914],[139.139,-3.916],[139.1405,-3.918],[139.1355,-3.9305],[139.132,-3.9345],[139.1245,-3.946],[139.1355,-3.9515],[139.1315,-3.946],[139.157,-3.9195],[139.158,-3.89],[139.1885,-3.8345],[139.188,-3.8335],[139.1835,-3.8295],[139.1835,-3.8275],[139.186,-3.8205]]]},"properties":{"code":"95.06.03.2078","name":"Horakia"}},{"type":"Feature","geometry":{"type":"Polygon","coordinates":[[[139.2075,-3.819],[139.206,-3.82],[139.205,-3.8205],[139.203,-3.8255],[139.2015,-3.829],[139.193,-3.84],[139.2,-3.8425],[139.203,-3.8385],[139.2025,-3.837],[139.2075,-3.819]]]},"properties":{"code":"95.06.03.2079","name":"Suahe"}},{"type":"Feature","geometry":{"type":"Polygon","coordinates":[[[139.2,-3.8425],[139.193,-3.84],[139.183,-3.8665],[139.173,-3.886],[139.168,-3.9135],[139.1425,-3.955],[139.143,-3.9555],[139.1505,-3.9645],[139.1515,-3.965],[139.1825,-3.908],[139.1875,-3.8965],[139.1915,-3.8565],[139.2005,-3.8425],[139.2,-3.8425]]]},"properties":{"code":"95.06.03.2080","name":"Uluhufuk"}},{"type":"Feature","geometry":{"type":"Polygon","coordinates":[[[139.2055,-3.841],[139.206,-3.8385],[139.21,-3.829],[139.2105,-3.828],[139.201,-3.844],[139.2045,-3.843],[139.2055,-3.841]]]},"properties":{"code":"95.06.03.2081","name":"Waroham"}},{"type":"Feature","geometry":{"type":"Polygon","coordinates":[[[139.192,-3.839],[139.1915,-3.8385],[139.1885,-3.8345],[139.158,-3.89],[139.157,-3.9195],[139.1315,-3.946],[139.1355,-3.9515],[139.137,-3.952],[139.1415,-3.9535],[139.1425,-3.955],[139.168,-3.9135],[139.173,-3.886],[139.183,-3.8665],[139.193,-3.84],[139.192,-3.839]]]},"properties":{"code":"95.06.03.2082","name":"Sohi"}},{"type":"Feature","geometry":{"type":"Polygon","coordinates":[[[139.211,-3.843],[139.2085,-3.8415],[139.2085,-3.8405],[139.207,-3.84],[139.206,-3.84],[139.2045,-3.843],[139.201,-3.844],[139.2015,-3.843],[139.2005,-3.8425],[139.1915,-3.8565],[139.1875,-3.8965],[139.1825,-3.908],[139.1515,-3.965],[139.1525,-3.965],[139.1575,-3.969],[139.1585,-3.9695],[139.1595,-3.9675],[139.1645,-3.964],[139.1665,-3.9605],[139.17,-3.9595],[139.1705,-3.949],[139.177,-3.95],[139.1905,-3.927],[139.1995,-3.902],[139.2045,-3.897],[139.205,-3.8905],[139.209,-3.8755],[139.205,-3.865],[139.206,-3.863],[139.208,-3.8585],[139.211,-3.844],[139.211,-3.843]]]},"properties":{"code":"95.06.03.2083","name":"Akris"}},{"type":"Feature","geometry":{"type":"Polygon","coordinates":[[[139.1935,-3.821],[139.186,-3.8205],[139.1835,-3.8275],[139.1835,-3.8295],[139.188,-3.8335],[139.1915,-3.8385],[139.192,-3.839],[139.191,-3.8305],[139.1925,-3.822],[139.193,-3.821],[139.1935,-3.821]]]},"properties":{"code":"95.06.03.2084","name":"Pirikalem"}},{"type":"Feature","geometry":{"type":"Polygon","coordinates":[[[139.2115,-3.826],[139.212,-3.824],[139.2095,-3.8175],[139.209,-3.8165],[139.2085,-3.8165],[139.208,-3.818],[139.2075,-3.819],[139.2025,-3.837],[139.203,-3.8385],[139.2,-3.8425],[139.2015,-3.843],[139.201,-3.844],[139.2105,-3.828],[139.2105,-3.827],[139.2115,-3.826]]]},"properties":{"code":"95.06.03.2085","name":"Sumbul"}},{"type":"Feature","geometry":{"type":"Polygon","coordinates":[[[139.19,-3.802],[139.1835,-3.8025],[139.1835,-3.8035],[139.1845,-3.805],[139.186,-3.807],[139.187,-3.808],[139.191,-3.8095],[139.197,-3.813],[139.2025,-3.811],[139.2045,-3.8115],[139.208,-3.8155],[139.2105,-3.814],[139.216,-3.8125],[139.2175,-3.813],[139.217,-3.8125],[139.2165,-3.8115],[139.216,-3.811],[139.2095,-3.8115],[139.2065,-3.8085],[139.193,-3.8035],[139.19,-3.802]]]},"properties":{"code":"95.06.03.2086","name":"Hundilip"}},{"type":"Feature","geometry":{"type":"Polygon","coordinates":[[[139.1805,-3.807],[139.1795,-3.806],[139.1765,-3.8055],[139.176,-3.805],[139.1715,-3.808],[139.17,-3.808],[139.1705,-3.8085],[139.179,-3.8145],[139.1795,-3.8085],[139.1805,-3.807]]]},"properties":{"code":"95.06.03.2087","name":"Amuki"}},{"type":"Feature","geometry":{"type":"Polygon","coordinates":[[[139.1825,-3.8085],[139.1815,-3.808],[139.1805,-3.807],[139.18,-3.808],[139.1795,-3.8085],[139.179,-3.8145],[139.1805,-3.816],[139.1825,-3.817],[139.184,-3.8165],[139.1815,-3.812],[139.182,-3.8095],[139.1825,-3.8085]]]},"properties":{"code":"95.06.03.2088","name":"Wamhor"}},{"type":"Feature","geometry":{"type":"Polygon","coordinates":[[[139.2345,-3.7695],[139.225,-3.7575],[139.211,-3.754],[139.202,-3.745],[139.1965,-3.7485],[139.191,-3.7475],[139.1855,-3.753],[139.181,-3.754],[139.177,-3.754],[139.1745,-3.7545],[139.17,-3.754],[139.168,-3.7535],[139.1665,-3.7535],[139.1685,-3.756],[139.177,-3.765],[139.1785,-3.7665],[139.1805,-3.7655],[139.182,-3.766],[139.184,-3.768],[139.186,-3.768],[139.1875,-3.769],[139.19,-3.769],[139.1915,-3.77],[139.2095,-3.784],[139.214,-3.786],[139.2165,-3.788],[139.217,-3.7885],[139.2195,-3.79],[139.222,-3.7905],[139.2215,-3.7765],[139.2345,-3.7695]]]},"properties":{"code":"95.06.03.2089","name":"Kesuwi"}},{"type":"Feature","geometry":{"type":"Polygon","coordinates":[[[139.1455,-3.759],[139.145,-3.759],[139.1435,-3.7585],[139.1405,-3.758],[139.1365,-3.7565],[139.1355,-3.7555],[139.131,-3.7525],[139.129,-3.7515],[139.1265,-3.745],[139.127,-3.7425],[139.1255,-3.7385],[139.125,-3.735],[139.1225,-3.735],[139.1175,-3.738],[139.112,-3.741],[139.106,-3.7455],[139.11,-3.7585],[139.118,-3.7665],[139.118,-3.7675],[139.1295,-3.771],[139.132,-3.785],[139.1625,-3.785],[139.1835,-3.8025],[139.19,-3.802],[139.1885,-3.796],[139.1865,-3.7975],[139.1845,-3.794],[139.183,-3.792],[139.183,-3.791],[139.1735,-3.7845],[139.1655,-3.7845],[139.1495,-3.7745],[139.1455,-3.759]]]},"properties":{"code":"95.06.03.2090","name":"Pamumu"}},{"type":"Feature","geometry":{"type":"Polygon","coordinates":[[[139.1835,-3.8025],[139.1625,-3.785],[139.132,-3.785],[139.1295,-3.771],[139.118,-3.7675],[139.1165,-3.771],[139.1215,-3.7805],[139.125,-3.785],[139.127,-3.788],[139.151,-3.7965],[139.154,-3.799],[139.159,-3.8005],[139.16,-3.801],[139.1605,-3.8015],[139.162,-3.802],[139.163,-3.803],[139.1645,-3.804],[139.1655,-3.8035],[139.1675,-3.8045],[139.169,-3.8065],[139.1715,-3.808],[139.176,-3.805],[139.1765,-3.8055],[139.1795,-3.806],[139.1815,-3.808],[139.184,-3.809],[139.1865,-3.8085],[139.186,-3.807],[139.1845,-3.805],[139.1835,-3.8035],[139.1835,-3.8025]]]},"properties":{"code":"95.06.03.2091","name":"Wafuhuk"}},{"type":"Feature","geometry":{"type":"Polygon","coordinates":[[[139.187,-3.769],[139.186,-3.768],[139.184,-3.768],[139.1835,-3.768],[139.1815,-3.77],[139.1785,-3.775],[139.178,-3.782],[139.183,-3.7875],[139.1835,-3.79],[139.183,-3.792],[139.1845,-3.794],[139.1865,-3.7975],[139.1885,-3.796],[139.1925,-3.7855],[139.187,-3.769]]]},"properties":{"code":"95.06.03.2092","name":"Lilluikma"}},{"type":"Feature","geometry":{"type":"Polygon","coordinates":[[[139.1985,-3.796],[139.199,-3.798],[139.198,-3.7985],[139.1965,-3.799],[139.1885,-3.796],[139.19,-3.802],[139.193,-3.8035],[139.2065,-3.8085],[139.2095,-3.8115],[139.216,-3.811],[139.2165,-3.8115],[139.217,-3.8125],[139.2175,-3.813],[139.2185,-3.8125],[139.2205,-3.8125],[139.2185,-3.811],[139.218,-3.8105],[139.2175,-3.8105],[139.2125,-3.808],[139.208,-3.8],[139.2045,-3.799],[139.203,-3.798],[139.2005,-3.797],[139.1985,-3.796]]]},"properties":{"code":"95.06.03.2093","name":"Noholuok"}},{"type":"Feature","geometry":{"type":"Polygon","coordinates":[[[139.0005,-3.9295],[138.998,-3.9295],[138.998,-3.929],[138.998,-3.9305],[138.9975,-3.9305],[138.996,-3.931],[138.9945,-3.9325],[138.9945,-3.933],[138.998,-3.934],[139,-3.935],[139.0025,-3.9365],[139.0005,-3.9295]]]},"properties":{"code":"95.06.03.2094","name":"Wanam"}},{"type":"Feature","geometry":{"type":"Polygon","coordinates":[[[139.1835,-3.768],[139.182,-3.766],[139.1805,-3.7655],[139.1785,-3.7665],[139.177,-3.765],[139.1685,-3.756],[139.1665,-3.7535],[139.165,-3.7545],[139.1615,-3.757],[139.161,-3.758],[139.1585,-3.7605],[139.1575,-3.762],[139.1545,-3.7625],[139.1535,-3.7625],[139.162,-3.769],[139.1735,-3.7845],[139.183,-3.791],[139.183,-3.792],[139.1835,-3.79],[139.183,-3.7875],[139.178,-3.782],[139.1785,-3.775],[139.1815,-3.77],[139.1835,-3.768]]]},"properties":{"code":"95.06.03.2095","name":"Nenomani"}},{"type":"Feature","geometry":{"type":"Polygon","coordinates":[[[139.2085,-3.8155],[139.208,-3.8155],[139.2045,-3.8115],[139.2025,-3.811],[139.197,-3.813],[139.191,-3.8095],[139.187,-3.808],[139.1865,-3.8085],[139.184,-3.809],[139.1825,-3.8085],[139.182,-3.8095],[139.1815,-3.812],[139.186,-3.8195],[139.186,-3.8205],[139.1935,-3.821],[139.1945,-3.821],[139.196,-3.82],[139.198,-3.8195],[139.205,-3.8205],[139.206,-3.82],[139.2075,-3.819],[139.208,-3.818],[139.2085,-3.8155]]]},"properties":{"code":"95.06.03.2096","name":"Wilofing"}},{"type":"Feature","geometry":{"type":"Polygon","coordinates":[[[139.1535,-3.7625],[139.1525,-3.7625],[139.152,-3.762],[139.1505,-3.7605],[139.1475,-3.76],[139.1465,-3.759],[139.1455,-3.759],[139.1495,-3.7745],[139.1655,-3.7845],[139.1735,-3.7845],[139.162,-3.769],[139.1535,-3.7625]]]},"properties":{"code":"95.06.03.2097","name":"Salohe"}},{"type":"Feature","geometry":{"type":"Polygon","coordinates":[[[139.2165,-3.788],[139.214,-3.786],[139.211,-3.7855],[139.207,-3.7865],[139.1965,-3.7925],[139.1985,-3.7955],[139.1985,-3.796],[139.2005,-3.797],[139.203,-3.798],[139.2045,-3.799],[139.208,-3.8],[139.2125,-3.808],[139.215,-3.809],[139.212,-3.798],[139.2165,-3.788]]]},"properties":{"code":"95.06.03.2098","name":"Dama"}},{"type":"Feature","geometry":{"type":"Polygon","coordinates":[[[139.443,-3.7085],[139.44,-3.7045],[139.4165,-3.6985],[139.413,-3.698],[139.4105,-3.699],[139.4075,-3.702],[139.406,-3.701],[139.389,-3.6925],[139.3765,-3.693],[139.375,-3.6945],[139.37,-3.698],[139.369,-3.698],[139.334,-3.7435],[139.33,-3.7395],[139.323,-3.736],[139.3215,-3.736],[139.3155,-3.743],[139.3155,-3.744],[139.316,-3.7465],[139.3235,-3.7505],[139.325,-3.75],[139.335,-3.7585],[139.352,-3.7565],[139.3665,-3.764],[139.3695,-3.764],[139.3725,-3.765],[139.374,-3.765],[139.3745,-3.764],[139.3765,-3.764],[139.378,-3.764],[139.3775,-3.7625],[139.378,-3.762],[139.379,-3.7625],[139.38,-3.7615],[139.3795,-3.7605],[139.3805,-3.7585],[139.3795,-3.7585],[139.3805,-3.7565],[139.3785,-3.7555],[139.3785,-3.754],[139.379,-3.7545],[139.3825,-3.753],[139.383,-3.752],[139.384,-3.7525],[139.39,-3.75],[139.391,-3.75],[139.3965,-3.7485],[139.3975,-3.747],[139.3995,-3.7465],[139.4005,-3.747],[139.402,-3.746],[139.402,-3.7455],[139.402,-3.7415],[139.408,-3.7365],[139.4085,-3.734],[139.4125,-3.726],[139.4155,-3.7235],[139.4165,-3.72],[139.4175,-3.718],[139.4195,-3.7185],[139.426,-3.7115],[139.439,-3.708],[139.443,-3.709],[139.443,-3.7085]]]},"properties":{"code":"95.06.03.2099","name":"Kelesu"}},{"type":"Feature","geometry":{"type":"Polygon","coordinates":[[[139.2465,-3.7945],[139.2465,-3.7865],[139.2345,-3.7695],[139.2215,-3.7765],[139.222,-3.7905],[139.2225,-3.7925],[139.235,-3.799],[139.2365,-3.8005],[139.2465,-3.7945]]]},"properties":{"code":"95.06.03.2100","name":"Kaboholik"}},{"type":"Feature","geometry":{"type":"Polygon","coordinates":[[[139.374,-3.765],[139.3725,-3.765],[139.3695,-3.764],[139.3665,-3.764],[139.352,-3.7565],[139.335,-3.7585],[139.325,-3.75],[139.3235,-3.7505],[139.316,-3.7465],[139.3155,-3.744],[139.3155,-3.743],[139.3095,-3.753],[139.3135,-3.7915],[139.313,-3.7955],[139.32,-3.8085],[139.3215,-3.807],[139.3265,-3.805],[139.3485,-3.7885],[139.3545,-3.787],[139.3555,-3.7865],[139.3565,-3.787],[139.358,-3.7875],[139.361,-3.786],[139.3675,-3.7835],[139.369,-3.782],[139.3745,-3.7765],[139.375,-3.7745],[139.3735,-3.7715],[139.3735,-3.771],[139.374,-3.769],[139.3745,-3.768],[139.374,-3.768],[139.374,-3.7655],[139.374,-3.765]]]},"properties":{"code":"95.06.03.2101","name":"Horenikma"}},{"type":"Feature","geometry":{"type":"Polygon","coordinates":[[[139.3155,-3.743],[139.3125,-3.738],[139.311,-3.7355],[139.312,-3.731],[139.3035,-3.7325],[139.303,-3.733],[139.301,-3.7395],[139.2985,-3.7385],[139.2975,-3.7405],[139.294,-3.752],[139.2925,-3.7525],[139.292,-3.754],[139.2915,-3.7555],[139.292,-3.7565],[139.291,-3.7615],[139.2885,-3.767],[139.2925,-3.77],[139.2965,-3.772],[139.304,-3.7745],[139.307,-3.7855],[139.3055,-3.814],[139.308,-3.817],[139.3085,-3.819],[139.3105,-3.817],[139.32,-3.8085],[139.313,-3.7955],[139.3135,-3.7915],[139.3095,-3.753],[139.3155,-3.743]]]},"properties":{"code":"95.06.03.2102","name":"Lasikma"}},{"type":"Feature","geometry":{"type":"Polygon","coordinates":[[[139.2855,-3.774],[139.2845,-3.774],[139.2755,-3.7715],[139.2705,-3.769],[139.267,-3.769],[139.2645,-3.77],[139.264,-3.7735],[139.2635,-3.774],[139.2535,-3.7755],[139.253,-3.7755],[139.2535,-3.7815],[139.2575,-3.786],[139.2595,-3.79],[139.2615,-3.792],[139.2625,-3.793],[139.2635,-3.7925],[139.266,-3.789],[139.2695,-3.7895],[139.271,-3.7915],[139.2735,-3.791],[139.2785,-3.7875],[139.2815,-3.7875],[139.2825,-3.783],[139.2855,-3.774]]]},"properties":{"code":"95.06.03.2103","name":"Suele"}},{"type":"Feature","geometry":{"type":"Polygon","coordinates":[[[139.3745,-3.65],[139.359,-3.6345],[139.3565,-3.6355],[139.35,-3.6425],[139.3475,-3.645],[139.3345,-3.655],[139.334,-3.6575],[139.3355,-3.6585],[139.3345,-3.6645],[139.3355,-3.666],[139.3355,-3.6675],[139.3345,-3.671],[139.334,-3.674],[139.335,-3.677],[139.334,-3.6805],[139.334,-3.682],[139.335,-3.6915],[139.333,-3.6935],[139.3195,-3.699],[139.322,-3.702],[139.322,-3.7025],[139.322,-3.704],[139.3235,-3.7055],[139.3255,-3.7085],[139.312,-3.731],[139.311,-3.7355],[139.3125,-3.738],[139.3155,-3.743],[139.3215,-3.736],[139.323,-3.736],[139.33,-3.7395],[139.334,-3.7435],[139.369,-3.698],[139.3695,-3.6975],[139.375,-3.688],[139.3755,-3.6855],[139.3755,-3.684],[139.3755,-3.682],[139.3745,-3.68],[139.3745,-3.65]]]},"properties":{"code":"95.06.03.2104","name":"Heahobak"}},{"type":"Feature","geometry":{"type":"Polygon","coordinates":[[[139.248,-3.761],[139.2475,-3.76],[139.244,-3.759],[139.242,-3.759],[139.2415,-3.759],[139.242,-3.764],[139.239,-3.772],[139.235,-3.7695],[139.2345,-3.7695],[139.2465,-3.7865],[139.2465,-3.7945],[139.25,-3.796],[139.255,-3.7965],[139.256,-3.7945],[139.261,-3.794],[139.262,-3.7935],[139.2625,-3.793],[139.2615,-3.792],[139.2595,-3.79],[139.2575,-3.786],[139.2535,-3.7815],[139.253,-3.7755],[139.2515,-3.775],[139.248,-3.772],[139.2475,-3.771],[139.248,-3.761]]]},"properties":{"code":"95.06.03.2105","name":"Maleo"}},{"type":"Feature","geometry":{"type":"MultiPolygon","coordinates":[[[[139.264,-3.7735],[139.263,-3.7715],[139.252,-3.764],[139.248,-3.761],[139.2475,-3.771],[139.248,-3.772],[139.2515,-3.775],[139.2535,-3.7755],[139.2635,-3.774],[139.264,-3.7735]]],[[[139.2375,-3.7575],[139.237,-3.756],[139.2225,-3.746],[139.211,-3.743],[139.2065,-3.741],[139.2035,-3.744],[139.202,-3.745],[139.211,-3.754],[139.225,-3.7575],[139.2345,-3.7695],[139.235,-3.7695],[139.239,-3.772],[139.242,-3.764],[139.2415,-3.759],[139.242,-3.759],[139.239,-3.7585],[139.2375,-3.7575]]]]},"properties":{"code":"95.06.03.2106","name":"Usabiye"}},{"type":"Feature","geometry":{"type":"Polygon","coordinates":[[[139.515,-3.6495],[139.5175,-3.648],[139.5185,-3.6455],[139.527,-3.633],[139.519,-3.6115],[139.522,-3.5965],[139.5165,-3.5785],[139.505,-3.5645],[139.5175,-3.5555],[139.507,-3.5455],[139.516,-3.5245],[139.5055,-3.5225],[139.5035,-3.5215],[139.5015,-3.5195],[139.4555,-3.5585],[139.4455,-3.562],[139.4335,-3.579],[139.4265,-3.579],[139.4245,-3.5805],[139.416,-3.6005],[139.416,-3.6],[139.414,-3.6025],[139.3925,-3.6285],[139.408,-3.634],[139.431,-3.6505],[139.459,-3.6525],[139.467,-3.6575],[139.473,-3.655],[139.483,-3.66],[139.4875,-3.662],[139.49,-3.6615],[139.491,-3.6615],[139.493,-3.664],[139.4945,-3.6635],[139.4955,-3.6625],[139.515,-3.6495]]]},"properties":{"code":"95.06.03.2107","name":"Wiwulik"}},{"type":"Feature","geometry":{"type":"Polygon","coordinates":[[[139.211,-3.7855],[139.2095,-3.784],[139.1915,-3.77],[139.19,-3.769],[139.1875,-3.769],[139.187,-3.769],[139.1925,-3.7855],[139.1965,-3.7925],[139.207,-3.7865],[139.211,-3.7855]]]},"properties":{"code":"95.06.03.2108","name":"Somohi"}},{"type":"Feature","geometry":{"type":"Polygon","coordinates":[[[139.8245,-3.7525],[139.8145,-3.753],[139.817,-3.754],[139.8195,-3.756],[139.825,-3.7545],[139.8245,-3.7525]]]},"properties":{"code":"95.06.04.2001","name":"Gilika"}},{"type":"Feature","geometry":{"type":"Polygon","coordinates":[[[139.7905,-3.736],[139.79,-3.7335],[139.7895,-3.732],[139.7885,-3.733],[139.787,-3.735],[139.78,-3.736],[139.773,-3.736],[139.7715,-3.7365],[139.7695,-3.738],[139.775,-3.742],[139.7795,-3.743],[139.782,-3.7475],[139.7855,-3.7525],[139.7855,-3.7535],[139.787,-3.7525],[139.788,-3.752],[139.789,-3.751],[139.7895,-3.75],[139.789,-3.748],[139.7895,-3.736],[139.7905,-3.736]]]},"properties":{"code":"95.06.04.2002","name":"Trikora"}},{"type":"Feature","geometry":{"type":"Polygon","coordinates":[[[139.7815,-3.7215],[139.7815,-3.7115],[139.774,-3.7035],[139.763,-3.686],[139.7615,-3.6845],[139.746,-3.708],[139.7225,-3.7125],[139.7035,-3.7275],[139.684,-3.727],[139.683,-3.733],[139.6835,-3.735],[139.691,-3.749],[139.692,-3.755],[139.692,-3.76],[139.6935,-3.76],[139.695,-3.76],[139.698,-3.761],[139.73,-3.762],[139.7595,-3.768],[139.7615,-3.7675],[139.7625,-3.764],[139.764,-3.757],[139.766,-3.7515],[139.765,-3.7495],[139.765,-3.748],[139.765,-3.746],[139.766,-3.743],[139.765,-3.741],[139.763,-3.7395],[139.7585,-3.7385],[139.7575,-3.735],[139.757,-3.7345],[139.759,-3.732],[139.76,-3.731],[139.7615,-3.7295],[139.764,-3.7275],[139.7645,-3.7265],[139.765,-3.726],[139.766,-3.726],[139.7815,-3.7215]]]},"properties":{"code":"95.06.04.2003","name":"Ampera"}},{"type":"Feature","geometry":{"type":"Polygon","coordinates":[[[139.7645,-3.733],[139.7635,-3.732],[139.763,-3.7305],[139.7625,-3.73],[139.7615,-3.729],[139.76,-3.731],[139.759,-3.732],[139.757,-3.7345],[139.7575,-3.735],[139.7585,-3.7385],[139.763,-3.7395],[139.764,-3.74],[139.7695,-3.738],[139.7645,-3.733]]]},"properties":{"code":"95.06.04.2004","name":"Pepera"}},{"type":"Feature","geometry":{"type":"Polygon","coordinates":[[[139.765,-3.511],[139.756,-3.5105],[139.752,-3.5245],[139.7455,-3.5285],[139.745,-3.542],[139.745,-3.5445],[139.7445,-3.545],[139.737,-3.5485],[139.7375,-3.5505],[139.738,-3.552],[139.7435,-3.5525],[139.7515,-3.553],[139.7525,-3.554],[139.7535,-3.557],[139.748,-3.5665],[139.7485,-3.5685],[139.7495,-3.569],[139.7545,-3.5685],[139.7665,-3.5885],[139.768,-3.5895],[139.7865,-3.603],[139.7915,-3.603],[139.7995,-3.5915],[139.798,-3.59],[139.7975,-3.5885],[139.7975,-3.585],[139.8045,-3.575],[139.801,-3.565],[139.7835,-3.57],[139.77,-3.562],[139.78,-3.5425],[139.773,-3.531],[139.7825,-3.5215],[139.765,-3.511]]]},"properties":{"code":"95.06.04.2005","name":"Naira"}},{"type":"Feature","geometry":{"type":"Polygon","coordinates":[[[139.6575,-3.6645],[139.626,-3.664],[139.624,-3.6825],[139.6235,-3.6855],[139.6255,-3.6865],[139.634,-3.6875],[139.642,-3.6955],[139.644,-3.712],[139.6565,-3.7215],[139.67,-3.7225],[139.679,-3.729],[139.6825,-3.7325],[139.683,-3.733],[139.684,-3.727],[139.7035,-3.7275],[139.7225,-3.7125],[139.746,-3.708],[139.758,-3.6895],[139.7565,-3.688],[139.7545,-3.687],[139.751,-3.6835],[139.7175,-3.669],[139.705,-3.6665],[139.6955,-3.673],[139.6745,-3.673],[139.6575,-3.6645]]]},"properties":{"code":"95.06.04.2006","name":"Siwa"}},{"type":"Feature","geometry":{"type":"Polygon","coordinates":[[[139.7995,-3.626],[139.7985,-3.6255],[139.798,-3.6245],[139.7785,-3.6165],[139.76,-3.613],[139.747,-3.5995],[139.7225,-3.6035],[139.7165,-3.588],[139.7045,-3.5875],[139.7005,-3.586],[139.6985,-3.586],[139.696,-3.5845],[139.695,-3.586],[139.696,-3.587],[139.695,-3.5875],[139.6965,-3.5915],[139.6965,-3.592],[139.6945,-3.5975],[139.691,-3.5955],[139.6895,-3.5995],[139.6895,-3.6005],[139.6975,-3.608],[139.698,-3.61],[139.6975,-3.626],[139.7055,-3.626],[139.72,-3.6255],[139.7305,-3.623],[139.747,-3.639],[139.7515,-3.639],[139.752,-3.6385],[139.753,-3.638],[139.7895,-3.6415],[139.792,-3.6375],[139.7925,-3.636],[139.7945,-3.6335],[139.7995,-3.626]]]},"properties":{"code":"95.06.04.2007","name":"Tiwayi"}},{"type":"Feature","geometry":{"type":"Polygon","coordinates":[[[139.7835,-3.657],[139.783,-3.6555],[139.7825,-3.6545],[139.7755,-3.655],[139.775,-3.6545],[139.7715,-3.657],[139.767,-3.657],[139.766,-3.6585],[139.7595,-3.6655],[139.7595,-3.669],[139.757,-3.671],[139.757,-3.672],[139.757,-3.6735],[139.7585,-3.6725],[139.76,-3.6705],[139.771,-3.6725],[139.774,-3.671],[139.7755,-3.667],[139.7805,-3.6615],[139.7815,-3.6585],[139.7835,-3.657]]]},"properties":{"code":"95.06.04.2008","name":"Kutakuruk"}},{"type":"Feature","geometry":{"type":"Polygon","coordinates":[[[139.8295,-3.58],[139.8195,-3.578],[139.8005,-3.5925],[139.7995,-3.5915],[139.7915,-3.603],[139.7995,-3.606],[139.8185,-3.611],[139.826,-3.608],[139.8315,-3.6035],[139.8415,-3.5985],[139.843,-3.6005],[139.8455,-3.605],[139.846,-3.6065],[139.8485,-3.607],[139.8555,-3.6095],[139.8555,-3.609],[139.8565,-3.608],[139.865,-3.603],[139.869,-3.6025],[139.862,-3.585],[139.857,-3.5845],[139.8485,-3.5865],[139.839,-3.588],[139.8295,-3.58]]]},"properties":{"code":"95.06.04.2009","name":"Narau"}},{"type":"Feature","geometry":{"type":"Polygon","coordinates":[[[139.775,-3.742],[139.7695,-3.738],[139.764,-3.74],[139.765,-3.741],[139.766,-3.743],[139.765,-3.746],[139.765,-3.7485],[139.768,-3.7475],[139.7705,-3.747],[139.7745,-3.747],[139.7765,-3.746],[139.775,-3.742]]]},"properties":{"code":"95.06.04.2010","name":"Neigase"}},{"type":"Feature","geometry":{"type":"Polygon","coordinates":[[[139.737,-3.5485],[139.7255,-3.544],[139.7215,-3.5235],[139.71,-3.527],[139.7055,-3.541],[139.7,-3.5425],[139.6845,-3.5285],[139.6795,-3.5285],[139.6775,-3.5295],[139.675,-3.532],[139.683,-3.5465],[139.7025,-3.559],[139.6965,-3.581],[139.6945,-3.5835],[139.6965,-3.585],[139.6985,-3.586],[139.7005,-3.586],[139.7045,-3.5875],[139.7165,-3.588],[139.7225,-3.6035],[139.747,-3.5995],[139.76,-3.613],[139.7785,-3.6165],[139.798,-3.6245],[139.7985,-3.6255],[139.8,-3.626],[139.8155,-3.618],[139.821,-3.6175],[139.8185,-3.611],[139.7995,-3.606],[139.7865,-3.603],[139.768,-3.5895],[139.7665,-3.5885],[139.7545,-3.5685],[139.7495,-3.569],[139.7485,-3.5685],[139.748,-3.5665],[139.7535,-3.557],[139.7525,-3.554],[139.7515,-3.553],[139.7435,-3.5525],[139.738,-3.552],[139.7375,-3.5505],[139.737,-3.5485]]]},"properties":{"code":"95.06.04.2011","name":"Martaru"}},{"type":"Feature","geometry":{"type":"Polygon","coordinates":[[[139.8615,-3.6135],[139.859,-3.6135],[139.8565,-3.6105],[139.8485,-3.607],[139.846,-3.6065],[139.8455,-3.6055],[139.843,-3.6085],[139.841,-3.611],[139.84,-3.6165],[139.8435,-3.622],[139.861,-3.634],[139.8635,-3.6335],[139.866,-3.6335],[139.8685,-3.6325],[139.87,-3.6455],[139.8765,-3.6535],[139.8785,-3.6515],[139.889,-3.6525],[139.8965,-3.6605],[139.898,-3.66],[139.9005,-3.656],[139.902,-3.655],[139.907,-3.654],[139.908,-3.653],[139.9095,-3.652],[139.9105,-3.652],[139.911,-3.6505],[139.9085,-3.641],[139.9075,-3.6375],[139.9085,-3.6355],[139.906,-3.6335],[139.9015,-3.631],[139.899,-3.623],[139.897,-3.622],[139.896,-3.621],[139.8885,-3.621],[139.884,-3.6125],[139.869,-3.61],[139.8655,-3.61],[139.8615,-3.6135]]]},"properties":{"code":"95.06.04.2012","name":"Himi"}},{"type":"Feature","geometry":{"type":"Polygon","coordinates":[[[139.8455,-3.6055],[139.8455,-3.605],[139.843,-3.6005],[139.8415,-3.5985],[139.8315,-3.6035],[139.826,-3.608],[139.8185,-3.611],[139.821,-3.6175],[139.8155,-3.618],[139.8,-3.626],[139.811,-3.6355],[139.8295,-3.6355],[139.8435,-3.6495],[139.8645,-3.648],[139.8725,-3.656],[139.874,-3.656],[139.8765,-3.6535],[139.87,-3.6455],[139.8685,-3.6325],[139.866,-3.6335],[139.8635,-3.6335],[139.861,-3.634],[139.8435,-3.622],[139.84,-3.6165],[139.841,-3.611],[139.843,-3.6085],[139.8455,-3.6055]]]},"properties":{"code":"95.06.04.2013","name":"Nungkere"}},{"type":"Feature","geometry":{"type":"Polygon","coordinates":[[[139.7895,-3.6415],[139.753,-3.638],[139.7525,-3.638],[139.7525,-3.639],[139.752,-3.6395],[139.7525,-3.6395],[139.754,-3.6395],[139.76,-3.651],[139.7675,-3.6515],[139.77,-3.6525],[139.7715,-3.652],[139.7745,-3.652],[139.775,-3.6535],[139.7745,-3.654],[139.7755,-3.655],[139.7825,-3.6545],[139.783,-3.6555],[139.7835,-3.657],[139.7855,-3.656],[139.7895,-3.6415]]]},"properties":{"code":"95.06.04.2014","name":"Puruku"}},{"type":"Feature","geometry":{"type":"Polygon","coordinates":[[[139.8,-3.626],[139.7995,-3.626],[139.7945,-3.6335],[139.7925,-3.636],[139.792,-3.6375],[139.7895,-3.6415],[139.7855,-3.656],[139.7815,-3.6585],[139.7805,-3.6615],[139.7775,-3.665],[139.779,-3.6775],[139.7875,-3.6775],[139.8045,-3.6875],[139.8075,-3.6985],[139.82,-3.688],[139.8235,-3.6845],[139.8245,-3.684],[139.8315,-3.6795],[139.8445,-3.6765],[139.8515,-3.674],[139.865,-3.678],[139.8685,-3.68],[139.872,-3.678],[139.877,-3.664],[139.8765,-3.661],[139.8735,-3.658],[139.8735,-3.656],[139.8725,-3.656],[139.8645,-3.648],[139.8435,-3.6495],[139.8295,-3.6355],[139.811,-3.6355],[139.8,-3.626]]]},"properties":{"code":"95.06.04.2015","name":"Paluke"}},{"type":"Feature","geometry":{"type":"Polygon","coordinates":[[[139.7835,-3.754],[139.7785,-3.751],[139.7765,-3.7505],[139.7705,-3.751],[139.7655,-3.751],[139.766,-3.7515],[139.764,-3.757],[139.7625,-3.764],[139.7615,-3.7675],[139.7595,-3.768],[139.73,-3.762],[139.698,-3.761],[139.695,-3.76],[139.6935,-3.76],[139.6895,-3.7605],[139.6855,-3.7635],[139.6795,-3.768],[139.6785,-3.7845],[139.674,-3.7925],[139.6815,-3.8],[139.676,-3.817],[139.6765,-3.817],[139.676,-3.82],[139.6805,-3.824],[139.6875,-3.849],[139.682,-3.8595],[139.691,-3.872],[139.6945,-3.8875],[139.6945,-3.888],[139.696,-3.8855],[139.7015,-3.8835],[139.7105,-3.884],[139.7165,-3.867],[139.7295,-3.845],[139.729,-3.8325],[139.7475,-3.828],[139.752,-3.822],[139.754,-3.8145],[139.7565,-3.81],[139.7565,-3.809],[139.7475,-3.799],[139.7645,-3.786],[139.7665,-3.777],[139.7855,-3.774],[139.789,-3.7695],[139.7875,-3.769],[139.7855,-3.7665],[139.783,-3.755],[139.7835,-3.754]]]},"properties":{"code":"95.06.04.2016","name":"Lulum"}},{"type":"Feature","geometry":{"type":"Polygon","coordinates":[[[139.818,-3.7835],[139.8165,-3.778],[139.811,-3.768],[139.816,-3.7555],[139.799,-3.7665],[139.801,-3.7745],[139.8115,-3.7805],[139.8165,-3.783],[139.818,-3.7835]]]},"properties":{"code":"95.06.04.2017","name":"Pensale"}},{"type":"Feature","geometry":{"type":"Polygon","coordinates":[[[139.825,-3.7545],[139.8195,-3.756],[139.8175,-3.7545],[139.816,-3.7555],[139.811,-3.768],[139.8165,-3.778],[139.822,-3.7855],[139.8305,-3.7945],[139.833,-3.7975],[139.8375,-3.7895],[139.8395,-3.7865],[139.8405,-3.7855],[139.842,-3.783],[139.8305,-3.7755],[139.8315,-3.7745],[139.8295,-3.772],[139.8275,-3.768],[139.827,-3.7665],[139.8265,-3.764],[139.828,-3.7595],[139.8285,-3.7585],[139.828,-3.755],[139.8275,-3.7545],[139.825,-3.7545]]]},"properties":{"code":"95.06.04.2018","name":"Iyap"}},{"type":"Feature","geometry":{"type":"Polygon","coordinates":[[[139.8365,-3.7365],[139.8365,-3.736],[139.83,-3.7305],[139.829,-3.7275],[139.8255,-3.7275],[139.824,-3.7265],[139.8225,-3.7275],[139.8205,-3.7285],[139.8175,-3.7335],[139.817,-3.7355],[139.819,-3.736],[139.8355,-3.737],[139.8365,-3.7365]]]},"properties":{"code":"95.06.04.2019","name":"Wibi"}},{"type":"Feature","geometry":{"type":"Polygon","coordinates":[[[139.852,-3.7555],[139.8505,-3.755],[139.849,-3.7525],[139.8405,-3.742],[139.8345,-3.7465],[139.8245,-3.7375],[139.821,-3.737],[139.829,-3.75],[139.8335,-3.7625],[139.8325,-3.7675],[139.8325,-3.7705],[139.8325,-3.772],[139.832,-3.7735],[139.8305,-3.7755],[139.842,-3.783],[139.8425,-3.7825],[139.849,-3.762],[139.851,-3.7565],[139.852,-3.7555]]]},"properties":{"code":"95.06.04.2020","name":"Konobun"}},{"type":"Feature","geometry":{"type":"Polygon","coordinates":[[[139.8445,-3.6765],[139.8315,-3.6795],[139.8245,-3.684],[139.8235,-3.6845],[139.82,-3.688],[139.8075,-3.6985],[139.802,-3.7105],[139.8,-3.7135],[139.8005,-3.714],[139.801,-3.7145],[139.804,-3.717],[139.821,-3.728],[139.8225,-3.7275],[139.824,-3.7265],[139.8255,-3.7275],[139.829,-3.7275],[139.83,-3.7305],[139.8365,-3.736],[139.8365,-3.7365],[139.8455,-3.7205],[139.8415,-3.709],[139.845,-3.7065],[139.848,-3.703],[139.8535,-3.702],[139.8555,-3.7005],[139.8605,-3.6885],[139.862,-3.688],[139.861,-3.6855],[139.8575,-3.6815],[139.8445,-3.6765]]]},"properties":{"code":"95.06.04.2021","name":"Wirsa"}},{"type":"Feature","geometry":{"type":"Polygon","coordinates":[[[139.829,-3.75],[139.8235,-3.7485],[139.8235,-3.749],[139.8275,-3.7545],[139.828,-3.755],[139.8285,-3.7585],[139.828,-3.7595],[139.8265,-3.764],[139.827,-3.766],[139.8275,-3.768],[139.8285,-3.7705],[139.83,-3.7725],[139.8315,-3.7745],[139.8325,-3.773],[139.8325,-3.7715],[139.8325,-3.77],[139.8325,-3.7675],[139.8335,-3.7625],[139.829,-3.75]]]},"properties":{"code":"95.06.04.2022","name":"Karamina"}},{"type":"Feature","geometry":{"type":"Polygon","coordinates":[[[139.816,-3.7375],[139.81,-3.7425],[139.7925,-3.7345],[139.791,-3.7355],[139.7895,-3.736],[139.789,-3.748],[139.7895,-3.75],[139.8,-3.75],[139.801,-3.7495],[139.815,-3.7395],[139.816,-3.7375]]]},"properties":{"code":"95.06.04.2023","name":"Dukunasi"}},{"type":"Feature","geometry":{"type":"Polygon","coordinates":[[[139.8,-3.75],[139.7895,-3.75],[139.7885,-3.751],[139.7875,-3.752],[139.786,-3.753],[139.783,-3.755],[139.7855,-3.7665],[139.7875,-3.769],[139.789,-3.7695],[139.789,-3.768],[139.7905,-3.7575],[139.7985,-3.752],[139.8,-3.75]]]},"properties":{"code":"95.06.04.2024","name":"Thamaksin"}},{"type":"Feature","geometry":{"type":"Polygon","coordinates":[[[139.7525,-3.638],[139.7515,-3.639],[139.747,-3.639],[139.7305,-3.623],[139.72,-3.6255],[139.7055,-3.626],[139.6975,-3.626],[139.702,-3.6335],[139.7035,-3.6375],[139.695,-3.644],[139.675,-3.6515],[139.6575,-3.6645],[139.6745,-3.673],[139.6955,-3.673],[139.705,-3.6665],[139.7175,-3.669],[139.751,-3.6835],[139.7545,-3.687],[139.7565,-3.688],[139.758,-3.6895],[139.7615,-3.6845],[139.761,-3.683],[139.761,-3.682],[139.7615,-3.678],[139.7595,-3.677],[139.758,-3.675],[139.757,-3.673],[139.757,-3.671],[139.7595,-3.669],[139.7595,-3.6655],[139.766,-3.6585],[139.767,-3.657],[139.7715,-3.657],[139.775,-3.6545],[139.7745,-3.654],[139.775,-3.6535],[139.7745,-3.652],[139.7715,-3.652],[139.77,-3.6525],[139.7675,-3.6515],[139.76,-3.651],[139.754,-3.6395],[139.7525,-3.6395],[139.752,-3.6395],[139.7525,-3.6385],[139.7525,-3.638]]]},"properties":{"code":"95.06.04.2025","name":"Kamika"}},{"type":"Feature","geometry":{"type":"Polygon","coordinates":[[[139.9685,-3.614],[139.957,-3.6125],[139.9455,-3.614],[139.941,-3.6155],[139.9395,-3.617],[139.937,-3.622],[139.93,-3.624],[139.9255,-3.644],[139.914,-3.652],[139.911,-3.6525],[139.9105,-3.652],[139.9095,-3.652],[139.908,-3.653],[139.907,-3.654],[139.902,-3.655],[139.9005,-3.656],[139.898,-3.66],[139.8965,-3.6605],[139.889,-3.6525],[139.8785,-3.6515],[139.8765,-3.6535],[139.874,-3.656],[139.8735,-3.656],[139.8735,-3.658],[139.8765,-3.661],[139.877,-3.664],[139.872,-3.678],[139.8685,-3.68],[139.865,-3.678],[139.8515,-3.674],[139.8445,-3.6765],[139.8575,-3.6815],[139.861,-3.6855],[139.862,-3.688],[139.864,-3.6865],[139.871,-3.685],[139.874,-3.685],[139.878,-3.6945],[139.899,-3.6875],[139.9175,-3.697],[139.93,-3.6925],[139.9535,-3.7025],[139.965,-3.7175],[139.9705,-3.7315],[139.975,-3.735],[139.9765,-3.7365],[139.985,-3.742],[140.01,-3.735],[140.014,-3.727],[140.019,-3.725],[140.021,-3.724],[140.0245,-3.719],[140.026,-3.7175],[140.0265,-3.7155],[140.027,-3.7155],[140.0285,-3.712],[140.0285,-3.7105],[140.031,-3.7115],[140.0435,-3.725],[140.08,-3.719],[140.095,-3.7245],[140.101,-3.708],[140.1245,-3.697],[140.1225,-3.6935],[140.111,-3.692],[140.109,-3.6915],[140.107,-3.6875],[140.096,-3.6785],[140.0915,-3.684],[140.074,-3.668],[140.074,-3.659],[140.0645,-3.649],[140.055,-3.6585],[140.05,-3.6735],[140.0275,-3.675],[140.021,-3.68],[140.0225,-3.6985],[140.017,-3.703],[140.0015,-3.701],[140.004,-3.6895],[139.989,-3.6615],[139.971,-3.642],[139.962,-3.6415],[139.959,-3.641],[139.957,-3.6375],[139.958,-3.6325],[139.969,-3.6205],[139.9685,-3.614]]]},"properties":{"code":"95.06.04.2026","name":"Uramburu"}},{"type":"Feature","geometry":{"type":"Polygon","coordinates":[[[139.769,-3.732],[139.7645,-3.733],[139.7695,-3.738],[139.7705,-3.7375],[139.7695,-3.737],[139.7695,-3.7355],[139.77,-3.733],[139.769,-3.732]]]},"properties":{"code":"95.06.04.2027","name":"Kapawa"}},{"type":"Feature","geometry":{"type":"Polygon","coordinates":[[[139.774,-3.734],[139.769,-3.732],[139.77,-3.733],[139.7695,-3.7355],[139.7695,-3.737],[139.7705,-3.7375],[139.7715,-3.7365],[139.773,-3.736],[139.774,-3.736],[139.774,-3.734]]]},"properties":{"code":"95.06.04.2028","name":"Miyawi"}},{"type":"Feature","geometry":{"type":"Polygon","coordinates":[[[139.784,-3.724],[139.7815,-3.7215],[139.766,-3.726],[139.765,-3.726],[139.7655,-3.7275],[139.7675,-3.7305],[139.769,-3.732],[139.774,-3.734],[139.775,-3.7325],[139.7785,-3.729],[139.781,-3.7285],[139.784,-3.7255],[139.7845,-3.725],[139.784,-3.724]]]},"properties":{"code":"95.06.04.2029","name":"Yakwa"}},{"type":"Feature","geometry":{"type":"Polygon","coordinates":[[[139.769,-3.732],[139.7675,-3.7305],[139.7655,-3.7275],[139.765,-3.726],[139.7645,-3.7265],[139.764,-3.7275],[139.7615,-3.729],[139.7625,-3.73],[139.763,-3.7305],[139.7635,-3.732],[139.7645,-3.733],[139.769,-3.732]]]},"properties":{"code":"95.06.04.2030","name":"Wermas"}},{"type":"Feature","geometry":{"type":"Polygon","coordinates":[[[139.786,-3.727],[139.7845,-3.725],[139.784,-3.7255],[139.781,-3.7285],[139.7785,-3.729],[139.775,-3.7325],[139.774,-3.736],[139.78,-3.736],[139.787,-3.735],[139.7885,-3.733],[139.7895,-3.732],[139.788,-3.73],[139.787,-3.7285],[139.786,-3.727]]]},"properties":{"code":"95.06.04.2031","name":"Makrip"}},{"type":"Feature","geometry":{"type":"Polygon","coordinates":[[[139.821,-3.728],[139.804,-3.717],[139.801,-3.7145],[139.8005,-3.714],[139.798,-3.7175],[139.796,-3.7245],[139.794,-3.724],[139.786,-3.727],[139.7865,-3.728],[139.794,-3.73],[139.7925,-3.7345],[139.81,-3.7425],[139.816,-3.7375],[139.817,-3.7365],[139.8175,-3.7335],[139.8205,-3.7285],[139.821,-3.728]]]},"properties":{"code":"95.06.04.2032","name":"Ikon"}},{"type":"Feature","geometry":{"type":"Polygon","coordinates":[[[139.7925,-3.7345],[139.794,-3.73],[139.7865,-3.728],[139.787,-3.7285],[139.788,-3.73],[139.7895,-3.732],[139.7905,-3.736],[139.791,-3.7355],[139.7925,-3.7345]]]},"properties":{"code":"95.06.04.2033","name":"Key"}},{"type":"Feature","geometry":{"type":"Polygon","coordinates":[[[139.819,-3.736],[139.817,-3.7355],[139.817,-3.7365],[139.816,-3.7375],[139.817,-3.7385],[139.8205,-3.744],[139.8235,-3.7485],[139.829,-3.75],[139.821,-3.737],[139.819,-3.736]]]},"properties":{"code":"95.06.04.2034","name":"Lawe"}},{"type":"Feature","geometry":{"type":"Polygon","coordinates":[[[139.8075,-3.6985],[139.8045,-3.6875],[139.7875,-3.6775],[139.779,-3.6775],[139.7775,-3.665],[139.7755,-3.667],[139.774,-3.671],[139.771,-3.6725],[139.76,-3.6705],[139.7585,-3.6725],[139.757,-3.6735],[139.758,-3.675],[139.7595,-3.677],[139.7615,-3.678],[139.761,-3.682],[139.761,-3.683],[139.763,-3.686],[139.774,-3.7035],[139.7815,-3.7115],[139.7815,-3.7215],[139.784,-3.724],[139.792,-3.7225],[139.796,-3.7245],[139.798,-3.7175],[139.8,-3.7135],[139.802,-3.7105],[139.8075,-3.6985]]]},"properties":{"code":"95.06.04.2035","name":"Kukdomol"}},{"type":"Feature","geometry":{"type":"Polygon","coordinates":[[[139.794,-3.724],[139.792,-3.7225],[139.784,-3.724],[139.785,-3.725],[139.786,-3.727],[139.794,-3.724]]]},"properties":{"code":"95.06.04.2036","name":"Nihol"}},{"type":"Feature","geometry":{"type":"Polygon","coordinates":[[[139.7855,-3.7535],[139.7855,-3.7525],[139.782,-3.7475],[139.7795,-3.743],[139.775,-3.742],[139.7765,-3.746],[139.7745,-3.747],[139.7705,-3.747],[139.768,-3.7475],[139.765,-3.7485],[139.7655,-3.751],[139.7705,-3.751],[139.7765,-3.7505],[139.7785,-3.751],[139.7835,-3.754],[139.7855,-3.7535]]]},"properties":{"code":"95.06.04.2037","name":"Nuorok"}},{"type":"Feature","geometry":{"type":"Polygon","coordinates":[[[139.5055,-3.988],[139.5045,-3.987],[139.5005,-3.9845],[139.5,-3.983],[139.493,-3.981],[139.4895,-3.9815],[139.488,-3.9815],[139.4885,-3.981],[139.476,-3.983],[139.4735,-3.9815],[139.4645,-3.994],[139.473,-4.0085],[139.4845,-4.015],[139.4905,-4.018],[139.5045,-4.0075],[139.5015,-4.007],[139.501,-4.005],[139.496,-3.996],[139.496,-3.9945],[139.501,-3.991],[139.504,-3.99],[139.5055,-3.988]]]},"properties":{"code":"95.06.05.2001","name":"Welarek"}},{"type":"Feature","geometry":{"type":"Polygon","coordinates":[[[139.4795,-3.8375],[139.4485,-3.8355],[139.437,-3.839],[139.433,-3.8325],[139.4205,-3.847],[139.4175,-3.852],[139.4135,-3.8695],[139.4085,-3.8755],[139.4035,-3.8795],[139.4015,-3.8875],[139.402,-3.8935],[139.404,-3.9025],[139.399,-3.9145],[139.3985,-3.917],[139.4155,-3.9375],[139.425,-3.9355],[139.4405,-3.9445],[139.447,-3.953],[139.4445,-3.945],[139.446,-3.9445],[139.4595,-3.9305],[139.4665,-3.9155],[139.47,-3.9145],[139.4765,-3.917],[139.482,-3.917],[139.495,-3.912],[139.4955,-3.912],[139.4905,-3.888],[139.481,-3.87],[139.472,-3.86],[139.471,-3.851],[139.4725,-3.85],[139.475,-3.8435],[139.478,-3.8385],[139.4795,-3.8375]]]},"properties":{"code":"95.06.05.2002","name":"Werenggik"}},{"type":"Feature","geometry":{"type":"Polygon","coordinates":[[[139.2445,-4.151],[139.2435,-4.1505],[139.2245,-4.1415],[139.2205,-4.1375],[139.2205,-4.136],[139.2195,-4.135],[139.219,-4.1335],[139.218,-4.1315],[139.2155,-4.133],[139.215,-4.134],[139.2205,-4.149],[139.212,-4.159],[139.209,-4.161],[139.209,-4.1625],[139.21,-4.164],[139.2105,-4.1665],[139.2325,-4.1695],[139.2445,-4.151]]]},"properties":{"code":"95.06.05.2003","name":"Saly"}},{"type":"Feature","geometry":{"type":"Polygon","coordinates":[[[139.477,-3.972],[139.46,-3.9715],[139.4565,-3.973],[139.454,-3.973],[139.4525,-3.9745],[139.4505,-3.9765],[139.4545,-4.0055],[139.473,-4.0085],[139.4645,-3.994],[139.4735,-3.9815],[139.476,-3.983],[139.4885,-3.981],[139.4885,-3.98],[139.4875,-3.976],[139.485,-3.974],[139.4835,-3.974],[139.482,-3.973],[139.481,-3.972],[139.477,-3.972]]]},"properties":{"code":"95.06.05.2004","name":"Mabualem"}},{"type":"Feature","geometry":{"type":"Polygon","coordinates":[[[139.512,-4.003],[139.502,-3.9905],[139.501,-3.991],[139.496,-3.9945],[139.496,-3.996],[139.501,-4.005],[139.5015,-4.007],[139.5045,-4.0075],[139.5075,-4.006],[139.512,-4.003]]]},"properties":{"code":"95.06.05.2005","name":"Pisanggo"}},{"type":"Feature","geometry":{"type":"Polygon","coordinates":[[[139.5965,-4.051],[139.5795,-4.0375],[139.578,-4.035],[139.576,-4.027],[139.5755,-4.026],[139.56,-4.029],[139.5555,-4.03],[139.5445,-4.036],[139.539,-4.036],[139.534,-4.0375],[139.533,-4.0375],[139.529,-4.0395],[139.5285,-4.041],[139.529,-4.0415],[139.5315,-4.0425],[139.533,-4.044],[139.5445,-4.0475],[139.5575,-4.0575],[139.5665,-4.059],[139.587,-4.075],[139.602,-4.079],[139.618,-4.063],[139.6185,-4.062],[139.6165,-4.0615],[139.6015,-4.0575],[139.5965,-4.051]]]},"properties":{"code":"95.06.05.2006","name":"Welarekpunu"}},{"type":"Feature","geometry":{"type":"Polygon","coordinates":[[[139.5715,-4.0015],[139.571,-4.0005],[139.5665,-3.989],[139.5665,-3.9865],[139.5665,-3.983],[139.566,-3.9805],[139.5645,-3.978],[139.5625,-3.976],[139.5605,-3.9765],[139.5605,-3.9735],[139.56,-3.9735],[139.5585,-3.9745],[139.553,-3.9755],[139.5555,-3.9785],[139.555,-3.981],[139.5495,-3.9845],[139.5455,-3.987],[139.5435,-3.9945],[139.544,-3.9985],[139.5455,-4],[139.555,-4.015],[139.557,-4.0295],[139.56,-4.029],[139.5755,-4.026],[139.5755,-4.0255],[139.5765,-4.025],[139.5815,-4.0155],[139.572,-4.002],[139.5715,-4.0015]]]},"properties":{"code":"95.06.05.2007","name":"Hindalimuhuk"}},{"type":"Feature","geometry":{"type":"Polygon","coordinates":[[[139.5455,-3.987],[139.543,-3.985],[139.542,-3.985],[139.536,-3.9905],[139.533,-3.989],[139.5285,-3.991],[139.5255,-3.992],[139.5225,-3.996],[139.5215,-3.997],[139.5215,-4.0165],[139.533,-4.021],[139.536,-4.0335],[139.5365,-4.0355],[139.538,-4.0365],[139.539,-4.036],[139.5445,-4.036],[139.5555,-4.03],[139.557,-4.0295],[139.555,-4.015],[139.5455,-4],[139.544,-3.9985],[139.5435,-3.9945],[139.5455,-3.987]]]},"properties":{"code":"95.06.05.2008","name":"Menepini"}},{"type":"Feature","geometry":{"type":"Polygon","coordinates":[[[139.4895,-4.0185],[139.488,-4.0185],[139.4805,-4.02],[139.479,-4.0195],[139.465,-4.0225],[139.452,-4.0395],[139.4615,-4.045],[139.4655,-4.046],[139.481,-4.049],[139.485,-4.0485],[139.486,-4.049],[139.4865,-4.0485],[139.488,-4.049],[139.492,-4.0475],[139.494,-4.0475],[139.4955,-4.046],[139.496,-4.044],[139.498,-4.041],[139.5,-4.034],[139.49,-4.0275],[139.4895,-4.0185]]]},"properties":{"code":"95.06.05.2009","name":"Soharam"}},{"type":"Feature","geometry":{"type":"Polygon","coordinates":[[[139.5215,-3.997],[139.519,-3.9985],[139.516,-4.002],[139.5155,-4.0025],[139.506,-4.025],[139.505,-4.028],[139.5045,-4.0285],[139.5025,-4.031],[139.5,-4.034],[139.498,-4.041],[139.496,-4.044],[139.4955,-4.046],[139.494,-4.0475],[139.492,-4.0475],[139.488,-4.049],[139.4865,-4.0485],[139.486,-4.0505],[139.4815,-4.059],[139.4805,-4.06],[139.4795,-4.061],[139.4775,-4.0595],[139.478,-4.0615],[139.4775,-4.0645],[139.477,-4.0655],[139.4745,-4.066],[139.4715,-4.0685],[139.471,-4.071],[139.47,-4.071],[139.4685,-4.0705],[139.468,-4.0715],[139.4675,-4.0745],[139.466,-4.0755],[139.463,-4.08],[139.462,-4.081],[139.4595,-4.083],[139.4595,-4.086],[139.4575,-4.09],[139.4525,-4.0935],[139.449,-4.095],[139.466,-4.1075],[139.5125,-4.055],[139.587,-4.075],[139.5665,-4.059],[139.5575,-4.0575],[139.5445,-4.0475],[139.533,-4.044],[139.5315,-4.0425],[139.529,-4.0415],[139.5285,-4.041],[139.529,-4.0395],[139.533,-4.0375],[139.534,-4.0375],[139.538,-4.0365],[139.5365,-4.0355],[139.536,-4.0335],[139.533,-4.021],[139.5215,-4.0165],[139.5215,-3.997]]]},"properties":{"code":"95.06.05.2010","name":"Kampol"}},{"type":"Feature","geometry":{"type":"Polygon","coordinates":[[[139.6385,-3.807],[139.6375,-3.807],[139.635,-3.8065],[139.6335,-3.8085],[139.624,-3.8075],[139.6165,-3.8085],[139.6115,-3.805],[139.611,-3.804],[139.6135,-3.8025],[139.6105,-3.8015],[139.6095,-3.802],[139.608,-3.8055],[139.606,-3.8055],[139.597,-3.8065],[139.5895,-3.817],[139.5755,-3.8175],[139.574,-3.817],[139.5725,-3.8175],[139.574,-3.818],[139.572,-3.8255],[139.561,-3.8305],[139.5455,-3.859],[139.5435,-3.8735],[139.5285,-3.8895],[139.531,-3.9075],[139.51,-3.913],[139.499,-3.912],[139.495,-3.912],[139.482,-3.917],[139.479,-3.9185],[139.4785,-3.933],[139.514,-3.9645],[139.5235,-3.969],[139.524,-3.9695],[139.524,-3.9675],[139.5245,-3.9605],[139.525,-3.9545],[139.5275,-3.9535],[139.528,-3.9535],[139.5505,-3.9625],[139.5515,-3.9625],[139.5545,-3.961],[139.5545,-3.9595],[139.555,-3.959],[139.5555,-3.958],[139.5645,-3.943],[139.579,-3.9365],[139.5895,-3.936],[139.59,-3.9345],[139.5895,-3.932],[139.593,-3.9285],[139.593,-3.927],[139.5945,-3.9215],[139.599,-3.9145],[139.599,-3.896],[139.621,-3.8635],[139.6255,-3.8535],[139.642,-3.838],[139.644,-3.834],[139.642,-3.8285],[139.639,-3.8215],[139.6385,-3.819],[139.638,-3.818],[139.638,-3.8175],[139.6375,-3.8145],[139.6355,-3.8115],[139.638,-3.8095],[139.6385,-3.807]]]},"properties":{"code":"95.06.05.2011","name":"Tahamak"}},{"type":"Feature","geometry":{"type":"Polygon","coordinates":[[[139.3225,-4.1395],[139.3205,-4.139],[139.3145,-4.1365],[139.3135,-4.1365],[139.311,-4.13],[139.31,-4.13],[139.304,-4.132],[139.298,-4.134],[139.295,-4.1345],[139.297,-4.1385],[139.2985,-4.1405],[139.3,-4.1435],[139.308,-4.15],[139.311,-4.1495],[139.312,-4.1495],[139.314,-4.1475],[139.3145,-4.147],[139.3185,-4.1425],[139.322,-4.1395],[139.3225,-4.1395]]]},"properties":{"code":"95.06.05.2012","name":"Punui"}},{"type":"Feature","geometry":{"type":"Polygon","coordinates":[[[139.5,-4.034],[139.5025,-4.031],[139.5045,-4.0285],[139.505,-4.028],[139.506,-4.025],[139.5155,-4.0025],[139.512,-4.003],[139.5075,-4.006],[139.5045,-4.0075],[139.4905,-4.018],[139.4895,-4.0185],[139.49,-4.0275],[139.5,-4.034]]]},"properties":{"code":"95.06.05.2013","name":"Sakam"}},{"type":"Feature","geometry":{"type":"Polygon","coordinates":[[[139.5895,-3.936],[139.579,-3.9365],[139.5645,-3.943],[139.5555,-3.958],[139.555,-3.959],[139.5545,-3.9595],[139.5545,-3.961],[139.5515,-3.9625],[139.5505,-3.9625],[139.528,-3.9535],[139.5275,-3.9535],[139.525,-3.9545],[139.5245,-3.9605],[139.524,-3.9675],[139.524,-3.9695],[139.5245,-3.97],[139.53,-3.979],[139.549,-3.979],[139.55,-3.9795],[139.554,-3.978],[139.553,-3.9755],[139.5585,-3.9745],[139.56,-3.9725],[139.573,-3.966],[139.573,-3.965],[139.572,-3.9625],[139.575,-3.9605],[139.576,-3.9585],[139.5785,-3.9575],[139.5805,-3.9595],[139.5815,-3.9595],[139.583,-3.956],[139.587,-3.9545],[139.589,-3.954],[139.589,-3.9525],[139.5865,-3.9525],[139.5845,-3.947],[139.5865,-3.9465],[139.5885,-3.938],[139.5895,-3.936]]]},"properties":{"code":"95.06.05.2014","name":"Sinahal"}},{"type":"Feature","geometry":{"type":"Polygon","coordinates":[[[139.479,-3.9185],[139.4765,-3.917],[139.47,-3.9145],[139.4665,-3.9155],[139.4595,-3.9305],[139.446,-3.9445],[139.4445,-3.945],[139.447,-3.953],[139.4515,-3.958],[139.4535,-3.9595],[139.4545,-3.96],[139.4565,-3.9605],[139.458,-3.96],[139.462,-3.9595],[139.4635,-3.9625],[139.464,-3.9635],[139.474,-3.9655],[139.473,-3.968],[139.4755,-3.971],[139.481,-3.972],[139.482,-3.973],[139.4835,-3.974],[139.485,-3.974],[139.4875,-3.976],[139.4885,-3.98],[139.488,-3.9815],[139.4895,-3.9815],[139.493,-3.981],[139.5,-3.983],[139.5005,-3.9845],[139.5045,-3.987],[139.506,-3.9885],[139.515,-3.993],[139.5155,-3.9945],[139.5165,-3.995],[139.5205,-3.9935],[139.5245,-3.9925],[139.5255,-3.992],[139.5285,-3.991],[139.533,-3.989],[139.536,-3.9905],[139.542,-3.985],[139.543,-3.985],[139.5455,-3.987],[139.5495,-3.9845],[139.555,-3.981],[139.5555,-3.9785],[139.554,-3.978],[139.55,-3.9795],[139.549,-3.979],[139.53,-3.979],[139.5245,-3.97],[139.5235,-3.969],[139.514,-3.9645],[139.4785,-3.933],[139.479,-3.9185]]]},"properties":{"code":"95.06.05.2015","name":"Samaria"}},{"type":"Feature","geometry":{"type":"Polygon","coordinates":[[[139.5245,-3.9925],[139.5205,-3.9935],[139.5165,-3.995],[139.5155,-3.9945],[139.515,-3.993],[139.506,-3.9885],[139.5055,-3.988],[139.504,-3.99],[139.502,-3.9905],[139.512,-4.003],[139.516,-4.002],[139.519,-3.9985],[139.5225,-3.996],[139.5245,-3.9925]]]},"properties":{"code":"95.06.05.2016","name":"Hamboik"}},{"type":"Feature","geometry":{"type":"Polygon","coordinates":[[[139.292,-4.081],[139.29,-4.08],[139.2795,-4.076],[139.2785,-4.075],[139.276,-4.0765],[139.274,-4.0885],[139.2785,-4.1065],[139.28,-4.105],[139.283,-4.105],[139.287,-4.1055],[139.2885,-4.106],[139.29,-4.0895],[139.292,-4.081]]]},"properties":{"code":"95.06.05.2017","name":"Mohobiye"}},{"type":"Feature","geometry":{"type":"Polygon","coordinates":[[[139.336,-4.0645],[139.335,-4.0605],[139.3315,-4.0545],[139.3295,-4.0515],[139.3285,-4.052],[139.3285,-4.0525],[139.3265,-4.053],[139.308,-4.0565],[139.305,-4.059],[139.3025,-4.059],[139.3,-4.058],[139.2925,-4.0525],[139.29,-4.071],[139.297,-4.0735],[139.321,-4.0715],[139.3225,-4.0715],[139.3235,-4.0705],[139.3345,-4.066],[139.336,-4.0645]]]},"properties":{"code":"95.06.05.2018","name":"Halialo"}},{"type":"Feature","geometry":{"type":"Polygon","coordinates":[[[139.3295,-4.012],[139.328,-4.0115],[139.3135,-4.004],[139.294,-4.0235],[139.282,-4.0345],[139.2795,-4.0365],[139.277,-4.038],[139.277,-4.0385],[139.278,-4.0395],[139.2785,-4.0405],[139.279,-4.042],[139.279,-4.045],[139.28,-4.0475],[139.2805,-4.052],[139.29,-4.071],[139.2925,-4.0525],[139.312,-4.0445],[139.3125,-4.0385],[139.3275,-4.0215],[139.329,-4.02],[139.3295,-4.012]]]},"properties":{"code":"95.06.05.2019","name":"Walingkapma"}},{"type":"Feature","geometry":{"type":"Polygon","coordinates":[[[139.3505,-4.0425],[139.3425,-4.0285],[139.3285,-4.021],[139.3275,-4.0215],[139.3125,-4.0385],[139.312,-4.0445],[139.2925,-4.0525],[139.3,-4.058],[139.3025,-4.059],[139.305,-4.059],[139.308,-4.0565],[139.3265,-4.053],[139.3285,-4.0525],[139.3285,-4.052],[139.3305,-4.051],[139.3415,-4.045],[139.343,-4.0445],[139.349,-4.0435],[139.3505,-4.0425]]]},"properties":{"code":"95.06.05.2020","name":"Kayalem"}},{"type":"Feature","geometry":{"type":"Polygon","coordinates":[[[139.427,-3.9875],[139.424,-3.9775],[139.411,-3.979],[139.407,-3.9785],[139.391,-3.9705],[139.3735,-3.969],[139.373,-3.972],[139.3735,-3.9725],[139.374,-3.973],[139.377,-3.9755],[139.3785,-3.9775],[139.397,-3.995],[139.401,-3.995],[139.41,-4.001],[139.4115,-4.001],[139.4125,-4.0015],[139.414,-4.002],[139.414,-4.0005],[139.415,-4],[139.4165,-3.998],[139.427,-3.9875]]]},"properties":{"code":"95.06.05.2021","name":"Seherek"}},{"type":"Feature","geometry":{"type":"Polygon","coordinates":[[[139.414,-4.002],[139.4125,-4.0015],[139.4115,-4.001],[139.41,-4.001],[139.401,-3.995],[139.397,-3.995],[139.3785,-3.9775],[139.377,-3.9755],[139.374,-3.973],[139.3735,-3.9725],[139.373,-3.972],[139.372,-3.9795],[139.3635,-3.987],[139.385,-3.994],[139.3885,-4.002],[139.393,-4.004],[139.396,-4.0105],[139.3995,-4.012],[139.3995,-4.013],[139.401,-4.0145],[139.401,-4.015],[139.403,-4.014],[139.413,-4.003],[139.414,-4.0025],[139.414,-4.002]]]},"properties":{"code":"95.06.05.2022","name":"Halisek"}},{"type":"Feature","geometry":{"type":"Polygon","coordinates":[[[139.4545,-4.0055],[139.4505,-3.9765],[139.4505,-3.977],[139.4435,-3.9815],[139.4415,-3.982],[139.438,-4.009],[139.439,-4.023],[139.4545,-4.0055]]]},"properties":{"code":"95.06.05.2023","name":"Wompoli"}},{"type":"Feature","geometry":{"type":"Polygon","coordinates":[[[139.3635,-3.987],[139.353,-3.983],[139.344,-3.997],[139.3435,-3.9995],[139.33,-4.0125],[139.3295,-4.012],[139.329,-4.02],[139.3285,-4.021],[139.3425,-4.0285],[139.3505,-4.0425],[139.352,-4.042],[139.3525,-4.042],[139.3545,-4.041],[139.368,-4.0355],[139.3695,-4.035],[139.37,-4.033],[139.373,-4.033],[139.376,-4.029],[139.3775,-4.027],[139.3795,-4.025],[139.381,-4.024],[139.3985,-4.0165],[139.399,-4.0165],[139.401,-4.015],[139.401,-4.0145],[139.3995,-4.013],[139.3995,-4.012],[139.396,-4.0105],[139.393,-4.004],[139.3885,-4.002],[139.385,-3.994],[139.3635,-3.987]]]},"properties":{"code":"95.06.05.2024","name":"Fikfak"}},{"type":"Feature","geometry":{"type":"Polygon","coordinates":[[[139.447,-3.953],[139.4405,-3.9445],[139.425,-3.9355],[139.4155,-3.9375],[139.3985,-3.917],[139.3985,-3.916],[139.3975,-3.918],[139.398,-3.9255],[139.3975,-3.9325],[139.396,-3.9345],[139.394,-3.9355],[139.3885,-3.934],[139.388,-3.942],[139.3845,-3.946],[139.3715,-3.956],[139.3725,-3.9635],[139.373,-3.9645],[139.374,-3.968],[139.3735,-3.969],[139.391,-3.9705],[139.407,-3.9785],[139.411,-3.979],[139.424,-3.9775],[139.427,-3.9875],[139.4275,-3.9875],[139.4415,-3.982],[139.4435,-3.9815],[139.4505,-3.977],[139.4525,-3.9745],[139.454,-3.973],[139.4565,-3.973],[139.46,-3.9715],[139.477,-3.972],[139.4755,-3.971],[139.473,-3.968],[139.474,-3.9655],[139.464,-3.9635],[139.4635,-3.9625],[139.462,-3.9595],[139.458,-3.96],[139.4565,-3.9605],[139.4545,-3.96],[139.4535,-3.9595],[139.4515,-3.958],[139.447,-3.953]]]},"properties":{"code":"95.06.05.2025","name":"Mohonu"}},{"type":"Feature","geometry":{"type":"Polygon","coordinates":[[[139.279,-4.044],[139.2785,-4.0405],[139.278,-4.0395],[139.277,-4.0385],[139.277,-4.038],[139.264,-4.045],[139.2475,-4.0595],[139.24,-4.0675],[139.242,-4.069],[139.2485,-4.07],[139.254,-4.076],[139.256,-4.0795],[139.2625,-4.0955],[139.2755,-4.106],[139.2775,-4.107],[139.2785,-4.1065],[139.274,-4.0885],[139.276,-4.0765],[139.2785,-4.075],[139.275,-4.07],[139.2675,-4.065],[139.274,-4.0505],[139.279,-4.044]]]},"properties":{"code":"95.06.05.2026","name":"Pikohofari"}},{"type":"Feature","geometry":{"type":"Polygon","coordinates":[[[139.439,-4.023],[139.438,-4.009],[139.4415,-3.982],[139.4275,-3.9875],[139.427,-3.9875],[139.4165,-3.998],[139.415,-4],[139.414,-4.0005],[139.414,-4.0025],[139.413,-4.003],[139.403,-4.014],[139.4005,-4.0155],[139.4015,-4.016],[139.4015,-4.017],[139.4005,-4.017],[139.4015,-4.018],[139.4005,-4.0205],[139.3975,-4.0435],[139.407,-4.0525],[139.423,-4.042],[139.439,-4.023]]]},"properties":{"code":"95.06.05.2027","name":"Feingkama"}},{"type":"Feature","geometry":{"type":"Polygon","coordinates":[[[139.406,-4.0515],[139.3975,-4.0435],[139.4005,-4.0205],[139.4015,-4.018],[139.4005,-4.017],[139.4015,-4.017],[139.4015,-4.016],[139.4005,-4.0155],[139.3985,-4.0165],[139.381,-4.024],[139.3795,-4.025],[139.3775,-4.027],[139.376,-4.029],[139.373,-4.033],[139.37,-4.033],[139.3695,-4.0345],[139.3705,-4.0365],[139.3705,-4.0375],[139.3595,-4.0575],[139.3425,-4.0585],[139.3365,-4.0645],[139.3345,-4.066],[139.3235,-4.0705],[139.3225,-4.0715],[139.321,-4.0725],[139.3205,-4.074],[139.3155,-4.0795],[139.313,-4.0815],[139.313,-4.083],[139.312,-4.0835],[139.319,-4.088],[139.328,-4.092],[139.3425,-4.0855],[139.3475,-4.0775],[139.349,-4.076],[139.364,-4.07],[139.365,-4.071],[139.366,-4.0715],[139.3685,-4.0705],[139.3855,-4.0635],[139.388,-4.0615],[139.3945,-4.0585],[139.397,-4.0575],[139.402,-4.054],[139.406,-4.0515]]]},"properties":{"code":"95.06.05.2028","name":"Holowi"}},{"type":"Feature","geometry":{"type":"Polygon","coordinates":[[[139.312,-4.0835],[139.311,-4.085],[139.296,-4.0845],[139.292,-4.081],[139.29,-4.0895],[139.2885,-4.106],[139.289,-4.1065],[139.31,-4.116],[139.3115,-4.116],[139.3195,-4.121],[139.3235,-4.113],[139.3235,-4.109],[139.321,-4.1015],[139.3135,-4.0845],[139.312,-4.0835]]]},"properties":{"code":"95.06.05.2029","name":"Poik"}},{"type":"Feature","geometry":{"type":"Polygon","coordinates":[[[139.663,-3.952],[139.6365,-3.946],[139.6195,-3.937],[139.6185,-3.899],[139.6185,-3.898],[139.619,-3.8975],[139.6225,-3.8965],[139.64,-3.877],[139.6405,-3.877],[139.6415,-3.8755],[139.6395,-3.8725],[139.646,-3.845],[139.642,-3.838],[139.6255,-3.8535],[139.621,-3.8635],[139.599,-3.896],[139.599,-3.9145],[139.5945,-3.9215],[139.593,-3.927],[139.593,-3.9285],[139.5895,-3.932],[139.59,-3.9345],[139.5885,-3.938],[139.5865,-3.9465],[139.5845,-3.947],[139.5865,-3.9525],[139.589,-3.9525],[139.5895,-3.953],[139.5895,-3.9535],[139.591,-3.952],[139.608,-3.9635],[139.6205,-3.9655],[139.624,-3.9675],[139.6265,-3.9715],[139.627,-3.9725],[139.628,-3.973],[139.6285,-3.975],[139.6295,-3.975],[139.6325,-3.976],[139.6335,-3.979],[139.6385,-3.9815],[139.641,-3.9815],[139.643,-3.9815],[139.6435,-3.981],[139.6575,-3.981],[139.6585,-3.979],[139.658,-3.9785],[139.658,-3.975],[139.6565,-3.975],[139.663,-3.952]]]},"properties":{"code":"95.06.05.2030","name":"Koum"}},{"type":"Feature","geometry":{"type":"Polygon","coordinates":[[[139.643,-3.9815],[139.641,-3.9815],[139.6385,-3.9815],[139.6335,-3.979],[139.6325,-3.976],[139.6295,-3.975],[139.6285,-3.975],[139.628,-3.973],[139.627,-3.9725],[139.6265,-3.9715],[139.624,-3.9675],[139.6205,-3.9655],[139.608,-3.9635],[139.591,-3.952],[139.5895,-3.9535],[139.5895,-3.953],[139.589,-3.954],[139.587,-3.9545],[139.583,-3.956],[139.5815,-3.9595],[139.581,-3.9595],[139.582,-3.972],[139.597,-3.982],[139.6115,-3.985],[139.6245,-3.9945],[139.626,-4],[139.632,-4.0055],[139.6355,-4.0075],[139.6375,-4.009],[139.64,-4.0055],[139.6415,-3.9825],[139.643,-3.9815]]]},"properties":{"code":"95.06.05.2031","name":"Hobut"}},{"type":"Feature","geometry":{"type":"Polygon","coordinates":[[[139.5295,-3.781],[139.5275,-3.7805],[139.526,-3.7815],[139.5245,-3.784],[139.516,-3.789],[139.514,-3.799],[139.513,-3.7995],[139.511,-3.7985],[139.5105,-3.798],[139.5095,-3.799],[139.5085,-3.803],[139.506,-3.8055],[139.5035,-3.8085],[139.5005,-3.8115],[139.499,-3.8135],[139.498,-3.8165],[139.5045,-3.829],[139.505,-3.831],[139.4985,-3.8345],[139.4945,-3.833],[139.4895,-3.8295],[139.487,-3.8295],[139.4825,-3.833],[139.48,-3.8365],[139.4795,-3.8375],[139.478,-3.8385],[139.475,-3.8435],[139.4725,-3.85],[139.471,-3.851],[139.472,-3.86],[139.481,-3.87],[139.4905,-3.888],[139.4955,-3.912],[139.499,-3.912],[139.51,-3.913],[139.531,-3.9075],[139.5285,-3.8895],[139.519,-3.8665],[139.519,-3.8645],[139.5235,-3.8605],[139.5275,-3.8365],[139.5225,-3.835],[139.528,-3.816],[139.529,-3.7915],[139.529,-3.79],[139.528,-3.7875],[139.5285,-3.782],[139.5295,-3.781]]]},"properties":{"code":"95.06.05.2032","name":"Mondek"}},{"type":"Feature","geometry":{"type":"Polygon","coordinates":[[[139.581,-3.9595],[139.5805,-3.9595],[139.5785,-3.9575],[139.576,-3.9585],[139.575,-3.9605],[139.575,-3.961],[139.575,-3.9625],[139.576,-3.9635],[139.576,-3.9655],[139.577,-3.969],[139.5755,-3.969],[139.572,-3.972],[139.571,-3.9725],[139.571,-3.9745],[139.573,-3.9765],[139.5805,-3.9845],[139.581,-3.9955],[139.5855,-3.997],[139.5875,-3.999],[139.5895,-3.9995],[139.5905,-4.0005],[139.5925,-3.9995],[139.6165,-4.0075],[139.6335,-4.018],[139.634,-4.0175],[139.6335,-4.0125],[139.6375,-4.009],[139.6355,-4.0075],[139.632,-4.0055],[139.626,-4],[139.6245,-3.9945],[139.6115,-3.985],[139.597,-3.982],[139.582,-3.972],[139.581,-3.9595]]]},"properties":{"code":"95.06.05.2033","name":"Mamion"}},{"type":"Feature","geometry":{"type":"Polygon","coordinates":[[[139.5905,-4.0005],[139.5895,-3.9995],[139.5875,-3.999],[139.5855,-3.997],[139.581,-3.9955],[139.5805,-3.9845],[139.573,-3.9765],[139.571,-3.9745],[139.571,-3.9725],[139.572,-3.972],[139.5755,-3.969],[139.577,-3.969],[139.576,-3.9655],[139.576,-3.9635],[139.575,-3.9625],[139.575,-3.961],[139.575,-3.9605],[139.572,-3.9625],[139.573,-3.965],[139.573,-3.966],[139.56,-3.9725],[139.56,-3.9735],[139.5605,-3.9735],[139.5605,-3.9765],[139.5625,-3.976],[139.5645,-3.978],[139.566,-3.9805],[139.5665,-3.983],[139.5665,-3.9865],[139.5665,-3.989],[139.571,-4.0005],[139.5715,-4.0015],[139.573,-4.001],[139.5835,-4.001],[139.585,-3.9985],[139.5865,-3.9985],[139.5875,-3.999],[139.5895,-4],[139.5905,-4.0005]]]},"properties":{"code":"95.06.05.2034","name":"Selek"}},{"type":"Feature","geometry":{"type":"Polygon","coordinates":[[[139.676,-3.817],[139.66,-3.8235],[139.655,-3.811],[139.6415,-3.807],[139.6385,-3.807],[139.638,-3.8095],[139.6355,-3.8115],[139.6375,-3.8145],[139.638,-3.8175],[139.638,-3.818],[139.6385,-3.819],[139.639,-3.8215],[139.642,-3.8285],[139.644,-3.834],[139.642,-3.838],[139.646,-3.845],[139.6395,-3.8725],[139.6415,-3.8755],[139.6405,-3.877],[139.64,-3.877],[139.6225,-3.8965],[139.619,-3.8975],[139.6185,-3.898],[139.6185,-3.899],[139.6195,-3.937],[139.6365,-3.946],[139.663,-3.952],[139.663,-3.9495],[139.6665,-3.929],[139.672,-3.9275],[139.6715,-3.925],[139.6705,-3.9205],[139.6715,-3.9205],[139.6915,-3.906],[139.6925,-3.9045],[139.6905,-3.899],[139.6915,-3.8975],[139.694,-3.897],[139.6945,-3.896],[139.693,-3.8945],[139.693,-3.893],[139.6945,-3.892],[139.6955,-3.8915],[139.6945,-3.891],[139.695,-3.8895],[139.6945,-3.8875],[139.691,-3.872],[139.682,-3.8595],[139.6875,-3.849],[139.6805,-3.824],[139.676,-3.82],[139.6765,-3.817],[139.676,-3.817]]]},"properties":{"code":"95.06.05.2035","name":"Ambiliki"}},{"type":"Feature","geometry":{"type":"Polygon","coordinates":[[[139.473,-4.0085],[139.4545,-4.0055],[139.439,-4.023],[139.423,-4.042],[139.4215,-4.043],[139.423,-4.0435],[139.4245,-4.046],[139.4275,-4.047],[139.4355,-4.0465],[139.437,-4.0455],[139.452,-4.0395],[139.465,-4.0225],[139.479,-4.0195],[139.4805,-4.02],[139.488,-4.0185],[139.4845,-4.015],[139.473,-4.0085]]]},"properties":{"code":"95.06.05.2036","name":"Ubalihi"}},{"type":"Feature","geometry":{"type":"Polygon","coordinates":[[[139.4365,-4.0465],[139.4355,-4.0465],[139.4275,-4.047],[139.4245,-4.046],[139.423,-4.0435],[139.4215,-4.043],[139.414,-4.048],[139.413,-4.05],[139.413,-4.0535],[139.425,-4.0545],[139.4355,-4.069],[139.4365,-4.07],[139.438,-4.07],[139.463,-4.08],[139.466,-4.0755],[139.4675,-4.0745],[139.468,-4.0715],[139.4685,-4.0705],[139.4695,-4.071],[139.469,-4.07],[139.467,-4.0695],[139.4655,-4.068],[139.458,-4.068],[139.441,-4.0555],[139.4365,-4.0465]]]},"properties":{"code":"95.06.05.2037","name":"Salema"}},{"type":"Feature","geometry":{"type":"Polygon","coordinates":[[[139.464,-4.0455],[139.4615,-4.045],[139.452,-4.0395],[139.437,-4.0455],[139.4365,-4.0465],[139.441,-4.0555],[139.459,-4.0565],[139.464,-4.0455]]]},"properties":{"code":"95.06.05.2038","name":"Selebi"}},{"type":"Feature","geometry":{"type":"Polygon","coordinates":[[[139.426,-4.1045],[139.4075,-4.085],[139.3875,-4.0895],[139.38,-4.0945],[139.4035,-4.1055],[139.3995,-4.112],[139.3995,-4.114],[139.401,-4.115],[139.4015,-4.1145],[139.402,-4.1135],[139.4145,-4.107],[139.4175,-4.105],[139.4215,-4.1055],[139.4245,-4.1045],[139.426,-4.1045]]]},"properties":{"code":"95.06.05.2039","name":"Langam"}},{"type":"Feature","geometry":{"type":"Polygon","coordinates":[[[139.459,-4.0565],[139.441,-4.0555],[139.458,-4.068],[139.4655,-4.068],[139.467,-4.0695],[139.469,-4.07],[139.4695,-4.071],[139.47,-4.071],[139.471,-4.071],[139.4715,-4.0685],[139.4745,-4.066],[139.477,-4.0655],[139.4775,-4.0645],[139.478,-4.0615],[139.4775,-4.06],[139.459,-4.0565]]]},"properties":{"code":"95.06.05.2040","name":"Pami"}},{"type":"Feature","geometry":{"type":"Polygon","coordinates":[[[139.4355,-4.069],[139.4325,-4.069],[139.4305,-4.071],[139.4305,-4.073],[139.4305,-4.074],[139.429,-4.075],[139.449,-4.095],[139.4525,-4.0935],[139.4575,-4.09],[139.4595,-4.086],[139.4595,-4.083],[139.462,-4.081],[139.463,-4.08],[139.438,-4.07],[139.4365,-4.07],[139.4355,-4.069]]]},"properties":{"code":"95.06.05.2041","name":"Pirang"}},{"type":"Feature","geometry":{"type":"Polygon","coordinates":[[[139.3195,-4.121],[139.3115,-4.116],[139.3105,-4.116],[139.303,-4.132],[139.304,-4.132],[139.31,-4.13],[139.3115,-4.1295],[139.3125,-4.1285],[139.313,-4.1285],[139.3195,-4.121]]]},"properties":{"code":"95.06.05.2042","name":"Poholanggen"}},{"type":"Feature","geometry":{"type":"Polygon","coordinates":[[[139.6095,-3.802],[139.609,-3.802],[139.607,-3.8005],[139.6055,-3.7995],[139.5885,-3.79],[139.5815,-3.78],[139.566,-3.772],[139.5635,-3.772],[139.5585,-3.763],[139.5365,-3.762],[139.5275,-3.753],[139.5255,-3.7535],[139.5245,-3.7545],[139.5235,-3.7565],[139.5245,-3.765],[139.525,-3.7655],[139.5285,-3.771],[139.5295,-3.7735],[139.531,-3.775],[139.5295,-3.781],[139.5285,-3.782],[139.528,-3.7875],[139.529,-3.79],[139.529,-3.7915],[139.528,-3.816],[139.5225,-3.835],[139.5275,-3.8365],[139.5235,-3.8605],[139.519,-3.8645],[139.519,-3.8665],[139.5285,-3.8895],[139.5435,-3.8735],[139.5455,-3.859],[139.561,-3.8305],[139.572,-3.8255],[139.574,-3.818],[139.5725,-3.8175],[139.574,-3.817],[139.5755,-3.8175],[139.5895,-3.817],[139.597,-3.8065],[139.606,-3.8055],[139.608,-3.8055],[139.6095,-3.802]]]},"properties":{"code":"95.06.05.2043","name":"Nangkulamulan"}},{"type":"Feature","geometry":{"type":"Polygon","coordinates":[[[139.2705,-4.171],[139.258,-4.168],[139.255,-4.168],[139.253,-4.17],[139.2515,-4.1715],[139.25,-4.1755],[139.249,-4.177],[139.253,-4.1975],[139.265,-4.184],[139.27,-4.172],[139.2705,-4.171]]]},"properties":{"code":"95.06.05.2044","name":"Irarek"}},{"type":"Feature","geometry":{"type":"Polygon","coordinates":[[[139.289,-4.16],[139.2665,-4.1605],[139.265,-4.1615],[139.2715,-4.1695],[139.2755,-4.168],[139.277,-4.1655],[139.2785,-4.1645],[139.282,-4.163],[139.2845,-4.162],[139.2875,-4.1615],[139.289,-4.16]]]},"properties":{"code":"95.06.05.2045","name":"Ampolongsili"}},{"type":"Feature","geometry":{"type":"Polygon","coordinates":[[[139.486,-4.049],[139.485,-4.0485],[139.481,-4.049],[139.4655,-4.046],[139.464,-4.0455],[139.459,-4.0565],[139.4775,-4.06],[139.4775,-4.0595],[139.4795,-4.061],[139.4805,-4.06],[139.4815,-4.059],[139.486,-4.0505],[139.486,-4.049]]]},"properties":{"code":"95.06.05.2046","name":"Sumtan"}},{"type":"Feature","geometry":{"type":"Polygon","coordinates":[[[139.253,-4.1975],[139.249,-4.177],[139.2455,-4.181],[139.244,-4.182],[139.239,-4.1845],[139.2335,-4.2005],[139.24,-4.2015],[139.244,-4.2045],[139.253,-4.1975]]]},"properties":{"code":"95.06.05.2047","name":"Ulum"}},{"type":"Feature","geometry":{"type":"Polygon","coordinates":[[[139.246,-4.18],[139.243,-4.1785],[139.239,-4.18],[139.238,-4.18],[139.2355,-4.179],[139.2345,-4.1805],[139.2325,-4.182],[139.237,-4.185],[139.232,-4.189],[139.2295,-4.192],[139.231,-4.192],[139.239,-4.1845],[139.244,-4.182],[139.246,-4.18]]]},"properties":{"code":"95.06.05.2048","name":"Kayo"}},{"type":"Feature","geometry":{"type":"Polygon","coordinates":[[[139.309,-4.151],[139.308,-4.15],[139.3,-4.1435],[139.2985,-4.1405],[139.297,-4.1385],[139.295,-4.1345],[139.2885,-4.1365],[139.2795,-4.1365],[139.2845,-4.145],[139.286,-4.147],[139.292,-4.154],[139.3015,-4.154],[139.3035,-4.1525],[139.309,-4.151]]]},"properties":{"code":"95.06.05.2049","name":"Panal"}},{"type":"Feature","geometry":{"type":"Polygon","coordinates":[[[139.2495,-4.134],[139.229,-4.1235],[139.228,-4.123],[139.2195,-4.123],[139.22,-4.124],[139.2205,-4.1305],[139.218,-4.1315],[139.219,-4.1335],[139.2195,-4.135],[139.2205,-4.136],[139.2205,-4.1375],[139.2245,-4.1415],[139.2435,-4.1505],[139.2455,-4.1515],[139.2465,-4.153],[139.247,-4.154],[139.253,-4.156],[139.2645,-4.162],[139.2665,-4.1605],[139.289,-4.16],[139.2905,-4.159],[139.292,-4.1595],[139.294,-4.159],[139.2945,-4.157],[139.292,-4.154],[139.286,-4.147],[139.2845,-4.145],[139.2795,-4.1365],[139.278,-4.1365],[139.2495,-4.134]]]},"properties":{"code":"95.06.05.2050","name":"Hilariki"}},{"type":"Feature","geometry":{"type":"Polygon","coordinates":[[[139.4355,-4.069],[139.425,-4.0545],[139.413,-4.0535],[139.413,-4.05],[139.414,-4.048],[139.407,-4.0525],[139.406,-4.0515],[139.402,-4.054],[139.397,-4.0575],[139.396,-4.058],[139.3965,-4.058],[139.397,-4.058],[139.3985,-4.06],[139.399,-4.062],[139.417,-4.075],[139.419,-4.078],[139.4235,-4.08],[139.4275,-4.077],[139.429,-4.0745],[139.4305,-4.074],[139.4305,-4.073],[139.4305,-4.071],[139.4325,-4.069],[139.4355,-4.069]]]},"properties":{"code":"95.06.05.2051","name":"Tinmuhuk"}},{"type":"Feature","geometry":{"type":"Polygon","coordinates":[[[139.2335,-4.2005],[139.239,-4.1845],[139.231,-4.192],[139.2295,-4.192],[139.2235,-4.1945],[139.2255,-4.1965],[139.2295,-4.1995],[139.2295,-4.2005],[139.2295,-4.201],[139.2305,-4.2015],[139.232,-4.2015],[139.2335,-4.2005]]]},"properties":{"code":"95.06.05.2052","name":"Yahamer"}},{"type":"Feature","geometry":{"type":"Polygon","coordinates":[[[139.2785,-4.1065],[139.2775,-4.107],[139.2755,-4.106],[139.2625,-4.0955],[139.256,-4.0795],[139.254,-4.076],[139.2485,-4.07],[139.242,-4.069],[139.24,-4.0675],[139.232,-4.0755],[139.214,-4.0855],[139.2335,-4.1085],[139.237,-4.114],[139.2375,-4.1145],[139.2405,-4.115],[139.2525,-4.111],[139.2555,-4.111],[139.267,-4.122],[139.2775,-4.122],[139.2795,-4.121],[139.2885,-4.119],[139.29,-4.118],[139.3005,-4.1245],[139.3,-4.1335],[139.303,-4.132],[139.3105,-4.116],[139.31,-4.116],[139.289,-4.1065],[139.287,-4.1055],[139.283,-4.105],[139.28,-4.105],[139.2785,-4.1065]]]},"properties":{"code":"95.06.05.2053","name":"Helebol"}},{"type":"Feature","geometry":{"type":"Polygon","coordinates":[[[139.33,-4.093],[139.328,-4.092],[139.321,-4.1015],[139.3235,-4.109],[139.3235,-4.113],[139.3195,-4.121],[139.313,-4.1285],[139.312,-4.1295],[139.3275,-4.1385],[139.3315,-4.138],[139.3575,-4.1335],[139.3585,-4.1295],[139.358,-4.1265],[139.3585,-4.125],[139.3575,-4.1245],[139.3545,-4.1235],[139.353,-4.1245],[139.333,-4.1245],[139.334,-4.1135],[139.33,-4.093]]]},"properties":{"code":"95.06.05.2054","name":"Silfal"}},{"type":"Feature","geometry":{"type":"Polygon","coordinates":[[[139.4235,-4.08],[139.419,-4.078],[139.417,-4.075],[139.399,-4.062],[139.3985,-4.06],[139.397,-4.058],[139.3965,-4.058],[139.396,-4.058],[139.3945,-4.0585],[139.388,-4.0615],[139.386,-4.0635],[139.3955,-4.078],[139.3875,-4.0895],[139.4075,-4.085],[139.426,-4.1045],[139.4265,-4.1045],[139.4325,-4.104],[139.4355,-4.1045],[139.4425,-4.099],[139.4415,-4.096],[139.4365,-4.0945],[139.4235,-4.08]]]},"properties":{"code":"95.06.05.2055","name":"Sukalimi"}},{"type":"Feature","geometry":{"type":"Polygon","coordinates":[[[139.3,-4.1335],[139.3005,-4.1245],[139.29,-4.118],[139.286,-4.1215],[139.2885,-4.1365],[139.296,-4.1345],[139.298,-4.134],[139.3,-4.1335]]]},"properties":{"code":"95.06.05.2056","name":"Nohonil"}},{"type":"Feature","geometry":{"type":"Polygon","coordinates":[[[139.249,-4.1685],[139.245,-4.1695],[139.241,-4.168],[139.2385,-4.1685],[139.236,-4.171],[139.235,-4.1725],[139.2295,-4.176],[139.223,-4.1765],[139.2195,-4.1795],[139.217,-4.1795],[139.214,-4.1795],[139.213,-4.181],[139.2085,-4.1835],[139.213,-4.191],[139.2145,-4.1905],[139.216,-4.1925],[139.2175,-4.1925],[139.2185,-4.1905],[139.2285,-4.1885],[139.2325,-4.1825],[139.2345,-4.1805],[139.239,-4.175],[139.2415,-4.1725],[139.2475,-4.17],[139.249,-4.1685]]]},"properties":{"code":"95.06.05.2057","name":"Lasik"}},{"type":"Feature","geometry":{"type":"Polygon","coordinates":[[[139.255,-4.111],[139.2525,-4.111],[139.2405,-4.115],[139.2375,-4.1145],[139.237,-4.114],[139.2335,-4.1085],[139.214,-4.0855],[139.206,-4.0885],[139.206,-4.0905],[139.2095,-4.0935],[139.212,-4.0975],[139.2135,-4.103],[139.2155,-4.105],[139.212,-4.1115],[139.2125,-4.114],[139.2165,-4.119],[139.2195,-4.123],[139.228,-4.123],[139.229,-4.1235],[139.2495,-4.134],[139.2525,-4.123],[139.255,-4.1115],[139.255,-4.111]]]},"properties":{"code":"95.06.05.2058","name":"Panalulun"}},{"type":"Feature","geometry":{"type":"Polygon","coordinates":[[[139.255,-4.168],[139.2515,-4.168],[139.249,-4.1685],[139.2475,-4.17],[139.2415,-4.1725],[139.239,-4.175],[139.2355,-4.179],[139.238,-4.18],[139.239,-4.18],[139.243,-4.1785],[139.246,-4.18],[139.25,-4.1755],[139.2515,-4.1715],[139.253,-4.17],[139.255,-4.168]]]},"properties":{"code":"95.06.05.2059","name":"Wasupahik"}},{"type":"Feature","geometry":{"type":"Polygon","coordinates":[[[139.2295,-4.192],[139.232,-4.189],[139.237,-4.185],[139.2325,-4.182],[139.2325,-4.1825],[139.2285,-4.1885],[139.2185,-4.1905],[139.2175,-4.1925],[139.22,-4.1925],[139.222,-4.192],[139.2225,-4.1925],[139.2235,-4.1945],[139.2295,-4.192]]]},"properties":{"code":"95.06.05.2060","name":"Folongsili"}},{"type":"Feature","geometry":{"type":"Polygon","coordinates":[[[139.2325,-4.1695],[139.2105,-4.1665],[139.2105,-4.167],[139.2155,-4.1775],[139.214,-4.1795],[139.217,-4.1795],[139.2195,-4.1795],[139.223,-4.1765],[139.2295,-4.176],[139.235,-4.1725],[139.236,-4.171],[139.2385,-4.1685],[139.2345,-4.1695],[139.2325,-4.1695]]]},"properties":{"code":"95.06.05.2061","name":"Amuluk"}}]}